Version 1
FontName Roboto Regular 20
MaxWidth 38
MaxHeight 26
BaselineX 15
BaselineY 21
LineHeight 23
Flags 2
RandomSeed 0
DictEntry 0 0 0000000000000000000000000000000000
DictEntry 0 0 0000000000000000000000000000000000000000000000000000000000000000000000000000000000000000000000000000000000000000000000000000000000000000000000000000000000000000000000000000000000000000000000000000000000000000000000
DictEntry 0 0 0000000000000000000000000000000
DictEntry 0 0 000000000000000000
DictEntry 0 0 000000000000000000000000000000000000000000000000000000000000000000000000000000000000000000000000000000000000000000000000000000000000000000000000000000000
DictEntry 0 0 0000000000000000000000000000000000000000000000000000000000000000000000000000000000000000000
DictEntry 0 0 0000000000000000000000000000000000000000000000000000000000000000000000000000000000000000000000000000000000000000
DictEntry 0 0 000000000000000000000000000
DictEntry 0 0 0000000000000000000000000000000000000000000000000000000000000000000000000000000000000000000000000000000000000000000000000000000000
DictEntry 0 0 000000000000000000000000000000000000000000000000000000000000000000000000000000000
DictEntry 0 0 000000000000000000000000000000000000000000000000000000000000000000000
DictEntry 0 0 00000000000000000000000000000000000000000000000000000000000000000000000000000000000000000000000000000000000000
DictEntry 0 0 00000000
DictEntry 0 0 000000000000000
DictEntry 0 0 0000000000000000000000000000000000000000000000000000000000000000
DictEntry 0 0 0000000000000000000000
DictEntry 0 0 0000
DictEntry 0 0 0000000000000000000
DictEntry 0 0 000000000000000000000000000000000000000000000000000000000000000000
DictEntry 0 0 000000000000000000000000000000
DictEntry 0 0 0000000000000000000000000000000000000000000000000000000000000000000000
DictEntry 0 0 00000000000000000000000
DictEntry 0 0 00000000000000000000000000000000000000000000000000000000000000000000000000000000000000000000000000000000000000000000000000000000000000000000000000000000000000000000000000000000000000000000000000000000000000000000000000000000000000000000000000000000000000000000000000000000000000000000000000000000000000000000000000000000000
DictEntry 0 0 00000000000000000000000000000000000000000000000000000000000000000000000000000000000000000000000000000000000000000000
DictEntry 0 0 000000
DictEntry 0 0 00000000000000000000000000000000000000000000000000000000000000000000000000000000000000000000000000000000000000000000000000000
DictEntry 0 0 00000000000000000000000000000000
DictEntry 0 0 000000000000000000000000000000000000000000000000000
DictEntry 0 0 0000000000000000000000000000000000000
DictEntry 0 0 0000000000000000000000000000000000000000000000000000000000000000000000000000000000000000000000000000000000000000000000000000000000000
DictEntry 0 0 00000000000000
DictEntry 0 0 0000000000000000000000000000000000000000000000000000000000000000000000000000000000000000
DictEntry 0 0 00000000000000000000000000000000000000000000000000000000000000000000000000000000000000000000000000000000000000000000000000000000000000000000000000000000000000000000000000000000000000000000000000000000000000000
DictEntry 0 0 00000000000000000000000000000000000000000000000000000000000000000000000000000000000000000000000000000000000000000000000000
DictEntry 0 0 0000000000000000000000000000000000000000000000000000000000000000000000000000000000000
DictEntry 0 0 0000000000000000000000000
DictEntry 0 0 00000000000000000000000000000000000000000000000000000000000000000000000000000000000000000000000000000000000000000000000000000000000000000
DictEntry 0 0 00000000000000000000000000000000000000000000000000000000000000000000000000000000000000000000000000000000000000000000000000000000000000000000000000000000000000000000000000000000000000000000000000000000000000000000000000000000000000000000000000000000000000000000000000000000000000000000000000000000000000000000000000000000000000000000000000000000000000000000000000000000000000000000000000000000000000000000000000000000000000000000000000000000000000000000000000000000000000000000000000000000000000000000000000000000000000000000000000000000000000000000000000000000000000000000000000000000000000000000000000000
DictEntry 0 0 0000000000000000000000000000000000000000000000000000000000000000000000000000000000000000000000000
DictEntry 0 0 000000000000000000000000000000000000000000000000000000000000000000000000000000000000000000000000000000000000000000000000000000000000000000000000000000000000000
DictEntry 0 0 00000000000000000000
DictEntry 0 0 00000000000000000000000000000000000000000000000000000000000000000000000000000000000000000000000000000000
DictEntry 0 0 000000000000000000000000000000000000000000000000000000000000000000000000000000000000000000000000000000000000000000000000000000000000000000000000000000000000000000000000000000000000000000000000000000000000000000000000000000000000000000000000000000000000000000000000000000000000000000000000000000000000000000000000000000000000
DictEntry 0 0 0000000000000000000000000000000000000000
DictEntry 0 0 00000000000000000000000000000000000000000000000000000000000000000000000000000000000000000000000000000000000000000000000000000000000000000000000000000000000000000000000000000000000000000000000000000000000000000000000000000000000000000000000000000000000000000000000000000000000000000000000000000000000000000000000000000000000000000000000000000000000000000000000000000
DictEntry 0 0 00000000000000000000000000000000000000000000000000000000000000000000000000000000000000000000000000000
DictEntry 0 0 00000000000000000000000000000000000000000000000000000000000000000000000000000000000000
DictEntry 0 0 0000000000000000000000000000
DictEntry 0 0 00
DictEntry 0 0 0000000000000000000000000000000000000000000000000000000000
DictEntry 0 0 00000000000
DictEntry 0 0 000000000000000000000000000000000000
DictEntry 0 0 000000000000000000000000000000000000000000000000000000000000000000000000000000000000000000000000000000000000000000000000000000000000000000000000000000000000000000000000000000000000000000000000000000000000000000000000000000000000000000000000000000000000000000000000000000000
DictEntry 0 0 000000000000000000000000000000000000000000000000000000000000000000000000000000000000000000000000000
DictEntry 0 0 00000000000000000000000000000000000000000000000000000000000000000000000000000000
DictEntry 0 0 00000000000000000000000000000000000000000000000000000000000000000000000000000000000000000000000000000000000000000000000000000000000000000000000000000000000000000000000000000000000000000000000000000000000000000000000000000
DictEntry 0 0 000000000000000000000000000000000000000000000000000000000000000000000000000000000000000000000000000000000000000000000000000000000000000000000000000000000000000000000000000000000000000000000000000
DictEntry 0 0 00000000000000000000000000000000000000000000000000
DictEntry 0 0 00000000000000000000000000
DictEntry 0 0 0000000
DictEntry 0 0 000000000000000000000000000000000000000000000000000000000000000000000000000000000000000000000000000000000000000000000000000000000000000000000000
DictEntry 0 0 0000000000000000000000000000000000000000000000000
DictEntry 0 0 0000000000000000000000000000000000000000000
DictEntry 0 0 00000000000000000000000000000000000000000000000000000000000000000000000000000000000000000000000000000000000000000000000000000000000000000000000000000000000000000000000000000000000000000000000000000000000000000000000000000000000000000000000000000000000000000000000000000000000000000000000000000000000000
DictEntry 0 0 0000000000000000000000000000000000000000000000000000000000000000000
DictEntry 0 0 000000000000000000000
DictEntry 0 0 000000000000000000000000000000000000000
DictEntry 0 0 00000000000000000000000000000000000000000000000000000000000000
DictEntry 0 0 00000000000000000000000000000000000000000000000000000000000000000000000000000000000000000000000000000000000000000000000000000000
DictEntry 0 0 0000000000
DictEntry 0 0 000000000000000000000000000000000000000000000000000000000000000000000000000000000000000000000000000000000000000000000000000000000000000000000
DictEntry 0 0 00000000000000000000000000000000000000000000000000000000000000000000000000000000000000000000
DictEntry 0 0 00000
DictEntry 0 0 000000000000000000000000000000000000000000000000000000000000000000000000000000000000000000000000000000000000000000000000
DictEntry 0 0 000000000000000000000000000000000000000000000000000000000000000000000000000000000000000000000000000000000000000000
DictEntry 0 0 000000000000000000000000000000000000000000000000000000000000000000000000000
DictEntry 0 0 000000000000000000000000000000000000000000000000000000000000000000000000000000000000000000
DictEntry 0 0 000000000000000000000000000000000000000000000000000000000000000000000000000000000000000000000000000000000000000000000000000000000000000000000000000000000000000000000000000000000000000000000000000000000000000
DictEntry 0 0 0000000000000000000000000000000000000000000000000000000000000000000000000000000000000000000000000000000000000000000000000000000000000000000000000000000000000000000000000000000000000000
DictEntry 0 0 00000000000000000000000000000000000000000000000000000000000000000000000000000000000000000000000000000000000000000000000000000000000
DictEntry 0 0 0000000000000000000000000000000000000000000000000000000000000000000000000000000000000000000000000000000000000000000000000000000000000000000000000000000000000000000000000000000000000000000000000000000000
DictEntry 0 0 00000000000000000000000000000000000000000000000000000000000000000000000000000000000000000000000000000000000000000000000000000000000000000000000000000000000000000000000
DictEntry 0 0 00000000000000000000000000000000000000000000000000000000000
DictEntry 0 0 000000000000000000000000000000000000000000000
DictEntry 0 0 0000000000000000000000000000000000000000000000000000000000000000000000000000000000000000000000000000000
DictEntry 0 0 0000000000000000000000000000000000000000000000000000000000000000000000000000000000000000000000000000000000000000000000000000000000000000000000000000000000000000000000000000000000000000000000000000000000000000000000000000000000000000000000000000000000000000000000000000000000000000000000000000000000000000000000000000000000000000000000000000000000000000000000000000000000000000000000000000000000000000000000000000000000000000000000000000000000000000000000000000000000000000000000000000000000000000000000000000000000000000000000000000000000000000000000000000000000000000000000000000000000000000000000000000000000000000000000000000000000000000000000000000000000000000000000000000000000000000000000000000000000000000000000000000000000000000000000000000000000000000000000000000000000000000000000000000000000000000000000000000000000000000000000000000000000000000000000000000000000000
DictEntry 0 0 0000000000000000000000000000000000000000000000000000000000000000000000000000000000000000000000000000000000000000000000000000000000000000000000000000000000000000000000000000000000000000000000000000000000000000000000000000000000000000000000000000000000000000000000000000000000000000000000000000000000000000000000000000000000000000000000000000000000000000000000000000000000000000000000000000000000000000000000000000000000000000000000000000000000000000000000000000000000000000000000000000000000000000000000000000000000000000000000000000000000000000000000000000000000000000000000000
DictEntry 0 0 00000000000000000000000000000000000000000000000000000000000000000000000000000000000000000000000000
DictEntry 0 0 00000000000000000000000000000000000000000000000000000000
DictEntry 0 0 0000000000000000000000000000000000000000000000000000000000000000000000000000000000000000000000000000000000000000000000000000000000000000000000000000000000000000000
DictEntry 0 0 00000000000000000000000000000000000000000
DictEntry 0 0 000
DictEntry 0 0 00000000000000000000000000000000000000000000000
DictEntry 0 0 00000000000000000000000000000000000
DictEntry 0 0 000000000000000000000000000000000000000000000000000000000000000000000000000000
DictEntry 0 0 000000000000000000000000000000000000000000000000000000000000000000000000000000000000000000000000000000000000000000000000000000000000000000000000000000000000000000000000000000000000000000000000000000000000000000000000000000000000000000000
DictEntry 0 0 000000000000000000000000000000000000000000000000000000000000000000000000000000000000000000000000000000000000000000000000000
DictEntry 0 0 0000000000000000000000000000000000000000000000000000000000000000000000000000000000000000000000
DictEntry 0 0 00000000000000000000000000000000000000000000000000000
DictEntry 0 0 000000000000000000000000000000000000000000000000000000000000000000000000000000000000000000000000000000000000000000000000000000000000000000000000000000000000000000000
DictEntry 0 0 000000000000000000000000000000000000000000000000000000000000000000000000000000000000000000000000000000000000000000000
DictEntry 0 0 00000000000000000000000000000000000000000000000000000000000000000000000000000000000000000000000000000000000000000000000000000000000000000000000000000000000000000000000000000000000000000000000000000000000000000000000000000000000000000000000000000000000000000000000000000000000000000000000000000000000000000000000000000000000000000000000000000000000000000000000000000000000000000000000000000000000000000000000
DictEntry 0 0 0000000000000000000000000000000000000000000000000000000000000000000000000000
DictEntry 0 0 00000000000000000000000000000000000000000000000000000000000000000000000000000000000000000000000000000000000000000000000000000000000000000000000000000000000000000000000000000000000000000000000000000000000
DictEntry 0 0 000000000000000000000000000000000000000000000000000000000000000000000000000000000000000000000000000000000000000000000000000000000000000000000000000000000000000000000000000000000000000000000000000000000000000000000000000000000000
DictEntry 0 0 000000000000000000000000000000000000000000000000000000000000000000000000000000000000000000000000000000000000000000000000000000000000000000000000000000000000000000000000000000000
DictEntry 0 0 00000000000000000000000000000000000000000000000000000000000000000000000000000000000000000000000000000000000000000000000000000000000000000000000000000000000000000000000000000000000000000000000000000000000000000000000000000000000000
DictEntry 0 0 00000000000000000000000000000000000000000000000000000000000000000000000000000000000000000
DictEntry 0 0 000000000000000000000000000000000000000000000000000000000000000000000000000000000000000000000000000000000000000000000000000000000000000000000000000000000000000000000000000000000000000000000000000000000000000000000000000000000000000000000000000000000000000000000000000000000000000000
DictEntry 0 0 0000000000000000000000000000000000000000000000000000000000000000000000000000000000000000000000000000000000000
DictEntry 0 0 000000000000000000000000000000000
DictEntry 0 0 0000000000000000000000000000000000000000000000000000000000000000000000000000000000000000000000000000000000000000000000000000000000000000000000000000000000000000000000000000000000000000000000000000000000000000000000000000000000000000000000000000000000000000000000000000000000000000000000000000000000000000000000000000000000000000000000000000000000000000000000000000000000000000000000000000000000000000
DictEntry 0 0 0000000000000000000000000000000000000000000000000000
DictEntry 0 0 00000000000000000000000000000000000000000000000000000000000000000000000000000000000000000000000000000000000000000000000000000000000000000000000000000000000000000000000000000000000000000000000000000
DictEntry 0 0 00000000000000000000000000000000000000000000000000000000000000000000000000000000000000000000000000000000000000000000000000000000000000000000000000000000000000
DictEntry 0 0 00000000000000000000000000000000000000000000000000000000000000000000000000000000000000000000000000000000000000000000000000000000000000000000000000000000000000000000000000000000000000000000000000000000000000000000000000000000000000000000000000000000000000000
DictEntry 0 0 000000000000000000000000000000000000000000000000000000000000000000000000000000000000000000000000000000000000000000000000000000000000000000000000000000000000000000000000000000000000
DictEntry 0 0 000000000000000000000000000000000000000000000000000000000
DictEntry 0 0 000FF00000000000000000000
DictEntry 0 0 00000000000000000000000000000000000000000000000000000000000000000000000000000000000000000000000000000000000000000000000000000000000000000000000000000000000000000000000000000000000000000000000000000000000000000000000000000000000000000000000000000000000000000000000000000000000000000000000000000000000000000000000000000000000000000000000000000000000000000000000000000000000000000000000000000000000000000000000000
DictEntry 0 0 0000000000000000000000000000000000000000000000000000000000000000000000000000000000000000000000000000000000000000000000000000000000000000000000000000000000000000000000000000000000000000000000000000000000000000000000000000000000000000000
DictEntry 0 0 0000000000000000000000000000000000000000000000000000000000000000000000000000000000000000000000000000000000000000000000000000000000000000000000
DictEntry 0 0 000000000000
DictEntry 0 0 000000000000000000000000000000000000000000000000000000000000000000000000000000000000000
DictEntry 0 0 00000000000000000000000000000000000000000000000000000000000000000000000000000000000000000000000000000000000000000000000000000000000000000000000000000000000000000000000000000000000000000000000000000000000000000000000000000000000000000000000000000000000000000000000000000000000000000000000000000000000000000000000000000000000000000000000000000000000000000000000000000000000000000000000000000000000000000000000000000000000000000000000000000000000000000000000000000000000000000000000000000000000000
DictEntry 0 0 00000000000000000000000000000000000000000000000000000000000000000000000000000000000000000000000000000000000000000000000000000000000000000000000000000000000000000000000000000000000000000000000000000000
DictEntry 0 0 000000000000000000000000000000000000000000000000000000000000000
DictEntry 0 0 000000000000000000000000000000000000000000000000000000000000000000000000000000000000000000000000000000000000000000000000000000000000000000000000000000000000000000000000000000000000000000000000000000000000000000000000000000000000000000000000000000000000000000000000000000000000000000000000000000000000000000000000000000000000000000000000000000000000000000000000000000000000000000000000000000000000000000000000000000000000000000000000000000000000000000000000000000000000000000000000000000000000000000000000000000000000000000000000000000000000000000000000000000000000000
DictEntry 0 0 000000000000000000000000000000000000000000000000000000000000000000000000000000000000000000000
DictEntry 0 0 0000000000000000000000000000000000000000000000000000000000000000000000000000000000000000000000000000000000000000000000000000000000000000000000000000000000000
DictEntry 0 0 000000000000000000000000000000000000000000000000000000000000000000000000000000000000000000000000000000000000000000000000000000000000000000000000000000000000000000000000000000000000000000000000000000000000000000000000000000000000000000000000000000000000000000000000000000000000000000000000
DictEntry 0 0 0000000000000000000000000000000000000000000000000000000000000000000000000000000000000000000000000000000000000000000000000000000000000000000000000000000000000000000000000000000000000000000000000000000000000000000000000000000000000000000000000000000000000000000000000000000000000000000000000000000000000000000000000000000000000000000000000000000000000000000000000000000000000000000000000000000000000000000000000000000000000000000000000000000000000000000000000000000000000000000000000000000000000000000000000000000000000000000000000000000000000000000000000000000000000000000000000000000000000000000000000000000000000000000000000000000000000000
DictEntry 0 0 000000000000000000000000000000000000000000000000000000000000000000000000000000000000000000000000000000000000000000000000000000000000000000000000000000000000000000000000000000000000000000000000000000000000
DictEntry 0 0 00000000000000000000000000000000000000000000000000000000000000000000000000000000000000000000000000000000000000000000000000000000000000000000000000000000000000000000000000000000000000000000000000
DictEntry 0 0 00000000000000000000000000000000000000000000000000000000000000000000000000000000000000000000000000000000000000000000000
DictEntry 0 0 00000000000000000
DictEntry 0 0 0000000000000000000000000000000000000000000000000000000000000000000000000000000000000000000000000000000000000000000000000000000000000000000000000000000000000000000000000000000000000000000
DictEntry 0 0 00000000000000000000000000000000000000
DictEntry 0 0 0000000000000000000000000000000000000000000000000000000000000000000000000000000000000000000000000000
DictEntry 0 0 0000000000000000000000000000000000000000000000000000000000000000000000000000000000000000000000000000000000000000000000
DictEntry 0 0 000000000
DictEntry 0 0 00000000000000000000000000000
DictEntry 0 0 000000000000000000000000000000000000000000000000000000000000000000000000000000000000000000000000000000000000000000000000000000000000000000000000000000000000000000000000000000000000000000000000000000000000000000000000000000000000000000000000000000000000000000000000000000000000000000000000000000000000000000000000000000000000000000000000000000000000000000000000000000000000000000000000000000000000000000000000000000000000000000000000000000000000000000000000000000000000000000000000000000000000000000000000000000000000000000000000000000000000000000000000000000000000000000000000000000000000000000000000000000000000000000000000000000000000000000000000000000000000000000000000000000000
DictEntry 0 0 00000000000000000000000000000000000000000000000000000000000000000000000
DictEntry 0 0 0000000000000000000000000000000000000000000000000000000000000000000000000000000000000000000000000000000000
DictEntry 0 0 00000000000000000000000000000000000000000000000000000000000000000000000000000
DictEntry 0 0 00000000000000000000000000000000000000000000000000000000000000000000000000000000000
DictEntry 0 0 0000000000000000000000000000000000000000000000000000000000000000000000000000000000000000000000000000000000000000000000000000000000000000000000000000000000000000000000000000000000000000000000000000000000000000000000000000000
DictEntry 0 0 0000000000000000000000000000000000000000000000000000000000000000000000000000000000000000000000000000000000000000000000000000000000000000000000000000000000000000000000000000000000000000000000000000000000000000000000000000000000000000000000000000000000000000000000000000000000000000000000000000000000000000
DictEntry 0 0 00000000000000000000000000000000000000000000000000000000000000000000000000000000000000000000000000000000000000000000000000000000000000000000000000000000000000000000000000000000000000000000000000000000000000000000000000000000000000000000
DictEntry 0 0 000000000000000000000000000000000000000000000000000000000000000000000000000000000000000000000000
DictEntry 0 0 FFFF0000000
DictEntry 0 0 0000000000000000
DictEntry 0 0 0000000000000000000000000000000000000000000000000000000000000000000000000000000000000000000000000000000000000000000000000000000000000000000000000000000000000000000000000000000000000000000000000000000000000000000000000000000000000000000000000000000000000000000000000000000000000000000000000000000000000000000000000000000000000000000000000000000000000000000000000000000000000000000
DictEntry 0 0 0000000000000000000000000000000000000000000000000000000000000000000000000000000000000000000000000000000000000000000000000000000000000000000000000000000000000000000000000
DictEntry 0 0 0000000000000
DictEntry 0 0 F000000000000
DictEntry 0 0 000000000000000000000000000000000000000000000000000000000000000000000000000000000000000000000000000000000000000000000000000000000000000000000000000000000000000000000000000000000000000000000000000000000000000000000000000000000000000000000000000000000000000000000000000000000000000000000000000000000000000000000000000000000000000000000000000000000000
DictEntry 0 0 000000000000000000000000000000000000000000000000000000000000000000000000000000000000000000000000000000000000000000000000000000000000000000000000000000000000000000000000000000000000000000000000000000000000000000000000000000000000000000000000000000000000000000000000000000000000000000000000000000000000000000000000000000000000000000000000000000
DictEntry 0 0 000000000000000000000000FF0
DictEntry 0 0 0000000000000000000000000000000000000000000000000000000000000000000000000
DictEntry 0 0 000000000000000000000000000000000000000000000000000000000000000000000000000000000000000000000000000000000000000000000000000000000000000000000000000000000000000000000000000000000000000000000000000000000000000000000000000000000000000000000000000000000000000000000000000000000000000000000000000000000000000000000000000000000000000000000000000000000000000000000000000000000000000000000000000000000000000000000000000000000000000000000000000000000000000000000000000000000000000000000000000000000000000000000000000
DictEntry 0 0 00000000000000000000000000000000000000000000000000000000000000000000
DictEntry 0 0 00000000000000000000000000000000000000000000000000000000000000000000000000000000000000000000000000000000000000000000000000000000000000000000
DictEntry 0 0 000000000000000000000000000000000000000000000000000000
DictEntry 0 0 0000000000000000000000000000000000000000000000000000000000000000000000000000000000
DictEntry 0 0 00000000000000000000000000000000000000000000000000000000000000000000000000000000000000000000000000000000000000000
DictEntry 0 0 000000000000000000000000000000000000000000000000000000000000000000000000000000000000000000000000000000000000000000000000000000000000000000000000000
DictEntry 0 0 0000FF00000000000000000000000
DictEntry 0 0 000000000000000000000000000000000000000000000000000000000000000000000000000000000000000000000000000000000000000000000000000000000000000000000000000000000000000000000000000000000000000000000000000000000000000000000000000000000
DictEntry 0 0 0000000FF0000
DictEntry 0 0 00000000000000000000000000000000000000000000000000000000000000000000000000000000000000000000000000000000000000000000000000000000000000000000000000000000000000000000000000000000000
DictEntry 0 0 000000000000000000000000000000000000000000000000000000000000000000000000000000000000000000000000000000
DictEntry 0 0 0000000000000000000000000000000000000000000000000000000000000000000000000000000
DictEntry 0 0 0000000000000000000000000000000000000000000000000000000
DictEntry 0 0 0000000000000000000000000000000000000000000000000000000000000000000000000000000000000000000000000000000000000000000000000000000000000000000000000000000000000000
DictEntry 0 0 0000000000000000000000000000000000000000000000000000000000000000000000000000000000000000000000000000000000000000000000000000000000000000000000000000
DictEntry 0 0 0000000000000000000000000000000000000000000000000000000000000000000000000000000000000000000000000000000000000000000
DictEntry 0 0 00000000000000000000000000000000000000000000000000000000000000000000000000000000000000000000000000000000000000000000000000000000000000000000000000000000000000000000000000000
DictEntry 0 0 000000000000000000000000000000000000000000000000000000000000000000000000000000000000000000000000000000000000000000000000000000000000000000000000000000000000000000000000000000000000000000000000000000000000000000000000000000000000000000000000000000000000000000000000000000000000000000000000000000000000000000000000000000000000000000000000000000000000000000000000000000000000000000000000000000000000000000000000000000000000000000000000000000000000000000000000000000000000000000000000000000000000
DictEntry 0 0 0000000000000000000000000000000000000000000000000000000000000000000000000000000000000000000000000000000000000000000000000000000000000000000000000000000000000000000000000000000000000000000000000000000000000000000000000000000000000
DictEntry 0 0 000000000000000000000000000000000000000000000000000000000000000000000000000000000000000000000000000000000000000000000000000000000000000000000000000000
DictEntry 0 0 0000000000000000000000000000000000000000000000000000000000000000000000000000000000000000000000000000000000000000000000000000000000000000000000000000000000000000000000000000000
DictEntry 0 0 0000000000000000000000000000000000000000000000000000000000000000000000000000000000000000000000000000000000000000000000000000000000000000000000000000000
DictEntry 0 0 000000000000000000000000
DictEntry 0 0 000000000000000000000000000000000000000000000000000000000000000000000000000000000000000000000000000000000000000000000000000000000000000000000000000000000000000000
DictEntry 0 0 00000000000000000000000000000000000000000000000000000000000000000000000000000000000000000000000000000000000000000000000000000000000000000000000000000000000000000000000000000000000000000000000000000000000000000000000000000000000000000000000000000000000000000000000000000000000000000000000000000000000000000000000000
DictEntry 0 0 000000000000000000000000000000000000000000000000000000000000000000000000000000000000000000000000000000000000000000000000000000000000000000000000000000000000000000000000000000000000000000000000000000000000000000000000000000000000000000000000000
DictEntry 0 0 000000000000000000000000000000000000000000000000000000000000000000000000000000000000000000000000000000000000000000000000000000000000
DictEntry 0 0 0000000000000000000000000000000000000000000000000000000000000000000000000000000000000000000000000000000000000000000000000000000000000000000000000000000000000000000000000000000000000000000000000000000000000000000000000000000000000000000000000000000000000000000000000000000000000000000000000000000000000000000000000000000000000000000000000000000000000000000000000000000000000000000000000000000000000000000000000000000000000000000000000000000000000000000000000000000000
DictEntry 0 0 00000000000000000000000000000000000000000000000000000000000000000000000000000000000000000000000000000000000000000000000000000000000000000000000000000000000000000000000000000000000000000000
DictEntry 0 0 000000000000000000000000000000000000000000000000000000000000000000000000000000000000000000000000000000000000000000000000000000000000000000000000000000000000000000000000000000000000000000
DictEntry 0 0 000000000000000000000000000000000000000000000000000000000000000000000000000000000000000000000000000000000000000000000000000000000000000000
DictEntry 0 0 0000FF0000FF000
DictEntry 0 0 0000FF0000000000000000000000
DictEntry 0 0 000000000000000000000000000000000000000000000000000000000000000000000000000000000000000000000000000000000000000000000000000000000000000000000000000000000000000000000000000000000000000000000000000000000000000000000000000000000000000000000000000000000000000000000000000000000000000000000000000000000000000000000000000000000000000000000000000000000000000000000000000000000000000000000000000000000000000000000000000000000000000000000000000000000000000000000000000000000000000000000000000000000000000000000000000000000000000000000000000000000000000000000000000000000000000000000000000000000000000000000000000000000000000000000000000000000000000000000000000000000000000000000000000000000000000000000000000000000000000000000000000000000000000000000000000
DictEntry 0 0 00000000000000000000000FF000000000
DictEntry 0 0 000000000000000000000000000000000000000000000000
DictEntry 0 0 0000000000000000000000000000000000000000000000000000000000000000000000000000000000000000000000000000000000000000000000000000000000000000000000000000000000000000000000000000000000000000000000000000000000000000000000000000000000000000000000000000000000000000000000000
DictEntry 0 0 00000000000000000000000000000000000000000000000000000000000000000000000000000000000000000000000000000000000000000000000000000000000000000000000000000000000000000000000000000000000000000000000000000000000000000000000000000000000000000000000000000000000000000000000000000000000000000000000000
DictEntry 0 0 00000000000000000000000000000000000000000000000000000000000000000000000000
DictEntry 0 0 0000000000000000000000000000000000000000000000000000000000000000000000000000000000000000000000000000000000000000000000000000000000000000000000000000000000000000000000000000000000000000000000000000000000000000000000000000000000000000000000000000000000000000000000000000000000000000000000000000000000000000000000000000000000000000000000000000000000000000000000000000000000000000000000000000000000000000000000000000000000000000000000000000000000000000000000000000000000000000000
DictEntry 0 0 000000000000000000000000000000000000000000000000000000000000000000000000000000000000000000000000000000000000000000000000000000000000000000000000000000000000000000000000000000000000000000000000000000000000000000000000000000000000000000000000000000000000000000000000000000000000000000000000000000000000000000000000000000000000000000000000000000000000000000000000000000000000000000000000000000000000000000000000000000000000000000000000000000000000000000000000000000000000000000000000000000000000000000000000000000000000000000000000000000000000000000000
DictEntry 0 0 000000000000000000000000000000000000000000000000000000000000000000000000000000000000000000000000000000000000000000000000000000000000000000000000000000000000000000000000000000000000000000000000000000000000000000000000000000000000000000000000000000000000000000000000000000000000000000000000000000000000000000000000000000000000000000000000000000000000000000000000000000
DictEntry 0 0 00000000000000000000000000000000000000000000000000000000000000000000000000000000000000000000000000000000000000000000000000000000000000000000000000000000000000000000000000000000000000000000000
DictEntry 0 0 000000000000000000000000000000000000000000000000000000000000000000000000
DictEntry 0 0 0000000000000000000000000000000000000000000000000000000000000000000000000000000000000000000000000000000000000000000000000
DictEntry 0 0 000000000000000000000000000000000000000000000000000000000000000000000000000000000000000000000000000000000000000000000000000000000000000000000000000000000000000000000000000000000000000000000000000000000000000000000000000000000000000000000000000000000000000000000000000000000000000000000000000000000000000000000000000000000000000000000000000000000000000000000000000000000000000000000000000000000000000000000000000000000000000000000000000000000000000000000000000000000000000000000000000000000000000000000000000000000000000000000000000000000000000
DictEntry 0 0 000000000000000000000000000000000000000000000000000000000000000000000000000000000000000000000000000000000000000000000000000000000000000000000000000000000000000000000000000000000000000000000
DictEntry 0 0 00000000000000000000000000000000000000000000000000000000000000000000000000000000000000000000000
DictEntry 0 0 00000000000000000000000000000000000000000000000000000000000000000000000000000000000000000000000000000000000000000000000000000000000000000000000000000000000000000000000000000000000000000000000000000000000000000000000000000000000000000000000000000000000000000000000000000000000000000000000000000000000000000000000000000000000000000000000000000000000000000000000000000000000000
DictEntry 0 0 000000000000000000000000000000000000000000000000000000000000000000000000000000000000000000000000000000000000000000000000000000000000000000000000000000000000000000000000000000000000000000000000000000000000000000
DictEntry 0 0 000000000000000000000000000000000000000000000000000000000000000000000000000000000000000000000000000000000000000
DictEntry 0 0 00000000000000000000000000000000000000000000
DictEntry 0 0 00000000000000000000000000000000000000000000000000000000000000000000000000000000000000000000000000000000000000000000000000000000000000000000000000000000000000000000000000000000000000000000000000000000000000000000000000000000000000000000000000000000000000000000000000000000000000000000000000000000000000000000000000000000000000000000000000000000000000
DictEntry 0 0 00000000000000000000000000000000000000000000000000000000000000000000000000000000000000000000000000000000000000000000000000000000000000000000000000000000000000000000000000000000000000000
DictEntry 0 0 00000000000000000000000000000000000000000000000000000000000000000000000000000000000000000000000000000000000000000000000000000000000000000000000000000000000000000000000000000000000000000000000000000000000000000000000000
DictEntry 0 0 000000000000000000000000000000000000000000000000000000000000000000000000000000000000000000000000000000000000000000000000000000000000000000000000000000000000000000000000000000000000000000000000000000000000000000000000000000000000000000000000000000000000000000000000000000000000000000000000000000000000000000000000000000000000000000000000000000000000000000000000000000000000000000000000000000000000000000000000000000000000000000000000
DictEntry 0 0 00000000000000000000000000000000000000000000000000000000000000000000000000000000000000000000000000000000000000000000000000000000000000000000000000000000000000000000000000000000000000000000000000000000000000000000000000000000000000000000000000000000000000000000
DictEntry 0 0 0000000000000000000000000000000000000000000000
DictEntry 0 0 00000000000000000000000000000000000000000000000000000000000000000000000000000000000000000000000000000000000000000000000000000000000000000000000000000000000000000000000000000000000000000000000000000000000000000000000000000000000000000
DictEntry 0 0 00000000000000000000000000000000000000000000000000000000000000000000000000000000000000000000000000000000000000000000000000000000000000000000000000000000000000000000000000000000000000000000000000000000000000000000000000000000000000000000000
DictEntry 0 0 000000000000000000000000000000000000000000000000000000000000000000000000000000000000000000000000000000000000000000000000000000000000000000000000000000000000000000000000000000000000000000000000000000000000000000000000000000000000000000000000000000000000000
DictEntry 0 0 F0000000000000000000000000
DictEntry 0 0 000000000000000000000000000000000000000000000000000000000000000000000000000000000000
DictEntry 0 0 00000000000000000000000000000000000000000000000000000000000000000000000000000000000000000000000000000000000000000000000000000000000000000000000000000000000000000000000000000000000000000000000000000000000000000000000000000000000000000000000000000000000000000000000000000000000000000000000000000000000000000000000000000000000000000000000000000000000000000000000000000000000000000000000000000000000000000000000000000000000000000000000000000000000000000000000000000000000000000
DictEntry 0 0 00000000000000000000000000000000000000000000000000000000000000000000000000000000000000000000000000000000000000000000000000000000000000000000000000000000000000000000000000000000000000000000000000000000000000000000000000000000000000000000000000000000000000000000000000000000000000
DictEntry 0 0 00000000000000000000000000000000000000000000000000000000000000000000000000000000000000000000000000000000000000000000000000000000000000000000000000000000000000000000000000000000000000000000000000000000000000000000000000000000000000000000000000000000000000000000000000000000000000000000000000000000000000000000000000000000000000000000000000000000000000000000000000000000000000000000000000000000000000000000000000000000000000000000000000000000000000000000000000000000000000000000000000000000000000000000000000000000000000000000000000000000000000000000000000000
DictEntry 0 0 00000000000000000000000000000000000000000000000000000000000000000000000000000000000000000000000000000000000000000000000000000000000000000000000000000000000000000000000000000000000000000000000000000000000000000000000000000000000000000000000000000000000000000000000000000000000000000000000000000000000000000000000000000000000000000000000000000000000000000000000000000000000000000000000000000000000000000000000000000000000000000000000000000000000000000000000000000000000000000000000000000000000000000000
DictEntry 0 0 00000000000000000000000000000000000000000000000000000000000000000000000000000000000000000000000000000000000000000000000000000000000000000000000000000000000000000000000000000000000000000000000000000000000000000000000000000000000000000000000000000000000000000000000
DictEntry 0 0 00000000000000000000000000000000000000000000000000000000000000000000000000000000000000000000000000000000000000000000000000000000000000000000000000000000000000000000000000000000000000000000000000000000000000000000000000000000000000000000000000000000000000000000000000000000000000000000000000000
DictEntry 0 0 0000000000000000000000000000000000000000000000000000000000000000000000000000000000000000000000000000000000000000000000000000
Glyph 0,2,8203,65279 0 0000000000000000000000000000000000000000000000000000000000000000000000000000000000000000000000000000000000000000000000000000000000000000000000000000000000000000000000000000000000000000000000000000000000000000000000000000000000000000000000000000000000000000000000000000000000000000000000000000000000000000000000000000000000000000000000000000000000000000000000000000000000000000000000000000000000000000000000000000000000000000000000000000000000000000000000000000000000000000000000000000000000000000000000000000000000000000000000000000000000000000000000000000000000000000000000000000000000000000000000000000000000000000000000000000000000000000000000000000000000000000000000000000000000000000000000000000000000000000000000000000000000000000000000000000000000000000000000000000000000000000000000000000000000000000000000000000000000000000000000000000000000000000000000000000000000000000000000000000000000000000000000000000000000000000000000000000000000000000000000000000000000000000000000000000
Glyph 13,32,160,8197,8200 5 0000000000000000000000000000000000000000000000000000000000000000000000000000000000000000000000000000000000000000000000000000000000000000000000000000000000000000000000000000000000000000000000000000000000000000000000000000000000000000000000000000000000000000000000000000000000000000000000000000000000000000000000000000000000000000000000000000000000000000000000000000000000000000000000000000000000000000000000000000000000000000000000000000000000000000000000000000000000000000000000000000000000000000000000000000000000000000000000000000000000000000000000000000000000000000000000000000000000000000000000000000000000000000000000000000000000000000000000000000000000000000000000000000000000000000000000000000000000000000000000000000000000000000000000000000000000000000000000000000000000000000000000000000000000000000000000000000000000000000000000000000000000000000000000000000000000000000000000000000000000000000000000000000000000000000000000000000000000000000000000000000000000000000000000000000
Glyph 33 5 0000000000000000000000000000000000000000000000000000000000000000000000000000000000000000000000000000000000000000000000000000000000000000000000000000000000000000000000000000000000000000000000000000000000000000000000000000000000000000000000000000000000000000000000000000000000000000000FF000000000000000000000000000000000000FF000000000000000000000000000000000000FF000000000000000000000000000000000000F0000000000000000000000000000000000000F0000000000000000000000000000000000000F0000000000000000000000000000000000000F0000000000000000000000000000000000000F0000000000000000000000000000000000000F0000000000000000000000000000000000000F00000000000000000000000000000000000000000000000000000000000000000000000000000000000000000000000000000000000000000FF000000000000000000000000000000000000FF00000000000000000000000000000000000000000000000000000000000000000000000000000000000000000000000000000000000000000000000000000000000000000000000000000000000000000000000000000000000000000000000000000000000000000
Glyph 34,8243 6 0000000000000000000000000000000000000000000000000000000000000000000000000000000000000000000000000000000000000000000000000000000000000000000000000000000000000000000000000000000000000000000000000000000000000000000000000000000000000000000000000000FF0F0000000000000000000000000000000000FF0F0000000000000000000000000000000000FF0F0000000000000000000000000000000000FF0F0000000000000000000000000000000000F00F000000000000000000000000000000000000000000000000000000000000000000000000000000000000000000000000000000000000000000000000000000000000000000000000000000000000000000000000000000000000000000000000000000000000000000000000000000000000000000000000000000000000000000000000000000000000000000000000000000000000000000000000000000000000000000000000000000000000000000000000000000000000000000000000000000000000000000000000000000000000000000000000000000000000000000000000000000000000000000000000000000000000000000000000000000000000000000000000000000000000000000000000000000000000000000000000000000000000
Glyph 35 12 0000000000000000000000000000000000000000000000000000000000000000000000000000000000000000000000000000000000000000000000000000000000000000000000000000000000000000000000000000000000000000000000000000000000000000000000000000000000000000000000000000000000000000000000000000000000000000000000FF00FF00000000000000000000000000000000FF00FF00000000000000000000000000000000F000F000000000000000000000000000000000F000F000000000000000000000000000000FFFFFFFFFF000000000000000000000000000000FF00FF00000000000000000000000000000000FF00FF00000000000000000000000000000000F000F000000000000000000000000000000000F000F000000000000000000000000000000FFFFFFFFFF000000000000000000000000000000FF00FF00000000000000000000000000000000FF00FF00000000000000000000000000000000F000F000000000000000000000000000000000F000F0000000000000000000000000000000000000000000000000000000000000000000000000000000000000000000000000000000000000000000000000000000000000000000000000000000000000000000000000000000000000000000000000000000000000
Glyph 36 11 000000000000000000000000000000000000000000000000000000000000000000000000000000000000000000000000000000000000000000000000000000000000000000000000000000000000000000000000000000000000000000000000000000000000000000FF000000000000000000000000000000000000FF0000000000000000000000000000000000FFFFF00000000000000000000000000000000FFFFFFF0000000000000000000000000000000FF0000FF000000000000000000000000000000F00000FF000000000000000000000000000000FF0000FF000000000000000000000000000000FF0000000000000000000000000000000000000FFFF000000000000000000000000000000000000FFFF000000000000000000000000000000000000FFF000000000000000000000000000000000000FF00000000000000000000000000000FF00000FF00000000000000000000000000000FF00000FF000000000000000000000000000000FFFFFFF00000000000000000000000000000000FFFFF00000000000000000000000000000000000F0000000000000000000000000000000000000F00000000000000000000000000000000000000000000000000000000000000000000000000000000000000000000000000000000000000000000000000000000000
Glyph 37 15 0000000000000000000000000000000000000000000000000000000000000000000000000000000000000000000000000000000000000000000000000000000000000000000000000000000000000000000000000000000000000000000000000000000000000000000000000000000000000000000000000000000000000000000000000000000000000000000FFFF000000000000000000000000000000000FF00F000000000000000000000000000000000F000FF000F0000000000000000000000000000F000FF00F00000000000000000000000000000F000FF0FF00000000000000000000000000000FF00F00F0000000000000000000000000000000FFFF0F000000000000000000000000000000000000FF0FFFF0000000000000000000000000000000F0FF00F000000000000000000000000000000F00F000FF0000000000000000000000000000FF00F000FF0000000000000000000000000000F000F000FF0000000000000000000000000000F000FF00F0000000000000000000000000000000000FFFF00000000000000000000000000000000000000000000000000000000000000000000000000000000000000000000000000000000000000000000000000000000000000000000000000000000000000000000000000000000000000000000000000000000
Glyph 38 12 000000000000000000000000000000000000000000000000000000000000000000000000000000000000000000000000000000000000000000000000000000000000000000000000000000000000000000000000000000000000000000000000000000000000000000000000000000000000000000000000000000000000000000000000000000000000000000000FFFF000000000000000000000000000000000FF0FFF0000000000000000000000000000000FF000FF0000000000000000000000000000000FF000FF0000000000000000000000000000000FF000FF00000000000000000000000000000000FFFFF0000000000000000000000000000000000FF0000000000000000000000000000000000FFFFF000FF000000000000000000000000000FFF00FF00F0000000000000000000000000000FF000FFFFF0000000000000000000000000000FF0000FFFF0000000000000000000000000000FF00000FF000000000000000000000000000000FFFFFFFFF000000000000000000000000000000FFFFF00FF000000000000000000000000000000000000000000000000000000000000000000000000000000000000000000000000000000000000000000000000000000000000000000000000000000000000000000000000000000000000000000000000000000000
Glyph 39,8242 4 0000000000000000000000000000000000000000000000000000000000000000000000000000000000000000000000000000000000000000000000000000000000000000000000000000000000000000000000000000000000000000000000000000000000000000000000000000000000000000000000000000F0000000000000000000000000000000000000F0000000000000000000000000000000000000F0000000000000000000000000000000000000F0000000000000000000000000000000000000F000000000000000000000000000000000000000000000000000000000000000000000000000000000000000000000000000000000000000000000000000000000000000000000000000000000000000000000000000000000000000000000000000000000000000000000000000000000000000000000000000000000000000000000000000000000000000000000000000000000000000000000000000000000000000000000000000000000000000000000000000000000000000000000000000000000000000000000000000000000000000000000000000000000000000000000000000000000000000000000000000000000000000000000000000000000000000000000000000000000000000000000000000000000000000000000000000000000000000
Glyph 40 7 000000000000000000000000000000000000000000000000000000000000000000000000000000000000000000000000000000000000000000000000000000000000000000000000000000000000000000000000000000000000000000000000000000000000000000F000000000000000000000000000000000000FF000000000000000000000000000000000000F000000000000000000000000000000000000FF00000000000000000000000000000000000FF000000000000000000000000000000000000FF000000000000000000000000000000000000FF000000000000000000000000000000000000F000000000000000000000000000000000000FF000000000000000000000000000000000000FF000000000000000000000000000000000000FF000000000000000000000000000000000000FF000000000000000000000000000000000000FF0000000000000000000000000000000000000F0000000000000000000000000000000000000FF000000000000000000000000000000000000FF000000000000000000000000000000000000FF0000000000000000000000000000000000000FF0000000000000000000000000000000000000F0000000000000000000000000000000000000FF0000000000000000000000000000000000000F00000000000000000
Glyph 41 7 00000000000000000000000000000000000000000000000000000000000000000000000000000000000000000000000000000000000000000000000000000000000000000000000000000000000000000000000000000000000000000000000000000000000000F0000000000000000000000000000000000000F00000000000000000000000000000000000000F0000000000000000000000000000000000000FF0000000000000000000000000000000000000F0000000000000000000000000000000000000FF000000000000000000000000000000000000FF0000000000000000000000000000000000000F0000000000000000000000000000000000000F0000000000000000000000000000000000000FF000000000000000000000000000000000000FF000000000000000000000000000000000000FF000000000000000000000000000000000000F0000000000000000000000000000000000000F000000000000000000000000000000000000FF000000000000000000000000000000000000FF000000000000000000000000000000000000F000000000000000000000000000000000000FF000000000000000000000000000000000000F000000000000000000000000000000000000F0000000000000000000000000000000000000F000000000000000000000
Glyph 42 9 000000000000000000000000000000000000000000000000000000000000000000000000000000000000000000000000000000000000000000000000000000000000000000000000000000000000000000000000000000000000000000000000000000000000000000000000000000000000000000000000000000000000000000000000000000000000000000000F0000000000000000000000000000000000000F0000000000000000000000000000000000F00F00F000000000000000000000000000000FFFFFFFF000000000000000000000000000000000FFF0000000000000000000000000000000000FFFF0000000000000000000000000000000000F00FF000000000000000000000000000000000F000F00000000000000000000000000000000000000000000000000000000000000000000000000000000000000000000000000000000000000000000000000000000000000000000000000000000000000000000000000000000000000000000000000000000000000000000000000000000000000000000000000000000000000000000000000000000000000000000000000000000000000000000000000000000000000000000000000000000000000000000000000000000000000000000000000000000000000000000000000000000000000000000000000
Glyph 43 11 00000000000000000000000000000000000000000000000000000000000000000000000000000000000000000000000000000000000000000000000000000000000000000000000000000000000000000000000000000000000000000000000000000000000000000000000000000000000000000000000000000000000000000000000000000000000000000000000000000000000000000000000000000000000000000000000000000000000000000000000000FF000000000000000000000000000000000000FF000000000000000000000000000000000000FF000000000000000000000000000000000000FF00000000000000000000000000000000FFFFFFFFFF0000000000000000000000000000FFFFFFFFFF00000000000000000000000000000000FF000000000000000000000000000000000000FF000000000000000000000000000000000000FF000000000000000000000000000000000000FF000000000000000000000000000000000000FF0000000000000000000000000000000000000000000000000000000000000000000000000000000000000000000000000000000000000000000000000000000000000000000000000000000000000000000000000000000000000000000000000000000000000000000000000000000000000000000000000000
Glyph 44,8218 4 000000000000000000000000000000000000000000000000000000000000000000000000000000000000000000000000000000000000000000000000000000000000000000000000000000000000000000000000000000000000000000000000000000000000000000000000000000000000000000000000000000000000000000000000000000000000000000000000000000000000000000000000000000000000000000000000000000000000000000000000000000000000000000000000000000000000000000000000000000000000000000000000000000000000000000000000000000000000000000000000000000000000000000000000000000000000000000000000000000000000000000000000000000000000000000000000000000000000000000000000000000000000000000000000000000000000000000000000000000000000000000000000000000000000000000000000000000000000000000000000000000000000000000FF000000000000000000000000000000000000FF000000000000000000000000000000000000FF000000000000000000000000000000000000F0000000000000000000000000000000000000F0000000000000000000000000000000000000000000000000000000000000000000000000000000000000000000000000
Glyph 45,173,8208,8209 6 000000000000000000000000000000000000000000000000000000000000000000000000000000000000000000000000000000000000000000000000000000000000000000000000000000000000000000000000000000000000000000000000000000000000000000000000000000000000000000000000000000000000000000000000000000000000000000000000000000000000000000000000000000000000000000000000000000000000000000000000000000000000000000000000000000000000000000000000000000000000000000000000000000000000000000000000000000000000000000000000000000000000000000000000000000000000000000000000000000000000000000000000000000000000000000000000000000000FFFFF00000000000000000000000000000000000000000000000000000000000000000000000000000000000000000000000000000000000000000000000000000000000000000000000000000000000000000000000000000000000000000000000000000000000000000000000000000000000000000000000000000000000000000000000000000000000000000000000000000000000000000000000000000000000000000000000000000000000000000000000000000000000000000000000000000000000000
Glyph 46 5 000000000000000000000000000000000000000000000000000000000000000000000000000000000000000000000000000000000000000000000000000000000000000000000000000000000000000000000000000000000000000000000000000000000000000000000000000000000000000000000000000000000000000000000000000000000000000000000000000000000000000000000000000000000000000000000000000000000000000000000000000000000000000000000000000000000000000000000000000000000000000000000000000000000000000000000000000000000000000000000000000000000000000000000000000000000000000000000000000000000000000000000000000000000000000000000000000000000000000000000000000000000000000000000000000000000000000000000000000000000000000000000000000000000000000000000000000000000000000000000000000000000000000000FFF000000000000000000000000000000000000FF00000000000000000000000000000000000000000000000000000000000000000000000000000000000000000000000000000000000000000000000000000000000000000000000000000000000000000000000000000000000000000000000000000000000000000
Glyph 47 8 00000000000000000000000000000000000000000000000000000000000000000000000000000000000000000000000000000000000000000000000000000000000000000000000000000000000000000000000000000000000000000000000000000000000000000000000000000000000000000000000000000000000000000000000000000000000000000000000F0000000000000000000000000000000000000F000000000000000000000000000000000000FF000000000000000000000000000000000000F000000000000000000000000000000000000FF000000000000000000000000000000000000F0000000000000000000000000000000000000F000000000000000000000000000000000000FF000000000000000000000000000000000000F000000000000000000000000000000000000FF000000000000000000000000000000000000FF000000000000000000000000000000000000F000000000000000000000000000000000000FF000000000000000000000000000000000000F000000000000000000000000000000000000FF00000000000000000000000000000000000000000000000000000000000000000000000000000000000000000000000000000000000000000000000000000000000000000000000000000000000000000000000000000
Glyph 48 11 00000000000000000000000000000000000000000000000000000000000000000000000000000000000000000000000000000000000000000000000000000000000000000000000000000000000000000000000000000000000000000000000000000000000000000000000000000000000000000000000000000000000000000000000000000000000000000000FFFFF00000000000000000000000000000000FFF0FFF0000000000000000000000000000000FF0000FF00000000000000000000000000000FF00000FF00000000000000000000000000000FF00000FF00000000000000000000000000000FF00000FF00000000000000000000000000000FF00000FF00000000000000000000000000000FF00000FF00000000000000000000000000000FF00000FF00000000000000000000000000000FF00000FF00000000000000000000000000000FF00000FF000000000000000000000000000000FF0000FF000000000000000000000000000000FFFFFFF00000000000000000000000000000000FFFFF0000000000000000000000000000000000000000000000000000000000000000000000000000000000000000000000000000000000000000000000000000000000000000000000000000000000000000000000000000000000000000000000000000000000000
Glyph 49 11 0000000000000000000000000000000000000000000000000000000000000000000000000000000000000000000000000000000000000000000000000000000000000000000000000000000000000000000000000000000000000000000000000000000000000000000000000000000000000000000000000000000000000000000000000000000000000000000000FF0000000000000000000000000000000000FFFF000000000000000000000000000000000FF0FF000000000000000000000000000000000000FF000000000000000000000000000000000000FF000000000000000000000000000000000000FF000000000000000000000000000000000000FF000000000000000000000000000000000000FF000000000000000000000000000000000000FF000000000000000000000000000000000000FF000000000000000000000000000000000000FF000000000000000000000000000000000000FF000000000000000000000000000000000000FF000000000000000000000000000000000000FF00000000000000000000000000000000000000000000000000000000000000000000000000000000000000000000000000000000000000000000000000000000000000000000000000000000000000000000000000000000000000000000000000000000000000
Glyph 50 11 00000000000000000000000000000000000000000000000000000000000000000000000000000000000000000000000000000000000000000000000000000000000000000000000000000000000000000000000000000000000000000000000000000000000000000000000000000000000000000000000000000000000000000000000000000000000000000000FFFFF00000000000000000000000000000000FFF0FFF000000000000000000000000000000FF00000FF00000000000000000000000000000FF00000FF000000000000000000000000000000000000FF000000000000000000000000000000000000F000000000000000000000000000000000000FF00000000000000000000000000000000000FF00000000000000000000000000000000000FF00000000000000000000000000000000000FF00000000000000000000000000000000000FF00000000000000000000000000000000000FF00000000000000000000000000000000000FF000000000000000000000000000000000000FFFFFFFFFF0000000000000000000000000000000000000000000000000000000000000000000000000000000000000000000000000000000000000000000000000000000000000000000000000000000000000000000000000000000000000000000000000000000000
Glyph 51 11 00000000000000000000000000000000000000000000000000000000000000000000000000000000000000000000000000000000000000000000000000000000000000000000000000000000000000000000000000000000000000000000000000000000000000000000000000000000000000000000000000000000000000000000000000000000000000000000FFFFF00000000000000000000000000000000FFF0FFF000000000000000000000000000000FF00000FF00000000000000000000000000000FF00000FF000000000000000000000000000000000000FF00000000000000000000000000000000000FF00000000000000000000000000000000000FFF000000000000000000000000000000000FFFF0000000000000000000000000000000000000FF0000000000000000000000000000000000000FF00000000000000000000000000000FF00000FF00000000000000000000000000000FF00000FF000000000000000000000000000000FFFFFFF00000000000000000000000000000000FFFFF0000000000000000000000000000000000000000000000000000000000000000000000000000000000000000000000000000000000000000000000000000000000000000000000000000000000000000000000000000000000000000000000000000000000000
Glyph 52 11 000000000000000000000000000000000000000000000000000000000000000000000000000000000000000000000000000000000000000000000000000000000000000000000000000000000000000000000000000000000000000000000000000000000000000000000000000000000000000000000000000000000000000000000000000000000000000000000000FF00000000000000000000000000000000000FFF0000000000000000000000000000000000FFFF0000000000000000000000000000000000F0FF000000000000000000000000000000000FF0FF00000000000000000000000000000000FF00FF00000000000000000000000000000000F000FF0000000000000000000000000000000FF000FF000000000000000000000000000000FF0000FF000000000000000000000000000000FF0000FF000000000000000000000000000000FFFFFFFFFF0000000000000000000000000000000000FF000000000000000000000000000000000000FF000000000000000000000000000000000000FF000000000000000000000000000000000000000000000000000000000000000000000000000000000000000000000000000000000000000000000000000000000000000000000000000000000000000000000000000000000000000000000000000000000000
Glyph 53 11 00000000000000000000000000000000000000000000000000000000000000000000000000000000000000000000000000000000000000000000000000000000000000000000000000000000000000000000000000000000000000000000000000000000000000000000000000000000000000000000000000000000000000000000000000000000000000000000FFFFFFF0000000000000000000000000000000FFFFFFF000000000000000000000000000000FF000000000000000000000000000000000000FF000000000000000000000000000000000000FF000000000000000000000000000000000000FFFFFF00000000000000000000000000000000FFFFFFFF0000000000000000000000000000000F0000FF000000000000000000000000000000000000FF0000000000000000000000000000000000000F000000000000000000000000000000F000000F000000000000000000000000000000FF0000FF000000000000000000000000000000FFFFFFFF00000000000000000000000000000000FFFF0000000000000000000000000000000000000000000000000000000000000000000000000000000000000000000000000000000000000000000000000000000000000000000000000000000000000000000000000000000000000000000000000000000000000
Glyph 54 11 0000000000000000000000000000000000000000000000000000000000000000000000000000000000000000000000000000000000000000000000000000000000000000000000000000000000000000000000000000000000000000000000000000000000000000000000000000000000000000000000000000000000000000000000000000000000000000000000FFF0000000000000000000000000000000000FFFF000000000000000000000000000000000FF00000000000000000000000000000000000FF000000000000000000000000000000000000F0000000000000000000000000000000000000F0FFFF0000000000000000000000000000000FFFFFFFF000000000000000000000000000000FFF0000FF00000000000000000000000000000FF00000FF00000000000000000000000000000FF00000FF000000000000000000000000000000F00000FF000000000000000000000000000000FF0000FF0000000000000000000000000000000FFFFFF000000000000000000000000000000000FFFF0000000000000000000000000000000000000000000000000000000000000000000000000000000000000000000000000000000000000000000000000000000000000000000000000000000000000000000000000000000000000000000000000000000000000
Glyph 55 11 000000000000000000000000000000000000000000000000000000000000000000000000000000000000000000000000000000000000000000000000000000000000000000000000000000000000000000000000000000000000000000000000000000000000000000000000000000000000000000000000000000000000000000000000000000000000000000FFFFFFFFF000000000000000000000000000000000000FF000000000000000000000000000000000000FF000000000000000000000000000000000000F000000000000000000000000000000000000FF000000000000000000000000000000000000F000000000000000000000000000000000000FF000000000000000000000000000000000000F000000000000000000000000000000000000FF000000000000000000000000000000000000FF00000000000000000000000000000000000FF000000000000000000000000000000000000FF00000000000000000000000000000000000FF000000000000000000000000000000000000FF0000000000000000000000000000000000000000000000000000000000000000000000000000000000000000000000000000000000000000000000000000000000000000000000000000000000000000000000000000000000000000000000000000000000000000
Glyph 56 11 00000000000000000000000000000000000000000000000000000000000000000000000000000000000000000000000000000000000000000000000000000000000000000000000000000000000000000000000000000000000000000000000000000000000000000000000000000000000000000000000000000000000000000000000000000000000000000000FFFFF00000000000000000000000000000000FFF0FFF0000000000000000000000000000000FF0000FF00000000000000000000000000000FF00000FF000000000000000000000000000000FF0000FF000000000000000000000000000000FFF0FFF00000000000000000000000000000000FFFFF00000000000000000000000000000000FF000FF000000000000000000000000000000FF00000FF00000000000000000000000000000FF00000FF00000000000000000000000000000FF00000FF00000000000000000000000000000FF00000FF000000000000000000000000000000FFFFFFF00000000000000000000000000000000FFFFF0000000000000000000000000000000000000000000000000000000000000000000000000000000000000000000000000000000000000000000000000000000000000000000000000000000000000000000000000000000000000000000000000000000000000
Glyph 57 11 00000000000000000000000000000000000000000000000000000000000000000000000000000000000000000000000000000000000000000000000000000000000000000000000000000000000000000000000000000000000000000000000000000000000000000000000000000000000000000000000000000000000000000000000000000000000000000000FFFFF00000000000000000000000000000000FFFFFFF000000000000000000000000000000FF0000FF000000000000000000000000000000FF00000FF00000000000000000000000000000FF00000FF00000000000000000000000000000FF00000FF00000000000000000000000000000FF00000FF000000000000000000000000000000FFFFFFFF0000000000000000000000000000000FFFF0FF000000000000000000000000000000000000FF00000000000000000000000000000000000FF000000000000000000000000000000000000FF00000000000000000000000000000000FFFFF000000000000000000000000000000000FFF000000000000000000000000000000000000000000000000000000000000000000000000000000000000000000000000000000000000000000000000000000000000000000000000000000000000000000000000000000000000000000000000000000000000000
Glyph 58 5 000000000000000000000000000000000000000000000000000000000000000000000000000000000000000000000000000000000000000000000000000000000000000000000000000000000000000000000000000000000000000000000000000000000000000000000000000000000000000000000000000000000000000000000000000000000000000000000000000000000000000000000000000000000000000000000000000000000000000000000000000000000000000000000000000000000000FFF000000000000000000000000000000000000FF0000000000000000000000000000000000000000000000000000000000000000000000000000000000000000000000000000000000000000000000000000000000000000000000000000000000000000000000000000000000000000000000000000000000000000000000000000000000000000000000000000000000000000000000000000000000000000000000000000000000000FFF000000000000000000000000000000000000FF00000000000000000000000000000000000000000000000000000000000000000000000000000000000000000000000000000000000000000000000000000000000000000000000000000000000000000000000000000000000000000000000000000000000000000
Glyph 59 4 000000000000000000000000000000000000000000000000000000000000000000000000000000000000000000000000000000000000000000000000000000000000000000000000000000000000000000000000000000000000000000000000000000000000000000000000000000000000000000000000000000000000000000000000000000000000000000000000000000000000000000000000000000000000000000000000000000000000000000000000000000000000000000000000000000000000FFF000000000000000000000000000000000000FF0000000000000000000000000000000000000000000000000000000000000000000000000000000000000000000000000000000000000000000000000000000000000000000000000000000000000000000000000000000000000000000000000000000000000000000000000000000000000000000000000000000000000000000000000000000000000000000000000000000000000FF000000000000000000000000000000000000FF000000000000000000000000000000000000FF000000000000000000000000000000000000F0000000000000000000000000000000000000F0000000000000000000000000000000000000000000000000000000000000000000000000000000000000000000000000
Glyph 60 10 0000000000000000000000000000000000000000000000000000000000000000000000000000000000000000000000000000000000000000000000000000000000000000000000000000000000000000000000000000000000000000000000000000000000000000000000000000000000000000000000000000000000000000000000000000000000000000000000000000000000000000000000000000000000000000000000000000000000000000000000000000000000000000000000000000000000000000000F00000000000000000000000000000000000FFF00000000000000000000000000000000FFFF00000000000000000000000000000000FFFF0000000000000000000000000000000000FF000000000000000000000000000000000000FFFF000000000000000000000000000000000000FFFF0000000000000000000000000000000000000FFF0000000000000000000000000000000000000F0000000000000000000000000000000000000000000000000000000000000000000000000000000000000000000000000000000000000000000000000000000000000000000000000000000000000000000000000000000000000000000000000000000000000000000000000000000000000000000000000000000000000000000000000000000000000000
Glyph 61 11 00000000000000000000000000000000000000000000000000000000000000000000000000000000000000000000000000000000000000000000000000000000000000000000000000000000000000000000000000000000000000000000000000000000000000000000000000000000000000000000000000000000000000000000000000000000000000000000000000000000000000000000000000000000000000000000000000000000000000000000000000000000000000000000000000000000000000000000000000000000000000000000000000FFFFFFFFF00000000000000000000000000000FFFFFFFFF00000000000000000000000000000000000000000000000000000000000000000000000000000000000000000000000000000000000000000000000000000000000000000000000FFFFFFFFF00000000000000000000000000000FFFFFFFFF00000000000000000000000000000000000000000000000000000000000000000000000000000000000000000000000000000000000000000000000000000000000000000000000000000000000000000000000000000000000000000000000000000000000000000000000000000000000000000000000000000000000000000000000000000000000000000000000000000000000000000000000000000
Glyph 62 10 000000000000000000000000000000000000000000000000000000000000000000000000000000000000000000000000000000000000000000000000000000000000000000000000000000000000000000000000000000000000000000000000000000000000000000000000000000000000000000000000000000000000000000000000000000000000000000000000000000000000000000000000000000000000000000000000000000000000000000000000000000000000000000000000000000000000F0000000000000000000000000000000000000FFFF000000000000000000000000000000000000FFFF000000000000000000000000000000000000FFFF0000000000000000000000000000000000000FF000000000000000000000000000000000FFFF00000000000000000000000000000000FFFF00000000000000000000000000000000FFFF0000000000000000000000000000000000F00000000000000000000000000000000000000000000000000000000000000000000000000000000000000000000000000000000000000000000000000000000000000000000000000000000000000000000000000000000000000000000000000000000000000000000000000000000000000000000000000000000000000000000000000000000000000000000000
Glyph 63 9 00000000000000000000000000000000000000000000000000000000000000000000000000000000000000000000000000000000000000000000000000000000000000000000000000000000000000000000000000000000000000000000000000000000000000000000000000000000000000000000000000000000000000000000000000000000000000000000FFFF000000000000000000000000000000000FFFFFF0000000000000000000000000000000FF0000FF000000000000000000000000000000FF0000FF000000000000000000000000000000000000FF00000000000000000000000000000000000FF00000000000000000000000000000000000FF00000000000000000000000000000000000FF000000000000000000000000000000000000FF000000000000000000000000000000000000F00000000000000000000000000000000000000000000000000000000000000000000000000000000000000000000000000000000000000000F0000000000000000000000000000000000000F0000000000000000000000000000000000000000000000000000000000000000000000000000000000000000000000000000000000000000000000000000000000000000000000000000000000000000000000000000000000000000000000000000000000000000
Glyph 64 18 000000000000000000000000000000000000000000000000000000000000000000000000000000000000000000000000000000000000000000000000000000000000000000000000000000000000000000000000000000000000000000000000000000000000000000000000000000000000000000000000000000000000000000000000000000000000000000000000FFFFF0000000000000000000000000000000FFF000FFF0000000000000000000000000000FF00000000F00000000000000000000000000F0000000000FF000000000000000000000000FF0000FFFF000F000000000000000000000000F0000FF00F000FF00000000000000000000000F000FF000F0000F0000000000000000000000FF000F0000F0000F0000000000000000000000FF000F0000F0000F0000000000000000000000FF00FF0000F0000F0000000000000000000000FF00FF000FF000FF0000000000000000000000FF00FF000FF000F00000000000000000000000FF000FF0FFF00FF000000000000000000000000F000FFFF0FFFF0000000000000000000000000FF0000000000000000000000000000000000000FF0000000000000000000000000000000000000FFF0000F00000000000000000000000000000000FFFFFF0000000000000000000000000000000000000000000000000
Glyph 65,913,1040 13 00000000000000000000000000000000000000000000000000000000000000000000000000000000000000000000000000000000000000000000000000000000000000000000000000000000000000000000000000000000000000000000000000000000000000000000000000000000000000000000000000000000000000000000000000000000000000000000000FF00000000000000000000000000000000000FFF00000000000000000000000000000000000F0F0000000000000000000000000000000000FF0FF000000000000000000000000000000000FF0FF000000000000000000000000000000000F000F00000000000000000000000000000000FF000FF0000000000000000000000000000000FF000FF000000000000000000000000000000FFFFFFFFF00000000000000000000000000000FFFFFFFFF00000000000000000000000000000F0000000F0000000000000000000000000000FF0000000FF000000000000000000000000000FF0000000FF00000000000000000000000000FF000000000FF00000000000000000000000000000000000000000000000000000000000000000000000000000000000000000000000000000000000000000000000000000000000000000000000000000000000000000000000000000000000000000000000000000000
Glyph 66,914,1042 12 0000000000000000000000000000000000000000000000000000000000000000000000000000000000000000000000000000000000000000000000000000000000000000000000000000000000000000000000000000000000000000000000000000000000000000000000000000000000000000000000000000000000000000000000000000000000000000000FFFFFFF0000000000000000000000000000000FFFFFFFF000000000000000000000000000000FF00000FF00000000000000000000000000000FF00000FF00000000000000000000000000000FF00000FF00000000000000000000000000000FFFFFFFF000000000000000000000000000000FFFFFFFF000000000000000000000000000000FF00000FF00000000000000000000000000000FF00000FF00000000000000000000000000000FF00000FF00000000000000000000000000000FF00000FF00000000000000000000000000000FF00000FF00000000000000000000000000000FFFFFFFF000000000000000000000000000000FFFFFFF000000000000000000000000000000000000000000000000000000000000000000000000000000000000000000000000000000000000000000000000000000000000000000000000000000000000000000000000000000000000000000000000000000000000
Glyph 67,1057 13 000000000000000000000000000000000000000000000000000000000000000000000000000000000000000000000000000000000000000000000000000000000000000000000000000000000000000000000000000000000000000000000000000000000000000000000000000000000000000000000000000000000000000000000000000000000000000000000FFFFF00000000000000000000000000000000FFFFFFFF00000000000000000000000000000FF00000FF00000000000000000000000000000FF000000FF000000000000000000000000000FF0000000FF000000000000000000000000000FF000000000000000000000000000000000000FF000000000000000000000000000000000000FF000000000000000000000000000000000000FF000000000000000000000000000000000000FF0000000FF0000000000000000000000000000FF000000FF0000000000000000000000000000FF00000FF000000000000000000000000000000FFFFFFFF0000000000000000000000000000000FFFFF000000000000000000000000000000000000000000000000000000000000000000000000000000000000000000000000000000000000000000000000000000000000000000000000000000000000000000000000000000000000000000000000000000000000
Glyph 68 13 0000000000000000000000000000000000000000000000000000000000000000000000000000000000000000000000000000000000000000000000000000000000000000000000000000000000000000000000000000000000000000000000000000000000000000000000000000000000000000000000000000000000000000000000000000000000000000000FFFFFF00000000000000000000000000000000FFFFFFFF000000000000000000000000000000FF00000FF00000000000000000000000000000FF00000FF00000000000000000000000000000FF000000FF0000000000000000000000000000FF000000FF0000000000000000000000000000FF000000FF0000000000000000000000000000FF000000FF0000000000000000000000000000FF000000FF0000000000000000000000000000FF000000FF0000000000000000000000000000FF00000FF00000000000000000000000000000FF00000FF00000000000000000000000000000FFFFFFFF000000000000000000000000000000FFFFFF0000000000000000000000000000000000000000000000000000000000000000000000000000000000000000000000000000000000000000000000000000000000000000000000000000000000000000000000000000000000000000000000000000000000000
Glyph 69,917,1045 11 0000000000000000000000000000000000000000000000000000000000000000000000000000000000000000000000000000000000000000000000000000000000000000000000000000000000000000000000000000000000000000000000000000000000000000000000000000000000000000000000000000000000000000000000000000000000000000000FFFFFFFFF00000000000000000000000000000FFFFFFFFF00000000000000000000000000000FF000000000000000000000000000000000000FF000000000000000000000000000000000000FF000000000000000000000000000000000000FF000000000000000000000000000000000000FFFFFFFF000000000000000000000000000000FFFFFFFF000000000000000000000000000000FF000000000000000000000000000000000000FF000000000000000000000000000000000000FF000000000000000000000000000000000000FF000000000000000000000000000000000000FFFFFFFFF00000000000000000000000000000FFFFFFFFF0000000000000000000000000000000000000000000000000000000000000000000000000000000000000000000000000000000000000000000000000000000000000000000000000000000000000000000000000000000000000000000000000000000000
Glyph 70 11 0000000000000000000000000000000000000000000000000000000000000000000000000000000000000000000000000000000000000000000000000000000000000000000000000000000000000000000000000000000000000000000000000000000000000000000000000000000000000000000000000000000000000000000000000000000000000000000FFFFFFFF000000000000000000000000000000FFFFFFFF000000000000000000000000000000FF000000000000000000000000000000000000FF000000000000000000000000000000000000FF000000000000000000000000000000000000FF000000000000000000000000000000000000FFFFFFFF000000000000000000000000000000FFFFFFFF000000000000000000000000000000FF000000000000000000000000000000000000FF000000000000000000000000000000000000FF000000000000000000000000000000000000FF000000000000000000000000000000000000FF000000000000000000000000000000000000FF00000000000000000000000000000000000000000000000000000000000000000000000000000000000000000000000000000000000000000000000000000000000000000000000000000000000000000000000000000000000000000000000000000000000000000
Glyph 71 14 000000000000000000000000000000000000000000000000000000000000000000000000000000000000000000000000000000000000000000000000000000000000000000000000000000000000000000000000000000000000000000000000000000000000000000000000000000000000000000000000000000000000000000000000000000000000000000000FFFFFF0000000000000000000000000000000FFFFFFFF00000000000000000000000000000FF000000FF0000000000000000000000000000FF000000FF000000000000000000000000000FF000000000000000000000000000000000000FF000000000000000000000000000000000000FF0000FFFFF000000000000000000000000000FF0000FFFFF000000000000000000000000000FF0000000FF000000000000000000000000000FF0000000FF0000000000000000000000000000FF000000FF0000000000000000000000000000FFF00000FF00000000000000000000000000000FFFFFFFFF0000000000000000000000000000000FFFFF00000000000000000000000000000000000000000000000000000000000000000000000000000000000000000000000000000000000000000000000000000000000000000000000000000000000000000000000000000000000000000000000000000000000
Glyph 72,919,1053 14 0000000000000000000000000000000000000000000000000000000000000000000000000000000000000000000000000000000000000000000000000000000000000000000000000000000000000000000000000000000000000000000000000000000000000000000000000000000000000000000000000000000000000000000000000000000000000000000FF0000000FF000000000000000000000000000FF0000000FF000000000000000000000000000FF0000000FF000000000000000000000000000FF0000000FF000000000000000000000000000FF0000000FF000000000000000000000000000FF0000000FF000000000000000000000000000FFFFFFFFFFF000000000000000000000000000FFFFFFFFFFF000000000000000000000000000FF0000000FF000000000000000000000000000FF0000000FF000000000000000000000000000FF0000000FF000000000000000000000000000FF0000000FF000000000000000000000000000FF0000000FF000000000000000000000000000FF0000000FF00000000000000000000000000000000000000000000000000000000000000000000000000000000000000000000000000000000000000000000000000000000000000000000000000000000000000000000000000000000000000000000000000000000
Glyph 73,921,1030,1216,1231 5 0000000000000000000000000000000000000000000000000000000000000000000000000000000000000000000000000000000000000000000000000000000000000000000000000000000000000000000000000000000000000000000000000000000000000000000000000000000000000000000000000000000000000000000000000000000000000000000FF000000000000000000000000000000000000FF000000000000000000000000000000000000FF000000000000000000000000000000000000FF000000000000000000000000000000000000FF000000000000000000000000000000000000FF000000000000000000000000000000000000FF000000000000000000000000000000000000FF000000000000000000000000000000000000FF000000000000000000000000000000000000FF000000000000000000000000000000000000FF000000000000000000000000000000000000FF000000000000000000000000000000000000FF000000000000000000000000000000000000FF00000000000000000000000000000000000000000000000000000000000000000000000000000000000000000000000000000000000000000000000000000000000000000000000000000000000000000000000000000000000000000000000000000000000000000
Glyph 74,1032 11 0000000000000000000000000000000000000000000000000000000000000000000000000000000000000000000000000000000000000000000000000000000000000000000000000000000000000000000000000000000000000000000000000000000000000000000000000000000000000000000000000000000000000000000000000000000000000000000000000FF000000000000000000000000000000000000FF000000000000000000000000000000000000FF000000000000000000000000000000000000FF000000000000000000000000000000000000FF000000000000000000000000000000000000FF000000000000000000000000000000000000FF000000000000000000000000000000000000FF000000000000000000000000000000000000FF000000000000000000000000000000000000FF00000000000000000000000000000F000000F000000000000000000000000000000FF0000FF000000000000000000000000000000FFFFFFFF00000000000000000000000000000000FFFF00000000000000000000000000000000000000000000000000000000000000000000000000000000000000000000000000000000000000000000000000000000000000000000000000000000000000000000000000000000000000000000000000000000000000
Glyph 75,922 13 0000000000000000000000000000000000000000000000000000000000000000000000000000000000000000000000000000000000000000000000000000000000000000000000000000000000000000000000000000000000000000000000000000000000000000000000000000000000000000000000000000000000000000000000000000000000000000000FF00000FFF0000000000000000000000000000FF0000FFF00000000000000000000000000000FF0000FF000000000000000000000000000000FF000FF0000000000000000000000000000000FF00FF00000000000000000000000000000000FF0FF000000000000000000000000000000000FFFFF000000000000000000000000000000000FFFFFF00000000000000000000000000000000FF00FF00000000000000000000000000000000FF000FF0000000000000000000000000000000FF0000FF000000000000000000000000000000FF0000FFF00000000000000000000000000000FF00000FF00000000000000000000000000000FF000000FF000000000000000000000000000000000000000000000000000000000000000000000000000000000000000000000000000000000000000000000000000000000000000000000000000000000000000000000000000000000000000000000000000000000
Glyph 76 11 0000000000000000000000000000000000000000000000000000000000000000000000000000000000000000000000000000000000000000000000000000000000000000000000000000000000000000000000000000000000000000000000000000000000000000000000000000000000000000000000000000000000000000000000000000000000000000000FF000000000000000000000000000000000000FF000000000000000000000000000000000000FF000000000000000000000000000000000000FF000000000000000000000000000000000000FF000000000000000000000000000000000000FF000000000000000000000000000000000000FF000000000000000000000000000000000000FF000000000000000000000000000000000000FF000000000000000000000000000000000000FF000000000000000000000000000000000000FF000000000000000000000000000000000000FF000000000000000000000000000000000000FFFFFFFF000000000000000000000000000000FFFFFFFF00000000000000000000000000000000000000000000000000000000000000000000000000000000000000000000000000000000000000000000000000000000000000000000000000000000000000000000000000000000000000000000000000000000000
Glyph 77,924,1052 17 0000000000000000000000000000000000000000000000000000000000000000000000000000000000000000000000000000000000000000000000000000000000000000000000000000000000000000000000000000000000000000000000000000000000000000000000000000000000000000000000000000000000000000000000000000000000000000000FF000000000FFF000000000000000000000000FFF00000000FFF000000000000000000000000FFF0000000FFFF000000000000000000000000F0FF000000FFFF000000000000000000000000F0FF000000F0FF000000000000000000000000F00F00000FF0FF000000000000000000000000F00FF0000FF0FF000000000000000000000000F00FF000FF00FF000000000000000000000000FF00FF00FF00FF000000000000000000000000FF00FF00F000FF000000000000000000000000FF000F0FF000FF000000000000000000000000FF000FFF0000FF000000000000000000000000FF000FFF0000FF000000000000000000000000FF0000FF0000FF00000000000000000000000000000000000000000000000000000000000000000000000000000000000000000000000000000000000000000000000000000000000000000000000000000000000000000000000000000000000000000000000000000
Glyph 78,925 14 0000000000000000000000000000000000000000000000000000000000000000000000000000000000000000000000000000000000000000000000000000000000000000000000000000000000000000000000000000000000000000000000000000000000000000000000000000000000000000000000000000000000000000000000000000000000000000000FF0000000FF000000000000000000000000000FFF000000FF000000000000000000000000000FFF000000FF000000000000000000000000000FFFF00000FF000000000000000000000000000FFFFF0000FF000000000000000000000000000FF0FF0000FF000000000000000000000000000FF00FF000FF000000000000000000000000000FF00FFF00FF000000000000000000000000000FF000FF00FF000000000000000000000000000FF0000FF0FF000000000000000000000000000FF0000FFFFF000000000000000000000000000FF00000FFFF000000000000000000000000000FF000000FFF000000000000000000000000000FF000000FFF00000000000000000000000000000000000000000000000000000000000000000000000000000000000000000000000000000000000000000000000000000000000000000000000000000000000000000000000000000000000000000000000000000000
Glyph 79,927,1054 14 000000000000000000000000000000000000000000000000000000000000000000000000000000000000000000000000000000000000000000000000000000000000000000000000000000000000000000000000000000000000000000000000000000000000000000000000000000000000000000000000000000000000000000000000000000000000000000000FFFFF00000000000000000000000000000000FFFFFFFF00000000000000000000000000000FF00000FFF0000000000000000000000000000FF000000FF000000000000000000000000000FF0000000FF000000000000000000000000000FF00000000FF00000000000000000000000000FF00000000FF00000000000000000000000000FF00000000FF00000000000000000000000000FF00000000FF00000000000000000000000000FF0000000FF0000000000000000000000000000FF000000FF0000000000000000000000000000FF00000FFF00000000000000000000000000000FFFFFFFF0000000000000000000000000000000FFFFF000000000000000000000000000000000000000000000000000000000000000000000000000000000000000000000000000000000000000000000000000000000000000000000000000000000000000000000000000000000000000000000000000000000000
Glyph 80,929,1056 13 0000000000000000000000000000000000000000000000000000000000000000000000000000000000000000000000000000000000000000000000000000000000000000000000000000000000000000000000000000000000000000000000000000000000000000000000000000000000000000000000000000000000000000000000000000000000000000000FFFFFFF0000000000000000000000000000000FFFFFFFFF00000000000000000000000000000FF00000FF00000000000000000000000000000FF000000FF0000000000000000000000000000FF000000FF0000000000000000000000000000FF000000FF0000000000000000000000000000FF00000FFF0000000000000000000000000000FFFFFFFFF00000000000000000000000000000FFFFFFFF000000000000000000000000000000FF000000000000000000000000000000000000FF000000000000000000000000000000000000FF000000000000000000000000000000000000FF000000000000000000000000000000000000FF00000000000000000000000000000000000000000000000000000000000000000000000000000000000000000000000000000000000000000000000000000000000000000000000000000000000000000000000000000000000000000000000000000000000000000
Glyph 81 14 000000000000000000000000000000000000000000000000000000000000000000000000000000000000000000000000000000000000000000000000000000000000000000000000000000000000000000000000000000000000000000000000000000000000000000000000000000000000000000000000000000000000000000000000000000000000000000000FFFFF00000000000000000000000000000000FFFFFFFF00000000000000000000000000000FF00000FFF0000000000000000000000000000FF000000FF000000000000000000000000000FF0000000FF000000000000000000000000000FF00000000F000000000000000000000000000FF00000000FF00000000000000000000000000FF00000000FF00000000000000000000000000FF00000000F000000000000000000000000000FF0000000FF0000000000000000000000000000FF000000FF0000000000000000000000000000FF00000FFF00000000000000000000000000000FFFFFFFF0000000000000000000000000000000FFFFFFF000000000000000000000000000000000000FFF0000000000000000000000000000000000000F00000000000000000000000000000000000000000000000000000000000000000000000000000000000000000000000000000000000000000000000000000
Glyph 82 12 0000000000000000000000000000000000000000000000000000000000000000000000000000000000000000000000000000000000000000000000000000000000000000000000000000000000000000000000000000000000000000000000000000000000000000000000000000000000000000000000000000000000000000000000000000000000000000000FFFFFFF0000000000000000000000000000000FFFFFFFFF00000000000000000000000000000FF00000FF00000000000000000000000000000FF00000FF00000000000000000000000000000FF00000FF00000000000000000000000000000FF00000FF00000000000000000000000000000FFFFFFFF000000000000000000000000000000FFFFFFF0000000000000000000000000000000FF000FF0000000000000000000000000000000FF0000FF000000000000000000000000000000FF0000FF000000000000000000000000000000FF00000FF00000000000000000000000000000FF00000FF00000000000000000000000000000FF000000FF000000000000000000000000000000000000000000000000000000000000000000000000000000000000000000000000000000000000000000000000000000000000000000000000000000000000000000000000000000000000000000000000000000000
Glyph 83,1029 12 000000000000000000000000000000000000000000000000000000000000000000000000000000000000000000000000000000000000000000000000000000000000000000000000000000000000000000000000000000000000000000000000000000000000000000000000000000000000000000000000000000000000000000000000000000000000000000000FFFFF0000000000000000000000000000000FFFFFFFF00000000000000000000000000000FFF00000FF0000000000000000000000000000FF000000FF0000000000000000000000000000FF0000000000000000000000000000000000000FF0000000000000000000000000000000000000FFFF000000000000000000000000000000000000FFFFF000000000000000000000000000000000000FFF000000000000000000000000000000000000FF0000000000000000000000000000FF000000FF0000000000000000000000000000FF000000FF00000000000000000000000000000FFFFFFFF0000000000000000000000000000000FFFFFF000000000000000000000000000000000000000000000000000000000000000000000000000000000000000000000000000000000000000000000000000000000000000000000000000000000000000000000000000000000000000000000000000000000000
Glyph 84,932,1058 12 00000000000000000000000000000000000000000000000000000000000000000000000000000000000000000000000000000000000000000000000000000000000000000000000000000000000000000000000000000000000000000000000000000000000000000000000000000000000000000000000000000000000000000000000000000000000000000FFFFFFFFFFF000000000000000000000000000FFFFFFFFFFF00000000000000000000000000000000FF000000000000000000000000000000000000FF000000000000000000000000000000000000FF000000000000000000000000000000000000FF000000000000000000000000000000000000FF000000000000000000000000000000000000FF000000000000000000000000000000000000FF000000000000000000000000000000000000FF000000000000000000000000000000000000FF000000000000000000000000000000000000FF000000000000000000000000000000000000FF000000000000000000000000000000000000FF00000000000000000000000000000000000000000000000000000000000000000000000000000000000000000000000000000000000000000000000000000000000000000000000000000000000000000000000000000000000000000000000000000000000000
Glyph 85 13 000000000000000000000000000000000000000000000000000000000000000000000000000000000000000000000000000000000000000000000000000000000000000000000000000000000000000000000000000000000000000000000000000000000000000000000000000000000000000000000000000000000000000000000000000000000000000000FF0000000FF000000000000000000000000000FF0000000FF000000000000000000000000000FF0000000FF000000000000000000000000000FF0000000FF000000000000000000000000000FF0000000FF000000000000000000000000000FF0000000FF000000000000000000000000000FF0000000FF000000000000000000000000000FF0000000FF000000000000000000000000000FF0000000FF000000000000000000000000000FF0000000FF000000000000000000000000000FF0000000FF0000000000000000000000000000FF00000FF00000000000000000000000000000FFFFFFFF00000000000000000000000000000000FFFFF000000000000000000000000000000000000000000000000000000000000000000000000000000000000000000000000000000000000000000000000000000000000000000000000000000000000000000000000000000000000000000000000000000000000
Glyph 86 13 00000000000000000000000000000000000000000000000000000000000000000000000000000000000000000000000000000000000000000000000000000000000000000000000000000000000000000000000000000000000000000000000000000000000000000000000000000000000000000000000000000000000000000000000000000000000000000FFF0000000FF000000000000000000000000000FF0000000FF000000000000000000000000000FF0000000FF0000000000000000000000000000FF00000FF00000000000000000000000000000FF00000FF00000000000000000000000000000FF0000FF0000000000000000000000000000000FF000FF0000000000000000000000000000000FF000FF0000000000000000000000000000000FF00FF000000000000000000000000000000000FF0FF000000000000000000000000000000000FF0FF0000000000000000000000000000000000FFF00000000000000000000000000000000000FFF00000000000000000000000000000000000FF00000000000000000000000000000000000000000000000000000000000000000000000000000000000000000000000000000000000000000000000000000000000000000000000000000000000000000000000000000000000000000000000000000000000000
Glyph 87 18 000000000000000000000000000000000000000000000000000000000000000000000000000000000000000000000000000000000000000000000000000000000000000000000000000000000000000000000000000000000000000000000000000000000000000000000000000000000000000000000000000000000000000000000000000000000000000000FF00000FF00000FF0000000000000000000000FF00000FF00000FF0000000000000000000000FF0000FFF00000FF0000000000000000000000FF0000FFFF0000F000000000000000000000000FF000FFFF000FF000000000000000000000000FF000F00F000FF000000000000000000000000FF00FF00FF00FF000000000000000000000000FF00FF00FF00F00000000000000000000000000F00F0000F0FF00000000000000000000000000FFFF0000F0FF00000000000000000000000000FFFF0000FFFF00000000000000000000000000FFF00000FFF0000000000000000000000000000FF000000FF0000000000000000000000000000FF000000FF0000000000000000000000000000000000000000000000000000000000000000000000000000000000000000000000000000000000000000000000000000000000000000000000000000000000000000000000000000000000000000000000000000000
Glyph 88,935,1061 13 000000000000000000000000000000000000000000000000000000000000000000000000000000000000000000000000000000000000000000000000000000000000000000000000000000000000000000000000000000000000000000000000000000000000000000000000000000000000000000000000000000000000000000000000000000000000000000FF000000FFF0000000000000000000000000000FF00000FF00000000000000000000000000000FF0000FF0000000000000000000000000000000FF00FFF00000000000000000000000000000000FF0FF000000000000000000000000000000000FFFF00000000000000000000000000000000000FFF00000000000000000000000000000000000FFF0000000000000000000000000000000000FFFF000000000000000000000000000000000FFF0FF00000000000000000000000000000000FF000FF000000000000000000000000000000FF0000FF000000000000000000000000000000FF00000FF0000000000000000000000000000FF000000FFF000000000000000000000000000000000000000000000000000000000000000000000000000000000000000000000000000000000000000000000000000000000000000000000000000000000000000000000000000000000000000000000000000000000
Glyph 89,933,1198 12 00000000000000000000000000000000000000000000000000000000000000000000000000000000000000000000000000000000000000000000000000000000000000000000000000000000000000000000000000000000000000000000000000000000000000000000000000000000000000000000000000000000000000000000000000000000000000000FFF000000FFF000000000000000000000000000FF000000FF00000000000000000000000000000FF0000FF000000000000000000000000000000FF0000FF0000000000000000000000000000000FF00FF00000000000000000000000000000000FF00FF000000000000000000000000000000000FFFF0000000000000000000000000000000000FFFF00000000000000000000000000000000000FF000000000000000000000000000000000000FF000000000000000000000000000000000000FF000000000000000000000000000000000000FF000000000000000000000000000000000000FF000000000000000000000000000000000000FF00000000000000000000000000000000000000000000000000000000000000000000000000000000000000000000000000000000000000000000000000000000000000000000000000000000000000000000000000000000000000000000000000000000000000
Glyph 90,918 12 000000000000000000000000000000000000000000000000000000000000000000000000000000000000000000000000000000000000000000000000000000000000000000000000000000000000000000000000000000000000000000000000000000000000000000000000000000000000000000000000000000000000000000000000000000000000000000FFFFFFFFFF0000000000000000000000000000FFFFFFFFFF00000000000000000000000000000000000FF00000000000000000000000000000000000FF000000000000000000000000000000000000FF00000000000000000000000000000000000FF00000000000000000000000000000000000FF00000000000000000000000000000000000FFF00000000000000000000000000000000000FF00000000000000000000000000000000000FF00000000000000000000000000000000000FF000000000000000000000000000000000000FF00000000000000000000000000000000000FFFFFFFFFF0000000000000000000000000000FFFFFFFFFF0000000000000000000000000000000000000000000000000000000000000000000000000000000000000000000000000000000000000000000000000000000000000000000000000000000000000000000000000000000000000000000000000000000000
Glyph 91 5 00000000000000000000000000000000000000000000000000000000000000000000000000000000000000000000000000000000000000000000000000000000000000000000000000000000000000000000000000000000000000000000000000000000000000FFFF0000000000000000000000000000000000FF000000000000000000000000000000000000FF000000000000000000000000000000000000FF000000000000000000000000000000000000FF000000000000000000000000000000000000FF000000000000000000000000000000000000FF000000000000000000000000000000000000FF000000000000000000000000000000000000FF000000000000000000000000000000000000FF000000000000000000000000000000000000FF000000000000000000000000000000000000FF000000000000000000000000000000000000FF000000000000000000000000000000000000FF000000000000000000000000000000000000FF000000000000000000000000000000000000FF000000000000000000000000000000000000FF000000000000000000000000000000000000FF000000000000000000000000000000000000FFFF0000000000000000000000000000000000000000000000000000000000000000000000000000000000000000000000
Glyph 92 8 000000000000000000000000000000000000000000000000000000000000000000000000000000000000000000000000000000000000000000000000000000000000000000000000000000000000000000000000000000000000000000000000000000000000000000000000000000000000000000000000000000000000000000000000000000000000000000F0000000000000000000000000000000000000FF000000000000000000000000000000000000FF0000000000000000000000000000000000000FF000000000000000000000000000000000000FF0000000000000000000000000000000000000F0000000000000000000000000000000000000FF000000000000000000000000000000000000FF0000000000000000000000000000000000000F0000000000000000000000000000000000000FF0000000000000000000000000000000000000F0000000000000000000000000000000000000FF000000000000000000000000000000000000FF0000000000000000000000000000000000000F0000000000000000000000000000000000000FF00000000000000000000000000000000000000000000000000000000000000000000000000000000000000000000000000000000000000000000000000000000000000000000000000000000000000000000000
Glyph 93 5 0000000000000000000000000000000000000000000000000000000000000000000000000000000000000000000000000000000000000000000000000000000000000000000000000000000000000000000000000000000000000000000000000000000000000FFFF000000000000000000000000000000000000FF000000000000000000000000000000000000FF000000000000000000000000000000000000FF000000000000000000000000000000000000FF000000000000000000000000000000000000FF000000000000000000000000000000000000FF000000000000000000000000000000000000FF000000000000000000000000000000000000FF000000000000000000000000000000000000FF000000000000000000000000000000000000FF000000000000000000000000000000000000FF000000000000000000000000000000000000FF000000000000000000000000000000000000FF000000000000000000000000000000000000FF000000000000000000000000000000000000FF000000000000000000000000000000000000FF000000000000000000000000000000000000FF0000000000000000000000000000000000FFFF00000000000000000000000000000000000000000000000000000000000000000000000000000000000000000000000
Glyph 94 8 00000000000000000000000000000000000000000000000000000000000000000000000000000000000000000000000000000000000000000000000000000000000000000000000000000000000000000000000000000000000000000000000000000000000000000000000000000000000000000000000000000000000000000000000000000000000000000000FF000000000000000000000000000000000000FF000000000000000000000000000000000000FFF0000000000000000000000000000000000FF0F0000000000000000000000000000000000F00FF00000000000000000000000000000000FF00FF00000000000000000000000000000000FF000F0000000000000000000000000000000000000000000000000000000000000000000000000000000000000000000000000000000000000000000000000000000000000000000000000000000000000000000000000000000000000000000000000000000000000000000000000000000000000000000000000000000000000000000000000000000000000000000000000000000000000000000000000000000000000000000000000000000000000000000000000000000000000000000000000000000000000000000000000000000000000000000000000000000000000000000000000000000000000000
Glyph 95 9 000000000000000000000000000000000000000000000000000000000000000000000000000000000000000000000000000000000000000000000000000000000000000000000000000000000000000000000000000000000000000000000000000000000000000000000000000000000000000000000000000000000000000000000000000000000000000000000000000000000000000000000000000000000000000000000000000000000000000000000000000000000000000000000000000000000000000000000000000000000000000000000000000000000000000000000000000000000000000000000000000000000000000000000000000000000000000000000000000000000000000000000000000000000000000000000000000000000000000000000000000000000000000000000000000000000000000000000000000000000000000000000000000000000000000000000000000000000000000000000000000000000000000000000000000000000000000000000000000000000000000000000000000000000000000000000FFFFFFFFF0000000000000000000000000000000000000000000000000000000000000000000000000000000000000000000000000000000000000000000000000000000000000000000000000000000000000000000000
Glyph 96 6 0000000000000000000000000000000000000000000000000000000000000000000000000000000000000000000000000000000000000000000000000000000000000000000000000000000000000000000000000000000000000000000000000000000000000000000000000000000000000000000000000000FF0000000000000000000000000000000000000FF0000000000000000000000000000000000000F00000000000000000000000000000000000000000000000000000000000000000000000000000000000000000000000000000000000000000000000000000000000000000000000000000000000000000000000000000000000000000000000000000000000000000000000000000000000000000000000000000000000000000000000000000000000000000000000000000000000000000000000000000000000000000000000000000000000000000000000000000000000000000000000000000000000000000000000000000000000000000000000000000000000000000000000000000000000000000000000000000000000000000000000000000000000000000000000000000000000000000000000000000000000000000000000000000000000000000000000000000000000000000000000000000000000000000000000000000000000000000
Glyph 97,1072 11 00000000000000000000000000000000000000000000000000000000000000000000000000000000000000000000000000000000000000000000000000000000000000000000000000000000000000000000000000000000000000000000000000000000000000000000000000000000000000000000000000000000000000000000000000000000000000000000000000000000000000000000000000000000000000000000000000000000000000000000000000000000000000000000000000000000000000FFFFF00000000000000000000000000000000FFF0FFF000000000000000000000000000000FF0000FF0000000000000000000000000000000000000F00000000000000000000000000000000FFFFFF0000000000000000000000000000000FF0000F000000000000000000000000000000FF00000F000000000000000000000000000000FF00000F000000000000000000000000000000FF0000FF0000000000000000000000000000000FFFFFFF00000000000000000000000000000000FFFF0FF00000000000000000000000000000000000000000000000000000000000000000000000000000000000000000000000000000000000000000000000000000000000000000000000000000000000000000000000000000000000000000000000000000000000
Glyph 98 11 0000000000000000000000000000000000000000000000000000000000000000000000000000000000000000000000000000000000000000000000000000000000000000000000000000000000000000000000000000000000000000000000000000000000000000000000000000000000000000000000000000FF000000000000000000000000000000000000FF000000000000000000000000000000000000FF000000000000000000000000000000000000FF000000000000000000000000000000000000FF0FFFF0000000000000000000000000000000FFFFFFFF000000000000000000000000000000FFF0000FF00000000000000000000000000000FF00000FF00000000000000000000000000000FF00000FF00000000000000000000000000000FF00000FF00000000000000000000000000000FF00000FF00000000000000000000000000000FF00000FF00000000000000000000000000000FFF0000FF00000000000000000000000000000FFFFFFFF000000000000000000000000000000FF0FFFF0000000000000000000000000000000000000000000000000000000000000000000000000000000000000000000000000000000000000000000000000000000000000000000000000000000000000000000000000000000000000000000000000000000000000
Glyph 99 10 00000000000000000000000000000000000000000000000000000000000000000000000000000000000000000000000000000000000000000000000000000000000000000000000000000000000000000000000000000000000000000000000000000000000000000000000000000000000000000000000000000000000000000000000000000000000000000000000000000000000000000000000000000000000000000000000000000000000000000000000000000000000000000000000000000000000000FFFFF00000000000000000000000000000000FFF0FFF000000000000000000000000000000FF00000FF00000000000000000000000000000FF00000FF00000000000000000000000000000FF000000000000000000000000000000000000FF000000000000000000000000000000000000FF000000000000000000000000000000000000FF00000FF00000000000000000000000000000FF00000F0000000000000000000000000000000FFFFFFF00000000000000000000000000000000FFFFF0000000000000000000000000000000000000000000000000000000000000000000000000000000000000000000000000000000000000000000000000000000000000000000000000000000000000000000000000000000000000000000000000000000000000
Glyph 100,1281 11 00000000000000000000000000000000000000000000000000000000000000000000000000000000000000000000000000000000000000000000000000000000000000000000000000000000000000000000000000000000000000000000000000000000000000000000000000000000000000000000000000000000000FF000000000000000000000000000000000000FF000000000000000000000000000000000000FF000000000000000000000000000000000000FF0000000000000000000000000000000FFFF0FF000000000000000000000000000000FFFFFFFF00000000000000000000000000000FFF0000FF00000000000000000000000000000FF00000FF00000000000000000000000000000FF00000FF00000000000000000000000000000FF00000FF00000000000000000000000000000FF00000FF00000000000000000000000000000FF00000FF000000000000000000000000000000FF0000FF000000000000000000000000000000FFFFFFFF0000000000000000000000000000000FFFF0FF00000000000000000000000000000000000000000000000000000000000000000000000000000000000000000000000000000000000000000000000000000000000000000000000000000000000000000000000000000000000000000000000000000000000
Glyph 101,1077 11 000000000000000000000000000000000000000000000000000000000000000000000000000000000000000000000000000000000000000000000000000000000000000000000000000000000000000000000000000000000000000000000000000000000000000000000000000000000000000000000000000000000000000000000000000000000000000000000000000000000000000000000000000000000000000000000000000000000000000000000000000000000000000000000000000000000000000FFFF00000000000000000000000000000000FFF0FFF0000000000000000000000000000000FF0000F000000000000000000000000000000FF00000FF00000000000000000000000000000FF00000FF00000000000000000000000000000FFFFFFFFF00000000000000000000000000000FF000000000000000000000000000000000000FF000000000000000000000000000000000000FFF0000F0000000000000000000000000000000FFFFFFF00000000000000000000000000000000FFFFF0000000000000000000000000000000000000000000000000000000000000000000000000000000000000000000000000000000000000000000000000000000000000000000000000000000000000000000000000000000000000000000000000000000000000
Glyph 102 7 0000000000000000000000000000000000000000000000000000000000000000000000000000000000000000000000000000000000000000000000000000000000000000000000000000000000000000000000000000000000000000000000000000000000000000000000000000000000000000000000000000000FFF0000000000000000000000000000000000FFFF000000000000000000000000000000000FF000000000000000000000000000000000000FF00000000000000000000000000000000000FFFFF0000000000000000000000000000000000FF000000000000000000000000000000000000FF000000000000000000000000000000000000FF000000000000000000000000000000000000FF000000000000000000000000000000000000FF000000000000000000000000000000000000FF000000000000000000000000000000000000FF000000000000000000000000000000000000FF000000000000000000000000000000000000FF000000000000000000000000000000000000FF00000000000000000000000000000000000000000000000000000000000000000000000000000000000000000000000000000000000000000000000000000000000000000000000000000000000000000000000000000000000000000000000000000000000000000
Glyph 103 11 00000000000000000000000000000000000000000000000000000000000000000000000000000000000000000000000000000000000000000000000000000000000000000000000000000000000000000000000000000000000000000000000000000000000000000000000000000000000000000000000000000000000000000000000000000000000000000000000000000000000000000000000000000000000000000000000000000000000000000000000000000000000000000000000000000000000000FFFF0FF000000000000000000000000000000FFFFFFFF00000000000000000000000000000FFF0000FF00000000000000000000000000000FF00000FF00000000000000000000000000000FF00000FF00000000000000000000000000000FF00000FF00000000000000000000000000000FF00000FF00000000000000000000000000000FF00000FF000000000000000000000000000000FF0000FF000000000000000000000000000000FFFFFFFF0000000000000000000000000000000FFFF0FF000000000000000000000000000000000000FF000000000000000000000000000000F00000FF000000000000000000000000000000FFF0FFF00000000000000000000000000000000FFFFF00000000000000000000000000000000000000000000000000000
Glyph 104,1211 11 0000000000000000000000000000000000000000000000000000000000000000000000000000000000000000000000000000000000000000000000000000000000000000000000000000000000000000000000000000000000000000000000000000000000000000000000000000000000000000000000000000FF000000000000000000000000000000000000FF000000000000000000000000000000000000FF000000000000000000000000000000000000FF000000000000000000000000000000000000FF0FFFF0000000000000000000000000000000FFFFFFFF000000000000000000000000000000FFF0000FF00000000000000000000000000000FF00000FF00000000000000000000000000000FF00000FF00000000000000000000000000000FF00000FF00000000000000000000000000000FF00000FF00000000000000000000000000000FF00000FF00000000000000000000000000000FF00000FF00000000000000000000000000000FF00000FF00000000000000000000000000000FF00000FF00000000000000000000000000000000000000000000000000000000000000000000000000000000000000000000000000000000000000000000000000000000000000000000000000000000000000000000000000000000000000000000000000000000000
Glyph 105,1110 5 0000000000000000000000000000000000000000000000000000000000000000000000000000000000000000000000000000000000000000000000000000000000000000000000000000000000000000000000000000000000000000000000000000000000000000000000000000000000000000000000000000FF0000000000000000000000000000000000000F00000000000000000000000000000000000000000000000000000000000000000000000000000000000000000000000000000000000000000F0000000000000000000000000000000000000F0000000000000000000000000000000000000F0000000000000000000000000000000000000F0000000000000000000000000000000000000F0000000000000000000000000000000000000F0000000000000000000000000000000000000F0000000000000000000000000000000000000F0000000000000000000000000000000000000F0000000000000000000000000000000000000F0000000000000000000000000000000000000F000000000000000000000000000000000000000000000000000000000000000000000000000000000000000000000000000000000000000000000000000000000000000000000000000000000000000000000000000000000000000000000000000000000000000000
Glyph 106,1112 5 0000000000000000000000000000000000000000000000000000000000000000000000000000000000000000000000000000000000000000000000000000000000000000000000000000000000000000000000000000000000000000000000000000000000000000000000000000000000000000000000000000FF000000000000000000000000000000000000FF0000000000000000000000000000000000000000000000000000000000000000000000000000000000000000000000000000000000000000FF000000000000000000000000000000000000FF000000000000000000000000000000000000FF000000000000000000000000000000000000FF000000000000000000000000000000000000FF000000000000000000000000000000000000FF000000000000000000000000000000000000FF000000000000000000000000000000000000FF000000000000000000000000000000000000FF000000000000000000000000000000000000FF000000000000000000000000000000000000FF000000000000000000000000000000000000FF000000000000000000000000000000000000FF0000000000000000000000000000000000FFFF0000000000000000000000000000000000FFF00000000000000000000000000000000000000000000000000000000000
Glyph 107 10 0000000000000000000000000000000000000000000000000000000000000000000000000000000000000000000000000000000000000000000000000000000000000000000000000000000000000000000000000000000000000000000000000000000000000000000000000000000000000000000000000000FF000000000000000000000000000000000000FF000000000000000000000000000000000000FF000000000000000000000000000000000000FF000000000000000000000000000000000000FF0000FF000000000000000000000000000000FF000FF0000000000000000000000000000000FF00FF00000000000000000000000000000000FF0FFF00000000000000000000000000000000FFFFF000000000000000000000000000000000FFFFF000000000000000000000000000000000FFF0FF00000000000000000000000000000000FF00FFF0000000000000000000000000000000FF000FF0000000000000000000000000000000FF0000FF000000000000000000000000000000FF00000FF00000000000000000000000000000000000000000000000000000000000000000000000000000000000000000000000000000000000000000000000000000000000000000000000000000000000000000000000000000000000000000000000000000000000
Glyph 108 5 00000000000000000000000000000000000000000000000000000000000000000000000000000000000000000000000000000000000000000000000000000000000000000000000000000000000000000000000000000000000000000000000000000000000000000000000000000000000000000000000000000F0000000000000000000000000000000000000F0000000000000000000000000000000000000F0000000000000000000000000000000000000F0000000000000000000000000000000000000F0000000000000000000000000000000000000F0000000000000000000000000000000000000F0000000000000000000000000000000000000F0000000000000000000000000000000000000F0000000000000000000000000000000000000F0000000000000000000000000000000000000F0000000000000000000000000000000000000F0000000000000000000000000000000000000F0000000000000000000000000000000000000F0000000000000000000000000000000000000F000000000000000000000000000000000000000000000000000000000000000000000000000000000000000000000000000000000000000000000000000000000000000000000000000000000000000000000000000000000000000000000000000000000000000000
Glyph 109 18 000000000000000000000000000000000000000000000000000000000000000000000000000000000000000000000000000000000000000000000000000000000000000000000000000000000000000000000000000000000000000000000000000000000000000000000000000000000000000000000000000000000000000000000000000000000000000000000000000000000000000000000000000000000000000000000000000000000000000000000000000000000000000000000000000000000000FF0FFFF000FFFF000000000000000000000000FFFFFFFFFFFFFFF00000000000000000000000FF00000FF0000FF00000000000000000000000FF00000FF0000FF00000000000000000000000FF00000FF0000FF00000000000000000000000FF00000FF0000FF00000000000000000000000FF00000FF0000FF00000000000000000000000FF00000FF0000FF00000000000000000000000FF00000FF0000FF00000000000000000000000FF00000FF0000FF00000000000000000000000FF00000FF0000FF00000000000000000000000000000000000000000000000000000000000000000000000000000000000000000000000000000000000000000000000000000000000000000000000000000000000000000000000000000000000000000000000000000
Glyph 110 11 000000000000000000000000000000000000000000000000000000000000000000000000000000000000000000000000000000000000000000000000000000000000000000000000000000000000000000000000000000000000000000000000000000000000000000000000000000000000000000000000000000000000000000000000000000000000000000000000000000000000000000000000000000000000000000000000000000000000000000000000000000000000000000000000000000000000FF0FFFF0000000000000000000000000000000FFFFFFFF000000000000000000000000000000FFF0000FF00000000000000000000000000000FF00000FF00000000000000000000000000000FF00000FF00000000000000000000000000000FF00000FF00000000000000000000000000000FF00000FF00000000000000000000000000000FF00000FF00000000000000000000000000000FF00000FF00000000000000000000000000000FF00000FF00000000000000000000000000000FF00000FF00000000000000000000000000000000000000000000000000000000000000000000000000000000000000000000000000000000000000000000000000000000000000000000000000000000000000000000000000000000000000000000000000000000000
Glyph 111,959,1086 11 000000000000000000000000000000000000000000000000000000000000000000000000000000000000000000000000000000000000000000000000000000000000000000000000000000000000000000000000000000000000000000000000000000000000000000000000000000000000000000000000000000000000000000000000000000000000000000000000000000000000000000000000000000000000000000000000000000000000000000000000000000000000000000000000000000000000000FFFF00000000000000000000000000000000FFF0FFF0000000000000000000000000000000FF0000FF00000000000000000000000000000FF00000FF00000000000000000000000000000FF000000F00000000000000000000000000000FF000000FF0000000000000000000000000000FF000000F00000000000000000000000000000FF00000FF000000000000000000000000000000FF0000FF000000000000000000000000000000FFFFFFF000000000000000000000000000000000FFFF0000000000000000000000000000000000000000000000000000000000000000000000000000000000000000000000000000000000000000000000000000000000000000000000000000000000000000000000000000000000000000000000000000000000000
Glyph 112,1088 11 000000000000000000000000000000000000000000000000000000000000000000000000000000000000000000000000000000000000000000000000000000000000000000000000000000000000000000000000000000000000000000000000000000000000000000000000000000000000000000000000000000000000000000000000000000000000000000000000000000000000000000000000000000000000000000000000000000000000000000000000000000000000000000000000000000000000FF0FFFF0000000000000000000000000000000FFFFFFFF000000000000000000000000000000FFF0000FF00000000000000000000000000000FF00000FF00000000000000000000000000000FF00000FF00000000000000000000000000000FF00000FF00000000000000000000000000000FF00000FF00000000000000000000000000000FF00000FF00000000000000000000000000000FF00000FF00000000000000000000000000000FFFFFFFF000000000000000000000000000000FF0FFFF0000000000000000000000000000000FF000000000000000000000000000000000000FF000000000000000000000000000000000000FF000000000000000000000000000000000000FF0000000000000000000000000000000000000000000000000000000000
Glyph 113 11 00000000000000000000000000000000000000000000000000000000000000000000000000000000000000000000000000000000000000000000000000000000000000000000000000000000000000000000000000000000000000000000000000000000000000000000000000000000000000000000000000000000000000000000000000000000000000000000000000000000000000000000000000000000000000000000000000000000000000000000000000000000000000000000000000000000000000FFFF0FF000000000000000000000000000000FFF0FFFF00000000000000000000000000000FFF0000FF00000000000000000000000000000FF00000FF00000000000000000000000000000FF00000FF00000000000000000000000000000FF00000FF00000000000000000000000000000FF00000FF00000000000000000000000000000FF00000FF00000000000000000000000000000FFF0000FF000000000000000000000000000000FFFFFFFF0000000000000000000000000000000FFFF0FF000000000000000000000000000000000000FF000000000000000000000000000000000000FF000000000000000000000000000000000000FF000000000000000000000000000000000000FF000000000000000000000000000000000000000000000000000
Glyph 114 7 000000000000000000000000000000000000000000000000000000000000000000000000000000000000000000000000000000000000000000000000000000000000000000000000000000000000000000000000000000000000000000000000000000000000000000000000000000000000000000000000000000000000000000000000000000000000000000000000000000000000000000000000000000000000000000000000000000000000000000000000000000000000000000000000000000000000FF0FF000000000000000000000000000000000FFFFF000000000000000000000000000000000FFF00000000000000000000000000000000000FF000000000000000000000000000000000000FF000000000000000000000000000000000000FF000000000000000000000000000000000000FF000000000000000000000000000000000000FF000000000000000000000000000000000000FF000000000000000000000000000000000000FF000000000000000000000000000000000000FF000000000000000000000000000000000000000000000000000000000000000000000000000000000000000000000000000000000000000000000000000000000000000000000000000000000000000000000000000000000000000000000000000000000000000000
Glyph 115,1109 10 00000000000000000000000000000000000000000000000000000000000000000000000000000000000000000000000000000000000000000000000000000000000000000000000000000000000000000000000000000000000000000000000000000000000000000000000000000000000000000000000000000000000000000000000000000000000000000000000000000000000000000000000000000000000000000000000000000000000000000000000000000000000000000000000000000000000000FFFF000000000000000000000000000000000FFF0FFF000000000000000000000000000000FF0000FF000000000000000000000000000000FF0000000000000000000000000000000000000FFF000000000000000000000000000000000000FFFFF000000000000000000000000000000000000FFF000000000000000000000000000000000000FF000000000000000000000000000000FF0000FF0000000000000000000000000000000FFFFFFF00000000000000000000000000000000FFFFF0000000000000000000000000000000000000000000000000000000000000000000000000000000000000000000000000000000000000000000000000000000000000000000000000000000000000000000000000000000000000000000000000000000000000
Glyph 116 7 000000000000000000000000000000000000000000000000000000000000000000000000000000000000000000000000000000000000000000000000000000000000000000000000000000000000000000000000000000000000000000000000000000000000000000000000000000000000000000000000000000000000000000000000000000000000000000000000000000000000000000000000000000000FF000000000000000000000000000000000000FF0000000000000000000000000000000000FFFFFF0000000000000000000000000000000000FF000000000000000000000000000000000000FF000000000000000000000000000000000000FF000000000000000000000000000000000000FF000000000000000000000000000000000000FF000000000000000000000000000000000000FF000000000000000000000000000000000000FF000000000000000000000000000000000000FF000000000000000000000000000000000000FFFF00000000000000000000000000000000000FFF000000000000000000000000000000000000000000000000000000000000000000000000000000000000000000000000000000000000000000000000000000000000000000000000000000000000000000000000000000000000000000000000000000000000000
Glyph 117 11 000000000000000000000000000000000000000000000000000000000000000000000000000000000000000000000000000000000000000000000000000000000000000000000000000000000000000000000000000000000000000000000000000000000000000000000000000000000000000000000000000000000000000000000000000000000000000000000000000000000000000000000000000000000000000000000000000000000000000000000000000000000000000000000000000000000000FF00000FF00000000000000000000000000000FF00000FF00000000000000000000000000000FF00000FF00000000000000000000000000000FF00000FF00000000000000000000000000000FF00000FF00000000000000000000000000000FF00000FF00000000000000000000000000000FF00000FF00000000000000000000000000000FF00000FF000000000000000000000000000000F0000FFF000000000000000000000000000000FFFFFFFF0000000000000000000000000000000FFFF0FF00000000000000000000000000000000000000000000000000000000000000000000000000000000000000000000000000000000000000000000000000000000000000000000000000000000000000000000000000000000000000000000000000000000000
Glyph 118,957 10 000000000000000000000000000000000000000000000000000000000000000000000000000000000000000000000000000000000000000000000000000000000000000000000000000000000000000000000000000000000000000000000000000000000000000000000000000000000000000000000000000000000000000000000000000000000000000000000000000000000000000000000000000000000000000000000000000000000000000000000000000000000000000000000000000000000000F00000FF000000000000000000000000000000FF0000FF000000000000000000000000000000FF0000F00000000000000000000000000000000F000FF00000000000000000000000000000000FF00FF00000000000000000000000000000000FF00F0000000000000000000000000000000000F0FF0000000000000000000000000000000000FFFF0000000000000000000000000000000000FFF000000000000000000000000000000000000FF000000000000000000000000000000000000FF000000000000000000000000000000000000000000000000000000000000000000000000000000000000000000000000000000000000000000000000000000000000000000000000000000000000000000000000000000000000000000000000000000000000000
Glyph 119 15 000000000000000000000000000000000000000000000000000000000000000000000000000000000000000000000000000000000000000000000000000000000000000000000000000000000000000000000000000000000000000000000000000000000000000000000000000000000000000000000000000000000000000000000000000000000000000000000000000000000000000000000000000000000000000000000000000000000000000000000000000000000000000000000000000000000000F00000F00000F0000000000000000000000000FF000FFF000FF0000000000000000000000000FF000FFF000FF0000000000000000000000000FF000F0F000FF00000000000000000000000000F00FF0FF00F000000000000000000000000000FF0FF0FF0FF000000000000000000000000000FF0F000F0FF0000000000000000000000000000F0F000F0F00000000000000000000000000000FFF000FFF00000000000000000000000000000FF00000FF00000000000000000000000000000FF00000FF000000000000000000000000000000000000000000000000000000000000000000000000000000000000000000000000000000000000000000000000000000000000000000000000000000000000000000000000000000000000000000000000000000000
Glyph 120,1093 10 000000000000000000000000000000000000000000000000000000000000000000000000000000000000000000000000000000000000000000000000000000000000000000000000000000000000000000000000000000000000000000000000000000000000000000000000000000000000000000000000000000000000000000000000000000000000000000000000000000000000000000000000000000000000000000000000000000000000000000000000000000000000000000000000000000000000FF0000FF000000000000000000000000000000FF000FF00000000000000000000000000000000FF00FF000000000000000000000000000000000FFFF0000000000000000000000000000000000FFFF00000000000000000000000000000000000FF00000000000000000000000000000000000FFFF0000000000000000000000000000000000FFFF000000000000000000000000000000000FF00FF0000000000000000000000000000000FF0000FF000000000000000000000000000000FF0000FF000000000000000000000000000000000000000000000000000000000000000000000000000000000000000000000000000000000000000000000000000000000000000000000000000000000000000000000000000000000000000000000000000000000000
Glyph 121,1091 9 00000000000000000000000000000000000000000000000000000000000000000000000000000000000000000000000000000000000000000000000000000000000000000000000000000000000000000000000000000000000000000000000000000000000000000000000000000000000000000000000000000000000000000000000000000000000000000000000000000000000000000000000000000000000000000000000000000000000000000000000000000000000000000000000000000000000FF00000FF000000000000000000000000000000FF0000FF000000000000000000000000000000FF0000F0000000000000000000000000000000FF000FF00000000000000000000000000000000FF00FF00000000000000000000000000000000FF00F0000000000000000000000000000000000F0FF0000000000000000000000000000000000FFFF0000000000000000000000000000000000FFF000000000000000000000000000000000000FF000000000000000000000000000000000000FF000000000000000000000000000000000000F000000000000000000000000000000000000FF0000000000000000000000000000000000FFF00000000000000000000000000000000000FF0000000000000000000000000000000000000000000000000000000000
Glyph 122 10 000000000000000000000000000000000000000000000000000000000000000000000000000000000000000000000000000000000000000000000000000000000000000000000000000000000000000000000000000000000000000000000000000000000000000000000000000000000000000000000000000000000000000000000000000000000000000000000000000000000000000000000000000000000000000000000000000000000000000000000000000000000000000000000000000000000000FFFFFFFF000000000000000000000000000000000000FF00000000000000000000000000000000000FF00000000000000000000000000000000000FF000000000000000000000000000000000000FF00000000000000000000000000000000000FF00000000000000000000000000000000000FF00000000000000000000000000000000000FF000000000000000000000000000000000000FF00000000000000000000000000000000000FF000000000000000000000000000000000000FFFFFFFF000000000000000000000000000000000000000000000000000000000000000000000000000000000000000000000000000000000000000000000000000000000000000000000000000000000000000000000000000000000000000000000000000000000000
Glyph 123 7 000000000000000000000000000000000000000000000000000000000000000000000000000000000000000000000000000000000000000000000000000000000000000000000000000000000000000000000000000000000000000000000000000000000000000000F000000000000000000000000000000000000FF00000000000000000000000000000000000FF000000000000000000000000000000000000FF000000000000000000000000000000000000FF000000000000000000000000000000000000FF000000000000000000000000000000000000FF000000000000000000000000000000000000F000000000000000000000000000000000000FF00000000000000000000000000000000000FFF00000000000000000000000000000000000FF0000000000000000000000000000000000000FF0000000000000000000000000000000000000F0000000000000000000000000000000000000FF000000000000000000000000000000000000FF000000000000000000000000000000000000FF000000000000000000000000000000000000FF000000000000000000000000000000000000FF0000000000000000000000000000000000000FF0000000000000000000000000000000000000F0000000000000000000000000000000000000000000000000000000
Glyph 124 5 0000000000000000000000000000000000000000000000000000000000000000000000000000000000000000000000000000000000000000000000000000000000000000000000000000000000000000000000000000000000000000000000000000000000000000000000000000000000000000000000000000000000000000000000000000000000000000000F0000000000000000000000000000000000000F0000000000000000000000000000000000000F0000000000000000000000000000000000000F0000000000000000000000000000000000000F0000000000000000000000000000000000000F0000000000000000000000000000000000000F0000000000000000000000000000000000000F0000000000000000000000000000000000000F0000000000000000000000000000000000000F0000000000000000000000000000000000000F0000000000000000000000000000000000000F0000000000000000000000000000000000000F0000000000000000000000000000000000000F0000000000000000000000000000000000000F0000000000000000000000000000000000000F0000000000000000000000000000000000000F000000000000000000000000000000000000000000000000000000000000000000000000000000000000000000000000
Glyph 125 7 0000000000000000000000000000000000000000000000000000000000000000000000000000000000000000000000000000000000000000000000000000000000000000000000000000000000000000000000000000000000000000000000000000000000000FF0000000000000000000000000000000000000FF0000000000000000000000000000000000000FF000000000000000000000000000000000000FF000000000000000000000000000000000000FF000000000000000000000000000000000000FF000000000000000000000000000000000000FF000000000000000000000000000000000000FF000000000000000000000000000000000000FF0000000000000000000000000000000000000FF0000000000000000000000000000000000000FF00000000000000000000000000000000000FF00000000000000000000000000000000000FF000000000000000000000000000000000000FF000000000000000000000000000000000000FF000000000000000000000000000000000000FF000000000000000000000000000000000000FF000000000000000000000000000000000000FF00000000000000000000000000000000000FF00000000000000000000000000000000000FF00000000000000000000000000000000000000000000000000000000000
Glyph 126 14 00000000000000000000000000000000000000000000000000000000000000000000000000000000000000000000000000000000000000000000000000000000000000000000000000000000000000000000000000000000000000000000000000000000000000000000000000000000000000000000000000000000000000000000000000000000000000000000000000000000000000000000000000000000000000000000000000000000000000000000000000000000000000000000000000000000000000000000000000000000000000000000000000000000000000000000000000000000000000000000000000000000000000000000000000000000FFF00000F0000000000000000000000000000FFFFF0000F000000000000000000000000000FF000FFFFFF000000000000000000000000000FF0000FFFF000000000000000000000000000000000000000000000000000000000000000000000000000000000000000000000000000000000000000000000000000000000000000000000000000000000000000000000000000000000000000000000000000000000000000000000000000000000000000000000000000000000000000000000000000000000000000000000000000000000000000000000000000000000000000000000000000000000000000000
Glyph 161 5 000000000000000000000000000000000000000000000000000000000000000000000000000000000000000000000000000000000000000000000000000000000000000000000000000000000000000000000000000000000000000000000000000000000000000000000000000000000000000000000000000000000000000000000000000000000000000000000000000000000000000000000000000000000000000000000000000000000000000000000000000000000000000000000000000000000000FF000000000000000000000000000000000000FF00000000000000000000000000000000000000000000000000000000000000000000000000000000000000000000000000000000000000000F0000000000000000000000000000000000000F0000000000000000000000000000000000000F0000000000000000000000000000000000000F0000000000000000000000000000000000000F0000000000000000000000000000000000000F0000000000000000000000000000000000000F0000000000000000000000000000000000000F0000000000000000000000000000000000000F0000000000000000000000000000000000000F0000000000000000000000000000000000000F0000000000000000000000000000000000000000000000000000000000
Glyph 162 11 000000000000000000000000000000000000000000000000000000000000000000000000000000000000000000000000000000000000000000000000000000000000000000000000000000000000000000000000000000000000000000000000000000000000000000000000000000000000000000000000000000000000000000000000000000000000000000000000000000000000000000000000000000000000FF000000000000000000000000000000000000FF00000000000000000000000000000000000FFFF00000000000000000000000000000000FFF0FFF0000000000000000000000000000000FF0000FF00000000000000000000000000000FF00000FF00000000000000000000000000000FF000000000000000000000000000000000000FF000000000000000000000000000000000000FF000000000000000000000000000000000000FF00000FF000000000000000000000000000000FF0000FF000000000000000000000000000000FFFFFFF00000000000000000000000000000000FFFFF00000000000000000000000000000000000FF000000000000000000000000000000000000FF0000000000000000000000000000000000000000000000000000000000000000000000000000000000000000000000000000000000000000000000000000000000
Glyph 163 12 000000000000000000000000000000000000000000000000000000000000000000000000000000000000000000000000000000000000000000000000000000000000000000000000000000000000000000000000000000000000000000000000000000000000000000000000000000000000000000000000000000000000000000000000000000000000000000000FFFFF00000000000000000000000000000000FFFFFFF0000000000000000000000000000000FF0000FF00000000000000000000000000000FF00000FF00000000000000000000000000000FF000000000000000000000000000000000000FF00000000000000000000000000000000000FFFFFF00000000000000000000000000000000FFFFFF0000000000000000000000000000000000F0000000000000000000000000000000000000F0000000000000000000000000000000000000F000000000000000000000000000000000000FF00000000000000000000000000000000000FFFFFFFFFF0000000000000000000000000000FFFFFFFFFF0000000000000000000000000000000000000000000000000000000000000000000000000000000000000000000000000000000000000000000000000000000000000000000000000000000000000000000000000000000000000000000000000000000000
Glyph 164 14 0000000000000000000000000000000000000000000000000000000000000000000000000000000000000000000000000000000000000000000000000000000000000000000000000000000000000000000000000000000000000000000000000000000000000000000000000000000000000000000000000000000000000000000000000000000000000000000000000000000000000000000000000000000000000000000000000000000000000000000000FF00FFFFF0FF000000000000000000000000000FFFFFFFFFFF000000000000000000000000000FFF00000FF0000000000000000000000000000FF0000000F0000000000000000000000000000F00000000FF00000000000000000000000000FF00000000FF00000000000000000000000000FF00000000FF000000000000000000000000000F00000000FF000000000000000000000000000FF0000000F0000000000000000000000000000FFF00000FF000000000000000000000000000FFFFFFFFFFFF000000000000000000000000000F00FFFFF0FF00000000000000000000000000000000000000000000000000000000000000000000000000000000000000000000000000000000000000000000000000000000000000000000000000000000000000000000000000000000000000000000000000000000
Glyph 165 11 00000000000000000000000000000000000000000000000000000000000000000000000000000000000000000000000000000000000000000000000000000000000000000000000000000000000000000000000000000000000000000000000000000000000000000000000000000000000000000000000000000000000000000000000000000000000000000FFF00000FF00000000000000000000000000000FF00000FF00000000000000000000000000000FF0000FF0000000000000000000000000000000FF000FF00000000000000000000000000000000F00FF000000000000000000000000000000000FF0F00000000000000000000000000000000000FFF00000000000000000000000000000000FFFFFFFF000000000000000000000000000000000FF000000000000000000000000000000000000FF000000000000000000000000000000000FFFFFFFF000000000000000000000000000000000FF000000000000000000000000000000000000FF000000000000000000000000000000000000FF000000000000000000000000000000000000000000000000000000000000000000000000000000000000000000000000000000000000000000000000000000000000000000000000000000000000000000000000000000000000000000000000000000000000000
Glyph 166 5 000000000000000000000000000000000000000000000000000000000000000000000000000000000000000000000000000000000000000000000000000000000000000000000000000000000000000000000000000000000000000000000000000000000000000000000000000000000000000000000000000000000000000000000000000000000000000000FF000000000000000000000000000000000000FF000000000000000000000000000000000000FF000000000000000000000000000000000000FF000000000000000000000000000000000000FF000000000000000000000000000000000000FF000000000000000000000000000000000000FF0000000000000000000000000000000000000000000000000000000000000000000000000000000000000000000000000000000000000000FF000000000000000000000000000000000000FF000000000000000000000000000000000000FF000000000000000000000000000000000000FF000000000000000000000000000000000000FF000000000000000000000000000000000000FF000000000000000000000000000000000000FF000000000000000000000000000000000000FF000000000000000000000000000000000000000000000000000000000000000000000000000000000000000000000000
Glyph 167 12 00000000000000000000000000000000000000000000000000000000000000000000000000000000000000000000000000000000000000000000000000000000000000000000000000000000000000000000000000000000000000000000000000000000000000000000000000000000000000000000000000000000000000000000000000000000000000000000FFFFFF0000000000000000000000000000000FFFF0FFF000000000000000000000000000000FF00000FF0000000000000000000000000000FF000000FF0000000000000000000000000000FF0000000000000000000000000000000000000FFF00000000000000000000000000000000000FFFFFF0000000000000000000000000000000FF000FFFF00000000000000000000000000000FF00000FFF0000000000000000000000000000FF000000FF0000000000000000000000000000FFF00000FF00000000000000000000000000000FFFF000FF0000000000000000000000000000000FFFFFF00000000000000000000000000000000000FFF0000000000000000000000000000000000000FF0000000000000000000000000000FF000000FF0000000000000000000000000000FF000000FF00000000000000000000000000000FFFFFFFF0000000000000000000000000000000FFFFFF00000000000000
Glyph 168 8 000000000000000000000000000000000000000000000000000000000000000000000000000000000000000000000000000000000000000000000000000000000000000000000000000000000000000000000000000000000000000000000000000000000000000000000000000000000000000000000000000000000000000000000000000000000000000000FF00FF00000000000000000000000000000000FF00FF00000000000000000000000000000000000000000000000000000000000000000000000000000000000000000000000000000000000000000000000000000000000000000000000000000000000000000000000000000000000000000000000000000000000000000000000000000000000000000000000000000000000000000000000000000000000000000000000000000000000000000000000000000000000000000000000000000000000000000000000000000000000000000000000000000000000000000000000000000000000000000000000000000000000000000000000000000000000000000000000000000000000000000000000000000000000000000000000000000000000000000000000000000000000000000000000000000000000000000000000000000000000000000000000000000000000000000000000000000000000000
Glyph 169 16 0000000000000000000000000000000000000000000000000000000000000000000000000000000000000000000000000000000000000000000000000000000000000000000000000000000000000000000000000000000000000000000000000000000000000000000000000000000000000000000000000000000000000000000000000000000000000000000000FFFFF00000000000000000000000000000000FF0000FF0000000000000000000000000000FF00000000F000000000000000000000000000F000FFFF00FF0000000000000000000000000FF00FF00FF00F0000000000000000000000000F00FF000FF00FF000000000000000000000000F00FF00000000F000000000000000000000000F00FF00000000F000000000000000000000000F00FF000FF00FF000000000000000000000000FF00FF00FF00F00000000000000000000000000F000FFFF00FF00000000000000000000000000FF00000000F00000000000000000000000000000FF0000FF0000000000000000000000000000000FFFFF00000000000000000000000000000000000000000000000000000000000000000000000000000000000000000000000000000000000000000000000000000000000000000000000000000000000000000000000000000000000000000000000000000000000
Glyph 170 9 00000000000000000000000000000000000000000000000000000000000000000000000000000000000000000000000000000000000000000000000000000000000000000000000000000000000000000000000000000000000000000000000000000000000000000000000000000000000000000000000000000000000000000000000000000000000000000000FFF0000000000000000000000000000000000FF0FF0000000000000000000000000000000000000F000000000000000000000000000000000FFFFF000000000000000000000000000000000F000F00000000000000000000000000000000FF000F000000000000000000000000000000000FFFFF000000000000000000000000000000000FFF0FF0000000000000000000000000000000000000000000000000000000000000000000000000000000000000000000000000000000000000000000000000000000000000000000000000000000000000000000000000000000000000000000000000000000000000000000000000000000000000000000000000000000000000000000000000000000000000000000000000000000000000000000000000000000000000000000000000000000000000000000000000000000000000000000000000000000000000000000000000000000000000000000000000
Glyph 171 9 0000000000000000000000000000000000000000000000000000000000000000000000000000000000000000000000000000000000000000000000000000000000000000000000000000000000000000000000000000000000000000000000000000000000000000000000000000000000000000000000000000000000000000000000000000000000000000000000000000000000000000000000000000000000000000000000000000000000000000000000000000000000000000000000000000000000000000000000000000000000000000000000000000000000000000000000000000000000000000000F00F000000000000000000000000000000000F00F000000000000000000000000000000000FF0FF00000000000000000000000000000000FF0FF0000000000000000000000000000000000FF0FF0000000000000000000000000000000000F00F00000000000000000000000000000000000F00F00000000000000000000000000000000000000000000000000000000000000000000000000000000000000000000000000000000000000000000000000000000000000000000000000000000000000000000000000000000000000000000000000000000000000000000000000000000000000000000000000000000000000000000000000000000000000000
Glyph 172 11 000000000000000000000000000000000000000000000000000000000000000000000000000000000000000000000000000000000000000000000000000000000000000000000000000000000000000000000000000000000000000000000000000000000000000000000000000000000000000000000000000000000000000000000000000000000000000000000000000000000000000000000000000000000000000000000000000000000000000000000000000000000000000000000000000000000000000000000000000000000000000000000000000000000000000000000000000000000000000000000000000000000000000000000000000000FFFFFFFF000000000000000000000000000000FFFFFFFF0000000000000000000000000000000000000F0000000000000000000000000000000000000F00000000000000000000000000000000000000000000000000000000000000000000000000000000000000000000000000000000000000000000000000000000000000000000000000000000000000000000000000000000000000000000000000000000000000000000000000000000000000000000000000000000000000000000000000000000000000000000000000000000000000000000000000000000000000000000000000000000000000000000
Glyph 174 16 0000000000000000000000000000000000000000000000000000000000000000000000000000000000000000000000000000000000000000000000000000000000000000000000000000000000000000000000000000000000000000000000000000000000000000000000000000000000000000000000000000000000000000000000000000000000000000000000FFFFF0000000000000000000000000000000FFF0000FF0000000000000000000000000000FF00000000F000000000000000000000000000F00FFFFF00FF0000000000000000000000000FF00F000FF00F0000000000000000000000000F000F000FF00FF000000000000000000000000F000F000FF000F000000000000000000000000F000FFFFF0000F000000000000000000000000F000F000FF00FF000000000000000000000000FF00F000FF00F00000000000000000000000000F00F000FF0FF00000000000000000000000000FF00000000F00000000000000000000000000000FF0000FF0000000000000000000000000000000FFFFF00000000000000000000000000000000000000000000000000000000000000000000000000000000000000000000000000000000000000000000000000000000000000000000000000000000000000000000000000000000000000000000000000000000000
Glyph 175,713 9 000000000000000000000000000000000000000000000000000000000000000000000000000000000000000000000000000000000000000000000000000000000000000000000000000000000000000000000000000000000000000000000000000000000000000000000000000000000000000000000000000000000000000000000000000000000000000000FFFFFFF000000000000000000000000000000000000000000000000000000000000000000000000000000000000000000000000000000000000000000000000000000000000000000000000000000000000000000000000000000000000000000000000000000000000000000000000000000000000000000000000000000000000000000000000000000000000000000000000000000000000000000000000000000000000000000000000000000000000000000000000000000000000000000000000000000000000000000000000000000000000000000000000000000000000000000000000000000000000000000000000000000000000000000000000000000000000000000000000000000000000000000000000000000000000000000000000000000000000000000000000000000000000000000000000000000000000000000000000000000000000000000000000000000000000000000000000000
Glyph 176 7 0000000000000000000000000000000000000000000000000000000000000000000000000000000000000000000000000000000000000000000000000000000000000000000000000000000000000000000000000000000000000000000000000000000000000000000000000000000000000000000000000000000000000000000000000000000000000000000FFF0000000000000000000000000000000000FF00F000000000000000000000000000000000F000F000000000000000000000000000000000FF00F0000000000000000000000000000000000FFF0000000000000000000000000000000000000000000000000000000000000000000000000000000000000000000000000000000000000000000000000000000000000000000000000000000000000000000000000000000000000000000000000000000000000000000000000000000000000000000000000000000000000000000000000000000000000000000000000000000000000000000000000000000000000000000000000000000000000000000000000000000000000000000000000000000000000000000000000000000000000000000000000000000000000000000000000000000000000000000000000000000000000000000000000000000000000000000000000000000000000000000000
Glyph 177 11 00000000000000000000000000000000000000000000000000000000000000000000000000000000000000000000000000000000000000000000000000000000000000000000000000000000000000000000000000000000000000000000000000000000000000000000000000000000000000000000000000000000000000000000000000000000000000000000000000000000000000000000000000000000000000000000000000000000000000000000000000F0000000000000000000000000000000000000F0000000000000000000000000000000000000F0000000000000000000000000000000000000F000000000000000000000000000000000FFFFFFFFF000000000000000000000000000000000F0000000000000000000000000000000000000F0000000000000000000000000000000000000F0000000000000000000000000000000000000F0000000000000000000000000000000000000F00000000000000000000000000000000000000000000000000000000000000000000000FFFFFFFF000000000000000000000000000000000000000000000000000000000000000000000000000000000000000000000000000000000000000000000000000000000000000000000000000000000000000000000000000000000000000000000000000000000000
Glyph 178 7 0000000000000000000000000000000000000000000000000000000000000000000000000000000000000000000000000000000000000000000000000000000000000000000000000000000000000000000000000000000000000000000000000000000000000000000000000000000000000000000000000000000000000000000000000000000000000000000FFF0000000000000000000000000000000000FF0FF000000000000000000000000000000000F000F000000000000000000000000000000000000FF00000000000000000000000000000000000FF00000000000000000000000000000000000FF00000000000000000000000000000000000FF000000000000000000000000000000000000FFFFFF00000000000000000000000000000000000000000000000000000000000000000000000000000000000000000000000000000000000000000000000000000000000000000000000000000000000000000000000000000000000000000000000000000000000000000000000000000000000000000000000000000000000000000000000000000000000000000000000000000000000000000000000000000000000000000000000000000000000000000000000000000000000000000000000000000000000000000000000000000000000000000000000000
Glyph 179 7 0000000000000000000000000000000000000000000000000000000000000000000000000000000000000000000000000000000000000000000000000000000000000000000000000000000000000000000000000000000000000000000000000000000000000000000000000000000000000000000000000000000000000000000000000000000000000000000FFFF000000000000000000000000000000000FF00F0000000000000000000000000000000000000F00000000000000000000000000000000000FF00000000000000000000000000000000000000F0000000000000000000000000000000000000FF00000000000000000000000000000000F00FF000000000000000000000000000000000FFFF0000000000000000000000000000000000000000000000000000000000000000000000000000000000000000000000000000000000000000000000000000000000000000000000000000000000000000000000000000000000000000000000000000000000000000000000000000000000000000000000000000000000000000000000000000000000000000000000000000000000000000000000000000000000000000000000000000000000000000000000000000000000000000000000000000000000000000000000000000000000000000000000000000
Glyph 180 6 000000000000000000000000000000000000000000000000000000000000000000000000000000000000000000000000000000000000000000000000000000000000000000000000000000000000000000000000000000000000000000000000000000000000000000000000000000000000000000000000000000FF00000000000000000000000000000000000FF000000000000000000000000000000000000F000000000000000000000000000000000000000000000000000000000000000000000000000000000000000000000000000000000000000000000000000000000000000000000000000000000000000000000000000000000000000000000000000000000000000000000000000000000000000000000000000000000000000000000000000000000000000000000000000000000000000000000000000000000000000000000000000000000000000000000000000000000000000000000000000000000000000000000000000000000000000000000000000000000000000000000000000000000000000000000000000000000000000000000000000000000000000000000000000000000000000000000000000000000000000000000000000000000000000000000000000000000000000000000000000000000000000000000000000000000000000000
Glyph 181,956 11 0000000000000000000000000000000000000000000000000000000000000000000000000000000000000000000000000000000000000000000000000000000000000000000000000000000000000000000000000000000000000000000000000000000000000000000000000000000000000000000000000000000000000000000000000000000000000000000000000000000000000000000000000000000000000000000000000000000000000000000000000000000000000000000000000000000000000F00000FF000000000000000000000000000000F00000FF000000000000000000000000000000F00000FF000000000000000000000000000000F00000FF000000000000000000000000000000F00000FF000000000000000000000000000000F00000FF000000000000000000000000000000F00000FF000000000000000000000000000000F00000FF000000000000000000000000000000FF0000FF000000000000000000000000000000FFF0FFFF000000000000000000000000000000F0FFF0FF000000000000000000000000000000F0000000000000000000000000000000000000F0000000000000000000000000000000000000F0000000000000000000000000000000000000F0000000000000000000000000000000000000000000000000000000000
Glyph 182 10 00000000000000000000000000000000000000000000000000000000000000000000000000000000000000000000000000000000000000000000000000000000000000000000000000000000000000000000000000000000000000000000000000000000000000000000000000000000000000000000000000000000000000000000000000000000000000000000FFFFF00000000000000000000000000000000FFFFFF0000000000000000000000000000000FFFFFFF0000000000000000000000000000000FFFFFFF0000000000000000000000000000000FFFFFFF0000000000000000000000000000000FFFFFFF0000000000000000000000000000000FFFFFFF00000000000000000000000000000000FFFFFF000000000000000000000000000000000FFFFF000000000000000000000000000000000000FF000000000000000000000000000000000000FF000000000000000000000000000000000000FF000000000000000000000000000000000000FF000000000000000000000000000000000000FF0000000000000000000000000000000000000000000000000000000000000000000000000000000000000000000000000000000000000000000000000000000000000000000000000000000000000000000000000000000000000000000000000000000000000
Glyph 183,903 5 0000000000000000000000000000000000000000000000000000000000000000000000000000000000000000000000000000000000000000000000000000000000000000000000000000000000000000000000000000000000000000000000000000000000000000000000000000000000000000000000000000000000000000000000000000000000000000000000000000000000000000000000000000000000000000000000000000000000000000000000000000000000000000000000000000000000000000000000000000000000000000000000000000000000000000000000000000000000000000000000000000000000000000000000000000000FF000000000000000000000000000000000000FF00000000000000000000000000000000000000000000000000000000000000000000000000000000000000000000000000000000000000000000000000000000000000000000000000000000000000000000000000000000000000000000000000000000000000000000000000000000000000000000000000000000000000000000000000000000000000000000000000000000000000000000000000000000000000000000000000000000000000000000000000000000000000000000000000000000000000000000000000000000000000000000000000000
Glyph 184 5 0000000000000000000000000000000000000000000000000000000000000000000000000000000000000000000000000000000000000000000000000000000000000000000000000000000000000000000000000000000000000000000000000000000000000000000000000000000000000000000000000000000000000000000000000000000000000000000000000000000000000000000000000000000000000000000000000000000000000000000000000000000000000000000000000000000000000000000000000000000000000000000000000000000000000000000000000000000000000000000000000000000000000000000000000000000000000000000000000000000000000000000000000000000000000000000000000000000000000000000000000000000000000000000000000000000000000000000000000000000000000000000000000000000000000000000000000000000000000000000000000000000000000000000000000000000000000000000000000000000000000000000000000000000000000000000000FF0000000000000000000000000000000000000FF0000000000000000000000000000000000000F00000000000000000000000000000000000FF0000000000000000000000000000000000000000000000000000000000
Glyph 185 7 00000000000000000000000000000000000000000000000000000000000000000000000000000000000000000000000000000000000000000000000000000000000000000000000000000000000000000000000000000000000000000000000000000000000000000000000000000000000000000000000000000000000000000000000000000000000000000000FF0000000000000000000000000000000000FFFF000000000000000000000000000000000000FF000000000000000000000000000000000000FF000000000000000000000000000000000000FF000000000000000000000000000000000000FF000000000000000000000000000000000000FF000000000000000000000000000000000000000000000000000000000000000000000000000000000000000000000000000000000000000000000000000000000000000000000000000000000000000000000000000000000000000000000000000000000000000000000000000000000000000000000000000000000000000000000000000000000000000000000000000000000000000000000000000000000000000000000000000000000000000000000000000000000000000000000000000000000000000000000000000000000000000000000000000000000000000000000000000000000000000000
Glyph 186 9 00000000000000000000000000000000000000000000000000000000000000000000000000000000000000000000000000000000000000000000000000000000000000000000000000000000000000000000000000000000000000000000000000000000000000000000000000000000000000000000000000000000000000000000000000000000000000000000FFF0000000000000000000000000000000000FF0FF00000000000000000000000000000000FF000FF0000000000000000000000000000000FF000FF0000000000000000000000000000000FF000FF00000000000000000000000000000000FF0FF0000000000000000000000000000000000FFFF0000000000000000000000000000000000000000000000000000000000000000000000000000000000000000000000000000000000000000000000000000000000000000000000000000000000000000000000000000000000000000000000000000000000000000000000000000000000000000000000000000000000000000000000000000000000000000000000000000000000000000000000000000000000000000000000000000000000000000000000000000000000000000000000000000000000000000000000000000000000000000000000000000000000000000000000000000000000000000
Glyph 187 9 0000000000000000000000000000000000000000000000000000000000000000000000000000000000000000000000000000000000000000000000000000000000000000000000000000000000000000000000000000000000000000000000000000000000000000000000000000000000000000000000000000000000000000000000000000000000000000000000000000000000000000000000000000000000000000000000000000000000000000000000000000000000000000000000000000000000000000000000000000000000000000000000000000000000000000000000000000000000000000FF00FF000000000000000000000000000000000F000F000000000000000000000000000000000FF00FF000000000000000000000000000000000FF00FF00000000000000000000000000000000FF00FF0000000000000000000000000000000FF00FF0000000000000000000000000000000FF00FF000000000000000000000000000000000000000000000000000000000000000000000000000000000000000000000000000000000000000000000000000000000000000000000000000000000000000000000000000000000000000000000000000000000000000000000000000000000000000000000000000000000000000000000000000000000000000000
Glyph 188 15 00000000000000000000000000000000000000000000000000000000000000000000000000000000000000000000000000000000000000000000000000000000000000000000000000000000000000000000000000000000000000000000000000000000000000000000000000000000000000000000000000000000000000000000000000000000000000000000FF0000000000000000000000000000000000FFFF00000F000000000000000000000000000000FF00000F000000000000000000000000000000FF0000F0000000000000000000000000000000FF000FF0000000000000000000000000000000FF000F00000000000000000000000000000000FF00F000FF0000000000000000000000000000FF0FF00FFF0000000000000000000000000000000F00FFFF000000000000000000000000000000F000F0FF00000000000000000000000000000FF00F00FF00000000000000000000000000000F000FFFFFF00000000000000000000000000000000000FF000000000000000000000000000000000000FF00000000000000000000000000000000000000000000000000000000000000000000000000000000000000000000000000000000000000000000000000000000000000000000000000000000000000000000000000000000000000000000000000000000
Glyph 189 16 00000000000000000000000000000000000000000000000000000000000000000000000000000000000000000000000000000000000000000000000000000000000000000000000000000000000000000000000000000000000000000000000000000000000000000000000000000000000000000000000000000000000000000000000000000000000000000000FF0000000000000000000000000000000000FFFF0000F0000000000000000000000000000000FF0000F0000000000000000000000000000000FF000F00000000000000000000000000000000FF00FF00000000000000000000000000000000FF00F000000000000000000000000000000000FF0F000FFF0000000000000000000000000000FFFF00FF0FF00000000000000000000000000000F000F000F0000000000000000000000000000F0000000FF000000000000000000000000000FF000000FF0000000000000000000000000000F000000FF00000000000000000000000000000000000FF000000000000000000000000000000000000FFFFFF000000000000000000000000000000000000000000000000000000000000000000000000000000000000000000000000000000000000000000000000000000000000000000000000000000000000000000000000000000000000000000000000000000
Glyph 190 16 00000000000000000000000000000000000000000000000000000000000000000000000000000000000000000000000000000000000000000000000000000000000000000000000000000000000000000000000000000000000000000000000000000000000000000000000000000000000000000000000000000FFFF000000000000000000000000000000000FF00F0000000000000000000000000000000000000F00000F00000000000000000000000000000FF000000F0000000000000000000000000000000F0000F00000000000000000000000000000000FF00FF0000000000000000000000000000FF0FF000F000000000000000000000000000000FFF000F000FF0000000000000000000000000000000FF00FFF0000000000000000000000000000000F00FFFF000000000000000000000000000000F000F0FF00000000000000000000000000000FF00F00FF00000000000000000000000000000F000FFFFFF00000000000000000000000000000000000FF000000000000000000000000000000000000FF0000000000000000000000000000000000000000000000000000000000000000000000000000000000000000000000000000000000000000000000000000000000000000000000000000000000000000000000000000000000000000000000000000000
Glyph 191 9 000000000000000000000000000000000000000000000000000000000000000000000000000000000000000000000000000000000000000000000000000000000000000000000000000000000000000000000000000000000000000000000000000000000000000000000000000000000000000000000000000000000000000000000000000000000000000000000000000000000000000000000000000000000000000000000000000000000000000000000000000000000000000000000000000000000000000FF000000000000000000000000000000000000FF0000000000000000000000000000000000000000000000000000000000000000000000000000000000000000000000000000000000000000FF000000000000000000000000000000000000FF00000000000000000000000000000000000FF00000000000000000000000000000000000FFF0000000000000000000000000000000000FFF00000000000000000000000000000000000FF000000000000000000000000000000000000FF000000000000000000000000000000000000FF0000FF000000000000000000000000000000FF000FF0000000000000000000000000000000FFFFFFF00000000000000000000000000000000FFFFF000000000000000000000000000000000000000000000000000000
Glyph 192 13 0000000000000000000000000000000000000000000000000000000000000000000000000000000000000000000000000000000000000000000000000000000000000FF0000000000000000000000000000000000000FF0000000000000000000000000000000000000F000000000000000000000000000000000000000000000000000000000000000000000000000FF00000000000000000000000000000000000FFF00000000000000000000000000000000000F0F0000000000000000000000000000000000FF0FF000000000000000000000000000000000FF0FF000000000000000000000000000000000F000F00000000000000000000000000000000FF000FF0000000000000000000000000000000FF000FF000000000000000000000000000000FFFFFFFFF00000000000000000000000000000FFFFFFFFF00000000000000000000000000000F0000000F0000000000000000000000000000FF0000000FF000000000000000000000000000FF0000000FF00000000000000000000000000FF000000000FF00000000000000000000000000000000000000000000000000000000000000000000000000000000000000000000000000000000000000000000000000000000000000000000000000000000000000000000000000000000000000000000000000000000
Glyph 193 13 0000000000000000000000000000000000000000000000000000000000000000000000000000000000000000000000000000000000000000000000000000000000000000FF00000000000000000000000000000000000FF000000000000000000000000000000000000F000000000000000000000000000000000000000000000000000000000000000000000000000FF00000000000000000000000000000000000FFF00000000000000000000000000000000000F0F0000000000000000000000000000000000FF0FF000000000000000000000000000000000FF0FF000000000000000000000000000000000F000F00000000000000000000000000000000FF000FF0000000000000000000000000000000FF000FF000000000000000000000000000000FFFFFFFFF00000000000000000000000000000FFFFFFFFF00000000000000000000000000000F0000000F0000000000000000000000000000FF0000000FF000000000000000000000000000FF0000000FF00000000000000000000000000FF000000000FF00000000000000000000000000000000000000000000000000000000000000000000000000000000000000000000000000000000000000000000000000000000000000000000000000000000000000000000000000000000000000000000000000000000
Glyph 194 13 000000000000000000000000000000000000000000000000000000000000000000000000000000000000000000000000000000000000000000000000000000000000000FF00000000000000000000000000000000000F0F0000000000000000000000000000000000FF00F0000000000000000000000000000000000000000000000000000000000000000000000000FF00000000000000000000000000000000000FFF00000000000000000000000000000000000F0F0000000000000000000000000000000000FF0FF000000000000000000000000000000000FF0FF000000000000000000000000000000000F000F00000000000000000000000000000000FF000FF0000000000000000000000000000000FF000FF000000000000000000000000000000FFFFFFFFF00000000000000000000000000000FFFFFFFFF00000000000000000000000000000F0000000F0000000000000000000000000000FF0000000FF000000000000000000000000000FF0000000FF00000000000000000000000000FF000000000FF00000000000000000000000000000000000000000000000000000000000000000000000000000000000000000000000000000000000000000000000000000000000000000000000000000000000000000000000000000000000000000000000000000000
Glyph 195 13 0000000000000000000000000000000000000000000000000000000000000000000000000000000000000000000000000000000000000000000000000000000000000FF000F0000000000000000000000000000000FF0F0FF0000000000000000000000000000000F000FF0000000000000000000000000000000000000000000000000000000000000000000000000FF00000000000000000000000000000000000FFF00000000000000000000000000000000000F0F0000000000000000000000000000000000FF0FF000000000000000000000000000000000FF0FF000000000000000000000000000000000F000F00000000000000000000000000000000FF000FF0000000000000000000000000000000FF000FF000000000000000000000000000000FFFFFFFFF00000000000000000000000000000FFFFFFFFF00000000000000000000000000000F0000000F0000000000000000000000000000FF0000000FF000000000000000000000000000FF0000000FF00000000000000000000000000FF000000000FF00000000000000000000000000000000000000000000000000000000000000000000000000000000000000000000000000000000000000000000000000000000000000000000000000000000000000000000000000000000000000000000000000000000
Glyph 196,1234 13 00000000000000000000000000000000000000000000000000000000000000000000000000000000000000000000000000000000000000000000000000000000000000000000000000000000000000000000000000FF00FF00000000000000000000000000000000FF00FF0000000000000000000000000000000000000000000000000000000000000000000000000FF00000000000000000000000000000000000FFF00000000000000000000000000000000000F0F0000000000000000000000000000000000FF0FF000000000000000000000000000000000FF0FF000000000000000000000000000000000F000F00000000000000000000000000000000FF000FF0000000000000000000000000000000FF000FF000000000000000000000000000000FFFFFFFFF00000000000000000000000000000FFFFFFFFF00000000000000000000000000000F0000000F0000000000000000000000000000FF0000000FF000000000000000000000000000FF0000000FF00000000000000000000000000FF000000000FF00000000000000000000000000000000000000000000000000000000000000000000000000000000000000000000000000000000000000000000000000000000000000000000000000000000000000000000000000000000000000000000000000000000
Glyph 197 13 000000000000000000000000000000000000000000000000000000000000000000000000000000000000000000000000FFF0000000000000000000000000000000000F00F0000000000000000000000000000000000F00F00000000000000000000000000000000000FFF00000000000000000000000000000000000000000000000000000000000000000000000000FF00000000000000000000000000000000000FFF00000000000000000000000000000000000F0F0000000000000000000000000000000000FF0FF000000000000000000000000000000000FF0FF000000000000000000000000000000000F000F00000000000000000000000000000000FF000FF0000000000000000000000000000000FF000FF000000000000000000000000000000FFFFFFFFF00000000000000000000000000000FFFFFFFFF00000000000000000000000000000F0000000F0000000000000000000000000000FF0000000FF000000000000000000000000000FF0000000FF00000000000000000000000000FF000000000FF00000000000000000000000000000000000000000000000000000000000000000000000000000000000000000000000000000000000000000000000000000000000000000000000000000000000000000000000000000000000000000000000000000000
Glyph 198,1236 19 0000000000000000000000000000000000000000000000000000000000000000000000000000000000000000000000000000000000000000000000000000000000000000000000000000000000000000000000000000000000000000000000000000000000000000000000000000000000000000000000000000000000000000000000000000000000000000000000000FFFFFFFFFF0000000000000000000000000000FFF0000000000000000000000000000000000FFFF000000000000000000000000000000000FF0FF000000000000000000000000000000000FF0FF00000000000000000000000000000000FF00FF0000000000000000000000000000000FF000FFFFFFFF0000000000000000000000000FF000FF000000000000000000000000000000FF0000FF000000000000000000000000000000FFFFFFFF00000000000000000000000000000FFFFFFFFF0000000000000000000000000000FFF000000F0000000000000000000000000000FF0000000F000000000000000000000000000FF00000000FFFFFFFF000000000000000000000000000000000000000000000000000000000000000000000000000000000000000000000000000000000000000000000000000000000000000000000000000000000000000000000000000000000000000000000000000
Glyph 199 13 000000000000000000000000000000000000000000000000000000000000000000000000000000000000000000000000000000000000000000000000000000000000000000000000000000000000000000000000000000000000000000000000000000000000000000000000000000000000000000000000000000000000000000000000000000000000000000000FFFFF00000000000000000000000000000000FFFFFFFF00000000000000000000000000000FF00000FF00000000000000000000000000000FF000000FF000000000000000000000000000FF0000000FF000000000000000000000000000FF000000000000000000000000000000000000FF000000000000000000000000000000000000FF000000000000000000000000000000000000FF000000000000000000000000000000000000FF0000000FF0000000000000000000000000000FF000000FF0000000000000000000000000000FF00000FF000000000000000000000000000000FFFFFFFF0000000000000000000000000000000FFFFF00000000000000000000000000000000000FF0000000000000000000000000000000000000FF0000000000000000000000000000000000000F00000000000000000000000000000000000FF00000000000000000000000000000000000000000000000000000
Glyph 200,1024 11 000000000000000000000000000000000000000000000000000000000000000000000000000000000000000000000000000000000000000000000000000000000000FF0000000000000000000000000000000000000FF0000000000000000000000000000000000000F000000000000000000000000000000000000000000000000000000000000000000000000FFFFFFFFF00000000000000000000000000000FFFFFFFFF00000000000000000000000000000FF000000000000000000000000000000000000FF000000000000000000000000000000000000FF000000000000000000000000000000000000FF000000000000000000000000000000000000FFFFFFFF000000000000000000000000000000FFFFFFFF000000000000000000000000000000FF000000000000000000000000000000000000FF000000000000000000000000000000000000FF000000000000000000000000000000000000FF000000000000000000000000000000000000FFFFFFFFF00000000000000000000000000000FFFFFFFFF0000000000000000000000000000000000000000000000000000000000000000000000000000000000000000000000000000000000000000000000000000000000000000000000000000000000000000000000000000000000000000000000000000000000
Glyph 201 11 0000000000000000000000000000000000000000000000000000000000000000000000000000000000000000000000000000000000000000000000000000000000000000FF00000000000000000000000000000000000FF000000000000000000000000000000000000F00000000000000000000000000000000000000000000000000000000000000000000000FFFFFFFFF00000000000000000000000000000FFFFFFFFF00000000000000000000000000000FF000000000000000000000000000000000000FF000000000000000000000000000000000000FF000000000000000000000000000000000000FF000000000000000000000000000000000000FFFFFFFF000000000000000000000000000000FFFFFFFF000000000000000000000000000000FF000000000000000000000000000000000000FF000000000000000000000000000000000000FF000000000000000000000000000000000000FF000000000000000000000000000000000000FFFFFFFFF00000000000000000000000000000FFFFFFFFF0000000000000000000000000000000000000000000000000000000000000000000000000000000000000000000000000000000000000000000000000000000000000000000000000000000000000000000000000000000000000000000000000000000000
Glyph 202 11 00000000000000000000000000000000000000000000000000000000000000000000000000000000000000000000000000000000000000000000000000000000000000FF00000000000000000000000000000000000F0F0000000000000000000000000000000000FF00F0000000000000000000000000000000000000000000000000000000000000000000000FFFFFFFFF00000000000000000000000000000FFFFFFFFF00000000000000000000000000000FF000000000000000000000000000000000000FF000000000000000000000000000000000000FF000000000000000000000000000000000000FF000000000000000000000000000000000000FFFFFFFF000000000000000000000000000000FFFFFFFF000000000000000000000000000000FF000000000000000000000000000000000000FF000000000000000000000000000000000000FF000000000000000000000000000000000000FF000000000000000000000000000000000000FFFFFFFFF00000000000000000000000000000FFFFFFFFF0000000000000000000000000000000000000000000000000000000000000000000000000000000000000000000000000000000000000000000000000000000000000000000000000000000000000000000000000000000000000000000000000000000000
Glyph 203,1025 11 00000000000000000000000000000000000000000000000000000000000000000000000000000000000000000000000000000000000000000000000000000000000000000000000000000000000000000000000000FF00FF00000000000000000000000000000000FF00FF000000000000000000000000000000000000000000000000000000000000000000000FFFFFFFFF00000000000000000000000000000FFFFFFFFF00000000000000000000000000000FF000000000000000000000000000000000000FF000000000000000000000000000000000000FF000000000000000000000000000000000000FF000000000000000000000000000000000000FFFFFFFF000000000000000000000000000000FFFFFFFF000000000000000000000000000000FF000000000000000000000000000000000000FF000000000000000000000000000000000000FF000000000000000000000000000000000000FF000000000000000000000000000000000000FFFFFFFFF00000000000000000000000000000FFFFFFFFF0000000000000000000000000000000000000000000000000000000000000000000000000000000000000000000000000000000000000000000000000000000000000000000000000000000000000000000000000000000000000000000000000000000000
Glyph 204 5 000000000000000000000000000000000000000000000000000000000000000000000000000000000000000000000000000000000000000000000000000000000FF0000000000000000000000000000000000000FF0000000000000000000000000000000000000F000000000000000000000000000000000000000000000000000000000000000000000000000FF000000000000000000000000000000000000FF000000000000000000000000000000000000FF000000000000000000000000000000000000FF000000000000000000000000000000000000FF000000000000000000000000000000000000FF000000000000000000000000000000000000FF000000000000000000000000000000000000FF000000000000000000000000000000000000FF000000000000000000000000000000000000FF000000000000000000000000000000000000FF000000000000000000000000000000000000FF000000000000000000000000000000000000FF000000000000000000000000000000000000FF00000000000000000000000000000000000000000000000000000000000000000000000000000000000000000000000000000000000000000000000000000000000000000000000000000000000000000000000000000000000000000000000000000000000000000
Glyph 205 5 0000000000000000000000000000000000000000000000000000000000000000000000000000000000000000000000000000000000000000000000000000000000000FF00000000000000000000000000000000000FF000000000000000000000000000000000000F00000000000000000000000000000000000000000000000000000000000000000000000000FF000000000000000000000000000000000000FF000000000000000000000000000000000000FF000000000000000000000000000000000000FF000000000000000000000000000000000000FF000000000000000000000000000000000000FF000000000000000000000000000000000000FF000000000000000000000000000000000000FF000000000000000000000000000000000000FF000000000000000000000000000000000000FF000000000000000000000000000000000000FF000000000000000000000000000000000000FF000000000000000000000000000000000000FF000000000000000000000000000000000000FF00000000000000000000000000000000000000000000000000000000000000000000000000000000000000000000000000000000000000000000000000000000000000000000000000000000000000000000000000000000000000000000000000000000000000000
Glyph 206 5 00000000000000000000000000000000000000000000000000000000000000000000000000000000000000000000000000000000000000000000000000000000000FF00000000000000000000000000000000000F0F0000000000000000000000000000000000FF00F0000000000000000000000000000000000000000000000000000000000000000000000000FF000000000000000000000000000000000000FF000000000000000000000000000000000000FF000000000000000000000000000000000000FF000000000000000000000000000000000000FF000000000000000000000000000000000000FF000000000000000000000000000000000000FF000000000000000000000000000000000000FF000000000000000000000000000000000000FF000000000000000000000000000000000000FF000000000000000000000000000000000000FF000000000000000000000000000000000000FF000000000000000000000000000000000000FF000000000000000000000000000000000000FF00000000000000000000000000000000000000000000000000000000000000000000000000000000000000000000000000000000000000000000000000000000000000000000000000000000000000000000000000000000000000000000000000000000000000000
Glyph 207,938,1031 5 00000000000000000000000000000000000000000000000000000000000000000000000000000000000000000000000000000000000000000000000000000000000000000000000000000000000000000000000FF00FF00000000000000000000000000000000FF00FF000000000000000000000000000000000000000000000000000000000000000000000000FF000000000000000000000000000000000000FF000000000000000000000000000000000000FF000000000000000000000000000000000000FF000000000000000000000000000000000000FF000000000000000000000000000000000000FF000000000000000000000000000000000000FF000000000000000000000000000000000000FF000000000000000000000000000000000000FF000000000000000000000000000000000000FF000000000000000000000000000000000000FF000000000000000000000000000000000000FF000000000000000000000000000000000000FF000000000000000000000000000000000000FF00000000000000000000000000000000000000000000000000000000000000000000000000000000000000000000000000000000000000000000000000000000000000000000000000000000000000000000000000000000000000000000000000000000000000000
Glyph 208,272 13 0000000000000000000000000000000000000000000000000000000000000000000000000000000000000000000000000000000000000000000000000000000000000000000000000000000000000000000000000000000000000000000000000000000000000000000000000000000000000000000000000000000000000000000000000000000000000000000FFFFFFF0000000000000000000000000000000FFFFFFFF000000000000000000000000000000FF00000FF00000000000000000000000000000FF000000FF0000000000000000000000000000FF000000FF0000000000000000000000000000FF000000FF0000000000000000000000000000FF000000FF00000000000000000000000000FFFFFFF000FF0000000000000000000000000000FF000000FF0000000000000000000000000000FF000000FF0000000000000000000000000000FF000000FF0000000000000000000000000000FF00000FF00000000000000000000000000000FFFFFFFF000000000000000000000000000000FFFFFFF000000000000000000000000000000000000000000000000000000000000000000000000000000000000000000000000000000000000000000000000000000000000000000000000000000000000000000000000000000000000000000000000000000000000
Glyph 209 14 0000000000000000000000000000000000000000000000000000000000000000000000000000000000000000000000000000000000000000000000000000000000000FF000F0000000000000000000000000000000FF0F0FF0000000000000000000000000000000F000FF000000000000000000000000000000000000000000000000000000000000000000000FF0000000FF000000000000000000000000000FFF000000FF000000000000000000000000000FFF000000FF000000000000000000000000000FFFF00000FF000000000000000000000000000FFFFF0000FF000000000000000000000000000FF0FF0000FF000000000000000000000000000FF00FF000FF000000000000000000000000000FF00FFF00FF000000000000000000000000000FF000FF00FF000000000000000000000000000FF0000FF0FF000000000000000000000000000FF0000FFFFF000000000000000000000000000FF00000FFFF000000000000000000000000000FF000000FFF000000000000000000000000000FF000000FFF00000000000000000000000000000000000000000000000000000000000000000000000000000000000000000000000000000000000000000000000000000000000000000000000000000000000000000000000000000000000000000000000000000000
Glyph 210 14 0000000000000000000000000000000000000000000000000000000000000000000000000000000000000000000000000000000000000000000000000000000000000FF0000000000000000000000000000000000000FF0000000000000000000000000000000000000F0000000000000000000000000000000000000000000000000000000000000000000000000FFFFF00000000000000000000000000000000FFFFFFFF00000000000000000000000000000FF00000FFF0000000000000000000000000000FF000000FF000000000000000000000000000FF0000000FF000000000000000000000000000FF00000000FF00000000000000000000000000FF00000000FF00000000000000000000000000FF00000000FF00000000000000000000000000FF00000000FF00000000000000000000000000FF0000000FF0000000000000000000000000000FF000000FF0000000000000000000000000000FF00000FFF00000000000000000000000000000FFFFFFFF0000000000000000000000000000000FFFFF000000000000000000000000000000000000000000000000000000000000000000000000000000000000000000000000000000000000000000000000000000000000000000000000000000000000000000000000000000000000000000000000000000000000
Glyph 211 14 00000000000000000000000000000000000000000000000000000000000000000000000000000000000000000000000000000000000000000000000000000000000000000FF00000000000000000000000000000000000FF000000000000000000000000000000000000F000000000000000000000000000000000000000000000000000000000000000000000000FFFFF00000000000000000000000000000000FFFFFFFF00000000000000000000000000000FF00000FFF0000000000000000000000000000FF000000FF000000000000000000000000000FF0000000FF000000000000000000000000000FF00000000FF00000000000000000000000000FF00000000FF00000000000000000000000000FF00000000FF00000000000000000000000000FF00000000FF00000000000000000000000000FF0000000FF0000000000000000000000000000FF000000FF0000000000000000000000000000FF00000FFF00000000000000000000000000000FFFFFFFF0000000000000000000000000000000FFFFF000000000000000000000000000000000000000000000000000000000000000000000000000000000000000000000000000000000000000000000000000000000000000000000000000000000000000000000000000000000000000000000000000000000000
Glyph 212 14 000000000000000000000000000000000000000000000000000000000000000000000000000000000000000000000000000000000000000000000000000000000000000FF00000000000000000000000000000000000F0F0000000000000000000000000000000000FF00F00000000000000000000000000000000000000000000000000000000000000000000000FFFFF00000000000000000000000000000000FFFFFFFF00000000000000000000000000000FF00000FFF0000000000000000000000000000FF000000FF000000000000000000000000000FF0000000FF000000000000000000000000000FF00000000FF00000000000000000000000000FF00000000FF00000000000000000000000000FF00000000FF00000000000000000000000000FF00000000FF00000000000000000000000000FF0000000FF0000000000000000000000000000FF000000FF0000000000000000000000000000FF00000FFF00000000000000000000000000000FFFFFFFF0000000000000000000000000000000FFFFF000000000000000000000000000000000000000000000000000000000000000000000000000000000000000000000000000000000000000000000000000000000000000000000000000000000000000000000000000000000000000000000000000000000000
Glyph 213 14 0000000000000000000000000000000000000000000000000000000000000000000000000000000000000000000000000000000000000000000000000000000000000FF000F0000000000000000000000000000000FF0F0FF0000000000000000000000000000000F000FF00000000000000000000000000000000000000000000000000000000000000000000000FFFFF00000000000000000000000000000000FFFFFFFF00000000000000000000000000000FF00000FFF0000000000000000000000000000FF000000FF000000000000000000000000000FF0000000FF000000000000000000000000000FF00000000FF00000000000000000000000000FF00000000FF00000000000000000000000000FF00000000FF00000000000000000000000000FF00000000FF00000000000000000000000000FF0000000FF0000000000000000000000000000FF000000FF0000000000000000000000000000FF00000FFF00000000000000000000000000000FFFFFFFF0000000000000000000000000000000FFFFF000000000000000000000000000000000000000000000000000000000000000000000000000000000000000000000000000000000000000000000000000000000000000000000000000000000000000000000000000000000000000000000000000000000000
Glyph 214,1254 14 000000000000000000000000000000000000000000000000000000000000000000000000000000000000000000000000000000000000000000000000000000000000000000000000000000000000000000000000000FF00FF00000000000000000000000000000000FF00FF0000000000000000000000000000000000000000000000000000000000000000000000FFFFF00000000000000000000000000000000FFFFFFFF00000000000000000000000000000FF00000FFF0000000000000000000000000000FF000000FF000000000000000000000000000FF0000000FF000000000000000000000000000FF00000000FF00000000000000000000000000FF00000000FF00000000000000000000000000FF00000000FF00000000000000000000000000FF00000000FF00000000000000000000000000FF0000000FF0000000000000000000000000000FF000000FF0000000000000000000000000000FF00000FFF00000000000000000000000000000FFFFFFFF0000000000000000000000000000000FFFFF000000000000000000000000000000000000000000000000000000000000000000000000000000000000000000000000000000000000000000000000000000000000000000000000000000000000000000000000000000000000000000000000000000000000
Glyph 215 11 0000000000000000000000000000000000000000000000000000000000000000000000000000000000000000000000000000000000000000000000000000000000000000000000000000000000000000000000000000000000000000000000000000000000000000000000000000000000000000000000000000000000000000000000000000000000000000000000000000000000000000000000000000000000000000000000000000000000000000000000000000000000000000000000000000000000000F00000F000000000000000000000000000000FFF000FF0000000000000000000000000000000FFF0FF000000000000000000000000000000000FFFF00000000000000000000000000000000000FF00000000000000000000000000000000000FFFF000000000000000000000000000000000FF00FF0000000000000000000000000000000FF0000FF0000000000000000000000000000000F00000F0000000000000000000000000000000000000000000000000000000000000000000000000000000000000000000000000000000000000000000000000000000000000000000000000000000000000000000000000000000000000000000000000000000000000000000000000000000000000000000000000000000000000000000000000000000000000000
Glyph 216 14 000000000000000000000000000000000000000000000000000000000000000000000000000000000000000000000000000000000000000000000000000000000000000000000000000000000000000000000000000000000000000000000000000000000000000000000000000000000000000000000000000000000000000000000000000000000000000000000FFFFF00F00000000000000000000000000000FFFFFFFFF0000000000000000000000000000FF00000FFF0000000000000000000000000000FF00000FFF000000000000000000000000000FF00000FFFF000000000000000000000000000FF00000F00FF00000000000000000000000000FF0000F000FF00000000000000000000000000FF000FF000FF00000000000000000000000000FF000F0000FF00000000000000000000000000FF00F0000FF0000000000000000000000000000FFFF0000FF0000000000000000000000000000FFF0000FFF00000000000000000000000000000FFFFFFFF00000000000000000000000000000FFFFFFF0000000000000000000000000000000F0000000000000000000000000000000000000000000000000000000000000000000000000000000000000000000000000000000000000000000000000000000000000000000000000000000000000000000000000000
Glyph 217 13 0000000000000000000000000000000000000000000000000000000000000000000000000000000000000000000000000000000000000000000000000000000000000FF0000000000000000000000000000000000000FF0000000000000000000000000000000000000F0000000000000000000000000000000000000000000000000000000000000000000000FF0000000FF000000000000000000000000000FF0000000FF000000000000000000000000000FF0000000FF000000000000000000000000000FF0000000FF000000000000000000000000000FF0000000FF000000000000000000000000000FF0000000FF000000000000000000000000000FF0000000FF000000000000000000000000000FF0000000FF000000000000000000000000000FF0000000FF000000000000000000000000000FF0000000FF000000000000000000000000000FF0000000FF0000000000000000000000000000FF00000FF00000000000000000000000000000FFFFFFFF00000000000000000000000000000000FFFFF000000000000000000000000000000000000000000000000000000000000000000000000000000000000000000000000000000000000000000000000000000000000000000000000000000000000000000000000000000000000000000000000000000000000
Glyph 218 13 0000000000000000000000000000000000000000000000000000000000000000000000000000000000000000000000000000000000000000000000000000000000000000FF00000000000000000000000000000000000FF000000000000000000000000000000000000F0000000000000000000000000000000000000000000000000000000000000000000000FF0000000FF000000000000000000000000000FF0000000FF000000000000000000000000000FF0000000FF000000000000000000000000000FF0000000FF000000000000000000000000000FF0000000FF000000000000000000000000000FF0000000FF000000000000000000000000000FF0000000FF000000000000000000000000000FF0000000FF000000000000000000000000000FF0000000FF000000000000000000000000000FF0000000FF000000000000000000000000000FF0000000FF0000000000000000000000000000FF00000FF00000000000000000000000000000FFFFFFFF00000000000000000000000000000000FFFFF000000000000000000000000000000000000000000000000000000000000000000000000000000000000000000000000000000000000000000000000000000000000000000000000000000000000000000000000000000000000000000000000000000000000
Glyph 219 13 000000000000000000000000000000000000000000000000000000000000000000000000000000000000000000000000000000000000000000000000000000000000000FF00000000000000000000000000000000000F0F0000000000000000000000000000000000FF00F00000000000000000000000000000000000000000000000000000000000000000000FF0000000FF000000000000000000000000000FF0000000FF000000000000000000000000000FF0000000FF000000000000000000000000000FF0000000FF000000000000000000000000000FF0000000FF000000000000000000000000000FF0000000FF000000000000000000000000000FF0000000FF000000000000000000000000000FF0000000FF000000000000000000000000000FF0000000FF000000000000000000000000000FF0000000FF000000000000000000000000000FF0000000FF0000000000000000000000000000FF00000FF00000000000000000000000000000FFFFFFFF00000000000000000000000000000000FFFFF000000000000000000000000000000000000000000000000000000000000000000000000000000000000000000000000000000000000000000000000000000000000000000000000000000000000000000000000000000000000000000000000000000000000
Glyph 220 13 00000000000000000000000000000000000000000000000000000000000000000000000000000000000000000000000000000000000000000000000000000000000000000000000000000000000000000000000000FF00FF00000000000000000000000000000000FF00FF00000000000000000000000000000000000000000000000000000000000000000000FF0000000FF000000000000000000000000000FF0000000FF000000000000000000000000000FF0000000FF000000000000000000000000000FF0000000FF000000000000000000000000000FF0000000FF000000000000000000000000000FF0000000FF000000000000000000000000000FF0000000FF000000000000000000000000000FF0000000FF000000000000000000000000000FF0000000FF000000000000000000000000000FF0000000FF000000000000000000000000000FF0000000FF0000000000000000000000000000FF00000FF00000000000000000000000000000FFFFFFFF00000000000000000000000000000000FFFFF000000000000000000000000000000000000000000000000000000000000000000000000000000000000000000000000000000000000000000000000000000000000000000000000000000000000000000000000000000000000000000000000000000000000
Glyph 221 12 0000000000000000000000000000000000000000000000000000000000000000000000000000000000000000000000000000000000000000000000000000000000000000FF00000000000000000000000000000000000FF000000000000000000000000000000000000F000000000000000000000000000000000000000000000000000000000000000000000FFF000000FFF000000000000000000000000000FF000000FF00000000000000000000000000000FF0000FF000000000000000000000000000000FF0000FF0000000000000000000000000000000FF00FF00000000000000000000000000000000FF00FF000000000000000000000000000000000FFFF0000000000000000000000000000000000FFFF00000000000000000000000000000000000FF000000000000000000000000000000000000FF000000000000000000000000000000000000FF000000000000000000000000000000000000FF000000000000000000000000000000000000FF000000000000000000000000000000000000FF00000000000000000000000000000000000000000000000000000000000000000000000000000000000000000000000000000000000000000000000000000000000000000000000000000000000000000000000000000000000000000000000000000000000000
Glyph 222 12 0000000000000000000000000000000000000000000000000000000000000000000000000000000000000000000000000000000000000000000000000000000000000000000000000000000000000000000000000000000000000000000000000000000000000000000000000000000000000000000000000000000000000000000000000000000000000000000F0000000000000000000000000000000000000F0000000000000000000000000000000000000F0000000000000000000000000000000000000FFFFFFF0000000000000000000000000000000F0000FFF000000000000000000000000000000F000000FF00000000000000000000000000000F000000FF00000000000000000000000000000F000000FF00000000000000000000000000000F000000FF00000000000000000000000000000F0000FFF000000000000000000000000000000FFFFFFF0000000000000000000000000000000F0000000000000000000000000000000000000F0000000000000000000000000000000000000F000000000000000000000000000000000000000000000000000000000000000000000000000000000000000000000000000000000000000000000000000000000000000000000000000000000000000000000000000000000000000000000000000000000000000000
Glyph 223 12 000000000000000000000000000000000000000000000000000000000000000000000000000000000000000000000000000000000000000000000000000000000000000000000000000000000000000000000000000000000000000000000000000000000000000000000000000000000000000000000000000000FFFF000000000000000000000000000000000FFF0FF00000000000000000000000000000000FF000FF000000000000000000000000000000FF0000FF000000000000000000000000000000FF0000FF000000000000000000000000000000FF000FF0000000000000000000000000000000FF000FF0000000000000000000000000000000FF000FF0000000000000000000000000000000FF000FFF000000000000000000000000000000FF0000FFF00000000000000000000000000000FF000000FF0000000000000000000000000000FF000000FF0000000000000000000000000000FF000000FF0000000000000000000000000000FF00FFFFFF0000000000000000000000000000FF00FFFFF00000000000000000000000000000000000000000000000000000000000000000000000000000000000000000000000000000000000000000000000000000000000000000000000000000000000000000000000000000000000000000000000000000000000
Glyph 224 11 000000000000000000000000000000000000000000000000000000000000000000000000000000000000000000000000000000000000000000000000000000000000000000000000000000000000000000000000000000000000000000000000000000000000000000000000000000000000000000000000000000FF0000000000000000000000000000000000000FF0000000000000000000000000000000000000F0000000000000000000000000000000000000000000000000000000000000000000000000FFFFF00000000000000000000000000000000FFF0FFF000000000000000000000000000000FF0000FF0000000000000000000000000000000000000F00000000000000000000000000000000FFFFFF0000000000000000000000000000000FF0000F000000000000000000000000000000FF00000F000000000000000000000000000000FF00000F000000000000000000000000000000FF0000FF0000000000000000000000000000000FFFFFFF00000000000000000000000000000000FFFF0FF00000000000000000000000000000000000000000000000000000000000000000000000000000000000000000000000000000000000000000000000000000000000000000000000000000000000000000000000000000000000000000000000000000000000
Glyph 225 11 000000000000000000000000000000000000000000000000000000000000000000000000000000000000000000000000000000000000000000000000000000000000000000000000000000000000000000000000000000000000000000000000000000000000000000000000000000000000000000000000000000000FF00000000000000000000000000000000000FF000000000000000000000000000000000000F0000000000000000000000000000000000000000000000000000000000000000000000000FFFFF00000000000000000000000000000000FFF0FFF000000000000000000000000000000FF0000FF0000000000000000000000000000000000000F00000000000000000000000000000000FFFFFF0000000000000000000000000000000FF0000F000000000000000000000000000000FF00000F000000000000000000000000000000FF00000F000000000000000000000000000000FF0000FF0000000000000000000000000000000FFFFFFF00000000000000000000000000000000FFFF0FF00000000000000000000000000000000000000000000000000000000000000000000000000000000000000000000000000000000000000000000000000000000000000000000000000000000000000000000000000000000000000000000000000000000000
Glyph 226 11 00000000000000000000000000000000000000000000000000000000000000000000000000000000000000000000000000000000000000000000000000000000000000000000000000000000000000000000000000000000000000000000000000000000000000000000000000000000000000000000000000000000FF00000000000000000000000000000000000F0F0000000000000000000000000000000000FF00F00000000000000000000000000000000000000000000000000000000000000000000000FFFFF00000000000000000000000000000000FFF0FFF000000000000000000000000000000FF0000FF0000000000000000000000000000000000000F00000000000000000000000000000000FFFFFF0000000000000000000000000000000FF0000F000000000000000000000000000000FF00000F000000000000000000000000000000FF00000F000000000000000000000000000000FF0000FF0000000000000000000000000000000FFFFFFF00000000000000000000000000000000FFFF0FF00000000000000000000000000000000000000000000000000000000000000000000000000000000000000000000000000000000000000000000000000000000000000000000000000000000000000000000000000000000000000000000000000000000000
Glyph 227 11 000000000000000000000000000000000000000000000000000000000000000000000000000000000000000000000000000000000000000000000000000000000000000000000000000000000000000000000000000000000000000000000000000000000000000000000000000000000000000000000000000000FF000F0000000000000000000000000000000FF0F0FF0000000000000000000000000000000F000FF00000000000000000000000000000000000000000000000000000000000000000000000FFFFF00000000000000000000000000000000FFF0FFF000000000000000000000000000000FF0000FF0000000000000000000000000000000000000F00000000000000000000000000000000FFFFFF0000000000000000000000000000000FF0000F000000000000000000000000000000FF00000F000000000000000000000000000000FF00000F000000000000000000000000000000FF0000FF0000000000000000000000000000000FFFFFFF00000000000000000000000000000000FFFF0FF00000000000000000000000000000000000000000000000000000000000000000000000000000000000000000000000000000000000000000000000000000000000000000000000000000000000000000000000000000000000000000000000000000000000
Glyph 228,1235 11 000000000000000000000000000000000000000000000000000000000000000000000000000000000000000000000000000000000000000000000000000000000000000000000000000000000000000000000000000000000000000000000000000000000000000000000000000000000000000000000000000000FF00FF00000000000000000000000000000000FF00FF000000000000000000000000000000000000000000000000000000000000000000000000000000000000000000000000000000000000FFFFF00000000000000000000000000000000FFF0FFF000000000000000000000000000000FF0000FF0000000000000000000000000000000000000F00000000000000000000000000000000FFFFFF0000000000000000000000000000000FF0000F000000000000000000000000000000FF00000F000000000000000000000000000000FF00000F000000000000000000000000000000FF0000FF0000000000000000000000000000000FFFFFFF00000000000000000000000000000000FFFF0FF00000000000000000000000000000000000000000000000000000000000000000000000000000000000000000000000000000000000000000000000000000000000000000000000000000000000000000000000000000000000000000000000000000000000
Glyph 229 11 00000000000000000000000000000000000000000000000000000000000000000000000000000000000000000000000000000000000000000000000000000000000000000000000000000000000000000000000000000000000000000000000000000000000000000FFF0000000000000000000000000000000000F00F0000000000000000000000000000000000F00F00000000000000000000000000000000000FFF000000000000000000000000000000000000000000000000000000000000000000000000FFFFF00000000000000000000000000000000FFF0FFF000000000000000000000000000000FF0000FF0000000000000000000000000000000000000F00000000000000000000000000000000FFFFFF0000000000000000000000000000000FF0000F000000000000000000000000000000FF00000F000000000000000000000000000000FF00000F000000000000000000000000000000FF0000FF0000000000000000000000000000000FFFFFFF00000000000000000000000000000000FFFF0FF00000000000000000000000000000000000000000000000000000000000000000000000000000000000000000000000000000000000000000000000000000000000000000000000000000000000000000000000000000000000000000000000000000000000
Glyph 230,1237 17 00000000000000000000000000000000000000000000000000000000000000000000000000000000000000000000000000000000000000000000000000000000000000000000000000000000000000000000000000000000000000000000000000000000000000000000000000000000000000000000000000000000000000000000000000000000000000000000000000000000000000000000000000000000000000000000000000000000000000000000000000000000000000000000000000000000000000FFFF000FFFF00000000000000000000000000FFF0FF0FFFFFF000000000000000000000000FF0000FFF0000FF00000000000000000000000000000FF00000FF00000000000000000000000000000FF00000FF000000000000000000000000FFFFFFFFFFFFFF00000000000000000000000FF0000FF000000000000000000000000000000FF0000FF000000000000000000000000000000FF0000FFF00000000000000000000000000000FFF0FFF0FFF0FFF000000000000000000000000FFFFF000FFFFF000000000000000000000000000000000000000000000000000000000000000000000000000000000000000000000000000000000000000000000000000000000000000000000000000000000000000000000000000000000000000000000000000000
Glyph 231 10 00000000000000000000000000000000000000000000000000000000000000000000000000000000000000000000000000000000000000000000000000000000000000000000000000000000000000000000000000000000000000000000000000000000000000000000000000000000000000000000000000000000000000000000000000000000000000000000000000000000000000000000000000000000000000000000000000000000000000000000000000000000000000000000000000000000000000FFFFF00000000000000000000000000000000FFF0FFF000000000000000000000000000000FF00000FF00000000000000000000000000000FF00000FF00000000000000000000000000000FF000000000000000000000000000000000000FF000000000000000000000000000000000000FF000000000000000000000000000000000000FF00000FF00000000000000000000000000000FF00000F0000000000000000000000000000000FFFFFFF00000000000000000000000000000000FFFFF0000000000000000000000000000000000FF0000000000000000000000000000000000000FF0000000000000000000000000000000000000F00000000000000000000000000000000000FF0000000000000000000000000000000000000000000000000000000
Glyph 232,1104 11 000000000000000000000000000000000000000000000000000000000000000000000000000000000000000000000000000000000000000000000000000000000000000000000000000000000000000000000000000000000000000000000000000000000000000000000000000000000000000000000000000000FF0000000000000000000000000000000000000FF0000000000000000000000000000000000000F00000000000000000000000000000000000000000000000000000000000000000000000000FFFF00000000000000000000000000000000FFF0FFF0000000000000000000000000000000FF0000F000000000000000000000000000000FF00000FF00000000000000000000000000000FF00000FF00000000000000000000000000000FFFFFFFFF00000000000000000000000000000FF000000000000000000000000000000000000FF000000000000000000000000000000000000FFF0000F0000000000000000000000000000000FFFFFFF00000000000000000000000000000000FFFFF0000000000000000000000000000000000000000000000000000000000000000000000000000000000000000000000000000000000000000000000000000000000000000000000000000000000000000000000000000000000000000000000000000000000000
Glyph 233 11 000000000000000000000000000000000000000000000000000000000000000000000000000000000000000000000000000000000000000000000000000000000000000000000000000000000000000000000000000000000000000000000000000000000000000000000000000000000000000000000000000000000FF00000000000000000000000000000000000FF000000000000000000000000000000000000F00000000000000000000000000000000000000000000000000000000000000000000000000FFFF00000000000000000000000000000000FFF0FFF0000000000000000000000000000000FF0000F000000000000000000000000000000FF00000FF00000000000000000000000000000FF00000FF00000000000000000000000000000FFFFFFFFF00000000000000000000000000000FF000000000000000000000000000000000000FF000000000000000000000000000000000000FFF0000F0000000000000000000000000000000FFFFFFF00000000000000000000000000000000FFFFF0000000000000000000000000000000000000000000000000000000000000000000000000000000000000000000000000000000000000000000000000000000000000000000000000000000000000000000000000000000000000000000000000000000000000
Glyph 234 11 00000000000000000000000000000000000000000000000000000000000000000000000000000000000000000000000000000000000000000000000000000000000000000000000000000000000000000000000000000000000000000000000000000000000000000000000000000000000000000000000000000000FF00000000000000000000000000000000000F0F0000000000000000000000000000000000FF00F000000000000000000000000000000000000000000000000000000000000000000000000FFFF00000000000000000000000000000000FFF0FFF0000000000000000000000000000000FF0000F000000000000000000000000000000FF00000FF00000000000000000000000000000FF00000FF00000000000000000000000000000FFFFFFFFF00000000000000000000000000000FF000000000000000000000000000000000000FF000000000000000000000000000000000000FFF0000F0000000000000000000000000000000FFFFFFF00000000000000000000000000000000FFFFF0000000000000000000000000000000000000000000000000000000000000000000000000000000000000000000000000000000000000000000000000000000000000000000000000000000000000000000000000000000000000000000000000000000000000
Glyph 235,1105 11 00000000000000000000000000000000000000000000000000000000000000000000000000000000000000000000000000000000000000000000000000000000000000000000000000000000000000000000000000000000000000000000000000000000000000000000000000000000000000000000000000000FF00FF00000000000000000000000000000000FF00FF00000000000000000000000000000000000000000000000000000000000000000000000000000000000000000000000000000000000000FFFF00000000000000000000000000000000FFF0FFF0000000000000000000000000000000FF0000F000000000000000000000000000000FF00000FF00000000000000000000000000000FF00000FF00000000000000000000000000000FFFFFFFFF00000000000000000000000000000FF000000000000000000000000000000000000FF000000000000000000000000000000000000FFF0000F0000000000000000000000000000000FFFFFFF00000000000000000000000000000000FFFFF0000000000000000000000000000000000000000000000000000000000000000000000000000000000000000000000000000000000000000000000000000000000000000000000000000000000000000000000000000000000000000000000000000000000000
Glyph 236 5 0000000000000000000000000000000000000000000000000000000000000000000000000000000000000000000000000000000000000000000000000000000000000000000000000000000000000000000000000000000000000000000000000000000000000FF0000000000000000000000000000000000000FF0000000000000000000000000000000000000F00000000000000000000000000000000000000000000000000000000000000000000000000000000000000000000000000000000000000000F0000000000000000000000000000000000000F0000000000000000000000000000000000000F0000000000000000000000000000000000000F0000000000000000000000000000000000000F0000000000000000000000000000000000000F0000000000000000000000000000000000000F0000000000000000000000000000000000000F0000000000000000000000000000000000000F0000000000000000000000000000000000000F0000000000000000000000000000000000000F000000000000000000000000000000000000000000000000000000000000000000000000000000000000000000000000000000000000000000000000000000000000000000000000000000000000000000000000000000000000000000000000000000000000000000
Glyph 237 5 0000000000000000000000000000000000000000000000000000000000000000000000000000000000000000000000000000000000000000000000000000000000000000000000000000000000000000000000000000000000000000000000000000000000000000FF00000000000000000000000000000000000FF000000000000000000000000000000000000F00000000000000000000000000000000000000000000000000000000000000000000000000000000000000000000000000000000000000000F0000000000000000000000000000000000000F0000000000000000000000000000000000000F0000000000000000000000000000000000000F0000000000000000000000000000000000000F0000000000000000000000000000000000000F0000000000000000000000000000000000000F0000000000000000000000000000000000000F0000000000000000000000000000000000000F0000000000000000000000000000000000000F0000000000000000000000000000000000000F000000000000000000000000000000000000000000000000000000000000000000000000000000000000000000000000000000000000000000000000000000000000000000000000000000000000000000000000000000000000000000000000000000000000000000
Glyph 238 5 000000000000000000000000000000000000000000000000000000000000000000000000000000000000000000000000000000000000000000000000000000000000000000000000000000000000000000000000000000000000000000000000000000000000000FF00000000000000000000000000000000000F0F0000000000000000000000000000000000FF00F000000000000000000000000000000000000000000000000000000000000000000000000000000000000000000000000000000000000000F0000000000000000000000000000000000000F0000000000000000000000000000000000000F0000000000000000000000000000000000000F0000000000000000000000000000000000000F0000000000000000000000000000000000000F0000000000000000000000000000000000000F0000000000000000000000000000000000000F0000000000000000000000000000000000000F0000000000000000000000000000000000000F0000000000000000000000000000000000000F000000000000000000000000000000000000000000000000000000000000000000000000000000000000000000000000000000000000000000000000000000000000000000000000000000000000000000000000000000000000000000000000000000000000000000
Glyph 239,1111 5 00000000000000000000000000000000000000000000000000000000000000000000000000000000000000000000000000000000000000000000000000000000000000000000000000000000000000000000000000000000000000000000000000000000000000000000000000000000000000000000000000FF00FF00000000000000000000000000000000FF00FF000000000000000000000000000000000000000000000000000000000000000000000000000000000000000000000000000000000000000F0000000000000000000000000000000000000F0000000000000000000000000000000000000F0000000000000000000000000000000000000F0000000000000000000000000000000000000F0000000000000000000000000000000000000F0000000000000000000000000000000000000F0000000000000000000000000000000000000F0000000000000000000000000000000000000F0000000000000000000000000000000000000F0000000000000000000000000000000000000F000000000000000000000000000000000000000000000000000000000000000000000000000000000000000000000000000000000000000000000000000000000000000000000000000000000000000000000000000000000000000000000000000000000000000000
Glyph 240 12 000000000000000000000000000000000000000000000000000000000000000000000000000000000000000000000000000000000000000000000000000000000000000000000000000000000000000000000000000000000000000000000000000000000000000000000000000000000000000000000000000000FF000000000000000000000000000000000000FFFF0FF000000000000000000000000000000000FFF00000000000000000000000000000000000FFFF000000000000000000000000000000000FF0FF0000000000000000000000000000000000000FF0000000000000000000000000000000FFFFFFF000000000000000000000000000000FFFFFFFF000000000000000000000000000000FF0000FF00000000000000000000000000000FF000000F00000000000000000000000000000FF000000F00000000000000000000000000000FF00000FF000000000000000000000000000000FF0000FF000000000000000000000000000000FFFFFFF000000000000000000000000000000000FFFF0000000000000000000000000000000000000000000000000000000000000000000000000000000000000000000000000000000000000000000000000000000000000000000000000000000000000000000000000000000000000000000000000000000000000
Glyph 241 11 0000000000000000000000000000000000000000000000000000000000000000000000000000000000000000000000000000000000000000000000000000000000000000000000000000000000000000000000000000000000000000000000000000000000000000FF000F0000000000000000000000000000000FF0F0FF0000000000000000000000000000000F000FF00000000000000000000000000000000000000000000000000000000000000000000000000000000000000000000000000000000000FF0FFFF0000000000000000000000000000000FFFFFFFF000000000000000000000000000000FFF0000FF00000000000000000000000000000FF00000FF00000000000000000000000000000FF00000FF00000000000000000000000000000FF00000FF00000000000000000000000000000FF00000FF00000000000000000000000000000FF00000FF00000000000000000000000000000FF00000FF00000000000000000000000000000FF00000FF00000000000000000000000000000FF00000FF00000000000000000000000000000000000000000000000000000000000000000000000000000000000000000000000000000000000000000000000000000000000000000000000000000000000000000000000000000000000000000000000000000000000
Glyph 242 11 000000000000000000000000000000000000000000000000000000000000000000000000000000000000000000000000000000000000000000000000000000000000000000000000000000000000000000000000000000000000000000000000000000000000000000000000000000000000000000000000000000FF0000000000000000000000000000000000000FF0000000000000000000000000000000000000F00000000000000000000000000000000000000000000000000000000000000000000000000FFFF00000000000000000000000000000000FFF0FFF0000000000000000000000000000000FF0000FF00000000000000000000000000000FF00000FF00000000000000000000000000000FF000000F00000000000000000000000000000FF000000FF0000000000000000000000000000FF000000F00000000000000000000000000000FF00000FF000000000000000000000000000000FF0000FF000000000000000000000000000000FFFFFFF000000000000000000000000000000000FFFF0000000000000000000000000000000000000000000000000000000000000000000000000000000000000000000000000000000000000000000000000000000000000000000000000000000000000000000000000000000000000000000000000000000000000
Glyph 243 11 000000000000000000000000000000000000000000000000000000000000000000000000000000000000000000000000000000000000000000000000000000000000000000000000000000000000000000000000000000000000000000000000000000000000000000000000000000000000000000000000000000000FF00000000000000000000000000000000000FF000000000000000000000000000000000000F00000000000000000000000000000000000000000000000000000000000000000000000000FFFF00000000000000000000000000000000FFF0FFF0000000000000000000000000000000FF0000FF00000000000000000000000000000FF00000FF00000000000000000000000000000FF000000F00000000000000000000000000000FF000000FF0000000000000000000000000000FF000000F00000000000000000000000000000FF00000FF000000000000000000000000000000FF0000FF000000000000000000000000000000FFFFFFF000000000000000000000000000000000FFFF0000000000000000000000000000000000000000000000000000000000000000000000000000000000000000000000000000000000000000000000000000000000000000000000000000000000000000000000000000000000000000000000000000000000000
Glyph 244 11 00000000000000000000000000000000000000000000000000000000000000000000000000000000000000000000000000000000000000000000000000000000000000000000000000000000000000000000000000000000000000000000000000000000000000000000000000000000000000000000000000000000FF00000000000000000000000000000000000F0F0000000000000000000000000000000000FF00F000000000000000000000000000000000000000000000000000000000000000000000000FFFF00000000000000000000000000000000FFF0FFF0000000000000000000000000000000FF0000FF00000000000000000000000000000FF00000FF00000000000000000000000000000FF000000F00000000000000000000000000000FF000000FF0000000000000000000000000000FF000000F00000000000000000000000000000FF00000FF000000000000000000000000000000FF0000FF000000000000000000000000000000FFFFFFF000000000000000000000000000000000FFFF0000000000000000000000000000000000000000000000000000000000000000000000000000000000000000000000000000000000000000000000000000000000000000000000000000000000000000000000000000000000000000000000000000000000000
Glyph 245 11 000000000000000000000000000000000000000000000000000000000000000000000000000000000000000000000000000000000000000000000000000000000000000000000000000000000000000000000000000000000000000000000000000000000000000000000000000000000000000000000000000000FF000F0000000000000000000000000000000FF0F0FF0000000000000000000000000000000F000FF000000000000000000000000000000000000000000000000000000000000000000000000FFFF00000000000000000000000000000000FFF0FFF0000000000000000000000000000000FF0000FF00000000000000000000000000000FF00000FF00000000000000000000000000000FF000000F00000000000000000000000000000FF000000FF0000000000000000000000000000FF000000F00000000000000000000000000000FF00000FF000000000000000000000000000000FF0000FF000000000000000000000000000000FFFFFFF000000000000000000000000000000000FFFF0000000000000000000000000000000000000000000000000000000000000000000000000000000000000000000000000000000000000000000000000000000000000000000000000000000000000000000000000000000000000000000000000000000000000
Glyph 246,1255 11 00000000000000000000000000000000000000000000000000000000000000000000000000000000000000000000000000000000000000000000000000000000000000000000000000000000000000000000000000000000000000000000000000000000000000000000000000000000000000000000000000000FF00FF00000000000000000000000000000000FF00FF00000000000000000000000000000000000000000000000000000000000000000000000000000000000000000000000000000000000000FFFF00000000000000000000000000000000FFF0FFF0000000000000000000000000000000FF0000FF00000000000000000000000000000FF00000FF00000000000000000000000000000FF000000F00000000000000000000000000000FF000000FF0000000000000000000000000000FF000000F00000000000000000000000000000FF00000FF000000000000000000000000000000FF0000FF000000000000000000000000000000FFFFFFF000000000000000000000000000000000FFFF0000000000000000000000000000000000000000000000000000000000000000000000000000000000000000000000000000000000000000000000000000000000000000000000000000000000000000000000000000000000000000000000000000000000000
Glyph 247 11 00000000000000000000000000000000000000000000000000000000000000000000000000000000000000000000000000000000000000000000000000000000000000000000000000000000000000000000000000000000000000000000000000000000000000000000000000000000000000000000000000000000000000000000000000000000000000000000000000000000000000000000000000000000000000000000000000000000000000000000000000FF000000000000000000000000000000000000FF000000000000000000000000000000000000000000000000000000000000000000000000000000000000000000000000000000000000FFFFFFFFF00000000000000000000000000000FFFFFFFFF0000000000000000000000000000000000000000000000000000000000000000000000000000000000000000000000000000000000000FF000000000000000000000000000000000000FF000000000000000000000000000000000000000000000000000000000000000000000000000000000000000000000000000000000000000000000000000000000000000000000000000000000000000000000000000000000000000000000000000000000000000000000000000000000000000000000000000000000000000000000000000000000000000000
Glyph 248 11 00000000000000000000000000000000000000000000000000000000000000000000000000000000000000000000000000000000000000000000000000000000000000000000000000000000000000000000000000000000000000000000000000000000000000000000000000000000000000000000000000000000000000000000000000000000000000000000000000000000000000000000000000000000000000000000000000000000000000000000000000000F000000000000000000000000000000000FFFFF0000000000000000000000000000000FFF0FFF0000000000000000000000000000000FF000FFF00000000000000000000000000000FF000F0FF00000000000000000000000000000FF000F00F00000000000000000000000000000FF00F000FF0000000000000000000000000000FF00F000F00000000000000000000000000000FF0F000FF000000000000000000000000000000FFF000FF000000000000000000000000000000FFFFFFF00000000000000000000000000000000FFFFF00000000000000000000000000000000F0000000000000000000000000000000000000000000000000000000000000000000000000000000000000000000000000000000000000000000000000000000000000000000000000000000000000000000000000000
Glyph 249 11 0000000000000000000000000000000000000000000000000000000000000000000000000000000000000000000000000000000000000000000000000000000000000000000000000000000000000000000000000000000000000000000000000000000000000000FF0000000000000000000000000000000000000FF0000000000000000000000000000000000000F0000000000000000000000000000000000000000000000000000000000000000000000000000000000000000000000000000000000000FF00000FF00000000000000000000000000000FF00000FF00000000000000000000000000000FF00000FF00000000000000000000000000000FF00000FF00000000000000000000000000000FF00000FF00000000000000000000000000000FF00000FF00000000000000000000000000000FF00000FF00000000000000000000000000000FF00000FF000000000000000000000000000000F0000FFF000000000000000000000000000000FFFFFFFF0000000000000000000000000000000FFFF0FF00000000000000000000000000000000000000000000000000000000000000000000000000000000000000000000000000000000000000000000000000000000000000000000000000000000000000000000000000000000000000000000000000000000000
Glyph 250 11 0000000000000000000000000000000000000000000000000000000000000000000000000000000000000000000000000000000000000000000000000000000000000000000000000000000000000000000000000000000000000000000000000000000000000000000FF00000000000000000000000000000000000FF000000000000000000000000000000000000F0000000000000000000000000000000000000000000000000000000000000000000000000000000000000000000000000000000000000FF00000FF00000000000000000000000000000FF00000FF00000000000000000000000000000FF00000FF00000000000000000000000000000FF00000FF00000000000000000000000000000FF00000FF00000000000000000000000000000FF00000FF00000000000000000000000000000FF00000FF00000000000000000000000000000FF00000FF000000000000000000000000000000F0000FFF000000000000000000000000000000FFFFFFFF0000000000000000000000000000000FFFF0FF00000000000000000000000000000000000000000000000000000000000000000000000000000000000000000000000000000000000000000000000000000000000000000000000000000000000000000000000000000000000000000000000000000000000
Glyph 251 11 000000000000000000000000000000000000000000000000000000000000000000000000000000000000000000000000000000000000000000000000000000000000000000000000000000000000000000000000000000000000000000000000000000000000000000FF00000000000000000000000000000000000F0F0000000000000000000000000000000000FF00F00000000000000000000000000000000000000000000000000000000000000000000000000000000000000000000000000000000000FF00000FF00000000000000000000000000000FF00000FF00000000000000000000000000000FF00000FF00000000000000000000000000000FF00000FF00000000000000000000000000000FF00000FF00000000000000000000000000000FF00000FF00000000000000000000000000000FF00000FF00000000000000000000000000000FF00000FF000000000000000000000000000000F0000FFF000000000000000000000000000000FFFFFFFF0000000000000000000000000000000FFFF0FF00000000000000000000000000000000000000000000000000000000000000000000000000000000000000000000000000000000000000000000000000000000000000000000000000000000000000000000000000000000000000000000000000000000000
Glyph 252 11 00000000000000000000000000000000000000000000000000000000000000000000000000000000000000000000000000000000000000000000000000000000000000000000000000000000000000000000000000000000000000000000000000000000000000000000000000000000000000000000000000000FF00FF00000000000000000000000000000000FF00FF00000000000000000000000000000000000000000000000000000000000000000000000000000000000000000000000000000000000FF00000FF00000000000000000000000000000FF00000FF00000000000000000000000000000FF00000FF00000000000000000000000000000FF00000FF00000000000000000000000000000FF00000FF00000000000000000000000000000FF00000FF00000000000000000000000000000FF00000FF00000000000000000000000000000FF00000FF000000000000000000000000000000F0000FFF000000000000000000000000000000FFFFFFFF0000000000000000000000000000000FFFF0FF00000000000000000000000000000000000000000000000000000000000000000000000000000000000000000000000000000000000000000000000000000000000000000000000000000000000000000000000000000000000000000000000000000000000
Glyph 253 9 0000000000000000000000000000000000000000000000000000000000000000000000000000000000000000000000000000000000000000000000000000000000000000000000000000000000000000000000000000000000000000000000000000000000000000000FF00000000000000000000000000000000000FF000000000000000000000000000000000000F000000000000000000000000000000000000000000000000000000000000000000000000000000000000000000000000000000000000FF00000FF000000000000000000000000000000FF0000FF000000000000000000000000000000FF0000F0000000000000000000000000000000FF000FF00000000000000000000000000000000FF00FF00000000000000000000000000000000FF00F0000000000000000000000000000000000F0FF0000000000000000000000000000000000FFFF0000000000000000000000000000000000FFF000000000000000000000000000000000000FF000000000000000000000000000000000000FF000000000000000000000000000000000000F000000000000000000000000000000000000FF0000000000000000000000000000000000FFF00000000000000000000000000000000000FF0000000000000000000000000000000000000000000000000000000000
Glyph 254 12 0000000000000000000000000000000000000000000000000000000000000000000000000000000000000000000000000000000000000000000000000000000000000000000000000000000000000000000000000000000000000000000000000000000000000000000000000000000000000000000000000000FF000000000000000000000000000000000000FF000000000000000000000000000000000000FF000000000000000000000000000000000000FF000000000000000000000000000000000000FF0FFFF0000000000000000000000000000000FFFFFFFF000000000000000000000000000000FFF0000FF00000000000000000000000000000FF00000FF00000000000000000000000000000FF000000F00000000000000000000000000000FF000000F00000000000000000000000000000FF000000F00000000000000000000000000000FF00000FF00000000000000000000000000000FFF0000FF00000000000000000000000000000FFFFFFFF000000000000000000000000000000FF0FFFF0000000000000000000000000000000FF000000000000000000000000000000000000FF000000000000000000000000000000000000FF000000000000000000000000000000000000FF0000000000000000000000000000000000000000000000000000000000
Glyph 255,1265 9 00000000000000000000000000000000000000000000000000000000000000000000000000000000000000000000000000000000000000000000000000000000000000000000000000000000000000000000000000000000000000000000000000000000000000000000000000000000000000000000000000000FF00FF00000000000000000000000000000000FF00FF0000000000000000000000000000000000000000000000000000000000000000000000000000000000000000000000000000000000FF00000FF000000000000000000000000000000FF0000FF000000000000000000000000000000FF0000F0000000000000000000000000000000FF000FF00000000000000000000000000000000FF00FF00000000000000000000000000000000FF00F0000000000000000000000000000000000F0FF0000000000000000000000000000000000FFFF0000000000000000000000000000000000FFF000000000000000000000000000000000000FF000000000000000000000000000000000000FF000000000000000000000000000000000000F000000000000000000000000000000000000FF0000000000000000000000000000000000FFF00000000000000000000000000000000000FF0000000000000000000000000000000000000000000000000000000000
Glyph 256 13 00000000000000000000000000000000000000000000000000000000000000000000000000000000000000000000000000000000000000000000000000000000000000000000000000000000000000000000000000FFFFFFF00000000000000000000000000000000000000000000000000000000000000000000000000000000000000000000000000000000000000FF00000000000000000000000000000000000FFF00000000000000000000000000000000000F0F0000000000000000000000000000000000FF0FF000000000000000000000000000000000FF0FF000000000000000000000000000000000F000F00000000000000000000000000000000FF000FF0000000000000000000000000000000FF000FF000000000000000000000000000000FFFFFFFFF00000000000000000000000000000FFFFFFFFF00000000000000000000000000000F0000000F0000000000000000000000000000FF0000000FF000000000000000000000000000FF0000000FF00000000000000000000000000FF000000000FF00000000000000000000000000000000000000000000000000000000000000000000000000000000000000000000000000000000000000000000000000000000000000000000000000000000000000000000000000000000000000000000000000000000
Glyph 257 11 0000000000000000000000000000000000000000000000000000000000000000000000000000000000000000000000000000000000000000000000000000000000000000000000000000000000000000000000000000000000000000000000000000000000000000000000000000000000000000000000000000000000000000000000000000000000000000000FFFFFFF000000000000000000000000000000000000000000000000000000000000000000000000000000000000000000000000000000000000FFFFF00000000000000000000000000000000FFF0FFF000000000000000000000000000000FF0000FF0000000000000000000000000000000000000F00000000000000000000000000000000FFFFFF0000000000000000000000000000000FF0000F000000000000000000000000000000FF00000F000000000000000000000000000000FF00000F000000000000000000000000000000FF0000FF0000000000000000000000000000000FFFFFFF00000000000000000000000000000000FFFF0FF00000000000000000000000000000000000000000000000000000000000000000000000000000000000000000000000000000000000000000000000000000000000000000000000000000000000000000000000000000000000000000000000000000000000
Glyph 258,1232 13 000000000000000000000000000000000000000000000000000000000000000000000000000000000000000000000000000000000000000000000000000000000000FF000F000000000000000000000000000000000F00FF000000000000000000000000000000000FFFF00000000000000000000000000000000000000000000000000000000000000000000000000FF00000000000000000000000000000000000FFF00000000000000000000000000000000000F0F0000000000000000000000000000000000FF0FF000000000000000000000000000000000FF0FF000000000000000000000000000000000F000F00000000000000000000000000000000FF000FF0000000000000000000000000000000FF000FF000000000000000000000000000000FFFFFFFFF00000000000000000000000000000FFFFFFFFF00000000000000000000000000000F0000000F0000000000000000000000000000FF0000000FF000000000000000000000000000FF0000000FF00000000000000000000000000FF000000000FF00000000000000000000000000000000000000000000000000000000000000000000000000000000000000000000000000000000000000000000000000000000000000000000000000000000000000000000000000000000000000000000000000000000
Glyph 259,1233 11 000000000000000000000000000000000000000000000000000000000000000000000000000000000000000000000000000000000000000000000000000000000000000000000000000000000000000000000000000000000000000000000000000000000000000000000000000000000000000000000000000000FF000F000000000000000000000000000000000F00FF000000000000000000000000000000000FFFF00000000000000000000000000000000000000000000000000000000000000000000000FFFFF00000000000000000000000000000000FFF0FFF000000000000000000000000000000FF0000FF0000000000000000000000000000000000000F00000000000000000000000000000000FFFFFF0000000000000000000000000000000FF0000F000000000000000000000000000000FF00000F000000000000000000000000000000FF00000F000000000000000000000000000000FF0000FF0000000000000000000000000000000FFFFFFF00000000000000000000000000000000FFFF0FF00000000000000000000000000000000000000000000000000000000000000000000000000000000000000000000000000000000000000000000000000000000000000000000000000000000000000000000000000000000000000000000000000000000000
Glyph 260 13 00000000000000000000000000000000000000000000000000000000000000000000000000000000000000000000000000000000000000000000000000000000000000000000000000000000000000000000000000000000000000000000000000000000000000000000000000000000000000000000000000000000000000000000000000000000000000000000000FF00000000000000000000000000000000000FFF00000000000000000000000000000000000F0F0000000000000000000000000000000000FF0FF000000000000000000000000000000000FF0FF000000000000000000000000000000000F000F00000000000000000000000000000000FF000FF0000000000000000000000000000000FF000FF000000000000000000000000000000FFFFFFFFF00000000000000000000000000000FFFFFFFFF00000000000000000000000000000F0000000F0000000000000000000000000000FF0000000FF000000000000000000000000000FF0000000FF00000000000000000000000000FF000000000FF00000000000000000000000000000000000FF00000000000000000000000000000000000FF000000000000000000000000000000000000FF0000000000000000000000000000000000000FFF000000000000000000000000000000000000000000000000
Glyph 261 11 00000000000000000000000000000000000000000000000000000000000000000000000000000000000000000000000000000000000000000000000000000000000000000000000000000000000000000000000000000000000000000000000000000000000000000000000000000000000000000000000000000000000000000000000000000000000000000000000000000000000000000000000000000000000000000000000000000000000000000000000000000000000000000000000000000000000000FFFFF00000000000000000000000000000000FFF0FFF000000000000000000000000000000FF0000FF0000000000000000000000000000000000000F00000000000000000000000000000000FFFFFF0000000000000000000000000000000FF0000F000000000000000000000000000000FF00000F000000000000000000000000000000FF00000F000000000000000000000000000000FF0000FF0000000000000000000000000000000FFFFFFF00000000000000000000000000000000FFFF0FF00000000000000000000000000000000000FF00000000000000000000000000000000000FF000000000000000000000000000000000000FF0F00000000000000000000000000000000000FFF000000000000000000000000000000000000000000000000000
Glyph 262 13 0000000000000000000000000000000000000000000000000000000000000000000000000000000000000000000000000000000000000000000000000000000000000000FF00000000000000000000000000000000000FF000000000000000000000000000000000000F0000000000000000000000000000000000000000000000000000000000000000000000000FFFFF00000000000000000000000000000000FFFFFFFF00000000000000000000000000000FF00000FF00000000000000000000000000000FF000000FF000000000000000000000000000FF0000000FF000000000000000000000000000FF000000000000000000000000000000000000FF000000000000000000000000000000000000FF000000000000000000000000000000000000FF000000000000000000000000000000000000FF0000000FF0000000000000000000000000000FF000000FF0000000000000000000000000000FF00000FF000000000000000000000000000000FFFFFFFF0000000000000000000000000000000FFFFF000000000000000000000000000000000000000000000000000000000000000000000000000000000000000000000000000000000000000000000000000000000000000000000000000000000000000000000000000000000000000000000000000000000000
Glyph 263 10 000000000000000000000000000000000000000000000000000000000000000000000000000000000000000000000000000000000000000000000000000000000000000000000000000000000000000000000000000000000000000000000000000000000000000000000000000000000000000000000000000000000FF00000000000000000000000000000000000FF000000000000000000000000000000000000F0000000000000000000000000000000000000000000000000000000000000000000000000FFFFF00000000000000000000000000000000FFF0FFF000000000000000000000000000000FF00000FF00000000000000000000000000000FF00000FF00000000000000000000000000000FF000000000000000000000000000000000000FF000000000000000000000000000000000000FF000000000000000000000000000000000000FF00000FF00000000000000000000000000000FF00000F0000000000000000000000000000000FFFFFFF00000000000000000000000000000000FFFFF0000000000000000000000000000000000000000000000000000000000000000000000000000000000000000000000000000000000000000000000000000000000000000000000000000000000000000000000000000000000000000000000000000000000000
Glyph 264 13 000000000000000000000000000000000000000000000000000000000000000000000000000000000000000000000000000000000000000000000000000000000000000FF00000000000000000000000000000000000F0F0000000000000000000000000000000000FF00F00000000000000000000000000000000000000000000000000000000000000000000000FFFFF00000000000000000000000000000000FFFFFFFF00000000000000000000000000000FF00000FF00000000000000000000000000000FF000000FF000000000000000000000000000FF0000000FF000000000000000000000000000FF000000000000000000000000000000000000FF000000000000000000000000000000000000FF000000000000000000000000000000000000FF000000000000000000000000000000000000FF0000000FF0000000000000000000000000000FF000000FF0000000000000000000000000000FF00000FF000000000000000000000000000000FFFFFFFF0000000000000000000000000000000FFFFF000000000000000000000000000000000000000000000000000000000000000000000000000000000000000000000000000000000000000000000000000000000000000000000000000000000000000000000000000000000000000000000000000000000000
Glyph 265 10 00000000000000000000000000000000000000000000000000000000000000000000000000000000000000000000000000000000000000000000000000000000000000000000000000000000000000000000000000000000000000000000000000000000000000000000000000000000000000000000000000000000FF00000000000000000000000000000000000F0F0000000000000000000000000000000000FF00F00000000000000000000000000000000000000000000000000000000000000000000000FFFFF00000000000000000000000000000000FFF0FFF000000000000000000000000000000FF00000FF00000000000000000000000000000FF00000FF00000000000000000000000000000FF000000000000000000000000000000000000FF000000000000000000000000000000000000FF000000000000000000000000000000000000FF00000FF00000000000000000000000000000FF00000F0000000000000000000000000000000FFFFFFF00000000000000000000000000000000FFFFF0000000000000000000000000000000000000000000000000000000000000000000000000000000000000000000000000000000000000000000000000000000000000000000000000000000000000000000000000000000000000000000000000000000000000
Glyph 266 13 0000000000000000000000000000000000000000000000000000000000000000000000000000000000000000000000000000000000000000000000000000000000000000000000000000000000000000000000000000FF0000000000000000000000000000000000000F0000000000000000000000000000000000000000000000000000000000000000000000000FFFFF00000000000000000000000000000000FFFFFFFF00000000000000000000000000000FF00000FF00000000000000000000000000000FF000000FF000000000000000000000000000FF0000000FF000000000000000000000000000FF000000000000000000000000000000000000FF000000000000000000000000000000000000FF000000000000000000000000000000000000FF000000000000000000000000000000000000FF0000000FF0000000000000000000000000000FF000000FF0000000000000000000000000000FF00000FF000000000000000000000000000000FFFFFFFF0000000000000000000000000000000FFFFF000000000000000000000000000000000000000000000000000000000000000000000000000000000000000000000000000000000000000000000000000000000000000000000000000000000000000000000000000000000000000000000000000000000000
Glyph 267 10 0000000000000000000000000000000000000000000000000000000000000000000000000000000000000000000000000000000000000000000000000000000000000000000000000000000000000000000000000000000000000000000000000000000000000000000000000000000000000000000000000000000FF0000000000000000000000000000000000000F000000000000000000000000000000000000000000000000000000000000000000000000000000000000000000000000000000000000000FFFFF00000000000000000000000000000000FFF0FFF000000000000000000000000000000FF00000FF00000000000000000000000000000FF00000FF00000000000000000000000000000FF000000000000000000000000000000000000FF000000000000000000000000000000000000FF000000000000000000000000000000000000FF00000FF00000000000000000000000000000FF00000F0000000000000000000000000000000FFFFFFF00000000000000000000000000000000FFFFF0000000000000000000000000000000000000000000000000000000000000000000000000000000000000000000000000000000000000000000000000000000000000000000000000000000000000000000000000000000000000000000000000000000000000
Glyph 268 13 0000000000000000000000000000000000000000000000000000000000000000000000000000000000000000000000000000000000000000000000000000000000000F00FF0000000000000000000000000000000000F0F00000000000000000000000000000000000FF0000000000000000000000000000000000000000000000000000000000000000000000000FFFFF00000000000000000000000000000000FFFFFFFF00000000000000000000000000000FF00000FF00000000000000000000000000000FF000000FF000000000000000000000000000FF0000000FF000000000000000000000000000FF000000000000000000000000000000000000FF000000000000000000000000000000000000FF000000000000000000000000000000000000FF000000000000000000000000000000000000FF0000000FF0000000000000000000000000000FF000000FF0000000000000000000000000000FF00000FF000000000000000000000000000000FFFFFFFF0000000000000000000000000000000FFFFF000000000000000000000000000000000000000000000000000000000000000000000000000000000000000000000000000000000000000000000000000000000000000000000000000000000000000000000000000000000000000000000000000000000000
Glyph 269 10 000000000000000000000000000000000000000000000000000000000000000000000000000000000000000000000000000000000000000000000000000000000000000000000000000000000000000000000000000000000000000000000000000000000000000000000000000000000000000000000000000000F00FF0000000000000000000000000000000000F0F00000000000000000000000000000000000FF0000000000000000000000000000000000000000000000000000000000000000000000000FFFFF00000000000000000000000000000000FFF0FFF000000000000000000000000000000FF00000FF00000000000000000000000000000FF00000FF00000000000000000000000000000FF000000000000000000000000000000000000FF000000000000000000000000000000000000FF000000000000000000000000000000000000FF00000FF00000000000000000000000000000FF00000F0000000000000000000000000000000FFFFFFF00000000000000000000000000000000FFFFF0000000000000000000000000000000000000000000000000000000000000000000000000000000000000000000000000000000000000000000000000000000000000000000000000000000000000000000000000000000000000000000000000000000000000
Glyph 270 13 0000000000000000000000000000000000000000000000000000000000000000000000000000000000000000000000000000000000000000000000000000000000000F00FF0000000000000000000000000000000000F0F00000000000000000000000000000000000FF00000000000000000000000000000000000000000000000000000000000000000000000FFFFFF00000000000000000000000000000000FFFFFFFF000000000000000000000000000000FF00000FF00000000000000000000000000000FF00000FF00000000000000000000000000000FF000000FF0000000000000000000000000000FF000000FF0000000000000000000000000000FF000000FF0000000000000000000000000000FF000000FF0000000000000000000000000000FF000000FF0000000000000000000000000000FF000000FF0000000000000000000000000000FF00000FF00000000000000000000000000000FF00000FF00000000000000000000000000000FFFFFFFF000000000000000000000000000000FFFFFF0000000000000000000000000000000000000000000000000000000000000000000000000000000000000000000000000000000000000000000000000000000000000000000000000000000000000000000000000000000000000000000000000000000000000
Glyph 271 13 00000000000000000000000000000000000000000000000000000000000000000000000000000000000000000000000000000000000000000000000000000000000000000000000000000000000000000000000000000000000000000000000000000000000000000000000000000000000000000000000000000000000FF00F000000000000000000000000000000000FF00F000000000000000000000000000000000FF0FF000000000000000000000000000000000FF0F00000000000000000000000000000FFFF0FF000000000000000000000000000000FFFFFFFF00000000000000000000000000000FFF0000FF00000000000000000000000000000FF00000FF00000000000000000000000000000FF00000FF00000000000000000000000000000FF00000FF00000000000000000000000000000FF00000FF00000000000000000000000000000FF00000FF000000000000000000000000000000FF0000FF000000000000000000000000000000FFFFFFFF0000000000000000000000000000000FFFF0FF00000000000000000000000000000000000000000000000000000000000000000000000000000000000000000000000000000000000000000000000000000000000000000000000000000000000000000000000000000000000000000000000000000000000
Glyph 273 12 00000000000000000000000000000000000000000000000000000000000000000000000000000000000000000000000000000000000000000000000000000000000000000000000000000000000000000000000000000000000000000000000000000000000000000000000000000000000000000000000000000000000FF000000000000000000000000000000000000FF000000000000000000000000000000000FFFFFFF0000000000000000000000000000000000FF0000000000000000000000000000000FFFF0FF000000000000000000000000000000FFFFFFFF00000000000000000000000000000FFF0000FF00000000000000000000000000000FF00000FF00000000000000000000000000000FF00000FF00000000000000000000000000000FF00000FF00000000000000000000000000000FF00000FF00000000000000000000000000000FF00000FF000000000000000000000000000000FF0000FF000000000000000000000000000000FFFFFFFF0000000000000000000000000000000FFFF0FF00000000000000000000000000000000000000000000000000000000000000000000000000000000000000000000000000000000000000000000000000000000000000000000000000000000000000000000000000000000000000000000000000000000000
Glyph 274 11 0000000000000000000000000000000000000000000000000000000000000000000000000000000000000000000000000000000000000000000000000000000000000000000000000000000000000000000000000FFFFFFF00000000000000000000000000000000000000000000000000000000000000000000000000000000000000000000000000000000000FFFFFFFFF00000000000000000000000000000FFFFFFFFF00000000000000000000000000000FF000000000000000000000000000000000000FF000000000000000000000000000000000000FF000000000000000000000000000000000000FF000000000000000000000000000000000000FFFFFFFF000000000000000000000000000000FFFFFFFF000000000000000000000000000000FF000000000000000000000000000000000000FF000000000000000000000000000000000000FF000000000000000000000000000000000000FF000000000000000000000000000000000000FFFFFFFFF00000000000000000000000000000FFFFFFFFF0000000000000000000000000000000000000000000000000000000000000000000000000000000000000000000000000000000000000000000000000000000000000000000000000000000000000000000000000000000000000000000000000000000000
Glyph 275 11 0000000000000000000000000000000000000000000000000000000000000000000000000000000000000000000000000000000000000000000000000000000000000000000000000000000000000000000000000000000000000000000000000000000000000000000000000000000000000000000000000000000000000000000000000000000000000000000FFFFFFF0000000000000000000000000000000000000000000000000000000000000000000000000000000000000000000000000000000000000FFFF00000000000000000000000000000000FFF0FFF0000000000000000000000000000000FF0000F000000000000000000000000000000FF00000FF00000000000000000000000000000FF00000FF00000000000000000000000000000FFFFFFFFF00000000000000000000000000000FF000000000000000000000000000000000000FF000000000000000000000000000000000000FFF0000F0000000000000000000000000000000FFFFFFF00000000000000000000000000000000FFFFF0000000000000000000000000000000000000000000000000000000000000000000000000000000000000000000000000000000000000000000000000000000000000000000000000000000000000000000000000000000000000000000000000000000000000
Glyph 276,1238 11 000000000000000000000000000000000000000000000000000000000000000000000000000000000000000000000000000000000000000000000000000000000000FF000F000000000000000000000000000000000F00FF000000000000000000000000000000000FFFF0000000000000000000000000000000000000000000000000000000000000000000000FFFFFFFFF00000000000000000000000000000FFFFFFFFF00000000000000000000000000000FF000000000000000000000000000000000000FF000000000000000000000000000000000000FF000000000000000000000000000000000000FF000000000000000000000000000000000000FFFFFFFF000000000000000000000000000000FFFFFFFF000000000000000000000000000000FF000000000000000000000000000000000000FF000000000000000000000000000000000000FF000000000000000000000000000000000000FF000000000000000000000000000000000000FFFFFFFFF00000000000000000000000000000FFFFFFFFF0000000000000000000000000000000000000000000000000000000000000000000000000000000000000000000000000000000000000000000000000000000000000000000000000000000000000000000000000000000000000000000000000000000000
Glyph 277,1239 11 00000000000000000000000000000000000000000000000000000000000000000000000000000000000000000000000000000000000000000000000000000000000000000000000000000000000000000000000000000000000000000000000000000000000000000000000000000000000000000000000000000FF000F000000000000000000000000000000000F00FF000000000000000000000000000000000FFFF0000000000000000000000000000000000000000000000000000000000000000000000000FFFF00000000000000000000000000000000FFF0FFF0000000000000000000000000000000FF0000F000000000000000000000000000000FF00000FF00000000000000000000000000000FF00000FF00000000000000000000000000000FFFFFFFFF00000000000000000000000000000FF000000000000000000000000000000000000FF000000000000000000000000000000000000FFF0000F0000000000000000000000000000000FFFFFFF00000000000000000000000000000000FFFFF0000000000000000000000000000000000000000000000000000000000000000000000000000000000000000000000000000000000000000000000000000000000000000000000000000000000000000000000000000000000000000000000000000000000000
Glyph 278 11 0000000000000000000000000000000000000000000000000000000000000000000000000000000000000000000000000000000000000000000000000000000000000000000000000000000000000000000000000000FF0000000000000000000000000000000000000F00000000000000000000000000000000000000000000000000000000000000000000000FFFFFFFFF00000000000000000000000000000FFFFFFFFF00000000000000000000000000000FF000000000000000000000000000000000000FF000000000000000000000000000000000000FF000000000000000000000000000000000000FF000000000000000000000000000000000000FFFFFFFF000000000000000000000000000000FFFFFFFF000000000000000000000000000000FF000000000000000000000000000000000000FF000000000000000000000000000000000000FF000000000000000000000000000000000000FF000000000000000000000000000000000000FFFFFFFFF00000000000000000000000000000FFFFFFFFF0000000000000000000000000000000000000000000000000000000000000000000000000000000000000000000000000000000000000000000000000000000000000000000000000000000000000000000000000000000000000000000000000000000000
Glyph 279 11 0000000000000000000000000000000000000000000000000000000000000000000000000000000000000000000000000000000000000000000000000000000000000000000000000000000000000000000000000000000000000000000000000000000000000000000000000000000000000000000000000000000FF0000000000000000000000000000000000000F0000000000000000000000000000000000000000000000000000000000000000000000000000000000000000000000000000000000000000FFFF00000000000000000000000000000000FFF0FFF0000000000000000000000000000000FF0000F000000000000000000000000000000FF00000FF00000000000000000000000000000FF00000FF00000000000000000000000000000FFFFFFFFF00000000000000000000000000000FF000000000000000000000000000000000000FF000000000000000000000000000000000000FFF0000F0000000000000000000000000000000FFFFFFF00000000000000000000000000000000FFFFF0000000000000000000000000000000000000000000000000000000000000000000000000000000000000000000000000000000000000000000000000000000000000000000000000000000000000000000000000000000000000000000000000000000000000
Glyph 280 11 0000000000000000000000000000000000000000000000000000000000000000000000000000000000000000000000000000000000000000000000000000000000000000000000000000000000000000000000000000000000000000000000000000000000000000000000000000000000000000000000000000000000000000000000000000000000000000000FFFFFFFFF00000000000000000000000000000FFFFFFFFF00000000000000000000000000000FF000000000000000000000000000000000000FF000000000000000000000000000000000000FF000000000000000000000000000000000000FF000000000000000000000000000000000000FFFFFFFF000000000000000000000000000000FFFFFFFF000000000000000000000000000000FF000000000000000000000000000000000000FF000000000000000000000000000000000000FF000000000000000000000000000000000000FF000000000000000000000000000000000000FFFFFFFFF00000000000000000000000000000FFFFFFFFF00000000000000000000000000000000000F000000000000000000000000000000000000F0000000000000000000000000000000000000FF000000000000000000000000000000000000FFF000000000000000000000000000000000000000000000000000
Glyph 281 11 000000000000000000000000000000000000000000000000000000000000000000000000000000000000000000000000000000000000000000000000000000000000000000000000000000000000000000000000000000000000000000000000000000000000000000000000000000000000000000000000000000000000000000000000000000000000000000000000000000000000000000000000000000000000000000000000000000000000000000000000000000000000000000000000000000000000000FFFF00000000000000000000000000000000FFF0FFF0000000000000000000000000000000FF000FF000000000000000000000000000000FF00000FF00000000000000000000000000000FF00000FF00000000000000000000000000000FFFFFFFFF00000000000000000000000000000FF000000000000000000000000000000000000FF000000000000000000000000000000000000FFF0000F0000000000000000000000000000000FFFFFFF00000000000000000000000000000000FFFFF00000000000000000000000000000000000FF000000000000000000000000000000000000F0000000000000000000000000000000000000FF000000000000000000000000000000000000FFF00000000000000000000000000000000000000000000000000000
Glyph 282 11 0000000000000000000000000000000000000000000000000000000000000000000000000000000000000000000000000000000000000000000000000000000000000F00FF0000000000000000000000000000000000F0F00000000000000000000000000000000000FF00000000000000000000000000000000000000000000000000000000000000000000000FFFFFFFFF00000000000000000000000000000FFFFFFFFF00000000000000000000000000000FF000000000000000000000000000000000000FF000000000000000000000000000000000000FF000000000000000000000000000000000000FF000000000000000000000000000000000000FFFFFFFF000000000000000000000000000000FFFFFFFF000000000000000000000000000000FF000000000000000000000000000000000000FF000000000000000000000000000000000000FF000000000000000000000000000000000000FF000000000000000000000000000000000000FFFFFFFFF00000000000000000000000000000FFFFFFFFF0000000000000000000000000000000000000000000000000000000000000000000000000000000000000000000000000000000000000000000000000000000000000000000000000000000000000000000000000000000000000000000000000000000000
Glyph 283 11 000000000000000000000000000000000000000000000000000000000000000000000000000000000000000000000000000000000000000000000000000000000000000000000000000000000000000000000000000000000000000000000000000000000000000000000000000000000000000000000000000000F00FF0000000000000000000000000000000000F0F00000000000000000000000000000000000FF00000000000000000000000000000000000000000000000000000000000000000000000000FFFF00000000000000000000000000000000FFF0FFF0000000000000000000000000000000FF0000F000000000000000000000000000000FF00000FF00000000000000000000000000000FF00000FF00000000000000000000000000000FFFFFFFFF00000000000000000000000000000FF000000000000000000000000000000000000FF000000000000000000000000000000000000FFF0000F0000000000000000000000000000000FFFFFFF00000000000000000000000000000000FFFFF0000000000000000000000000000000000000000000000000000000000000000000000000000000000000000000000000000000000000000000000000000000000000000000000000000000000000000000000000000000000000000000000000000000000000
Glyph 284 14 000000000000000000000000000000000000000000000000000000000000000000000000000000000000000000000000000000000000000000000000000000000000000FF00000000000000000000000000000000000F0F0000000000000000000000000000000000FF00F00000000000000000000000000000000000000000000000000000000000000000000000FFFFFF0000000000000000000000000000000FFFFFFFF00000000000000000000000000000FF000000FF0000000000000000000000000000FF000000FF000000000000000000000000000FF000000000000000000000000000000000000FF000000000000000000000000000000000000FF0000FFFFF000000000000000000000000000FF0000FFFFF000000000000000000000000000FF0000000FF000000000000000000000000000FF0000000FF0000000000000000000000000000FF000000FF0000000000000000000000000000FFF00000FF00000000000000000000000000000FFFFFFFFF0000000000000000000000000000000FFFFF00000000000000000000000000000000000000000000000000000000000000000000000000000000000000000000000000000000000000000000000000000000000000000000000000000000000000000000000000000000000000000000000000000000000
Glyph 285 11 00000000000000000000000000000000000000000000000000000000000000000000000000000000000000000000000000000000000000000000000000000000000000000000000000000000000000000000000000000000000000000000000000000000000000000000000000000000000000000000000000000000FF00000000000000000000000000000000000F0F0000000000000000000000000000000000FF00F00000000000000000000000000000000000000000000000000000000000000000000000FFFF0FF000000000000000000000000000000FFFFFFFF00000000000000000000000000000FFF0000FF00000000000000000000000000000FF00000FF00000000000000000000000000000FF00000FF00000000000000000000000000000FF00000FF00000000000000000000000000000FF00000FF00000000000000000000000000000FF00000FF000000000000000000000000000000FF0000FF000000000000000000000000000000FFFFFFFF0000000000000000000000000000000FFFF0FF000000000000000000000000000000000000FF000000000000000000000000000000F00000FF000000000000000000000000000000FFF0FFF00000000000000000000000000000000FFFFF00000000000000000000000000000000000000000000000000000
Glyph 286 14 000000000000000000000000000000000000000000000000000000000000000000000000000000000000000000000000000000000000000000000000000000000000FF000F000000000000000000000000000000000F00FF000000000000000000000000000000000FFFF000000000000000000000000000000000000000000000000000000000000000000000000FFFFFF0000000000000000000000000000000FFFFFFFF00000000000000000000000000000FF000000FF0000000000000000000000000000FF000000FF000000000000000000000000000FF000000000000000000000000000000000000FF000000000000000000000000000000000000FF0000FFFFF000000000000000000000000000FF0000FFFFF000000000000000000000000000FF0000000FF000000000000000000000000000FF0000000FF0000000000000000000000000000FF000000FF0000000000000000000000000000FFF00000FF00000000000000000000000000000FFFFFFFFF0000000000000000000000000000000FFFFF00000000000000000000000000000000000000000000000000000000000000000000000000000000000000000000000000000000000000000000000000000000000000000000000000000000000000000000000000000000000000000000000000000000000
Glyph 287 11 00000000000000000000000000000000000000000000000000000000000000000000000000000000000000000000000000000000000000000000000000000000000000000000000000000000000000000000000000000000000000000000000000000000000000000000000000000000000000000000000000000FF000F000000000000000000000000000000000F00FF000000000000000000000000000000000FFFF000000000000000000000000000000000000000000000000000000000000000000000000FFFF0FF000000000000000000000000000000FFFFFFFF00000000000000000000000000000FFF0000FF00000000000000000000000000000FF00000FF00000000000000000000000000000FF00000FF00000000000000000000000000000FF00000FF00000000000000000000000000000FF00000FF00000000000000000000000000000FF00000FF000000000000000000000000000000FF0000FF000000000000000000000000000000FFFFFFFF0000000000000000000000000000000FFFF0FF000000000000000000000000000000000000FF000000000000000000000000000000F00000FF000000000000000000000000000000FFF0FFF00000000000000000000000000000000FFFFF00000000000000000000000000000000000000000000000000000
Glyph 288 14 0000000000000000000000000000000000000000000000000000000000000000000000000000000000000000000000000000000000000000000000000000000000000000000000000000000000000000000000000000FF0000000000000000000000000000000000000F0000000000000000000000000000000000000000000000000000000000000000000000000FFFFFF0000000000000000000000000000000FFFFFFFF00000000000000000000000000000FF000000FF0000000000000000000000000000FF000000FF000000000000000000000000000FF000000000000000000000000000000000000FF000000000000000000000000000000000000FF0000FFFFF000000000000000000000000000FF0000FFFFF000000000000000000000000000FF0000000FF000000000000000000000000000FF0000000FF0000000000000000000000000000FF000000FF0000000000000000000000000000FFF00000FF00000000000000000000000000000FFFFFFFFF0000000000000000000000000000000FFFFF00000000000000000000000000000000000000000000000000000000000000000000000000000000000000000000000000000000000000000000000000000000000000000000000000000000000000000000000000000000000000000000000000000000000
Glyph 289 11 0000000000000000000000000000000000000000000000000000000000000000000000000000000000000000000000000000000000000000000000000000000000000000000000000000000000000000000000000000000000000000000000000000000000000000000000000000000000000000000000000000000FF0000000000000000000000000000000000000F000000000000000000000000000000000000000000000000000000000000000000000000000000000000000000000000000000000000000FFFF0FF000000000000000000000000000000FFFFFFFF00000000000000000000000000000FFF0000FF00000000000000000000000000000FF00000FF00000000000000000000000000000FF00000FF00000000000000000000000000000FF00000FF00000000000000000000000000000FF00000FF00000000000000000000000000000FF00000FF000000000000000000000000000000FF0000FF000000000000000000000000000000FFFFFFFF0000000000000000000000000000000FFFF0FF000000000000000000000000000000000000FF000000000000000000000000000000F00000FF000000000000000000000000000000FFF0FFF00000000000000000000000000000000FFFFF00000000000000000000000000000000000000000000000000000
Glyph 290 14 000000000000000000000000000000000000000000000000000000000000000000000000000000000000000000000000000000000000000000000000000000000000000000000000000000000000000000000000000000000000000000000000000000000000000000000000000000000000000000000000000000000000000000000000000000000000000000000FFFFFF0000000000000000000000000000000FFFFFFFF00000000000000000000000000000FF000000FF0000000000000000000000000000FF000000FF000000000000000000000000000FF000000000000000000000000000000000000FF000000000000000000000000000000000000FF0000FFFFF000000000000000000000000000FF0000FFFFF000000000000000000000000000FF0000000FF000000000000000000000000000FF0000000FF0000000000000000000000000000FF000000FF0000000000000000000000000000FFF00000FF00000000000000000000000000000FFFFFFFFF0000000000000000000000000000000FFFFF0000000000000000000000000000000000000000000000000000000000000000000000000F0000000000000000000000000000000000000F000000000000000000000000000000000000FF000000000000000000000000000000000000F0000000000000000
Glyph 291 11 000000000000000000000000000000000000000000000000000000000000000000000000000000000000000000000000000000000000000000000000000000000000000000000000000000000000000000000000000000000000000000000000000000000000000000FF000000000000000000000000000000000000FF000000000000000000000000000000000000F0000000000000000000000000000000000000F0000000000000000000000000000000000000000000000000000000000000000000000000FFFF0FF000000000000000000000000000000FFFFFFFF00000000000000000000000000000FFF0000FF00000000000000000000000000000FF00000FF00000000000000000000000000000FF00000FF00000000000000000000000000000FF00000FF00000000000000000000000000000FF00000FF00000000000000000000000000000FF00000FF000000000000000000000000000000FF0000FF000000000000000000000000000000FFFFFFFF0000000000000000000000000000000FFFF0FF000000000000000000000000000000000000FF000000000000000000000000000000F00000FF000000000000000000000000000000FFF0FFF00000000000000000000000000000000FFFFF00000000000000000000000000000000000000000000000000000
Glyph 292 14 000000000000000000000000000000000000000000000000000000000000000000000000000000000000000000000000000000000000000000000000000000000000000FF00000000000000000000000000000000000F0F0000000000000000000000000000000000FF00F000000000000000000000000000000000000000000000000000000000000000000000FF0000000FF000000000000000000000000000FF0000000FF000000000000000000000000000FF0000000FF000000000000000000000000000FF0000000FF000000000000000000000000000FF0000000FF000000000000000000000000000FF0000000FF000000000000000000000000000FFFFFFFFFFF000000000000000000000000000FFFFFFFFFFF000000000000000000000000000FF0000000FF000000000000000000000000000FF0000000FF000000000000000000000000000FF0000000FF000000000000000000000000000FF0000000FF000000000000000000000000000FF0000000FF000000000000000000000000000FF0000000FF00000000000000000000000000000000000000000000000000000000000000000000000000000000000000000000000000000000000000000000000000000000000000000000000000000000000000000000000000000000000000000000000000000000
Glyph 293 11 00000000000000000000000000000000000000000000000000000000000000000000000000000000000000000000000FF00000000000000000000000000000000000F0F0000000000000000000000000000000000FF00F0000000000000000000000000000000000000000000000000000000000000000000000FF000000000000000000000000000000000000FF000000000000000000000000000000000000FF000000000000000000000000000000000000FF000000000000000000000000000000000000FF0FFFF0000000000000000000000000000000FFFFFFFF000000000000000000000000000000FFF0000FF00000000000000000000000000000FF00000FF00000000000000000000000000000FF00000FF00000000000000000000000000000FF00000FF00000000000000000000000000000FF00000FF00000000000000000000000000000FF00000FF00000000000000000000000000000FF00000FF00000000000000000000000000000FF00000FF00000000000000000000000000000FF00000FF00000000000000000000000000000000000000000000000000000000000000000000000000000000000000000000000000000000000000000000000000000000000000000000000000000000000000000000000000000000000000000000000000000000000
Glyph 294 14 0000000000000000000000000000000000000000000000000000000000000000000000000000000000000000000000000000000000000000000000000000000000000000000000000000000000000000000000000000000000000000000000000000000000000000000000000000000000000000000000000000000000000000000000000000000000000000000F00000000FF000000000000000000000000000F00000000FF000000000000000000000000000F00000000FF000000000000000000000000000F00000000FF0000000000000000000000000FFFFFFFFFFFFFF00000000000000000000000000F00000000FF000000000000000000000000000FFFFFFFFFFF000000000000000000000000000FFFFFFFFFFF000000000000000000000000000F00000000FF000000000000000000000000000F00000000FF000000000000000000000000000F00000000FF000000000000000000000000000F00000000FF000000000000000000000000000F00000000FF000000000000000000000000000F00000000FF00000000000000000000000000000000000000000000000000000000000000000000000000000000000000000000000000000000000000000000000000000000000000000000000000000000000000000000000000000000000000000000000000000000
Glyph 295 11 00000000000000000000000000000000000000000000000000000000000000000000000000000000000000000000000000000000000000000000000000000000000000000000000000000000000000000000000000000000000000000000000000000000000000000000000000000000000000000000000000000F0000000000000000000000000000000000000F00000000000000000000000000000000000FFFFFF0000000000000000000000000000000000F0000000000000000000000000000000000000F00FFFF0000000000000000000000000000000FFFFFFF0000000000000000000000000000000FF0000FF000000000000000000000000000000F00000FF000000000000000000000000000000F00000FF000000000000000000000000000000F00000FF000000000000000000000000000000F00000FF000000000000000000000000000000F00000FF000000000000000000000000000000F00000FF000000000000000000000000000000F00000FF000000000000000000000000000000F00000FF00000000000000000000000000000000000000000000000000000000000000000000000000000000000000000000000000000000000000000000000000000000000000000000000000000000000000000000000000000000000000000000000000000000000
Glyph 296 5 000000000000000000000000000000000000000000000000000000000000000000000000000000000000000000000000000000000000000000000000000000000FF000F0000000000000000000000000000000FF0F0FF0000000000000000000000000000000F000FF0000000000000000000000000000000000000000000000000000000000000000000000000FF000000000000000000000000000000000000FF000000000000000000000000000000000000FF000000000000000000000000000000000000FF000000000000000000000000000000000000FF000000000000000000000000000000000000FF000000000000000000000000000000000000FF000000000000000000000000000000000000FF000000000000000000000000000000000000FF000000000000000000000000000000000000FF000000000000000000000000000000000000FF000000000000000000000000000000000000FF000000000000000000000000000000000000FF000000000000000000000000000000000000FF00000000000000000000000000000000000000000000000000000000000000000000000000000000000000000000000000000000000000000000000000000000000000000000000000000000000000000000000000000000000000000000000000000000000000000
Glyph 297 5 0000000000000000000000000000000000000000000000000000000000000000000000000000000000000000000000000000000000000000000000000000000000000000000000000000000000000000000000000000000000000000000000000000000000000FF000F0000000000000000000000000000000FF0F0FF0000000000000000000000000000000F000FF000000000000000000000000000000000000000000000000000000000000000000000000000000000000000000000000000000000000000F0000000000000000000000000000000000000F0000000000000000000000000000000000000F0000000000000000000000000000000000000F0000000000000000000000000000000000000F0000000000000000000000000000000000000F0000000000000000000000000000000000000F0000000000000000000000000000000000000F0000000000000000000000000000000000000F0000000000000000000000000000000000000F0000000000000000000000000000000000000F000000000000000000000000000000000000000000000000000000000000000000000000000000000000000000000000000000000000000000000000000000000000000000000000000000000000000000000000000000000000000000000000000000000000000000
Glyph 298 5 0000000000000000000000000000000000000000000000000000000000000000000000000000000000000000000000000000000000000000000000000000000000000000000000000000000000000000000000FFFFFFF00000000000000000000000000000000000000000000000000000000000000000000000000000000000000000000000000000000000000FF000000000000000000000000000000000000FF000000000000000000000000000000000000FF000000000000000000000000000000000000FF000000000000000000000000000000000000FF000000000000000000000000000000000000FF000000000000000000000000000000000000FF000000000000000000000000000000000000FF000000000000000000000000000000000000FF000000000000000000000000000000000000FF000000000000000000000000000000000000FF000000000000000000000000000000000000FF000000000000000000000000000000000000FF000000000000000000000000000000000000FF00000000000000000000000000000000000000000000000000000000000000000000000000000000000000000000000000000000000000000000000000000000000000000000000000000000000000000000000000000000000000000000000000000000000000000
Glyph 299 5 0000000000000000000000000000000000000000000000000000000000000000000000000000000000000000000000000000000000000000000000000000000000000000000000000000000000000000000000000000000000000000000000000000000000000000000000000000000000000000000000000000000000000000000000000000000000000000FFFFFFF00000000000000000000000000000000000000000000000000000000000000000000000000000000000000000000000000000000000000F0000000000000000000000000000000000000F0000000000000000000000000000000000000F0000000000000000000000000000000000000F0000000000000000000000000000000000000F0000000000000000000000000000000000000F0000000000000000000000000000000000000F0000000000000000000000000000000000000F0000000000000000000000000000000000000F0000000000000000000000000000000000000F0000000000000000000000000000000000000F000000000000000000000000000000000000000000000000000000000000000000000000000000000000000000000000000000000000000000000000000000000000000000000000000000000000000000000000000000000000000000000000000000000000000000
Glyph 300 5 000000000000000000000000000000000000000000000000000000000000000000000000000000000000000000000000000000000000000000000000000000000FF000F000000000000000000000000000000000F00FF000000000000000000000000000000000FFFF0000000000000000000000000000000000000000000000000000000000000000000000000FF000000000000000000000000000000000000FF000000000000000000000000000000000000FF000000000000000000000000000000000000FF000000000000000000000000000000000000FF000000000000000000000000000000000000FF000000000000000000000000000000000000FF000000000000000000000000000000000000FF000000000000000000000000000000000000FF000000000000000000000000000000000000FF000000000000000000000000000000000000FF000000000000000000000000000000000000FF000000000000000000000000000000000000FF000000000000000000000000000000000000FF00000000000000000000000000000000000000000000000000000000000000000000000000000000000000000000000000000000000000000000000000000000000000000000000000000000000000000000000000000000000000000000000000000000000000000
Glyph 301 5 00000000000000000000000000000000000000000000000000000000000000000000000000000000000000000000000000000000000000000000000000000000000000000000000000000000000000000000000000000000000000000000000000000000000000000000000000000000000000000000000000FF000F000000000000000000000000000000000F00FF000000000000000000000000000000000FFFF00000000000000000000000000000000000000000000000000000000000000000000000000F0000000000000000000000000000000000000F0000000000000000000000000000000000000F0000000000000000000000000000000000000F0000000000000000000000000000000000000F0000000000000000000000000000000000000F0000000000000000000000000000000000000F0000000000000000000000000000000000000F0000000000000000000000000000000000000F0000000000000000000000000000000000000F0000000000000000000000000000000000000F000000000000000000000000000000000000000000000000000000000000000000000000000000000000000000000000000000000000000000000000000000000000000000000000000000000000000000000000000000000000000000000000000000000000000000
Glyph 302 5 0000000000000000000000000000000000000000000000000000000000000000000000000000000000000000000000000000000000000000000000000000000000000000000000000000000000000000000000000000000000000000000000000000000000000000000000000000000000000000000000000000000000000000000000000000000000000000000FF000000000000000000000000000000000000FF000000000000000000000000000000000000FF000000000000000000000000000000000000FF000000000000000000000000000000000000FF000000000000000000000000000000000000FF000000000000000000000000000000000000FF000000000000000000000000000000000000FF000000000000000000000000000000000000FF000000000000000000000000000000000000FF000000000000000000000000000000000000FF000000000000000000000000000000000000FF000000000000000000000000000000000000FF000000000000000000000000000000000000FF00000000000000000000000000000000000FF000000000000000000000000000000000000F000000000000000000000000000000000000FF0000000000000000000000000000000000000FFF000000000000000000000000000000000000000000000000000000000
Glyph 303 5 0000000000000000000000000000000000000000000000000000000000000000000000000000000000000000000000000000000000000000000000000000000000000000000000000000000000000000000000000000000000000000000000000000000000000000000000000000000000000000000000000000FF0000000000000000000000000000000000000F00000000000000000000000000000000000000000000000000000000000000000000000000000000000000000000000000000000000000000F0000000000000000000000000000000000000F0000000000000000000000000000000000000F0000000000000000000000000000000000000F0000000000000000000000000000000000000F0000000000000000000000000000000000000F0000000000000000000000000000000000000F0000000000000000000000000000000000000F0000000000000000000000000000000000000F0000000000000000000000000000000000000F0000000000000000000000000000000000000F00000000000000000000000000000000000FF000000000000000000000000000000000000F000000000000000000000000000000000000FF0000000000000000000000000000000000000FFF0000000000000000000000000000000000000000000000000000000000
Glyph 304 5 000000000000000000000000000000000000000000000000000000000000000000000000000000000000000000000000000000000000000000000000000000000000000000000000000000000000000000000000FF0000000000000000000000000000000000000F000000000000000000000000000000000000000000000000000000000000000000000000000FF000000000000000000000000000000000000FF000000000000000000000000000000000000FF000000000000000000000000000000000000FF000000000000000000000000000000000000FF000000000000000000000000000000000000FF000000000000000000000000000000000000FF000000000000000000000000000000000000FF000000000000000000000000000000000000FF000000000000000000000000000000000000FF000000000000000000000000000000000000FF000000000000000000000000000000000000FF000000000000000000000000000000000000FF000000000000000000000000000000000000FF00000000000000000000000000000000000000000000000000000000000000000000000000000000000000000000000000000000000000000000000000000000000000000000000000000000000000000000000000000000000000000000000000000000000000000
Glyph 305 5 0000000000000000000000000000000000000000000000000000000000000000000000000000000000000000000000000000000000000000000000000000000000000000000000000000000000000000000000000000000000000000000000000000000000000000000000000000000000000000000000000000000000000000000000000000000000000000000000000000000000000000000000000000000000000000000000000000000000000000000000000000000000000000000000000000000000000F0000000000000000000000000000000000000F0000000000000000000000000000000000000F0000000000000000000000000000000000000F0000000000000000000000000000000000000F0000000000000000000000000000000000000F0000000000000000000000000000000000000F0000000000000000000000000000000000000F0000000000000000000000000000000000000F0000000000000000000000000000000000000F0000000000000000000000000000000000000F000000000000000000000000000000000000000000000000000000000000000000000000000000000000000000000000000000000000000000000000000000000000000000000000000000000000000000000000000000000000000000000000000000000000000000
Glyph 306 16 0000000000000000000000000000000000000000000000000000000000000000000000000000000000000000000000000000000000000000000000000000000000000000000000000000000000000000000000000000000000000000000000000000000000000000000000000000000000000000000000000000000000000000000000000000000000000000000FF000000000FF0000000000000000000000000FF000000000FF0000000000000000000000000FF000000000FF0000000000000000000000000FF000000000FF0000000000000000000000000FF000000000FF0000000000000000000000000FF000000000FF0000000000000000000000000FF000000000FF0000000000000000000000000FF000000000FF0000000000000000000000000FF000000000FF0000000000000000000000000FF000000000FF0000000000000000000000000FF00F000000F00000000000000000000000000FF00FF0000FF00000000000000000000000000FF00FFFFFFFF00000000000000000000000000FF0000FFFF000000000000000000000000000000000000000000000000000000000000000000000000000000000000000000000000000000000000000000000000000000000000000000000000000000000000000000000000000000000000000000000000000000000
Glyph 307 10 0000000000000000000000000000000000000000000000000000000000000000000000000000000000000000000000000000000000000000000000000000000000000000000000000000000000000000000000000000000000000000000000000000000000000000000000000000000000000000000000000000FF000FF00000000000000000000000000000000F000FF000000000000000000000000000000000000000000000000000000000000000000000000000000000000000000000000000000000000F000FF00000000000000000000000000000000F000FF00000000000000000000000000000000F000FF00000000000000000000000000000000F000FF00000000000000000000000000000000F000FF00000000000000000000000000000000F000FF00000000000000000000000000000000F000FF00000000000000000000000000000000F000FF00000000000000000000000000000000F000FF00000000000000000000000000000000F000FF00000000000000000000000000000000F000FF000000000000000000000000000000000000FF000000000000000000000000000000000000FF0000000000000000000000000000000000FFFF0000000000000000000000000000000000FFF000000000000000000000000000000000000000000000000000000
Glyph 308 11 00000000000000000000000000000000000000000000000000000000000000000000000000000000000000000000000000000000000000000000000000000000000000000FF00000000000000000000000000000000000F0F0000000000000000000000000000000000FF00F0000000000000000000000000000000000000000000000000000000000000000000000000FF000000000000000000000000000000000000FF000000000000000000000000000000000000FF000000000000000000000000000000000000FF000000000000000000000000000000000000FF000000000000000000000000000000000000FF000000000000000000000000000000000000FF000000000000000000000000000000000000FF000000000000000000000000000000000000FF000000000000000000000000000000000000FF00000000000000000000000000000F000000F000000000000000000000000000000FF0000FF000000000000000000000000000000FFFFFFFF00000000000000000000000000000000FFFF00000000000000000000000000000000000000000000000000000000000000000000000000000000000000000000000000000000000000000000000000000000000000000000000000000000000000000000000000000000000000000000000000000000000000
Glyph 309 5 00000000000000000000000000000000000000000000000000000000000000000000000000000000000000000000000000000000000000000000000000000000000000000000000000000000000000000000000000000000000000000000000000000000000000000000000000000000000000000000000000000FF00000000000000000000000000000000000F0F0000000000000000000000000000000000FF00F0000000000000000000000000000000000000000000000000000000000000000000000000FF000000000000000000000000000000000000FF000000000000000000000000000000000000FF000000000000000000000000000000000000FF000000000000000000000000000000000000FF000000000000000000000000000000000000FF000000000000000000000000000000000000FF000000000000000000000000000000000000FF000000000000000000000000000000000000FF000000000000000000000000000000000000FF000000000000000000000000000000000000FF000000000000000000000000000000000000FF000000000000000000000000000000000000F0000000000000000000000000000000000F0FF0000000000000000000000000000000000FFF00000000000000000000000000000000000000000000000000000000000
Glyph 310 13 0000000000000000000000000000000000000000000000000000000000000000000000000000000000000000000000000000000000000000000000000000000000000000000000000000000000000000000000000000000000000000000000000000000000000000000000000000000000000000000000000000000000000000000000000000000000000000000FF00000FFF0000000000000000000000000000FF0000FFF00000000000000000000000000000FF0000FF000000000000000000000000000000FF000FF0000000000000000000000000000000FF00FF00000000000000000000000000000000FF0FF000000000000000000000000000000000FFFFF000000000000000000000000000000000FFFFFF00000000000000000000000000000000FF00FF00000000000000000000000000000000FF000FF0000000000000000000000000000000FF0000FF000000000000000000000000000000FF0000FFF00000000000000000000000000000FF00000FF00000000000000000000000000000FF000000FF00000000000000000000000000000000F0000000000000000000000000000000000000F000000000000000000000000000000000000FF000000000000000000000000000000000000F0000000000000000000000000000000000000000000000000000000
Glyph 311 10 0000000000000000000000000000000000000000000000000000000000000000000000000000000000000000000000000000000000000000000000000000000000000000000000000000000000000000000000000000000000000000000000000000000000000000000000000000000000000000000000000000FF000000000000000000000000000000000000FF000000000000000000000000000000000000FF000000000000000000000000000000000000FF000000000000000000000000000000000000FF0000FF000000000000000000000000000000FF000FF0000000000000000000000000000000FF00FF00000000000000000000000000000000FF0FFF00000000000000000000000000000000FFFFF000000000000000000000000000000000FFFFF000000000000000000000000000000000FFF0FF00000000000000000000000000000000FF00FFF0000000000000000000000000000000FF000FF0000000000000000000000000000000FF0000FF000000000000000000000000000000FF00000FF00000000000000000000000000000000000000000000000000000000000000000000000F0000000000000000000000000000000000000F000000000000000000000000000000000000FF000000000000000000000000000000000000F000000000000000000
Glyph 312,954 11 0000000000000000000000000000000000000000000000000000000000000000000000000000000000000000000000000000000000000000000000000000000000000000000000000000000000000000000000000000000000000000000000000000000000000000000000000000000000000000000000000000000000000000000000000000000000000000000000000000000000000000000000000000000000000000000000000000000000000000000000000000000000000000000000000000000000000F00000FF000000000000000000000000000000F0000FF0000000000000000000000000000000F000FF00000000000000000000000000000000F00FF000000000000000000000000000000000FFFF0000000000000000000000000000000000FFFF0000000000000000000000000000000000F00FF000000000000000000000000000000000F000FF00000000000000000000000000000000F000FFF0000000000000000000000000000000F0000FF0000000000000000000000000000000F00000FF00000000000000000000000000000000000000000000000000000000000000000000000000000000000000000000000000000000000000000000000000000000000000000000000000000000000000000000000000000000000000000000000000000000000
Glyph 313 11 000000000000000000000000000000000000000000000000000000000000000000000000000000000000000000000000000000000000000000000000000000000000FF00000000000000000000000000000000000FF000000000000000000000000000000000000F000000000000000000000000000000000000000000000000000000000000000000000000000FF000000000000000000000000000000000000FF000000000000000000000000000000000000FF000000000000000000000000000000000000FF000000000000000000000000000000000000FF000000000000000000000000000000000000FF000000000000000000000000000000000000FF000000000000000000000000000000000000FF000000000000000000000000000000000000FF000000000000000000000000000000000000FF000000000000000000000000000000000000FF000000000000000000000000000000000000FF000000000000000000000000000000000000FFFFFFFF000000000000000000000000000000FFFFFFFF00000000000000000000000000000000000000000000000000000000000000000000000000000000000000000000000000000000000000000000000000000000000000000000000000000000000000000000000000000000000000000000000000000000000
Glyph 314 5 0000000000000000000000000000000000000000000000000000000000000000000000000000000000000000000000FF00000000000000000000000000000000000FF000000000000000000000000000000000000F000000000000000000000000000000000000000000000000000000000000000000000000000F0000000000000000000000000000000000000F0000000000000000000000000000000000000F0000000000000000000000000000000000000F0000000000000000000000000000000000000F0000000000000000000000000000000000000F0000000000000000000000000000000000000F0000000000000000000000000000000000000F0000000000000000000000000000000000000F0000000000000000000000000000000000000F0000000000000000000000000000000000000F0000000000000000000000000000000000000F0000000000000000000000000000000000000F0000000000000000000000000000000000000F0000000000000000000000000000000000000F000000000000000000000000000000000000000000000000000000000000000000000000000000000000000000000000000000000000000000000000000000000000000000000000000000000000000000000000000000000000000000000000000000000000000000
Glyph 315 11 0000000000000000000000000000000000000000000000000000000000000000000000000000000000000000000000000000000000000000000000000000000000000000000000000000000000000000000000000000000000000000000000000000000000000000000000000000000000000000000000000000000000000000000000000000000000000000000FF000000000000000000000000000000000000FF000000000000000000000000000000000000FF000000000000000000000000000000000000FF000000000000000000000000000000000000FF000000000000000000000000000000000000FF000000000000000000000000000000000000FF000000000000000000000000000000000000FF000000000000000000000000000000000000FF000000000000000000000000000000000000FF000000000000000000000000000000000000FF000000000000000000000000000000000000FF000000000000000000000000000000000000FFFFFFFF000000000000000000000000000000FFFFFFFF000000000000000000000000000000000000000000000000000000000000000000000000F0000000000000000000000000000000000000F000000000000000000000000000000000000FF000000000000000000000000000000000000F00000000000000000
Glyph 316 5 00000000000000000000000000000000000000000000000000000000000000000000000000000000000000000000000000000000000000000000000000000000000000000000000000000000000000000000000000000000000000000000000000000000000000000000000000000000000000000000000000000F0000000000000000000000000000000000000F0000000000000000000000000000000000000F0000000000000000000000000000000000000F0000000000000000000000000000000000000F0000000000000000000000000000000000000F0000000000000000000000000000000000000F0000000000000000000000000000000000000F0000000000000000000000000000000000000F0000000000000000000000000000000000000F0000000000000000000000000000000000000F0000000000000000000000000000000000000F0000000000000000000000000000000000000F0000000000000000000000000000000000000F0000000000000000000000000000000000000F000000000000000000000000000000000000000000000000000000000000000000000000000F0000000000000000000000000000000000000F000000000000000000000000000000000000FF000000000000000000000000000000000000F000000000000000000000
Glyph 317 11 0000000000000000000000000000000000000000000000000000000000000000000000000000000000000000000000000000000000000000000000000000000000000000000000000000000000000000000000000000000000000000000000000000000000000000000000000000000000000000000000000000000000000000000000000000000000000000000FF000F00000000000000000000000000000000FF000F00000000000000000000000000000000FF00FF00000000000000000000000000000000FF00F000000000000000000000000000000000FF000000000000000000000000000000000000FF000000000000000000000000000000000000FF000000000000000000000000000000000000FF000000000000000000000000000000000000FF000000000000000000000000000000000000FF000000000000000000000000000000000000FF000000000000000000000000000000000000FF000000000000000000000000000000000000FFFFFFFF000000000000000000000000000000FFFFFFFF00000000000000000000000000000000000000000000000000000000000000000000000000000000000000000000000000000000000000000000000000000000000000000000000000000000000000000000000000000000000000000000000000000000000
Glyph 318 6 00000000000000000000000000000000000000000000000000000000000000000000000000000000000000000000000000000000000000000000000000000000000000000000000000000000000000000000000000000000000000000000000000000000000000000000000000000000000000000000000000000F00F0000000000000000000000000000000000F00F0000000000000000000000000000000000F0FF0000000000000000000000000000000000F0F00000000000000000000000000000000000F0000000000000000000000000000000000000F0000000000000000000000000000000000000F0000000000000000000000000000000000000F0000000000000000000000000000000000000F0000000000000000000000000000000000000F0000000000000000000000000000000000000F0000000000000000000000000000000000000F0000000000000000000000000000000000000F0000000000000000000000000000000000000F0000000000000000000000000000000000000F000000000000000000000000000000000000000000000000000000000000000000000000000000000000000000000000000000000000000000000000000000000000000000000000000000000000000000000000000000000000000000000000000000000000000000
Glyph 319 11 0000000000000000000000000000000000000000000000000000000000000000000000000000000000000000000000000000000000000000000000000000000000000000000000000000000000000000000000000000000000000000000000000000000000000000000000000000000000000000000000000000000000000000000000000000000000000000000FF000000000000000000000000000000000000FF000000000000000000000000000000000000FF000000000000000000000000000000000000FF000000000000000000000000000000000000FF000000000000000000000000000000000000FF000000000000000000000000000000000000FF0FF000000000000000000000000000000000FF00F000000000000000000000000000000000FF000000000000000000000000000000000000FF000000000000000000000000000000000000FF000000000000000000000000000000000000FF000000000000000000000000000000000000FFFFFFFF000000000000000000000000000000FFFFFFFF00000000000000000000000000000000000000000000000000000000000000000000000000000000000000000000000000000000000000000000000000000000000000000000000000000000000000000000000000000000000000000000000000000000000
Glyph 320 7 00000000000000000000000000000000000000000000000000000000000000000000000000000000000000000000000000000000000000000000000000000000000000000000000000000000000000000000000000000000000000000000000000000000000000000000000000000000000000000000000000000F0000000000000000000000000000000000000F0000000000000000000000000000000000000F0000000000000000000000000000000000000F0000000000000000000000000000000000000F0000000000000000000000000000000000000F0000000000000000000000000000000000000F0000000000000000000000000000000000000F0FF0000000000000000000000000000000000F00F0000000000000000000000000000000000F0000000000000000000000000000000000000F0000000000000000000000000000000000000F0000000000000000000000000000000000000F0000000000000000000000000000000000000F0000000000000000000000000000000000000F000000000000000000000000000000000000000000000000000000000000000000000000000000000000000000000000000000000000000000000000000000000000000000000000000000000000000000000000000000000000000000000000000000000000000000
Glyph 321 11 0000000000000000000000000000000000000000000000000000000000000000000000000000000000000000000000000000000000000000000000000000000000000000000000000000000000000000000000000000000000000000000000000000000000000000000000000000000000000000000000000000000000000000000000000000000000000000000FF000000000000000000000000000000000000FF000000000000000000000000000000000000FF000000000000000000000000000000000000FF000000000000000000000000000000000000FF000000000000000000000000000000000000FF0F0000000000000000000000000000000000FFF000000000000000000000000000000000FFFF000000000000000000000000000000000000FF000000000000000000000000000000000000FF000000000000000000000000000000000000FF000000000000000000000000000000000000FF000000000000000000000000000000000000FFFFFFFF000000000000000000000000000000FFFFFFFF00000000000000000000000000000000000000000000000000000000000000000000000000000000000000000000000000000000000000000000000000000000000000000000000000000000000000000000000000000000000000000000000000000000000
Glyph 322 5 00000000000000000000000000000000000000000000000000000000000000000000000000000000000000000000000000000000000000000000000000000000000000000000000000000000000000000000000000000000000000000000000000000000000000000000000000000000000000000000000000000FF000000000000000000000000000000000000FF000000000000000000000000000000000000FF000000000000000000000000000000000000FF000000000000000000000000000000000000FF000000000000000000000000000000000000FF000000000000000000000000000000000000FFF0000000000000000000000000000000000FFF0000000000000000000000000000000000F0FF000000000000000000000000000000000000FF000000000000000000000000000000000000FF000000000000000000000000000000000000FF000000000000000000000000000000000000FF000000000000000000000000000000000000FF000000000000000000000000000000000000FF00000000000000000000000000000000000000000000000000000000000000000000000000000000000000000000000000000000000000000000000000000000000000000000000000000000000000000000000000000000000000000000000000000000000000000
Glyph 323 14 00000000000000000000000000000000000000000000000000000000000000000000000000000000000000000000000000000000000000000000000000000000000000000FF00000000000000000000000000000000000FF000000000000000000000000000000000000F0000000000000000000000000000000000000000000000000000000000000000000000FF0000000FF000000000000000000000000000FFF000000FF000000000000000000000000000FFF000000FF000000000000000000000000000FFFF00000FF000000000000000000000000000FFFFF0000FF000000000000000000000000000FF0FF0000FF000000000000000000000000000FF00FF000FF000000000000000000000000000FF00FFF00FF000000000000000000000000000FF000FF00FF000000000000000000000000000FF0000FF0FF000000000000000000000000000FF0000FFFFF000000000000000000000000000FF00000FFFF000000000000000000000000000FF000000FFF000000000000000000000000000FF000000FFF00000000000000000000000000000000000000000000000000000000000000000000000000000000000000000000000000000000000000000000000000000000000000000000000000000000000000000000000000000000000000000000000000000000
Glyph 324 11 0000000000000000000000000000000000000000000000000000000000000000000000000000000000000000000000000000000000000000000000000000000000000000000000000000000000000000000000000000000000000000000000000000000000000000000FF00000000000000000000000000000000000FF000000000000000000000000000000000000F0000000000000000000000000000000000000000000000000000000000000000000000000000000000000000000000000000000000000FF0FFFF0000000000000000000000000000000FFFFFFFF000000000000000000000000000000FFF0000FF00000000000000000000000000000FF00000FF00000000000000000000000000000FF00000FF00000000000000000000000000000FF00000FF00000000000000000000000000000FF00000FF00000000000000000000000000000FF00000FF00000000000000000000000000000FF00000FF00000000000000000000000000000FF00000FF00000000000000000000000000000FF00000FF00000000000000000000000000000000000000000000000000000000000000000000000000000000000000000000000000000000000000000000000000000000000000000000000000000000000000000000000000000000000000000000000000000000000
Glyph 325 14 0000000000000000000000000000000000000000000000000000000000000000000000000000000000000000000000000000000000000000000000000000000000000000000000000000000000000000000000000000000000000000000000000000000000000000000000000000000000000000000000000000000000000000000000000000000000000000000FF0000000FF000000000000000000000000000FFF000000FF000000000000000000000000000FFF000000FF000000000000000000000000000FFFF00000FF000000000000000000000000000FFFFF0000FF000000000000000000000000000FF0FF0000FF000000000000000000000000000FF00FF000FF000000000000000000000000000FF00FFF00FF000000000000000000000000000FF000FF00FF000000000000000000000000000FF0000FF0FF000000000000000000000000000FF0000FFFFF000000000000000000000000000FF00000FFFF000000000000000000000000000FF000000FFF000000000000000000000000000FF000000FFF0000000000000000000000000000000000000000000000000000000000000000000000F0000000000000000000000000000000000000F000000000000000000000000000000000000FF000000000000000000000000000000000000F0000000000000000
Glyph 326 11 000000000000000000000000000000000000000000000000000000000000000000000000000000000000000000000000000000000000000000000000000000000000000000000000000000000000000000000000000000000000000000000000000000000000000000000000000000000000000000000000000000000000000000000000000000000000000000000000000000000000000000000000000000000000000000000000000000000000000000000000000000000000000000000000000000000000FF0FFFF0000000000000000000000000000000FFFFFFFF000000000000000000000000000000FFF0000FF00000000000000000000000000000FF00000FF00000000000000000000000000000FF00000FF00000000000000000000000000000FF00000FF00000000000000000000000000000FF00000FF00000000000000000000000000000FF00000FF00000000000000000000000000000FF00000FF00000000000000000000000000000FF00000FF00000000000000000000000000000FF00000FF00000000000000000000000000000000000000000000000000000000000000000000000F0000000000000000000000000000000000000F000000000000000000000000000000000000FF000000000000000000000000000000000000F000000000000000000
Glyph 327 14 00000000000000000000000000000000000000000000000000000000000000000000000000000000000000000000000000000000000000000000000000000000000000F00FF0000000000000000000000000000000000F0F00000000000000000000000000000000000FF0000000000000000000000000000000000000000000000000000000000000000000000FF0000000FF000000000000000000000000000FFF000000FF000000000000000000000000000FFF000000FF000000000000000000000000000FFFF00000FF000000000000000000000000000FFFFF0000FF000000000000000000000000000FF0FF0000FF000000000000000000000000000FF00FF000FF000000000000000000000000000FF00FFF00FF000000000000000000000000000FF000FF00FF000000000000000000000000000FF0000FF0FF000000000000000000000000000FF0000FFFFF000000000000000000000000000FF00000FFFF000000000000000000000000000FF000000FFF000000000000000000000000000FF000000FFF00000000000000000000000000000000000000000000000000000000000000000000000000000000000000000000000000000000000000000000000000000000000000000000000000000000000000000000000000000000000000000000000000000000
Glyph 328 11 0000000000000000000000000000000000000000000000000000000000000000000000000000000000000000000000000000000000000000000000000000000000000000000000000000000000000000000000000000000000000000000000000000000000000000F00FF0000000000000000000000000000000000F0F00000000000000000000000000000000000FF0000000000000000000000000000000000000000000000000000000000000000000000000000000000000000000000000000000000000FF0FFFF0000000000000000000000000000000FFFFFFFF000000000000000000000000000000FFF0000FF00000000000000000000000000000FF00000FF00000000000000000000000000000FF00000FF00000000000000000000000000000FF00000FF00000000000000000000000000000FF00000FF00000000000000000000000000000FF00000FF00000000000000000000000000000FF00000FF00000000000000000000000000000FF00000FF00000000000000000000000000000FF00000FF00000000000000000000000000000000000000000000000000000000000000000000000000000000000000000000000000000000000000000000000000000000000000000000000000000000000000000000000000000000000000000000000000000000000
Glyph 329 11 0000000000000000000000000000000000000000000000000000000000000000000000000000000000000000000000000000000000000000000000000000000000000000000000000000000000000000000000000000000000000000000000000000000000000F0000000000000000000000000000000000000F000000000000000000000000000000000000FF000000000000000000000000000000000000F00000000000000000000000000000000000000000000000000000000000000000000000000000FF0FFFF0000000000000000000000000000000FFFFFFFF000000000000000000000000000000FFF0000FF00000000000000000000000000000FF00000FF00000000000000000000000000000FF00000FF00000000000000000000000000000FF00000FF00000000000000000000000000000FF00000FF00000000000000000000000000000FF00000FF00000000000000000000000000000FF00000FF00000000000000000000000000000FF00000FF00000000000000000000000000000FF00000FF00000000000000000000000000000000000000000000000000000000000000000000000000000000000000000000000000000000000000000000000000000000000000000000000000000000000000000000000000000000000000000000000000000000000
Glyph 330 14 0000000000000000000000000000000000000000000000000000000000000000000000000000000000000000000000000000000000000000000000000000000000000000000000000000000000000000000000000000000000000000000000000000000000000000000000000000000000000000000000000000000000000000000000000000000000000000000FF000000FF0000000000000000000000000000FF000000FF0000000000000000000000000000FFF00000FF0000000000000000000000000000F0FF0000FF0000000000000000000000000000F0FF0000FF0000000000000000000000000000F00FF000FF0000000000000000000000000000F000FF00FF0000000000000000000000000000F000FF00FF0000000000000000000000000000F0000FF0FF0000000000000000000000000000F00000FFFF0000000000000000000000000000F00000FFFF0000000000000000000000000000F000000FFF0000000000000000000000000000F0000000FF0000000000000000000000000000F0000000FF000000000000000000000000000000000000FF000000000000000000000000000000000000FF0000000000000000000000000000000000FFFF0000000000000000000000000000000000FFF00000000000000000000000000000000000000000000000000
Glyph 331 11 000000000000000000000000000000000000000000000000000000000000000000000000000000000000000000000000000000000000000000000000000000000000000000000000000000000000000000000000000000000000000000000000000000000000000000000000000000000000000000000000000000000000000000000000000000000000000000000000000000000000000000000000000000000000000000000000000000000000000000000000000000000000000000000000000000000000FF0FFFF0000000000000000000000000000000FFFFFFFF000000000000000000000000000000FF00000FF00000000000000000000000000000FF00000FF00000000000000000000000000000FF00000FF00000000000000000000000000000FF00000FF00000000000000000000000000000FF00000FF00000000000000000000000000000FF00000FF00000000000000000000000000000FF00000FF00000000000000000000000000000FF00000FF00000000000000000000000000000FF00000FF000000000000000000000000000000000000FF000000000000000000000000000000000000FF0000000000000000000000000000000000FFF00000000000000000000000000000000000FFF0000000000000000000000000000000000000000000000000000
Glyph 332 14 0000000000000000000000000000000000000000000000000000000000000000000000000000000000000000000000000000000000000000000000000000000000000000000000000000000000000000000000000000000000000000000000000000000000000000FFFFFFF0000000000000000000000000000000000000000000000000000000000000000000000FFFFF00000000000000000000000000000000FFFFFFFF00000000000000000000000000000FF00000FFF0000000000000000000000000000FF000000FF000000000000000000000000000FF0000000FF000000000000000000000000000FF00000000FF00000000000000000000000000FF00000000FF00000000000000000000000000FF00000000FF00000000000000000000000000FF00000000FF00000000000000000000000000FF0000000FF0000000000000000000000000000FF000000FF0000000000000000000000000000FF00000FFF00000000000000000000000000000FFFFFFFF0000000000000000000000000000000FFFFF000000000000000000000000000000000000000000000000000000000000000000000000000000000000000000000000000000000000000000000000000000000000000000000000000000000000000000000000000000000000000000000000000000000000
Glyph 333 11 0000000000000000000000000000000000000000000000000000000000000000000000000000000000000000000000000000000000000000000000000000000000000000000000000000000000000000000000000000000000000000000000000000000000000000000000000000000000000000000000000000000000000000000000000000000000000000000FFFFFFF0000000000000000000000000000000000000000000000000000000000000000000000000000000000000000000000000000000000000FFFF00000000000000000000000000000000FFF0FFF0000000000000000000000000000000FF0000FF00000000000000000000000000000FF00000FF00000000000000000000000000000FF000000F00000000000000000000000000000FF000000FF0000000000000000000000000000FF000000F00000000000000000000000000000FF00000FF000000000000000000000000000000FF0000FF000000000000000000000000000000FFFFFFF000000000000000000000000000000000FFFF0000000000000000000000000000000000000000000000000000000000000000000000000000000000000000000000000000000000000000000000000000000000000000000000000000000000000000000000000000000000000000000000000000000000000
Glyph 334 14 0000000000000000000000000000000000000000000000000000000000000000000000000000000000000000000000000000000000000000000000000000000000000FF000F000000000000000000000000000000000F00FF000000000000000000000000000000000FFFF00000000000000000000000000000000000000000000000000000000000000000000000FFFFF00000000000000000000000000000000FFFFFFFF00000000000000000000000000000FF00000FFF0000000000000000000000000000FF000000FF000000000000000000000000000FF0000000FF000000000000000000000000000FF00000000FF00000000000000000000000000FF00000000FF00000000000000000000000000FF00000000FF00000000000000000000000000FF00000000FF00000000000000000000000000FF0000000FF0000000000000000000000000000FF000000FF0000000000000000000000000000FF00000FFF00000000000000000000000000000FFFFFFFF0000000000000000000000000000000FFFFF000000000000000000000000000000000000000000000000000000000000000000000000000000000000000000000000000000000000000000000000000000000000000000000000000000000000000000000000000000000000000000000000000000000000
Glyph 335 11 00000000000000000000000000000000000000000000000000000000000000000000000000000000000000000000000000000000000000000000000000000000000000000000000000000000000000000000000000000000000000000000000000000000000000000000000000000000000000000000000000000FF000F000000000000000000000000000000000F00FF000000000000000000000000000000000FFFF0000000000000000000000000000000000000000000000000000000000000000000000000FFFF00000000000000000000000000000000FFF0FFF0000000000000000000000000000000FF0000FF00000000000000000000000000000FF00000FF00000000000000000000000000000FF000000F00000000000000000000000000000FF000000FF0000000000000000000000000000FF000000F00000000000000000000000000000FF00000FF000000000000000000000000000000FF0000FF000000000000000000000000000000FFFFFFF000000000000000000000000000000000FFFF0000000000000000000000000000000000000000000000000000000000000000000000000000000000000000000000000000000000000000000000000000000000000000000000000000000000000000000000000000000000000000000000000000000000000
Glyph 336 14 000000000000000000000000000000000000000000000000000000000000000000000000000000000000000000000000000000000000000000000000000000000000000FF00FF00000000000000000000000000000000F00FF00000000000000000000000000000000FF0FF0000000000000000000000000000000000000000000000000000000000000000000000FFFFF00000000000000000000000000000000FFFFFFFF00000000000000000000000000000FF00000FFF0000000000000000000000000000FF000000FF000000000000000000000000000FF0000000FF000000000000000000000000000FF00000000FF00000000000000000000000000FF00000000FF00000000000000000000000000FF00000000FF00000000000000000000000000FF00000000FF00000000000000000000000000FF0000000FF0000000000000000000000000000FF000000FF0000000000000000000000000000FF00000FFF00000000000000000000000000000FFFFFFFF0000000000000000000000000000000FFFFF000000000000000000000000000000000000000000000000000000000000000000000000000000000000000000000000000000000000000000000000000000000000000000000000000000000000000000000000000000000000000000000000000000000000
Glyph 337 11 0000000000000000000000000000000000000000000000000000000000000000000000000000000000000000000000000000000000000000000000000000000000000000000000000000000000000000000000000000000000000000000000000000000000000000000000000000000000000000000000000000000FF00FF00000000000000000000000000000000F00FF00000000000000000000000000000000FF0FF000000000000000000000000000000000000000000000000000000000000000000000000FFFF00000000000000000000000000000000FFF0FFF0000000000000000000000000000000FF0000FF00000000000000000000000000000FF00000FF00000000000000000000000000000FF000000F00000000000000000000000000000FF000000FF0000000000000000000000000000FF000000F00000000000000000000000000000FF00000FF000000000000000000000000000000FF0000FF000000000000000000000000000000FFFFFFF000000000000000000000000000000000FFFF0000000000000000000000000000000000000000000000000000000000000000000000000000000000000000000000000000000000000000000000000000000000000000000000000000000000000000000000000000000000000000000000000000000000000
Glyph 338 19 000000000000000000000000000000000000000000000000000000000000000000000000000000000000000000000000000000000000000000000000000000000000000000000000000000000000000000000000000000000000000000000000000000000000000000000000000000000000000000000000000000000000000000000000000000000000000000000FFFFFFFFFFFFF000000000000000000000000FFF0FFFFFFFFFF00000000000000000000000FF00000F00000000000000000000000000000FF000000F00000000000000000000000000000FF000000F00000000000000000000000000000FF000000F00000000000000000000000000000FF000000FFFFFFFF0000000000000000000000FF000000FFFFFFFF0000000000000000000000FF000000F00000000000000000000000000000FF000000F00000000000000000000000000000FF000000F000000000000000000000000000000FF00000F0000000000000000000000000000000FFF0FFFFFFFFFFF000000000000000000000000FFFFFFFFFFFFFF000000000000000000000000000000000000000000000000000000000000000000000000000000000000000000000000000000000000000000000000000000000000000000000000000000000000000000000000000000000000000000000000000
Glyph 339 18 00000000000000000000000000000000000000000000000000000000000000000000000000000000000000000000000000000000000000000000000000000000000000000000000000000000000000000000000000000000000000000000000000000000000000000000000000000000000000000000000000000000000000000000000000000000000000000000000000000000000000000000000000000000000000000000000000000000000000000000000000000000000000000000000000000000000000FFFFF000FFFF0000000000000000000000000FFF0FFF0FFF0FFF00000000000000000000000FF0000FFF0000FF0000000000000000000000FF00000FFF00000F0000000000000000000000FF000000FF00000F0000000000000000000000FF000000FFFFFFFFF000000000000000000000FF000000FF0000000000000000000000000000FF00000FFF00000000000000000000000000000FF0000FFF00000F00000000000000000000000FFF0FFF0FFF0FFF000000000000000000000000FFFFF000FFFFF00000000000000000000000000000000000000000000000000000000000000000000000000000000000000000000000000000000000000000000000000000000000000000000000000000000000000000000000000000000000000000000000000000
Glyph 340 12 0000000000000000000000000000000000000000000000000000000000000000000000000000000000000000000000000000000000000000000000000000000000000000FF00000000000000000000000000000000000FF000000000000000000000000000000000000F00000000000000000000000000000000000000000000000000000000000000000000000FFFFFFF0000000000000000000000000000000FFFFFFFFF00000000000000000000000000000FF00000FF00000000000000000000000000000FF00000FF00000000000000000000000000000FF00000FF00000000000000000000000000000FF00000FF00000000000000000000000000000FFFFFFFF000000000000000000000000000000FFFFFFF0000000000000000000000000000000FF000FF0000000000000000000000000000000FF0000FF000000000000000000000000000000FF0000FF000000000000000000000000000000FF00000FF00000000000000000000000000000FF00000FF00000000000000000000000000000FF000000FF000000000000000000000000000000000000000000000000000000000000000000000000000000000000000000000000000000000000000000000000000000000000000000000000000000000000000000000000000000000000000000000000000000000
Glyph 341 7 000000000000000000000000000000000000000000000000000000000000000000000000000000000000000000000000000000000000000000000000000000000000000000000000000000000000000000000000000000000000000000000000000000000000000000FF00000000000000000000000000000000000FF000000000000000000000000000000000000F00000000000000000000000000000000000000000000000000000000000000000000000000000000000000000000000000000000000000FF0FF000000000000000000000000000000000FFFFF000000000000000000000000000000000FFF00000000000000000000000000000000000FF000000000000000000000000000000000000FF000000000000000000000000000000000000FF000000000000000000000000000000000000FF000000000000000000000000000000000000FF000000000000000000000000000000000000FF000000000000000000000000000000000000FF000000000000000000000000000000000000FF000000000000000000000000000000000000000000000000000000000000000000000000000000000000000000000000000000000000000000000000000000000000000000000000000000000000000000000000000000000000000000000000000000000000000000
Glyph 342 12 0000000000000000000000000000000000000000000000000000000000000000000000000000000000000000000000000000000000000000000000000000000000000000000000000000000000000000000000000000000000000000000000000000000000000000000000000000000000000000000000000000000000000000000000000000000000000000000FFFFFFF0000000000000000000000000000000FFFFFFFFF00000000000000000000000000000FF00000FF00000000000000000000000000000FF00000FF00000000000000000000000000000FF00000FF00000000000000000000000000000FF00000FF00000000000000000000000000000FFFFFFFF000000000000000000000000000000FFFFFFF0000000000000000000000000000000FF000FF0000000000000000000000000000000FF0000FF000000000000000000000000000000FF0000FF000000000000000000000000000000FF00000FF00000000000000000000000000000FF00000FF00000000000000000000000000000FF000000FF000000000000000000000000000000000000000000000000000000000000000000000F0000000000000000000000000000000000000F000000000000000000000000000000000000FF000000000000000000000000000000000000F000000000000000000
Glyph 343 7 000000000000000000000000000000000000000000000000000000000000000000000000000000000000000000000000000000000000000000000000000000000000000000000000000000000000000000000000000000000000000000000000000000000000000000000000000000000000000000000000000000000000000000000000000000000000000000000000000000000000000000000000000000000000000000000000000000000000000000000000000000000000000000000000000000000000FF0FF000000000000000000000000000000000FFFFF000000000000000000000000000000000FFF00000000000000000000000000000000000FF000000000000000000000000000000000000FF000000000000000000000000000000000000FF000000000000000000000000000000000000FF000000000000000000000000000000000000FF000000000000000000000000000000000000FF000000000000000000000000000000000000FF000000000000000000000000000000000000FF000000000000000000000000000000000000000000000000000000000000000000000000000F0000000000000000000000000000000000000F000000000000000000000000000000000000FF000000000000000000000000000000000000F000000000000000000000
Glyph 344 12 0000000000000000000000000000000000000000000000000000000000000000000000000000000000000000000000000000000000000000000000000000000000000F00FF0000000000000000000000000000000000F0F00000000000000000000000000000000000FF00000000000000000000000000000000000000000000000000000000000000000000000FFFFFFF0000000000000000000000000000000FFFFFFFFF00000000000000000000000000000FF00000FF00000000000000000000000000000FF00000FF00000000000000000000000000000FF00000FF00000000000000000000000000000FF00000FF00000000000000000000000000000FFFFFFFF000000000000000000000000000000FFFFFFF0000000000000000000000000000000FF000FF0000000000000000000000000000000FF0000FF000000000000000000000000000000FF0000FF000000000000000000000000000000FF00000FF00000000000000000000000000000FF00000FF00000000000000000000000000000FF000000FF000000000000000000000000000000000000000000000000000000000000000000000000000000000000000000000000000000000000000000000000000000000000000000000000000000000000000000000000000000000000000000000000000000000
Glyph 345 7 000000000000000000000000000000000000000000000000000000000000000000000000000000000000000000000000000000000000000000000000000000000000000000000000000000000000000000000000000000000000000000000000000000000000000F00FF0000000000000000000000000000000000F0F00000000000000000000000000000000000FF00000000000000000000000000000000000000000000000000000000000000000000000000000000000000000000000000000000000000FF0FF000000000000000000000000000000000FFFFF000000000000000000000000000000000FFF00000000000000000000000000000000000FF000000000000000000000000000000000000FF000000000000000000000000000000000000FF000000000000000000000000000000000000FF000000000000000000000000000000000000FF000000000000000000000000000000000000FF000000000000000000000000000000000000FF000000000000000000000000000000000000FF000000000000000000000000000000000000000000000000000000000000000000000000000000000000000000000000000000000000000000000000000000000000000000000000000000000000000000000000000000000000000000000000000000000000000000
Glyph 346 12 0000000000000000000000000000000000000000000000000000000000000000000000000000000000000000000000000000000000000000000000000000000000000000FF00000000000000000000000000000000000FF000000000000000000000000000000000000F0000000000000000000000000000000000000000000000000000000000000000000000000FFFFF0000000000000000000000000000000FFFFFFFF00000000000000000000000000000FFF00000FF0000000000000000000000000000FF000000FF0000000000000000000000000000FF0000000000000000000000000000000000000FF0000000000000000000000000000000000000FFFF000000000000000000000000000000000000FFFFF000000000000000000000000000000000000FFF000000000000000000000000000000000000FF0000000000000000000000000000FF000000FF0000000000000000000000000000FF000000FF00000000000000000000000000000FFFFFFFF0000000000000000000000000000000FFFFFF000000000000000000000000000000000000000000000000000000000000000000000000000000000000000000000000000000000000000000000000000000000000000000000000000000000000000000000000000000000000000000000000000000000000
Glyph 347 10 000000000000000000000000000000000000000000000000000000000000000000000000000000000000000000000000000000000000000000000000000000000000000000000000000000000000000000000000000000000000000000000000000000000000000000000000000000000000000000000000000000000FF00000000000000000000000000000000000FF000000000000000000000000000000000000F0000000000000000000000000000000000000000000000000000000000000000000000000FFFF000000000000000000000000000000000FFF0FFF000000000000000000000000000000FF0000FF000000000000000000000000000000FF0000000000000000000000000000000000000FFF000000000000000000000000000000000000FFFFF000000000000000000000000000000000000FFF000000000000000000000000000000000000FF000000000000000000000000000000FF0000FF0000000000000000000000000000000FFFFFFF00000000000000000000000000000000FFFFF0000000000000000000000000000000000000000000000000000000000000000000000000000000000000000000000000000000000000000000000000000000000000000000000000000000000000000000000000000000000000000000000000000000000000
Glyph 348 12 00000000000000000000000000000000000000000000000000000000000000000000000000000000000000000000000000000000000000000000000000000000000000FF00000000000000000000000000000000000F0F0000000000000000000000000000000000FF00F000000000000000000000000000000000000000000000000000000000000000000000000FFFFF0000000000000000000000000000000FFFFFFFF00000000000000000000000000000FFF00000FF0000000000000000000000000000FF000000FF0000000000000000000000000000FF0000000000000000000000000000000000000FF0000000000000000000000000000000000000FFFF000000000000000000000000000000000000FFFFF000000000000000000000000000000000000FFF000000000000000000000000000000000000FF0000000000000000000000000000FF000000FF0000000000000000000000000000FF000000FF00000000000000000000000000000FFFFFFFF0000000000000000000000000000000FFFFFF000000000000000000000000000000000000000000000000000000000000000000000000000000000000000000000000000000000000000000000000000000000000000000000000000000000000000000000000000000000000000000000000000000000000
Glyph 349 10 00000000000000000000000000000000000000000000000000000000000000000000000000000000000000000000000000000000000000000000000000000000000000000000000000000000000000000000000000000000000000000000000000000000000000000000000000000000000000000000000000000000FF00000000000000000000000000000000000F0F0000000000000000000000000000000000FF00F00000000000000000000000000000000000000000000000000000000000000000000000FFFF000000000000000000000000000000000FFF0FFF000000000000000000000000000000FF0000FF000000000000000000000000000000FF0000000000000000000000000000000000000FFF000000000000000000000000000000000000FFFFF000000000000000000000000000000000000FFF000000000000000000000000000000000000FF000000000000000000000000000000FF0000FF0000000000000000000000000000000FFFFFFF00000000000000000000000000000000FFFFF0000000000000000000000000000000000000000000000000000000000000000000000000000000000000000000000000000000000000000000000000000000000000000000000000000000000000000000000000000000000000000000000000000000000000
Glyph 350 12 000000000000000000000000000000000000000000000000000000000000000000000000000000000000000000000000000000000000000000000000000000000000000000000000000000000000000000000000000000000000000000000000000000000000000000000000000000000000000000000000000000000000000000000000000000000000000000000FFFFF0000000000000000000000000000000FFFFFFFF00000000000000000000000000000FFF00000FF0000000000000000000000000000FF000000FF0000000000000000000000000000FF0000000000000000000000000000000000000FF0000000000000000000000000000000000000FFFF000000000000000000000000000000000000FFFFF000000000000000000000000000000000000FFF000000000000000000000000000000000000FF0000000000000000000000000000FF000000FF0000000000000000000000000000FF000000FF00000000000000000000000000000FFFFFFFF0000000000000000000000000000000FFFFFF0000000000000000000000000000000000FF0000000000000000000000000000000000000FF0000000000000000000000000000000000000F00000000000000000000000000000000000FF000000000000000000000000000000000000000000000000000000
Glyph 351 10 00000000000000000000000000000000000000000000000000000000000000000000000000000000000000000000000000000000000000000000000000000000000000000000000000000000000000000000000000000000000000000000000000000000000000000000000000000000000000000000000000000000000000000000000000000000000000000000000000000000000000000000000000000000000000000000000000000000000000000000000000000000000000000000000000000000000000FFFF000000000000000000000000000000000FFF0FFF000000000000000000000000000000FF0000FF000000000000000000000000000000FF0000000000000000000000000000000000000FFF000000000000000000000000000000000000FFFFF000000000000000000000000000000000000FFF000000000000000000000000000000000000FF000000000000000000000000000000FF0000FF0000000000000000000000000000000FFFFFFF00000000000000000000000000000000FFFFF0000000000000000000000000000000000FF0000000000000000000000000000000000000FF0000000000000000000000000000000000000F00000000000000000000000000000000000FF0000000000000000000000000000000000000000000000000000000
Glyph 352 12 0000000000000000000000000000000000000000000000000000000000000000000000000000000000000000000000000000000000000000000000000000000000000F00FF0000000000000000000000000000000000F0F00000000000000000000000000000000000FF0000000000000000000000000000000000000000000000000000000000000000000000000FFFFF0000000000000000000000000000000FFFFFFFF00000000000000000000000000000FFF00000FF0000000000000000000000000000FF000000FF0000000000000000000000000000FF0000000000000000000000000000000000000FF0000000000000000000000000000000000000FFFF000000000000000000000000000000000000FFFFF000000000000000000000000000000000000FFF000000000000000000000000000000000000FF0000000000000000000000000000FF000000FF0000000000000000000000000000FF000000FF00000000000000000000000000000FFFFFFFF0000000000000000000000000000000FFFFFF000000000000000000000000000000000000000000000000000000000000000000000000000000000000000000000000000000000000000000000000000000000000000000000000000000000000000000000000000000000000000000000000000000000000
Glyph 353 10 000000000000000000000000000000000000000000000000000000000000000000000000000000000000000000000000000000000000000000000000000000000000000000000000000000000000000000000000000000000000000000000000000000000000000000000000000000000000000000000000000000F00FF0000000000000000000000000000000000F0F00000000000000000000000000000000000FF0000000000000000000000000000000000000000000000000000000000000000000000000FFFF000000000000000000000000000000000FFF0FFF000000000000000000000000000000FF0000FF000000000000000000000000000000FF0000000000000000000000000000000000000FFF000000000000000000000000000000000000FFFFF000000000000000000000000000000000000FFF000000000000000000000000000000000000FF000000000000000000000000000000FF0000FF0000000000000000000000000000000FFFFFFF00000000000000000000000000000000FFFFF0000000000000000000000000000000000000000000000000000000000000000000000000000000000000000000000000000000000000000000000000000000000000000000000000000000000000000000000000000000000000000000000000000000000000
Glyph 354 12 00000000000000000000000000000000000000000000000000000000000000000000000000000000000000000000000000000000000000000000000000000000000000000000000000000000000000000000000000000000000000000000000000000000000000000000000000000000000000000000000000000000000000000000000000000000000000000FFFFFFFFFFF000000000000000000000000000FFFFFFFFFFF00000000000000000000000000000000FF000000000000000000000000000000000000FF000000000000000000000000000000000000FF000000000000000000000000000000000000FF000000000000000000000000000000000000FF000000000000000000000000000000000000FF000000000000000000000000000000000000FF000000000000000000000000000000000000FF000000000000000000000000000000000000FF000000000000000000000000000000000000FF000000000000000000000000000000000000FF000000000000000000000000000000000000FF000000000000000000000000000000000000FF0000000000000000000000000000000000000FF0000000000000000000000000000000000000F00000000000000000000000000000000000FF000000000000000000000000000000000000000000000000000000
Glyph 355 7 000000000000000000000000000000000000000000000000000000000000000000000000000000000000000000000000000000000000000000000000000000000000000000000000000000000000000000000000000000000000000000000000000000000000000000000000000000000000000000000000000000000000000000000000000000000000000000000000000000000000000000000000000000000FF000000000000000000000000000000000000FF0000000000000000000000000000000000FFFFFF0000000000000000000000000000000000FF000000000000000000000000000000000000FF000000000000000000000000000000000000FF000000000000000000000000000000000000FF000000000000000000000000000000000000FF000000000000000000000000000000000000FF000000000000000000000000000000000000FF000000000000000000000000000000000000FF000000000000000000000000000000000000FFFF00000000000000000000000000000000000FFF00000000000000000000000000000000000FF0000000000000000000000000000000000000FF0000000000000000000000000000000000000F00000000000000000000000000000000000FF00000000000000000000000000000000000000000000000000000000
Glyph 356 12 0000000000000000000000000000000000000000000000000000000000000000000000000000000000000000000000000000000000000000000000000000000000000F00FF0000000000000000000000000000000000F0F00000000000000000000000000000000000FF000000000000000000000000000000000000000000000000000000000000000000000FFFFFFFFFFF000000000000000000000000000FFFFFFFFFFF00000000000000000000000000000000FF000000000000000000000000000000000000FF000000000000000000000000000000000000FF000000000000000000000000000000000000FF000000000000000000000000000000000000FF000000000000000000000000000000000000FF000000000000000000000000000000000000FF000000000000000000000000000000000000FF000000000000000000000000000000000000FF000000000000000000000000000000000000FF000000000000000000000000000000000000FF000000000000000000000000000000000000FF00000000000000000000000000000000000000000000000000000000000000000000000000000000000000000000000000000000000000000000000000000000000000000000000000000000000000000000000000000000000000000000000000000000000000
Glyph 357 7 0000000000000000000000000000000000000000000000000000000000000000000000000000000000000000000000000000000000000000000000000000000000000000000000000000000000000000000000000000000000000000000000000000000000000000000F0000000000000000000000000000000000000F000000000000000000000000000000000000FF000000000000000000000000000000000FF0F0000000000000000000000000000000000FF0000000000000000000000000000000000FFFFFF0000000000000000000000000000000000FF000000000000000000000000000000000000FF000000000000000000000000000000000000FF000000000000000000000000000000000000FF000000000000000000000000000000000000FF000000000000000000000000000000000000FF000000000000000000000000000000000000FF000000000000000000000000000000000000FF000000000000000000000000000000000000FFFF00000000000000000000000000000000000FFF000000000000000000000000000000000000000000000000000000000000000000000000000000000000000000000000000000000000000000000000000000000000000000000000000000000000000000000000000000000000000000000000000000000000000
Glyph 358 12 00000000000000000000000000000000000000000000000000000000000000000000000000000000000000000000000000000000000000000000000000000000000000000000000000000000000000000000000000000000000000000000000000000000000000000000000000000000000000000000000000000000000000000000000000000000000000000FFFFFFFFFFF000000000000000000000000000FFFFFFFFFFF00000000000000000000000000000000FF000000000000000000000000000000000000FF0000000000000000000000000000000000FFFFFF0000000000000000000000000000000000FF000000000000000000000000000000000000FF000000000000000000000000000000000000FF000000000000000000000000000000000000FF000000000000000000000000000000000000FF000000000000000000000000000000000000FF000000000000000000000000000000000000FF000000000000000000000000000000000000FF000000000000000000000000000000000000FF00000000000000000000000000000000000000000000000000000000000000000000000000000000000000000000000000000000000000000000000000000000000000000000000000000000000000000000000000000000000000000000000000000000000000
Glyph 359 7 0000000000000000000000000000000000000000000000000000000000000000000000000000000000000000000000000000000000000000000000000000000000000000000000000000000000000000000000000000000000000000000000000000000000000000000000000000000000000000000000000000000000000000000000000000000000000000000FF000000000000000000000000000000000000FF000000000000000000000000000000000000FF0000000000000000000000000000000000FFFFFF0000000000000000000000000000000000FF000000000000000000000000000000000000FF0000000000000000000000000000000000FFFFFF0000000000000000000000000000000000FF000000000000000000000000000000000000FF000000000000000000000000000000000000FF000000000000000000000000000000000000FF000000000000000000000000000000000000FF000000000000000000000000000000000000FFFF00000000000000000000000000000000000FFF000000000000000000000000000000000000000000000000000000000000000000000000000000000000000000000000000000000000000000000000000000000000000000000000000000000000000000000000000000000000000000000000000000000000000
Glyph 360 13 0000000000000000000000000000000000000000000000000000000000000000000000000000000000000000000000000000000000000000000000000000000000000FF000F0000000000000000000000000000000FF0F0FF0000000000000000000000000000000F000FF00000000000000000000000000000000000000000000000000000000000000000000FF0000000FF000000000000000000000000000FF0000000FF000000000000000000000000000FF0000000FF000000000000000000000000000FF0000000FF000000000000000000000000000FF0000000FF000000000000000000000000000FF0000000FF000000000000000000000000000FF0000000FF000000000000000000000000000FF0000000FF000000000000000000000000000FF0000000FF000000000000000000000000000FF0000000FF000000000000000000000000000FF0000000FF0000000000000000000000000000FF00000FF00000000000000000000000000000FFFFFFFF00000000000000000000000000000000FFFFF000000000000000000000000000000000000000000000000000000000000000000000000000000000000000000000000000000000000000000000000000000000000000000000000000000000000000000000000000000000000000000000000000000000000
Glyph 361 11 0000000000000000000000000000000000000000000000000000000000000000000000000000000000000000000000000000000000000000000000000000000000000000000000000000000000000000000000000000000000000000000000000000000000000000FF000F0000000000000000000000000000000FF0F0FF0000000000000000000000000000000F000FF00000000000000000000000000000000000000000000000000000000000000000000000000000000000000000000000000000000000FF00000FF00000000000000000000000000000FF00000FF00000000000000000000000000000FF00000FF00000000000000000000000000000FF00000FF00000000000000000000000000000FF00000FF00000000000000000000000000000FF00000FF00000000000000000000000000000FF00000FF00000000000000000000000000000FF00000FF000000000000000000000000000000F0000FFF000000000000000000000000000000FFFFFFFF0000000000000000000000000000000FFFF0FF00000000000000000000000000000000000000000000000000000000000000000000000000000000000000000000000000000000000000000000000000000000000000000000000000000000000000000000000000000000000000000000000000000000000
Glyph 362 13 00000000000000000000000000000000000000000000000000000000000000000000000000000000000000000000000000000000000000000000000000000000000000000000000000000000000000000000000000FFFFFFF000000000000000000000000000000000000000000000000000000000000000000000000000000000000000000000000000000000FF0000000FF000000000000000000000000000FF0000000FF000000000000000000000000000FF0000000FF000000000000000000000000000FF0000000FF000000000000000000000000000FF0000000FF000000000000000000000000000FF0000000FF000000000000000000000000000FF0000000FF000000000000000000000000000FF0000000FF000000000000000000000000000FF0000000FF000000000000000000000000000FF0000000FF000000000000000000000000000FF0000000FF0000000000000000000000000000FF00000FF00000000000000000000000000000FFFFFFFF00000000000000000000000000000000FFFFF000000000000000000000000000000000000000000000000000000000000000000000000000000000000000000000000000000000000000000000000000000000000000000000000000000000000000000000000000000000000000000000000000000000000
Glyph 363 11 0000000000000000000000000000000000000000000000000000000000000000000000000000000000000000000000000000000000000000000000000000000000000000000000000000000000000000000000000000000000000000000000000000000000000000000000000000000000000000000000000000000000000000000000000000000000000000000FFFFFFF0000000000000000000000000000000000000000000000000000000000000000000000000000000000000000000000000000000000FF00000FF00000000000000000000000000000FF00000FF00000000000000000000000000000FF00000FF00000000000000000000000000000FF00000FF00000000000000000000000000000FF00000FF00000000000000000000000000000FF00000FF00000000000000000000000000000FF00000FF00000000000000000000000000000FF00000FF000000000000000000000000000000F0000FFF000000000000000000000000000000FFFFFFFF0000000000000000000000000000000FFFF0FF00000000000000000000000000000000000000000000000000000000000000000000000000000000000000000000000000000000000000000000000000000000000000000000000000000000000000000000000000000000000000000000000000000000000
Glyph 364 13 000000000000000000000000000000000000000000000000000000000000000000000000000000000000000000000000000000000000000000000000000000000000FF000F000000000000000000000000000000000F00FF000000000000000000000000000000000FFFF000000000000000000000000000000000000000000000000000000000000000000000FF0000000FF000000000000000000000000000FF0000000FF000000000000000000000000000FF0000000FF000000000000000000000000000FF0000000FF000000000000000000000000000FF0000000FF000000000000000000000000000FF0000000FF000000000000000000000000000FF0000000FF000000000000000000000000000FF0000000FF000000000000000000000000000FF0000000FF000000000000000000000000000FF0000000FF000000000000000000000000000FF0000000FF0000000000000000000000000000FF00000FF00000000000000000000000000000FFFFFFFF00000000000000000000000000000000FFFFF000000000000000000000000000000000000000000000000000000000000000000000000000000000000000000000000000000000000000000000000000000000000000000000000000000000000000000000000000000000000000000000000000000000000
Glyph 365 11 00000000000000000000000000000000000000000000000000000000000000000000000000000000000000000000000000000000000000000000000000000000000000000000000000000000000000000000000000000000000000000000000000000000000000000000000000000000000000000000000000000FF000F000000000000000000000000000000000F00FF000000000000000000000000000000000FFFF0000000000000000000000000000000000000000000000000000000000000000000000FF00000FF00000000000000000000000000000FF00000FF00000000000000000000000000000FF00000FF00000000000000000000000000000FF00000FF00000000000000000000000000000FF00000FF00000000000000000000000000000FF00000FF00000000000000000000000000000FF00000FF00000000000000000000000000000FF00000FF000000000000000000000000000000F0000FFF000000000000000000000000000000FFFFFFFF0000000000000000000000000000000FFFF0FF00000000000000000000000000000000000000000000000000000000000000000000000000000000000000000000000000000000000000000000000000000000000000000000000000000000000000000000000000000000000000000000000000000000000
Glyph 366 13 000000000000000000000000000000000000000000000000000000000000000000000000000000000000000000000000FFF0000000000000000000000000000000000F00F0000000000000000000000000000000000F00F00000000000000000000000000000000000FFF000000000000000000000000000000000000000000000000000000000000000000000FF0000000FF000000000000000000000000000FF0000000FF000000000000000000000000000FF0000000FF000000000000000000000000000FF0000000FF000000000000000000000000000FF0000000FF000000000000000000000000000FF0000000FF000000000000000000000000000FF0000000FF000000000000000000000000000FF0000000FF000000000000000000000000000FF0000000FF000000000000000000000000000FF0000000FF000000000000000000000000000FF0000000FF0000000000000000000000000000FF00000FF00000000000000000000000000000FFFFFFFF00000000000000000000000000000000FFFFF000000000000000000000000000000000000000000000000000000000000000000000000000000000000000000000000000000000000000000000000000000000000000000000000000000000000000000000000000000000000000000000000000000000000
Glyph 367 11 00000000000000000000000000000000000000000000000000000000000000000000000000000000000000000000000000000000000000000000000000000000000000000000000000000000000000000000000000000000000000000000000000000000000000000FFF0000000000000000000000000000000000F00F0000000000000000000000000000000000F00F00000000000000000000000000000000000FFF0000000000000000000000000000000000000000000000000000000000000000000000FF00000FF00000000000000000000000000000FF00000FF00000000000000000000000000000FF00000FF00000000000000000000000000000FF00000FF00000000000000000000000000000FF00000FF00000000000000000000000000000FF00000FF00000000000000000000000000000FF00000FF00000000000000000000000000000FF00000FF000000000000000000000000000000F0000FFF000000000000000000000000000000FFFFFFFF0000000000000000000000000000000FFFF0FF00000000000000000000000000000000000000000000000000000000000000000000000000000000000000000000000000000000000000000000000000000000000000000000000000000000000000000000000000000000000000000000000000000000000
Glyph 368 13 00000000000000000000000000000000000000000000000000000000000000000000000000000000000000000000000000000000000000000000000000000000000000FF00FF00000000000000000000000000000000F00FF00000000000000000000000000000000FF0FF00000000000000000000000000000000000000000000000000000000000000000000FF0000000FF000000000000000000000000000FF0000000FF000000000000000000000000000FF0000000FF000000000000000000000000000FF0000000FF000000000000000000000000000FF0000000FF000000000000000000000000000FF0000000FF000000000000000000000000000FF0000000FF000000000000000000000000000FF0000000FF000000000000000000000000000FF0000000FF000000000000000000000000000FF0000000FF000000000000000000000000000FF0000000FF0000000000000000000000000000FF00000FF00000000000000000000000000000FFFFFFFF00000000000000000000000000000000FFFFF000000000000000000000000000000000000000000000000000000000000000000000000000000000000000000000000000000000000000000000000000000000000000000000000000000000000000000000000000000000000000000000000000000000000
Glyph 369 11 0000000000000000000000000000000000000000000000000000000000000000000000000000000000000000000000000000000000000000000000000000000000000000000000000000000000000000000000000000000000000000000000000000000000000000000000000000000000000000000000000000000FF00FF00000000000000000000000000000000F00FF00000000000000000000000000000000FF0FF000000000000000000000000000000000000000000000000000000000000000000000FF00000FF00000000000000000000000000000FF00000FF00000000000000000000000000000FF00000FF00000000000000000000000000000FF00000FF00000000000000000000000000000FF00000FF00000000000000000000000000000FF00000FF00000000000000000000000000000FF00000FF00000000000000000000000000000FF00000FF000000000000000000000000000000F0000FFF000000000000000000000000000000FFFFFFFF0000000000000000000000000000000FFFF0FF00000000000000000000000000000000000000000000000000000000000000000000000000000000000000000000000000000000000000000000000000000000000000000000000000000000000000000000000000000000000000000000000000000000000
Glyph 370 13 000000000000000000000000000000000000000000000000000000000000000000000000000000000000000000000000000000000000000000000000000000000000000000000000000000000000000000000000000000000000000000000000000000000000000000000000000000000000000000000000000000000000000000000000000000000000000000FF0000000FF000000000000000000000000000FF0000000FF000000000000000000000000000FF0000000FF000000000000000000000000000FF0000000FF000000000000000000000000000FF0000000FF000000000000000000000000000FF0000000FF000000000000000000000000000FF0000000FF000000000000000000000000000FF0000000FF000000000000000000000000000FF0000000FF000000000000000000000000000FF0000000FF000000000000000000000000000FF0000000FF0000000000000000000000000000FF00000FF00000000000000000000000000000FFFFFFFF00000000000000000000000000000000FFFFF00000000000000000000000000000000000FF000000000000000000000000000000000000FF000000000000000000000000000000000000FF0000000000000000000000000000000000000FF0000000000000000000000000000000000000000000000000000
Glyph 371 11 000000000000000000000000000000000000000000000000000000000000000000000000000000000000000000000000000000000000000000000000000000000000000000000000000000000000000000000000000000000000000000000000000000000000000000000000000000000000000000000000000000000000000000000000000000000000000000000000000000000000000000000000000000000000000000000000000000000000000000000000000000000000000000000000000000000000FF00000FF00000000000000000000000000000FF00000FF00000000000000000000000000000FF00000FF00000000000000000000000000000FF00000FF00000000000000000000000000000FF00000FF00000000000000000000000000000FF00000FF00000000000000000000000000000FF00000FF00000000000000000000000000000FF00000FF000000000000000000000000000000F0000FFF000000000000000000000000000000FFFFFFFF0000000000000000000000000000000FFFF0FF00000000000000000000000000000000000FF00000000000000000000000000000000000FF000000000000000000000000000000000000FF0F00000000000000000000000000000000000FFF000000000000000000000000000000000000000000000000000
Glyph 372 18 00000000000000000000000000000000000000000000000000000000000000000000000000000000000000000000000000000000000000000000000000000000000000000FF00000000000000000000000000000000000F0F0000000000000000000000000000000000FF00F000000000000000000000000000000000000000000000000000000000000000000FF00000FF00000FF0000000000000000000000FF00000FF00000FF0000000000000000000000FF0000FFF00000FF0000000000000000000000FF0000FFFF0000F000000000000000000000000FF000FFFF000FF000000000000000000000000FF000F00F000FF000000000000000000000000FF00FF00FF00FF000000000000000000000000FF00FF00FF00F00000000000000000000000000F00F0000F0FF00000000000000000000000000FFFF0000F0FF00000000000000000000000000FFFF0000FFFF00000000000000000000000000FFF00000FFF0000000000000000000000000000FF000000FF0000000000000000000000000000FF000000FF0000000000000000000000000000000000000000000000000000000000000000000000000000000000000000000000000000000000000000000000000000000000000000000000000000000000000000000000000000000000000000000000000000000
Glyph 373 15 00000000000000000000000000000000000000000000000000000000000000000000000000000000000000000000000000000000000000000000000000000000000000000000000000000000000000000000000000000000000000000000000000000000000000000000FF00000000000000000000000000000000000F0F0000000000000000000000000000000000FF00F000000000000000000000000000000000000000000000000000000000000000000000000000000000000000000000000000000000F00000F00000F0000000000000000000000000FF000FFF000FF0000000000000000000000000FF000FFF000FF0000000000000000000000000FF000F0F000FF00000000000000000000000000F00FF0FF00F000000000000000000000000000FF0FF0FF0FF000000000000000000000000000FF0F000F0FF0000000000000000000000000000F0F000F0F00000000000000000000000000000FFF000FFF00000000000000000000000000000FF00000FF00000000000000000000000000000FF00000FF000000000000000000000000000000000000000000000000000000000000000000000000000000000000000000000000000000000000000000000000000000000000000000000000000000000000000000000000000000000000000000000000000000000
Glyph 374 12 00000000000000000000000000000000000000000000000000000000000000000000000000000000000000000000000000000000000000000000000000000000000000FF00000000000000000000000000000000000F0F0000000000000000000000000000000000FF00F00000000000000000000000000000000000000000000000000000000000000000000FFF000000FFF000000000000000000000000000FF000000FF00000000000000000000000000000FF0000FF000000000000000000000000000000FF0000FF0000000000000000000000000000000FF00FF00000000000000000000000000000000FF00FF000000000000000000000000000000000FFFF0000000000000000000000000000000000FFFF00000000000000000000000000000000000FF000000000000000000000000000000000000FF000000000000000000000000000000000000FF000000000000000000000000000000000000FF000000000000000000000000000000000000FF000000000000000000000000000000000000FF00000000000000000000000000000000000000000000000000000000000000000000000000000000000000000000000000000000000000000000000000000000000000000000000000000000000000000000000000000000000000000000000000000000000000
Glyph 375 9 00000000000000000000000000000000000000000000000000000000000000000000000000000000000000000000000000000000000000000000000000000000000000000000000000000000000000000000000000000000000000000000000000000000000000000FF00000000000000000000000000000000000F0F0000000000000000000000000000000000FF00F00000000000000000000000000000000000000000000000000000000000000000000000000000000000000000000000000000000000FF00000FF000000000000000000000000000000FF0000FF000000000000000000000000000000FF0000F0000000000000000000000000000000FF000FF00000000000000000000000000000000FF00FF00000000000000000000000000000000FF00F0000000000000000000000000000000000F0FF0000000000000000000000000000000000FFFF0000000000000000000000000000000000FFF000000000000000000000000000000000000FF000000000000000000000000000000000000FF000000000000000000000000000000000000F000000000000000000000000000000000000FF0000000000000000000000000000000000FFF00000000000000000000000000000000000FF0000000000000000000000000000000000000000000000000000000000
Glyph 376,939 12 00000000000000000000000000000000000000000000000000000000000000000000000000000000000000000000000000000000000000000000000000000000000000000000000000000000000000000000000000FF00FF00000000000000000000000000000000FF00FF0000000000000000000000000000000000000000000000000000000000000000000FFF000000FFF000000000000000000000000000FF000000FF00000000000000000000000000000FF0000FF000000000000000000000000000000FF0000FF0000000000000000000000000000000FF00FF00000000000000000000000000000000FF00FF000000000000000000000000000000000FFFF0000000000000000000000000000000000FFFF00000000000000000000000000000000000FF000000000000000000000000000000000000FF000000000000000000000000000000000000FF000000000000000000000000000000000000FF000000000000000000000000000000000000FF000000000000000000000000000000000000FF00000000000000000000000000000000000000000000000000000000000000000000000000000000000000000000000000000000000000000000000000000000000000000000000000000000000000000000000000000000000000000000000000000000000000
Glyph 377 12 0000000000000000000000000000000000000000000000000000000000000000000000000000000000000000000000000000000000000000000000000000000000000000FF00000000000000000000000000000000000FF000000000000000000000000000000000000F0000000000000000000000000000000000000000000000000000000000000000000000FFFFFFFFFF0000000000000000000000000000FFFFFFFFFF00000000000000000000000000000000000FF00000000000000000000000000000000000FF000000000000000000000000000000000000FF00000000000000000000000000000000000FF00000000000000000000000000000000000FF00000000000000000000000000000000000FFF00000000000000000000000000000000000FF00000000000000000000000000000000000FF00000000000000000000000000000000000FF000000000000000000000000000000000000FF00000000000000000000000000000000000FFFFFFFFFF0000000000000000000000000000FFFFFFFFFF0000000000000000000000000000000000000000000000000000000000000000000000000000000000000000000000000000000000000000000000000000000000000000000000000000000000000000000000000000000000000000000000000000000000
Glyph 378 10 0000000000000000000000000000000000000000000000000000000000000000000000000000000000000000000000000000000000000000000000000000000000000000000000000000000000000000000000000000000000000000000000000000000000000000000FF00000000000000000000000000000000000FF000000000000000000000000000000000000F0000000000000000000000000000000000000000000000000000000000000000000000000000000000000000000000000000000000000FFFFFFFF000000000000000000000000000000000000FF00000000000000000000000000000000000FF00000000000000000000000000000000000FF000000000000000000000000000000000000FF00000000000000000000000000000000000FF00000000000000000000000000000000000FF00000000000000000000000000000000000FF000000000000000000000000000000000000FF00000000000000000000000000000000000FF000000000000000000000000000000000000FFFFFFFF000000000000000000000000000000000000000000000000000000000000000000000000000000000000000000000000000000000000000000000000000000000000000000000000000000000000000000000000000000000000000000000000000000000000
Glyph 379 12 0000000000000000000000000000000000000000000000000000000000000000000000000000000000000000000000000000000000000000000000000000000000000000000000000000000000000000000000000000FF0000000000000000000000000000000000000F0000000000000000000000000000000000000000000000000000000000000000000000FFFFFFFFFF0000000000000000000000000000FFFFFFFFFF00000000000000000000000000000000000FF00000000000000000000000000000000000FF000000000000000000000000000000000000FF00000000000000000000000000000000000FF00000000000000000000000000000000000FF00000000000000000000000000000000000FFF00000000000000000000000000000000000FF00000000000000000000000000000000000FF00000000000000000000000000000000000FF000000000000000000000000000000000000FF00000000000000000000000000000000000FFFFFFFFFF0000000000000000000000000000FFFFFFFFFF0000000000000000000000000000000000000000000000000000000000000000000000000000000000000000000000000000000000000000000000000000000000000000000000000000000000000000000000000000000000000000000000000000000000
Glyph 380 10 0000000000000000000000000000000000000000000000000000000000000000000000000000000000000000000000000000000000000000000000000000000000000000000000000000000000000000000000000000000000000000000000000000000000000000000000000000000000000000000000000000000FF0000000000000000000000000000000000000F0000000000000000000000000000000000000000000000000000000000000000000000000000000000000000000000000000000000000FFFFFFFF000000000000000000000000000000000000FF00000000000000000000000000000000000FF00000000000000000000000000000000000FF000000000000000000000000000000000000FF00000000000000000000000000000000000FF00000000000000000000000000000000000FF00000000000000000000000000000000000FF000000000000000000000000000000000000FF00000000000000000000000000000000000FF000000000000000000000000000000000000FFFFFFFF000000000000000000000000000000000000000000000000000000000000000000000000000000000000000000000000000000000000000000000000000000000000000000000000000000000000000000000000000000000000000000000000000000000000
Glyph 381 12 0000000000000000000000000000000000000000000000000000000000000000000000000000000000000000000000000000000000000000000000000000000000000F00FF0000000000000000000000000000000000F0F00000000000000000000000000000000000FF0000000000000000000000000000000000000000000000000000000000000000000000FFFFFFFFFF0000000000000000000000000000FFFFFFFFFF00000000000000000000000000000000000FF00000000000000000000000000000000000FF000000000000000000000000000000000000FF00000000000000000000000000000000000FF00000000000000000000000000000000000FF00000000000000000000000000000000000FFF00000000000000000000000000000000000FF00000000000000000000000000000000000FF00000000000000000000000000000000000FF000000000000000000000000000000000000FF00000000000000000000000000000000000FFFFFFFFFF0000000000000000000000000000FFFFFFFFFF0000000000000000000000000000000000000000000000000000000000000000000000000000000000000000000000000000000000000000000000000000000000000000000000000000000000000000000000000000000000000000000000000000000000
Glyph 382 10 0000000000000000000000000000000000000000000000000000000000000000000000000000000000000000000000000000000000000000000000000000000000000000000000000000000000000000000000000000000000000000000000000000000000000000F00FF0000000000000000000000000000000000F0F00000000000000000000000000000000000FF0000000000000000000000000000000000000000000000000000000000000000000000000000000000000000000000000000000000000FFFFFFFF000000000000000000000000000000000000FF00000000000000000000000000000000000FF00000000000000000000000000000000000FF000000000000000000000000000000000000FF00000000000000000000000000000000000FF00000000000000000000000000000000000FF00000000000000000000000000000000000FF000000000000000000000000000000000000FF00000000000000000000000000000000000FF000000000000000000000000000000000000FFFFFFFF000000000000000000000000000000000000000000000000000000000000000000000000000000000000000000000000000000000000000000000000000000000000000000000000000000000000000000000000000000000000000000000000000000000000
Glyph 383 5 000000000000000000000000000000000000000000000000000000000000000000000000000000000000000000000000000000000000000000000000000000000000000000000000000000000000000000000000000000000000000000000000000000000000000000000000000000000000000000000000000000FFF0000000000000000000000000000000000FFF00000000000000000000000000000000000FF000000000000000000000000000000000000F0000000000000000000000000000000000000F0000000000000000000000000000000000000F0000000000000000000000000000000000000F0000000000000000000000000000000000000F0000000000000000000000000000000000000F0000000000000000000000000000000000000F0000000000000000000000000000000000000F0000000000000000000000000000000000000F0000000000000000000000000000000000000F0000000000000000000000000000000000000F0000000000000000000000000000000000000F000000000000000000000000000000000000000000000000000000000000000000000000000000000000000000000000000000000000000000000000000000000000000000000000000000000000000000000000000000000000000000000000000000000000000000
Glyph 399,1240 14 00000000000000000000000000000000000000000000000000000000000000000000000000000000000000000000000000000000000000000000000000000000000000000000000000000000000000000000000000000000000000000000000000000000000000000000000000000000000000000000000000000000000000000000000000000000000000000000FFFFFF0000000000000000000000000000000FFFFFFFFF000000000000000000000000000000000000FFF000000000000000000000000000000000000FF0000000000000000000000000000000000000F0000000000000000000000000000000000000FF000000000000000000000000000000000000FF00000000000000000000000000FFFFFFFFFFFF00000000000000000000000000FF00000000FF00000000000000000000000000FF00000000F000000000000000000000000000FF0000000FF0000000000000000000000000000FF00000FFF00000000000000000000000000000FFFFFFFF0000000000000000000000000000000FFFFF000000000000000000000000000000000000000000000000000000000000000000000000000000000000000000000000000000000000000000000000000000000000000000000000000000000000000000000000000000000000000000000000000000000000
Glyph 402 7 000000000000000000000000000000000000000000000000000000000000000000000000000000000000000000000000000000000000000000000000000000000000000000000000000000000000000000000000000000000000000000000000000000000000000000000000000000000000000000000000000000FFFF000000000000000000000000000000000FFFFF000000000000000000000000000000000FF000000000000000000000000000000000000FF0000000000000000000000000000000000FFFFFF0000000000000000000000000000000000FF000000000000000000000000000000000000FF000000000000000000000000000000000000FF000000000000000000000000000000000000FF000000000000000000000000000000000000FF000000000000000000000000000000000000FF000000000000000000000000000000000000FF000000000000000000000000000000000000FF000000000000000000000000000000000000FF000000000000000000000000000000000000FF000000000000000000000000000000000000FF000000000000000000000000000000000000FF0000000000000000000000000000000000FFFF0000000000000000000000000000000000FFF0000000000000000000000000000000000000000000000000000000000
Glyph 416 14 000000000000000000000000000000000000000000000000000000000000000000000000000000000000000000000000000000000000000000000000000000000000000000000000000000000000000000000000000000000000000000000000000000000000000000000000000000000000000000000000000000000000000FF0000000000000000000000000000FFFFF000FF000000000000000000000000000FFFFFFFFFF000000000000000000000000000FF00000FFF0000000000000000000000000000FF000000FF000000000000000000000000000FF0000000FF000000000000000000000000000FF00000000F000000000000000000000000000FF00000000F000000000000000000000000000FF00000000F000000000000000000000000000FF00000000F000000000000000000000000000FF0000000FF0000000000000000000000000000FF000000FF0000000000000000000000000000FF00000FF000000000000000000000000000000FFFFFFFF0000000000000000000000000000000FFFFF000000000000000000000000000000000000000000000000000000000000000000000000000000000000000000000000000000000000000000000000000000000000000000000000000000000000000000000000000000000000000000000000000000000000
Glyph 417 11 0000000000000000000000000000000000000000000000000000000000000000000000000000000000000000000000000000000000000000000000000000000000000000000000000000000000000000000000000000000000000000000000000000000000000000000000000000000000000000000000000000000000000000000000000000000000000000000000000000000000000000000000000000000000000000000000000000000000000000000000000000000FF000000000000000000000000000000FFFF00FF0000000000000000000000000000FFF0FFFFF00000000000000000000000000000FF0000FF00000000000000000000000000000FF00000FF00000000000000000000000000000FF000000F00000000000000000000000000000FF000000FF0000000000000000000000000000FF000000F00000000000000000000000000000FF00000FF000000000000000000000000000000FF0000FF000000000000000000000000000000FFFFFFF000000000000000000000000000000000FFFF0000000000000000000000000000000000000000000000000000000000000000000000000000000000000000000000000000000000000000000000000000000000000000000000000000000000000000000000000000000000000000000000000000000000000
Glyph 431 14 00000000000000000000000000000000000000000000000000000000000000000000000000000000000000000000000000000000000000000000000000000000000000000000000000000000000000000000000000000000000000000000000000000000000000000000000000000000000000000000000000000000000000000F000000000000000000000000FF0000000FF00F000000000000000000000000FF0000000FF0FF000000000000000000000000FF0000000FFFF0000000000000000000000000FF0000000FF000000000000000000000000000FF0000000FF000000000000000000000000000FF0000000FF000000000000000000000000000FF0000000FF000000000000000000000000000FF0000000FF000000000000000000000000000FF0000000FF000000000000000000000000000FF0000000FF000000000000000000000000000FF0000000FF0000000000000000000000000000FF00000FF00000000000000000000000000000FFFFFFFF00000000000000000000000000000000FFFFF000000000000000000000000000000000000000000000000000000000000000000000000000000000000000000000000000000000000000000000000000000000000000000000000000000000000000000000000000000000000000000000000000000000000
Glyph 432 12 00000000000000000000000000000000000000000000000000000000000000000000000000000000000000000000000000000000000000000000000000000000000000000000000000000000000000000000000000000000000000000000000000000000000000000000000000000000000000000000000000000000000000000000000000000000000000000000000000000000000000000000000000000000000000000000000000000000000000000000000000000000FF00000000000000000000000000FF00000FF0F000000000000000000000000000FF00000FFFF000000000000000000000000000FF00000FF00000000000000000000000000000FF00000FF00000000000000000000000000000FF00000FF00000000000000000000000000000FF00000FF00000000000000000000000000000FF00000FF00000000000000000000000000000FF00000FF000000000000000000000000000000F0000FFF000000000000000000000000000000FFFFFFFF0000000000000000000000000000000FFFF0FF00000000000000000000000000000000000000000000000000000000000000000000000000000000000000000000000000000000000000000000000000000000000000000000000000000000000000000000000000000000000000000000000000000000000
Glyph 496 5 000000000000000000000000000000000000000000000000000000000000000000000000000000000000000000000000000000000000000000000000000000000000000000000000000000000000000000000000000000000000000000000000000000000000000000000000000000000000000000000000000F00FF0000000000000000000000000000000000F0F00000000000000000000000000000000000FF000000000000000000000000000000000000000000000000000000000000000000000000000FF000000000000000000000000000000000000FF000000000000000000000000000000000000FF000000000000000000000000000000000000FF000000000000000000000000000000000000FF000000000000000000000000000000000000FF000000000000000000000000000000000000FF000000000000000000000000000000000000FF000000000000000000000000000000000000FF000000000000000000000000000000000000FF000000000000000000000000000000000000FF000000000000000000000000000000000000FF000000000000000000000000000000000000F0000000000000000000000000000000000F0FF0000000000000000000000000000000000FFF00000000000000000000000000000000000000000000000000000000000
Glyph 506 13 00000000000000000000000000000000000000000000000000000000000000000000000000000000000000000000000000FF00000000000000000000000000000000000F00000000000000000000000000000000000000000000000000000000000000000000000000FFF0000000000000000000000000000000000F00F00000000000000000000000000000000000FFF00000000000000000000000000000000000FFF00000000000000000000000000000000000F0F0000000000000000000000000000000000FF0FF000000000000000000000000000000000FF0FF000000000000000000000000000000000F000F00000000000000000000000000000000FF000FF0000000000000000000000000000000FF000FF000000000000000000000000000000FFFFFFFFF00000000000000000000000000000FFFFFFFFF00000000000000000000000000000F0000000F0000000000000000000000000000FF0000000FF000000000000000000000000000FF0000000FF00000000000000000000000000FF000000000FF00000000000000000000000000000000000000000000000000000000000000000000000000000000000000000000000000000000000000000000000000000000000000000000000000000000000000000000000000000000000000000000000000000000
Glyph 507 11 00000000000000000000000000000000000000000000000000000000000000000000000000000000000000000000000000000000000000000000000000000000000000000000000000000000000000000000000000000FF00000000000000000000000000000000000F00000000000000000000000000000000000000000000000000000000000000000000000000FFF0000000000000000000000000000000000F00F00000000000000000000000000000000000FF00000000000000000000000000000000000FFFFF00000000000000000000000000000000FFF0FFF000000000000000000000000000000FF0000FF0000000000000000000000000000000000000F00000000000000000000000000000000FFFFFF0000000000000000000000000000000FF0000F000000000000000000000000000000FF00000F000000000000000000000000000000FF00000F000000000000000000000000000000FF0000FF0000000000000000000000000000000FFFFFFF00000000000000000000000000000000FFFF0FF00000000000000000000000000000000000000000000000000000000000000000000000000000000000000000000000000000000000000000000000000000000000000000000000000000000000000000000000000000000000000000000000000000000000
Glyph 508 19 0000000000000000000000000000000000000000000000000000000000000000000000000000000000000000000000000000000000000000000000000000000000000000000FF00000000000000000000000000000000000FF000000000000000000000000000000000000F00000000000000000000000000000000000000000000000000000000000000000000000000FFFFFFFFFF0000000000000000000000000000FFF0000000000000000000000000000000000FFFF000000000000000000000000000000000FF0FF000000000000000000000000000000000FF0FF00000000000000000000000000000000FF00FF0000000000000000000000000000000FF000FFFFFFFF0000000000000000000000000FF000FF000000000000000000000000000000FF0000FF000000000000000000000000000000FFFFFFFF00000000000000000000000000000FFFFFFFFF0000000000000000000000000000FFF000000F0000000000000000000000000000FF0000000F000000000000000000000000000FF00000000FFFFFFFF000000000000000000000000000000000000000000000000000000000000000000000000000000000000000000000000000000000000000000000000000000000000000000000000000000000000000000000000000000000000000000000000000
Glyph 509 17 000000000000000000000000000000000000000000000000000000000000000000000000000000000000000000000000000000000000000000000000000000000000000000000000000000000000000000000000000000000000000000000000000000000000000000000000000000000000000000000000000000000000FF00000000000000000000000000000000000FF000000000000000000000000000000000000F0000000000000000000000000000000000000000000000000000000000000000000000FFFF000FFFF00000000000000000000000000FFF0FF0FFFFFF000000000000000000000000FF0000FFF0000FF00000000000000000000000000000FF00000FF00000000000000000000000000000FF00000FF000000000000000000000000FFFFFFFFFFFFFF00000000000000000000000FF0000FF000000000000000000000000000000FF0000FF000000000000000000000000000000FF0000FFF00000000000000000000000000000FFF0FFF0FFF0FFF000000000000000000000000FFFFF000FFFFF000000000000000000000000000000000000000000000000000000000000000000000000000000000000000000000000000000000000000000000000000000000000000000000000000000000000000000000000000000000000000000000000000000
Glyph 510 14 00000000000000000000000000000000000000000000000000000000000000000000000000000000000000000000000000000000000000000000000000000000000000000FF00000000000000000000000000000000000FF000000000000000000000000000000000000F000000000000000000000000000000000000000000000000000000000000000000000000FFFFF00F00000000000000000000000000000FFFFFFFFF0000000000000000000000000000FF00000FFF0000000000000000000000000000FF00000FFF000000000000000000000000000FF00000FFFF000000000000000000000000000FF00000F00FF00000000000000000000000000FF0000F000FF00000000000000000000000000FF000FF000FF00000000000000000000000000FF000F0000FF00000000000000000000000000FF00F0000FF0000000000000000000000000000FFFF0000FF0000000000000000000000000000FFF0000FFF00000000000000000000000000000FFFFFFFF00000000000000000000000000000FFFFFFF0000000000000000000000000000000F0000000000000000000000000000000000000000000000000000000000000000000000000000000000000000000000000000000000000000000000000000000000000000000000000000000000000000000000000000
Glyph 511 11 000000000000000000000000000000000000000000000000000000000000000000000000000000000000000000000000000000000000000000000000000000000000000000000000000000000000000000000000000000000000000000000000000000000000000000000000000000000000000000000000000000000FF00000000000000000000000000000000000FF000000000000000000000000000000000000F0000000000000000000000000000000000000000F000000000000000000000000000000000FFFFF0000000000000000000000000000000FFF0FFF0000000000000000000000000000000FF000FFF00000000000000000000000000000FF000F0FF00000000000000000000000000000FF000F00F00000000000000000000000000000FF00F000FF0000000000000000000000000000FF00F000F00000000000000000000000000000FF0F000FF000000000000000000000000000000FFF000FF000000000000000000000000000000FFFFFFF00000000000000000000000000000000FFFFF00000000000000000000000000000000F0000000000000000000000000000000000000000000000000000000000000000000000000000000000000000000000000000000000000000000000000000000000000000000000000000000000000000000000000000
Glyph 536 12 000000000000000000000000000000000000000000000000000000000000000000000000000000000000000000000000000000000000000000000000000000000000000000000000000000000000000000000000000000000000000000000000000000000000000000000000000000000000000000000000000000000000000000000000000000000000000000000FFFFF0000000000000000000000000000000FFFFFFFF00000000000000000000000000000FFF00000FF0000000000000000000000000000FF000000FF0000000000000000000000000000FF0000000000000000000000000000000000000FF0000000000000000000000000000000000000FFFF000000000000000000000000000000000000FFFFF000000000000000000000000000000000000FFF000000000000000000000000000000000000FF0000000000000000000000000000FF000000FF0000000000000000000000000000FF000000FF00000000000000000000000000000FFFFFFFF0000000000000000000000000000000FFFFFF0000000000000000000000000000000000000000000000000000000000000000000000000F0000000000000000000000000000000000000F000000000000000000000000000000000000FF000000000000000000000000000000000000F00000000000000000
Glyph 537 10 00000000000000000000000000000000000000000000000000000000000000000000000000000000000000000000000000000000000000000000000000000000000000000000000000000000000000000000000000000000000000000000000000000000000000000000000000000000000000000000000000000000000000000000000000000000000000000000000000000000000000000000000000000000000000000000000000000000000000000000000000000000000000000000000000000000000000FFFF000000000000000000000000000000000FFF0FFF000000000000000000000000000000FF0000FF000000000000000000000000000000FF0000000000000000000000000000000000000FFF000000000000000000000000000000000000FFFFF000000000000000000000000000000000000FFF000000000000000000000000000000000000FF000000000000000000000000000000FF0000FF0000000000000000000000000000000FFFFFFF00000000000000000000000000000000FFFFF0000000000000000000000000000000000000000000000000000000000000000000000000F0000000000000000000000000000000000000F000000000000000000000000000000000000FF000000000000000000000000000000000000F000000000000000000
Glyph 538 12 00000000000000000000000000000000000000000000000000000000000000000000000000000000000000000000000000000000000000000000000000000000000000000000000000000000000000000000000000000000000000000000000000000000000000000000000000000000000000000000000000000000000000000000000000000000000000000FFFFFFFFFFF000000000000000000000000000FFFFFFFFFFF00000000000000000000000000000000FF000000000000000000000000000000000000FF000000000000000000000000000000000000FF000000000000000000000000000000000000FF000000000000000000000000000000000000FF000000000000000000000000000000000000FF000000000000000000000000000000000000FF000000000000000000000000000000000000FF000000000000000000000000000000000000FF000000000000000000000000000000000000FF000000000000000000000000000000000000FF000000000000000000000000000000000000FF000000000000000000000000000000000000000000000000000000000000000000000000000F0000000000000000000000000000000000000F000000000000000000000000000000000000FF000000000000000000000000000000000000F00000000000000000
Glyph 539 7 000000000000000000000000000000000000000000000000000000000000000000000000000000000000000000000000000000000000000000000000000000000000000000000000000000000000000000000000000000000000000000000000000000000000000000000000000000000000000000000000000000000000000000000000000000000000000000000000000000000000000000000000000000000FF000000000000000000000000000000000000FF0000000000000000000000000000000000FFFFFF0000000000000000000000000000000000FF000000000000000000000000000000000000FF000000000000000000000000000000000000FF000000000000000000000000000000000000FF000000000000000000000000000000000000FF000000000000000000000000000000000000FF000000000000000000000000000000000000FF000000000000000000000000000000000000FF000000000000000000000000000000000000FFFF00000000000000000000000000000000000FFF00000000000000000000000000000000000000000000000000000000000000000000000000F0000000000000000000000000000000000000F000000000000000000000000000000000000FF000000000000000000000000000000000000F0000000000000000000
Glyph 567 5 0000000000000000000000000000000000000000000000000000000000000000000000000000000000000000000000000000000000000000000000000000000000000000000000000000000000000000000000000000000000000000000000000000000000000000000000000000000000000000000000000000000000000000000000000000000000000000000000000000000000000000000000000000000000000000000000000000000000000000000000000000000000000000000000000000000000000FF000000000000000000000000000000000000FF000000000000000000000000000000000000FF000000000000000000000000000000000000FF000000000000000000000000000000000000FF000000000000000000000000000000000000FF000000000000000000000000000000000000FF000000000000000000000000000000000000FF000000000000000000000000000000000000FF000000000000000000000000000000000000FF000000000000000000000000000000000000FF000000000000000000000000000000000000FF000000000000000000000000000000000000F0000000000000000000000000000000000F0FF0000000000000000000000000000000000FFF00000000000000000000000000000000000000000000000000000000000
Glyph 601,1241 11 00000000000000000000000000000000000000000000000000000000000000000000000000000000000000000000000000000000000000000000000000000000000000000000000000000000000000000000000000000000000000000000000000000000000000000000000000000000000000000000000000000000000000000000000000000000000000000000000000000000000000000000000000000000000000000000000000000000000000000000000000000000000000000000000000000000000000FFFF00000000000000000000000000000000FFFFFFF0000000000000000000000000000000000000FF0000000000000000000000000000000000000FF000000000000000000000000000000000000FF000000000000000000000000000000000000FF00000000000000000000000000000FFFFFFFFF00000000000000000000000000000FF00000FF00000000000000000000000000000FF0000FF0000000000000000000000000000000FFF0FF000000000000000000000000000000000FFFF00000000000000000000000000000000000000000000000000000000000000000000000000000000000000000000000000000000000000000000000000000000000000000000000000000000000000000000000000000000000000000000000000000000000000
Glyph 700,8217 4 0000000000000000000000000000000000000000000000000000000000000000000000000000000000000000000000000000000000000000000000000000000000000000000000000000000000000000000000000000000000000000000000000000000000000000000000000000000000000000000000000000FF000000000000000000000000000000000000FF000000000000000000000000000000000000FF000000000000000000000000000000000000FF000000000000000000000000000000000000F000000000000000000000000000000000000000000000000000000000000000000000000000000000000000000000000000000000000000000000000000000000000000000000000000000000000000000000000000000000000000000000000000000000000000000000000000000000000000000000000000000000000000000000000000000000000000000000000000000000000000000000000000000000000000000000000000000000000000000000000000000000000000000000000000000000000000000000000000000000000000000000000000000000000000000000000000000000000000000000000000000000000000000000000000000000000000000000000000000000000000000000000000000000000000000000000000000000000000
Glyph 710 9 0000000000000000000000000000000000000000000000000000000000000000000000000000000000000000000000000000000000000000000000000000000000000000000000000000000000000000000000000000000000000000000000000000000000000000000000000000000000000000000000000000000FF00000000000000000000000000000000000F0F0000000000000000000000000000000000FF00F00000000000000000000000000000000000000000000000000000000000000000000000000000000000000000000000000000000000000000000000000000000000000000000000000000000000000000000000000000000000000000000000000000000000000000000000000000000000000000000000000000000000000000000000000000000000000000000000000000000000000000000000000000000000000000000000000000000000000000000000000000000000000000000000000000000000000000000000000000000000000000000000000000000000000000000000000000000000000000000000000000000000000000000000000000000000000000000000000000000000000000000000000000000000000000000000000000000000000000000000000000000000000000000000000000000000000000000000000000000000000
Glyph 711 9 00000000000000000000000000000000000000000000000000000000000000000000000000000000000000000000000000000000000000000000000000000000000000000000000000000000000000000000000000000000000000000000000000000000000000000000000000000000000000000000000000000F00FF0000000000000000000000000000000000F0F00000000000000000000000000000000000FF0000000000000000000000000000000000000000000000000000000000000000000000000000000000000000000000000000000000000000000000000000000000000000000000000000000000000000000000000000000000000000000000000000000000000000000000000000000000000000000000000000000000000000000000000000000000000000000000000000000000000000000000000000000000000000000000000000000000000000000000000000000000000000000000000000000000000000000000000000000000000000000000000000000000000000000000000000000000000000000000000000000000000000000000000000000000000000000000000000000000000000000000000000000000000000000000000000000000000000000000000000000000000000000000000000000000000000000000000000000000000000
Glyph 728 9 0000000000000000000000000000000000000000000000000000000000000000000000000000000000000000000000000000000000000000000000000000000000000000000000000000000000000000000000000000000000000000000000000000000000000000000000000000000000000000000000000000FF000F000000000000000000000000000000000F00FF000000000000000000000000000000000FFFF000000000000000000000000000000000000000000000000000000000000000000000000000000000000000000000000000000000000000000000000000000000000000000000000000000000000000000000000000000000000000000000000000000000000000000000000000000000000000000000000000000000000000000000000000000000000000000000000000000000000000000000000000000000000000000000000000000000000000000000000000000000000000000000000000000000000000000000000000000000000000000000000000000000000000000000000000000000000000000000000000000000000000000000000000000000000000000000000000000000000000000000000000000000000000000000000000000000000000000000000000000000000000000000000000000000000000000000000000000000000000
Glyph 729 5 000000000000000000000000000000000000000000000000000000000000000000000000000000000000000000000000000000000000000000000000000000000000000000000000000000000000000000000000000000000000000000000000000000000000000000000000000000000000000000000000000000000000000000000000000000000000000000FF0000000000000000000000000000000000000F000000000000000000000000000000000000000000000000000000000000000000000000000000000000000000000000000000000000000000000000000000000000000000000000000000000000000000000000000000000000000000000000000000000000000000000000000000000000000000000000000000000000000000000000000000000000000000000000000000000000000000000000000000000000000000000000000000000000000000000000000000000000000000000000000000000000000000000000000000000000000000000000000000000000000000000000000000000000000000000000000000000000000000000000000000000000000000000000000000000000000000000000000000000000000000000000000000000000000000000000000000000000000000000000000000000000000000000000000000000000000000
Glyph 730 7 000000000000000000000000000000000000000000000000000000000000000000000000000000000000000000000000000000000000000000000000000000000000000000000000000000000000000000000000000000000000000000000000000000000000000FFF0000000000000000000000000000000000F00F0000000000000000000000000000000000F00F00000000000000000000000000000000000FFF0000000000000000000000000000000000000000000000000000000000000000000000000000000000000000000000000000000000000000000000000000000000000000000000000000000000000000000000000000000000000000000000000000000000000000000000000000000000000000000000000000000000000000000000000000000000000000000000000000000000000000000000000000000000000000000000000000000000000000000000000000000000000000000000000000000000000000000000000000000000000000000000000000000000000000000000000000000000000000000000000000000000000000000000000000000000000000000000000000000000000000000000000000000000000000000000000000000000000000000000000000000000000000000000000000000000000000000000000000000000000000
Glyph 731 5 000000000000000000000000000000000000000000000000000000000000000000000000000000000000000000000000000000000000000000000000000000000000000000000000000000000000000000000000000000000000000000000000000000000000000000000000000000000000000000000000000000000000000000000000000000000000000000000000000000000000000000000000000000000000000000000000000000000000000000000000000000000000000000000000000000000000000000000000000000000000000000000000000000000000000000000000000000000000000000000000000000000000000000000000000000000000000000000000000000000000000000000000000000000000000000000000000000000000000000000000000000000000000000000000000000000000000000000000000000000000000000000000000000000000000000000000000000000000000000000000000000000000000000000000000000000000000000000000000000000FF00000000000000000000000000000000000FF000000000000000000000000000000000000F0000000000000000000000000000000000000F0000000000000000000000000000000000000FFF000000000000000000000000000000000000000000000000000000000
Glyph 732 9 00000000000000000000000000000000000000000000000000000000000000000000000000000000000000000000000000000000000000000000000000000000000000000000000000000000000000000000000000000000000000000000000000000000000000000000000000000000000000000000000000000FF000F0000000000000000000000000000000FF0F0FF0000000000000000000000000000000F000FF00000000000000000000000000000000000000000000000000000000000000000000000000000000000000000000000000000000000000000000000000000000000000000000000000000000000000000000000000000000000000000000000000000000000000000000000000000000000000000000000000000000000000000000000000000000000000000000000000000000000000000000000000000000000000000000000000000000000000000000000000000000000000000000000000000000000000000000000000000000000000000000000000000000000000000000000000000000000000000000000000000000000000000000000000000000000000000000000000000000000000000000000000000000000000000000000000000000000000000000000000000000000000000000000000000000000000000000000000000000000000
Glyph 733 7 00000000000000000000000000000000000000000000000000000000000000000000000000000000000000000000000000000000000000000000000000000000000000000000000000000000000000000000000000000000000000000000000000000000000000000000000000000000000000000000000000000FF00FF00000000000000000000000000000000F00FF00000000000000000000000000000000FF0FF000000000000000000000000000000000000000000000000000000000000000000000000000000000000000000000000000000000000000000000000000000000000000000000000000000000000000000000000000000000000000000000000000000000000000000000000000000000000000000000000000000000000000000000000000000000000000000000000000000000000000000000000000000000000000000000000000000000000000000000000000000000000000000000000000000000000000000000000000000000000000000000000000000000000000000000000000000000000000000000000000000000000000000000000000000000000000000000000000000000000000000000000000000000000000000000000000000000000000000000000000000000000000000000000000000000000000000000000000000000000000
Glyph 755 6 0000000000000000000000000000000000000000000000000000000000000000000000000000000000000000000000000000000000000000000000000000000000000000000000000000000000000000000000000000000000000000000000000000000000000000000000000000000000000000000000000000000000000000000000000000000000000000000000000000000000000000000000000000000000000000000000000000000000000000000000000000000000000000000000000000000000000000000000000000000000000000000000000000000000000000000000000000000000000000000000000000000000000000000000000000000000000000000000000000000000000000000000000000000000000000000000000000000000000000000000000000000000000000000000000000000000000000000000000000000000000000000000000000000000000000000000000000000000000000000000000000000000000000000000000000000000000000000000000000000000000000000000000000000000000000000000000000000000000000000000000000000000000FF00000000000000000000000000000000000F00F00000000000000000000000000000000000FF000000000000000000000000000000000000000000000000000000000
Glyph 768 0 0000000000000000000000000000000000000000000000000000000000000000000000000000000000000000000000000000000000000000000000000000000000000000000000000000000000000000000000000000000000000000000000000000000000000000000000000000000000000000000FF0000000000000000000000000000000000000FF0000000000000000000000000000000000000F00000000000000000000000000000000000000000000000000000000000000000000000000000000000000000000000000000000000000000000000000000000000000000000000000000000000000000000000000000000000000000000000000000000000000000000000000000000000000000000000000000000000000000000000000000000000000000000000000000000000000000000000000000000000000000000000000000000000000000000000000000000000000000000000000000000000000000000000000000000000000000000000000000000000000000000000000000000000000000000000000000000000000000000000000000000000000000000000000000000000000000000000000000000000000000000000000000000000000000000000000000000000000000000000000000000000000000000000000000000000000000000000000
Glyph 769 0 0000000000000000000000000000000000000000000000000000000000000000000000000000000000000000000000000000000000000000000000000000000000000000000000000000000000000000000000000000000000000000000000000000000000000000000000000000000000000000000000FF000000000000000000000000000000000000F000000000000000000000000000000000000F00000000000000000000000000000000000000000000000000000000000000000000000000000000000000000000000000000000000000000000000000000000000000000000000000000000000000000000000000000000000000000000000000000000000000000000000000000000000000000000000000000000000000000000000000000000000000000000000000000000000000000000000000000000000000000000000000000000000000000000000000000000000000000000000000000000000000000000000000000000000000000000000000000000000000000000000000000000000000000000000000000000000000000000000000000000000000000000000000000000000000000000000000000000000000000000000000000000000000000000000000000000000000000000000000000000000000000000000000000000000000000000000000
Glyph 771 0 0000000000000000000000000000000000000000000000000000000000000000000000000000000000000000000000000000000000000000000000000000000000000000000000000000000000000000000000000000000000000000000000000000000000000000000000000000000000000000000FF000F0000000000000000000000000000000FF0F0FF0000000000000000000000000000000F000FF000000000000000000000000000000000000000000000000000000000000000000000000000000000000000000000000000000000000000000000000000000000000000000000000000000000000000000000000000000000000000000000000000000000000000000000000000000000000000000000000000000000000000000000000000000000000000000000000000000000000000000000000000000000000000000000000000000000000000000000000000000000000000000000000000000000000000000000000000000000000000000000000000000000000000000000000000000000000000000000000000000000000000000000000000000000000000000000000000000000000000000000000000000000000000000000000000000000000000000000000000000000000000000000000000000000000000000000000000000000000000000000000
Glyph 777 0 000000000000000000000000000000000000000000000000000000000000000000000000000000000000000000000000000000000000000000000000000000000000000000000000000000000000000000000000000000000000000000000000000000FFF0000000000000000000000000000000000000F000000000000000000000000000000000000FF000000000000000000000000000000000000F00000000000000000000000000000000000000000000000000000000000000000000000000000000000000000000000000000000000000000000000000000000000000000000000000000000000000000000000000000000000000000000000000000000000000000000000000000000000000000000000000000000000000000000000000000000000000000000000000000000000000000000000000000000000000000000000000000000000000000000000000000000000000000000000000000000000000000000000000000000000000000000000000000000000000000000000000000000000000000000000000000000000000000000000000000000000000000000000000000000000000000000000000000000000000000000000000000000000000000000000000000000000000000000000000000000000000000000000000000000000000000000000000
Glyph 783 0 000000000000000000000000000000000000000000000000000000000000000000000000000000000000000000000000000000000000000000000000000000000000000000000000000000000000000000000000000000000000000000000000000000000000000000000000000000000000000000FF0FF0000000000000000000000000000000000FF0FF0000000000000000000000000000000000FF0F000000000000000000000000000000000000000000000000000000000000000000000000000000000000000000000000000000000000000000000000000000000000000000000000000000000000000000000000000000000000000000000000000000000000000000000000000000000000000000000000000000000000000000000000000000000000000000000000000000000000000000000000000000000000000000000000000000000000000000000000000000000000000000000000000000000000000000000000000000000000000000000000000000000000000000000000000000000000000000000000000000000000000000000000000000000000000000000000000000000000000000000000000000000000000000000000000000000000000000000000000000000000000000000000000000000000000000000000000000000000000000000000
Glyph 803 0 0000000000000000000000000000000000000000000000000000000000000000000000000000000000000000000000000000000000000000000000000000000000000000000000000000000000000000000000000000000000000000000000000000000000000000000000000000000000000000000000000000000000000000000000000000000000000000000000000000000000000000000000000000000000000000000000000000000000000000000000000000000000000000000000000000000000000000000000000000000000000000000000000000000000000000000000000000000000000000000000000000000000000000000000000000000000000000000000000000000000000000000000000000000000000000000000000000000000000000000000000000000000000000000000000000000000000000000000000000000000000000000000000000000000000000000000000000000000000000000000000000000000000000000000000000000000000000000000000000000000000000000000000000000000000000000000000000000000000000000000000000FF000000000000000000000000000000000000FF00000000000000000000000000000000000000000000000000000000000000000000000000000000000000000000000000000000
Glyph 900 5 000000000000000000000000000000000000000000000000000000000000000000000000000000000000000000000000000000000000000000000000000000000000000000000000000000000000000000000000000000000000000000000000000000000000000FF000000000000000000000000000000000000F0000000000000000000000000000000000000F00000000000000000000000000000000000000000000000000000000000000000000000000000000000000000000000000000000000000000000000000000000000000000000000000000000000000000000000000000000000000000000000000000000000000000000000000000000000000000000000000000000000000000000000000000000000000000000000000000000000000000000000000000000000000000000000000000000000000000000000000000000000000000000000000000000000000000000000000000000000000000000000000000000000000000000000000000000000000000000000000000000000000000000000000000000000000000000000000000000000000000000000000000000000000000000000000000000000000000000000000000000000000000000000000000000000000000000000000000000000000000000000000000000000000000000000000000000
Glyph 901 10 000000000000000000000000000000000000000000000000000000000000000000000000000000000000000000000000000000000000000000000000000000000000000000000000000000000000000000000000000000000000000000000000000000000000000000F000000000000000000000000000000000000FF000000000000000000000000000000000FF0FF0FF000000000000000000000000000000FF0000FF000000000000000000000000000000000000000000000000000000000000000000000000000000000000000000000000000000000000000000000000000000000000000000000000000000000000000000000000000000000000000000000000000000000000000000000000000000000000000000000000000000000000000000000000000000000000000000000000000000000000000000000000000000000000000000000000000000000000000000000000000000000000000000000000000000000000000000000000000000000000000000000000000000000000000000000000000000000000000000000000000000000000000000000000000000000000000000000000000000000000000000000000000000000000000000000000000000000000000000000000000000000000000000000000000000000000000000000000000000000000
Glyph 902 13 000000000000000000000000000000000000000000000000000000000000000000000000000000000000000000000000000000000000000000000000000000000000000000000000000000000000000000000000000000000000000000000000000000000000000FF000000000000000000000000000000000000F0000000000000000000000000000000000000F000FF00000000000000000000000000000000000FFF00000000000000000000000000000000000F0F0000000000000000000000000000000000FF0FF000000000000000000000000000000000FF0FF000000000000000000000000000000000F000F00000000000000000000000000000000FF000FF0000000000000000000000000000000FF000FF000000000000000000000000000000FFFFFFFFF00000000000000000000000000000FFFFFFFFF00000000000000000000000000000F0000000F0000000000000000000000000000FF0000000FF000000000000000000000000000FF0000000FF00000000000000000000000000FF000000000FF00000000000000000000000000000000000000000000000000000000000000000000000000000000000000000000000000000000000000000000000000000000000000000000000000000000000000000000000000000000000000000000000000000000
Glyph 904 12 000000000000000000000000000000000000000000000000000000000000000000000000000000000000000000000000000000000000000000000000000000000000000000000000000000000000000000000000000000000000000000000000000000000000FF000000000000000000000000000000000000F0000000000000000000000000000000000000F000FFFFFFFFF00000000000000000000000000000FFFFFFFFF00000000000000000000000000000FF000000000000000000000000000000000000FF000000000000000000000000000000000000FF000000000000000000000000000000000000FF000000000000000000000000000000000000FFFFFFFF000000000000000000000000000000FFFFFFFF000000000000000000000000000000FF000000000000000000000000000000000000FF000000000000000000000000000000000000FF000000000000000000000000000000000000FF000000000000000000000000000000000000FFFFFFFFF00000000000000000000000000000FFFFFFFFF000000000000000000000000000000000000000000000000000000000000000000000000000000000000000000000000000000000000000000000000000000000000000000000000000000000000000000000000000000000000000000000000000000000
Glyph 905 15 000000000000000000000000000000000000000000000000000000000000000000000000000000000000000000000000000000000000000000000000000000000000000000000000000000000000000000000000000000000000000000000000000000000000FF000000000000000000000000000000000000F0000000000000000000000000000000000000F000FF0000000FF000000000000000000000000000FF0000000FF000000000000000000000000000FF0000000FF000000000000000000000000000FF0000000FF000000000000000000000000000FF0000000FF000000000000000000000000000FF0000000FF000000000000000000000000000FFFFFFFFFFF000000000000000000000000000FFFFFFFFFFF000000000000000000000000000FF0000000FF000000000000000000000000000FF0000000FF000000000000000000000000000FF0000000FF000000000000000000000000000FF0000000FF000000000000000000000000000FF0000000FF000000000000000000000000000FF0000000FF0000000000000000000000000000000000000000000000000000000000000000000000000000000000000000000000000000000000000000000000000000000000000000000000000000000000000000000000000000000000000000000000000000000
Glyph 906 6 000000000000000000000000000000000000000000000000000000000000000000000000000000000000000000000000000000000000000000000000000000000000000000000000000000000000000000000000000000000000000000000000000000000000FF000000000000000000000000000000000000F0000000000000000000000000000000000000F000FF000000000000000000000000000000000000FF000000000000000000000000000000000000FF000000000000000000000000000000000000FF000000000000000000000000000000000000FF000000000000000000000000000000000000FF000000000000000000000000000000000000FF000000000000000000000000000000000000FF000000000000000000000000000000000000FF000000000000000000000000000000000000FF000000000000000000000000000000000000FF000000000000000000000000000000000000FF000000000000000000000000000000000000FF000000000000000000000000000000000000FF0000000000000000000000000000000000000000000000000000000000000000000000000000000000000000000000000000000000000000000000000000000000000000000000000000000000000000000000000000000000000000000000000000000000000000
Glyph 908 14 000000000000000000000000000000000000000000000000000000000000000000000000000000000000000000000000000000000000000000000000000000000000000000000000000000000000000000000000000000000000000000000000000000000000000000000000000000000000000000000000000FF000000000000000000000000000000000000F000FFFFF00000000000000000000000000000F00FFFFFFFF00000000000000000000000000000FF00000FFF0000000000000000000000000000FF000000FF000000000000000000000000000FF0000000FF000000000000000000000000000FF00000000FF00000000000000000000000000FF00000000FF00000000000000000000000000FF00000000FF00000000000000000000000000FF00000000FF00000000000000000000000000FF0000000FF0000000000000000000000000000FF000000FF0000000000000000000000000000FF00000FFF00000000000000000000000000000FFFFFFFF0000000000000000000000000000000FFFFF000000000000000000000000000000000000000000000000000000000000000000000000000000000000000000000000000000000000000000000000000000000000000000000000000000000000000000000000000000000000000000000000000000000000
Glyph 910 13 00000000000000000000000000000000000000000000000000000000000000000000000000000000000000000000000000000000000000000000000000000000000000000000000000000000000000000000000000000000000000000000000000000000000000000000000000000000000000000000000000FF000000000000000000000000000000000000F0FFF000000FFF000000000000000000000000F00FF000000FF00000000000000000000000000000FF0000FF000000000000000000000000000000FF0000FF0000000000000000000000000000000FF00FF00000000000000000000000000000000FF00FF000000000000000000000000000000000FFFF0000000000000000000000000000000000FFFF00000000000000000000000000000000000FF000000000000000000000000000000000000FF000000000000000000000000000000000000FF000000000000000000000000000000000000FF000000000000000000000000000000000000FF000000000000000000000000000000000000FF0000000000000000000000000000000000000000000000000000000000000000000000000000000000000000000000000000000000000000000000000000000000000000000000000000000000000000000000000000000000000000000000000000000000000
Glyph 911 14 000000000000000000000000000000000000000000000000000000000000000000000000000000000000000000000000000000000000000000000000000000000000000000000000000000000000000000000000000000000000000000000000000000000000000000000000000000000000000000000000000FF000000000000000000000000000000000000F000FFFFF00000000000000000000000000000F00FFFFFFF000000000000000000000000000000FF00000FF00000000000000000000000000000F0000000FF000000000000000000000000000FF0000000FF000000000000000000000000000FF0000000FF000000000000000000000000000FF0000000FF000000000000000000000000000FF0000000FF000000000000000000000000000FF0000000FF000000000000000000000000000FF0000000FF0000000000000000000000000000FF00000FF00000000000000000000000000000FF00000FF0000000000000000000000000000FFFFF0FFFFF000000000000000000000000000FFFFF0FFFFF000000000000000000000000000000000000000000000000000000000000000000000000000000000000000000000000000000000000000000000000000000000000000000000000000000000000000000000000000000000000000000000000000000000
Glyph 912 6 00000000000000000000000000000000000000000000000000000000000000000000000000000000000000000000000000000000000000000000000000000000000000000000000000000000000000000000000000F000000000000000000000000000000000000FF000000000000000000000000000000000FF0FF0FF000000000000000000000000000000FF0000FF0000000000000000000000000000000000000000000000000000000000000000000000000000000000000000000000000000000000000FF000000000000000000000000000000000000FF000000000000000000000000000000000000FF000000000000000000000000000000000000FF000000000000000000000000000000000000FF000000000000000000000000000000000000FF000000000000000000000000000000000000FF000000000000000000000000000000000000FF000000000000000000000000000000000000FF000000000000000000000000000000000000FFFF00000000000000000000000000000000000FFF000000000000000000000000000000000000000000000000000000000000000000000000000000000000000000000000000000000000000000000000000000000000000000000000000000000000000000000000000000000000000000000000000000000000000
Glyph 915,1043 11 0000000000000000000000000000000000000000000000000000000000000000000000000000000000000000000000000000000000000000000000000000000000000000000000000000000000000000000000000000000000000000000000000000000000000000000000000000000000000000000000000000000000000000000000000000000000000000000FFFFFFFF000000000000000000000000000000FFFFFFFF000000000000000000000000000000FF000000000000000000000000000000000000FF000000000000000000000000000000000000FF000000000000000000000000000000000000FF000000000000000000000000000000000000FF000000000000000000000000000000000000FF000000000000000000000000000000000000FF000000000000000000000000000000000000FF000000000000000000000000000000000000FF000000000000000000000000000000000000FF000000000000000000000000000000000000FF000000000000000000000000000000000000FF00000000000000000000000000000000000000000000000000000000000000000000000000000000000000000000000000000000000000000000000000000000000000000000000000000000000000000000000000000000000000000000000000000000000000000
Glyph 916,8710 14 00000000000000000000000000000000000000000000000000000000000000000000000000000000000000000000000000000000000000000000000000000000000000000000000000000000000000000000000000000000000000000000000000000000000000000000000000000000000000000000000000000000000000000000000000000000000000000000000FF000000000000000000000000000000000000FFF0000000000000000000000000000000000FFFF0000000000000000000000000000000000FF0F000000000000000000000000000000000FF00FF00000000000000000000000000000000FF00FF00000000000000000000000000000000F0000FF000000000000000000000000000000FF0000FF000000000000000000000000000000FF00000F00000000000000000000000000000FF000000FF0000000000000000000000000000FF000000FF000000000000000000000000000FF00000000FF00000000000000000000000000FFFFFFFFFFFF00000000000000000000000000FFFFFFFFFFFF00000000000000000000000000000000000000000000000000000000000000000000000000000000000000000000000000000000000000000000000000000000000000000000000000000000000000000000000000000000000000000000000000000000
Glyph 920 14 000000000000000000000000000000000000000000000000000000000000000000000000000000000000000000000000000000000000000000000000000000000000000000000000000000000000000000000000000000000000000000000000000000000000000000000000000000000000000000000000000000000000000000000000000000000000000000000FFFFF00000000000000000000000000000000FFFFFFFF00000000000000000000000000000FF00000FF00000000000000000000000000000FF000000FF000000000000000000000000000FF0000000FF000000000000000000000000000FF00000000F000000000000000000000000000FF00000000F000000000000000000000000000FF0FFFFF00F000000000000000000000000000FF00000000F000000000000000000000000000FF0000000FF0000000000000000000000000000FF000000FF0000000000000000000000000000FF00000FF000000000000000000000000000000FFFFFFFF0000000000000000000000000000000FFFFF000000000000000000000000000000000000000000000000000000000000000000000000000000000000000000000000000000000000000000000000000000000000000000000000000000000000000000000000000000000000000000000000000000000000
Glyph 923 13 0000000000000000000000000000000000000000000000000000000000000000000000000000000000000000000000000000000000000000000000000000000000000000000000000000000000000000000000000000000000000000000000000000000000000000000000000000000000000000000000000000000000000000000000000000000000000000000000FFF00000000000000000000000000000000000FFF00000000000000000000000000000000000FFF0000000000000000000000000000000000FF0FF000000000000000000000000000000000FF0FF000000000000000000000000000000000FF0FF00000000000000000000000000000000FF000FF0000000000000000000000000000000FF000FF0000000000000000000000000000000F00000F000000000000000000000000000000FF00000FF00000000000000000000000000000FF00000FF0000000000000000000000000000FF0000000FF000000000000000000000000000FF0000000FF000000000000000000000000000FF0000000FF000000000000000000000000000000000000000000000000000000000000000000000000000000000000000000000000000000000000000000000000000000000000000000000000000000000000000000000000000000000000000000000000000000000
Glyph 926 11 000000000000000000000000000000000000000000000000000000000000000000000000000000000000000000000000000000000000000000000000000000000000000000000000000000000000000000000000000000000000000000000000000000000000000000000000000000000000000000000000000000000000000000000000000000000000000000FFFFFFFFF00000000000000000000000000000FFFFFFFFF00000000000000000000000000000000000000000000000000000000000000000000000000000000000000000000000000000000000000000000000000000000000000000000000000000000000000000000000000000000000000FFFFFFF0000000000000000000000000000000FFFFFFF00000000000000000000000000000000000000000000000000000000000000000000000000000000000000000000000000000000000000000000000000000000000000000000000000000000000000000000000000000000000000FFFFFFFFF00000000000000000000000000000FFFFFFFFF00000000000000000000000000000000000000000000000000000000000000000000000000000000000000000000000000000000000000000000000000000000000000000000000000000000000000000000000000000000000000000000000000000000000
Glyph 928,1055 14 0000000000000000000000000000000000000000000000000000000000000000000000000000000000000000000000000000000000000000000000000000000000000000000000000000000000000000000000000000000000000000000000000000000000000000000000000000000000000000000000000000000000000000000000000000000000000000000FFFFFFFFFFF000000000000000000000000000FFFFFFFFFFF000000000000000000000000000FF0000000FF000000000000000000000000000FF0000000FF000000000000000000000000000FF0000000FF000000000000000000000000000FF0000000FF000000000000000000000000000FF0000000FF000000000000000000000000000FF0000000FF000000000000000000000000000FF0000000FF000000000000000000000000000FF0000000FF000000000000000000000000000FF0000000FF000000000000000000000000000FF0000000FF000000000000000000000000000FF0000000FF000000000000000000000000000FF0000000FF00000000000000000000000000000000000000000000000000000000000000000000000000000000000000000000000000000000000000000000000000000000000000000000000000000000000000000000000000000000000000000000000000000000
Glyph 931 11 000000000000000000000000000000000000000000000000000000000000000000000000000000000000000000000000000000000000000000000000000000000000000000000000000000000000000000000000000000000000000000000000000000000000000000000000000000000000000000000000000000000000000000000000000000000000000000FFFFFFFFF00000000000000000000000000000FFFFFFFFF000000000000000000000000000000FF000000000000000000000000000000000000FFF000000000000000000000000000000000000FF0000000000000000000000000000000000000FF0000000000000000000000000000000000000FF000000000000000000000000000000000000FF00000000000000000000000000000000000FF00000000000000000000000000000000000FF00000000000000000000000000000000000FFF00000000000000000000000000000000000FF00000000000000000000000000000000000FFFFFFFFFF0000000000000000000000000000FFFFFFFFFF0000000000000000000000000000000000000000000000000000000000000000000000000000000000000000000000000000000000000000000000000000000000000000000000000000000000000000000000000000000000000000000000000000000000
Glyph 934 14 00000000000000000000000000000000000000000000000000000000000000000000000000000000000000000000000000000000000000000000000000000000000000000000000000000000000000000000000000000000000000000000000000000000000000000000000000000000000000000000000000000000000000000000000000000000000000000000000FF000000000000000000000000000000000000FF0000000000000000000000000000000000FFFFFFF00000000000000000000000000000FFFFFFFFFF000000000000000000000000000FFF00FF000FF00000000000000000000000000FF000FF0000F00000000000000000000000000FF000FF0000FF0000000000000000000000000FF000FF0000FF0000000000000000000000000FF000FF0000F00000000000000000000000000FFF00FF000FF000000000000000000000000000FFFFFFFFFF000000000000000000000000000000FFFFFFF000000000000000000000000000000000FF000000000000000000000000000000000000FF0000000000000000000000000000000000000000000000000000000000000000000000000000000000000000000000000000000000000000000000000000000000000000000000000000000000000000000000000000000000000000000000000000000000000
Glyph 936,1136 14 000000000000000000000000000000000000000000000000000000000000000000000000000000000000000000000000000000000000000000000000000000000000000000000000000000000000000000000000000000000000000000000000000000000000000000000000000000000000000000000000000000000000000000000000000000000000000000FF000FF000FF00000000000000000000000000FF000FF000FF00000000000000000000000000FF000FF000FF00000000000000000000000000FF000FF000FF00000000000000000000000000FF000FF000FF00000000000000000000000000FF000FF000FF00000000000000000000000000FF000FF000FF00000000000000000000000000FF000FF00FF0000000000000000000000000000FFF0FF0FFF00000000000000000000000000000FFFFFFFF000000000000000000000000000000000FF000000000000000000000000000000000000FF000000000000000000000000000000000000FF000000000000000000000000000000000000FF0000000000000000000000000000000000000000000000000000000000000000000000000000000000000000000000000000000000000000000000000000000000000000000000000000000000000000000000000000000000000000000000000000000000000
Glyph 937,8486 13 000000000000000000000000000000000000000000000000000000000000000000000000000000000000000000000000000000000000000000000000000000000000000000000000000000000000000000000000000000000000000000000000000000000000000000000000000000000000000000000000000000000000000000000000000000000000000000000FFFFF00000000000000000000000000000000FFFFFFF000000000000000000000000000000FF00000FF00000000000000000000000000000F0000000FF000000000000000000000000000FF0000000FF000000000000000000000000000FF0000000FF000000000000000000000000000FF0000000FF000000000000000000000000000FF0000000FF000000000000000000000000000FF0000000FF000000000000000000000000000FF0000000FF0000000000000000000000000000FF00000FF00000000000000000000000000000FF00000FF0000000000000000000000000000FFFFF0FFFFF000000000000000000000000000FFFFF0FFFFF000000000000000000000000000000000000000000000000000000000000000000000000000000000000000000000000000000000000000000000000000000000000000000000000000000000000000000000000000000000000000000000000000000000
Glyph 940 11 0000000000000000000000000000000000000000000000000000000000000000000000000000000000000000000000000000000000000000000000000000000000000000000000000000000000000000000000000000000000000000000000000000000000000000000FF000000000000000000000000000000000000F0000000000000000000000000000000000000F00000000000000000000000000000000000000000000000000000000000000000000000000000000000000000000000000000000000000FFFF0FF000000000000000000000000000000FFF0FFFF000000000000000000000000000000FF0000FF00000000000000000000000000000FF00000FF00000000000000000000000000000FF00000FF00000000000000000000000000000FF00000FF00000000000000000000000000000FF00000FF00000000000000000000000000000FF00000FF00000000000000000000000000000FF00000FF000000000000000000000000000000FFF0FFFFF000000000000000000000000000000FFFF00FF0000000000000000000000000000000000000000000000000000000000000000000000000000000000000000000000000000000000000000000000000000000000000000000000000000000000000000000000000000000000000000000000000000000000
Glyph 941 11 000000000000000000000000000000000000000000000000000000000000000000000000000000000000000000000000000000000000000000000000000000000000000000000000000000000000000000000000000000000000000000000000000000000000000000FF000000000000000000000000000000000000F0000000000000000000000000000000000000F000000000000000000000000000000000000000000000000000000000000000000000000000000000000000000000000000000000000000FFFFF00000000000000000000000000000000FFF0FFF000000000000000000000000000000FF00000FF00000000000000000000000000000FF0000000000000000000000000000000000000FF000000000000000000000000000000000000FFFFF00000000000000000000000000000000FF000000000000000000000000000000000000FF000000000000000000000000000000000000FF00000FF000000000000000000000000000000FFF0FFF00000000000000000000000000000000FFFFF0000000000000000000000000000000000000000000000000000000000000000000000000000000000000000000000000000000000000000000000000000000000000000000000000000000000000000000000000000000000000000000000000000000000000
Glyph 942 11 000000000000000000000000000000000000000000000000000000000000000000000000000000000000000000000000000000000000000000000000000000000000000000000000000000000000000000000000000000000000000000000000000000000000000000FF000000000000000000000000000000000000F0000000000000000000000000000000000000F0000000000000000000000000000000000000000000000000000000000000000000000000000000000000000000000000000000000000FF0FFFF0000000000000000000000000000000FFFF0FFF000000000000000000000000000000FFF0000FF00000000000000000000000000000FF00000FF00000000000000000000000000000FF00000FF00000000000000000000000000000FF00000FF00000000000000000000000000000FF00000FF00000000000000000000000000000FF00000FF00000000000000000000000000000FF00000FF00000000000000000000000000000FF00000FF00000000000000000000000000000FF00000FF000000000000000000000000000000000000FF000000000000000000000000000000000000FF000000000000000000000000000000000000FF000000000000000000000000000000000000FF000000000000000000000000000000000000000000000000000
Glyph 943 6 000000000000000000000000000000000000000000000000000000000000000000000000000000000000000000000000000000000000000000000000000000000000000000000000000000000000000000000000000000000000000000000000000000000000000FF000000000000000000000000000000000000F0000000000000000000000000000000000000F00000000000000000000000000000000000000000000000000000000000000000000000000000000000000000000000000000000000000000FF000000000000000000000000000000000000FF000000000000000000000000000000000000FF000000000000000000000000000000000000FF000000000000000000000000000000000000FF000000000000000000000000000000000000FF000000000000000000000000000000000000FF000000000000000000000000000000000000FF000000000000000000000000000000000000FF000000000000000000000000000000000000FFFF00000000000000000000000000000000000FFF000000000000000000000000000000000000000000000000000000000000000000000000000000000000000000000000000000000000000000000000000000000000000000000000000000000000000000000000000000000000000000000000000000000000000
Glyph 944 11 0000000000000000000000000000000000000000000000000000000000000000000000000000000000000000000000000000000000000000000000000000000000000000000000000000000000000000000000000000F000000000000000000000000000000000000FF000000000000000000000000000000000FF0FF0FF000000000000000000000000000000FF0000FF0000000000000000000000000000000000000000000000000000000000000000000000000000000000000000000000000000000000FF0000FF000000000000000000000000000000FF0000FF000000000000000000000000000000FF00000FF00000000000000000000000000000FF00000FF00000000000000000000000000000FF00000FF00000000000000000000000000000FF00000FF00000000000000000000000000000FF00000FF00000000000000000000000000000FF00000FF000000000000000000000000000000FF000FF0000000000000000000000000000000FFFFFFF00000000000000000000000000000000FFFF00000000000000000000000000000000000000000000000000000000000000000000000000000000000000000000000000000000000000000000000000000000000000000000000000000000000000000000000000000000000000000000000000000000000000
Glyph 945 11 00000000000000000000000000000000000000000000000000000000000000000000000000000000000000000000000000000000000000000000000000000000000000000000000000000000000000000000000000000000000000000000000000000000000000000000000000000000000000000000000000000000000000000000000000000000000000000000000000000000000000000000000000000000000000000000000000000000000000000000000000000000000000000000000000000000000000FFFF0FF000000000000000000000000000000FFF0FFFF000000000000000000000000000000FF0000FF00000000000000000000000000000FF00000FF00000000000000000000000000000FF00000FF00000000000000000000000000000FF00000FF00000000000000000000000000000FF00000FF00000000000000000000000000000FF00000FF00000000000000000000000000000FF00000FF000000000000000000000000000000FFF0FFFFF000000000000000000000000000000FFFF00FF0000000000000000000000000000000000000000000000000000000000000000000000000000000000000000000000000000000000000000000000000000000000000000000000000000000000000000000000000000000000000000000000000000000000
Glyph 946 12 000000000000000000000000000000000000000000000000000000000000000000000000000000000000000000000000000000000000000000000000000000000000000000000000000000000000000000000000000000000000000000000000000000000000000000000000000000000000000000000000000000000000000000000000000000000000000000000FFFF000000000000000000000000000000000FFFFFF0000000000000000000000000000000FF0000FF000000000000000000000000000000F00000FF000000000000000000000000000000F00000FF000000000000000000000000000000F000FFF0000000000000000000000000000000F00FFFF0000000000000000000000000000000F00000FF000000000000000000000000000000F000000FF00000000000000000000000000000F000000FF00000000000000000000000000000F000000FF00000000000000000000000000000F00000FF000000000000000000000000000000FFFF0FFF000000000000000000000000000000F0FFFFF0000000000000000000000000000000F0000000000000000000000000000000000000F0000000000000000000000000000000000000F0000000000000000000000000000000000000F0000000000000000000000000000000000000000000000000000000000
Glyph 947,1199 10 000000000000000000000000000000000000000000000000000000000000000000000000000000000000000000000000000000000000000000000000000000000000000000000000000000000000000000000000000000000000000000000000000000000000000000000000000000000000000000000000000000000000000000000000000000000000000000000000000000000000000000000000000000000000000000000000000000000000000000000000000000000000000000000000000000000000F000000FF00000000000000000000000000000FF0000FF000000000000000000000000000000FF0000FF0000000000000000000000000000000FF000F00000000000000000000000000000000FF00FF00000000000000000000000000000000FF00FF000000000000000000000000000000000FF0F0000000000000000000000000000000000FFFF00000000000000000000000000000000000FFF00000000000000000000000000000000000FF000000000000000000000000000000000000FF000000000000000000000000000000000000FF000000000000000000000000000000000000FF000000000000000000000000000000000000FF000000000000000000000000000000000000FF0000000000000000000000000000000000000000000000000000000
Glyph 948 11 0000000000000000000000000000000000000000000000000000000000000000000000000000000000000000000000000000000000000000000000000000000000000000000000000000000000000000000000000000000000000000000000000000000000000000000000000000000000000000000000000000000FFFF00000000000000000000000000000000FFFFFFF0000000000000000000000000000000FF000000000000000000000000000000000000FF0000000000000000000000000000000000000FFF000000000000000000000000000000000000FFFF00000000000000000000000000000000FF000FF0000000000000000000000000000000F00000FF00000000000000000000000000000FF00000FF00000000000000000000000000000FF000000F00000000000000000000000000000FF000000F00000000000000000000000000000FF00000FF00000000000000000000000000000FF00000FF000000000000000000000000000000FFF0FFF00000000000000000000000000000000FFFFF0000000000000000000000000000000000000000000000000000000000000000000000000000000000000000000000000000000000000000000000000000000000000000000000000000000000000000000000000000000000000000000000000000000000000
Glyph 949,1297 11 00000000000000000000000000000000000000000000000000000000000000000000000000000000000000000000000000000000000000000000000000000000000000000000000000000000000000000000000000000000000000000000000000000000000000000000000000000000000000000000000000000000000000000000000000000000000000000000000000000000000000000000000000000000000000000000000000000000000000000000000000000000000000000000000000000000000000FFFFF00000000000000000000000000000000FFF0FFF000000000000000000000000000000FF00000FF00000000000000000000000000000FF0000000000000000000000000000000000000FF000000000000000000000000000000000000FFFFF00000000000000000000000000000000FF000000000000000000000000000000000000FF000000000000000000000000000000000000FF00000FF000000000000000000000000000000FFF0FFF00000000000000000000000000000000FFFFF0000000000000000000000000000000000000000000000000000000000000000000000000000000000000000000000000000000000000000000000000000000000000000000000000000000000000000000000000000000000000000000000000000000000000
Glyph 950 10 000000000000000000000000000000000000000000000000000000000000000000000000000000000000000000000000000000000000000000000000000000000000000000000000000000000000000000000000000000000000000000000000000000000000000000000000000000000000000000000000000000000000000000000000000000000000000000FFFFFFFF000000000000000000000000000000000000FF00000000000000000000000000000000000FF000000000000000000000000000000000000FF00000000000000000000000000000000000FF00000000000000000000000000000000000FF00000000000000000000000000000000000FF000000000000000000000000000000000000F000000000000000000000000000000000000FF000000000000000000000000000000000000FF000000000000000000000000000000000000FF000000000000000000000000000000000000FF000000000000000000000000000000000000FFF000000000000000000000000000000000000FFFFF000000000000000000000000000000000000FFF000000000000000000000000000000000000FF000000000000000000000000000000000000FF000000000000000000000000000000000000F00000000000000000000000000000000000000000000000000000
Glyph 951 11 000000000000000000000000000000000000000000000000000000000000000000000000000000000000000000000000000000000000000000000000000000000000000000000000000000000000000000000000000000000000000000000000000000000000000000000000000000000000000000000000000000000000000000000000000000000000000000000000000000000000000000000000000000000000000000000000000000000000000000000000000000000000000000000000000000000000FF0FFFF0000000000000000000000000000000FFFF0FFF000000000000000000000000000000FFF0000FF00000000000000000000000000000FF00000FF00000000000000000000000000000FF00000FF00000000000000000000000000000FF00000FF00000000000000000000000000000FF00000FF00000000000000000000000000000FF00000FF00000000000000000000000000000FF00000FF00000000000000000000000000000FF00000FF00000000000000000000000000000FF00000FF000000000000000000000000000000000000FF000000000000000000000000000000000000FF000000000000000000000000000000000000FF000000000000000000000000000000000000FF000000000000000000000000000000000000000000000000000
Glyph 952 11 000000000000000000000000000000000000000000000000000000000000000000000000000000000000000000000000000000000000000000000000000000000000000000000000000000000000000000000000000000000000000000000000000000000000000000000000000000000000000000000000000000000000000000000000000000000000000000000FFFF00000000000000000000000000000000FF000FF0000000000000000000000000000000FF0000FF00000000000000000000000000000FF00000FF00000000000000000000000000000FF00000FF00000000000000000000000000000FF00000FF00000000000000000000000000000FF00000FF00000000000000000000000000000FFFFFFFFF00000000000000000000000000000FF00000FF00000000000000000000000000000FF00000FF000000000000000000000000000000F00000FF000000000000000000000000000000FF0000FF000000000000000000000000000000FF000FF000000000000000000000000000000000FFFF0000000000000000000000000000000000000000000000000000000000000000000000000000000000000000000000000000000000000000000000000000000000000000000000000000000000000000000000000000000000000000000000000000000000000
Glyph 953 6 0000000000000000000000000000000000000000000000000000000000000000000000000000000000000000000000000000000000000000000000000000000000000000000000000000000000000000000000000000000000000000000000000000000000000000000000000000000000000000000000000000000000000000000000000000000000000000000000000000000000000000000000000000000000000000000000000000000000000000000000000000000000000000000000000000000000000FF000000000000000000000000000000000000FF000000000000000000000000000000000000FF000000000000000000000000000000000000FF000000000000000000000000000000000000FF000000000000000000000000000000000000FF000000000000000000000000000000000000FF000000000000000000000000000000000000FF000000000000000000000000000000000000FF000000000000000000000000000000000000FFFF00000000000000000000000000000000000FFF000000000000000000000000000000000000000000000000000000000000000000000000000000000000000000000000000000000000000000000000000000000000000000000000000000000000000000000000000000000000000000000000000000000000000
Glyph 955 11 00000000000000000000000000000000000000000000000000000000000000000000000000000000000000000000000000000000000000000000000000000000000000000000000000000000000000000000000000000000000000000000000000000000000000000000000000000000000000000000000000000FF000000000000000000000000000000000000FFF000000000000000000000000000000000000FF0000000000000000000000000000000000000FF000000000000000000000000000000000000FF000000000000000000000000000000000000FF000000000000000000000000000000000000FFF0000000000000000000000000000000000FFFF0000000000000000000000000000000000FF0FF00000000000000000000000000000000FF00FF00000000000000000000000000000000FF00FF00000000000000000000000000000000FF000FF000000000000000000000000000000FF0000FF000000000000000000000000000000FF00000FFF0000000000000000000000000000FF00000FFF0000000000000000000000000000000000000000000000000000000000000000000000000000000000000000000000000000000000000000000000000000000000000000000000000000000000000000000000000000000000000000000000000000000000
Glyph 958 10 000000000000000000000000000000000000000000000000000000000000000000000000000000000000000000000000000000000000000000000000000000000000000000000000000000000000000000000000000000000000000000000000000000000000000000000000000000000000000000000000000000000000000000000000000000000000000000000FFFFF0000000000000000000000000000000FFFF0FF0000000000000000000000000000000FF000000000000000000000000000000000000F0000000000000000000000000000000000000FF0000000000000000000000000000000000000FFF00000000000000000000000000000000000FFFFF00000000000000000000000000000000FF00000000000000000000000000000000000FF000000000000000000000000000000000000FF000000000000000000000000000000000000FF000000000000000000000000000000000000FF0000000000000000000000000000000000000FF0000000000000000000000000000000000000FFFFF000000000000000000000000000000000000FFF000000000000000000000000000000000000FF000000000000000000000000000000000000FF000000000000000000000000000000000000F00000000000000000000000000000000000000000000000000000
Glyph 960 12 00000000000000000000000000000000000000000000000000000000000000000000000000000000000000000000000000000000000000000000000000000000000000000000000000000000000000000000000000000000000000000000000000000000000000000000000000000000000000000000000000000000000000000000000000000000000000000000000000000000000000000000000000000000000000000000000000000000000000000000000000000000000000000000000000000000000FFFFFFFFFFF00000000000000000000000000000FF0000FF000000000000000000000000000000FF0000FF000000000000000000000000000000FF0000FF000000000000000000000000000000FF0000FF000000000000000000000000000000FF0000FF000000000000000000000000000000FF0000FF000000000000000000000000000000FF0000FF000000000000000000000000000000FF0000FF000000000000000000000000000000FF0000FFFF0000000000000000000000000000FF00000FFF000000000000000000000000000000000000000000000000000000000000000000000000000000000000000000000000000000000000000000000000000000000000000000000000000000000000000000000000000000000000000000000000000000000
Glyph 961 11 000000000000000000000000000000000000000000000000000000000000000000000000000000000000000000000000000000000000000000000000000000000000000000000000000000000000000000000000000000000000000000000000000000000000000000000000000000000000000000000000000000000000000000000000000000000000000000000000000000000000000000000000000000000000000000000000000000000000000000000000000000000000000000000000000000000000000FFFF000000000000000000000000000000000FFFFFF0000000000000000000000000000000FF0000FF000000000000000000000000000000FF0000FF00000000000000000000000000000FF00000FF00000000000000000000000000000FF00000FF00000000000000000000000000000FF00000FF00000000000000000000000000000FF00000FF00000000000000000000000000000FFF0000FF00000000000000000000000000000FFFFFFFF000000000000000000000000000000FF0FFFF0000000000000000000000000000000FF000000000000000000000000000000000000FF000000000000000000000000000000000000FF000000000000000000000000000000000000FF0000000000000000000000000000000000000000000000000000000000
Glyph 962 11 000000000000000000000000000000000000000000000000000000000000000000000000000000000000000000000000000000000000000000000000000000000000000000000000000000000000000000000000000000000000000000000000000000000000000000000000000000000000000000000000000000000000000000000000000000000000000000000000000000000000000000000000000000000000000000000000000000000000000000000000000000000000000000000000000000000000000FFFF00000000000000000000000000000000FFF0FFF0000000000000000000000000000000FF0000F000000000000000000000000000000FF00000FF00000000000000000000000000000FF000000000000000000000000000000000000FF000000000000000000000000000000000000FF000000000000000000000000000000000000FF0000000000000000000000000000000000000FF000000000000000000000000000000000000FFFF000000000000000000000000000000000000FFFF0000000000000000000000000000000000000FF000000000000000000000000000000000000FF000000000000000000000000000000000000F0000000000000000000000000000000000000F00000000000000000000000000000000000000000000000000000
Glyph 963 11 00000000000000000000000000000000000000000000000000000000000000000000000000000000000000000000000000000000000000000000000000000000000000000000000000000000000000000000000000000000000000000000000000000000000000000000000000000000000000000000000000000000000000000000000000000000000000000000000000000000000000000000000000000000000000000000000000000000000000000000000000000000000000000000000000000000000000FFFFFFFF00000000000000000000000000000FFF0FF00000000000000000000000000000000FF0000F000000000000000000000000000000FF00000FF00000000000000000000000000000FF000000F00000000000000000000000000000FF000000F00000000000000000000000000000FF000000F00000000000000000000000000000FF00000FF000000000000000000000000000000FF0000FF000000000000000000000000000000FFFFFFF000000000000000000000000000000000FFFF0000000000000000000000000000000000000000000000000000000000000000000000000000000000000000000000000000000000000000000000000000000000000000000000000000000000000000000000000000000000000000000000000000000000000
Glyph 964 10 000000000000000000000000000000000000000000000000000000000000000000000000000000000000000000000000000000000000000000000000000000000000000000000000000000000000000000000000000000000000000000000000000000000000000000000000000000000000000000000000000000000000000000000000000000000000000000000000000000000000000000000000000000000000000000000000000000000000000000000000000000000000000000000000000000000000FFFFFFFFF00000000000000000000000000000000FF000000000000000000000000000000000000FF000000000000000000000000000000000000FF000000000000000000000000000000000000FF000000000000000000000000000000000000FF000000000000000000000000000000000000FF000000000000000000000000000000000000FF000000000000000000000000000000000000FF000000000000000000000000000000000000FFFF00000000000000000000000000000000000FFF0000000000000000000000000000000000000000000000000000000000000000000000000000000000000000000000000000000000000000000000000000000000000000000000000000000000000000000000000000000000000000000000000000000000000
Glyph 965 11 000000000000000000000000000000000000000000000000000000000000000000000000000000000000000000000000000000000000000000000000000000000000000000000000000000000000000000000000000000000000000000000000000000000000000000000000000000000000000000000000000000000000000000000000000000000000000000000000000000000000000000000000000000000000000000000000000000000000000000000000000000000000000000000000000000000000FF0000FF000000000000000000000000000000FF0000FF000000000000000000000000000000FF00000FF00000000000000000000000000000FF00000FF00000000000000000000000000000FF00000FF00000000000000000000000000000FF00000FF00000000000000000000000000000FF00000FF00000000000000000000000000000FF00000FF000000000000000000000000000000FF000FF0000000000000000000000000000000FFFFFFF00000000000000000000000000000000FFFF00000000000000000000000000000000000000000000000000000000000000000000000000000000000000000000000000000000000000000000000000000000000000000000000000000000000000000000000000000000000000000000000000000000000000
Glyph 966 14 00000000000000000000000000000000000000000000000000000000000000000000000000000000000000000000000000000000000000000000000000000000000000000000000000000000000000000000000000000000000000000000000000000000000000000000000000000000000000000000000000000000000000000000000000000000000000000000000000000000000000000000000000000000000000000000000000000000000000000000000000000000000000000000000000000000000000F000FFFF00000000000000000000000000000FF00FF0FFF000000000000000000000000000FF000FF000FF00000000000000000000000000FF000FF000FF00000000000000000000000000FF000FF000FF00000000000000000000000000FF000FF000FF00000000000000000000000000FF000FF000FF00000000000000000000000000FF000FF000FF000000000000000000000000000FF00FF00FF00000000000000000000000000000FFFFFFFFF000000000000000000000000000000FFFFFF0000000000000000000000000000000000FF000000000000000000000000000000000000FF000000000000000000000000000000000000FF000000000000000000000000000000000000FF000000000000000000000000000000000000FF000000000000000
Glyph 967 11 000000000000000000000000000000000000000000000000000000000000000000000000000000000000000000000000000000000000000000000000000000000000000000000000000000000000000000000000000000000000000000000000000000000000000000000000000000000000000000000000000000000000000000000000000000000000000000000000000000000000000000000000000000000000000000000000000000000000000000000000000000000000000000000000000000000000FF00000FF00000000000000000000000000000FFF0000FF0000000000000000000000000000000FF00FF00000000000000000000000000000000FF00FF000000000000000000000000000000000FFFF0000000000000000000000000000000000FFFF00000000000000000000000000000000000FF000000000000000000000000000000000000FF00000000000000000000000000000000000FFF00000000000000000000000000000000000FFFF000000000000000000000000000000000FF0FF000000000000000000000000000000000FF00FF0000000000000000000000000000000FF000FF0000000000000000000000000000000FF0000FFF0000000000000000000000000000FF000000FF00000000000000000000000000000000000000000000000000
Glyph 968,1137 14 000000000000000000000000000000000000000000000000000000000000000000000000000000000000000000000000000000000000000000000000000000000000000000000000000000000000000000000000000000000000000000000000000000000000000000000000000000000000000000000000000000000000000000000000000000000000000000000000000000000000000000000000000000000000000000000000000000000000000000000000000000000000000000000000000000000000FF000FF00FF000000000000000000000000000FF000FF000FF00000000000000000000000000FF000FF000FF00000000000000000000000000FF000FF000FF00000000000000000000000000FF000FF000FF00000000000000000000000000FF000FF000FF00000000000000000000000000FF000FF000FF00000000000000000000000000FF000FF000FF000000000000000000000000000FF00FF00FF00000000000000000000000000000FFFFFFFFF000000000000000000000000000000FFFFFF0000000000000000000000000000000000FF000000000000000000000000000000000000FF000000000000000000000000000000000000FF000000000000000000000000000000000000FF000000000000000000000000000000000000FF000000000000000
Glyph 969 16 0000000000000000000000000000000000000000000000000000000000000000000000000000000000000000000000000000000000000000000000000000000000000000000000000000000000000000000000000000000000000000000000000000000000000000000000000000000000000000000000000000000000000000000000000000000000000000000000000000000000000000000000000000000000000000000000000000000000000000000000000000000000000000000000000000000000000FF00000000FF00000000000000000000000000FF000000000FF0000000000000000000000000F0000000000FF000000000000000000000000FF0000FF0000FF000000000000000000000000FF0000FF0000FF000000000000000000000000FF0000FF0000FF000000000000000000000000FF0000FF0000FF000000000000000000000000FF0000FF0000FF0000000000000000000000000FF000FFF000FF0000000000000000000000000FFFFFF0FF0FF000000000000000000000000000FFFF000FFF00000000000000000000000000000000000000000000000000000000000000000000000000000000000000000000000000000000000000000000000000000000000000000000000000000000000000000000000000000000000000000000000000000000
Glyph 970 6 000000000000000000000000000000000000000000000000000000000000000000000000000000000000000000000000000000000000000000000000000000000000000000000000000000000000000000000000000000000000000000000000000000000000000000000000000000000000000000000000000FF00FF00000000000000000000000000000000FF00FF00000000000000000000000000000000000000000000000000000000000000000000000000000000000000000000000000000000000000FF000000000000000000000000000000000000FF000000000000000000000000000000000000FF000000000000000000000000000000000000FF000000000000000000000000000000000000FF000000000000000000000000000000000000FF000000000000000000000000000000000000FF000000000000000000000000000000000000FF000000000000000000000000000000000000FF000000000000000000000000000000000000FFFF00000000000000000000000000000000000FFF000000000000000000000000000000000000000000000000000000000000000000000000000000000000000000000000000000000000000000000000000000000000000000000000000000000000000000000000000000000000000000000000000000000000000
Glyph 971 11 00000000000000000000000000000000000000000000000000000000000000000000000000000000000000000000000000000000000000000000000000000000000000000000000000000000000000000000000000000000000000000000000000000000000000000000000000000000000000000000000000000FF00FF00000000000000000000000000000000FF00FF00000000000000000000000000000000000000000000000000000000000000000000000000000000000000000000000000000000000FF0000FF000000000000000000000000000000FF0000FF000000000000000000000000000000FF00000FF00000000000000000000000000000FF00000FF00000000000000000000000000000FF00000FF00000000000000000000000000000FF00000FF00000000000000000000000000000FF00000FF00000000000000000000000000000FF00000FF000000000000000000000000000000FF000FF0000000000000000000000000000000FFFFFFF00000000000000000000000000000000FFFF00000000000000000000000000000000000000000000000000000000000000000000000000000000000000000000000000000000000000000000000000000000000000000000000000000000000000000000000000000000000000000000000000000000000000
Glyph 972 11 000000000000000000000000000000000000000000000000000000000000000000000000000000000000000000000000000000000000000000000000000000000000000000000000000000000000000000000000000000000000000000000000000000000000000000FF000000000000000000000000000000000000F0000000000000000000000000000000000000F0000000000000000000000000000000000000000000000000000000000000000000000000000000000000000000000000000000000000000FFFF00000000000000000000000000000000FFF0FFF0000000000000000000000000000000FF0000FF00000000000000000000000000000FF00000FF00000000000000000000000000000FF000000F00000000000000000000000000000FF000000FF0000000000000000000000000000FF000000F00000000000000000000000000000FF00000FF000000000000000000000000000000FF0000FF000000000000000000000000000000FFFFFFF000000000000000000000000000000000FFFF0000000000000000000000000000000000000000000000000000000000000000000000000000000000000000000000000000000000000000000000000000000000000000000000000000000000000000000000000000000000000000000000000000000000000
Glyph 973 11 000000000000000000000000000000000000000000000000000000000000000000000000000000000000000000000000000000000000000000000000000000000000000000000000000000000000000000000000000000000000000000000000000000000000000000FF000000000000000000000000000000000000F0000000000000000000000000000000000000F0000000000000000000000000000000000000000000000000000000000000000000000000000000000000000000000000000000000000FF0000FF000000000000000000000000000000FF0000FF000000000000000000000000000000FF00000FF00000000000000000000000000000FF00000FF00000000000000000000000000000FF00000FF00000000000000000000000000000FF00000FF00000000000000000000000000000FF00000FF00000000000000000000000000000FF00000FF000000000000000000000000000000FF000FF0000000000000000000000000000000FFFFFFF00000000000000000000000000000000FFFF00000000000000000000000000000000000000000000000000000000000000000000000000000000000000000000000000000000000000000000000000000000000000000000000000000000000000000000000000000000000000000000000000000000000000
Glyph 974 16 00000000000000000000000000000000000000000000000000000000000000000000000000000000000000000000000000000000000000000000000000000000000000000000000000000000000000000000000000000000000000000000000000000000000000000000000000000000000000000000000000000000000FF000000000000000000000000000000000000F0000000000000000000000000000000000000F000000000000000000000000000000000000000000000000000000000000000000000FF00000000FF00000000000000000000000000FF000000000FF0000000000000000000000000F0000000000FF000000000000000000000000FF0000FF0000FF000000000000000000000000FF0000FF0000FF000000000000000000000000FF0000FF0000FF000000000000000000000000FF0000FF0000FF000000000000000000000000FF0000FF0000FF0000000000000000000000000FF000FFF000FF0000000000000000000000000FFFFFF0FF0FF000000000000000000000000000FFFF000FFF00000000000000000000000000000000000000000000000000000000000000000000000000000000000000000000000000000000000000000000000000000000000000000000000000000000000000000000000000000000000000000000000000000000
Glyph 977 12 0000000000000000000000000000000000000000000000000000000000000000000000000000000000000000000000000000000000000000000000000000000000000000000000000000000000000000000000000000000000000000000000000000000000000000000000000000000000000000000000000000000000000000000000000000000000000000000000FFF0000000000000000000000000000000000FFFFF00000000000000000000000000000000FF000FF0000000000000000000000000000000FF000FF0000000000000000000000000000000FF000FF00000000000000000000000000000000FF00FF00000000000000000000000000000FF00FFFFFF0000000000000000000000000000FF000FFFFF0000000000000000000000000000FF00000FF00000000000000000000000000000FF00000FF00000000000000000000000000000FF00000FF000000000000000000000000000000FF0000FF000000000000000000000000000000FFFFFFF00000000000000000000000000000000FFFFF0000000000000000000000000000000000000000000000000000000000000000000000000000000000000000000000000000000000000000000000000000000000000000000000000000000000000000000000000000000000000000000000000000000000000
Glyph 978 11 00000000000000000000000000000000000000000000000000000000000000000000000000000000000000000000000000000000000000000000000000000000000000000000000000000000000000000000000000000000000000000000000000000000000000000000000000000000000000000000000000000000000000000000000000000000000000000FF000000FFF000000000000000000000000000FFF00000FFF00000000000000000000000000000FF000FF0000000000000000000000000000000FF000FF00000000000000000000000000000000F00FF000000000000000000000000000000000FF0FF000000000000000000000000000000000FFFF00000000000000000000000000000000000FFF00000000000000000000000000000000000FF000000000000000000000000000000000000FF000000000000000000000000000000000000FF000000000000000000000000000000000000FF000000000000000000000000000000000000FF000000000000000000000000000000000000FF000000000000000000000000000000000000000000000000000000000000000000000000000000000000000000000000000000000000000000000000000000000000000000000000000000000000000000000000000000000000000000000000000000000000000
Glyph 982 16 000000000000000000000000000000000000000000000000000000000000000000000000000000000000000000000000000000000000000000000000000000000000000000000000000000000000000000000000000000000000000000000000000000000000000000000000000000000000000000000000000000000000000000000000000000000000000000000000000000000000000000000000000000000000000000000000000000000000000000000000000000000000000000000000000000000000FFFFFFFFFFFFFF0000000000000000000000000FF00000000FF00000000000000000000000000F000000000FF0000000000000000000000000FF0000000000F0000000000000000000000000FF0000FF0000FF000000000000000000000000FF0000FF0000FF000000000000000000000000FF0000FF0000F0000000000000000000000000FF0000FF0000F00000000000000000000000000FF000FF000FF00000000000000000000000000FFFFFFFFFFFF000000000000000000000000000FFFF00FFFF00000000000000000000000000000000000000000000000000000000000000000000000000000000000000000000000000000000000000000000000000000000000000000000000000000000000000000000000000000000000000000000000000000000
Glyph 1026 15 00000000000000000000000000000000000000000000000000000000000000000000000000000000000000000000000000000000000000000000000000000000000000000000000000000000000000000000000000000000000000000000000000000000000000000000000000000000000000000000000000000000000000000000000000000000000000000FFFFFFFFFFF000000000000000000000000000FFFFFFFFFFF0000000000000000000000000000000FF000000000000000000000000000000000000FF000000000000000000000000000000000000FF000000000000000000000000000000000000FFFFFFFF000000000000000000000000000000FFFFFFFFF00000000000000000000000000000FF000000FF0000000000000000000000000000FF000000FF0000000000000000000000000000FF000000FF0000000000000000000000000000FF000000FF0000000000000000000000000000FF000000FF0000000000000000000000000000FF000FFFF00000000000000000000000000000FF000FFF000000000000000000000000000000000000000000000000000000000000000000000000000000000000000000000000000000000000000000000000000000000000000000000000000000000000000000000000000000000000000000000000000000000
Glyph 1027 11 0000000000000000000000000000000000000000000000000000000000000000000000000000000000000000000000000000000000000000000000000000000000000000FF00000000000000000000000000000000000FF000000000000000000000000000000000000F00000000000000000000000000000000000000000000000000000000000000000000000FFFFFFFF000000000000000000000000000000FFFFFFFF000000000000000000000000000000FF000000000000000000000000000000000000FF000000000000000000000000000000000000FF000000000000000000000000000000000000FF000000000000000000000000000000000000FF000000000000000000000000000000000000FF000000000000000000000000000000000000FF000000000000000000000000000000000000FF000000000000000000000000000000000000FF000000000000000000000000000000000000FF000000000000000000000000000000000000FF000000000000000000000000000000000000FF00000000000000000000000000000000000000000000000000000000000000000000000000000000000000000000000000000000000000000000000000000000000000000000000000000000000000000000000000000000000000000000000000000000000000000
Glyph 1028 13 000000000000000000000000000000000000000000000000000000000000000000000000000000000000000000000000000000000000000000000000000000000000000000000000000000000000000000000000000000000000000000000000000000000000000000000000000000000000000000000000000000000000000000000000000000000000000000000FFFFF00000000000000000000000000000000FFFFFFFF00000000000000000000000000000FF00000FF00000000000000000000000000000FF000000FF000000000000000000000000000FF0000000FF000000000000000000000000000FF000000000000000000000000000000000000FFFFFFFF000000000000000000000000000000FFFFFFFF000000000000000000000000000000FF000000000000000000000000000000000000FF0000000FF0000000000000000000000000000FF000000FF0000000000000000000000000000FF00000FF000000000000000000000000000000FFFFFFFF0000000000000000000000000000000FFFFF000000000000000000000000000000000000000000000000000000000000000000000000000000000000000000000000000000000000000000000000000000000000000000000000000000000000000000000000000000000000000000000000000000000000
Glyph 1033 21 000000000000000000000000000000000000000000000000000000000000000000000000000000000000000000000000000000000000000000000000000000000000000000000000000000000000000000000000000000000000000000000000000000000000000000000000000000000000000000000000000000000000000000000000000000000000000000000FFFFFFFF000000000000000000000000000000FFFFFFFF000000000000000000000000000000F00000FF000000000000000000000000000000F00000FF00000000000000000000000000000FF00000FF00000000000000000000000000000FF00000FFFFFFFF00000000000000000000000FF00000FFFFFFFFFF000000000000000000000FF00000FF000000FF000000000000000000000FF00000FF0000000F000000000000000000000FF00000FF0000000FF00000000000000000000FF00000FF0000000F000000000000000000000FF00000FF000000FF000000000000000000FFFF000000FFFFFFFFFF000000000000000000FFF0000000FFFFFFFF000000000000000000000000000000000000000000000000000000000000000000000000000000000000000000000000000000000000000000000000000000000000000000000000000000000000000000000000000000000000000000000000000
Glyph 1034 22 0000000000000000000000000000000000000000000000000000000000000000000000000000000000000000000000000000000000000000000000000000000000000000000000000000000000000000000000000000000000000000000000000000000000000000000000000000000000000000000000000000000000000000000000000000000000000000000FF0000000FF000000000000000000000000000FF0000000FF000000000000000000000000000FF0000000FF000000000000000000000000000FF0000000FF000000000000000000000000000FF0000000FF000000000000000000000000000FF0000000FF000000000000000000000000000FFFFFFFFFFFFFFF00000000000000000000000FFFFFFFFFFFFFFFFF000000000000000000000FF0000000FF00000FF00000000000000000000FF0000000FF000000FF0000000000000000000FF0000000FF000000FF0000000000000000000FF0000000FF00000FFF0000000000000000000FF0000000FFFFFFFFF00000000000000000000FF0000000FFFFFFFF00000000000000000000000000000000000000000000000000000000000000000000000000000000000000000000000000000000000000000000000000000000000000000000000000000000000000000000000000000000000000000000000000
Glyph 1035 16 000000000000000000000000000000000000000000000000000000000000000000000000000000000000000000000000000000000000000000000000000000000000000000000000000000000000000000000000000000000000000000000000000000000000000000000000000000000000000000000000000000000000000000000000000000000000000000FFFFFFFFFFF000000000000000000000000000FFFFFFFFFFF0000000000000000000000000000000F0000000000000000000000000000000000000F0000000000000000000000000000000000000F0000000000000000000000000000000000000FFFFFFF0000000000000000000000000000000FFFFFFFFF00000000000000000000000000000F000000FF00000000000000000000000000000F0000000FF0000000000000000000000000000F0000000FF0000000000000000000000000000F0000000FF0000000000000000000000000000F0000000FF0000000000000000000000000000F0000000FF0000000000000000000000000000F0000000FF000000000000000000000000000000000000000000000000000000000000000000000000000000000000000000000000000000000000000000000000000000000000000000000000000000000000000000000000000000000000000000000000000000
Glyph 1036 13 0000000000000000000000000000000000000000000000000000000000000000000000000000000000000000000000000000000000000000000000000000000000000000FF00000000000000000000000000000000000FF000000000000000000000000000000000000F00000000000000000000000000000000000000000000000000000000000000000000000FF00000FFF0000000000000000000000000000FF0000FFF00000000000000000000000000000FF0000FF000000000000000000000000000000FF000FF0000000000000000000000000000000FF00FF00000000000000000000000000000000FF0FF000000000000000000000000000000000FFFFF000000000000000000000000000000000FFFFFF00000000000000000000000000000000FF00FF00000000000000000000000000000000FF000FF0000000000000000000000000000000FF0000FF000000000000000000000000000000FF0000FFF00000000000000000000000000000FF00000FF00000000000000000000000000000FF000000FF000000000000000000000000000000000000000000000000000000000000000000000000000000000000000000000000000000000000000000000000000000000000000000000000000000000000000000000000000000000000000000000000000000000
Glyph 1037 14 00000000000000000000000000000000000000000000000000000000000000000000000000000000000000000000000000000000000000000000000000000000000000FF0000000000000000000000000000000000000FF0000000000000000000000000000000000000F0000000000000000000000000000000000000000000000000000000000000000000000FF000000FFF000000000000000000000000000FF000000FFF000000000000000000000000000FF00000FFFF000000000000000000000000000FF0000FF0FF000000000000000000000000000FF0000FF0FF000000000000000000000000000FF000FF00FF000000000000000000000000000FF00FF000FF000000000000000000000000000FF00FF000FF000000000000000000000000000FF0FF0000FF000000000000000000000000000FFFFF0000FF000000000000000000000000000FFFF00000FF000000000000000000000000000FFF000000FF000000000000000000000000000FFF000000FF000000000000000000000000000FF0000000FF00000000000000000000000000000000000000000000000000000000000000000000000000000000000000000000000000000000000000000000000000000000000000000000000000000000000000000000000000000000000000000000000000000000
Glyph 1038 13 000000000000000000000000000000000000000000000000000000000000000000000000000000000000000000000000000000000000000000000000000000000000FF000F000000000000000000000000000000000F00FF000000000000000000000000000000000FFFF000000000000000000000000000000000000000000000000000000000000000000000FF0000000FF000000000000000000000000000FFF00000FF00000000000000000000000000000FF00000FF00000000000000000000000000000FF0000FF0000000000000000000000000000000FF000FF0000000000000000000000000000000FF000FF00000000000000000000000000000000FF0FF000000000000000000000000000000000FF0FF0000000000000000000000000000000000FFF00000000000000000000000000000000000FFF00000000000000000000000000000000000FF000000000000000000000000000000000000FF0000000000000000000000000000000000FFF00000000000000000000000000000000000FF0000000000000000000000000000000000000000000000000000000000000000000000000000000000000000000000000000000000000000000000000000000000000000000000000000000000000000000000000000000000000000000000000000000000000000
Glyph 1039 14 0000000000000000000000000000000000000000000000000000000000000000000000000000000000000000000000000000000000000000000000000000000000000000000000000000000000000000000000000000000000000000000000000000000000000000000000000000000000000000000000000000000000000000000000000000000000000000000FF0000000FF000000000000000000000000000FF0000000FF000000000000000000000000000FF0000000FF000000000000000000000000000FF0000000FF000000000000000000000000000FF0000000FF000000000000000000000000000FF0000000FF000000000000000000000000000FF0000000FF000000000000000000000000000FF0000000FF000000000000000000000000000FF0000000FF000000000000000000000000000FF0000000FF000000000000000000000000000FF0000000FF000000000000000000000000000FF0000000FF000000000000000000000000000FFFFFFFFFFF000000000000000000000000000FFFFFFFFFFF0000000000000000000000000000000FF000000000000000000000000000000000000FF000000000000000000000000000000000000FF000000000000000000000000000000000000FF00000000000000000000000000000000000000000000000000000
Glyph 1041 13 0000000000000000000000000000000000000000000000000000000000000000000000000000000000000000000000000000000000000000000000000000000000000000000000000000000000000000000000000000000000000000000000000000000000000000000000000000000000000000000000000000000000000000000000000000000000000000000FFFFFFFF000000000000000000000000000000FFFFFFFF000000000000000000000000000000F0000000000000000000000000000000000000F0000000000000000000000000000000000000F0000000000000000000000000000000000000FFFFFF00000000000000000000000000000000FFFFFFFF000000000000000000000000000000F000000FF00000000000000000000000000000F0000000FF0000000000000000000000000000F0000000FF0000000000000000000000000000F0000000FF0000000000000000000000000000F000000FF00000000000000000000000000000FFFFFFFFF00000000000000000000000000000FFFFFFF000000000000000000000000000000000000000000000000000000000000000000000000000000000000000000000000000000000000000000000000000000000000000000000000000000000000000000000000000000000000000000000000000000000000
Glyph 1044 15 000000000000000000000000000000000000000000000000000000000000000000000000000000000000000000000000000000000000000000000000000000000000000000000000000000000000000000000000000000000000000000000000000000000000000000000000000000000000000000000000000000000000000000000000000000000000000000000FFFFFFFFF00000000000000000000000000000FFFFFFFFF00000000000000000000000000000FF00000FF00000000000000000000000000000FF00000FF00000000000000000000000000000FF00000FF00000000000000000000000000000FF00000FF00000000000000000000000000000FF00000FF00000000000000000000000000000FF00000FF0000000000000000000000000000FF000000FF0000000000000000000000000000FF000000FF0000000000000000000000000000FF000000FF000000000000000000000000000FF0000000FF00000000000000000000000000FFFFFFFFFFFFF0000000000000000000000000FFFFFFFFFFFFF0000000000000000000000000F00000000000F0000000000000000000000000F00000000000F0000000000000000000000000F00000000000F0000000000000000000000000F00000000000F00000000000000000000000000000000000000000000000
Glyph 1046 18 000000000000000000000000000000000000000000000000000000000000000000000000000000000000000000000000000000000000000000000000000000000000000000000000000000000000000000000000000000000000000000000000000000000000000000000000000000000000000000000000000000000000000000000000000000000000000000FF00000FF00000FF00000000000000000000000FF0000FF0000FFF00000000000000000000000FFF000FF0000FF0000000000000000000000000FF000FF000FF000000000000000000000000000FF00FF00FF00000000000000000000000000000FFFFFFFFF00000000000000000000000000000FFFFFFFFF0000000000000000000000000000FF00FF00FF0000000000000000000000000000FF00FF00FFF00000000000000000000000000FF000FF000FF0000000000000000000000000FFF000FF0000FF000000000000000000000000FF0000FF0000FFF0000000000000000000000FF00000FF00000FF0000000000000000000000FF00000FF00000FFF000000000000000000000000000000000000000000000000000000000000000000000000000000000000000000000000000000000000000000000000000000000000000000000000000000000000000000000000000000000000000000000000000
Glyph 1047 12 00000000000000000000000000000000000000000000000000000000000000000000000000000000000000000000000000000000000000000000000000000000000000000000000000000000000000000000000000000000000000000000000000000000000000000000000000000000000000000000000000000000000000000000000000000000000000000000FFFFFF0000000000000000000000000000000FFFFFFFF00000000000000000000000000000FF00000FFF0000000000000000000000000000FF000000FF000000000000000000000000000000000000FF000000000000000000000000000000000000F00000000000000000000000000000000FFFFFF00000000000000000000000000000000FFFFF0000000000000000000000000000000000000FFF000000000000000000000000000000000000FF0000000000000000000000000000FF000000FF0000000000000000000000000000FF000000FF00000000000000000000000000000FFFFFFFF0000000000000000000000000000000FFFFFF000000000000000000000000000000000000000000000000000000000000000000000000000000000000000000000000000000000000000000000000000000000000000000000000000000000000000000000000000000000000000000000000000000000000
Glyph 1048 14 0000000000000000000000000000000000000000000000000000000000000000000000000000000000000000000000000000000000000000000000000000000000000000000000000000000000000000000000000000000000000000000000000000000000000000000000000000000000000000000000000000000000000000000000000000000000000000000FF000000FFF000000000000000000000000000FF000000FFF000000000000000000000000000FF00000FFFF000000000000000000000000000FF0000FF0FF000000000000000000000000000FF0000FF0FF000000000000000000000000000FF000FF00FF000000000000000000000000000FF00FF000FF000000000000000000000000000FF00FF000FF000000000000000000000000000FF0FF0000FF000000000000000000000000000FFFFF0000FF000000000000000000000000000FFFF00000FF000000000000000000000000000FFF000000FF000000000000000000000000000FFF000000FF000000000000000000000000000FF0000000FF00000000000000000000000000000000000000000000000000000000000000000000000000000000000000000000000000000000000000000000000000000000000000000000000000000000000000000000000000000000000000000000000000000000
Glyph 1049 14 0000000000000000000000000000000000000000000000000000000000000000000000000000000000000000000000000000000000000000000000000000000000000FF000F000000000000000000000000000000000F00FF000000000000000000000000000000000FFFF000000000000000000000000000000000000000000000000000000000000000000000FF000000FFF000000000000000000000000000FF000000FFF000000000000000000000000000FF00000FFFF000000000000000000000000000FF0000FF0FF000000000000000000000000000FF0000FF0FF000000000000000000000000000FF000FF00FF000000000000000000000000000FF00FF000FF000000000000000000000000000FF00FF000FF000000000000000000000000000FF0FF0000FF000000000000000000000000000FFFFF0000FF000000000000000000000000000FFFF00000FF000000000000000000000000000FFF000000FF000000000000000000000000000FFF000000FF000000000000000000000000000FF0000000FF00000000000000000000000000000000000000000000000000000000000000000000000000000000000000000000000000000000000000000000000000000000000000000000000000000000000000000000000000000000000000000000000000000000
Glyph 1050 13 0000000000000000000000000000000000000000000000000000000000000000000000000000000000000000000000000000000000000000000000000000000000000000000000000000000000000000000000000000000000000000000000000000000000000000000000000000000000000000000000000000000000000000000000000000000000000000000FF000000FF0000000000000000000000000000FF00000FF00000000000000000000000000000FF0000FF000000000000000000000000000000FF000FFF000000000000000000000000000000FF000FF0000000000000000000000000000000FF00FF00000000000000000000000000000000FFFFF000000000000000000000000000000000FFFFF000000000000000000000000000000000FF00FF00000000000000000000000000000000FF000FF0000000000000000000000000000000FF000FFF000000000000000000000000000000FF0000FFF00000000000000000000000000000FF00000FFF0000000000000000000000000000FF000000FF000000000000000000000000000000000000000000000000000000000000000000000000000000000000000000000000000000000000000000000000000000000000000000000000000000000000000000000000000000000000000000000000000000000
Glyph 1051 14 000000000000000000000000000000000000000000000000000000000000000000000000000000000000000000000000000000000000000000000000000000000000000000000000000000000000000000000000000000000000000000000000000000000000000000000000000000000000000000000000000000000000000000000000000000000000000000000FFFFFFFF000000000000000000000000000000FFFFFFFF000000000000000000000000000000F000000F00000000000000000000000000000FF000000F00000000000000000000000000000FF000000F00000000000000000000000000000FF000000F00000000000000000000000000000FF000000F00000000000000000000000000000FF000000F00000000000000000000000000000FF000000F00000000000000000000000000000FF000000F00000000000000000000000000000FF000000F00000000000000000000000000000FF000000F00000000000000000000000000FFFF0000000F00000000000000000000000000FFF00000000F000000000000000000000000000000000000000000000000000000000000000000000000000000000000000000000000000000000000000000000000000000000000000000000000000000000000000000000000000000000000000000000000000000000
Glyph 1059 13 000000000000000000000000000000000000000000000000000000000000000000000000000000000000000000000000000000000000000000000000000000000000000000000000000000000000000000000000000000000000000000000000000000000000000000000000000000000000000000000000000000000000000000000000000000000000000000FF0000000FF000000000000000000000000000FFF00000FF00000000000000000000000000000FF00000FF00000000000000000000000000000FF0000FF0000000000000000000000000000000FF000FF0000000000000000000000000000000FF000FF00000000000000000000000000000000FF0FF000000000000000000000000000000000FF0FF0000000000000000000000000000000000FFF00000000000000000000000000000000000FFF00000000000000000000000000000000000FF000000000000000000000000000000000000FF0000000000000000000000000000000000FFF00000000000000000000000000000000000FF0000000000000000000000000000000000000000000000000000000000000000000000000000000000000000000000000000000000000000000000000000000000000000000000000000000000000000000000000000000000000000000000000000000000000000
Glyph 1060 15 000000000000000000000000000000000000000000000000000000000000000000000000000000000000000000000000000000000000000000000000000000000000000000000000000000000000000000000000000000000000000000000000000000000000000000000000000000000000000000000000000000000000000000000000000000000000000000000000FF000000000000000000000000000000000000FF000000000000000000000000000000000FFFFFFF000000000000000000000000000000FFF0FFFFFF000000000000000000000000000FF000FF000FF0000000000000000000000000FF0000FF0000F0000000000000000000000000FF0000FF0000FF000000000000000000000000FF0000FF0000FF000000000000000000000000FF0000FF0000FF000000000000000000000000FF0000FF0000F00000000000000000000000000FF000FF000FF000000000000000000000000000FFF0FF0FFF00000000000000000000000000000FFFFFFF0000000000000000000000000000000000FF000000000000000000000000000000000000FF0000000000000000000000000000000000000000000000000000000000000000000000000000000000000000000000000000000000000000000000000000000000000000000000000000000000000000000000
Glyph 1062 15 0000000000000000000000000000000000000000000000000000000000000000000000000000000000000000000000000000000000000000000000000000000000000000000000000000000000000000000000000000000000000000000000000000000000000000000000000000000000000000000000000000000000000000000000000000000000000000000FF0000000F0000000000000000000000000000FF0000000F0000000000000000000000000000FF0000000F0000000000000000000000000000FF0000000F0000000000000000000000000000FF0000000F0000000000000000000000000000FF0000000F0000000000000000000000000000FF0000000F0000000000000000000000000000FF0000000F0000000000000000000000000000FF0000000F0000000000000000000000000000FF0000000F0000000000000000000000000000FF0000000F0000000000000000000000000000FF0000000F0000000000000000000000000000FFFFFFFFFFFF00000000000000000000000000FFFFFFFFFFFF000000000000000000000000000000000000FF000000000000000000000000000000000000FF000000000000000000000000000000000000FF0000000000000000000000000000000000000000000000000000000000000000000000000000000000000
Glyph 1063 14 000000000000000000000000000000000000000000000000000000000000000000000000000000000000000000000000000000000000000000000000000000000000000000000000000000000000000000000000000000000000000000000000000000000000000000000000000000000000000000000000000000000000000000000000000000000000000000FF0000000FF000000000000000000000000000FF0000000FF000000000000000000000000000FF0000000FF000000000000000000000000000FF0000000FF000000000000000000000000000FF0000000FF0000000000000000000000000000F0000000FF0000000000000000000000000000FF000000FF0000000000000000000000000000FFFFFFFFFF000000000000000000000000000000FFFFFFFF000000000000000000000000000000000000FF000000000000000000000000000000000000FF000000000000000000000000000000000000FF000000000000000000000000000000000000FF000000000000000000000000000000000000FF000000000000000000000000000000000000000000000000000000000000000000000000000000000000000000000000000000000000000000000000000000000000000000000000000000000000000000000000000000000000000000000000000000000
Glyph 1064 19 0000000000000000000000000000000000000000000000000000000000000000000000000000000000000000000000000000000000000000000000000000000000000000000000000000000000000000000000000000000000000000000000000000000000000000000000000000000000000000000000000000000000000000000000000000000000000000000FF0000FF00000FF00000000000000000000000FF0000FF00000FF00000000000000000000000FF0000FF00000FF00000000000000000000000FF0000FF00000FF00000000000000000000000FF0000FF00000FF00000000000000000000000FF0000FF00000FF00000000000000000000000FF0000FF00000FF00000000000000000000000FF0000FF00000FF00000000000000000000000FF0000FF00000FF00000000000000000000000FF0000FF00000FF00000000000000000000000FF0000FF00000FF00000000000000000000000FF0000FF00000FF00000000000000000000000FFFFFFFFFFFFFFF00000000000000000000000FFFFFFFFFFFFFFF0000000000000000000000000000000000000000000000000000000000000000000000000000000000000000000000000000000000000000000000000000000000000000000000000000000000000000000000000000000000000000000000000000
Glyph 1065 19 0000000000000000000000000000000000000000000000000000000000000000000000000000000000000000000000000000000000000000000000000000000000000000000000000000000000000000000000000000000000000000000000000000000000000000000000000000000000000000000000000000000000000000000000000000000000000000000FF0000FF00000FF00000000000000000000000FF0000FF00000FF00000000000000000000000FF0000FF00000FF00000000000000000000000FF0000FF00000FF00000000000000000000000FF0000FF00000FF00000000000000000000000FF0000FF00000FF00000000000000000000000FF0000FF00000FF00000000000000000000000FF0000FF00000FF00000000000000000000000FF0000FF00000FF00000000000000000000000FF0000FF00000FF00000000000000000000000FF0000FF00000FF00000000000000000000000FF0000FF00000FF00000000000000000000000FFFFFFFFFFFFFFF00000000000000000000000FFFFFFFFFFFFFFFFF000000000000000000000000000000000000F0000000000000000000000000000000000000F0000000000000000000000000000000000000F000000000000000000000000000000000000000000000000000000000000000000000000000000000
Glyph 1066 15 00000000000000000000000000000000000000000000000000000000000000000000000000000000000000000000000000000000000000000000000000000000000000000000000000000000000000000000000000000000000000000000000000000000000000000000000000000000000000000000000000000000000000000000000000000000000000000FFFFFF000000000000000000000000000000000000FF000000000000000000000000000000000000FF000000000000000000000000000000000000FF000000000000000000000000000000000000FF000000000000000000000000000000000000FFFFFF00000000000000000000000000000000FFFFFFFFF00000000000000000000000000000FF00000FFF0000000000000000000000000000FF000000FF0000000000000000000000000000FF000000FF0000000000000000000000000000FF000000FF0000000000000000000000000000FF000000FF0000000000000000000000000000FFFFFFFFF00000000000000000000000000000FFFFFFFF000000000000000000000000000000000000000000000000000000000000000000000000000000000000000000000000000000000000000000000000000000000000000000000000000000000000000000000000000000000000000000000000000000000
Glyph 1067 17 0000000000000000000000000000000000000000000000000000000000000000000000000000000000000000000000000000000000000000000000000000000000000000000000000000000000000000000000000000000000000000000000000000000000000000000000000000000000000000000000000000000000000000000000000000000000000000000FF0000000000F0000000000000000000000000FF0000000000F0000000000000000000000000FF0000000000F0000000000000000000000000FF0000000000F0000000000000000000000000FF0000000000F0000000000000000000000000FFFFFF000000F0000000000000000000000000FFFFFFFF0000F0000000000000000000000000FF00000FF000F0000000000000000000000000FF000000FF00F0000000000000000000000000FF000000FF00F0000000000000000000000000FF000000FF00F0000000000000000000000000FF00000FFF00F0000000000000000000000000FFFFFFFFF000F0000000000000000000000000FFFFFFFF0000F000000000000000000000000000000000000000000000000000000000000000000000000000000000000000000000000000000000000000000000000000000000000000000000000000000000000000000000000000000000000000000000000000000
Glyph 1068 13 0000000000000000000000000000000000000000000000000000000000000000000000000000000000000000000000000000000000000000000000000000000000000000000000000000000000000000000000000000000000000000000000000000000000000000000000000000000000000000000000000000000000000000000000000000000000000000000F0000000000000000000000000000000000000F0000000000000000000000000000000000000F0000000000000000000000000000000000000F0000000000000000000000000000000000000F0000000000000000000000000000000000000FFFFFF00000000000000000000000000000000FFFFFFFF000000000000000000000000000000F000000FF00000000000000000000000000000F0000000FF0000000000000000000000000000F0000000FF0000000000000000000000000000F0000000FF0000000000000000000000000000F000000FF00000000000000000000000000000FFFFFFFFF00000000000000000000000000000FFFFFFF000000000000000000000000000000000000000000000000000000000000000000000000000000000000000000000000000000000000000000000000000000000000000000000000000000000000000000000000000000000000000000000000000000000000
Glyph 1069 13 000000000000000000000000000000000000000000000000000000000000000000000000000000000000000000000000000000000000000000000000000000000000000000000000000000000000000000000000000000000000000000000000000000000000000000000000000000000000000000000000000000000000000000000000000000000000000000000FFFFF00000000000000000000000000000000FFFFFFFF00000000000000000000000000000FF00000FF00000000000000000000000000000FF000000FF0000000000000000000000000000F0000000FF000000000000000000000000000000000000FF0000000000000000000000000000000FFFFFFF0000000000000000000000000000000FFFFFFF000000000000000000000000000000000000FF0000000000000000000000000000F0000000FF0000000000000000000000000000FF000000FF0000000000000000000000000000FF00000FF000000000000000000000000000000FFFFFFFF0000000000000000000000000000000FFFFF000000000000000000000000000000000000000000000000000000000000000000000000000000000000000000000000000000000000000000000000000000000000000000000000000000000000000000000000000000000000000000000000000000000000
Glyph 1070 18 0000000000000000000000000000000000000000000000000000000000000000000000000000000000000000000000000000000000000000000000000000000000000000000000000000000000000000000000000000000000000000000000000000000000000000000000000000000000000000000000000000000000000000000000000000000000000000000FF00000FFFFF00000000000000000000000000FF0000FFFFFFF0000000000000000000000000FF000FF00000FF000000000000000000000000FF00FF0000000FF00000000000000000000000FF00FF0000000FF00000000000000000000000FF00FF0000000FF00000000000000000000000FF00FF0000000FF00000000000000000000000FFFFFF0000000FF00000000000000000000000FF00FF0000000FF00000000000000000000000FF00FF0000000FF00000000000000000000000FF00FF0000000FF00000000000000000000000FF000FF00000FF000000000000000000000000FF0000FFFFFFF0000000000000000000000000FF00000FFFFF0000000000000000000000000000000000000000000000000000000000000000000000000000000000000000000000000000000000000000000000000000000000000000000000000000000000000000000000000000000000000000000000000000000
Glyph 1071 13 000000000000000000000000000000000000000000000000000000000000000000000000000000000000000000000000000000000000000000000000000000000000000000000000000000000000000000000000000000000000000000000000000000000000000000000000000000000000000000000000000000000000000000000000000000000000000000000FFFFFFF00000000000000000000000000000FFFFFFFFF00000000000000000000000000000FF00000FF0000000000000000000000000000FF000000FF0000000000000000000000000000FF000000FF00000000000000000000000000000F000000FF00000000000000000000000000000FF00000FF000000000000000000000000000000FFFFFFFF0000000000000000000000000000000FFFFFFF0000000000000000000000000000000F0000FF000000000000000000000000000000FF0000FF00000000000000000000000000000FF00000FF00000000000000000000000000000FF00000FF0000000000000000000000000000FF000000FF0000000000000000000000000000000000000000000000000000000000000000000000000000000000000000000000000000000000000000000000000000000000000000000000000000000000000000000000000000000000000000000000000000000000
Glyph 1073 11 00000000000000000000000000000000000000000000000000000000000000000000000000000000000000000000000000000000000000000000000000000000000000000000000000000000000000000000000000000000000000000000000000000000000000000000000000000000000000000000000000000000000FF0000000000000000000000000000000000FFF000000000000000000000000000000000FFFF000000000000000000000000000000000FF00000000000000000000000000000000000FF00000000000000000000000000000000000FF0FFFF0000000000000000000000000000000FFFF0FFF000000000000000000000000000000FF00000FF00000000000000000000000000000FF00000FF00000000000000000000000000000FF000000F00000000000000000000000000000FF000000F00000000000000000000000000000FF00000FF000000000000000000000000000000FF0000FF000000000000000000000000000000FFF0FFF00000000000000000000000000000000FFFFF0000000000000000000000000000000000000000000000000000000000000000000000000000000000000000000000000000000000000000000000000000000000000000000000000000000000000000000000000000000000000000000000000000000000000
Glyph 1074 11 0000000000000000000000000000000000000000000000000000000000000000000000000000000000000000000000000000000000000000000000000000000000000000000000000000000000000000000000000000000000000000000000000000000000000000000000000000000000000000000000000000000000000000000000000000000000000000000000000000000000000000000000000000000000000000000000000000000000000000000000000000000000000000000000000000000000000FFFFFF00000000000000000000000000000000F000FFFF000000000000000000000000000000F00000FF000000000000000000000000000000F00000FF000000000000000000000000000000F0000FF0000000000000000000000000000000FFFFFFF0000000000000000000000000000000F00000FF000000000000000000000000000000F000000F000000000000000000000000000000F00000FF000000000000000000000000000000F0000FFF000000000000000000000000000000FFFFFFF000000000000000000000000000000000000000000000000000000000000000000000000000000000000000000000000000000000000000000000000000000000000000000000000000000000000000000000000000000000000000000000000000000000000
Glyph 1075 8 0000000000000000000000000000000000000000000000000000000000000000000000000000000000000000000000000000000000000000000000000000000000000000000000000000000000000000000000000000000000000000000000000000000000000000000000000000000000000000000000000000000000000000000000000000000000000000000000000000000000000000000000000000000000000000000000000000000000000000000000000000000000000000000000000000000000000FFFFFF00000000000000000000000000000000F0000000000000000000000000000000000000F0000000000000000000000000000000000000F0000000000000000000000000000000000000F0000000000000000000000000000000000000F0000000000000000000000000000000000000F0000000000000000000000000000000000000F0000000000000000000000000000000000000F0000000000000000000000000000000000000F0000000000000000000000000000000000000F000000000000000000000000000000000000000000000000000000000000000000000000000000000000000000000000000000000000000000000000000000000000000000000000000000000000000000000000000000000000000000000000000000000000000000
Glyph 1076 12 00000000000000000000000000000000000000000000000000000000000000000000000000000000000000000000000000000000000000000000000000000000000000000000000000000000000000000000000000000000000000000000000000000000000000000000000000000000000000000000000000000000000000000000000000000000000000000000000000000000000000000000000000000000000000000000000000000000000000000000000000000000000000000000000000000000000000FFFFFFF0000000000000000000000000000000FFFFFFF0000000000000000000000000000000FF000FF0000000000000000000000000000000FF000FF0000000000000000000000000000000FF000FF0000000000000000000000000000000FF000FF0000000000000000000000000000000FF000FF0000000000000000000000000000000F0000FF000000000000000000000000000000FF0000FF00000000000000000000000000000FF00000FF0000000000000000000000000000FFFFFFFFFFF000000000000000000000000000FF00000000F000000000000000000000000000FF00000000F000000000000000000000000000FF00000000F0000000000000000000000000000000000000000000000000000000000000000000000000000000000000000
Glyph 1078 15 000000000000000000000000000000000000000000000000000000000000000000000000000000000000000000000000000000000000000000000000000000000000000000000000000000000000000000000000000000000000000000000000000000000000000000000000000000000000000000000000000000000000000000000000000000000000000000000000000000000000000000000000000000000000000000000000000000000000000000000000000000000000000000000000000000000000FF0000FF000FF00000000000000000000000000FF000FF000FF00000000000000000000000000FF000FF00FF0000000000000000000000000000FF00FF0FF000000000000000000000000000000FFFFFFFF000000000000000000000000000000FFFFFFF000000000000000000000000000000FF00FF0FF0000000000000000000000000000FFF00FF00FF000000000000000000000000000FF000FF00FF00000000000000000000000000FF0000FF000FF0000000000000000000000000FF0000FF000FFF000000000000000000000000000000000000000000000000000000000000000000000000000000000000000000000000000000000000000000000000000000000000000000000000000000000000000000000000000000000000000000000000000000
Glyph 1079 10 00000000000000000000000000000000000000000000000000000000000000000000000000000000000000000000000000000000000000000000000000000000000000000000000000000000000000000000000000000000000000000000000000000000000000000000000000000000000000000000000000000000000000000000000000000000000000000000000000000000000000000000000000000000000000000000000000000000000000000000000000000000000000000000000000000000000000FFFFF00000000000000000000000000000000FFF0FFF000000000000000000000000000000FF0000FF000000000000000000000000000000000000FF00000000000000000000000000000000FFFFF000000000000000000000000000000000FFFFF0000000000000000000000000000000000000FF000000000000000000000000000000000000FF000000000000000000000000000000FF0000FF000000000000000000000000000000FFFF0FFF00000000000000000000000000000000FFFF00000000000000000000000000000000000000000000000000000000000000000000000000000000000000000000000000000000000000000000000000000000000000000000000000000000000000000000000000000000000000000000000000000000000000
Glyph 1080 12 0000000000000000000000000000000000000000000000000000000000000000000000000000000000000000000000000000000000000000000000000000000000000000000000000000000000000000000000000000000000000000000000000000000000000000000000000000000000000000000000000000000000000000000000000000000000000000000000000000000000000000000000000000000000000000000000000000000000000000000000000000000000000000000000000000000000000F00000FF000000000000000000000000000000F0000FFF000000000000000000000000000000F0000FFF000000000000000000000000000000F000FFFF000000000000000000000000000000F00FF0FF000000000000000000000000000000F00FF0FF000000000000000000000000000000F0FF00FF000000000000000000000000000000F0F000FF000000000000000000000000000000FFF000FF000000000000000000000000000000FF0000FF000000000000000000000000000000FF0000FF00000000000000000000000000000000000000000000000000000000000000000000000000000000000000000000000000000000000000000000000000000000000000000000000000000000000000000000000000000000000000000000000000000000000
Glyph 1081 12 000000000000000000000000000000000000000000000000000000000000000000000000000000000000000000000000000000000000000000000000000000000000000000000000000000000000000000000000000000000000000000000000000000000000000000000000000000000000000000000000000000FF000F000000000000000000000000000000000F00FF000000000000000000000000000000000FFFF0000000000000000000000000000000000000000000000000000000000000000000000F00000FF000000000000000000000000000000F0000FFF000000000000000000000000000000F0000FFF000000000000000000000000000000F000FFFF000000000000000000000000000000F00FF0FF000000000000000000000000000000F00FF0FF000000000000000000000000000000F0FF00FF000000000000000000000000000000F0F000FF000000000000000000000000000000FFF000FF000000000000000000000000000000FF0000FF000000000000000000000000000000FF0000FF00000000000000000000000000000000000000000000000000000000000000000000000000000000000000000000000000000000000000000000000000000000000000000000000000000000000000000000000000000000000000000000000000000000000
Glyph 1082 11 0000000000000000000000000000000000000000000000000000000000000000000000000000000000000000000000000000000000000000000000000000000000000000000000000000000000000000000000000000000000000000000000000000000000000000000000000000000000000000000000000000000000000000000000000000000000000000000000000000000000000000000000000000000000000000000000000000000000000000000000000000000000000000000000000000000000000F00000FF000000000000000000000000000000F0000FF0000000000000000000000000000000F000FF00000000000000000000000000000000F00FF000000000000000000000000000000000FFFFF000000000000000000000000000000000FFFF0000000000000000000000000000000000F00FF000000000000000000000000000000000F000FF00000000000000000000000000000000F000FFF0000000000000000000000000000000F0000FF0000000000000000000000000000000F00000FF00000000000000000000000000000000000000000000000000000000000000000000000000000000000000000000000000000000000000000000000000000000000000000000000000000000000000000000000000000000000000000000000000000000000
Glyph 1083 12 00000000000000000000000000000000000000000000000000000000000000000000000000000000000000000000000000000000000000000000000000000000000000000000000000000000000000000000000000000000000000000000000000000000000000000000000000000000000000000000000000000000000000000000000000000000000000000000000000000000000000000000000000000000000000000000000000000000000000000000000000000000000000000000000000000000000000FFFFFFF0000000000000000000000000000000FF000FF0000000000000000000000000000000FF000FF0000000000000000000000000000000FF000FF0000000000000000000000000000000F0000FF0000000000000000000000000000000F0000FF0000000000000000000000000000000F0000FF000000000000000000000000000000FF0000FF000000000000000000000000000000FF0000FF0000000000000000000000000000FFFF0000FF0000000000000000000000000000FFF00000FF00000000000000000000000000000000000000000000000000000000000000000000000000000000000000000000000000000000000000000000000000000000000000000000000000000000000000000000000000000000000000000000000000000000000
Glyph 1084 15 0000000000000000000000000000000000000000000000000000000000000000000000000000000000000000000000000000000000000000000000000000000000000000000000000000000000000000000000000000000000000000000000000000000000000000000000000000000000000000000000000000000000000000000000000000000000000000000000000000000000000000000000000000000000000000000000000000000000000000000000000000000000000000000000000000000000000FF0000000FF000000000000000000000000000FFF00000FFF000000000000000000000000000FFF00000FFF000000000000000000000000000F0F00000FFF000000000000000000000000000F0FF000FFFF000000000000000000000000000F0FF000F0FF000000000000000000000000000F00FF0FF0FF000000000000000000000000000F00FF0FF0FF000000000000000000000000000F000FFF00FF000000000000000000000000000F000FFF00FF000000000000000000000000000F0000F000FF00000000000000000000000000000000000000000000000000000000000000000000000000000000000000000000000000000000000000000000000000000000000000000000000000000000000000000000000000000000000000000000000000000000
Glyph 1085 12 0000000000000000000000000000000000000000000000000000000000000000000000000000000000000000000000000000000000000000000000000000000000000000000000000000000000000000000000000000000000000000000000000000000000000000000000000000000000000000000000000000000000000000000000000000000000000000000000000000000000000000000000000000000000000000000000000000000000000000000000000000000000000000000000000000000000000F00000FF000000000000000000000000000000F00000FF000000000000000000000000000000F00000FF000000000000000000000000000000F00000FF000000000000000000000000000000F00000FF000000000000000000000000000000FFFFFFFF000000000000000000000000000000F00000FF000000000000000000000000000000F00000FF000000000000000000000000000000F00000FF000000000000000000000000000000F00000FF000000000000000000000000000000F00000FF00000000000000000000000000000000000000000000000000000000000000000000000000000000000000000000000000000000000000000000000000000000000000000000000000000000000000000000000000000000000000000000000000000000000
Glyph 1087 12 0000000000000000000000000000000000000000000000000000000000000000000000000000000000000000000000000000000000000000000000000000000000000000000000000000000000000000000000000000000000000000000000000000000000000000000000000000000000000000000000000000000000000000000000000000000000000000000000000000000000000000000000000000000000000000000000000000000000000000000000000000000000000000000000000000000000000FFFFFFFF000000000000000000000000000000F00000FF000000000000000000000000000000F00000FF000000000000000000000000000000F00000FF000000000000000000000000000000F00000FF000000000000000000000000000000F00000FF000000000000000000000000000000F00000FF000000000000000000000000000000F00000FF000000000000000000000000000000F00000FF000000000000000000000000000000F00000FF000000000000000000000000000000F00000FF00000000000000000000000000000000000000000000000000000000000000000000000000000000000000000000000000000000000000000000000000000000000000000000000000000000000000000000000000000000000000000000000000000000000
Glyph 1089 10 00000000000000000000000000000000000000000000000000000000000000000000000000000000000000000000000000000000000000000000000000000000000000000000000000000000000000000000000000000000000000000000000000000000000000000000000000000000000000000000000000000000000000000000000000000000000000000000000000000000000000000000000000000000000000000000000000000000000000000000000000000000000000000000000000000000000000FFFFF00000000000000000000000000000000FFF0FFF000000000000000000000000000000FF00000FF00000000000000000000000000000FF00000FF00000000000000000000000000000FF000000000000000000000000000000000000FF000000000000000000000000000000000000FF000000000000000000000000000000000000FF00000FF00000000000000000000000000000FF00000FF000000000000000000000000000000FFFFFFF00000000000000000000000000000000FFFFF0000000000000000000000000000000000000000000000000000000000000000000000000000000000000000000000000000000000000000000000000000000000000000000000000000000000000000000000000000000000000000000000000000000000000
Glyph 1090 10 00000000000000000000000000000000000000000000000000000000000000000000000000000000000000000000000000000000000000000000000000000000000000000000000000000000000000000000000000000000000000000000000000000000000000000000000000000000000000000000000000000000000000000000000000000000000000000000000000000000000000000000000000000000000000000000000000000000000000000000000000000000000000000000000000000000000FFFFFFFFF000000000000000000000000000000000FF000000000000000000000000000000000000FF000000000000000000000000000000000000FF000000000000000000000000000000000000FF000000000000000000000000000000000000FF000000000000000000000000000000000000FF000000000000000000000000000000000000FF000000000000000000000000000000000000FF000000000000000000000000000000000000FF000000000000000000000000000000000000FF000000000000000000000000000000000000000000000000000000000000000000000000000000000000000000000000000000000000000000000000000000000000000000000000000000000000000000000000000000000000000000000000000000000000000
Glyph 1092 15 000000000000000000000000000000000000000000000000000000000000000000000000000000000000000000000000000000000000000000000000000000000000000000000000000000000000000000000000000000000000000000000000000000000000000000000000000000000000000000000000000000000FF000000000000000000000000000000000000FF000000000000000000000000000000000000FF000000000000000000000000000000000000FF000000000000000000000000000000000FFFFFFFFF0000000000000000000000000000FFF0FFFFFFF00000000000000000000000000FF000FF000FF00000000000000000000000000FF000FF000FF00000000000000000000000000FF000FF0000F00000000000000000000000000FF000FF0000FF0000000000000000000000000FF000FF0000FF0000000000000000000000000FF000FF0000F00000000000000000000000000FF000FF000FF000000000000000000000000000FFF0FFFFFFF0000000000000000000000000000FFFFFFFFF00000000000000000000000000000000FF000000000000000000000000000000000000FF000000000000000000000000000000000000FF000000000000000000000000000000000000FF00000000000000000000000000000000000000000000000000000
Glyph 1094 12 0000000000000000000000000000000000000000000000000000000000000000000000000000000000000000000000000000000000000000000000000000000000000000000000000000000000000000000000000000000000000000000000000000000000000000000000000000000000000000000000000000000000000000000000000000000000000000000000000000000000000000000000000000000000000000000000000000000000000000000000000000000000000000000000000000000000000F00000FF000000000000000000000000000000F00000FF000000000000000000000000000000F00000FF000000000000000000000000000000F00000FF000000000000000000000000000000F00000FF000000000000000000000000000000F00000FF000000000000000000000000000000F00000FF000000000000000000000000000000F00000FF000000000000000000000000000000F00000FF000000000000000000000000000000F00000FF000000000000000000000000000000FFFFFFFFF000000000000000000000000000000000000FF000000000000000000000000000000000000FF000000000000000000000000000000000000FF0000000000000000000000000000000000000000000000000000000000000000000000000000000000000000
Glyph 1095 11 000000000000000000000000000000000000000000000000000000000000000000000000000000000000000000000000000000000000000000000000000000000000000000000000000000000000000000000000000000000000000000000000000000000000000000000000000000000000000000000000000000000000000000000000000000000000000000000000000000000000000000000000000000000000000000000000000000000000000000000000000000000000000000000000000000000000FF00000F000000000000000000000000000000FF00000F000000000000000000000000000000FF00000F000000000000000000000000000000FF00000F000000000000000000000000000000FF00000F0000000000000000000000000000000FFFFFFF00000000000000000000000000000000FFFFFF0000000000000000000000000000000000000F0000000000000000000000000000000000000F0000000000000000000000000000000000000F0000000000000000000000000000000000000F000000000000000000000000000000000000000000000000000000000000000000000000000000000000000000000000000000000000000000000000000000000000000000000000000000000000000000000000000000000000000000000000000000000000
Glyph 1096 16 0000000000000000000000000000000000000000000000000000000000000000000000000000000000000000000000000000000000000000000000000000000000000000000000000000000000000000000000000000000000000000000000000000000000000000000000000000000000000000000000000000000000000000000000000000000000000000000000000000000000000000000000000000000000000000000000000000000000000000000000000000000000000000000000000000000000000F0000FF0000FF0000000000000000000000000F0000FF0000FF0000000000000000000000000F0000FF0000FF0000000000000000000000000F0000FF0000FF0000000000000000000000000F0000FF0000FF0000000000000000000000000F0000FF0000FF0000000000000000000000000F0000FF0000FF0000000000000000000000000F0000FF0000FF0000000000000000000000000F0000FF0000FF0000000000000000000000000F0000FF0000FF0000000000000000000000000FFFFFFFFFFFFF000000000000000000000000000000000000000000000000000000000000000000000000000000000000000000000000000000000000000000000000000000000000000000000000000000000000000000000000000000000000000000000000000000
Glyph 1097 17 000000000000000000000000000000000000000000000000000000000000000000000000000000000000000000000000000000000000000000000000000000000000000000000000000000000000000000000000000000000000000000000000000000000000000000000000000000000000000000000000000000000000000000000000000000000000000000000000000000000000000000000000000000000000000000000000000000000000000000000000000000000000000000000000000000000000FF0000FF0000FF000000000000000000000000FF0000FF0000FF000000000000000000000000FF0000FF0000FF000000000000000000000000FF0000FF0000FF000000000000000000000000FF0000FF0000FF000000000000000000000000FF0000FF0000FF000000000000000000000000FF0000FF0000FF000000000000000000000000FF0000FF0000FF000000000000000000000000FF0000FF0000FF000000000000000000000000FF0000FF0000FF000000000000000000000000FFFFFFFFFFFFFFF000000000000000000000000000000000000FF000000000000000000000000000000000000FF000000000000000000000000000000000000FF00000000000000000000000000000000000000000000000000000000000000000000000000000000000
Glyph 1098 12 00000000000000000000000000000000000000000000000000000000000000000000000000000000000000000000000000000000000000000000000000000000000000000000000000000000000000000000000000000000000000000000000000000000000000000000000000000000000000000000000000000000000000000000000000000000000000000000000000000000000000000000000000000000000000000000000000000000000000000000000000000000000000000000000000000000000FFFFF000000000000000000000000000000000000FF000000000000000000000000000000000000FF000000000000000000000000000000000000FF000000000000000000000000000000000000FFFFFFF0000000000000000000000000000000FF000FFF000000000000000000000000000000FF00000FF00000000000000000000000000000FF00000FF00000000000000000000000000000FF00000FF00000000000000000000000000000FF000FFF000000000000000000000000000000FFFFFFF00000000000000000000000000000000000000000000000000000000000000000000000000000000000000000000000000000000000000000000000000000000000000000000000000000000000000000000000000000000000000000000000000000000000
Glyph 1099 16 0000000000000000000000000000000000000000000000000000000000000000000000000000000000000000000000000000000000000000000000000000000000000000000000000000000000000000000000000000000000000000000000000000000000000000000000000000000000000000000000000000000000000000000000000000000000000000000000000000000000000000000000000000000000000000000000000000000000000000000000000000000000000000000000000000000000000F000000000FF00000000000000000000000000F000000000FF00000000000000000000000000F000000000FF00000000000000000000000000F000000000FF00000000000000000000000000FFFFFF0000FF00000000000000000000000000F000FFF000FF00000000000000000000000000F00000FF00FF00000000000000000000000000F00000FF00FF00000000000000000000000000F00000FF00FF00000000000000000000000000F000FFF000FF00000000000000000000000000FFFFFF0000FF0000000000000000000000000000000000000000000000000000000000000000000000000000000000000000000000000000000000000000000000000000000000000000000000000000000000000000000000000000000000000000000000000000000
Glyph 1100 11 0000000000000000000000000000000000000000000000000000000000000000000000000000000000000000000000000000000000000000000000000000000000000000000000000000000000000000000000000000000000000000000000000000000000000000000000000000000000000000000000000000000000000000000000000000000000000000000000000000000000000000000000000000000000000000000000000000000000000000000000000000000000000000000000000000000000000F0000000000000000000000000000000000000F0000000000000000000000000000000000000F0000000000000000000000000000000000000F0000000000000000000000000000000000000FFFFFF00000000000000000000000000000000F000FFF0000000000000000000000000000000F00000FF000000000000000000000000000000F00000FF000000000000000000000000000000F00000FF000000000000000000000000000000F000FFF0000000000000000000000000000000FFFFFF0000000000000000000000000000000000000000000000000000000000000000000000000000000000000000000000000000000000000000000000000000000000000000000000000000000000000000000000000000000000000000000000000000000000000
Glyph 1101 11 00000000000000000000000000000000000000000000000000000000000000000000000000000000000000000000000000000000000000000000000000000000000000000000000000000000000000000000000000000000000000000000000000000000000000000000000000000000000000000000000000000000000000000000000000000000000000000000000000000000000000000000000000000000000000000000000000000000000000000000000000000000000000000000000000000000000000FFFF000000000000000000000000000000000FFFFFF0000000000000000000000000000000FF0000FF000000000000000000000000000000FF00000F0000000000000000000000000000000000000FF00000000000000000000000000000000FFFFFF000000000000000000000000000000000000FF00000000000000000000000000000FF00000F000000000000000000000000000000FF0000FF0000000000000000000000000000000FFFFFF000000000000000000000000000000000FFFF00000000000000000000000000000000000000000000000000000000000000000000000000000000000000000000000000000000000000000000000000000000000000000000000000000000000000000000000000000000000000000000000000000000000000
Glyph 1102 16 0000000000000000000000000000000000000000000000000000000000000000000000000000000000000000000000000000000000000000000000000000000000000000000000000000000000000000000000000000000000000000000000000000000000000000000000000000000000000000000000000000000000000000000000000000000000000000000000000000000000000000000000000000000000000000000000000000000000000000000000000000000000000000000000000000000000000F00000FFFFF000000000000000000000000000F0000FFF0FFF00000000000000000000000000F0000FF0000FF0000000000000000000000000F000FF00000FF0000000000000000000000000F000FF000000F0000000000000000000000000FFFFFF000000F0000000000000000000000000F000FF000000F0000000000000000000000000F000FF00000FF0000000000000000000000000F0000FF0000FF0000000000000000000000000F0000FFFFFFF00000000000000000000000000F00000FFFFF00000000000000000000000000000000000000000000000000000000000000000000000000000000000000000000000000000000000000000000000000000000000000000000000000000000000000000000000000000000000000000000000000000000
Glyph 1103 11 00000000000000000000000000000000000000000000000000000000000000000000000000000000000000000000000000000000000000000000000000000000000000000000000000000000000000000000000000000000000000000000000000000000000000000000000000000000000000000000000000000000000000000000000000000000000000000000000000000000000000000000000000000000000000000000000000000000000000000000000000000000000000000000000000000000000000FFFFFF0000000000000000000000000000000FF0000F000000000000000000000000000000FF00000F000000000000000000000000000000FF00000F000000000000000000000000000000FF00000F0000000000000000000000000000000FFF000F00000000000000000000000000000000FFFFFF00000000000000000000000000000000FF000F0000000000000000000000000000000FF0000F000000000000000000000000000000FF00000F000000000000000000000000000000FF00000F000000000000000000000000000000000000000000000000000000000000000000000000000000000000000000000000000000000000000000000000000000000000000000000000000000000000000000000000000000000000000000000000000000000000
Glyph 1106 11 0000000000000000000000000000000000000000000000000000000000000000000000000000000000000000000000000000000000000000000000000000000000000000000000000000000000000000000000000000000000000000000000000000000000000000000000000000000000000000000000000000FF000000000000000000000000000000000000FF00000000000000000000000000000000000FFFFFF000000000000000000000000000000000FF000000000000000000000000000000000000FF0FFFF0000000000000000000000000000000FFFFFFFF000000000000000000000000000000FFF0000FF00000000000000000000000000000FF00000FF00000000000000000000000000000FF00000FF00000000000000000000000000000FF00000FF00000000000000000000000000000FF00000FF00000000000000000000000000000FF00000FF00000000000000000000000000000FF00000FF00000000000000000000000000000FF00000FF00000000000000000000000000000FF00000FF000000000000000000000000000000000000FF000000000000000000000000000000000000FF00000000000000000000000000000000000FF0000000000000000000000000000000000FFF00000000000000000000000000000000000000000000000000000
Glyph 1107 8 00000000000000000000000000000000000000000000000000000000000000000000000000000000000000000000000000000000000000000000000000000000000000000000000000000000000000000000000000000000000000000000000000000000000000000000000000000000000000000000000000000000FF00000000000000000000000000000000000FF000000000000000000000000000000000000F0000000000000000000000000000000000000000000000000000000000000000000000000FFFFFF00000000000000000000000000000000F0000000000000000000000000000000000000F0000000000000000000000000000000000000F0000000000000000000000000000000000000F0000000000000000000000000000000000000F0000000000000000000000000000000000000F0000000000000000000000000000000000000F0000000000000000000000000000000000000F0000000000000000000000000000000000000F0000000000000000000000000000000000000F000000000000000000000000000000000000000000000000000000000000000000000000000000000000000000000000000000000000000000000000000000000000000000000000000000000000000000000000000000000000000000000000000000000000000000
Glyph 1108 11 00000000000000000000000000000000000000000000000000000000000000000000000000000000000000000000000000000000000000000000000000000000000000000000000000000000000000000000000000000000000000000000000000000000000000000000000000000000000000000000000000000000000000000000000000000000000000000000000000000000000000000000000000000000000000000000000000000000000000000000000000000000000000000000000000000000000000FFFFF00000000000000000000000000000000FFF0FFF0000000000000000000000000000000FF0000FF00000000000000000000000000000FF00000FF00000000000000000000000000000FF000000000000000000000000000000000000FFFFFF00000000000000000000000000000000FF000000000000000000000000000000000000FF00000FF000000000000000000000000000000FF0000FF000000000000000000000000000000FFFFFFF00000000000000000000000000000000FFFFF0000000000000000000000000000000000000000000000000000000000000000000000000000000000000000000000000000000000000000000000000000000000000000000000000000000000000000000000000000000000000000000000000000000000000
Glyph 1113 17 00000000000000000000000000000000000000000000000000000000000000000000000000000000000000000000000000000000000000000000000000000000000000000000000000000000000000000000000000000000000000000000000000000000000000000000000000000000000000000000000000000000000000000000000000000000000000000000000000000000000000000000000000000000000000000000000000000000000000000000000000000000000000000000000000000000000000FFFFFFF0000000000000000000000000000000FF000FF0000000000000000000000000000000FF000FF0000000000000000000000000000000F0000FF0000000000000000000000000000000F0000FF0000000000000000000000000000000F0000FFFFFFF00000000000000000000000000F0000FF0000FF000000000000000000000000FF0000FF0000FF000000000000000000000000FF0000FF0000FF0000000000000000000000FFFF0000FF000FFF0000000000000000000000FFF00000FFFFFFF000000000000000000000000000000000000000000000000000000000000000000000000000000000000000000000000000000000000000000000000000000000000000000000000000000000000000000000000000000000000000000000000000000
Glyph 1114 17 0000000000000000000000000000000000000000000000000000000000000000000000000000000000000000000000000000000000000000000000000000000000000000000000000000000000000000000000000000000000000000000000000000000000000000000000000000000000000000000000000000000000000000000000000000000000000000000000000000000000000000000000000000000000000000000000000000000000000000000000000000000000000000000000000000000000000F00000FF000000000000000000000000000000F00000FF000000000000000000000000000000F00000FF000000000000000000000000000000F00000FF000000000000000000000000000000F00000FF000000000000000000000000000000FFFFFFFFFFFFFF000000000000000000000000F00000FF0000FF000000000000000000000000F00000FF00000FF00000000000000000000000F00000FF00000FF00000000000000000000000F00000FF000FFF000000000000000000000000F00000FFFFFFF000000000000000000000000000000000000000000000000000000000000000000000000000000000000000000000000000000000000000000000000000000000000000000000000000000000000000000000000000000000000000000000000000000
Glyph 1115 11 0000000000000000000000000000000000000000000000000000000000000000000000000000000000000000000000000000000000000000000000000000000000000000000000000000000000000000000000000000000000000000000000000000000000000000000000000000000000000000000000000000FF000000000000000000000000000000000000FF00000000000000000000000000000000000FFFFFF000000000000000000000000000000000FF000000000000000000000000000000000000FF0FFFF0000000000000000000000000000000FFFFFFFF000000000000000000000000000000FFF0000FF00000000000000000000000000000FF00000FF00000000000000000000000000000FF00000FF00000000000000000000000000000FF00000FF00000000000000000000000000000FF00000FF00000000000000000000000000000FF00000FF00000000000000000000000000000FF00000FF00000000000000000000000000000FF00000FF00000000000000000000000000000FF00000FF00000000000000000000000000000000000000000000000000000000000000000000000000000000000000000000000000000000000000000000000000000000000000000000000000000000000000000000000000000000000000000000000000000000000
Glyph 1116 11 000000000000000000000000000000000000000000000000000000000000000000000000000000000000000000000000000000000000000000000000000000000000000000000000000000000000000000000000000000000000000000000000000000000000000000000000000000000000000000000000000000000FF00000000000000000000000000000000000FF000000000000000000000000000000000000F000000000000000000000000000000000000000000000000000000000000000000000000F00000FF000000000000000000000000000000F0000FF0000000000000000000000000000000F000FF00000000000000000000000000000000F00FF000000000000000000000000000000000FFFFF000000000000000000000000000000000FFFF0000000000000000000000000000000000F00FF000000000000000000000000000000000F000FF00000000000000000000000000000000F000FFF0000000000000000000000000000000F0000FF0000000000000000000000000000000F00000FF00000000000000000000000000000000000000000000000000000000000000000000000000000000000000000000000000000000000000000000000000000000000000000000000000000000000000000000000000000000000000000000000000000000000
Glyph 1117 12 000000000000000000000000000000000000000000000000000000000000000000000000000000000000000000000000000000000000000000000000000000000000000000000000000000000000000000000000000000000000000000000000000000000000000000000000000000000000000000000000000000FF0000000000000000000000000000000000000FF0000000000000000000000000000000000000F000000000000000000000000000000000000000000000000000000000000000000000000F00000FF000000000000000000000000000000F0000FFF000000000000000000000000000000F0000FFF000000000000000000000000000000F000FFFF000000000000000000000000000000F00FF0FF000000000000000000000000000000F00FF0FF000000000000000000000000000000F0FF00FF000000000000000000000000000000F0F000FF000000000000000000000000000000FFF000FF000000000000000000000000000000FF0000FF000000000000000000000000000000FF0000FF00000000000000000000000000000000000000000000000000000000000000000000000000000000000000000000000000000000000000000000000000000000000000000000000000000000000000000000000000000000000000000000000000000000000
Glyph 1118 9 00000000000000000000000000000000000000000000000000000000000000000000000000000000000000000000000000000000000000000000000000000000000000000000000000000000000000000000000000000000000000000000000000000000000000000000000000000000000000000000000000000FF000F000000000000000000000000000000000F00FF000000000000000000000000000000000FFFF000000000000000000000000000000000000000000000000000000000000000000000FF00000FF000000000000000000000000000000FF0000FF000000000000000000000000000000FF0000F0000000000000000000000000000000FF000FF00000000000000000000000000000000FF00FF00000000000000000000000000000000FF00F0000000000000000000000000000000000F0FF0000000000000000000000000000000000FFFF0000000000000000000000000000000000FFF000000000000000000000000000000000000FF000000000000000000000000000000000000FF000000000000000000000000000000000000F000000000000000000000000000000000000FF0000000000000000000000000000000000FFF00000000000000000000000000000000000FF0000000000000000000000000000000000000000000000000000000000
Glyph 1119 12 0000000000000000000000000000000000000000000000000000000000000000000000000000000000000000000000000000000000000000000000000000000000000000000000000000000000000000000000000000000000000000000000000000000000000000000000000000000000000000000000000000000000000000000000000000000000000000000000000000000000000000000000000000000000000000000000000000000000000000000000000000000000000000000000000000000000000F00000FF000000000000000000000000000000F00000FF000000000000000000000000000000F00000FF000000000000000000000000000000F00000FF000000000000000000000000000000F00000FF000000000000000000000000000000F00000FF000000000000000000000000000000F00000FF000000000000000000000000000000F00000FF000000000000000000000000000000F00000FF000000000000000000000000000000F00000FF000000000000000000000000000000FFFFFFFF000000000000000000000000000000000FF000000000000000000000000000000000000FF000000000000000000000000000000000000FF00000000000000000000000000000000000000000000000000000000000000000000000000000000000000000000
Glyph 1120 18 0000000000000000000000000000000000000000000000000000000000000000000000000000000000000000000000000000000000000000000000000000000000000000000000000000000000000000000000000000000000000000000000000000000000000000000000000000000000000000000000000000000000000000000000000000000000000000000F00000FF0000FF000000000000000000000000F00000FF0000FF000000000000000000000000F00000FF0000FF000000000000000000000000F00000FF0000FF000000000000000000000000F00000FF0000FF000000000000000000000000F00000FF0000FF000000000000000000000000F00000FF0000FF000000000000000000000000F00000FF0000FF000000000000000000000000F00000FF0000FF000000000000000000000000F00000FF0000FF000000000000000000000000F00000FF0000FF000000000000000000000000FF000FFF0000FF000000000000000000000000FFFFFFFFFFFFF00000000000000000000000000FFFFF00FFFF0000000000000000000000000000000000000000000000000000000000000000000000000000000000000000000000000000000000000000000000000000000000000000000000000000000000000000000000000000000000000000000000000000000
Glyph 1121 15 000000000000000000000000000000000000000000000000000000000000000000000000000000000000000000000000000000000000000000000000000000000000000000000000000000000000000000000000000000000000000000000000000000000000000000000000000000000000000000000000000000000000000000000000000000000000000000000000000000000000000000000000000000000000000000000000000000000000000000000000000000000000000000000000000000000000FF0000FF000FF0000000000000000000000000FF0000FF000FF0000000000000000000000000FF0000FF000FF0000000000000000000000000FF0000FF000FF0000000000000000000000000FF0000FF000FF0000000000000000000000000FF0000FF000FF0000000000000000000000000FF0000FF000FF0000000000000000000000000FF0000FF000FF0000000000000000000000000FF0000FF000FF00000000000000000000000000FFFFFFFF0FFF000000000000000000000000000FFFF00FFFF00000000000000000000000000000000000000000000000000000000000000000000000000000000000000000000000000000000000000000000000000000000000000000000000000000000000000000000000000000000000000000000000000000000
Glyph 1122,1164 13 0000000000000000000000000000000000000000000000000000000000000000000000000000000000000000000000000000000000000000000000000000000000000000000000000000000000000000000000000000000000000000000000000000000000000000000000000000000000000000000000000000000000000000000000000000000000000000000F0000000000000000000000000000000000000F0000000000000000000000000000000000000F00000000000000000000000000000000000FFFFFF0000000000000000000000000000000000F0000000000000000000000000000000000000F0000000000000000000000000000000000000FFFFFFFF000000000000000000000000000000FFFFFFFFF00000000000000000000000000000F000000FF00000000000000000000000000000F0000000FF0000000000000000000000000000F0000000FF0000000000000000000000000000F000000FF00000000000000000000000000000FFFFFFFFF00000000000000000000000000000FFFFFFFF00000000000000000000000000000000000000000000000000000000000000000000000000000000000000000000000000000000000000000000000000000000000000000000000000000000000000000000000000000000000000000000000000000000000
Glyph 1123 11 00000000000000000000000000000000000000000000000000000000000000000000000000000000000000000000000000000000000000000000000000000000000000000000000000000000000000000000000000000000000000000000000000000000000000000000000000000000000000000000000000000F0000000000000000000000000000000000000F0000000000000000000000000000000000000F00000000000000000000000000000000000FFFFFF0000000000000000000000000000000000F0000000000000000000000000000000000000F0000000000000000000000000000000000000F0000000000000000000000000000000000000F0000000000000000000000000000000000000FFFFFFF0000000000000000000000000000000F0000FFF000000000000000000000000000000F00000FF000000000000000000000000000000F00000FF000000000000000000000000000000F00000FF000000000000000000000000000000F000FFF0000000000000000000000000000000FFFFFF0000000000000000000000000000000000000000000000000000000000000000000000000000000000000000000000000000000000000000000000000000000000000000000000000000000000000000000000000000000000000000000000000000000000000
Glyph 1124 18 0000000000000000000000000000000000000000000000000000000000000000000000000000000000000000000000000000000000000000000000000000000000000000000000000000000000000000000000000000000000000000000000000000000000000000000000000000000000000000000000000000000000000000000000000000000000000000000FF00000FFFFF00000000000000000000000000FF000FFFFFFFF0000000000000000000000000FF000FF00000FF000000000000000000000000FF00FF000000FF000000000000000000000000FF00FF0000000FF00000000000000000000000FF00FF00000000000000000000000000000000FFFFFFFFFFF000000000000000000000000000FF00FF00000000000000000000000000000000FF00FF00000000000000000000000000000000FF00FF0000000FF00000000000000000000000FF00FF000000FF000000000000000000000000FF000FF00000FF000000000000000000000000FF000FFFFFFFF0000000000000000000000000FF00000FFFFF0000000000000000000000000000000000000000000000000000000000000000000000000000000000000000000000000000000000000000000000000000000000000000000000000000000000000000000000000000000000000000000000000000000
Glyph 1125 15 000000000000000000000000000000000000000000000000000000000000000000000000000000000000000000000000000000000000000000000000000000000000000000000000000000000000000000000000000000000000000000000000000000000000000000000000000000000000000000000000000000000000000000000000000000000000000000000000000000000000000000000000000000000000000000000000000000000000000000000000000000000000000000000000000000000000FF00000FFFF000000000000000000000000000FF000FFFFFFF00000000000000000000000000FF000FF0000FF0000000000000000000000000FF00FF00000FF0000000000000000000000000FF00FF00000000000000000000000000000000FFFFFFFFFF0000000000000000000000000000FF00FF00000000000000000000000000000000FF00FF00000FF0000000000000000000000000FF000FF0000FF0000000000000000000000000FF000FFFFFFF00000000000000000000000000FF00000FFFF000000000000000000000000000000000000000000000000000000000000000000000000000000000000000000000000000000000000000000000000000000000000000000000000000000000000000000000000000000000000000000000000000000000
Glyph 1126 12 0000000000000000000000000000000000000000000000000000000000000000000000000000000000000000000000000000000000000000000000000000000000000000000000000000000000000000000000000000000000000000000000000000000000000000000000000000000000000000000000000000000000000000000000000000000000000000000000FF000000000000000000000000000000000000FFF00000000000000000000000000000000000FFF0000000000000000000000000000000000FF0F0000000000000000000000000000000000FF0FF000000000000000000000000000000000F00FF00000000000000000000000000000000FF000FF0000000000000000000000000000000FF000FF000000000000000000000000000000FFFFFFFF000000000000000000000000000000FFFFFFFFF00000000000000000000000000000FF0FF00FF0000000000000000000000000000FF00FF00FF0000000000000000000000000000FF00FF000FF000000000000000000000000000FF00FF000FF000000000000000000000000000000000000000000000000000000000000000000000000000000000000000000000000000000000000000000000000000000000000000000000000000000000000000000000000000000000000000000000000000000000
Glyph 1127 11 000000000000000000000000000000000000000000000000000000000000000000000000000000000000000000000000000000000000000000000000000000000000000000000000000000000000000000000000000000000000000000000000000000000000000000000000000000000000000000000000000000000000000000000000000000000000000000000000000000000000000000000000000000000000000000000000000000000000000000000000000000000000000000000000000000000000000FF000000000000000000000000000000000000FFF0000000000000000000000000000000000FFFF0000000000000000000000000000000000FF0F0000000000000000000000000000000000F00FF00000000000000000000000000000000FF00FF00000000000000000000000000000000FF000FF0000000000000000000000000000000FFFFFFF000000000000000000000000000000FF0FF00F000000000000000000000000000000FF0FF00FF0000000000000000000000000000FF00FF00FF00000000000000000000000000000000000000000000000000000000000000000000000000000000000000000000000000000000000000000000000000000000000000000000000000000000000000000000000000000000000000000000000000000000000
Glyph 1128 18 0000000000000000000000000000000000000000000000000000000000000000000000000000000000000000000000000000000000000000000000000000000000000000000000000000000000000000000000000000000000000000000000000000000000000000000000000000000000000000000000000000000000000000000000000000000000000000000FF0000000FF000000000000000000000000000FF000000FFF000000000000000000000000000FF000000FFF000000000000000000000000000FF00000FF0FF00000000000000000000000000FF00000FF0FF00000000000000000000000000FF00000F000F00000000000000000000000000FF0000FF000FF0000000000000000000000000FF0000FF000FF0000000000000000000000000FFFFFFFFFFFFF0000000000000000000000000FFFFFFFFFFFFFF000000000000000000000000FF000FF00F00FF000000000000000000000000FF00FF000F000FF00000000000000000000000FF00FF000F000FF00000000000000000000000FF00FF000F000FF0000000000000000000000000000000000000000000000000000000000000000000000000000000000000000000000000000000000000000000000000000000000000000000000000000000000000000000000000000000000000000000000000000
Glyph 1129 15 0000000000000000000000000000000000000000000000000000000000000000000000000000000000000000000000000000000000000000000000000000000000000000000000000000000000000000000000000000000000000000000000000000000000000000000000000000000000000000000000000000000000000000000000000000000000000000000000000000000000000000000000000000000000000000000000000000000000000000000000000000000000000000000000000000000000000FF00000FF00000000000000000000000000000FF0000FFF00000000000000000000000000000FF0000FFF00000000000000000000000000000FF000FF0FF0000000000000000000000000000FF000FF0FF0000000000000000000000000000FF000F000FF000000000000000000000000000FF00FF000FF000000000000000000000000000FFFFFFFFFFF000000000000000000000000000FF0FF00FF0FF00000000000000000000000000FF0FF00FF0FF00000000000000000000000000FF0FF00FF00FF000000000000000000000000000000000000000000000000000000000000000000000000000000000000000000000000000000000000000000000000000000000000000000000000000000000000000000000000000000000000000000000000000000
Glyph 1130 17 00000000000000000000000000000000000000000000000000000000000000000000000000000000000000000000000000000000000000000000000000000000000000000000000000000000000000000000000000000000000000000000000000000000000000000000000000000000000000000000000000000000000000000000000000000000000000000000FFFFFFFFFFF0000000000000000000000000000FFFFFFFFFF0000000000000000000000000000FF00000FF000000000000000000000000000000FF000FF0000000000000000000000000000000FF000FF00000000000000000000000000000000FF0FF00000000000000000000000000000000FFFFFFF00000000000000000000000000000FFFFFFFFFFFF0000000000000000000000000FF0000FF000FF0000000000000000000000000F00000FF0000FF00000000000000000000000FF00000FF0000FF00000000000000000000000FF00000FF0000FF00000000000000000000000FF00000FF0000FF00000000000000000000000FF00000FF0000FF00000000000000000000000000000000000000000000000000000000000000000000000000000000000000000000000000000000000000000000000000000000000000000000000000000000000000000000000000000000000000000000000000000
Glyph 1131 15 00000000000000000000000000000000000000000000000000000000000000000000000000000000000000000000000000000000000000000000000000000000000000000000000000000000000000000000000000000000000000000000000000000000000000000000000000000000000000000000000000000000000000000000000000000000000000000000000000000000000000000000000000000000000000000000000000000000000000000000000000000000000000000000000000000000000000FFFFFFFFF000000000000000000000000000000FF000FF0000000000000000000000000000000FF000FF00000000000000000000000000000000FF0FF0000000000000000000000000000000000FFF00000000000000000000000000000000FFFFFFFFF0000000000000000000000000000FF00FF000FF000000000000000000000000000F000FF000FF00000000000000000000000000FF000FF000FF00000000000000000000000000FF000FF000FF00000000000000000000000000FF000FF000FF00000000000000000000000000000000000000000000000000000000000000000000000000000000000000000000000000000000000000000000000000000000000000000000000000000000000000000000000000000000000000000000000000000000
Glyph 1132 23 0000000000000000000000000000000000000000000000000000000000000000000000000000000000000000000000000000000000000000000000000000000000000000000000000000000000000000000000000000000000000000000000000000000000000000000000000000000000000000000000000000000000000000000000000000000000000000000FF00000FFFFFFFFFFF00000000000000000000FF00000FFFFFFFFFF000000000000000000000FF000000FF0000FF0000000000000000000000FF000000FF0000FF0000000000000000000000FF0000000FF00FF00000000000000000000000FF0000000FF00FF00000000000000000000000FF00000000FFFF000000000000000000000000FFFFFFFFFFFFFFFFFF00000000000000000000FF000FFF000FF000FFF0000000000000000000FF000FF0000FF0000FF0000000000000000000FF000FF0000FF0000FF0000000000000000000FF000FF0000FF0000FF0000000000000000000FF000FF0000FF0000FF0000000000000000000FF000FF0000FF0000FF000000000000000000000000000000000000000000000000000000000000000000000000000000000000000000000000000000000000000000000000000000000000000000000000000000000000000000000000000000000000000000000000
Glyph 1133 20 0000000000000000000000000000000000000000000000000000000000000000000000000000000000000000000000000000000000000000000000000000000000000000000000000000000000000000000000000000000000000000000000000000000000000000000000000000000000000000000000000000000000000000000000000000000000000000000000000000000000000000000000000000000000000000000000000000000000000000000000000000000000000000000000000000000000000F00000FFFFFFFFF00000000000000000000000F000000F0000FF000000000000000000000000F000000FF00FF0000000000000000000000000F0000000FF0FF0000000000000000000000000F0000000FFFF00000000000000000000000000FFFFFFFFFFFFFFF00000000000000000000000F0000FF00FF00FFF0000000000000000000000F000FF000FF000FF0000000000000000000000F000FF000FF000FF0000000000000000000000F000FF000FF000FF0000000000000000000000F000FF000FF000FF000000000000000000000000000000000000000000000000000000000000000000000000000000000000000000000000000000000000000000000000000000000000000000000000000000000000000000000000000000000000000000000000000
Glyph 1134 10 0000000000000000000000000000000000000000000000000000000000000000000000000000000000000000000000F00FF000000000000000000000000000000000FF0F00000000000000000000000000000000000FF0000000000000000000000000000000000000000000000000000000000000000000000000000000000000000000000000000000000000FFFFFF000000000000000000000000000000000000FFF0000000000000000000000000000000000000FF000000000000000000000000000000000000FF000000000000000000000000000000000000FF0000000000000000000000000000000000FFF000000000000000000000000000000000FFFF0000000000000000000000000000000000000FF0000000000000000000000000000000000000FF000000000000000000000000000000000000FF000000000000000000000000000000000000FF000000000000000000000000000000000000FF00000000000000000000000000000000FFFFF0000000000000000000000000000000FFFFFF00000000000000000000000000000000FF000000000000000000000000000000000000FF000000000000000000000000000000000000FFF000000000000000000000000000000000000FF000000000000000000000000000000000000000000000000000000000
Glyph 1135 10 000000000000000000000000000000000000000000000000000000000000000000000000000000000000000000000000000000000000000000000000000000000000000000000000000000000000000000000000000000000000000000000000000000000000000F000F0000000000000000000000000000000000F0F000000000000000000000000000000000000FF0000000000000000000000000000000000000000000000000000000000000000000000000000000000000000000000000000000000000FFFFFF000000000000000000000000000000000000FFF0000000000000000000000000000000000000F0000000000000000000000000000000000000F0000000000000000000000000000000000FFFF000000000000000000000000000000000FFFF0000000000000000000000000000000000000FF0000000000000000000000000000000000000FF000000000000000000000000000000000000FF00000000000000000000000000000000FFFFF0000000000000000000000000000000FFFFF000000000000000000000000000000000FF000000000000000000000000000000000000FF000000000000000000000000000000000000FFF000000000000000000000000000000000000FF000000000000000000000000000000000000000000000000000000000
Glyph 1138,1256 14 000000000000000000000000000000000000000000000000000000000000000000000000000000000000000000000000000000000000000000000000000000000000000000000000000000000000000000000000000000000000000000000000000000000000000000000000000000000000000000000000000000000000000000000000000000000000000000000FFFFF00000000000000000000000000000000FFFFFFFF00000000000000000000000000000FFF0000FF00000000000000000000000000000FF000000FF000000000000000000000000000FF0000000FF000000000000000000000000000FF0000000FF000000000000000000000000000FF00000000F000000000000000000000000000FFFFFFFFFFF000000000000000000000000000FF00000000F000000000000000000000000000FF0000000FF0000000000000000000000000000FF000000FF0000000000000000000000000000FFF0000FF000000000000000000000000000000FFFFFFFF0000000000000000000000000000000FFFFF000000000000000000000000000000000000000000000000000000000000000000000000000000000000000000000000000000000000000000000000000000000000000000000000000000000000000000000000000000000000000000000000000000000000
Glyph 1139,1257 11 000000000000000000000000000000000000000000000000000000000000000000000000000000000000000000000000000000000000000000000000000000000000000000000000000000000000000000000000000000000000000000000000000000000000000000000000000000000000000000000000000000000000000000000000000000000000000000000000000000000000000000000000000000000000000000000000000000000000000000000000000000000000000000000000000000000000000FFFF00000000000000000000000000000000FF000FF0000000000000000000000000000000F00000FF00000000000000000000000000000FF00000FF00000000000000000000000000000FF000000F00000000000000000000000000000FFFFFFFFFF0000000000000000000000000000FF000000F00000000000000000000000000000FF00000FF000000000000000000000000000000F00000FF000000000000000000000000000000FF000FF000000000000000000000000000000000FFFF0000000000000000000000000000000000000000000000000000000000000000000000000000000000000000000000000000000000000000000000000000000000000000000000000000000000000000000000000000000000000000000000000000000000000
Glyph 1140 13 00000000000000000000000000000000000000000000000000000000000000000000000000000000000000000000000000000000000000000000000000000000000000000000000000000000000000000000000000000000000000000000000000000000000000000000000000000000000000000000000000000000000000000000000000000000000000000FF00000000FF000000000000000000000000000FF000000FFF000000000000000000000000000FF000000FF0000000000000000000000000000FF000000F000000000000000000000000000000FF0000FF000000000000000000000000000000FF0000FF0000000000000000000000000000000F0000F00000000000000000000000000000000FF00FF00000000000000000000000000000000FF00FF000000000000000000000000000000000F00F0000000000000000000000000000000000FFFF0000000000000000000000000000000000FFFF00000000000000000000000000000000000FF000000000000000000000000000000000000FF00000000000000000000000000000000000000000000000000000000000000000000000000000000000000000000000000000000000000000000000000000000000000000000000000000000000000000000000000000000000000000000000000000000000000
Glyph 1141 10 000000000000000000000000000000000000000000000000000000000000000000000000000000000000000000000000000000000000000000000000000000000000000000000000000000000000000000000000000000000000000000000000000000000000000000000000000000000000000000000000000000000000000000000000000000000000000000000000000000000000000000000000000000000000000000000000000000000000000000000000000000000000000000000000000000000000F000000FF00000000000000000000000000000FF0000FFF00000000000000000000000000000FF0000F00000000000000000000000000000000F000FF00000000000000000000000000000000FF00FF00000000000000000000000000000000FF00F0000000000000000000000000000000000F00F0000000000000000000000000000000000FFFF0000000000000000000000000000000000FFF000000000000000000000000000000000000FF000000000000000000000000000000000000FF000000000000000000000000000000000000000000000000000000000000000000000000000000000000000000000000000000000000000000000000000000000000000000000000000000000000000000000000000000000000000000000000000000000000000
Glyph 1142 13 00000000000000000000000000000000000000000000000000000000000000000000000000000000000000000000000000000000000000000000000000000000000FF0FF0000000000000000000000000000000000FF0FF0000000000000000000000000000000000FF0F00000000000000000000000000000000000000000000000000000000000000000000FF00000000FF000000000000000000000000000FF000000FFF000000000000000000000000000FF000000FF0000000000000000000000000000FF000000F000000000000000000000000000000FF0000FF000000000000000000000000000000FF0000FF0000000000000000000000000000000F0000F00000000000000000000000000000000FF00FF00000000000000000000000000000000FF00FF000000000000000000000000000000000F00F0000000000000000000000000000000000FFFF0000000000000000000000000000000000FFFF00000000000000000000000000000000000FF000000000000000000000000000000000000FF00000000000000000000000000000000000000000000000000000000000000000000000000000000000000000000000000000000000000000000000000000000000000000000000000000000000000000000000000000000000000000000000000000000000000
Glyph 1143 10 0000000000000000000000000000000000000000000000000000000000000000000000000000000000000000000000000000000000000000000000000000000000000000000000000000000000000000000000000000000000000000000000000000000000000000000000000000000000000000000000000000FF0FF0000000000000000000000000000000000FF0FF0000000000000000000000000000000000FF0F0000000000000000000000000000000000000000000000000000000000000000000000F000000FF00000000000000000000000000000FF0000FFF00000000000000000000000000000FF0000F00000000000000000000000000000000F000FF00000000000000000000000000000000FF00FF00000000000000000000000000000000FF00F0000000000000000000000000000000000F00F0000000000000000000000000000000000FFFF0000000000000000000000000000000000FFF000000000000000000000000000000000000FF000000000000000000000000000000000000FF000000000000000000000000000000000000000000000000000000000000000000000000000000000000000000000000000000000000000000000000000000000000000000000000000000000000000000000000000000000000000000000000000000000000000
Glyph 1144 23 000000000000000000000000000000000000000000000000000000000000000000000000000000000000000000000000000000000000000000000000000000000000000000000000000000000000000000000000000000000000000000000000000000000000000000000000000000000000000000000000000000000000000000000000000000000000000000000FFFFF00000000000000000000000000000000FFFFFFFF00000000000000000000000000000FF00000FFF0000000000000000000000000000FF000000FF00FF00000FF0000000000000000FF0000000FF000FF0000FF0000000000000000FF00000000FF00FF0000F00000000000000000FF00000000FF00FF000FF00000000000000000FF00000000FF000FF00FF00000000000000000FF00000000FF000FF00F000000000000000000FF0000000FF00000F0FF0000000000000000000FF000000FF00000FFFF0000000000000000000FF00000FFF00000FFF000000000000000000000FFFFFFFF0000000FF0000000000000000000000FFFFF000000000FF000000000000000000000000000000000000F000000000000000000000000000000000000FF0000000000000000000000000000000000FFF00000000000000000000000000000000000FF00000000000000000000000000000000000000000000
Glyph 1145 21 000000000000000000000000000000000000000000000000000000000000000000000000000000000000000000000000000000000000000000000000000000000000000000000000000000000000000000000000000000000000000000000000000000000000000000000000000000000000000000000000000000000000000000000000000000000000000000000000000000000000000000000000000000000000000000000000000000000000000000000000000000000000000000000000000000000000000FFFF000FF00000FF00000000000000000000FFF0FFF000FF0000FF00000000000000000000FF0000FF00FF0000F00000000000000000000FF00000FF00FF000FF00000000000000000000FF000000F000FF00FF00000000000000000000FF000000FF00FF00F000000000000000000000FF000000F0000F0FF000000000000000000000FF00000FF0000FFFF0000000000000000000000FF0000FF0000FFF00000000000000000000000FFFFFFF000000FF0000000000000000000000000FFFF0000000FF000000000000000000000000000000000000F000000000000000000000000000000000000FF0000000000000000000000000000000000FFF00000000000000000000000000000000000FF00000000000000000000000000000000000000000000000
Glyph 1146 14 000000000000000000000000000000000000000000000000000000000000000000000000000000000000000000000000000000000000000000000000000000000000000000000000000000000000000000000000000000000000000000000000000000000000000000000000000000000000000000000000000000000FF0000000000000000000000000000000000FFFFF00000000000000000000000000000000FFFFFFFF00000000000000000000000000000FF00FF0FF00000000000000000000000000000FF000000FF000000000000000000000000000FF0000000FF000000000000000000000000000FF00000000F000000000000000000000000000FF00000000F000000000000000000000000000FF00000000F000000000000000000000000000FF00000000F000000000000000000000000000FF0000000FF0000000000000000000000000000FF000000FF0000000000000000000000000000FF00FF0FF000000000000000000000000000000FFFFFFFF0000000000000000000000000000000FFFFF00000000000000000000000000000000000FF00000000000000000000000000000000000000000000000000000000000000000000000000000000000000000000000000000000000000000000000000000000000000000000000000000000000000000000000
Glyph 1147 11 00000000000000000000000000000000000000000000000000000000000000000000000000000000000000000000000000000000000000000000000000000000000000000000000000000000000000000000000000000000000000000000000000000000000000000000000000000000000000000000000000000000000000000000000000000000000000000000000000000000000000000000000000000000000000000000000000000000000000000000000000FF00000000000000000000000000000000000FFFF00000000000000000000000000000000FFFFFFF0000000000000000000000000000000FF0FF0FF00000000000000000000000000000FF00000FF00000000000000000000000000000FF000000F00000000000000000000000000000FF000000FF0000000000000000000000000000FF000000F00000000000000000000000000000FF00000FF000000000000000000000000000000FF0FF0FF000000000000000000000000000000FFFFFFF000000000000000000000000000000000FFFF00000000000000000000000000000000000FF000000000000000000000000000000000000000000000000000000000000000000000000000000000000000000000000000000000000000000000000000000000000000000000000000000000000000000000000
Glyph 1148 18 000000000000000000000000000000000000000000000000000000000000000000000000000000000000000000000000000000000000000000000000000000000000000FFFFF000000000000000000000000000000000F000FFF000000000000000000000000000000000FF000000000000000000000000000000000000FF0000000000000000000000000000000FF000F000FF00000000000000000000000000FFF0000000FFF0000000000000000000000000FF0000000000FF000000000000000000000000F00000000000FF000000000000000000000000F00000000000FF000000000000000000000000F00000000000FF000000000000000000000000F00000FF0000FF000000000000000000000000F00000FF0000FF000000000000000000000000F00000FF0000FF000000000000000000000000F00000FF0000FF000000000000000000000000F00000FF0000FF000000000000000000000000FF000FFF0000FF000000000000000000000000FFFFFFFFFFFFF00000000000000000000000000FFFFF00FFFF0000000000000000000000000000000000000000000000000000000000000000000000000000000000000000000000000000000000000000000000000000000000000000000000000000000000000000000000000000000000000000000000000000000
Glyph 1149 15 00000000000000000000000000000000000000000000000000000000000000000000000000000000000000000000000000000000000000000000000000000000000000000000000000000000000000000000000000000000000000000000000000000000000000000000F00000000000000000000000000000000000FFFFF000000000000000000000000000000000F0000FF0000000000000000000000000000000000F000000000000000000000000000000000000FF00000000000000000000000000000000FF00F000FF000000000000000000000000000FFF000000FFF0000000000000000000000000FF000000000FF0000000000000000000000000FF000000000FF0000000000000000000000000FF000000000FF0000000000000000000000000FF0000FF000FF0000000000000000000000000FF0000FF000FF0000000000000000000000000FF0000FF000FF0000000000000000000000000FF0000FF000FF00000000000000000000000000FFFFFFFF0FFF000000000000000000000000000FFFF00FFFF00000000000000000000000000000000000000000000000000000000000000000000000000000000000000000000000000000000000000000000000000000000000000000000000000000000000000000000000000000000000000000000000000000000
Glyph 1150 18 00000000000000000000000000000000000000000000000000000000000000000000000000000000000000000000000000000000000000000000000000000000000000FFFFFFFF000000000000000000000000000000000FF0000000000000000000000000000000000000000000000000000000000000000000000000000000000000000000000000000000000F00000FF0000FF000000000000000000000000F00000FF0000FF000000000000000000000000F00000FF0000FF000000000000000000000000F00000FF0000FF000000000000000000000000F00000FF0000FF000000000000000000000000F00000FF0000FF000000000000000000000000F00000FF0000FF000000000000000000000000F00000FF0000FF000000000000000000000000F00000FF0000FF000000000000000000000000F00000FF0000FF000000000000000000000000F00000FF0000FF000000000000000000000000FF000FFF0000FF000000000000000000000000FFFFFFFFFFFFF00000000000000000000000000FFFFF00FFFF0000000000000000000000000000000000000000000000000000000000000000000000000000000000000000000000000000000000000000000000000000000000000000000000000000000000000000000000000000000000000000000000000000000
Glyph 1151 15 0000000000000000000000000000000000000000000000000000000000000000000000000000000000000000000000000000000000000000000000000000000000000000000000000000000000000000000000000000000000000000000000000000000000000000000000000000000000000000000000000000000FFFFFFFF000000000000000000000000000000000FF0000000000000000000000000000000000000000000000000000000000000000000000000000000000000000000000000000000000FF0000FF000FF0000000000000000000000000FF0000FF000FF0000000000000000000000000FF0000FF000FF0000000000000000000000000FF0000FF000FF0000000000000000000000000FF0000FF000FF0000000000000000000000000FF0000FF000FF0000000000000000000000000FF0000FF000FF0000000000000000000000000FF0000FF000FF0000000000000000000000000FF0000FF000FF00000000000000000000000000FFFFFFFF0FFF000000000000000000000000000FFFF00FFFF00000000000000000000000000000000000000000000000000000000000000000000000000000000000000000000000000000000000000000000000000000000000000000000000000000000000000000000000000000000000000000000000000000000
Glyph 1152 13 000000000000000000000000000000000000000000000000000000000000000000000000000000000000000000000000000000000000000000000000000000000000000000000000000000000000000000000000000000000000000000000000000000000000000000000000000000000000000000000000000000000000000000000000000000000000000000000FFFFF00000000000000000000000000000000FFFFFFFF00000000000000000000000000000FF00000FF00000000000000000000000000000FF000000FF000000000000000000000000000FF0000000FF000000000000000000000000000FF000000000000000000000000000000000000FF000000000000000000000000000000000000FF000000000000000000000000000000000000FF000000000000000000000000000000000000FF0000000000000000000000000000000000000FF000000000000000000000000000000000000FF0000000000000000000000000000000000000FFFFF0000000000000000000000000000000000FFFF000000000000000000000000000000000000FF000000000000000000000000000000000000FF000000000000000000000000000000000000FF000000000000000000000000000000000000FF00000000000000000000000000000000000000000000000000000
Glyph 1153 11 00000000000000000000000000000000000000000000000000000000000000000000000000000000000000000000000000000000000000000000000000000000000000000000000000000000000000000000000000000000000000000000000000000000000000000000000000000000000000000000000000000000000000000000000000000000000000000000000000000000000000000000000000000000000000000000000000000000000000000000000000000000000000000000000000000000000000FFFFF00000000000000000000000000000000FFF0FFF0000000000000000000000000000000FF0000F000000000000000000000000000000FF00000FF00000000000000000000000000000FF000000000000000000000000000000000000FF000000000000000000000000000000000000FF000000000000000000000000000000000000FF0000000000000000000000000000000000000FF000000000000000000000000000000000000FFF000000000000000000000000000000000000FFFF000000000000000000000000000000000000FF000000000000000000000000000000000000FF000000000000000000000000000000000000FF000000000000000000000000000000000000FF000000000000000000000000000000000000000000000000000000
Glyph 1154 12 0000000000000000000000000000000000000000000000000000000000000000000000000000000000000000000000000000000000000000000000000000000000000000000000000000000000000000000000000000000000000000000000000000000000000000000000000000000000000000000000000000000000000000000000000000000000000000000000000000000000000000000000000000000000000000FF00000000000000000000000000000000000FF00000000000000000000000000000000FF00F0000000000000000000000000000000000FFFF000000000000000000000000000000000000FFF0000000000000000000000000000000000FF0FF00000000000000000000000000000000FF000F0000000000000000000000000000FFF0FF0000000000000000000000000000000000FFF000000000000000000000000000000000000FFF0000000000000000000000000000000000FF0FFF00000000000000000000000000000000F000000000000000000000000000000000000FF00000000000000000000000000000000000000000000000000000000000000000000000000000000000000000000000000000000000000000000000000000000000000000000000000000000000000000000000000000000000000000000000000000000000000000
Glyph 1155 0 000000000000000000000000000000000000000000000000000000000000000000000000000000000000000000000000000000000000000000000000000000000000000000000000000000000000000000000000000000000000000000000000000000000FF000000000000000000000000000000000000FF0000000000000000000000000000000FFFFFFF0000000000000000000000000000000FF0000000000000000000000000000000000000000000000000000000000000000000000000000000000000000000000000000000000000000000000000000000000000000000000000000000000000000000000000000000000000000000000000000000000000000000000000000000000000000000000000000000000000000000000000000000000000000000000000000000000000000000000000000000000000000000000000000000000000000000000000000000000000000000000000000000000000000000000000000000000000000000000000000000000000000000000000000000000000000000000000000000000000000000000000000000000000000000000000000000000000000000000000000000000000000000000000000000000000000000000000000000000000000000000000000000000000000000000000000000000000000000000000000
Glyph 1156 0 000000000000000000000000000000000000000000000000000000000000000000000000000000000000000000000000000000000000000000000000000000000000000000000000000000000000000000000000000000000000000000000000000000000000000000000000000000000000000000000FFFF0000000000000000000000000000000FFFF00F0000000000000000000000000000000000000000000000000000000000000000000000000000000000000000000000000000000000000000000000000000000000000000000000000000000000000000000000000000000000000000000000000000000000000000000000000000000000000000000000000000000000000000000000000000000000000000000000000000000000000000000000000000000000000000000000000000000000000000000000000000000000000000000000000000000000000000000000000000000000000000000000000000000000000000000000000000000000000000000000000000000000000000000000000000000000000000000000000000000000000000000000000000000000000000000000000000000000000000000000000000000000000000000000000000000000000000000000000000000000000000000000000000000000000000000000000000000000000
Glyph 1157 0 000000000000000000000000000000000000000000000000000000000000000000000000000000000000000000000000000000000000000000000000000000000000000000000000000000000000000000000000000000000000000000000000000000FF0000000000000000000000000000000000000F00000000000000000000000000000000000000F000000000000000000000000000000000000000000000000000000000000000000000000000000000000000000000000000000000000000000000000000000000000000000000000000000000000000000000000000000000000000000000000000000000000000000000000000000000000000000000000000000000000000000000000000000000000000000000000000000000000000000000000000000000000000000000000000000000000000000000000000000000000000000000000000000000000000000000000000000000000000000000000000000000000000000000000000000000000000000000000000000000000000000000000000000000000000000000000000000000000000000000000000000000000000000000000000000000000000000000000000000000000000000000000000000000000000000000000000000000000000000000000000000000000000000000000000000000000000
Glyph 1158 0 00000000000000000000000000000000000000000000000000000000000000000000000000000000000000000000000000000000000000000000000000000000000000000000000000000000000000000000000000000000000000000000000000000000F0000000000000000000000000000000000000F000000000000000000000000000000000000F0000000000000000000000000000000000000000000000000000000000000000000000000000000000000000000000000000000000000000000000000000000000000000000000000000000000000000000000000000000000000000000000000000000000000000000000000000000000000000000000000000000000000000000000000000000000000000000000000000000000000000000000000000000000000000000000000000000000000000000000000000000000000000000000000000000000000000000000000000000000000000000000000000000000000000000000000000000000000000000000000000000000000000000000000000000000000000000000000000000000000000000000000000000000000000000000000000000000000000000000000000000000000000000000000000000000000000000000000000000000000000000000000000000000000000000000000000000000000000
Glyph 1160 0 0000000000000000000000000000000000000000000000000000000000000000000000000000000000000000000000000000000000000000000000000000000000000000000000000000000000000000000000000000000000000000000000000000000000000000000000000000000000000000000000000000000000000000000000000000000000FFF00000000000000000000000000000000000F00F000000000000000000000000000000F0000000000F000000000000000000000000FF0F00000000F0F00000000000000000000000000000000000000000000000000000000000000000000000000000000000000000000000000000000000000000000000000000000000000000F0000000000000FF00000000000000000000FF0F00000000000FF0F0000000000000000000000000000000000000000000000000000000000000000000000000000000000000000000000000000000000000000000000000000000000000000FF0000000000F000000000000000000000000F00F0000000FF0F00000000000000000000000000000000000000000000000000000000000000000000FF00000000000000000000000000000000000F0FF000000000000000000000000000000000000000000000000000000000000000000000000000000000000000000000000000000
Glyph 1161 0 00000000000000000000000000000000000000000000000000000000000000000000000000000000000000000000000000000000000000000000000000000000000000000000000000000000000000000000000000000000000000000000000000000000000000000000000000000000000000000000000000000000000000000000000000000000000F0000000000000000000000000000000000000F0000000000000000000000000000000F00000F00000000000000000000000000000000F000000000FF00000000000000000000000000FF0000000FF00000000000000000000000000000000000000000000000000000000000000000000000000000000000000000000000000000000000000000000000000000000000000000FFFF00000000000FF000000000000000000000000F0000000000000FF00000000000000000000000000000000000000000000000000000000000000000000000000000000000000000000000000000000000000000000000000000000000000000FF0000000FF00000000000000000000000000FF000000000F00000000000000000000000000000000F00000F0000000000000000000000000000000F0000000000000000000000000000000000000F000000000000000000000000000000000000000000000000000000000000000000
Glyph 1162 15 0000000000000000000000000000000000000000000000000000000000000000000000000000000000000000000000000000000000000000000000000000000000000FF000F000000000000000000000000000000000F00FF000000000000000000000000000000000FFFF000000000000000000000000000000000000000000000000000000000000000000000FF000000FFF000000000000000000000000000FF000000FFF000000000000000000000000000FF00000FFFF000000000000000000000000000FF0000FF0FF000000000000000000000000000FF0000FF0FF000000000000000000000000000FF000FF00FF000000000000000000000000000FF00FF000FF000000000000000000000000000FF00FF000FF000000000000000000000000000FF0FF0000FF000000000000000000000000000FFFFF0000FF000000000000000000000000000FFFF00000FF000000000000000000000000000FFF000000FF000000000000000000000000000FFF000000FF000000000000000000000000000FF0000000FFF000000000000000000000000000000000000FF000000000000000000000000000000000000FF000000000000000000000000000000000000F0000000000000000000000000000000000000F000000000000000000000000000000000000000000000000
Glyph 1163 12 000000000000000000000000000000000000000000000000000000000000000000000000000000000000000000000000000000000000000000000000000000000000000000000000000000000000000000000000000000000000000000000000000000000000000000000000000000000000000000000000000000FF000F000000000000000000000000000000000F00FF000000000000000000000000000000000FFFF0000000000000000000000000000000000000000000000000000000000000000000000F00000FF000000000000000000000000000000F0000FFF000000000000000000000000000000F0000FFF000000000000000000000000000000F000FFFF000000000000000000000000000000F00FF0FF000000000000000000000000000000F00FF0FF000000000000000000000000000000F0FF00FF000000000000000000000000000000F0F000FF000000000000000000000000000000FFF000FF000000000000000000000000000000FF0000FF000000000000000000000000000000FF0000FFFF000000000000000000000000000000000000FF000000000000000000000000000000000000FF000000000000000000000000000000000000F0000000000000000000000000000000000000F00000000000000000000000000000000000000000000000000
Glyph 1165 11 000000000000000000000000000000000000000000000000000000000000000000000000000000000000000000000000000000000000000000000000000000000000000000000000000000000000000000000000000000000000000000000000000000000000000F0000000000000000000000000000000000000F00000000000000000000000000000000000FFFFFF0000000000000000000000000000000000F0000000000000000000000000000000000000F0000000000000000000000000000000000000F0000000000000000000000000000000000000F0000000000000000000000000000000000000F0000000000000000000000000000000000000F0000000000000000000000000000000000000FFFFFFF0000000000000000000000000000000F0000FFF000000000000000000000000000000F00000FF000000000000000000000000000000F00000FF000000000000000000000000000000F00000FF000000000000000000000000000000F000FFF0000000000000000000000000000000FFFFFF0000000000000000000000000000000000000000000000000000000000000000000000000000000000000000000000000000000000000000000000000000000000000000000000000000000000000000000000000000000000000000000000000000000000000
Glyph 1166 13 0000000000000000000000000000000000000000000000000000000000000000000000000000000000000000000000000000000000000000000000000000000000000000000000000000000000000000000000000000000000000000000000000000000000000000000000000000000000000000000000000000000000000000000000000000000000000000000FFFFFFF0000000000000000000000000000000FFFFFFFFF00000000000000000000000000000FF00000FF00000000000000000000000000000FF000000FF0000000000000000000000000000FF000000FF0000000000000000000000000000FF0000F0FF0000000000000000000000000000FF0000FFFF0000000000000000000000000000FFFFFFFFF00000000000000000000000000000FFFFFFFFFF0000000000000000000000000000FF0000000F0000000000000000000000000000FF000000000000000000000000000000000000FF000000000000000000000000000000000000FF000000000000000000000000000000000000FF00000000000000000000000000000000000000000000000000000000000000000000000000000000000000000000000000000000000000000000000000000000000000000000000000000000000000000000000000000000000000000000000000000000000000000
Glyph 1167 11 000000000000000000000000000000000000000000000000000000000000000000000000000000000000000000000000000000000000000000000000000000000000000000000000000000000000000000000000000000000000000000000000000000000000000000000000000000000000000000000000000000000000000000000000000000000000000000000000000000000000000000000000000000000000000000000000000000000000000000000000000000000000000000000000000000000000FF0FFFF0000000000000000000000000000000FFFFFFFF000000000000000000000000000000FFF0000FF00000000000000000000000000000FF00000FF00000000000000000000000000000FF00000FF00000000000000000000000000000FF00000FF00000000000000000000000000000FF00000FF00000000000000000000000000000FF0000FFF00000000000000000000000000000FF000FFFF00000000000000000000000000000FFFFFFFF000000000000000000000000000000FF0FFFFFF00000000000000000000000000000FF000000000000000000000000000000000000FF000000000000000000000000000000000000FF000000000000000000000000000000000000FF0000000000000000000000000000000000000000000000000000000000
Glyph 1168 11 00000000000000000000000000000000000000000000000000000000000000000000000000000000000000000000000000000000000000000000000000000000000000000000000000000000000000000000000000000000F0000000000000000000000000000000000000F0000000000000000000000000000000000000F000000000000000000000000000000FFFFFFFF000000000000000000000000000000FFFFFFFF000000000000000000000000000000F0000000000000000000000000000000000000F0000000000000000000000000000000000000F0000000000000000000000000000000000000F0000000000000000000000000000000000000F0000000000000000000000000000000000000F0000000000000000000000000000000000000F0000000000000000000000000000000000000F0000000000000000000000000000000000000F0000000000000000000000000000000000000F0000000000000000000000000000000000000F0000000000000000000000000000000000000F000000000000000000000000000000000000000000000000000000000000000000000000000000000000000000000000000000000000000000000000000000000000000000000000000000000000000000000000000000000000000000000000000000000000000000
Glyph 1169 9 00000000000000000000000000000000000000000000000000000000000000000000000000000000000000000000000000000000000000000000000000000000000000000000000000000000000000000000000000000000000000000000000000000000000000000000000000000000000000000000000000000000000000000000000000000000000000000000000FF000000000000000000000000000000000000FF000000000000000000000000000000000000FF0000000000000000000000000000000FFFFFFF0000000000000000000000000000000FF000000000000000000000000000000000000FF000000000000000000000000000000000000FF000000000000000000000000000000000000FF000000000000000000000000000000000000FF000000000000000000000000000000000000FF000000000000000000000000000000000000FF000000000000000000000000000000000000FF000000000000000000000000000000000000FF000000000000000000000000000000000000FF000000000000000000000000000000000000000000000000000000000000000000000000000000000000000000000000000000000000000000000000000000000000000000000000000000000000000000000000000000000000000000000000000000000000000000
Glyph 1170 11 0000000000000000000000000000000000000000000000000000000000000000000000000000000000000000000000000000000000000000000000000000000000000000000000000000000000000000000000000000000000000000000000000000000000000000000000000000000000000000000000000000000000000000000000000000000000000000000FFFFFFFF000000000000000000000000000000FFFFFFFF000000000000000000000000000000FF000000000000000000000000000000000000FF000000000000000000000000000000000000FF000000000000000000000000000000000000FF0000000000000000000000000000000000FFFFFF0000000000000000000000000000000000FF000000000000000000000000000000000000FF000000000000000000000000000000000000FF000000000000000000000000000000000000FF000000000000000000000000000000000000FF000000000000000000000000000000000000FF000000000000000000000000000000000000FF00000000000000000000000000000000000000000000000000000000000000000000000000000000000000000000000000000000000000000000000000000000000000000000000000000000000000000000000000000000000000000000000000000000000000000
Glyph 1171 8 0000000000000000000000000000000000000000000000000000000000000000000000000000000000000000000000000000000000000000000000000000000000000000000000000000000000000000000000000000000000000000000000000000000000000000000000000000000000000000000000000000000000000000000000000000000000000000000000000000000000000000000000000000000000000000000000000000000000000000000000000000000000000000000000000000000000000FFFFFF00000000000000000000000000000000F0000000000000000000000000000000000000F0000000000000000000000000000000000000F0000000000000000000000000000000000000F00000000000000000000000000000000000FFFFFF0000000000000000000000000000000000F0000000000000000000000000000000000000F0000000000000000000000000000000000000F0000000000000000000000000000000000000F0000000000000000000000000000000000000F000000000000000000000000000000000000000000000000000000000000000000000000000000000000000000000000000000000000000000000000000000000000000000000000000000000000000000000000000000000000000000000000000000000000000000
Glyph 1172 12 0000000000000000000000000000000000000000000000000000000000000000000000000000000000000000000000000000000000000000000000000000000000000000000000000000000000000000000000000000000000000000000000000000000000000000000000000000000000000000000000000000000000000000000000000000000000000000000FFFFFFFF000000000000000000000000000000FFFFFFFF000000000000000000000000000000FF000000000000000000000000000000000000FF000000000000000000000000000000000000FF000000000000000000000000000000000000FF000000000000000000000000000000000000FFFFFF00000000000000000000000000000000FFFFFFFF000000000000000000000000000000FF0000FF000000000000000000000000000000FF00000FF00000000000000000000000000000FF00000FF00000000000000000000000000000FF00000FF00000000000000000000000000000FF00000FF00000000000000000000000000000FF00000FF000000000000000000000000000000000000FF0000000000000000000000000000000000FFF00000000000000000000000000000000000FF000000000000000000000000000000000000000000000000000000000000000000000000000000000000000000
Glyph 1173 10 000000000000000000000000000000000000000000000000000000000000000000000000000000000000000000000000000000000000000000000000000000000000000000000000000000000000000000000000000000000000000000000000000000000000000000000000000000000000000000000000000000000000000000000000000000000000000000000000000000000000000000000000000000000000000000000000000000000000000000000000000000000000000000000000000000000000FFFFFFF0000000000000000000000000000000FF000000000000000000000000000000000000FF000000000000000000000000000000000000FF000000000000000000000000000000000000FFFFFF00000000000000000000000000000000FFFFFFF0000000000000000000000000000000FF0000FF000000000000000000000000000000FF0000FF000000000000000000000000000000FF00000F000000000000000000000000000000FF00000F000000000000000000000000000000FF0000FF000000000000000000000000000000000000FF0000000000000000000000000000000000FFF00000000000000000000000000000000000FF00000000000000000000000000000000000000000000000000000000000000000000000000000000000000000000
Glyph 1174 19 000000000000000000000000000000000000000000000000000000000000000000000000000000000000000000000000000000000000000000000000000000000000000000000000000000000000000000000000000000000000000000000000000000000000000000000000000000000000000000000000000000000000000000000000000000000000000000FF00000FF00000FF00000000000000000000000FF0000FF0000FFF00000000000000000000000FFF000FF0000FF0000000000000000000000000FF000FF000FF000000000000000000000000000FF00FF00FF00000000000000000000000000000FFFFFFFFF00000000000000000000000000000FFFFFFFFF0000000000000000000000000000FF00FF00FF0000000000000000000000000000FF00FF00FFF00000000000000000000000000FF000FF000FF0000000000000000000000000FFF000FF0000FF000000000000000000000000FF0000FF0000FFF0000000000000000000000FF00000FF00000FF0000000000000000000000FF00000FF00000FFFF000000000000000000000000000000000000FF000000000000000000000000000000000000FF000000000000000000000000000000000000FF000000000000000000000000000000000000FF000000000000000000000000000000000000000000
Glyph 1175 16 000000000000000000000000000000000000000000000000000000000000000000000000000000000000000000000000000000000000000000000000000000000000000000000000000000000000000000000000000000000000000000000000000000000000000000000000000000000000000000000000000000000000000000000000000000000000000000000000000000000000000000000000000000000000000000000000000000000000000000000000000000000000000000000000000000000000FF0000FF000FF00000000000000000000000000FF000FF000FF00000000000000000000000000FF000FF00FF0000000000000000000000000000FF00FF0FF000000000000000000000000000000FFFFFFFF000000000000000000000000000000FFFFFFF000000000000000000000000000000FF00FF0FF0000000000000000000000000000FFF00FF00FF000000000000000000000000000FF000FF00FF00000000000000000000000000FF0000FF000FF0000000000000000000000000FF0000FF000FFFF000000000000000000000000000000000000FF000000000000000000000000000000000000FF000000000000000000000000000000000000FF000000000000000000000000000000000000FF000000000000000000000000000000000000000000000
Glyph 1176 12 00000000000000000000000000000000000000000000000000000000000000000000000000000000000000000000000000000000000000000000000000000000000000000000000000000000000000000000000000000000000000000000000000000000000000000000000000000000000000000000000000000000000000000000000000000000000000000000FFFFFF0000000000000000000000000000000FFFFFFFF00000000000000000000000000000FF00000FFF0000000000000000000000000000FF000000FF000000000000000000000000000000000000FF000000000000000000000000000000000000F00000000000000000000000000000000FFFFFF00000000000000000000000000000000FFFFF0000000000000000000000000000000000000FFF000000000000000000000000000000000000FF0000000000000000000000000000FF000000FF0000000000000000000000000000FF000000FF00000000000000000000000000000FFFFFFFF0000000000000000000000000000000FFFFFF0000000000000000000000000000000000FF000000000000000000000000000000000000FF000000000000000000000000000000000000FF000000000000000000000000000000000000FF000000000000000000000000000000000000FF0000000000000000
Glyph 1177 10 00000000000000000000000000000000000000000000000000000000000000000000000000000000000000000000000000000000000000000000000000000000000000000000000000000000000000000000000000000000000000000000000000000000000000000000000000000000000000000000000000000000000000000000000000000000000000000000000000000000000000000000000000000000000000000000000000000000000000000000000000000000000000000000000000000000000000FFFFF00000000000000000000000000000000FFF0FFF000000000000000000000000000000FF0000FF000000000000000000000000000000000000FF00000000000000000000000000000000FFFFF000000000000000000000000000000000FFFFF0000000000000000000000000000000000000FF000000000000000000000000000000000000FF000000000000000000000000000000FF0000FF000000000000000000000000000000FFFF0FFF00000000000000000000000000000000FFFF00000000000000000000000000000000000FF000000000000000000000000000000000000FF000000000000000000000000000000000000FF000000000000000000000000000000000000FF000000000000000000000000000000000000FF00000000000000000
Glyph 1178 14 0000000000000000000000000000000000000000000000000000000000000000000000000000000000000000000000000000000000000000000000000000000000000000000000000000000000000000000000000000000000000000000000000000000000000000000000000000000000000000000000000000000000000000000000000000000000000000000FF000000FF0000000000000000000000000000FF00000FF00000000000000000000000000000FF0000FF000000000000000000000000000000FF000FFF000000000000000000000000000000FF000FF0000000000000000000000000000000FF00FF00000000000000000000000000000000FFFFF000000000000000000000000000000000FFFFF000000000000000000000000000000000FF00FF00000000000000000000000000000000FF000FF0000000000000000000000000000000FF000FFF000000000000000000000000000000FF0000FFF00000000000000000000000000000FF00000FFFF000000000000000000000000000FF000000FFF000000000000000000000000000000000000FF000000000000000000000000000000000000FF000000000000000000000000000000000000FF00000000000000000000000000000000000000000000000000000000000000000000000000000000000000
Glyph 1179 12 0000000000000000000000000000000000000000000000000000000000000000000000000000000000000000000000000000000000000000000000000000000000000000000000000000000000000000000000000000000000000000000000000000000000000000000000000000000000000000000000000000000000000000000000000000000000000000000000000000000000000000000000000000000000000000000000000000000000000000000000000000000000000000000000000000000000000F00000FF000000000000000000000000000000F0000FF0000000000000000000000000000000F000FF00000000000000000000000000000000F00FF000000000000000000000000000000000FFFFF000000000000000000000000000000000FFFF0000000000000000000000000000000000F00FF000000000000000000000000000000000F000FF00000000000000000000000000000000F000FFF0000000000000000000000000000000F0000FFFF00000000000000000000000000000F00000FFF000000000000000000000000000000000000FF000000000000000000000000000000000000FF000000000000000000000000000000000000FF0000000000000000000000000000000000000000000000000000000000000000000000000000000000000000
Glyph 1180 13 0000000000000000000000000000000000000000000000000000000000000000000000000000000000000000000000000000000000000000000000000000000000000000000000000000000000000000000000000000000000000000000000000000000000000000000000000000000000000000000000000000000000000000000000000000000000000000000F0000000FF0000000000000000000000000000F000000FF00000000000000000000000000000F000000FF00000000000000000000000000000F00000FF000000000000000000000000000000F0FF00FF000000000000000000000000000000F0FF0FF0000000000000000000000000000000FFFFFF00000000000000000000000000000000FFFFFFF0000000000000000000000000000000F0FF0FF0000000000000000000000000000000F0FF00FF000000000000000000000000000000F00000FF000000000000000000000000000000F000000FF00000000000000000000000000000F000000FFF0000000000000000000000000000F0000000FF000000000000000000000000000000000000000000000000000000000000000000000000000000000000000000000000000000000000000000000000000000000000000000000000000000000000000000000000000000000000000000000000000000000
Glyph 1181 11 0000000000000000000000000000000000000000000000000000000000000000000000000000000000000000000000000000000000000000000000000000000000000000000000000000000000000000000000000000000000000000000000000000000000000000000000000000000000000000000000000000000000000000000000000000000000000000000000000000000000000000000000000000000000000000000000000000000000000000000000000000000000000000000000000000000000000F00000FFF00000000000000000000000000000F00000FF000000000000000000000000000000F0FF0FF0000000000000000000000000000000F0FF0FF0000000000000000000000000000000FFFFFF00000000000000000000000000000000FFFFFF00000000000000000000000000000000F0FFFFF0000000000000000000000000000000F0FF0FF0000000000000000000000000000000F00000FF000000000000000000000000000000F00000FF000000000000000000000000000000F000000FF0000000000000000000000000000000000000000000000000000000000000000000000000000000000000000000000000000000000000000000000000000000000000000000000000000000000000000000000000000000000000000000000000000000000
Glyph 1182 13 0000000000000000000000000000000000000000000000000000000000000000000000000000000000000000000000000000000000000000000000000000000000000000000000000000000000000000000000000000000000000000000000000000000000000000000000000000000000000000000000000000000000000000000000000000000000000000000FF000000FF0000000000000000000000000000FF00000FF000000000000000000000000000FFFFFF00FFF00000000000000000000000000000FF0000FF000000000000000000000000000000FF000FF0000000000000000000000000000000FF00FF00000000000000000000000000000000FFFFFF00000000000000000000000000000000FFFFFF00000000000000000000000000000000FF00FF00000000000000000000000000000000FF000FF0000000000000000000000000000000FF0000FF000000000000000000000000000000FF00000FF00000000000000000000000000000FF00000FFF0000000000000000000000000000FF000000FFF00000000000000000000000000000000000000000000000000000000000000000000000000000000000000000000000000000000000000000000000000000000000000000000000000000000000000000000000000000000000000000000000000000000
Glyph 1183 10 00000000000000000000000000000000000000000000000000000000000000000000000000000000000000000000000000000000000000000000000000000000000000000000000000000000000000000000000000000000000000000000000000000000000000000000000000000000000000000000000000000F0000000000000000000000000000000000000F00000000000000000000000000000000000FFFFFF0000000000000000000000000000000000F0000000000000000000000000000000000000F0000FFF000000000000000000000000000000F0000FF0000000000000000000000000000000F000FF00000000000000000000000000000000F00FF000000000000000000000000000000000FFFFF000000000000000000000000000000000FFFF0000000000000000000000000000000000F00FF000000000000000000000000000000000F000FF00000000000000000000000000000000F000FFF0000000000000000000000000000000F0000FF0000000000000000000000000000000F00000FF00000000000000000000000000000000000000000000000000000000000000000000000000000000000000000000000000000000000000000000000000000000000000000000000000000000000000000000000000000000000000000000000000000000000
Glyph 1184 16 000000000000000000000000000000000000000000000000000000000000000000000000000000000000000000000000000000000000000000000000000000000000000000000000000000000000000000000000000000000000000000000000000000000000000000000000000000000000000000000000000000000000000000000000000000000000000000FFFFFF000000FFF000000000000000000000000000FF00000FFF0000000000000000000000000000FF00000FF00000000000000000000000000000FF0000FF000000000000000000000000000000FF000FF0000000000000000000000000000000FF00FFF0000000000000000000000000000000FFFFFF00000000000000000000000000000000FFFFFF00000000000000000000000000000000FF00FFF0000000000000000000000000000000FF000FFF000000000000000000000000000000FF0000FF000000000000000000000000000000FF00000FF00000000000000000000000000000FF000000FF0000000000000000000000000000FF0000000FF00000000000000000000000000000000000000000000000000000000000000000000000000000000000000000000000000000000000000000000000000000000000000000000000000000000000000000000000000000000000000000000000000000
Glyph 1185 14 000000000000000000000000000000000000000000000000000000000000000000000000000000000000000000000000000000000000000000000000000000000000000000000000000000000000000000000000000000000000000000000000000000000000000000000000000000000000000000000000000000000000000000000000000000000000000000000000000000000000000000000000000000000000000000000000000000000000000000000000000000000000000000000000000000000000FFFFF00000FF000000000000000000000000000000F0000FF0000000000000000000000000000000F000FF00000000000000000000000000000000F00FF000000000000000000000000000000000FFFFF000000000000000000000000000000000FFFFF000000000000000000000000000000000F00FF000000000000000000000000000000000F000FF00000000000000000000000000000000F0000FF0000000000000000000000000000000F0000FFF000000000000000000000000000000F00000FF00000000000000000000000000000000000000000000000000000000000000000000000000000000000000000000000000000000000000000000000000000000000000000000000000000000000000000000000000000000000000000000000000000000
Glyph 1186 15 0000000000000000000000000000000000000000000000000000000000000000000000000000000000000000000000000000000000000000000000000000000000000000000000000000000000000000000000000000000000000000000000000000000000000000000000000000000000000000000000000000000000000000000000000000000000000000000FF0000000FF000000000000000000000000000FF0000000FF000000000000000000000000000FF0000000FF000000000000000000000000000FF0000000FF000000000000000000000000000FF0000000FF000000000000000000000000000FF0000000FF000000000000000000000000000FFFFFFFFFFF000000000000000000000000000FFFFFFFFFFF000000000000000000000000000FF0000000FF000000000000000000000000000FF0000000FF000000000000000000000000000FF0000000FF000000000000000000000000000FF0000000FF000000000000000000000000000FF0000000FF000000000000000000000000000FF0000000FFF000000000000000000000000000000000000FF000000000000000000000000000000000000FF000000000000000000000000000000000000FF000000000000000000000000000000000000FF00000000000000000000000000000000000000000000000
Glyph 1187 12 0000000000000000000000000000000000000000000000000000000000000000000000000000000000000000000000000000000000000000000000000000000000000000000000000000000000000000000000000000000000000000000000000000000000000000000000000000000000000000000000000000000000000000000000000000000000000000000000000000000000000000000000000000000000000000000000000000000000000000000000000000000000000000000000000000000000000F00000FF000000000000000000000000000000F00000FF000000000000000000000000000000F00000FF000000000000000000000000000000F00000FF000000000000000000000000000000F00000FF000000000000000000000000000000FFFFFFFF000000000000000000000000000000F00000FF000000000000000000000000000000F00000FF000000000000000000000000000000F00000FF000000000000000000000000000000F00000FF000000000000000000000000000000F00000FFFF000000000000000000000000000000000000FF000000000000000000000000000000000000FF000000000000000000000000000000000000FF000000000000000000000000000000000000FF0000000000000000000000000000000000000000000000000
Glyph 1188 20 0000000000000000000000000000000000000000000000000000000000000000000000000000000000000000000000000000000000000000000000000000000000000000000000000000000000000000000000000000000000000000000000000000000000000000000000000000000000000000000000000000000000000000000000000000000000000000000FF0000000FFFFFFFF000000000000000000000FF0000000FF000000000000000000000000000FF0000000FF000000000000000000000000000FF0000000FF000000000000000000000000000FF0000000FF000000000000000000000000000FF0000000FF000000000000000000000000000FFFFFFFFFFF000000000000000000000000000FFFFFFFFFFF000000000000000000000000000FF0000000FF000000000000000000000000000FF0000000FF000000000000000000000000000FF0000000FF000000000000000000000000000FF0000000FF000000000000000000000000000FF0000000FF000000000000000000000000000FF0000000FF00000000000000000000000000000000000000000000000000000000000000000000000000000000000000000000000000000000000000000000000000000000000000000000000000000000000000000000000000000000000000000000000000000000
Glyph 1189 14 000000000000000000000000000000000000000000000000000000000000000000000000000000000000000000000000000000000000000000000000000000000000000000000000000000000000000000000000000000000000000000000000000000000000000000000000000000000000000000000000000000000000000000000000000000000000000000000000000000000000000000000000000000000000000000000000000000000000000000000000000000000000000000000000000000000000FF00000FFFFFF0000000000000000000000000FF00000FF00000000000000000000000000000FF00000FF00000000000000000000000000000FF00000FF00000000000000000000000000000FF00000FF00000000000000000000000000000FFFFFFFFF00000000000000000000000000000FF00000FF00000000000000000000000000000FF00000FF00000000000000000000000000000FF00000FF00000000000000000000000000000FF00000FF00000000000000000000000000000FF00000FF00000000000000000000000000000000000000000000000000000000000000000000000000000000000000000000000000000000000000000000000000000000000000000000000000000000000000000000000000000000000000000000000000000000000
Glyph 1190 20 0000000000000000000000000000000000000000000000000000000000000000000000000000000000000000000000000000000000000000000000000000000000000000000000000000000000000000000000000000000000000000000000000000000000000000000000000000000000000000000000000000000000000000000000000000000000000000000FFFFFFFFFF0000000000000000000000000000FFFFFFFFFF0000000000000000000000000000FF0000000F0000000000000000000000000000FF0000000F0000000000000000000000000000FF0000000F0000000000000000000000000000FF0000000F0000000000000000000000000000FF0000000FFFFF000000000000000000000000FF0000000FFFFFFF0000000000000000000000FF0000000F00000FF000000000000000000000FF0000000F00000FF000000000000000000000FF0000000F000000F000000000000000000000FF0000000F000000F000000000000000000000FF0000000F000000F000000000000000000000FF0000000F00000FF000000000000000000000000000000000000FF00000000000000000000000000000000000FF00000000000000000000000000000000000FF0000000000000000000000000000000000000000000000000000000000000000000000000000000000
Glyph 1191 17 000000000000000000000000000000000000000000000000000000000000000000000000000000000000000000000000000000000000000000000000000000000000000000000000000000000000000000000000000000000000000000000000000000000000000000000000000000000000000000000000000000000000000000000000000000000000000000000000000000000000000000000000000000000000000000000000000000000000000000000000000000000000000000000000000000000000FFFFFFFFF00000000000000000000000000000FF00000FF00000000000000000000000000000FF00000FF00000000000000000000000000000FF00000FF00000000000000000000000000000FF00000FFFFFF0000000000000000000000000FF00000FFFFFFF000000000000000000000000FF00000FF0000FF00000000000000000000000FF00000FF00000FF0000000000000000000000FF00000FF00000FF0000000000000000000000FF00000FF00000FF0000000000000000000000FF00000FF00000FF00000000000000000000000000000000000FF00000000000000000000000000000000000FF000000000000000000000000000000000000F0000000000000000000000000000000000000000000000000000000000000000000000000000000000000
Glyph 1192 15 000000000000000000000000000000000000000000000000000000000000000000000000000000000000000000000000000000000000000000000000000000000000000000000000000000000000000000000000000000000000000000000000000000000000000000000000000000000000000000000000000000000000000000000000000000000000000000000FF00FFFF0000000000000000000000000000FFFF0FFFFFF000000000000000000000000000FF00FF000FF00000000000000000000000000FF000FF0000FF0000000000000000000000000FF000FF0000FF0000000000000000000000000FF000FF0000FF0000000000000000000000000FF000FF0000FF0000000000000000000000000FF000FF0000FF0000000000000000000000000FF000FF0000FF0000000000000000000000000FF000FF0000FF00000000000000000000000000FF000FF00FF000000000000000000000000000FFF00FFFFFF0000000000000000000000000000FFFFFFFFFFF00000000000000000000000000000FFFFF0FFF0000000000000000000000000000000000000000000000000000000000000000000000000000000000000000000000000000000000000000000000000000000000000000000000000000000000000000000000000000000000000000000000000000000
Glyph 1193 12 00000000000000000000000000000000000000000000000000000000000000000000000000000000000000000000000000000000000000000000000000000000000000000000000000000000000000000000000000000000000000000000000000000000000000000000000000000000000000000000000000000000000000000000000000000000000000000000000000000000000000000000000000000000000000000000000000000000000000000000000000000000000000000000000000000000000000FF0FFFF000000000000000000000000000000FFFFFFFF00000000000000000000000000000FF00FF00FF0000000000000000000000000000FF00FF00FF0000000000000000000000000000FF00FF00FF0000000000000000000000000000FF00FF00FF0000000000000000000000000000FF00FF00FF0000000000000000000000000000FF00FF00FF00000000000000000000000000000FF00FFFF0000000000000000000000000000000FFFFFFFFF000000000000000000000000000000FFFF0FFF000000000000000000000000000000000000000000000000000000000000000000000000000000000000000000000000000000000000000000000000000000000000000000000000000000000000000000000000000000000000000000000000000000000
Glyph 1194 13 000000000000000000000000000000000000000000000000000000000000000000000000000000000000000000000000000000000000000000000000000000000000000000000000000000000000000000000000000000000000000000000000000000000000000000000000000000000000000000000000000000000000000000000000000000000000000000000FFFFF00000000000000000000000000000000FFFFFFFF00000000000000000000000000000FF00000FF00000000000000000000000000000FF000000FF000000000000000000000000000FF0000000FF000000000000000000000000000FF000000000000000000000000000000000000FF000000000000000000000000000000000000FF000000000000000000000000000000000000FF000000000000000000000000000000000000FF0000000FF0000000000000000000000000000FF000000FF0000000000000000000000000000FF00000FF000000000000000000000000000000FFFFFFFF0000000000000000000000000000000FFFFF00000000000000000000000000000000000FF000000000000000000000000000000000000FF000000000000000000000000000000000000FF000000000000000000000000000000000000FF000000000000000000000000000000000000FF000000000000000
Glyph 1195 10 00000000000000000000000000000000000000000000000000000000000000000000000000000000000000000000000000000000000000000000000000000000000000000000000000000000000000000000000000000000000000000000000000000000000000000000000000000000000000000000000000000000000000000000000000000000000000000000000000000000000000000000000000000000000000000000000000000000000000000000000000000000000000000000000000000000000000FFFFF00000000000000000000000000000000FFF0FFF000000000000000000000000000000FF00000FF00000000000000000000000000000FF00000FF00000000000000000000000000000FF000000000000000000000000000000000000FF000000000000000000000000000000000000FF000000000000000000000000000000000000FF00000FF00000000000000000000000000000FF00000F0000000000000000000000000000000FFFFFFF00000000000000000000000000000000FFFFF0000000000000000000000000000000000FF000000000000000000000000000000000000FF000000000000000000000000000000000000FF000000000000000000000000000000000000FF000000000000000000000000000000000000FF00000000000000000
Glyph 1196 12 00000000000000000000000000000000000000000000000000000000000000000000000000000000000000000000000000000000000000000000000000000000000000000000000000000000000000000000000000000000000000000000000000000000000000000000000000000000000000000000000000000000000000000000000000000000000000000FFFFFFFFFFF000000000000000000000000000FFFFFFFFFFF00000000000000000000000000000000FF000000000000000000000000000000000000FF000000000000000000000000000000000000FF000000000000000000000000000000000000FF000000000000000000000000000000000000FF000000000000000000000000000000000000FF000000000000000000000000000000000000FF000000000000000000000000000000000000FF000000000000000000000000000000000000FF000000000000000000000000000000000000FF000000000000000000000000000000000000FF000000000000000000000000000000000000FFFF000000000000000000000000000000000000FF000000000000000000000000000000000000FF000000000000000000000000000000000000FF000000000000000000000000000000000000FF0000000000000000000000000000000000000000000000000000
Glyph 1197 10 00000000000000000000000000000000000000000000000000000000000000000000000000000000000000000000000000000000000000000000000000000000000000000000000000000000000000000000000000000000000000000000000000000000000000000000000000000000000000000000000000000000000000000000000000000000000000000000000000000000000000000000000000000000000000000000000000000000000000000000000000000000000000000000000000000000000FFFFFFFFF000000000000000000000000000000000FF000000000000000000000000000000000000FF000000000000000000000000000000000000FF000000000000000000000000000000000000FF000000000000000000000000000000000000FF000000000000000000000000000000000000FF000000000000000000000000000000000000FF000000000000000000000000000000000000FF000000000000000000000000000000000000FF000000000000000000000000000000000000FFF000000000000000000000000000000000000FF000000000000000000000000000000000000FF000000000000000000000000000000000000FF000000000000000000000000000000000000FF000000000000000000000000000000000000000000000000000000
Glyph 1200 12 00000000000000000000000000000000000000000000000000000000000000000000000000000000000000000000000000000000000000000000000000000000000000000000000000000000000000000000000000000000000000000000000000000000000000000000000000000000000000000000000000000000000000000000000000000000000000000FFF000000FFF000000000000000000000000000FF000000FF00000000000000000000000000000FF0000FF000000000000000000000000000000FF0000FF0000000000000000000000000000000FF00FF00000000000000000000000000000000FF00FF000000000000000000000000000000000FFFF0000000000000000000000000000000000FFFF000000000000000000000000000000000FFFFFF0000000000000000000000000000000000FF000000000000000000000000000000000000FF000000000000000000000000000000000000FF000000000000000000000000000000000000FF000000000000000000000000000000000000FF00000000000000000000000000000000000000000000000000000000000000000000000000000000000000000000000000000000000000000000000000000000000000000000000000000000000000000000000000000000000000000000000000000000000000
Glyph 1201 10 000000000000000000000000000000000000000000000000000000000000000000000000000000000000000000000000000000000000000000000000000000000000000000000000000000000000000000000000000000000000000000000000000000000000000000000000000000000000000000000000000000000000000000000000000000000000000000000000000000000000000000000000000000000000000000000000000000000000000000000000000000000000000000000000000000000000F000000FF00000000000000000000000000000FF0000FF000000000000000000000000000000FF0000FF0000000000000000000000000000000FF000F00000000000000000000000000000000FF00FF000000000000000000000000000000000F00FF000000000000000000000000000000000FF0F0000000000000000000000000000000000FFFF00000000000000000000000000000000000FFF000000000000000000000000000000000FFFFFF00000000000000000000000000000000FFFFFF0000000000000000000000000000000000FF000000000000000000000000000000000000FF000000000000000000000000000000000000FF000000000000000000000000000000000000FF0000000000000000000000000000000000000000000000000000000
Glyph 1202 13 000000000000000000000000000000000000000000000000000000000000000000000000000000000000000000000000000000000000000000000000000000000000000000000000000000000000000000000000000000000000000000000000000000000000000000000000000000000000000000000000000000000000000000000000000000000000000000FF000000FFF0000000000000000000000000000FF00000FF00000000000000000000000000000FF0000FF0000000000000000000000000000000FF00FFF00000000000000000000000000000000FF0FF000000000000000000000000000000000FFFF00000000000000000000000000000000000FFF00000000000000000000000000000000000FFF0000000000000000000000000000000000FFFF000000000000000000000000000000000FFF0FF00000000000000000000000000000000FF000FF000000000000000000000000000000FF0000FF000000000000000000000000000000FF00000FF0000000000000000000000000000FF000000FFFF000000000000000000000000000000000000FF000000000000000000000000000000000000FF000000000000000000000000000000000000FF000000000000000000000000000000000000FF000000000000000000000000000000000000000000000000
Glyph 1203 10 000000000000000000000000000000000000000000000000000000000000000000000000000000000000000000000000000000000000000000000000000000000000000000000000000000000000000000000000000000000000000000000000000000000000000000000000000000000000000000000000000000000000000000000000000000000000000000000000000000000000000000000000000000000000000000000000000000000000000000000000000000000000000000000000000000000000FF0000FF000000000000000000000000000000FF000FF00000000000000000000000000000000FF00FF000000000000000000000000000000000FFFF0000000000000000000000000000000000FFFF00000000000000000000000000000000000FF00000000000000000000000000000000000FFFF0000000000000000000000000000000000FFFF000000000000000000000000000000000FF00FF0000000000000000000000000000000FF0000FF000000000000000000000000000000FF0000FFF000000000000000000000000000000000000FF000000000000000000000000000000000000FF000000000000000000000000000000000000FF000000000000000000000000000000000000FF000000000000000000000000000000000000000000000000000
Glyph 1204 18 000000000000000000000000000000000000000000000000000000000000000000000000000000000000000000000000000000000000000000000000000000000000000000000000000000000000000000000000000000000000000000000000000000000000000000000000000000000000000000000000000000000000000000000000000000000000000000FFFFFFFFF000FF000000000000000000000000000FF0000000FF000000000000000000000000000FF0000000FF000000000000000000000000000FF0000000FF000000000000000000000000000FF0000000FF000000000000000000000000000FF0000000FF000000000000000000000000000FF0000000FF000000000000000000000000000FF0000000FF000000000000000000000000000FF0000000FF000000000000000000000000000FF0000000FF000000000000000000000000000FF0000000FF000000000000000000000000000FF0000000FF000000000000000000000000000FFFFFFFFFFFF00000000000000000000000000FFFFFFFFFFFF0000000000000000000000000000000000000F0000000000000000000000000000000000000F0000000000000000000000000000000000000F00000000000000000000000000000000000000000000000000000000000000000000000000000000000
Glyph 1205 13 00000000000000000000000000000000000000000000000000000000000000000000000000000000000000000000000000000000000000000000000000000000000000000000000000000000000000000000000000000000000000000000000000000000000000000000000000000000000000000000000000000000000000000000000000000000000000000000000000000000000000000000000000000000000000000000000000000000000000000000000000000000000000000000000000000000000FFFFFFF000F000000000000000000000000000000FF00000F000000000000000000000000000000FF00000F000000000000000000000000000000FF00000F000000000000000000000000000000FF00000F000000000000000000000000000000FF00000F000000000000000000000000000000FF00000F000000000000000000000000000000FF00000F000000000000000000000000000000FF00000F000000000000000000000000000000FF00000F000000000000000000000000000000FFFFFFFFFF000000000000000000000000000000000000FF000000000000000000000000000000000000FF000000000000000000000000000000000000FF00000000000000000000000000000000000000000000000000000000000000000000000000000000000000
Glyph 1206 14 000000000000000000000000000000000000000000000000000000000000000000000000000000000000000000000000000000000000000000000000000000000000000000000000000000000000000000000000000000000000000000000000000000000000000000000000000000000000000000000000000000000000000000000000000000000000000000FF0000000FF000000000000000000000000000FF0000000FF000000000000000000000000000FF0000000FF000000000000000000000000000FF0000000FF000000000000000000000000000FF0000000FF0000000000000000000000000000F0000000FF0000000000000000000000000000FF000000FF0000000000000000000000000000FFFFFFFFFF000000000000000000000000000000FFFFFFFF000000000000000000000000000000000000FF000000000000000000000000000000000000FF000000000000000000000000000000000000FF000000000000000000000000000000000000FF000000000000000000000000000000000000FFFF000000000000000000000000000000000000FF000000000000000000000000000000000000FF000000000000000000000000000000000000FF000000000000000000000000000000000000FF00000000000000000000000000000000000000000000000
Glyph 1207 11 000000000000000000000000000000000000000000000000000000000000000000000000000000000000000000000000000000000000000000000000000000000000000000000000000000000000000000000000000000000000000000000000000000000000000000000000000000000000000000000000000000000000000000000000000000000000000000000000000000000000000000000000000000000000000000000000000000000000000000000000000000000000000000000000000000000000FF00000F000000000000000000000000000000FF00000F000000000000000000000000000000FF00000F000000000000000000000000000000FF00000F000000000000000000000000000000FF00000F0000000000000000000000000000000FFFFFFF00000000000000000000000000000000FFFFFF0000000000000000000000000000000000000F0000000000000000000000000000000000000F0000000000000000000000000000000000000F0000000000000000000000000000000000000FFF000000000000000000000000000000000000FF000000000000000000000000000000000000FF000000000000000000000000000000000000FF000000000000000000000000000000000000FF00000000000000000000000000000000000000000000000000
Glyph 1208 14 000000000000000000000000000000000000000000000000000000000000000000000000000000000000000000000000000000000000000000000000000000000000000000000000000000000000000000000000000000000000000000000000000000000000000000000000000000000000000000000000000000000000000000000000000000000000000000FF0000000FF000000000000000000000000000FF0000000FF000000000000000000000000000FF0000000FF000000000000000000000000000FF0000000FF000000000000000000000000000FF000FF00FF0000000000000000000000000000F000FF00FF0000000000000000000000000000FF00FF00FF0000000000000000000000000000FFFFFFFFFF000000000000000000000000000000FFFFFFFF00000000000000000000000000000000FF00FF00000000000000000000000000000000FF00FF000000000000000000000000000000000000FF000000000000000000000000000000000000FF000000000000000000000000000000000000FF000000000000000000000000000000000000000000000000000000000000000000000000000000000000000000000000000000000000000000000000000000000000000000000000000000000000000000000000000000000000000000000000000000000
Glyph 1209 11 000000000000000000000000000000000000000000000000000000000000000000000000000000000000000000000000000000000000000000000000000000000000000000000000000000000000000000000000000000000000000000000000000000000000000000000000000000000000000000000000000000000000000000000000000000000000000000000000000000000000000000000000000000000000000000000000000000000000000000000000000000000000000000000000000000000000FF00000FF00000000000000000000000000000FF00000FF00000000000000000000000000000FF00000FF00000000000000000000000000000FF00F00FF00000000000000000000000000000FF00F00FF000000000000000000000000000000FFFFFFFF0000000000000000000000000000000FFFFFFF000000000000000000000000000000000F00FF000000000000000000000000000000000F00FF000000000000000000000000000000000000FF000000000000000000000000000000000000FF00000000000000000000000000000000000000000000000000000000000000000000000000000000000000000000000000000000000000000000000000000000000000000000000000000000000000000000000000000000000000000000000000000000000
Glyph 1210 14 000000000000000000000000000000000000000000000000000000000000000000000000000000000000000000000000000000000000000000000000000000000000000000000000000000000000000000000000000000000000000000000000000000000000000000000000000000000000000000000000000000000000000000000000000000000000000000FF000000000000000000000000000000000000FF000000000000000000000000000000000000FF000000000000000000000000000000000000FF000000000000000000000000000000000000FF000000000000000000000000000000000000FFFFFFFFF00000000000000000000000000000FFFFFFFFFF0000000000000000000000000000FF0000000FF000000000000000000000000000FF0000000FF000000000000000000000000000FF0000000FF000000000000000000000000000FF0000000FF000000000000000000000000000FF0000000FF000000000000000000000000000FF0000000FF000000000000000000000000000FF0000000FF000000000000000000000000000000000000000000000000000000000000000000000000000000000000000000000000000000000000000000000000000000000000000000000000000000000000000000000000000000000000000000000000000000000
Glyph 1212 15 000000000000000000000000000000000000000000000000000000000000000000000000000000000000000000000000000000000000000000000000000000000000000000000000000000000000000000000000000000000000000000000000000000000000000000000000000000000000000000000000000000000000000000000000000000000000000000000000FFFFF0000000000000000000000000000000FFFFFFFF000000000000000000000000000000FF00000FF0000000000000000000000000F00FF000000FF0000000000000000000000000F00FF000000FF0000000000000000000000000FFFFF000000FF00000000000000000000000000FFFFFFFFFFFF0000000000000000000000000000FF000000000000000000000000000000000000FF000000000000000000000000000000000000FF000000000000000000000000000000000000FF0000000000000000000000000000000000000FF000000000000000000000000000000000000FFFFFFFF00000000000000000000000000000000FFFFFF00000000000000000000000000000000000000000000000000000000000000000000000000000000000000000000000000000000000000000000000000000000000000000000000000000000000000000000000000000000000000000000000000000000
Glyph 1213 12 0000000000000000000000000000000000000000000000000000000000000000000000000000000000000000000000000000000000000000000000000000000000000000000000000000000000000000000000000000000000000000000000000000000000000000000000000000000000000000000000000000000000000000000000000000000000000000000000000000000000000000000000000000000000000000000000000000000000000000000000000000000000000000000000000000000000000000FFFF00000000000000000000000000000000FFF0FFF0000000000000000000000000000F00FF0000FF000000000000000000000000000F0FF00000FF000000000000000000000000000FFFF00000FF0000000000000000000000000000FFFFFFFFFF00000000000000000000000000000FF000000000000000000000000000000000000FF0000000000000000000000000000000000000FF0000F0000000000000000000000000000000FFFFFFF000000000000000000000000000000000FFFF000000000000000000000000000000000000000000000000000000000000000000000000000000000000000000000000000000000000000000000000000000000000000000000000000000000000000000000000000000000000000000000000000000000000
Glyph 1214 15 000000000000000000000000000000000000000000000000000000000000000000000000000000000000000000000000000000000000000000000000000000000000000000000000000000000000000000000000000000000000000000000000000000000000000000000000000000000000000000000000000000000000000000000000000000000000000000000000FFFFF0000000000000000000000000000000FFFFFFFF000000000000000000000000000000FF00000FF0000000000000000000000000F00FF000000FF0000000000000000000000000F00FF000000FF0000000000000000000000000FFFFF000000FF00000000000000000000000000FFFFFFFFFFFF0000000000000000000000000000FF000000000000000000000000000000000000FF000000000000000000000000000000000000FF000000000000000000000000000000000000FF0000000000000000000000000000000000000FF000000000000000000000000000000000000FFFFFFFF00000000000000000000000000000000FFFFFF0000000000000000000000000000000000FF000000000000000000000000000000000000FF000000000000000000000000000000000000FF000000000000000000000000000000000000FF00000000000000000000000000000000000000000000000000
Glyph 1215 12 0000000000000000000000000000000000000000000000000000000000000000000000000000000000000000000000000000000000000000000000000000000000000000000000000000000000000000000000000000000000000000000000000000000000000000000000000000000000000000000000000000000000000000000000000000000000000000000000000000000000000000000000000000000000000000000000000000000000000000000000000000000000000000000000000000000000000000FFFF00000000000000000000000000000000FFF0FFF0000000000000000000000000000F00FF0000FF000000000000000000000000000F0FF00000FF000000000000000000000000000FFFF00000FF0000000000000000000000000000FFFFFFFFFF00000000000000000000000000000FF000000000000000000000000000000000000FF0000000000000000000000000000000000000FF0000F0000000000000000000000000000000FFFFFFF000000000000000000000000000000000FFFF00000000000000000000000000000000000FF000000000000000000000000000000000000FF000000000000000000000000000000000000FF000000000000000000000000000000000000FF00000000000000000000000000000000000000000000000000000
Glyph 1217 18 000000000000000000000000000000000000000000000000000000000000000000000000000000000000000000000000000000000000000000000000000000000000000FF000F000000000000000000000000000000000F00FF000000000000000000000000000000000FFFF000000000000000000000000000000000000000000000000000000000000000000FF00000FF00000FF00000000000000000000000FF0000FF0000FFF00000000000000000000000FFF000FF0000FF0000000000000000000000000FF000FF000FF000000000000000000000000000FF00FF00FF00000000000000000000000000000FFFFFFFFF00000000000000000000000000000FFFFFFFFF0000000000000000000000000000FF00FF00FF0000000000000000000000000000FF00FF00FFF00000000000000000000000000FF000FF000FF0000000000000000000000000FFF000FF0000FF000000000000000000000000FF0000FF0000FFF0000000000000000000000FF00000FF00000FF0000000000000000000000FF00000FF00000FFF000000000000000000000000000000000000000000000000000000000000000000000000000000000000000000000000000000000000000000000000000000000000000000000000000000000000000000000000000000000000000000000000000
Glyph 1218 15 0000000000000000000000000000000000000000000000000000000000000000000000000000000000000000000000000000000000000000000000000000000000000000000000000000000000000000000000000000000000000000000000000000000000000000000000000000000000000000000000000000000FF000F000000000000000000000000000000000F00FF000000000000000000000000000000000FFFF00000000000000000000000000000000000000000000000000000000000000000000FF0000FF000FF00000000000000000000000000FF000FF000FF00000000000000000000000000FF000FF00FF0000000000000000000000000000FF00FF0FF000000000000000000000000000000FFFFFFFF000000000000000000000000000000FFFFFFF000000000000000000000000000000FF00FF0FF0000000000000000000000000000FFF00FF00FF000000000000000000000000000FF000FF00FF00000000000000000000000000FF0000FF000FF0000000000000000000000000FF0000FF000FFF000000000000000000000000000000000000000000000000000000000000000000000000000000000000000000000000000000000000000000000000000000000000000000000000000000000000000000000000000000000000000000000000000000
Glyph 1219 13 0000000000000000000000000000000000000000000000000000000000000000000000000000000000000000000000000000000000000000000000000000000000000000000000000000000000000000000000000000000000000000000000000000000000000000000000000000000000000000000000000000000000000000000000000000000000000000000F000000FFF0000000000000000000000000000F000000FF00000000000000000000000000000F00000FF000000000000000000000000000000F0000FF0000000000000000000000000000000F000FF00000000000000000000000000000000F00FF000000000000000000000000000000000FFFFFFF0000000000000000000000000000000FFFFFFFF000000000000000000000000000000F000000FF00000000000000000000000000000F0000000FF0000000000000000000000000000F0000000FF0000000000000000000000000000F0000000FF0000000000000000000000000000F0000000FF0000000000000000000000000000F0000000FF00000000000000000000000000000000000FF00000000000000000000000000000000000FFF0000000000000000000000000000000000FFF00000000000000000000000000000000000000000000000000000000000000000000000000000000000000000
Glyph 1220 11 0000000000000000000000000000000000000000000000000000000000000000000000000000000000000000000000000000000000000000000000000000000000000000000000000000000000000000000000000000000000000000000000000000000000000000000000000000000000000000000000000000000000000000000000000000000000000000000000000000000000000000000000000000000000000000000000000000000000000000000000000000000000000000000000000000000000000F00000FF000000000000000000000000000000F0000FF0000000000000000000000000000000F000FF00000000000000000000000000000000F00FF000000000000000000000000000000000F00FF000000000000000000000000000000000FFFFFF00000000000000000000000000000000FFFFFFF0000000000000000000000000000000F00000FF000000000000000000000000000000F00000FF000000000000000000000000000000F00000FF000000000000000000000000000000F00000FF000000000000000000000000000000000000FF0000000000000000000000000000000000FFF00000000000000000000000000000000000FF0000000000000000000000000000000000000000000000000000000000000000000000000000000000000000000
Glyph 1221 15 000000000000000000000000000000000000000000000000000000000000000000000000000000000000000000000000000000000000000000000000000000000000000000000000000000000000000000000000000000000000000000000000000000000000000000000000000000000000000000000000000000000000000000000000000000000000000000000FFFFFFFF000000000000000000000000000000FFFFFFFF000000000000000000000000000000F000000F00000000000000000000000000000FF000000F00000000000000000000000000000FF000000F00000000000000000000000000000FF000000F00000000000000000000000000000FF000000F00000000000000000000000000000FF000000F00000000000000000000000000000FF000000F00000000000000000000000000000FF000000F00000000000000000000000000000FF000000F00000000000000000000000000000FF000000F00000000000000000000000000FFFF0000000F00000000000000000000000000FFF00000000FFF000000000000000000000000000000000000FF000000000000000000000000000000000000FF000000000000000000000000000000000000F0000000000000000000000000000000000000F000000000000000000000000000000000000000000000000
Glyph 1222 12 00000000000000000000000000000000000000000000000000000000000000000000000000000000000000000000000000000000000000000000000000000000000000000000000000000000000000000000000000000000000000000000000000000000000000000000000000000000000000000000000000000000000000000000000000000000000000000000000000000000000000000000000000000000000000000000000000000000000000000000000000000000000000000000000000000000000000FFFFFFF0000000000000000000000000000000FF000FF0000000000000000000000000000000FF000FF0000000000000000000000000000000FF000FF0000000000000000000000000000000F0000FF0000000000000000000000000000000F0000FF0000000000000000000000000000000F0000FF000000000000000000000000000000FF0000FF000000000000000000000000000000FF0000FF0000000000000000000000000000FFFF0000FF0000000000000000000000000000FFF00000FFFF000000000000000000000000000000000000FF000000000000000000000000000000000000FF000000000000000000000000000000000000F0000000000000000000000000000000000000F00000000000000000000000000000000000000000000000000
Glyph 1223 14 0000000000000000000000000000000000000000000000000000000000000000000000000000000000000000000000000000000000000000000000000000000000000000000000000000000000000000000000000000000000000000000000000000000000000000000000000000000000000000000000000000000000000000000000000000000000000000000FF0000000F0000000000000000000000000000FF0000000F0000000000000000000000000000FF0000000F0000000000000000000000000000FF0000000F0000000000000000000000000000FF0000000F0000000000000000000000000000FF0000000F0000000000000000000000000000FFFFFFFFFF0000000000000000000000000000FFFFFFFFFF0000000000000000000000000000FF0000000F0000000000000000000000000000FF0000000F0000000000000000000000000000FF0000000F0000000000000000000000000000FF0000000F0000000000000000000000000000FF0000000F0000000000000000000000000000FF0000000F0000000000000000000000000000000000000F000000000000000000000000000000000000FF0000000000000000000000000000000000FFFF0000000000000000000000000000000000FFF00000000000000000000000000000000000000000000000000
Glyph 1224 11 000000000000000000000000000000000000000000000000000000000000000000000000000000000000000000000000000000000000000000000000000000000000000000000000000000000000000000000000000000000000000000000000000000000000000000000000000000000000000000000000000000000000000000000000000000000000000000000000000000000000000000000000000000000000000000000000000000000000000000000000000000000000000000000000000000000000FF00000FF00000000000000000000000000000FF00000FF00000000000000000000000000000FF00000FF00000000000000000000000000000FF00000FF00000000000000000000000000000FF00000FF00000000000000000000000000000FFFFFFFFF00000000000000000000000000000FF00000FF00000000000000000000000000000FF00000FF00000000000000000000000000000FF00000FF00000000000000000000000000000FF00000FF00000000000000000000000000000FF00000FF000000000000000000000000000000000000FF000000000000000000000000000000000000FF00000000000000000000000000000000000FF00000000000000000000000000000000000FFF0000000000000000000000000000000000000000000000000000
Glyph 1225 15 0000000000000000000000000000000000000000000000000000000000000000000000000000000000000000000000000000000000000000000000000000000000000000000000000000000000000000000000000000000000000000000000000000000000000000000000000000000000000000000000000000000000000000000000000000000000000000000FF0000000FF000000000000000000000000000FF0000000FF000000000000000000000000000FF0000000FF000000000000000000000000000FF0000000FF000000000000000000000000000FF0000000FF000000000000000000000000000FF0000000FF000000000000000000000000000FFFFFFFFFFF000000000000000000000000000FFFFFFFFFFF000000000000000000000000000FF0000000FF000000000000000000000000000FF0000000FF000000000000000000000000000FF0000000FF000000000000000000000000000FF0000000FF000000000000000000000000000FF0000000FF000000000000000000000000000FF0000000FFF000000000000000000000000000000000000FF000000000000000000000000000000000000FF000000000000000000000000000000000000F0000000000000000000000000000000000000F000000000000000000000000000000000000000000000000
Glyph 1226 12 0000000000000000000000000000000000000000000000000000000000000000000000000000000000000000000000000000000000000000000000000000000000000000000000000000000000000000000000000000000000000000000000000000000000000000000000000000000000000000000000000000000000000000000000000000000000000000000000000000000000000000000000000000000000000000000000000000000000000000000000000000000000000000000000000000000000000F00000FF000000000000000000000000000000F00000FF000000000000000000000000000000F00000FF000000000000000000000000000000F00000FF000000000000000000000000000000F00000FF000000000000000000000000000000FFFFFFFF000000000000000000000000000000F00000FF000000000000000000000000000000F00000FF000000000000000000000000000000F00000FF000000000000000000000000000000F00000FF000000000000000000000000000000F00000FFFF000000000000000000000000000000000000FF000000000000000000000000000000000000FF000000000000000000000000000000000000F0000000000000000000000000000000000000F00000000000000000000000000000000000000000000000000
Glyph 1227 14 000000000000000000000000000000000000000000000000000000000000000000000000000000000000000000000000000000000000000000000000000000000000000000000000000000000000000000000000000000000000000000000000000000000000000000000000000000000000000000000000000000000000000000000000000000000000000000FF0000000FF000000000000000000000000000FF0000000FF000000000000000000000000000FF0000000FF000000000000000000000000000FF0000000FF000000000000000000000000000FF0000000FF0000000000000000000000000000F0000000FF0000000000000000000000000000FF000000FF0000000000000000000000000000FFFFFFFFFF000000000000000000000000000000FFFFFFFF000000000000000000000000000000000000FF000000000000000000000000000000000000FF000000000000000000000000000000000000FF0000000000000000000000000000000000FFFF0000000000000000000000000000000000FFFF0000000000000000000000000000000000FF000000000000000000000000000000000000FF000000000000000000000000000000000000FF00000000000000000000000000000000000000000000000000000000000000000000000000000000000000000
Glyph 1228 11 000000000000000000000000000000000000000000000000000000000000000000000000000000000000000000000000000000000000000000000000000000000000000000000000000000000000000000000000000000000000000000000000000000000000000000000000000000000000000000000000000000000000000000000000000000000000000000000000000000000000000000000000000000000000000000000000000000000000000000000000000000000000000000000000000000000000FF00000F000000000000000000000000000000FF00000F000000000000000000000000000000FF00000F000000000000000000000000000000FF00000F000000000000000000000000000000FF00000F0000000000000000000000000000000FFFFFFF00000000000000000000000000000000FFFFFF0000000000000000000000000000000000000F0000000000000000000000000000000000000F00000000000000000000000000000000000FFF00000000000000000000000000000000000FFF00000000000000000000000000000000000FF000000000000000000000000000000000000FF000000000000000000000000000000000000FF0000000000000000000000000000000000000000000000000000000000000000000000000000000000000000000
Glyph 1229 18 0000000000000000000000000000000000000000000000000000000000000000000000000000000000000000000000000000000000000000000000000000000000000000000000000000000000000000000000000000000000000000000000000000000000000000000000000000000000000000000000000000000000000000000000000000000000000000000FF000000000FFF000000000000000000000000FFF00000000FFF000000000000000000000000FFF0000000FFFF000000000000000000000000F0FF000000FFFF000000000000000000000000F0FF000000F0FF000000000000000000000000F00F00000FF0FF000000000000000000000000F00FF0000FF0FF000000000000000000000000F00FF000FF00FF000000000000000000000000FF00FF00FF00FF000000000000000000000000FF00FF00F000FF000000000000000000000000FF000F0FF000FF000000000000000000000000FF000FFF0000FF000000000000000000000000FF000FFF0000FF000000000000000000000000FF0000FF0000FFF000000000000000000000000000000000000FF000000000000000000000000000000000000FF000000000000000000000000000000000000F0000000000000000000000000000000000000F000000000000000000000000000000000000000000000
Glyph 1230 16 0000000000000000000000000000000000000000000000000000000000000000000000000000000000000000000000000000000000000000000000000000000000000000000000000000000000000000000000000000000000000000000000000000000000000000000000000000000000000000000000000000000000000000000000000000000000000000000000000000000000000000000000000000000000000000000000000000000000000000000000000000000000000000000000000000000000000FF0000000FF000000000000000000000000000FFF00000FFF000000000000000000000000000FFF00000FFF000000000000000000000000000F0F00000FFF000000000000000000000000000F0FF000FFFF000000000000000000000000000F0FF000F0FF000000000000000000000000000F00FF0FF0FF000000000000000000000000000F00FF0FF0FF000000000000000000000000000F000FFF00FF000000000000000000000000000F000FFF00FF000000000000000000000000000F0000F000FFFF000000000000000000000000000000000000FF000000000000000000000000000000000000FF000000000000000000000000000000000000F0000000000000000000000000000000000000F00000000000000000000000000000000000000000000000
Glyph 1242 14 00000000000000000000000000000000000000000000000000000000000000000000000000000000000000000000000000000000000000000000000000000000000000000000000000000000000000000000000000FF00FF00000000000000000000000000000000FF00FF0000000000000000000000000000000000000000000000000000000000000000000000FFFFFF0000000000000000000000000000000FFFFFFFFF000000000000000000000000000000000000FFF000000000000000000000000000000000000FF0000000000000000000000000000000000000F0000000000000000000000000000000000000FF000000000000000000000000000000000000FF00000000000000000000000000FFFFFFFFFFFF00000000000000000000000000FF00000000FF00000000000000000000000000FF00000000F000000000000000000000000000FF0000000FF0000000000000000000000000000FF00000FFF00000000000000000000000000000FFFFFFFF0000000000000000000000000000000FFFFF000000000000000000000000000000000000000000000000000000000000000000000000000000000000000000000000000000000000000000000000000000000000000000000000000000000000000000000000000000000000000000000000000000000000
Glyph 1243 11 00000000000000000000000000000000000000000000000000000000000000000000000000000000000000000000000000000000000000000000000000000000000000000000000000000000000000000000000000000000000000000000000000000000000000000000000000000000000000000000000000000FF00FF00000000000000000000000000000000FF00FF0000000000000000000000000000000000000000000000000000000000000000000000000000000000000000000000000000000000000FFFF00000000000000000000000000000000FFFFFFF0000000000000000000000000000000000000FF0000000000000000000000000000000000000FF000000000000000000000000000000000000FF000000000000000000000000000000000000FF00000000000000000000000000000FFFFFFFFF00000000000000000000000000000FF00000FF00000000000000000000000000000FF0000FF0000000000000000000000000000000FFF0FF000000000000000000000000000000000FFFF00000000000000000000000000000000000000000000000000000000000000000000000000000000000000000000000000000000000000000000000000000000000000000000000000000000000000000000000000000000000000000000000000000000000000
Glyph 1244 18 00000000000000000000000000000000000000000000000000000000000000000000000000000000000000000000000000000000000000000000000000000000000000000000000000000000000000000000000000000FF00FF00000000000000000000000000000000FF00FF00000000000000000000000000000000000000000000000000000000000000000FF00000FF00000FF00000000000000000000000FF0000FF0000FFF00000000000000000000000FFF000FF0000FF0000000000000000000000000FF000FF000FF000000000000000000000000000FF00FF00FF00000000000000000000000000000FFFFFFFFF00000000000000000000000000000FFFFFFFFF0000000000000000000000000000FF00FF00FF0000000000000000000000000000FF00FF00FFF00000000000000000000000000FF000FF000FF0000000000000000000000000FFF000FF0000FF000000000000000000000000FF0000FF0000FFF0000000000000000000000FF00000FF00000FF0000000000000000000000FF00000FF00000FFF000000000000000000000000000000000000000000000000000000000000000000000000000000000000000000000000000000000000000000000000000000000000000000000000000000000000000000000000000000000000000000000000000
Glyph 1245 15 0000000000000000000000000000000000000000000000000000000000000000000000000000000000000000000000000000000000000000000000000000000000000000000000000000000000000000000000000000000000000000000000000000000000000000000000000000000000000000000000000000000FF00FF00000000000000000000000000000000FF00FF000000000000000000000000000000000000000000000000000000000000000000000000000000000000000000000000000000000FF0000FF000FF00000000000000000000000000FF000FF000FF00000000000000000000000000FF000FF00FF0000000000000000000000000000FF00FF0FF000000000000000000000000000000FFFFFFFF000000000000000000000000000000FFFFFFF000000000000000000000000000000FF00FF0FF0000000000000000000000000000FFF00FF00FF000000000000000000000000000FF000FF00FF00000000000000000000000000FF0000FF000FF0000000000000000000000000FF0000FF000FFF000000000000000000000000000000000000000000000000000000000000000000000000000000000000000000000000000000000000000000000000000000000000000000000000000000000000000000000000000000000000000000000000000000
Glyph 1246 12 00000000000000000000000000000000000000000000000000000000000000000000000000000000000000000000000000000000000000000000000000000000000000000000000000000000000000000000000000FF00FF00000000000000000000000000000000FF00FF0000000000000000000000000000000000000000000000000000000000000000000000FFFFFF0000000000000000000000000000000FFFFFFFF00000000000000000000000000000FF00000FFF0000000000000000000000000000FF000000FF000000000000000000000000000000000000FF000000000000000000000000000000000000F00000000000000000000000000000000FFFFFF00000000000000000000000000000000FFFFF0000000000000000000000000000000000000FFF000000000000000000000000000000000000FF0000000000000000000000000000FF000000FF0000000000000000000000000000FF000000FF00000000000000000000000000000FFFFFFFF0000000000000000000000000000000FFFFFF000000000000000000000000000000000000000000000000000000000000000000000000000000000000000000000000000000000000000000000000000000000000000000000000000000000000000000000000000000000000000000000000000000000000
Glyph 1247 10 00000000000000000000000000000000000000000000000000000000000000000000000000000000000000000000000000000000000000000000000000000000000000000000000000000000000000000000000000000000000000000000000000000000000000000000000000000000000000000000000000000FF00FF00000000000000000000000000000000FF00FF0000000000000000000000000000000000000000000000000000000000000000000000000000000000000000000000000000000000000FFFFF00000000000000000000000000000000FFF0FFF000000000000000000000000000000FF0000FF000000000000000000000000000000000000FF00000000000000000000000000000000FFFFF000000000000000000000000000000000FFFFF0000000000000000000000000000000000000FF000000000000000000000000000000000000FF000000000000000000000000000000FF0000FF000000000000000000000000000000FFFF0FFF00000000000000000000000000000000FFFF00000000000000000000000000000000000000000000000000000000000000000000000000000000000000000000000000000000000000000000000000000000000000000000000000000000000000000000000000000000000000000000000000000000000000
Glyph 1248 12 000000000000000000000000000000000000000000000000000000000000000000000000000000000000000000000000000000000000000000000000000000000000000000000000000000000000000000000000000000000000000000000000000000000000000000000000000000000000000000000000000000000000000000000000000000000000000000FFFFFFFFF00000000000000000000000000000FFFFFFFFF00000000000000000000000000000000000FF00000000000000000000000000000000000FF00000000000000000000000000000000000FF00000000000000000000000000000000000FF000000000000000000000000000000000000FFFFF000000000000000000000000000000000000FFF000000000000000000000000000000000000FF0000000000000000000000000000000000000F00000000000000000000000000000FF000000F00000000000000000000000000000FF00000FF000000000000000000000000000000FFFFFFFF0000000000000000000000000000000FFFFF0000000000000000000000000000000000000000000000000000000000000000000000000000000000000000000000000000000000000000000000000000000000000000000000000000000000000000000000000000000000000000000000000000000000000
Glyph 1249 12 000000000000000000000000000000000000000000000000000000000000000000000000000000000000000000000000000000000000000000000000000000000000000000000000000000000000000000000000000000000000000000000000000000000000000000000000000000000000000000000000000000000000000000000000000000000000000000000000000000000000000000000000000000000000000000000000000000000000000000000000000000000000000000000000000000000000FFFFFFFFF000000000000000000000000000000000000FF00000000000000000000000000000000000FF00000000000000000000000000000000000FF00000000000000000000000000000000000FFF00000000000000000000000000000000000FF00000000000000000000000000000000000FF000000000000000000000000000000000000FFFFF0000000000000000000000000000000000000FF000000000000000000000000000000000000FF0000000000000000000000000000000000000F00000000000000000000000000000FF000000F00000000000000000000000000000FF00000FF000000000000000000000000000000FFF0FFF00000000000000000000000000000000FFFFF00000000000000000000000000000000000000000000000000000
Glyph 1250 14 000000000000000000000000000000000000000000000000000000000000000000000000000000000000000000000000000000000000000000000000000000000000000000000000000000000000000000000000000FFFFFFF000000000000000000000000000000000000000000000000000000000000000000000000000000000000000000000000000000000FF000000FFF000000000000000000000000000FF000000FFF000000000000000000000000000FF00000FFFF000000000000000000000000000FF0000FF0FF000000000000000000000000000FF0000FF0FF000000000000000000000000000FF000FF00FF000000000000000000000000000FF00FF000FF000000000000000000000000000FF00FF000FF000000000000000000000000000FF0FF0000FF000000000000000000000000000FFFFF0000FF000000000000000000000000000FFFF00000FF000000000000000000000000000FFF000000FF000000000000000000000000000FFF000000FF000000000000000000000000000FF0000000FF00000000000000000000000000000000000000000000000000000000000000000000000000000000000000000000000000000000000000000000000000000000000000000000000000000000000000000000000000000000000000000000000000000000
Glyph 1251 12 0000000000000000000000000000000000000000000000000000000000000000000000000000000000000000000000000000000000000000000000000000000000000000000000000000000000000000000000000000000000000000000000000000000000000000000000000000000000000000000000000000000000000000000000000000000000000000000FFFFFFF00000000000000000000000000000000000000000000000000000000000000000000000000000000000000000000000000000000000F00000FF000000000000000000000000000000F0000FFF000000000000000000000000000000F0000FFF000000000000000000000000000000F000FFFF000000000000000000000000000000F00FF0FF000000000000000000000000000000F00FF0FF000000000000000000000000000000F0FF00FF000000000000000000000000000000F0F000FF000000000000000000000000000000FFF000FF000000000000000000000000000000FF0000FF000000000000000000000000000000FF0000FF00000000000000000000000000000000000000000000000000000000000000000000000000000000000000000000000000000000000000000000000000000000000000000000000000000000000000000000000000000000000000000000000000000000000
Glyph 1252 14 000000000000000000000000000000000000000000000000000000000000000000000000000000000000000000000000000000000000000000000000000000000000000000000000000000000000000000000000000FF00FF00000000000000000000000000000000FF00FF00000000000000000000000000000000000000000000000000000000000000000000FF000000FFF000000000000000000000000000FF000000FFF000000000000000000000000000FF00000FFFF000000000000000000000000000FF0000FF0FF000000000000000000000000000FF0000FF0FF000000000000000000000000000FF000FF00FF000000000000000000000000000FF00FF000FF000000000000000000000000000FF00FF000FF000000000000000000000000000FF0FF0000FF000000000000000000000000000FFFFF0000FF000000000000000000000000000FFFF00000FF000000000000000000000000000FFF000000FF000000000000000000000000000FFF000000FF000000000000000000000000000FF0000000FF00000000000000000000000000000000000000000000000000000000000000000000000000000000000000000000000000000000000000000000000000000000000000000000000000000000000000000000000000000000000000000000000000000000
Glyph 1253 12 000000000000000000000000000000000000000000000000000000000000000000000000000000000000000000000000000000000000000000000000000000000000000000000000000000000000000000000000000000000000000000000000000000000000000000000000000000000000000000000000000000FF00FF00000000000000000000000000000000FF00FF00000000000000000000000000000000000000000000000000000000000000000000000000000000000000000000000000000000000F00000FF000000000000000000000000000000F0000FFF000000000000000000000000000000F0000FFF000000000000000000000000000000F000FFFF000000000000000000000000000000F00FF0FF000000000000000000000000000000F00FF0FF000000000000000000000000000000F0FF00FF000000000000000000000000000000F0F000FF000000000000000000000000000000FFF000FF000000000000000000000000000000FF0000FF000000000000000000000000000000FF0000FF00000000000000000000000000000000000000000000000000000000000000000000000000000000000000000000000000000000000000000000000000000000000000000000000000000000000000000000000000000000000000000000000000000000000
Glyph 1258 14 000000000000000000000000000000000000000000000000000000000000000000000000000000000000000000000000000000000000000000000000000000000000000000000000000000000000000000000000000FF00FF00000000000000000000000000000000FF00FF0000000000000000000000000000000000000000000000000000000000000000000000FFFFF00000000000000000000000000000000FFFFFFFF00000000000000000000000000000FFF0000FF00000000000000000000000000000FF000000FF000000000000000000000000000FF0000000FF000000000000000000000000000FF0000000FF000000000000000000000000000FF00000000F000000000000000000000000000FFFFFFFFFFF000000000000000000000000000FF00000000F000000000000000000000000000FF0000000FF0000000000000000000000000000FF000000FF0000000000000000000000000000FFF0000FF000000000000000000000000000000FFFFFFFF0000000000000000000000000000000FFFFF000000000000000000000000000000000000000000000000000000000000000000000000000000000000000000000000000000000000000000000000000000000000000000000000000000000000000000000000000000000000000000000000000000000000
Glyph 1259 11 00000000000000000000000000000000000000000000000000000000000000000000000000000000000000000000000000000000000000000000000000000000000000000000000000000000000000000000000000000000000000000000000000000000000000000000000000000000000000000000000000000FF00FF00000000000000000000000000000000FF00FF00000000000000000000000000000000000000000000000000000000000000000000000000000000000000000000000000000000000000FFFF00000000000000000000000000000000FF000FF0000000000000000000000000000000F00000FF00000000000000000000000000000FF00000FF00000000000000000000000000000FF000000F00000000000000000000000000000FFFFFFFFFF0000000000000000000000000000FF000000F00000000000000000000000000000FF00000FF000000000000000000000000000000F00000FF000000000000000000000000000000FF000FF000000000000000000000000000000000FFFF0000000000000000000000000000000000000000000000000000000000000000000000000000000000000000000000000000000000000000000000000000000000000000000000000000000000000000000000000000000000000000000000000000000000000
Glyph 1260 13 000000000000000000000000000000000000000000000000000000000000000000000000000000000000000000000000000000000000000000000000000000000000000000000000000000000000000000000000000FF00FF00000000000000000000000000000000FF00FF0000000000000000000000000000000000000000000000000000000000000000000000FFFFF00000000000000000000000000000000FFFFFFFF00000000000000000000000000000FF00000FF00000000000000000000000000000FF000000FF0000000000000000000000000000F0000000FF000000000000000000000000000000000000FF0000000000000000000000000000000FFFFFFF0000000000000000000000000000000FFFFFFF000000000000000000000000000000000000FF0000000000000000000000000000F0000000FF0000000000000000000000000000FF000000FF0000000000000000000000000000FF00000FF000000000000000000000000000000FFFFFFFF0000000000000000000000000000000FFFFF000000000000000000000000000000000000000000000000000000000000000000000000000000000000000000000000000000000000000000000000000000000000000000000000000000000000000000000000000000000000000000000000000000000000
Glyph 1261 11 00000000000000000000000000000000000000000000000000000000000000000000000000000000000000000000000000000000000000000000000000000000000000000000000000000000000000000000000000000000000000000000000000000000000000000000000000000000000000000000000000000FF00FF00000000000000000000000000000000FF00FF0000000000000000000000000000000000000000000000000000000000000000000000000000000000000000000000000000000000000FFFF000000000000000000000000000000000FFFFFF0000000000000000000000000000000FF0000FF000000000000000000000000000000FF00000F0000000000000000000000000000000000000FF00000000000000000000000000000000FFFFFF000000000000000000000000000000000000FF00000000000000000000000000000FF00000F000000000000000000000000000000FF0000FF0000000000000000000000000000000FFFFFF000000000000000000000000000000000FFFF00000000000000000000000000000000000000000000000000000000000000000000000000000000000000000000000000000000000000000000000000000000000000000000000000000000000000000000000000000000000000000000000000000000000000
Glyph 1262 13 00000000000000000000000000000000000000000000000000000000000000000000000000000000000000000000000000000000000000000000000000000000000000000000000000000000000000000000000000FFFFFFF000000000000000000000000000000000000000000000000000000000000000000000000000000000000000000000000000000000FF0000000FF000000000000000000000000000FFF00000FF00000000000000000000000000000FF00000FF00000000000000000000000000000FF0000FF0000000000000000000000000000000FF000FF0000000000000000000000000000000FF000FF00000000000000000000000000000000FF0FF000000000000000000000000000000000FF0FF0000000000000000000000000000000000FFF00000000000000000000000000000000000FFF00000000000000000000000000000000000FF000000000000000000000000000000000000FF0000000000000000000000000000000000FFF00000000000000000000000000000000000FF0000000000000000000000000000000000000000000000000000000000000000000000000000000000000000000000000000000000000000000000000000000000000000000000000000000000000000000000000000000000000000000000000000000000000000
Glyph 1263 9 000000000000000000000000000000000000000000000000000000000000000000000000000000000000000000000000000000000000000000000000000000000000000000000000000000000000000000000000000000000000000000000000000000000000000000000000000000000000000000000000000000000000000000000000000000000000000000FFFFFFF0000000000000000000000000000000000000000000000000000000000000000000000000000000000000000000000000000000000FF00000FF000000000000000000000000000000FF0000FF000000000000000000000000000000FF0000F0000000000000000000000000000000FF000FF00000000000000000000000000000000FF00FF00000000000000000000000000000000FF00F0000000000000000000000000000000000F0FF0000000000000000000000000000000000FFFF0000000000000000000000000000000000FFF000000000000000000000000000000000000FF000000000000000000000000000000000000FF000000000000000000000000000000000000F000000000000000000000000000000000000FF0000000000000000000000000000000000FFF00000000000000000000000000000000000FF0000000000000000000000000000000000000000000000000000000000
Glyph 1264 13 00000000000000000000000000000000000000000000000000000000000000000000000000000000000000000000000000000000000000000000000000000000000000000000000000000000000000000000000000FF00FF00000000000000000000000000000000FF00FF00000000000000000000000000000000000000000000000000000000000000000000FF0000000FF000000000000000000000000000FFF00000FF00000000000000000000000000000FF00000FF00000000000000000000000000000FF0000FF0000000000000000000000000000000FF000FF0000000000000000000000000000000FF000FF00000000000000000000000000000000FF0FF000000000000000000000000000000000FF0FF0000000000000000000000000000000000FFF00000000000000000000000000000000000FFF00000000000000000000000000000000000FF000000000000000000000000000000000000FF0000000000000000000000000000000000FFF00000000000000000000000000000000000FF0000000000000000000000000000000000000000000000000000000000000000000000000000000000000000000000000000000000000000000000000000000000000000000000000000000000000000000000000000000000000000000000000000000000000000
Glyph 1266 13 00000000000000000000000000000000000000000000000000000000000000000000000000000000000000000000000000000000000000000000000000000000000000FF00FF00000000000000000000000000000000F00FF00000000000000000000000000000000FF0FF00000000000000000000000000000000000000000000000000000000000000000000FF0000000FF000000000000000000000000000FFF00000FF00000000000000000000000000000FF00000FF00000000000000000000000000000FF0000FF0000000000000000000000000000000FF000FF0000000000000000000000000000000FF000FF00000000000000000000000000000000FF0FF000000000000000000000000000000000FF0FF0000000000000000000000000000000000FFF00000000000000000000000000000000000FFF00000000000000000000000000000000000FF000000000000000000000000000000000000FF0000000000000000000000000000000000FFF00000000000000000000000000000000000FF0000000000000000000000000000000000000000000000000000000000000000000000000000000000000000000000000000000000000000000000000000000000000000000000000000000000000000000000000000000000000000000000000000000000000000
Glyph 1267 9 0000000000000000000000000000000000000000000000000000000000000000000000000000000000000000000000000000000000000000000000000000000000000000000000000000000000000000000000000000000000000000000000000000000000000000000000000000000000000000000000000000000FF00FF00000000000000000000000000000000F00FF00000000000000000000000000000000FF0FF00000000000000000000000000000000000000000000000000000000000000000000FF00000FF000000000000000000000000000000FF0000FF000000000000000000000000000000FF0000F0000000000000000000000000000000FF000FF00000000000000000000000000000000FF00FF00000000000000000000000000000000FF00F0000000000000000000000000000000000F0FF0000000000000000000000000000000000FFFF0000000000000000000000000000000000FFF000000000000000000000000000000000000FF000000000000000000000000000000000000FF000000000000000000000000000000000000F000000000000000000000000000000000000FF0000000000000000000000000000000000FFF00000000000000000000000000000000000FF0000000000000000000000000000000000000000000000000000000000
Glyph 1268 14 000000000000000000000000000000000000000000000000000000000000000000000000000000000000000000000000000000000000000000000000000000000000000000000000000000000000000000000000000FF00FF00000000000000000000000000000000FF00FF0000000000000000000000000000000000000000000000000000000000000000000FF0000000FF000000000000000000000000000FF0000000FF000000000000000000000000000FF0000000FF000000000000000000000000000FF0000000FF000000000000000000000000000FF0000000FF0000000000000000000000000000F0000000FF0000000000000000000000000000FF000000FF0000000000000000000000000000FFFFFFFFFF000000000000000000000000000000FFFFFFFF000000000000000000000000000000000000FF000000000000000000000000000000000000FF000000000000000000000000000000000000FF000000000000000000000000000000000000FF000000000000000000000000000000000000FF000000000000000000000000000000000000000000000000000000000000000000000000000000000000000000000000000000000000000000000000000000000000000000000000000000000000000000000000000000000000000000000000000000000
Glyph 1269 11 00000000000000000000000000000000000000000000000000000000000000000000000000000000000000000000000000000000000000000000000000000000000000000000000000000000000000000000000000000000000000000000000000000000000000000000000000000000000000000000000000000FF00FF00000000000000000000000000000000FF00FF00000000000000000000000000000000000000000000000000000000000000000000000000000000000000000000000000000000000FF00000F000000000000000000000000000000FF00000F000000000000000000000000000000FF00000F000000000000000000000000000000FF00000F000000000000000000000000000000FF00000F0000000000000000000000000000000FFFFFFF00000000000000000000000000000000FFFFFF0000000000000000000000000000000000000F0000000000000000000000000000000000000F0000000000000000000000000000000000000F0000000000000000000000000000000000000F000000000000000000000000000000000000000000000000000000000000000000000000000000000000000000000000000000000000000000000000000000000000000000000000000000000000000000000000000000000000000000000000000000000000
Glyph 1270 11 0000000000000000000000000000000000000000000000000000000000000000000000000000000000000000000000000000000000000000000000000000000000000000000000000000000000000000000000000000000000000000000000000000000000000000000000000000000000000000000000000000000000000000000000000000000000000000000FFFFFFFF000000000000000000000000000000FFFFFFFF000000000000000000000000000000FF000000000000000000000000000000000000FF000000000000000000000000000000000000FF000000000000000000000000000000000000FF000000000000000000000000000000000000FF000000000000000000000000000000000000FF000000000000000000000000000000000000FF000000000000000000000000000000000000FF000000000000000000000000000000000000FF000000000000000000000000000000000000FF000000000000000000000000000000000000FF000000000000000000000000000000000000FFF000000000000000000000000000000000000FF000000000000000000000000000000000000FF000000000000000000000000000000000000FF000000000000000000000000000000000000FF00000000000000000000000000000000000000000000000000000000
Glyph 1271 8 0000000000000000000000000000000000000000000000000000000000000000000000000000000000000000000000000000000000000000000000000000000000000000000000000000000000000000000000000000000000000000000000000000000000000000000000000000000000000000000000000000000000000000000000000000000000000000000000000000000000000000000000000000000000000000000000000000000000000000000000000000000000000000000000000000000000000FFFFFF00000000000000000000000000000000F0000000000000000000000000000000000000F0000000000000000000000000000000000000F0000000000000000000000000000000000000F0000000000000000000000000000000000000F0000000000000000000000000000000000000F0000000000000000000000000000000000000F0000000000000000000000000000000000000F0000000000000000000000000000000000000F0000000000000000000000000000000000000FFF000000000000000000000000000000000000FF000000000000000000000000000000000000FF000000000000000000000000000000000000FF000000000000000000000000000000000000FF00000000000000000000000000000000000000000000000000000000
Glyph 1272 17 00000000000000000000000000000000000000000000000000000000000000000000000000000000000000000000000000000000000000000000000000000000000000000000000000000000000000000000000000000FF00FF00000000000000000000000000000000FF00FF000000000000000000000000000000000000000000000000000000000000000000FF0000000000F0000000000000000000000000FF0000000000F0000000000000000000000000FF0000000000F0000000000000000000000000FF0000000000F0000000000000000000000000FF0000000000F0000000000000000000000000FFFFFF000000F0000000000000000000000000FFFFFFFF0000F0000000000000000000000000FF00000FF000F0000000000000000000000000FF000000FF00F0000000000000000000000000FF000000FF00F0000000000000000000000000FF000000FF00F0000000000000000000000000FF00000FFF00F0000000000000000000000000FFFFFFFFF000F0000000000000000000000000FFFFFFFF0000F000000000000000000000000000000000000000000000000000000000000000000000000000000000000000000000000000000000000000000000000000000000000000000000000000000000000000000000000000000000000000000000000000000
Glyph 1273 16 00000000000000000000000000000000000000000000000000000000000000000000000000000000000000000000000000000000000000000000000000000000000000000000000000000000000000000000000000000000000000000000000000000000000000000000000000000000000000000000000000000000FF00FF00000000000000000000000000000000FF00FF000000000000000000000000000000000000000000000000000000000000000000000000000000000000000000000000000000000F000000000FF00000000000000000000000000F000000000FF00000000000000000000000000F000000000FF00000000000000000000000000F000000000FF00000000000000000000000000FFFFFF0000FF00000000000000000000000000F000FFF000FF00000000000000000000000000F00000FF00FF00000000000000000000000000F00000FF00FF00000000000000000000000000F00000FF00FF00000000000000000000000000F000FFF000FF00000000000000000000000000FFFFFF0000FF0000000000000000000000000000000000000000000000000000000000000000000000000000000000000000000000000000000000000000000000000000000000000000000000000000000000000000000000000000000000000000000000000000000
Glyph 1274 12 00000000000000000000000000000000000000000000000000000000000000000000000000000000000000000000000000000000000000000000000000000000000000000000000000000000000000000000000000000000000000000000000000000000000000000000000000000000000000000000000000000000000000000000000000000000000000000000FFFFFFFF000000000000000000000000000000FFFFFFFF000000000000000000000000000000FF000000000000000000000000000000000000FF000000000000000000000000000000000000FF000000000000000000000000000000000000FF000000000000000000000000000000000FFFFFFF0000000000000000000000000000000000FF000000000000000000000000000000000000FF000000000000000000000000000000000000FF000000000000000000000000000000000000FF000000000000000000000000000000000000FF000000000000000000000000000000000000FFF00000000000000000000000000000000000FFF000000000000000000000000000000000000FF000000000000000000000000000000000000F0000000000000000000000000000000000FFFF0000000000000000000000000000000000FFF000000000000000000000000000000000000000000000000000000000
Glyph 1275 9 00000000000000000000000000000000000000000000000000000000000000000000000000000000000000000000000000000000000000000000000000000000000000000000000000000000000000000000000000000000000000000000000000000000000000000000000000000000000000000000000000000000000000000000000000000000000000000000000000000000000000000000000000000000000000000000000000000000000000000000000000000000000000000000000000000000000000FFFFFF00000000000000000000000000000000F0000000000000000000000000000000000000F0000000000000000000000000000000000000F0000000000000000000000000000000000000F0000000000000000000000000000000000FFFFFFF0000000000000000000000000000000000F0000000000000000000000000000000000000F0000000000000000000000000000000000000F0000000000000000000000000000000000000FFF00000000000000000000000000000000000FFF000000000000000000000000000000000000FF000000000000000000000000000000000000F0000000000000000000000000000000000FFFF0000000000000000000000000000000000FFF000000000000000000000000000000000000000000000000000000000
Glyph 1276 13 000000000000000000000000000000000000000000000000000000000000000000000000000000000000000000000000000000000000000000000000000000000000000000000000000000000000000000000000000000000000000000000000000000000000000000000000000000000000000000000000000000000000000000000000000000000000000000FF000000FFF0000000000000000000000000000FF00000FF00000000000000000000000000000FF0000FF0000000000000000000000000000000FF00FFF00000000000000000000000000000000FF0FF000000000000000000000000000000000FFFF00000000000000000000000000000000000FFF00000000000000000000000000000000000FFF0000000000000000000000000000000000FFFF000000000000000000000000000000000FFF0FF00000000000000000000000000000000FF000FF000000000000000000000000000000FF0000FF000000000000000000000000000000FF00000FFFF00000000000000000000000000FF000000FFFF000000000000000000000000000000000000FF000000000000000000000000000000000000F0000000000000000000000000000000000FFFF0000000000000000000000000000000000FFF00000000000000000000000000000000000000000000000000
Glyph 1277 11 000000000000000000000000000000000000000000000000000000000000000000000000000000000000000000000000000000000000000000000000000000000000000000000000000000000000000000000000000000000000000000000000000000000000000000000000000000000000000000000000000000000000000000000000000000000000000000000000000000000000000000000000000000000000000000000000000000000000000000000000000000000000000000000000000000000000FF0000FF000000000000000000000000000000FF000FF00000000000000000000000000000000FF00FF000000000000000000000000000000000FFFF0000000000000000000000000000000000FFFF00000000000000000000000000000000000FF00000000000000000000000000000000000FFFF0000000000000000000000000000000000FFFF000000000000000000000000000000000FF00FF0000000000000000000000000000000FF0000FFFF0000000000000000000000000000FF0000FFFF000000000000000000000000000000000000FF000000000000000000000000000000000000F0000000000000000000000000000000000FFFF0000000000000000000000000000000000FFF0000000000000000000000000000000000000000000000000000
Glyph 1278 13 000000000000000000000000000000000000000000000000000000000000000000000000000000000000000000000000000000000000000000000000000000000000000000000000000000000000000000000000000000000000000000000000000000000000000000000000000000000000000000000000000000000000000000000000000000000000000000FF000000FFF0000000000000000000000000000FF00000FF00000000000000000000000000000FF0000FF0000000000000000000000000000000FF000FF0000000000000000000000000000000FFF0FF000000000000000000000000000000000FFFFF0000000000000000000000000000000000FFF000000000000000000000000000000000FFFFFF000000000000000000000000000000000FFFF0000000000000000000000000000000000FF0FF00000000000000000000000000000000FF00FFF000000000000000000000000000000FFF000FF000000000000000000000000000000FF00000FF0000000000000000000000000000FF000000FFF000000000000000000000000000000000000000000000000000000000000000000000000000000000000000000000000000000000000000000000000000000000000000000000000000000000000000000000000000000000000000000000000000000000
Glyph 1279 10 000000000000000000000000000000000000000000000000000000000000000000000000000000000000000000000000000000000000000000000000000000000000000000000000000000000000000000000000000000000000000000000000000000000000000000000000000000000000000000000000000000000000000000000000000000000000000000000000000000000000000000000000000000000000000000000000000000000000000000000000000000000000000000000000000000000000FF0000FF000000000000000000000000000000FF000FF00000000000000000000000000000000FF00FF000000000000000000000000000000000FFFF0000000000000000000000000000000000FFF0000000000000000000000000000000000FFFFFF000000000000000000000000000000000FFFF0000000000000000000000000000000000FFFF000000000000000000000000000000000FF00FF0000000000000000000000000000000FF0000FF000000000000000000000000000000FF0000FF000000000000000000000000000000000000000000000000000000000000000000000000000000000000000000000000000000000000000000000000000000000000000000000000000000000000000000000000000000000000000000000000000000000000
Glyph 1280 12 00000000000000000000000000000000000000000000000000000000000000000000000000000000000000000000000000000000000000000000000000000000000000000000000000000000000000000000000000000000000000000000000000000000000000000000000000000000000000000000000000000000000000000000000000000000000000000000000000FF000000000000000000000000000000000000FF000000000000000000000000000000000000FF000000000000000000000000000000000000FF000000000000000000000000000000000000FF000000000000000000000000000000000000FF000000000000000000000000000000FFFFFFFF00000000000000000000000000000FFFFFFFFF0000000000000000000000000000FF000000FF0000000000000000000000000000FF000000FF0000000000000000000000000000FF000000FF0000000000000000000000000000FF000000FF00000000000000000000000000000FFFFFFFFF000000000000000000000000000000FFFFFFFF0000000000000000000000000000000000000000000000000000000000000000000000000000000000000000000000000000000000000000000000000000000000000000000000000000000000000000000000000000000000000000000000000000000000
Glyph 1282 16 00000000000000000000000000000000000000000000000000000000000000000000000000000000000000000000000000000000000000000000000000000000000000000000000000000000000000000000000000000000000000000000000000000000000000000000000000000000000000000000000000000000000000000000000000000000000000000000000000FF000000000000000000000000000000000000FF000000000000000000000000000000000000FF000000000000000000000000000000000000FF000000000000000000000000000000000000FF000000000000000000000000000000000000FF000000000000000000000000000000FFFFFFFF00000000000000000000000000000FFFFFFFFF000FF00000000000000000000000FF000000FF000FF00000000000000000000000FF000000FF000FF00000000000000000000000FF000000FF000FF00000000000000000000000FF000000FF000FF000000000000000000000000FFFFFFFFFFFFF00000000000000000000000000FFFFFFFFFFF0000000000000000000000000000000000000000000000000000000000000000000000000000000000000000000000000000000000000000000000000000000000000000000000000000000000000000000000000000000000000000000000000000000
Glyph 1283 17 00000000000000000000000000000000000000000000000000000000000000000000000000000000000000000000000000000000000000000000000000000000000000000000000000000000000000000000000000000000000000000000000000000000000000000000000000000000000000000000000000000000000FF000000000000000000000000000000000000FF000000000000000000000000000000000000FF000000000000000000000000000000000000FF0000000000000000000000000000000FFFF0FF000000000000000000000000000000FFFFFFFF000000000000000000000000000000FF0000FF0000FF00000000000000000000000FF00000FF0000FF00000000000000000000000FF00000FF0000FF00000000000000000000000FF00000FF0000FF00000000000000000000000FF00000FF0000FF00000000000000000000000FF00000FF0000FF00000000000000000000000FF00000FF000FFF000000000000000000000000FFFFFFFFF0FFF00000000000000000000000000FFFF00FFFFF0000000000000000000000000000000000000000000000000000000000000000000000000000000000000000000000000000000000000000000000000000000000000000000000000000000000000000000000000000000000000000000000000000000
Glyph 1284 16 000000000000000000000000000000000000000000000000000000000000000000000000000000000000000000000000000000000000000000000000000000000000000000000000000000000000000000000000000000000000000000000000000000000000000000000000000000000000000000000000000000000000000000000000000000000000000000FFFFFF00000000000000000000000000000000FFFFFFF0000000000000000000000000000000000000FF000000000000000000000000000000000000FF000000000000000000000000000000000000FF000000000000000000000000000000000000FF000FF00000000000000000000000000FFFFFF0000FF00000000000000000000000000FFFFF000000F000000000000000000000000000000FF00000FF000000000000000000000000000000FF0000FF000000000000000000000000000000FF000FF0000000000000000000000000000000FF000FF0000000000000000000000000000000FFFFFF000000000000000000000000000000000FFFF000000000000000000000000000000000000000000000000000000000000000000000000000000000000000000000000000000000000000000000000000000000000000000000000000000000000000000000000000000000000000000000000000000000
Glyph 1285 13 000000000000000000000000000000000000000000000000000000000000000000000000000000000000000000000000000000000000000000000000000000000000000000000000000000000000000000000000000000000000000000000000000000000000000000000000000000000000000000000000000000000000000000000000000000000000000000000000000000000000000000000000000000000000000000000000000000000000000000000000000000000000000000000000000000000000FFFFF000000000000000000000000000000000000FFF000000000000000000000000000000000000FF000000000000000000000000000000000000FF00000000000000000000000000000000000FFF000FF000000000000000000000000000FFFFF0000FF0000000000000000000000000000000FF000FF0000000000000000000000000000000FF000FF0000000000000000000000000000000FF000FF00000000000000000000000000000000FFFFF000000000000000000000000000000000FFFF00000000000000000000000000000000000000000000000000000000000000000000000000000000000000000000000000000000000000000000000000000000000000000000000000000000000000000000000000000000000000000000000000000000000
Glyph 1286 11 000000000000000000000000000000000000000000000000000000000000000000000000000000000000000000000000000000000000000000000000000000000000000000000000000000000000000000000000000000000000000000000000000000000000000000000000000000000000000000000000000000000000000000000000000000000000000000FFFFF000000000000000000000000000000000000FFFF000000000000000000000000000000000000FF000000000000000000000000000000000000FF000000000000000000000000000000000000FF000000000000000000000000000000000000FF00000000000000000000000000000000FFFFF00000000000000000000000000000000000FFF0000000000000000000000000000000000000FF000000000000000000000000000000000000FF000000000000000000000000000000000000FF000000000000000000000000000000000000FF000000000000000000000000000000000000FFFF00000000000000000000000000000000000FFF000000000000000000000000000000000000FF000000000000000000000000000000000000F000000000000000000000000000000000000FF000000000000000000000000000000000000000000000000000000000000000000000000000000000000000000
Glyph 1287 10 000000000000000000000000000000000000000000000000000000000000000000000000000000000000000000000000000000000000000000000000000000000000000000000000000000000000000000000000000000000000000000000000000000000000000000000000000000000000000000000000000000000000000000000000000000000000000000000000000000000000000000000000000000000000000000000000000000000000000000000000000000000000000000000000000000000000FFFFF0000000000000000000000000000000000000FFF000000000000000000000000000000000000FF000000000000000000000000000000000000FF000000000000000000000000000000000000FF00000000000000000000000000000000000FF000000000000000000000000000000000FFFFF0000000000000000000000000000000000000FF000000000000000000000000000000000000FF000000000000000000000000000000000000FFFF0000000000000000000000000000000000FFFF000000000000000000000000000000000000F000000000000000000000000000000000000FF000000000000000000000000000000000000F0000000000000000000000000000000000000000000000000000000000000000000000000000000000000000000
Glyph 1288 19 000000000000000000000000000000000000000000000000000000000000000000000000000000000000000000000000000000000000000000000000000000000000000000000000000000000000000000000000000000000000000000000000000000000000000000000000000000000000000000000000000000000000000000000000000000000000000000000FFFFFFFF000000000000000000000000000000FFFFFFFF000000000000000000000000000000FF0000FF000000000000000000000000000000FF0000FF000000000000000000000000000000FF0000FF000000000000000000000000000000F00000FF0000FF000000000000000000000000F00000FF0000FF000000000000000000000000F00000FF00000FF0000000000000000000000FF00000FF00000FF0000000000000000000000FF00000FF00000FF0000000000000000000000FF00000FF0000FF00000000000000000000000FF00000FF0000FF000000000000000000000FFF0000000FFFFFF0000000000000000000000FF000000000FFFF00000000000000000000000000000000000000000000000000000000000000000000000000000000000000000000000000000000000000000000000000000000000000000000000000000000000000000000000000000000000000000000000000000
Glyph 1289 16 00000000000000000000000000000000000000000000000000000000000000000000000000000000000000000000000000000000000000000000000000000000000000000000000000000000000000000000000000000000000000000000000000000000000000000000000000000000000000000000000000000000000000000000000000000000000000000000000000000000000000000000000000000000000000000000000000000000000000000000000000000000000000000000000000000000000000FFFFFFF0000000000000000000000000000000FF000FF0000000000000000000000000000000FF000FF000FF00000000000000000000000000FF000FF0000F00000000000000000000000000FF000FF0000F00000000000000000000000000FF000FF0000FF0000000000000000000000000FF000FF0000FF0000000000000000000000000F0000FF0000F0000000000000000000000000FF0000FF000FF000000000000000000000000FFF0000FFF0FF0000000000000000000000000FF000000FFFF00000000000000000000000000000000000000000000000000000000000000000000000000000000000000000000000000000000000000000000000000000000000000000000000000000000000000000000000000000000000000000000000000000000
Glyph 1290 20 0000000000000000000000000000000000000000000000000000000000000000000000000000000000000000000000000000000000000000000000000000000000000000000000000000000000000000000000000000000000000000000000000000000000000000000000000000000000000000000000000000000000000000000000000000000000000000000FF000000FF0000000000000000000000000000FF000000FF0000000000000000000000000000FF000000FF0000000000000000000000000000FF000000FF0000000000000000000000000000FF000000FF0000000000000000000000000000FF000000FF0000FF0000000000000000000000FFFFFFFFFF0000FF0000000000000000000000FFFFFFFFFF00000FF000000000000000000000FF000000FF00000FF000000000000000000000FF000000FF00000FF000000000000000000000FF000000FF0000FF0000000000000000000000FF0000000F0000FF0000000000000000000000FF0000000FFFFFF00000000000000000000000FF00000000FFFF00000000000000000000000000000000000000000000000000000000000000000000000000000000000000000000000000000000000000000000000000000000000000000000000000000000000000000000000000000000000000000000000000000
Glyph 1291 17 000000000000000000000000000000000000000000000000000000000000000000000000000000000000000000000000000000000000000000000000000000000000000000000000000000000000000000000000000000000000000000000000000000000000000000000000000000000000000000000000000000000000000000000000000000000000000000000000000000000000000000000000000000000000000000000000000000000000000000000000000000000000000000000000000000000000FF00000FF00000000000000000000000000000FF00000FF00000000000000000000000000000FF00000FF000FF000000000000000000000000FF00000FF0000F000000000000000000000000FF00000FF0000FF00000000000000000000000FFFFFFFFF0000FF00000000000000000000000FF00000FF0000FF00000000000000000000000FF00000FF0000FF00000000000000000000000FF00000FF000FF000000000000000000000000FF000000FF0FFF000000000000000000000000FF0000000FFFF0000000000000000000000000000000000000000000000000000000000000000000000000000000000000000000000000000000000000000000000000000000000000000000000000000000000000000000000000000000000000000000000000000000
Glyph 1292 12 000000000000000000000000000000000000000000000000000000000000000000000000000000000000000000000000000000000000000000000000000000000000000000000000000000000000000000000000000000000000000000000000000000000000000000000000000000000000000000000000000000000000000000000000000000000000000000000FFFFFF0000000000000000000000000000000FFFFFFF000000000000000000000000000000FF000000000000000000000000000000000000FF00000000000000000000000000000000000FF000000000000000000000000000000000000FF000000000000000000000000000000000000FF000000FF0000000000000000000000000000FF0000000F0000000000000000000000000000FF0000000FF000000000000000000000000000FF0000000FF0000000000000000000000000000FF000000F00000000000000000000000000000FF00000FF000000000000000000000000000000FFFFFFFF0000000000000000000000000000000FFFFF000000000000000000000000000000000000000000000000000000000000000000000000000000000000000000000000000000000000000000000000000000000000000000000000000000000000000000000000000000000000000000000000000000000000
Glyph 1293 10 00000000000000000000000000000000000000000000000000000000000000000000000000000000000000000000000000000000000000000000000000000000000000000000000000000000000000000000000000000000000000000000000000000000000000000000000000000000000000000000000000000000000000000000000000000000000000000000000000000000000000000000000000000000000000000000000000000000000000000000000000000000000000000000000000000000000000FFFFF00000000000000000000000000000000FFF0FF00000000000000000000000000000000FF00000000000000000000000000000000000FF000000000000000000000000000000000000FF000000000000000000000000000000000000FF000000000000000000000000000000000000FF00000F000000000000000000000000000000FF00000F0000000000000000000000000000000FF0000F0000000000000000000000000000000FFF0FFF000000000000000000000000000000000FFFF0000000000000000000000000000000000000000000000000000000000000000000000000000000000000000000000000000000000000000000000000000000000000000000000000000000000000000000000000000000000000000000000000000000000000
Glyph 1294 14 00000000000000000000000000000000000000000000000000000000000000000000000000000000000000000000000000000000000000000000000000000000000000000000000000000000000000000000000000000000000000000000000000000000000000000000000000000000000000000000000000000000000000000000000000000000000000000FFFFFFFFFFFF00000000000000000000000000FFFFFFFFFFFF0000000000000000000000000000000FF000000000000000000000000000000000000FF000000000000000000000000000000000000FF000000000000000000000000000000000000FF0000FF000000000000000000000000000000FF0000FF000000000000000000000000000000FF0000FF000000000000000000000000000000FF0000FF000000000000000000000000000000FF0000FF000000000000000000000000000000FF0000FF000000000000000000000000000000FF0000FF000000000000000000000000000000FFFFFFF00000000000000000000000000000000FFFFF0000000000000000000000000000000000000000000000000000000000000000000000000000000000000000000000000000000000000000000000000000000000000000000000000000000000000000000000000000000000000000000000000000000000
Glyph 1295 13 000000000000000000000000000000000000000000000000000000000000000000000000000000000000000000000000000000000000000000000000000000000000000000000000000000000000000000000000000000000000000000000000000000000000000000000000000000000000000000000000000000000000000000000000000000000000000000000000000000000000000000000000000000000000000000000000000000000000000000000000000000000000000000000000000000000000FFFFFFFFF00000000000000000000000000000000FF000000000000000000000000000000000000FF000000000000000000000000000000000000FF0000F0000000000000000000000000000000FF0000FF000000000000000000000000000000FF0000FF000000000000000000000000000000FF0000FF000000000000000000000000000000FF0000FF000000000000000000000000000000FF000FF00000000000000000000000000000000FF0FFF000000000000000000000000000000000FFFF00000000000000000000000000000000000000000000000000000000000000000000000000000000000000000000000000000000000000000000000000000000000000000000000000000000000000000000000000000000000000000000000000000000000
Glyph 1296 13 000000000000000000000000000000000000000000000000000000000000000000000000000000000000000000000000000000000000000000000000000000000000000000000000000000000000000000000000000000000000000000000000000000000000000000000000000000000000000000000000000000000000000000000000000000000000000000000FFFFFF0000000000000000000000000000000FFFFFFFF00000000000000000000000000000FF000000FF0000000000000000000000000000FF000000FF0000000000000000000000000000FF000000000000000000000000000000000000FF0000000000000000000000000000000000000FFFFFF00000000000000000000000000000000FFFFFF0000000000000000000000000000000FF000000000000000000000000000000000000F000000000000000000000000000000000000FF00000000F0000000000000000000000000000FF000000FF0000000000000000000000000000FFFFFFFFF0000000000000000000000000000000FFFFFF00000000000000000000000000000000000000000000000000000000000000000000000000000000000000000000000000000000000000000000000000000000000000000000000000000000000000000000000000000000000000000000000000000000000
Glyph 1298 15 000000000000000000000000000000000000000000000000000000000000000000000000000000000000000000000000000000000000000000000000000000000000000000000000000000000000000000000000000000000000000000000000000000000000000000000000000000000000000000000000000000000000000000000000000000000000000000000FFFFFFFF000000000000000000000000000000FFFFFFFF000000000000000000000000000000F000000F00000000000000000000000000000FF000000F00000000000000000000000000000FF000000F00000000000000000000000000000FF000000F00000000000000000000000000000FF000000F00000000000000000000000000000FF000000F00000000000000000000000000000FF000000F00000000000000000000000000000FF000000F00000000000000000000000000000FF000000F00000000000000000000000000000FF000000F00000000000000000000000000FFFF0000000F0FF00000000000000000000000FFF00000000F0FF000000000000000000000000000000000000FF000000000000000000000000000000000000F0000000000000000000000000000000000FFFF0000000000000000000000000000000000FFF000000000000000000000000000000000000000000000000
Glyph 1299 12 00000000000000000000000000000000000000000000000000000000000000000000000000000000000000000000000000000000000000000000000000000000000000000000000000000000000000000000000000000000000000000000000000000000000000000000000000000000000000000000000000000000000000000000000000000000000000000000000000000000000000000000000000000000000000000000000000000000000000000000000000000000000000000000000000000000000000FFFFFFF0000000000000000000000000000000FF000FF0000000000000000000000000000000FF000FF0000000000000000000000000000000FF000FF0000000000000000000000000000000F0000FF0000000000000000000000000000000F0000FF0000000000000000000000000000000F0000FF000000000000000000000000000000FF0000FF000000000000000000000000000000FF0000FF0000000000000000000000000000FFFF0000FFFF00000000000000000000000000FFF00000FFFF000000000000000000000000000000000000FF000000000000000000000000000000000000F0000000000000000000000000000000000FFFF0000000000000000000000000000000000FFF000000000000000000000000000000000000000000000000000
Glyph 7680 13 00000000000000000000000000000000000000000000000000000000000000000000000000000000000000000000000000000000000000000000000000000000000000000000000000000000000000000000000000000000000000000000000000000000000000000000000000000000000000000000000000000000000000000000000000000000000000000000000FF00000000000000000000000000000000000FFF00000000000000000000000000000000000F0F0000000000000000000000000000000000FF0FF000000000000000000000000000000000FF0FF000000000000000000000000000000000F000F00000000000000000000000000000000FF000FF0000000000000000000000000000000FF000FF000000000000000000000000000000FFFFFFFFF00000000000000000000000000000FFFFFFFFF00000000000000000000000000000F0000000F0000000000000000000000000000FF0000000FF000000000000000000000000000FF0000000FF00000000000000000000000000FF000000000FF000000000000000000000000000000000000000000000000000000000000000000000FF00000000000000000000000000000000000F00F00000000000000000000000000000000000FF00000000000000000000000000000000000000000000000000000
Glyph 7681 11 00000000000000000000000000000000000000000000000000000000000000000000000000000000000000000000000000000000000000000000000000000000000000000000000000000000000000000000000000000000000000000000000000000000000000000000000000000000000000000000000000000000000000000000000000000000000000000000000000000000000000000000000000000000000000000000000000000000000000000000000000000000000000000000000000000000000000FFFFF00000000000000000000000000000000FFF0FFF000000000000000000000000000000FF0000FF0000000000000000000000000000000000000F00000000000000000000000000000000FFFFFF0000000000000000000000000000000FF0000F000000000000000000000000000000FF00000F000000000000000000000000000000FF00000F000000000000000000000000000000FF0000FF0000000000000000000000000000000FFFFFFF00000000000000000000000000000000FFFF0FF0000000000000000000000000000000000000000000000000000000000000000000000FF00000000000000000000000000000000000F00F00000000000000000000000000000000000FF0000000000000000000000000000000000000000000000000000000
Glyph 7742 17 0000000000000000000000000000000000000000000000000000000000000000000000000000000000000000000000000000000000000000000000000000000000000000000FF00000000000000000000000000000000000FF000000000000000000000000000000000000F00000000000000000000000000000000000000000000000000000000000000000000FF000000000FFF000000000000000000000000FFF00000000FFF000000000000000000000000FFF0000000FFFF000000000000000000000000F0FF000000FFFF000000000000000000000000F0FF000000F0FF000000000000000000000000F00F00000FF0FF000000000000000000000000F00FF0000FF0FF000000000000000000000000F00FF000FF00FF000000000000000000000000FF00FF00FF00FF000000000000000000000000FF00FF00F000FF000000000000000000000000FF000F0FF000FF000000000000000000000000FF000FFF0000FF000000000000000000000000FF000FFF0000FF000000000000000000000000FF0000FF0000FF00000000000000000000000000000000000000000000000000000000000000000000000000000000000000000000000000000000000000000000000000000000000000000000000000000000000000000000000000000000000000000000000000000
Glyph 7743 18 00000000000000000000000000000000000000000000000000000000000000000000000000000000000000000000000000000000000000000000000000000000000000000000000000000000000000000000000000000000000000000000000000000000000000000000000FF00000000000000000000000000000000000FF000000000000000000000000000000000000F000000000000000000000000000000000000000000000000000000000000000000000000000000000000000000000000000000000FF0FFFF000FFFF000000000000000000000000FFFFFFFFFFFFFFF00000000000000000000000FF00000FF0000FF00000000000000000000000FF00000FF0000FF00000000000000000000000FF00000FF0000FF00000000000000000000000FF00000FF0000FF00000000000000000000000FF00000FF0000FF00000000000000000000000FF00000FF0000FF00000000000000000000000FF00000FF0000FF00000000000000000000000FF00000FF0000FF00000000000000000000000FF00000FF0000FF00000000000000000000000000000000000000000000000000000000000000000000000000000000000000000000000000000000000000000000000000000000000000000000000000000000000000000000000000000000000000000000000000000
Glyph 7808 18 000000000000000000000000000000000000000000000000000000000000000000000000000000000000000000000000000000000000000000000000000000000000000FF0000000000000000000000000000000000000FF0000000000000000000000000000000000000F00000000000000000000000000000000000000000000000000000000000000000000FF00000FF00000FF0000000000000000000000FF00000FF00000FF0000000000000000000000FF0000FFF00000FF0000000000000000000000FF0000FFFF0000F000000000000000000000000FF000FFFF000FF000000000000000000000000FF000F00F000FF000000000000000000000000FF00FF00FF00FF000000000000000000000000FF00FF00FF00F00000000000000000000000000F00F0000F0FF00000000000000000000000000FFFF0000F0FF00000000000000000000000000FFFF0000FFFF00000000000000000000000000FFF00000FFF0000000000000000000000000000FF000000FF0000000000000000000000000000FF000000FF0000000000000000000000000000000000000000000000000000000000000000000000000000000000000000000000000000000000000000000000000000000000000000000000000000000000000000000000000000000000000000000000000000000
Glyph 7809 15 000000000000000000000000000000000000000000000000000000000000000000000000000000000000000000000000000000000000000000000000000000000000000000000000000000000000000000000000000000000000000000000000000000000000000000FF0000000000000000000000000000000000000FF0000000000000000000000000000000000000F00000000000000000000000000000000000000000000000000000000000000000000000000000000000000000000000000000000000F00000F00000F0000000000000000000000000FF000FFF000FF0000000000000000000000000FF000FFF000FF0000000000000000000000000FF000F0F000FF00000000000000000000000000F00FF0FF00F000000000000000000000000000FF0FF0FF0FF000000000000000000000000000FF0F000F0FF0000000000000000000000000000F0F000F0F00000000000000000000000000000FFF000FFF00000000000000000000000000000FF00000FF00000000000000000000000000000FF00000FF000000000000000000000000000000000000000000000000000000000000000000000000000000000000000000000000000000000000000000000000000000000000000000000000000000000000000000000000000000000000000000000000000000000
Glyph 7810 18 0000000000000000000000000000000000000000000000000000000000000000000000000000000000000000000000000000000000000000000000000000000000000000000FF00000000000000000000000000000000000FF000000000000000000000000000000000000F0000000000000000000000000000000000000000000000000000000000000000000FF00000FF00000FF0000000000000000000000FF00000FF00000FF0000000000000000000000FF0000FFF00000FF0000000000000000000000FF0000FFFF0000F000000000000000000000000FF000FFFF000FF000000000000000000000000FF000F00F000FF000000000000000000000000FF00FF00FF00FF000000000000000000000000FF00FF00FF00F00000000000000000000000000F00F0000F0FF00000000000000000000000000FFFF0000F0FF00000000000000000000000000FFFF0000FFFF00000000000000000000000000FFF00000FFF0000000000000000000000000000FF000000FF0000000000000000000000000000FF000000FF0000000000000000000000000000000000000000000000000000000000000000000000000000000000000000000000000000000000000000000000000000000000000000000000000000000000000000000000000000000000000000000000000000000
Glyph 7811 15 000000000000000000000000000000000000000000000000000000000000000000000000000000000000000000000000000000000000000000000000000000000000000000000000000000000000000000000000000000000000000000000000000000000000000000000FF00000000000000000000000000000000000FF000000000000000000000000000000000000F00000000000000000000000000000000000000000000000000000000000000000000000000000000000000000000000000000000000F00000F00000F0000000000000000000000000FF000FFF000FF0000000000000000000000000FF000FFF000FF0000000000000000000000000FF000F0F000FF00000000000000000000000000F00FF0FF00F000000000000000000000000000FF0FF0FF0FF000000000000000000000000000FF0F000F0FF0000000000000000000000000000F0F000F0F00000000000000000000000000000FFF000FFF00000000000000000000000000000FF00000FF00000000000000000000000000000FF00000FF000000000000000000000000000000000000000000000000000000000000000000000000000000000000000000000000000000000000000000000000000000000000000000000000000000000000000000000000000000000000000000000000000000000
Glyph 7812 18 00000000000000000000000000000000000000000000000000000000000000000000000000000000000000000000000000000000000000000000000000000000000000000000000000000000000000000000000000000FF00FF00000000000000000000000000000000FF00FF00000000000000000000000000000000000000000000000000000000000000000FF00000FF00000FF0000000000000000000000FF00000FF00000FF0000000000000000000000FF0000FFF00000FF0000000000000000000000FF0000FFFF0000F000000000000000000000000FF000FFFF000FF000000000000000000000000FF000F00F000FF000000000000000000000000FF00FF00FF00FF000000000000000000000000FF00FF00FF00F00000000000000000000000000F00F0000F0FF00000000000000000000000000FFFF0000F0FF00000000000000000000000000FFFF0000FFFF00000000000000000000000000FFF00000FFF0000000000000000000000000000FF000000FF0000000000000000000000000000FF000000FF0000000000000000000000000000000000000000000000000000000000000000000000000000000000000000000000000000000000000000000000000000000000000000000000000000000000000000000000000000000000000000000000000000000
Glyph 7813 15 0000000000000000000000000000000000000000000000000000000000000000000000000000000000000000000000000000000000000000000000000000000000000000000000000000000000000000000000000000000000000000000000000000000000000000000000000000000000000000000000000000000FF00FF00000000000000000000000000000000FF00FF000000000000000000000000000000000000000000000000000000000000000000000000000000000000000000000000000000000F00000F00000F0000000000000000000000000FF000FFF000FF0000000000000000000000000FF000FFF000FF0000000000000000000000000FF000F0F000FF00000000000000000000000000F00FF0FF00F000000000000000000000000000FF0FF0FF0FF000000000000000000000000000FF0F000F0FF0000000000000000000000000000F0F000F0F00000000000000000000000000000FFF000FFF00000000000000000000000000000FF00000FF00000000000000000000000000000FF00000FF000000000000000000000000000000000000000000000000000000000000000000000000000000000000000000000000000000000000000000000000000000000000000000000000000000000000000000000000000000000000000000000000000000000
Glyph 7840 13 00000000000000000000000000000000000000000000000000000000000000000000000000000000000000000000000000000000000000000000000000000000000000000000000000000000000000000000000000000000000000000000000000000000000000000000000000000000000000000000000000000000000000000000000000000000000000000000000FF00000000000000000000000000000000000FFF00000000000000000000000000000000000F0F0000000000000000000000000000000000FF0FF000000000000000000000000000000000FF0FF000000000000000000000000000000000F000F00000000000000000000000000000000FF000FF0000000000000000000000000000000FF000FF000000000000000000000000000000FFFFFFFFF00000000000000000000000000000FFFFFFFFF00000000000000000000000000000F0000000F0000000000000000000000000000FF0000000FF000000000000000000000000000FF0000000FF00000000000000000000000000FF000000000FF000000000000000000000000000000000000000000000000000000000000000000000FF000000000000000000000000000000000000FF0000000000000000000000000000000000000000000000000000000000000000000000000000000000000000000
Glyph 7841 11 00000000000000000000000000000000000000000000000000000000000000000000000000000000000000000000000000000000000000000000000000000000000000000000000000000000000000000000000000000000000000000000000000000000000000000000000000000000000000000000000000000000000000000000000000000000000000000000000000000000000000000000000000000000000000000000000000000000000000000000000000000000000000000000000000000000000000FFFFF00000000000000000000000000000000FFF0FFF000000000000000000000000000000FF0000FF0000000000000000000000000000000000000F00000000000000000000000000000000FFFFFF0000000000000000000000000000000FF0000F000000000000000000000000000000FF00000F000000000000000000000000000000FF00000F000000000000000000000000000000FF0000FF0000000000000000000000000000000FFFFFFF00000000000000000000000000000000FFFF0FF0000000000000000000000000000000000000000000000000000000000000000000000FF000000000000000000000000000000000000FF000000000000000000000000000000000000000000000000000000000000000000000000000000000000000000000
Glyph 7842 13 000000000000000000000000000000000000000000000000000000000000000000000000000000000000000000000000FFF0000000000000000000000000000000000000F000000000000000000000000000000000000FF000000000000000000000000000000000000F000000000000000000000000000000000000000000000000000000000000000000000000000FF00000000000000000000000000000000000FFF00000000000000000000000000000000000F0F0000000000000000000000000000000000FF0FF000000000000000000000000000000000FF0FF000000000000000000000000000000000F000F00000000000000000000000000000000FF000FF0000000000000000000000000000000FF000FF000000000000000000000000000000FFFFFFFFF00000000000000000000000000000FFFFFFFFF00000000000000000000000000000F0000000F0000000000000000000000000000FF0000000FF000000000000000000000000000FF0000000FF00000000000000000000000000FF000000000FF00000000000000000000000000000000000000000000000000000000000000000000000000000000000000000000000000000000000000000000000000000000000000000000000000000000000000000000000000000000000000000000000000000000
Glyph 7843 11 000000000000000000000000000000000000000000000000000000000000000000000000000000000000000000000000000000000000000000000000000000000000000000000000000000000000000000000000000FFF0000000000000000000000000000000000000F000000000000000000000000000000000000FF000000000000000000000000000000000000F000000000000000000000000000000000000000000000000000000000000000000000000000000000000000000000000000000000000000FFFFF00000000000000000000000000000000FFF0FFF000000000000000000000000000000FF0000FF0000000000000000000000000000000000000F00000000000000000000000000000000FFFFFF0000000000000000000000000000000FF0000F000000000000000000000000000000FF00000F000000000000000000000000000000FF00000F000000000000000000000000000000FF0000FF0000000000000000000000000000000FFFFFFF00000000000000000000000000000000FFFF0FF00000000000000000000000000000000000000000000000000000000000000000000000000000000000000000000000000000000000000000000000000000000000000000000000000000000000000000000000000000000000000000000000000000000000
Glyph 7844 13 0000000000000000000000000000000000000000000000000000000000000000FF00000000000000000000000000000000000FF0000000000000000000000000000000FFF00F0000000000000000000000000000000FF0FF000000000000000000000000000000000F000FF000000000000000000000000000000000000000000000000000000000000000000000000FF00000000000000000000000000000000000FFF00000000000000000000000000000000000F0F0000000000000000000000000000000000FF0FF000000000000000000000000000000000FF0FF000000000000000000000000000000000F000F00000000000000000000000000000000FF000FF0000000000000000000000000000000FF000FF000000000000000000000000000000FFFFFFFFF00000000000000000000000000000FFFFFFFFF00000000000000000000000000000F0000000F0000000000000000000000000000FF0000000FF000000000000000000000000000FF0000000FF00000000000000000000000000FF000000000FF00000000000000000000000000000000000000000000000000000000000000000000000000000000000000000000000000000000000000000000000000000000000000000000000000000000000000000000000000000000000000000000000000000000
Glyph 7845 11 000000000000000000000000000000000000000000000000000000000000000000000000000000000000000000000000000000000000000000000000000000000000000000000000000000000000000000000000000000000FF00000000000000000000000000000000000FF0000000000000000000000000000000FFF00F0000000000000000000000000000000FF0FF000000000000000000000000000000000F000FF0000000000000000000000000000000000000000000000000000000000000000000000FFFFF00000000000000000000000000000000FFF0FFF000000000000000000000000000000FF0000FF0000000000000000000000000000000000000F00000000000000000000000000000000FFFFFF0000000000000000000000000000000FF0000F000000000000000000000000000000FF00000F000000000000000000000000000000FF00000F000000000000000000000000000000FF0000FF0000000000000000000000000000000FFFFFFF00000000000000000000000000000000FFFF0FF00000000000000000000000000000000000000000000000000000000000000000000000000000000000000000000000000000000000000000000000000000000000000000000000000000000000000000000000000000000000000000000000000000000000
Glyph 7846 13 000000000000000000000000000000000000000000000000000000FF000000000000000000000000000000000000FF0000000000000000000000000000000000000FF0FFF0000000000000000000000000000000000FF0FF000000000000000000000000000000000F000FF000000000000000000000000000000000000000000000000000000000000000000000000FF00000000000000000000000000000000000FFF00000000000000000000000000000000000F0F0000000000000000000000000000000000FF0FF000000000000000000000000000000000FF0FF000000000000000000000000000000000F000F00000000000000000000000000000000FF000FF0000000000000000000000000000000FF000FF000000000000000000000000000000FFFFFFFFF00000000000000000000000000000FFFFFFFFF00000000000000000000000000000F0000000F0000000000000000000000000000FF0000000FF000000000000000000000000000FF0000000FF00000000000000000000000000FF000000000FF00000000000000000000000000000000000000000000000000000000000000000000000000000000000000000000000000000000000000000000000000000000000000000000000000000000000000000000000000000000000000000000000000000000
Glyph 7847 11 00000000000000000000000000000000000000000000000000000000000000000000000000000000000000000000000000000000000000000000000000000000000000000000000000000000000000000000000FF000000000000000000000000000000000000FF0000000000000000000000000000000000000FF0FFF0000000000000000000000000000000000FF0FF000000000000000000000000000000000F000FF0000000000000000000000000000000000000000000000000000000000000000000000FFFFF00000000000000000000000000000000FFF0FFF000000000000000000000000000000FF0000FF0000000000000000000000000000000000000F00000000000000000000000000000000FFFFFF0000000000000000000000000000000FF0000F000000000000000000000000000000FF00000F000000000000000000000000000000FF00000F000000000000000000000000000000FF0000FF0000000000000000000000000000000FFFFFFF00000000000000000000000000000000FFFF0FF00000000000000000000000000000000000000000000000000000000000000000000000000000000000000000000000000000000000000000000000000000000000000000000000000000000000000000000000000000000000000000000000000000000000
Glyph 7848 13 0000000000000000000000000000000000000000000000000000000000000000000000000000000000000000000000000000FFF0000000000000000000000000000000FFF0FFF000000000000000000000000000000FF0FFFF000000000000000000000000000000FF000FF000000000000000000000000000000000000000000000000000000000000000000000000FF00000000000000000000000000000000000FFF00000000000000000000000000000000000F0F0000000000000000000000000000000000FF0FF000000000000000000000000000000000FF0FF000000000000000000000000000000000F000F00000000000000000000000000000000FF000FF0000000000000000000000000000000FF000FF000000000000000000000000000000FFFFFFFFF00000000000000000000000000000FFFFFFFFF00000000000000000000000000000F0000000F0000000000000000000000000000FF0000000FF000000000000000000000000000FF0000000FF00000000000000000000000000FF000000000FF00000000000000000000000000000000000000000000000000000000000000000000000000000000000000000000000000000000000000000000000000000000000000000000000000000000000000000000000000000000000000000000000000000000
Glyph 7849 11 000000000000000000000000000000000000000000000000000000000000000000000000000000000000000000000000000000000000000000000000000000000000000000000000000000000000000000000000000000000000000000000000000000000000000000000FFF0000000000000000000000000000000FFF0FFF000000000000000000000000000000FF0FFFF000000000000000000000000000000FF000FF0000000000000000000000000000000000000000000000000000000000000000000000FFFFF00000000000000000000000000000000FFF0FFF000000000000000000000000000000FF0000FF0000000000000000000000000000000000000F00000000000000000000000000000000FFFFFF0000000000000000000000000000000FF0000F000000000000000000000000000000FF00000F000000000000000000000000000000FF00000F000000000000000000000000000000FF0000FF0000000000000000000000000000000FFFFFFF00000000000000000000000000000000FFFF0FF00000000000000000000000000000000000000000000000000000000000000000000000000000000000000000000000000000000000000000000000000000000000000000000000000000000000000000000000000000000000000000000000000000000000
Glyph 7850 13 0000000000000000000000000000000000000000000000000000000000F00F000000000000000000000000000000000F0FFF000000000000000000000000000000000000000000000000000000000000000000000000FFF0000000000000000000000000000000000F000F0000000000000000000000000000000000000000000000000000000000000000000000000FF00000000000000000000000000000000000FFF00000000000000000000000000000000000F0F0000000000000000000000000000000000FF0FF000000000000000000000000000000000FF0FF000000000000000000000000000000000F000F00000000000000000000000000000000FF000FF0000000000000000000000000000000FF000FF000000000000000000000000000000FFFFFFFFF00000000000000000000000000000FFFFFFFFF00000000000000000000000000000F0000000F0000000000000000000000000000FF0000000FF000000000000000000000000000FF0000000FF00000000000000000000000000FF000000000FF00000000000000000000000000000000000000000000000000000000000000000000000000000000000000000000000000000000000000000000000000000000000000000000000000000000000000000000000000000000000000000000000000000000
Glyph 7851 11 000000000000000000000000000000000000000000000000000000000000000000000000000000000000000000000000000000000000000000000000000000000000000000000000000000000000000000000000000F00F000000000000000000000000000000000F0FFF000000000000000000000000000000000000000000000000000000000000000000000000FFF0000000000000000000000000000000000F000F00000000000000000000000000000000000000000000000000000000000000000000000FFFFF00000000000000000000000000000000FFF0FFF000000000000000000000000000000FF0000FF0000000000000000000000000000000000000F00000000000000000000000000000000FFFFFF0000000000000000000000000000000FF0000F000000000000000000000000000000FF00000F000000000000000000000000000000FF00000F000000000000000000000000000000FF0000FF0000000000000000000000000000000FFFFFFF00000000000000000000000000000000FFFF0FF00000000000000000000000000000000000000000000000000000000000000000000000000000000000000000000000000000000000000000000000000000000000000000000000000000000000000000000000000000000000000000000000000000000000
Glyph 7852 13 000000000000000000000000000000000000000000000000000000000000000000000000000000000000000000000000000000000000000000000000000000000000000FF00000000000000000000000000000000000F0F0000000000000000000000000000000000FF00F0000000000000000000000000000000000000000000000000000000000000000000000000FF00000000000000000000000000000000000FFF00000000000000000000000000000000000F0F0000000000000000000000000000000000FF0FF000000000000000000000000000000000FF0FF000000000000000000000000000000000F000F00000000000000000000000000000000FF000FF0000000000000000000000000000000FF000FF000000000000000000000000000000FFFFFFFFF00000000000000000000000000000FFFFFFFFF00000000000000000000000000000F0000000F0000000000000000000000000000FF0000000FF000000000000000000000000000FF0000000FF00000000000000000000000000FF000000000FF000000000000000000000000000000000000000000000000000000000000000000000FF000000000000000000000000000000000000FF0000000000000000000000000000000000000000000000000000000000000000000000000000000000000000000
Glyph 7853 11 00000000000000000000000000000000000000000000000000000000000000000000000000000000000000000000000000000000000000000000000000000000000000000000000000000000000000000000000000000000000000000000000000000000000000000000000000000000000000000000000000000000FF00000000000000000000000000000000000F0F0000000000000000000000000000000000FF00F00000000000000000000000000000000000000000000000000000000000000000000000FFFFF00000000000000000000000000000000FFF0FFF000000000000000000000000000000FF0000FF0000000000000000000000000000000000000F00000000000000000000000000000000FFFFFF0000000000000000000000000000000FF0000F000000000000000000000000000000FF00000F000000000000000000000000000000FF00000F000000000000000000000000000000FF0000FF0000000000000000000000000000000FFFFFFF00000000000000000000000000000000FFFF0FF0000000000000000000000000000000000000000000000000000000000000000000000FF000000000000000000000000000000000000FF000000000000000000000000000000000000000000000000000000000000000000000000000000000000000000000
Glyph 7854 13 00000000000000000000000000000000000000000000000000000000000FF000000000000000000000000000000000000F0000000000000000000000000000000000FF000F000000000000000000000000000000000F00FF000000000000000000000000000000000FFFF00000000000000000000000000000000000000000000000000000000000000000000000000FF00000000000000000000000000000000000FFF00000000000000000000000000000000000F0F0000000000000000000000000000000000FF0FF000000000000000000000000000000000FF0FF000000000000000000000000000000000F000F00000000000000000000000000000000FF000FF0000000000000000000000000000000FF000FF000000000000000000000000000000FFFFFFFFF00000000000000000000000000000FFFFFFFFF00000000000000000000000000000F0000000F0000000000000000000000000000FF0000000FF000000000000000000000000000FF0000000FF00000000000000000000000000FF000000000FF00000000000000000000000000000000000000000000000000000000000000000000000000000000000000000000000000000000000000000000000000000000000000000000000000000000000000000000000000000000000000000000000000000000
Glyph 7855 11 0000000000000000000000000000000000000000000000000000000000000000000000000000000000000000000000000000000000000000000000000000000000000000000000000000000000000000000000000000FF000000000000000000000000000000000000F0000000000000000000000000000000000FF000F000000000000000000000000000000000F00FF000000000000000000000000000000000FFFF000000000000000000000000000000000000000000000000000000000000000000000000FFFFF00000000000000000000000000000000FFF0FFF000000000000000000000000000000FF0000FF0000000000000000000000000000000000000F00000000000000000000000000000000FFFFFF0000000000000000000000000000000FF0000F000000000000000000000000000000FF00000F000000000000000000000000000000FF00000F000000000000000000000000000000FF0000FF0000000000000000000000000000000FFFFFFF00000000000000000000000000000000FFFF0FF00000000000000000000000000000000000000000000000000000000000000000000000000000000000000000000000000000000000000000000000000000000000000000000000000000000000000000000000000000000000000000000000000000000000
Glyph 7856 13 00000000000000000000F00000000000000000000000000000000000000F000000000000000000000000000000000000000000000000000000000000000000000000FF000F000000000000000000000000000000000F00FF000000000000000000000000000000000FFFF00000000000000000000000000000000000000000000000000000000000000000000000000FF00000000000000000000000000000000000FFF00000000000000000000000000000000000F0F0000000000000000000000000000000000FF0FF000000000000000000000000000000000FF0FF000000000000000000000000000000000F000F00000000000000000000000000000000FF000FF0000000000000000000000000000000FF000FF000000000000000000000000000000FFFFFFFFF00000000000000000000000000000FFFFFFFFF00000000000000000000000000000F0000000F0000000000000000000000000000FF0000000FF000000000000000000000000000FF0000000FF00000000000000000000000000FF000000000FF00000000000000000000000000000000000000000000000000000000000000000000000000000000000000000000000000000000000000000000000000000000000000000000000000000000000000000000000000000000000000000000000000000000
Glyph 7857 11 0000000000000000000000000000000000000000000000000000000000000000000000000000000000000000000000000000000000000000000000000000000000000F00000000000000000000000000000000000000F000000000000000000000000000000000000000000000000000000000000000000000000FF000F000000000000000000000000000000000F00FF000000000000000000000000000000000FFFF000000000000000000000000000000000000000000000000000000000000000000000000FFFFF00000000000000000000000000000000FFF0FFF000000000000000000000000000000FF0000FF0000000000000000000000000000000000000F00000000000000000000000000000000FFFFFF0000000000000000000000000000000FF0000F000000000000000000000000000000FF00000F000000000000000000000000000000FF00000F000000000000000000000000000000FF0000FF0000000000000000000000000000000FFFFFFF00000000000000000000000000000000FFFF0FF00000000000000000000000000000000000000000000000000000000000000000000000000000000000000000000000000000000000000000000000000000000000000000000000000000000000000000000000000000000000000000000000000000000000
Glyph 7858 13 00000000000000000000FFF0000000000000000000000000000000000000F000000000000000000000000000000000000F0000000000000000000000000000000000FF000F000000000000000000000000000000000F00FF000000000000000000000000000000000FFFF00000000000000000000000000000000000000000000000000000000000000000000000000FF00000000000000000000000000000000000FFF00000000000000000000000000000000000F0F0000000000000000000000000000000000FF0FF000000000000000000000000000000000FF0FF000000000000000000000000000000000F000F00000000000000000000000000000000FF000FF0000000000000000000000000000000FF000FF000000000000000000000000000000FFFFFFFFF00000000000000000000000000000FFFFFFFFF00000000000000000000000000000F0000000F0000000000000000000000000000FF0000000FF000000000000000000000000000FF0000000FF00000000000000000000000000FF000000000FF00000000000000000000000000000000000000000000000000000000000000000000000000000000000000000000000000000000000000000000000000000000000000000000000000000000000000000000000000000000000000000000000000000000
Glyph 7859 11 00000000000000000000000000000000000000000000000000000000000000000000000000000000000000000000000FFF0000000000000000000000000000000000000F000000000000000000000000000000000000F0000000000000000000000000000000000FF000F000000000000000000000000000000000F00FF000000000000000000000000000000000FFFF00000000000000000000000000000000000000000000000000000000000000000000000000000000000000000000000000000000000000FFFFF00000000000000000000000000000000FFF0FFF000000000000000000000000000000FF0000FF0000000000000000000000000000000000000F00000000000000000000000000000000FFFFFF0000000000000000000000000000000FF0000F000000000000000000000000000000FF00000F000000000000000000000000000000FF00000F000000000000000000000000000000FF0000FF0000000000000000000000000000000FFFFFFF00000000000000000000000000000000FFFF0FF00000000000000000000000000000000000000000000000000000000000000000000000000000000000000000000000000000000000000000000000000000000000000000000000000000000000000000000000000000000000000000000000000000000000
Glyph 7860 13 000000000000000000000000000000000000000000000000000000000FF00F000000000000000000000000000000000F0FF00000000000000000000000000000000000000000000000000000000000000000000000FF00FF000000000000000000000000000000000FFFF00000000000000000000000000000000000000000000000000000000000000000000000000FF00000000000000000000000000000000000FFF00000000000000000000000000000000000F0F0000000000000000000000000000000000FF0FF000000000000000000000000000000000FF0FF000000000000000000000000000000000F000F00000000000000000000000000000000FF000FF0000000000000000000000000000000FF000FF000000000000000000000000000000FFFFFFFFF00000000000000000000000000000FFFFFFFFF00000000000000000000000000000F0000000F0000000000000000000000000000FF0000000FF000000000000000000000000000FF0000000FF00000000000000000000000000FF000000000FF00000000000000000000000000000000000000000000000000000000000000000000000000000000000000000000000000000000000000000000000000000000000000000000000000000000000000000000000000000000000000000000000000000000
Glyph 7861 11 000000000000000000000000000000000000000000000000000000000000000000000000000000000000000000000000000000000000000000000000000000000000FF00F000000000000000000000000000000000F0FF00000000000000000000000000000000000000000000000000000000000000000000000FF00FF000000000000000000000000000000000FFFF00000000000000000000000000000000000000000000000000000000000000000000000000000000000000000000000000000000000000FFFFF00000000000000000000000000000000FFF0FFF000000000000000000000000000000FF0000FF0000000000000000000000000000000000000F00000000000000000000000000000000FFFFFF0000000000000000000000000000000FF0000F000000000000000000000000000000FF00000F000000000000000000000000000000FF00000F000000000000000000000000000000FF0000FF0000000000000000000000000000000FFFFFFF00000000000000000000000000000000FFFF0FF00000000000000000000000000000000000000000000000000000000000000000000000000000000000000000000000000000000000000000000000000000000000000000000000000000000000000000000000000000000000000000000000000000000000
Glyph 7862 13 000000000000000000000000000000000000000000000000000000000000000000000000000000000000000000000000000000000000000000000000000000000000FF000F000000000000000000000000000000000F00FF000000000000000000000000000000000FFFF00000000000000000000000000000000000000000000000000000000000000000000000000FF00000000000000000000000000000000000FFF00000000000000000000000000000000000F0F0000000000000000000000000000000000FF0FF000000000000000000000000000000000FF0FF000000000000000000000000000000000F000F00000000000000000000000000000000FF000FF0000000000000000000000000000000FF000FF000000000000000000000000000000FFFFFFFFF00000000000000000000000000000FFFFFFFFF00000000000000000000000000000F0000000F0000000000000000000000000000FF0000000FF000000000000000000000000000FF0000000FF00000000000000000000000000FF000000000FF000000000000000000000000000000000000000000000000000000000000000000000FF000000000000000000000000000000000000FF0000000000000000000000000000000000000000000000000000000000000000000000000000000000000000000
Glyph 7863 11 000000000000000000000000000000000000000000000000000000000000000000000000000000000000000000000000000000000000000000000000000000000000000000000000000000000000000000000000000000000000000000000000000000000000000000000000000000000000000000000000000000FF000F000000000000000000000000000000000F00FF000000000000000000000000000000000FFFF00000000000000000000000000000000000000000000000000000000000000000000000FFFFF00000000000000000000000000000000FFF0FFF000000000000000000000000000000FF0000FF0000000000000000000000000000000000000F00000000000000000000000000000000FFFFFF0000000000000000000000000000000FF0000F000000000000000000000000000000FF00000F000000000000000000000000000000FF00000F000000000000000000000000000000FF0000FF0000000000000000000000000000000FFFFFFF00000000000000000000000000000000FFFF0FF0000000000000000000000000000000000000000000000000000000000000000000000FF000000000000000000000000000000000000FF000000000000000000000000000000000000000000000000000000000000000000000000000000000000000000000
Glyph 7864 11 0000000000000000000000000000000000000000000000000000000000000000000000000000000000000000000000000000000000000000000000000000000000000000000000000000000000000000000000000000000000000000000000000000000000000000000000000000000000000000000000000000000000000000000000000000000000000000000FFFFFFFFF00000000000000000000000000000FFFFFFFFF00000000000000000000000000000FF000000000000000000000000000000000000FF000000000000000000000000000000000000FF000000000000000000000000000000000000FF000000000000000000000000000000000000FFFFFFFF000000000000000000000000000000FFFFFFFF000000000000000000000000000000FF000000000000000000000000000000000000FF000000000000000000000000000000000000FF000000000000000000000000000000000000FF000000000000000000000000000000000000FFFFFFFFF00000000000000000000000000000FFFFFFFFF0000000000000000000000000000000000000000000000000000000000000000000000FF000000000000000000000000000000000000FF00000000000000000000000000000000000000000000000000000000000000000000000000000000000000000000
Glyph 7865 11 000000000000000000000000000000000000000000000000000000000000000000000000000000000000000000000000000000000000000000000000000000000000000000000000000000000000000000000000000000000000000000000000000000000000000000000000000000000000000000000000000000000000000000000000000000000000000000000000000000000000000000000000000000000000000000000000000000000000000000000000000000000000000000000000000000000000000FFFF00000000000000000000000000000000FFF0FFF0000000000000000000000000000000FF0000F000000000000000000000000000000FF00000FF00000000000000000000000000000FF00000FF00000000000000000000000000000FFFFFFFFF00000000000000000000000000000FF000000000000000000000000000000000000FF000000000000000000000000000000000000FFF0000F0000000000000000000000000000000FFFFFFF00000000000000000000000000000000FFFFF000000000000000000000000000000000000000000000000000000000000000000000000FF000000000000000000000000000000000000FF000000000000000000000000000000000000000000000000000000000000000000000000000000000000000000000
Glyph 7866 11 000000000000000000000000000000000000000000000000000000000000000000000000000000000000000000000000FFF0000000000000000000000000000000000000F000000000000000000000000000000000000FF000000000000000000000000000000000000F00000000000000000000000000000000000000000000000000000000000000000000000FFFFFFFFF00000000000000000000000000000FFFFFFFFF00000000000000000000000000000FF000000000000000000000000000000000000FF000000000000000000000000000000000000FF000000000000000000000000000000000000FF000000000000000000000000000000000000FFFFFFFF000000000000000000000000000000FFFFFFFF000000000000000000000000000000FF000000000000000000000000000000000000FF000000000000000000000000000000000000FF000000000000000000000000000000000000FF000000000000000000000000000000000000FFFFFFFFF00000000000000000000000000000FFFFFFFFF0000000000000000000000000000000000000000000000000000000000000000000000000000000000000000000000000000000000000000000000000000000000000000000000000000000000000000000000000000000000000000000000000000000000
Glyph 7867 11 000000000000000000000000000000000000000000000000000000000000000000000000000000000000000000000000000000000000000000000000000000000000000000000000000000000000000000000000000FFF0000000000000000000000000000000000000F000000000000000000000000000000000000FF000000000000000000000000000000000000F0000000000000000000000000000000000000000000000000000000000000000000000000000000000000000000000000000000000000000FFFF00000000000000000000000000000000FFF0FFF0000000000000000000000000000000FF0000F000000000000000000000000000000FF00000FF00000000000000000000000000000FF00000FF00000000000000000000000000000FFFFFFFFF00000000000000000000000000000FF000000000000000000000000000000000000FF000000000000000000000000000000000000FFF0000F0000000000000000000000000000000FFFFFFF00000000000000000000000000000000FFFFF0000000000000000000000000000000000000000000000000000000000000000000000000000000000000000000000000000000000000000000000000000000000000000000000000000000000000000000000000000000000000000000000000000000000000
Glyph 7868 11 000000000000000000000000000000000000000000000000000000000000000000000000000000000000000000000000000000000000000000000000000000000000FF000F0000000000000000000000000000000FF0F0FF0000000000000000000000000000000F000FF0000000000000000000000000000000000000000000000000000000000000000000000FFFFFFFFF00000000000000000000000000000FFFFFFFFF00000000000000000000000000000FF000000000000000000000000000000000000FF000000000000000000000000000000000000FF000000000000000000000000000000000000FF000000000000000000000000000000000000FFFFFFFF000000000000000000000000000000FFFFFFFF000000000000000000000000000000FF000000000000000000000000000000000000FF000000000000000000000000000000000000FF000000000000000000000000000000000000FF000000000000000000000000000000000000FFFFFFFFF00000000000000000000000000000FFFFFFFFF0000000000000000000000000000000000000000000000000000000000000000000000000000000000000000000000000000000000000000000000000000000000000000000000000000000000000000000000000000000000000000000000000000000000
Glyph 7869 11 000000000000000000000000000000000000000000000000000000000000000000000000000000000000000000000000000000000000000000000000000000000000000000000000000000000000000000000000000000000000000000000000000000000000000000000000000000000000000000000000000000FF000F0000000000000000000000000000000FF0F0FF0000000000000000000000000000000F000FF000000000000000000000000000000000000000000000000000000000000000000000000FFFF00000000000000000000000000000000FFF0FFF0000000000000000000000000000000FF0000F000000000000000000000000000000FF00000FF00000000000000000000000000000FF00000FF00000000000000000000000000000FFFFFFFFF00000000000000000000000000000FF000000000000000000000000000000000000FF000000000000000000000000000000000000FFF0000F0000000000000000000000000000000FFFFFFF00000000000000000000000000000000FFFFF0000000000000000000000000000000000000000000000000000000000000000000000000000000000000000000000000000000000000000000000000000000000000000000000000000000000000000000000000000000000000000000000000000000000000
Glyph 7870 11 000000000000000000000000000000000000000000000000000000000000000FF00000000000000000000000000000000000FF0000000000000000000000000000000FFF00F0000000000000000000000000000000FF0FF000000000000000000000000000000000F000FF000000000000000000000000000000000000000000000000000000000000000000000FFFFFFFFF00000000000000000000000000000FFFFFFFFF00000000000000000000000000000FF000000000000000000000000000000000000FF000000000000000000000000000000000000FF000000000000000000000000000000000000FF000000000000000000000000000000000000FFFFFFFF000000000000000000000000000000FFFFFFFF000000000000000000000000000000FF000000000000000000000000000000000000FF000000000000000000000000000000000000FF000000000000000000000000000000000000FF000000000000000000000000000000000000FFFFFFFFF00000000000000000000000000000FFFFFFFFF0000000000000000000000000000000000000000000000000000000000000000000000000000000000000000000000000000000000000000000000000000000000000000000000000000000000000000000000000000000000000000000000000000000000
Glyph 7871 11 000000000000000000000000000000000000000000000000000000000000000000000000000000000000000000000000000000000000000000000000000000000000000000000000000000000000000000000000000000000FF00000000000000000000000000000000000FF0000000000000000000000000000000FFF00F0000000000000000000000000000000FF0FF000000000000000000000000000000000F000FF00000000000000000000000000000000000000000000000000000000000000000000000FFFF00000000000000000000000000000000FFF0FFF0000000000000000000000000000000FF0000F000000000000000000000000000000FF00000FF00000000000000000000000000000FF00000FF00000000000000000000000000000FFFFFFFFF00000000000000000000000000000FF000000000000000000000000000000000000FF000000000000000000000000000000000000FFF0000F0000000000000000000000000000000FFFFFFF00000000000000000000000000000000FFFFF0000000000000000000000000000000000000000000000000000000000000000000000000000000000000000000000000000000000000000000000000000000000000000000000000000000000000000000000000000000000000000000000000000000000000
Glyph 7872 11 00000000000000000000000000000000000000000000000000000FF000000000000000000000000000000000000FF0000000000000000000000000000000000000FF0FFF0000000000000000000000000000000000FF0FF000000000000000000000000000000000F000FF000000000000000000000000000000000000000000000000000000000000000000000FFFFFFFFF00000000000000000000000000000FFFFFFFFF00000000000000000000000000000FF000000000000000000000000000000000000FF000000000000000000000000000000000000FF000000000000000000000000000000000000FF000000000000000000000000000000000000FFFFFFFF000000000000000000000000000000FFFFFFFF000000000000000000000000000000FF000000000000000000000000000000000000FF000000000000000000000000000000000000FF000000000000000000000000000000000000FF000000000000000000000000000000000000FFFFFFFFF00000000000000000000000000000FFFFFFFFF0000000000000000000000000000000000000000000000000000000000000000000000000000000000000000000000000000000000000000000000000000000000000000000000000000000000000000000000000000000000000000000000000000000000
Glyph 7873 11 00000000000000000000000000000000000000000000000000000000000000000000000000000000000000000000000000000000000000000000000000000000000000000000000000000000000000000000000FF000000000000000000000000000000000000FF0000000000000000000000000000000000000FF0FFF0000000000000000000000000000000000FF0FF000000000000000000000000000000000F000FF00000000000000000000000000000000000000000000000000000000000000000000000FFFF00000000000000000000000000000000FFF0FFF0000000000000000000000000000000FF0000F000000000000000000000000000000FF00000FF00000000000000000000000000000FF00000FF00000000000000000000000000000FFFFFFFFF00000000000000000000000000000FF000000000000000000000000000000000000FF000000000000000000000000000000000000FFF0000F0000000000000000000000000000000FFFFFFF00000000000000000000000000000000FFFFF0000000000000000000000000000000000000000000000000000000000000000000000000000000000000000000000000000000000000000000000000000000000000000000000000000000000000000000000000000000000000000000000000000000000000
Glyph 7874 11 000000000000000000000000000000000000000000000000000000000000000000000000000000000000000000000000000FFF0000000000000000000000000000000FFF0FFF000000000000000000000000000000FF0FFFF000000000000000000000000000000FF000FF000000000000000000000000000000000000000000000000000000000000000000000FFFFFFFFF00000000000000000000000000000FFFFFFFFF00000000000000000000000000000FF000000000000000000000000000000000000FF000000000000000000000000000000000000FF000000000000000000000000000000000000FF000000000000000000000000000000000000FFFFFFFF000000000000000000000000000000FFFFFFFF000000000000000000000000000000FF000000000000000000000000000000000000FF000000000000000000000000000000000000FF000000000000000000000000000000000000FF000000000000000000000000000000000000FFFFFFFFF00000000000000000000000000000FFFFFFFFF0000000000000000000000000000000000000000000000000000000000000000000000000000000000000000000000000000000000000000000000000000000000000000000000000000000000000000000000000000000000000000000000000000000000
Glyph 7875 11 000000000000000000000000000000000000000000000000000000000000000000000000000000000000000000000000000000000000000000000000000000000000000000000000000000000000000000000000000000000000000000000000000000000000000000000FFF0000000000000000000000000000000FFF0FFF000000000000000000000000000000FF0FFFF000000000000000000000000000000FF000FF00000000000000000000000000000000000000000000000000000000000000000000000FFFF00000000000000000000000000000000FFF0FFF0000000000000000000000000000000FF0000F000000000000000000000000000000FF00000FF00000000000000000000000000000FF00000FF00000000000000000000000000000FFFFFFFFF00000000000000000000000000000FF000000000000000000000000000000000000FF000000000000000000000000000000000000FFF0000F0000000000000000000000000000000FFFFFFF00000000000000000000000000000000FFFFF0000000000000000000000000000000000000000000000000000000000000000000000000000000000000000000000000000000000000000000000000000000000000000000000000000000000000000000000000000000000000000000000000000000000000
Glyph 7876 11 000000000000000000000000000000000000000000000000000000000F00F000000000000000000000000000000000F0FFF000000000000000000000000000000000000000000000000000000000000000000000000FFF0000000000000000000000000000000000F000F0000000000000000000000000000000000000000000000000000000000000000000000FFFFFFFFF00000000000000000000000000000FFFFFFFFF00000000000000000000000000000FF000000000000000000000000000000000000FF000000000000000000000000000000000000FF000000000000000000000000000000000000FF000000000000000000000000000000000000FFFFFFFF000000000000000000000000000000FFFFFFFF000000000000000000000000000000FF000000000000000000000000000000000000FF000000000000000000000000000000000000FF000000000000000000000000000000000000FF000000000000000000000000000000000000FFFFFFFFF00000000000000000000000000000FFFFFFFFF0000000000000000000000000000000000000000000000000000000000000000000000000000000000000000000000000000000000000000000000000000000000000000000000000000000000000000000000000000000000000000000000000000000000
Glyph 7877 11 000000000000000000000000000000000000000000000000000000000000000000000000000000000000000000000000000000000000000000000000000000000000000000000000000000000000000000000000000F00F000000000000000000000000000000000F0FFF000000000000000000000000000000000000000000000000000000000000000000000000FFF0000000000000000000000000000000000F000F000000000000000000000000000000000000000000000000000000000000000000000000FFFF00000000000000000000000000000000FFF0FFF0000000000000000000000000000000FF0000F000000000000000000000000000000FF00000FF00000000000000000000000000000FF00000FF00000000000000000000000000000FFFFFFFFF00000000000000000000000000000FF000000000000000000000000000000000000FF000000000000000000000000000000000000FFF0000F0000000000000000000000000000000FFFFFFF00000000000000000000000000000000FFFFF0000000000000000000000000000000000000000000000000000000000000000000000000000000000000000000000000000000000000000000000000000000000000000000000000000000000000000000000000000000000000000000000000000000000000
Glyph 7878 11 00000000000000000000000000000000000000000000000000000000000000000000000000000000000000000000000000000000000000000000000000000000000000FF00000000000000000000000000000000000F0F0000000000000000000000000000000000FF00F0000000000000000000000000000000000000000000000000000000000000000000000FFFFFFFFF00000000000000000000000000000FFFFFFFFF00000000000000000000000000000FF000000000000000000000000000000000000FF000000000000000000000000000000000000FF000000000000000000000000000000000000FF000000000000000000000000000000000000FFFFFFFF000000000000000000000000000000FFFFFFFF000000000000000000000000000000FF000000000000000000000000000000000000FF000000000000000000000000000000000000FF000000000000000000000000000000000000FF000000000000000000000000000000000000FFFFFFFFF00000000000000000000000000000FFFFFFFFF0000000000000000000000000000000000000000000000000000000000000000000000FF000000000000000000000000000000000000FF00000000000000000000000000000000000000000000000000000000000000000000000000000000000000000000
Glyph 7879 11 00000000000000000000000000000000000000000000000000000000000000000000000000000000000000000000000000000000000000000000000000000000000000000000000000000000000000000000000000000000000000000000000000000000000000000000000000000000000000000000000000000000FF00000000000000000000000000000000000F0F0000000000000000000000000000000000FF00F000000000000000000000000000000000000000000000000000000000000000000000000FFFF00000000000000000000000000000000FFF0FFF0000000000000000000000000000000FF0000F000000000000000000000000000000FF00000FF00000000000000000000000000000FF00000FF00000000000000000000000000000FFFFFFFFF00000000000000000000000000000FF000000000000000000000000000000000000FF000000000000000000000000000000000000FFF0000F0000000000000000000000000000000FFFFFFF00000000000000000000000000000000FFFFF000000000000000000000000000000000000000000000000000000000000000000000000FF000000000000000000000000000000000000FF000000000000000000000000000000000000000000000000000000000000000000000000000000000000000000000
Glyph 7880 5 00000000000000000000000000000000000000000000000000000000000000000000000000000000000000000000FFF0000000000000000000000000000000000000F000000000000000000000000000000000000FF000000000000000000000000000000000000F000000000000000000000000000000000000000000000000000000000000000000000000000FF000000000000000000000000000000000000FF000000000000000000000000000000000000FF000000000000000000000000000000000000FF000000000000000000000000000000000000FF000000000000000000000000000000000000FF000000000000000000000000000000000000FF000000000000000000000000000000000000FF000000000000000000000000000000000000FF000000000000000000000000000000000000FF000000000000000000000000000000000000FF000000000000000000000000000000000000FF000000000000000000000000000000000000FF000000000000000000000000000000000000FF00000000000000000000000000000000000000000000000000000000000000000000000000000000000000000000000000000000000000000000000000000000000000000000000000000000000000000000000000000000000000000000000000000000000000000
Glyph 7881 5 000000000000000000000000000000000000000000000000000000000000000000000000000000000000000000000000000000000000000000000000000000000000000000000000000000000000000000000000FFF0000000000000000000000000000000000000F000000000000000000000000000000000000FF000000000000000000000000000000000000F00000000000000000000000000000000000000000000000000000000000000000000000000000000000000000000000000000000000000000F0000000000000000000000000000000000000F0000000000000000000000000000000000000F0000000000000000000000000000000000000F0000000000000000000000000000000000000F0000000000000000000000000000000000000F0000000000000000000000000000000000000F0000000000000000000000000000000000000F0000000000000000000000000000000000000F0000000000000000000000000000000000000F0000000000000000000000000000000000000F000000000000000000000000000000000000000000000000000000000000000000000000000000000000000000000000000000000000000000000000000000000000000000000000000000000000000000000000000000000000000000000000000000000000000000
Glyph 7882 5 0000000000000000000000000000000000000000000000000000000000000000000000000000000000000000000000000000000000000000000000000000000000000000000000000000000000000000000000000000000000000000000000000000000000000000000000000000000000000000000000000000000000000000000000000000000000000000000FF000000000000000000000000000000000000FF000000000000000000000000000000000000FF000000000000000000000000000000000000FF000000000000000000000000000000000000FF000000000000000000000000000000000000FF000000000000000000000000000000000000FF000000000000000000000000000000000000FF000000000000000000000000000000000000FF000000000000000000000000000000000000FF000000000000000000000000000000000000FF000000000000000000000000000000000000FF000000000000000000000000000000000000FF000000000000000000000000000000000000FF00000000000000000000000000000000000000000000000000000000000000000000000000FF000000000000000000000000000000000000FF00000000000000000000000000000000000000000000000000000000000000000000000000000000000000000000000
Glyph 7883 5 0000000000000000000000000000000000000000000000000000000000000000000000000000000000000000000000000000000000000000000000000000000000000000000000000000000000000000000000000000000000000000000000000000000000000000000000000000000000000000000000000000FF0000000000000000000000000000000000000F00000000000000000000000000000000000000000000000000000000000000000000000000000000000000000000000000000000000000000F0000000000000000000000000000000000000F0000000000000000000000000000000000000F0000000000000000000000000000000000000F0000000000000000000000000000000000000F0000000000000000000000000000000000000F0000000000000000000000000000000000000F0000000000000000000000000000000000000F0000000000000000000000000000000000000F0000000000000000000000000000000000000F0000000000000000000000000000000000000F00000000000000000000000000000000000000000000000000000000000000000000000000FF000000000000000000000000000000000000FF000000000000000000000000000000000000000000000000000000000000000000000000000000000000000000000000
Glyph 7884 14 000000000000000000000000000000000000000000000000000000000000000000000000000000000000000000000000000000000000000000000000000000000000000000000000000000000000000000000000000000000000000000000000000000000000000000000000000000000000000000000000000000000000000000000000000000000000000000000FFFFF00000000000000000000000000000000FFFFFFFF00000000000000000000000000000FF00000FFF0000000000000000000000000000FF000000FF000000000000000000000000000FF0000000FF000000000000000000000000000FF00000000FF00000000000000000000000000FF00000000FF00000000000000000000000000FF00000000FF00000000000000000000000000FF00000000FF00000000000000000000000000FF0000000FF0000000000000000000000000000FF000000FF0000000000000000000000000000FF00000FFF00000000000000000000000000000FFFFFFFF0000000000000000000000000000000FFFFF0000000000000000000000000000000000000000000000000000000000000000000000000FF000000000000000000000000000000000000FF0000000000000000000000000000000000000000000000000000000000000000000000000000000000000000000
Glyph 7885 11 000000000000000000000000000000000000000000000000000000000000000000000000000000000000000000000000000000000000000000000000000000000000000000000000000000000000000000000000000000000000000000000000000000000000000000000000000000000000000000000000000000000000000000000000000000000000000000000000000000000000000000000000000000000000000000000000000000000000000000000000000000000000000000000000000000000000000FFFF00000000000000000000000000000000FFF0FFF0000000000000000000000000000000FF0000FF00000000000000000000000000000FF00000FF00000000000000000000000000000FF000000F00000000000000000000000000000FF000000FF0000000000000000000000000000FF000000F00000000000000000000000000000FF00000FF000000000000000000000000000000FF0000FF000000000000000000000000000000FFFFFFF000000000000000000000000000000000FFFF0000000000000000000000000000000000000000000000000000000000000000000000000FF000000000000000000000000000000000000FF00000000000000000000000000000000000000000000000000000000000000000000000000000000000000000000
Glyph 7886 14 0000000000000000000000000000000000000000000000000000000000000000000000000000000000000000000000000FFF0000000000000000000000000000000000000F000000000000000000000000000000000000FF000000000000000000000000000000000000F000000000000000000000000000000000000000000000000000000000000000000000000FFFFF00000000000000000000000000000000FFFFFFFF00000000000000000000000000000FF00000FFF0000000000000000000000000000FF000000FF000000000000000000000000000FF0000000FF000000000000000000000000000FF00000000FF00000000000000000000000000FF00000000FF00000000000000000000000000FF00000000FF00000000000000000000000000FF00000000FF00000000000000000000000000FF0000000FF0000000000000000000000000000FF000000FF0000000000000000000000000000FF00000FFF00000000000000000000000000000FFFFFFFF0000000000000000000000000000000FFFFF000000000000000000000000000000000000000000000000000000000000000000000000000000000000000000000000000000000000000000000000000000000000000000000000000000000000000000000000000000000000000000000000000000000000
Glyph 7887 11 000000000000000000000000000000000000000000000000000000000000000000000000000000000000000000000000000000000000000000000000000000000000000000000000000000000000000000000000000FFF0000000000000000000000000000000000000F000000000000000000000000000000000000FF000000000000000000000000000000000000F0000000000000000000000000000000000000000000000000000000000000000000000000000000000000000000000000000000000000000FFFF00000000000000000000000000000000FFF0FFF0000000000000000000000000000000FF0000FF00000000000000000000000000000FF00000FF00000000000000000000000000000FF000000F00000000000000000000000000000FF000000FF0000000000000000000000000000FF000000F00000000000000000000000000000FF00000FF000000000000000000000000000000FF0000FF000000000000000000000000000000FFFFFFF000000000000000000000000000000000FFFF0000000000000000000000000000000000000000000000000000000000000000000000000000000000000000000000000000000000000000000000000000000000000000000000000000000000000000000000000000000000000000000000000000000000000
Glyph 7888 14 0000000000000000000000000000000000000000000000000000000000000000FF00000000000000000000000000000000000FF0000000000000000000000000000000FFF00F0000000000000000000000000000000FF0FF000000000000000000000000000000000F000FF0000000000000000000000000000000000000000000000000000000000000000000000FFFFF00000000000000000000000000000000FFFFFFFF00000000000000000000000000000FF00000FFF0000000000000000000000000000FF000000FF000000000000000000000000000FF0000000FF000000000000000000000000000FF00000000FF00000000000000000000000000FF00000000FF00000000000000000000000000FF00000000FF00000000000000000000000000FF00000000FF00000000000000000000000000FF0000000FF0000000000000000000000000000FF000000FF0000000000000000000000000000FF00000FFF00000000000000000000000000000FFFFFFFF0000000000000000000000000000000FFFFF000000000000000000000000000000000000000000000000000000000000000000000000000000000000000000000000000000000000000000000000000000000000000000000000000000000000000000000000000000000000000000000000000000000000
Glyph 7889 11 000000000000000000000000000000000000000000000000000000000000000000000000000000000000000000000000000000000000000000000000000000000000000000000000000000000000000000000000000000000FF00000000000000000000000000000000000FF0000000000000000000000000000000FFF00F0000000000000000000000000000000FF0FF000000000000000000000000000000000F000FF00000000000000000000000000000000000000000000000000000000000000000000000FFFF00000000000000000000000000000000FFF0FFF0000000000000000000000000000000FF0000FF00000000000000000000000000000FF00000FF00000000000000000000000000000FF000000F00000000000000000000000000000FF000000FF0000000000000000000000000000FF000000F00000000000000000000000000000FF00000FF000000000000000000000000000000FF0000FF000000000000000000000000000000FFFFFFF000000000000000000000000000000000FFFF0000000000000000000000000000000000000000000000000000000000000000000000000000000000000000000000000000000000000000000000000000000000000000000000000000000000000000000000000000000000000000000000000000000000000
Glyph 7890 14 000000000000000000000000000000000000000000000000000000FF000000000000000000000000000000000000FF0000000000000000000000000000000000000FF0FFF0000000000000000000000000000000000FF0FF000000000000000000000000000000000F000FF0000000000000000000000000000000000000000000000000000000000000000000000FFFFF00000000000000000000000000000000FFFFFFFF00000000000000000000000000000FF00000FFF0000000000000000000000000000FF000000FF000000000000000000000000000FF0000000FF000000000000000000000000000FF00000000FF00000000000000000000000000FF00000000FF00000000000000000000000000FF00000000FF00000000000000000000000000FF00000000FF00000000000000000000000000FF0000000FF0000000000000000000000000000FF000000FF0000000000000000000000000000FF00000FFF00000000000000000000000000000FFFFFFFF0000000000000000000000000000000FFFFF000000000000000000000000000000000000000000000000000000000000000000000000000000000000000000000000000000000000000000000000000000000000000000000000000000000000000000000000000000000000000000000000000000000000
Glyph 7891 11 00000000000000000000000000000000000000000000000000000000000000000000000000000000000000000000000000000000000000000000000000000000000000000000000000000000000000000000000FF000000000000000000000000000000000000FF0000000000000000000000000000000000000FF0FFF0000000000000000000000000000000000FF0FF000000000000000000000000000000000F000FF00000000000000000000000000000000000000000000000000000000000000000000000FFFF00000000000000000000000000000000FFF0FFF0000000000000000000000000000000FF0000FF00000000000000000000000000000FF00000FF00000000000000000000000000000FF000000F00000000000000000000000000000FF000000FF0000000000000000000000000000FF000000F00000000000000000000000000000FF00000FF000000000000000000000000000000FF0000FF000000000000000000000000000000FFFFFFF000000000000000000000000000000000FFFF0000000000000000000000000000000000000000000000000000000000000000000000000000000000000000000000000000000000000000000000000000000000000000000000000000000000000000000000000000000000000000000000000000000000000
Glyph 7892 14 0000000000000000000000000000000000000000000000000000000000000000000000000000000000000000000000000000FFF0000000000000000000000000000000FFF0FFF000000000000000000000000000000FF0FFFF000000000000000000000000000000FF000FF0000000000000000000000000000000000000000000000000000000000000000000000FFFFF00000000000000000000000000000000FFFFFFFF00000000000000000000000000000FF00000FFF0000000000000000000000000000FF000000FF000000000000000000000000000FF0000000FF000000000000000000000000000FF00000000FF00000000000000000000000000FF00000000FF00000000000000000000000000FF00000000FF00000000000000000000000000FF00000000FF00000000000000000000000000FF0000000FF0000000000000000000000000000FF000000FF0000000000000000000000000000FF00000FFF00000000000000000000000000000FFFFFFFF0000000000000000000000000000000FFFFF000000000000000000000000000000000000000000000000000000000000000000000000000000000000000000000000000000000000000000000000000000000000000000000000000000000000000000000000000000000000000000000000000000000000
Glyph 7893 11 000000000000000000000000000000000000000000000000000000000000000000000000000000000000000000000000000000000000000000000000000000000000000000000000000000000000000000000000000000000000000000000000000000000000000000000FFF0000000000000000000000000000000FFF0FFF000000000000000000000000000000FF0FFFF000000000000000000000000000000FF000FF00000000000000000000000000000000000000000000000000000000000000000000000FFFF00000000000000000000000000000000FFF0FFF0000000000000000000000000000000FF0000FF00000000000000000000000000000FF00000FF00000000000000000000000000000FF000000F00000000000000000000000000000FF000000FF0000000000000000000000000000FF000000F00000000000000000000000000000FF00000FF000000000000000000000000000000FF0000FF000000000000000000000000000000FFFFFFF000000000000000000000000000000000FFFF0000000000000000000000000000000000000000000000000000000000000000000000000000000000000000000000000000000000000000000000000000000000000000000000000000000000000000000000000000000000000000000000000000000000000
Glyph 7894 14 0000000000000000000000000000000000000000000000000000000000F00F000000000000000000000000000000000F0FFF000000000000000000000000000000000000000000000000000000000000000000000000FFF0000000000000000000000000000000000F000F00000000000000000000000000000000000000000000000000000000000000000000000FFFFF00000000000000000000000000000000FFFFFFFF00000000000000000000000000000FF00000FFF0000000000000000000000000000FF000000FF000000000000000000000000000FF0000000FF000000000000000000000000000FF00000000FF00000000000000000000000000FF00000000FF00000000000000000000000000FF00000000FF00000000000000000000000000FF00000000FF00000000000000000000000000FF0000000FF0000000000000000000000000000FF000000FF0000000000000000000000000000FF00000FFF00000000000000000000000000000FFFFFFFF0000000000000000000000000000000FFFFF000000000000000000000000000000000000000000000000000000000000000000000000000000000000000000000000000000000000000000000000000000000000000000000000000000000000000000000000000000000000000000000000000000000000
Glyph 7895 11 000000000000000000000000000000000000000000000000000000000000000000000000000000000000000000000000000000000000000000000000000000000000000000000000000000000000000000000000000F00F000000000000000000000000000000000F0FFF000000000000000000000000000000000000000000000000000000000000000000000000FFF0000000000000000000000000000000000F000F000000000000000000000000000000000000000000000000000000000000000000000000FFFF00000000000000000000000000000000FFF0FFF0000000000000000000000000000000FF0000FF00000000000000000000000000000FF00000FF00000000000000000000000000000FF000000F00000000000000000000000000000FF000000FF0000000000000000000000000000FF000000F00000000000000000000000000000FF00000FF000000000000000000000000000000FF0000FF000000000000000000000000000000FFFFFFF000000000000000000000000000000000FFFF0000000000000000000000000000000000000000000000000000000000000000000000000000000000000000000000000000000000000000000000000000000000000000000000000000000000000000000000000000000000000000000000000000000000000
Glyph 7896 14 000000000000000000000000000000000000000000000000000000000000000000000000000000000000000000000000000000000000000000000000000000000000000FF00000000000000000000000000000000000F0F0000000000000000000000000000000000FF00F00000000000000000000000000000000000000000000000000000000000000000000000FFFFF00000000000000000000000000000000FFFFFFFF00000000000000000000000000000FF00000FFF0000000000000000000000000000FF000000FF000000000000000000000000000FF0000000FF000000000000000000000000000FF00000000FF00000000000000000000000000FF00000000FF00000000000000000000000000FF00000000FF00000000000000000000000000FF00000000FF00000000000000000000000000FF0000000FF0000000000000000000000000000FF000000FF0000000000000000000000000000FF00000FFF00000000000000000000000000000FFFFFFFF0000000000000000000000000000000FFFFF0000000000000000000000000000000000000000000000000000000000000000000000000FF000000000000000000000000000000000000FF0000000000000000000000000000000000000000000000000000000000000000000000000000000000000000000
Glyph 7897 11 00000000000000000000000000000000000000000000000000000000000000000000000000000000000000000000000000000000000000000000000000000000000000000000000000000000000000000000000000000000000000000000000000000000000000000000000000000000000000000000000000000000FF00000000000000000000000000000000000F0F0000000000000000000000000000000000FF00F000000000000000000000000000000000000000000000000000000000000000000000000FFFF00000000000000000000000000000000FFF0FFF0000000000000000000000000000000FF0000FF00000000000000000000000000000FF00000FF00000000000000000000000000000FF000000F00000000000000000000000000000FF000000FF0000000000000000000000000000FF000000F00000000000000000000000000000FF00000FF000000000000000000000000000000FF0000FF000000000000000000000000000000FFFFFFF000000000000000000000000000000000FFFF0000000000000000000000000000000000000000000000000000000000000000000000000FF000000000000000000000000000000000000FF00000000000000000000000000000000000000000000000000000000000000000000000000000000000000000000
Glyph 7898 14 00000000000000000000000000000000000000000000000000000000000000000000000000000000000000000000000000000000000000000000000000000000000000000FF00000000000000000000000000000000000FF000000000000000000000000000000000000F000000000000000000000000000000000000000000FF0000000000000000000000000000FFFFF000FF000000000000000000000000000FFFFFFFFFF000000000000000000000000000FF00000FFF0000000000000000000000000000FF000000FF000000000000000000000000000FF0000000FF000000000000000000000000000FF00000000F000000000000000000000000000FF00000000F000000000000000000000000000FF00000000F000000000000000000000000000FF00000000F000000000000000000000000000FF0000000FF0000000000000000000000000000FF000000FF0000000000000000000000000000FF00000FF000000000000000000000000000000FFFFFFFF0000000000000000000000000000000FFFFF000000000000000000000000000000000000000000000000000000000000000000000000000000000000000000000000000000000000000000000000000000000000000000000000000000000000000000000000000000000000000000000000000000000000
Glyph 7899 11 000000000000000000000000000000000000000000000000000000000000000000000000000000000000000000000000000000000000000000000000000000000000000000000000000000000000000000000000000000000000000000000000000000000000000000000000000000000000000000000000000000000FF00000000000000000000000000000000000FF000000000000000000000000000000000000F000000000000000000000000000000000000000000FF000000000000000000000000000000FFFF00FF0000000000000000000000000000FFF0FFFFF00000000000000000000000000000FF0000FF00000000000000000000000000000FF00000FF00000000000000000000000000000FF000000F00000000000000000000000000000FF000000FF0000000000000000000000000000FF000000F00000000000000000000000000000FF00000FF000000000000000000000000000000FF0000FF000000000000000000000000000000FFFFFFF000000000000000000000000000000000FFFF0000000000000000000000000000000000000000000000000000000000000000000000000000000000000000000000000000000000000000000000000000000000000000000000000000000000000000000000000000000000000000000000000000000000000
Glyph 7900 14 0000000000000000000000000000000000000000000000000000000000000000000000000000000000000000000000000000000000000000000000000000000000000FF0000000000000000000000000000000000000FF0000000000000000000000000000000000000F0000000000000000000000000000000000000000000FF0000000000000000000000000000FFFFF000FF000000000000000000000000000FFFFFFFFFF000000000000000000000000000FF00000FFF0000000000000000000000000000FF000000FF000000000000000000000000000FF0000000FF000000000000000000000000000FF00000000F000000000000000000000000000FF00000000F000000000000000000000000000FF00000000F000000000000000000000000000FF00000000F000000000000000000000000000FF0000000FF0000000000000000000000000000FF000000FF0000000000000000000000000000FF00000FF000000000000000000000000000000FFFFFFFF0000000000000000000000000000000FFFFF000000000000000000000000000000000000000000000000000000000000000000000000000000000000000000000000000000000000000000000000000000000000000000000000000000000000000000000000000000000000000000000000000000000000
Glyph 7901 11 000000000000000000000000000000000000000000000000000000000000000000000000000000000000000000000000000000000000000000000000000000000000000000000000000000000000000000000000000000000000000000000000000000000000000000000000000000000000000000000000000000FF0000000000000000000000000000000000000FF0000000000000000000000000000000000000F000000000000000000000000000000000000000000FF000000000000000000000000000000FFFF00FF0000000000000000000000000000FFF0FFFFF00000000000000000000000000000FF0000FF00000000000000000000000000000FF00000FF00000000000000000000000000000FF000000F00000000000000000000000000000FF000000FF0000000000000000000000000000FF000000F00000000000000000000000000000FF00000FF000000000000000000000000000000FF0000FF000000000000000000000000000000FFFFFFF000000000000000000000000000000000FFFF0000000000000000000000000000000000000000000000000000000000000000000000000000000000000000000000000000000000000000000000000000000000000000000000000000000000000000000000000000000000000000000000000000000000000
Glyph 7902 14 0000000000000000000000000000000000000000000000000000000000000000000000000000000000000000000000000FFF0000000000000000000000000000000000000F000000000000000000000000000000000000FF000000000000000000000000000000000000F000000000000000000000000000000000000000000FF0000000000000000000000000000FFFFF000FF000000000000000000000000000FFFFFFFFFF000000000000000000000000000FF00000FFF0000000000000000000000000000FF000000FF000000000000000000000000000FF0000000FF000000000000000000000000000FF00000000F000000000000000000000000000FF00000000F000000000000000000000000000FF00000000F000000000000000000000000000FF00000000F000000000000000000000000000FF0000000FF0000000000000000000000000000FF000000FF0000000000000000000000000000FF00000FF000000000000000000000000000000FFFFFFFF0000000000000000000000000000000FFFFF000000000000000000000000000000000000000000000000000000000000000000000000000000000000000000000000000000000000000000000000000000000000000000000000000000000000000000000000000000000000000000000000000000000000
Glyph 7903 11 000000000000000000000000000000000000000000000000000000000000000000000000000000000000000000000000000000000000000000000000000000000000000000000000000000000000000000000000000FFF0000000000000000000000000000000000000F000000000000000000000000000000000000FF000000000000000000000000000000000000F00000000000000000000000000000000000000000000000000000000000000000000000000000000FF000000000000000000000000000000FFFF00FF0000000000000000000000000000FFF0FFFFF00000000000000000000000000000FF0000FF00000000000000000000000000000FF00000FF00000000000000000000000000000FF000000F00000000000000000000000000000FF000000FF0000000000000000000000000000FF000000F00000000000000000000000000000FF00000FF000000000000000000000000000000FF0000FF000000000000000000000000000000FFFFFFF000000000000000000000000000000000FFFF0000000000000000000000000000000000000000000000000000000000000000000000000000000000000000000000000000000000000000000000000000000000000000000000000000000000000000000000000000000000000000000000000000000000000
Glyph 7904 14 0000000000000000000000000000000000000000000000000000000000000000000000000000000000000000000000000000000000000000000000000000000000000FF000F0000000000000000000000000000000FF0F0FF0000000000000000000000000000000F000FF00000000000000000000000000000000000000000FF0000000000000000000000000000FFFFF000FF000000000000000000000000000FFFFFFFFFF000000000000000000000000000FF00000FFF0000000000000000000000000000FF000000FF000000000000000000000000000FF0000000FF000000000000000000000000000FF00000000F000000000000000000000000000FF00000000F000000000000000000000000000FF00000000F000000000000000000000000000FF00000000F000000000000000000000000000FF0000000FF0000000000000000000000000000FF000000FF0000000000000000000000000000FF00000FF000000000000000000000000000000FFFFFFFF0000000000000000000000000000000FFFFF000000000000000000000000000000000000000000000000000000000000000000000000000000000000000000000000000000000000000000000000000000000000000000000000000000000000000000000000000000000000000000000000000000000000
Glyph 7905 11 000000000000000000000000000000000000000000000000000000000000000000000000000000000000000000000000000000000000000000000000000000000000000000000000000000000000000000000000000000000000000000000000000000000000000000000000000000000000000000000000000000FF000F0000000000000000000000000000000FF0F0FF0000000000000000000000000000000F000FF0000000000000000000000000000000000000000FF000000000000000000000000000000FFFF00FF0000000000000000000000000000FFF0FFFFF00000000000000000000000000000FF0000FF00000000000000000000000000000FF00000FF00000000000000000000000000000FF000000F00000000000000000000000000000FF000000FF0000000000000000000000000000FF000000F00000000000000000000000000000FF00000FF000000000000000000000000000000FF0000FF000000000000000000000000000000FFFFFFF000000000000000000000000000000000FFFF0000000000000000000000000000000000000000000000000000000000000000000000000000000000000000000000000000000000000000000000000000000000000000000000000000000000000000000000000000000000000000000000000000000000000
Glyph 7906 14 000000000000000000000000000000000000000000000000000000000000000000000000000000000000000000000000000000000000000000000000000000000000000000000000000000000000000000000000000000000000000000000000000000000000000000000000000000000000000000000000000000000000000FF0000000000000000000000000000FFFFF000FF000000000000000000000000000FFFFFFFFFF000000000000000000000000000FF00000FFF0000000000000000000000000000FF000000FF000000000000000000000000000FF0000000FF000000000000000000000000000FF00000000F000000000000000000000000000FF00000000F000000000000000000000000000FF00000000F000000000000000000000000000FF00000000F000000000000000000000000000FF0000000FF0000000000000000000000000000FF000000FF0000000000000000000000000000FF00000FF000000000000000000000000000000FFFFFFFF0000000000000000000000000000000FFFFF0000000000000000000000000000000000000000000000000000000000000000000000000FF000000000000000000000000000000000000FF0000000000000000000000000000000000000000000000000000000000000000000000000000000000000000000
Glyph 7907 11 0000000000000000000000000000000000000000000000000000000000000000000000000000000000000000000000000000000000000000000000000000000000000000000000000000000000000000000000000000000000000000000000000000000000000000000000000000000000000000000000000000000000000000000000000000000000000000000000000000000000000000000000000000000000000000000000000000000000000000000000000000000FF000000000000000000000000000000FFFF00FF0000000000000000000000000000FFF0FFFFF00000000000000000000000000000FF0000FF00000000000000000000000000000FF00000FF00000000000000000000000000000FF000000F00000000000000000000000000000FF000000FF0000000000000000000000000000FF000000F00000000000000000000000000000FF00000FF000000000000000000000000000000FF0000FF000000000000000000000000000000FFFFFFF000000000000000000000000000000000FFFF0000000000000000000000000000000000000000000000000000000000000000000000000FF000000000000000000000000000000000000FF00000000000000000000000000000000000000000000000000000000000000000000000000000000000000000000
Glyph 7908 13 000000000000000000000000000000000000000000000000000000000000000000000000000000000000000000000000000000000000000000000000000000000000000000000000000000000000000000000000000000000000000000000000000000000000000000000000000000000000000000000000000000000000000000000000000000000000000000FF0000000FF000000000000000000000000000FF0000000FF000000000000000000000000000FF0000000FF000000000000000000000000000FF0000000FF000000000000000000000000000FF0000000FF000000000000000000000000000FF0000000FF000000000000000000000000000FF0000000FF000000000000000000000000000FF0000000FF000000000000000000000000000FF0000000FF000000000000000000000000000FF0000000FF000000000000000000000000000FF0000000FF0000000000000000000000000000FF00000FF00000000000000000000000000000FFFFFFFF00000000000000000000000000000000FFFFF000000000000000000000000000000000000000000000000000000000000000000000000FF000000000000000000000000000000000000FF00000000000000000000000000000000000000000000000000000000000000000000000000000000000000000000
Glyph 7909 11 000000000000000000000000000000000000000000000000000000000000000000000000000000000000000000000000000000000000000000000000000000000000000000000000000000000000000000000000000000000000000000000000000000000000000000000000000000000000000000000000000000000000000000000000000000000000000000000000000000000000000000000000000000000000000000000000000000000000000000000000000000000000000000000000000000000000FF00000FF00000000000000000000000000000FF00000FF00000000000000000000000000000FF00000FF00000000000000000000000000000FF00000FF00000000000000000000000000000FF00000FF00000000000000000000000000000FF00000FF00000000000000000000000000000FF00000FF00000000000000000000000000000FF00000FF000000000000000000000000000000F0000FFF000000000000000000000000000000FFFFFFFF0000000000000000000000000000000FFFF0FF0000000000000000000000000000000000000000000000000000000000000000000000FF000000000000000000000000000000000000FF000000000000000000000000000000000000000000000000000000000000000000000000000000000000000000000
Glyph 7910 13 000000000000000000000000000000000000000000000000000000000000000000000000000000000000000000000000FFF0000000000000000000000000000000000000F000000000000000000000000000000000000FF000000000000000000000000000000000000F0000000000000000000000000000000000000000000000000000000000000000000000FF0000000FF000000000000000000000000000FF0000000FF000000000000000000000000000FF0000000FF000000000000000000000000000FF0000000FF000000000000000000000000000FF0000000FF000000000000000000000000000FF0000000FF000000000000000000000000000FF0000000FF000000000000000000000000000FF0000000FF000000000000000000000000000FF0000000FF000000000000000000000000000FF0000000FF000000000000000000000000000FF0000000FF0000000000000000000000000000FF00000FF00000000000000000000000000000FFFFFFFF00000000000000000000000000000000FFFFF000000000000000000000000000000000000000000000000000000000000000000000000000000000000000000000000000000000000000000000000000000000000000000000000000000000000000000000000000000000000000000000000000000000000
Glyph 7911 11 000000000000000000000000000000000000000000000000000000000000000000000000000000000000000000000000000000000000000000000000000000000000000000000000000000000000000000000000000FFF0000000000000000000000000000000000000F000000000000000000000000000000000000FF000000000000000000000000000000000000F0000000000000000000000000000000000000000000000000000000000000000000000000000000000000000000000000000000000000FF00000FF00000000000000000000000000000FF00000FF00000000000000000000000000000FF00000FF00000000000000000000000000000FF00000FF00000000000000000000000000000FF00000FF00000000000000000000000000000FF00000FF00000000000000000000000000000FF00000FF00000000000000000000000000000FF00000FF000000000000000000000000000000F0000FFF000000000000000000000000000000FFFFFFFF0000000000000000000000000000000FFFF0FF00000000000000000000000000000000000000000000000000000000000000000000000000000000000000000000000000000000000000000000000000000000000000000000000000000000000000000000000000000000000000000000000000000000000
Glyph 7912 14 00000000000000000000000000000000000000000000000000000000000000000000000000000000000000000000000000000000000000000000000000000000000000000FF00000000000000000000000000000000000FF000000000000000000000000000000000000F00000000000000000000000000000000000000000000F000000000000000000000000FF0000000FF00F000000000000000000000000FF0000000FF0FF000000000000000000000000FF0000000FFFF0000000000000000000000000FF0000000FF000000000000000000000000000FF0000000FF000000000000000000000000000FF0000000FF000000000000000000000000000FF0000000FF000000000000000000000000000FF0000000FF000000000000000000000000000FF0000000FF000000000000000000000000000FF0000000FF000000000000000000000000000FF0000000FF0000000000000000000000000000FF00000FF00000000000000000000000000000FFFFFFFF00000000000000000000000000000000FFFFF000000000000000000000000000000000000000000000000000000000000000000000000000000000000000000000000000000000000000000000000000000000000000000000000000000000000000000000000000000000000000000000000000000000000
Glyph 7913 12 000000000000000000000000000000000000000000000000000000000000000000000000000000000000000000000000000000000000000000000000000000000000000000000000000000000000000000000000000000000000000000000000000000000000000000000000000000000000000000000000000000000FF00000000000000000000000000000000000FF000000000000000000000000000000000000F0000000000000000000000000000000000000000000FF00000000000000000000000000FF00000FF0F000000000000000000000000000FF00000FFFF000000000000000000000000000FF00000FF00000000000000000000000000000FF00000FF00000000000000000000000000000FF00000FF00000000000000000000000000000FF00000FF00000000000000000000000000000FF00000FF00000000000000000000000000000FF00000FF000000000000000000000000000000F0000FFF000000000000000000000000000000FFFFFFFF0000000000000000000000000000000FFFF0FF00000000000000000000000000000000000000000000000000000000000000000000000000000000000000000000000000000000000000000000000000000000000000000000000000000000000000000000000000000000000000000000000000000000000
Glyph 7914 14 0000000000000000000000000000000000000000000000000000000000000000000000000000000000000000000000000000000000000000000000000000000000000FF0000000000000000000000000000000000000FF0000000000000000000000000000000000000F000000000000000000000000000000000000000000000F000000000000000000000000FF0000000FF00F000000000000000000000000FF0000000FF0FF000000000000000000000000FF0000000FFFF0000000000000000000000000FF0000000FF000000000000000000000000000FF0000000FF000000000000000000000000000FF0000000FF000000000000000000000000000FF0000000FF000000000000000000000000000FF0000000FF000000000000000000000000000FF0000000FF000000000000000000000000000FF0000000FF000000000000000000000000000FF0000000FF0000000000000000000000000000FF00000FF00000000000000000000000000000FFFFFFFF00000000000000000000000000000000FFFFF000000000000000000000000000000000000000000000000000000000000000000000000000000000000000000000000000000000000000000000000000000000000000000000000000000000000000000000000000000000000000000000000000000000000
Glyph 7915 12 000000000000000000000000000000000000000000000000000000000000000000000000000000000000000000000000000000000000000000000000000000000000000000000000000000000000000000000000000000000000000000000000000000000000000000000000000000000000000000000000000000FF0000000000000000000000000000000000000FF0000000000000000000000000000000000000F0000000000000000000000000000000000000000000FF00000000000000000000000000FF00000FF0F000000000000000000000000000FF00000FFFF000000000000000000000000000FF00000FF00000000000000000000000000000FF00000FF00000000000000000000000000000FF00000FF00000000000000000000000000000FF00000FF00000000000000000000000000000FF00000FF00000000000000000000000000000FF00000FF000000000000000000000000000000F0000FFF000000000000000000000000000000FFFFFFFF0000000000000000000000000000000FFFF0FF00000000000000000000000000000000000000000000000000000000000000000000000000000000000000000000000000000000000000000000000000000000000000000000000000000000000000000000000000000000000000000000000000000000000
Glyph 7916 14 0000000000000000000000000000000000000000000000000000000000000000000000000000000000000000000000000FFF0000000000000000000000000000000000000F000000000000000000000000000000000000FF000000000000000000000000000000000000F00000000000000000000000000000000000000000000F000000000000000000000000FF0000000FF00F000000000000000000000000FF0000000FF0FF000000000000000000000000FF0000000FFFF0000000000000000000000000FF0000000FF000000000000000000000000000FF0000000FF000000000000000000000000000FF0000000FF000000000000000000000000000FF0000000FF000000000000000000000000000FF0000000FF000000000000000000000000000FF0000000FF000000000000000000000000000FF0000000FF000000000000000000000000000FF0000000FF0000000000000000000000000000FF00000FF00000000000000000000000000000FFFFFFFF00000000000000000000000000000000FFFFF000000000000000000000000000000000000000000000000000000000000000000000000000000000000000000000000000000000000000000000000000000000000000000000000000000000000000000000000000000000000000000000000000000000000
Glyph 7917 12 000000000000000000000000000000000000000000000000000000000000000000000000000000000000000000000000000000000000000000000000000000000000000000000000000000000000000000000000000FFF0000000000000000000000000000000000000F000000000000000000000000000000000000FF000000000000000000000000000000000000F000000000000000000000000000000000000000000000000000000000000000000000000000000000FF00000000000000000000000000FF00000FF0F000000000000000000000000000FF00000FFFF000000000000000000000000000FF00000FF00000000000000000000000000000FF00000FF00000000000000000000000000000FF00000FF00000000000000000000000000000FF00000FF00000000000000000000000000000FF00000FF00000000000000000000000000000FF00000FF000000000000000000000000000000F0000FFF000000000000000000000000000000FFFFFFFF0000000000000000000000000000000FFFF0FF00000000000000000000000000000000000000000000000000000000000000000000000000000000000000000000000000000000000000000000000000000000000000000000000000000000000000000000000000000000000000000000000000000000000
Glyph 7918 14 0000000000000000000000000000000000000000000000000000000000000000000000000000000000000000000000000000000000000000000000000000000000000FF000F0000000000000000000000000000000FF0F0FF0000000000000000000000000000000F000FF0000000000000000000000000000000000000000000F000000000000000000000000FF0000000FF00F000000000000000000000000FF0000000FF0FF000000000000000000000000FF0000000FFFF0000000000000000000000000FF0000000FF000000000000000000000000000FF0000000FF000000000000000000000000000FF0000000FF000000000000000000000000000FF0000000FF000000000000000000000000000FF0000000FF000000000000000000000000000FF0000000FF000000000000000000000000000FF0000000FF000000000000000000000000000FF0000000FF0000000000000000000000000000FF00000FF00000000000000000000000000000FFFFFFFF00000000000000000000000000000000FFFFF000000000000000000000000000000000000000000000000000000000000000000000000000000000000000000000000000000000000000000000000000000000000000000000000000000000000000000000000000000000000000000000000000000000000
Glyph 7919 12 000000000000000000000000000000000000000000000000000000000000000000000000000000000000000000000000000000000000000000000000000000000000000000000000000000000000000000000000000000000000000000000000000000000000000000000000000000000000000000000000000000FF000F0000000000000000000000000000000FF0F0FF0000000000000000000000000000000F000FF00000000000000000000000000000000000000000FF00000000000000000000000000FF00000FF0F000000000000000000000000000FF00000FFFF000000000000000000000000000FF00000FF00000000000000000000000000000FF00000FF00000000000000000000000000000FF00000FF00000000000000000000000000000FF00000FF00000000000000000000000000000FF00000FF00000000000000000000000000000FF00000FF000000000000000000000000000000F0000FFF000000000000000000000000000000FFFFFFFF0000000000000000000000000000000FFFF0FF00000000000000000000000000000000000000000000000000000000000000000000000000000000000000000000000000000000000000000000000000000000000000000000000000000000000000000000000000000000000000000000000000000000000
Glyph 7920 14 00000000000000000000000000000000000000000000000000000000000000000000000000000000000000000000000000000000000000000000000000000000000000000000000000000000000000000000000000000000000000000000000000000000000000000000000000000000000000000000000000000000000000000F000000000000000000000000FF0000000FF00F000000000000000000000000FF0000000FF0FF000000000000000000000000FF0000000FFFF0000000000000000000000000FF0000000FF000000000000000000000000000FF0000000FF000000000000000000000000000FF0000000FF000000000000000000000000000FF0000000FF000000000000000000000000000FF0000000FF000000000000000000000000000FF0000000FF000000000000000000000000000FF0000000FF000000000000000000000000000FF0000000FF0000000000000000000000000000FF00000FF00000000000000000000000000000FFFFFFFF00000000000000000000000000000000FFFFF0000000000000000000000000000000000000000000000000000000000000000000000000FF000000000000000000000000000000000000FF0000000000000000000000000000000000000000000000000000000000000000000000000000000000000000000
Glyph 7921 12 00000000000000000000000000000000000000000000000000000000000000000000000000000000000000000000000000000000000000000000000000000000000000000000000000000000000000000000000000000000000000000000000000000000000000000000000000000000000000000000000000000000000000000000000000000000000000000000000000000000000000000000000000000000000000000000000000000000000000000000000000000000FF00000000000000000000000000FF00000FF0F000000000000000000000000000FF00000FFFF000000000000000000000000000FF00000FF00000000000000000000000000000FF00000FF00000000000000000000000000000FF00000FF00000000000000000000000000000FF00000FF00000000000000000000000000000FF00000FF00000000000000000000000000000FF00000FF000000000000000000000000000000F0000FFF000000000000000000000000000000FFFFFFFF0000000000000000000000000000000FFFF0FF0000000000000000000000000000000000000000000000000000000000000000000000FF000000000000000000000000000000000000FF000000000000000000000000000000000000000000000000000000000000000000000000000000000000000000000
Glyph 7922 12 000000000000000000000000000000000000000000000000000000000000000000000000000000000000000000000000000000000000000000000000000000000000FF0000000000000000000000000000000000000FF0000000000000000000000000000000000000F0000000000000000000000000000000000000000000000000000000000000000000000FFF000000FFF000000000000000000000000000FF000000FF00000000000000000000000000000FF0000FF000000000000000000000000000000FF0000FF0000000000000000000000000000000FF00FF00000000000000000000000000000000FF00FF000000000000000000000000000000000FFFF0000000000000000000000000000000000FFFF00000000000000000000000000000000000FF000000000000000000000000000000000000FF000000000000000000000000000000000000FF000000000000000000000000000000000000FF000000000000000000000000000000000000FF000000000000000000000000000000000000FF00000000000000000000000000000000000000000000000000000000000000000000000000000000000000000000000000000000000000000000000000000000000000000000000000000000000000000000000000000000000000000000000000000000000000
Glyph 7923 9 000000000000000000000000000000000000000000000000000000000000000000000000000000000000000000000000000000000000000000000000000000000000000000000000000000000000000000000000000000000000000000000000000000000000000FF0000000000000000000000000000000000000FF0000000000000000000000000000000000000F0000000000000000000000000000000000000000000000000000000000000000000000000000000000000000000000000000000000000FF00000FF000000000000000000000000000000FF0000FF000000000000000000000000000000FF0000F0000000000000000000000000000000FF000FF00000000000000000000000000000000FF00FF00000000000000000000000000000000FF00F0000000000000000000000000000000000F0FF0000000000000000000000000000000000FFFF0000000000000000000000000000000000FFF000000000000000000000000000000000000FF000000000000000000000000000000000000FF000000000000000000000000000000000000F000000000000000000000000000000000000FF0000000000000000000000000000000000FFF00000000000000000000000000000000000FF0000000000000000000000000000000000000000000000000000000000
Glyph 7924 12 00000000000000000000000000000000000000000000000000000000000000000000000000000000000000000000000000000000000000000000000000000000000000000000000000000000000000000000000000000000000000000000000000000000000000000000000000000000000000000000000000000000000000000000000000000000000000000FFF000000FFF000000000000000000000000000FF000000FF00000000000000000000000000000FF0000FF000000000000000000000000000000FF0000FF0000000000000000000000000000000FF00FF00000000000000000000000000000000FF00FF000000000000000000000000000000000FFFF0000000000000000000000000000000000FFFF00000000000000000000000000000000000FF000000000000000000000000000000000000FF000000000000000000000000000000000000FF000000000000000000000000000000000000FF000000000000000000000000000000000000FF000000000000000000000000000000000000FF00000000000000000000000000000000000000000000000000000000000000000000000000FF000000000000000000000000000000000000FF00000000000000000000000000000000000000000000000000000000000000000000000000000000000000000000
Glyph 7925 9 00000000000000000000000000000000000000000000000000000000000000000000000000000000000000000000000000000000000000000000000000000000000000000000000000000000000000000000000000000000000000000000000000000000000000000000000000000000000000000000000000000000000000000000000000000000000000000000000000000000000000000000000000000000000000000000000000000000000000000000000000000000000000000000000000000000000FF00000FF000000000000000000000000000000FF0000FF000000000000000000000000000000FF0000F0000000000000000000000000000000FF000FF00000000000000000000000000000000FF00FF00000000000000000000000000000000FF00F0000000000000000000000000000000000F0FF0000000000000000000000000000000000FFFF0000000000000000000000000000000000FFF000000000000000000000000000000000000FF000000000000000000000000000000000000FF000000000000000000000000000000000000F000000000000000000000000000000000000FF0000000000000000000000000000000000FFF00FF0000000000000000000000000000000FF000FF00000000000000000000000000000000000000000000000000000
Glyph 7926 12 000000000000000000000000000000000000000000000000000000000000000000000000000000000000000000000000FFF0000000000000000000000000000000000000F000000000000000000000000000000000000FF000000000000000000000000000000000000F000000000000000000000000000000000000000000000000000000000000000000000FFF000000FFF000000000000000000000000000FF000000FF00000000000000000000000000000FF0000FF000000000000000000000000000000FF0000FF0000000000000000000000000000000FF00FF00000000000000000000000000000000FF00FF000000000000000000000000000000000FFFF0000000000000000000000000000000000FFFF00000000000000000000000000000000000FF000000000000000000000000000000000000FF000000000000000000000000000000000000FF000000000000000000000000000000000000FF000000000000000000000000000000000000FF000000000000000000000000000000000000FF00000000000000000000000000000000000000000000000000000000000000000000000000000000000000000000000000000000000000000000000000000000000000000000000000000000000000000000000000000000000000000000000000000000000000
Glyph 7927 9 000000000000000000000000000000000000000000000000000000000000000000000000000000000000000000000000000000000000000000000000000000000000000000000000000000000000000000000000000FFF0000000000000000000000000000000000000F000000000000000000000000000000000000FF000000000000000000000000000000000000F000000000000000000000000000000000000000000000000000000000000000000000000000000000000000000000000000000000000FF00000FF000000000000000000000000000000FF0000FF000000000000000000000000000000FF0000F0000000000000000000000000000000FF000FF00000000000000000000000000000000FF00FF00000000000000000000000000000000FF00F0000000000000000000000000000000000F0FF0000000000000000000000000000000000FFFF0000000000000000000000000000000000FFF000000000000000000000000000000000000FF000000000000000000000000000000000000FF000000000000000000000000000000000000F000000000000000000000000000000000000FF0000000000000000000000000000000000FFF00000000000000000000000000000000000FF0000000000000000000000000000000000000000000000000000000000
Glyph 7928 12 000000000000000000000000000000000000000000000000000000000000000000000000000000000000000000000000000000000000000000000000000000000000FF000F0000000000000000000000000000000FF0F0FF0000000000000000000000000000000F000FF00000000000000000000000000000000000000000000000000000000000000000000FFF000000FFF000000000000000000000000000FF000000FF00000000000000000000000000000FF0000FF000000000000000000000000000000FF0000FF0000000000000000000000000000000FF00FF00000000000000000000000000000000FF00FF000000000000000000000000000000000FFFF0000000000000000000000000000000000FFFF00000000000000000000000000000000000FF000000000000000000000000000000000000FF000000000000000000000000000000000000FF000000000000000000000000000000000000FF000000000000000000000000000000000000FF000000000000000000000000000000000000FF00000000000000000000000000000000000000000000000000000000000000000000000000000000000000000000000000000000000000000000000000000000000000000000000000000000000000000000000000000000000000000000000000000000000000
Glyph 7929 9 000000000000000000000000000000000000000000000000000000000000000000000000000000000000000000000000000000000000000000000000000000000000000000000000000000000000000000000000000000000000000000000000000000000000000FF000F0000000000000000000000000000000FF0F0FF0000000000000000000000000000000F000FF00000000000000000000000000000000000000000000000000000000000000000000000000000000000000000000000000000000000FF00000FF000000000000000000000000000000FF0000FF000000000000000000000000000000FF0000F0000000000000000000000000000000FF000FF00000000000000000000000000000000FF00FF00000000000000000000000000000000FF00F0000000000000000000000000000000000F0FF0000000000000000000000000000000000FFFF0000000000000000000000000000000000FFF000000000000000000000000000000000000FF000000000000000000000000000000000000FF000000000000000000000000000000000000F000000000000000000000000000000000000FF0000000000000000000000000000000000FFF00000000000000000000000000000000000FF0000000000000000000000000000000000000000000000000000000000
Glyph 8013 14 0000000000000000000000000000000000000000000000000000000000000000000000000000000000000000000000000000000000000000000000000000000000000000000000000000000000000000000000000000000000000000000000000000000000000000000000000000000000000000000000000000000000000000000000000000000000000FF00FF000FFFFF000000000000000000000000FF00F000FFFFFFFF0000000000000000000000FF0FF00FF00000FFF0000000000000000000000F0F000FF000000FF000000000000000000000000000FF0000000FF000000000000000000000000000FF00000000FF00000000000000000000000000FF00000000FF00000000000000000000000000FF00000000FF00000000000000000000000000FF00000000FF00000000000000000000000000FF0000000FF0000000000000000000000000000FF000000FF0000000000000000000000000000FF00000FFF00000000000000000000000000000FFFFFFFF0000000000000000000000000000000FFFFF00000000000000000000000000000000000000000000000000000000000000000000000000000000000000000000000000000000000000000000000000000000000000000000000000000000000000000000000000000000000000000000000000000000000
Glyph 8192,8194 10 0000000000000000000000000000000000000000000000000000000000000000000000000000000000000000000000000000000000000000000000000000000000000000000000000000000000000000000000000000000000000000000000000000000000000000000000000000000000000000000000000000000000000000000000000000000000000000000000000000000000000000000000000000000000000000000000000000000000000000000000000000000000000000000000000000000000000000000000000000000000000000000000000000000000000000000000000000000000000000000000000000000000000000000000000000000000000000000000000000000000000000000000000000000000000000000000000000000000000000000000000000000000000000000000000000000000000000000000000000000000000000000000000000000000000000000000000000000000000000000000000000000000000000000000000000000000000000000000000000000000000000000000000000000000000000000000000000000000000000000000000000000000000000000000000000000000000000000000000000000000000000000000000000000000000000000000000000000000000000000000000000000000000000000000000000
Glyph 8193,8195 20 0000000000000000000000000000000000000000000000000000000000000000000000000000000000000000000000000000000000000000000000000000000000000000000000000000000000000000000000000000000000000000000000000000000000000000000000000000000000000000000000000000000000000000000000000000000000000000000000000000000000000000000000000000000000000000000000000000000000000000000000000000000000000000000000000000000000000000000000000000000000000000000000000000000000000000000000000000000000000000000000000000000000000000000000000000000000000000000000000000000000000000000000000000000000000000000000000000000000000000000000000000000000000000000000000000000000000000000000000000000000000000000000000000000000000000000000000000000000000000000000000000000000000000000000000000000000000000000000000000000000000000000000000000000000000000000000000000000000000000000000000000000000000000000000000000000000000000000000000000000000000000000000000000000000000000000000000000000000000000000000000000000000000000000000000000
Glyph 8196 7 0000000000000000000000000000000000000000000000000000000000000000000000000000000000000000000000000000000000000000000000000000000000000000000000000000000000000000000000000000000000000000000000000000000000000000000000000000000000000000000000000000000000000000000000000000000000000000000000000000000000000000000000000000000000000000000000000000000000000000000000000000000000000000000000000000000000000000000000000000000000000000000000000000000000000000000000000000000000000000000000000000000000000000000000000000000000000000000000000000000000000000000000000000000000000000000000000000000000000000000000000000000000000000000000000000000000000000000000000000000000000000000000000000000000000000000000000000000000000000000000000000000000000000000000000000000000000000000000000000000000000000000000000000000000000000000000000000000000000000000000000000000000000000000000000000000000000000000000000000000000000000000000000000000000000000000000000000000000000000000000000000000000000000000000000000
Glyph 8198 3 0000000000000000000000000000000000000000000000000000000000000000000000000000000000000000000000000000000000000000000000000000000000000000000000000000000000000000000000000000000000000000000000000000000000000000000000000000000000000000000000000000000000000000000000000000000000000000000000000000000000000000000000000000000000000000000000000000000000000000000000000000000000000000000000000000000000000000000000000000000000000000000000000000000000000000000000000000000000000000000000000000000000000000000000000000000000000000000000000000000000000000000000000000000000000000000000000000000000000000000000000000000000000000000000000000000000000000000000000000000000000000000000000000000000000000000000000000000000000000000000000000000000000000000000000000000000000000000000000000000000000000000000000000000000000000000000000000000000000000000000000000000000000000000000000000000000000000000000000000000000000000000000000000000000000000000000000000000000000000000000000000000000000000000000000000
Glyph 8199 11 0000000000000000000000000000000000000000000000000000000000000000000000000000000000000000000000000000000000000000000000000000000000000000000000000000000000000000000000000000000000000000000000000000000000000000000000000000000000000000000000000000000000000000000000000000000000000000000000000000000000000000000000000000000000000000000000000000000000000000000000000000000000000000000000000000000000000000000000000000000000000000000000000000000000000000000000000000000000000000000000000000000000000000000000000000000000000000000000000000000000000000000000000000000000000000000000000000000000000000000000000000000000000000000000000000000000000000000000000000000000000000000000000000000000000000000000000000000000000000000000000000000000000000000000000000000000000000000000000000000000000000000000000000000000000000000000000000000000000000000000000000000000000000000000000000000000000000000000000000000000000000000000000000000000000000000000000000000000000000000000000000000000000000000000000000
Glyph 8201 4 0000000000000000000000000000000000000000000000000000000000000000000000000000000000000000000000000000000000000000000000000000000000000000000000000000000000000000000000000000000000000000000000000000000000000000000000000000000000000000000000000000000000000000000000000000000000000000000000000000000000000000000000000000000000000000000000000000000000000000000000000000000000000000000000000000000000000000000000000000000000000000000000000000000000000000000000000000000000000000000000000000000000000000000000000000000000000000000000000000000000000000000000000000000000000000000000000000000000000000000000000000000000000000000000000000000000000000000000000000000000000000000000000000000000000000000000000000000000000000000000000000000000000000000000000000000000000000000000000000000000000000000000000000000000000000000000000000000000000000000000000000000000000000000000000000000000000000000000000000000000000000000000000000000000000000000000000000000000000000000000000000000000000000000000000000
Glyph 8202 2 0000000000000000000000000000000000000000000000000000000000000000000000000000000000000000000000000000000000000000000000000000000000000000000000000000000000000000000000000000000000000000000000000000000000000000000000000000000000000000000000000000000000000000000000000000000000000000000000000000000000000000000000000000000000000000000000000000000000000000000000000000000000000000000000000000000000000000000000000000000000000000000000000000000000000000000000000000000000000000000000000000000000000000000000000000000000000000000000000000000000000000000000000000000000000000000000000000000000000000000000000000000000000000000000000000000000000000000000000000000000000000000000000000000000000000000000000000000000000000000000000000000000000000000000000000000000000000000000000000000000000000000000000000000000000000000000000000000000000000000000000000000000000000000000000000000000000000000000000000000000000000000000000000000000000000000000000000000000000000000000000000000000000000000000000000
Glyph 8211 13 000000000000000000000000000000000000000000000000000000000000000000000000000000000000000000000000000000000000000000000000000000000000000000000000000000000000000000000000000000000000000000000000000000000000000000000000000000000000000000000000000000000000000000000000000000000000000000000000000000000000000000000000000000000000000000000000000000000000000000000000000000000000000000000000000000000000000000000000000000000000000000000000000000000000000000000000000000000000000000000000000000000000000000000000000000000000000000000000000000000000000000000FFFFFFFFF0000000000000000000000000000000000000000000000000000000000000000000000000000000000000000000000000000000000000000000000000000000000000000000000000000000000000000000000000000000000000000000000000000000000000000000000000000000000000000000000000000000000000000000000000000000000000000000000000000000000000000000000000000000000000000000000000000000000000000000000000000000000000000000000000000000000000000000000000000000000000000000000
Glyph 8212,8213 16 00000000000000000000000000000000000000000000000000000000000000000000000000000000000000000000000000000000000000000000000000000000000000000000000000000000000000000000000000000000000000000000000000000000000000000000000000000000000000000000000000000000000000000000000000000000000000000000000000000000000000000000000000000000000000000000000000000000000000000000000000000000000000000000000000000000000000000000000000000000000000000000000000000000000000000000000000000000000000000000000000000000000000000000000000000000000000000000000000000000000000000000FFFFFFFFFFFFF0000000000000000000000000000000000000000000000000000000000000000000000000000000000000000000000000000000000000000000000000000000000000000000000000000000000000000000000000000000000000000000000000000000000000000000000000000000000000000000000000000000000000000000000000000000000000000000000000000000000000000000000000000000000000000000000000000000000000000000000000000000000000000000000000000000000000000000000000000000000000000000
Glyph 8215 9 000000000000000000000000000000000000000000000000000000000000000000000000000000000000000000000000000000000000000000000000000000000000000000000000000000000000000000000000000000000000000000000000000000000000000000000000000000000000000000000000000000000000000000000000000000000000000000000000000000000000000000000000000000000000000000000000000000000000000000000000000000000000000000000000000000000000000000000000000000000000000000000000000000000000000000000000000000000000000000000000000000000000000000000000000000000000000000000000000000000000000000000000000000000000000000000000000000000000000000000000000000000000000000000000000000000000000000000000000000000000000000000000000000000000000000000000000000000000000000000000000000000000000000000000000000000000000000000000000000000000000000000000000000000000000000000FFFFFFFFF0000000000000000000000000000000000000000000000000000000000000000000FFFFFFFFF000000000000000000000000000000000000000000000000000000000000000000000000000000000000000000
Glyph 8216 4 00000000000000000000000000000000000000000000000000000000000000000000000000000000000000000000000000000000000000000000000000000000000000000000000000000000000000000000000000000000000000000000000000000000000000000000000000000000000000000000000000000F0000000000000000000000000000000000000F000000000000000000000000000000000000FF000000000000000000000000000000000000FF000000000000000000000000000000000000FF00000000000000000000000000000000000000000000000000000000000000000000000000000000000000000000000000000000000000000000000000000000000000000000000000000000000000000000000000000000000000000000000000000000000000000000000000000000000000000000000000000000000000000000000000000000000000000000000000000000000000000000000000000000000000000000000000000000000000000000000000000000000000000000000000000000000000000000000000000000000000000000000000000000000000000000000000000000000000000000000000000000000000000000000000000000000000000000000000000000000000000000000000000000000000000000000000000000000000
Glyph 8219 4 0000000000000000000000000000000000000000000000000000000000000000000000000000000000000000000000000000000000000000000000000000000000000000000000000000000000000000000000000000000000000000000000000000000000000000000000000000000000000000000000000000FF000000000000000000000000000000000000FF000000000000000000000000000000000000FF000000000000000000000000000000000000FF0000000000000000000000000000000000000F00000000000000000000000000000000000000000000000000000000000000000000000000000000000000000000000000000000000000000000000000000000000000000000000000000000000000000000000000000000000000000000000000000000000000000000000000000000000000000000000000000000000000000000000000000000000000000000000000000000000000000000000000000000000000000000000000000000000000000000000000000000000000000000000000000000000000000000000000000000000000000000000000000000000000000000000000000000000000000000000000000000000000000000000000000000000000000000000000000000000000000000000000000000000000000000000000000000000000
Glyph 8220 7 00000000000000000000000000000000000000000000000000000000000000000000000000000000000000000000000000000000000000000000000000000000000000000000000000000000000000000000000000000000000000000000000000000000000000000000000000000000000000000000000000000F00F0000000000000000000000000000000000F00F000000000000000000000000000000000FF0FF000000000000000000000000000000000FF0FF000000000000000000000000000000000FF0FF00000000000000000000000000000000000000000000000000000000000000000000000000000000000000000000000000000000000000000000000000000000000000000000000000000000000000000000000000000000000000000000000000000000000000000000000000000000000000000000000000000000000000000000000000000000000000000000000000000000000000000000000000000000000000000000000000000000000000000000000000000000000000000000000000000000000000000000000000000000000000000000000000000000000000000000000000000000000000000000000000000000000000000000000000000000000000000000000000000000000000000000000000000000000000000000000000000000000
Glyph 8221 7 0000000000000000000000000000000000000000000000000000000000000000000000000000000000000000000000000000000000000000000000000000000000000000000000000000000000000000000000000000000000000000000000000000000000000000000000000000000000000000000000000000FF0FF000000000000000000000000000000000FF0FF000000000000000000000000000000000FF0FF000000000000000000000000000000000FF0FF000000000000000000000000000000000F00F000000000000000000000000000000000000000000000000000000000000000000000000000000000000000000000000000000000000000000000000000000000000000000000000000000000000000000000000000000000000000000000000000000000000000000000000000000000000000000000000000000000000000000000000000000000000000000000000000000000000000000000000000000000000000000000000000000000000000000000000000000000000000000000000000000000000000000000000000000000000000000000000000000000000000000000000000000000000000000000000000000000000000000000000000000000000000000000000000000000000000000000000000000000000000000000000000000000000
Glyph 8222 7 000000000000000000000000000000000000000000000000000000000000000000000000000000000000000000000000000000000000000000000000000000000000000000000000000000000000000000000000000000000000000000000000000000000000000000000000000000000000000000000000000000000000000000000000000000000000000000000000000000000000000000000000000000000000000000000000000000000000000000000000000000000000000000000000000000000000000000000000000000000000000000000000000000000000000000000000000000000000000000000000000000000000000000000000000000000000000000000000000000000000000000000000000000000000000000000000000000000000000000000000000000000000000000000000000000000000000000000000000000000000000000000000000000000000000000000000000000000000000000000000000000000000000000FF0FF000000000000000000000000000000000FF0FF000000000000000000000000000000000FF0FF000000000000000000000000000000000FF0F0000000000000000000000000000000000F00F0000000000000000000000000000000000000000000000000000000000000000000000000000000000000000000000
Glyph 8224 11 0000000000000000000000000000000000000000000000000000000000000000000000000000000000000000000000000000000000000000000000000000000000000000000000000000000000000000000000000000000000000000000000000000000000000000000000000000000000000000000000000000000000000000000000000000000000000000000000F0000000000000000000000000000000000000F0000000000000000000000000000000000000F0000000000000000000000000000000000000F000000000000000000000000000000000FFFFFFFFF000000000000000000000000000000000F0000000000000000000000000000000000000F0000000000000000000000000000000000000F0000000000000000000000000000000000000F0000000000000000000000000000000000000F0000000000000000000000000000000000000F0000000000000000000000000000000000000F0000000000000000000000000000000000000F0000000000000000000000000000000000000F000000000000000000000000000000000000000000000000000000000000000000000000000000000000000000000000000000000000000000000000000000000000000000000000000000000000000000000000000000000000000000000000000000000000000
Glyph 8225 11 0000000000000000000000000000000000000000000000000000000000000000000000000000000000000000000000000000000000000000000000000000000000000000000000000000000000000000000000000000000000000000000000000000000000000000000000000000000000000000000000000000000000000000000000000000000000000000000000FF000000000000000000000000000000000000FF000000000000000000000000000000000000FF000000000000000000000000000000000000FF00000000000000000000000000000000FFFFFFFFFF00000000000000000000000000000000FF000000000000000000000000000000000000FF000000000000000000000000000000000000FF000000000000000000000000000000000000FF000000000000000000000000000000000000FF000000000000000000000000000000000000FF000000000000000000000000000000000000FF000000000000000000000000000000000000FF00000000000000000000000000000000FFFFFFFFFF00000000000000000000000000000000FF000000000000000000000000000000000000FF000000000000000000000000000000000000FF000000000000000000000000000000000000FF000000000000000000000000000000000000000000000000000000
Glyph 8226 7 00000000000000000000000000000000000000000000000000000000000000000000000000000000000000000000000000000000000000000000000000000000000000000000000000000000000000000000000000000000000000000000000000000000000000000000000000000000000000000000000000000000000000000000000000000000000000000000000000000000000000000000000000000000000000000000000000000000000000000000000000000000000000000000000000000000000000000000000000000000000000000000000000000000000000000000000000000000000000000FFF0000000000000000000000000000000000FFFF0000000000000000000000000000000000FFFF00000000000000000000000000000000000FFF00000000000000000000000000000000000000000000000000000000000000000000000000000000000000000000000000000000000000000000000000000000000000000000000000000000000000000000000000000000000000000000000000000000000000000000000000000000000000000000000000000000000000000000000000000000000000000000000000000000000000000000000000000000000000000000000000000000000000000000000000000000000000000000000000000000000000
Glyph 8229 9 000000000000000000000000000000000000000000000000000000000000000000000000000000000000000000000000000000000000000000000000000000000000000000000000000000000000000000000000000000000000000000000000000000000000000000000000000000000000000000000000000000000000000000000000000000000000000000000000000000000000000000000000000000000000000000000000000000000000000000000000000000000000000000000000000000000000000000000000000000000000000000000000000000000000000000000000000000000000000000000000000000000000000000000000000000000000000000000000000000000000000000000000000000000000000000000000000000000000000000000000000000000000000000000000000000000000000000000000000000000000000000000000000000000000000000000000000000000000000000000000000000000000000000FFF0FFF00000000000000000000000000000000FF00FF0000000000000000000000000000000000000000000000000000000000000000000000000000000000000000000000000000000000000000000000000000000000000000000000000000000000000000000000000000000000000000000000000000000000000
Glyph 8230 13 000000000000000000000000000000000000000000000000000000000000000000000000000000000000000000000000000000000000000000000000000000000000000000000000000000000000000000000000000000000000000000000000000000000000000000000000000000000000000000000000000000000000000000000000000000000000000000000000000000000000000000000000000000000000000000000000000000000000000000000000000000000000000000000000000000000000000000000000000000000000000000000000000000000000000000000000000000000000000000000000000000000000000000000000000000000000000000000000000000000000000000000000000000000000000000000000000000000000000000000000000000000000000000000000000000000000000000000000000000000000000000000000000000000000000000000000000000000000000000000000000000000000000000FFF0FFF0FFF0000000000000000000000000000FF00FF00FF000000000000000000000000000000000000000000000000000000000000000000000000000000000000000000000000000000000000000000000000000000000000000000000000000000000000000000000000000000000000000000000000000000000
Glyph 8231 4 00000000000000000000000000000000000000000000000000000000000000000000000000000000000000000000000000000000000000000000000000000000000000000000000000000000000000000000000000000000000000000000000000000000000000000000000000000000000000000000000000000000000000000000000000000000000000000000000000000000000000000000000000000000000000000000000000000000000000000000000000000000000000000000000000000000000000000000000000000000000000000000000000000000000000000000000000000000000000000000000000000000000000000000000000000000000000000000000000000000000000000000FF000000000000000000000000000000000000FF0000000000000000000000000000000000000000000000000000000000000000000000000000000000000000000000000000000000000000000000000000000000000000000000000000000000000000000000000000000000000000000000000000000000000000000000000000000000000000000000000000000000000000000000000000000000000000000000000000000000000000000000000000000000000000000000000000000000000000000000000000000000000000000000000000000000000000
Glyph 8240 19 0000000000000000000000000000000000000000000000000000000000000000000000000000000000000000000000000000000000000000000000000000000000000000000000000000000000000000000000000000000000000000000000000000000000000000000000000000000000000000000000000000000000000000000000000000000000000000000FFF0000000000000000000000000000000000FF00F0000F0000000000000000000000000000F000F000FF0000000000000000000000000000F000FF00F00000000000000000000000000000F000F00F000000000000000000000000000000FF00F0FF0000000000000000000000000000000FFF00F000000000000000000000000000000000000FF0FFFF0FFF000000000000000000000000000F0FF00FF00FF0000000000000000000000000F00F000FF000F000000000000000000000000FF00F0000F000F000000000000000000000000F000F000FF000F0000000000000000000000000000FF00FF00FF00000000000000000000000000000FFFF0FFF0000000000000000000000000000000000000000000000000000000000000000000000000000000000000000000000000000000000000000000000000000000000000000000000000000000000000000000000000000000000000000000000000000
Glyph 8249 6 0000000000000000000000000000000000000000000000000000000000000000000000000000000000000000000000000000000000000000000000000000000000000000000000000000000000000000000000000000000000000000000000000000000000000000000000000000000000000000000000000000000000000000000000000000000000000000000000000000000000000000000000000000000000000000000000000000000000000000000000000000000000000000000000000000000000000000000000000000000000000000000000000000000000000000000000000000000000000000000F000000000000000000000000000000000000F000000000000000000000000000000000000FF00000000000000000000000000000000000FF0000000000000000000000000000000000000FF0000000000000000000000000000000000000F00000000000000000000000000000000000000F00000000000000000000000000000000000000000000000000000000000000000000000000000000000000000000000000000000000000000000000000000000000000000000000000000000000000000000000000000000000000000000000000000000000000000000000000000000000000000000000000000000000000000000000000000000000000000000
Glyph 8250 6 0000000000000000000000000000000000000000000000000000000000000000000000000000000000000000000000000000000000000000000000000000000000000000000000000000000000000000000000000000000000000000000000000000000000000000000000000000000000000000000000000000000000000000000000000000000000000000000000000000000000000000000000000000000000000000000000000000000000000000000000000000000000000000000000000000000000000000000000000000000000000000000000000000000000000000000000000000000000000000FF0000000000000000000000000000000000000F0000000000000000000000000000000000000FF0000000000000000000000000000000000000FF000000000000000000000000000000000000FF00000000000000000000000000000000000FF00000000000000000000000000000000000FF0000000000000000000000000000000000000000000000000000000000000000000000000000000000000000000000000000000000000000000000000000000000000000000000000000000000000000000000000000000000000000000000000000000000000000000000000000000000000000000000000000000000000000000000000000000000000000000000
Glyph 8252 10 0000000000000000000000000000000000000000000000000000000000000000000000000000000000000000000000000000000000000000000000000000000000000000000000000000000000000000000000000000000000000000000000000000000000000000000000000000000000000000000000000000000000000000000000000000000000000000000FF000FF0000000000000000000000000000000FF000FF0000000000000000000000000000000FF000FF0000000000000000000000000000000F0000F00000000000000000000000000000000F0000F00000000000000000000000000000000F0000F00000000000000000000000000000000F0000F00000000000000000000000000000000F0000F00000000000000000000000000000000F0000F00000000000000000000000000000000F0000F000000000000000000000000000000000000000000000000000000000000000000000000000000000000000000000000000000000000FF000FF0000000000000000000000000000000FF000FF000000000000000000000000000000000000000000000000000000000000000000000000000000000000000000000000000000000000000000000000000000000000000000000000000000000000000000000000000000000000000000000000000000000000
Glyph 8260 9 00000000000000000000000000000000000000000000000000000000000000000000000000000000000000000000000000000000000000000000000000000000000000000000000000000000000000000000000000000000000000000000000000000000000000000000000000000000000000000000000000000000000000000000000000000000000000000000000000000000000000000000000000000000000000F0000000000000000000000000000000000000F000000000000000000000000000000000000F000000000000000000000000000000000000FF000000000000000000000000000000000000F000000000000000000000000000000000000F000000000000000000000000000000000000FF000000000000000000000000000000000000F000000000000000000000000000000000000F000000000000000000000000000000000000FF000000000000000000000000000000000000F00000000000000000000000000000000000000000000000000000000000000000000000000000000000000000000000000000000000000000000000000000000000000000000000000000000000000000000000000000000000000000000000000000000000000000000000000000000000000000000000000000000000000000000000000000000000000000000000
Glyph 8304 7 00000000000000000000000000000000000000000000000000000000000000000000000000000000000000000000000000000000000000000000000000000000000000000000000000000000000000000000000000000000000000000000000000000000000000000000000000000000000000000000000000000FFF0000000000000000000000000000000000FF0FF000000000000000000000000000000000F000F000000000000000000000000000000000F000FF00000000000000000000000000000000F000FF00000000000000000000000000000000F000F000000000000000000000000000000000FF0FF0000000000000000000000000000000000FFF000000000000000000000000000000000000000000000000000000000000000000000000000000000000000000000000000000000000000000000000000000000000000000000000000000000000000000000000000000000000000000000000000000000000000000000000000000000000000000000000000000000000000000000000000000000000000000000000000000000000000000000000000000000000000000000000000000000000000000000000000000000000000000000000000000000000000000000000000000000000000000000000000000000000000000000000000000000000000000
Glyph 8308 7 0000000000000000000000000000000000000000000000000000000000000000000000000000000000000000000000000000000000000000000000000000000000000000000000000000000000000000000000000000000000000000000000000000000000000000000000000000000000000000000000000000000FF00000000000000000000000000000000000FFF0000000000000000000000000000000000FFFF0000000000000000000000000000000000F0FF000000000000000000000000000000000F00FF000000000000000000000000000000000FFFFFF00000000000000000000000000000000000FF000000000000000000000000000000000000FF00000000000000000000000000000000000000000000000000000000000000000000000000000000000000000000000000000000000000000000000000000000000000000000000000000000000000000000000000000000000000000000000000000000000000000000000000000000000000000000000000000000000000000000000000000000000000000000000000000000000000000000000000000000000000000000000000000000000000000000000000000000000000000000000000000000000000000000000000000000000000000000000000000000000000000000000000000000000000000
Glyph 8309 7 00000000000000000000000000000000000000000000000000000000000000000000000000000000000000000000000000000000000000000000000000000000000000000000000000000000000000000000000000000000000000000000000000000000000000000000000000000000000000000000000000000FFFF000000000000000000000000000000000FF000000000000000000000000000000000000FF000000000000000000000000000000000000FFFFF0000000000000000000000000000000000000F0000000000000000000000000000000000000FF00000000000000000000000000000000FF00F0000000000000000000000000000000000FFFF00000000000000000000000000000000000000000000000000000000000000000000000000000000000000000000000000000000000000000000000000000000000000000000000000000000000000000000000000000000000000000000000000000000000000000000000000000000000000000000000000000000000000000000000000000000000000000000000000000000000000000000000000000000000000000000000000000000000000000000000000000000000000000000000000000000000000000000000000000000000000000000000000000000000000000000000000000000000000000
Glyph 8310 7 000000000000000000000000000000000000000000000000000000000000000000000000000000000000000000000000000000000000000000000000000000000000000000000000000000000000000000000000000000000000000000000000000000000000000000000000000000000000000000000000000000FF00000000000000000000000000000000000FF00000000000000000000000000000000000FF000000000000000000000000000000000000F0FFF000000000000000000000000000000000FF00FF00000000000000000000000000000000F000FF00000000000000000000000000000000FF00F0000000000000000000000000000000000FFFF00000000000000000000000000000000000000000000000000000000000000000000000000000000000000000000000000000000000000000000000000000000000000000000000000000000000000000000000000000000000000000000000000000000000000000000000000000000000000000000000000000000000000000000000000000000000000000000000000000000000000000000000000000000000000000000000000000000000000000000000000000000000000000000000000000000000000000000000000000000000000000000000000000000000000000000000000000000000000000
Glyph 8311 7 0000000000000000000000000000000000000000000000000000000000000000000000000000000000000000000000000000000000000000000000000000000000000000000000000000000000000000000000000000000000000000000000000000000000000000000000000000000000000000000000000000FFFFFF000000000000000000000000000000000000F000000000000000000000000000000000000FF000000000000000000000000000000000000F000000000000000000000000000000000000FF000000000000000000000000000000000000F000000000000000000000000000000000000FF000000000000000000000000000000000000F00000000000000000000000000000000000000000000000000000000000000000000000000000000000000000000000000000000000000000000000000000000000000000000000000000000000000000000000000000000000000000000000000000000000000000000000000000000000000000000000000000000000000000000000000000000000000000000000000000000000000000000000000000000000000000000000000000000000000000000000000000000000000000000000000000000000000000000000000000000000000000000000000000000000000000000000000000000000000000000
Glyph 8312 7 00000000000000000000000000000000000000000000000000000000000000000000000000000000000000000000000000000000000000000000000000000000000000000000000000000000000000000000000000000000000000000000000000000000000000000000000000000000000000000000000000000FFF0000000000000000000000000000000000FF0FF000000000000000000000000000000000FF00F000000000000000000000000000000000FF0FF0000000000000000000000000000000000FFFF000000000000000000000000000000000F000F000000000000000000000000000000000FF00F0000000000000000000000000000000000FFFF00000000000000000000000000000000000000000000000000000000000000000000000000000000000000000000000000000000000000000000000000000000000000000000000000000000000000000000000000000000000000000000000000000000000000000000000000000000000000000000000000000000000000000000000000000000000000000000000000000000000000000000000000000000000000000000000000000000000000000000000000000000000000000000000000000000000000000000000000000000000000000000000000000000000000000000000000000000000000000
Glyph 8313 7 00000000000000000000000000000000000000000000000000000000000000000000000000000000000000000000000000000000000000000000000000000000000000000000000000000000000000000000000000000000000000000000000000000000000000000000000000000000000000000000000000000FFF0000000000000000000000000000000000FF0FF000000000000000000000000000000000F000F000000000000000000000000000000000FF00F0000000000000000000000000000000000FFFF0000000000000000000000000000000000000F000000000000000000000000000000000000FF0000000000000000000000000000000000FFF000000000000000000000000000000000000000000000000000000000000000000000000000000000000000000000000000000000000000000000000000000000000000000000000000000000000000000000000000000000000000000000000000000000000000000000000000000000000000000000000000000000000000000000000000000000000000000000000000000000000000000000000000000000000000000000000000000000000000000000000000000000000000000000000000000000000000000000000000000000000000000000000000000000000000000000000000000000000000000
Glyph 8314 8 0000000000000000000000000000000000000000000000000000000000000000000000000000000000000000000000000000000000000000000000000000000000000000000000000000000000000000000000000000000000000000000000000000000000000000000000000000000000000000000000000000000000000000000000000000000000000000000000000000000000000000000000000000000000FF000000000000000000000000000000000000FF000000000000000000000000000000000000FF0000000000000000000000000000000000FFFFFF0000000000000000000000000000000000FF000000000000000000000000000000000000FF000000000000000000000000000000000000FF000000000000000000000000000000000000FF00000000000000000000000000000000000000000000000000000000000000000000000000000000000000000000000000000000000000000000000000000000000000000000000000000000000000000000000000000000000000000000000000000000000000000000000000000000000000000000000000000000000000000000000000000000000000000000000000000000000000000000000000000000000000000000000000000000000000000000000000000000000000000000000000000000000000
Glyph 8315 7 00000000000000000000000000000000000000000000000000000000000000000000000000000000000000000000000000000000000000000000000000000000000000000000000000000000000000000000000000000000000000000000000000000000000000000000000000000000000000000000000000000000000000000000000000000000000000000000000000000000000000000000000000000000000000000000000000000000000000000000000000000000000000000000000000000000000000000000000000000000000000000000000000FFFFFF00000000000000000000000000000000000000000000000000000000000000000000000000000000000000000000000000000000000000000000000000000000000000000000000000000000000000000000000000000000000000000000000000000000000000000000000000000000000000000000000000000000000000000000000000000000000000000000000000000000000000000000000000000000000000000000000000000000000000000000000000000000000000000000000000000000000000000000000000000000000000000000000000000000000000000000000000000000000000000000000000000000000000000000000000000000000000000000000000000000000000000000
Glyph 8316 7 000000000000000000000000000000000000000000000000000000000000000000000000000000000000000000000000000000000000000000000000000000000000000000000000000000000000000000000000000000000000000000000000000000000000000000000000000000000000000000000000000000000000000000000000000000000000000000000000000000000000000000000000000000000000000000000000000000000000000000000000000000000000000000000000000000000000FFFFFF0000000000000000000000000000000000000000000000000000000000000000000000FFFFFF000000000000000000000000000000000000000000000000000000000000000000000000000000000000000000000000000000000000000000000000000000000000000000000000000000000000000000000000000000000000000000000000000000000000000000000000000000000000000000000000000000000000000000000000000000000000000000000000000000000000000000000000000000000000000000000000000000000000000000000000000000000000000000000000000000000000000000000000000000000000000000000000000000000000000000000000000000000000000000000000000000000000000000000000000000
Glyph 8317 5 0000000000000000000000000000000000000000000000000000000000000000000000000000000000000000000000000000000000000000000000000000000000000000000000000000000000000000000000000000000000000000000000000000000000000000F000000000000000000000000000000000000FF000000000000000000000000000000000000F000000000000000000000000000000000000FF000000000000000000000000000000000000F0000000000000000000000000000000000000F0000000000000000000000000000000000000F0000000000000000000000000000000000000F0000000000000000000000000000000000000FF0000000000000000000000000000000000000F0000000000000000000000000000000000000FF0000000000000000000000000000000000000F0000000000000000000000000000000000000000000000000000000000000000000000000000000000000000000000000000000000000000000000000000000000000000000000000000000000000000000000000000000000000000000000000000000000000000000000000000000000000000000000000000000000000000000000000000000000000000000000000000000000000000000000000000000000000000000000000000000000000000000000000
Glyph 8318 5 00000000000000000000000000000000000000000000000000000000000000000000000000000000000000000000000000000000000000000000000000000000000000000000000000000000000000000000000000000000000000000000000000000000000000F0000000000000000000000000000000000000FF0000000000000000000000000000000000000F0000000000000000000000000000000000000FF000000000000000000000000000000000000FF000000000000000000000000000000000000FF000000000000000000000000000000000000FF000000000000000000000000000000000000FF000000000000000000000000000000000000FF000000000000000000000000000000000000F000000000000000000000000000000000000FF000000000000000000000000000000000000F000000000000000000000000000000000000000000000000000000000000000000000000000000000000000000000000000000000000000000000000000000000000000000000000000000000000000000000000000000000000000000000000000000000000000000000000000000000000000000000000000000000000000000000000000000000000000000000000000000000000000000000000000000000000000000000000000000000000000000000000000
Glyph 8319 8 000000000000000000000000000000000000000000000000000000000000000000000000000000000000000000000000000000000000000000000000000000000000000000000000000000000000000000000000000000000000000000000000000000000000000000000000000000000000000000000000000000000000000000000000000000000000000000FFFFFF00000000000000000000000000000000FFF0FF00000000000000000000000000000000FF000F00000000000000000000000000000000FF000F00000000000000000000000000000000FF000F00000000000000000000000000000000FF000F00000000000000000000000000000000FF000F00000000000000000000000000000000FF000F00000000000000000000000000000000000000000000000000000000000000000000000000000000000000000000000000000000000000000000000000000000000000000000000000000000000000000000000000000000000000000000000000000000000000000000000000000000000000000000000000000000000000000000000000000000000000000000000000000000000000000000000000000000000000000000000000000000000000000000000000000000000000000000000000000000000000000000000000000000000000000000000000
Glyph 8320 7 000000000000000000000000000000000000000000000000000000000000000000000000000000000000000000000000000000000000000000000000000000000000000000000000000000000000000000000000000000000000000000000000000000000000000000000000000000000000000000000000000000000000000000000000000000000000000000000000000000000000000000000000000000000000000000000000000000000000000000000000000000000000000000000000000000000000000000000000000000000000000000000000000000000000000000000000000000000000000000000000000000000000000000000000000000000000000000000000000000000000000000000000000000000000000000000000000000000000000000000000000000000000000000000000000000000000000000000000000000000000000FFF0000000000000000000000000000000000FF0FF000000000000000000000000000000000F000F000000000000000000000000000000000F000FF00000000000000000000000000000000F000FF00000000000000000000000000000000F000F000000000000000000000000000000000FF0FF0000000000000000000000000000000000FFF00000000000000000000000000000000000000000000000000000000
Glyph 8321 7 0000000000000000000000000000000000000000000000000000000000000000000000000000000000000000000000000000000000000000000000000000000000000000000000000000000000000000000000000000000000000000000000000000000000000000000000000000000000000000000000000000000000000000000000000000000000000000000000000000000000000000000000000000000000000000000000000000000000000000000000000000000000000000000000000000000000000000000000000000000000000000000000000000000000000000000000000000000000000000000000000000000000000000000000000000000000000000000000000000000000000000000000000000000000000000000000000000000000000000000000000000000000000000000000000000000000000000000000000000000000000000FF0000000000000000000000000000000000FFFF000000000000000000000000000000000000FF000000000000000000000000000000000000FF000000000000000000000000000000000000FF000000000000000000000000000000000000FF000000000000000000000000000000000000FF000000000000000000000000000000000000FF00000000000000000000000000000000000000000000000000000000
Glyph 8322 7 000000000000000000000000000000000000000000000000000000000000000000000000000000000000000000000000000000000000000000000000000000000000000000000000000000000000000000000000000000000000000000000000000000000000000000000000000000000000000000000000000000000000000000000000000000000000000000000000000000000000000000000000000000000000000000000000000000000000000000000000000000000000000000000000000000000000000000000000000000000000000000000000000000000000000000000000000000000000000000000000000000000000000000000000000000000000000000000000000000000000000000000000000000000000000000000000000000000000000000000000000000000000000000000000000000000000000000000000000000000000000FFF0000000000000000000000000000000000FF0FF000000000000000000000000000000000F000F000000000000000000000000000000000000FF00000000000000000000000000000000000FF00000000000000000000000000000000000FF00000000000000000000000000000000000FF000000000000000000000000000000000000FFFFFF000000000000000000000000000000000000000000000000000000
Glyph 8323 7 000000000000000000000000000000000000000000000000000000000000000000000000000000000000000000000000000000000000000000000000000000000000000000000000000000000000000000000000000000000000000000000000000000000000000000000000000000000000000000000000000000000000000000000000000000000000000000000000000000000000000000000000000000000000000000000000000000000000000000000000000000000000000000000000000000000000000000000000000000000000000000000000000000000000000000000000000000000000000000000000000000000000000000000000000000000000000000000000000000000000000000000000000000000000000000000000000000000000000000000000000000000000000000000000000000000000000000000000000000000000000FFFF000000000000000000000000000000000FF00F0000000000000000000000000000000000000F00000000000000000000000000000000000FF00000000000000000000000000000000000000F0000000000000000000000000000000000000FF00000000000000000000000000000000FF0FF0000000000000000000000000000000000FFF00000000000000000000000000000000000000000000000000000000
Glyph 8324 7 00000000000000000000000000000000000000000000000000000000000000000000000000000000000000000000000000000000000000000000000000000000000000000000000000000000000000000000000000000000000000000000000000000000000000000000000000000000000000000000000000000000000000000000000000000000000000000000000000000000000000000000000000000000000000000000000000000000000000000000000000000000000000000000000000000000000000000000000000000000000000000000000000000000000000000000000000000000000000000000000000000000000000000000000000000000000000000000000000000000000000000000000000000000000000000000000000000000000000000000000000000000000000000000000000000000000000000000000000000000000000000FF00000000000000000000000000000000000FFF0000000000000000000000000000000000FFFF0000000000000000000000000000000000F0FF000000000000000000000000000000000F00FF000000000000000000000000000000000FFFFFF00000000000000000000000000000000000FF000000000000000000000000000000000000FF0000000000000000000000000000000000000000000000000000000
Glyph 8325 7 000000000000000000000000000000000000000000000000000000000000000000000000000000000000000000000000000000000000000000000000000000000000000000000000000000000000000000000000000000000000000000000000000000000000000000000000000000000000000000000000000000000000000000000000000000000000000000000000000000000000000000000000000000000000000000000000000000000000000000000000000000000000000000000000000000000000000000000000000000000000000000000000000000000000000000000000000000000000000000000000000000000000000000000000000000000000000000000000000000000000000000000000000000000000000000000000000000000000000000000000000000000000000000000000000000000000000000000000000000000000000FFFF000000000000000000000000000000000FF000000000000000000000000000000000000FF000000000000000000000000000000000000FFFFF0000000000000000000000000000000000000F0000000000000000000000000000000000000FF00000000000000000000000000000000FF00F0000000000000000000000000000000000FFFF0000000000000000000000000000000000000000000000000000000
Glyph 8326 7 0000000000000000000000000000000000000000000000000000000000000000000000000000000000000000000000000000000000000000000000000000000000000000000000000000000000000000000000000000000000000000000000000000000000000000000000000000000000000000000000000000000000000000000000000000000000000000000000000000000000000000000000000000000000000000000000000000000000000000000000000000000000000000000000000000000000000000000000000000000000000000000000000000000000000000000000000000000000000000000000000000000000000000000000000000000000000000000000000000000000000000000000000000000000000000000000000000000000000000000000000000000000000000000000000000000000000000000000000000000000000000FF00000000000000000000000000000000000FF00000000000000000000000000000000000FF000000000000000000000000000000000000F0FFF000000000000000000000000000000000FF00FF00000000000000000000000000000000F000FF00000000000000000000000000000000FF00F0000000000000000000000000000000000FFFF0000000000000000000000000000000000000000000000000000000
Glyph 8327 7 00000000000000000000000000000000000000000000000000000000000000000000000000000000000000000000000000000000000000000000000000000000000000000000000000000000000000000000000000000000000000000000000000000000000000000000000000000000000000000000000000000000000000000000000000000000000000000000000000000000000000000000000000000000000000000000000000000000000000000000000000000000000000000000000000000000000000000000000000000000000000000000000000000000000000000000000000000000000000000000000000000000000000000000000000000000000000000000000000000000000000000000000000000000000000000000000000000000000000000000000000000000000000000000000000000000000000000000000000000000000000FFFFFF000000000000000000000000000000000000F000000000000000000000000000000000000FF000000000000000000000000000000000000F000000000000000000000000000000000000FF000000000000000000000000000000000000F000000000000000000000000000000000000FF000000000000000000000000000000000000F0000000000000000000000000000000000000000000000000000000000
Glyph 8328 7 000000000000000000000000000000000000000000000000000000000000000000000000000000000000000000000000000000000000000000000000000000000000000000000000000000000000000000000000000000000000000000000000000000000000000000000000000000000000000000000000000000000000000000000000000000000000000000000000000000000000000000000000000000000000000000000000000000000000000000000000000000000000000000000000000000000000000000000000000000000000000000000000000000000000000000000000000000000000000000000000000000000000000000000000000000000000000000000000000000000000000000000000000000000000000000000000000000000000000000000000000000000000000000000000000000000000000000000000000000000000000FFF0000000000000000000000000000000000FF0FF000000000000000000000000000000000FF00F000000000000000000000000000000000FF0FF0000000000000000000000000000000000FFFF000000000000000000000000000000000F000F000000000000000000000000000000000FF00F0000000000000000000000000000000000FFFF0000000000000000000000000000000000000000000000000000000
Glyph 8329 7 000000000000000000000000000000000000000000000000000000000000000000000000000000000000000000000000000000000000000000000000000000000000000000000000000000000000000000000000000000000000000000000000000000000000000000000000000000000000000000000000000000000000000000000000000000000000000000000000000000000000000000000000000000000000000000000000000000000000000000000000000000000000000000000000000000000000000000000000000000000000000000000000000000000000000000000000000000000000000000000000000000000000000000000000000000000000000000000000000000000000000000000000000000000000000000000000000000000000000000000000000000000000000000000000000000000000000000000000000000000000000FFF0000000000000000000000000000000000FF0FF000000000000000000000000000000000F000F000000000000000000000000000000000FF00F0000000000000000000000000000000000FFFF0000000000000000000000000000000000000F000000000000000000000000000000000000FF0000000000000000000000000000000000FFF00000000000000000000000000000000000000000000000000000000
Glyph 8330 8 000000000000000000000000000000000000000000000000000000000000000000000000000000000000000000000000000000000000000000000000000000000000000000000000000000000000000000000000000000000000000000000000000000000000000000000000000000000000000000000000000000000000000000000000000000000000000000000000000000000000000000000000000000000000000000000000000000000000000000000000000000000000000000000000000000000000000000000000000000000000000000000000000000000000000000000000000000000000000000000000000000000000000000000000000000000000000000000000000000000000000000000000000000000000000000000000000000000000000000000000000000000000000000000000000000000000000000000000000000000000000000000000000000000000000000000000000000FF000000000000000000000000000000000000FF000000000000000000000000000000000000FF0000000000000000000000000000000000FFFFFF0000000000000000000000000000000000FF000000000000000000000000000000000000FF000000000000000000000000000000000000FF000000000000000000000000000000000000FF000000000000000000
Glyph 8331 7 0000000000000000000000000000000000000000000000000000000000000000000000000000000000000000000000000000000000000000000000000000000000000000000000000000000000000000000000000000000000000000000000000000000000000000000000000000000000000000000000000000000000000000000000000000000000000000000000000000000000000000000000000000000000000000000000000000000000000000000000000000000000000000000000000000000000000000000000000000000000000000000000000000000000000000000000000000000000000000000000000000000000000000000000000000000000000000000000000000000000000000000000000000000000000000000000000000000000000000000000000000000000000000000000000000000000000000000000000000000000000000000000000000000000000000000000000000000000000000000000000000000000000000000000000000000000000000000000000000000000000000000000000000000000000000000000FFFFFF000000000000000000000000000000000000000000000000000000000000000000000000000000000000000000000000000000000000000000000000000000000000000000000000000000000000000000000000
Glyph 8332 7 00000000000000000000000000000000000000000000000000000000000000000000000000000000000000000000000000000000000000000000000000000000000000000000000000000000000000000000000000000000000000000000000000000000000000000000000000000000000000000000000000000000000000000000000000000000000000000000000000000000000000000000000000000000000000000000000000000000000000000000000000000000000000000000000000000000000000000000000000000000000000000000000000000000000000000000000000000000000000000000000000000000000000000000000000000000000000000000000000000000000000000000000000000000000000000000000000000000000000000000000000000000000000000000000000000000000000000000000000000000000000000000000000000000000000000000000000000000000000000000000000000000000000000000000000000000000000000000000000000000FFFFFF0000000000000000000000000000000000000000000000000000000000000000000000FFFFFF0000000000000000000000000000000000000000000000000000000000000000000000000000000000000000000000000000000000000000000000000000000000
Glyph 8333 5 000000000000000000000000000000000000000000000000000000000000000000000000000000000000000000000000000000000000000000000000000000000000000000000000000000000000000000000000000000000000000000000000000000000000000000000000000000000000000000000000000000000000000000000000000000000000000000000000000000000000000000000000000000000000000000000000000000000000000000000000000000000000000000000000000000000000000000000000000000000000000000000000000000000000000000000000000000000000000000000000000000000000000000000000000000000000000000000000000000000000000000000000000000000000000000000000000000000000F000000000000000000000000000000000000FF00000000000000000000000000000000000FF000000000000000000000000000000000000FF000000000000000000000000000000000000F0000000000000000000000000000000000000F0000000000000000000000000000000000000F0000000000000000000000000000000000000FF000000000000000000000000000000000000FF0000000000000000000000000000000000000FF0000000000000000000000000000000000000F0000000000000000000
Glyph 8334 5 0000000000000000000000000000000000000000000000000000000000000000000000000000000000000000000000000000000000000000000000000000000000000000000000000000000000000000000000000000000000000000000000000000000000000000000000000000000000000000000000000000000000000000000000000000000000000000000000000000000000000000000000000000000000000000000000000000000000000000000000000000000000000000000000000000000000000000000000000000000000000000000000000000000000000000000000000000000000000000000000000000000000000000000000000000000000000000000000000000000000000000000000000000000000000000000000000000000000F0000000000000000000000000000000000000FF0000000000000000000000000000000000000F0000000000000000000000000000000000000FF000000000000000000000000000000000000FF000000000000000000000000000000000000FF000000000000000000000000000000000000FF000000000000000000000000000000000000FF000000000000000000000000000000000000F000000000000000000000000000000000000FF000000000000000000000000000000000000F000000000000000000000
Glyph 8355 11 0000000000000000000000000000000000000000000000000000000000000000000000000000000000000000000000000000000000000000000000000000000000000000000000000000000000000000000000000000000000000000000000000000000000000000000000000000000000000000000000000000000000000000000000000000000000000000000FFFFFFFF000000000000000000000000000000FFFFFFFF000000000000000000000000000000FF000000000000000000000000000000000000FF000000000000000000000000000000000000FF000000000000000000000000000000000000FF000000000000000000000000000000000000FFFFFFFF000000000000000000000000000000FFFFFFFF000000000000000000000000000000FF000000000000000000000000000000000000FF0000000000000000000000000000000000FFFFFFF000000000000000000000000000000000FF000000000000000000000000000000000000FF000000000000000000000000000000000000FF00000000000000000000000000000000000000000000000000000000000000000000000000000000000000000000000000000000000000000000000000000000000000000000000000000000000000000000000000000000000000000000000000000000000000000
Glyph 8356 12 000000000000000000000000000000000000000000000000000000000000000000000000000000000000000000000000000000000000000000000000000000000000000000000000000000000000000000000000000000000000000000000000000000000000000000000000000000000000000000000000000000000000000000000000000000000000000000000FFFFF00000000000000000000000000000000FFFFFFF0000000000000000000000000000000FF0000FF00000000000000000000000000000FF00000FF00000000000000000000000000000FF000000000000000000000000000000000000FF00000000000000000000000000000000000FFFFFFF00000000000000000000000000000000FF00000000000000000000000000000000000FFFFFFF000000000000000000000000000000000F0000000000000000000000000000000000000F000000000000000000000000000000000000FF00000000000000000000000000000000000FFFFFFFFFF0000000000000000000000000000FFFFFFFFFF0000000000000000000000000000000000000000000000000000000000000000000000000000000000000000000000000000000000000000000000000000000000000000000000000000000000000000000000000000000000000000000000000000000000
Glyph 8358 16 0000000000000000000000000000000000000000000000000000000000000000000000000000000000000000000000000000000000000000000000000000000000000000000000000000000000000000000000000000000000000000000000000000000000000000000000000000000000000000000000000000000000000000000000000000000000000000000FFF000000FF000000000000000000000000000FFF000000FF000000000000000000000000000FFFF00000FF000000000000000000000000000FFFFF0000FF000000000000000000000000000FF0FF0000FF000000000000000000000000000FF00FF000FF0000000000000000000000000FFFFFFFFFFFFFFFF000000000000000000000000FF000FF00FF0000000000000000000000000FFFFFFFFFFFFFFFF000000000000000000000000FF0000FFFFF000000000000000000000000000FF00000FFFF000000000000000000000000000FF000000FFF000000000000000000000000000FF000000FFF000000000000000000000000000FF0000000FF00000000000000000000000000000000000000000000000000000000000000000000000000000000000000000000000000000000000000000000000000000000000000000000000000000000000000000000000000000000000000000000000000000000
Glyph 8359 16 0000000000000000000000000000000000000000000000000000000000000000000000000000000000000000000000000000000000000000000000000000000000000000000000000000000000000000000000000000000000000000000000000000000000000000000000000000000000000000000000000000000000000000000000000000000000000000000FFFFFF000FF000000000000000000000000000F000FFF00FF000000000000000000000000000F00000FF0FF000000000000000000000000000F00000FFFFFFF0000000000000000000000000F00000FF0FF000000000000000000000000000F00000FF0FF000000000000000000000000000F00000FF0FF000000000000000000000000000F000FFF00FF000000000000000000000000000FFFFFF000FF000000000000000000000000000F00000000FF000000000000000000000000000F00000000FF000000000000000000000000000F00000000FF000000000000000000000000000F00000000FFFF0000000000000000000000000F000000000FFF000000000000000000000000000000000000000000000000000000000000000000000000000000000000000000000000000000000000000000000000000000000000000000000000000000000000000000000000000000000000000000000000000000
Glyph 8360 21 0000000000000000000000000000000000000000000000000000000000000000000000000000000000000000000000000000000000000000000000000000000000000000000000000000000000000000000000000000000000000000000000000000000000000000000000000000000000000000000000000000000000000000000000000000000000000000000FFFFFFF0000000000000000000000000000000FFFFFFFFF00000000000000000000000000000FF00000FF00000000000000000000000000000FF00000FF000FFFF0000000000000000000000FF00000FF00FFF0FFF00000000000000000000FF00000FF0FF0000FF00000000000000000000FFFFFFFF00FF00000000000000000000000000FFFFFFF0000FFF000000000000000000000000FF000FF00000FFFFF000000000000000000000FF0000FF0000000FFF00000000000000000000FF0000FF00000000FF00000000000000000000FF00000FF0FF0000FF00000000000000000000FF00000FF00FFFFFFF00000000000000000000FF000000FF00FFFFF00000000000000000000000000000000000000000000000000000000000000000000000000000000000000000000000000000000000000000000000000000000000000000000000000000000000000000000000000000000000000000000000000
Glyph 8361 15 000000000000000000000000000000000000000000000000000000000000000000000000000000000000000000000000000000000000000000000000000000000000000000000000000000000000000000000000000000000000000000000000000000000000000000000000000000000000000000000000000000000000000000000000000000000000000000FF000FF0000FF0000000000000000000000000FF000FFF000FF0000000000000000000000000FF000FFF000FF0000000000000000000000000FF000F0F000F000000000000000000000000000F000F0F00FF0000000000000000000000000FFFFFFFFFFFFFFF0000000000000000000000000FF0FF0F00FF000000000000000000000000000FF0FF0FF0FF0000000000000000000000000FFFFFFFFFFFFFFF00000000000000000000000000F0F000F0F00000000000000000000000000000F0F000FFF00000000000000000000000000000FFF000FFF00000000000000000000000000000FFF000FF0000000000000000000000000000000F0000FF0000000000000000000000000000000000000000000000000000000000000000000000000000000000000000000000000000000000000000000000000000000000000000000000000000000000000000000000000000000000000000000000000000000000
Glyph 8362 15 000000000000000000000000000000000000000000000000000000000000000000000000000000000000000000000000000000000000000000000000000000000000000000000000000000000000000000000000000000000000000000000000000000000000000000000000000000000000000000000000000000000000000000000000000000000000000000000000000000000000000000000000000000000000000000000000000000000000000000000000000000000000000000000000000000000000FFFFFFFF000FF0000000000000000000000000FF0000FFF00FF0000000000000000000000000FF00000FF00FF0000000000000000000000000FF00000FF00FF0000000000000000000000000FF00FF0FF00FF0000000000000000000000000FF00FF0FF00FF0000000000000000000000000FF00FF0FF00FF0000000000000000000000000FF00FF00000FF0000000000000000000000000FF00FF00000FF0000000000000000000000000FF00FF000FFFF0000000000000000000000000FF00FFFFFFFF00000000000000000000000000000000000000000000000000000000000000000000000000000000000000000000000000000000000000000000000000000000000000000000000000000000000000000000000000000000000000000000000000000000
Glyph 8363 12 00000000000000000000000000000000000000000000000000000000000000000000000000000000000000000000000000000000000000000000000000000000000000000000000000000000000000000000000000000000000000000000000000000000000000000000000000000000000000000000000000000000000FF000000000000000000000000000000000000FF000000000000000000000000000000000FFFFFFF0000000000000000000000000000000000FF0000000000000000000000000000000FFFF0FF000000000000000000000000000000FFFFFFFF00000000000000000000000000000FFF0000FF00000000000000000000000000000FF00000FF00000000000000000000000000000FF00000FF00000000000000000000000000000FF00000FF00000000000000000000000000000FF00000FF00000000000000000000000000000FF00000FF000000000000000000000000000000FF0000FF000000000000000000000000000000FFFFFFFF0000000000000000000000000000000FFFF0FF00000000000000000000000000000000000000000000000000000000000000000000FFFFFFFFF000000000000000000000000000000000000000000000000000000000000000000000000000000000000000000000000000000000000000000000000000000
Glyph 8364 11 0000000000000000000000000000000000000000000000000000000000000000000000000000000000000000000000000000000000000000000000000000000000000000000000000000000000000000000000000000000000000000000000000000000000000000000000000000000000000000000000000000000000000000000000000000000000000000000000FFFFF00000000000000000000000000000000FFFFFF0000000000000000000000000000000FF000000000000000000000000000000000000FF000000000000000000000000000000000000FF0000000000000000000000000000000000FFFFFFF000000000000000000000000000000000FF0000000000000000000000000000000000FFFFFFF000000000000000000000000000000000FF000000000000000000000000000000000000FF000000000000000000000000000000000000FF000000000000000000000000000000000000FF0000000000000000000000000000000000000FFFFFF000000000000000000000000000000000FFFFF00000000000000000000000000000000000000000000000000000000000000000000000000000000000000000000000000000000000000000000000000000000000000000000000000000000000000000000000000000000000000000000000000000000000
Glyph 8369 15 0000000000000000000000000000000000000000000000000000000000000000000000000000000000000000000000000000000000000000000000000000000000000000000000000000000000000000000000000000000000000000000000000000000000000000000000000000000000000000000000000000000000000000000000000000000000000000000FFFFFFFF000000000000000000000000000000FFFFFFFFF00000000000000000000000000000FF000000FF00000000000000000000000000FFFFFFFFFFFFFF00000000000000000000000000FF0000000F00000000000000000000000000FFFFFFFFFFFFFF00000000000000000000000000FF000000FF0000000000000000000000000000FFFFFFFFF00000000000000000000000000000FFFFFF00000000000000000000000000000000FF000000000000000000000000000000000000FF000000000000000000000000000000000000FF000000000000000000000000000000000000FF000000000000000000000000000000000000FF00000000000000000000000000000000000000000000000000000000000000000000000000000000000000000000000000000000000000000000000000000000000000000000000000000000000000000000000000000000000000000000000000000000000000000
Glyph 8377 10 000000000000000000000000000000000000000000000000000000000000000000000000000000000000000000000000000000000000000000000000000000000000000000000000000000000000000000000000000000000000000000000000000000000000000000000000000000000000000000000000000000000000000000000000000000000000000000FFFFFFFFF0000000000000000000000000000FFFFFFFFF00000000000000000000000000000000000FF0000000000000000000000000000000FFFFFFFFF00000000000000000000000000000FFFFFFFFF0000000000000000000000000000000000FF000000000000000000000000000000000000FF0000000000000000000000000000000FFFFFF00000000000000000000000000000000FFFFF0000000000000000000000000000000000FF000000000000000000000000000000000000FFF000000000000000000000000000000000000FFF000000000000000000000000000000000000FFF000000000000000000000000000000000000FFF0000000000000000000000000000000000000000000000000000000000000000000000000000000000000000000000000000000000000000000000000000000000000000000000000000000000000000000000000000000000000000000000000000000000000
Glyph 8378 11 00000000000000000000000000000000000000000000000000000000000000000000000000000000000000000000000000000000000000000000000000000000000000000000000000000000000000000000000000000000000000000000000000000000000000000000000000000000000000000000000000000000000000000000000000000000000000000000FF000000000000000000000000000000000000FF0F0000000000000000000000000000000000FFFF000000000000000000000000000000000FFFF00000000000000000000000000000000FFFFF000000000000000000000000000000000F00FFFF000000000000000000000000000000000FFFF00FF0000000000000000000000000000FFFFF000FF0000000000000000000000000000FF0FF000FF0000000000000000000000000000000FF000FF0000000000000000000000000000000FF000FF0000000000000000000000000000000FF00FF00000000000000000000000000000000FFFFF000000000000000000000000000000000FFFF00000000000000000000000000000000000000000000000000000000000000000000000000000000000000000000000000000000000000000000000000000000000000000000000000000000000000000000000000000000000000000000000000000000000000
Glyph 8380 13 00000000000000000000000000000000000000000000000000000000000000000000000000000000000000000000000000000000000000000000000000000000000000000000000000000000000000000000000000000000000000000000000000000000000000000000000000000000000000000000000000000000000000000000000000000000000000000000000000000000000000000000000000000000000000000000000000000000000000000000000000000000000000000000000000000000000000000FF000000000000000000000000000000000000FF0000000000000000000000000000000000FFFFF00000000000000000000000000000000FFFFFFF000000000000000000000000000000FF00FF0FF00000000000000000000000000000F000FF00FF000000000000000000000000000FF000FF00FF000000000000000000000000000FF000FF00FF000000000000000000000000000FF000FF00FF000000000000000000000000000FF000FF00FF000000000000000000000000000FF000FF00FF000000000000000000000000000000000000000000000000000000000000000000000000000000000000000000000000000000000000000000000000000000000000000000000000000000000000000000000000000000000000000000000000000000000
Glyph 8381 13 0000000000000000000000000000000000000000000000000000000000000000000000000000000000000000000000000000000000000000000000000000000000000000000000000000000000000000000000000000000000000000000000000000000000000000000000000000000000000000000000000000000000000000000000000000000000000000000FFFFFFFF000000000000000000000000000000FFFFFFFFF00000000000000000000000000000FF000000FF0000000000000000000000000000FF0000000F0000000000000000000000000000FF0000000FF000000000000000000000000000FF0000000F0000000000000000000000000000FF000000FF00000000000000000000000000FFFFFFFFFFFF00000000000000000000000000FFFFFFFFFF000000000000000000000000000000FF0000000000000000000000000000000000FFFFFFF0000000000000000000000000000000FFFFFFF000000000000000000000000000000000FF000000000000000000000000000000000000FF00000000000000000000000000000000000000000000000000000000000000000000000000000000000000000000000000000000000000000000000000000000000000000000000000000000000000000000000000000000000000000000000000000000000000000
Glyph 8453 15 0000000000000000000000000000000000000000000000000000000000000000000000000000000000000000000000000000000000000000000000000000000000000000000000000000000000000000000000000000000000000000000000000000000000000000000000000000000000000000000000000000000000000000000000000000000000000000000FFFF0000000000000000000000000000000000F00F000000000000000000000000000000000FF00FF000F0000000000000000000000000000FF000000FF0000000000000000000000000000FF000000F000000000000000000000000000000F00F00F0000000000000000000000000000000FFFF0FF000000000000000000000000000000000000F0FFFF0000000000000000000000000000000F0FF00F000000000000000000000000000000FF0F000FF00000000000000000000000000000F00F000FF0000000000000000000000000000F000F000FF0000000000000000000000000000F000FF00F0000000000000000000000000000000000FFFF00000000000000000000000000000000000000000000000000000000000000000000000000000000000000000000000000000000000000000000000000000000000000000000000000000000000000000000000000000000000000000000000000000000
Glyph 8467 10 0000000000000000000000000000000000000000000000000000000000000000000000000000000000000000000000000000000000000000000000000000000000000000000000000000000000000000000000000000000000000000000000000000000000000000000000000000000000000000000000000000000FFF0000000000000000000000000000000000FFFFF000000000000000000000000000000000FF00FF00000000000000000000000000000000FF00FF00000000000000000000000000000000FF00F000000000000000000000000000000000FF0FF000000000000000000000000000000000FF0FF000000000000000000000000000000000FFFF0000000000000000000000000000000000FFFF00000000000000000000000000000000FFFF0000000000000000000000000000000000FFFF000000000000000000000000000000000000FF000000000000000000000000000000000000FF0000000000000000000000000000000000000FFF000000000000000000000000000000000000FF00000000000000000000000000000000000000000000000000000000000000000000000000000000000000000000000000000000000000000000000000000000000000000000000000000000000000000000000000000000000000000000000000000000000000
Glyph 8470 21 0000000000000000000000000000000000000000000000000000000000000000000000000000000000000000000000000000000000000000000000000000000000000000000000000000000000000000000000000000000000000000000000000000000000000000000000000000000000000000000000000000000000000000000000000000000000000000000FF00000FF000FFFF0000000000000000000000FF00000FF00FF00FF000000000000000000000FFF0000FF00F0000F000000000000000000000F0F0000FF00F0000F000000000000000000000F0FF000FF00F0000F000000000000000000000F00FF00FF00F0000F000000000000000000000F00FF00FF00FF00FF000000000000000000000F000FF0FF000FFFF0000000000000000000000F000FF0FF00000000000000000000000000000F0000FFFF00FFFFFF000000000000000000000F0000FFFF00000000000000000000000000000F00000FFF00000000000000000000000000000F00000FFF00000000000000000000000000000F000000FF0000000000000000000000000000000000000000000000000000000000000000000000000000000000000000000000000000000000000000000000000000000000000000000000000000000000000000000000000000000000000000000000000000000000
Glyph 8482 13 000000000000000000000000000000000000000000000000000000000000000000000000000000000000000000000000000000000000000000000000000000000000000000000000000000000000000000000000000000000000000000000000000000000000000000000000000000000000000000000000000000000000000000000000000000000000000000FFFF0F00FF00000000000000000000000000000F00FF00FF00000000000000000000000000000F00F0FF0F00000000000000000000000000000F00F0FF0F00000000000000000000000000000F00F00F0F0000000000000000000000000000000000000000000000000000000000000000000000000000000000000000000000000000000000000000000000000000000000000000000000000000000000000000000000000000000000000000000000000000000000000000000000000000000000000000000000000000000000000000000000000000000000000000000000000000000000000000000000000000000000000000000000000000000000000000000000000000000000000000000000000000000000000000000000000000000000000000000000000000000000000000000000000000000000000000000000000000000000000000000000000000000000000000000000000000000000000000
Glyph 8494 13 0000000000000000000000000000000000000000000000000000000000000000000000000000000000000000000000000000000000000000000000000000000000000000000000000000000000000000000000000000000000000000000000000000000000000000000000000000000000000000000000000000000000000000000000000000000000000000000000000000000000000000000000000000000000000000000000000000000000000000000000000000000000000000000000000000000000000000FFFF00000000000000000000000000000000FF000FF000000000000000000000000000000FF00000FF00000000000000000000000000000FF00000FF00000000000000000000000000000FF00000FF0000000000000000000000000000FFFFFFFFFF00000000000000000000000000000FF000000000000000000000000000000000000FF000000000000000000000000000000000000FF0000000000000000000000000000000000000FF0000F00000000000000000000000000000000FFFFF000000000000000000000000000000000000000000000000000000000000000000000000000000000000000000000000000000000000000000000000000000000000000000000000000000000000000000000000000000000000000000000000000000000000
Glyph 8539 15 00000000000000000000000000000000000000000000000000000000000000000000000000000000000000000000000000000000000000000000000000000000000000000000000000000000000000000000000000000000000000000000000000000000000000000000000000000000000000000000000000000000000000000000000000000000000000000000FF0000000000000000000000000000000000FFFF0000F0000000000000000000000000000000FF0000F0000000000000000000000000000000FF000F00000000000000000000000000000000FF00FF00000000000000000000000000000000FF00F000000000000000000000000000000000FF0F000FFF0000000000000000000000000000FFFF00FF0FF00000000000000000000000000000F000FF00F0000000000000000000000000000F0000FF0FF000000000000000000000000000FF00000FFFF000000000000000000000000000F00000F000F000000000000000000000000000000000FF00F0000000000000000000000000000000000FFFF0000000000000000000000000000000000000000000000000000000000000000000000000000000000000000000000000000000000000000000000000000000000000000000000000000000000000000000000000000000000000000000000000000000
Glyph 8540 17 0000000000000000000000000000000000000000000000000000000000000000000000000000000000000000000000000000000000000000000000000000000000000000000000000000000000000000000000000000000000000000000000000000000000000000000000000000000000000000000000000000000000000000000000000000000000000000000FFFF000000000000000000000000000000000FF00F00000F0000000000000000000000000000000F00000F00000000000000000000000000000FF00000F00000000000000000000000000000000F000FF00000000000000000000000000000000FF00F00000000000000000000000000000FF0FF00F00FFF00000000000000000000000000FFF00FF0FF0FF000000000000000000000000000000F00FF00F00000000000000000000000000000F000FF0FF0000000000000000000000000000FF0000FFFF0000000000000000000000000000F0000F000F000000000000000000000000000000000FF00F0000000000000000000000000000000000FFFF000000000000000000000000000000000000000000000000000000000000000000000000000000000000000000000000000000000000000000000000000000000000000000000000000000000000000000000000000000000000000000000000000000
Glyph 8541 17 0000000000000000000000000000000000000000000000000000000000000000000000000000000000000000000000000000000000000000000000000000000000000000000000000000000000000000000000000000000000000000000000000000000000000000000000000000000000000000000000000000000000000000000000000000000000000000000FFFF000000000000000000000000000000000FF00000000F000000000000000000000000000FF00000000F000000000000000000000000000FFFFF0000F00000000000000000000000000000000F000FF00000000000000000000000000000000FF00F00000000000000000000000000000FF00F00F00FFF00000000000000000000000000FFFF0FF0FF0FF000000000000000000000000000000F00FF00F00000000000000000000000000000F000FF0FF0000000000000000000000000000FF0000FFFF0000000000000000000000000000F0000F000F000000000000000000000000000000000FF00F0000000000000000000000000000000000FFFF000000000000000000000000000000000000000000000000000000000000000000000000000000000000000000000000000000000000000000000000000000000000000000000000000000000000000000000000000000000000000000000000000000
Glyph 8542 16 000000000000000000000000000000000000000000000000000000000000000000000000000000000000000000000000000000000000000000000000000000000000000000000000000000000000000000000000000000000000000000000000000000000000000000000000000000000000000000000000000000000000000000000000000000000000000000FFFFFF000000000000000000000000000000000000F0000F0000000000000000000000000000000FF0000F0000000000000000000000000000000F0000F0000000000000000000000000000000FF000FF0000000000000000000000000000000F0000F0000000000000000000000000000000FF000F00FFF000000000000000000000000000F000FF0FF0FF000000000000000000000000000000F00FF00F00000000000000000000000000000F000FF0FF0000000000000000000000000000FF0000FFFF0000000000000000000000000000F0000F000F000000000000000000000000000000000FF00F0000000000000000000000000000000000FFFF0000000000000000000000000000000000000000000000000000000000000000000000000000000000000000000000000000000000000000000000000000000000000000000000000000000000000000000000000000000000000000000000000000000
Glyph 8706 11 00000000000000000000000000000000000000000000000000000000000000000000000000000000000000000000000000000000000000000000000000000000000000000000000000000000000000000000000000000000000000000000000000000000000000000000000000000000000000000000000000000FFFFF000000000000000000000000000000000FFFFFFF000000000000000000000000000000000000FF0000000000000000000000000000000000000FF000000000000000000000000000000000000FF0000000000000000000000000000000FFFFF0F000000000000000000000000000000FFF0FFFF00000000000000000000000000000FFF0000FF00000000000000000000000000000FF000000FF0000000000000000000000000000FF000000F00000000000000000000000000000FF000000F00000000000000000000000000000FF00000FF000000000000000000000000000000FF0000FF000000000000000000000000000000FFF0FFF000000000000000000000000000000000FFFF0000000000000000000000000000000000000000000000000000000000000000000000000000000000000000000000000000000000000000000000000000000000000000000000000000000000000000000000000000000000000000000000000000000000000
Glyph 8719 14 0000000000000000000000000000000000000000000000000000000000000000000000000000000000000000000000000000000000000000000000000000000000000000000000000000000000000000000000000000000000000000000000000000000000000000000000000000000000000000000000000000000000000000000000000000000000000000000FFFFFFFFFF0000000000000000000000000000F0000000FF0000000000000000000000000000F0000000FF0000000000000000000000000000F0000000FF0000000000000000000000000000F0000000FF0000000000000000000000000000F0000000FF0000000000000000000000000000F0000000FF0000000000000000000000000000F0000000FF0000000000000000000000000000F0000000FF0000000000000000000000000000F0000000FF0000000000000000000000000000F0000000FF0000000000000000000000000000F0000000FF0000000000000000000000000000F0000000FF0000000000000000000000000000F0000000FF0000000000000000000000000000F0000000FF0000000000000000000000000000F0000000FF00000000000000000000000000000000000000000000000000000000000000000000000000000000000000000000000000000000000000000000000000000
Glyph 8721 12 000000000000000000000000000000000000000000000000000000000000000000000000000000000000000000000000000000000000000000000000000000000000000000000000000000000000000000000000000000000000000000000000000000000000000000000000000000000000000000000000000000000000000000000000000000000000000000FFFFFFFFFF0000000000000000000000000000FF0000000000000000000000000000000000000FF000000000000000000000000000000000000FFF000000000000000000000000000000000000FF0000000000000000000000000000000000000FF0000000000000000000000000000000000000FF0000000000000000000000000000000000000FF0000000000000000000000000000000000000FF00000000000000000000000000000000000FF00000000000000000000000000000000000FF00000000000000000000000000000000000FF00000000000000000000000000000000000FF00000000000000000000000000000000000FFF00000000000000000000000000000000000FF00000000000000000000000000000000000FF000000000000000000000000000000000000FFFFFFFFFFF000000000000000000000000000000000000000000000000000000000000000000000000000000000000000
Glyph 8722 11 000000000000000000000000000000000000000000000000000000000000000000000000000000000000000000000000000000000000000000000000000000000000000000000000000000000000000000000000000000000000000000000000000000000000000000000000000000000000000000000000000000000000000000000000000000000000000000000000000000000000000000000000000000000000000000000000000000000000000000000000000000000000000000000000000000000000000000000000000000000000000000000000000000000000000000000000000000000000000000000000000000000000000000000000000000000000000000000000000000000000000000000FFFFFFFF00000000000000000000000000000000000000000000000000000000000000000000000000000000000000000000000000000000000000000000000000000000000000000000000000000000000000000000000000000000000000000000000000000000000000000000000000000000000000000000000000000000000000000000000000000000000000000000000000000000000000000000000000000000000000000000000000000000000000000000000000000000000000000000000000000000000000000000000000000000000000000000000
Glyph 8730 12 00000000000000000000000000000000000000000000000000000000000000000000000000000000000000000000000000000000000000000000000000000000000000000000000000000000000000000000000000000000000000000000000000000000000000000000000000000000000000000000000000000000000000000000000000000000000000000000000000FF000000000000000000000000000000000000FF000000000000000000000000000000000000FF00000000000000000000000000000000000FF000000000000000000000000000000000000FF000000000000000000000000000000000000F000000000000000000000000000000FFF000FF000000000000000000000000000000FFF000FF00000000000000000000000000000000F00FF000000000000000000000000000000000FF0FF000000000000000000000000000000000FF0FF0000000000000000000000000000000000FFF00000000000000000000000000000000000FFF000000000000000000000000000000000000F000000000000000000000000000000000000000000000000000000000000000000000000000000000000000000000000000000000000000000000000000000000000000000000000000000000000000000000000000000000000000000000000000000000000000
Glyph 8734 21 000000000000000000000000000000000000000000000000000000000000000000000000000000000000000000000000000000000000000000000000000000000000000000000000000000000000000000000000000000000000000000000000000000000000000000000000000000000000000000000000000000000000000000000000000000000000000000000000000000000000000000000000000000000000000000000000000000000000000000000000000000000000000000000000000000000000000FFFF00000FFFF00000000000000000000000FFF0FFF000FF0FFF0000000000000000000000FF0000FF0FF0000FF00000000000000000000FF000000FFF00000FF00000000000000000000FF000000FF0000000F00000000000000000000FF000000FF0000000FF0000000000000000000FF000000FF0000000F00000000000000000000FF000000FFF00000FF000000000000000000000FF0000FF0FF0000FF000000000000000000000FFF0FFF000FF0FFF000000000000000000000000FFFF00000FFFF0000000000000000000000000000000000000000000000000000000000000000000000000000000000000000000000000000000000000000000000000000000000000000000000000000000000000000000000000000000000000000000000000000
Glyph 8747 5 000000000000000000000000000000000000000000000000000000000000000000000000000000000000000000000000000000000000000000000000000000000000000000000000000000000000000000000000000000000000000000000000000000000000000000000000000000000000000000000000000000FFF0000000000000000000000000000000000FFF00000000000000000000000000000000000FF000000000000000000000000000000000000FF000000000000000000000000000000000000FF000000000000000000000000000000000000FF000000000000000000000000000000000000FF000000000000000000000000000000000000FF000000000000000000000000000000000000FF000000000000000000000000000000000000FF000000000000000000000000000000000000FF000000000000000000000000000000000000FF000000000000000000000000000000000000FF000000000000000000000000000000000000FF000000000000000000000000000000000000FF000000000000000000000000000000000000FF000000000000000000000000000000000000F0000000000000000000000000000000000FFFF0000000000000000000000000000000000FFF00000000000000000000000000000000000000000000000000000000000
Glyph 8776 11 000000000000000000000000000000000000000000000000000000000000000000000000000000000000000000000000000000000000000000000000000000000000000000000000000000000000000000000000000000000000000000000000000000000000000000000000000000000000000000000000000000000000000000000000000000000000000000000000000000000000000000000000000000000000000000000000000000000000000000000000000000000000000000000000000000000000000000000000000000000000000000000000000FFF0000000000000000000000000000000000FFFFFFFFF0000000000000000000000000000000000FFF000000000000000000000000000000000000000000000000000000000000000000000FFF0000000000000000000000000000000000FFFFFFFFF0000000000000000000000000000000000FFF000000000000000000000000000000000000000000000000000000000000000000000000000000000000000000000000000000000000000000000000000000000000000000000000000000000000000000000000000000000000000000000000000000000000000000000000000000000000000000000000000000000000000000000000000000000000000000000000000000000000000000000000000000
Glyph 8800 11 0000000000000000000000000000000000000000000000000000000000000000000000000000000000000000000000000000000000000000000000000000000000000000000000000000000000000000000000000000000000000000000000000000000000000000000000000000000000000000000000000000000000000000000000000000000000000000000000000000000000000000000000000000000000000000000000000000000000000000000000000000000000000000000000000000000000000000000F000000000000000000000000000000000000F0000000000000000000000000000000FFFFFFFFF00000000000000000000000000000FFFFFFFFF000000000000000000000000000000000F0000000000000000000000000000000000000F000000000000000000000000000000000FFFFFFFFF00000000000000000000000000000FFFFFFFFF0000000000000000000000000000000F000000000000000000000000000000000000F00000000000000000000000000000000000000000000000000000000000000000000000000000000000000000000000000000000000000000000000000000000000000000000000000000000000000000000000000000000000000000000000000000000000000000000000000000000000000000000000000000000
Glyph 8804 10 0000000000000000000000000000000000000000000000000000000000000000000000000000000000000000000000000000000000000000000000000000000000000000000000000000000000000000000000000000000000000000000000000000000000000000000000000000000000000000000000000000000000000000000000000000000000000000000000000000000000000000000000000000000000000000000000000000000000000000000000000000FF0000000000000000000000000000000000FFFF00000000000000000000000000000000FFFF00000000000000000000000000000000FFF00000000000000000000000000000000000FFF0000000000000000000000000000000000000FFFF000000000000000000000000000000000000FFFF000000000000000000000000000000000000FF000000000000000000000000000000000000000000000000000000000000000000000000000000000000000000000000000000000000000000000000000000000000000000000000FFFFFFFF000000000000000000000000000000000000000000000000000000000000000000000000000000000000000000000000000000000000000000000000000000000000000000000000000000000000000000000000000000000000000000000000000000000000
Glyph 8805 10 0000000000000000000000000000000000000000000000000000000000000000000000000000000000000000000000000000000000000000000000000000000000000000000000000000000000000000000000000000000000000000000000000000000000000000000000000000000000000000000000000000000000000000000000000000000000000000000000000000000000000000000000000000000000000000000000000000000000000000000000FF000000000000000000000000000000000000FFFF0000000000000000000000000000000000000FFFF000000000000000000000000000000000000FFFF0000000000000000000000000000000000FFFF00000000000000000000000000000000FFFF0000000000000000000000000000000FFFF0000000000000000000000000000000000FF000000000000000000000000000000000000000000000000000000000000000000000000000000000000000000000000000000000000000000000000000000000000000000000000000000FFFFFFFF000000000000000000000000000000000000000000000000000000000000000000000000000000000000000000000000000000000000000000000000000000000000000000000000000000000000000000000000000000000000000000000000000000000000
Glyph 9674 10 000000000000000000000000000000000000000000000000000000000000000000000000000000000000000000000000000000000000000000000000000000000000000000000000000000000000000000000000000000000000000000000000000000000000000000000000000000000000000000000000000000000000000000000000000000000000000000000FF000000000000000000000000000000000000FFF0000000000000000000000000000000000FFFF000000000000000000000000000000000FF00FF00000000000000000000000000000000FF00FF0000000000000000000000000000000FF0000FF000000000000000000000000000000FF00000F000000000000000000000000000000FF00000F000000000000000000000000000000FF0000FF0000000000000000000000000000000FF00FF00000000000000000000000000000000FF00FF000000000000000000000000000000000FFFF00000000000000000000000000000000000FFF00000000000000000000000000000000000FF000000000000000000000000000000000000000000000000000000000000000000000000000000000000000000000000000000000000000000000000000000000000000000000000000000000000000000000000000000000000000000000000000000000000000
Glyph 60929 6 0000000000000000000000000000000000000000000000000000000000000000000000000000000000000000000000000000000000000000000000000000000000000000000000000000000000000000000000000000000000000000000000000000000000000000000000000000000000000000000000000000000000000000000000000000000000000000000000000000000000000000000000000000000000000000000000000000000000000000000000FFF000000000000000000000000000000000000FF00000000000000000000000000000000000000000000000000000000000000000000000000000000000000000000000000000000000000000000000000000000000000000000000000000000000000000000000000000000000000000000000000000000000000000000000000000000000000000000000000000000000000000000000FFF000000000000000000000000000000000000FF000000000000000000000000000000000000000000000000000000000000000000000000000000000000000000000000000000000000000000000000000000000000000000000000000000000000000000000000000000000000000000000000000000000000000000000000000000000000000000000000000000000000000000000000000000000000000000000
Glyph 60930 6 000000000000000000000000000000000000000000000000000000000000000000000000000000000000000000000000000000000000000000000000000000000000000000000000000000000000000000000000000000000000000000000000000000000000000000000000000000000000000000000000000000000000000000000000000000000000000000000000000000000000000000000000000000000000000000000000000000000000000000000000000000000000000000000000000000000000F00FF000000000000000000000000000000000F00FF000000000000000000000000000000000F00FF000000000000000000000000000000000F00FF00000000000000000000000000000000000000000000000000000000000000000000000000000000000000000000000000000000000000000000000000000000000000000000000000000000000000000000000000000000000000000000000000000000000000000000000000000000000000000000000000000000000000000000000000000000000000000000000000000000000000000000000000000000000000000000000000000000000000000000000000000000000000000000000000000000000000000000000000000000000000000000000000000000000000000000000000000000000000000
Glyph 63171 5 0000000000000000000000000000000000000000000000000000000000000000000000000000000000000000000000000000000000000000000000000000000000000000000000000000000000000000000000000000000000000000000000000000000000000000000000000000000000000000000000000000000000000000000000000000000000000000000000000000000000000000000000000000000000000000000000000000000000000000000000000000000000000000000000000000000000000000000000000000000000000000000000000000000000000000000000000000000000000000000000000000000000000000000000000000000000000000000000000000000000000000000000000000000000000000000000000000000000000000000000000000000000000000000000000000000000000000000000000000000000000000000000000000000000000000000000000000000000000000000000000000000000000000000F0000000000000000000000000000000000000F000000000000000000000000000000000000FF000000000000000000000000000000000000F000000000000000000000000000000000000000000000000000000000000000000000000000000000000000000000000000000000000000000000000000000000000000
Glyph 64257 11 0000000000000000000000000000000000000000000000000000000000000000000000000000000000000000000000000000000000000000000000000000000000000000000000000000000000000000000000000000000000000000000000000000000000000000000000000000000000000000000000000000000FFFF000000000000000000000000000000000FFFFF00000000000000000000000000000000FF000000000000000000000000000000000000FF0000000000000000000000000000000000FFFFFF00FF000000000000000000000000000000FF0000FF000000000000000000000000000000FF0000FF000000000000000000000000000000FF0000FF000000000000000000000000000000FF0000FF000000000000000000000000000000FF0000FF000000000000000000000000000000FF0000FF000000000000000000000000000000FF0000FF000000000000000000000000000000FF0000FF000000000000000000000000000000FF0000FF000000000000000000000000000000FF0000FF00000000000000000000000000000000000000000000000000000000000000000000000000000000000000000000000000000000000000000000000000000000000000000000000000000000000000000000000000000000000000000000000000000000000
Glyph 64258 11 0000000000000000000000000000000000000000000000000000000000000000000000000000000000000000000000000000000000000000000000000000000000000000000000000000000000000000000000000000000000000000000000000000000000000000000000000000000000000000000000000000000FFFFFF0000000000000000000000000000000FFFFFFF000000000000000000000000000000FF0000FF000000000000000000000000000000FF0000FF00000000000000000000000000000FFFFF00FF000000000000000000000000000000FF0000FF000000000000000000000000000000FF0000FF000000000000000000000000000000FF0000FF000000000000000000000000000000FF0000FF000000000000000000000000000000FF0000FF000000000000000000000000000000FF0000FF000000000000000000000000000000FF0000FF000000000000000000000000000000FF0000FF000000000000000000000000000000FF0000FF000000000000000000000000000000FF0000FF00000000000000000000000000000000000000000000000000000000000000000000000000000000000000000000000000000000000000000000000000000000000000000000000000000000000000000000000000000000000000000000000000000000000
Glyph 64259 17 0000000000000000000000000000000000000000000000000000000000000000000000000000000000000000000000000000000000000000000000000000000000000000000000000000000000000000000000000000000000000000000000000000000000000000000000000000000000000000000000000000000FFF000FFFF000000000000000000000000000FFFF00FFFFF00000000000000000000000000FF0000FF000000000000000000000000000000FF0000FF00000000000000000000000000000FFFFFFFFFFF00FF000000000000000000000000FF0000FF0000FF000000000000000000000000FF0000FF0000FF000000000000000000000000FF0000FF0000FF000000000000000000000000FF0000FF0000FF000000000000000000000000FF0000FF0000FF000000000000000000000000FF0000FF0000FF000000000000000000000000FF0000FF0000FF000000000000000000000000FF0000FF0000FF000000000000000000000000FF0000FF0000FF000000000000000000000000FF0000FF0000FF00000000000000000000000000000000000000000000000000000000000000000000000000000000000000000000000000000000000000000000000000000000000000000000000000000000000000000000000000000000000000000000000000000
Glyph 64260 17 0000000000000000000000000000000000000000000000000000000000000000000000000000000000000000000000000000000000000000000000000000000000000000000000000000000000000000000000000000000000000000000000000000000000000000000000000000000000000000000000000000000FFF00FFFFFFF0000000000000000000000000FFFF0FFFFFFFF000000000000000000000000FF0000FF0000FF000000000000000000000000FF0000FF0000FF00000000000000000000000FFFFFFFFFFF00FF000000000000000000000000FF0000FF0000FF000000000000000000000000FF0000FF0000FF000000000000000000000000FF0000FF0000FF000000000000000000000000FF0000FF0000FF000000000000000000000000FF0000FF0000FF000000000000000000000000FF0000FF0000FF000000000000000000000000FF0000FF0000FF000000000000000000000000FF0000FF0000FF000000000000000000000000FF0000FF0000FF000000000000000000000000FF0000FF0000FF00000000000000000000000000000000000000000000000000000000000000000000000000000000000000000000000000000000000000000000000000000000000000000000000000000000000000000000000000000000000000000000000000000
Glyph 65532 21 000000000000000000000000000000000000000000000000000000000000000000000000000000000000000000000000000000000000000000000000000000000000000000000000000000000000000000000000000000000000000000000000000000000000000000000000000000000000000000000000000000000000000000000000000000000000000000FFF0FFF0FFF0FFF0FFF0000000000000000000F00000000000000000F0000000000000000000F00000000000000000F000000000000000000000000000000000000000000000000000000000F00000000000000000F0000000000000000000F00000000000000000F00000000000000000000000FF00FFF0000F0000000000000000000000F00F00F0F00F000F00F0000000000000000000F00F00F0FFF0000F00F0000000000000000000F00F00F0F00F000F00F0000000000000000000000F00F0F00F0F0F0000000000000000000000F000FF00FFF000F000F0000000000000000000F00000000000000000F0000000000000000000F00000000000000000F000000000000000000000000000000000000000000000000000000000F00000000000000000F0000000000000000000F00000000000000000F0000000000000000000FFF0FFF0FFF0FFF0FFF00000000000000000000000000000000000000000
Glyph 65533 21 00000000000000000000000000000000000000000000000000000000000000000000000000000000000000000000000000000000000000000000000000000000000000000000000000000000000000000000000000000000000000000000000000000000000000000000000F000000000000000000000000000000000000FFF0000000000000000000000000000000000FFFF000000000000000000000000000000000FFFFFF0000000000000000000000000000000FFFFFFFF00000000000000000000000000000FFFFFFFFFF000000000000000000000000000FFFF00000FFF0000000000000000000000000FFFF00FF00FFFF00000000000000000000000FFFFFFFFF00FFFFF000000000000000000000FFFFFFFFFF00FFFFFF000000000000000000000FFFFFFFF00FFFFFFF0000000000000000000000FFFFFF00FFFFFFF000000000000000000000000FFFFFFFFFFFFF00000000000000000000000000FFFF00FFFFF0000000000000000000000000000FFF00FFFF000000000000000000000000000000FFFFFFF00000000000000000000000000000000FFFFF0000000000000000000000000000000000FFF000000000000000000000000000000000000F0000000000000000000000000000000000000000000000000000000000000000000000000000000000000000
