unsigned char psrcar565_raw[] = {
  0x40, 0x21, 0x60, 0x21, 0x60, 0x29, 0x60, 0x21, 0x40, 0x21, 0x60, 0x21,
  0x60, 0x29, 0x60, 0x21, 0x40, 0x21, 0x60, 0x21, 0x40, 0x21, 0x40, 0x21,
  0x20, 0x21, 0x40, 0x19, 0x20, 0x21, 0x40, 0x19, 0x20, 0x21, 0x20, 0x19,
  0x00, 0x19, 0x40, 0x19, 0x20, 0x21, 0x40, 0x19, 0x20, 0x19, 0x40, 0x19,
  0x20, 0x19, 0x20, 0x19, 0x00, 0x19, 0x20, 0x19, 0x20, 0x21, 0x20, 0x19,
  0x20, 0x21, 0x20, 0x19, 0x00, 0x21, 0x00, 0x19, 0x00, 0x21, 0x20, 0x19,
  0x00, 0x21, 0x00, 0x19, 0x00, 0x21, 0x00, 0x19, 0xe0, 0x20, 0xe0, 0x18,
  0xe0, 0x20, 0xe0, 0x18, 0xe0, 0x20, 0x01, 0x19, 0x00, 0x21, 0x20, 0x19,
  0x00, 0x21, 0x00, 0x19, 0x00, 0x21, 0x00, 0x19, 0x00, 0x21, 0x20, 0x21,
  0x20, 0x21, 0x60, 0x21, 0x60, 0x29, 0x80, 0x29, 0xa0, 0x31, 0xc0, 0x29,
  0xa0, 0x31, 0xc0, 0x29, 0xa0, 0x31, 0xc0, 0x29, 0xa0, 0x31, 0xc0, 0x31,
  0xc0, 0x31, 0xe0, 0x31, 0xe0, 0x31, 0xe0, 0x31, 0xc0, 0x31, 0xc0, 0x29,
  0xa0, 0x31, 0xc0, 0x29, 0xc0, 0x31, 0xe0, 0x31, 0xe0, 0x31, 0xe0, 0x31,
  0xe0, 0x31, 0x00, 0x32, 0xe0, 0x31, 0x00, 0x32, 0xe0, 0x31, 0xe0, 0x29,
  0xc0, 0x31, 0xe0, 0x29, 0xc0, 0x31, 0xe0, 0x31, 0xe0, 0x39, 0x00, 0x32,
  0x00, 0x3a, 0x20, 0x3a, 0x00, 0x3a, 0x20, 0x3a, 0x20, 0x42, 0x20, 0x3a,
  0x20, 0x42, 0x40, 0x3a, 0x40, 0x4a, 0x80, 0x42, 0x80, 0x4a, 0x80, 0x4a,
  0x80, 0x4a, 0xa0, 0x4a, 0x80, 0x4a, 0xa0, 0x4a, 0xa0, 0x52, 0xa0, 0x4a,
  0x80, 0x4a, 0x80, 0x42, 0x60, 0x4a, 0x60, 0x42, 0x20, 0x42, 0x20, 0x3a,
  0x20, 0x3a, 0x20, 0x32, 0xe0, 0x39, 0x00, 0x32, 0xe0, 0x31, 0xe0, 0x31,
  0xc0, 0x31, 0xe0, 0x29, 0xc0, 0x31, 0xc0, 0x29, 0xa0, 0x31, 0xa0, 0x29,
  0x60, 0x29, 0x60, 0x21, 0x60, 0x29, 0x60, 0x21, 0x40, 0x21, 0x40, 0x21,
  0x20, 0x21, 0x40, 0x21, 0x20, 0x21, 0x20, 0x19, 0xe0, 0x18, 0xe0, 0x10,
  0xe0, 0x18, 0x00, 0x19, 0x00, 0x21, 0x20, 0x19, 0x00, 0x21, 0x00, 0x19,
  0xe0, 0x18, 0x00, 0x19, 0xe0, 0x18, 0x00, 0x11, 0xe0, 0x18, 0x01, 0x19,
  0x00, 0x21, 0x20, 0x19, 0x00, 0x21, 0x00, 0x19, 0xe0, 0x18, 0xe0, 0x10,
  0xc0, 0x10, 0xe0, 0x10, 0xc0, 0x10, 0xc0, 0x10, 0xc0, 0x10, 0xe0, 0x10,
  0x00, 0x19, 0x61, 0x19, 0xa0, 0x29, 0xe1, 0x31, 0x20, 0x3a, 0x81, 0x42,
  0x80, 0x4a, 0xc1, 0x4a, 0xe1, 0x52, 0x22, 0x53, 0x22, 0x5b, 0x63, 0x5b,
  0x63, 0x63, 0x84, 0x63, 0x84, 0x6b, 0xa5, 0x6b, 0xc7, 0x7b, 0x08, 0x7c,
  0x09, 0x84, 0x2a, 0x84, 0x2a, 0x8c, 0x4b, 0x84, 0x2b, 0x8c, 0x4c, 0x84,
  0x2b, 0x8c, 0x4c, 0x8c, 0x4c, 0x8c, 0x4c, 0x8c, 0x4c, 0x8c, 0x6d, 0x8c,
  0x4d, 0x94, 0x6e, 0x94, 0x4e, 0x9c, 0x6f, 0x94, 0x4f, 0x9c, 0x6f, 0x94,
  0x6f, 0x9c, 0x70, 0x94, 0x60, 0x21, 0x40, 0x21, 0x61, 0x21, 0x40, 0x21,
  0x41, 0x21, 0x20, 0x21, 0x41, 0x19, 0x40, 0x21, 0x20, 0x19, 0x00, 0x21,
  0x20, 0x19, 0x00, 0x19, 0x21, 0x19, 0x00, 0x21, 0x21, 0x19, 0x00, 0x19,
  0x00, 0x19, 0x00, 0x19, 0x00, 0x11, 0x00, 0x19, 0x21, 0x11, 0x20, 0x19,
  0x20, 0x19, 0x20, 0x19, 0x21, 0x19, 0x00, 0x19, 0x20, 0x11, 0x00, 0x19,
  0x20, 0x19, 0x00, 0x19, 0x20, 0x19, 0x20, 0x21, 0x21, 0x19, 0x20, 0x21,
  0x41, 0x21, 0x40, 0x21, 0x41, 0x21, 0x20, 0x21, 0x41, 0x21, 0x20, 0x29,
  0x21, 0x21, 0x00, 0x21, 0x01, 0x19, 0x00, 0x21, 0x01, 0x19, 0x00, 0x21,
  0x01, 0x19, 0x00, 0x21, 0x00, 0x19, 0x00, 0x21, 0x00, 0x19, 0x00, 0x21,
  0x20, 0x19, 0x20, 0x21, 0x40, 0x19, 0x20, 0x21, 0x61, 0x21, 0x60, 0x29,
  0x80, 0x21, 0x80, 0x29, 0xa0, 0x29, 0x80, 0x29, 0xa0, 0x29, 0xa0, 0x29,
  0xc0, 0x29, 0xa0, 0x31, 0xe0, 0x29, 0xe0, 0x31, 0xe0, 0x31, 0xe0, 0x31,
  0xe1, 0x31, 0xe0, 0x31, 0xe0, 0x31, 0xe0, 0x39, 0x00, 0x32, 0x00, 0x3a,
  0x20, 0x32, 0x20, 0x3a, 0x41, 0x32, 0x00, 0x3a, 0x01, 0x32, 0xe0, 0x31,
  0xe1, 0x29, 0xa0, 0x29, 0xa1, 0x21, 0x80, 0x29, 0x80, 0x21, 0x80, 0x29,
  0xa0, 0x29, 0xc0, 0x31, 0xe1, 0x31, 0xc0, 0x31, 0x00, 0x32, 0x00, 0x3a,
  0x20, 0x32, 0x00, 0x3a, 0x20, 0x3a, 0x20, 0x42, 0x40, 0x3a, 0x40, 0x42,
  0x40, 0x3a, 0x40, 0x42, 0x61, 0x3a, 0x40, 0x42, 0x40, 0x3a, 0x40, 0x42,
  0x61, 0x42, 0x40, 0x42, 0x61, 0x3a, 0x40, 0x42, 0x41, 0x3a, 0x00, 0x3a,
  0x20, 0x32, 0x00, 0x3a, 0x01, 0x32, 0xe0, 0x31, 0xe1, 0x31, 0xc0, 0x31,
  0xe0, 0x29, 0xc0, 0x31, 0xc0, 0x29, 0xc0, 0x31, 0xc0, 0x29, 0xa0, 0x31,
  0xa1, 0x29, 0x80, 0x29, 0x61, 0x21, 0x40, 0x21, 0x61, 0x21, 0x40, 0x21,
  0x41, 0x19, 0x20, 0x21, 0x21, 0x19, 0x00, 0x21, 0x00, 0x19, 0xe0, 0x18,
  0xe0, 0x10, 0xc0, 0x18, 0xe0, 0x10, 0xe0, 0x18, 0x20, 0x19, 0x00, 0x21,
  0x20, 0x19, 0x00, 0x19, 0x20, 0x19, 0x00, 0x21, 0x01, 0x19, 0xc0, 0x18,
  0x00, 0x11, 0xe0, 0x18, 0x00, 0x19, 0x00, 0x19, 0x01, 0x19, 0x00, 0x19,
  0x00, 0x19, 0x00, 0x19, 0x00, 0x19, 0x00, 0x19, 0x21, 0x19, 0x20, 0x19,
  0x20, 0x19, 0x20, 0x21, 0x60, 0x19, 0x81, 0x29, 0xe0, 0x29, 0x00, 0x32,
  0x40, 0x3a, 0x60, 0x42, 0xa0, 0x42, 0xa0, 0x4a, 0xc1, 0x4a, 0xe1, 0x52,
  0x01, 0x53, 0x01, 0x5b, 0x22, 0x53, 0x22, 0x5b, 0x43, 0x5b, 0x43, 0x63,
  0x64, 0x5b, 0x64, 0x63, 0xa5, 0x63, 0xa5, 0x6b, 0xc7, 0x6b, 0xc7, 0x73,
  0xe8, 0x73, 0xe8, 0x7b, 0x0a, 0x7c, 0x09, 0x84, 0x0a, 0x7c, 0x0a, 0x84,
  0x2c, 0x84, 0x2b, 0x8c, 0x4c, 0x8c, 0x2c, 0x8c, 0x4d, 0x8c, 0x4d, 0x94,
  0x4e, 0x8c, 0x4d, 0x94, 0x4e, 0x94, 0x4e, 0x94, 0x20, 0x21, 0x20, 0x21,
  0x20, 0x21, 0x20, 0x19, 0x20, 0x21, 0x20, 0x19, 0x20, 0x21, 0x40, 0x21,
  0x20, 0x21, 0x40, 0x19, 0x20, 0x21, 0x40, 0x21, 0x40, 0x21, 0x60, 0x21,
  0x40, 0x21, 0x40, 0x21, 0x20, 0x21, 0x40, 0x19, 0x20, 0x21, 0x40, 0x19,
  0x20, 0x21, 0x40, 0x19, 0x40, 0x21, 0x60, 0x19, 0x60, 0x29, 0x60, 0x21,
  0x60, 0x29, 0x60, 0x21, 0x60, 0x29, 0x60, 0x21, 0x60, 0x29, 0x60, 0x21,
  0x60, 0x29, 0x60, 0x21, 0x60, 0x29, 0xa0, 0x29, 0xa0, 0x31, 0xa0, 0x31,
  0xa0, 0x31, 0xa0, 0x31, 0xa0, 0x31, 0xa0, 0x29, 0x60, 0x31, 0x80, 0x29,
  0x60, 0x29, 0x80, 0x29, 0x60, 0x31, 0xa0, 0x29, 0x80, 0x31, 0xa0, 0x29,
  0x60, 0x29, 0x60, 0x29, 0x40, 0x29, 0x60, 0x21, 0x40, 0x29, 0x60, 0x21,
  0x60, 0x29, 0x60, 0x21, 0x80, 0x29, 0xa0, 0x29, 0xa0, 0x31, 0xa0, 0x29,
  0xa0, 0x31, 0xc0, 0x31, 0xe0, 0x39, 0x01, 0x32, 0x00, 0x3a, 0x40, 0x3a,
  0x40, 0x42, 0x40, 0x3a, 0x40, 0x42, 0x40, 0x3a, 0x40, 0x42, 0x40, 0x3a,
  0x40, 0x42, 0x40, 0x3a, 0x40, 0x3a, 0x40, 0x3a, 0x00, 0x3a, 0x00, 0x32,
  0xc0, 0x31, 0xc0, 0x29, 0xa0, 0x29, 0xa0, 0x29, 0xa0, 0x29, 0xa0, 0x29,
  0xa0, 0x29, 0xc0, 0x29, 0xa0, 0x31, 0xe0, 0x31, 0xc0, 0x31, 0xe0, 0x31,
  0xe0, 0x31, 0xe0, 0x31, 0xe0, 0x39, 0x00, 0x32, 0xe0, 0x39, 0x00, 0x32,
  0xe0, 0x39, 0x00, 0x3a, 0x00, 0x3a, 0x20, 0x3a, 0x00, 0x3a, 0x00, 0x3a,
  0x00, 0x3a, 0x20, 0x3a, 0x20, 0x42, 0x40, 0x3a, 0x40, 0x42, 0x40, 0x3a,
  0x20, 0x42, 0x40, 0x3a, 0x00, 0x3a, 0x20, 0x3a, 0x00, 0x3a, 0x00, 0x32,
  0xe0, 0x39, 0xe0, 0x31, 0xe0, 0x39, 0xe0, 0x31, 0xe0, 0x39, 0xe0, 0x31,
  0xe0, 0x31, 0xe0, 0x31, 0xa0, 0x31, 0xa0, 0x29, 0x60, 0x29, 0x80, 0x29,
  0x80, 0x29, 0x80, 0x21, 0x60, 0x29, 0x60, 0x21, 0x20, 0x21, 0x40, 0x21,
  0x20, 0x21, 0x20, 0x19, 0xe0, 0x18, 0x00, 0x19, 0xe0, 0x18, 0xe0, 0x10,
  0xe0, 0x18, 0x00, 0x19, 0x00, 0x19, 0x00, 0x19, 0x00, 0x19, 0x20, 0x19,
  0x00, 0x21, 0x00, 0x19, 0x00, 0x19, 0x00, 0x11, 0x00, 0x21, 0x40, 0x19,
  0x20, 0x21, 0x20, 0x19, 0x00, 0x21, 0x20, 0x19, 0x00, 0x19, 0x20, 0x19,
  0x20, 0x21, 0x40, 0x19, 0x40, 0x21, 0x60, 0x19, 0x60, 0x21, 0x80, 0x21,
  0xa0, 0x29, 0xc0, 0x29, 0xe0, 0x31, 0x20, 0x32, 0x40, 0x3a, 0x60, 0x3a,
  0x60, 0x42, 0x80, 0x42, 0xa0, 0x4a, 0xc0, 0x4a, 0xe0, 0x52, 0x00, 0x53,
  0xe0, 0x5a, 0x21, 0x53, 0x21, 0x5b, 0x42, 0x5b, 0x42, 0x63, 0x83, 0x63,
  0x83, 0x6b, 0xa4, 0x63, 0xa4, 0x6b, 0xc5, 0x6b, 0xc5, 0x73, 0xe6, 0x73,
  0xe7, 0x7b, 0xe8, 0x7b, 0xe8, 0x7b, 0x09, 0x7c, 0x09, 0x84, 0x2a, 0x7c,
  0x0a, 0x84, 0x2b, 0x84, 0x2b, 0x8c, 0x4c, 0x8c, 0x4c, 0x94, 0x6d, 0x8c,
  0x40, 0x21, 0x40, 0x21, 0x41, 0x19, 0x40, 0x21, 0x61, 0x21, 0x40, 0x21,
  0x60, 0x21, 0x60, 0x29, 0x81, 0x21, 0x60, 0x29, 0x61, 0x21, 0x40, 0x21,
  0x41, 0x21, 0x20, 0x21, 0x41, 0x19, 0x20, 0x21, 0x20, 0x19, 0x20, 0x21,
  0x21, 0x19, 0x00, 0x19, 0x00, 0x11, 0x00, 0x19, 0x20, 0x19, 0x20, 0x21,
  0x60, 0x21, 0x60, 0x21, 0x60, 0x21, 0x40, 0x21, 0x40, 0x21, 0x40, 0x21,
  0x60, 0x21, 0x60, 0x29, 0x60, 0x21, 0x80, 0x29, 0xc0, 0x29, 0xc0, 0x31,
  0xe1, 0x31, 0xe0, 0x39, 0xe1, 0x31, 0xa0, 0x31, 0xa0, 0x29, 0xa0, 0x31,
  0xa1, 0x29, 0xa0, 0x31, 0xa1, 0x29, 0x80, 0x31, 0xa1, 0x29, 0x80, 0x31,
  0x81, 0x29, 0x60, 0x29, 0x61, 0x21, 0x20, 0x21, 0x41, 0x21, 0x40, 0x21,
  0x40, 0x21, 0x40, 0x21, 0x60, 0x21, 0x60, 0x29, 0xa0, 0x21, 0xa0, 0x29,
  0xa0, 0x29, 0xc0, 0x31, 0xe0, 0x31, 0x00, 0x3a, 0x20, 0x3a, 0x40, 0x42,
  0x40, 0x3a, 0x40, 0x42, 0x61, 0x3a, 0x40, 0x42, 0x40, 0x3a, 0x20, 0x3a,
  0x40, 0x3a, 0x40, 0x3a, 0x41, 0x3a, 0x40, 0x3a, 0x41, 0x3a, 0x40, 0x3a,
  0x41, 0x3a, 0x40, 0x3a, 0x41, 0x3a, 0x00, 0x3a, 0x01, 0x32, 0xc0, 0x31,
  0xe1, 0x29, 0xa0, 0x29, 0xa1, 0x21, 0x80, 0x29, 0xa0, 0x21, 0xa0, 0x29,
  0xc0, 0x29, 0xa0, 0x29, 0xc0, 0x29, 0xa0, 0x31, 0xc0, 0x29, 0xc0, 0x31,
  0xe0, 0x31, 0xe0, 0x39, 0x01, 0x32, 0xe0, 0x39, 0x21, 0x3a, 0x00, 0x3a,
  0x21, 0x3a, 0x00, 0x3a, 0x00, 0x32, 0x00, 0x3a, 0x40, 0x3a, 0x40, 0x42,
  0x61, 0x3a, 0x40, 0x42, 0x41, 0x3a, 0x20, 0x3a, 0x21, 0x3a, 0x00, 0x3a,
  0x20, 0x32, 0x00, 0x3a, 0x00, 0x32, 0xe0, 0x39, 0x00, 0x32, 0x00, 0x3a,
  0x20, 0x32, 0x00, 0x3a, 0x01, 0x32, 0xe0, 0x31, 0xe0, 0x29, 0xc0, 0x31,
  0xa1, 0x29, 0xa0, 0x29, 0xa1, 0x29, 0x60, 0x29, 0x81, 0x21, 0x60, 0x21,
  0x41, 0x19, 0x20, 0x21, 0x21, 0x19, 0x00, 0x19, 0xe1, 0x10, 0xc0, 0x18,
  0xc1, 0x10, 0xa0, 0x10, 0xe0, 0x10, 0xc0, 0x10, 0xe0, 0x10, 0xe0, 0x10,
  0x00, 0x11, 0x00, 0x19, 0x20, 0x19, 0x00, 0x19, 0x01, 0x11, 0xe0, 0x18,
  0x00, 0x11, 0xe0, 0x18, 0x00, 0x11, 0xe0, 0x18, 0x00, 0x11, 0xe0, 0x18,
  0x01, 0x11, 0x00, 0x19, 0x21, 0x11, 0x00, 0x19, 0x00, 0x11, 0x00, 0x19,
  0x00, 0x11, 0x00, 0x19, 0x40, 0x19, 0x60, 0x21, 0xa0, 0x21, 0xc0, 0x31,
  0x00, 0x32, 0x00, 0x3a, 0x40, 0x3a, 0x60, 0x42, 0x80, 0x42, 0xa0, 0x4a,
  0xc0, 0x4a, 0xc0, 0x52, 0x01, 0x53, 0x01, 0x5b, 0x21, 0x53, 0x21, 0x5b,
  0x22, 0x5b, 0x22, 0x5b, 0x63, 0x5b, 0x62, 0x63, 0x63, 0x5b, 0x63, 0x63,
  0x84, 0x63, 0x83, 0x6b, 0xa5, 0x63, 0xa5, 0x6b, 0xc6, 0x6b, 0xc6, 0x73,
  0xe8, 0x73, 0xe7, 0x7b, 0x09, 0x7c, 0x09, 0x7c, 0x2a, 0x7c, 0x0a, 0x84,
  0x2b, 0x84, 0x0b, 0x84, 0x80, 0x29, 0xa0, 0x29, 0x80, 0x29, 0xa0, 0x29,
  0x80, 0x29, 0x80, 0x29, 0x80, 0x29, 0x80, 0x21, 0x60, 0x29, 0x60, 0x21,
  0x40, 0x21, 0x40, 0x21, 0x20, 0x21, 0x20, 0x19, 0x20, 0x21, 0x20, 0x19,
  0x20, 0x21, 0x40, 0x21, 0x20, 0x21, 0x20, 0x19, 0x20, 0x21, 0x40, 0x19,
  0x40, 0x21, 0x60, 0x21, 0x60, 0x29, 0x80, 0x21, 0x60, 0x29, 0x60, 0x21,
  0x60, 0x29, 0x60, 0x21, 0xa0, 0x31, 0xc0, 0x29, 0xc0, 0x31, 0xe1, 0x31,
  0x00, 0x3a, 0x20, 0x3a, 0x00, 0x3a, 0x20, 0x3a, 0xe0, 0x39, 0xe0, 0x31,
  0xc0, 0x39, 0xe0, 0x31, 0xc0, 0x39, 0xe0, 0x31, 0xc0, 0x31, 0xe0, 0x31,
  0xa0, 0x31, 0xa0, 0x29, 0x80, 0x31, 0x80, 0x29, 0x40, 0x29, 0x60, 0x21,
  0x40, 0x29, 0x60, 0x21, 0x40, 0x29, 0x60, 0x21, 0x60, 0x29, 0x60, 0x21,
  0x80, 0x29, 0xa0, 0x29, 0xa0, 0x31, 0xe0, 0x31, 0x00, 0x3a, 0x40, 0x3a,
  0x40, 0x42, 0x60, 0x3a, 0x60, 0x42, 0x80, 0x42, 0x60, 0x42, 0x60, 0x3a,
  0x40, 0x42, 0x40, 0x3a, 0x40, 0x42, 0x60, 0x3a, 0x60, 0x42, 0x60, 0x3a,
  0x40, 0x42, 0x60, 0x3a, 0x40, 0x42, 0x40, 0x3a, 0x20, 0x3a, 0x20, 0x32,
  0xe0, 0x31, 0xe0, 0x29, 0xc0, 0x29, 0xc0, 0x29, 0x80, 0x29, 0xa0, 0x21,
  0xa0, 0x29, 0xc0, 0x29, 0xc0, 0x31, 0xe0, 0x31, 0xe0, 0x31, 0x00, 0x32,
  0xe0, 0x39, 0x00, 0x32, 0x00, 0x3a, 0x20, 0x3a, 0x20, 0x3a, 0x40, 0x3a,
  0x20, 0x42, 0x20, 0x3a, 0x20, 0x3a, 0x40, 0x3a, 0x20, 0x42, 0x40, 0x3a,
  0x40, 0x42, 0x60, 0x42, 0x40, 0x42, 0x40, 0x3a, 0x40, 0x42, 0x60, 0x42,
  0x20, 0x42, 0x40, 0x3a, 0x20, 0x42, 0x20, 0x3a, 0x20, 0x3a, 0x40, 0x3a,
  0x40, 0x42, 0x60, 0x3a, 0x60, 0x42, 0x60, 0x42, 0x40, 0x42, 0x40, 0x3a,
  0x20, 0x42, 0x20, 0x3a, 0xe0, 0x39, 0x00, 0x32, 0xe0, 0x31, 0xe0, 0x31,
  0xa0, 0x31, 0xa0, 0x29, 0x60, 0x29, 0x60, 0x21, 0x40, 0x21, 0x40, 0x19,
  0x00, 0x21, 0x00, 0x19, 0x00, 0x19, 0x00, 0x11, 0x00, 0x19, 0x00, 0x11,
  0xe0, 0x18, 0x00, 0x11, 0x00, 0x19, 0x00, 0x19, 0xe0, 0x18, 0xe0, 0x10,
  0xc0, 0x10, 0xc0, 0x10, 0xa0, 0x10, 0xc0, 0x08, 0xa0, 0x10, 0xc0, 0x10,
  0xc0, 0x10, 0xe0, 0x10, 0xc0, 0x10, 0xe0, 0x10, 0xe0, 0x18, 0x00, 0x11,
  0xe0, 0x18, 0x00, 0x19, 0x00, 0x19, 0x40, 0x19, 0x60, 0x21, 0x80, 0x21,
  0xa0, 0x31, 0xe0, 0x29, 0xe0, 0x31, 0x21, 0x3a, 0x40, 0x42, 0x61, 0x3a,
  0x80, 0x4a, 0xa0, 0x42, 0x80, 0x4a, 0xa0, 0x4a, 0xc0, 0x52, 0xe1, 0x4a,
  0xe0, 0x52, 0x00, 0x53, 0x00, 0x5b, 0x41, 0x5b, 0x41, 0x63, 0x62, 0x63,
  0x62, 0x63, 0x82, 0x63, 0x62, 0x6b, 0x83, 0x63, 0x82, 0x6b, 0xa3, 0x63,
  0xa3, 0x6b, 0xc3, 0x6b, 0xa3, 0x73, 0xc4, 0x6b, 0xa5, 0x73, 0xe6, 0x73,
  0xc6, 0x7b, 0xe7, 0x73, 0xe8, 0x7b, 0x09, 0x7c, 0x61, 0x21, 0x60, 0x21,
  0x61, 0x21, 0x60, 0x21, 0x61, 0x21, 0x60, 0x29, 0x80, 0x21, 0x80, 0x29,
  0xa1, 0x29, 0x80, 0x29, 0x81, 0x21, 0x60, 0x29, 0x61, 0x21, 0x40, 0x21,
  0x41, 0x21, 0x20, 0x21, 0x40, 0x21, 0x40, 0x21, 0x60, 0x21, 0x60, 0x29,
  0x81, 0x21, 0x60, 0x29, 0xa0, 0x29, 0xa0, 0x29, 0xc0, 0x29, 0xc0, 0x31,
  0xc0, 0x29, 0xa0, 0x31, 0xe1, 0x31, 0xe0, 0x31, 0x00, 0x32, 0x20, 0x3a,
  0x41, 0x3a, 0x20, 0x3a, 0x41, 0x3a, 0x20, 0x3a, 0x41, 0x3a, 0x20, 0x3a,
  0x21, 0x3a, 0x00, 0x3a, 0x21, 0x3a, 0x00, 0x3a, 0x21, 0x3a, 0x00, 0x3a,
  0x01, 0x32, 0xe0, 0x39, 0xe1, 0x31, 0xc0, 0x31, 0xc0, 0x29, 0xa0, 0x29,
  0xa1, 0x29, 0x80, 0x29, 0xa1, 0x29, 0x80, 0x29, 0x81, 0x29, 0x60, 0x29,
  0x80, 0x21, 0x60, 0x29, 0x80, 0x21, 0x80, 0x29, 0xa0, 0x29, 0xa0, 0x31,
  0x00, 0x32, 0x00, 0x3a, 0x20, 0x3a, 0x20, 0x3a, 0x60, 0x3a, 0x40, 0x42,
  0x61, 0x3a, 0x40, 0x3a, 0x41, 0x32, 0x00, 0x3a, 0x20, 0x32, 0x00, 0x3a,
  0x20, 0x32, 0x20, 0x3a, 0x41, 0x32, 0x20, 0x3a, 0x20, 0x32, 0x20, 0x3a,
  0x20, 0x32, 0x00, 0x32, 0x01, 0x32, 0xe0, 0x31, 0xe1, 0x29, 0xe0, 0x31,
  0xe1, 0x29, 0xc0, 0x29, 0xc0, 0x29, 0xc0, 0x31, 0xe1, 0x29, 0xc0, 0x31,
  0xe1, 0x29, 0xe0, 0x31, 0xe1, 0x29, 0xe0, 0x31, 0xe0, 0x31, 0xe0, 0x39,
  0x01, 0x32, 0xe0, 0x39, 0x00, 0x32, 0x00, 0x3a, 0x00, 0x32, 0x00, 0x3a,
  0x20, 0x3a, 0x00, 0x3a, 0x20, 0x3a, 0x20, 0x42, 0x40, 0x42, 0x40, 0x42,
  0x80, 0x42, 0x60, 0x4a, 0x80, 0x42, 0x80, 0x4a, 0x81, 0x42, 0x60, 0x42,
  0x80, 0x42, 0x60, 0x4a, 0x80, 0x42, 0x80, 0x4a, 0x81, 0x42, 0x60, 0x4a,
  0x61, 0x3a, 0x40, 0x42, 0x41, 0x3a, 0x20, 0x3a, 0x01, 0x32, 0xe0, 0x31,
  0xe1, 0x31, 0xc0, 0x31, 0xc1, 0x29, 0xa0, 0x29, 0x80, 0x21, 0x60, 0x29,
  0x61, 0x21, 0x20, 0x21, 0x21, 0x19, 0x00, 0x19, 0x01, 0x19, 0x00, 0x19,
  0x00, 0x19, 0x00, 0x19, 0x00, 0x11, 0xe0, 0x18, 0x00, 0x11, 0xe0, 0x18,
  0xe1, 0x10, 0xc0, 0x10, 0xc1, 0x08, 0xa0, 0x10, 0xc1, 0x08, 0xa0, 0x10,
  0xc0, 0x08, 0xa0, 0x10, 0xc0, 0x08, 0xc0, 0x10, 0xe0, 0x10, 0xe0, 0x18,
  0xe0, 0x10, 0xe0, 0x18, 0x21, 0x11, 0x00, 0x19, 0x21, 0x19, 0x00, 0x19,
  0x40, 0x19, 0x60, 0x21, 0x60, 0x21, 0x60, 0x21, 0xa0, 0x21, 0xa0, 0x29,
  0xc0, 0x29, 0xc0, 0x31, 0x00, 0x32, 0x20, 0x3a, 0x60, 0x3a, 0x60, 0x42,
  0xa0, 0x42, 0xa0, 0x4a, 0xc0, 0x4a, 0xc0, 0x52, 0xe1, 0x4a, 0xe0, 0x52,
  0x01, 0x53, 0x01, 0x5b, 0x21, 0x53, 0x21, 0x5b, 0x42, 0x53, 0x21, 0x5b,
  0x42, 0x5b, 0x42, 0x63, 0x63, 0x5b, 0x82, 0x63, 0xa3, 0x63, 0xa3, 0x6b,
  0xa4, 0x63, 0xa3, 0x6b, 0xa4, 0x6b, 0xa4, 0x6b, 0xa6, 0x6b, 0xa6, 0x73,
  0x60, 0x29, 0x80, 0x21, 0x80, 0x31, 0xa0, 0x29, 0xa0, 0x31, 0xc0, 0x29,
  0xa0, 0x31, 0xc0, 0x29, 0xa0, 0x31, 0xa0, 0x29, 0x80, 0x29, 0x80, 0x21,
  0x40, 0x29, 0x60, 0x21, 0x40, 0x29, 0x60, 0x21, 0x60, 0x29, 0x81, 0x29,
  0x80, 0x29, 0xa0, 0x29, 0x80, 0x31, 0xa1, 0x29, 0xa0, 0x31, 0xa0, 0x29,
  0xa0, 0x31, 0xc0, 0x29, 0xa0, 0x31, 0xc0, 0x29, 0xe0, 0x31, 0x01, 0x32,
  0xe0, 0x39, 0x20, 0x3a, 0x00, 0x3a, 0x20, 0x3a, 0x00, 0x3a, 0x20, 0x3a,
  0x00, 0x3a, 0x20, 0x32, 0x00, 0x3a, 0x20, 0x3a, 0xe0, 0x39, 0x00, 0x32,
  0xe0, 0x39, 0xe0, 0x31, 0xa0, 0x31, 0xa0, 0x29, 0xa0, 0x31, 0xa0, 0x29,
  0xa0, 0x31, 0x80, 0x29, 0x80, 0x29, 0x80, 0x29, 0x80, 0x29, 0x80, 0x29,
  0x80, 0x29, 0x80, 0x29, 0x60, 0x29, 0x80, 0x29, 0x80, 0x29, 0xa0, 0x29,
  0xa0, 0x31, 0xe0, 0x29, 0xe0, 0x31, 0x00, 0x32, 0x20, 0x3a, 0x40, 0x3a,
  0x20, 0x3a, 0x40, 0x3a, 0x20, 0x3a, 0x40, 0x3a, 0x20, 0x3a, 0x20, 0x32,
  0x20, 0x3a, 0x40, 0x3a, 0x20, 0x3a, 0x40, 0x3a, 0x40, 0x42, 0x40, 0x3a,
  0x40, 0x42, 0x40, 0x3a, 0x20, 0x3a, 0x20, 0x32, 0x00, 0x3a, 0xe0, 0x31,
  0xc0, 0x31, 0xc0, 0x29, 0xc0, 0x31, 0xe0, 0x29, 0xc0, 0x31, 0xc0, 0x29,
  0xa0, 0x29, 0xa0, 0x29, 0xa0, 0x29, 0xc0, 0x29, 0xc0, 0x31, 0xe1, 0x31,
  0x00, 0x3a, 0x20, 0x32, 0x00, 0x3a, 0x20, 0x3a, 0x00, 0x3a, 0x20, 0x3a,
  0x20, 0x3a, 0x40, 0x3a, 0x40, 0x42, 0x60, 0x42, 0x60, 0x4a, 0x80, 0x4a,
  0x80, 0x4a, 0xa0, 0x4a, 0x80, 0x52, 0xa0, 0x4a, 0x80, 0x52, 0xc0, 0x4a,
  0xa0, 0x52, 0xa0, 0x4a, 0x80, 0x4a, 0xa0, 0x4a, 0x80, 0x4a, 0xa0, 0x4a,
  0x80, 0x4a, 0xa0, 0x4a, 0x80, 0x4a, 0x80, 0x42, 0x60, 0x42, 0x60, 0x3a,
  0x20, 0x42, 0x20, 0x3a, 0xe0, 0x39, 0xe0, 0x31, 0xe0, 0x31, 0xe0, 0x31,
  0xc0, 0x31, 0xe0, 0x31, 0xa0, 0x31, 0xa0, 0x29, 0x60, 0x29, 0x60, 0x21,
  0x40, 0x21, 0x60, 0x21, 0x40, 0x21, 0x40, 0x19, 0x20, 0x21, 0x20, 0x19,
  0x20, 0x19, 0x20, 0x19, 0xe0, 0x18, 0x00, 0x11, 0xc0, 0x18, 0xc0, 0x10,
  0xa0, 0x10, 0xc0, 0x08, 0xa0, 0x10, 0xc0, 0x10, 0xc0, 0x10, 0xe0, 0x10,
  0xc0, 0x18, 0xe0, 0x10, 0xc0, 0x18, 0xc0, 0x10, 0xc0, 0x10, 0xc0, 0x10,
  0xc0, 0x10, 0xc0, 0x10, 0xc0, 0x10, 0x00, 0x11, 0x20, 0x19, 0x40, 0x19,
  0x60, 0x21, 0x80, 0x21, 0x60, 0x29, 0x80, 0x21, 0x80, 0x29, 0xc1, 0x29,
  0xe0, 0x31, 0x00, 0x32, 0x00, 0x3a, 0x40, 0x3a, 0x40, 0x3a, 0x80, 0x3a,
  0x80, 0x42, 0xa0, 0x42, 0xa0, 0x4a, 0xc0, 0x4a, 0xc0, 0x52, 0x01, 0x53,
  0x00, 0x53, 0x21, 0x53, 0x21, 0x5b, 0x62, 0x5b, 0x62, 0x63, 0x83, 0x63,
  0x83, 0x63, 0x83, 0x63, 0x83, 0x6b, 0x83, 0x63, 0x62, 0x6b, 0x83, 0x63,
  0x83, 0x6b, 0xa3, 0x63, 0x80, 0x21, 0x80, 0x29, 0xa1, 0x21, 0x80, 0x29,
  0x80, 0x21, 0x80, 0x29, 0x80, 0x21, 0x80, 0x29, 0x81, 0x21, 0x60, 0x29,
  0x61, 0x21, 0x20, 0x21, 0x41, 0x19, 0x20, 0x21, 0x21, 0x19, 0x20, 0x21,
  0x40, 0x19, 0x20, 0x21, 0x61, 0x21, 0x40, 0x21, 0x61, 0x21, 0x40, 0x21,
  0x40, 0x19, 0x40, 0x21, 0x60, 0x21, 0x40, 0x21, 0x60, 0x21, 0x60, 0x29,
  0x80, 0x21, 0x80, 0x29, 0xa0, 0x29, 0xa0, 0x29, 0xa0, 0x29, 0xa0, 0x31,
  0xc0, 0x29, 0xa0, 0x31, 0xc0, 0x29, 0xa0, 0x31, 0xc1, 0x29, 0xa0, 0x31,
  0xc1, 0x29, 0xa0, 0x31, 0xa0, 0x29, 0x80, 0x31, 0xa0, 0x29, 0x80, 0x29,
  0xa0, 0x29, 0x80, 0x31, 0x81, 0x29, 0x60, 0x29, 0xa0, 0x29, 0x80, 0x31,
  0x81, 0x29, 0x60, 0x29, 0x61, 0x21, 0x40, 0x29, 0x61, 0x21, 0x40, 0x21,
  0x60, 0x21, 0x60, 0x29, 0x80, 0x21, 0x80, 0x29, 0xa0, 0x21, 0xa0, 0x29,
  0xe0, 0x29, 0xe0, 0x31, 0xe0, 0x29, 0x00, 0x32, 0x20, 0x32, 0x00, 0x3a,
  0x20, 0x32, 0x00, 0x3a, 0x20, 0x32, 0x00, 0x3a, 0x20, 0x32, 0x00, 0x3a,
  0x20, 0x32, 0x00, 0x3a, 0x00, 0x32, 0x00, 0x3a, 0x01, 0x32, 0xe0, 0x39,
  0x01, 0x32, 0xe0, 0x31, 0xe1, 0x29, 0xc0, 0x31, 0xe1, 0x29, 0xc0, 0x31,
  0xe0, 0x29, 0xc0, 0x31, 0xc1, 0x29, 0xa0, 0x29, 0xc0, 0x29, 0xc0, 0x31,
  0xe0, 0x29, 0xe0, 0x31, 0xe0, 0x31, 0xe0, 0x31, 0x00, 0x32, 0x00, 0x3a,
  0x20, 0x32, 0x20, 0x3a, 0x60, 0x3a, 0x60, 0x42, 0x80, 0x42, 0x80, 0x4a,
  0x80, 0x42, 0x80, 0x4a, 0xa1, 0x4a, 0x80, 0x4a, 0xc0, 0x4a, 0xc0, 0x52,
  0xc1, 0x4a, 0xc0, 0x52, 0xc1, 0x4a, 0xa0, 0x4a, 0xc1, 0x4a, 0xc0, 0x52,
  0xc1, 0x4a, 0xc0, 0x52, 0xc1, 0x4a, 0xa0, 0x4a, 0x81, 0x42, 0x60, 0x42,
  0x61, 0x3a, 0x40, 0x42, 0x41, 0x3a, 0x20, 0x3a, 0x01, 0x32, 0xe0, 0x31,
  0x01, 0x32, 0xe0, 0x31, 0x01, 0x32, 0xe0, 0x31, 0xc1, 0x29, 0xa0, 0x29,
  0x61, 0x21, 0x40, 0x21, 0x21, 0x19, 0x20, 0x19, 0x20, 0x19, 0x00, 0x19,
  0x01, 0x11, 0xe0, 0x18, 0x01, 0x11, 0xc0, 0x10, 0xc0, 0x08, 0xa0, 0x10,
  0xc1, 0x10, 0xa0, 0x10, 0xc0, 0x08, 0xa0, 0x10, 0xc0, 0x08, 0xa0, 0x10,
  0xa0, 0x08, 0xa0, 0x10, 0xa1, 0x08, 0x80, 0x08, 0x81, 0x08, 0x80, 0x08,
  0xa0, 0x08, 0xa0, 0x08, 0xa0, 0x08, 0xa0, 0x10, 0xc1, 0x08, 0xc0, 0x10,
  0x00, 0x11, 0x00, 0x19, 0x20, 0x19, 0x00, 0x19, 0x21, 0x11, 0x00, 0x19,
  0x20, 0x19, 0x20, 0x19, 0x80, 0x19, 0xa0, 0x29, 0xe0, 0x29, 0xe0, 0x31,
  0x20, 0x32, 0x40, 0x3a, 0x60, 0x3a, 0x80, 0x42, 0xa0, 0x42, 0xa0, 0x4a,
  0xc1, 0x4a, 0xc0, 0x52, 0xe1, 0x4a, 0xe0, 0x52, 0x02, 0x53, 0x02, 0x5b,
  0x23, 0x53, 0x22, 0x5b, 0x43, 0x5b, 0x42, 0x5b, 0x43, 0x5b, 0x22, 0x5b,
  0x43, 0x5b, 0x22, 0x5b, 0x43, 0x5b, 0x22, 0x5b, 0x60, 0x29, 0x80, 0x21,
  0x80, 0x29, 0xa0, 0x29, 0x60, 0x29, 0x81, 0x29, 0x80, 0x29, 0xa0, 0x29,
  0x60, 0x29, 0x80, 0x21, 0x60, 0x29, 0x60, 0x21, 0x60, 0x29, 0x60, 0x21,
  0x20, 0x21, 0x20, 0x21, 0x20, 0x21, 0x40, 0x21, 0x40, 0x21, 0x40, 0x21,
  0x40, 0x21, 0x40, 0x21, 0x40, 0x21, 0x60, 0x21, 0x60, 0x29, 0x60, 0x21,
  0x60, 0x29, 0x80, 0x21, 0xa0, 0x31, 0xa0, 0x29, 0xa0, 0x31, 0xc0, 0x29,
  0xc0, 0x31, 0xe0, 0x31, 0xe0, 0x39, 0x00, 0x32, 0xe0, 0x39, 0x00, 0x32,
  0xe0, 0x39, 0x00, 0x32, 0xe0, 0x39, 0xe0, 0x31, 0xc0, 0x39, 0xe0, 0x31,
  0xa0, 0x31, 0xc0, 0x31, 0xa0, 0x31, 0xa0, 0x29, 0xa0, 0x31, 0xa0, 0x29,
  0x80, 0x31, 0x80, 0x29, 0x80, 0x29, 0x80, 0x29, 0x60, 0x29, 0x60, 0x21,
  0x40, 0x21, 0x40, 0x21, 0x20, 0x21, 0x40, 0x19, 0x20, 0x21, 0x60, 0x19,
  0x40, 0x21, 0x80, 0x21, 0xa0, 0x29, 0xc0, 0x29, 0xe0, 0x31, 0xe0, 0x29,
  0xe0, 0x31, 0xe0, 0x31, 0xe0, 0x31, 0xe0, 0x31, 0x00, 0x3a, 0x00, 0x32,
  0x00, 0x3a, 0x20, 0x32, 0x00, 0x3a, 0x20, 0x32, 0x00, 0x3a, 0x20, 0x3a,
  0x20, 0x3a, 0x20, 0x3a, 0x20, 0x3a, 0x00, 0x32, 0xc0, 0x31, 0xc0, 0x29,
  0xa0, 0x29, 0xa0, 0x29, 0xa0, 0x29, 0xc0, 0x29, 0x80, 0x29, 0x80, 0x21,
  0x80, 0x29, 0x80, 0x21, 0x80, 0x29, 0xa0, 0x29, 0xa0, 0x29, 0xc0, 0x29,
  0xa0, 0x31, 0xe0, 0x31, 0xe0, 0x39, 0x21, 0x3a, 0x20, 0x42, 0x40, 0x3a,
  0x40, 0x42, 0x60, 0x42, 0x60, 0x4a, 0x80, 0x42, 0x80, 0x4a, 0xc1, 0x4a,
  0xc0, 0x52, 0xc0, 0x4a, 0xa0, 0x52, 0xa0, 0x4a, 0x80, 0x4a, 0x80, 0x42,
  0x60, 0x4a, 0x80, 0x42, 0x60, 0x4a, 0x80, 0x42, 0x80, 0x4a, 0x60, 0x42,
  0x40, 0x42, 0x40, 0x3a, 0x20, 0x42, 0x40, 0x3a, 0x00, 0x3a, 0x00, 0x32,
  0xe0, 0x39, 0xe0, 0x31, 0xe0, 0x31, 0xe0, 0x31, 0xc0, 0x31, 0xc0, 0x29,
  0x80, 0x29, 0x60, 0x21, 0x20, 0x21, 0x00, 0x19, 0xe0, 0x18, 0xe0, 0x10,
  0xe0, 0x18, 0xe0, 0x10, 0xc0, 0x18, 0xe0, 0x10, 0xc0, 0x10, 0xc0, 0x08,
  0xa0, 0x10, 0xc0, 0x08, 0xa0, 0x10, 0xa0, 0x08, 0xa0, 0x10, 0xa0, 0x08,
  0x80, 0x10, 0xa0, 0x08, 0x80, 0x10, 0xa0, 0x08, 0x80, 0x08, 0xa0, 0x08,
  0xa0, 0x10, 0xa0, 0x08, 0xa0, 0x10, 0xc0, 0x08, 0xa0, 0x10, 0xc0, 0x08,
  0xc0, 0x10, 0xc0, 0x10, 0xc0, 0x10, 0xe0, 0x10, 0xc0, 0x10, 0xe0, 0x10,
  0xc0, 0x10, 0x00, 0x11, 0x20, 0x19, 0x41, 0x19, 0x80, 0x29, 0xc1, 0x29,
  0xe0, 0x31, 0x20, 0x32, 0x20, 0x3a, 0x40, 0x3a, 0x40, 0x42, 0x60, 0x3a,
  0x60, 0x42, 0xa1, 0x42, 0xa0, 0x4a, 0xc0, 0x4a, 0xc0, 0x52, 0xe1, 0x4a,
  0xe1, 0x52, 0x02, 0x53, 0x01, 0x5b, 0x22, 0x5b, 0x22, 0x5b, 0x22, 0x5b,
  0x21, 0x5b, 0x22, 0x53, 0x01, 0x5b, 0x22, 0x53, 0x01, 0x5b, 0x22, 0x53,
  0xc0, 0x29, 0xa0, 0x31, 0xc0, 0x29, 0xa0, 0x31, 0xa1, 0x29, 0x80, 0x29,
  0xa1, 0x21, 0x80, 0x29, 0xa1, 0x21, 0x80, 0x29, 0x61, 0x21, 0x60, 0x21,
  0x61, 0x21, 0x20, 0x21, 0x21, 0x19, 0x00, 0x19, 0x20, 0x19, 0x20, 0x21,
  0x21, 0x19, 0x00, 0x19, 0x20, 0x19, 0x00, 0x21, 0x40, 0x19, 0x40, 0x21,
  0x61, 0x21, 0x60, 0x29, 0xa0, 0x21, 0xa0, 0x29, 0xc0, 0x29, 0xc0, 0x31,
  0xe1, 0x31, 0xc0, 0x31, 0xe0, 0x31, 0xe0, 0x39, 0x00, 0x32, 0xe0, 0x39,
  0x01, 0x32, 0x00, 0x3a, 0x00, 0x32, 0x00, 0x3a, 0x21, 0x3a, 0x00, 0x3a,
  0x21, 0x3a, 0x00, 0x3a, 0xe1, 0x31, 0xe0, 0x39, 0xe1, 0x31, 0xc0, 0x31,
  0xc1, 0x29, 0xa0, 0x31, 0xa1, 0x29, 0x80, 0x31, 0xa1, 0x29, 0x80, 0x29,
  0x61, 0x21, 0x60, 0x29, 0x61, 0x21, 0x20, 0x21, 0x20, 0x19, 0x20, 0x21,
  0x20, 0x19, 0x20, 0x21, 0x40, 0x19, 0x40, 0x21, 0x60, 0x21, 0x60, 0x29,
  0x80, 0x21, 0xa0, 0x29, 0xc0, 0x29, 0xc0, 0x31, 0xe0, 0x29, 0xe0, 0x31,
  0x01, 0x32, 0xe0, 0x31, 0x00, 0x32, 0xe0, 0x31, 0x20, 0x32, 0x00, 0x3a,
  0x20, 0x32, 0x20, 0x3a, 0x20, 0x32, 0x00, 0x32, 0x01, 0x32, 0xc0, 0x31,
  0xa1, 0x29, 0x80, 0x29, 0xa0, 0x21, 0x80, 0x29, 0xa0, 0x21, 0x80, 0x29,
  0x81, 0x21, 0x60, 0x21, 0x60, 0x21, 0x60, 0x21, 0x80, 0x21, 0x80, 0x29,
  0xa0, 0x29, 0xa0, 0x29, 0xc0, 0x29, 0xc0, 0x31, 0xe0, 0x31, 0xe0, 0x39,
  0x00, 0x32, 0x00, 0x3a, 0x40, 0x3a, 0x40, 0x42, 0x60, 0x42, 0x60, 0x42,
  0x80, 0x42, 0x60, 0x4a, 0x81, 0x42, 0x60, 0x4a, 0x61, 0x42, 0x60, 0x4a,
  0x80, 0x42, 0x80, 0x4a, 0x80, 0x4a, 0x80, 0x4a, 0xc0, 0x4a, 0xc0, 0x52,
  0xa1, 0x4a, 0x80, 0x4a, 0x81, 0x42, 0x60, 0x42, 0x61, 0x3a, 0x40, 0x42,
  0x41, 0x3a, 0x00, 0x3a, 0x00, 0x32, 0xe0, 0x31, 0xe1, 0x29, 0xc0, 0x31,
  0xc1, 0x29, 0xa0, 0x29, 0x81, 0x21, 0x60, 0x29, 0x61, 0x21, 0x40, 0x21,
  0x41, 0x19, 0x00, 0x19, 0x01, 0x19, 0x00, 0x19, 0x00, 0x11, 0xe0, 0x18,
  0xc1, 0x10, 0xa0, 0x10, 0xc0, 0x08, 0xa0, 0x10, 0xa0, 0x08, 0xa0, 0x10,
  0xc0, 0x08, 0xa0, 0x10, 0xa1, 0x08, 0x80, 0x08, 0x81, 0x00, 0x60, 0x08,
  0x60, 0x00, 0x60, 0x08, 0x81, 0x00, 0x60, 0x08, 0x80, 0x00, 0x80, 0x08,
  0x80, 0x00, 0x80, 0x08, 0x80, 0x00, 0x80, 0x08, 0xa0, 0x08, 0xa0, 0x10,
  0xc0, 0x08, 0xa0, 0x10, 0xc0, 0x08, 0xa0, 0x10, 0xc0, 0x08, 0xc0, 0x10,
  0x00, 0x11, 0x40, 0x21, 0x80, 0x21, 0xa0, 0x29, 0xe0, 0x29, 0x00, 0x32,
  0x40, 0x32, 0x40, 0x3a, 0x60, 0x3a, 0x60, 0x42, 0xa0, 0x42, 0xa0, 0x4a,
  0xc1, 0x4a, 0xc1, 0x52, 0x02, 0x53, 0x02, 0x5b, 0x22, 0x53, 0x22, 0x5b,
  0x43, 0x5b, 0x22, 0x5b, 0x23, 0x53, 0x22, 0x5b, 0x22, 0x53, 0x22, 0x5b,
  0x22, 0x53, 0x22, 0x5b, 0xe0, 0x31, 0xe0, 0x29, 0xc0, 0x31, 0xc0, 0x29,
  0xa0, 0x29, 0xa0, 0x21, 0x60, 0x21, 0x60, 0x21, 0x40, 0x21, 0x40, 0x19,
  0x00, 0x19, 0x20, 0x19, 0x00, 0x19, 0x20, 0x19, 0xe0, 0x18, 0x00, 0x11,
  0x00, 0x21, 0x00, 0x19, 0xe0, 0x18, 0x00, 0x19, 0x00, 0x19, 0x20, 0x19,
  0x20, 0x21, 0x60, 0x21, 0x40, 0x29, 0x80, 0x29, 0x80, 0x29, 0xa0, 0x29,
  0xa0, 0x31, 0xc0, 0x29, 0xc0, 0x31, 0xe0, 0x31, 0xe0, 0x39, 0x00, 0x32,
  0xe0, 0x39, 0x00, 0x32, 0x00, 0x3a, 0x20, 0x3a, 0x20, 0x42, 0x40, 0x3a,
  0x20, 0x42, 0x40, 0x3a, 0x20, 0x42, 0x20, 0x3a, 0xe0, 0x39, 0xe0, 0x31,
  0xe0, 0x39, 0xe0, 0x31, 0xc0, 0x31, 0xc0, 0x29, 0xa0, 0x31, 0xa0, 0x29,
  0x80, 0x31, 0x80, 0x29, 0x40, 0x29, 0x40, 0x21, 0x20, 0x21, 0x40, 0x21,
  0x00, 0x21, 0x20, 0x19, 0x00, 0x21, 0x20, 0x19, 0x20, 0x21, 0x40, 0x21,
  0x40, 0x21, 0x60, 0x21, 0x80, 0x29, 0xa0, 0x29, 0xa0, 0x29, 0xe0, 0x29,
  0xc0, 0x31, 0x00, 0x32, 0x00, 0x32, 0x00, 0x32, 0x00, 0x32, 0x20, 0x32,
  0x20, 0x3a, 0x40, 0x32, 0x40, 0x3a, 0x40, 0x32, 0x00, 0x3a, 0x20, 0x32,
  0x00, 0x32, 0x00, 0x2a, 0xc0, 0x31, 0xc0, 0x29, 0xa0, 0x29, 0xc0, 0x29,
  0xa0, 0x31, 0xc0, 0x29, 0xa0, 0x31, 0xa0, 0x29, 0x80, 0x29, 0xa0, 0x29,
  0xa0, 0x31, 0xa0, 0x29, 0xa0, 0x31, 0xc0, 0x29, 0xa0, 0x31, 0xc0, 0x31,
  0xc0, 0x39, 0xe0, 0x31, 0x00, 0x3a, 0x40, 0x3a, 0x40, 0x4a, 0x81, 0x42,
  0x80, 0x4a, 0xa0, 0x4a, 0x80, 0x52, 0xa0, 0x4a, 0x80, 0x52, 0xa0, 0x4a,
  0xa0, 0x52, 0xc0, 0x4a, 0xc0, 0x52, 0xc0, 0x52, 0xc0, 0x52, 0xe0, 0x52,
  0xc0, 0x52, 0xc0, 0x52, 0xa0, 0x52, 0xa0, 0x4a, 0x80, 0x4a, 0x80, 0x42,
  0x60, 0x4a, 0x80, 0x42, 0x60, 0x42, 0x60, 0x42, 0x40, 0x42, 0x20, 0x3a,
  0x00, 0x3a, 0x00, 0x32, 0xc0, 0x31, 0xc0, 0x29, 0xa0, 0x29, 0xa0, 0x29,
  0x80, 0x29, 0x80, 0x21, 0x60, 0x29, 0x40, 0x21, 0x20, 0x21, 0x20, 0x19,
  0xe0, 0x18, 0x00, 0x19, 0xe0, 0x18, 0x00, 0x19, 0xe0, 0x18, 0xe0, 0x10,
  0xc0, 0x10, 0xc0, 0x08, 0xa0, 0x10, 0xc0, 0x08, 0xa0, 0x10, 0xa0, 0x08,
  0x80, 0x10, 0xa0, 0x08, 0x80, 0x10, 0x80, 0x08, 0x80, 0x08, 0x80, 0x08,
  0x60, 0x08, 0x80, 0x00, 0x60, 0x08, 0x80, 0x00, 0x60, 0x08, 0x80, 0x00,
  0x60, 0x08, 0x80, 0x08, 0x80, 0x08, 0x80, 0x08, 0x80, 0x08, 0x80, 0x08,
  0x80, 0x08, 0xc0, 0x08, 0x00, 0x19, 0x61, 0x21, 0xa0, 0x29, 0xe0, 0x29,
  0x00, 0x3a, 0x40, 0x3a, 0x60, 0x42, 0x81, 0x42, 0x80, 0x4a, 0xc0, 0x4a,
  0xc0, 0x52, 0x01, 0x53, 0x21, 0x5b, 0x42, 0x5b, 0x21, 0x63, 0x62, 0x5b,
  0x62, 0x63, 0x83, 0x63, 0x62, 0x63, 0x83, 0x63, 0x62, 0x63, 0x62, 0x5b,
  0x41, 0x63, 0x42, 0x5b, 0x21, 0x5b, 0x22, 0x5b, 0xa0, 0x21, 0xa0, 0x29,
  0xa1, 0x21, 0x60, 0x21, 0x60, 0x21, 0x60, 0x21, 0x61, 0x19, 0x40, 0x21,
  0x20, 0x19, 0x00, 0x21, 0x20, 0x19, 0x00, 0x19, 0x20, 0x11, 0x00, 0x19,
  0x00, 0x19, 0x00, 0x21, 0x20, 0x19, 0x00, 0x21, 0x20, 0x19, 0x20, 0x21,
  0x41, 0x19, 0x20, 0x21, 0x41, 0x21, 0x40, 0x21, 0x60, 0x21, 0x60, 0x29,
  0xa0, 0x29, 0xa0, 0x31, 0xc0, 0x29, 0xa0, 0x31, 0xe0, 0x29, 0xe0, 0x31,
  0x01, 0x32, 0xe0, 0x39, 0x00, 0x32, 0x00, 0x3a, 0x20, 0x32, 0x00, 0x3a,
  0x20, 0x3a, 0x00, 0x3a, 0x21, 0x3a, 0x00, 0x3a, 0x01, 0x32, 0xe0, 0x39,
  0xe0, 0x31, 0xc0, 0x31, 0xc0, 0x29, 0xa0, 0x31, 0xa1, 0x29, 0x80, 0x29,
  0x81, 0x29, 0x60, 0x29, 0x81, 0x29, 0x60, 0x29, 0x61, 0x21, 0x40, 0x21,
  0x41, 0x21, 0x00, 0x21, 0x00, 0x19, 0x00, 0x21, 0x01, 0x19, 0x00, 0x21,
  0x00, 0x19, 0x00, 0x21, 0x40, 0x19, 0x40, 0x21, 0x81, 0x21, 0x60, 0x21,
  0x81, 0x21, 0x80, 0x29, 0xa0, 0x21, 0xa0, 0x29, 0xe0, 0x29, 0xe0, 0x31,
  0x00, 0x2a, 0xe0, 0x31, 0x00, 0x32, 0x00, 0x3a, 0x20, 0x32, 0x00, 0x3a,
  0x21, 0x32, 0x00, 0x32, 0x01, 0x32, 0xc0, 0x31, 0xc1, 0x29, 0xa0, 0x29,
  0x80, 0x21, 0x60, 0x29, 0x80, 0x21, 0x60, 0x29, 0x80, 0x21, 0x60, 0x29,
  0x80, 0x21, 0x60, 0x29, 0x80, 0x21, 0x80, 0x29, 0xa0, 0x29, 0xa0, 0x31,
  0xe0, 0x29, 0xe0, 0x39, 0x00, 0x32, 0x20, 0x3a, 0x40, 0x3a, 0x40, 0x42,
  0x61, 0x42, 0x60, 0x4a, 0x81, 0x42, 0x80, 0x4a, 0xa0, 0x4a, 0x80, 0x4a,
  0xc0, 0x4a, 0xa0, 0x52, 0xa1, 0x4a, 0x80, 0x4a, 0xa1, 0x4a, 0x80, 0x4a,
  0xa1, 0x4a, 0x80, 0x4a, 0x80, 0x4a, 0x80, 0x4a, 0x81, 0x42, 0x80, 0x4a,
  0x81, 0x42, 0x60, 0x42, 0x61, 0x3a, 0x40, 0x42, 0x40, 0x3a, 0x20, 0x3a,
  0x01, 0x32, 0xe0, 0x31, 0xe1, 0x31, 0xc0, 0x31, 0xc1, 0x29, 0xa0, 0x31,
  0xc1, 0x29, 0xc0, 0x31, 0xc0, 0x29, 0xa0, 0x31, 0xa1, 0x29, 0x80, 0x29,
  0x80, 0x21, 0x60, 0x29, 0x80, 0x21, 0x60, 0x29, 0x80, 0x21, 0x60, 0x29,
  0x81, 0x21, 0x60, 0x29, 0x41, 0x19, 0x00, 0x21, 0x00, 0x19, 0x00, 0x19,
  0x01, 0x19, 0xe0, 0x18, 0xe1, 0x18, 0xc0, 0x18, 0xc1, 0x10, 0xa0, 0x10,
  0xa1, 0x08, 0x80, 0x08, 0x81, 0x00, 0x80, 0x08, 0x81, 0x08, 0x80, 0x08,
  0xa0, 0x08, 0xa0, 0x08, 0xa1, 0x08, 0xa0, 0x10, 0xc0, 0x08, 0xa0, 0x10,
  0xc0, 0x08, 0xa0, 0x10, 0xe0, 0x10, 0x00, 0x19, 0x80, 0x21, 0xa0, 0x29,
  0xe0, 0x29, 0x00, 0x32, 0x40, 0x3a, 0x60, 0x42, 0x80, 0x42, 0x80, 0x4a,
  0xc1, 0x4a, 0xc0, 0x52, 0x01, 0x53, 0x01, 0x5b, 0x22, 0x53, 0x22, 0x5b,
  0x63, 0x5b, 0x42, 0x63, 0x83, 0x5b, 0x63, 0x63, 0x63, 0x5b, 0x42, 0x63,
  0x43, 0x5b, 0x22, 0x5b, 0x42, 0x5b, 0x22, 0x5b, 0x22, 0x53, 0x02, 0x5b,
  0xc0, 0x29, 0xc0, 0x29, 0xa0, 0x29, 0xa0, 0x21, 0x80, 0x29, 0xa0, 0x21,
  0x80, 0x29, 0x60, 0x21, 0x60, 0x21, 0x60, 0x21, 0x60, 0x21, 0x60, 0x19,
  0x40, 0x21, 0x60, 0x21, 0x60, 0x29, 0x60, 0x21, 0x60, 0x29, 0x60, 0x21,
  0x60, 0x29, 0x80, 0x21, 0x60, 0x29, 0x60, 0x21, 0x60, 0x29, 0x60, 0x21,
  0x60, 0x29, 0xa0, 0x29, 0xa0, 0x31, 0xc0, 0x29, 0xc0, 0x31, 0xe0, 0x31,
  0xc0, 0x31, 0xe0, 0x31, 0xe0, 0x31, 0xe0, 0x31, 0xe0, 0x39, 0x00, 0x32,
  0xe0, 0x39, 0x00, 0x32, 0xe0, 0x39, 0x00, 0x32, 0xe0, 0x39, 0xe0, 0x31,
  0xe0, 0x39, 0xe0, 0x31, 0xe0, 0x39, 0xe0, 0x31, 0xc0, 0x39, 0xc0, 0x31,
  0xa0, 0x31, 0xa0, 0x29, 0xa0, 0x31, 0xa0, 0x29, 0xa0, 0x31, 0xa0, 0x29,
  0x60, 0x29, 0x60, 0x29, 0x60, 0x29, 0x60, 0x21, 0x40, 0x29, 0x40, 0x21,
  0x00, 0x21, 0x00, 0x19, 0x00, 0x21, 0x20, 0x19, 0x00, 0x19, 0x40, 0x19,
  0x60, 0x21, 0x80, 0x21, 0x80, 0x29, 0xa1, 0x21, 0x80, 0x29, 0xc1, 0x29,
  0xc0, 0x29, 0xe0, 0x29, 0xc0, 0x31, 0xe0, 0x29, 0xe0, 0x31, 0xe0, 0x31,
  0xe0, 0x31, 0x00, 0x32, 0xe0, 0x31, 0xe0, 0x31, 0xc0, 0x31, 0xc0, 0x29,
  0xa0, 0x29, 0xa0, 0x29, 0xa0, 0x29, 0xa0, 0x29, 0xa0, 0x31, 0xc0, 0x29,
  0xa0, 0x31, 0xa0, 0x29, 0xa0, 0x31, 0xc0, 0x29, 0xa0, 0x31, 0xc0, 0x29,
  0xc0, 0x31, 0xe0, 0x31, 0xe0, 0x39, 0x20, 0x3a, 0x20, 0x3a, 0x41, 0x3a,
  0x40, 0x42, 0x40, 0x3a, 0x40, 0x42, 0x40, 0x3a, 0x40, 0x42, 0x60, 0x42,
  0x60, 0x4a, 0x80, 0x42, 0x60, 0x4a, 0x60, 0x42, 0x60, 0x4a, 0x60, 0x42,
  0x40, 0x42, 0x60, 0x42, 0x40, 0x42, 0x60, 0x42, 0x40, 0x42, 0x60, 0x42,
  0x40, 0x42, 0x60, 0x42, 0x40, 0x42, 0x60, 0x42, 0x20, 0x42, 0x40, 0x3a,
  0x20, 0x3a, 0x20, 0x32, 0xe0, 0x39, 0x21, 0x3a, 0x20, 0x42, 0x40, 0x3a,
  0x20, 0x3a, 0x40, 0x3a, 0x00, 0x3a, 0x20, 0x32, 0xe0, 0x39, 0x00, 0x32,
  0xe0, 0x39, 0xe0, 0x31, 0xe0, 0x39, 0x00, 0x32, 0xe0, 0x39, 0x00, 0x32,
  0xe0, 0x39, 0xc0, 0x29, 0xa0, 0x31, 0x80, 0x29, 0x60, 0x29, 0x60, 0x21,
  0x60, 0x29, 0x60, 0x21, 0x20, 0x21, 0x20, 0x19, 0x00, 0x19, 0xe0, 0x10,
  0xe0, 0x18, 0xe0, 0x10, 0xc0, 0x10, 0xc0, 0x08, 0xa0, 0x10, 0xa0, 0x08,
  0xa0, 0x10, 0xc0, 0x08, 0xa0, 0x10, 0xa0, 0x08, 0xa0, 0x10, 0xc0, 0x08,
  0xa0, 0x10, 0xc0, 0x08, 0xa0, 0x10, 0xc0, 0x08, 0xc0, 0x10, 0x01, 0x19,
  0x40, 0x21, 0xa1, 0x21, 0xc0, 0x31, 0x01, 0x32, 0x20, 0x3a, 0x40, 0x3a,
  0x60, 0x42, 0x80, 0x42, 0x80, 0x4a, 0xc1, 0x4a, 0xc0, 0x52, 0xe1, 0x52,
  0xe1, 0x5a, 0x22, 0x53, 0x22, 0x5b, 0x43, 0x5b, 0x42, 0x63, 0x63, 0x5b,
  0x43, 0x63, 0x63, 0x5b, 0x42, 0x63, 0x43, 0x5b, 0x21, 0x5b, 0x42, 0x5b,
  0x21, 0x5b, 0x21, 0x53, 0x81, 0x21, 0x60, 0x21, 0x80, 0x21, 0x80, 0x29,
  0xa1, 0x21, 0x80, 0x29, 0xa1, 0x21, 0x60, 0x21, 0x60, 0x21, 0x60, 0x21,
  0x61, 0x19, 0x40, 0x21, 0x60, 0x19, 0x40, 0x21, 0x61, 0x21, 0x40, 0x21,
  0x60, 0x21, 0x40, 0x21, 0x60, 0x21, 0x40, 0x21, 0x60, 0x21, 0x40, 0x21,
  0x60, 0x21, 0x60, 0x21, 0x61, 0x21, 0x60, 0x29, 0xa0, 0x29, 0xa0, 0x29,
  0xc0, 0x29, 0xa0, 0x31, 0xc0, 0x29, 0xc0, 0x31, 0xe0, 0x29, 0xc0, 0x31,
  0xe0, 0x29, 0xc0, 0x31, 0xe1, 0x31, 0xe0, 0x31, 0xe0, 0x31, 0xe0, 0x31,
  0xe0, 0x31, 0xe0, 0x39, 0x21, 0x3a, 0x20, 0x3a, 0x21, 0x3a, 0x20, 0x42,
  0x21, 0x3a, 0x00, 0x42, 0x01, 0x3a, 0x00, 0x3a, 0x01, 0x3a, 0x01, 0x3a,
  0x01, 0x32, 0xe0, 0x39, 0x01, 0x32, 0xc0, 0x31, 0xc1, 0x29, 0xa0, 0x29,
  0x81, 0x21, 0x60, 0x29, 0x41, 0x19, 0x00, 0x21, 0x20, 0x19, 0x20, 0x21,
  0x41, 0x19, 0x40, 0x21, 0x80, 0x21, 0x80, 0x29, 0x80, 0x21, 0x60, 0x29,
  0x80, 0x21, 0x80, 0x29, 0xa0, 0x21, 0xa0, 0x29, 0xc0, 0x29, 0xc0, 0x31,
  0xe1, 0x29, 0xe0, 0x31, 0x00, 0x32, 0xe0, 0x31, 0xe1, 0x31, 0xe0, 0x31,
  0xe1, 0x29, 0xc0, 0x31, 0xe0, 0x29, 0xc0, 0x31, 0xe1, 0x29, 0xc0, 0x31,
  0xc1, 0x29, 0xa0, 0x29, 0xa1, 0x29, 0x60, 0x29, 0x80, 0x21, 0x80, 0x29,
  0xa0, 0x21, 0xa0, 0x29, 0xa0, 0x29, 0xa0, 0x31, 0xe0, 0x29, 0xe0, 0x31,
  0x01, 0x32, 0xe0, 0x39, 0x01, 0x32, 0xe0, 0x39, 0x20, 0x32, 0x00, 0x3a,
  0x20, 0x32, 0x00, 0x3a, 0x40, 0x3a, 0x20, 0x3a, 0x41, 0x3a, 0x20, 0x3a,
  0x21, 0x3a, 0x00, 0x3a, 0x21, 0x3a, 0x00, 0x3a, 0x20, 0x32, 0x00, 0x3a,
  0x21, 0x32, 0x20, 0x3a, 0x21, 0x3a, 0x20, 0x3a, 0x21, 0x3a, 0x20, 0x3a,
  0x21, 0x32, 0x00, 0x3a, 0x21, 0x3a, 0x00, 0x3a, 0x00, 0x32, 0x00, 0x3a,
  0x40, 0x3a, 0x40, 0x42, 0x41, 0x3a, 0x00, 0x3a, 0x20, 0x32, 0x00, 0x3a,
  0x20, 0x32, 0x00, 0x3a, 0x00, 0x32, 0xe0, 0x39, 0x20, 0x3a, 0x20, 0x42,
  0x21, 0x3a, 0x00, 0x3a, 0xe1, 0x31, 0xa0, 0x31, 0x81, 0x21, 0x60, 0x29,
  0x61, 0x21, 0x40, 0x21, 0x61, 0x21, 0x40, 0x21, 0x40, 0x19, 0x00, 0x19,
  0x00, 0x11, 0xe0, 0x18, 0xc1, 0x10, 0xa0, 0x10, 0xc1, 0x08, 0xa0, 0x10,
  0x81, 0x08, 0x80, 0x08, 0x81, 0x08, 0x80, 0x08, 0x80, 0x08, 0x80, 0x08,
  0x81, 0x08, 0x80, 0x08, 0xa0, 0x08, 0x80, 0x08, 0xa0, 0x08, 0xa0, 0x10,
  0xc0, 0x08, 0xe0, 0x18, 0x60, 0x19, 0x80, 0x29, 0xe0, 0x29, 0x00, 0x3a,
  0x40, 0x3a, 0x40, 0x42, 0x81, 0x42, 0x80, 0x4a, 0xa1, 0x42, 0xc1, 0x4a,
  0xe1, 0x4a, 0xe1, 0x52, 0x02, 0x53, 0x02, 0x5b, 0x23, 0x53, 0x22, 0x5b,
  0x64, 0x5b, 0x43, 0x63, 0x64, 0x5b, 0x43, 0x63, 0x43, 0x5b, 0x23, 0x5b,
  0x23, 0x5b, 0x02, 0x5b, 0x03, 0x53, 0x02, 0x5b, 0x80, 0x29, 0xa0, 0x21,
  0x80, 0x29, 0xa0, 0x29, 0x80, 0x29, 0x80, 0x21, 0x60, 0x29, 0x60, 0x21,
  0x60, 0x21, 0x60, 0x19, 0x40, 0x21, 0x60, 0x19, 0x40, 0x21, 0x60, 0x19,
  0x40, 0x21, 0x60, 0x21, 0x40, 0x21, 0x60, 0x21, 0x40, 0x21, 0x60, 0x21,
  0x40, 0x21, 0x60, 0x21, 0x40, 0x21, 0x60, 0x21, 0x40, 0x21, 0x40, 0x21,
  0x60, 0x29, 0xa0, 0x29, 0xa0, 0x29, 0xc0, 0x29, 0xa0, 0x31, 0xe0, 0x31,
  0xc0, 0x31, 0xe0, 0x31, 0xc0, 0x31, 0xe0, 0x31, 0xe0, 0x39, 0x00, 0x32,
  0x00, 0x3a, 0x40, 0x3a, 0x40, 0x42, 0x80, 0x42, 0x80, 0x4a, 0x80, 0x42,
  0x60, 0x4a, 0x80, 0x42, 0x40, 0x42, 0x40, 0x3a, 0x40, 0x42, 0x41, 0x42,
  0x40, 0x42, 0x41, 0x3a, 0x20, 0x3a, 0x20, 0x3a, 0x00, 0x3a, 0x00, 0x32,
  0xe0, 0x39, 0xe0, 0x31, 0xa0, 0x31, 0xa0, 0x29, 0x60, 0x29, 0x60, 0x21,
  0x40, 0x21, 0x61, 0x21, 0x60, 0x29, 0x80, 0x21, 0x80, 0x29, 0xa0, 0x21,
  0x80, 0x29, 0xa0, 0x29, 0xa0, 0x29, 0xc0, 0x29, 0xe0, 0x31, 0x00, 0x32,
  0xe0, 0x31, 0xe0, 0x31, 0xe0, 0x31, 0xe0, 0x31, 0xc0, 0x31, 0xe0, 0x31,
  0xc0, 0x29, 0xc0, 0x29, 0xa0, 0x31, 0xc0, 0x29, 0xa0, 0x31, 0xc0, 0x29,
  0xa0, 0x31, 0xa0, 0x29, 0x80, 0x29, 0xa0, 0x29, 0x80, 0x29, 0xa0, 0x29,
  0x80, 0x29, 0xa0, 0x21, 0xa0, 0x29, 0xa0, 0x21, 0xa0, 0x29, 0xc0, 0x29,
  0xa0, 0x31, 0xc0, 0x29, 0xc0, 0x31, 0xe0, 0x29, 0xc0, 0x31, 0xe0, 0x31,
  0xe0, 0x31, 0x00, 0x32, 0xe0, 0x39, 0x00, 0x32, 0x00, 0x3a, 0x20, 0x3a,
  0x20, 0x42, 0x20, 0x3a, 0x00, 0x3a, 0x00, 0x32, 0xe0, 0x39, 0x00, 0x32,
  0xe0, 0x39, 0x00, 0x32, 0x00, 0x3a, 0x40, 0x3a, 0x20, 0x42, 0x40, 0x3a,
  0x20, 0x3a, 0x20, 0x3a, 0x00, 0x3a, 0x20, 0x32, 0x20, 0x42, 0x40, 0x3a,
  0x40, 0x42, 0x40, 0x3a, 0x20, 0x42, 0x20, 0x3a, 0x00, 0x3a, 0x20, 0x3a,
  0x00, 0x3a, 0x20, 0x3a, 0x20, 0x42, 0x20, 0x3a, 0x00, 0x3a, 0x20, 0x3a,
  0x00, 0x42, 0x20, 0x3a, 0xe0, 0x39, 0xe0, 0x31, 0xa0, 0x31, 0x80, 0x29,
  0x40, 0x29, 0x40, 0x21, 0x00, 0x21, 0x20, 0x19, 0x00, 0x21, 0x20, 0x19,
  0x20, 0x19, 0x40, 0x19, 0x20, 0x21, 0x40, 0x19, 0x00, 0x21, 0xe0, 0x10,
  0xc0, 0x10, 0xc0, 0x08, 0xa0, 0x10, 0xc0, 0x08, 0xa0, 0x10, 0xc0, 0x08,
  0xa0, 0x10, 0xc0, 0x08, 0xa0, 0x10, 0xc0, 0x10, 0xc0, 0x10, 0xe1, 0x10,
  0xe0, 0x18, 0x00, 0x11, 0x00, 0x19, 0x41, 0x19, 0x60, 0x29, 0xc1, 0x29,
  0xe0, 0x39, 0x41, 0x3a, 0x60, 0x4a, 0x81, 0x4a, 0xa0, 0x4a, 0xc1, 0x4a,
  0xc1, 0x52, 0xe2, 0x52, 0xe1, 0x5a, 0x22, 0x5b, 0x22, 0x63, 0x43, 0x5b,
  0x43, 0x63, 0x63, 0x63, 0x63, 0x63, 0x63, 0x63, 0x63, 0x6b, 0x64, 0x63,
  0x43, 0x63, 0x44, 0x5b, 0x23, 0x63, 0x23, 0x5b, 0x22, 0x5b, 0x23, 0x5b,
  0x61, 0x19, 0x60, 0x21, 0x61, 0x19, 0x40, 0x21, 0x61, 0x19, 0x40, 0x21,
  0x21, 0x19, 0x00, 0x19, 0x01, 0x11, 0xe0, 0x18, 0x00, 0x11, 0xe0, 0x18,
  0x00, 0x11, 0x00, 0x19, 0x20, 0x19, 0x20, 0x19, 0x40, 0x19, 0x20, 0x21,
  0x40, 0x19, 0x40, 0x21, 0x41, 0x19, 0x20, 0x21, 0x61, 0x21, 0x40, 0x21,
  0x80, 0x21, 0x80, 0x29, 0xa0, 0x29, 0xc0, 0x31, 0xc0, 0x29, 0xa0, 0x31,
  0xe0, 0x29, 0xc0, 0x31, 0xc0, 0x29, 0xc0, 0x31, 0xe0, 0x29, 0xc0, 0x31,
  0xe0, 0x31, 0xe0, 0x31, 0x00, 0x32, 0x20, 0x3a, 0x40, 0x3a, 0x40, 0x42,
  0x41, 0x3a, 0x40, 0x42, 0x41, 0x3a, 0x40, 0x42, 0x41, 0x3a, 0x20, 0x3a,
  0x20, 0x3a, 0x20, 0x42, 0x41, 0x3a, 0x20, 0x3a, 0x21, 0x3a, 0x00, 0x3a,
  0x01, 0x32, 0xe0, 0x31, 0xe1, 0x31, 0xa0, 0x31, 0xa1, 0x29, 0x80, 0x29,
  0x61, 0x21, 0x40, 0x21, 0x41, 0x19, 0x40, 0x21, 0x60, 0x21, 0x60, 0x29,
  0xa0, 0x21, 0xa0, 0x29, 0xc0, 0x29, 0xc0, 0x31, 0xc0, 0x29, 0xc0, 0x29,
  0xe0, 0x29, 0xc0, 0x29, 0xc1, 0x29, 0xa0, 0x29, 0xc1, 0x21, 0xa0, 0x29,
  0xa1, 0x21, 0xa0, 0x29, 0xa0, 0x21, 0xa0, 0x29, 0xc1, 0x21, 0xa0, 0x29,
  0xa1, 0x21, 0x80, 0x29, 0xa1, 0x21, 0x80, 0x29, 0xa1, 0x21, 0x80, 0x21,
  0x81, 0x21, 0x60, 0x21, 0x60, 0x21, 0x60, 0x21, 0x80, 0x21, 0x80, 0x21,
  0x80, 0x21, 0x80, 0x29, 0xa0, 0x29, 0xa0, 0x29, 0xc0, 0x29, 0xa0, 0x29,
  0xc1, 0x29, 0xa0, 0x31, 0xc0, 0x29, 0xa0, 0x31, 0xe1, 0x31, 0xe0, 0x31,
  0xe0, 0x31, 0xe0, 0x31, 0x01, 0x32, 0xe0, 0x39, 0xe1, 0x31, 0xe0, 0x31,
  0xe0, 0x31, 0xe0, 0x31, 0xe1, 0x31, 0xe0, 0x31, 0x20, 0x32, 0x20, 0x3a,
  0x20, 0x32, 0x00, 0x3a, 0x20, 0x32, 0x00, 0x3a, 0x20, 0x32, 0x20, 0x3a,
  0x40, 0x3a, 0x40, 0x42, 0x61, 0x3a, 0x40, 0x42, 0x21, 0x3a, 0x00, 0x3a,
  0xe1, 0x31, 0xe0, 0x39, 0xe1, 0x31, 0xe0, 0x39, 0xe0, 0x31, 0xe0, 0x39,
  0x01, 0x32, 0xe0, 0x39, 0x01, 0x3a, 0xe0, 0x39, 0x01, 0x32, 0xe0, 0x39,
  0xc1, 0x29, 0xa0, 0x31, 0x81, 0x29, 0x60, 0x29, 0x40, 0x21, 0x20, 0x21,
  0x40, 0x19, 0x40, 0x21, 0x61, 0x21, 0x60, 0x29, 0x60, 0x21, 0x60, 0x21,
  0x41, 0x19, 0x00, 0x19, 0xe1, 0x10, 0xc0, 0x10, 0xc1, 0x10, 0xc0, 0x10,
  0xe1, 0x10, 0xc0, 0x18, 0xc1, 0x10, 0xc0, 0x10, 0xc0, 0x08, 0xa0, 0x10,
  0xe0, 0x10, 0xe0, 0x18, 0x21, 0x11, 0x00, 0x19, 0x20, 0x11, 0x40, 0x21,
  0xa0, 0x29, 0xc0, 0x31, 0x20, 0x32, 0x20, 0x3a, 0x60, 0x3a, 0x80, 0x4a,
  0xa1, 0x42, 0xa0, 0x4a, 0xc1, 0x4a, 0xc1, 0x52, 0xe2, 0x52, 0xe1, 0x5a,
  0x23, 0x5b, 0x22, 0x63, 0x43, 0x5b, 0x43, 0x63, 0x63, 0x5b, 0x63, 0x63,
  0x64, 0x63, 0x43, 0x63, 0x63, 0x5b, 0x43, 0x63, 0x43, 0x5b, 0x22, 0x5b,
  0x43, 0x5b, 0x22, 0x5b, 0xe0, 0x18, 0x00, 0x19, 0x00, 0x19, 0x00, 0x11,
  0x00, 0x19, 0x00, 0x11, 0x00, 0x19, 0x00, 0x11, 0x00, 0x19, 0x20, 0x19,
  0x00, 0x19, 0x00, 0x11, 0x00, 0x19, 0x40, 0x19, 0x40, 0x21, 0x60, 0x19,
  0x60, 0x29, 0x60, 0x21, 0x60, 0x29, 0x80, 0x21, 0x60, 0x29, 0x80, 0x21,
  0x80, 0x29, 0x80, 0x21, 0x80, 0x29, 0xa0, 0x29, 0xa0, 0x31, 0xc0, 0x29,
  0xa0, 0x31, 0xc0, 0x29, 0xa0, 0x31, 0xc0, 0x29, 0xa0, 0x31, 0xc0, 0x29,
  0xc0, 0x31, 0xc0, 0x31, 0xa0, 0x31, 0xe0, 0x31, 0xe0, 0x31, 0x00, 0x32,
  0x00, 0x3a, 0x40, 0x3a, 0x40, 0x42, 0x81, 0x42, 0x60, 0x4a, 0x60, 0x42,
  0x20, 0x42, 0x40, 0x3a, 0x20, 0x42, 0x20, 0x3a, 0x00, 0x3a, 0x21, 0x3a,
  0x01, 0x3a, 0x01, 0x32, 0xe0, 0x39, 0xe1, 0x31, 0xc1, 0x31, 0xc1, 0x29,
  0x80, 0x31, 0x81, 0x29, 0x60, 0x29, 0x81, 0x21, 0x60, 0x29, 0x61, 0x21,
  0x40, 0x21, 0x60, 0x21, 0x80, 0x29, 0xa0, 0x29, 0xa0, 0x29, 0xa0, 0x29,
  0xa0, 0x29, 0xa0, 0x21, 0x80, 0x29, 0x80, 0x21, 0x60, 0x21, 0x60, 0x21,
  0x60, 0x21, 0x81, 0x21, 0x60, 0x29, 0x80, 0x21, 0x80, 0x29, 0xa0, 0x21,
  0xa0, 0x29, 0xa0, 0x29, 0xa0, 0x29, 0xa0, 0x21, 0xa0, 0x29, 0xa0, 0x21,
  0x80, 0x29, 0x80, 0x21, 0x60, 0x21, 0x60, 0x21, 0x60, 0x29, 0x60, 0x21,
  0x60, 0x29, 0x80, 0x21, 0x80, 0x29, 0x80, 0x21, 0x80, 0x29, 0x80, 0x21,
  0x80, 0x29, 0x80, 0x29, 0x80, 0x29, 0xa0, 0x29, 0xa0, 0x31, 0xa0, 0x29,
  0xa0, 0x31, 0xc0, 0x29, 0xc0, 0x31, 0xe0, 0x31, 0xe0, 0x31, 0xe0, 0x31,
  0xe0, 0x39, 0x00, 0x32, 0xe0, 0x39, 0xe0, 0x31, 0xe0, 0x39, 0xe0, 0x31,
  0xe0, 0x39, 0x00, 0x32, 0x00, 0x3a, 0x00, 0x32, 0x00, 0x3a, 0x20, 0x32,
  0x20, 0x3a, 0x40, 0x3a, 0x20, 0x42, 0x40, 0x3a, 0x20, 0x42, 0x20, 0x3a,
  0x20, 0x42, 0x20, 0x3a, 0xe0, 0x39, 0xe0, 0x31, 0xc0, 0x31, 0xe0, 0x31,
  0xc0, 0x31, 0xe1, 0x31, 0x00, 0x3a, 0x20, 0x3a, 0x20, 0x42, 0x40, 0x42,
  0x40, 0x42, 0x40, 0x3a, 0xe0, 0x39, 0xe0, 0x31, 0xc0, 0x31, 0xa0, 0x29,
  0x60, 0x29, 0x60, 0x21, 0x40, 0x21, 0x60, 0x21, 0x40, 0x21, 0x40, 0x21,
  0x20, 0x21, 0x20, 0x19, 0x00, 0x19, 0xe0, 0x10, 0xc0, 0x18, 0xc0, 0x10,
  0xa0, 0x10, 0xc0, 0x10, 0xc0, 0x18, 0xc0, 0x10, 0xc0, 0x10, 0xc0, 0x08,
  0xa0, 0x10, 0xc0, 0x08, 0xc0, 0x10, 0xe0, 0x10, 0xe0, 0x18, 0x00, 0x11,
  0x00, 0x19, 0x40, 0x19, 0x80, 0x29, 0xe1, 0x29, 0x00, 0x3a, 0x40, 0x3a,
  0x40, 0x42, 0x80, 0x42, 0x80, 0x4a, 0xa0, 0x42, 0xa0, 0x4a, 0xc0, 0x4a,
  0xc0, 0x52, 0x01, 0x53, 0x00, 0x5b, 0x21, 0x53, 0x21, 0x5b, 0x42, 0x5b,
  0x22, 0x5b, 0x22, 0x5b, 0x22, 0x5b, 0x23, 0x5b, 0x22, 0x5b, 0x22, 0x5b,
  0x22, 0x5b, 0x22, 0x53, 0x01, 0x5b, 0x22, 0x53, 0xe1, 0x10, 0xe0, 0x18,
  0x00, 0x19, 0xe0, 0x18, 0x00, 0x11, 0xe0, 0x18, 0x00, 0x11, 0xe0, 0x18,
  0x00, 0x11, 0x00, 0x19, 0x00, 0x19, 0x00, 0x19, 0x20, 0x19, 0x20, 0x21,
  0x60, 0x21, 0x60, 0x21, 0x60, 0x21, 0x60, 0x29, 0x80, 0x21, 0x80, 0x29,
  0x80, 0x21, 0x60, 0x29, 0x80, 0x21, 0x80, 0x29, 0x81, 0x29, 0x80, 0x29,
  0xa0, 0x29, 0xa0, 0x29, 0xa0, 0x29, 0xa0, 0x31, 0xa0, 0x29, 0x80, 0x29,
  0xa0, 0x29, 0xa0, 0x31, 0xe0, 0x29, 0xc0, 0x31, 0xe0, 0x31, 0xe0, 0x31,
  0x00, 0x32, 0x00, 0x3a, 0x40, 0x3a, 0x40, 0x42, 0x61, 0x3a, 0x40, 0x42,
  0x61, 0x42, 0x40, 0x42, 0x41, 0x3a, 0x20, 0x42, 0x41, 0x3a, 0x20, 0x3a,
  0x21, 0x3a, 0x00, 0x3a, 0x02, 0x3a, 0xe1, 0x39, 0x02, 0x32, 0xe1, 0x39,
  0xe2, 0x31, 0xc1, 0x31, 0xc2, 0x29, 0x81, 0x31, 0x82, 0x29, 0x61, 0x29,
  0x61, 0x21, 0x40, 0x21, 0x61, 0x21, 0x61, 0x29, 0x81, 0x21, 0x80, 0x29,
  0x81, 0x21, 0x80, 0x29, 0xa1, 0x29, 0x80, 0x29, 0x81, 0x21, 0x60, 0x29,
  0x61, 0x21, 0x60, 0x21, 0x61, 0x21, 0x60, 0x29, 0x81, 0x21, 0x60, 0x29,
  0x81, 0x21, 0x60, 0x29, 0xa1, 0x29, 0x80, 0x29, 0xa1, 0x21, 0x80, 0x29,
  0x81, 0x29, 0x60, 0x29, 0x81, 0x21, 0x60, 0x21, 0x61, 0x21, 0x40, 0x21,
  0x61, 0x21, 0x40, 0x21, 0x61, 0x21, 0x60, 0x21, 0x60, 0x21, 0x60, 0x29,
  0x80, 0x21, 0x60, 0x29, 0x80, 0x21, 0x80, 0x29, 0xa0, 0x29, 0xa0, 0x29,
  0xa0, 0x29, 0xa0, 0x29, 0xc0, 0x29, 0xa0, 0x31, 0xe0, 0x29, 0xc0, 0x31,
  0xe0, 0x29, 0xc0, 0x31, 0xe1, 0x31, 0xe0, 0x31, 0xe1, 0x31, 0xe0, 0x31,
  0xe1, 0x31, 0xe0, 0x31, 0xe0, 0x31, 0xe0, 0x39, 0x01, 0x32, 0x00, 0x3a,
  0x01, 0x32, 0xe0, 0x31, 0x00, 0x32, 0x00, 0x3a, 0x20, 0x3a, 0x00, 0x3a,
  0x20, 0x3a, 0x20, 0x42, 0x41, 0x3a, 0x00, 0x42, 0x01, 0x3a, 0xe0, 0x39,
  0xe1, 0x31, 0xc0, 0x31, 0xe0, 0x31, 0xe0, 0x39, 0x00, 0x3a, 0x00, 0x42,
  0x21, 0x3a, 0x20, 0x42, 0x21, 0x3a, 0x00, 0x3a, 0xe1, 0x31, 0xc0, 0x39,
  0xa1, 0x29, 0x80, 0x29, 0x61, 0x21, 0x20, 0x21, 0x21, 0x19, 0x00, 0x21,
  0x01, 0x19, 0xe0, 0x18, 0xc1, 0x10, 0xa0, 0x10, 0xa0, 0x08, 0x80, 0x10,
  0xa0, 0x08, 0x80, 0x10, 0x80, 0x08, 0x80, 0x10, 0xc1, 0x08, 0xa0, 0x10,
  0xa0, 0x08, 0xa0, 0x10, 0xa0, 0x08, 0xa0, 0x10, 0xc0, 0x08, 0xa0, 0x10,
  0xc0, 0x08, 0xc0, 0x10, 0x00, 0x11, 0x00, 0x19, 0x60, 0x21, 0x60, 0x29,
  0xa0, 0x29, 0xa0, 0x31, 0xe1, 0x29, 0xe0, 0x31, 0x01, 0x32, 0x00, 0x3a,
  0x21, 0x32, 0x00, 0x3a, 0x21, 0x32, 0x20, 0x3a, 0x42, 0x32, 0x41, 0x3a,
  0x62, 0x3a, 0x62, 0x42, 0x83, 0x3a, 0x62, 0x42, 0x83, 0x42, 0x82, 0x4a,
  0x82, 0x42, 0x82, 0x4a, 0xa2, 0x42, 0xa2, 0x4a, 0xc2, 0x4a, 0xc2, 0x52,
  0x00, 0x21, 0x20, 0x19, 0x20, 0x21, 0x40, 0x19, 0x20, 0x21, 0x40, 0x21,
  0x60, 0x21, 0x60, 0x19, 0x60, 0x29, 0x80, 0x21, 0x80, 0x29, 0x80, 0x21,
  0x80, 0x29, 0x80, 0x21, 0x80, 0x29, 0x80, 0x21, 0x80, 0x29, 0x80, 0x21,
  0x80, 0x29, 0xa0, 0x29, 0xa0, 0x29, 0xa0, 0x29, 0xa0, 0x29, 0xa0, 0x29,
  0xa0, 0x31, 0xa0, 0x29, 0xa0, 0x31, 0xa0, 0x29, 0xa0, 0x31, 0xa0, 0x29,
  0xa0, 0x31, 0xa0, 0x29, 0xa0, 0x31, 0xe0, 0x31, 0xe0, 0x31, 0xe0, 0x31,
  0xe0, 0x39, 0x00, 0x32, 0x20, 0x3a, 0x40, 0x3a, 0x20, 0x42, 0x40, 0x3a,
  0x40, 0x42, 0x60, 0x42, 0x40, 0x42, 0x40, 0x3a, 0x20, 0x42, 0x20, 0x3a,
  0x00, 0x3a, 0x21, 0x3a, 0xe0, 0x39, 0x01, 0x3a, 0xe1, 0x39, 0x02, 0x3a,
  0xe2, 0x39, 0x02, 0x32, 0xe2, 0x39, 0xc2, 0x31, 0xa2, 0x31, 0xa2, 0x29,
  0x81, 0x29, 0x81, 0x29, 0x60, 0x29, 0x61, 0x21, 0x60, 0x29, 0x81, 0x21,
  0x80, 0x29, 0xa1, 0x29, 0x80, 0x31, 0xa1, 0x29, 0x80, 0x29, 0xa1, 0x29,
  0x80, 0x29, 0x80, 0x21, 0x60, 0x29, 0x81, 0x21, 0x80, 0x29, 0x81, 0x29,
  0xa0, 0x31, 0xa1, 0x29, 0xa0, 0x31, 0xc1, 0x29, 0xa0, 0x31, 0xc1, 0x29,
  0xa0, 0x31, 0xc1, 0x29, 0xa1, 0x31, 0xa1, 0x29, 0x80, 0x31, 0x81, 0x29,
  0x60, 0x29, 0x81, 0x29, 0x80, 0x29, 0x81, 0x29, 0xa0, 0x31, 0xa1, 0x29,
  0xa0, 0x31, 0xc0, 0x29, 0xa0, 0x31, 0xc0, 0x29, 0xc0, 0x31, 0xc0, 0x29,
  0xc0, 0x31, 0xc0, 0x31, 0xc0, 0x31, 0xe0, 0x31, 0xe0, 0x39, 0x00, 0x32,
  0x20, 0x3a, 0x40, 0x3a, 0x40, 0x42, 0x60, 0x3a, 0x40, 0x42, 0x60, 0x3a,
  0x40, 0x42, 0x40, 0x3a, 0x20, 0x3a, 0x20, 0x3a, 0x20, 0x3a, 0x40, 0x3a,
  0x20, 0x3a, 0x40, 0x3a, 0x20, 0x3a, 0x20, 0x32, 0x00, 0x3a, 0x20, 0x3a,
  0x20, 0x42, 0x40, 0x3a, 0x40, 0x42, 0x60, 0x42, 0x40, 0x4a, 0x20, 0x3a,
  0x00, 0x42, 0x20, 0x3a, 0xe0, 0x39, 0x00, 0x3a, 0x00, 0x3a, 0x20, 0x3a,
  0x00, 0x3a, 0x20, 0x3a, 0x00, 0x3a, 0x20, 0x3a, 0x00, 0x42, 0x00, 0x3a,
  0xe0, 0x39, 0xe0, 0x31, 0xa0, 0x31, 0xa0, 0x29, 0x60, 0x29, 0x40, 0x21,
  0x20, 0x21, 0x20, 0x19, 0x00, 0x21, 0x00, 0x19, 0xc0, 0x18, 0xc0, 0x10,
  0xa0, 0x10, 0xa0, 0x10, 0xa0, 0x10, 0xa0, 0x10, 0x80, 0x10, 0xc0, 0x08,
  0xc0, 0x10, 0xc0, 0x10, 0xc0, 0x18, 0xc0, 0x10, 0xc0, 0x10, 0xc0, 0x10,
  0xc0, 0x10, 0xc0, 0x08, 0xc0, 0x10, 0xe1, 0x10, 0xe0, 0x18, 0x00, 0x11,
  0x00, 0x19, 0x21, 0x19, 0x00, 0x19, 0x21, 0x19, 0x21, 0x21, 0x41, 0x19,
  0x01, 0x19, 0x21, 0x19, 0x01, 0x19, 0x22, 0x19, 0x21, 0x19, 0x42, 0x19,
  0x61, 0x21, 0x82, 0x21, 0xa2, 0x29, 0xc2, 0x21, 0xc2, 0x29, 0xe2, 0x29,
  0xe2, 0x31, 0x03, 0x2a, 0xe2, 0x31, 0x03, 0x32, 0xe2, 0x31, 0x02, 0x32,
  0x02, 0x3a, 0x43, 0x32, 0x61, 0x19, 0x60, 0x21, 0x60, 0x21, 0x60, 0x21,
  0x61, 0x21, 0x40, 0x21, 0x60, 0x21, 0x60, 0x29, 0x61, 0x21, 0x60, 0x29,
  0x61, 0x21, 0x60, 0x29, 0x60, 0x21, 0x40, 0x21, 0x60, 0x21, 0x40, 0x21,
  0x61, 0x21, 0x40, 0x21, 0x60, 0x21, 0x60, 0x21, 0x60, 0x21, 0x60, 0x21,
  0x60, 0x21, 0x60, 0x29, 0x80, 0x21, 0x60, 0x29, 0x81, 0x21, 0x60, 0x29,
  0x80, 0x21, 0x60, 0x29, 0xa0, 0x29, 0x80, 0x29, 0xa0, 0x29, 0xa0, 0x31,
  0xc0, 0x29, 0xc0, 0x31, 0xe0, 0x29, 0xe0, 0x31, 0xe1, 0x31, 0xe0, 0x39,
  0xe0, 0x31, 0xe0, 0x39, 0x21, 0x32, 0x20, 0x3a, 0x21, 0x3a, 0x00, 0x3a,
  0x20, 0x32, 0x00, 0x3a, 0x01, 0x32, 0x00, 0x3a, 0x21, 0x32, 0x01, 0x3a,
  0x22, 0x3a, 0x02, 0x3a, 0x23, 0x3a, 0x02, 0x3a, 0x02, 0x32, 0xc1, 0x31,
  0xc3, 0x31, 0x82, 0x31, 0xa2, 0x29, 0x82, 0x31, 0xa2, 0x29, 0x82, 0x31,
  0xc2, 0x29, 0xa2, 0x31, 0xc2, 0x29, 0xc2, 0x31, 0xc2, 0x31, 0xc2, 0x31,
  0xe2, 0x31, 0xc2, 0x31, 0xe2, 0x31, 0xc2, 0x31, 0xe2, 0x31, 0xc2, 0x31,
  0xe2, 0x31, 0xc2, 0x39, 0x02, 0x32, 0xe2, 0x39, 0x02, 0x32, 0xe2, 0x39,
  0x02, 0x32, 0xe2, 0x39, 0xe2, 0x31, 0xc1, 0x31, 0xe2, 0x31, 0xa1, 0x31,
  0xa2, 0x29, 0x81, 0x31, 0x81, 0x29, 0x81, 0x29, 0x81, 0x29, 0x80, 0x29,
  0xa1, 0x29, 0xa0, 0x31, 0xc0, 0x31, 0xe0, 0x39, 0x00, 0x32, 0x00, 0x3a,
  0x20, 0x32, 0x00, 0x3a, 0x40, 0x3a, 0x20, 0x3a, 0x40, 0x3a, 0x60, 0x42,
  0x81, 0x42, 0x80, 0x4a, 0x80, 0x42, 0x80, 0x4a, 0xa1, 0x42, 0x80, 0x4a,
  0xa1, 0x42, 0x80, 0x4a, 0x81, 0x42, 0x60, 0x42, 0x61, 0x3a, 0x40, 0x3a,
  0x41, 0x3a, 0x40, 0x3a, 0x40, 0x3a, 0x20, 0x3a, 0x21, 0x32, 0xe0, 0x31,
  0xe0, 0x31, 0x00, 0x3a, 0x20, 0x3a, 0x40, 0x42, 0x41, 0x42, 0x40, 0x42,
  0x41, 0x3a, 0x00, 0x3a, 0x21, 0x3a, 0x00, 0x3a, 0xe1, 0x39, 0xe0, 0x39,
  0x00, 0x3a, 0x00, 0x42, 0x20, 0x3a, 0x00, 0x42, 0x21, 0x3a, 0x20, 0x42,
  0x21, 0x3a, 0x00, 0x42, 0x01, 0x3a, 0xe0, 0x39, 0xe1, 0x31, 0xa0, 0x31,
  0xa1, 0x29, 0x60, 0x29, 0x61, 0x21, 0x20, 0x21, 0x00, 0x19, 0x00, 0x19,
  0xe1, 0x10, 0xc0, 0x18, 0xc1, 0x10, 0xa0, 0x10, 0xa1, 0x08, 0x80, 0x10,
  0xc0, 0x08, 0xa0, 0x10, 0xc1, 0x10, 0xc0, 0x10, 0xe1, 0x10, 0xc0, 0x10,
  0xc1, 0x10, 0xa0, 0x10, 0xc0, 0x08, 0xa0, 0x10, 0xa0, 0x08, 0xa0, 0x10,
  0xc1, 0x08, 0xc0, 0x10, 0xe1, 0x10, 0xe0, 0x10, 0xe1, 0x10, 0xe0, 0x10,
  0xe1, 0x10, 0xc1, 0x10, 0xc1, 0x08, 0xc1, 0x10, 0xe2, 0x10, 0xe2, 0x10,
  0xe2, 0x10, 0xe2, 0x10, 0x02, 0x11, 0x02, 0x19, 0x23, 0x11, 0x02, 0x19,
  0x23, 0x11, 0x02, 0x19, 0x03, 0x11, 0x02, 0x19, 0x23, 0x11, 0x02, 0x19,
  0x23, 0x11, 0x02, 0x19, 0x42, 0x19, 0x42, 0x19, 0x20, 0x21, 0x40, 0x19,
  0x40, 0x21, 0x60, 0x19, 0x40, 0x21, 0x40, 0x21, 0x40, 0x21, 0x60, 0x21,
  0x60, 0x29, 0x80, 0x21, 0x60, 0x29, 0x80, 0x21, 0x60, 0x29, 0x60, 0x21,
  0x40, 0x21, 0x40, 0x21, 0x20, 0x21, 0x40, 0x21, 0x40, 0x21, 0x40, 0x21,
  0x40, 0x21, 0x40, 0x21, 0x40, 0x21, 0x60, 0x21, 0x40, 0x21, 0x60, 0x21,
  0x60, 0x29, 0x80, 0x21, 0x60, 0x29, 0x80, 0x29, 0x80, 0x29, 0xa0, 0x29,
  0xa0, 0x31, 0xc0, 0x29, 0xc0, 0x31, 0xc0, 0x31, 0xc0, 0x31, 0xe0, 0x31,
  0xe0, 0x31, 0x00, 0x32, 0x00, 0x3a, 0x20, 0x3a, 0x20, 0x3a, 0x40, 0x3a,
  0x20, 0x3a, 0x40, 0x3a, 0x20, 0x42, 0x40, 0x3a, 0x20, 0x42, 0x41, 0x3a,
  0x41, 0x42, 0x42, 0x3a, 0x42, 0x42, 0x63, 0x42, 0x43, 0x42, 0x43, 0x42,
  0x23, 0x42, 0x23, 0x3a, 0x03, 0x42, 0x03, 0x3a, 0xe3, 0x39, 0xe3, 0x39,
  0xe3, 0x39, 0x03, 0x3a, 0x03, 0x3a, 0x23, 0x3a, 0x23, 0x42, 0x44, 0x3a,
  0x23, 0x42, 0x44, 0x3a, 0x02, 0x42, 0x23, 0x3a, 0x02, 0x42, 0x23, 0x3a,
  0x02, 0x3a, 0x03, 0x3a, 0x02, 0x42, 0x23, 0x3a, 0x02, 0x42, 0x23, 0x3a,
  0x02, 0x42, 0x23, 0x3a, 0x03, 0x42, 0x23, 0x3a, 0x02, 0x42, 0x03, 0x3a,
  0xe1, 0x39, 0xe2, 0x31, 0xe1, 0x39, 0xe1, 0x31, 0xc1, 0x31, 0xe1, 0x31,
  0xe0, 0x39, 0xe1, 0x31, 0xe0, 0x39, 0x21, 0x3a, 0x40, 0x42, 0x40, 0x3a,
  0x40, 0x42, 0x80, 0x42, 0x60, 0x4a, 0x60, 0x42, 0x60, 0x4a, 0x80, 0x42,
  0x80, 0x4a, 0xa0, 0x4a, 0x80, 0x4a, 0x80, 0x42, 0x80, 0x4a, 0x80, 0x42,
  0x80, 0x4a, 0xa0, 0x4a, 0xa0, 0x4a, 0xa0, 0x42, 0x80, 0x4a, 0x80, 0x42,
  0x80, 0x42, 0x60, 0x3a, 0x40, 0x42, 0x60, 0x42, 0x40, 0x42, 0x40, 0x3a,
  0x00, 0x3a, 0x00, 0x32, 0xe0, 0x39, 0x00, 0x32, 0xe0, 0x39, 0x20, 0x3a,
  0x00, 0x42, 0x20, 0x3a, 0x00, 0x42, 0x20, 0x3a, 0x00, 0x42, 0x20, 0x3a,
  0x00, 0x3a, 0x20, 0x3a, 0x00, 0x42, 0x20, 0x3a, 0x00, 0x42, 0x00, 0x3a,
  0x20, 0x42, 0x20, 0x3a, 0xe0, 0x41, 0xe0, 0x39, 0xc0, 0x39, 0xa0, 0x31,
  0x60, 0x29, 0x60, 0x21, 0x20, 0x21, 0x20, 0x21, 0x20, 0x21, 0x00, 0x19,
  0xe0, 0x18, 0xe0, 0x10, 0xc0, 0x18, 0xc0, 0x10, 0xa0, 0x10, 0xa0, 0x08,
  0x80, 0x10, 0x80, 0x08, 0xa0, 0x10, 0xc0, 0x08, 0xc0, 0x10, 0xc0, 0x08,
  0xa0, 0x10, 0xa0, 0x08, 0x80, 0x10, 0x80, 0x08, 0x80, 0x08, 0x80, 0x08,
  0x80, 0x08, 0xa0, 0x08, 0xc0, 0x10, 0xc0, 0x10, 0xe0, 0x10, 0x00, 0x11,
  0x00, 0x19, 0x21, 0x19, 0x00, 0x19, 0x21, 0x11, 0x00, 0x19, 0x21, 0x11,
  0x01, 0x19, 0x01, 0x11, 0xe0, 0x10, 0x01, 0x11, 0x01, 0x19, 0x22, 0x11,
  0x01, 0x19, 0x02, 0x11, 0xe1, 0x10, 0xe2, 0x10, 0xe2, 0x10, 0xe2, 0x10,
  0xc2, 0x10, 0xc2, 0x08, 0xa2, 0x10, 0xa2, 0x08, 0xa2, 0x10, 0xc2, 0x08,
  0x60, 0x21, 0x60, 0x21, 0x81, 0x21, 0x60, 0x21, 0x60, 0x21, 0x60, 0x21,
  0x60, 0x21, 0x60, 0x21, 0x61, 0x21, 0x60, 0x29, 0x80, 0x21, 0x60, 0x29,
  0x61, 0x21, 0x60, 0x21, 0x61, 0x21, 0x40, 0x21, 0x40, 0x19, 0x40, 0x21,
  0x60, 0x21, 0x60, 0x21, 0x61, 0x21, 0x40, 0x21, 0x41, 0x21, 0x40, 0x21,
  0x61, 0x21, 0x60, 0x21, 0x60, 0x21, 0x60, 0x29, 0x80, 0x21, 0x80, 0x29,
  0xa0, 0x29, 0xa0, 0x31, 0xc0, 0x29, 0xc0, 0x31, 0xe0, 0x29, 0xc0, 0x31,
  0xe0, 0x31, 0xe0, 0x39, 0x00, 0x32, 0x00, 0x3a, 0x41, 0x3a, 0x20, 0x3a,
  0x41, 0x3a, 0x20, 0x3a, 0x21, 0x3a, 0x00, 0x3a, 0x01, 0x32, 0x01, 0x3a,
  0x21, 0x32, 0x21, 0x3a, 0x23, 0x3a, 0x42, 0x42, 0x44, 0x3a, 0x43, 0x42,
  0x44, 0x3a, 0x23, 0x42, 0x24, 0x3a, 0x03, 0x42, 0x24, 0x3a, 0x03, 0x3a,
  0x04, 0x3a, 0xe4, 0x39, 0x04, 0x3a, 0x03, 0x3a, 0x24, 0x3a, 0x24, 0x42,
  0x44, 0x3a, 0x24, 0x42, 0x24, 0x3a, 0x23, 0x42, 0x44, 0x3a, 0x23, 0x42,
  0x44, 0x3a, 0x23, 0x42, 0x44, 0x42, 0x43, 0x42, 0x64, 0x42, 0x44, 0x42,
  0x64, 0x42, 0x44, 0x4a, 0x44, 0x42, 0x44, 0x4a, 0x64, 0x42, 0x44, 0x42,
  0x44, 0x3a, 0x03, 0x42, 0x23, 0x3a, 0x02, 0x3a, 0x22, 0x3a, 0x02, 0x3a,
  0x22, 0x3a, 0x01, 0x3a, 0x01, 0x32, 0xe1, 0x31, 0x01, 0x32, 0x00, 0x3a,
  0x21, 0x3a, 0x41, 0x42, 0x61, 0x3a, 0x40, 0x42, 0x60, 0x3a, 0x40, 0x42,
  0x80, 0x42, 0x80, 0x4a, 0x80, 0x4a, 0x80, 0x4a, 0xa1, 0x42, 0x60, 0x42,
  0x61, 0x42, 0x40, 0x42, 0x80, 0x42, 0x80, 0x4a, 0xa0, 0x42, 0x80, 0x4a,
  0x81, 0x42, 0x60, 0x42, 0x61, 0x3a, 0x40, 0x42, 0x41, 0x3a, 0x00, 0x3a,
  0x01, 0x32, 0xe0, 0x31, 0xe1, 0x29, 0xa0, 0x31, 0xc0, 0x29, 0xa0, 0x29,
  0xc0, 0x29, 0xc0, 0x31, 0xe0, 0x31, 0xe0, 0x39, 0xe0, 0x31, 0xe0, 0x39,
  0x01, 0x3a, 0xe0, 0x39, 0xe1, 0x31, 0xc0, 0x39, 0xc0, 0x31, 0xc0, 0x31,
  0xe1, 0x31, 0xc0, 0x39, 0xc0, 0x31, 0xa0, 0x31, 0xa0, 0x29, 0x80, 0x31,
  0x61, 0x21, 0x40, 0x29, 0x41, 0x21, 0x00, 0x21, 0x21, 0x19, 0x00, 0x21,
  0x01, 0x19, 0xe0, 0x18, 0xe1, 0x10, 0xe0, 0x18, 0xe1, 0x10, 0xc0, 0x10,
  0xc1, 0x10, 0xa0, 0x10, 0xa1, 0x08, 0x80, 0x08, 0xa1, 0x08, 0x80, 0x08,
  0x80, 0x08, 0x60, 0x08, 0x81, 0x00, 0x60, 0x08, 0x81, 0x00, 0x60, 0x08,
  0x80, 0x00, 0x80, 0x08, 0xa0, 0x08, 0xc0, 0x10, 0x01, 0x11, 0xe0, 0x10,
  0x00, 0x11, 0x20, 0x19, 0x41, 0x11, 0x20, 0x19, 0x21, 0x11, 0x00, 0x11,
  0x01, 0x11, 0x00, 0x11, 0x21, 0x11, 0x01, 0x11, 0x01, 0x09, 0x01, 0x11,
  0x01, 0x11, 0x01, 0x11, 0x02, 0x11, 0x02, 0x11, 0xe2, 0x10, 0xc1, 0x10,
  0xc2, 0x08, 0xc2, 0x10, 0xc2, 0x08, 0xa2, 0x08, 0xa2, 0x08, 0x82, 0x10,
  0xa2, 0x08, 0x82, 0x08, 0x80, 0x29, 0xa0, 0x21, 0x80, 0x29, 0xa0, 0x21,
  0x80, 0x29, 0xa0, 0x21, 0x80, 0x29, 0x80, 0x21, 0x80, 0x29, 0xa0, 0x21,
  0x80, 0x29, 0x80, 0x21, 0x60, 0x29, 0x60, 0x21, 0x60, 0x29, 0x60, 0x21,
  0x40, 0x21, 0x40, 0x21, 0x40, 0x21, 0x60, 0x21, 0x20, 0x21, 0x40, 0x21,
  0x20, 0x21, 0x40, 0x21, 0x60, 0x29, 0x60, 0x21, 0x80, 0x29, 0xa0, 0x29,
  0xa0, 0x31, 0xc0, 0x29, 0xc0, 0x31, 0xe0, 0x31, 0xc0, 0x31, 0xe0, 0x31,
  0xe0, 0x31, 0xe0, 0x31, 0xe0, 0x39, 0x00, 0x32, 0x00, 0x3a, 0x00, 0x32,
  0x00, 0x3a, 0x20, 0x32, 0x00, 0x3a, 0x00, 0x32, 0xe0, 0x39, 0x00, 0x32,
  0xe0, 0x39, 0xe1, 0x31, 0x00, 0x3a, 0x21, 0x3a, 0x22, 0x42, 0x43, 0x3a,
  0x22, 0x42, 0x43, 0x42, 0x23, 0x42, 0x43, 0x3a, 0x23, 0x42, 0x23, 0x3a,
  0x03, 0x42, 0x23, 0x3a, 0x03, 0x42, 0x44, 0x42, 0x44, 0x42, 0x44, 0x42,
  0x44, 0x4a, 0x65, 0x42, 0x64, 0x4a, 0x85, 0x4a, 0x64, 0x52, 0x85, 0x4a,
  0x85, 0x52, 0xa5, 0x4a, 0x84, 0x4a, 0x85, 0x4a, 0x84, 0x52, 0x85, 0x4a,
  0x84, 0x52, 0xa5, 0x4a, 0xa5, 0x52, 0xa5, 0x4a, 0x84, 0x52, 0x85, 0x4a,
  0x84, 0x4a, 0x85, 0x4a, 0x63, 0x4a, 0x64, 0x42, 0x63, 0x4a, 0x64, 0x42,
  0x63, 0x4a, 0x83, 0x42, 0x62, 0x4a, 0x63, 0x42, 0x42, 0x42, 0x42, 0x3a,
  0x41, 0x42, 0x62, 0x42, 0x60, 0x4a, 0x61, 0x42, 0x60, 0x4a, 0x80, 0x4a,
  0x80, 0x4a, 0x80, 0x4a, 0x80, 0x4a, 0xa0, 0x4a, 0x80, 0x4a, 0xa0, 0x4a,
  0x80, 0x4a, 0x80, 0x42, 0x60, 0x4a, 0x80, 0x42, 0x60, 0x4a, 0x80, 0x42,
  0x60, 0x4a, 0x80, 0x42, 0x60, 0x42, 0x40, 0x3a, 0x20, 0x3a, 0x20, 0x32,
  0xe0, 0x31, 0x00, 0x2a, 0xe0, 0x31, 0xe0, 0x29, 0xc0, 0x29, 0xc0, 0x29,
  0xa0, 0x29, 0xc0, 0x29, 0xa0, 0x31, 0xc0, 0x29, 0xc0, 0x31, 0xe0, 0x31,
  0xc0, 0x39, 0xe0, 0x31, 0xe0, 0x39, 0xe0, 0x31, 0xa0, 0x31, 0xa0, 0x31,
  0xa0, 0x31, 0xc0, 0x31, 0xa0, 0x39, 0xc0, 0x31, 0xa0, 0x31, 0xa0, 0x31,
  0x80, 0x31, 0xa0, 0x29, 0x80, 0x31, 0x80, 0x29, 0x80, 0x31, 0x80, 0x29,
  0x60, 0x29, 0x60, 0x21, 0x20, 0x21, 0x20, 0x19, 0xe0, 0x18, 0xe0, 0x10,
  0xc0, 0x18, 0xe0, 0x10, 0xa0, 0x10, 0xa0, 0x10, 0x80, 0x10, 0x80, 0x08,
  0x80, 0x10, 0x80, 0x08, 0x80, 0x08, 0x80, 0x08, 0x80, 0x10, 0xa0, 0x08,
  0xa0, 0x10, 0xc0, 0x08, 0xa0, 0x10, 0xc0, 0x10, 0xc0, 0x10, 0x00, 0x11,
  0x00, 0x19, 0x00, 0x19, 0x20, 0x21, 0x40, 0x19, 0x40, 0x19, 0x60, 0x19,
  0x40, 0x19, 0x40, 0x19, 0x20, 0x19, 0x41, 0x19, 0x41, 0x19, 0x41, 0x19,
  0x21, 0x19, 0x41, 0x19, 0x21, 0x19, 0x42, 0x19, 0x21, 0x19, 0x22, 0x11,
  0x01, 0x19, 0x02, 0x11, 0xe2, 0x18, 0x02, 0x11, 0xc2, 0x10, 0xc2, 0x08,
  0xa2, 0x10, 0xc2, 0x10, 0xc2, 0x10, 0xc2, 0x10, 0x60, 0x21, 0x60, 0x21,
  0x60, 0x21, 0x60, 0x21, 0x61, 0x21, 0x60, 0x21, 0x61, 0x19, 0x40, 0x21,
  0x40, 0x19, 0x20, 0x19, 0x20, 0x19, 0x20, 0x19, 0x21, 0x19, 0x00, 0x19,
  0x20, 0x19, 0x00, 0x19, 0x20, 0x19, 0x00, 0x21, 0x40, 0x19, 0x40, 0x21,
  0x41, 0x21, 0x40, 0x21, 0x60, 0x21, 0x40, 0x29, 0x80, 0x21, 0x80, 0x29,
  0xc0, 0x29, 0xa0, 0x31, 0xc0, 0x29, 0xa0, 0x31, 0xe0, 0x29, 0xc0, 0x31,
  0xc0, 0x29, 0xc0, 0x31, 0xe0, 0x31, 0xe0, 0x31, 0xe0, 0x31, 0xe0, 0x31,
  0xe0, 0x31, 0xe0, 0x31, 0x00, 0x32, 0x00, 0x3a, 0x20, 0x32, 0x00, 0x3a,
  0x21, 0x32, 0x20, 0x3a, 0x21, 0x32, 0x01, 0x3a, 0x21, 0x32, 0x41, 0x3a,
  0x42, 0x3a, 0x42, 0x42, 0x43, 0x3a, 0x43, 0x42, 0x64, 0x42, 0x43, 0x4a,
  0x44, 0x42, 0x44, 0x42, 0x44, 0x42, 0x44, 0x42, 0x65, 0x42, 0x64, 0x4a,
  0x85, 0x4a, 0x85, 0x4a, 0x85, 0x4a, 0xa5, 0x52, 0xc6, 0x4a, 0xa6, 0x52,
  0xc6, 0x52, 0xa5, 0x52, 0xc6, 0x52, 0xa5, 0x52, 0xc6, 0x52, 0xc5, 0x52,
  0xe6, 0x52, 0xc5, 0x52, 0xc6, 0x52, 0xc5, 0x52, 0xe6, 0x52, 0xc5, 0x52,
  0xc6, 0x52, 0xa5, 0x52, 0xc5, 0x4a, 0xa5, 0x52, 0xc5, 0x4a, 0x84, 0x52,
  0xa5, 0x4a, 0x84, 0x4a, 0xc4, 0x4a, 0xa4, 0x52, 0xc4, 0x4a, 0x83, 0x4a,
  0xa4, 0x4a, 0x83, 0x4a, 0x83, 0x42, 0x82, 0x4a, 0x82, 0x4a, 0x81, 0x4a,
  0xa2, 0x4a, 0xa2, 0x52, 0xc1, 0x52, 0xc1, 0x52, 0xc0, 0x52, 0xc0, 0x52,
  0xe1, 0x52, 0xc0, 0x52, 0xc1, 0x4a, 0xa0, 0x52, 0xa1, 0x42, 0x80, 0x42,
  0x81, 0x42, 0x60, 0x42, 0x81, 0x42, 0x40, 0x42, 0x41, 0x3a, 0x00, 0x3a,
  0x01, 0x32, 0xe0, 0x31, 0xe1, 0x29, 0xe0, 0x31, 0xe0, 0x29, 0xc0, 0x29,
  0xc1, 0x29, 0xa0, 0x29, 0xa1, 0x29, 0xa0, 0x29, 0xa0, 0x29, 0xa0, 0x31,
  0xa0, 0x29, 0xa0, 0x31, 0xa0, 0x31, 0xa0, 0x31, 0xc1, 0x31, 0xa0, 0x31,
  0xa0, 0x29, 0x80, 0x29, 0xa0, 0x29, 0xa0, 0x31, 0xa0, 0x29, 0xa0, 0x31,
  0xe0, 0x31, 0xe0, 0x39, 0xe1, 0x31, 0xc0, 0x39, 0xe1, 0x31, 0xc0, 0x31,
  0xc1, 0x29, 0x80, 0x31, 0x61, 0x21, 0x40, 0x21, 0x21, 0x19, 0xe0, 0x18,
  0xe1, 0x10, 0xa0, 0x10, 0xa0, 0x10, 0x80, 0x10, 0xa0, 0x08, 0xa0, 0x10,
  0xc1, 0x10, 0xa0, 0x10, 0xc0, 0x10, 0xc0, 0x18, 0xe0, 0x10, 0xc0, 0x10,
  0xe0, 0x10, 0xe0, 0x18, 0x01, 0x11, 0xe0, 0x10, 0xe0, 0x10, 0xe0, 0x18,
  0x00, 0x11, 0x00, 0x19, 0x20, 0x11, 0x40, 0x19, 0x60, 0x19, 0x60, 0x21,
  0x81, 0x21, 0x60, 0x21, 0x61, 0x19, 0x40, 0x21, 0x61, 0x19, 0x40, 0x21,
  0x61, 0x19, 0x40, 0x21, 0x41, 0x19, 0x20, 0x19, 0x41, 0x19, 0x21, 0x19,
  0x42, 0x11, 0x01, 0x19, 0x02, 0x11, 0xe1, 0x10, 0xe2, 0x10, 0xc1, 0x10,
  0xc2, 0x08, 0xa1, 0x10, 0xa2, 0x08, 0xa2, 0x10, 0xa2, 0x08, 0x81, 0x10,
  0x20, 0x19, 0x20, 0x19, 0x00, 0x19, 0x00, 0x19, 0x00, 0x19, 0x00, 0x11,
  0xe0, 0x18, 0x00, 0x11, 0xe0, 0x18, 0x00, 0x11, 0xe0, 0x18, 0x00, 0x11,
  0x00, 0x19, 0x00, 0x19, 0x00, 0x21, 0x20, 0x19, 0x20, 0x21, 0x61, 0x21,
  0x60, 0x29, 0x60, 0x21, 0x60, 0x29, 0x60, 0x21, 0x60, 0x29, 0x60, 0x21,
  0x60, 0x29, 0x80, 0x21, 0xa0, 0x29, 0xc0, 0x29, 0xa0, 0x31, 0xc0, 0x29,
  0xc0, 0x31, 0xe0, 0x29, 0xe0, 0x31, 0x00, 0x32, 0x00, 0x3a, 0x20, 0x32,
  0x20, 0x3a, 0x40, 0x3a, 0x20, 0x42, 0x41, 0x3a, 0x40, 0x42, 0x40, 0x3a,
  0x20, 0x3a, 0x40, 0x3a, 0x40, 0x3a, 0x41, 0x3a, 0x20, 0x3a, 0x41, 0x3a,
  0x41, 0x42, 0x62, 0x3a, 0x62, 0x4a, 0x83, 0x42, 0x83, 0x4a, 0x83, 0x42,
  0x84, 0x4a, 0xa4, 0x4a, 0x84, 0x52, 0xa5, 0x4a, 0xa4, 0x52, 0xa5, 0x4a,
  0xa4, 0x52, 0xc5, 0x52, 0xa4, 0x52, 0xc5, 0x52, 0xa4, 0x52, 0xc5, 0x52,
  0xc5, 0x52, 0xc5, 0x52, 0xc5, 0x5a, 0xe5, 0x52, 0xc5, 0x5a, 0xe6, 0x52,
  0x05, 0x5b, 0x06, 0x5b, 0x05, 0x5b, 0x05, 0x53, 0xe5, 0x5a, 0xe6, 0x52,
  0xe5, 0x5a, 0xe5, 0x52, 0xc4, 0x5a, 0xe5, 0x52, 0xc4, 0x52, 0xe5, 0x52,
  0xe5, 0x5a, 0xe5, 0x52, 0xe4, 0x5a, 0x05, 0x53, 0x04, 0x5b, 0x25, 0x5b,
  0x04, 0x5b, 0x25, 0x5b, 0x03, 0x5b, 0x24, 0x5b, 0x03, 0x5b, 0x03, 0x53,
  0x02, 0x5b, 0x23, 0x5b, 0x22, 0x63, 0x22, 0x5b, 0x01, 0x5b, 0x01, 0x53,
  0xe0, 0x52, 0x00, 0x53, 0xe0, 0x52, 0xc0, 0x4a, 0xa0, 0x4a, 0xa0, 0x4a,
  0x80, 0x4a, 0x80, 0x42, 0x60, 0x42, 0x60, 0x42, 0x60, 0x42, 0x60, 0x3a,
  0x40, 0x42, 0x60, 0x3a, 0x40, 0x3a, 0x40, 0x3a, 0x00, 0x3a, 0x00, 0x32,
  0xe0, 0x31, 0xe0, 0x29, 0xc0, 0x31, 0xc0, 0x29, 0xa0, 0x31, 0xc0, 0x29,
  0xa0, 0x29, 0xc0, 0x29, 0xa0, 0x29, 0xa0, 0x29, 0xa0, 0x31, 0xc0, 0x29,
  0xc0, 0x31, 0xe0, 0x31, 0xe0, 0x31, 0xe0, 0x31, 0xe0, 0x31, 0xe0, 0x31,
  0xe0, 0x39, 0x01, 0x3a, 0x00, 0x3a, 0x20, 0x3a, 0xe0, 0x39, 0x00, 0x3a,
  0xe0, 0x39, 0xe0, 0x31, 0xc0, 0x31, 0xc0, 0x29, 0xa0, 0x31, 0xc0, 0x29,
  0xa0, 0x29, 0xa0, 0x29, 0x80, 0x29, 0x60, 0x21, 0x40, 0x21, 0x60, 0x21,
  0x60, 0x21, 0x80, 0x21, 0x80, 0x29, 0xa0, 0x21, 0x60, 0x21, 0x80, 0x21,
  0x40, 0x21, 0x40, 0x19, 0x00, 0x19, 0x00, 0x19, 0xe0, 0x18, 0x00, 0x11,
  0xe0, 0x18, 0x00, 0x11, 0x00, 0x19, 0x20, 0x19, 0x20, 0x19, 0x40, 0x19,
  0x60, 0x21, 0x80, 0x21, 0x60, 0x29, 0x80, 0x21, 0x60, 0x21, 0x40, 0x19,
  0x40, 0x21, 0x60, 0x19, 0x60, 0x21, 0x60, 0x19, 0x40, 0x21, 0x40, 0x19,
  0x20, 0x21, 0x40, 0x19, 0x20, 0x19, 0x20, 0x11, 0x00, 0x19, 0x01, 0x11,
  0xe0, 0x10, 0xe1, 0x10, 0xc1, 0x10, 0xc1, 0x10, 0xa0, 0x10, 0xc1, 0x08,
  0xa0, 0x10, 0xa1, 0x08, 0xe1, 0x10, 0xc0, 0x18, 0xe1, 0x10, 0xc0, 0x10,
  0xe0, 0x10, 0xe0, 0x18, 0x01, 0x11, 0xe0, 0x18, 0x00, 0x11, 0x00, 0x19,
  0x00, 0x19, 0x00, 0x19, 0x00, 0x19, 0x00, 0x19, 0x00, 0x19, 0x00, 0x19,
  0x41, 0x19, 0x20, 0x21, 0x41, 0x19, 0x40, 0x21, 0x40, 0x19, 0x40, 0x21,
  0x61, 0x21, 0x40, 0x29, 0x80, 0x21, 0x80, 0x29, 0xc0, 0x29, 0xc0, 0x31,
  0xe0, 0x31, 0xe0, 0x31, 0xe1, 0x31, 0xe0, 0x31, 0x00, 0x32, 0xe0, 0x39,
  0x20, 0x32, 0x00, 0x3a, 0x20, 0x32, 0x20, 0x3a, 0x20, 0x32, 0x00, 0x3a,
  0x20, 0x32, 0x20, 0x3a, 0x20, 0x32, 0x20, 0x3a, 0x41, 0x3a, 0x40, 0x3a,
  0x62, 0x3a, 0x61, 0x42, 0x82, 0x3a, 0x82, 0x42, 0xa3, 0x42, 0xa3, 0x4a,
  0xa4, 0x42, 0x83, 0x4a, 0xa4, 0x4a, 0x84, 0x4a, 0xa4, 0x42, 0xa4, 0x4a,
  0xc5, 0x4a, 0xa4, 0x4a, 0xc5, 0x4a, 0xc4, 0x52, 0xc5, 0x4a, 0xc5, 0x52,
  0xe5, 0x4a, 0xc4, 0x52, 0xe5, 0x4a, 0xc4, 0x52, 0xe5, 0x52, 0xc5, 0x52,
  0x05, 0x53, 0xe5, 0x5a, 0x06, 0x53, 0x05, 0x5b, 0x06, 0x53, 0x05, 0x5b,
  0x26, 0x5b, 0x25, 0x63, 0x46, 0x5b, 0x25, 0x5b, 0x26, 0x5b, 0x25, 0x5b,
  0x46, 0x5b, 0x25, 0x5b, 0x46, 0x5b, 0x45, 0x63, 0x46, 0x5b, 0x25, 0x5b,
  0x45, 0x5b, 0x25, 0x5b, 0x45, 0x5b, 0x24, 0x5b, 0x24, 0x53, 0x03, 0x5b,
  0x03, 0x53, 0x03, 0x5b, 0x03, 0x53, 0x02, 0x5b, 0x23, 0x53, 0x02, 0x5b,
  0x22, 0x53, 0x01, 0x53, 0x01, 0x53, 0xc0, 0x52, 0xe1, 0x4a, 0xc0, 0x4a,
  0xc0, 0x4a, 0xa0, 0x4a, 0xa1, 0x42, 0x80, 0x4a, 0x61, 0x3a, 0x40, 0x42,
  0x60, 0x3a, 0x60, 0x42, 0x61, 0x3a, 0x40, 0x42, 0x41, 0x32, 0x20, 0x32,
  0x21, 0x32, 0x00, 0x32, 0x00, 0x2a, 0xe0, 0x31, 0xc1, 0x29, 0xa0, 0x29,
  0xc1, 0x29, 0xa0, 0x29, 0xc0, 0x21, 0xa0, 0x29, 0xe0, 0x29, 0xc0, 0x31,
  0xe0, 0x29, 0xe0, 0x31, 0x00, 0x32, 0x00, 0x3a, 0x21, 0x32, 0x00, 0x3a,
  0x20, 0x32, 0x00, 0x3a, 0x01, 0x32, 0x00, 0x3a, 0x20, 0x32, 0x20, 0x3a,
  0x40, 0x3a, 0x40, 0x3a, 0x61, 0x3a, 0x40, 0x42, 0x60, 0x3a, 0x60, 0x3a,
  0x81, 0x3a, 0x60, 0x3a, 0x81, 0x3a, 0x60, 0x3a, 0x41, 0x32, 0x20, 0x3a,
  0x21, 0x32, 0xe0, 0x31, 0x01, 0x2a, 0xe0, 0x31, 0x00, 0x2a, 0xe0, 0x31,
  0xe1, 0x29, 0xa0, 0x29, 0xa1, 0x21, 0x60, 0x21, 0x61, 0x19, 0x40, 0x19,
  0x20, 0x19, 0x00, 0x19, 0x20, 0x19, 0x20, 0x19, 0x41, 0x19, 0x40, 0x21,
  0x61, 0x19, 0x60, 0x21, 0x80, 0x21, 0x80, 0x21, 0xa1, 0x21, 0xa0, 0x29,
  0xa1, 0x21, 0x80, 0x21, 0x80, 0x21, 0x80, 0x29, 0xa0, 0x21, 0xa0, 0x29,
  0xa1, 0x21, 0x80, 0x21, 0x81, 0x21, 0x60, 0x21, 0x61, 0x19, 0x60, 0x21,
  0x61, 0x19, 0x40, 0x19, 0x61, 0x19, 0x40, 0x21, 0x41, 0x19, 0x20, 0x19,
  0x21, 0x19, 0x00, 0x19, 0x01, 0x11, 0xe0, 0x18, 0xe0, 0x18, 0x00, 0x19,
  0xe0, 0x18, 0x00, 0x19, 0x00, 0x19, 0x00, 0x19, 0x00, 0x19, 0x20, 0x19,
  0x00, 0x21, 0x20, 0x19, 0x20, 0x21, 0x40, 0x21, 0x40, 0x21, 0x60, 0x21,
  0x40, 0x21, 0x60, 0x21, 0x60, 0x29, 0x60, 0x21, 0x60, 0x29, 0x80, 0x21,
  0x80, 0x29, 0xa0, 0x29, 0xa0, 0x31, 0xc0, 0x29, 0xc0, 0x31, 0xe1, 0x31,
  0xe0, 0x39, 0x00, 0x32, 0xe0, 0x39, 0x00, 0x32, 0xe0, 0x39, 0x00, 0x32,
  0xe0, 0x39, 0x00, 0x32, 0xe0, 0x39, 0x00, 0x32, 0x00, 0x3a, 0x20, 0x3a,
  0x20, 0x3a, 0x40, 0x3a, 0x20, 0x3a, 0x40, 0x3a, 0x40, 0x42, 0x61, 0x3a,
  0x60, 0x42, 0x81, 0x42, 0x81, 0x42, 0x81, 0x42, 0x81, 0x42, 0xa2, 0x42,
  0xa2, 0x4a, 0xc3, 0x4a, 0xa3, 0x4a, 0xc3, 0x4a, 0xa3, 0x4a, 0xc3, 0x4a,
  0xa3, 0x4a, 0xc4, 0x4a, 0xa3, 0x52, 0xc4, 0x4a, 0xc4, 0x52, 0xe4, 0x52,
  0xe4, 0x5a, 0x05, 0x53, 0xe4, 0x5a, 0x04, 0x53, 0xe4, 0x5a, 0x05, 0x53,
  0x04, 0x53, 0x25, 0x53, 0x24, 0x5b, 0x45, 0x53, 0x25, 0x5b, 0x45, 0x5b,
  0x45, 0x5b, 0x66, 0x5b, 0x45, 0x63, 0x65, 0x5b, 0x45, 0x63, 0x45, 0x5b,
  0x25, 0x5b, 0x45, 0x5b, 0x25, 0x5b, 0x45, 0x5b, 0x25, 0x5b, 0x25, 0x5b,
  0x24, 0x5b, 0x25, 0x5b, 0x24, 0x5b, 0x25, 0x53, 0x24, 0x5b, 0x24, 0x5b,
  0x23, 0x5b, 0x03, 0x53, 0xe2, 0x5a, 0x03, 0x53, 0xe2, 0x52, 0x03, 0x53,
  0x02, 0x5b, 0x23, 0x53, 0x01, 0x5b, 0x22, 0x53, 0xe0, 0x52, 0xe0, 0x4a,
  0xc0, 0x52, 0xc0, 0x4a, 0xa0, 0x4a, 0xc0, 0x4a, 0xa0, 0x4a, 0xa0, 0x42,
  0x80, 0x42, 0x80, 0x3a, 0x80, 0x42, 0x80, 0x3a, 0x60, 0x42, 0x60, 0x3a,
  0x40, 0x3a, 0x40, 0x3a, 0x40, 0x3a, 0x60, 0x3a, 0x40, 0x3a, 0x40, 0x32,
  0x20, 0x3a, 0x40, 0x32, 0x00, 0x3a, 0x20, 0x32, 0x00, 0x3a, 0x20, 0x32,
  0x20, 0x3a, 0x20, 0x32, 0x00, 0x32, 0x00, 0x32, 0x00, 0x3a, 0x21, 0x32,
  0x00, 0x3a, 0x40, 0x3a, 0x20, 0x3a, 0x41, 0x3a, 0x40, 0x42, 0x60, 0x3a,
  0x60, 0x42, 0x81, 0x42, 0x80, 0x4a, 0xc1, 0x4a, 0xc0, 0x52, 0xc1, 0x4a,
  0xc0, 0x4a, 0xc0, 0x4a, 0xc0, 0x4a, 0xc0, 0x42, 0xa0, 0x4a, 0xc0, 0x42,
  0x80, 0x42, 0x80, 0x3a, 0x60, 0x3a, 0x61, 0x3a, 0x40, 0x3a, 0x40, 0x32,
  0x20, 0x3a, 0x41, 0x32, 0x20, 0x3a, 0x20, 0x32, 0xe0, 0x31, 0xe0, 0x29,
  0xc0, 0x29, 0xc0, 0x29, 0xa0, 0x29, 0xc1, 0x21, 0xc0, 0x29, 0xe0, 0x29,
  0xe0, 0x29, 0xe0, 0x29, 0xe0, 0x31, 0x00, 0x2a, 0xe0, 0x31, 0x20, 0x2a,
  0x20, 0x32, 0x20, 0x2a, 0x00, 0x32, 0x20, 0x2a, 0x20, 0x32, 0x20, 0x2a,
  0x20, 0x32, 0x20, 0x2a, 0x00, 0x32, 0x20, 0x2a, 0x00, 0x32, 0x20, 0x2a,
  0x00, 0x32, 0x00, 0x2a, 0xe0, 0x31, 0x00, 0x2a, 0xe0, 0x31, 0xe0, 0x29,
  0xc0, 0x29, 0xc0, 0x21, 0xa0, 0x29, 0xa0, 0x21, 0x60, 0x21, 0x60, 0x21,
  0x20, 0x19, 0x20, 0x21, 0x20, 0x19, 0x00, 0x21, 0x21, 0x19, 0x00, 0x21,
  0x20, 0x19, 0x20, 0x19, 0x40, 0x19, 0x40, 0x21, 0x60, 0x19, 0x60, 0x21,
  0x81, 0x21, 0x60, 0x29, 0x80, 0x21, 0x80, 0x29, 0xa0, 0x29, 0xa0, 0x29,
  0xa0, 0x29, 0xa0, 0x29, 0xc0, 0x29, 0xa0, 0x31, 0xe0, 0x29, 0xe0, 0x31,
  0x00, 0x32, 0xe0, 0x39, 0x00, 0x32, 0xe0, 0x39, 0xe1, 0x31, 0xe0, 0x39,
  0x00, 0x32, 0xe0, 0x39, 0x00, 0x32, 0x00, 0x3a, 0x20, 0x32, 0x20, 0x3a,
  0x40, 0x3a, 0x40, 0x42, 0x61, 0x3a, 0x40, 0x42, 0x61, 0x3a, 0x60, 0x42,
  0x81, 0x42, 0x60, 0x42, 0x81, 0x42, 0x81, 0x4a, 0x82, 0x42, 0x82, 0x4a,
  0xa2, 0x42, 0xa2, 0x4a, 0xc3, 0x42, 0xa3, 0x4a, 0xc3, 0x42, 0xa3, 0x4a,
  0xc3, 0x42, 0xa3, 0x4a, 0xc3, 0x4a, 0xc3, 0x4a, 0xc4, 0x4a, 0xc4, 0x4a,
  0xe4, 0x4a, 0xc4, 0x52, 0x04, 0x4b, 0xe4, 0x52, 0x04, 0x4b, 0xe4, 0x52,
  0x24, 0x53, 0x04, 0x53, 0x24, 0x53, 0x04, 0x53, 0x25, 0x53, 0x04, 0x53,
  0x25, 0x53, 0x04, 0x53, 0x25, 0x53, 0x25, 0x5b, 0x25, 0x53, 0x25, 0x5b,
  0x25, 0x53, 0x04, 0x53, 0x25, 0x53, 0x25, 0x5b, 0x25, 0x53, 0x25, 0x5b,
  0x46, 0x53, 0x25, 0x5b, 0x45, 0x53, 0x25, 0x5b, 0x45, 0x53, 0x24, 0x5b,
  0x24, 0x53, 0x24, 0x5b, 0x24, 0x5b, 0x03, 0x5b, 0x23, 0x53, 0x02, 0x53,
  0x23, 0x53, 0x02, 0x53, 0x02, 0x53, 0x01, 0x53, 0x01, 0x53, 0xe0, 0x52,
  0xe1, 0x4a, 0xc0, 0x52, 0xc1, 0x4a, 0xa0, 0x4a, 0xc1, 0x4a, 0xa0, 0x4a,
  0xa1, 0x42, 0x60, 0x42, 0x81, 0x3a, 0x60, 0x42, 0x81, 0x3a, 0x60, 0x42,
  0x81, 0x3a, 0x60, 0x3a, 0x61, 0x3a, 0x40, 0x3a, 0x81, 0x3a, 0x60, 0x3a,
  0x61, 0x3a, 0x40, 0x3a, 0x61, 0x3a, 0x40, 0x3a, 0x60, 0x3a, 0x40, 0x3a,
  0x40, 0x3a, 0x40, 0x3a, 0x61, 0x3a, 0x40, 0x3a, 0x20, 0x32, 0x00, 0x32,
  0x20, 0x32, 0x40, 0x3a, 0x60, 0x3a, 0x60, 0x3a, 0x80, 0x42, 0x80, 0x42,
  0x80, 0x42, 0x80, 0x42, 0xa0, 0x42, 0xa0, 0x4a, 0xc0, 0x42, 0xc0, 0x4a,
  0xc0, 0x4a, 0xc0, 0x4a, 0xe0, 0x4a, 0xc0, 0x4a, 0xe0, 0x42, 0xc0, 0x4a,
  0xc0, 0x42, 0xa0, 0x42, 0xa1, 0x3a, 0x60, 0x3a, 0x61, 0x32, 0x40, 0x32,
  0x40, 0x2a, 0x20, 0x32, 0x20, 0x32, 0x00, 0x32, 0x20, 0x32, 0x00, 0x32,
  0x20, 0x2a, 0x00, 0x2a, 0x00, 0x2a, 0x00, 0x2a, 0x00, 0x2a, 0x00, 0x2a,
  0x00, 0x2a, 0x00, 0x32, 0x20, 0x2a, 0x00, 0x32, 0x20, 0x2a, 0x00, 0x2a,
  0x20, 0x2a, 0x20, 0x32, 0x40, 0x32, 0x40, 0x32, 0x61, 0x32, 0x60, 0x3a,
  0x81, 0x32, 0x60, 0x3a, 0x81, 0x32, 0x60, 0x3a, 0x61, 0x32, 0x60, 0x3a,
  0x61, 0x32, 0x41, 0x3a, 0x61, 0x3a, 0x41, 0x3a, 0x41, 0x32, 0x21, 0x3a,
  0x42, 0x32, 0x01, 0x32, 0x21, 0x32, 0x01, 0x32, 0x01, 0x2a, 0xe1, 0x31,
  0x01, 0x2a, 0xe1, 0x31, 0x20, 0x21, 0x40, 0x21, 0x20, 0x21, 0x40, 0x19,
  0x40, 0x21, 0x40, 0x19, 0x20, 0x21, 0x40, 0x19, 0x40, 0x21, 0x60, 0x21,
  0x60, 0x29, 0x60, 0x21, 0x60, 0x29, 0x80, 0x21, 0x60, 0x29, 0x80, 0x21,
  0x60, 0x29, 0x80, 0x21, 0x80, 0x29, 0xa0, 0x29, 0xa0, 0x29, 0xc0, 0x29,
  0xc0, 0x31, 0xe0, 0x31, 0xe0, 0x39, 0xe0, 0x31, 0xe0, 0x39, 0x00, 0x32,
  0x00, 0x3a, 0x00, 0x32, 0xe0, 0x39, 0x00, 0x32, 0x00, 0x3a, 0x20, 0x32,
  0x00, 0x3a, 0x40, 0x3a, 0x20, 0x42, 0x41, 0x3a, 0x40, 0x42, 0x61, 0x3a,
  0x40, 0x42, 0x60, 0x3a, 0x60, 0x42, 0x81, 0x42, 0x60, 0x4a, 0x81, 0x42,
  0x81, 0x4a, 0xa2, 0x42, 0xa2, 0x4a, 0xc2, 0x42, 0xa2, 0x4a, 0xc2, 0x42,
  0xc2, 0x4a, 0xc3, 0x4a, 0xc2, 0x4a, 0xe3, 0x4a, 0xc2, 0x52, 0xe3, 0x4a,
  0xc2, 0x52, 0xe3, 0x4a, 0xe3, 0x52, 0x03, 0x4b, 0xe3, 0x52, 0x03, 0x4b,
  0xe3, 0x52, 0x03, 0x4b, 0xe3, 0x52, 0x03, 0x4b, 0x03, 0x53, 0x24, 0x53,
  0x03, 0x53, 0x24, 0x53, 0x24, 0x5b, 0x45, 0x53, 0x24, 0x5b, 0x45, 0x53,
  0x24, 0x5b, 0x45, 0x5b, 0x44, 0x5b, 0x45, 0x5b, 0x44, 0x5b, 0x45, 0x5b,
  0x45, 0x5b, 0x45, 0x5b, 0x44, 0x5b, 0x45, 0x5b, 0x44, 0x5b, 0x65, 0x5b,
  0x44, 0x5b, 0x44, 0x53, 0x43, 0x5b, 0x64, 0x5b, 0x42, 0x5b, 0x43, 0x53,
  0x21, 0x5b, 0x22, 0x53, 0x00, 0x53, 0x01, 0x53, 0xe0, 0x52, 0xe0, 0x4a,
  0xc0, 0x52, 0xc0, 0x4a, 0x80, 0x4a, 0x80, 0x42, 0x60, 0x42, 0x80, 0x42,
  0x60, 0x42, 0x60, 0x3a, 0x60, 0x3a, 0x60, 0x3a, 0x40, 0x3a, 0x60, 0x3a,
  0x60, 0x42, 0x80, 0x3a, 0x60, 0x42, 0x60, 0x3a, 0x40, 0x3a, 0x40, 0x32,
  0x40, 0x3a, 0x60, 0x3a, 0x60, 0x3a, 0x80, 0x3a, 0x60, 0x3a, 0x80, 0x3a,
  0x60, 0x3a, 0x80, 0x3a, 0x60, 0x42, 0x80, 0x3a, 0x80, 0x42, 0xa1, 0x42,
  0x80, 0x42, 0xc1, 0x42, 0xc1, 0x4a, 0x02, 0x4b, 0x02, 0x5b, 0x44, 0x5b,
  0x64, 0x63, 0xa5, 0x63, 0xa5, 0x6b, 0xc6, 0x6b, 0xc6, 0x73, 0xe7, 0x6b,
  0xe7, 0x7b, 0x28, 0x74, 0x29, 0x7c, 0x4a, 0x7c, 0x49, 0x84, 0x4a, 0x7c,
  0x49, 0x84, 0x6a, 0x7c, 0x4a, 0x7c, 0x4a, 0x7c, 0x4a, 0x7c, 0x4b, 0x7c,
  0x4b, 0x84, 0x4c, 0x7c, 0x4c, 0x84, 0x6c, 0x7c, 0x6c, 0x84, 0x8d, 0x84,
  0x6c, 0x8c, 0x8d, 0x84, 0x8d, 0x8c, 0xae, 0x84, 0xae, 0x8c, 0xce, 0x8c,
  0xae, 0x94, 0xcf, 0x8c, 0xcf, 0x94, 0xf0, 0x94, 0xcf, 0x94, 0xf0, 0x94,
  0xcf, 0x94, 0xf0, 0x94, 0xf0, 0x9c, 0x10, 0x95, 0xf0, 0x9c, 0x11, 0x95,
  0xf0, 0x9c, 0x11, 0x9d, 0x11, 0x9d, 0x11, 0x95, 0xf0, 0x9c, 0x11, 0x95,
  0xf0, 0x9c, 0xf1, 0x94, 0xf0, 0x9c, 0xf1, 0x94, 0xf0, 0x9c, 0xf1, 0x94,
  0xd0, 0x94, 0xf1, 0x94, 0xd0, 0x94, 0xd0, 0x94, 0xd0, 0x94, 0xd0, 0x8c,
  0xaf, 0x94, 0xb0, 0x8c, 0x8f, 0x8c, 0x90, 0x8c, 0x41, 0x19, 0x20, 0x21,
  0x40, 0x19, 0x20, 0x21, 0x61, 0x19, 0x40, 0x21, 0x61, 0x19, 0x40, 0x21,
  0x41, 0x21, 0x40, 0x21, 0x61, 0x21, 0x60, 0x21, 0x61, 0x21, 0x60, 0x29,
  0x61, 0x21, 0x60, 0x29, 0x80, 0x21, 0x80, 0x29, 0xa1, 0x21, 0x80, 0x29,
  0xa1, 0x29, 0xa0, 0x31, 0xc0, 0x29, 0xc0, 0x31, 0xe1, 0x31, 0xe0, 0x31,
  0xe1, 0x31, 0xe0, 0x39, 0x01, 0x32, 0xe0, 0x31, 0xe0, 0x31, 0xc0, 0x31,
  0xe0, 0x31, 0xc0, 0x31, 0xe0, 0x31, 0xe0, 0x31, 0x00, 0x32, 0x00, 0x3a,
  0x20, 0x32, 0x00, 0x3a, 0x40, 0x3a, 0x40, 0x3a, 0x60, 0x3a, 0x40, 0x42,
  0x80, 0x3a, 0x60, 0x42, 0x80, 0x3a, 0x60, 0x42, 0x81, 0x3a, 0x80, 0x42,
  0x81, 0x3a, 0x80, 0x42, 0xa1, 0x42, 0x80, 0x42, 0xa1, 0x3a, 0x81, 0x42,
  0xa2, 0x3a, 0x81, 0x42, 0xa2, 0x3a, 0x81, 0x42, 0xa2, 0x3a, 0x81, 0x42,
  0xa2, 0x3a, 0x81, 0x42, 0xa2, 0x3a, 0x81, 0x42, 0xa1, 0x3a, 0xa1, 0x42,
  0xa2, 0x42, 0xa2, 0x4a, 0xc3, 0x42, 0xc2, 0x4a, 0xe3, 0x4a, 0xe3, 0x4a,
  0x04, 0x4b, 0xe3, 0x52, 0x04, 0x4b, 0x03, 0x53, 0x24, 0x4b, 0x03, 0x53,
  0x24, 0x53, 0x04, 0x53, 0x25, 0x53, 0x24, 0x53, 0x45, 0x53, 0x25, 0x5b,
  0x45, 0x53, 0x45, 0x5b, 0x65, 0x5b, 0x45, 0x5b, 0x86, 0x63, 0x65, 0x63,
  0x86, 0x63, 0x85, 0x63, 0xa6, 0x63, 0x86, 0x6b, 0xa6, 0x63, 0x85, 0x6b,
  0xa6, 0x63, 0xa6, 0x6b, 0x86, 0x63, 0x65, 0x6b, 0x87, 0x63, 0x67, 0x6b,
  0xa8, 0x6b, 0xa7, 0x73, 0xc9, 0x6b, 0xc9, 0x73, 0x0a, 0x74, 0x2a, 0x7c,
  0x4b, 0x7c, 0x6c, 0x8c, 0xad, 0x8c, 0xad, 0x94, 0xce, 0x8c, 0xce, 0x94,
  0xf0, 0x94, 0xef, 0x9c, 0x31, 0x9d, 0x31, 0xa5, 0x52, 0xa5, 0x52, 0xad,
  0x73, 0xa5, 0x73, 0xad, 0xb4, 0xad, 0xb4, 0xb5, 0xd5, 0xad, 0xd5, 0xb5,
  0x16, 0xbe, 0x16, 0xc6, 0x37, 0xbe, 0x37, 0xc6, 0x58, 0xc6, 0x58, 0xce,
  0x99, 0xce, 0x98, 0xd6, 0x9a, 0xce, 0x99, 0xd6, 0x9a, 0xce, 0x99, 0xd6,
  0x9a, 0xce, 0x99, 0xd6, 0x9a, 0xce, 0x79, 0xd6, 0x7a, 0xce, 0x59, 0xce,
  0x59, 0xce, 0x59, 0xce, 0x59, 0xc6, 0x38, 0xc6, 0x39, 0xc6, 0x18, 0xc6,
  0x19, 0xbe, 0xf8, 0xc5, 0x18, 0xbe, 0xd7, 0xbd, 0xd8, 0xb5, 0xb7, 0xbd,
  0xb7, 0xb5, 0xb6, 0xb5, 0xb6, 0xad, 0x96, 0xb5, 0x96, 0xad, 0x75, 0xad,
  0x76, 0xa5, 0x55, 0xad, 0x55, 0xa5, 0x34, 0xa5, 0x35, 0xa5, 0x14, 0xa5,
  0x14, 0x9d, 0xf4, 0xa4, 0x14, 0x9d, 0xf3, 0x9c, 0xf4, 0x9c, 0xd3, 0x9c,
  0xf3, 0x94, 0xd3, 0x94, 0xb3, 0x94, 0xb2, 0x94, 0xb3, 0x8c, 0x92, 0x94,
  0xb2, 0x8c, 0x92, 0x94, 0x92, 0x8c, 0x71, 0x8c, 0x71, 0x84, 0x51, 0x8c,
  0x51, 0x84, 0x30, 0x84, 0x31, 0x7c, 0x10, 0x7c, 0x10, 0x7c, 0xef, 0x7b,
  0xef, 0x73, 0xce, 0x73, 0xcf, 0x73, 0xae, 0x73, 0xae, 0x6b, 0x6d, 0x6b,
  0xe0, 0x18, 0xe0, 0x10, 0xe0, 0x18, 0xe0, 0x10, 0xe0, 0x18, 0x00, 0x11,
  0x00, 0x19, 0x00, 0x19, 0x00, 0x19, 0x20, 0x19, 0x00, 0x21, 0x40, 0x21,
  0x40, 0x21, 0x60, 0x21, 0x40, 0x21, 0x60, 0x21, 0x60, 0x29, 0x60, 0x21,
  0x40, 0x21, 0x60, 0x21, 0x60, 0x21, 0x60, 0x21, 0x60, 0x21, 0x80, 0x21,
  0x80, 0x29, 0xa0, 0x29, 0xa0, 0x29, 0xc0, 0x29, 0xa0, 0x31, 0xc0, 0x29,
  0xc0, 0x31, 0xe0, 0x31, 0xe0, 0x39, 0x01, 0x32, 0x00, 0x3a, 0x41, 0x3a,
  0x41, 0x42, 0x81, 0x42, 0x81, 0x4a, 0xa2, 0x4a, 0xa2, 0x52, 0xc3, 0x4a,
  0xc2, 0x52, 0xe3, 0x52, 0xe3, 0x5a, 0x04, 0x53, 0x04, 0x5b, 0x25, 0x5b,
  0x45, 0x63, 0x66, 0x5b, 0x66, 0x63, 0x86, 0x63, 0x86, 0x6b, 0xa7, 0x63,
  0xa7, 0x6b, 0xc8, 0x6b, 0xe9, 0x73, 0x0a, 0x74, 0xea, 0x73, 0x0a, 0x74,
  0x0a, 0x7c, 0x4b, 0x7c, 0x4b, 0x84, 0x6c, 0x7c, 0x6c, 0x8c, 0xad, 0x84,
  0xad, 0x8c, 0xce, 0x8c, 0xce, 0x94, 0x0f, 0x95, 0x0f, 0x9d, 0x30, 0x9d,
  0x50, 0xa5, 0x71, 0xa5, 0x72, 0xad, 0x92, 0xad, 0x92, 0xb5, 0xb3, 0xad,
  0xb3, 0xb5, 0xd4, 0xb5, 0xd4, 0xbd, 0x15, 0xbe, 0x15, 0xc6, 0x36, 0xc6,
  0x36, 0xce, 0x57, 0xc6, 0x57, 0xce, 0x78, 0xce, 0x77, 0xd6, 0x98, 0xce,
  0x98, 0xd6, 0xb9, 0xd6, 0x99, 0xd6, 0xd9, 0xd6, 0xb9, 0xde, 0xda, 0xd6,
  0xb9, 0xde, 0xb9, 0xd6, 0x99, 0xd6, 0xba, 0xd6, 0x9a, 0xd6, 0xbb, 0xd6,
  0xba, 0xde, 0xdb, 0xd6, 0xba, 0xde, 0xdb, 0xd6, 0xba, 0xde, 0xdb, 0xd6,
  0xba, 0xde, 0xbb, 0xd6, 0x9a, 0xd6, 0x9a, 0xd6, 0x79, 0xd6, 0x7a, 0xce,
  0x59, 0xce, 0x59, 0xc6, 0x38, 0xce, 0x38, 0xc6, 0xf7, 0xc5, 0x18, 0xbe,
  0xd7, 0xbd, 0xd7, 0xb5, 0xb6, 0xb5, 0x96, 0xad, 0x75, 0xad, 0x75, 0xa5,
  0x34, 0xa5, 0x34, 0x9d, 0x13, 0xa5, 0xf3, 0x94, 0xd2, 0x9c, 0xd2, 0x94,
  0x91, 0x8c, 0x91, 0x8c, 0x50, 0x8c, 0x50, 0x84, 0x2f, 0x84, 0x2f, 0x7c,
  0xee, 0x7b, 0xee, 0x73, 0xce, 0x73, 0xce, 0x6b, 0x8d, 0x73, 0x8e, 0x6b,
  0x6d, 0x6b, 0x6d, 0x63, 0x4c, 0x6b, 0x6d, 0x63, 0x2b, 0x63, 0x4c, 0x5b,
  0x2b, 0x63, 0x4c, 0x5b, 0x2b, 0x63, 0x2c, 0x5b, 0x0b, 0x63, 0x0b, 0x5b,
  0xeb, 0x5a, 0xeb, 0x52, 0xeb, 0x5a, 0xeb, 0x52, 0xeb, 0x5a, 0xeb, 0x52,
  0xca, 0x52, 0xeb, 0x52, 0xca, 0x52, 0xeb, 0x52, 0xca, 0x52, 0xeb, 0x52,
  0xeb, 0x5a, 0x0b, 0x53, 0xeb, 0x5a, 0x0b, 0x53, 0xeb, 0x5a, 0x2c, 0x5b,
  0x0b, 0x5b, 0x2c, 0x5b, 0x0b, 0x63, 0x2c, 0x5b, 0x2b, 0x5b, 0x2c, 0x5b,
  0x0b, 0x63, 0x2c, 0x5b, 0x2c, 0x63, 0x2c, 0x5b, 0x2c, 0x63, 0x2c, 0x5b,
  0x2b, 0x5b, 0x2c, 0x5b, 0x0b, 0x5b, 0x2c, 0x5b, 0xeb, 0x5a, 0x0c, 0x5b,
  0x0b, 0x5b, 0x0c, 0x53, 0xeb, 0x5a, 0x0c, 0x53, 0xeb, 0x5a, 0xeb, 0x52,
  0xeb, 0x5a, 0xeb, 0x52, 0xc9, 0x52, 0xc8, 0x5a, 0xe9, 0x52, 0xc9, 0x5a,
  0x09, 0x5b, 0x09, 0x5b, 0x2a, 0x5b, 0x2a, 0x63, 0x4a, 0x63, 0x6a, 0x6b,
  0x8b, 0x6b, 0x8b, 0x73, 0xac, 0x6b, 0xac, 0x73, 0xcd, 0x73, 0xcc, 0x7b,
  0xed, 0x7b, 0xed, 0x83, 0x2e, 0x7c, 0x2e, 0x84, 0x4f, 0x84, 0x4f, 0x8c,
  0x90, 0x8c, 0x8f, 0x94, 0xd1, 0x94, 0xd1, 0x9c, 0xf1, 0x94, 0x11, 0xa5,
  0x32, 0x9d, 0x32, 0xa5, 0x54, 0xa5, 0x53, 0xad, 0x94, 0xad, 0x94, 0xb5,
  0xb5, 0xb5, 0xb5, 0xb5, 0xd6, 0xb5, 0xf6, 0xbd, 0x17, 0xbe, 0x17, 0xc6,
  0x38, 0xc6, 0x37, 0xce, 0x58, 0xc6, 0x58, 0xce, 0x79, 0xce, 0x78, 0xce,
  0x99, 0xce, 0x79, 0xd6, 0x9a, 0xce, 0x99, 0xd6, 0xba, 0xd6, 0x99, 0xd6,
  0xba, 0xd6, 0x9a, 0xd6, 0xbb, 0xd6, 0x9a, 0xd6, 0xba, 0xd6, 0x9a, 0xd6,
  0xbb, 0xd6, 0x9a, 0xd6, 0x9a, 0xd6, 0x9a, 0xd6, 0x9a, 0xce, 0x79, 0xd6,
  0x9a, 0xce, 0x79, 0xd6, 0x7a, 0xce, 0x59, 0xd6, 0x7a, 0xce, 0x59, 0xce,
  0x59, 0xce, 0x59, 0xce, 0x59, 0xc6, 0x39, 0xce, 0x39, 0xc6, 0x18, 0xc6,
  0x38, 0xc6, 0x18, 0xc6, 0x18, 0xbe, 0xf8, 0xc5, 0x18, 0xbe, 0xd7, 0xbd,
  0xd7, 0xb5, 0xb6, 0xb5, 0xb6, 0xad, 0x75, 0xb5, 0x75, 0xad, 0x34, 0xad,
  0x35, 0xa5, 0x14, 0xa5, 0x14, 0x9d, 0xd3, 0x9c, 0xd3, 0x94, 0xb2, 0x94,
  0xb2, 0x8c, 0x91, 0x8c, 0x92, 0x84, 0x50, 0x84, 0x30, 0x7c, 0xef, 0x7b,
  0xef, 0x73, 0xef, 0x7b, 0xef, 0x73, 0xae, 0x73, 0xae, 0x6b, 0x8d, 0x6b,
  0x6d, 0x63, 0x4c, 0x63, 0x6d, 0x5b, 0x4c, 0x63, 0x4c, 0x5b, 0x2c, 0x5b,
  0x2c, 0x5b, 0x0b, 0x5b, 0x2c, 0x53, 0x0b, 0x5b, 0x0b, 0x53, 0x0b, 0x5b,
  0x0b, 0x53, 0x0b, 0x5b, 0x0c, 0x53, 0x0b, 0x5b, 0x2c, 0x53, 0x2b, 0x5b,
  0x2c, 0x5b, 0x2c, 0x5b, 0x4c, 0x5b, 0x4c, 0x5b, 0x6d, 0x5b, 0x4c, 0x63,
  0x6d, 0x5b, 0x6d, 0x63, 0x8e, 0x63, 0x6d, 0x63, 0xae, 0x63, 0xae, 0x6b,
  0xaf, 0x6b, 0xce, 0x73, 0xef, 0x73, 0xef, 0x7b, 0x30, 0x74, 0x30, 0x7c,
  0x51, 0x7c, 0x51, 0x84, 0x72, 0x7c, 0x71, 0x84, 0x92, 0x84, 0x92, 0x8c,
  0x93, 0x84, 0x92, 0x8c, 0xd3, 0x8c, 0xd3, 0x94, 0xd4, 0x8c, 0xd3, 0x94,
  0xf4, 0x94, 0xd3, 0x94, 0x14, 0x95, 0xf4, 0x94, 0x35, 0x95, 0x14, 0x9d,
  0x15, 0x95, 0x14, 0x9d, 0x15, 0x95, 0x14, 0x9d, 0x35, 0x9d, 0x15, 0x9d,
  0x35, 0x9d, 0x35, 0x9d, 0x35, 0x9d, 0x35, 0xa5, 0x35, 0x9d, 0x35, 0xa5,
  0x35, 0x9d, 0x35, 0x9d, 0x35, 0x9d, 0x34, 0x9d, 0x35, 0x9d, 0x34, 0x9d,
  0x35, 0x9d, 0x14, 0x9d, 0x35, 0x95, 0x14, 0x9d, 0x15, 0x95, 0xf4, 0x9c,
  0x14, 0x95, 0xf4, 0x9c, 0xf4, 0x94, 0xd3, 0x94, 0xd4, 0x8c, 0xd3, 0x94,
  0xb4, 0x8c, 0x93, 0x94, 0xb3, 0x8c, 0x92, 0x8c, 0xb3, 0x8c, 0x72, 0x8c,
  0x72, 0x84, 0x51, 0x84, 0x52, 0x7c, 0x51, 0x84, 0x54, 0xad, 0x75, 0xa5,
  0x54, 0xad, 0x75, 0xad, 0x75, 0xb5, 0x96, 0xad, 0x95, 0xb5, 0xb6, 0xb5,
  0xb5, 0xb5, 0xb6, 0xb5, 0xb6, 0xbd, 0xd6, 0xb5, 0xd6, 0xbd, 0xf7, 0xb5,
  0xd6, 0xbd, 0xf7, 0xbd, 0xd6, 0xbd, 0xd7, 0xbd, 0xd6, 0xbd, 0xf7, 0xbd,
  0xb6, 0xbd, 0xd7, 0xbd, 0xb6, 0xbd, 0xd7, 0xb5, 0xb6, 0xbd, 0xb6, 0xb5,
  0x96, 0xbd, 0xb6, 0xb5, 0x95, 0xb5, 0x96, 0xb5, 0x75, 0xb5, 0x75, 0xad,
  0x55, 0xad, 0x55, 0xad, 0x34, 0xad, 0x34, 0xa5, 0x14, 0xa5, 0x34, 0xa5,
  0xf3, 0xa4, 0x13, 0x9d, 0xd2, 0x9c, 0xd3, 0x94, 0xb1, 0x94, 0xb2, 0x8c,
  0x91, 0x94, 0x71, 0x8c, 0x50, 0x8c, 0x50, 0x84, 0x0f, 0x84, 0x0f, 0x7c,
  0xef, 0x7b, 0xef, 0x73, 0xae, 0x73, 0xae, 0x6b, 0x8d, 0x73, 0x8d, 0x6b,
  0x6c, 0x6b, 0x6d, 0x63, 0x4c, 0x6b, 0x6c, 0x63, 0x4c, 0x63, 0x4c, 0x63,
  0x2b, 0x63, 0x2c, 0x5b, 0x2b, 0x63, 0x2c, 0x5b, 0x2b, 0x63, 0x2c, 0x5b,
  0x2b, 0x63, 0x4c, 0x5b, 0x2b, 0x63, 0x4c, 0x5b, 0x2b, 0x63, 0x4c, 0x5b,
  0x2b, 0x63, 0x2c, 0x5b, 0x2b, 0x5b, 0x4c, 0x5b, 0x2c, 0x63, 0x4c, 0x5b,
  0x2b, 0x5b, 0x4c, 0x5b, 0x2b, 0x5b, 0x4c, 0x5b, 0x2b, 0x5b, 0x4c, 0x5b,
  0x2b, 0x5b, 0x4c, 0x5b, 0x2b, 0x63, 0x4c, 0x5b, 0x4c, 0x63, 0x6d, 0x63,
  0x6c, 0x63, 0x8d, 0x63, 0x8d, 0x6b, 0xae, 0x63, 0x8d, 0x6b, 0xae, 0x6b,
  0xad, 0x6b, 0xae, 0x6b, 0xce, 0x73, 0xef, 0x73, 0xef, 0x73, 0x10, 0x74,
  0x0f, 0x7c, 0x30, 0x74, 0x30, 0x7c, 0x51, 0x7c, 0x51, 0x84, 0x92, 0x84,
  0x92, 0x8c, 0xd2, 0x8c, 0xd2, 0x94, 0xf3, 0x8c, 0xf3, 0x94, 0x34, 0x95,
  0x14, 0x9d, 0x35, 0x9d, 0x55, 0xa5, 0x75, 0xa5, 0x75, 0xad, 0x96, 0xa5,
  0x96, 0xad, 0xb7, 0xad, 0xd7, 0xb5, 0xf7, 0xb5, 0xf7, 0xb5, 0x18, 0xb6,
  0x18, 0xbe, 0x38, 0xbe, 0x18, 0xc6, 0x39, 0xbe, 0x38, 0xc6, 0x59, 0xc6,
  0x59, 0xc6, 0x59, 0xc6, 0x59, 0xc6, 0x59, 0xc6, 0x38, 0xc6, 0x39, 0xc6,
  0x18, 0xc6, 0x39, 0xbe, 0x18, 0xc6, 0x18, 0xbe, 0xd7, 0xbd, 0xd7, 0xb5,
  0xb6, 0xb5, 0xb6, 0xad, 0x75, 0xad, 0x76, 0xad, 0x54, 0xad, 0x55, 0xa5,
  0x34, 0xa5, 0x34, 0x9d, 0x13, 0xa5, 0xf3, 0x9c, 0xd2, 0x9c, 0xd3, 0x94,
  0xb2, 0x94, 0x92, 0x8c, 0x71, 0x8c, 0x71, 0x8c, 0x50, 0x8c, 0x51, 0x84,
  0x30, 0x84, 0x30, 0x7c, 0x0f, 0x84, 0x10, 0x7c, 0xef, 0x7b, 0xef, 0x73,
  0xee, 0x7b, 0xef, 0x73, 0xce, 0x7b, 0xee, 0x73, 0xae, 0x73, 0xce, 0x73,
  0xae, 0x73, 0xce, 0x6b, 0xad, 0x73, 0xae, 0x6b, 0x8d, 0x6b, 0xae, 0x6b,
  0x8d, 0x6b, 0xad, 0x63, 0x6c, 0x6b, 0x8d, 0x63, 0x6c, 0x6b, 0x6c, 0x63,
  0x4c, 0x6b, 0x4c, 0x63, 0x2b, 0x63, 0x4c, 0x5b, 0x2b, 0x63, 0x2b, 0x5b,
  0x0b, 0x5b, 0x0b, 0x5b, 0xea, 0x5a, 0xeb, 0x52, 0xca, 0x5a, 0xcb, 0x52,
  0x8a, 0x4a, 0x8a, 0x52, 0xaa, 0x52, 0x8a, 0x52, 0xab, 0x52, 0x8a, 0x52,
  0xca, 0x52, 0xaa, 0x52, 0xcb, 0x52, 0xaa, 0x52, 0xca, 0x4a, 0xaa, 0x52,
  0xca, 0x4a, 0xaa, 0x52, 0xca, 0x4a, 0xaa, 0x52, 0xaa, 0x4a, 0xaa, 0x52,
  0xaa, 0x4a, 0xaa, 0x52, 0xca, 0x4a, 0xaa, 0x52, 0xaa, 0x4a, 0xaa, 0x52,
  0xaa, 0x4a, 0xaa, 0x52, 0xca, 0x4a, 0xaa, 0x52, 0xcb, 0x4a, 0xaa, 0x52,
  0xcb, 0x4a, 0xaa, 0x52, 0xcb, 0x4a, 0xca, 0x52, 0xcb, 0x52, 0xaa, 0x52,
  0xcb, 0x4a, 0xca, 0x52, 0xcb, 0x4a, 0xca, 0x52, 0xeb, 0x4a, 0xeb, 0x52,
  0x0c, 0x53, 0xeb, 0x52, 0x0c, 0x53, 0xeb, 0x52, 0x0c, 0x53, 0x0b, 0x5b,
  0x0c, 0x53, 0x0c, 0x5b, 0x2c, 0x5b, 0x2c, 0x5b, 0x4d, 0x5b, 0x4d, 0x63,
  0x6d, 0x63, 0x6d, 0x63, 0x8e, 0x63, 0x8e, 0x6b, 0xaf, 0x63, 0xae, 0x6b,
  0xcf, 0x6b, 0xcf, 0x73, 0x10, 0x74, 0xef, 0x73, 0x30, 0x74, 0x30, 0x7c,
  0x51, 0x7c, 0x51, 0x84, 0x92, 0x84, 0x92, 0x8c, 0xb3, 0x84, 0xb2, 0x8c,
  0xd3, 0x8c, 0xd3, 0x94, 0xf4, 0x8c, 0xf3, 0x94, 0x14, 0x95, 0x14, 0x9d,
  0x55, 0x9d, 0x35, 0x9d, 0x75, 0x9d, 0x75, 0xa5, 0x76, 0xa5, 0x96, 0xad,
  0xb7, 0xad, 0xb7, 0xb5, 0xd8, 0xb5, 0xd7, 0xb5, 0xf8, 0xb5, 0xf8, 0xbd,
  0x18, 0xb6, 0x18, 0xbe, 0x39, 0xbe, 0x19, 0xc6, 0x59, 0xbe, 0x39, 0xc6,
  0x59, 0xc6, 0x59, 0xc6, 0x7a, 0xc6, 0x5a, 0xce, 0x9a, 0xc6, 0x79, 0xce,
  0x7a, 0xc6, 0x5a, 0xce, 0x7a, 0xc6, 0x5a, 0xce, 0x7a, 0xc6, 0x59, 0xc6,
  0x5a, 0xc6, 0x39, 0xc6, 0x39, 0xbe, 0x18, 0xc6, 0x19, 0xbe, 0xf8, 0xbd,
  0xf8, 0xb5, 0xd7, 0xbd, 0xd8, 0xb5, 0xb7, 0xb5, 0x96, 0xad, 0x76, 0xad,
  0x75, 0xa5, 0x34, 0xa5, 0x35, 0x9d, 0x14, 0xa5, 0x34, 0x9d, 0xf3, 0x9c,
  0xf3, 0x94, 0xb2, 0x94, 0xb2, 0x8c, 0x91, 0x8c, 0x71, 0x84, 0x30, 0x84,
  0x30, 0x7c, 0xef, 0x7b, 0xce, 0x73, 0xad, 0x73, 0xae, 0x6b, 0x8d, 0x6b,
  0x8d, 0x6b, 0x6c, 0x6b, 0x6d, 0x63, 0x6c, 0x6b, 0x6d, 0x63, 0x4c, 0x63,
  0x6c, 0x63, 0x4c, 0x63, 0x6d, 0x63, 0x4c, 0x63, 0x6d, 0x63, 0x6c, 0x6b,
  0x8d, 0x63, 0x6c, 0x6b, 0x8d, 0x63, 0x6d, 0x6b, 0x8d, 0x63, 0x8d, 0x6b,
  0xae, 0x6b, 0x8d, 0x6b, 0xae, 0x6b, 0xae, 0x73, 0xcf, 0x6b, 0xae, 0x73,
  0xef, 0x73, 0xef, 0x7b, 0x0f, 0x74, 0xef, 0x7b, 0x10, 0x7c, 0x0f, 0x7c,
  0x50, 0x7c, 0x50, 0x84, 0x51, 0x7c, 0x50, 0x84, 0x51, 0x7c, 0x50, 0x84,
  0x51, 0x7c, 0x51, 0x84, 0x71, 0x7c, 0x51, 0x84, 0x71, 0x84, 0x51, 0x84,
  0x71, 0x7c, 0x51, 0x84, 0x51, 0x7c, 0x51, 0x84, 0x51, 0x7c, 0x30, 0x7c,
  0x31, 0x7c, 0x10, 0x7c, 0x10, 0x7c, 0xf0, 0x7b, 0x10, 0x74, 0xef, 0x7b,
  0xf0, 0x73, 0xef, 0x73, 0xcf, 0x73, 0xae, 0x73, 0xcf, 0x73, 0xae, 0x73,
  0xcf, 0x6b, 0xae, 0x73, 0x48, 0x4a, 0x69, 0x42, 0x69, 0x4a, 0x8a, 0x4a,
  0x89, 0x4a, 0xaa, 0x4a, 0xaa, 0x52, 0xcb, 0x52, 0xca, 0x52, 0x0b, 0x53,
  0x0b, 0x5b, 0x2c, 0x5b, 0x2c, 0x63, 0x6d, 0x63, 0x6d, 0x6b, 0xae, 0x6b,
  0xae, 0x73, 0xef, 0x73, 0xef, 0x7b, 0x30, 0x7c, 0x2f, 0x7c, 0x50, 0x7c,
  0x50, 0x84, 0x71, 0x84, 0x71, 0x84, 0x92, 0x84, 0x91, 0x8c, 0xb2, 0x8c,
  0xb2, 0x94, 0xd3, 0x94, 0xd3, 0x94, 0xf3, 0x94, 0xf3, 0x9c, 0x14, 0x95,
  0x14, 0x9d, 0x35, 0x9d, 0x34, 0xa5, 0x55, 0x9d, 0x55, 0xa5, 0x75, 0xa5,
  0x75, 0xad, 0x96, 0xa5, 0x95, 0xad, 0xb6, 0xad, 0xb6, 0xb5, 0xb6, 0xad,
  0xb6, 0xb5, 0xd7, 0xad, 0xd6, 0xb5, 0xf7, 0xb5, 0xd6, 0xb5, 0xf7, 0xb5,
  0xd7, 0xbd, 0xf8, 0xb5, 0xf7, 0xbd, 0x18, 0xb6, 0xf8, 0xbd, 0x18, 0xbe,
  0xf8, 0xc5, 0x18, 0xbe, 0x18, 0xc6, 0x18, 0xbe, 0x18, 0xc6, 0x39, 0xc6,
  0x38, 0xc6, 0x59, 0xc6, 0x38, 0xc6, 0x59, 0xc6, 0x58, 0xce, 0x59, 0xc6,
  0x59, 0xce, 0x7a, 0xc6, 0x59, 0xce, 0x7a, 0xc6, 0x59, 0xce, 0x59, 0xc6,
  0x59, 0xc6, 0x59, 0xc6, 0x38, 0xc6, 0x38, 0xbe, 0x18, 0xc6, 0x18, 0xbe,
  0x17, 0xc6, 0x18, 0xbe, 0xd7, 0xbd, 0xd7, 0xb5, 0xb6, 0xbd, 0xb6, 0xb5,
  0x95, 0xb5, 0x75, 0xad, 0x54, 0xad, 0x54, 0xa5, 0x13, 0xa5, 0x14, 0x9d,
  0xf3, 0x9c, 0xd3, 0x94, 0xb1, 0x94, 0x91, 0x8c, 0x70, 0x8c, 0x50, 0x84,
  0x2f, 0x84, 0x2f, 0x7c, 0xee, 0x7b, 0xee, 0x73, 0xad, 0x73, 0xad, 0x6b,
  0x8c, 0x6b, 0x8d, 0x6b, 0x6c, 0x6b, 0x6c, 0x63, 0x6b, 0x6b, 0x6b, 0x63,
  0x4b, 0x63, 0x4b, 0x5b, 0x2a, 0x63, 0x2b, 0x5b, 0x2a, 0x63, 0x4b, 0x5b,
  0x2a, 0x63, 0x4b, 0x5b, 0x4b, 0x63, 0x6b, 0x5b, 0x6b, 0x6b, 0x8c, 0x6b,
  0x8c, 0x6b, 0xcd, 0x6b, 0xad, 0x73, 0xee, 0x73, 0xee, 0x7b, 0x0f, 0x7c,
  0x0f, 0x7c, 0x50, 0x7c, 0x50, 0x8c, 0x91, 0x8c, 0x91, 0x94, 0xd2, 0x94,
  0xd2, 0x9c, 0x13, 0x95, 0x13, 0xa5, 0x34, 0x9d, 0x34, 0xa5, 0x55, 0x9d,
  0x54, 0xa5, 0x75, 0xa5, 0x75, 0xad, 0x76, 0xa5, 0x75, 0xad, 0x96, 0xa5,
  0x75, 0xad, 0x75, 0xa5, 0x75, 0xad, 0x75, 0xa5, 0x55, 0xa5, 0x75, 0xa5,
  0x34, 0xa5, 0x35, 0x9d, 0x34, 0x9d, 0x34, 0x9d, 0x13, 0x9d, 0x14, 0x95,
  0xd3, 0x94, 0xd3, 0x8c, 0xb2, 0x94, 0xb2, 0x8c, 0x92, 0x8c, 0x92, 0x84,
  0x71, 0x8c, 0x51, 0x7c, 0x50, 0x84, 0x51, 0x7c, 0x0f, 0x7c, 0x10, 0x74,
  0xef, 0x7b, 0xef, 0x73, 0xce, 0x73, 0xce, 0x6b, 0xae, 0x73, 0xae, 0x6b,
  0x8d, 0x6b, 0x6d, 0x63, 0x4c, 0x63, 0x6d, 0x63, 0x4c, 0x63, 0x4c, 0x5b,
  0x2b, 0x5b, 0x2c, 0x5b, 0x0b, 0x5b, 0x0b, 0x53, 0xeb, 0x5a, 0xeb, 0x52,
  0xca, 0x52, 0xeb, 0x52, 0xca, 0x52, 0xca, 0x4a, 0x8a, 0x52, 0xaa, 0x4a,
  0x89, 0x52, 0x8a, 0x4a, 0x89, 0x4a, 0x89, 0x4a, 0x72, 0x84, 0x71, 0x8c,
  0x92, 0x8c, 0x92, 0x94, 0xd3, 0x94, 0xd3, 0x9c, 0x14, 0x95, 0x14, 0x9d,
  0x35, 0x9d, 0x35, 0xa5, 0x55, 0xa5, 0x75, 0xad, 0x96, 0xad, 0x96, 0xb5,
  0xb7, 0xad, 0xb7, 0xb5, 0xf8, 0xb5, 0xd7, 0xbd, 0xf8, 0xb5, 0xf8, 0xbd,
  0x18, 0xb6, 0xf8, 0xbd, 0x18, 0xb6, 0xf8, 0xbd, 0x18, 0xbe, 0x18, 0xc6,
  0x39, 0xbe, 0x18, 0xc6, 0x39, 0xbe, 0x18, 0xc6, 0x39, 0xbe, 0x18, 0xc6,
  0x39, 0xbe, 0x18, 0xc6, 0x19, 0xbe, 0x18, 0xbe, 0x18, 0xbe, 0xf8, 0xbd,
  0xf8, 0xb5, 0xf7, 0xbd, 0xd8, 0xb5, 0xb7, 0xb5, 0xb7, 0xb5, 0x96, 0xb5,
  0x97, 0xad, 0x76, 0xad, 0x76, 0xa5, 0x55, 0xa5, 0x55, 0xa5, 0x34, 0xa5,
  0x35, 0x9d, 0xf4, 0x9c, 0xf4, 0x94, 0xd3, 0x9c, 0xd3, 0x94, 0xb2, 0x94,
  0x92, 0x8c, 0x92, 0x8c, 0x72, 0x84, 0x51, 0x8c, 0x71, 0x84, 0x50, 0x84,
  0x51, 0x7c, 0x0f, 0x7c, 0x0f, 0x7c, 0xee, 0x7b, 0xef, 0x73, 0xae, 0x73,
  0xae, 0x6b, 0xad, 0x73, 0xae, 0x6b, 0x8d, 0x6b, 0x8d, 0x6b, 0x6c, 0x6b,
  0x6d, 0x63, 0x4c, 0x63, 0x6c, 0x63, 0x4b, 0x63, 0x4c, 0x5b, 0x2b, 0x63,
  0x2b, 0x5b, 0x2b, 0x63, 0x2b, 0x5b, 0x2b, 0x63, 0x2b, 0x5b, 0x2b, 0x5b,
  0x2b, 0x5b, 0x2b, 0x5b, 0x2b, 0x5b, 0x2b, 0x63, 0x2b, 0x5b, 0x2b, 0x63,
  0x6c, 0x63, 0x6c, 0x6b, 0xad, 0x6b, 0xad, 0x73, 0xcd, 0x6b, 0xcd, 0x73,
  0xee, 0x73, 0xee, 0x7b, 0x2f, 0x74, 0x4f, 0x7c, 0x70, 0x7c, 0x70, 0x84,
  0x91, 0x84, 0x91, 0x8c, 0xd2, 0x8c, 0xd2, 0x94, 0x13, 0x95, 0x13, 0x9d,
  0x34, 0x9d, 0x33, 0x9d, 0x54, 0x9d, 0x54, 0xa5, 0x75, 0x9d, 0x55, 0xa5,
  0x75, 0xa5, 0x75, 0xa5, 0x76, 0xa5, 0x76, 0xad, 0x76, 0xa5, 0x75, 0xa5,
  0x76, 0xa5, 0x55, 0xad, 0x76, 0xa5, 0x55, 0xa5, 0x55, 0xa5, 0x34, 0xa5,
  0x35, 0x9d, 0xf4, 0x9c, 0xf4, 0x94, 0xd3, 0x94, 0xd3, 0x94, 0x92, 0x94,
  0x92, 0x84, 0x71, 0x84, 0x71, 0x7c, 0x30, 0x84, 0x50, 0x7c, 0x0f, 0x7c,
  0x10, 0x74, 0xef, 0x73, 0xef, 0x6b, 0xae, 0x6b, 0xae, 0x63, 0x8d, 0x63,
  0x6d, 0x63, 0x4c, 0x63, 0x6d, 0x5b, 0x4c, 0x5b, 0x4c, 0x5b, 0x2b, 0x5b,
  0x2c, 0x53, 0x2b, 0x5b, 0x2c, 0x53, 0x0b, 0x5b, 0x0c, 0x53, 0xeb, 0x5a,
  0x0c, 0x53, 0xeb, 0x5a, 0x0c, 0x53, 0x0b, 0x5b, 0x2c, 0x53, 0x2c, 0x5b,
  0x2c, 0x5b, 0x2c, 0x5b, 0x4d, 0x5b, 0x4c, 0x63, 0x6d, 0x5b, 0x6d, 0x63,
  0x8e, 0x63, 0x8e, 0x6b, 0xae, 0x63, 0x8e, 0x6b, 0xae, 0x63, 0xae, 0x6b,
  0xef, 0x6b, 0xef, 0x73, 0x10, 0x74, 0x10, 0x7c, 0x30, 0x74, 0x10, 0x7c,
  0x31, 0x7c, 0x30, 0x7c, 0x51, 0x7c, 0x30, 0x7c, 0x51, 0x7c, 0x31, 0x84,
  0x51, 0x7c, 0x31, 0x84, 0x51, 0x7c, 0x31, 0x84, 0x52, 0x7c, 0x51, 0x84,
  0x72, 0x7c, 0x51, 0x84, 0x72, 0x7c, 0x71, 0x84, 0x72, 0x7c, 0x72, 0x84,
  0x71, 0x8c, 0x92, 0x8c, 0x92, 0x94, 0xb3, 0x94, 0xb2, 0x94, 0xd3, 0x94,
  0xb2, 0x94, 0xd2, 0x94, 0xb2, 0x94, 0xb2, 0x94, 0x91, 0x94, 0x92, 0x8c,
  0x91, 0x94, 0x92, 0x8c, 0x71, 0x8c, 0x71, 0x84, 0x50, 0x8c, 0x30, 0x84,
  0x2f, 0x84, 0x2f, 0x7c, 0x0f, 0x7c, 0x0f, 0x7c, 0xee, 0x7b, 0xef, 0x73,
  0xce, 0x73, 0xce, 0x73, 0xad, 0x73, 0xad, 0x6b, 0x6c, 0x6b, 0x6d, 0x63,
  0x4c, 0x6b, 0x4c, 0x63, 0x2b, 0x63, 0x2c, 0x5b, 0x0b, 0x5b, 0x0b, 0x5b,
  0xca, 0x5a, 0xca, 0x52, 0xc9, 0x52, 0xca, 0x52, 0xa9, 0x52, 0xca, 0x52,
  0xa8, 0x52, 0xa9, 0x4a, 0x88, 0x4a, 0x89, 0x4a, 0x68, 0x4a, 0x89, 0x4a,
  0x68, 0x4a, 0x89, 0x4a, 0x88, 0x4a, 0x89, 0x4a, 0x89, 0x52, 0xa9, 0x4a,
  0xa9, 0x52, 0xc9, 0x52, 0xc9, 0x5a, 0x0a, 0x53, 0x0a, 0x5b, 0x2b, 0x5b,
  0x4b, 0x63, 0x6c, 0x63, 0x6c, 0x6b, 0xad, 0x6b, 0x8d, 0x73, 0xce, 0x73,
  0xee, 0x73, 0x0f, 0x74, 0x0e, 0x7c, 0x4f, 0x7c, 0x50, 0x84, 0x71, 0x84,
  0x91, 0x8c, 0xd2, 0x8c, 0xd2, 0x94, 0xf3, 0x94, 0xf3, 0x9c, 0x34, 0x9d,
  0x34, 0xa5, 0x54, 0xa5, 0x74, 0xad, 0x95, 0xad, 0x95, 0xad, 0xb6, 0xad,
  0xb6, 0xb5, 0xd7, 0xb5, 0xb6, 0xb5, 0xd7, 0xb5, 0xb6, 0xb5, 0xd7, 0xb5,
  0xb6, 0xb5, 0xd7, 0xb5, 0xb6, 0xb5, 0xd7, 0xb5, 0xb6, 0xb5, 0xb6, 0xad,
  0x96, 0xb5, 0x96, 0xad, 0x75, 0xad, 0x75, 0xa5, 0x34, 0xa5, 0x34, 0x9d,
  0xf3, 0x9c, 0xf3, 0x94, 0xb2, 0x94, 0xb2, 0x8c, 0x71, 0x8c, 0x51, 0x84,
  0x30, 0x84, 0x30, 0x7c, 0xef, 0x7b, 0xef, 0x73, 0xae, 0x73, 0xae, 0x6b,
  0x6d, 0x6b, 0x6d, 0x63, 0x4c, 0x63, 0x4c, 0x5b, 0x2b, 0x63, 0x2c, 0x5b,
  0x0b, 0x5b, 0x0b, 0x53, 0x0b, 0x5b, 0x0b, 0x53, 0x0b, 0x5b, 0x2b, 0x53,
  0x0b, 0x5b, 0x2b, 0x53, 0x2b, 0x5b, 0x2b, 0x53, 0x2b, 0x5b, 0x4c, 0x5b,
  0x4b, 0x63, 0x6c, 0x5b, 0x6c, 0x63, 0x8d, 0x63, 0x8d, 0x6b, 0xce, 0x6b,
  0xce, 0x73, 0xef, 0x73, 0xef, 0x7b, 0x30, 0x7c, 0x30, 0x7c, 0x71, 0x7c,
  0x71, 0x84, 0x92, 0x84, 0xb2, 0x8c, 0xd3, 0x8c, 0xd3, 0x94, 0x14, 0x95,
  0x14, 0x9d, 0x35, 0x9d, 0x34, 0xa5, 0x75, 0x9d, 0x75, 0xa5, 0x76, 0xa5,
  0x75, 0xad, 0x96, 0xa5, 0x96, 0xad, 0xb7, 0xad, 0xb6, 0xb5, 0xd7, 0xad,
  0xb7, 0xb5, 0xd7, 0xad, 0xb7, 0xb5, 0xd8, 0xb5, 0xd7, 0xb5, 0xd8, 0xb5,
  0xd7, 0xb5, 0xf8, 0xb5, 0xd7, 0xb5, 0xd7, 0xad, 0xb7, 0xb5, 0xb7, 0xad,
  0x96, 0xad, 0x96, 0xa5, 0x75, 0xad, 0x76, 0xa5, 0x55, 0xa5, 0x55, 0x9d,
  0x14, 0xa5, 0x14, 0x9d, 0xf3, 0x9c, 0xd3, 0x94, 0xb2, 0x94, 0xb2, 0x8c,
  0x71, 0x8c, 0x71, 0x84, 0x50, 0x8c, 0x50, 0x7c, 0x30, 0x84, 0x10, 0x7c,
  0x0f, 0x7c, 0xef, 0x73, 0xce, 0x73, 0xce, 0x73, 0xad, 0x73, 0x8d, 0x6b,
  0x6c, 0x6b, 0x6d, 0x63, 0x48, 0x3a, 0x47, 0x42, 0x48, 0x3a, 0x47, 0x42,
  0x47, 0x3a, 0x27, 0x42, 0x27, 0x3a, 0x07, 0x42, 0x47, 0x3a, 0x27, 0x42,
  0x47, 0x3a, 0x27, 0x42, 0x48, 0x3a, 0x27, 0x42, 0x48, 0x42, 0x47, 0x42,
  0x68, 0x42, 0x68, 0x4a, 0xa9, 0x4a, 0xa9, 0x52, 0xca, 0x4a, 0xca, 0x52,
  0xeb, 0x52, 0xea, 0x5a, 0x0b, 0x5b, 0x0b, 0x5b, 0x2c, 0x5b, 0x2b, 0x63,
  0x6d, 0x63, 0x6d, 0x6b, 0x8d, 0x6b, 0x8d, 0x6b, 0xce, 0x6b, 0xce, 0x7b,
  0x10, 0x74, 0x0f, 0x7c, 0x50, 0x7c, 0x50, 0x8c, 0x92, 0x84, 0x91, 0x8c,
  0xb2, 0x8c, 0xb2, 0x94, 0xd3, 0x94, 0xd3, 0x94, 0xf4, 0x94, 0xf3, 0x9c,
  0x34, 0x9d, 0x34, 0xa5, 0x55, 0xa5, 0x55, 0xa5, 0x76, 0xa5, 0x75, 0xad,
  0x96, 0xad, 0x96, 0xb5, 0xb7, 0xad, 0xb6, 0xb5, 0xb7, 0xad, 0xb6, 0xb5,
  0xb7, 0xad, 0xb7, 0xb5, 0xb7, 0xad, 0x96, 0xb5, 0xb7, 0xad, 0x96, 0xad,
  0x96, 0xad, 0x76, 0xad, 0x76, 0xa5, 0x75, 0xad, 0x76, 0xa5, 0x55, 0xad,
  0x55, 0xa5, 0x34, 0xa5, 0x35, 0x9d, 0xf4, 0x9c, 0xf3, 0x94, 0xb2, 0x94,
  0xb2, 0x8c, 0x92, 0x8c, 0x72, 0x84, 0x51, 0x8c, 0x51, 0x7c, 0x30, 0x84,
  0x30, 0x74, 0xef, 0x7b, 0xef, 0x73, 0xae, 0x73, 0xae, 0x6b, 0x6d, 0x6b,
  0x6d, 0x63, 0x4c, 0x63, 0x4d, 0x5b, 0x2c, 0x5b, 0x2c, 0x5b, 0x0b, 0x5b,
  0x0c, 0x53, 0xeb, 0x5a, 0x0b, 0x53, 0xcb, 0x52, 0xeb, 0x52, 0xca, 0x52,
  0xcb, 0x4a, 0xcb, 0x52, 0xeb, 0x4a, 0xca, 0x52, 0xcb, 0x4a, 0xcb, 0x52,
  0xeb, 0x52, 0xeb, 0x52, 0x0c, 0x53, 0x2c, 0x5b, 0x4d, 0x5b, 0x6d, 0x63,
  0x8e, 0x63, 0x8e, 0x6b, 0xcf, 0x6b, 0xcf, 0x73, 0x10, 0x74, 0x30, 0x7c,
  0x51, 0x7c, 0x71, 0x84, 0xb2, 0x84, 0xd3, 0x94, 0x14, 0x95, 0x14, 0x9d,
  0x55, 0x9d, 0x75, 0xa5, 0x96, 0xa5, 0xb6, 0xad, 0xd7, 0xad, 0xf7, 0xb5,
  0x19, 0xb6, 0x18, 0xbe, 0x39, 0xbe, 0x39, 0xc6, 0x7a, 0xc6, 0x59, 0xc6,
  0x5a, 0xc6, 0x59, 0xc6, 0x5a, 0xc6, 0x59, 0xce, 0x5a, 0xc6, 0x39, 0xc6,
  0x39, 0xbe, 0x18, 0xbe, 0x18, 0xb6, 0xd8, 0xbd, 0xd8, 0xb5, 0xb7, 0xb5,
  0x96, 0xad, 0x75, 0xad, 0x55, 0xa5, 0x34, 0xa5, 0x14, 0x9d, 0xf3, 0x9c,
  0xd3, 0x94, 0xb2, 0x94, 0x92, 0x8c, 0x71, 0x8c, 0x71, 0x84, 0x30, 0x84,
  0x30, 0x7c, 0x0f, 0x7c, 0x0f, 0x74, 0xee, 0x7b, 0xcf, 0x73, 0xae, 0x73,
  0xae, 0x6b, 0x6d, 0x6b, 0x6d, 0x63, 0x4c, 0x63, 0x2c, 0x5b, 0x0b, 0x5b,
  0x2b, 0x5b, 0x0b, 0x5b, 0x0b, 0x53, 0xea, 0x5a, 0xeb, 0x52, 0xea, 0x5a,
  0xeb, 0x5a, 0xea, 0x5a, 0x2b, 0x5b, 0x0b, 0x5b, 0x2b, 0x5b, 0x2b, 0x63,
  0x4c, 0x5b, 0x4b, 0x63, 0x4c, 0x63, 0x4b, 0x63, 0x6c, 0x63, 0x6c, 0x6b,
  0x6c, 0x63, 0x6c, 0x6b, 0x8d, 0x63, 0x6c, 0x6b, 0x6d, 0x63, 0x6c, 0x6b,
  0x8d, 0x63, 0x6d, 0x6b, 0x8d, 0x6b, 0xad, 0x73, 0x0f, 0x7c, 0x10, 0x7c,
  0x30, 0x84, 0x51, 0x7c, 0x71, 0x8c, 0x92, 0x84, 0xb2, 0x94, 0xd3, 0x8c,
  0xd3, 0x9c, 0xf4, 0x94, 0x13, 0x9d, 0x34, 0x9d, 0x34, 0xa5, 0x35, 0x9d,
  0x34, 0xa5, 0x55, 0xa5, 0x54, 0xa5, 0x55, 0xa5, 0x55, 0xad, 0x75, 0xa5,
  0x55, 0xad, 0x76, 0xad, 0x75, 0xad, 0x76, 0xad, 0x75, 0xad, 0x96, 0xad,
  0x75, 0xad, 0x96, 0xad, 0x75, 0xad, 0x75, 0xa5, 0x54, 0xad, 0x55, 0xa5,
  0x34, 0xa5, 0x34, 0x9d, 0x13, 0xa5, 0x14, 0x9d, 0xd3, 0x9c, 0xd3, 0x94,
  0xb2, 0x94, 0xb2, 0x8c, 0x91, 0x94, 0x91, 0x8c, 0x50, 0x8c, 0x51, 0x84,
  0x30, 0x84, 0x10, 0x7c, 0xef, 0x7b, 0xcf, 0x73, 0xae, 0x73, 0xae, 0x6b,
  0x8d, 0x73, 0x8d, 0x6b, 0x6d, 0x6b, 0x6d, 0x63, 0x4c, 0x63, 0x4c, 0x63,
  0x2b, 0x63, 0x2c, 0x5b, 0xeb, 0x5a, 0x0c, 0x5b, 0xeb, 0x5a, 0x0b, 0x5b,
  0x0b, 0x5b, 0x0b, 0x53, 0xeb, 0x5a, 0x0b, 0x53, 0x0b, 0x5b, 0x2b, 0x53,
  0x0b, 0x5b, 0x2c, 0x5b, 0x2b, 0x5b, 0x2c, 0x5b, 0x2b, 0x5b, 0x2c, 0x5b,
  0x2c, 0x63, 0x2c, 0x5b, 0x4c, 0x63, 0x6d, 0x5b, 0x8d, 0x6b, 0xad, 0x63,
  0xad, 0x6b, 0xce, 0x6b, 0xce, 0x73, 0xef, 0x6b, 0xef, 0x73, 0x0f, 0x74,
  0x30, 0x7c, 0x51, 0x7c, 0x50, 0x84, 0x71, 0x7c, 0x71, 0x8c, 0xb2, 0x84,
  0xb2, 0x8c, 0xd3, 0x8c, 0xd3, 0x94, 0x14, 0x95, 0x14, 0x9d, 0x55, 0x9d,
  0x54, 0xa5, 0x75, 0xa5, 0x75, 0xad, 0xb6, 0xad, 0xb6, 0xb5, 0xd7, 0xad,
  0xd7, 0xb5, 0xf8, 0xb5, 0xf8, 0xbd, 0x18, 0xb6, 0x18, 0xc6, 0x39, 0xbe,
  0x39, 0xc6, 0x59, 0xc6, 0x39, 0xc6, 0x59, 0xc6, 0x39, 0xc6, 0x59, 0xc6,
  0x39, 0xc6, 0x59, 0xc6, 0x38, 0xc6, 0x39, 0xbe, 0x18, 0xc6, 0x18, 0xbe,
  0xd7, 0xbd, 0xd7, 0xb5, 0xb6, 0xb5, 0x96, 0xad, 0x54, 0xad, 0x34, 0xa5,
  0x13, 0xa5, 0xd3, 0x94, 0x91, 0x94, 0x71, 0x84, 0x2f, 0x84, 0x0f, 0x7c,
  0xce, 0x7b, 0xae, 0x6b, 0x8c, 0x6b, 0x8d, 0x6b, 0x4c, 0x6b, 0x4c, 0x63,
  0x0a, 0x63, 0x0a, 0x5b, 0xea, 0x5a, 0xea, 0x52, 0xe9, 0x5a, 0xea, 0x52,
  0xea, 0x5a, 0x0a, 0x5b, 0x0a, 0x5b, 0x2b, 0x5b, 0x4b, 0x63, 0x6c, 0x63,
  0x6b, 0x6b, 0x8c, 0x6b, 0x8c, 0x73, 0xcd, 0x6b, 0xcd, 0x73, 0xee, 0x73,
  0xee, 0x7b, 0x2f, 0x7c, 0x2f, 0x84, 0x50, 0x84, 0x50, 0x8c, 0x71, 0x84,
  0x70, 0x8c, 0x91, 0x8c, 0x91, 0x8c, 0xb2, 0x8c, 0x91, 0x94, 0xb2, 0x94,
  0xb2, 0x94, 0xd3, 0x94, 0xb2, 0x94, 0xd3, 0x94, 0xd2, 0x9c, 0xf3, 0x94,
  0xf3, 0x9c, 0x13, 0x9d, 0xd2, 0x9c, 0xd2, 0x94, 0xb2, 0x94, 0xb2, 0x8c,
  0x91, 0x94, 0x91, 0x8c, 0x71, 0x94, 0x71, 0x8c, 0x50, 0x8c, 0x50, 0x84,
  0x2f, 0x84, 0x0f, 0x7c, 0xee, 0x83, 0xef, 0x7b, 0xad, 0x7b, 0xae, 0x73,
  0x8d, 0x73, 0x6d, 0x6b, 0x4c, 0x73, 0x4c, 0x6b, 0x0b, 0x6b, 0x0b, 0x63,
  0xcf, 0x73, 0xaf, 0x73, 0xcf, 0x73, 0xaf, 0x73, 0xcf, 0x73, 0xae, 0x73,
  0xae, 0x6b, 0x8e, 0x73, 0x8e, 0x6b, 0x6d, 0x6b, 0x6d, 0x63, 0x4c, 0x63,
  0x2d, 0x63, 0x0c, 0x63, 0x2c, 0x5b, 0x0b, 0x5b, 0x0b, 0x5b, 0xcb, 0x5a,
  0xeb, 0x52, 0xeb, 0x5a, 0xeb, 0x52, 0xca, 0x5a, 0xcb, 0x52, 0xaa, 0x52,
  0xca, 0x4a, 0xaa, 0x52, 0xaa, 0x4a, 0x89, 0x52, 0x8a, 0x4a, 0x69, 0x4a,
  0x89, 0x42, 0x69, 0x4a, 0x89, 0x42, 0x69, 0x4a, 0x69, 0x42, 0x69, 0x4a,
  0x89, 0x42, 0x69, 0x4a, 0x8a, 0x4a, 0x89, 0x4a, 0xaa, 0x4a, 0xaa, 0x52,
  0xcb, 0x4a, 0xcb, 0x52, 0xeb, 0x52, 0xeb, 0x5a, 0x0c, 0x53, 0x0c, 0x5b,
  0x4d, 0x5b, 0x4c, 0x63, 0x6d, 0x5b, 0x6d, 0x63, 0xae, 0x63, 0xae, 0x6b,
  0xcf, 0x6b, 0xcf, 0x73, 0x10, 0x74, 0x10, 0x7c, 0x31, 0x7c, 0x31, 0x84,
  0x72, 0x7c, 0x92, 0x8c, 0xb3, 0x84, 0xb2, 0x8c, 0xf4, 0x8c, 0xf3, 0x94,
  0x35, 0x95, 0x35, 0xa5, 0x76, 0x9d, 0x76, 0xa5, 0x96, 0xa5, 0xb6, 0xad,
  0xd7, 0xad, 0xd7, 0xb5, 0x18, 0xb6, 0xf8, 0xbd, 0x19, 0xbe, 0x18, 0xc6,
  0x39, 0xbe, 0x39, 0xc6, 0x5a, 0xbe, 0x59, 0xc6, 0x5a, 0xc6, 0x5a, 0xce,
  0x7a, 0xc6, 0x5a, 0xce, 0x9b, 0xc6, 0x7a, 0xce, 0x7a, 0xc6, 0x5a, 0xce,
  0x5a, 0xc6, 0x59, 0xc6, 0x5a, 0xc6, 0x39, 0xc6, 0x39, 0xbe, 0x18, 0xc6,
  0x18, 0xb6, 0xd7, 0xbd, 0xb7, 0xad, 0x96, 0xb5, 0x76, 0xa5, 0x35, 0xa5,
  0x35, 0x9d, 0xf4, 0x9c, 0xd3, 0x94, 0x92, 0x94, 0x92, 0x8c, 0x51, 0x84,
  0x30, 0x7c, 0xef, 0x7b, 0xcf, 0x73, 0x8d, 0x73, 0x6d, 0x63, 0x2c, 0x63,
  0x2c, 0x5b, 0xea, 0x5a, 0xea, 0x52, 0xca, 0x5a, 0xca, 0x52, 0xa9, 0x5a,
  0xaa, 0x52, 0xa9, 0x52, 0xca, 0x52, 0xca, 0x5a, 0xea, 0x5a, 0x0a, 0x63,
  0x2b, 0x63, 0x2b, 0x63, 0x4c, 0x63, 0x4c, 0x6b, 0x8d, 0x6b, 0x8d, 0x73,
  0xce, 0x73, 0xee, 0x7b, 0x30, 0x7c, 0x50, 0x84, 0x91, 0x8c, 0x91, 0x94,
  0xd3, 0x94, 0xd3, 0x9c, 0x14, 0x9d, 0x14, 0x9d, 0x35, 0x9d, 0x34, 0xa5,
  0x75, 0xa5, 0x55, 0xad, 0x75, 0xa5, 0x55, 0xad, 0x75, 0xa5, 0x55, 0xad,
  0x75, 0xa5, 0x54, 0xa5, 0x35, 0x9d, 0x14, 0xa5, 0x14, 0x9d, 0xd3, 0x9c,
  0xd3, 0x94, 0x92, 0x94, 0x91, 0x8c, 0x50, 0x8c, 0x51, 0x84, 0x30, 0x84,
  0x10, 0x7c, 0xcf, 0x7b, 0xce, 0x73, 0xad, 0x73, 0xad, 0x73, 0x6c, 0x73,
  0x6c, 0x6b, 0x2b, 0x6b, 0x2b, 0x63, 0xea, 0x62, 0xea, 0x5a, 0xc9, 0x5a,
  0xc9, 0x5a, 0x88, 0x5a, 0x89, 0x52, 0x68, 0x5a, 0x68, 0x52, 0x47, 0x52,
  0x47, 0x52, 0x47, 0x52, 0x47, 0x52, 0x47, 0x52, 0x47, 0x52, 0x26, 0x52,
  0x47, 0x52, 0x26, 0x52, 0x27, 0x4a, 0x06, 0x52, 0x27, 0x52, 0x06, 0x52,
  0x27, 0x52, 0x26, 0x52, 0x47, 0x52, 0x27, 0x5a, 0x67, 0x52, 0x67, 0x5a,
  0x89, 0x5a, 0xa9, 0x62, 0x28, 0x42, 0x48, 0x3a, 0x48, 0x42, 0x68, 0x3a,
  0x48, 0x42, 0x68, 0x42, 0x68, 0x42, 0x89, 0x42, 0x69, 0x4a, 0x89, 0x42,
  0x89, 0x4a, 0xca, 0x4a, 0xca, 0x5a, 0x0b, 0x53, 0x0b, 0x5b, 0x2c, 0x5b,
  0x2b, 0x5b, 0x4c, 0x5b, 0x4c, 0x63, 0x8d, 0x63, 0x8d, 0x73, 0xae, 0x6b,
  0xce, 0x73, 0xef, 0x73, 0xef, 0x7b, 0x10, 0x74, 0x2f, 0x7c, 0x51, 0x7c,
  0x51, 0x84, 0x92, 0x84, 0x91, 0x8c, 0xb2, 0x8c, 0xb2, 0x94, 0xd3, 0x8c,
  0xd2, 0x94, 0xf3, 0x94, 0xf3, 0x9c, 0x34, 0x9d, 0x34, 0x9d, 0x55, 0x9d,
  0x55, 0xa5, 0x76, 0xa5, 0x75, 0xad, 0x96, 0xad, 0x96, 0xb5, 0xb6, 0xad,
  0xb6, 0xb5, 0xd7, 0xb5, 0xf7, 0xb5, 0x18, 0xb6, 0xf7, 0xbd, 0x18, 0xbe,
  0x18, 0xc6, 0x39, 0xbe, 0x38, 0xc6, 0x59, 0xc6, 0x59, 0xc6, 0x59, 0xc6,
  0x59, 0xce, 0x59, 0xc6, 0x59, 0xce, 0x59, 0xc6, 0x59, 0xce, 0x59, 0xc6,
  0x59, 0xce, 0x59, 0xc6, 0x38, 0xc6, 0x39, 0xbe, 0x18, 0xc6, 0x18, 0xbe,
  0xd7, 0xbd, 0xd7, 0xb5, 0xb6, 0xb5, 0x96, 0xad, 0x75, 0xad, 0x55, 0xa5,
  0x34, 0xa5, 0x14, 0x9d, 0xf3, 0x9c, 0xd3, 0x94, 0x91, 0x94, 0x71, 0x84,
  0x2f, 0x84, 0x2f, 0x7c, 0xee, 0x7b, 0xce, 0x6b, 0x8d, 0x6b, 0x6d, 0x63,
  0x4b, 0x63, 0x2b, 0x5b, 0xea, 0x62, 0xeb, 0x5a, 0xc9, 0x5a, 0xca, 0x52,
  0xc9, 0x52, 0xc9, 0x4a, 0xa8, 0x52, 0xa9, 0x4a, 0x88, 0x52, 0xa9, 0x4a,
  0x88, 0x52, 0xa9, 0x4a, 0xa9, 0x52, 0xea, 0x52, 0xea, 0x5a, 0x2b, 0x5b,
  0x0b, 0x63, 0x4c, 0x5b, 0x6c, 0x6b, 0xad, 0x6b, 0xcd, 0x7b, 0x0e, 0x7c,
  0x2f, 0x84, 0x50, 0x84, 0x70, 0x8c, 0xb1, 0x8c, 0xd2, 0x94, 0xf3, 0x94,
  0x13, 0xa5, 0x34, 0x9d, 0x34, 0xad, 0x75, 0xad, 0x74, 0xad, 0x95, 0xad,
  0x75, 0xad, 0x95, 0xad, 0x75, 0xad, 0x75, 0xa5, 0x54, 0xad, 0x55, 0xa5,
  0x34, 0xa5, 0x14, 0x9d, 0xf3, 0x9c, 0xd3, 0x94, 0x91, 0x94, 0x71, 0x8c,
  0x2f, 0x8c, 0x0f, 0x84, 0xee, 0x83, 0xce, 0x73, 0x8c, 0x73, 0x6c, 0x6b,
  0x2b, 0x6b, 0x2b, 0x63, 0xea, 0x62, 0xca, 0x5a, 0xc9, 0x62, 0xc9, 0x5a,
  0x88, 0x5a, 0xa8, 0x52, 0x87, 0x5a, 0x88, 0x52, 0x87, 0x5a, 0x87, 0x52,
  0x67, 0x5a, 0x88, 0x5a, 0x87, 0x5a, 0xa8, 0x5a, 0xa8, 0x62, 0xc9, 0x5a,
  0xc8, 0x62, 0xe9, 0x62, 0x09, 0x6b, 0x2a, 0x6b, 0x2a, 0x73, 0x4b, 0x73,
  0x6b, 0x7b, 0x8c, 0x7b, 0xab, 0x83, 0xcc, 0x83, 0xcc, 0x8b, 0xed, 0x83,
  0x0d, 0x8c, 0x4e, 0x8c, 0x4e, 0x94, 0x6f, 0x94, 0x8f, 0x9c, 0xb0, 0x9c,
  0x90, 0xa4, 0xd1, 0xa4, 0xb0, 0xa4, 0xd1, 0xa4, 0xd0, 0xac, 0xd1, 0xa4,
  0xd1, 0xac, 0xf1, 0xa4, 0xd1, 0xac, 0xd1, 0xa4, 0xd1, 0xac, 0xd1, 0xa4,
  0xd1, 0xa4, 0xd1, 0xa4, 0xb1, 0xa4, 0xd2, 0xa4, 0xd1, 0xa4, 0xf2, 0xa4,
  0xd2, 0xac, 0xf2, 0xa4, 0xd2, 0xa4, 0xd2, 0x9c, 0x10, 0x74, 0x10, 0x7c,
  0x51, 0x7c, 0x50, 0x84, 0x71, 0x84, 0x71, 0x8c, 0x92, 0x84, 0x92, 0x8c,
  0xb3, 0x8c, 0xd3, 0x94, 0xf4, 0x94, 0x14, 0x9d, 0x75, 0x9d, 0x75, 0xad,
  0x96, 0xa5, 0x96, 0xad, 0xb7, 0xad, 0xb6, 0xb5, 0xd8, 0xb5, 0xd7, 0xb5,
  0xf8, 0xb5, 0xd7, 0xbd, 0xd8, 0xb5, 0xd7, 0xb5, 0xf8, 0xb5, 0xd7, 0xbd,
  0xf8, 0xb5, 0xd8, 0xbd, 0xf8, 0xb5, 0xd7, 0xbd, 0xf8, 0xb5, 0xd8, 0xbd,
  0xf8, 0xb5, 0xd7, 0xbd, 0xd8, 0xb5, 0xb7, 0xbd, 0xb7, 0xb5, 0xb6, 0xb5,
  0xb7, 0xad, 0xb7, 0xb5, 0xb7, 0xad, 0x96, 0xad, 0x96, 0xad, 0x75, 0xad,
  0x76, 0xa5, 0x35, 0xa5, 0x35, 0x9d, 0x14, 0xa5, 0x14, 0x95, 0xd3, 0x9c,
  0xd3, 0x94, 0x92, 0x94, 0x92, 0x8c, 0x51, 0x8c, 0x51, 0x7c, 0x0f, 0x7c,
  0xef, 0x73, 0xae, 0x73, 0xae, 0x6b, 0x8d, 0x6b, 0x8d, 0x63, 0x4c, 0x6b,
  0x4c, 0x63, 0x2b, 0x63, 0x2b, 0x5b, 0xea, 0x5a, 0x0a, 0x53, 0xc9, 0x5a,
  0xca, 0x52, 0xa9, 0x52, 0xc9, 0x4a, 0xa9, 0x52, 0xa9, 0x4a, 0xa9, 0x52,
  0xc9, 0x4a, 0xa9, 0x52, 0xe9, 0x52, 0xe9, 0x5a, 0x2a, 0x5b, 0x2a, 0x63,
  0x4b, 0x5b, 0x4b, 0x63, 0x8c, 0x63, 0x8c, 0x6b, 0xcd, 0x6b, 0xcd, 0x73,
  0x0f, 0x74, 0x2f, 0x84, 0x70, 0x7c, 0x70, 0x8c, 0x92, 0x8c, 0xb2, 0x94,
  0xd3, 0x94, 0xf3, 0x9c, 0x34, 0x9d, 0x34, 0xa5, 0x55, 0x9d, 0x55, 0xa5,
  0x55, 0xa5, 0x55, 0xad, 0x96, 0xa5, 0x96, 0xad, 0x76, 0xa5, 0x35, 0xa5,
  0x35, 0x9d, 0x35, 0xa5, 0x35, 0x9d, 0x14, 0x9d, 0x14, 0x9d, 0xd3, 0x94,
  0xb2, 0x94, 0x91, 0x94, 0x72, 0x8c, 0x50, 0x8c, 0x10, 0x7c, 0xce, 0x7b,
  0xae, 0x73, 0x6d, 0x73, 0x6d, 0x6b, 0x2b, 0x6b, 0x2b, 0x63, 0xea, 0x62,
  0xca, 0x5a, 0x89, 0x5a, 0x89, 0x52, 0x68, 0x5a, 0x88, 0x52, 0x47, 0x52,
  0x68, 0x52, 0x47, 0x52, 0x68, 0x4a, 0x67, 0x52, 0x68, 0x52, 0x67, 0x52,
  0xa9, 0x52, 0xa8, 0x5a, 0xea, 0x5a, 0xe9, 0x62, 0x2b, 0x6b, 0x2b, 0x73,
  0x6c, 0x73, 0x8c, 0x7b, 0xcd, 0x7b, 0xcd, 0x83, 0x0e, 0x84, 0x2e, 0x8c,
  0x70, 0x94, 0x70, 0x9c, 0xb1, 0x9c, 0xd1, 0xa4, 0x12, 0xa5, 0x12, 0xad,
  0x53, 0xad, 0x53, 0xb5, 0x94, 0xb5, 0x94, 0xbd, 0xb5, 0xbd, 0xd5, 0xc5,
  0xf6, 0xc5, 0xf6, 0xc5, 0x17, 0xc6, 0x16, 0xce, 0x17, 0xc6, 0x16, 0xc6,
  0x17, 0xc6, 0xf6, 0xc5, 0x17, 0xc6, 0xf6, 0xc5, 0xf7, 0xc5, 0xb6, 0xc5,
  0xd6, 0xbd, 0xb5, 0xbd, 0x95, 0xb5, 0x74, 0xb5, 0x54, 0xad, 0x13, 0xad,
  0xd2, 0xa4, 0x91, 0x9c, 0x70, 0x94, 0x2f, 0x94, 0x0f, 0x8c, 0xcd, 0x8b,
  0xcd, 0x7b, 0x8c, 0x7b, 0x6c, 0x73, 0x4b, 0x73, 0x2b, 0x6b, 0x0a, 0x73,
  0x2a, 0x6b, 0xe9, 0x6a, 0xe9, 0x62, 0xe8, 0x62, 0x09, 0x63, 0xe8, 0x62,
  0x08, 0x5b, 0xe7, 0x62, 0xe7, 0x5a, 0xa6, 0x5a, 0xc5, 0x52, 0x84, 0x52,
  0xb3, 0x94, 0xd3, 0x94, 0xb3, 0x94, 0xd3, 0x94, 0xd3, 0x9c, 0xf4, 0x94,
  0xd3, 0x9c, 0xf4, 0x94, 0xd3, 0x9c, 0xf4, 0x94, 0xd3, 0x9c, 0xf3, 0x94,
  0xd3, 0x9c, 0xf3, 0x94, 0xd2, 0x9c, 0xb2, 0x94, 0x92, 0x94, 0x92, 0x8c,
  0x50, 0x8c, 0x50, 0x84, 0x0f, 0x84, 0xef, 0x7b, 0xce, 0x7b, 0xce, 0x73,
  0xad, 0x73, 0xae, 0x6b, 0x8d, 0x6b, 0x8d, 0x6b, 0x4c, 0x6b, 0x4c, 0x63,
  0x2b, 0x63, 0x0b, 0x5b, 0xea, 0x5a, 0xea, 0x52, 0xc9, 0x52, 0xca, 0x52,
  0xa8, 0x52, 0xa9, 0x4a, 0x88, 0x52, 0xa9, 0x4a, 0x88, 0x52, 0xa9, 0x4a,
  0x88, 0x52, 0x88, 0x4a, 0x87, 0x4a, 0xa8, 0x4a, 0x88, 0x4a, 0xa9, 0x4a,
  0x88, 0x52, 0xa9, 0x4a, 0xc8, 0x52, 0xc9, 0x52, 0xe9, 0x5a, 0x0a, 0x5b,
  0x2a, 0x63, 0x6c, 0x63, 0x6b, 0x6b, 0xad, 0x6b, 0xad, 0x73, 0xee, 0x73,
  0x0e, 0x7c, 0x4f, 0x84, 0x6f, 0x8c, 0x91, 0x8c, 0xb1, 0x94, 0xd2, 0x94,
  0xf2, 0x9c, 0x33, 0x9d, 0x33, 0xa5, 0x74, 0xa5, 0x74, 0xad, 0x95, 0xad,
  0x95, 0xb5, 0xb6, 0xad, 0xb6, 0xb5, 0xb6, 0xad, 0xb6, 0xb5, 0xb6, 0xad,
  0xb6, 0xb5, 0xb6, 0xad, 0x96, 0xb5, 0x96, 0xad, 0x75, 0xad, 0x75, 0xa5,
  0x34, 0xa5, 0x14, 0x9d, 0xf3, 0x9c, 0xd3, 0x94, 0x92, 0x94, 0x91, 0x8c,
  0x50, 0x8c, 0x30, 0x7c, 0xef, 0x7b, 0xcf, 0x73, 0x8d, 0x73, 0x8d, 0x6b,
  0x6c, 0x6b, 0x4c, 0x63, 0x2b, 0x63, 0x2b, 0x63, 0xea, 0x62, 0xea, 0x5a,
  0x4c, 0x6b, 0x51, 0x84, 0x75, 0xad, 0x18, 0xbe, 0x59, 0xce, 0x9a, 0xce,
  0x59, 0xce, 0xf7, 0xbd, 0xd2, 0xa4, 0xce, 0x7b, 0xea, 0x62, 0xc9, 0x5a,
  0xc9, 0x62, 0xea, 0x62, 0xc9, 0x6a, 0x0a, 0x6b, 0x0a, 0x73, 0x4b, 0x6b,
  0x4b, 0x7b, 0x8c, 0x7b, 0xac, 0x83, 0xcd, 0x83, 0xed, 0x8b, 0x4f, 0x8c,
  0x4f, 0x94, 0xb1, 0x9c, 0xd1, 0xa4, 0x13, 0xa5, 0x33, 0xad, 0x74, 0xad,
  0x74, 0xbd, 0xb5, 0xbd, 0xd5, 0xc5, 0x17, 0xc6, 0x16, 0xce, 0x57, 0xce,
  0x57, 0xce, 0x58, 0xce, 0x37, 0xd6, 0x58, 0xce, 0x37, 0xce, 0x37, 0xce,
  0x16, 0xce, 0x16, 0xc6, 0xd5, 0xc5, 0xd5, 0xbd, 0x94, 0xbd, 0x74, 0xb5,
  0x53, 0xb5, 0x33, 0xa5, 0xd2, 0xa4, 0xb2, 0x9c, 0x70, 0x9c, 0x4f, 0x8c,
  0x0e, 0x8c, 0xee, 0x7b, 0xad, 0x83, 0x8d, 0x73, 0x6c, 0x7b, 0x4c, 0x73,
  0x2a, 0x73, 0x2a, 0x6b, 0x09, 0x6b, 0x09, 0x63, 0xe8, 0x6a, 0xe9, 0x62,
  0xc7, 0x62, 0xc7, 0x5a, 0xa6, 0x62, 0xa6, 0x5a, 0x65, 0x5a, 0x65, 0x52,
  0x43, 0x52, 0x44, 0x4a, 0x43, 0x52, 0x43, 0x4a, 0x42, 0x52, 0x63, 0x4a,
  0x62, 0x52, 0x83, 0x52, 0x82, 0x52, 0xa2, 0x52, 0xa2, 0x52, 0xc3, 0x52,
  0xc2, 0x5a, 0x03, 0x5b, 0x02, 0x5b, 0x23, 0x5b, 0x23, 0x5b, 0x43, 0x5b,
  0x43, 0x63, 0x63, 0x5b, 0x43, 0x63, 0x63, 0x5b, 0x62, 0x63, 0x63, 0x5b,
  0x43, 0x63, 0x63, 0x5b, 0x48, 0x3a, 0x47, 0x42, 0x48, 0x3a, 0x27, 0x42,
  0x47, 0x3a, 0x06, 0x3a, 0x27, 0x3a, 0xe6, 0x39, 0x06, 0x32, 0xe6, 0x39,
  0xe6, 0x31, 0xe6, 0x39, 0x06, 0x32, 0xe6, 0x39, 0x07, 0x3a, 0x06, 0x3a,
  0x47, 0x3a, 0x27, 0x42, 0x68, 0x42, 0x68, 0x4a, 0x88, 0x42, 0x88, 0x4a,
  0xca, 0x52, 0xc9, 0x52, 0x0a, 0x53, 0x0a, 0x5b, 0x2b, 0x5b, 0x4b, 0x63,
  0x6c, 0x63, 0x8c, 0x6b, 0xae, 0x6b, 0xce, 0x73, 0xef, 0x73, 0x0f, 0x7c,
  0x50, 0x7c, 0x50, 0x8c, 0x91, 0x8c, 0x91, 0x94, 0xd3, 0x94, 0xd2, 0x9c,
  0x14, 0x9d, 0x14, 0x9d, 0x35, 0x9d, 0x34, 0xa5, 0x75, 0xa5, 0x75, 0xad,
  0x96, 0xad, 0x96, 0xb5, 0xb7, 0xad, 0xb6, 0xb5, 0xb7, 0xad, 0xb6, 0xb5,
  0xd7, 0xb5, 0xb6, 0xb5, 0xb7, 0xad, 0x96, 0xb5, 0x96, 0xad, 0x75, 0xad,
  0x55, 0xa5, 0x34, 0xa5, 0x34, 0xa5, 0x13, 0xa5, 0xf4, 0x9c, 0xd2, 0x9c,
  0xb2, 0x94, 0x51, 0x8c, 0x51, 0x84, 0x0f, 0x84, 0xef, 0x7b, 0xae, 0x7b,
  0x8e, 0x73, 0x6d, 0x73, 0x4c, 0x63, 0x0b, 0x63, 0x0b, 0x5b, 0xca, 0x5a,
  0xca, 0x52, 0x89, 0x52, 0x89, 0x4a, 0x68, 0x52, 0x89, 0x4a, 0x48, 0x4a,
  0x49, 0x4a, 0x48, 0x4a, 0x48, 0x4a, 0x48, 0x4a, 0x69, 0x4a, 0x68, 0x52,
  0x89, 0x52, 0x89, 0x52, 0xaa, 0x52, 0xaa, 0x5a, 0xea, 0x5a, 0xea, 0x62,
  0x2b, 0x5b, 0x4b, 0x6b, 0x6d, 0x6b, 0xad, 0x73, 0xef, 0x73, 0xce, 0x7b,
  0x92, 0x8c, 0xf7, 0xbd, 0x7e, 0xef, 0xff, 0xff, 0xff, 0xff, 0xff, 0xff,
  0xff, 0xff, 0xbe, 0xff, 0xbf, 0xf7, 0xff, 0xff, 0xff, 0xff, 0xff, 0xff,
  0xfc, 0xe6, 0x55, 0xb5, 0x54, 0xad, 0x75, 0xb5, 0xd6, 0xbd, 0xb5, 0xbd,
  0xb6, 0xbd, 0xb5, 0xbd, 0xb5, 0xbd, 0x95, 0xbd, 0xb6, 0xb5, 0x95, 0xbd,
  0x95, 0xb5, 0x74, 0xb5, 0x75, 0xb5, 0x54, 0xb5, 0x34, 0xad, 0xf3, 0xa4,
  0xd2, 0x9c, 0x91, 0x9c, 0x50, 0x8c, 0x0f, 0x8c, 0xef, 0x7b, 0x8d, 0x7b,
  0x6d, 0x73, 0x0b, 0x6b, 0xca, 0x5a, 0x89, 0x5a, 0x68, 0x52, 0x07, 0x52,
  0x06, 0x42, 0xc5, 0x41, 0xa5, 0x39, 0x84, 0x41, 0x84, 0x39, 0x63, 0x39,
  0x62, 0x31, 0x62, 0x39, 0x62, 0x31, 0x61, 0x31, 0x81, 0x31, 0x81, 0x39,
  0xa1, 0x31, 0xc1, 0x39, 0xe1, 0x39, 0x01, 0x4a, 0x62, 0x4a, 0x82, 0x52,
  0xc3, 0x52, 0xc3, 0x5a, 0x04, 0x5b, 0x24, 0x63, 0x64, 0x63, 0x64, 0x6b,
  0x85, 0x63, 0x84, 0x6b, 0xa5, 0x6b, 0xa4, 0x73, 0xc5, 0x6b, 0xc5, 0x73,
  0xe5, 0x6b, 0xe5, 0x73, 0x06, 0x74, 0x05, 0x74, 0x26, 0x74, 0x06, 0x7c,
  0x26, 0x74, 0x06, 0x7c, 0x26, 0x74, 0x06, 0x7c, 0x06, 0x74, 0x06, 0x74,
  0x06, 0x74, 0xe5, 0x73, 0xe6, 0x6b, 0xc5, 0x73, 0xe6, 0x6b, 0xa5, 0x6b,
  0xa5, 0x63, 0x85, 0x6b, 0x85, 0x63, 0x64, 0x63, 0x65, 0x5b, 0x44, 0x63,
  0x45, 0x5b, 0x24, 0x5b, 0x24, 0x53, 0x03, 0x5b, 0x2b, 0x63, 0x4c, 0x63,
  0x4c, 0x6b, 0x6c, 0x63, 0x8d, 0x6b, 0xae, 0x6b, 0xad, 0x73, 0xee, 0x73,
  0xee, 0x7b, 0x50, 0x7c, 0x70, 0x8c, 0xb2, 0x8c, 0xd2, 0x9c, 0x14, 0x9d,
  0x13, 0xa5, 0x54, 0xa5, 0x34, 0xa5, 0x75, 0xa5, 0x55, 0xad, 0x75, 0xa5,
  0x55, 0xad, 0x75, 0xa5, 0x55, 0xad, 0x76, 0xa5, 0x55, 0xad, 0x75, 0xa5,
  0x54, 0xad, 0x55, 0xa5, 0x34, 0xa5, 0x34, 0x9d, 0x13, 0xa5, 0x13, 0x9d,
  0xd3, 0x9c, 0xd3, 0x94, 0xb2, 0x94, 0xb2, 0x8c, 0x71, 0x94, 0x71, 0x8c,
  0x2f, 0x8c, 0x2f, 0x7c, 0xce, 0x7b, 0xce, 0x73, 0xad, 0x7b, 0x8d, 0x73,
  0x6c, 0x73, 0x4c, 0x63, 0x2b, 0x6b, 0x0b, 0x63, 0xea, 0x62, 0xca, 0x5a,
  0x89, 0x5a, 0x89, 0x52, 0x68, 0x52, 0x68, 0x4a, 0x47, 0x52, 0x47, 0x4a,
  0x26, 0x4a, 0x27, 0x4a, 0x06, 0x4a, 0x26, 0x4a, 0x26, 0x4a, 0x47, 0x4a,
  0x46, 0x52, 0x67, 0x4a, 0x67, 0x52, 0x88, 0x52, 0x88, 0x5a, 0xa9, 0x52,
  0xc8, 0x5a, 0xe9, 0x5a, 0xe9, 0x62, 0x2a, 0x63, 0x2b, 0x6b, 0x6c, 0x6b,
  0x8c, 0x73, 0xad, 0x73, 0xcd, 0x7b, 0xee, 0x7b, 0x0e, 0x84, 0x50, 0x84,
  0x4f, 0x8c, 0x91, 0x8c, 0xb1, 0x9c, 0xd2, 0x9c, 0xf3, 0xa4, 0x34, 0xa5,
  0x34, 0xad, 0x75, 0xad, 0x75, 0xb5, 0xb6, 0xb5, 0xb5, 0xbd, 0xd6, 0xbd,
  0xf6, 0xc5, 0x18, 0xc6, 0x37, 0xce, 0x58, 0xc6, 0x58, 0xce, 0x17, 0xc6,
  0xd7, 0xbd, 0xfb, 0xde, 0xff, 0xff, 0xff, 0xff, 0xff, 0xff, 0xff, 0xff,
  0xff, 0xff, 0xff, 0xff, 0xff, 0xff, 0x5d, 0xef, 0x9a, 0xee, 0xdb, 0xee,
  0x3c, 0xf7, 0xdf, 0xff, 0xff, 0xff, 0x5d, 0xef, 0x38, 0xd6, 0x91, 0x94,
  0xe9, 0x72, 0xea, 0x6a, 0x88, 0x62, 0x88, 0x5a, 0x47, 0x5a, 0x26, 0x52,
  0xe5, 0x51, 0xc5, 0x49, 0x84, 0x41, 0x64, 0x39, 0x22, 0x39, 0x22, 0x31,
  0xe1, 0x30, 0xe1, 0x28, 0xc0, 0x28, 0xc0, 0x28, 0xa0, 0x28, 0xc0, 0x20,
  0xc0, 0x28, 0xe0, 0x28, 0x20, 0x31, 0x61, 0x31, 0x60, 0x39, 0xa1, 0x39,
  0xc1, 0x41, 0x02, 0x42, 0x41, 0x4a, 0x83, 0x4a, 0xc2, 0x5a, 0x04, 0x5b,
  0x23, 0x63, 0x85, 0x63, 0xa4, 0x6b, 0xe5, 0x6b, 0xe5, 0x73, 0x26, 0x74,
  0x46, 0x7c, 0x67, 0x7c, 0x86, 0x84, 0x87, 0x84, 0x86, 0x84, 0xa7, 0x7c,
  0x86, 0x84, 0x87, 0x84, 0x66, 0x84, 0x87, 0x84, 0x66, 0x84, 0x67, 0x7c,
  0x46, 0x84, 0x67, 0x7c, 0x46, 0x84, 0x46, 0x7c, 0x26, 0x7c, 0x46, 0x7c,
  0x26, 0x7c, 0x26, 0x74, 0x05, 0x7c, 0x06, 0x74, 0xe6, 0x73, 0xe6, 0x73,
  0xc5, 0x73, 0xc5, 0x6b, 0xa5, 0x73, 0xa5, 0x6b, 0x85, 0x6b, 0xa5, 0x6b,
  0x85, 0x6b, 0x85, 0x63, 0x64, 0x6b, 0x84, 0x63, 0x64, 0x63, 0x64, 0x63,
  0x64, 0x63, 0x64, 0x5b, 0x23, 0x63, 0x44, 0x5b, 0x23, 0x5b, 0x23, 0x5b,
  0x03, 0x5b, 0x23, 0x53, 0x03, 0x5b, 0x03, 0x53, 0xe2, 0x5a, 0xe3, 0x52,
  0xae, 0x73, 0xae, 0x73, 0xae, 0x6b, 0x8e, 0x73, 0x8e, 0x6b, 0x6d, 0x73,
  0x6d, 0x6b, 0x6d, 0x6b, 0x6d, 0x63, 0x4c, 0x6b, 0x4d, 0x63, 0x2c, 0x63,
  0x2c, 0x63, 0xeb, 0x62, 0xeb, 0x5a, 0xca, 0x5a, 0xaa, 0x52, 0x89, 0x52,
  0x89, 0x52, 0x68, 0x52, 0x89, 0x4a, 0x48, 0x4a, 0x69, 0x4a, 0x48, 0x4a,
  0x48, 0x42, 0x27, 0x4a, 0x28, 0x42, 0x07, 0x4a, 0x27, 0x42, 0x07, 0x42,
  0x07, 0x42, 0x07, 0x42, 0x27, 0x42, 0x07, 0x4a, 0x27, 0x42, 0x27, 0x4a,
  0x48, 0x42, 0x27, 0x4a, 0x48, 0x4a, 0x47, 0x52, 0x68, 0x4a, 0x68, 0x52,
  0xa9, 0x52, 0xa8, 0x5a, 0xc9, 0x5a, 0xc9, 0x5a, 0xea, 0x5a, 0xea, 0x62,
  0x0b, 0x63, 0x2a, 0x6b, 0x4b, 0x6b, 0x4b, 0x73, 0x8c, 0x73, 0x8c, 0x7b,
  0xcd, 0x7b, 0xcd, 0x83, 0x0e, 0x84, 0x0e, 0x8c, 0x50, 0x8c, 0x4f, 0x94,
  0x91, 0x94, 0xb1, 0x9c, 0xf2, 0xa4, 0xf2, 0xac, 0x33, 0xa5, 0x33, 0xad,
  0x74, 0xad, 0x74, 0xbd, 0xb5, 0xb5, 0xb5, 0xbd, 0xf6, 0xbd, 0xf6, 0xc5,
  0x17, 0xc6, 0x17, 0xce, 0x58, 0xc6, 0x38, 0xce, 0x59, 0xc6, 0x58, 0xce,
  0x59, 0xc6, 0x38, 0xce, 0x39, 0xc6, 0x18, 0xc6, 0x18, 0xbe, 0xd6, 0xbd,
  0xb7, 0xb5, 0x96, 0xb5, 0x96, 0xad, 0x55, 0xad, 0x34, 0xa5, 0xf3, 0xa4,
  0xd3, 0x9c, 0x92, 0x9c, 0x72, 0x8c, 0x31, 0x8c, 0x10, 0x84, 0xcf, 0x83,
  0x6d, 0x6b, 0xb2, 0x9c, 0xbf, 0xf7, 0xff, 0xff, 0xff, 0xff, 0xdf, 0xff,
  0xff, 0xff, 0xff, 0xff, 0xff, 0xff, 0xff, 0xff, 0xff, 0xff, 0xff, 0xff,
  0xff, 0xff, 0xbe, 0xff, 0xbf, 0xf7, 0xbf, 0xff, 0xff, 0xff, 0xdf, 0xff,
  0x9e, 0xff, 0x79, 0xde, 0x29, 0x73, 0xa2, 0x41, 0x02, 0x42, 0xe2, 0x49,
  0x02, 0x4a, 0x02, 0x4a, 0x43, 0x4a, 0x43, 0x52, 0x83, 0x52, 0xa3, 0x5a,
  0xc4, 0x5a, 0xe4, 0x62, 0x45, 0x63, 0x45, 0x6b, 0xa6, 0x6b, 0xa6, 0x73,
  0xe7, 0x73, 0xe6, 0x7b, 0x27, 0x74, 0x27, 0x7c, 0x67, 0x7c, 0x67, 0x84,
  0x88, 0x84, 0x87, 0x84, 0x88, 0x84, 0x88, 0x8c, 0xc8, 0x84, 0xa8, 0x8c,
  0xa8, 0x84, 0x88, 0x8c, 0xa8, 0x84, 0x87, 0x84, 0x88, 0x84, 0x67, 0x84,
  0x67, 0x7c, 0x47, 0x84, 0x47, 0x7c, 0x46, 0x7c, 0x47, 0x7c, 0x26, 0x7c,
  0x47, 0x74, 0x26, 0x7c, 0x47, 0x74, 0x26, 0x7c, 0x26, 0x74, 0x06, 0x7c,
  0x07, 0x74, 0xe6, 0x73, 0xe6, 0x73, 0xe6, 0x73, 0xe6, 0x6b, 0xc5, 0x73,
  0xc6, 0x6b, 0xa5, 0x6b, 0xc6, 0x6b, 0xa5, 0x6b, 0xa6, 0x6b, 0xa5, 0x6b,
  0xa5, 0x63, 0x85, 0x6b, 0x85, 0x63, 0x65, 0x63, 0x85, 0x63, 0x64, 0x63,
  0x85, 0x63, 0x64, 0x63, 0x65, 0x5b, 0x44, 0x63, 0x65, 0x5b, 0x44, 0x63,
  0x44, 0x5b, 0x24, 0x5b, 0x24, 0x5b, 0x24, 0x5b, 0x44, 0x5b, 0x24, 0x5b,
  0x25, 0x5b, 0x24, 0x5b, 0x25, 0x5b, 0x04, 0x5b, 0x04, 0x53, 0xe3, 0x5a,
  0xe4, 0x52, 0xe4, 0x52, 0x43, 0x31, 0x64, 0x29, 0x63, 0x31, 0x64, 0x29,
  0x63, 0x31, 0x64, 0x29, 0x64, 0x31, 0x84, 0x31, 0xa4, 0x39, 0xc5, 0x31,
  0xc5, 0x41, 0x06, 0x42, 0x06, 0x4a, 0x47, 0x4a, 0x47, 0x4a, 0x68, 0x4a,
  0x88, 0x52, 0xa9, 0x52, 0xa9, 0x5a, 0xea, 0x5a, 0x0a, 0x63, 0x2b, 0x63,
  0x2b, 0x6b, 0x6c, 0x6b, 0x6c, 0x73, 0xad, 0x73, 0xad, 0x7b, 0xce, 0x7b,
  0xee, 0x83, 0x0f, 0x84, 0x2f, 0x8c, 0x50, 0x8c, 0x4f, 0x94, 0x91, 0x94,
  0x90, 0x94, 0xd1, 0x94, 0xd1, 0x9c, 0xf2, 0x9c, 0x12, 0xa5, 0x33, 0xa5,
  0x32, 0xad, 0x53, 0xad, 0x53, 0xb5, 0x74, 0xb5, 0x94, 0xbd, 0xb5, 0xb5,
  0xb5, 0xbd, 0xd6, 0xbd, 0xd5, 0xc5, 0xf6, 0xc5, 0xf6, 0xc5, 0x17, 0xc6,
  0x16, 0xce, 0x37, 0xc6, 0x16, 0xce, 0x17, 0xc6, 0xf6, 0xc5, 0x16, 0xc6,
  0xf6, 0xc5, 0xf6, 0xc5, 0xf6, 0xc5, 0xf6, 0xc5, 0xb5, 0xbd, 0xb5, 0xb5,
  0x95, 0xb5, 0x75, 0xad, 0x54, 0xb5, 0x34, 0xa5, 0xf3, 0xa4, 0xd3, 0x9c,
  0x91, 0x9c, 0x71, 0x8c, 0x2f, 0x8c, 0x0f, 0x84, 0xcd, 0x83, 0x8d, 0x73,
  0x2b, 0x73, 0x0b, 0x63, 0xa9, 0x62, 0x89, 0x5a, 0x47, 0x5a, 0x27, 0x4a,
  0xe5, 0x51, 0xc5, 0x41, 0xa4, 0x41, 0x84, 0x39, 0x63, 0x39, 0x63, 0x39,
  0x22, 0x39, 0x42, 0x31, 0x21, 0x39, 0x42, 0x31, 0x21, 0x39, 0x62, 0x31,
  0x81, 0x41, 0x61, 0x39, 0xca, 0x5a, 0x7d, 0xef, 0xff, 0xff, 0xff, 0xff,
  0xff, 0xff, 0xff, 0xff, 0xff, 0xff, 0xff, 0xff, 0xff, 0xff, 0xff, 0xff,
  0xff, 0xff, 0xff, 0xff, 0xff, 0xff, 0xff, 0xff, 0xff, 0xff, 0xff, 0xff,
  0xff, 0xff, 0xff, 0xff, 0xff, 0xff, 0xff, 0xff, 0x58, 0xef, 0x10, 0x9d,
  0x46, 0x84, 0x88, 0x8c, 0x67, 0x8c, 0x87, 0x84, 0x67, 0x8c, 0x67, 0x84,
  0x47, 0x84, 0x67, 0x84, 0x46, 0x84, 0x47, 0x7c, 0x26, 0x84, 0x26, 0x7c,
  0x06, 0x7c, 0x06, 0x7c, 0xe6, 0x7b, 0xe6, 0x73, 0xc6, 0x7b, 0xc6, 0x73,
  0xc5, 0x73, 0xc6, 0x73, 0xa5, 0x73, 0xa5, 0x6b, 0xa5, 0x73, 0xa5, 0x6b,
  0xa5, 0x73, 0xc5, 0x6b, 0xa5, 0x73, 0xc6, 0x73, 0xc5, 0x73, 0xe6, 0x73,
  0xc6, 0x73, 0xe6, 0x73, 0xe6, 0x7b, 0xe6, 0x73, 0xc6, 0x73, 0xe6, 0x73,
  0xe6, 0x73, 0xe6, 0x73, 0xe6, 0x7b, 0x06, 0x74, 0x06, 0x7c, 0x06, 0x74,
  0xe6, 0x73, 0xe6, 0x73, 0xc5, 0x73, 0xe6, 0x6b, 0xc5, 0x73, 0xc5, 0x6b,
  0xc5, 0x73, 0xc6, 0x6b, 0xa5, 0x73, 0xa5, 0x6b, 0x85, 0x6b, 0xa5, 0x63,
  0x84, 0x6b, 0x85, 0x63, 0x64, 0x6b, 0x65, 0x63, 0x64, 0x63, 0x65, 0x63,
  0x44, 0x63, 0x65, 0x5b, 0x44, 0x63, 0x44, 0x5b, 0x24, 0x63, 0x25, 0x5b,
  0x24, 0x63, 0x25, 0x5b, 0x24, 0x63, 0x25, 0x5b, 0x24, 0x63, 0x25, 0x5b,
  0x24, 0x63, 0x25, 0x5b, 0x04, 0x5b, 0x24, 0x5b, 0x03, 0x5b, 0x04, 0x5b,
  0x03, 0x5b, 0x04, 0x53, 0xe3, 0x5a, 0x03, 0x53, 0x2b, 0x63, 0x2b, 0x6b,
  0x4c, 0x63, 0x4b, 0x6b, 0x6d, 0x6b, 0x6c, 0x73, 0xad, 0x73, 0xad, 0x7b,
  0xce, 0x7b, 0xee, 0x8b, 0x50, 0x8c, 0x50, 0x94, 0x91, 0x94, 0xb1, 0x9c,
  0xf2, 0x9c, 0xf2, 0xa4, 0x13, 0xa5, 0x33, 0xad, 0x54, 0xa5, 0x74, 0xb5,
  0x95, 0xad, 0x95, 0xb5, 0xb5, 0xb5, 0xb5, 0xbd, 0xd6, 0xb5, 0xb6, 0xbd,
  0xd7, 0xbd, 0xd6, 0xc5, 0xf7, 0xbd, 0xd6, 0xc5, 0xf7, 0xbd, 0xf6, 0xc5,
  0xf7, 0xbd, 0xf6, 0xc5, 0xf7, 0xbd, 0xd6, 0xbd, 0xd7, 0xb5, 0xb6, 0xbd,
  0xb6, 0xb5, 0x95, 0xb5, 0x75, 0xb5, 0x54, 0xb5, 0x34, 0xa5, 0x13, 0xa5,
  0xf3, 0x9c, 0xb1, 0x9c, 0x91, 0x94, 0x50, 0x8c, 0x30, 0x84, 0xef, 0x83,
  0xce, 0x7b, 0x8d, 0x73, 0x4c, 0x6b, 0x0b, 0x6b, 0xca, 0x5a, 0x89, 0x5a,
  0x69, 0x52, 0x27, 0x52, 0x27, 0x4a, 0xe6, 0x49, 0xe6, 0x49, 0xc5, 0x49,
  0xa5, 0x39, 0x84, 0x41, 0x84, 0x39, 0x63, 0x39, 0x83, 0x31, 0x62, 0x39,
  0x62, 0x31, 0x41, 0x39, 0x42, 0x31, 0x21, 0x31, 0x41, 0x31, 0x61, 0x39,
  0x81, 0x39, 0x81, 0x41, 0xc2, 0x41, 0xe2, 0x49, 0x02, 0x4a, 0x22, 0x52,
  0x84, 0x52, 0x84, 0x5a, 0xc4, 0x5a, 0xe4, 0x62, 0x25, 0x63, 0x25, 0x6b,
  0x66, 0x6b, 0x66, 0x73, 0xa6, 0x6b, 0xa6, 0x73, 0xe7, 0x73, 0xe7, 0x7b,
  0x07, 0x7c, 0x27, 0x84, 0x28, 0x74, 0xaa, 0x94, 0xdc, 0xd6, 0x7a, 0xce,
  0x38, 0xc6, 0xb9, 0xde, 0x55, 0xad, 0xf3, 0xac, 0x75, 0xad, 0xb6, 0xbd,
  0x9a, 0xce, 0x9a, 0xde, 0x9b, 0xce, 0x19, 0xc6, 0x7b, 0xc6, 0x5a, 0xc6,
  0x3a, 0xbe, 0x5b, 0xc6, 0x9b, 0xc6, 0x1d, 0xdf, 0xbf, 0xef, 0xdf, 0xff,
  0xde, 0xf7, 0xfb, 0xe6, 0x49, 0x84, 0xc7, 0x7b, 0xe7, 0x7b, 0xa6, 0x7b,
  0xa7, 0x73, 0x86, 0x73, 0x86, 0x6b, 0x66, 0x73, 0x86, 0x6b, 0x65, 0x6b,
  0x66, 0x6b, 0x45, 0x6b, 0x66, 0x6b, 0x65, 0x6b, 0x86, 0x6b, 0x65, 0x6b,
  0x66, 0x6b, 0x65, 0x6b, 0x65, 0x63, 0x25, 0x63, 0x45, 0x63, 0x44, 0x63,
  0x65, 0x63, 0x65, 0x6b, 0x86, 0x63, 0x85, 0x6b, 0xa6, 0x6b, 0x86, 0x6b,
  0xa6, 0x6b, 0xa6, 0x73, 0xc6, 0x6b, 0xa6, 0x73, 0xc6, 0x6b, 0xc6, 0x73,
  0xe7, 0x6b, 0xc6, 0x73, 0xe7, 0x73, 0xe6, 0x73, 0xe7, 0x73, 0xe6, 0x73,
  0xe7, 0x73, 0xe6, 0x7b, 0xe7, 0x73, 0xc6, 0x73, 0xe7, 0x73, 0xc6, 0x73,
  0xc7, 0x6b, 0xa6, 0x73, 0xa6, 0x6b, 0xa6, 0x73, 0xa6, 0x6b, 0x85, 0x6b,
  0x86, 0x63, 0x65, 0x6b, 0x86, 0x63, 0x65, 0x6b, 0x86, 0x63, 0x65, 0x6b,
  0x86, 0x63, 0x65, 0x6b, 0x86, 0x63, 0x65, 0x6b, 0x86, 0x63, 0x85, 0x6b,
  0x86, 0x63, 0x85, 0x6b, 0x86, 0x63, 0x65, 0x6b, 0x85, 0x63, 0x64, 0x63,
  0x85, 0x63, 0x64, 0x63, 0x65, 0x63, 0x44, 0x63, 0x64, 0x5b, 0x44, 0x63,
  0x44, 0x63, 0x44, 0x63, 0x44, 0x63, 0x24, 0x63, 0x44, 0x5b, 0x24, 0x63,
  0xd1, 0x9c, 0xd2, 0x9c, 0xd2, 0x9c, 0xf3, 0x9c, 0xd2, 0xa4, 0xf3, 0x9c,
  0xf2, 0xa4, 0x13, 0xa5, 0xf2, 0xa4, 0x13, 0xa5, 0x13, 0xa5, 0x13, 0xa5,
  0xf2, 0xa4, 0x13, 0x9d, 0xd2, 0xa4, 0xd2, 0x9c, 0xb2, 0x9c, 0xb2, 0x94,
  0x91, 0x94, 0x71, 0x8c, 0x50, 0x8c, 0x30, 0x84, 0xef, 0x83, 0xef, 0x7b,
  0xce, 0x7b, 0xae, 0x73, 0x6d, 0x7b, 0x6d, 0x6b, 0x2b, 0x6b, 0x0b, 0x63,
  0xea, 0x62, 0xca, 0x5a, 0x88, 0x5a, 0x68, 0x52, 0x26, 0x4a, 0x07, 0x42,
  0xe5, 0x41, 0xc5, 0x39, 0xa4, 0x39, 0x84, 0x31, 0x22, 0x31, 0x22, 0x29,
  0x01, 0x29, 0x01, 0x29, 0xe1, 0x28, 0xe1, 0x20, 0xe0, 0x28, 0x01, 0x21,
  0x00, 0x29, 0x21, 0x29, 0x20, 0x31, 0x61, 0x31, 0x60, 0x39, 0x81, 0x39,
  0xa1, 0x39, 0xe2, 0x39, 0xe1, 0x41, 0x02, 0x42, 0x22, 0x4a, 0x43, 0x4a,
  0x62, 0x52, 0xa3, 0x52, 0xe3, 0x62, 0x04, 0x5b, 0x24, 0x63, 0x65, 0x63,
  0x65, 0x6b, 0xa6, 0x6b, 0xc5, 0x73, 0xe6, 0x73, 0xe6, 0x7b, 0x27, 0x7c,
  0x27, 0x84, 0x47, 0x84, 0x47, 0x84, 0x68, 0x84, 0x87, 0x8c, 0x88, 0x8c,
  0x68, 0x8c, 0x89, 0x8c, 0x88, 0x8c, 0xa8, 0x8c, 0x88, 0x8c, 0xa8, 0x8c,
  0x88, 0x8c, 0x88, 0x84, 0x88, 0x8c, 0x88, 0x84, 0x67, 0x8c, 0x68, 0x84,
  0x47, 0x8c, 0x68, 0x84, 0x47, 0x8c, 0x47, 0x84, 0x2c, 0x7c, 0x96, 0xc6,
  0x59, 0xd6, 0x18, 0xc6, 0xd6, 0xc5, 0x75, 0xb5, 0xce, 0x7b, 0x8e, 0x6b,
  0x90, 0x9c, 0x37, 0xc6, 0x14, 0xa5, 0x15, 0x9d, 0x15, 0x9d, 0x36, 0x95,
  0x36, 0x9d, 0x78, 0x9d, 0x94, 0x7c, 0xd2, 0x5b, 0xf3, 0x5b, 0x58, 0x85,
  0x77, 0xa5, 0xbf, 0xe7, 0xbe, 0xff, 0xff, 0xff, 0x52, 0xce, 0xe9, 0x7b,
  0x27, 0x84, 0x27, 0x7c, 0x06, 0x84, 0x27, 0x7c, 0x06, 0x84, 0x27, 0x7c,
  0x06, 0x7c, 0x07, 0x74, 0x06, 0x7c, 0x07, 0x7c, 0x06, 0x7c, 0x27, 0x7c,
  0x06, 0x7c, 0x27, 0x7c, 0x06, 0x7c, 0x07, 0x74, 0xe6, 0x7b, 0x07, 0x7c,
  0xe6, 0x7b, 0xe7, 0x73, 0xe6, 0x7b, 0xe7, 0x73, 0xe6, 0x7b, 0xe6, 0x73,
  0xe6, 0x7b, 0x07, 0x74, 0xe6, 0x7b, 0x07, 0x74, 0xe6, 0x7b, 0xe7, 0x73,
  0xe6, 0x7b, 0xe7, 0x73, 0xe6, 0x7b, 0xe7, 0x73, 0xc6, 0x73, 0xe7, 0x73,
  0xc6, 0x73, 0xe6, 0x73, 0xc6, 0x73, 0xe6, 0x73, 0xc5, 0x73, 0xe6, 0x73,
  0xc5, 0x73, 0xe6, 0x6b, 0xc5, 0x73, 0xe6, 0x6b, 0xc5, 0x73, 0xe6, 0x6b,
  0xe5, 0x73, 0xe6, 0x73, 0xe6, 0x73, 0xe6, 0x73, 0xe5, 0x73, 0xe6, 0x73,
  0xe6, 0x73, 0xe6, 0x73, 0xc5, 0x73, 0xe6, 0x73, 0xc5, 0x73, 0xe6, 0x73,
  0xc5, 0x73, 0xc5, 0x6b, 0xc5, 0x73, 0xc6, 0x73, 0xa5, 0x73, 0xc6, 0x6b,
  0xa5, 0x73, 0xa6, 0x73, 0xa5, 0x73, 0xa5, 0x6b, 0xa5, 0x73, 0xa5, 0x6b,
  0x85, 0x73, 0x86, 0x6b, 0x65, 0x73, 0x85, 0x6b, 0x64, 0x6b, 0x65, 0x6b,
  0x64, 0x6b, 0x64, 0x63, 0x8a, 0x52, 0x49, 0x52, 0x49, 0x4a, 0x08, 0x4a,
  0x08, 0x42, 0xe7, 0x41, 0xe6, 0x39, 0xa5, 0x39, 0xa5, 0x31, 0x84, 0x39,
  0x84, 0x31, 0x63, 0x31, 0x64, 0x29, 0x43, 0x31, 0x63, 0x29, 0x22, 0x29,
  0x42, 0x29, 0x21, 0x29, 0x22, 0x21, 0x01, 0x29, 0x21, 0x29, 0x00, 0x29,
  0x21, 0x21, 0x00, 0x29, 0x21, 0x29, 0x20, 0x29, 0x41, 0x29, 0x40, 0x31,
  0x61, 0x29, 0x60, 0x31, 0x81, 0x31, 0x81, 0x31, 0xc1, 0x31, 0xc1, 0x39,
  0xe2, 0x39, 0x02, 0x42, 0x43, 0x42, 0x43, 0x52, 0x84, 0x52, 0xa4, 0x5a,
  0xc5, 0x5a, 0xe5, 0x62, 0x25, 0x63, 0x25, 0x6b, 0x66, 0x6b, 0x86, 0x73,
  0xc6, 0x73, 0xc6, 0x7b, 0x07, 0x7c, 0x07, 0x7c, 0x48, 0x7c, 0x47, 0x84,
  0x68, 0x7c, 0x68, 0x84, 0x68, 0x84, 0x48, 0x84, 0x69, 0x84, 0x68, 0x8c,
  0x88, 0x84, 0x88, 0x84, 0x88, 0x84, 0x68, 0x84, 0x68, 0x84, 0x47, 0x84,
  0x68, 0x84, 0x48, 0x8c, 0x68, 0x84, 0x47, 0x84, 0x68, 0x84, 0x47, 0x84,
  0x48, 0x84, 0x48, 0x84, 0x68, 0x84, 0x47, 0x84, 0x48, 0x84, 0x47, 0x84,
  0x48, 0x7c, 0x48, 0x84, 0x48, 0x7c, 0x48, 0x84, 0x48, 0x7c, 0x47, 0x84,
  0x48, 0x7c, 0x48, 0x84, 0x48, 0x7c, 0x27, 0x84, 0x48, 0x7c, 0x27, 0x84,
  0x48, 0x7c, 0x27, 0x84, 0x48, 0x7c, 0x27, 0x84, 0x48, 0x7c, 0xe6, 0x7b,
  0xb6, 0xad, 0x99, 0xce, 0x74, 0xad, 0x53, 0xad, 0x32, 0xa5, 0x6f, 0x94,
  0xcf, 0x6b, 0xd2, 0x94, 0x37, 0xbe, 0x58, 0xc6, 0xd6, 0x84, 0x95, 0x84,
  0x17, 0x85, 0x95, 0x7c, 0x54, 0x74, 0x3b, 0xb6, 0x95, 0x6c, 0x13, 0x64,
  0x18, 0x7d, 0x99, 0x95, 0xd5, 0x84, 0x3e, 0xdf, 0x5d, 0xef, 0xba, 0xde,
  0xd7, 0xde, 0xae, 0x9c, 0x27, 0x7c, 0x47, 0x84, 0x48, 0x7c, 0x27, 0x84,
  0x48, 0x7c, 0x27, 0x84, 0x27, 0x7c, 0x07, 0x7c, 0x27, 0x7c, 0x07, 0x7c,
  0x07, 0x7c, 0xe7, 0x7b, 0x07, 0x74, 0xe6, 0x7b, 0x07, 0x7c, 0xe7, 0x7b,
  0x07, 0x74, 0xe6, 0x7b, 0x07, 0x74, 0xe6, 0x7b, 0x07, 0x74, 0xe6, 0x7b,
  0x07, 0x74, 0xe6, 0x7b, 0x06, 0x74, 0xe6, 0x73, 0x06, 0x74, 0xe6, 0x73,
  0x06, 0x74, 0xe6, 0x73, 0x06, 0x74, 0xe6, 0x7b, 0x06, 0x74, 0x06, 0x74,
  0x06, 0x74, 0xe5, 0x73, 0x06, 0x74, 0xe5, 0x7b, 0x06, 0x74, 0x06, 0x7c,
  0x06, 0x74, 0x06, 0x7c, 0x26, 0x74, 0x06, 0x7c, 0x27, 0x74, 0x26, 0x7c,
  0x27, 0x7c, 0x06, 0x7c, 0x27, 0x74, 0x07, 0x7c, 0x27, 0x7c, 0x06, 0x7c,
  0x07, 0x74, 0xe6, 0x7b, 0xe7, 0x73, 0xe6, 0x7b, 0xe7, 0x73, 0xc6, 0x73,
  0xe6, 0x73, 0xc5, 0x73, 0xe6, 0x73, 0xa5, 0x73, 0xc5, 0x6b, 0xa5, 0x73,
  0xa5, 0x6b, 0x84, 0x6b, 0x84, 0x63, 0x63, 0x6b, 0x84, 0x63, 0x63, 0x6b,
  0x63, 0x5b, 0x42, 0x63, 0x63, 0x5b, 0x42, 0x63, 0x42, 0x5b, 0x22, 0x5b,
  0x22, 0x5b, 0x01, 0x5b, 0x21, 0x53, 0x01, 0x5b, 0x20, 0x29, 0x40, 0x21,
  0x60, 0x29, 0xa1, 0x29, 0xa0, 0x31, 0xe1, 0x31, 0xe0, 0x39, 0x22, 0x3a,
  0x41, 0x42, 0x62, 0x42, 0x82, 0x52, 0xa3, 0x4a, 0xc2, 0x52, 0xe3, 0x52,
  0xe3, 0x5a, 0x04, 0x5b, 0x03, 0x5b, 0x24, 0x5b, 0x44, 0x63, 0x65, 0x63,
  0x64, 0x6b, 0xa5, 0x6b, 0xa5, 0x6b, 0xc6, 0x6b, 0xc5, 0x73, 0xe6, 0x73,
  0xe6, 0x73, 0xe6, 0x73, 0x06, 0x7c, 0x27, 0x7c, 0x06, 0x84, 0x27, 0x7c,
  0x27, 0x84, 0x47, 0x7c, 0x47, 0x84, 0x67, 0x7c, 0x46, 0x84, 0x67, 0x7c,
  0x46, 0x84, 0x67, 0x7c, 0x47, 0x84, 0x67, 0x7c, 0x47, 0x84, 0x67, 0x7c,
  0x47, 0x84, 0x67, 0x7c, 0x47, 0x84, 0x67, 0x7c, 0x47, 0x84, 0x67, 0x7c,
  0x47, 0x84, 0x47, 0x7c, 0x47, 0x84, 0x47, 0x7c, 0x46, 0x84, 0x47, 0x7c,
  0x47, 0x84, 0x47, 0x7c, 0x46, 0x84, 0x47, 0x7c, 0x27, 0x84, 0x47, 0x7c,
  0x47, 0x84, 0x47, 0x7c, 0x27, 0x84, 0x47, 0x7c, 0x46, 0x84, 0x47, 0x7c,
  0x46, 0x84, 0x47, 0x7c, 0x46, 0x84, 0x47, 0x7c, 0x26, 0x84, 0x47, 0x7c,
  0x26, 0x84, 0x27, 0x7c, 0x26, 0x7c, 0x26, 0x7c, 0x06, 0x7c, 0x07, 0x74,
  0x06, 0x7c, 0x06, 0x74, 0xe6, 0x73, 0xe6, 0x73, 0xe5, 0x73, 0xe6, 0x73,
  0xe5, 0x73, 0x06, 0x74, 0xe5, 0x73, 0xe6, 0x73, 0xe5, 0x73, 0xe6, 0x73,
  0xc6, 0x6b, 0x69, 0x7c, 0x79, 0xce, 0x75, 0xa5, 0x71, 0xb5, 0x30, 0xa5,
  0x11, 0xa5, 0x4e, 0x84, 0x30, 0x9d, 0x55, 0xbe, 0x56, 0xb6, 0xd4, 0xa5,
  0x94, 0x7c, 0xd5, 0x7c, 0x94, 0x74, 0xf2, 0x5b, 0xb1, 0x63, 0x37, 0x8d,
  0x74, 0x6c, 0xb6, 0x74, 0xf1, 0x63, 0x8c, 0x32, 0xc8, 0x29, 0x9b, 0xbe,
  0x3c, 0xf7, 0x14, 0xad, 0xf9, 0xee, 0x78, 0xd6, 0x27, 0x84, 0x27, 0x7c,
  0x06, 0x84, 0x27, 0x7c, 0x06, 0x7c, 0x26, 0x7c, 0x06, 0x7c, 0x26, 0x7c,
  0x26, 0x7c, 0x26, 0x7c, 0x26, 0x7c, 0x26, 0x7c, 0x26, 0x7c, 0x46, 0x7c,
  0x26, 0x84, 0x47, 0x7c, 0x46, 0x7c, 0x46, 0x7c, 0x46, 0x7c, 0x47, 0x7c,
  0x46, 0x7c, 0x46, 0x7c, 0x46, 0x7c, 0x47, 0x7c, 0x26, 0x7c, 0x46, 0x7c,
  0x26, 0x7c, 0x27, 0x7c, 0x26, 0x7c, 0x46, 0x7c, 0x26, 0x7c, 0x46, 0x7c,
  0x26, 0x7c, 0x47, 0x7c, 0x26, 0x7c, 0x47, 0x7c, 0x26, 0x84, 0x47, 0x7c,
  0x26, 0x84, 0x46, 0x7c, 0x26, 0x84, 0x46, 0x7c, 0x25, 0x84, 0x46, 0x7c,
  0x05, 0x7c, 0x25, 0x74, 0x05, 0x7c, 0x05, 0x74, 0xe4, 0x7b, 0xe4, 0x73,
  0xc4, 0x73, 0xc4, 0x6b, 0xa3, 0x73, 0xc3, 0x6b, 0xa3, 0x6b, 0xc3, 0x63,
  0xa2, 0x6b, 0xc3, 0x63, 0xa2, 0x6b, 0xa3, 0x63, 0x82, 0x6b, 0xa3, 0x63,
  0x82, 0x6b, 0x83, 0x63, 0x62, 0x6b, 0x83, 0x63, 0x62, 0x6b, 0x83, 0x63,
  0x62, 0x63, 0x63, 0x63, 0x62, 0x63, 0x62, 0x5b, 0x42, 0x63, 0x62, 0x5b,
  0x21, 0x5b, 0x42, 0x5b, 0x21, 0x5b, 0x22, 0x53, 0x01, 0x53, 0x21, 0x53,
  0x65, 0x5b, 0x64, 0x63, 0x85, 0x63, 0x84, 0x6b, 0x85, 0x63, 0x85, 0x6b,
  0xa5, 0x63, 0xa5, 0x6b, 0xa6, 0x6b, 0xa5, 0x6b, 0xa6, 0x6b, 0xa5, 0x6b,
  0xa6, 0x6b, 0xa5, 0x6b, 0xa6, 0x6b, 0xa5, 0x6b, 0xc6, 0x6b, 0xa6, 0x73,
  0xe6, 0x6b, 0xc6, 0x73, 0xc6, 0x6b, 0xc6, 0x73, 0xe6, 0x6b, 0xc6, 0x73,
  0xc6, 0x6b, 0xa6, 0x73, 0xc6, 0x6b, 0xa5, 0x73, 0xc6, 0x6b, 0xa5, 0x73,
  0xc6, 0x6b, 0xc5, 0x73, 0xc6, 0x6b, 0xc5, 0x73, 0xe6, 0x6b, 0xc5, 0x73,
  0xe6, 0x6b, 0xe5, 0x73, 0xe6, 0x6b, 0xe6, 0x73, 0x06, 0x74, 0x06, 0x7c,
  0x27, 0x74, 0x26, 0x7c, 0x47, 0x74, 0x27, 0x7c, 0x47, 0x7c, 0x27, 0x7c,
  0x47, 0x7c, 0x27, 0x7c, 0x47, 0x7c, 0x27, 0x7c, 0x47, 0x7c, 0x27, 0x7c,
  0x47, 0x7c, 0x27, 0x7c, 0x27, 0x7c, 0x26, 0x7c, 0x27, 0x74, 0x06, 0x7c,
  0x26, 0x74, 0x06, 0x7c, 0x06, 0x74, 0x06, 0x7c, 0x06, 0x74, 0xe5, 0x73,
  0x06, 0x74, 0xe5, 0x73, 0xe6, 0x6b, 0xe5, 0x73, 0xe6, 0x6b, 0xc5, 0x73,
  0xc6, 0x6b, 0xa5, 0x6b, 0xc6, 0x6b, 0xa5, 0x6b, 0xc5, 0x6b, 0xc5, 0x6b,
  0xc6, 0x6b, 0xc5, 0x6b, 0xc6, 0x6b, 0xa5, 0x6b, 0xc6, 0x6b, 0xc5, 0x73,
  0xc6, 0x6b, 0xc5, 0x73, 0xe6, 0x6b, 0xc5, 0x73, 0xe6, 0x6b, 0xc5, 0x6b,
  0xc5, 0x6b, 0xa4, 0x6b, 0x67, 0x5b, 0x4f, 0x9d, 0x17, 0xb6, 0x54, 0xa5,
  0x52, 0xa5, 0xf0, 0xa4, 0xd2, 0x94, 0xee, 0x7b, 0xd2, 0x8c, 0xd2, 0x94,
  0x14, 0x8d, 0x92, 0x84, 0x71, 0x5b, 0xee, 0x4a, 0xce, 0x3a, 0xce, 0x42,
  0xef, 0x42, 0x96, 0x7c, 0x70, 0x53, 0xc9, 0x21, 0xc9, 0x21, 0x8b, 0x42,
  0x2d, 0x53, 0x9a, 0xce, 0x9a, 0xe6, 0xf7, 0xd5, 0x3c, 0xef, 0x3c, 0xf7,
  0x89, 0x84, 0xa6, 0x6b, 0x25, 0x74, 0x05, 0x7c, 0x26, 0x74, 0x25, 0x7c,
  0x26, 0x74, 0x26, 0x7c, 0x27, 0x7c, 0x26, 0x7c, 0x47, 0x7c, 0x26, 0x7c,
  0x47, 0x7c, 0x47, 0x84, 0x47, 0x7c, 0x47, 0x84, 0x47, 0x7c, 0x26, 0x7c,
  0x47, 0x7c, 0x26, 0x7c, 0x47, 0x7c, 0x26, 0x7c, 0x27, 0x74, 0x06, 0x7c,
  0x06, 0x74, 0xe5, 0x73, 0xe6, 0x73, 0xe5, 0x73, 0xe5, 0x73, 0xe5, 0x73,
  0xe5, 0x6b, 0xe4, 0x73, 0xe5, 0x6b, 0xc4, 0x6b, 0xc4, 0x6b, 0xa4, 0x6b,
  0xc4, 0x6b, 0xa3, 0x6b, 0xc4, 0x6b, 0xa4, 0x6b, 0xc4, 0x6b, 0xc4, 0x6b,
  0xe4, 0x6b, 0xc4, 0x6b, 0xe4, 0x6b, 0xc4, 0x6b, 0xc4, 0x6b, 0xc4, 0x73,
  0xe5, 0x6b, 0xc4, 0x73, 0xe5, 0x6b, 0xc4, 0x73, 0xe5, 0x6b, 0xc4, 0x6b,
  0xe4, 0x6b, 0xc4, 0x6b, 0xc5, 0x6b, 0xa4, 0x6b, 0xa4, 0x63, 0xa4, 0x6b,
  0xa4, 0x63, 0x83, 0x63, 0x83, 0x63, 0x62, 0x63, 0x62, 0x5b, 0x42, 0x63,
  0x62, 0x5b, 0x21, 0x5b, 0x42, 0x53, 0x21, 0x5b, 0x21, 0x53, 0x20, 0x53,
  0x21, 0x53, 0x00, 0x53, 0x01, 0x53, 0xe0, 0x52, 0x01, 0x4b, 0xe0, 0x52,
  0xe1, 0x52, 0xe0, 0x52, 0x43, 0x63, 0x64, 0x63, 0x64, 0x63, 0x65, 0x63,
  0x64, 0x6b, 0x65, 0x63, 0x64, 0x6b, 0x85, 0x63, 0x65, 0x6b, 0x85, 0x6b,
  0x85, 0x6b, 0xa5, 0x6b, 0x85, 0x6b, 0xa5, 0x6b, 0x85, 0x6b, 0xc6, 0x6b,
  0xa5, 0x73, 0xc6, 0x6b, 0xc5, 0x73, 0xe6, 0x73, 0xc5, 0x73, 0xe6, 0x73,
  0xc5, 0x73, 0xe6, 0x73, 0xc5, 0x73, 0xe6, 0x73, 0xc5, 0x73, 0xe6, 0x73,
  0xe5, 0x73, 0xe6, 0x73, 0xe6, 0x7b, 0x06, 0x74, 0xe6, 0x73, 0x06, 0x74,
  0xe6, 0x7b, 0x07, 0x74, 0x06, 0x7c, 0x06, 0x74, 0xe6, 0x7b, 0x06, 0x74,
  0x05, 0x7c, 0x06, 0x74, 0x05, 0x7c, 0x06, 0x74, 0xe5, 0x73, 0x06, 0x74,
  0xe5, 0x73, 0x06, 0x74, 0xe5, 0x73, 0x06, 0x74, 0x05, 0x7c, 0x06, 0x74,
  0x05, 0x74, 0x26, 0x74, 0x05, 0x74, 0x06, 0x74, 0xe5, 0x73, 0x05, 0x74,
  0xe5, 0x73, 0x06, 0x74, 0xe5, 0x73, 0x06, 0x6c, 0xe5, 0x73, 0x06, 0x6c,
  0xe5, 0x73, 0x06, 0x6c, 0xe5, 0x73, 0x05, 0x6c, 0xe5, 0x73, 0x05, 0x6c,
  0xe5, 0x73, 0xe6, 0x6b, 0xe5, 0x73, 0xe6, 0x73, 0xe5, 0x73, 0xe5, 0x73,
  0xe5, 0x73, 0xe6, 0x73, 0xe5, 0x73, 0xe5, 0x6b, 0xe5, 0x73, 0x05, 0x74,
  0xe5, 0x73, 0xe5, 0x6b, 0xe3, 0x6b, 0xe4, 0x63, 0xc3, 0x6b, 0x04, 0x6c,
  0x26, 0x74, 0x88, 0x7c, 0xcb, 0x94, 0x4d, 0x9d, 0x93, 0xa5, 0xb5, 0xa5,
  0xb4, 0x94, 0x16, 0x9d, 0x34, 0xad, 0x2d, 0x63, 0xcc, 0x5a, 0x0d, 0x5b,
  0xcd, 0x52, 0x6f, 0x5b, 0xd1, 0x6b, 0xb1, 0x5b, 0xd1, 0x6b, 0xb5, 0x84,
  0x35, 0xa5, 0x76, 0xa5, 0x94, 0xb5, 0x37, 0xc6, 0x30, 0xc5, 0x30, 0xbd,
  0x8f, 0xd5, 0xb0, 0xd5, 0x8d, 0xdd, 0x0c, 0xc5, 0x12, 0xb5, 0x7b, 0xff,
  0xff, 0xff, 0xdf, 0xff, 0x54, 0xce, 0x8e, 0x8c, 0x25, 0x7c, 0x26, 0x74,
  0x04, 0x74, 0x25, 0x74, 0x04, 0x7c, 0x24, 0x74, 0x04, 0x7c, 0x24, 0x74,
  0x24, 0x7c, 0x24, 0x74, 0x04, 0x7c, 0x04, 0x74, 0x03, 0x74, 0x04, 0x74,
  0xe3, 0x73, 0x03, 0x6c, 0xe3, 0x73, 0xe3, 0x6b, 0xc2, 0x6b, 0xc2, 0x6b,
  0xc2, 0x6b, 0xc2, 0x63, 0xa2, 0x6b, 0xc2, 0x63, 0xa2, 0x6b, 0xc3, 0x6b,
  0xa3, 0x6b, 0xc3, 0x6b, 0xa3, 0x73, 0xc4, 0x6b, 0xc4, 0x73, 0xe4, 0x6b,
  0xe4, 0x73, 0xe5, 0x73, 0xe4, 0x73, 0xe5, 0x73, 0xe5, 0x73, 0xe5, 0x73,
  0xe4, 0x73, 0x05, 0x6c, 0xe4, 0x73, 0xe4, 0x6b, 0xc3, 0x73, 0xe4, 0x6b,
  0xa3, 0x6b, 0xc3, 0x6b, 0xa2, 0x6b, 0xa3, 0x63, 0xa2, 0x6b, 0xa2, 0x63,
  0x81, 0x63, 0x82, 0x63, 0x81, 0x63, 0x81, 0x5b, 0x61, 0x63, 0x61, 0x5b,
  0x40, 0x5b, 0x61, 0x5b, 0x60, 0x5b, 0x61, 0x5b, 0x40, 0x5b, 0x61, 0x5b,
  0x41, 0x63, 0x62, 0x5b, 0x61, 0x63, 0x62, 0x5b, 0x61, 0x63, 0x62, 0x5b,
  0x62, 0x63, 0x83, 0x63, 0x62, 0x63, 0x83, 0x63, 0x82, 0x63, 0x83, 0x63,
  0x82, 0x63, 0x83, 0x63, 0x62, 0x63, 0x82, 0x5b, 0x45, 0x5b, 0x24, 0x63,
  0x65, 0x5b, 0x44, 0x63, 0x65, 0x63, 0x64, 0x63, 0x85, 0x63, 0x85, 0x6b,
  0x85, 0x63, 0x85, 0x6b, 0xa5, 0x63, 0xa5, 0x6b, 0xa5, 0x63, 0xa5, 0x6b,
  0xa6, 0x63, 0xa5, 0x6b, 0xa6, 0x6b, 0xa5, 0x6b, 0xa6, 0x6b, 0xa5, 0x6b,
  0xc6, 0x6b, 0xa5, 0x6b, 0xa6, 0x6b, 0xa5, 0x6b, 0xa6, 0x6b, 0xa5, 0x6b,
  0xa6, 0x6b, 0xa5, 0x6b, 0xa6, 0x6b, 0xa5, 0x6b, 0xa6, 0x6b, 0xa5, 0x6b,
  0xa6, 0x63, 0xa5, 0x6b, 0xa6, 0x6b, 0xa5, 0x6b, 0xa6, 0x6b, 0xa5, 0x6b,
  0xc6, 0x6b, 0xa5, 0x6b, 0xc6, 0x6b, 0xa5, 0x6b, 0xe6, 0x6b, 0xc5, 0x73,
  0xe5, 0x6b, 0xe5, 0x73, 0xe5, 0x6b, 0xe5, 0x73, 0xe6, 0x6b, 0xe5, 0x73,
  0x06, 0x6c, 0xe5, 0x73, 0x06, 0x6c, 0x05, 0x74, 0x06, 0x6c, 0xe5, 0x73,
  0x06, 0x6c, 0xe5, 0x73, 0x06, 0x6c, 0xe5, 0x73, 0xe5, 0x6b, 0xe5, 0x73,
  0xe5, 0x6b, 0xe5, 0x73, 0x05, 0x6c, 0xe5, 0x73, 0x05, 0x6c, 0xe5, 0x73,
  0x05, 0x6c, 0xe5, 0x73, 0x05, 0x6c, 0xe4, 0x6b, 0x05, 0x6c, 0xe4, 0x6b,
  0x05, 0x6c, 0xe4, 0x6b, 0x05, 0x6c, 0x04, 0x74, 0x25, 0x6c, 0xe4, 0x6b,
  0xe4, 0x63, 0xc3, 0x6b, 0xe4, 0x63, 0x45, 0x74, 0xaa, 0x84, 0x0b, 0x95,
  0x14, 0xb6, 0x96, 0xce, 0xda, 0xd6, 0xd9, 0xde, 0xbb, 0xde, 0x79, 0xd6,
  0x39, 0xc6, 0xdb, 0xde, 0x5a, 0xce, 0x79, 0xd6, 0x1d, 0xdf, 0xbb, 0xd6,
  0x9a, 0xd6, 0x58, 0xd6, 0x76, 0xde, 0xb7, 0xe6, 0x95, 0xe6, 0x94, 0xee,
  0x93, 0xf6, 0x93, 0xf6, 0x72, 0xf6, 0x51, 0xf6, 0x51, 0xee, 0x31, 0xf6,
  0xb5, 0xee, 0xd5, 0xfe, 0x39, 0xf7, 0x39, 0xff, 0x7c, 0xf7, 0xbd, 0xff,
  0xff, 0xff, 0xbe, 0xff, 0x7e, 0xef, 0x3c, 0xef, 0x1c, 0xdf, 0x59, 0xd6,
  0x16, 0xbe, 0x94, 0xb5, 0x92, 0xad, 0x31, 0xa5, 0x2f, 0x9d, 0xee, 0x9c,
  0x0d, 0x95, 0xcc, 0x94, 0xeb, 0x8c, 0xca, 0x94, 0xca, 0x8c, 0xa9, 0x8c,
  0xa8, 0x84, 0x87, 0x84, 0x67, 0x7c, 0x26, 0x7c, 0x26, 0x74, 0xe4, 0x73,
  0x04, 0x6c, 0xe3, 0x6b, 0xe3, 0x6b, 0xc3, 0x6b, 0xe3, 0x63, 0xc3, 0x6b,
  0xe3, 0x6b, 0xe3, 0x6b, 0x04, 0x6c, 0xe3, 0x73, 0xe3, 0x63, 0xc3, 0x6b,
  0xe3, 0x63, 0xa2, 0x63, 0xa2, 0x63, 0x81, 0x63, 0xa2, 0x5b, 0x81, 0x63,
  0x81, 0x5b, 0x81, 0x5b, 0x81, 0x53, 0x60, 0x5b, 0x61, 0x53, 0x60, 0x5b,
  0x61, 0x53, 0x61, 0x5b, 0x81, 0x5b, 0x61, 0x5b, 0x81, 0x5b, 0x61, 0x63,
  0x81, 0x5b, 0x61, 0x63, 0xa1, 0x5b, 0x81, 0x5b, 0xa2, 0x5b, 0x81, 0x63,
  0xa2, 0x5b, 0x82, 0x63, 0xa3, 0x63, 0xa2, 0x63, 0xc3, 0x63, 0xa2, 0x6b,
  0xc3, 0x63, 0xc2, 0x6b, 0xc3, 0x63, 0xa2, 0x6b, 0xc3, 0x6b, 0xc3, 0x6b,
  0xc3, 0x63, 0xa2, 0x6b, 0xc2, 0x63, 0xa2, 0x63, 0xa2, 0x63, 0x81, 0x63,
  0x82, 0x5b, 0x61, 0x5b, 0x61, 0x53, 0x20, 0x5b, 0x21, 0x53, 0x00, 0x53,
  0x24, 0x5b, 0x44, 0x5b, 0x24, 0x63, 0x45, 0x5b, 0x24, 0x63, 0x44, 0x63,
  0x44, 0x63, 0x65, 0x63, 0x44, 0x63, 0x65, 0x63, 0x64, 0x63, 0x65, 0x63,
  0x65, 0x63, 0x65, 0x63, 0x64, 0x63, 0x65, 0x63, 0x64, 0x63, 0x65, 0x63,
  0x64, 0x63, 0x85, 0x63, 0x64, 0x6b, 0x85, 0x63, 0x64, 0x6b, 0x85, 0x63,
  0x84, 0x6b, 0xa5, 0x6b, 0xa5, 0x6b, 0xa5, 0x6b, 0xa5, 0x6b, 0xc6, 0x6b,
  0xc5, 0x6b, 0xc5, 0x6b, 0xc5, 0x73, 0xe5, 0x6b, 0xe4, 0x73, 0xe5, 0x6b,
  0xe4, 0x73, 0x05, 0x6c, 0xe5, 0x73, 0x05, 0x6c, 0xe5, 0x73, 0x06, 0x74,
  0x05, 0x74, 0x26, 0x74, 0x05, 0x74, 0x26, 0x74, 0x25, 0x74, 0x26, 0x74,
  0x05, 0x7c, 0x26, 0x74, 0x05, 0x7c, 0x26, 0x74, 0x05, 0x7c, 0x26, 0x74,
  0x05, 0x74, 0x26, 0x74, 0x05, 0x74, 0x25, 0x74, 0x25, 0x7c, 0x25, 0x74,
  0x04, 0x74, 0x25, 0x74, 0x25, 0x7c, 0x25, 0x74, 0x04, 0x74, 0x25, 0x74,
  0x04, 0x74, 0x04, 0x74, 0x04, 0x74, 0x24, 0x6c, 0x04, 0x74, 0x25, 0x74,
  0x04, 0x74, 0x25, 0x74, 0x05, 0x74, 0x25, 0x74, 0x04, 0x7c, 0xe4, 0x6b,
  0xc3, 0x6b, 0x46, 0x74, 0xaa, 0x8c, 0x8e, 0xa5, 0x15, 0xc6, 0x97, 0xce,
  0x38, 0xd6, 0x58, 0xce, 0x9a, 0xde, 0x59, 0xce, 0xd7, 0xc5, 0xb6, 0xbd,
  0x75, 0xb5, 0xb6, 0xbd, 0x94, 0xbd, 0x74, 0xb5, 0x91, 0xcd, 0xb2, 0xcd,
  0x14, 0xde, 0xb7, 0xe6, 0x72, 0xf6, 0x72, 0xee, 0x71, 0xf6, 0xb2, 0xf6,
  0xb3, 0xf6, 0xd4, 0xf6, 0xf6, 0xf6, 0x38, 0xff, 0x7b, 0xff, 0xbc, 0xff,
  0xde, 0xff, 0xde, 0xff, 0x7d, 0xf7, 0x1c, 0xe7, 0x99, 0xde, 0x38, 0xce,
  0xb6, 0xc5, 0xb7, 0xbd, 0xb6, 0xc5, 0x18, 0xc6, 0x79, 0xd6, 0x9a, 0xd6,
  0x9a, 0xd6, 0x3c, 0xe7, 0x7d, 0xf7, 0xbf, 0xf7, 0x9e, 0xff, 0xbf, 0xf7,
  0xdf, 0xff, 0xff, 0xff, 0xff, 0xff, 0xff, 0xff, 0xff, 0xff, 0xff, 0xff,
  0xff, 0xff, 0xff, 0xff, 0xdf, 0xff, 0xff, 0xff, 0xde, 0xff, 0x9d, 0xf7,
  0x7c, 0xf7, 0x9d, 0xef, 0x76, 0xce, 0xf4, 0xb5, 0xd1, 0xb5, 0x70, 0xa5,
  0x0b, 0x95, 0xaa, 0x84, 0x45, 0x7c, 0xc3, 0x63, 0x80, 0x63, 0x80, 0x5b,
  0x80, 0x5b, 0xa0, 0x5b, 0xa1, 0x63, 0xc1, 0x63, 0xc1, 0x63, 0xe2, 0x63,
  0xc2, 0x6b, 0xe3, 0x63, 0xc2, 0x6b, 0xe3, 0x63, 0xe2, 0x6b, 0xe2, 0x63,
  0xe2, 0x6b, 0xe2, 0x63, 0xe2, 0x6b, 0xe2, 0x63, 0xc1, 0x6b, 0xe2, 0x63,
  0xe1, 0x6b, 0xe1, 0x63, 0xc1, 0x6b, 0xe2, 0x63, 0xc2, 0x6b, 0xe2, 0x6b,
  0xc1, 0x6b, 0xc2, 0x63, 0xa1, 0x6b, 0xc2, 0x63, 0xa1, 0x6b, 0xc1, 0x63,
  0xa0, 0x63, 0xa1, 0x63, 0x80, 0x63, 0x60, 0x5b, 0x40, 0x5b, 0x40, 0x53,
  0x20, 0x53, 0x20, 0x53, 0x00, 0x53, 0x00, 0x4b, 0xc0, 0x4a, 0xc0, 0x4a,
  0xa0, 0x4a, 0xa0, 0x42, 0x80, 0x4a, 0x80, 0x42, 0x60, 0x42, 0x60, 0x42,
  0x40, 0x42, 0x60, 0x42, 0x24, 0x5b, 0x23, 0x5b, 0x44, 0x5b, 0x23, 0x5b,
  0x44, 0x5b, 0x23, 0x5b, 0x44, 0x5b, 0x43, 0x63, 0x64, 0x5b, 0x43, 0x5b,
  0x64, 0x5b, 0x64, 0x63, 0x84, 0x5b, 0x63, 0x63, 0x84, 0x5b, 0x83, 0x63,
  0x84, 0x63, 0x84, 0x63, 0xa4, 0x63, 0xa4, 0x6b, 0xa4, 0x63, 0xa4, 0x6b,
  0xc5, 0x63, 0xa4, 0x6b, 0xc5, 0x63, 0xa4, 0x6b, 0xc5, 0x6b, 0xc4, 0x6b,
  0xe5, 0x6b, 0xe4, 0x73, 0xe5, 0x6b, 0xe5, 0x73, 0x06, 0x6c, 0xe5, 0x73,
  0x06, 0x74, 0xe5, 0x73, 0x06, 0x74, 0x05, 0x74, 0x06, 0x74, 0x06, 0x74,
  0x06, 0x74, 0x06, 0x7c, 0x06, 0x74, 0x06, 0x7c, 0x26, 0x74, 0x06, 0x7c,
  0x26, 0x74, 0x06, 0x7c, 0x27, 0x74, 0x26, 0x7c, 0x27, 0x7c, 0x26, 0x7c,
  0x47, 0x7c, 0x26, 0x7c, 0x47, 0x7c, 0x46, 0x7c, 0x47, 0x7c, 0x46, 0x7c,
  0x47, 0x7c, 0x46, 0x7c, 0x46, 0x7c, 0x46, 0x7c, 0x46, 0x7c, 0x46, 0x7c,
  0x46, 0x74, 0x45, 0x7c, 0x46, 0x74, 0x25, 0x7c, 0x46, 0x74, 0x25, 0x7c,
  0x46, 0x7c, 0x46, 0x7c, 0x46, 0x7c, 0x46, 0x7c, 0x46, 0x7c, 0x04, 0x74,
  0x47, 0x74, 0x2b, 0x9d, 0x36, 0xc6, 0x56, 0xce, 0x79, 0xd6, 0x59, 0xd6,
  0x18, 0xce, 0x96, 0xc5, 0xb6, 0xbd, 0x75, 0xbd, 0x75, 0xb5, 0x75, 0xbd,
  0xf8, 0xc5, 0xba, 0xde, 0x7e, 0xef, 0xdf, 0xff, 0xff, 0xff, 0xff, 0xff,
  0xff, 0xff, 0xff, 0xff, 0xff, 0xff, 0xdf, 0xff, 0xff, 0xff, 0xff, 0xff,
  0xff, 0xff, 0xdf, 0xff, 0x9e, 0xf7, 0x3d, 0xef, 0x79, 0xde, 0x38, 0xd6,
  0x99, 0xd6, 0x58, 0xd6, 0xb6, 0xc5, 0xf3, 0xb4, 0xb1, 0xa4, 0x70, 0xa4,
  0xd3, 0x9c, 0x96, 0xbd, 0x7a, 0xce, 0x1c, 0xef, 0xbf, 0xf7, 0xff, 0xff,
  0xff, 0xff, 0xff, 0xff, 0xff, 0xff, 0xff, 0xff, 0xff, 0xff, 0xff, 0xff,
  0xff, 0xff, 0xff, 0xff, 0xff, 0xff, 0xff, 0xff, 0xff, 0xff, 0xff, 0xff,
  0xff, 0xff, 0xff, 0xff, 0x3c, 0xef, 0xfb, 0xee, 0xff, 0xff, 0xdf, 0xff,
  0xff, 0xff, 0xff, 0xff, 0xff, 0xff, 0x9a, 0xde, 0xdc, 0xde, 0xbf, 0xff,
  0xff, 0xff, 0xbf, 0xff, 0x9f, 0xf7, 0x3e, 0xef, 0xfb, 0xde, 0x59, 0xce,
  0x13, 0xb6, 0x50, 0xa5, 0xeb, 0x8c, 0x48, 0x7c, 0x24, 0x6c, 0xe3, 0x6b,
  0xe2, 0x63, 0xc1, 0x6b, 0xe2, 0x6b, 0xe2, 0x6b, 0xe2, 0x63, 0xc1, 0x6b,
  0xc2, 0x63, 0xa1, 0x63, 0xc1, 0x63, 0xa0, 0x63, 0xa1, 0x5b, 0x80, 0x63,
  0x81, 0x5b, 0x60, 0x5b, 0x60, 0x53, 0x40, 0x5b, 0x21, 0x53, 0x00, 0x53,
  0x00, 0x4b, 0xe0, 0x52, 0xc0, 0x4a, 0xc0, 0x52, 0xc1, 0x4a, 0xa0, 0x4a,
  0xc0, 0x4a, 0xa0, 0x4a, 0xc0, 0x4a, 0xc0, 0x52, 0xe1, 0x52, 0x01, 0x5b,
  0x23, 0x5b, 0x23, 0x63, 0x65, 0x6b, 0x85, 0x73, 0xc7, 0x73, 0xe7, 0x7b,
  0x29, 0x7c, 0x4a, 0x8c, 0x8c, 0x8c, 0xac, 0x94, 0xcf, 0x94, 0xef, 0xa4,
  0x11, 0xa5, 0x10, 0xad, 0x32, 0xad, 0x52, 0xb5, 0x21, 0x5b, 0x42, 0x5b,
  0x42, 0x5b, 0x62, 0x5b, 0x62, 0x5b, 0x83, 0x5b, 0x63, 0x63, 0x83, 0x5b,
  0x83, 0x63, 0xa3, 0x63, 0xa3, 0x6b, 0xa4, 0x63, 0xa3, 0x6b, 0xc3, 0x63,
  0xa3, 0x6b, 0xc4, 0x6b, 0xc4, 0x6b, 0xc4, 0x6b, 0xa4, 0x6b, 0xc4, 0x6b,
  0xa4, 0x6b, 0xe5, 0x6b, 0xc4, 0x73, 0xe5, 0x6b, 0xc4, 0x73, 0xe5, 0x6b,
  0xe5, 0x73, 0x06, 0x74, 0xe5, 0x7b, 0x06, 0x74, 0x05, 0x7c, 0x26, 0x7c,
  0x26, 0x7c, 0x27, 0x7c, 0x26, 0x84, 0x47, 0x7c, 0x26, 0x84, 0x47, 0x7c,
  0x26, 0x7c, 0x46, 0x7c, 0x26, 0x7c, 0x46, 0x7c, 0x26, 0x84, 0x46, 0x7c,
  0x46, 0x84, 0x46, 0x7c, 0x45, 0x84, 0x46, 0x7c, 0x45, 0x84, 0x66, 0x7c,
  0x45, 0x84, 0x46, 0x7c, 0x45, 0x7c, 0x46, 0x7c, 0x45, 0x7c, 0x45, 0x7c,
  0x45, 0x7c, 0x45, 0x7c, 0x45, 0x7c, 0x45, 0x7c, 0x45, 0x7c, 0x45, 0x7c,
  0x25, 0x7c, 0x45, 0x7c, 0x25, 0x7c, 0x46, 0x7c, 0x45, 0x84, 0x46, 0x7c,
  0x45, 0x84, 0x66, 0x7c, 0x66, 0x8c, 0x86, 0x84, 0x86, 0x8c, 0x45, 0x7c,
  0x68, 0x84, 0xae, 0xad, 0xd9, 0xde, 0x7c, 0xef, 0x79, 0xde, 0x76, 0xb5,
  0x33, 0xb5, 0x54, 0xb5, 0x54, 0xbd, 0x75, 0xb5, 0x95, 0xbd, 0x96, 0xbd,
  0xb5, 0xc5, 0x96, 0xbd, 0xb6, 0xc5, 0x59, 0xd6, 0x58, 0xd6, 0x59, 0xd6,
  0x58, 0xd6, 0x38, 0xce, 0x38, 0xd6, 0xba, 0xd6, 0xda, 0xe6, 0x3c, 0xe7,
  0x5c, 0xf7, 0xda, 0xde, 0xd5, 0xcd, 0x12, 0xb5, 0x4e, 0xa4, 0x2e, 0x9c,
  0xed, 0x93, 0xed, 0x8b, 0x0e, 0x94, 0x70, 0x9c, 0xf3, 0xac, 0xf7, 0xc5,
  0xfb, 0xe6, 0x7d, 0xef, 0xdf, 0xff, 0xff, 0xff, 0xff, 0xff, 0xff, 0xff,
  0xff, 0xff, 0xff, 0xff, 0xff, 0xff, 0xff, 0xff, 0xff, 0xff, 0xff, 0xff,
  0xdf, 0xff, 0xdf, 0xff, 0xbe, 0xff, 0xbe, 0xf7, 0x7b, 0xf7, 0x3b, 0xef,
  0x5c, 0xf7, 0x99, 0xde, 0x1b, 0xf7, 0xba, 0xde, 0x89, 0x5a, 0x55, 0xb5,
  0xfb, 0xee, 0x38, 0xce, 0x58, 0xde, 0x9a, 0xde, 0x91, 0x9c, 0xb2, 0x9c,
  0x3b, 0xef, 0x7d, 0xf7, 0x7c, 0xf7, 0x9d, 0xf7, 0xbe, 0xff, 0xdf, 0xff,
  0xdf, 0xff, 0xff, 0xff, 0xff, 0xff, 0xbf, 0xff, 0x5c, 0xef, 0xba, 0xd6,
  0x34, 0xc6, 0x31, 0xa5, 0x67, 0x84, 0xa4, 0x63, 0x20, 0x5b, 0x00, 0x53,
  0xc0, 0x52, 0xc0, 0x4a, 0xa0, 0x4a, 0xc0, 0x4a, 0xc0, 0x4a, 0xc0, 0x4a,
  0xc0, 0x52, 0x00, 0x53, 0x00, 0x5b, 0x21, 0x5b, 0x43, 0x6b, 0x84, 0x6b,
  0xc6, 0x7b, 0x27, 0x7c, 0x49, 0x8c, 0xab, 0x94, 0xcd, 0xa4, 0x2e, 0xa5,
  0x30, 0xad, 0x91, 0xb5, 0xb2, 0xbd, 0xf4, 0xc5, 0x15, 0xce, 0x76, 0xce,
  0x98, 0xde, 0xd9, 0xde, 0xda, 0xe6, 0x1b, 0xe7, 0xfb, 0xee, 0x1b, 0xe7,
  0x1b, 0xef, 0x1c, 0xe7, 0x1b, 0xef, 0x1c, 0xe7, 0xfb, 0xee, 0x1c, 0xe7,
  0xdb, 0xe6, 0xdb, 0xde, 0xba, 0xe6, 0xba, 0xde, 0x79, 0xde, 0x79, 0xd6,
  0x64, 0x5b, 0x64, 0x63, 0x84, 0x63, 0x63, 0x63, 0x84, 0x63, 0x84, 0x6b,
  0xa5, 0x63, 0xa4, 0x6b, 0xa5, 0x63, 0xa4, 0x6b, 0xc4, 0x63, 0xa4, 0x6b,
  0xc4, 0x6b, 0xc4, 0x6b, 0xe5, 0x6b, 0xc4, 0x73, 0xe5, 0x6b, 0xe4, 0x73,
  0x05, 0x6c, 0xe4, 0x73, 0x05, 0x74, 0x05, 0x74, 0x25, 0x74, 0x05, 0x74,
  0x25, 0x74, 0x05, 0x74, 0x25, 0x74, 0x05, 0x74, 0x25, 0x74, 0x04, 0x74,
  0x04, 0x74, 0x04, 0x74, 0x25, 0x74, 0x04, 0x74, 0x25, 0x74, 0x04, 0x7c,
  0x05, 0x74, 0x04, 0x74, 0x25, 0x74, 0x04, 0x74, 0x25, 0x74, 0x04, 0x74,
  0x25, 0x74, 0x04, 0x74, 0x25, 0x74, 0x25, 0x7c, 0x25, 0x74, 0x25, 0x7c,
  0x26, 0x74, 0x25, 0x7c, 0x26, 0x74, 0x25, 0x7c, 0x46, 0x7c, 0x26, 0x84,
  0x47, 0x7c, 0x46, 0x84, 0x47, 0x7c, 0x46, 0x84, 0x67, 0x7c, 0x46, 0x84,
  0x67, 0x7c, 0x46, 0x84, 0x67, 0x7c, 0x46, 0x84, 0x67, 0x7c, 0x66, 0x84,
  0x67, 0x7c, 0x46, 0x84, 0x67, 0x7c, 0x66, 0x84, 0x67, 0x7c, 0x46, 0x84,
  0x28, 0x74, 0xae, 0xad, 0x7d, 0xef, 0xff, 0xff, 0x18, 0xce, 0xf3, 0xac,
  0x34, 0xad, 0x34, 0xb5, 0x35, 0xad, 0x34, 0xb5, 0x55, 0xb5, 0x34, 0xb5,
  0x75, 0xb5, 0x55, 0xbd, 0x34, 0xad, 0x34, 0xb5, 0x34, 0xad, 0xf3, 0xac,
  0xf4, 0xa4, 0xd3, 0xac, 0xd3, 0xa4, 0x51, 0x9c, 0x10, 0x8c, 0x0f, 0x94,
  0x50, 0x94, 0x50, 0x9c, 0x50, 0x94, 0xee, 0x93, 0xef, 0x8b, 0xce, 0x8b,
  0x92, 0x94, 0x55, 0xb5, 0x96, 0xb5, 0x18, 0xc6, 0x1c, 0xe7, 0x9e, 0xf7,
  0xff, 0xff, 0xff, 0xff, 0xff, 0xff, 0xff, 0xff, 0xff, 0xff, 0xff, 0xff,
  0xff, 0xff, 0xff, 0xff, 0xff, 0xff, 0xdf, 0xff, 0xbf, 0xf7, 0x7e, 0xf7,
  0x9b, 0xd6, 0xfc, 0xe6, 0xfc, 0xde, 0xdb, 0xe6, 0x1c, 0xe7, 0x3c, 0xef,
  0xf3, 0xcd, 0xf3, 0xdd, 0x58, 0xd6, 0xb6, 0xc5, 0xfb, 0xe6, 0xd2, 0xac,
  0xe8, 0x39, 0xf7, 0xc5, 0xf8, 0xc5, 0x51, 0x9c, 0xcf, 0x7b, 0x8a, 0x5a,
  0xf0, 0x7b, 0x38, 0xce, 0x58, 0xce, 0xf7, 0xcd, 0xf8, 0xc5, 0xf7, 0xcd,
  0x18, 0xce, 0x18, 0xd6, 0x59, 0xce, 0x79, 0xde, 0xdb, 0xde, 0x1c, 0xef,
  0x7e, 0xf7, 0xbe, 0xff, 0xbf, 0xff, 0x7d, 0xf7, 0x1b, 0xe7, 0x17, 0xce,
  0x72, 0xad, 0xaf, 0x9c, 0x6c, 0x94, 0x4c, 0x9c, 0xae, 0x9c, 0xce, 0xac,
  0x31, 0xb5, 0x72, 0xc5, 0xb4, 0xc5, 0xf5, 0xd5, 0x57, 0xd6, 0x78, 0xe6,
  0xba, 0xde, 0xda, 0xee, 0x1c, 0xef, 0x1c, 0xf7, 0x5d, 0xf7, 0x5d, 0xf7,
  0x5e, 0xf7, 0x5d, 0xf7, 0x5e, 0xf7, 0x3d, 0xf7, 0x5d, 0xef, 0x3d, 0xef,
  0x3d, 0xef, 0x1c, 0xef, 0x1c, 0xe7, 0xdb, 0xe6, 0xfb, 0xde, 0xba, 0xde,
  0xdb, 0xde, 0x9a, 0xde, 0x9a, 0xd6, 0x99, 0xde, 0x9a, 0xd6, 0x79, 0xd6,
  0x7a, 0xd6, 0x59, 0xd6, 0x59, 0xce, 0x59, 0xd6, 0x59, 0xce, 0x58, 0xd6,
  0x59, 0xce, 0x38, 0xce, 0x83, 0x6b, 0xa4, 0x63, 0x83, 0x6b, 0xa4, 0x63,
  0xa3, 0x6b, 0xa4, 0x63, 0xa3, 0x6b, 0xa3, 0x63, 0xa3, 0x6b, 0xc3, 0x6b,
  0xc3, 0x6b, 0xe3, 0x6b, 0xc3, 0x6b, 0xe4, 0x6b, 0xc3, 0x73, 0xe3, 0x6b,
  0xe3, 0x73, 0xe3, 0x6b, 0xc3, 0x73, 0xe3, 0x6b, 0xe3, 0x73, 0xe3, 0x6b,
  0xe3, 0x73, 0xe4, 0x73, 0xe3, 0x73, 0x04, 0x74, 0xe3, 0x73, 0xe3, 0x73,
  0xe3, 0x73, 0x04, 0x74, 0x04, 0x7c, 0x05, 0x74, 0x04, 0x7c, 0x25, 0x74,
  0x05, 0x7c, 0x25, 0x74, 0x05, 0x7c, 0x25, 0x7c, 0x25, 0x7c, 0x46, 0x7c,
  0x25, 0x7c, 0x46, 0x7c, 0x26, 0x7c, 0x46, 0x7c, 0x46, 0x84, 0x46, 0x7c,
  0x45, 0x7c, 0x46, 0x7c, 0x25, 0x7c, 0x26, 0x74, 0x25, 0x7c, 0x25, 0x74,
  0x04, 0x7c, 0x25, 0x74, 0x04, 0x74, 0x04, 0x74, 0x04, 0x74, 0x04, 0x74,
  0xe3, 0x73, 0x04, 0x74, 0xe3, 0x73, 0xe4, 0x6b, 0xe3, 0x73, 0xe3, 0x6b,
  0xc3, 0x6b, 0xc3, 0x6b, 0xa2, 0x6b, 0xc3, 0x6b, 0xa2, 0x6b, 0xc3, 0x6b,
  0xc3, 0x73, 0xe4, 0x6b, 0x78, 0xce, 0xff, 0xff, 0xff, 0xff, 0x59, 0xce,
  0xd2, 0xa4, 0x14, 0xad, 0x33, 0xb5, 0xf3, 0xa4, 0x13, 0xad, 0x14, 0xa5,
  0xf3, 0xac, 0x34, 0xad, 0xf3, 0xac, 0xf3, 0xa4, 0x13, 0xb5, 0x13, 0xad,
  0x34, 0xb5, 0x55, 0xad, 0xf3, 0xac, 0x14, 0xad, 0x34, 0xb5, 0x34, 0xad,
  0xb1, 0xa4, 0xd2, 0xa4, 0x91, 0x9c, 0x91, 0x9c, 0xd2, 0xac, 0xd2, 0xa4,
  0x75, 0xb5, 0xdb, 0xde, 0xbe, 0xff, 0xff, 0xff, 0xff, 0xff, 0xff, 0xff,
  0xff, 0xff, 0xff, 0xff, 0xff, 0xff, 0xff, 0xff, 0xff, 0xff, 0xff, 0xff,
  0x5d, 0xff, 0x3d, 0xef, 0x9a, 0xee, 0xf8, 0xd5, 0x1b, 0xef, 0xbe, 0xff,
  0x5d, 0xf7, 0x5a, 0xce, 0x92, 0x9c, 0x9a, 0xce, 0xda, 0xe6, 0xba, 0xde,
  0x38, 0xce, 0x96, 0xb5, 0x58, 0xd6, 0x79, 0xd6, 0x9a, 0xde, 0x7a, 0xd6,
  0xba, 0xe6, 0x51, 0x94, 0x2c, 0x73, 0x18, 0xc6, 0x91, 0xa4, 0x2c, 0x6b,
  0x69, 0x5a, 0x71, 0x94, 0xf7, 0xcd, 0xb6, 0xbd, 0x54, 0xbd, 0x54, 0xb5,
  0x33, 0xb5, 0x14, 0xad, 0xd2, 0xac, 0xf3, 0xa4, 0xd2, 0xac, 0xf3, 0xa4,
  0xf2, 0xac, 0x33, 0xad, 0x54, 0xbd, 0x95, 0xbd, 0xd6, 0xcd, 0x58, 0xd6,
  0x79, 0xde, 0x9a, 0xde, 0x79, 0xde, 0x9a, 0xd6, 0x58, 0xe6, 0x38, 0xde,
  0xd5, 0xe5, 0xd6, 0xdd, 0xd5, 0xe5, 0xd6, 0xe5, 0xd5, 0xe5, 0xd6, 0xdd,
  0xd5, 0xdd, 0xd6, 0xd5, 0xb5, 0xdd, 0xd6, 0xd5, 0xd5, 0xd5, 0xd6, 0xd5,
  0xf6, 0xd5, 0x16, 0xd6, 0xf6, 0xd5, 0x17, 0xd6, 0x16, 0xd6, 0x17, 0xd6,
  0x17, 0xd6, 0x37, 0xd6, 0x37, 0xd6, 0x58, 0xd6, 0x58, 0xde, 0x78, 0xd6,
  0x58, 0xde, 0x79, 0xd6, 0x79, 0xde, 0x79, 0xde, 0x79, 0xde, 0x99, 0xd6,
  0x99, 0xde, 0x99, 0xd6, 0x99, 0xde, 0x9a, 0xd6, 0x99, 0xde, 0x99, 0xd6,
  0x79, 0xde, 0x79, 0xd6, 0x58, 0xd6, 0x59, 0xce, 0x41, 0x5b, 0x41, 0x5b,
  0x62, 0x5b, 0x61, 0x63, 0x62, 0x5b, 0x62, 0x63, 0x83, 0x63, 0x83, 0x6b,
  0xa3, 0x63, 0xa3, 0x6b, 0xc4, 0x6b, 0xa4, 0x73, 0xe5, 0x6b, 0xc4, 0x73,
  0xe5, 0x6b, 0xe5, 0x73, 0x06, 0x74, 0xe5, 0x73, 0x06, 0x74, 0xe5, 0x7b,
  0x06, 0x74, 0x05, 0x7c, 0x06, 0x74, 0xe5, 0x7b, 0x06, 0x74, 0xe5, 0x73,
  0x06, 0x74, 0xe5, 0x73, 0x05, 0x74, 0xe5, 0x73, 0xe5, 0x73, 0xc4, 0x73,
  0xe4, 0x6b, 0xc4, 0x73, 0xe4, 0x6b, 0xc3, 0x6b, 0xe4, 0x6b, 0xc3, 0x6b,
  0xc4, 0x6b, 0xa3, 0x6b, 0xc3, 0x63, 0xa3, 0x6b, 0xa3, 0x63, 0x82, 0x63,
  0x82, 0x63, 0x62, 0x63, 0x82, 0x5b, 0x61, 0x63, 0x82, 0x5b, 0x81, 0x63,
  0x82, 0x5b, 0x61, 0x63, 0x82, 0x5b, 0x81, 0x63, 0xa2, 0x5b, 0x81, 0x63,
  0x82, 0x5b, 0x82, 0x63, 0x82, 0x63, 0x82, 0x63, 0xa3, 0x63, 0x82, 0x63,
  0xa3, 0x63, 0xa3, 0x6b, 0xa4, 0x63, 0xa3, 0x6b, 0xc4, 0x6b, 0xa4, 0x6b,
  0xe5, 0x6b, 0xe5, 0x73, 0xc8, 0x6b, 0x31, 0xbe, 0xff, 0xff, 0xff, 0xff,
  0xfb, 0xe6, 0xd3, 0xa4, 0xb2, 0x9c, 0xd3, 0xac, 0x92, 0x9c, 0x71, 0x9c,
  0xf3, 0xa4, 0xb2, 0xa4, 0xd3, 0x9c, 0xf3, 0xac, 0xb3, 0x9c, 0xf3, 0xac,
  0xf4, 0xa4, 0x92, 0xa4, 0xf4, 0xa4, 0xd3, 0xa4, 0xb2, 0x9c, 0xb2, 0xa4,
  0x72, 0x94, 0x51, 0x9c, 0x55, 0xad, 0x34, 0xb5, 0x96, 0xb5, 0xfc, 0xe6,
  0xbf, 0xf7, 0x9e, 0xf7, 0xff, 0xff, 0xff, 0xff, 0xff, 0xff, 0xff, 0xff,
  0xff, 0xff, 0xff, 0xff, 0xff, 0xff, 0x3d, 0xe7, 0x1d, 0xd7, 0xbf, 0xf7,
  0xff, 0xf7, 0xff, 0xff, 0x7a, 0xe6, 0xb7, 0xd5, 0xb7, 0xd5, 0xf8, 0xe5,
  0x5d, 0xef, 0xfb, 0xee, 0xbb, 0xde, 0x9a, 0xde, 0xbb, 0xde, 0xdb, 0xe6,
  0x5a, 0xce, 0x59, 0xd6, 0x76, 0xad, 0x55, 0xb5, 0xb7, 0xb5, 0xb7, 0xc5,
  0x39, 0xc6, 0x19, 0xc6, 0x38, 0xce, 0x69, 0x5a, 0x72, 0x94, 0xb6, 0xc5,
  0x8e, 0x73, 0x2c, 0x73, 0x14, 0xa5, 0x96, 0xc5, 0x34, 0xad, 0xf3, 0xac,
  0xd3, 0xa4, 0x91, 0x9c, 0x71, 0x94, 0x30, 0x94, 0x30, 0x8c, 0xef, 0x8b,
  0xcf, 0x83, 0x8e, 0x83, 0xae, 0x7b, 0x6d, 0x7b, 0x8d, 0x7b, 0x8d, 0x83,
  0xae, 0x7b, 0xce, 0x83, 0x0f, 0x8c, 0x2f, 0x94, 0x70, 0x9c, 0x90, 0xac,
  0xb1, 0xb4, 0xb0, 0xbc, 0xb0, 0xbc, 0x90, 0xc4, 0xb1, 0xc4, 0x90, 0xc4,
  0xd1, 0xc4, 0xb0, 0xc4, 0xd1, 0xc4, 0xb0, 0xc4, 0xd1, 0xc4, 0xb1, 0xc4,
  0xd1, 0xc4, 0xd1, 0xc4, 0x12, 0xc5, 0x12, 0xcd, 0x34, 0xc5, 0x34, 0xcd,
  0x75, 0xcd, 0x74, 0xd5, 0xb5, 0xcd, 0xb5, 0xd5, 0xd6, 0xcd, 0xd6, 0xd5,
  0xf7, 0xcd, 0xf6, 0xd5, 0x18, 0xce, 0x17, 0xd6, 0x18, 0xd6, 0x17, 0xd6,
  0x38, 0xd6, 0x38, 0xd6, 0x59, 0xd6, 0x58, 0xde, 0x79, 0xd6, 0x79, 0xde,
  0x9a, 0xd6, 0x7a, 0xde, 0x9a, 0xd6, 0x9a, 0xde, 0x9a, 0xd6, 0x79, 0xd6,
  0x63, 0x6b, 0x84, 0x63, 0x84, 0x6b, 0xa4, 0x6b, 0x84, 0x6b, 0xa5, 0x6b,
  0xa4, 0x6b, 0xc5, 0x6b, 0xa4, 0x73, 0xa4, 0x6b, 0xa4, 0x6b, 0xc4, 0x6b,
  0xa4, 0x6b, 0xc4, 0x6b, 0xa3, 0x6b, 0xa3, 0x63, 0xa2, 0x6b, 0xa3, 0x63,
  0xa1, 0x63, 0xa2, 0x63, 0x81, 0x63, 0xa2, 0x63, 0x81, 0x63, 0x82, 0x63,
  0x81, 0x63, 0x81, 0x5b, 0x61, 0x63, 0x81, 0x5b, 0x61, 0x63, 0x81, 0x5b,
  0x61, 0x63, 0x82, 0x63, 0x61, 0x63, 0x82, 0x63, 0x61, 0x63, 0x82, 0x63,
  0x62, 0x63, 0x82, 0x63, 0x82, 0x63, 0xa3, 0x63, 0x82, 0x6b, 0xa3, 0x63,
  0xa2, 0x6b, 0xa3, 0x63, 0xa3, 0x6b, 0xc3, 0x6b, 0xa3, 0x6b, 0xc4, 0x6b,
  0xa3, 0x6b, 0xc4, 0x6b, 0xc3, 0x6b, 0xc4, 0x6b, 0xc3, 0x73, 0xc4, 0x6b,
  0xc3, 0x73, 0xc4, 0x6b, 0xc3, 0x6b, 0xe4, 0x6b, 0xc3, 0x73, 0xe4, 0x6b,
  0xc3, 0x73, 0xe4, 0x6b, 0xc3, 0x73, 0xe4, 0x6b, 0xc3, 0x73, 0xc4, 0x6b,
  0xc3, 0x73, 0xc4, 0x6b, 0xc3, 0x73, 0xc3, 0x6b, 0x0c, 0x7c, 0xdb, 0xef,
  0xff, 0xff, 0xbe, 0xf7, 0xd6, 0xc5, 0xf3, 0xa4, 0xd3, 0xac, 0xd3, 0xa4,
  0x71, 0x9c, 0x71, 0x94, 0x50, 0x9c, 0x30, 0x8c, 0x92, 0xa4, 0x51, 0x94,
  0xee, 0x8b, 0x71, 0x94, 0x50, 0x9c, 0x70, 0x94, 0x91, 0x9c, 0x71, 0x94,
  0x92, 0x9c, 0x75, 0xb5, 0x34, 0xad, 0x79, 0xd6, 0xdf, 0xff, 0xff, 0xff,
  0xff, 0xff, 0xff, 0xff, 0xff, 0xff, 0xff, 0xff, 0xff, 0xff, 0xff, 0xff,
  0xff, 0xff, 0xff, 0xff, 0xff, 0xff, 0xff, 0xff, 0xff, 0xff, 0xff, 0xff,
  0xbe, 0xff, 0xbf, 0xf7, 0x7d, 0xf7, 0xde, 0xf7, 0x9d, 0xff, 0x7d, 0xf7,
  0xbe, 0xf7, 0xba, 0xd6, 0xfb, 0xe6, 0x5c, 0xe7, 0x9a, 0xd6, 0xdb, 0xd6,
  0x58, 0xde, 0x58, 0xd6, 0x17, 0xd6, 0x99, 0xde, 0x99, 0xde, 0xba, 0xde,
  0x78, 0xde, 0xba, 0xde, 0x58, 0xde, 0x9a, 0xde, 0xce, 0x8b, 0xaa, 0x5a,
  0x13, 0xad, 0x4d, 0x73, 0x8d, 0x7b, 0x34, 0xad, 0x33, 0xb5, 0xd2, 0xa4,
  0x91, 0xa4, 0x70, 0x94, 0xef, 0x8b, 0xae, 0x7b, 0x4c, 0x73, 0x0b, 0x63,
  0xca, 0x62, 0xca, 0x62, 0xca, 0x6a, 0x0b, 0x6b, 0x2b, 0x7b, 0x8d, 0x7b,
  0xad, 0x93, 0x0e, 0x94, 0x2e, 0xac, 0x90, 0xac, 0x8f, 0xbc, 0xd1, 0xbc,
  0xb0, 0xcc, 0xd1, 0xcc, 0xd1, 0xcc, 0xf1, 0xcc, 0xd1, 0xcc, 0xf1, 0xcc,
  0xd1, 0xcc, 0xd1, 0xcc, 0xd0, 0xcc, 0xd1, 0xcc, 0xb0, 0xcc, 0xd1, 0xc4,
  0xb0, 0xcc, 0xb0, 0xc4, 0x8f, 0xc4, 0x8f, 0xbc, 0x6f, 0xc4, 0x90, 0xbc,
  0x6f, 0xc4, 0x90, 0xbc, 0x90, 0xc4, 0xd1, 0xbc, 0xd1, 0xc4, 0x12, 0xc5,
  0x12, 0xc5, 0x33, 0xc5, 0x53, 0xcd, 0x74, 0xcd, 0x74, 0xcd, 0x95, 0xc5,
  0x95, 0xcd, 0x95, 0xc5, 0x95, 0xcd, 0x95, 0xc5, 0x75, 0xc5, 0x75, 0xbd,
  0x74, 0xbd, 0x54, 0xb5, 0x33, 0xb5, 0x33, 0xad, 0xf3, 0xac, 0xd3, 0xa4,
  0x91, 0xa4, 0x91, 0x94, 0x22, 0x53, 0x22, 0x5b, 0x22, 0x53, 0x22, 0x5b,
  0x42, 0x5b, 0x22, 0x5b, 0x42, 0x5b, 0x22, 0x5b, 0x42, 0x53, 0x41, 0x5b,
  0x42, 0x5b, 0x41, 0x5b, 0x41, 0x5b, 0x41, 0x5b, 0x61, 0x5b, 0x41, 0x5b,
  0x61, 0x5b, 0x41, 0x5b, 0x62, 0x5b, 0x41, 0x63, 0x62, 0x5b, 0x62, 0x63,
  0x63, 0x63, 0x62, 0x63, 0x83, 0x63, 0x83, 0x6b, 0xa4, 0x63, 0x83, 0x6b,
  0xa4, 0x63, 0xa4, 0x6b, 0xa5, 0x6b, 0xa4, 0x73, 0xc5, 0x6b, 0xa4, 0x73,
  0xc5, 0x6b, 0xc4, 0x73, 0xe5, 0x73, 0xc4, 0x73, 0xe5, 0x73, 0xc4, 0x73,
  0xe4, 0x6b, 0xc4, 0x73, 0xe4, 0x6b, 0xc3, 0x6b, 0xc4, 0x6b, 0xa3, 0x6b,
  0xc3, 0x63, 0xa2, 0x6b, 0xa3, 0x63, 0x82, 0x63, 0xa2, 0x63, 0x81, 0x63,
  0x82, 0x63, 0x81, 0x63, 0x82, 0x63, 0x61, 0x63, 0x81, 0x63, 0x61, 0x63,
  0x82, 0x5b, 0x61, 0x63, 0x62, 0x5b, 0x41, 0x63, 0x41, 0x5b, 0x20, 0x5b,
  0x21, 0x5b, 0x21, 0x5b, 0x21, 0x5b, 0x21, 0x63, 0x42, 0x5b, 0xe0, 0x5a,
  0x91, 0x8c, 0xbd, 0xf7, 0xdf, 0xff, 0xbf, 0xff, 0x9f, 0xf7, 0xdf, 0xff,
  0xff, 0xff, 0x5d, 0xef, 0x55, 0xad, 0x6d, 0x7b, 0x8e, 0x73, 0xef, 0x8b,
  0x8e, 0x73, 0x92, 0x9c, 0xf8, 0xbd, 0x55, 0xb5, 0x34, 0xa5, 0xd3, 0xa4,
  0xd3, 0x9c, 0xd3, 0xac, 0xdc, 0xde, 0xff, 0xff, 0xff, 0xff, 0xff, 0xff,
  0xff, 0xff, 0xff, 0xff, 0xff, 0xff, 0xff, 0xff, 0xff, 0xff, 0xff, 0xff,
  0xff, 0xff, 0xff, 0xff, 0xff, 0xff, 0xdf, 0xff, 0xff, 0xff, 0xff, 0xff,
  0x5e, 0xdf, 0x1d, 0xdf, 0xbc, 0xce, 0x3d, 0xe7, 0x9e, 0xf7, 0x5d, 0xef,
  0xdb, 0xd6, 0x6d, 0x6b, 0x78, 0x95, 0xb8, 0xa5, 0x17, 0x75, 0xf7, 0x7c,
  0x95, 0x6c, 0xd9, 0x9d, 0xd7, 0xc5, 0x75, 0xbd, 0xd8, 0xc5, 0x18, 0xd6,
  0xb6, 0xbd, 0xd2, 0xa4, 0x76, 0xb5, 0xf7, 0xc5, 0xb7, 0xbd, 0x96, 0xbd,
  0x50, 0x94, 0xad, 0x83, 0xcb, 0x62, 0x10, 0x8c, 0x54, 0xb5, 0xd2, 0xac,
  0xb2, 0x9c, 0x30, 0x94, 0xae, 0x7b, 0x0b, 0x6b, 0xaa, 0x5a, 0x89, 0x62,
  0xcb, 0x62, 0x2c, 0x73, 0xce, 0x8b, 0x50, 0x9c, 0xb1, 0xac, 0xf2, 0xbc,
  0x13, 0xc5, 0x12, 0xcd, 0x12, 0xcd, 0x12, 0xd5, 0x12, 0xcd, 0xf2, 0xd4,
  0x12, 0xcd, 0xf1, 0xcc, 0xf2, 0xcc, 0xf1, 0xcc, 0xf2, 0xcc, 0xd1, 0xcc,
  0xf2, 0xcc, 0xd1, 0xcc, 0xd2, 0xcc, 0xb1, 0xcc, 0xb1, 0xc4, 0x90, 0xc4,
  0x90, 0xbc, 0x6f, 0xc4, 0x70, 0xb4, 0x4f, 0xbc, 0x4f, 0xb4, 0x2f, 0xb4,
  0x4f, 0xac, 0x2e, 0xb4, 0x2f, 0xac, 0x0e, 0xac, 0x2f, 0xa4, 0x0f, 0xac,
  0x30, 0xa4, 0x2f, 0xac, 0x50, 0xa4, 0x50, 0xa4, 0x91, 0x9c, 0x70, 0xa4,
  0x71, 0x9c, 0x50, 0x9c, 0x51, 0x94, 0x30, 0x94, 0x30, 0x8c, 0xef, 0x93,
  0x0f, 0x8c, 0xee, 0x8b, 0xef, 0x83, 0xce, 0x8b, 0xce, 0x83, 0xae, 0x83,
  0xae, 0x7b, 0xae, 0x83, 0xae, 0x7b, 0xad, 0x83, 0xe0, 0x5a, 0x01, 0x53,
  0x01, 0x5b, 0x21, 0x53, 0x00, 0x5b, 0x21, 0x53, 0x00, 0x5b, 0x21, 0x5b,
  0x21, 0x5b, 0x41, 0x5b, 0x41, 0x63, 0x62, 0x5b, 0x62, 0x63, 0x63, 0x63,
  0x62, 0x6b, 0x83, 0x63, 0x63, 0x6b, 0x83, 0x63, 0x83, 0x6b, 0xa4, 0x6b,
  0x83, 0x6b, 0xa4, 0x6b, 0x83, 0x6b, 0xa4, 0x6b, 0xa3, 0x6b, 0xa4, 0x63,
  0x83, 0x6b, 0xa4, 0x63, 0x82, 0x6b, 0xa3, 0x63, 0x82, 0x6b, 0xa3, 0x63,
  0x61, 0x63, 0x61, 0x63, 0x60, 0x63, 0x61, 0x5b, 0x60, 0x63, 0x61, 0x5b,
  0x40, 0x63, 0x61, 0x5b, 0x40, 0x5b, 0x40, 0x5b, 0x20, 0x5b, 0x20, 0x5b,
  0x20, 0x5b, 0x20, 0x53, 0x20, 0x5b, 0x20, 0x53, 0x00, 0x5b, 0x00, 0x53,
  0x00, 0x5b, 0x00, 0x53, 0x00, 0x5b, 0x21, 0x53, 0xe0, 0x5a, 0xe0, 0x52,
  0xc0, 0x5a, 0xc0, 0x52, 0xc0, 0x5a, 0xc0, 0x52, 0xa0, 0x5a, 0xc1, 0x52,
  0xa1, 0x5a, 0xc1, 0x52, 0x81, 0x5a, 0xa2, 0x5a, 0x81, 0x5a, 0xa2, 0x5a,
  0xa2, 0x62, 0x81, 0x52, 0xf2, 0xa4, 0xde, 0xf7, 0xbe, 0xff, 0xff, 0xff,
  0xff, 0xff, 0xbe, 0xf7, 0x5d, 0xf7, 0x18, 0xc6, 0xef, 0x8b, 0x10, 0x84,
  0xee, 0x8b, 0x8d, 0x73, 0xb2, 0x9c, 0xbf, 0xf7, 0xff, 0xff, 0xff, 0xff,
  0xff, 0xff, 0xff, 0xff, 0xff, 0xff, 0xff, 0xff, 0xff, 0xff, 0xff, 0xff,
  0xff, 0xff, 0xff, 0xff, 0xff, 0xff, 0xff, 0xff, 0x7d, 0xff, 0x9a, 0xd6,
  0xdf, 0xff, 0xbf, 0xf7, 0xbe, 0xff, 0xbf, 0xff, 0xbe, 0xff, 0xbf, 0xf7,
  0xde, 0xff, 0xff, 0xff, 0x58, 0x8d, 0x5c, 0xae, 0xd8, 0xbd, 0xbf, 0xef,
  0xbe, 0xff, 0x9e, 0xf7, 0x76, 0xad, 0x29, 0x3a, 0x36, 0x8d, 0xb9, 0x95,
  0x58, 0x8d, 0x78, 0x8d, 0xb6, 0xad, 0xfc, 0xce, 0xda, 0xe6, 0xdb, 0xde,
  0x9a, 0xde, 0x39, 0xc6, 0x57, 0xde, 0x37, 0xd6, 0x37, 0xd6, 0xf7, 0xc5,
  0xd6, 0xcd, 0xf7, 0xc5, 0x0f, 0x8c, 0x6d, 0x73, 0x13, 0xad, 0x75, 0xb5,
  0xb1, 0xa4, 0x0f, 0x8c, 0x2b, 0x73, 0xca, 0x62, 0xca, 0x6a, 0xae, 0x7b,
  0x70, 0xa4, 0x74, 0xbd, 0xd5, 0xdd, 0x58, 0xde, 0x57, 0xee, 0x78, 0xee,
  0x57, 0xee, 0x37, 0xe6, 0x16, 0xee, 0x16, 0xe6, 0xd5, 0xe5, 0xb5, 0xdd,
  0x73, 0xdd, 0x73, 0xcd, 0x32, 0xd5, 0x32, 0xcd, 0xd1, 0xcc, 0xd1, 0xc4,
  0xb0, 0xc4, 0xb1, 0xbc, 0x90, 0xbc, 0x90, 0xb4, 0x90, 0xb4, 0x90, 0xb4,
  0x6f, 0xb4, 0x70, 0xac, 0x70, 0xac, 0x90, 0xa4, 0x70, 0xac, 0x91, 0xa4,
  0x70, 0xa4, 0x71, 0xa4, 0x70, 0xa4, 0x91, 0x9c, 0x70, 0x9c, 0x71, 0x9c,
  0x70, 0x9c, 0x91, 0x9c, 0x50, 0x9c, 0x70, 0x94, 0x4f, 0x94, 0x50, 0x94,
  0x4f, 0x94, 0x50, 0x8c, 0x2f, 0x94, 0x30, 0x8c, 0x0f, 0x94, 0x10, 0x8c,
  0x0f, 0x8c, 0x10, 0x8c, 0x0f, 0x94, 0x0f, 0x8c, 0xee, 0x8b, 0x0f, 0x8c,
  0xee, 0x8b, 0xef, 0x83, 0xce, 0x8b, 0xcf, 0x83, 0xce, 0x83, 0xce, 0x7b,
  0x01, 0x53, 0xe0, 0x52, 0x21, 0x53, 0x21, 0x5b, 0x22, 0x5b, 0x21, 0x5b,
  0x42, 0x5b, 0x42, 0x63, 0x63, 0x5b, 0x62, 0x63, 0x63, 0x5b, 0x62, 0x63,
  0x63, 0x5b, 0x62, 0x63, 0x63, 0x63, 0x42, 0x63, 0x62, 0x5b, 0x21, 0x5b,
  0x42, 0x5b, 0x21, 0x5b, 0x42, 0x5b, 0x21, 0x5b, 0x21, 0x5b, 0x21, 0x5b,
  0x21, 0x53, 0x01, 0x5b, 0x01, 0x53, 0x01, 0x5b, 0x02, 0x53, 0xe1, 0x52,
  0xe1, 0x4a, 0xc0, 0x52, 0xc1, 0x4a, 0x80, 0x4a, 0xa0, 0x42, 0x80, 0x4a,
  0x80, 0x42, 0x60, 0x42, 0x80, 0x42, 0x80, 0x42, 0x80, 0x42, 0x80, 0x42,
  0x80, 0x42, 0x60, 0x4a, 0x80, 0x42, 0x60, 0x4a, 0x60, 0x4a, 0x60, 0x52,
  0x61, 0x52, 0x61, 0x52, 0x82, 0x52, 0x82, 0x5a, 0x83, 0x62, 0xa3, 0x6a,
  0xa4, 0x6a, 0xc4, 0x72, 0xc6, 0x72, 0xe6, 0x82, 0x07, 0x83, 0x27, 0x8b,
  0x49, 0x93, 0x49, 0x9b, 0x6a, 0x9b, 0x6a, 0xa3, 0x8a, 0xa3, 0x8a, 0xab,
  0xab, 0xab, 0xab, 0xb3, 0x0d, 0xb4, 0x4d, 0xc4, 0xb7, 0xb5, 0xaf, 0x7b,
  0xd8, 0xb5, 0xbf, 0xf7, 0xdf, 0xff, 0x5d, 0xef, 0xdc, 0xde, 0x7e, 0xf7,
  0xff, 0xff, 0x9e, 0xf7, 0x9b, 0xd6, 0x3d, 0xef, 0xbf, 0xf7, 0xbe, 0xff,
  0xff, 0xff, 0xdf, 0xff, 0xff, 0xff, 0xdf, 0xff, 0xff, 0xff, 0xdf, 0xff,
  0xbf, 0xf7, 0xbe, 0xff, 0xbf, 0xf7, 0x9e, 0xf7, 0xbf, 0xf7, 0xbf, 0xff,
  0x79, 0xd6, 0x71, 0x94, 0xf8, 0xc5, 0xbb, 0xde, 0x7e, 0xef, 0x5d, 0xf7,
  0x7e, 0xef, 0x7e, 0xf7, 0xbf, 0xf7, 0x5d, 0xef, 0x5b, 0xbe, 0x3a, 0xbe,
  0x5a, 0xc6, 0x1d, 0xe7, 0xbf, 0xf7, 0x5d, 0xef, 0x1c, 0xe7, 0xdb, 0xe6,
  0x1c, 0xdf, 0xdb, 0xde, 0xdb, 0xde, 0x9a, 0xde, 0x79, 0xd6, 0x17, 0xce,
  0x59, 0xd6, 0xd6, 0xcd, 0x39, 0xc6, 0xb7, 0xbd, 0x35, 0xad, 0x14, 0xad,
  0x96, 0xb5, 0x35, 0xb5, 0xd3, 0xa4, 0x0c, 0x73, 0x8e, 0x7b, 0x34, 0xb5,
  0xf3, 0xa4, 0xef, 0x8b, 0x2c, 0x6b, 0x2c, 0x73, 0x71, 0x94, 0xb6, 0xc5,
  0xba, 0xe6, 0x1b, 0xf7, 0x3c, 0xf7, 0xfa, 0xf6, 0xda, 0xe6, 0x79, 0xe6,
  0x59, 0xde, 0x17, 0xde, 0x17, 0xd6, 0xd6, 0xd5, 0xb6, 0xc5, 0x74, 0xc5,
  0x54, 0xbd, 0x13, 0xbd, 0x13, 0xb5, 0xd2, 0xb4, 0xd2, 0xac, 0xb1, 0xac,
  0xb2, 0xa4, 0x91, 0xa4, 0x92, 0xa4, 0x91, 0xa4, 0x92, 0x9c, 0x91, 0xa4,
  0xb2, 0x9c, 0x91, 0xa4, 0x92, 0x9c, 0x91, 0x9c, 0x92, 0x9c, 0x91, 0x9c,
  0x92, 0x94, 0x71, 0x9c, 0x91, 0x94, 0x71, 0x9c, 0x71, 0x94, 0x71, 0x9c,
  0x71, 0x94, 0x50, 0x9c, 0x71, 0x94, 0x50, 0x94, 0x51, 0x94, 0x50, 0x94,
  0x50, 0x94, 0x30, 0x94, 0x50, 0x8c, 0x2f, 0x94, 0x30, 0x8c, 0x10, 0x94,
  0x10, 0x8c, 0xef, 0x8b, 0x0f, 0x8c, 0xef, 0x8b, 0xef, 0x83, 0xee, 0x8b,
  0xef, 0x83, 0xce, 0x8b, 0xef, 0x83, 0xce, 0x83, 0xce, 0x7b, 0xae, 0x83,
  0xae, 0x7b, 0x8e, 0x7b, 0x00, 0x5b, 0x21, 0x53, 0x00, 0x5b, 0x21, 0x53,
  0x01, 0x5b, 0x21, 0x53, 0xe0, 0x52, 0x01, 0x53, 0xe0, 0x52, 0x01, 0x53,
  0xe0, 0x52, 0xe0, 0x52, 0xc0, 0x52, 0xc0, 0x4a, 0xa0, 0x52, 0xa1, 0x4a,
  0x80, 0x52, 0xa1, 0x4a, 0x80, 0x52, 0x81, 0x4a, 0x80, 0x52, 0x81, 0x4a,
  0x80, 0x52, 0x80, 0x4a, 0x60, 0x4a, 0x80, 0x4a, 0x40, 0x4a, 0x40, 0x42,
  0x40, 0x42, 0x40, 0x42, 0x20, 0x42, 0x40, 0x42, 0x40, 0x4a, 0x61, 0x42,
  0x40, 0x52, 0x81, 0x52, 0x62, 0x5a, 0xa3, 0x5a, 0xa3, 0x6a, 0xc4, 0x6a,
  0xc4, 0x7a, 0x05, 0x7b, 0x06, 0x8b, 0x47, 0x8b, 0x48, 0x9b, 0x89, 0x9b,
  0x8a, 0xab, 0xeb, 0xab, 0xec, 0xbb, 0x0d, 0xbc, 0x0d, 0xc4, 0x4e, 0xc4,
  0x4e, 0xd4, 0x6f, 0xcc, 0x6f, 0xd4, 0x90, 0xd4, 0x90, 0xdc, 0xb1, 0xdc,
  0x90, 0xdc, 0xb0, 0xdc, 0xb0, 0xe4, 0xd1, 0xdc, 0xb0, 0xe4, 0xd1, 0xdc,
  0xd0, 0xdc, 0xd1, 0xdc, 0xd0, 0xdc, 0xd1, 0xdc, 0xb0, 0xdc, 0xd1, 0xdc,
  0x33, 0xb5, 0x85, 0x31, 0xf0, 0x7b, 0x5e, 0xe7, 0x19, 0xc6, 0x19, 0xbe,
  0xbb, 0xde, 0xbf, 0xf7, 0xff, 0xff, 0x1c, 0xdf, 0xb8, 0xcd, 0x9b, 0xde,
  0x1c, 0xef, 0x7e, 0xef, 0x9e, 0xff, 0xbb, 0xd6, 0x96, 0xb5, 0x59, 0xc6,
  0xf7, 0xc5, 0xd8, 0xb5, 0xfc, 0xe6, 0x5d, 0xe7, 0x3c, 0xef, 0x3d, 0xe7,
  0x5c, 0xef, 0xba, 0xd6, 0xd2, 0xac, 0xb6, 0xbd, 0xd2, 0xa4, 0xfa, 0xe6,
  0x3c, 0xef, 0x5d, 0xef, 0x3c, 0xef, 0x7d, 0xef, 0x9d, 0xf7, 0x9e, 0xef,
  0xfc, 0xe6, 0xfc, 0xe6, 0xdb, 0xde, 0xbf, 0xf7, 0x9d, 0xff, 0x7d, 0xf7,
  0x57, 0xde, 0x90, 0x9c, 0x54, 0xb5, 0xd6, 0xbd, 0x75, 0xb5, 0x34, 0xad,
  0x13, 0xad, 0xb6, 0xbd, 0x54, 0xbd, 0x91, 0x9c, 0x95, 0xbd, 0xb6, 0xbd,
  0xd3, 0xa4, 0x75, 0xb5, 0x58, 0xd6, 0x33, 0xad, 0xeb, 0x6a, 0x0f, 0x8c,
  0x13, 0xb5, 0x2f, 0x8c, 0x0b, 0x6b, 0xca, 0x62, 0xee, 0x8b, 0x95, 0xbd,
  0x17, 0xd6, 0x17, 0xce, 0x95, 0xc5, 0x54, 0xb5, 0x13, 0xb5, 0x13, 0xad,
  0xd2, 0xac, 0xd2, 0xa4, 0xb1, 0xac, 0xb2, 0xa4, 0xb1, 0xa4, 0xb2, 0x9c,
  0x91, 0xa4, 0xb2, 0xa4, 0x91, 0xa4, 0xb2, 0xa4, 0x91, 0xa4, 0xb2, 0xa4,
  0xb1, 0xa4, 0xb2, 0xa4, 0x91, 0xa4, 0xb2, 0xa4, 0x91, 0xa4, 0xb2, 0xa4,
  0x91, 0xa4, 0xb1, 0x9c, 0x90, 0xa4, 0x91, 0x9c, 0x90, 0xa4, 0x91, 0x9c,
  0x90, 0x9c, 0x91, 0x9c, 0x70, 0x9c, 0x91, 0x9c, 0x70, 0x9c, 0x71, 0x94,
  0x70, 0x9c, 0x71, 0x94, 0x4f, 0x9c, 0x70, 0x94, 0x4f, 0x9c, 0x50, 0x94,
  0x4f, 0x94, 0x4f, 0x94, 0x2f, 0x94, 0x30, 0x8c, 0x0f, 0x94, 0x2f, 0x8c,
  0x0f, 0x8c, 0x10, 0x8c, 0x0f, 0x94, 0x0f, 0x8c, 0xef, 0x8b, 0xef, 0x8b,
  0xee, 0x8b, 0xef, 0x83, 0xce, 0x8b, 0xee, 0x83, 0xce, 0x8b, 0xce, 0x83,
  0xce, 0x83, 0xce, 0x7b, 0xae, 0x83, 0xae, 0x7b, 0x20, 0x32, 0x00, 0x3a,
  0x00, 0x32, 0x00, 0x3a, 0x00, 0x32, 0xe0, 0x39, 0x20, 0x3a, 0x00, 0x42,
  0x20, 0x3a, 0x20, 0x42, 0x41, 0x4a, 0x41, 0x4a, 0x82, 0x4a, 0x82, 0x52,
  0xa4, 0x52, 0xa3, 0x5a, 0xc4, 0x5a, 0xc4, 0x62, 0xe6, 0x62, 0xe5, 0x62,
  0x06, 0x63, 0xe6, 0x6a, 0xe6, 0x6a, 0xc5, 0x6a, 0xe6, 0x6a, 0xe6, 0x72,
  0x07, 0x7b, 0x27, 0x83, 0x48, 0x8b, 0x48, 0x93, 0x8a, 0x9b, 0xaa, 0xa3,
  0xac, 0xab, 0xcc, 0xb3, 0xed, 0xbb, 0x0d, 0xc4, 0x2e, 0xc4, 0x4e, 0xd4,
  0x6f, 0xd4, 0x8f, 0xdc, 0x90, 0xdc, 0x90, 0xdc, 0xb1, 0xdc, 0xb1, 0xe4,
  0xd1, 0xdc, 0xb1, 0xe4, 0xd1, 0xdc, 0xb0, 0xdc, 0xb1, 0xdc, 0x90, 0xdc,
  0xb1, 0xd4, 0x90, 0xdc, 0xb0, 0xd4, 0x90, 0xd4, 0xb0, 0xd4, 0x90, 0xd4,
  0xb0, 0xcc, 0x90, 0xd4, 0xb1, 0xcc, 0x90, 0xd4, 0xb0, 0xcc, 0x90, 0xd4,
  0xb0, 0xcc, 0x90, 0xd4, 0xb0, 0xcc, 0x90, 0xd4, 0x90, 0xcc, 0x90, 0xd4,
  0x90, 0xcc, 0x90, 0xd4, 0xd4, 0xac, 0x8a, 0x62, 0x96, 0xad, 0x9a, 0xd6,
  0xb8, 0xb5, 0x76, 0xb5, 0x77, 0xad, 0x9b, 0xd6, 0xfd, 0xde, 0xd4, 0x9c,
  0x16, 0x9d, 0xb8, 0xb5, 0x97, 0xb5, 0xbb, 0xe6, 0x3d, 0xe7, 0x8e, 0x73,
  0xea, 0x31, 0xf1, 0x7b, 0x2a, 0x3a, 0xc8, 0x39, 0x5a, 0xc6, 0xdc, 0xde,
  0xdc, 0xde, 0xdb, 0xde, 0xdc, 0xde, 0x7a, 0xd6, 0x71, 0x9c, 0xca, 0x6a,
  0xd7, 0xbd, 0x1c, 0xef, 0xfc, 0xde, 0x1c, 0xef, 0x3d, 0xe7, 0x5d, 0xef,
  0x3d, 0xe7, 0xba, 0xde, 0x76, 0xad, 0x59, 0xd6, 0xbb, 0xd6, 0x31, 0x8c,
  0xf8, 0xbd, 0x9e, 0xf7, 0x74, 0xc5, 0xad, 0x93, 0xf7, 0xc5, 0x38, 0xd6,
  0xb6, 0xb5, 0x96, 0xbd, 0xd7, 0xbd, 0x38, 0xce, 0x39, 0xce, 0x18, 0xce,
  0x59, 0xd6, 0x59, 0xde, 0x79, 0xd6, 0x79, 0xde, 0x92, 0x9c, 0xeb, 0x6a,
  0xb2, 0x9c, 0x14, 0xad, 0xef, 0x83, 0xcb, 0x62, 0xcb, 0x62, 0xef, 0x8b,
  0xd2, 0xa4, 0xb2, 0xa4, 0x91, 0x9c, 0x71, 0xa4, 0x91, 0x9c, 0x91, 0xa4,
  0xb2, 0xa4, 0x91, 0xa4, 0xb2, 0xa4, 0xb2, 0xa4, 0xd2, 0xa4, 0xb2, 0xa4,
  0xd2, 0xa4, 0xd2, 0xa4, 0xd2, 0xa4, 0xb1, 0xa4, 0xb2, 0xa4, 0xb1, 0xa4,
  0xb2, 0xa4, 0x91, 0xa4, 0xb2, 0x9c, 0x91, 0xa4, 0x91, 0x9c, 0x91, 0x9c,
  0x92, 0x9c, 0x91, 0xa4, 0x91, 0x9c, 0x91, 0x9c, 0x91, 0x9c, 0x70, 0x9c,
  0x91, 0x9c, 0x71, 0x9c, 0x71, 0x94, 0x70, 0x9c, 0x71, 0x94, 0x50, 0x9c,
  0x71, 0x94, 0x50, 0x94, 0x51, 0x94, 0x30, 0x94, 0x51, 0x94, 0x30, 0x94,
  0x50, 0x8c, 0x30, 0x94, 0x30, 0x8c, 0x2f, 0x94, 0x30, 0x8c, 0x0f, 0x94,
  0x30, 0x8c, 0x0f, 0x8c, 0x30, 0x8c, 0x0f, 0x8c, 0x10, 0x8c, 0xef, 0x8b,
  0xf0, 0x8b, 0xef, 0x8b, 0xef, 0x83, 0xee, 0x8b, 0xef, 0x83, 0xce, 0x83,
  0xef, 0x83, 0xae, 0x83, 0xce, 0x7b, 0xae, 0x83, 0xae, 0x7b, 0x8e, 0x83,
  0xe6, 0x62, 0x47, 0x6b, 0x88, 0x7b, 0xca, 0x7b, 0x0b, 0x8c, 0x6d, 0x94,
  0xae, 0x9c, 0x10, 0xa5, 0x32, 0xb5, 0x93, 0xb5, 0x94, 0xc5, 0xd5, 0xc5,
  0xf5, 0xcd, 0x36, 0xce, 0x36, 0xd6, 0x57, 0xd6, 0x57, 0xde, 0x78, 0xd6,
  0x57, 0xde, 0x58, 0xde, 0x58, 0xe6, 0x58, 0xde, 0x37, 0xe6, 0x58, 0xe6,
  0x37, 0xee, 0x58, 0xe6, 0x37, 0xee, 0x38, 0xee, 0x17, 0xee, 0x17, 0xee,
  0xd5, 0xed, 0xd5, 0xe5, 0x94, 0xed, 0x74, 0xe5, 0x53, 0xe5, 0x33, 0xdd,
  0xf1, 0xdc, 0xf1, 0xd4, 0xb0, 0xdc, 0xb0, 0xd4, 0x8f, 0xd4, 0x8f, 0xcc,
  0x6f, 0xcc, 0x6f, 0xcc, 0x4e, 0xcc, 0x6f, 0xcc, 0x6f, 0xcc, 0x8f, 0xcc,
  0x6f, 0xcc, 0x90, 0xcc, 0x8f, 0xd4, 0x90, 0xcc, 0x8f, 0xd4, 0x90, 0xcc,
  0x8f, 0xd4, 0xb0, 0xcc, 0x8f, 0xd4, 0xb0, 0xcc, 0x8f, 0xd4, 0xb0, 0xcc,
  0x8f, 0xd4, 0xb0, 0xd4, 0x8f, 0xd4, 0xb0, 0xd4, 0x8f, 0xd4, 0xb0, 0xcc,
  0x8f, 0xd4, 0x90, 0xcc, 0x8f, 0xd4, 0x90, 0xcc, 0x34, 0xbd, 0x6d, 0x7b,
  0xcf, 0x7b, 0xd7, 0xb5, 0x75, 0xb5, 0x96, 0xb5, 0x54, 0xad, 0x75, 0xad,
  0x95, 0xbd, 0x51, 0x8c, 0x30, 0x9c, 0x92, 0x9c, 0xf4, 0xac, 0x39, 0xce,
  0x38, 0xce, 0x04, 0x21, 0xc7, 0x39, 0xd4, 0x9c, 0xe3, 0x20, 0x66, 0x29,
  0x79, 0xd6, 0x9a, 0xce, 0x7a, 0xd6, 0xbb, 0xd6, 0xbb, 0xde, 0x7a, 0xce,
  0xb6, 0xc5, 0x0b, 0x63, 0x18, 0xce, 0x1c, 0xe7, 0xdb, 0xe6, 0x1c, 0xe7,
  0xfb, 0xe6, 0x7d, 0xef, 0x18, 0xc6, 0x14, 0x9d, 0x0c, 0x7b, 0x55, 0xbd,
  0xb6, 0xbd, 0x55, 0xad, 0x99, 0xde, 0x99, 0xd6, 0x50, 0x9c, 0x58, 0xd6,
  0xfb, 0xee, 0x59, 0xce, 0x79, 0xd6, 0x99, 0xd6, 0xb9, 0xe6, 0xda, 0xde,
  0xba, 0xe6, 0xba, 0xde, 0x59, 0xde, 0x59, 0xd6, 0x58, 0xde, 0x71, 0x94,
  0x6c, 0x7b, 0x74, 0xb5, 0xf2, 0xac, 0x8d, 0x7b, 0xca, 0x6a, 0x8d, 0x7b,
  0x91, 0xa4, 0xd2, 0xa4, 0xb1, 0xac, 0xb2, 0xa4, 0xb1, 0xa4, 0xd2, 0xa4,
  0xb1, 0xa4, 0xd2, 0xa4, 0xb1, 0xa4, 0xb1, 0xa4, 0xb1, 0xa4, 0xb2, 0xa4,
  0x91, 0xa4, 0xb1, 0xa4, 0x91, 0xa4, 0xb2, 0xa4, 0x91, 0xa4, 0xb1, 0x9c,
  0x91, 0xa4, 0x91, 0x9c, 0x91, 0xa4, 0x91, 0x9c, 0x90, 0xa4, 0x91, 0x9c,
  0x90, 0x9c, 0x91, 0x9c, 0x70, 0x9c, 0x91, 0x9c, 0x70, 0x9c, 0x91, 0x9c,
  0x70, 0x9c, 0x91, 0x9c, 0x70, 0x9c, 0x91, 0x9c, 0x70, 0x9c, 0x71, 0x94,
  0x50, 0x9c, 0x71, 0x94, 0x50, 0x9c, 0x70, 0x94, 0x50, 0x9c, 0x51, 0x94,
  0x50, 0x9c, 0x51, 0x94, 0x30, 0x94, 0x50, 0x94, 0x30, 0x94, 0x50, 0x94,
  0x2f, 0x94, 0x50, 0x8c, 0x2f, 0x94, 0x30, 0x8c, 0x0f, 0x94, 0x2f, 0x8c,
  0x0f, 0x8c, 0x0f, 0x8c, 0xee, 0x8b, 0x0f, 0x84, 0xee, 0x8b, 0xef, 0x83,
  0xce, 0x8b, 0xee, 0x83, 0xce, 0x83, 0xce, 0x83, 0xad, 0x83, 0xce, 0x7b,
  0xae, 0x83, 0xae, 0x7b, 0x3c, 0xe7, 0x3c, 0xef, 0x7d, 0xef, 0x7d, 0xf7,
  0x9e, 0xf7, 0x9e, 0xff, 0xbf, 0xf7, 0x9e, 0xff, 0xbf, 0xf7, 0x9e, 0xff,
  0xbf, 0xf7, 0x9e, 0xff, 0xbe, 0xf7, 0x9e, 0xff, 0x9e, 0xf7, 0x7d, 0xff,
  0x7e, 0xf7, 0x7d, 0xff, 0x7d, 0xf7, 0x5d, 0xf7, 0x5d, 0xf7, 0x3c, 0xf7,
  0x3c, 0xef, 0x1b, 0xf7, 0x1c, 0xef, 0xdb, 0xee, 0xdb, 0xe6, 0xda, 0xee,
  0xba, 0xe6, 0x9a, 0xe6, 0x99, 0xe6, 0x79, 0xe6, 0x79, 0xde, 0x58, 0xe6,
  0x58, 0xde, 0x17, 0xde, 0x17, 0xde, 0xf6, 0xdd, 0xd6, 0xdd, 0xb5, 0xdd,
  0x74, 0xd5, 0x33, 0xd5, 0x33, 0xd5, 0xd1, 0xcc, 0xb1, 0xcc, 0x70, 0xcc,
  0x90, 0xcc, 0x6f, 0xcc, 0x70, 0xc4, 0x6f, 0xcc, 0x90, 0xcc, 0x6f, 0xcc,
  0x90, 0xcc, 0x6f, 0xcc, 0x90, 0xc4, 0x6f, 0xcc, 0x90, 0xcc, 0x70, 0xcc,
  0x90, 0xcc, 0x90, 0xcc, 0x90, 0xcc, 0x90, 0xcc, 0xb1, 0xcc, 0x90, 0xcc,
  0xb1, 0xcc, 0x90, 0xcc, 0x90, 0xcc, 0x90, 0xcc, 0x90, 0xcc, 0x90, 0xcc,
  0xf3, 0xb4, 0xf2, 0xbc, 0xb3, 0x9c, 0x50, 0x94, 0x31, 0x84, 0x10, 0x8c,
  0x10, 0x84, 0xef, 0x83, 0x31, 0x8c, 0x71, 0x94, 0xd3, 0x9c, 0x14, 0xa5,
  0x34, 0xa5, 0x55, 0xad, 0x96, 0xb5, 0x6a, 0x52, 0x25, 0x21, 0x66, 0x31,
  0x05, 0x19, 0xab, 0x5a, 0x5a, 0xce, 0x19, 0xce, 0x59, 0xc6, 0x59, 0xce,
  0xbb, 0xd6, 0x59, 0xce, 0xb7, 0xb5, 0xcb, 0x62, 0x7a, 0xce, 0xdb, 0xde,
  0xdb, 0xde, 0xdb, 0xe6, 0xfc, 0xde, 0x5d, 0xef, 0xb8, 0xbd, 0x31, 0x94,
  0xd4, 0xac, 0xd7, 0xcd, 0x96, 0xc5, 0x96, 0xcd, 0x3c, 0xe7, 0xba, 0xde,
  0x9a, 0xd6, 0x3c, 0xef, 0x1c, 0xe7, 0xfb, 0xee, 0x1c, 0xe7, 0xfb, 0xe6,
  0xdb, 0xe6, 0x9a, 0xe6, 0x9a, 0xd6, 0x59, 0xde, 0x79, 0xd6, 0x59, 0xd6,
  0x91, 0x9c, 0xce, 0x8b, 0x75, 0xb5, 0x50, 0x9c, 0x4d, 0x73, 0x6d, 0x7b,
  0x51, 0x94, 0xd2, 0xac, 0xb2, 0xa4, 0x91, 0xa4, 0xb2, 0x9c, 0x91, 0xa4,
  0x91, 0x9c, 0x91, 0xa4, 0x91, 0x9c, 0x91, 0x9c, 0x91, 0x9c, 0x71, 0xa4,
  0x91, 0x9c, 0x71, 0x9c, 0x91, 0x9c, 0x71, 0x9c, 0x91, 0x9c, 0x71, 0x9c,
  0x91, 0x9c, 0x71, 0x9c, 0x91, 0x9c, 0x71, 0x9c, 0x91, 0x9c, 0x70, 0x9c,
  0x91, 0x9c, 0x71, 0x9c, 0x91, 0x9c, 0x71, 0x9c, 0x91, 0x9c, 0x71, 0x9c,
  0x91, 0x9c, 0x71, 0x9c, 0x91, 0x94, 0x71, 0x9c, 0x91, 0x9c, 0x71, 0x9c,
  0x71, 0x94, 0x70, 0x9c, 0x71, 0x94, 0x50, 0x9c, 0x51, 0x94, 0x50, 0x94,
  0x51, 0x94, 0x30, 0x94, 0x51, 0x94, 0x30, 0x94, 0x50, 0x8c, 0x30, 0x94,
  0x50, 0x8c, 0x2f, 0x94, 0x30, 0x8c, 0x0f, 0x8c, 0x30, 0x8c, 0x0f, 0x8c,
  0x10, 0x8c, 0x0f, 0x8c, 0x10, 0x8c, 0xef, 0x8b, 0x0f, 0x84, 0xef, 0x8b,
  0xef, 0x83, 0xce, 0x83, 0xcf, 0x83, 0xae, 0x83, 0xcf, 0x83, 0xae, 0x83,
  0xae, 0x7b, 0xae, 0x83, 0xae, 0x7b, 0x8e, 0x7b, 0x3c, 0xef, 0x3c, 0xef,
  0x3c, 0xef, 0x5c, 0xef, 0x3c, 0xef, 0x5c, 0xef, 0x3c, 0xef, 0x5c, 0xef,
  0x3c, 0xf7, 0x5c, 0xef, 0x5c, 0xf7, 0x5d, 0xef, 0x5c, 0xf7, 0x7d, 0xef,
  0x5c, 0xf7, 0x7d, 0xef, 0x5c, 0xf7, 0x7d, 0xef, 0x5c, 0xf7, 0x5d, 0xef,
  0x5c, 0xf7, 0x5d, 0xef, 0x5c, 0xf7, 0x5d, 0xef, 0x5c, 0xf7, 0x5c, 0xef,
  0x3b, 0xf7, 0x3c, 0xef, 0x1b, 0xf7, 0x1b, 0xef, 0xdb, 0xee, 0xdb, 0xe6,
  0xda, 0xee, 0xda, 0xe6, 0x99, 0xee, 0x99, 0xe6, 0x58, 0xe6, 0x58, 0xde,
  0x16, 0xe6, 0x16, 0xde, 0xd5, 0xdd, 0xb5, 0xd5, 0x74, 0xdd, 0x74, 0xd5,
  0x32, 0xd5, 0x12, 0xcd, 0xd1, 0xd4, 0xb1, 0xc4, 0x8f, 0xcc, 0x90, 0xc4,
  0x6f, 0xcc, 0x70, 0xc4, 0x6f, 0xcc, 0x90, 0xcc, 0x6f, 0xcc, 0x8f, 0xc4,
  0x6f, 0xcc, 0x6f, 0xcc, 0x6f, 0xcc, 0x6f, 0xcc, 0x4f, 0xcc, 0x6f, 0xc4,
  0x4f, 0xc4, 0x6f, 0xc4, 0x4f, 0xc4, 0x6f, 0xc4, 0x6f, 0xc4, 0x70, 0xbc,
  0x6f, 0xc4, 0x70, 0xbc, 0x91, 0xb4, 0xad, 0x93, 0x69, 0x5a, 0xe7, 0x41,
  0xc6, 0x41, 0xe7, 0x41, 0x49, 0x52, 0xcb, 0x5a, 0x2b, 0x6b, 0x2c, 0x6b,
  0x2b, 0x6b, 0x8d, 0x73, 0xef, 0x83, 0x51, 0x8c, 0xf3, 0xa4, 0xb6, 0xb5,
  0xb6, 0xbd, 0xb6, 0xb5, 0xb6, 0xbd, 0xf8, 0xbd, 0xf7, 0xc5, 0x18, 0xc6,
  0x18, 0xc6, 0x38, 0xc6, 0x59, 0xd6, 0x59, 0xc6, 0xb3, 0x9c, 0x4e, 0x6b,
  0x18, 0xc6, 0xfc, 0xde, 0xba, 0xde, 0xfb, 0xde, 0xdb, 0xe6, 0x7d, 0xef,
  0x76, 0xdd, 0x2d, 0x8b, 0x8f, 0xab, 0x2d, 0x93, 0x6e, 0xa3, 0x11, 0xac,
  0xfb, 0xee, 0x5c, 0xef, 0x1b, 0xef, 0xfb, 0xe6, 0xda, 0xe6, 0xdb, 0xde,
  0x99, 0xde, 0x9a, 0xde, 0x78, 0xde, 0x58, 0xd6, 0x17, 0xd6, 0x17, 0xce,
  0x95, 0xc5, 0x2f, 0x94, 0x6d, 0x7b, 0x0f, 0x8c, 0x0b, 0x73, 0xca, 0x62,
  0x4c, 0x7b, 0xce, 0x83, 0xad, 0x83, 0xad, 0x7b, 0x6c, 0x83, 0x8d, 0x7b,
  0x6c, 0x83, 0x8d, 0x7b, 0x8d, 0x83, 0xad, 0x7b, 0xad, 0x83, 0xce, 0x83,
  0xad, 0x8b, 0xee, 0x8b, 0xee, 0x8b, 0x0f, 0x8c, 0x0e, 0x94, 0x2f, 0x94,
  0x2f, 0x9c, 0x50, 0x94, 0x2f, 0x9c, 0x50, 0x9c, 0x4f, 0x9c, 0x50, 0x9c,
  0x50, 0x9c, 0x71, 0x9c, 0x50, 0x9c, 0x71, 0x9c, 0x70, 0x9c, 0x70, 0x9c,
  0x70, 0x9c, 0x71, 0x9c, 0x70, 0x9c, 0x71, 0x94, 0x70, 0x9c, 0x71, 0x94,
  0x70, 0x9c, 0x70, 0x94, 0x50, 0x9c, 0x70, 0x94, 0x50, 0x9c, 0x70, 0x94,
  0x50, 0x9c, 0x51, 0x94, 0x50, 0x9c, 0x51, 0x94, 0x50, 0x94, 0x51, 0x94,
  0x50, 0x94, 0x50, 0x94, 0x4f, 0x94, 0x50, 0x8c, 0x2f, 0x94, 0x50, 0x8c,
  0x2f, 0x94, 0x2f, 0x8c, 0x0f, 0x8c, 0x2f, 0x8c, 0x0f, 0x8c, 0x0f, 0x84,
  0xee, 0x8b, 0x0f, 0x84, 0xee, 0x8b, 0xef, 0x83, 0xce, 0x8b, 0xcf, 0x83,
  0xae, 0x8b, 0xcf, 0x83, 0xae, 0x83, 0xae, 0x7b, 0x8d, 0x83, 0xae, 0x7b,
  0x1c, 0xe7, 0xfb, 0xe6, 0x1c, 0xe7, 0x1b, 0xef, 0x1c, 0xe7, 0x1c, 0xef,
  0x3c, 0xe7, 0x1c, 0xef, 0x3c, 0xe7, 0x1c, 0xef, 0x3d, 0xe7, 0x1c, 0xef,
  0x3c, 0xe7, 0x3c, 0xef, 0x3c, 0xe7, 0x3c, 0xef, 0x3c, 0xe7, 0x3c, 0xef,
  0x3c, 0xe7, 0x3c, 0xef, 0x5d, 0xef, 0x3c, 0xef, 0x5d, 0xef, 0x3c, 0xef,
  0x5d, 0xef, 0x3c, 0xef, 0x3d, 0xef, 0x3c, 0xef, 0x3c, 0xef, 0x1c, 0xef,
  0xfb, 0xe6, 0xdb, 0xe6, 0xdb, 0xe6, 0xba, 0xe6, 0xdb, 0xe6, 0xba, 0xe6,
  0xba, 0xe6, 0x9a, 0xe6, 0x99, 0xe6, 0x79, 0xe6, 0x79, 0xe6, 0x38, 0xe6,
  0x58, 0xde, 0x17, 0xde, 0xf7, 0xdd, 0xb6, 0xdd, 0xb5, 0xd5, 0x74, 0xd5,
  0x33, 0xcd, 0xd2, 0xcc, 0xb1, 0xc4, 0x90, 0xc4, 0x50, 0xbc, 0x4f, 0xbc,
  0x50, 0xb4, 0x4f, 0xbc, 0x70, 0xb4, 0x50, 0xb4, 0x91, 0xac, 0x70, 0xb4,
  0x71, 0xac, 0x71, 0xb4, 0x91, 0xa4, 0x91, 0xac, 0xb1, 0xa4, 0x91, 0xac,
  0xb2, 0xa4, 0x91, 0xa4, 0xb2, 0x9c, 0x91, 0xa4, 0xb2, 0x9c, 0xb2, 0xa4,
  0xef, 0x83, 0xeb, 0x6a, 0x8a, 0x52, 0x07, 0x4a, 0x25, 0x21, 0x25, 0x29,
  0x66, 0x29, 0xe7, 0x41, 0x29, 0x42, 0x08, 0x42, 0x29, 0x42, 0xe7, 0x41,
  0xe8, 0x39, 0x69, 0x52, 0x4d, 0x6b, 0xf0, 0x8b, 0x92, 0x94, 0xd2, 0xa4,
  0x34, 0xa5, 0x55, 0xb5, 0x96, 0xad, 0x96, 0xbd, 0xd7, 0xbd, 0x96, 0xbd,
  0xb7, 0xb5, 0x18, 0xce, 0xf8, 0xbd, 0x38, 0xce, 0x39, 0xc6, 0x59, 0xd6,
  0x9a, 0xce, 0x9a, 0xde, 0xbb, 0xd6, 0x7a, 0xd6, 0xdb, 0xde, 0xdb, 0xe6,
  0x3c, 0xe7, 0x1b, 0xe7, 0x79, 0xd6, 0x38, 0xd6, 0x18, 0xce, 0xf7, 0xcd,
  0xd6, 0xc5, 0x95, 0xbd, 0x75, 0xb5, 0x13, 0xb5, 0xd2, 0xa4, 0x70, 0x9c,
  0xef, 0x83, 0x2c, 0x73, 0x08, 0x42, 0x45, 0x31, 0xa7, 0x39, 0xc7, 0x41,
  0xe8, 0x41, 0xe7, 0x49, 0xe7, 0x41, 0xa6, 0x41, 0xa6, 0x39, 0x86, 0x39,
  0xa6, 0x39, 0x85, 0x39, 0x86, 0x31, 0x65, 0x39, 0x86, 0x31, 0x65, 0x39,
  0x86, 0x31, 0x85, 0x39, 0x86, 0x39, 0xa6, 0x41, 0xc7, 0x39, 0xc7, 0x41,
  0x07, 0x42, 0x27, 0x52, 0x49, 0x52, 0x89, 0x5a, 0xaa, 0x5a, 0xca, 0x6a,
  0x0b, 0x6b, 0x2b, 0x73, 0x6d, 0x73, 0x6d, 0x7b, 0x8e, 0x7b, 0xae, 0x83,
  0xce, 0x83, 0xce, 0x8b, 0x0f, 0x8c, 0xef, 0x93, 0x30, 0x8c, 0x0f, 0x94,
  0x50, 0x8c, 0x2f, 0x94, 0x50, 0x94, 0x50, 0x94, 0x50, 0x94, 0x50, 0x9c,
  0x51, 0x94, 0x50, 0x94, 0x51, 0x94, 0x30, 0x94, 0x51, 0x94, 0x30, 0x94,
  0x51, 0x94, 0x30, 0x94, 0x31, 0x8c, 0x10, 0x94, 0x30, 0x8c, 0x0f, 0x8c,
  0x30, 0x8c, 0x0f, 0x8c, 0x10, 0x8c, 0x0f, 0x8c, 0x10, 0x8c, 0x0f, 0x8c,
  0x10, 0x8c, 0xef, 0x8b, 0xef, 0x83, 0xef, 0x8b, 0xef, 0x83, 0xce, 0x83,
  0xef, 0x83, 0xce, 0x83, 0xcf, 0x7b, 0xae, 0x83, 0xaf, 0x7b, 0x8e, 0x83,
  0x8e, 0x7b, 0x6e, 0x7b, 0xda, 0xe6, 0xfb, 0xe6, 0xda, 0xe6, 0xfb, 0xe6,
  0xda, 0xe6, 0xfb, 0xde, 0xdb, 0xe6, 0xfb, 0xde, 0xda, 0xe6, 0xfb, 0xde,
  0xda, 0xe6, 0xfb, 0xe6, 0xda, 0xe6, 0xfb, 0xe6, 0xfb, 0xee, 0x1b, 0xe7,
  0x1b, 0xef, 0x1c, 0xe7, 0x1b, 0xef, 0x3c, 0xef, 0x3c, 0xef, 0x5d, 0xef,
  0x5c, 0xf7, 0x7d, 0xef, 0x7c, 0xf7, 0x7d, 0xf7, 0x7d, 0xf7, 0x9d, 0xf7,
  0x7d, 0xff, 0x9e, 0xf7, 0x7d, 0xff, 0x7d, 0xf7, 0x5c, 0xf7, 0x5c, 0xef,
  0x1b, 0xf7, 0xfb, 0xe6, 0xba, 0xee, 0x9a, 0xde, 0x58, 0xde, 0x38, 0xd6,
  0xf6, 0xd5, 0xd6, 0xcd, 0x94, 0xcd, 0x74, 0xbd, 0x33, 0xbd, 0x13, 0xb5,
  0xd2, 0xb4, 0xd2, 0xac, 0xb1, 0xac, 0xb2, 0xac, 0xb1, 0xac, 0xb1, 0xa4,
  0x91, 0xa4, 0xb1, 0x9c, 0x91, 0xa4, 0xb2, 0xa4, 0x91, 0xa4, 0xb2, 0x9c,
  0xb1, 0xa4, 0xb2, 0x9c, 0xb1, 0xa4, 0xb2, 0x9c, 0xb1, 0xa4, 0xb2, 0x9c,
  0x91, 0xa4, 0xb1, 0x9c, 0x91, 0xa4, 0x91, 0x9c, 0x91, 0xa4, 0x91, 0x9c,
  0x91, 0xa4, 0x91, 0x9c, 0xb1, 0xa4, 0xd2, 0xa4, 0xb1, 0xa4, 0xf2, 0xa4,
  0xc6, 0x41, 0x00, 0x00, 0x00, 0x00, 0x00, 0x00, 0x00, 0x08, 0xa2, 0x10,
  0x20, 0x08, 0x45, 0x29, 0xca, 0x62, 0x07, 0x42, 0xc7, 0x41, 0xe7, 0x39,
  0xe7, 0x49, 0x69, 0x52, 0xaa, 0x62, 0x2c, 0x6b, 0x6d, 0x7b, 0xef, 0x83,
  0x2f, 0x94, 0x91, 0x94, 0xd2, 0xa4, 0x13, 0xa5, 0x13, 0xad, 0x13, 0xa5,
  0x33, 0xb5, 0x13, 0xad, 0x74, 0xb5, 0xb6, 0xb5, 0x95, 0xbd, 0xd6, 0xbd,
  0x95, 0xbd, 0x34, 0xad, 0x70, 0x9c, 0x91, 0x94, 0x91, 0xa4, 0x50, 0x94,
  0xce, 0x8b, 0x8d, 0x7b, 0x2b, 0x73, 0xca, 0x62, 0x68, 0x5a, 0x48, 0x52,
  0xc6, 0x41, 0xc2, 0x18, 0x00, 0x08, 0x00, 0x00, 0x00, 0x00, 0x41, 0x00,
  0xc3, 0x20, 0x25, 0x29, 0x04, 0x29, 0x04, 0x21, 0x03, 0x29, 0x24, 0x21,
  0x04, 0x29, 0x24, 0x29, 0x24, 0x29, 0x45, 0x29, 0x44, 0x31, 0x65, 0x29,
  0x65, 0x31, 0x85, 0x31, 0x85, 0x39, 0xc6, 0x39, 0xc6, 0x41, 0xe7, 0x41,
  0x07, 0x4a, 0x28, 0x4a, 0x28, 0x52, 0x69, 0x52, 0x89, 0x5a, 0xaa, 0x5a,
  0xca, 0x62, 0xeb, 0x62, 0x0b, 0x6b, 0x2c, 0x6b, 0x4c, 0x7b, 0x6d, 0x73,
  0x8c, 0x7b, 0xad, 0x7b, 0xad, 0x8b, 0xce, 0x83, 0xee, 0x8b, 0x0f, 0x8c,
  0x0e, 0x94, 0x2f, 0x8c, 0x0f, 0x94, 0x50, 0x94, 0x2f, 0x94, 0x50, 0x94,
  0x2f, 0x94, 0x50, 0x94, 0x2f, 0x94, 0x50, 0x94, 0x2f, 0x94, 0x30, 0x94,
  0x2f, 0x94, 0x50, 0x94, 0x2f, 0x94, 0x50, 0x94, 0x2f, 0x94, 0x30, 0x8c,
  0x2f, 0x94, 0x30, 0x8c, 0x2f, 0x94, 0x2f, 0x8c, 0x0f, 0x8c, 0x2f, 0x8c,
  0x0f, 0x8c, 0x0f, 0x8c, 0xee, 0x8b, 0xef, 0x83, 0xee, 0x8b, 0xee, 0x83,
  0xae, 0x8b, 0xce, 0x83, 0xae, 0x83, 0xae, 0x83, 0xad, 0x83, 0xae, 0x7b,
  0x8d, 0x83, 0x8e, 0x7b, 0x8d, 0x83, 0x8e, 0x7b, 0x9a, 0xd6, 0x79, 0xd6,
  0x9a, 0xd6, 0x9a, 0xde, 0xbb, 0xde, 0xba, 0xde, 0xdb, 0xde, 0xdb, 0xe6,
  0x1c, 0xe7, 0x1b, 0xef, 0x3c, 0xe7, 0x3c, 0xef, 0x5d, 0xef, 0x3c, 0xef,
  0x3d, 0xef, 0x3c, 0xef, 0x3d, 0xef, 0x1c, 0xef, 0x3c, 0xe7, 0xfb, 0xe6,
  0xfb, 0xe6, 0xda, 0xe6, 0xba, 0xde, 0x99, 0xde, 0x79, 0xd6, 0x38, 0xd6,
  0x38, 0xce, 0xf7, 0xcd, 0xf7, 0xc5, 0xb6, 0xc5, 0x96, 0xbd, 0x75, 0xbd,
  0x54, 0xb5, 0x13, 0xad, 0xf3, 0xa4, 0xb2, 0xa4, 0xb2, 0xa4, 0x71, 0xa4,
  0x91, 0x9c, 0x70, 0x9c, 0x91, 0x9c, 0x71, 0x9c, 0x71, 0x9c, 0x71, 0x9c,
  0x91, 0x9c, 0x91, 0xa4, 0x92, 0x9c, 0x91, 0xa4, 0xb2, 0x9c, 0x91, 0xa4,
  0xb2, 0x9c, 0x91, 0xa4, 0xb2, 0x9c, 0x91, 0xa4, 0x92, 0xa4, 0x91, 0xa4,
  0x91, 0x9c, 0x71, 0xa4, 0x91, 0x9c, 0x70, 0x9c, 0x71, 0x9c, 0x50, 0x9c,
  0x71, 0x9c, 0x50, 0x9c, 0x51, 0x94, 0x30, 0x94, 0x50, 0x94, 0x0f, 0x94,
  0x10, 0x8c, 0xef, 0x93, 0xef, 0x8b, 0xce, 0x8b, 0xce, 0x83, 0xad, 0x83,
  0xae, 0x83, 0xae, 0x83, 0xae, 0x7b, 0x04, 0x29, 0x00, 0x00, 0x00, 0x00,
  0x00, 0x00, 0x00, 0x00, 0x04, 0x21, 0xcf, 0x83, 0x71, 0x94, 0xef, 0x8b,
  0xce, 0x83, 0x8d, 0x7b, 0x4d, 0x6b, 0x0b, 0x6b, 0xcb, 0x5a, 0x89, 0x5a,
  0x49, 0x4a, 0x28, 0x4a, 0x28, 0x42, 0x08, 0x4a, 0x08, 0x42, 0xe7, 0x49,
  0x28, 0x4a, 0x07, 0x4a, 0x08, 0x42, 0x65, 0x31, 0xc7, 0x31, 0xa7, 0x39,
  0xa7, 0x31, 0x28, 0x4a, 0x08, 0x3a, 0xc3, 0x20, 0xa3, 0x10, 0x04, 0x21,
  0xe3, 0x18, 0x81, 0x18, 0x42, 0x08, 0x00, 0x08, 0x21, 0x00, 0x00, 0x00,
  0x00, 0x00, 0x00, 0x00, 0x00, 0x00, 0x00, 0x00, 0x21, 0x00, 0x41, 0x08,
  0x82, 0x10, 0xc3, 0x18, 0x05, 0x21, 0x25, 0x29, 0x86, 0x31, 0xa6, 0x39,
  0xc7, 0x39, 0xe7, 0x49, 0x08, 0x4a, 0x28, 0x52, 0x69, 0x52, 0x69, 0x5a,
  0xaa, 0x5a, 0xaa, 0x62, 0xeb, 0x62, 0xeb, 0x6a, 0x2c, 0x6b, 0x2c, 0x73,
  0x4c, 0x73, 0x4c, 0x73, 0x6d, 0x73, 0x6d, 0x7b, 0x8e, 0x7b, 0x8d, 0x7b,
  0xae, 0x7b, 0xae, 0x83, 0xaf, 0x7b, 0xae, 0x83, 0xcf, 0x83, 0xce, 0x8b,
  0xef, 0x83, 0xef, 0x8b, 0x0f, 0x8c, 0xef, 0x8b, 0x0f, 0x8c, 0xef, 0x93,
  0x10, 0x8c, 0x0f, 0x94, 0x30, 0x8c, 0x2f, 0x94, 0x50, 0x8c, 0x30, 0x94,
  0x50, 0x94, 0x30, 0x94, 0x50, 0x94, 0x30, 0x94, 0x50, 0x8c, 0x30, 0x94,
  0x31, 0x8c, 0x30, 0x94, 0x30, 0x8c, 0x0f, 0x94, 0x30, 0x8c, 0x0f, 0x8c,
  0x10, 0x8c, 0x0f, 0x8c, 0x0f, 0x84, 0xef, 0x8b, 0x0f, 0x84, 0xef, 0x8b,
  0x0f, 0x84, 0xef, 0x8b, 0xef, 0x83, 0xce, 0x83, 0xef, 0x83, 0xcf, 0x83,
  0xef, 0x83, 0xce, 0x83, 0xcf, 0x83, 0xae, 0x83, 0xcf, 0x83, 0xae, 0x83,
  0xcf, 0x83, 0xae, 0x83, 0xaf, 0x7b, 0xae, 0x83, 0xaf, 0x7b, 0xae, 0x83,
  0xda, 0xe6, 0xdb, 0xde, 0xda, 0xe6, 0xda, 0xde, 0xb9, 0xe6, 0xba, 0xde,
  0x79, 0xde, 0x59, 0xd6, 0x37, 0xd6, 0x17, 0xc6, 0xf6, 0xc5, 0xd6, 0xbd,
  0x95, 0xbd, 0x74, 0xb5, 0x33, 0xb5, 0x13, 0xad, 0xd2, 0xac, 0xd2, 0xa4,
  0x91, 0xa4, 0x91, 0x9c, 0x70, 0x9c, 0x70, 0x94, 0x4f, 0x9c, 0x70, 0x94,
  0x4f, 0x9c, 0x70, 0x94, 0x4f, 0x9c, 0x70, 0x94, 0x70, 0x9c, 0x71, 0x94,
  0x70, 0x9c, 0x91, 0x9c, 0x90, 0x9c, 0xb1, 0x9c, 0x91, 0xa4, 0xb2, 0xa4,
  0xb1, 0xa4, 0xb2, 0x9c, 0xb1, 0xa4, 0xd2, 0xa4, 0xb1, 0xa4, 0xd2, 0xa4,
  0xb1, 0xa4, 0xd2, 0xa4, 0xb1, 0xa4, 0xd2, 0xa4, 0xb1, 0xac, 0xb1, 0xa4,
  0xb1, 0xa4, 0xb1, 0xa4, 0x91, 0xa4, 0xb1, 0x9c, 0x91, 0xa4, 0x91, 0x9c,
  0x70, 0xa4, 0x91, 0x9c, 0x70, 0x9c, 0x71, 0x9c, 0x50, 0x9c, 0x50, 0x94,
  0x0f, 0x94, 0x0f, 0x8c, 0xce, 0x8b, 0xce, 0x83, 0x8d, 0x83, 0x8d, 0x7b,
  0x4c, 0x7b, 0x4c, 0x73, 0x2b, 0x73, 0x0b, 0x6b, 0xca, 0x6a, 0xaa, 0x5a,
  0x69, 0x5a, 0x49, 0x52, 0x07, 0x52, 0xe7, 0x41, 0xe7, 0x49, 0x07, 0x4a,
  0xc3, 0x18, 0x00, 0x00, 0x00, 0x00, 0x62, 0x08, 0x65, 0x31, 0x24, 0x21,
  0xa2, 0x18, 0xa2, 0x10, 0x61, 0x18, 0x82, 0x10, 0x61, 0x10, 0x61, 0x08,
  0x41, 0x08, 0x41, 0x08, 0x20, 0x08, 0x41, 0x00, 0x20, 0x08, 0x20, 0x00,
  0x00, 0x00, 0x00, 0x00, 0x00, 0x00, 0x00, 0x00, 0x00, 0x00, 0x00, 0x00,
  0x25, 0x19, 0x66, 0x19, 0x46, 0x19, 0x67, 0x19, 0x20, 0x08, 0x00, 0x00,
  0x00, 0x00, 0x00, 0x00, 0x00, 0x00, 0x00, 0x00, 0x00, 0x00, 0x21, 0x00,
  0x41, 0x08, 0x82, 0x10, 0xc2, 0x18, 0x04, 0x21, 0x65, 0x31, 0xe7, 0x39,
  0x28, 0x52, 0x8a, 0x52, 0xaa, 0x62, 0xeb, 0x62, 0xeb, 0x6a, 0x2c, 0x6b,
  0x4b, 0x73, 0x6c, 0x73, 0x6c, 0x7b, 0x8d, 0x7b, 0x8d, 0x83, 0xad, 0x7b,
  0xad, 0x83, 0xad, 0x7b, 0xad, 0x83, 0xce, 0x83, 0xad, 0x8b, 0xce, 0x83,
  0xce, 0x8b, 0xce, 0x83, 0xcd, 0x8b, 0xee, 0x8b, 0xee, 0x8b, 0xef, 0x8b,
  0xee, 0x93, 0x0f, 0x8c, 0x0f, 0x94, 0x2f, 0x8c, 0x0f, 0x94, 0x30, 0x94,
  0x2f, 0x94, 0x50, 0x94, 0x2f, 0x9c, 0x50, 0x94, 0x4f, 0x9c, 0x50, 0x94,
  0x4f, 0x9c, 0x50, 0x94, 0x4f, 0x9c, 0x50, 0x94, 0x4f, 0x9c, 0x50, 0x94,
  0x4f, 0x94, 0x50, 0x94, 0x30, 0x94, 0x50, 0x94, 0x2f, 0x94, 0x50, 0x94,
  0x0f, 0x94, 0x30, 0x8c, 0x0f, 0x94, 0x30, 0x8c, 0x0f, 0x94, 0x30, 0x8c,
  0x0f, 0x94, 0x2f, 0x8c, 0x0f, 0x94, 0x2f, 0x8c, 0x0f, 0x94, 0x2f, 0x8c,
  0x0f, 0x94, 0x2f, 0x8c, 0x0f, 0x94, 0x2f, 0x8c, 0x0f, 0x8c, 0x2f, 0x8c,
  0x0f, 0x8c, 0x2f, 0x8c, 0x0f, 0x8c, 0x2f, 0x8c, 0x0f, 0x8c, 0x2f, 0x8c,
  0x0f, 0x8c, 0x0f, 0x8c, 0x0f, 0x8c, 0x0f, 0x8c, 0xef, 0x8b, 0xef, 0x83,
  0xce, 0x8b, 0xee, 0x83, 0xb2, 0x9c, 0x71, 0x9c, 0x71, 0x94, 0x30, 0x94,
  0x30, 0x8c, 0xef, 0x8b, 0xef, 0x83, 0xce, 0x8b, 0xef, 0x83, 0xce, 0x8b,
  0xef, 0x83, 0xce, 0x8b, 0xef, 0x83, 0xef, 0x8b, 0x0f, 0x8c, 0x0f, 0x94,
  0x50, 0x8c, 0x2f, 0x94, 0x50, 0x94, 0x50, 0x9c, 0x71, 0x94, 0x71, 0x9c,
  0x91, 0x9c, 0x91, 0x9c, 0x92, 0x9c, 0x91, 0xa4, 0xb2, 0x9c, 0x91, 0xa4,
  0xb2, 0x9c, 0x91, 0xa4, 0xb2, 0x9c, 0xb1, 0xa4, 0xb2, 0x9c, 0x91, 0xa4,
  0xb2, 0x9c, 0x91, 0xa4, 0xb2, 0x9c, 0x91, 0xa4, 0xb2, 0xa4, 0x91, 0xa4,
  0xb2, 0x9c, 0x91, 0xa4, 0xb2, 0x9c, 0x91, 0xa4, 0xb2, 0x9c, 0x91, 0xa4,
  0xb2, 0x9c, 0x91, 0xa4, 0xb2, 0x9c, 0x91, 0xa4, 0xb2, 0x9c, 0x91, 0xa4,
  0x92, 0x9c, 0x91, 0xa4, 0x91, 0x9c, 0x71, 0x9c, 0x71, 0x9c, 0x50, 0x9c,
  0x51, 0x94, 0x2f, 0x94, 0x0f, 0x8c, 0xee, 0x8b, 0xce, 0x7b, 0x8d, 0x7b,
  0x6d, 0x73, 0x2c, 0x73, 0x0c, 0x6b, 0xcb, 0x6a, 0xcb, 0x5a, 0x69, 0x5a,
  0x49, 0x4a, 0xe7, 0x41, 0x86, 0x31, 0x04, 0x29, 0xe4, 0x18, 0xa3, 0x18,
  0x82, 0x08, 0x41, 0x08, 0x82, 0x08, 0x62, 0x10, 0x62, 0x08, 0x21, 0x08,
  0x00, 0x00, 0x00, 0x00, 0x00, 0x00, 0x00, 0x00, 0x00, 0x00, 0x00, 0x00,
  0x00, 0x00, 0x00, 0x00, 0x00, 0x00, 0x00, 0x00, 0x00, 0x00, 0x00, 0x00,
  0x00, 0x00, 0x00, 0x00, 0x00, 0x00, 0x00, 0x00, 0x00, 0x00, 0x00, 0x00,
  0x00, 0x00, 0x00, 0x00, 0x22, 0x00, 0xc4, 0x18, 0x05, 0x19, 0x62, 0x08,
  0x62, 0x08, 0xa3, 0x18, 0x04, 0x21, 0x45, 0x29, 0xa7, 0x31, 0xe7, 0x41,
  0x69, 0x4a, 0xaa, 0x5a, 0x0b, 0x63, 0x2c, 0x73, 0x6d, 0x73, 0xad, 0x83,
  0xce, 0x83, 0xce, 0x8b, 0xef, 0x83, 0xce, 0x8b, 0xef, 0x83, 0xce, 0x8b,
  0xef, 0x8b, 0xee, 0x8b, 0xef, 0x8b, 0xee, 0x8b, 0xef, 0x8b, 0xef, 0x8b,
  0x0f, 0x8c, 0xef, 0x8b, 0x0f, 0x8c, 0xef, 0x93, 0x0f, 0x8c, 0x0f, 0x94,
  0x30, 0x8c, 0x0f, 0x94, 0x30, 0x94, 0x2f, 0x94, 0x50, 0x94, 0x30, 0x94,
  0x50, 0x94, 0x30, 0x94, 0x50, 0x94, 0x50, 0x9c, 0x51, 0x94, 0x50, 0x9c,
  0x51, 0x94, 0x50, 0x9c, 0x51, 0x94, 0x50, 0x9c, 0x51, 0x94, 0x50, 0x9c,
  0x51, 0x94, 0x50, 0x9c, 0x51, 0x94, 0x50, 0x94, 0x51, 0x94, 0x50, 0x94,
  0x51, 0x94, 0x50, 0x94, 0x51, 0x94, 0x50, 0x94, 0x51, 0x94, 0x50, 0x94,
  0x51, 0x94, 0x51, 0x9c, 0x51, 0x94, 0x51, 0x9c, 0x51, 0x94, 0x51, 0x9c,
  0x71, 0x94, 0x71, 0x9c, 0x71, 0x94, 0x71, 0x9c, 0x71, 0x94, 0x71, 0x9c,
  0x71, 0x94, 0x71, 0x9c, 0x71, 0x94, 0x71, 0x9c, 0x71, 0x94, 0x50, 0x94,
  0x71, 0x94, 0x50, 0x94, 0x51, 0x8c, 0x30, 0x94, 0x50, 0x8c, 0x2f, 0x94,
  0x30, 0x8c, 0x0f, 0x8c, 0x10, 0x8c, 0xef, 0x8b, 0x0f, 0x84, 0xef, 0x8b,
  0xef, 0x83, 0xce, 0x83, 0xcf, 0x7b, 0xae, 0x83, 0xad, 0x83, 0xae, 0x7b,
  0xae, 0x83, 0xcf, 0x83, 0xce, 0x8b, 0xef, 0x8b, 0xef, 0x8b, 0x0f, 0x8c,
  0x0f, 0x94, 0x30, 0x8c, 0x2f, 0x94, 0x50, 0x94, 0x4f, 0x9c, 0x70, 0x94,
  0x50, 0x9c, 0x70, 0x94, 0x50, 0x9c, 0x71, 0x94, 0x70, 0x9c, 0x91, 0x9c,
  0x70, 0x9c, 0x90, 0x9c, 0x50, 0xa4, 0x70, 0x9c, 0x70, 0x9c, 0x91, 0x9c,
  0x71, 0x9c, 0x71, 0x9c, 0x71, 0xa4, 0x71, 0x9c, 0x90, 0x9c, 0x91, 0x9c,
  0x91, 0xa4, 0x91, 0x9c, 0x91, 0xa4, 0x91, 0x9c, 0x90, 0xa4, 0x91, 0x9c,
  0x91, 0xa4, 0xb2, 0xa4, 0x91, 0xa4, 0xb2, 0xa4, 0x91, 0xa4, 0xb1, 0xa4,
  0x91, 0xa4, 0xb2, 0xa4, 0x91, 0xa4, 0xb2, 0xa4, 0x91, 0xa4, 0xb2, 0xa4,
  0x91, 0xa4, 0xb2, 0xa4, 0x91, 0xa4, 0xb1, 0x9c, 0x91, 0xa4, 0xb1, 0x9c,
  0x91, 0xa4, 0x91, 0x9c, 0x91, 0xa4, 0x91, 0x9c, 0x91, 0xa4, 0x91, 0x9c,
  0x71, 0x9c, 0x71, 0x94, 0x50, 0x9c, 0x50, 0x94, 0x2f, 0x94, 0x2f, 0x8c,
  0xef, 0x8b, 0xcf, 0x83, 0xad, 0x83, 0x8d, 0x73, 0x4c, 0x73, 0x2c, 0x6b,
  0x0b, 0x6b, 0xeb, 0x62, 0xca, 0x62, 0xaa, 0x5a, 0x69, 0x5a, 0x6a, 0x52,
  0x49, 0x4a, 0x49, 0x42, 0x08, 0x4a, 0xe7, 0x39, 0xc7, 0x41, 0xa7, 0x39,
  0x86, 0x39, 0xa6, 0x31, 0x85, 0x31, 0x86, 0x31, 0x65, 0x31, 0x86, 0x29,
  0x65, 0x31, 0x86, 0x29, 0x86, 0x31, 0xa6, 0x31, 0xa6, 0x39, 0xa7, 0x31,
  0xa6, 0x41, 0xc7, 0x39, 0xe7, 0x41, 0x08, 0x42, 0x07, 0x4a, 0x28, 0x4a,
  0x69, 0x5a, 0x0c, 0x63, 0x4c, 0x73, 0xae, 0x7b, 0xce, 0x8b, 0xef, 0x83,
  0xef, 0x93, 0x30, 0x94, 0x2f, 0x94, 0x4f, 0x94, 0x2f, 0x94, 0x2f, 0x94,
  0x0f, 0x94, 0x2f, 0x94, 0x0f, 0x94, 0x2f, 0x94, 0x0e, 0x94, 0x0f, 0x94,
  0x2f, 0x94, 0x4f, 0x94, 0x2f, 0x94, 0x50, 0x94, 0x4f, 0x9c, 0x50, 0x94,
  0x4f, 0x9c, 0x50, 0x94, 0x50, 0x9c, 0x50, 0x94, 0x4f, 0x9c, 0x50, 0x9c,
  0x50, 0x9c, 0x70, 0x94, 0x50, 0x9c, 0x70, 0x94, 0x50, 0x9c, 0x70, 0x94,
  0x50, 0x9c, 0x70, 0x94, 0x50, 0x9c, 0x50, 0x9c, 0x50, 0x9c, 0x71, 0x9c,
  0x70, 0x9c, 0x70, 0x94, 0x70, 0x9c, 0x70, 0x9c, 0x70, 0x9c, 0x91, 0x9c,
  0x70, 0x9c, 0x91, 0x9c, 0x71, 0x9c, 0x91, 0x9c, 0x71, 0x9c, 0x91, 0x9c,
  0x71, 0x9c, 0x92, 0x9c, 0x91, 0xa4, 0x92, 0x9c, 0x91, 0xa4, 0x92, 0x9c,
  0x91, 0xa4, 0xb2, 0x9c, 0x91, 0xa4, 0xb2, 0x9c, 0x91, 0xa4, 0xb1, 0x9c,
  0x91, 0xa4, 0xb2, 0x9c, 0x91, 0xa4, 0x92, 0x9c, 0x91, 0x9c, 0x91, 0x9c,
  0x91, 0x9c, 0x91, 0x9c, 0x70, 0x9c, 0x91, 0x94, 0x70, 0x9c, 0x71, 0x94,
  0x50, 0x94, 0x50, 0x94, 0x50, 0x94, 0x50, 0x94, 0x2f, 0x94, 0x50, 0x8c,
  0x2f, 0x94, 0x2f, 0x8c, 0x0f, 0x94, 0x2f, 0x8c, 0x0f, 0x8c, 0x0f, 0x8c,
  0xee, 0x8b, 0x0f, 0x84, 0xee, 0x8b, 0xef, 0x83, 0xce, 0x8b, 0xee, 0x83,
  0xcf, 0x7b, 0xce, 0x83, 0xef, 0x83, 0xee, 0x8b, 0xef, 0x83, 0xef, 0x8b,
  0xf0, 0x8b, 0xef, 0x8b, 0x10, 0x8c, 0xef, 0x8b, 0x10, 0x8c, 0x0f, 0x94,
  0x30, 0x8c, 0x2f, 0x94, 0x30, 0x8c, 0x30, 0x94, 0x50, 0x94, 0x30, 0x94,
  0x50, 0x94, 0x50, 0x94, 0x51, 0x94, 0x50, 0x94, 0x71, 0x94, 0x50, 0x9c,
  0x71, 0x94, 0x50, 0x9c, 0x71, 0x94, 0x50, 0x9c, 0x72, 0x94, 0x71, 0x9c,
  0x91, 0x9c, 0x71, 0x9c, 0x91, 0x9c, 0x71, 0x9c, 0x91, 0x9c, 0x91, 0xa4,
  0x91, 0x9c, 0x91, 0xa4, 0x92, 0x9c, 0x91, 0xa4, 0x91, 0x9c, 0x71, 0x9c,
  0x92, 0x9c, 0x91, 0xa4, 0x92, 0x9c, 0x91, 0xa4, 0xb2, 0x9c, 0x91, 0xa4,
  0xb2, 0x9c, 0x91, 0xa4, 0xb2, 0x9c, 0x91, 0xa4, 0xb2, 0x9c, 0x91, 0xa4,
  0xb2, 0x9c, 0x91, 0xa4, 0xb2, 0x9c, 0x91, 0xa4, 0xb2, 0xa4, 0xb2, 0xa4,
  0xb2, 0x9c, 0x91, 0xa4, 0xb2, 0x9c, 0x91, 0xa4, 0xb2, 0x9c, 0xb2, 0xa4,
  0xb2, 0xa4, 0x91, 0xa4, 0xb2, 0x9c, 0x91, 0xa4, 0xb2, 0x9c, 0x91, 0xa4,
  0x91, 0x9c, 0x71, 0x9c, 0x91, 0x9c, 0x50, 0x9c, 0x71, 0x94, 0x50, 0x9c,
  0x51, 0x94, 0x30, 0x9c, 0x51, 0x8c, 0x30, 0x94, 0x51, 0x8c, 0x30, 0x94,
  0x31, 0x8c, 0x30, 0x94, 0x30, 0x8c, 0x2f, 0x94, 0x30, 0x8c, 0x30, 0x94,
  0x31, 0x8c, 0x30, 0x94, 0x50, 0x8c, 0x50, 0x94, 0x51, 0x94, 0x50, 0x94,
  0x71, 0x94, 0x50, 0x9c, 0x71, 0x94, 0x71, 0x9c, 0x91, 0x94, 0x71, 0x9c,
  0x91, 0x9c, 0x91, 0x9c, 0x91, 0x9c, 0x71, 0x9c, 0x71, 0x94, 0x50, 0x9c,
  0x71, 0x94, 0x50, 0x9c, 0x51, 0x94, 0x50, 0x94, 0x51, 0x94, 0x50, 0x9c,
  0x51, 0x94, 0x50, 0x9c, 0x51, 0x94, 0x50, 0x9c, 0x51, 0x94, 0x50, 0x9c,
  0x71, 0x94, 0x50, 0x9c, 0x71, 0x94, 0x50, 0x9c, 0x50, 0x94, 0x50, 0x9c,
  0x71, 0x94, 0x50, 0x9c, 0x71, 0x94, 0x50, 0x9c, 0x71, 0x94, 0x50, 0x9c,
  0x71, 0x94, 0x50, 0x9c, 0x71, 0x9c, 0x71, 0x9c, 0x91, 0x9c, 0x71, 0x9c,
  0x91, 0x9c, 0x91, 0x9c, 0x91, 0x9c, 0x91, 0x9c, 0x92, 0x9c, 0x91, 0x9c,
  0x92, 0x9c, 0x91, 0xa4, 0xb2, 0x9c, 0x91, 0xa4, 0xb2, 0x9c, 0xb2, 0xa4,
  0xb2, 0x9c, 0xb2, 0xa4, 0xd2, 0x9c, 0xb2, 0xa4, 0xb3, 0x9c, 0x92, 0xa4,
  0xb3, 0x9c, 0xb2, 0xa4, 0xb2, 0x9c, 0x92, 0xa4, 0xb2, 0x9c, 0x92, 0xa4,
  0xb2, 0x9c, 0xb2, 0xa4, 0xb2, 0x9c, 0xb2, 0xa4, 0xb2, 0x9c, 0x92, 0xa4,
  0x92, 0x9c, 0x91, 0x9c, 0x92, 0x9c, 0x91, 0x9c, 0x92, 0x9c, 0x71, 0x9c,
  0x91, 0x9c, 0x71, 0x9c, 0x91, 0x94, 0x71, 0x9c, 0x71, 0x94, 0x71, 0x9c,
  0x71, 0x94, 0x50, 0x94, 0x51, 0x94, 0x50, 0x94, 0x51, 0x8c, 0x50, 0x94,
  0x51, 0x8c, 0x30, 0x94, 0x30, 0x8c, 0x0f, 0x8c, 0x30, 0x8c, 0x0f, 0x8c,
  0x10, 0x8c, 0xef, 0x8b, 0x0f, 0x84, 0xee, 0x8b, 0xef, 0x83, 0xce, 0x83,
  0xcf, 0x83, 0xae, 0x83, 0xae, 0x83, 0xce, 0x7b, 0xce, 0x8b, 0xee, 0x83,
  0xce, 0x8b, 0xef, 0x83, 0xee, 0x8b, 0xef, 0x8b, 0xef, 0x8b, 0x0f, 0x8c,
  0x0f, 0x94, 0x0f, 0x8c, 0x0f, 0x94, 0x2f, 0x8c, 0x0f, 0x94, 0x30, 0x8c,
  0x2f, 0x94, 0x50, 0x94, 0x4f, 0x94, 0x50, 0x94, 0x4f, 0x9c, 0x70, 0x94,
  0x50, 0x9c, 0x70, 0x94, 0x50, 0x9c, 0x71, 0x94, 0x70, 0x9c, 0x70, 0x94,
  0x70, 0x9c, 0x91, 0x9c, 0x70, 0x9c, 0x91, 0x9c, 0x70, 0x9c, 0x91, 0x9c,
  0x70, 0xa4, 0x91, 0x9c, 0x91, 0xa4, 0x91, 0x9c, 0x91, 0xa4, 0x91, 0x9c,
  0x91, 0xa4, 0xb1, 0x9c, 0x91, 0xa4, 0xb2, 0xa4, 0xb1, 0xa4, 0xb2, 0xa4,
  0xb1, 0xa4, 0xb2, 0xa4, 0xb1, 0xa4, 0xd2, 0xa4, 0xb1, 0xa4, 0xb2, 0xa4,
  0xb1, 0xa4, 0xd2, 0xa4, 0xb1, 0xa4, 0xb2, 0xa4, 0xb1, 0xa4, 0xb2, 0xa4,
  0xb1, 0xa4, 0xd2, 0xa4, 0xb1, 0xa4, 0xd2, 0xa4, 0xb1, 0xa4, 0xb1, 0xa4,
  0xb1, 0xa4, 0xb2, 0xa4, 0x91, 0xa4, 0xb2, 0xa4, 0xb1, 0xa4, 0xb1, 0x9c,
  0x91, 0xa4, 0xb2, 0xa4, 0x91, 0xa4, 0xb1, 0x9c, 0x91, 0xa4, 0x91, 0x9c,
  0x90, 0xa4, 0x91, 0x9c, 0x91, 0x9c, 0x91, 0x9c, 0x71, 0x9c, 0x91, 0x9c,
  0x70, 0x9c, 0x91, 0x9c, 0x70, 0x9c, 0x91, 0x9c, 0x70, 0x9c, 0x91, 0x9c,
  0x70, 0x9c, 0x91, 0x9c, 0x70, 0x9c, 0x91, 0x9c, 0x70, 0x9c, 0x71, 0x94,
  0x70, 0x9c, 0x71, 0x94, 0x70, 0x9c, 0x91, 0x9c, 0x70, 0x9c, 0x71, 0x94,
  0x70, 0x9c, 0x71, 0x94, 0x70, 0x9c, 0x71, 0x94, 0x70, 0x9c, 0x91, 0x9c,
  0x70, 0x9c, 0x91, 0x9c, 0x70, 0x9c, 0x91, 0x9c, 0x70, 0x9c, 0x91, 0x9c,
  0x70, 0x9c, 0x71, 0x94, 0x70, 0x9c, 0x71, 0x94, 0x70, 0x9c, 0x71, 0x94,
  0x70, 0x9c, 0x71, 0x9c, 0x70, 0x9c, 0x91, 0x9c, 0x90, 0x9c, 0x91, 0x9c,
  0x70, 0xa4, 0x91, 0x9c, 0x91, 0xa4, 0x91, 0x9c, 0x91, 0xa4, 0x91, 0x9c,
  0x91, 0xa4, 0x91, 0x9c, 0x91, 0xa4, 0xb1, 0x9c, 0x91, 0xa4, 0xb2, 0xa4,
  0x91, 0xa4, 0xb2, 0xa4, 0xb1, 0xa4, 0xd2, 0xa4, 0xb1, 0xa4, 0xd2, 0xa4,
  0xb1, 0xa4, 0xd2, 0xa4, 0xb1, 0xac, 0xd2, 0xa4, 0xb2, 0xac, 0xd2, 0xa4,
  0xb2, 0xa4, 0xd2, 0xa4, 0xd2, 0xa4, 0xd2, 0xa4, 0xd1, 0xa4, 0xd2, 0xa4,
  0xb2, 0xa4, 0xd2, 0xa4, 0xb2, 0xa4, 0xb2, 0xa4, 0xb2, 0xa4, 0xb2, 0xa4,
  0xb2, 0xa4, 0xb2, 0xa4, 0xb1, 0xa4, 0xd2, 0xa4, 0xb1, 0xa4, 0xb2, 0x9c,
  0x91, 0xa4, 0xb2, 0x9c, 0x91, 0xa4, 0x92, 0x9c, 0x91, 0xa4, 0x92, 0x9c,
  0x91, 0xa4, 0x92, 0x9c, 0x91, 0x9c, 0x91, 0x9c, 0x91, 0x9c, 0x91, 0x94,
  0x70, 0x9c, 0x91, 0x94, 0x70, 0x9c, 0x71, 0x94, 0x50, 0x9c, 0x50, 0x94,
  0x50, 0x94, 0x50, 0x94, 0x4f, 0x94, 0x50, 0x8c, 0x2f, 0x94, 0x30, 0x8c,
  0x0f, 0x94, 0x2f, 0x8c, 0x0f, 0x8c, 0x0f, 0x8c, 0xee, 0x8b, 0xef, 0x83,
  0xce, 0x8b, 0xef, 0x83, 0xce, 0x8b, 0xcf, 0x83, 0xae, 0x7b, 0xae, 0x83,
  0xce, 0x7b, 0xae, 0x83, 0xcf, 0x83, 0xae, 0x83, 0xcf, 0x83, 0xcf, 0x8b,
  0xef, 0x83, 0xcf, 0x8b, 0xef, 0x83, 0xef, 0x8b, 0x0f, 0x8c, 0xef, 0x8b,
  0x10, 0x8c, 0x0f, 0x8c, 0x10, 0x8c, 0x10, 0x94, 0x30, 0x8c, 0x2f, 0x94,
  0x50, 0x8c, 0x2f, 0x94, 0x50, 0x94, 0x30, 0x94, 0x50, 0x94, 0x50, 0x94,
  0x51, 0x94, 0x50, 0x9c, 0x71, 0x94, 0x70, 0x9c, 0x71, 0x94, 0x71, 0x9c,
  0x91, 0x9c, 0x71, 0x9c, 0x71, 0x9c, 0x71, 0x9c, 0x91, 0x9c, 0x71, 0x9c,
  0x92, 0x9c, 0x91, 0xa4, 0x91, 0x9c, 0x91, 0xa4, 0xb1, 0x9c, 0x91, 0xa4,
  0xb2, 0x9c, 0x91, 0xa4, 0xb2, 0x9c, 0x91, 0xa4, 0x92, 0x9c, 0x91, 0xa4,
  0xb2, 0x9c, 0x91, 0xa4, 0xb2, 0x9c, 0x91, 0xa4, 0xb2, 0x9c, 0x91, 0xa4,
  0xb2, 0x9c, 0x91, 0xa4, 0xb2, 0x9c, 0x91, 0xa4, 0xb2, 0x9c, 0x91, 0xa4,
  0xb2, 0x9c, 0x91, 0xa4, 0xb2, 0x9c, 0x91, 0xa4, 0xb2, 0x9c, 0x91, 0xa4,
  0xb2, 0x9c, 0x91, 0xa4, 0xb2, 0x9c, 0x91, 0xa4, 0xb2, 0x9c, 0x91, 0xa4,
  0x91, 0x9c, 0x91, 0xa4, 0x91, 0x9c, 0x91, 0x9c, 0x91, 0x9c, 0x70, 0x9c,
  0x91, 0x94, 0x71, 0x9c, 0x91, 0x94, 0x71, 0x9c, 0x72, 0x9c, 0x51, 0x9c,
  0x71, 0x94, 0x51, 0x9c, 0x72, 0x94, 0x71, 0x9c, 0x71, 0x94, 0x51, 0x9c,
  0x71, 0x94, 0x71, 0x9c, 0x71, 0x9c, 0x71, 0x9c, 0x91, 0x94, 0x71, 0x9c,
  0x72, 0x94, 0x51, 0x9c, 0x91, 0x94, 0x71, 0x9c, 0x71, 0x94, 0x70, 0x9c,
  0x91, 0x94, 0x71, 0x9c, 0x91, 0x94, 0x70, 0x9c, 0x91, 0x9c, 0x71, 0x9c,
  0x91, 0x9c, 0x91, 0xa4, 0x91, 0x9c, 0x91, 0xa4, 0x92, 0x9c, 0x91, 0xa4,
  0xb2, 0x9c, 0x91, 0xa4, 0xb2, 0x9c, 0x91, 0xa4, 0xb2, 0x9c, 0x91, 0xa4,
  0xb2, 0x9c, 0x91, 0xa4, 0xb2, 0x9c, 0x92, 0xa4, 0xb2, 0x9c, 0x92, 0xa4,
  0xb2, 0x9c, 0x92, 0xa4, 0xd2, 0x9c, 0xb2, 0xa4, 0xd2, 0xa4, 0xb2, 0xa4,
  0xd2, 0xa4, 0xb2, 0xa4, 0xd2, 0xa4, 0xb2, 0xa4, 0xd2, 0xa4, 0xb2, 0xa4,
  0xd2, 0xa4, 0xb2, 0xa4, 0xd2, 0xa4, 0xb2, 0xa4, 0xd2, 0xa4, 0xb2, 0xa4,
  0xb2, 0xa4, 0xb2, 0xa4, 0xd2, 0xa4, 0xb2, 0xa4, 0xd2, 0xa4, 0xb2, 0xa4,
  0xd2, 0x9c, 0xb2, 0xa4, 0xd3, 0xa4, 0xb2, 0xa4, 0xd2, 0xa4, 0xb2, 0xa4,
  0xd3, 0xa4, 0xb2, 0xa4, 0xb3, 0x9c, 0xb2, 0xa4, 0xb3, 0x9c, 0xb2, 0xa4,
  0xb2, 0x9c, 0x92, 0xa4, 0xb2, 0x9c, 0x92, 0xa4, 0xb2, 0x9c, 0x92, 0xa4,
  0x92, 0x9c, 0x91, 0x9c, 0x92, 0x9c, 0x71, 0x9c, 0x92, 0x9c, 0x71, 0x9c,
  0x91, 0x94, 0x71, 0x9c, 0x71, 0x94, 0x71, 0x9c, 0x71, 0x94, 0x71, 0x9c,
  0x71, 0x94, 0x50, 0x94, 0x51, 0x94, 0x50, 0x94, 0x50, 0x8c, 0x30, 0x94,
  0x30, 0x8c, 0x0f, 0x8c, 0x30, 0x8c, 0x0f, 0x8c, 0x0f, 0x84, 0xef, 0x8b,
  0xef, 0x83, 0xee, 0x8b, 0xcf, 0x83, 0xae, 0x83, 0xcf, 0x83, 0xae, 0x83,
  0x8d, 0x7b, 0xae, 0x7b, 0xad, 0x83, 0xae, 0x7b, 0xad, 0x83, 0xce, 0x83,
  0xae, 0x83, 0xce, 0x83, 0xae, 0x8b, 0xcf, 0x83, 0xce, 0x8b, 0xef, 0x8b,
  0xef, 0x8b, 0x0f, 0x8c, 0xef, 0x93, 0x10, 0x8c, 0x0f, 0x94, 0x30, 0x8c,
  0x2f, 0x94, 0x50, 0x94, 0x2f, 0x94, 0x50, 0x94, 0x4f, 0x94, 0x50, 0x94,
  0x4f, 0x9c, 0x70, 0x94, 0x50, 0x9c, 0x70, 0x94, 0x50, 0x9c, 0x71, 0x94,
  0x50, 0x9c, 0x70, 0x9c, 0x70, 0x9c, 0x91, 0x9c, 0x70, 0x9c, 0x91, 0x9c,
  0x70, 0xa4, 0x91, 0x9c, 0x71, 0xa4, 0x91, 0x9c, 0x70, 0xa4, 0x91, 0x9c,
  0x91, 0xa4, 0x91, 0x9c, 0x91, 0xa4, 0x91, 0x9c, 0x91, 0xa4, 0x91, 0x9c,
  0x91, 0xa4, 0xb1, 0x9c, 0x91, 0xa4, 0x91, 0x9c, 0x91, 0xa4, 0xb1, 0x9c,
  0x91, 0xa4, 0xb1, 0x9c, 0x91, 0xa4, 0xb1, 0x9c, 0x91, 0xa4, 0xb2, 0xa4,
  0x91, 0xa4, 0xb2, 0xa4, 0x91, 0xa4, 0xb2, 0xa4, 0x91, 0xa4, 0xb1, 0x9c,
  0x91, 0xa4, 0xb1, 0x9c, 0x91, 0xa4, 0x91, 0x9c, 0x91, 0xa4, 0x91, 0x9c,
  0x91, 0xa4, 0x91, 0x9c, 0x91, 0xa4, 0x91, 0x9c, 0x90, 0x9c, 0x91, 0x9c,
  0x70, 0xa4, 0x91, 0x9c, 0x70, 0x9c, 0x91, 0x9c, 0x70, 0x9c, 0x91, 0x9c,
  0x70, 0x9c, 0x71, 0x9c, 0x70, 0x9c, 0x91, 0x9c, 0x71, 0x9c, 0x71, 0x9c,
  0x70, 0x9c, 0x91, 0x9c, 0x70, 0x9c, 0x71, 0x9c, 0x70, 0xa4, 0x91, 0x9c,
  0x70, 0x9c, 0x91, 0x9c, 0x91, 0xa4, 0xb1, 0x9c, 0x91, 0xa4, 0xb2, 0x9c,
  0xb1, 0xa4, 0xd2, 0xa4, 0xb1, 0xa4, 0xd2, 0xa4, 0xb1, 0xa4, 0xd2, 0xa4,
  0xb1, 0xa4, 0xd2, 0xa4, 0xb1, 0xa4, 0xb2, 0xa4, 0xb1, 0xa4, 0xd2, 0xa4,
  0xb1, 0xa4, 0xd2, 0xa4, 0xb1, 0xa4, 0xd2, 0xa4, 0xb1, 0xa4, 0xd2, 0xa4,
  0xb1, 0xa4, 0xd2, 0xa4, 0xd1, 0xa4, 0xd2, 0xa4, 0xd2, 0xac, 0xd2, 0xa4,
  0xd2, 0xac, 0xf2, 0xa4, 0xd2, 0xac, 0xd2, 0xa4, 0xd2, 0xac, 0xf2, 0xa4,
  0xd2, 0xac, 0xd2, 0xa4, 0xd2, 0xac, 0xd2, 0xa4, 0xd2, 0xac, 0xd2, 0xa4,
  0xd2, 0xac, 0xd2, 0xac, 0xd2, 0xac, 0xf2, 0xa4, 0xd2, 0xac, 0xf2, 0xa4,
  0xd2, 0xac, 0xf2, 0xa4, 0xd2, 0xac, 0xf2, 0xa4, 0xd2, 0xac, 0xf2, 0xa4,
  0xd2, 0xac, 0xf3, 0xa4, 0xd2, 0xac, 0xf3, 0xa4, 0xd2, 0xac, 0xd3, 0xa4,
  0xd2, 0xac, 0xd2, 0xa4, 0xd2, 0xac, 0xd2, 0xa4, 0xb2, 0xa4, 0xd2, 0xa4,
  0xb2, 0xa4, 0xd2, 0xa4, 0xb2, 0xa4, 0xb2, 0xa4, 0xb2, 0xa4, 0xb2, 0x9c,
  0x91, 0xa4, 0xb2, 0x9c, 0x91, 0xa4, 0xb2, 0x9c, 0x91, 0xa4, 0xb1, 0x9c,
  0x91, 0xa4, 0xb1, 0x9c, 0x91, 0x9c, 0x91, 0x9c, 0x91, 0x9c, 0x91, 0x94,
  0x70, 0x9c, 0x71, 0x94, 0x50, 0x94, 0x50, 0x94, 0x4f, 0x94, 0x50, 0x8c,
  0x2f, 0x94, 0x30, 0x8c, 0x0f, 0x94, 0x10, 0x8c, 0xef, 0x8b, 0x0f, 0x8c,
  0xef, 0x8b, 0xef, 0x83, 0xee, 0x8b, 0xef, 0x83, 0xce, 0x8b, 0xcf, 0x83,
  0xae, 0x8b, 0xcf, 0x83, 0x8d, 0x73, 0x8d, 0x7b, 0xae, 0x7b, 0x8d, 0x7b,
  0xae, 0x7b, 0xae, 0x83, 0xce, 0x7b, 0xce, 0x83, 0xef, 0x83, 0xce, 0x8b,
  0xef, 0x83, 0xcf, 0x8b, 0xef, 0x83, 0xef, 0x8b, 0x10, 0x8c, 0xef, 0x8b,
  0x10, 0x8c, 0xef, 0x8b, 0x10, 0x8c, 0x10, 0x94, 0x30, 0x8c, 0x10, 0x94,
  0x50, 0x8c, 0x2f, 0x94, 0x50, 0x94, 0x30, 0x94, 0x50, 0x94, 0x50, 0x94,
  0x71, 0x94, 0x50, 0x9c, 0x70, 0x94, 0x50, 0x9c, 0x51, 0x94, 0x50, 0x9c,
  0x71, 0x94, 0x70, 0x9c, 0x71, 0x94, 0x50, 0x9c, 0x71, 0x9c, 0x71, 0x9c,
  0x72, 0x9c, 0x51, 0x9c, 0x72, 0x9c, 0x51, 0x9c, 0x91, 0x9c, 0x71, 0x9c,
  0x91, 0x9c, 0x70, 0x9c, 0x91, 0x9c, 0x71, 0x9c, 0x91, 0x9c, 0x71, 0xa4,
  0x91, 0x9c, 0x71, 0x9c, 0x91, 0x9c, 0x71, 0x9c, 0x91, 0x9c, 0x70, 0x9c,
  0x91, 0x9c, 0x70, 0x9c, 0x91, 0x9c, 0x71, 0x9c, 0x72, 0x9c, 0x71, 0x9c,
  0x91, 0x9c, 0x71, 0x9c, 0x91, 0x9c, 0x70, 0x9c, 0x91, 0x9c, 0x71, 0x9c,
  0x91, 0x9c, 0x71, 0x9c, 0x72, 0x94, 0x71, 0x9c, 0x72, 0x94, 0x71, 0x9c,
  0x72, 0x94, 0x71, 0x9c, 0x71, 0x94, 0x71, 0x9c, 0x91, 0x94, 0x70, 0x9c,
  0x72, 0x94, 0x71, 0x9c, 0x91, 0x94, 0x71, 0x9c, 0x91, 0x9c, 0x91, 0x9c,
  0x92, 0x9c, 0x92, 0xa4, 0x91, 0x9c, 0x91, 0xa4, 0x92, 0xa4, 0x91, 0xa4,
  0xb2, 0xa4, 0x91, 0xa4, 0xd2, 0x9c, 0xb1, 0xa4, 0xd2, 0x9c, 0xb2, 0xa4,
  0xd2, 0x9c, 0xb1, 0xa4, 0xb2, 0x9c, 0xb1, 0xa4, 0xd2, 0x9c, 0xb2, 0xa4,
  0xb2, 0x9c, 0x92, 0xa4, 0xb2, 0x9c, 0xb2, 0xa4, 0xd2, 0x9c, 0xb2, 0xa4,
  0xd3, 0xa4, 0xb2, 0xa4, 0xd3, 0xa4, 0xb2, 0xa4, 0xd3, 0xa4, 0xd2, 0xa4,
  0xd3, 0xa4, 0xd2, 0xa4, 0xd3, 0xa4, 0xd3, 0xac, 0xf2, 0xa4, 0xd2, 0xa4,
  0xd3, 0xa4, 0xd2, 0xac, 0xf3, 0xa4, 0xd2, 0xac, 0xf3, 0xa4, 0xd2, 0xac,
  0xf3, 0xa4, 0xd2, 0xac, 0xf3, 0xa4, 0xd2, 0xac, 0xf3, 0xa4, 0xd2, 0xac,
  0xf3, 0xa4, 0xd2, 0xac, 0xf3, 0xa4, 0xd2, 0xac, 0xf3, 0xa4, 0xd2, 0xac,
  0xf3, 0xa4, 0xd2, 0xac, 0xf3, 0xa4, 0xf2, 0xac, 0xf3, 0xa4, 0xd2, 0xac,
  0xf3, 0xa4, 0xd2, 0xac, 0xd3, 0xa4, 0xd2, 0xa4, 0xd3, 0xa4, 0xb2, 0xa4,
  0xd3, 0xa4, 0xb2, 0xa4, 0xd3, 0xa4, 0xb2, 0xa4, 0xb3, 0x9c, 0xb2, 0xa4,
  0xd3, 0x9c, 0xb2, 0xa4, 0xd3, 0xa4, 0xb2, 0xa4, 0xd3, 0xa4, 0xb2, 0xa4,
  0xb3, 0x9c, 0x92, 0xa4, 0xb2, 0x9c, 0x92, 0xa4, 0xb2, 0x9c, 0x92, 0xa4,
  0x92, 0x9c, 0x71, 0x9c, 0x91, 0x94, 0x71, 0x9c, 0x71, 0x94, 0x50, 0x94,
  0x71, 0x94, 0x50, 0x94, 0x51, 0x8c, 0x50, 0x94, 0x51, 0x8c, 0x30, 0x94,
  0x50, 0x8c, 0x30, 0x94, 0x50, 0x8c, 0x30, 0x94, 0x30, 0x8c, 0x0f, 0x94,
  0x31, 0x8c, 0x10, 0x94, 0x10, 0x8c, 0xf0, 0x8b, 0xf0, 0x83, 0xef, 0x8b,
  0xef, 0x83, 0xcf, 0x8b, 0xcf, 0x83, 0xaf, 0x83, 0x6c, 0x7b, 0xad, 0x7b,
  0x8d, 0x7b, 0xae, 0x7b, 0xad, 0x83, 0xae, 0x7b, 0xad, 0x83, 0xce, 0x7b,
  0xae, 0x83, 0xce, 0x83, 0xae, 0x8b, 0xcf, 0x83, 0xce, 0x8b, 0xef, 0x83,
  0xef, 0x8b, 0xef, 0x8b, 0xee, 0x8b, 0x0f, 0x8c, 0x0f, 0x94, 0x2f, 0x8c,
  0x0f, 0x94, 0x30, 0x8c, 0x2f, 0x94, 0x50, 0x94, 0x2f, 0x94, 0x50, 0x94,
  0x2f, 0x94, 0x50, 0x94, 0x4f, 0x94, 0x50, 0x94, 0x4f, 0x9c, 0x70, 0x94,
  0x4f, 0x9c, 0x70, 0x94, 0x4f, 0x9c, 0x70, 0x94, 0x4f, 0x9c, 0x70, 0x94,
  0x70, 0x9c, 0x71, 0x9c, 0x70, 0x9c, 0x71, 0x9c, 0x70, 0x9c, 0x71, 0x94,
  0x70, 0x9c, 0x71, 0x94, 0x70, 0x9c, 0x71, 0x94, 0x70, 0x9c, 0x71, 0x94,
  0x50, 0x9c, 0x70, 0x9c, 0x70, 0x9c, 0x71, 0x9c, 0x70, 0x9c, 0x71, 0x94,
  0x50, 0x9c, 0x71, 0x9c, 0x50, 0x9c, 0x71, 0x9c, 0x70, 0x9c, 0x71, 0x94,
  0x70, 0x9c, 0x71, 0x9c, 0x70, 0x9c, 0x91, 0x9c, 0x70, 0x9c, 0x91, 0x9c,
  0x90, 0x9c, 0x91, 0x9c, 0x91, 0xa4, 0x91, 0x9c, 0x91, 0xa4, 0xb1, 0x9c,
  0x91, 0xa4, 0xb1, 0x9c, 0x91, 0xa4, 0xb2, 0x9c, 0xb1, 0xa4, 0xd2, 0xa4,
  0xb1, 0xa4, 0xd2, 0xa4, 0xd1, 0xa4, 0xd2, 0xa4, 0xd1, 0xa4, 0xd2, 0xa4,
  0xb1, 0xa4, 0xd2, 0xa4, 0xb1, 0xa4, 0xd2, 0xa4, 0xb1, 0xa4, 0xb2, 0xa4,
  0xb1, 0xa4, 0xb1, 0xa4, 0xb1, 0xa4, 0xd1, 0xa4, 0xb1, 0xa4, 0xd2, 0xa4,
  0xb1, 0xa4, 0xd2, 0xa4, 0xb1, 0xa4, 0xd2, 0xa4, 0xd2, 0xa4, 0xd2, 0xa4,
  0xd2, 0xac, 0xf2, 0xa4, 0xd2, 0xac, 0xf3, 0xa4, 0xd2, 0xac, 0xf3, 0xa4,
  0xd2, 0xac, 0xf2, 0xa4, 0xd2, 0xac, 0xf2, 0xa4, 0xd2, 0xac, 0xf3, 0xa4,
  0xd2, 0xac, 0xf2, 0xa4, 0xf2, 0xac, 0xf3, 0xa4, 0xf2, 0xac, 0x13, 0xad,
  0xf2, 0xac, 0x13, 0xad, 0xf2, 0xac, 0xf3, 0xac, 0xf2, 0xac, 0xf3, 0xac,
  0xf2, 0xac, 0xf3, 0xac, 0xf2, 0xac, 0x13, 0xad, 0xd2, 0xb4, 0xf2, 0xac,
  0xf2, 0xac, 0xf3, 0xac, 0xf2, 0xac, 0xf3, 0xac, 0xd2, 0xac, 0xf3, 0xac,
  0xd2, 0xac, 0xd2, 0xa4, 0xd2, 0xac, 0xd2, 0xa4, 0xd2, 0xac, 0xd2, 0xa4,
  0xd1, 0xac, 0xd2, 0xa4, 0xd1, 0xac, 0xf2, 0xa4, 0xd2, 0xac, 0xf2, 0xa4,
  0xd2, 0xac, 0xf3, 0xa4, 0xd2, 0xac, 0xf3, 0xa4, 0xd2, 0xac, 0xf3, 0xa4,
  0xd2, 0xac, 0xd3, 0xa4, 0xd2, 0xac, 0xd3, 0xa4, 0xd2, 0xa4, 0xd2, 0xa4,
  0xb1, 0xa4, 0xb2, 0x9c, 0x91, 0xa4, 0xb2, 0x9c, 0x91, 0xa4, 0x92, 0x9c,
  0x91, 0xa4, 0x92, 0x9c, 0x91, 0x9c, 0x91, 0x9c, 0x91, 0x9c, 0x91, 0x9c,
  0x91, 0x9c, 0x91, 0x9c, 0x91, 0x9c, 0x91, 0x9c, 0x91, 0x9c, 0x91, 0x94,
  0x70, 0x9c, 0x71, 0x94, 0x50, 0x9c, 0x70, 0x94, 0x50, 0x94, 0x50, 0x94,
  0x2f, 0x94, 0x30, 0x8c, 0x0f, 0x94, 0x30, 0x8c, 0xef, 0x8b, 0xef, 0x83,
  0xee, 0x8b, 0xef, 0x83, 0xce, 0x8b, 0xce, 0x83, 0xae, 0x83, 0xce, 0x7b,
  0x6d, 0x73, 0x6d, 0x7b, 0x8d, 0x73, 0x8d, 0x7b, 0xae, 0x7b, 0x8d, 0x7b,
  0xae, 0x7b, 0xae, 0x83, 0xaf, 0x7b, 0xae, 0x83, 0xcf, 0x83, 0xae, 0x83,
  0xef, 0x83, 0xce, 0x8b, 0xef, 0x83, 0xcf, 0x8b, 0xef, 0x83, 0xef, 0x8b,
  0x0f, 0x8c, 0xef, 0x8b, 0x10, 0x8c, 0xef, 0x8b, 0x30, 0x8c, 0x0f, 0x94,
  0x30, 0x8c, 0x0f, 0x94, 0x30, 0x8c, 0x2f, 0x94, 0x30, 0x8c, 0x2f, 0x94,
  0x50, 0x8c, 0x2f, 0x94, 0x50, 0x8c, 0x2f, 0x94, 0x30, 0x8c, 0x2f, 0x94,
  0x30, 0x8c, 0x2f, 0x94, 0x50, 0x8c, 0x30, 0x94, 0x50, 0x8c, 0x2f, 0x94,
  0x50, 0x94, 0x2f, 0x94, 0x50, 0x94, 0x30, 0x94, 0x50, 0x94, 0x50, 0x94,
  0x51, 0x94, 0x50, 0x94, 0x70, 0x94, 0x50, 0x9c, 0x51, 0x94, 0x50, 0x9c,
  0x71, 0x94, 0x50, 0x9c, 0x71, 0x94, 0x71, 0x9c, 0x71, 0x94, 0x71, 0x9c,
  0x91, 0x9c, 0x91, 0x9c, 0x91, 0x9c, 0x91, 0x9c, 0xb2, 0x9c, 0xb1, 0xa4,
  0xb2, 0x9c, 0xb2, 0xa4, 0xd2, 0x9c, 0xb1, 0xa4, 0xd2, 0xa4, 0xd2, 0xa4,
  0xd3, 0xa4, 0xd2, 0xa4, 0xd2, 0xa4, 0xd2, 0xa4, 0xd2, 0xa4, 0xb1, 0xa4,
  0xd2, 0x9c, 0xb2, 0xa4, 0xb2, 0x9c, 0xb1, 0xa4, 0xb2, 0x9c, 0xb1, 0xa4,
  0xb2, 0x9c, 0xb1, 0xa4, 0xb2, 0x9c, 0xb1, 0xa4, 0xb2, 0x9c, 0xb1, 0xa4,
  0xd2, 0x9c, 0xb2, 0xa4, 0xd2, 0xa4, 0xb2, 0xa4, 0xd2, 0xa4, 0xd2, 0xa4,
  0xd3, 0xa4, 0xd2, 0xac, 0xf3, 0xa4, 0xd2, 0xac, 0xf3, 0xa4, 0xd2, 0xac,
  0xf3, 0xa4, 0xd2, 0xac, 0xf3, 0xa4, 0xd2, 0xac, 0xf3, 0xa4, 0xd2, 0xac,
  0xf3, 0xa4, 0xf2, 0xac, 0xf3, 0xa4, 0xf2, 0xac, 0xf3, 0xa4, 0xf2, 0xac,
  0x13, 0xa5, 0xf2, 0xac, 0x13, 0xa5, 0xf2, 0xac, 0x13, 0xa5, 0xf3, 0xac,
  0x13, 0xa5, 0xf3, 0xac, 0x13, 0xa5, 0xf3, 0xac, 0xf3, 0xac, 0xf3, 0xac,
  0xf3, 0xa4, 0xd2, 0xac, 0xf3, 0xa4, 0xd2, 0xac, 0xf3, 0xa4, 0xd2, 0xac,
  0xf3, 0xa4, 0xd2, 0xac, 0xf3, 0xa4, 0xd2, 0xac, 0xf3, 0xa4, 0xd2, 0xac,
  0xf3, 0xa4, 0xd2, 0xac, 0xf3, 0xa4, 0xd2, 0xac, 0xf3, 0xa4, 0xd2, 0xac,
  0xf3, 0xa4, 0xd2, 0xac, 0xf3, 0xa4, 0xf2, 0xac, 0xf3, 0xa4, 0xd2, 0xac,
  0xd3, 0xa4, 0xd3, 0xac, 0xf3, 0xa4, 0xd2, 0xa4, 0xd3, 0xa4, 0xd2, 0xa4,
  0xd3, 0xa4, 0xb2, 0xa4, 0xd3, 0xa4, 0xb2, 0xa4, 0xb3, 0x9c, 0xb2, 0xa4,
  0xb3, 0x9c, 0xb2, 0xa4, 0xb3, 0x9c, 0x92, 0xa4, 0xb3, 0x9c, 0xb2, 0xa4,
  0xd2, 0x9c, 0xb2, 0xa4, 0xb2, 0x9c, 0xb2, 0xa4, 0xb2, 0x9c, 0x91, 0x9c,
  0xb2, 0x9c, 0x91, 0x9c, 0x92, 0x94, 0x71, 0x9c, 0x91, 0x94, 0x71, 0x9c,
  0x71, 0x94, 0x50, 0x94, 0x51, 0x94, 0x50, 0x94, 0x50, 0x8c, 0x30, 0x94,
  0x50, 0x8c, 0x0f, 0x8c, 0x30, 0x8c, 0x0f, 0x8c, 0x10, 0x8c, 0xef, 0x8b,
  0x0f, 0x84, 0xee, 0x8b, 0xcf, 0x83, 0xae, 0x83, 0xaf, 0x7b, 0xae, 0x83,
  0xaf, 0x7b, 0x8e, 0x7b, 0x6c, 0x7b, 0x6d, 0x73, 0x6c, 0x7b, 0x8d, 0x73,
  0x8d, 0x7b, 0xad, 0x7b, 0x8d, 0x7b, 0xae, 0x7b, 0xad, 0x83, 0xae, 0x7b,
  0xae, 0x83, 0xce, 0x83, 0xce, 0x83, 0xee, 0x83, 0xce, 0x8b, 0xcf, 0x83,
  0xce, 0x8b, 0xef, 0x83, 0xce, 0x8b, 0xef, 0x83, 0xce, 0x8b, 0xef, 0x8b,
  0xee, 0x8b, 0xef, 0x83, 0xee, 0x8b, 0xef, 0x83, 0xee, 0x8b, 0xef, 0x8b,
  0xee, 0x8b, 0xef, 0x8b, 0xee, 0x8b, 0x0f, 0x8c, 0xee, 0x8b, 0x0f, 0x8c,
  0xef, 0x93, 0x10, 0x8c, 0x0f, 0x94, 0x2f, 0x8c, 0x2f, 0x94, 0x50, 0x94,
  0x4f, 0x94, 0x50, 0x94, 0x4f, 0x9c, 0x50, 0x94, 0x4f, 0x9c, 0x70, 0x94,
  0x50, 0x9c, 0x71, 0x94, 0x50, 0x9c, 0x71, 0x94, 0x71, 0x9c, 0x91, 0x9c,
  0x70, 0x9c, 0x91, 0x9c, 0x90, 0xa4, 0x91, 0x9c, 0x91, 0xa4, 0xb1, 0x9c,
  0x91, 0xa4, 0xb2, 0xa4, 0xb1, 0xa4, 0xd2, 0xa4, 0xb1, 0xa4, 0xd2, 0xa4,
  0xb1, 0xa4, 0xd2, 0xa4, 0xb1, 0xa4, 0xd2, 0xa4, 0xb1, 0xa4, 0xd2, 0xa4,
  0xb1, 0xa4, 0xb2, 0x9c, 0xb1, 0xa4, 0xb2, 0x9c, 0xb1, 0xa4, 0xd2, 0xa4,
  0xb1, 0xa4, 0xb2, 0x9c, 0xb1, 0xa4, 0xd2, 0xa4, 0xb1, 0xa4, 0xd2, 0xa4,
  0xd2, 0xac, 0xd2, 0xa4, 0xd2, 0xac, 0xf2, 0xa4, 0xd2, 0xac, 0xf3, 0xa4,
  0xf2, 0xac, 0xf3, 0xa4, 0xf2, 0xac, 0xf3, 0xa4, 0xf2, 0xac, 0x13, 0xad,
  0xf2, 0xac, 0xf3, 0xa4, 0xf2, 0xac, 0xf3, 0xa4, 0xf2, 0xac, 0xf3, 0xa4,
  0xf2, 0xac, 0x13, 0xad, 0xf2, 0xac, 0x13, 0xad, 0xf2, 0xac, 0x13, 0xad,
  0x12, 0xad, 0x13, 0xad, 0x12, 0xad, 0x13, 0xad, 0x13, 0xb5, 0x33, 0xad,
  0x13, 0xb5, 0x33, 0xad, 0x13, 0xb5, 0x13, 0xad, 0x12, 0xad, 0x13, 0xad,
  0x12, 0xad, 0x13, 0xad, 0xf2, 0xac, 0x13, 0xad, 0xf2, 0xac, 0x13, 0xad,
  0xf2, 0xac, 0xf3, 0xac, 0xf2, 0xac, 0xf3, 0xac, 0xf2, 0xac, 0xf3, 0xac,
  0xf2, 0xac, 0xf3, 0xac, 0xf2, 0xac, 0x13, 0xad, 0xf2, 0xac, 0x13, 0xad,
  0xf2, 0xb4, 0x13, 0xad, 0xf2, 0xac, 0xf3, 0xac, 0xf2, 0xac, 0xf3, 0xac,
  0xf2, 0xac, 0xf2, 0xa4, 0xd2, 0xac, 0xf3, 0xa4, 0xd2, 0xac, 0xf3, 0xa4,
  0xd2, 0xac, 0xf2, 0xa4, 0xd2, 0xac, 0xf3, 0xa4, 0xd2, 0xac, 0xf3, 0xa4,
  0xd2, 0xac, 0xf2, 0xa4, 0xd2, 0xac, 0xf3, 0xa4, 0xd2, 0xac, 0xf2, 0xa4,
  0xd2, 0xac, 0xd3, 0xa4, 0xd2, 0xac, 0xd2, 0xa4, 0xb2, 0xa4, 0xb2, 0xa4,
  0xb2, 0xa4, 0xb2, 0x9c, 0x91, 0xa4, 0x92, 0x9c, 0x91, 0x9c, 0x91, 0x9c,
  0x91, 0x9c, 0x91, 0x9c, 0x91, 0x9c, 0x91, 0x94, 0x70, 0x9c, 0x91, 0x94,
  0x70, 0x9c, 0x91, 0x94, 0x70, 0x9c, 0x71, 0x94, 0x50, 0x94, 0x50, 0x94,
  0x4f, 0x94, 0x50, 0x8c, 0x2f, 0x94, 0x30, 0x8c, 0x0f, 0x8c, 0x0f, 0x8c,
  0xef, 0x8b, 0xef, 0x83, 0xee, 0x8b, 0xce, 0x83, 0xae, 0x83, 0xae, 0x83,
  0xad, 0x83, 0xae, 0x7b, 0xad, 0x7b, 0xae, 0x73, 0x4d, 0x73, 0x4c, 0x73,
  0x6d, 0x73, 0x6d, 0x7b, 0x6d, 0x73, 0x6d, 0x7b, 0x8d, 0x73, 0x6d, 0x7b,
  0x8e, 0x73, 0x6d, 0x7b, 0xae, 0x7b, 0x8d, 0x7b, 0xae, 0x7b, 0x8d, 0x7b,
  0xae, 0x7b, 0x8e, 0x83, 0xae, 0x7b, 0xad, 0x83, 0xae, 0x7b, 0xae, 0x83,
  0xae, 0x7b, 0xae, 0x83, 0xce, 0x7b, 0xce, 0x83, 0xcf, 0x83, 0xce, 0x8b,
  0xef, 0x83, 0xef, 0x8b, 0xf0, 0x8b, 0xef, 0x8b, 0x10, 0x8c, 0xef, 0x8b,
  0x10, 0x8c, 0x0f, 0x94, 0x30, 0x8c, 0x30, 0x94, 0x50, 0x94, 0x50, 0x94,
  0x51, 0x94, 0x50, 0x9c, 0x71, 0x94, 0x50, 0x9c, 0x71, 0x94, 0x70, 0x9c,
  0x71, 0x94, 0x70, 0x9c, 0x91, 0x94, 0x71, 0x9c, 0x91, 0x94, 0x71, 0x9c,
  0x91, 0x9c, 0x71, 0x9c, 0x91, 0x9c, 0x71, 0x9c, 0x91, 0x9c, 0x71, 0x9c,
  0x91, 0x9c, 0x71, 0x9c, 0x91, 0x9c, 0x71, 0x9c, 0x91, 0x9c, 0x71, 0x9c,
  0x91, 0x9c, 0x91, 0x9c, 0x92, 0x9c, 0x91, 0xa4, 0xb2, 0x9c, 0xb1, 0xa4,
  0xb2, 0x9c, 0xb2, 0xa4, 0xd2, 0xa4, 0xd2, 0xa4, 0xd3, 0xa4, 0xd2, 0xac,
  0xf3, 0xa4, 0xf2, 0xac, 0xf3, 0xa4, 0xf2, 0xac, 0x13, 0xa5, 0xf3, 0xac,
  0x13, 0xa5, 0xf3, 0xac, 0xf3, 0xa4, 0xf2, 0xac, 0xf3, 0xa4, 0xf2, 0xac,
  0xf3, 0xa4, 0xf2, 0xac, 0xf3, 0xa4, 0xf2, 0xac, 0xf3, 0xa4, 0xf2, 0xac,
  0xf3, 0xa4, 0xf3, 0xac, 0x13, 0xa5, 0xf2, 0xac, 0x13, 0xad, 0x13, 0xad,
  0x14, 0xad, 0x13, 0xad, 0x34, 0xad, 0x13, 0xad, 0x34, 0xad, 0x13, 0xad,
  0x13, 0xad, 0x13, 0xad, 0x13, 0xad, 0x13, 0xad, 0x13, 0xad, 0xf3, 0xac,
  0x13, 0xad, 0xf3, 0xac, 0x13, 0xa5, 0xf3, 0xac, 0x13, 0xa5, 0xf3, 0xac,
  0xf3, 0xa4, 0xf2, 0xac, 0xf3, 0xa4, 0xf3, 0xac, 0x13, 0xa5, 0xf3, 0xac,
  0x13, 0xad, 0xf3, 0xac, 0x13, 0xad, 0xf3, 0xac, 0x13, 0xad, 0xf3, 0xac,
  0x13, 0xad, 0xf3, 0xac, 0x13, 0xad, 0xf3, 0xac, 0x13, 0xad, 0xf2, 0xac,
  0xf3, 0xac, 0xf3, 0xac, 0xf3, 0xac, 0xf3, 0xac, 0xf3, 0xac, 0xf2, 0xac,
  0xf3, 0xa4, 0xd2, 0xac, 0x13, 0xa5, 0xf2, 0xac, 0xf3, 0xa4, 0xf3, 0xac,
  0xf3, 0xa4, 0xd3, 0xac, 0xf3, 0xa4, 0xf3, 0xac, 0xf3, 0xa4, 0xd3, 0xac,
  0xd3, 0xa4, 0xd3, 0xac, 0xd3, 0xa4, 0xb2, 0xa4, 0xd3, 0xa4, 0xb2, 0xa4,
  0xd2, 0xa4, 0xb2, 0xa4, 0xb2, 0x9c, 0x92, 0xa4, 0xb2, 0x9c, 0x92, 0xa4,
  0xb2, 0x9c, 0x92, 0xa4, 0xb2, 0x9c, 0x91, 0xa4, 0xb2, 0x9c, 0x92, 0xa4,
  0x92, 0x9c, 0x91, 0xa4, 0x92, 0x94, 0x71, 0x9c, 0x91, 0x94, 0x71, 0x9c,
  0x91, 0x94, 0x71, 0x9c, 0x71, 0x94, 0x50, 0x94, 0x51, 0x8c, 0x30, 0x94,
  0x50, 0x8c, 0x2f, 0x94, 0x30, 0x8c, 0x0f, 0x8c, 0x10, 0x8c, 0x0f, 0x8c,
  0x0f, 0x84, 0xee, 0x8b, 0xef, 0x83, 0xae, 0x83, 0xcf, 0x7b, 0xae, 0x83,
  0xaf, 0x7b, 0x8e, 0x7b, 0xae, 0x73, 0x8d, 0x7b, 0x8e, 0x73, 0x6d, 0x73,
  0x2c, 0x73, 0x2c, 0x73, 0x2c, 0x73, 0x2c, 0x6b, 0x2c, 0x73, 0x4d, 0x73,
  0x4c, 0x73, 0x4d, 0x73, 0x4c, 0x7b, 0x6d, 0x73, 0x6c, 0x7b, 0x6d, 0x73,
  0x6c, 0x7b, 0xad, 0x7b, 0x8d, 0x7b, 0xae, 0x7b, 0xad, 0x83, 0xce, 0x7b,
  0xad, 0x83, 0xce, 0x83, 0xce, 0x83, 0xee, 0x83, 0xce, 0x8b, 0xef, 0x83,
  0xef, 0x8b, 0x0f, 0x8c, 0xef, 0x93, 0x10, 0x8c, 0x0f, 0x94, 0x50, 0x94,
  0x30, 0x94, 0x50, 0x94, 0x30, 0x94, 0x50, 0x94, 0x50, 0x9c, 0x70, 0x94,
  0x50, 0x9c, 0x70, 0x94, 0x50, 0x9c, 0x70, 0x94, 0x50, 0x9c, 0x70, 0x94,
  0x50, 0x9c, 0x71, 0x94, 0x50, 0x9c, 0x71, 0x94, 0x70, 0x9c, 0x71, 0x94,
  0x70, 0x9c, 0x91, 0x9c, 0x70, 0x9c, 0x91, 0x9c, 0x70, 0x9c, 0x91, 0x9c,
  0x91, 0x9c, 0x91, 0x9c, 0x91, 0xa4, 0xb1, 0x9c, 0xb1, 0xa4, 0xd2, 0xa4,
  0xb1, 0xa4, 0xd2, 0xa4, 0xd2, 0xac, 0xf2, 0xa4, 0xf2, 0xac, 0xf2, 0xa4,
  0xf2, 0xac, 0x12, 0xad, 0xf2, 0xac, 0x13, 0xad, 0xf2, 0xac, 0x13, 0xad,
  0xf2, 0xac, 0x13, 0xad, 0xf2, 0xac, 0x13, 0xad, 0xf2, 0xac, 0xf3, 0xa4,
  0xd2, 0xac, 0xf3, 0xa4, 0xf2, 0xac, 0xf3, 0xa4, 0xf2, 0xac, 0x13, 0xad,
  0xf2, 0xac, 0x13, 0xad, 0xf2, 0xac, 0x13, 0xad, 0x12, 0xad, 0x33, 0xad,
  0x13, 0xb5, 0x33, 0xad, 0x13, 0xb5, 0x33, 0xad, 0x13, 0xb5, 0x33, 0xad,
  0x13, 0xb5, 0x33, 0xad, 0x12, 0xb5, 0x13, 0xad, 0x12, 0xad, 0x13, 0xad,
  0xf2, 0xac, 0x13, 0xad, 0xf2, 0xac, 0x13, 0xad, 0xf2, 0xac, 0x13, 0xad,
  0xf2, 0xac, 0xf3, 0xa4, 0xf2, 0xac, 0x13, 0xad, 0xf2, 0xac, 0x13, 0xad,
  0xf2, 0xac, 0x13, 0xad, 0xf2, 0xac, 0x13, 0xad, 0x12, 0xad, 0x13, 0xad,
  0x12, 0xad, 0x13, 0xad, 0x12, 0xad, 0x33, 0xad, 0x13, 0xb5, 0x13, 0xad,
  0x12, 0xad, 0x13, 0xad, 0x12, 0xad, 0x13, 0xad, 0xf2, 0xb4, 0x13, 0xad,
  0x12, 0xad, 0x13, 0xad, 0xf2, 0xac, 0x13, 0xad, 0xf2, 0xac, 0x13, 0xad,
  0xf2, 0xac, 0x13, 0xad, 0xf2, 0xac, 0x13, 0xad, 0xf3, 0xac, 0xf3, 0xac,
  0xd2, 0xac, 0xf3, 0xa4, 0xd2, 0xac, 0xf3, 0xa4, 0xd2, 0xac, 0xf3, 0xa4,
  0xd2, 0xac, 0xd3, 0xa4, 0xd2, 0xac, 0xd3, 0xa4, 0xd2, 0xac, 0xd3, 0xa4,
  0xd2, 0xac, 0xd3, 0xa4, 0xb2, 0xa4, 0xd2, 0xa4, 0xb2, 0xa4, 0xd2, 0xa4,
  0xb2, 0xa4, 0xb2, 0x9c, 0x91, 0xa4, 0xb2, 0x9c, 0x91, 0xa4, 0x91, 0x9c,
  0x71, 0x9c, 0x91, 0x9c, 0x70, 0x9c, 0x91, 0x9c, 0x50, 0x9c, 0x71, 0x94,
  0x50, 0x9c, 0x70, 0x94, 0x50, 0x94, 0x50, 0x94, 0x4f, 0x94, 0x50, 0x8c,
  0x2f, 0x94, 0x30, 0x8c, 0x0f, 0x94, 0x2f, 0x8c, 0x0f, 0x8c, 0x0f, 0x8c,
  0xee, 0x8b, 0xef, 0x83, 0xce, 0x8b, 0xee, 0x83, 0xae, 0x83, 0xae, 0x7b,
  0x8d, 0x83, 0xae, 0x7b, 0x8d, 0x7b, 0xae, 0x73, 0x6d, 0x7b, 0x8d, 0x73,
  0x6d, 0x73, 0x8d, 0x73, 0x0c, 0x6b, 0xec, 0x6a, 0x0c, 0x6b, 0x0b, 0x6b,
  0x2c, 0x6b, 0x2c, 0x73, 0x4d, 0x6b, 0x4c, 0x73, 0x4d, 0x73, 0x6d, 0x7b,
  0x8d, 0x73, 0x6d, 0x7b, 0xae, 0x7b, 0x8d, 0x7b, 0xae, 0x7b, 0xae, 0x83,
  0xce, 0x7b, 0xce, 0x83, 0xef, 0x83, 0xce, 0x8b, 0xef, 0x83, 0xcf, 0x8b,
  0xef, 0x83, 0xef, 0x8b, 0x10, 0x8c, 0xef, 0x8b, 0x10, 0x8c, 0x0f, 0x94,
  0x30, 0x8c, 0x10, 0x94, 0x30, 0x8c, 0x30, 0x94, 0x31, 0x8c, 0x30, 0x94,
  0x50, 0x94, 0x50, 0x94, 0x51, 0x94, 0x50, 0x94, 0x51, 0x94, 0x50, 0x94,
  0x51, 0x94, 0x50, 0x9c, 0x71, 0x94, 0x50, 0x9c, 0x71, 0x9c, 0x71, 0x9c,
  0x91, 0x9c, 0x91, 0x9c, 0x92, 0x9c, 0x91, 0xa4, 0xb2, 0x9c, 0x91, 0xa4,
  0xb2, 0xa4, 0xb2, 0xa4, 0xd2, 0xa4, 0xd2, 0xa4, 0xf3, 0xa4, 0xd2, 0xac,
  0xf3, 0xa4, 0xd3, 0xac, 0xf3, 0xa4, 0xd2, 0xac, 0xf3, 0xa4, 0xf3, 0xac,
  0xf3, 0xa4, 0xd2, 0xac, 0xf3, 0xa4, 0xd2, 0xac, 0xf3, 0xa4, 0xd2, 0xac,
  0xf3, 0xa4, 0xd2, 0xac, 0xf3, 0xa4, 0xf2, 0xac, 0xf3, 0xa4, 0xf2, 0xac,
  0xf3, 0xa4, 0xf3, 0xac, 0x13, 0xa5, 0xf3, 0xac, 0x13, 0xad, 0x13, 0xad,
  0x13, 0xad, 0x13, 0xad, 0x33, 0xad, 0x13, 0xad, 0x13, 0xad, 0xf3, 0xac,
  0x13, 0xad, 0xf3, 0xac, 0x13, 0xad, 0xf3, 0xac, 0xf3, 0xa4, 0xf2, 0xac,
  0xf3, 0xa4, 0xd2, 0xac, 0xf3, 0xa4, 0xd2, 0xac, 0xf2, 0xa4, 0xd2, 0xac,
  0xf3, 0xa4, 0xd2, 0xac, 0xd3, 0xa4, 0xd2, 0xac, 0xf3, 0xa4, 0xf2, 0xac,
  0xf3, 0xa4, 0xf2, 0xac, 0xf3, 0xa4, 0xf3, 0xac, 0x13, 0xa5, 0xf3, 0xac,
  0x13, 0xad, 0xf3, 0xac, 0x13, 0xad, 0xf3, 0xac, 0x13, 0xad, 0xf3, 0xac,
  0x13, 0xa5, 0xf3, 0xac, 0x13, 0xa5, 0xf3, 0xac, 0x13, 0xa5, 0xf3, 0xac,
  0x13, 0xa5, 0xf2, 0xac, 0x13, 0xa5, 0xf2, 0xac, 0xf3, 0xac, 0xf3, 0xac,
  0x13, 0xa5, 0xf2, 0xac, 0x13, 0xad, 0xf2, 0xac, 0xf3, 0xac, 0xf2, 0xac,
  0xf3, 0xac, 0xf2, 0xac, 0xf3, 0xac, 0xf2, 0xac, 0xf3, 0xac, 0xf3, 0xac,
  0x13, 0xa5, 0xf3, 0xac, 0x13, 0xa5, 0xf3, 0xac, 0xf3, 0xa4, 0xf3, 0xac,
  0xf3, 0xa4, 0xd2, 0xac, 0xf3, 0xa4, 0xd2, 0xac, 0xd3, 0xa4, 0xd2, 0xa4,
  0xd3, 0xa4, 0xd2, 0xa4, 0xd3, 0xa4, 0xb2, 0xa4, 0xb3, 0x9c, 0x92, 0xa4,
  0xb2, 0x9c, 0x92, 0xa4, 0x92, 0x9c, 0x91, 0x9c, 0x92, 0x9c, 0x91, 0x9c,
  0x91, 0x9c, 0x71, 0x9c, 0x91, 0x94, 0x50, 0x9c, 0x71, 0x94, 0x50, 0x94,
  0x51, 0x94, 0x50, 0x94, 0x51, 0x8c, 0x30, 0x94, 0x30, 0x8c, 0x0f, 0x8c,
  0x30, 0x8c, 0x0f, 0x8c, 0x10, 0x8c, 0xef, 0x8b, 0xef, 0x83, 0xce, 0x83,
  0xcf, 0x83, 0xae, 0x83, 0xcf, 0x7b, 0xae, 0x83, 0xae, 0x7b, 0xae, 0x83,
  0xae, 0x7b, 0x8e, 0x83, 0xae, 0x7b, 0x8d, 0x7b, 0x8e, 0x73, 0x6d, 0x7b,
  0x8e, 0x73, 0x6d, 0x7b, 0x6e, 0x73, 0x4d, 0x73, 0x0b, 0x73, 0x2c, 0x6b,
  0x2c, 0x73, 0x4c, 0x73, 0x4c, 0x73, 0x6c, 0x73, 0x6c, 0x7b, 0x6d, 0x73,
  0x6c, 0x7b, 0x8d, 0x7b, 0x8d, 0x7b, 0xad, 0x7b, 0xad, 0x83, 0xce, 0x7b,
  0xad, 0x83, 0xce, 0x83, 0xce, 0x8b, 0xee, 0x83, 0xce, 0x8b, 0xef, 0x83,
  0xee, 0x8b, 0xef, 0x8b, 0xef, 0x8b, 0x0f, 0x8c, 0xef, 0x93, 0x0f, 0x8c,
  0x0f, 0x94, 0x2f, 0x8c, 0x0f, 0x94, 0x30, 0x8c, 0x30, 0x94, 0x50, 0x94,
  0x30, 0x94, 0x50, 0x94, 0x50, 0x9c, 0x51, 0x94, 0x50, 0x9c, 0x71, 0x94,
  0x71, 0x9c, 0x91, 0x9c, 0x90, 0x9c, 0x91, 0x9c, 0x91, 0xa4, 0xb1, 0x9c,
  0x91, 0xa4, 0xb2, 0xa4, 0xb1, 0xa4, 0xd2, 0xa4, 0xd1, 0xac, 0xd2, 0xa4,
  0xd2, 0xac, 0xd2, 0xa4, 0xd2, 0xac, 0xd2, 0xa4, 0xd2, 0xac, 0xd3, 0xa4,
  0xd2, 0xac, 0xd3, 0xa4, 0xd2, 0xac, 0xd3, 0xa4, 0xd2, 0xac, 0xf2, 0xa4,
  0xd2, 0xac, 0xf3, 0xa4, 0xd2, 0xac, 0xf3, 0xac, 0xf2, 0xac, 0x13, 0xad,
  0xf2, 0xac, 0x13, 0xad, 0xf2, 0xac, 0x13, 0xad, 0xf2, 0xac, 0x13, 0xad,
  0xf2, 0xac, 0x13, 0xad, 0xf2, 0xac, 0x13, 0xad, 0xf2, 0xac, 0x13, 0xad,
  0xf2, 0xac, 0x13, 0xad, 0xf2, 0xac, 0x13, 0xad, 0xf2, 0xac, 0x13, 0xad,
  0xf2, 0xac, 0xf3, 0xa4, 0xd2, 0xac, 0xf2, 0xa4, 0xd2, 0xac, 0xf2, 0xa4,
  0xd2, 0xac, 0xf2, 0xa4, 0xf2, 0xac, 0xf3, 0xa4, 0xf2, 0xac, 0x13, 0xad,
  0xf2, 0xac, 0x13, 0xad, 0x12, 0xad, 0x13, 0xad, 0x12, 0xad, 0x13, 0xad,
  0x13, 0xb5, 0x33, 0xad, 0x13, 0xb5, 0x33, 0xad, 0x13, 0xb5, 0x33, 0xad,
  0x12, 0xad, 0x13, 0xad, 0xf2, 0xac, 0x13, 0xad, 0xf2, 0xac, 0x13, 0xad,
  0xf2, 0xac, 0x13, 0xad, 0xf2, 0xac, 0x13, 0xad, 0x12, 0xad, 0x13, 0xad,
  0x12, 0xad, 0x13, 0xad, 0x12, 0xad, 0x13, 0xad, 0x12, 0xad, 0x33, 0xad,
  0x13, 0xb5, 0x13, 0xad, 0x12, 0xb5, 0x33, 0xad, 0x13, 0xb5, 0x13, 0xad,
  0x13, 0xb5, 0x13, 0xad, 0x13, 0xb5, 0x13, 0xad, 0x13, 0xb5, 0x13, 0xad,
  0xf2, 0xb4, 0x13, 0xad, 0x12, 0xad, 0x13, 0xad, 0xf2, 0xac, 0x13, 0xad,
  0xf2, 0xac, 0xf2, 0xac, 0xf2, 0xac, 0xf2, 0xa4, 0xd2, 0xac, 0xf2, 0xa4,
  0xd1, 0xac, 0xd2, 0xa4, 0xb1, 0xa4, 0xd2, 0xa4, 0xb2, 0xa4, 0xb2, 0xa4,
  0x91, 0xa4, 0xb2, 0x9c, 0x91, 0xa4, 0x92, 0x9c, 0x71, 0x9c, 0x91, 0x9c,
  0x71, 0x9c, 0x71, 0x9c, 0x50, 0x9c, 0x71, 0x94, 0x50, 0x9c, 0x51, 0x94,
  0x50, 0x94, 0x50, 0x94, 0x2f, 0x94, 0x50, 0x8c, 0x2f, 0x94, 0x30, 0x8c,
  0x0f, 0x94, 0x2f, 0x8c, 0x0f, 0x8c, 0x2f, 0x8c, 0x0f, 0x8c, 0x0f, 0x8c,
  0xee, 0x8b, 0x0f, 0x84, 0xee, 0x8b, 0xef, 0x83, 0xae, 0x8b, 0xcf, 0x83,
  0xae, 0x8b, 0xcf, 0x83, 0xad, 0x83, 0xae, 0x7b, 0x8d, 0x83, 0x8d, 0x7b,
  0x6d, 0x7b, 0x8d, 0x7b, 0x6d, 0x7b, 0x6d, 0x73, 0x4d, 0x7b, 0x6d, 0x73,
  0x2d, 0x6b, 0x2c, 0x73, 0x4d, 0x6b, 0x2c, 0x73, 0x6d, 0x73, 0x4c, 0x73,
  0x6d, 0x73, 0x4d, 0x73, 0x6e, 0x73, 0x6d, 0x7b, 0x8d, 0x73, 0x8d, 0x7b,
  0xae, 0x7b, 0xad, 0x7b, 0xae, 0x7b, 0xae, 0x83, 0xce, 0x7b, 0xce, 0x83,
  0xcf, 0x7b, 0xce, 0x83, 0xef, 0x83, 0xce, 0x83, 0xef, 0x83, 0xef, 0x8b,
  0xf0, 0x8b, 0xef, 0x8b, 0x10, 0x8c, 0xef, 0x8b, 0x30, 0x8c, 0x2f, 0x94,
  0x51, 0x94, 0x30, 0x94, 0x51, 0x94, 0x51, 0x9c, 0x71, 0x94, 0x71, 0x9c,
  0x91, 0x9c, 0x91, 0x9c, 0x92, 0x9c, 0x91, 0xa4, 0xb2, 0x9c, 0x91, 0xa4,
  0xb2, 0x9c, 0x91, 0xa4, 0xb2, 0x9c, 0x91, 0xa4, 0xb2, 0x9c, 0xb2, 0xa4,
  0xb2, 0xa4, 0xb2, 0xa4, 0xb2, 0xa4, 0xb2, 0xa4, 0xd2, 0xa4, 0xb2, 0xa4,
  0xd3, 0xa4, 0xd2, 0xa4, 0xd3, 0xa4, 0xd3, 0xac, 0xd3, 0xa4, 0xd3, 0xac,
  0xf3, 0xa4, 0xd2, 0xac, 0xf3, 0xa4, 0xf2, 0xac, 0xf3, 0xa4, 0xf2, 0xac,
  0xf3, 0xa4, 0xd2, 0xac, 0xf3, 0xa4, 0xd2, 0xac, 0xf3, 0xa4, 0xd2, 0xac,
  0xd3, 0xa4, 0xd3, 0xac, 0xd3, 0xa4, 0xd2, 0xa4, 0xd3, 0xa4, 0xd2, 0xa4,
  0xd3, 0xa4, 0xd2, 0xa4, 0xd3, 0xa4, 0xd2, 0xa4, 0xf3, 0xa4, 0xd2, 0xac,
  0xd3, 0xa4, 0xd3, 0xac, 0xf3, 0xa4, 0xf2, 0xac, 0xf3, 0xa4, 0xf2, 0xac,
  0x13, 0xa5, 0xf3, 0xac, 0x13, 0xad, 0x13, 0xad, 0x13, 0xad, 0x13, 0xad,
  0x34, 0xad, 0x13, 0xad, 0x33, 0xad, 0x13, 0xad, 0x13, 0xad, 0x13, 0xad,
  0x13, 0xad, 0xf3, 0xac, 0x13, 0xad, 0xf3, 0xac, 0x13, 0xad, 0xf3, 0xac,
  0x13, 0xa5, 0xf3, 0xac, 0x13, 0xad, 0xf3, 0xac, 0x13, 0xad, 0xf3, 0xac,
  0x13, 0xad, 0xf3, 0xac, 0x13, 0xad, 0xf2, 0xac, 0x13, 0xad, 0x13, 0xad,
  0x13, 0xad, 0xf3, 0xac, 0xf3, 0xa4, 0xf3, 0xac, 0x13, 0xad, 0xf3, 0xac,
  0x13, 0xad, 0xf3, 0xac, 0x13, 0xad, 0xf3, 0xac, 0x13, 0xad, 0xf3, 0xac,
  0x13, 0xad, 0xf3, 0xac, 0x13, 0xad, 0xf3, 0xac, 0x13, 0xad, 0xf3, 0xac,
  0x13, 0xad, 0xf3, 0xac, 0xf3, 0xac, 0xd2, 0xac, 0xf3, 0xa4, 0xd2, 0xac,
  0xf3, 0xa4, 0xd2, 0xac, 0xd3, 0xa4, 0xd2, 0xa4, 0xd2, 0xa4, 0xb2, 0xa4,
  0xd2, 0x9c, 0xb2, 0xa4, 0xb2, 0x9c, 0x91, 0xa4, 0xb2, 0x9c, 0x91, 0x9c,
  0x92, 0x9c, 0x91, 0x9c, 0x91, 0x9c, 0x71, 0x9c, 0x72, 0x94, 0x71, 0x9c,
  0x71, 0x94, 0x71, 0x9c, 0x71, 0x94, 0x51, 0x9c, 0x71, 0x94, 0x51, 0x9c,
  0x71, 0x94, 0x51, 0x9c, 0x51, 0x94, 0x51, 0x9c, 0x51, 0x94, 0x30, 0x94,
  0x51, 0x94, 0x30, 0x94, 0x50, 0x8c, 0x30, 0x94, 0x30, 0x8c, 0x0f, 0x8c,
  0x10, 0x8c, 0xef, 0x8b, 0x0f, 0x84, 0xee, 0x8b, 0xef, 0x83, 0xce, 0x83,
  0xcf, 0x7b, 0xae, 0x83, 0xae, 0x7b, 0x8e, 0x7b, 0xae, 0x7b, 0x8d, 0x7b,
  0x8e, 0x73, 0x6d, 0x7b, 0x6e, 0x73, 0x6d, 0x7b, 0x6d, 0x73, 0x4d, 0x73,
  0x6d, 0x73, 0x4d, 0x7b, 0x0c, 0x73, 0x2c, 0x6b, 0x2b, 0x73, 0x4c, 0x73,
  0x2c, 0x73, 0x6d, 0x73, 0x4c, 0x7b, 0x6d, 0x73, 0x6d, 0x7b, 0x8d, 0x73,
  0x8d, 0x7b, 0xad, 0x7b, 0x8d, 0x7b, 0xae, 0x7b, 0xad, 0x83, 0xce, 0x7b,
  0xad, 0x83, 0xce, 0x83, 0xce, 0x8b, 0xef, 0x83, 0xef, 0x8b, 0x0f, 0x8c,
  0x0f, 0x94, 0x30, 0x8c, 0x2f, 0x94, 0x50, 0x94, 0x50, 0x9c, 0x70, 0x94,
  0x50, 0x9c, 0x71, 0x94, 0x70, 0x9c, 0x91, 0x9c, 0x71, 0x9c, 0x91, 0x9c,
  0x91, 0x9c, 0x91, 0x9c, 0x91, 0xa4, 0x91, 0x9c, 0x91, 0xa4, 0x91, 0x9c,
  0x91, 0xa4, 0xb1, 0x9c, 0x90, 0xa4, 0x91, 0xa4, 0x91, 0xa4, 0xb2, 0xa4,
  0xb1, 0xa4, 0xd2, 0xa4, 0xb1, 0xa4, 0xd2, 0xa4, 0xb1, 0xa4, 0xd2, 0xa4,
  0xb1, 0xac, 0xd2, 0xa4, 0xd1, 0xa4, 0xd2, 0xa4, 0xd2, 0xac, 0xf2, 0xa4,
  0xd2, 0xac, 0xf2, 0xa4, 0xd2, 0xac, 0xf2, 0xa4, 0xd2, 0xac, 0xd2, 0xa4,
  0xd2, 0xac, 0xd2, 0xa4, 0xd2, 0xac, 0xd2, 0xa4, 0xd1, 0xa4, 0xd2, 0xa4,
  0xd2, 0xac, 0xd3, 0xa4, 0xd2, 0xac, 0xf2, 0xa4, 0xd2, 0xac, 0xf2, 0xa4,
  0xd2, 0xac, 0xf2, 0xa4, 0xf2, 0xac, 0x13, 0xad, 0xf2, 0xac, 0x13, 0xad,
  0xf2, 0xac, 0x13, 0xad, 0x13, 0xad, 0x33, 0xad, 0x13, 0xb5, 0x33, 0xad,
  0x13, 0xb5, 0x33, 0xad, 0x13, 0xb5, 0x33, 0xad, 0x12, 0xad, 0x13, 0xad,
  0x12, 0xad, 0x13, 0xad, 0xf2, 0xac, 0x13, 0xad, 0xf2, 0xac, 0x13, 0xad,
  0x12, 0xad, 0x13, 0xad, 0x12, 0xad, 0x13, 0xad, 0x13, 0xb5, 0x33, 0xad,
  0x13, 0xb5, 0x13, 0xad, 0x13, 0xb5, 0x33, 0xad, 0x13, 0xb5, 0x13, 0xad,
  0x12, 0xad, 0x13, 0xad, 0x12, 0xad, 0x13, 0xad, 0x12, 0xad, 0x13, 0xad,
  0x12, 0xad, 0x13, 0xad, 0xf2, 0xb4, 0x13, 0xad, 0xf2, 0xac, 0x13, 0xad,
  0xf2, 0xb4, 0x13, 0xad, 0xf2, 0xb4, 0x13, 0xad, 0xf2, 0xb4, 0x13, 0xad,
  0xf2, 0xac, 0xf3, 0xac, 0xf2, 0xac, 0xf3, 0xac, 0xf2, 0xac, 0xf3, 0xac,
  0xd2, 0xac, 0xf2, 0xa4, 0xd2, 0xac, 0xd2, 0xa4, 0xd2, 0xac, 0xd2, 0xa4,
  0xb1, 0xac, 0xd2, 0xa4, 0xb1, 0xa4, 0xb1, 0xa4, 0xb1, 0xa4, 0xb2, 0x9c,
  0xb1, 0xa4, 0xb1, 0x9c, 0x91, 0xa4, 0xb1, 0x9c, 0x90, 0xa4, 0x91, 0x9c,
  0x91, 0xa4, 0x91, 0x9c, 0x90, 0x9c, 0x91, 0x9c, 0x91, 0x9c, 0x91, 0x9c,
  0x91, 0x9c, 0x91, 0x9c, 0x91, 0x9c, 0x91, 0x9c, 0x91, 0x9c, 0x91, 0x9c,
  0x70, 0x9c, 0x91, 0x9c, 0x70, 0x9c, 0x71, 0x94, 0x50, 0x9c, 0x50, 0x94,
  0x30, 0x94, 0x50, 0x94, 0x2f, 0x94, 0x30, 0x8c, 0x0f, 0x94, 0x2f, 0x8c,
  0x0f, 0x8c, 0x0f, 0x8c, 0xee, 0x8b, 0x0f, 0x84, 0xee, 0x8b, 0xef, 0x83,
  0xce, 0x8b, 0xee, 0x83, 0xce, 0x83, 0xce, 0x7b, 0xad, 0x83, 0xce, 0x83,
  0x8d, 0x83, 0xae, 0x7b, 0x8d, 0x83, 0x8d, 0x7b, 0x6d, 0x7b, 0x6d, 0x73,
  0x6c, 0x7b, 0x6d, 0x73, 0x4c, 0x7b, 0x4d, 0x73, 0x2c, 0x6b, 0x2c, 0x73,
  0x2d, 0x6b, 0x2c, 0x73, 0x4d, 0x6b, 0x4d, 0x73, 0x6d, 0x73, 0x6c, 0x73,
  0x6d, 0x73, 0x6d, 0x7b, 0xae, 0x7b, 0xad, 0x7b, 0xae, 0x7b, 0xae, 0x83,
  0xef, 0x83, 0xce, 0x83, 0xef, 0x83, 0xef, 0x8b, 0x10, 0x8c, 0x0f, 0x94,
  0x30, 0x8c, 0x10, 0x94, 0x31, 0x8c, 0x30, 0x94, 0x50, 0x94, 0x30, 0x94,
  0x50, 0x94, 0x4f, 0x94, 0x51, 0x94, 0x50, 0x94, 0x71, 0x94, 0x50, 0x9c,
  0x51, 0x94, 0x51, 0x9c, 0x71, 0x94, 0x51, 0x9c, 0x72, 0x9c, 0x51, 0x9c,
  0x91, 0x9c, 0x71, 0x9c, 0x91, 0x9c, 0x91, 0x9c, 0x91, 0x9c, 0x91, 0xa4,
  0xb2, 0x9c, 0x91, 0xa4, 0xb2, 0xa4, 0xb2, 0xa4, 0xd2, 0xa4, 0xb1, 0xa4,
  0xd2, 0xa4, 0xb2, 0xa4, 0xd2, 0xa4, 0xb2, 0xa4, 0xb2, 0xa4, 0xb1, 0xac,
  0xb2, 0xa4, 0xb1, 0xac, 0xd2, 0xa4, 0xb1, 0xa4, 0xd2, 0x9c, 0xb1, 0xa4,
  0xd2, 0xa4, 0xb2, 0xa4, 0xd3, 0xa4, 0xb2, 0xa4, 0xd3, 0xa4, 0xd2, 0xa4,
  0xd3, 0xa4, 0xd3, 0xac, 0xf3, 0xa4, 0xd3, 0xac, 0xf3, 0xa4, 0xf2, 0xac,
  0x13, 0xa5, 0xf3, 0xac, 0x13, 0xa5, 0xf3, 0xac, 0x13, 0xad, 0xf3, 0xac,
  0x13, 0xad, 0xf3, 0xac, 0x13, 0xa5, 0xf3, 0xac, 0xf3, 0xa4, 0xf2, 0xac,
  0x13, 0xa5, 0xf2, 0xac, 0xf3, 0xa4, 0xf3, 0xac, 0x13, 0xa5, 0xf3, 0xac,
  0x13, 0xa5, 0xf3, 0xac, 0x13, 0xad, 0xf3, 0xac, 0x13, 0xad, 0x13, 0xad,
  0x13, 0xad, 0xf3, 0xac, 0x13, 0xad, 0xf3, 0xac, 0x13, 0xad, 0xf3, 0xac,
  0x13, 0xad, 0xf3, 0xac, 0x13, 0xa5, 0xf3, 0xac, 0x13, 0xa5, 0xf3, 0xac,
  0x13, 0xad, 0xf3, 0xac, 0x13, 0xa5, 0xf3, 0xac, 0x13, 0xad, 0xf3, 0xac,
  0x13, 0xa5, 0xf3, 0xac, 0x13, 0xa5, 0xf3, 0xac, 0x13, 0xa5, 0xf2, 0xac,
  0xf3, 0xa4, 0xd2, 0xac, 0xf3, 0xa4, 0xd2, 0xac, 0xd3, 0xa4, 0xd2, 0xac,
  0xd2, 0xa4, 0xb2, 0xa4, 0xd2, 0xa4, 0xb2, 0xa4, 0xd2, 0xa4, 0xb2, 0xa4,
  0xb2, 0xa4, 0xb2, 0xa4, 0xb2, 0xa4, 0xb2, 0xa4, 0xb2, 0xa4, 0xb2, 0xa4,
  0xb2, 0x9c, 0x91, 0xa4, 0xb2, 0x9c, 0x91, 0xa4, 0xb2, 0x9c, 0x91, 0xa4,
  0xb2, 0x9c, 0x91, 0xa4, 0x92, 0xa4, 0x91, 0xa4, 0x92, 0x9c, 0x91, 0xa4,
  0x92, 0x9c, 0x91, 0xa4, 0x92, 0x9c, 0x91, 0xa4, 0x91, 0x9c, 0x70, 0x9c,
  0x91, 0x9c, 0x71, 0x9c, 0x72, 0x94, 0x71, 0x9c, 0x71, 0x94, 0x50, 0x9c,
  0x71, 0x94, 0x50, 0x9c, 0x50, 0x94, 0x50, 0x94, 0x50, 0x94, 0x4f, 0x94,
  0x50, 0x94, 0x30, 0x94, 0x31, 0x8c, 0x10, 0x94, 0x30, 0x8c, 0x0f, 0x94,
  0x10, 0x8c, 0xef, 0x8b, 0x10, 0x8c, 0xef, 0x8b, 0x0f, 0x84, 0xef, 0x8b,
  0xef, 0x83, 0xce, 0x83, 0xce, 0x7b, 0xae, 0x83, 0xae, 0x7b, 0x8d, 0x7b,
  0xae, 0x7b, 0x8d, 0x7b, 0x6e, 0x73, 0x6d, 0x7b, 0x4d, 0x73, 0x4d, 0x73,
  0x4d, 0x73, 0x2c, 0x73, 0x4d, 0x6b, 0x2c, 0x73, 0x4c, 0x6b, 0x2c, 0x73,
  0x2c, 0x73, 0x4d, 0x73, 0x4c, 0x73, 0x6d, 0x73, 0x6d, 0x7b, 0x8d, 0x73,
  0x8d, 0x7b, 0xad, 0x7b, 0xad, 0x83, 0xae, 0x7b, 0xad, 0x83, 0xce, 0x83,
  0xce, 0x83, 0xee, 0x83, 0xce, 0x8b, 0xee, 0x83, 0xee, 0x8b, 0xef, 0x83,
  0xef, 0x8b, 0xef, 0x8b, 0xef, 0x8b, 0x0f, 0x8c, 0xef, 0x93, 0x10, 0x8c,
  0x0f, 0x94, 0x30, 0x8c, 0x2f, 0x94, 0x50, 0x94, 0x4f, 0x94, 0x50, 0x94,
  0x50, 0x9c, 0x70, 0x94, 0x70, 0x9c, 0x91, 0x9c, 0x70, 0x9c, 0x91, 0x9c,
  0x91, 0xa4, 0x91, 0x9c, 0x91, 0xa4, 0xb1, 0x9c, 0x91, 0xa4, 0xb1, 0xa4,
  0x91, 0xa4, 0xb2, 0xa4, 0x91, 0xa4, 0xb2, 0xa4, 0x91, 0xa4, 0xb2, 0xa4,
  0x91, 0xa4, 0xb2, 0xa4, 0xb1, 0xa4, 0xb2, 0xa4, 0xb1, 0xa4, 0xd2, 0xa4,
  0xb1, 0xa4, 0xd2, 0xa4, 0xd2, 0xa4, 0xd2, 0xa4, 0xd2, 0xac, 0xf2, 0xa4,
  0xd2, 0xac, 0xf2, 0xa4, 0xd2, 0xac, 0xf3, 0xa4, 0xd2, 0xac, 0xf3, 0xa4,
  0xd2, 0xac, 0xf3, 0xa4, 0xf2, 0xac, 0x13, 0xad, 0xf2, 0xac, 0x13, 0xad,
  0xf2, 0xac, 0x12, 0xad, 0xf2, 0xac, 0x13, 0xad, 0xf2, 0xac, 0x13, 0xad,
  0xf2, 0xac, 0x13, 0xad, 0xf2, 0xac, 0x13, 0xad, 0xf2, 0xac, 0x13, 0xad,
  0x12, 0xad, 0x13, 0xad, 0x12, 0xad, 0x33, 0xad, 0x13, 0xb5, 0x33, 0xad,
  0x13, 0xb5, 0x33, 0xad, 0x12, 0xad, 0x13, 0xad, 0xf2, 0xac, 0x13, 0xad,
  0xf2, 0xac, 0x13, 0xad, 0xf2, 0xac, 0x13, 0xad, 0xf2, 0xac, 0x13, 0xad,
  0xf2, 0xac, 0x13, 0xad, 0xf2, 0xac, 0x13, 0xad, 0x12, 0xad, 0x13, 0xad,
  0x12, 0xad, 0x13, 0xad, 0xf2, 0xac, 0x13, 0xad, 0xf2, 0xac, 0x13, 0xad,
  0xf2, 0xac, 0xf2, 0xa4, 0xd2, 0xac, 0xd2, 0xa4, 0xd2, 0xac, 0xd2, 0xa4,
  0xb1, 0xac, 0xd2, 0xa4, 0xb1, 0xac, 0xb2, 0xa4, 0xb1, 0xa4, 0xd2, 0xa4,
  0xb1, 0xa4, 0xd2, 0xa4, 0xb1, 0xa4, 0xd2, 0xa4, 0xb1, 0xa4, 0xb1, 0xa4,
  0xb1, 0xa4, 0xb2, 0xa4, 0xb1, 0xa4, 0xd2, 0xa4, 0xb1, 0xa4, 0xb1, 0xa4,
  0xb1, 0xa4, 0xb2, 0xa4, 0xb1, 0xa4, 0xb1, 0xa4, 0x91, 0xa4, 0xb2, 0xa4,
  0x91, 0xa4, 0xb2, 0xa4, 0xb1, 0xa4, 0xb2, 0xa4, 0x91, 0xa4, 0xb1, 0x9c,
  0x91, 0xa4, 0x91, 0x9c, 0x91, 0xa4, 0x91, 0x9c, 0x91, 0xa4, 0x91, 0x9c,
  0x91, 0xa4, 0x91, 0x9c, 0x70, 0x9c, 0x71, 0x9c, 0x70, 0x9c, 0x71, 0x94,
  0x70, 0x9c, 0x70, 0x94, 0x50, 0x9c, 0x50, 0x94, 0x4f, 0x9c, 0x50, 0x94,
  0x2f, 0x94, 0x50, 0x94, 0x2f, 0x94, 0x2f, 0x8c, 0x0f, 0x94, 0x0f, 0x8c,
  0x0f, 0x94, 0x0f, 0x8c, 0xee, 0x8b, 0xef, 0x8b, 0xce, 0x8b, 0xcf, 0x83,
  0xce, 0x83, 0xce, 0x7b, 0xad, 0x83, 0xae, 0x7b, 0xad, 0x83, 0xad, 0x7b,
  0x8d, 0x7b, 0x8d, 0x7b, 0x6c, 0x7b, 0x8d, 0x73, 0x6d, 0x7b, 0x6d, 0x73,
  0x6c, 0x7b, 0x6d, 0x73, 0x4c, 0x7b, 0x6d, 0x73, 0x4c, 0x73, 0x4c, 0x73,
  0x2b, 0x73, 0x2c, 0x6b, 0x4d, 0x73, 0x4d, 0x7b, 0x6d, 0x73, 0x6c, 0x73,
  0x6d, 0x73, 0x6d, 0x7b, 0x8d, 0x73, 0x6d, 0x7b, 0x8d, 0x73, 0x6d, 0x7b,
  0x8e, 0x73, 0x8d, 0x7b, 0xae, 0x7b, 0xad, 0x7b, 0xae, 0x7b, 0xae, 0x83,
  0xce, 0x7b, 0xce, 0x83, 0xef, 0x83, 0xce, 0x8b, 0xef, 0x83, 0xef, 0x8b,
  0x10, 0x8c, 0xef, 0x8b, 0x10, 0x8c, 0x10, 0x94, 0x50, 0x8c, 0x30, 0x94,
  0x50, 0x94, 0x50, 0x94, 0x71, 0x94, 0x50, 0x9c, 0x71, 0x94, 0x50, 0x9c,
  0x71, 0x94, 0x50, 0x9c, 0x71, 0x9c, 0x71, 0x9c, 0x91, 0x9c, 0x71, 0x9c,
  0x91, 0x9c, 0x71, 0x9c, 0x91, 0x9c, 0x71, 0x9c, 0x92, 0x9c, 0x91, 0x9c,
  0xb2, 0x9c, 0x91, 0xa4, 0xb2, 0x9c, 0xb2, 0xa4, 0xb2, 0xa4, 0xb2, 0xa4,
  0xd3, 0xa4, 0xd2, 0xa4, 0xd3, 0xa4, 0xd3, 0xac, 0xd3, 0xa4, 0xd3, 0xac,
  0xf3, 0xa4, 0xd3, 0xac, 0xf3, 0xa4, 0xd2, 0xac, 0xd3, 0xa4, 0xd3, 0xac,
  0xf3, 0xa4, 0xd3, 0xac, 0xd3, 0xa4, 0xd3, 0xac, 0xf3, 0xa4, 0xf2, 0xac,
  0xf3, 0xa4, 0xf3, 0xac, 0x13, 0xa5, 0xf2, 0xac, 0x13, 0xad, 0xf3, 0xac,
  0x13, 0xad, 0xf3, 0xac, 0x13, 0xad, 0x13, 0xad, 0x13, 0xad, 0xf3, 0xac,
  0x13, 0xad, 0xf3, 0xac, 0xf3, 0xa4, 0xf2, 0xac, 0x13, 0xa5, 0xf2, 0xac,
  0xf3, 0xa4, 0xf3, 0xac, 0x13, 0xa5, 0xf3, 0xac, 0x13, 0xa5, 0xf3, 0xac,
  0x13, 0xa5, 0xf3, 0xac, 0x13, 0xad, 0xf3, 0xac, 0x13, 0xad, 0xf3, 0xac,
  0x13, 0xa5, 0xf3, 0xac, 0x13, 0xa5, 0xf2, 0xac, 0xf3, 0xa4, 0xf2, 0xac,
  0xf3, 0xa4, 0xd2, 0xac, 0xf3, 0xa4, 0xd2, 0xa4, 0xd2, 0xa4, 0xb2, 0xa4,
  0xd2, 0x9c, 0xb2, 0xa4, 0xb2, 0x9c, 0xb1, 0xa4, 0xd2, 0x9c, 0xb2, 0xa4,
  0xd2, 0x9c, 0xb2, 0xa4, 0xb2, 0xa4, 0xb2, 0xa4, 0xb2, 0xa4, 0xb2, 0xa4,
  0xb2, 0xa4, 0xb2, 0xa4, 0xb2, 0x9c, 0xb2, 0xa4, 0xb2, 0xa4, 0xb2, 0xa4,
  0xb2, 0xa4, 0x91, 0xa4, 0xb2, 0x9c, 0x91, 0xa4, 0xb2, 0x9c, 0x91, 0xa4,
  0xb2, 0x9c, 0x91, 0xa4, 0xb2, 0x9c, 0x91, 0xa4, 0xb2, 0x9c, 0x91, 0xa4,
  0xb2, 0x9c, 0x91, 0xa4, 0xb2, 0x9c, 0x91, 0xa4, 0xb2, 0x9c, 0x91, 0xa4,
  0x92, 0x9c, 0x91, 0xa4, 0x92, 0x9c, 0x71, 0x9c, 0x91, 0x9c, 0x71, 0x9c,
  0x71, 0x9c, 0x51, 0x9c, 0x71, 0x94, 0x50, 0x9c, 0x50, 0x94, 0x50, 0x9c,
  0x50, 0x94, 0x50, 0x94, 0x50, 0x94, 0x30, 0x94, 0x50, 0x94, 0x2f, 0x94,
  0x30, 0x8c, 0x0f, 0x94, 0x10, 0x8c, 0xef, 0x8b, 0x10, 0x8c, 0xef, 0x8b,
  0xf0, 0x8b, 0xef, 0x8b, 0xef, 0x83, 0xee, 0x8b, 0xef, 0x83, 0xce, 0x8b,
  0xef, 0x83, 0xce, 0x83, 0xcf, 0x7b, 0xae, 0x83, 0xce, 0x7b, 0xae, 0x83,
  0xae, 0x7b, 0x8d, 0x7b, 0xae, 0x7b, 0x6d, 0x7b, 0x8d, 0x73, 0x6d, 0x7b,
  0x6d, 0x73, 0x4c, 0x73, 0x4d, 0x6b, 0x2c, 0x73, 0x4c, 0x6b, 0x2b, 0x6b,
  0x2c, 0x6b, 0x0b, 0x6b, 0x0c, 0x6b, 0xeb, 0x6a, 0x4c, 0x73, 0x6c, 0x73,
  0x4c, 0x73, 0x6c, 0x73, 0x6c, 0x7b, 0x6d, 0x73, 0x6c, 0x7b, 0x8d, 0x73,
  0x6c, 0x7b, 0xad, 0x7b, 0xad, 0x83, 0xae, 0x7b, 0xad, 0x83, 0xce, 0x7b,
  0xad, 0x83, 0xce, 0x83, 0xce, 0x83, 0xee, 0x83, 0xee, 0x8b, 0xef, 0x8b,
  0xef, 0x8b, 0x0f, 0x8c, 0xef, 0x8b, 0x0f, 0x8c, 0x0f, 0x94, 0x10, 0x8c,
  0x0f, 0x94, 0x30, 0x8c, 0x2f, 0x94, 0x50, 0x94, 0x30, 0x94, 0x50, 0x94,
  0x30, 0x94, 0x51, 0x94, 0x50, 0x9c, 0x51, 0x94, 0x50, 0x9c, 0x71, 0x94,
  0x70, 0x9c, 0x91, 0x9c, 0x70, 0x9c, 0x91, 0x9c, 0x91, 0xa4, 0x91, 0x9c,
  0x91, 0xa4, 0xb2, 0x9c, 0xb1, 0xa4, 0xd2, 0xa4, 0xb1, 0xa4, 0xd2, 0xa4,
  0xb1, 0xa4, 0xd2, 0xa4, 0xb1, 0xa4, 0xd2, 0xa4, 0xb1, 0xa4, 0xd2, 0xa4,
  0xb1, 0xa4, 0xd2, 0xa4, 0xb1, 0xa4, 0xd2, 0xa4, 0xd1, 0xa4, 0xd2, 0xa4,
  0xd2, 0xac, 0xf2, 0xa4, 0xd2, 0xac, 0xf3, 0xa4, 0xf2, 0xac, 0x13, 0xad,
  0xf2, 0xac, 0x13, 0xad, 0xf2, 0xac, 0x13, 0xad, 0xf2, 0xac, 0x13, 0xad,
  0xf2, 0xac, 0x13, 0xad, 0xf2, 0xac, 0xf3, 0xa4, 0xf2, 0xac, 0x13, 0xad,
  0xf2, 0xac, 0x13, 0xad, 0xf2, 0xac, 0x13, 0xad, 0xf2, 0xac, 0x13, 0xad,
  0xf2, 0xac, 0x13, 0xad, 0xf2, 0xac, 0x13, 0xad, 0xf2, 0xac, 0x13, 0xad,
  0xf2, 0xac, 0xf3, 0xa4, 0xf2, 0xac, 0xf2, 0xa4, 0xd2, 0xac, 0xd2, 0xa4,
  0xd1, 0xac, 0xd2, 0xa4, 0xb1, 0xa4, 0xd2, 0xa4, 0xb1, 0xa4, 0xd2, 0xa4,
  0xb1, 0xa4, 0xd2, 0xa4, 0xb1, 0xa4, 0xd2, 0xa4, 0xb1, 0xa4, 0xd2, 0xa4,
  0xb1, 0xa4, 0xd2, 0xa4, 0xb1, 0xa4, 0xd2, 0xa4, 0xb1, 0xa4, 0xd2, 0xa4,
  0xb1, 0xa4, 0xd2, 0xa4, 0xb1, 0xac, 0xd2, 0xa4, 0xb1, 0xa4, 0xd2, 0xa4,
  0xb1, 0xa4, 0xd2, 0xa4, 0xb1, 0xa4, 0xb1, 0xa4, 0xb1, 0xa4, 0xb1, 0xa4,
  0xb1, 0xa4, 0xb1, 0xa4, 0xb1, 0xa4, 0xb1, 0xa4, 0x91, 0xa4, 0xb1, 0xa4,
  0x91, 0xa4, 0xb1, 0xa4, 0x91, 0xa4, 0xb1, 0x9c, 0x91, 0xa4, 0xb1, 0x9c,
  0x91, 0xa4, 0xb1, 0x9c, 0x91, 0xa4, 0x91, 0x9c, 0x91, 0xa4, 0x91, 0x9c,
  0x90, 0xa4, 0x91, 0x9c, 0x70, 0xa4, 0x91, 0x9c, 0x70, 0x9c, 0x91, 0x9c,
  0x70, 0x9c, 0x71, 0x9c, 0x50, 0x9c, 0x70, 0x94, 0x50, 0x9c, 0x50, 0x94,
  0x4f, 0x9c, 0x50, 0x94, 0x4f, 0x9c, 0x50, 0x94, 0x4f, 0x94, 0x50, 0x94,
  0x2f, 0x94, 0x50, 0x94, 0x2f, 0x94, 0x2f, 0x8c, 0x2f, 0x94, 0x2f, 0x8c,
  0x0f, 0x94, 0x0f, 0x8c, 0x0e, 0x94, 0x0f, 0x8c, 0xee, 0x8b, 0x0f, 0x8c,
  0xce, 0x8b, 0xef, 0x83, 0xce, 0x8b, 0xce, 0x83, 0xae, 0x8b, 0xae, 0x83,
  0xad, 0x83, 0xad, 0x7b, 0x8d, 0x7b, 0x8d, 0x73, 0x6c, 0x7b, 0x6d, 0x73,
  0x4c, 0x73, 0x6c, 0x73, 0x4c, 0x73, 0x4c, 0x6b, 0x2c, 0x73, 0x2c, 0x6b,
  0x0c, 0x73, 0x2c, 0x6b, 0x0b, 0x73, 0x2c, 0x6b, 0xeb, 0x6a, 0x0c, 0x6b,
  0x6d, 0x73, 0x4c, 0x73, 0x6d, 0x73, 0x6c, 0x73, 0x6d, 0x73, 0x6d, 0x7b,
  0x8d, 0x73, 0x6d, 0x7b, 0x8d, 0x73, 0x8d, 0x7b, 0xae, 0x7b, 0x8d, 0x7b,
  0xae, 0x7b, 0xad, 0x7b, 0xae, 0x7b, 0xae, 0x83, 0xce, 0x7b, 0xae, 0x83,
  0xcf, 0x83, 0xae, 0x83, 0xcf, 0x83, 0xcf, 0x8b, 0xef, 0x83, 0xef, 0x8b,
  0x10, 0x8c, 0xef, 0x8b, 0x10, 0x8c, 0xef, 0x8b, 0x10, 0x8c, 0x0f, 0x94,
  0x30, 0x8c, 0x10, 0x94, 0x30, 0x8c, 0x30, 0x94, 0x50, 0x94, 0x30, 0x94,
  0x51, 0x94, 0x50, 0x94, 0x71, 0x94, 0x50, 0x9c, 0x71, 0x94, 0x71, 0x9c,
  0x91, 0x94, 0x71, 0x9c, 0x91, 0x9c, 0x91, 0x9c, 0x91, 0x9c, 0x91, 0x9c,
  0x92, 0x9c, 0x91, 0xa4, 0xb2, 0x9c, 0x91, 0xa4, 0xb2, 0x9c, 0x91, 0xa4,
  0xb2, 0x9c, 0xb2, 0xa4, 0xd2, 0xa4, 0xd2, 0xa4, 0xd3, 0xa4, 0xd2, 0xa4,
  0xd2, 0xa4, 0xd2, 0xa4, 0xd3, 0xa4, 0xd2, 0xa4, 0xd3, 0xa4, 0xd2, 0xa4,
  0xd2, 0xa4, 0xd2, 0xa4, 0xd2, 0xa4, 0xd2, 0xa4, 0xd3, 0xa4, 0xd2, 0xac,
  0xf3, 0xa4, 0xd2, 0xac, 0xf3, 0xa4, 0xd2, 0xac, 0xf3, 0xa4, 0xf2, 0xac,
  0xf3, 0xa4, 0xf2, 0xac, 0xf3, 0xa4, 0xd2, 0xac, 0xf3, 0xa4, 0xd2, 0xac,
  0xd3, 0xa4, 0xd2, 0xa4, 0xd2, 0xa4, 0xb2, 0xa4, 0xd2, 0x9c, 0xb2, 0xa4,
  0xd2, 0x9c, 0xb1, 0xa4, 0xd2, 0x9c, 0xb1, 0xa4, 0xd2, 0x9c, 0xb1, 0xa4,
  0xd2, 0x9c, 0xb2, 0xa4, 0xd2, 0xa4, 0xb1, 0xa4, 0xb2, 0xa4, 0xb2, 0xa4,
  0xd2, 0xa4, 0xb2, 0xa4, 0xd2, 0xa4, 0xb2, 0xac, 0xd2, 0xa4, 0xb2, 0xa4,
  0xd2, 0xa4, 0xb2, 0xa4, 0xb2, 0xa4, 0xb2, 0xac, 0xd2, 0xa4, 0xb2, 0xa4,
  0xd2, 0xa4, 0xb2, 0xa4, 0xb2, 0xa4, 0xb1, 0xac, 0xd2, 0xa4, 0xb2, 0xa4,
  0xd2, 0xa4, 0xb1, 0xa4, 0xb2, 0xa4, 0xb2, 0xa4, 0xb2, 0xa4, 0x91, 0xa4,
  0xb2, 0x9c, 0x91, 0xa4, 0xb2, 0x9c, 0x91, 0xa4, 0x92, 0x9c, 0x91, 0xa4,
  0x91, 0x9c, 0x71, 0x9c, 0x91, 0x9c, 0x71, 0x9c, 0x91, 0x9c, 0x70, 0x9c,
  0x91, 0x9c, 0x71, 0x9c, 0x91, 0x9c, 0x71, 0x9c, 0x71, 0x9c, 0x71, 0x9c,
  0x71, 0x9c, 0x50, 0x9c, 0x71, 0x94, 0x50, 0x9c, 0x51, 0x94, 0x50, 0x9c,
  0x51, 0x94, 0x50, 0x9c, 0x50, 0x94, 0x50, 0x9c, 0x50, 0x94, 0x2f, 0x94,
  0x50, 0x94, 0x30, 0x94, 0x50, 0x94, 0x2f, 0x94, 0x50, 0x8c, 0x2f, 0x94,
  0x30, 0x8c, 0x0f, 0x94, 0x30, 0x8c, 0x0f, 0x94, 0x30, 0x8c, 0x0f, 0x8c,
  0x0f, 0x8c, 0xee, 0x8b, 0xef, 0x83, 0xce, 0x8b, 0xef, 0x83, 0xce, 0x83,
  0xce, 0x83, 0xae, 0x83, 0xae, 0x7b, 0x8e, 0x83, 0x8e, 0x7b, 0x6d, 0x7b,
  0x8e, 0x73, 0x6d, 0x7b, 0x8d, 0x73, 0x6d, 0x7b, 0x6d, 0x73, 0x6c, 0x73,
  0x6d, 0x73, 0x4c, 0x73, 0x4c, 0x6b, 0x2c, 0x73, 0x2d, 0x6b, 0x2c, 0x73,
  0x2c, 0x6b, 0x0c, 0x6b, 0x0c, 0x6b, 0xec, 0x6a, 0x0c, 0x6b, 0xeb, 0x6a,
  0xec, 0x62, 0xcb, 0x6a, 0x4c, 0x73, 0x6c, 0x73, 0x4c, 0x73, 0x6d, 0x73,
  0x4c, 0x73, 0x6d, 0x73, 0x6c, 0x7b, 0x6d, 0x73, 0x6c, 0x7b, 0x8d, 0x73,
  0x8d, 0x7b, 0xad, 0x7b, 0x8d, 0x7b, 0xae, 0x7b, 0xad, 0x83, 0xae, 0x7b,
  0xad, 0x83, 0xce, 0x7b, 0xce, 0x83, 0xce, 0x83, 0xce, 0x83, 0xee, 0x83,
  0xce, 0x8b, 0xee, 0x83, 0xce, 0x8b, 0xef, 0x83, 0xef, 0x8b, 0xef, 0x8b,
  0x0f, 0x8c, 0x2f, 0x8c, 0x2f, 0x94, 0x50, 0x94, 0x2f, 0x94, 0x50, 0x94,
  0x50, 0x9c, 0x70, 0x94, 0x50, 0x9c, 0x71, 0x94, 0x70, 0x9c, 0x91, 0x9c,
  0x70, 0x9c, 0x91, 0x9c, 0x90, 0x9c, 0x91, 0x9c, 0x91, 0xa4, 0xb1, 0x9c,
  0x91, 0xa4, 0xb1, 0xa4, 0xb1, 0xa4, 0xd2, 0xa4, 0xb1, 0xa4, 0xd2, 0xa4,
  0xb1, 0xa4, 0xd2, 0xa4, 0xb1, 0xa4, 0xd2, 0xa4, 0xb1, 0xac, 0xb2, 0xa4,
  0xb1, 0xa4, 0xd2, 0xa4, 0xb1, 0xa4, 0xd2, 0xa4, 0xb1, 0xac, 0xd2, 0xa4,
  0xb1, 0xac, 0xd2, 0xa4, 0xd2, 0xac, 0xd2, 0xa4, 0xd2, 0xac, 0xd2, 0xa4,
  0xd2, 0xac, 0xd2, 0xa4, 0xd1, 0xa4, 0xd2, 0xa4, 0xb1, 0xa4, 0xd2, 0xa4,
  0xb1, 0xa4, 0xd2, 0xa4, 0xb1, 0xa4, 0xd2, 0xa4, 0xb1, 0xa4, 0xd2, 0xa4,
  0xb1, 0xa4, 0xd2, 0xa4, 0xb1, 0xa4, 0xd2, 0xa4, 0xb1, 0xa4, 0xd2, 0xa4,
  0xb1, 0xa4, 0xd2, 0xa4, 0xd2, 0xac, 0xd2, 0xa4, 0xd2, 0xac, 0xd2, 0xa4,
  0xd2, 0xac, 0xd2, 0xa4, 0xd2, 0xac, 0xd2, 0xa4, 0xd2, 0xac, 0xd2, 0xa4,
  0xb1, 0xac, 0xd2, 0xa4, 0xb1, 0xac, 0xd2, 0xa4, 0xb1, 0xac, 0xd2, 0xa4,
  0xb1, 0xac, 0xd2, 0xa4, 0xb1, 0xa4, 0xd2, 0xa4, 0xb1, 0xa4, 0xd2, 0xa4,
  0xb1, 0xa4, 0xd2, 0xa4, 0xb1, 0xa4, 0xd2, 0xa4, 0xb1, 0xa4, 0xb2, 0xa4,
  0xb1, 0xa4, 0xd1, 0xa4, 0xb1, 0xa4, 0xb1, 0x9c, 0x91, 0xa4, 0xb1, 0x9c,
  0x91, 0xa4, 0xb1, 0x9c, 0x91, 0xa4, 0x91, 0x9c, 0x90, 0xa4, 0x91, 0x9c,
  0x91, 0xa4, 0x91, 0x9c, 0x70, 0xa4, 0x91, 0x9c, 0x70, 0xa4, 0x91, 0x9c,
  0x70, 0xa4, 0x91, 0x9c, 0x70, 0x9c, 0x91, 0x9c, 0x70, 0x9c, 0x71, 0x9c,
  0x50, 0x9c, 0x70, 0x94, 0x4f, 0x9c, 0x70, 0x94, 0x50, 0x9c, 0x70, 0x94,
  0x50, 0x9c, 0x70, 0x94, 0x4f, 0x9c, 0x70, 0x94, 0x4f, 0x9c, 0x50, 0x94,
  0x4f, 0x9c, 0x50, 0x94, 0x2f, 0x9c, 0x2f, 0x94, 0x0f, 0x9c, 0x2f, 0x94,
  0x0f, 0x94, 0x0f, 0x8c, 0x0e, 0x94, 0x0f, 0x8c, 0xee, 0x8b, 0x0f, 0x8c,
  0xee, 0x8b, 0xee, 0x83, 0xee, 0x8b, 0xee, 0x83, 0xae, 0x8b, 0xce, 0x83,
  0xad, 0x83, 0xae, 0x7b, 0x8d, 0x83, 0xae, 0x7b, 0x8d, 0x7b, 0xad, 0x7b,
  0x8d, 0x7b, 0x8d, 0x73, 0x6c, 0x7b, 0x6d, 0x73, 0x6c, 0x7b, 0x6d, 0x73,
  0x4c, 0x73, 0x4c, 0x73, 0x2b, 0x73, 0x4c, 0x6b, 0x2b, 0x73, 0x2c, 0x6b,
  0x0b, 0x6b, 0x0b, 0x6b, 0xeb, 0x6a, 0xeb, 0x6a, 0xcb, 0x6a, 0xeb, 0x62,
  0xcb, 0x6a, 0xeb, 0x62, 0xca, 0x62, 0xeb, 0x62, 0x4d, 0x6b, 0x2c, 0x73,
  0x4d, 0x73, 0x2c, 0x73, 0x4d, 0x73, 0x4d, 0x73, 0x6d, 0x73, 0x4d, 0x73,
  0x6d, 0x73, 0x6d, 0x7b, 0x6d, 0x73, 0x6d, 0x7b, 0x6d, 0x73, 0x6d, 0x7b,
  0x8e, 0x73, 0x6d, 0x7b, 0xae, 0x7b, 0x8d, 0x7b, 0xae, 0x7b, 0xad, 0x7b,
  0xae, 0x7b, 0xae, 0x83, 0xcf, 0x7b, 0xcf, 0x8b, 0xef, 0x83, 0xef, 0x8b,
  0x10, 0x8c, 0xef, 0x8b, 0x30, 0x8c, 0x2f, 0x94, 0x50, 0x8c, 0x30, 0x94,
  0x50, 0x94, 0x50, 0x94, 0x50, 0x94, 0x50, 0x9c, 0x71, 0x94, 0x50, 0x9c,
  0x71, 0x94, 0x71, 0x9c, 0x71, 0x9c, 0x71, 0x9c, 0x91, 0x94, 0x70, 0x9c,
  0x91, 0x9c, 0x71, 0x9c, 0x91, 0x9c, 0x71, 0x9c, 0x92, 0x9c, 0x91, 0xa4,
  0x92, 0x9c, 0x91, 0xa4, 0x92, 0x9c, 0x91, 0xa4, 0x92, 0x9c, 0x91, 0xa4,
  0xb2, 0x9c, 0x91, 0xa4, 0xb2, 0x9c, 0xb1, 0xa4, 0xb2, 0x9c, 0x91, 0xa4,
  0xb2, 0x9c, 0x91, 0xa4, 0xb2, 0x9c, 0x91, 0xa4, 0xb2, 0x9c, 0x91, 0xa4,
  0x91, 0x9c, 0x91, 0xa4, 0xb1, 0x9c, 0x91, 0xa4, 0xb2, 0x9c, 0x91, 0xa4,
  0xb2, 0x9c, 0x91, 0xa4, 0xb2, 0x9c, 0x91, 0xa4, 0xb2, 0x9c, 0x91, 0xa4,
  0xd2, 0x9c, 0xb1, 0xa4, 0xb2, 0xa4, 0xb2, 0xa4, 0xd2, 0xa4, 0xb1, 0xa4,
  0xd2, 0xa4, 0xb1, 0xa4, 0xd2, 0xa4, 0xb2, 0xa4, 0xd2, 0xa4, 0xb2, 0xa4,
  0xb2, 0xa4, 0xb2, 0xa4, 0xd2, 0xa4, 0xb2, 0xa4, 0xb2, 0xa4, 0xb2, 0xa4,
  0xb2, 0xa4, 0xb2, 0xa4, 0xb2, 0xa4, 0xb2, 0xa4, 0xb2, 0xa4, 0x91, 0xa4,
  0xb2, 0x9c, 0x91, 0xa4, 0xb2, 0x9c, 0x91, 0xa4, 0xb2, 0x9c, 0x91, 0xa4,
  0xb2, 0x9c, 0x91, 0xa4, 0xb2, 0x9c, 0x91, 0xa4, 0x92, 0x9c, 0x91, 0xa4,
  0x92, 0x9c, 0x91, 0xa4, 0x91, 0x9c, 0x91, 0xa4, 0x92, 0x9c, 0x91, 0xa4,
  0x91, 0x9c, 0x91, 0xa4, 0x92, 0x9c, 0x91, 0xa4, 0x92, 0x9c, 0x71, 0x9c,
  0x91, 0x9c, 0x71, 0x9c, 0x91, 0x9c, 0x70, 0x9c, 0x71, 0x9c, 0x71, 0x9c,
  0x71, 0x9c, 0x70, 0x9c, 0x71, 0x94, 0x50, 0x9c, 0x71, 0x94, 0x70, 0x9c,
  0x71, 0x9c, 0x50, 0x9c, 0x71, 0x94, 0x50, 0x9c, 0x71, 0x94, 0x50, 0x9c,
  0x50, 0x94, 0x50, 0x9c, 0x50, 0x94, 0x2f, 0x94, 0x50, 0x94, 0x2f, 0x94,
  0x30, 0x94, 0x0f, 0x94, 0x2f, 0x8c, 0x0f, 0x94, 0x10, 0x8c, 0xef, 0x93,
  0x0f, 0x8c, 0xee, 0x8b, 0x0f, 0x8c, 0xee, 0x8b, 0xef, 0x83, 0xee, 0x8b,
  0xef, 0x83, 0xce, 0x8b, 0xef, 0x83, 0xce, 0x83, 0xcf, 0x83, 0xae, 0x83,
  0xaf, 0x7b, 0xae, 0x83, 0xae, 0x7b, 0x8d, 0x83, 0x8e, 0x7b, 0x6d, 0x7b,
  0x6e, 0x73, 0x6d, 0x7b, 0x6d, 0x73, 0x4c, 0x73, 0x6d, 0x73, 0x2c, 0x73,
  0x4c, 0x6b, 0x2c, 0x73, 0x2c, 0x6b, 0x0b, 0x6b, 0x0c, 0x63, 0xeb, 0x6a,
  0x0c, 0x63, 0xeb, 0x6a, 0x0c, 0x63, 0xeb, 0x6a, 0xec, 0x62, 0xeb, 0x6a,
  0xec, 0x62, 0xeb, 0x6a, 0xec, 0x62, 0xcb, 0x62, 0xeb, 0x62, 0xcb, 0x6a,
  0x2c, 0x73, 0x4d, 0x73, 0x2c, 0x73, 0x4d, 0x73, 0x2c, 0x73, 0x4d, 0x73,
  0x4c, 0x73, 0x4d, 0x73, 0x4c, 0x7b, 0x6d, 0x73, 0x6c, 0x7b, 0x6d, 0x7b,
  0x6d, 0x7b, 0x8d, 0x7b, 0x8d, 0x7b, 0xae, 0x7b, 0xad, 0x83, 0xce, 0x7b,
  0xce, 0x83, 0xee, 0x83, 0xce, 0x83, 0xee, 0x83, 0xce, 0x8b, 0xef, 0x8b,
  0xee, 0x8b, 0xef, 0x8b, 0xef, 0x8b, 0x0f, 0x8c, 0xef, 0x93, 0x0f, 0x8c,
  0x0f, 0x94, 0x30, 0x8c, 0x2f, 0x94, 0x50, 0x94, 0x2f, 0x94, 0x50, 0x94,
  0x4f, 0x94, 0x50, 0x94, 0x4f, 0x9c, 0x70, 0x94, 0x4f, 0x9c, 0x70, 0x94,
  0x50, 0x9c, 0x71, 0x94, 0x70, 0x9c, 0x71, 0x9c, 0x70, 0x9c, 0x91, 0x9c,
  0x71, 0x9c, 0x71, 0x9c, 0x70, 0xa4, 0x91, 0x9c, 0x91, 0xa4, 0x91, 0x9c,
  0x91, 0xa4, 0x91, 0x9c, 0x90, 0xa4, 0x91, 0xa4, 0x91, 0xa4, 0xb1, 0x9c,
  0x91, 0xa4, 0xb2, 0xa4, 0x91, 0xa4, 0xb2, 0xa4, 0xb1, 0xa4, 0xd2, 0xa4,
  0xb1, 0xa4, 0xb1, 0xa4, 0xb1, 0xa4, 0xb1, 0x9c, 0xb1, 0xa4, 0xb2, 0x9c,
  0xb1, 0xa4, 0xb2, 0x9c, 0xb1, 0xa4, 0xb2, 0x9c, 0x91, 0xa4, 0xb1, 0xa4,
  0xb1, 0xa4, 0xb2, 0xa4, 0x91, 0xa4, 0xb2, 0xa4, 0x91, 0xa4, 0xb2, 0xa4,
  0x91, 0xac, 0xb1, 0xa4, 0x91, 0xac, 0xb1, 0xa4, 0x91, 0xac, 0xb2, 0xa4,
  0xb1, 0xa4, 0xd2, 0xa4, 0xb1, 0xa4, 0xd2, 0xa4, 0xb1, 0xa4, 0xd2, 0xa4,
  0xb1, 0xa4, 0xd2, 0xa4, 0xb1, 0xa4, 0xb2, 0xa4, 0x91, 0xa4, 0xb2, 0xa4,
  0x91, 0xa4, 0xb1, 0x9c, 0x91, 0xa4, 0xb1, 0x9c, 0x91, 0xa4, 0xb1, 0x9c,
  0x91, 0xa4, 0xb1, 0x9c, 0x91, 0xa4, 0xb1, 0x9c, 0x91, 0xa4, 0xb1, 0x9c,
  0x91, 0xa4, 0xb1, 0x9c, 0x91, 0xa4, 0x91, 0x9c, 0x91, 0xa4, 0x91, 0x9c,
  0x91, 0xa4, 0x91, 0x9c, 0x91, 0xa4, 0x91, 0x9c, 0x90, 0xa4, 0x91, 0x9c,
  0x91, 0xa4, 0x91, 0x9c, 0x70, 0xa4, 0x91, 0x9c, 0x90, 0x9c, 0x91, 0x9c,
  0x70, 0xa4, 0x91, 0x9c, 0x70, 0xa4, 0x71, 0x9c, 0x70, 0x9c, 0x70, 0x9c,
  0x50, 0x9c, 0x70, 0x94, 0x4f, 0x9c, 0x70, 0x94, 0x2f, 0x9c, 0x50, 0x94,
  0x2f, 0x9c, 0x30, 0x94, 0x0f, 0x94, 0x2f, 0x8c, 0x0f, 0x94, 0x0f, 0x8c,
  0x0f, 0x94, 0x0f, 0x8c, 0x0f, 0x94, 0x0f, 0x8c, 0x0f, 0x94, 0x0f, 0x8c,
  0x0e, 0x94, 0x0f, 0x8c, 0xee, 0x8b, 0x0f, 0x8c, 0xee, 0x8b, 0xee, 0x83,
  0xce, 0x8b, 0xee, 0x83, 0xce, 0x8b, 0xee, 0x83, 0xad, 0x83, 0xce, 0x83,
  0xad, 0x83, 0xae, 0x7b, 0x8d, 0x83, 0x8d, 0x7b, 0x6d, 0x7b, 0x6d, 0x7b,
  0x6c, 0x7b, 0x6d, 0x73, 0x4c, 0x7b, 0x6c, 0x73, 0x4c, 0x7b, 0x4c, 0x73,
  0x4c, 0x73, 0x4c, 0x73, 0x2b, 0x73, 0x4c, 0x6b, 0x2b, 0x73, 0x4c, 0x6b,
  0x2b, 0x73, 0x2c, 0x6b, 0x0b, 0x6b, 0x2c, 0x6b, 0x0b, 0x6b, 0x0c, 0x6b,
  0xeb, 0x6a, 0xeb, 0x6a, 0xeb, 0x6a, 0xeb, 0x62, 0xca, 0x6a, 0xeb, 0x62,
  0xcb, 0x6a, 0xcb, 0x62, 0x2d, 0x6b, 0x2c, 0x73, 0x4d, 0x73, 0x2d, 0x73,
  0x4d, 0x73, 0x4d, 0x7b, 0x6d, 0x73, 0x6d, 0x7b, 0x8d, 0x73, 0x6d, 0x7b,
  0x8e, 0x73, 0x8d, 0x7b, 0x8e, 0x73, 0x6d, 0x7b, 0xae, 0x7b, 0x8d, 0x7b,
  0xae, 0x7b, 0x8d, 0x7b, 0xae, 0x7b, 0xad, 0x7b, 0xae, 0x7b, 0xae, 0x83,
  0xae, 0x7b, 0xae, 0x83, 0xce, 0x83, 0xae, 0x83, 0xcf, 0x83, 0xcf, 0x8b,
  0xef, 0x83, 0xcf, 0x8b, 0xef, 0x83, 0xef, 0x8b, 0x0f, 0x8c, 0xef, 0x8b,
  0x10, 0x8c, 0xef, 0x8b, 0x30, 0x8c, 0x2f, 0x94, 0x30, 0x8c, 0x30, 0x94,
  0x50, 0x8c, 0x30, 0x94, 0x50, 0x94, 0x30, 0x94, 0x50, 0x94, 0x50, 0x9c,
  0x51, 0x94, 0x50, 0x9c, 0x71, 0x94, 0x71, 0x9c, 0x91, 0x9c, 0x71, 0x9c,
  0x91, 0x9c, 0x91, 0xa4, 0x92, 0x9c, 0x91, 0xa4, 0xb2, 0x9c, 0x91, 0xa4,
  0xb2, 0x9c, 0xb2, 0xa4, 0xb2, 0xa4, 0xb2, 0xa4, 0xd2, 0xa4, 0xb2, 0xa4,
  0xd2, 0xa4, 0xb2, 0xa4, 0xd2, 0xa4, 0xb2, 0xa4, 0xb2, 0xa4, 0xb2, 0xa4,
  0xb2, 0xa4, 0xb2, 0xa4, 0xb2, 0x9c, 0x91, 0xa4, 0xb2, 0x9c, 0x91, 0xa4,
  0xb2, 0x9c, 0x91, 0xa4, 0x91, 0x9c, 0x91, 0xa4, 0x92, 0x9c, 0x91, 0xa4,
  0xb2, 0x9c, 0x91, 0xa4, 0xb2, 0x9c, 0x91, 0xa4, 0xb2, 0x9c, 0x91, 0xa4,
  0x92, 0x9c, 0x91, 0xa4, 0x91, 0x9c, 0x91, 0xa4, 0x92, 0x9c, 0x91, 0xa4,
  0x92, 0x9c, 0x91, 0xa4, 0x92, 0x9c, 0x91, 0xa4, 0x92, 0x9c, 0x91, 0xa4,
  0x92, 0x9c, 0x91, 0xa4, 0x92, 0x9c, 0x91, 0xa4, 0x91, 0x9c, 0x71, 0x9c,
  0x91, 0x9c, 0x71, 0x9c, 0x91, 0x9c, 0x71, 0x9c, 0x91, 0x9c, 0x71, 0x9c,
  0x91, 0x9c, 0x71, 0x9c, 0x91, 0x9c, 0x71, 0x9c, 0x91, 0x9c, 0x70, 0x9c,
  0x91, 0x9c, 0x71, 0x9c, 0x91, 0x9c, 0x91, 0xa4, 0x91, 0x9c, 0x91, 0xa4,
  0x91, 0x9c, 0x70, 0x9c, 0x91, 0x9c, 0x70, 0x9c, 0x71, 0x9c, 0x50, 0x9c,
  0x71, 0x94, 0x50, 0x9c, 0x50, 0x94, 0x2f, 0x94, 0x30, 0x94, 0x0f, 0x94,
  0x30, 0x8c, 0x0f, 0x94, 0x2f, 0x8c, 0xef, 0x93, 0x10, 0x8c, 0x0f, 0x94,
  0x10, 0x8c, 0xef, 0x93, 0x0f, 0x8c, 0xef, 0x93, 0x0f, 0x8c, 0xef, 0x93,
  0x0f, 0x8c, 0xef, 0x8b, 0x0f, 0x8c, 0xef, 0x8b, 0x0f, 0x8c, 0xee, 0x8b,
  0xef, 0x8b, 0xee, 0x8b, 0xef, 0x83, 0xce, 0x8b, 0xee, 0x83, 0xce, 0x83,
  0xcf, 0x83, 0xae, 0x83, 0xae, 0x7b, 0xae, 0x83, 0xae, 0x7b, 0xad, 0x83,
  0xae, 0x7b, 0x8d, 0x7b, 0x8e, 0x7b, 0x6d, 0x7b, 0x8e, 0x7b, 0x6d, 0x7b,
  0x8e, 0x7b, 0x6d, 0x7b, 0x8d, 0x73, 0x6c, 0x7b, 0x6d, 0x73, 0x4c, 0x7b,
  0x4d, 0x73, 0x2c, 0x73, 0x4c, 0x6b, 0x2c, 0x73, 0x2c, 0x6b, 0x2b, 0x6b,
  0x2c, 0x6b, 0x0b, 0x6b, 0x2c, 0x6b, 0xeb, 0x6a, 0x0b, 0x63, 0xeb, 0x6a,
  0x0b, 0x63, 0xeb, 0x6a, 0x0b, 0x63, 0xeb, 0x6a, 0xeb, 0x62, 0xeb, 0x6a,
  0xeb, 0x62, 0xeb, 0x6a, 0xeb, 0x62, 0xeb, 0x6a, 0x4c, 0x7b, 0x4d, 0x73,
  0x6c, 0x7b, 0x6d, 0x73, 0x4c, 0x7b, 0x6d, 0x73, 0x4c, 0x73, 0x6d, 0x73,
  0x6c, 0x7b, 0x6d, 0x73, 0x6c, 0x7b, 0x6d, 0x73, 0x6c, 0x7b, 0x8d, 0x73,
  0x6c, 0x7b, 0x8d, 0x7b, 0x8d, 0x7b, 0xad, 0x7b, 0xad, 0x83, 0xae, 0x7b,
  0xad, 0x83, 0xae, 0x7b, 0xad, 0x83, 0xae, 0x83, 0xae, 0x83, 0xce, 0x83,
  0xae, 0x8b, 0xce, 0x83, 0xce, 0x8b, 0xef, 0x83, 0xee, 0x8b, 0xef, 0x8b,
  0xee, 0x8b, 0xef, 0x8b, 0xef, 0x8b, 0x0f, 0x8c, 0x0f, 0x94, 0x0f, 0x8c,
  0x0f, 0x94, 0x10, 0x8c, 0x0e, 0x94, 0x2f, 0x8c, 0x2f, 0x94, 0x4f, 0x94,
  0x2f, 0x94, 0x50, 0x94, 0x4f, 0x9c, 0x50, 0x94, 0x50, 0x9c, 0x71, 0x9c,
  0x70, 0xa4, 0x91, 0x9c, 0x91, 0xa4, 0x91, 0x9c, 0x91, 0xa4, 0xb2, 0xa4,
  0xb1, 0xa4, 0xd2, 0xa4, 0xb1, 0xa4, 0xd2, 0xa4, 0xd1, 0xac, 0xd2, 0xa4,
  0xd1, 0xac, 0xd2, 0xa4, 0xd1, 0xac, 0xd2, 0xa4, 0xd2, 0xac, 0xd2, 0xa4,
  0xd1, 0xac, 0xd2, 0xa4, 0xd1, 0xac, 0xd2, 0xa4, 0xb1, 0xac, 0xd2, 0xa4,
  0xb1, 0xac, 0xd2, 0xa4, 0xb1, 0xa4, 0xd2, 0xa4, 0xb1, 0xa4, 0xb2, 0xa4,
  0x91, 0xa4, 0xb1, 0xa4, 0x91, 0xa4, 0xb1, 0x9c, 0x91, 0xa4, 0x91, 0x9c,
  0x90, 0xa4, 0x91, 0x9c, 0x70, 0xa4, 0x91, 0x9c, 0x91, 0xa4, 0x91, 0x9c,
  0x70, 0xa4, 0x91, 0x9c, 0x90, 0xa4, 0x91, 0x9c, 0x70, 0xa4, 0x91, 0x9c,
  0x70, 0xa4, 0x91, 0x9c, 0x70, 0x9c, 0x71, 0x9c, 0x70, 0x9c, 0x70, 0x9c,
  0x70, 0x9c, 0x70, 0x9c, 0x70, 0x9c, 0x70, 0x9c, 0x70, 0x9c, 0x91, 0x9c,
  0x70, 0x9c, 0x91, 0x9c, 0x70, 0xa4, 0x91, 0x9c, 0x70, 0xa4, 0x91, 0x9c,
  0x70, 0xa4, 0x91, 0x9c, 0x70, 0x9c, 0x91, 0x9c, 0x50, 0x9c, 0x71, 0x9c,
  0x4f, 0x9c, 0x50, 0x94, 0x4f, 0x9c, 0x50, 0x94, 0x2f, 0x9c, 0x50, 0x94,
  0x2f, 0x94, 0x30, 0x94, 0x2f, 0x94, 0x50, 0x94, 0x2f, 0x94, 0x30, 0x94,
  0x2f, 0x94, 0x2f, 0x94, 0x0f, 0x94, 0x2f, 0x94, 0x0f, 0x94, 0x2f, 0x94,
  0x0f, 0x94, 0x2f, 0x94, 0x0f, 0x94, 0x2f, 0x8c, 0xee, 0x93, 0x0f, 0x8c,
  0xee, 0x93, 0x0f, 0x8c, 0xee, 0x8b, 0xef, 0x8b, 0xee, 0x8b, 0xef, 0x8b,
  0xce, 0x8b, 0xee, 0x8b, 0xce, 0x8b, 0xee, 0x83, 0xce, 0x8b, 0xee, 0x83,
  0xcd, 0x8b, 0xee, 0x83, 0xce, 0x8b, 0xce, 0x83, 0xce, 0x8b, 0xce, 0x83,
  0xad, 0x83, 0xce, 0x83, 0xad, 0x83, 0xae, 0x7b, 0x8d, 0x83, 0xae, 0x7b,
  0x8d, 0x83, 0x8e, 0x7b, 0x6d, 0x7b, 0x6d, 0x7b, 0x6c, 0x7b, 0x6d, 0x73,
  0x4c, 0x73, 0x4d, 0x73, 0x4c, 0x73, 0x4c, 0x73, 0x2b, 0x73, 0x2c, 0x6b,
  0x0b, 0x6b, 0x2b, 0x6b, 0x0b, 0x6b, 0x0b, 0x6b, 0x0b, 0x6b, 0x2b, 0x6b,
  0x0b, 0x73, 0x0c, 0x6b, 0xeb, 0x6a, 0x0b, 0x6b, 0xeb, 0x6a, 0x0b, 0x63,
  0xeb, 0x6a, 0x0b, 0x63, 0xeb, 0x6a, 0xeb, 0x62, 0xca, 0x6a, 0xeb, 0x62,
  0x2d, 0x6b, 0x2c, 0x73, 0x2c, 0x6b, 0x2c, 0x73, 0x4c, 0x6b, 0x4c, 0x73,
  0x6d, 0x73, 0x4c, 0x73, 0x6d, 0x73, 0x6c, 0x73, 0x6d, 0x73, 0x6c, 0x73,
  0x6d, 0x73, 0x6d, 0x7b, 0x6d, 0x73, 0x6d, 0x7b, 0x8d, 0x73, 0x6d, 0x7b,
  0x8e, 0x73, 0x8d, 0x7b, 0xae, 0x7b, 0x8d, 0x7b, 0xae, 0x7b, 0xad, 0x7b,
  0xae, 0x7b, 0xae, 0x83, 0xae, 0x7b, 0x8e, 0x83, 0xaf, 0x7b, 0xae, 0x83,
  0xcf, 0x83, 0xae, 0x83, 0xcf, 0x83, 0xce, 0x8b, 0xef, 0x83, 0xcf, 0x8b,
  0xef, 0x83, 0xef, 0x8b, 0xf0, 0x8b, 0xef, 0x8b, 0x0f, 0x8c, 0x0f, 0x8c,
  0x0f, 0x8c, 0x0f, 0x94, 0x30, 0x8c, 0x0f, 0x94, 0x50, 0x94, 0x30, 0x94,
  0x50, 0x94, 0x50, 0x9c, 0x71, 0x94, 0x50, 0x9c, 0x71, 0x9c, 0x71, 0x9c,
  0x91, 0x9c, 0x71, 0x9c, 0x91, 0x9c, 0x91, 0xa4, 0xb2, 0x9c, 0x91, 0xa4,
  0xd2, 0xa4, 0xb2, 0xa4, 0xd2, 0xa4, 0xd2, 0xa4, 0xd2, 0xa4, 0xd2, 0xac,
  0xd2, 0xa4, 0xd2, 0xa4, 0xf2, 0xa4, 0xd2, 0xa4, 0xd2, 0xa4, 0xd2, 0xa4,
  0xd2, 0xa4, 0xb1, 0xa4, 0xb2, 0xa4, 0x91, 0xa4, 0xb2, 0x9c, 0x91, 0xa4,
  0xb2, 0x9c, 0x91, 0xa4, 0xb2, 0x9c, 0x91, 0xa4, 0x92, 0x9c, 0x91, 0xa4,
  0x91, 0x9c, 0x71, 0x9c, 0x91, 0x9c, 0x70, 0x9c, 0x71, 0x9c, 0x50, 0x9c,
  0x71, 0x94, 0x50, 0x9c, 0x50, 0x94, 0x50, 0x9c, 0x70, 0x94, 0x50, 0x9c,
  0x71, 0x94, 0x50, 0x9c, 0x71, 0x94, 0x50, 0x9c, 0x71, 0x94, 0x50, 0x9c,
  0x91, 0x94, 0x70, 0x9c, 0x71, 0x9c, 0x50, 0x9c, 0x71, 0x9c, 0x50, 0x9c,
  0x71, 0x94, 0x50, 0x9c, 0x51, 0x94, 0x30, 0x94, 0x50, 0x94, 0x30, 0x94,
  0x50, 0x94, 0x30, 0x94, 0x30, 0x94, 0x2f, 0x94, 0x30, 0x94, 0x2f, 0x94,
  0x30, 0x8c, 0x0f, 0x94, 0x30, 0x8c, 0x2f, 0x94, 0x30, 0x8c, 0x2f, 0x94,
  0x30, 0x94, 0x2f, 0x94, 0x30, 0x94, 0x0f, 0x94, 0x30, 0x8c, 0x0f, 0x94,
  0x30, 0x8c, 0x0f, 0x94, 0x30, 0x8c, 0x0f, 0x94, 0x0f, 0x8c, 0xef, 0x93,
  0x0f, 0x8c, 0xef, 0x8b, 0x0f, 0x8c, 0xef, 0x8b, 0xef, 0x8b, 0xee, 0x8b,
  0xef, 0x83, 0xce, 0x8b, 0xcf, 0x83, 0xce, 0x8b, 0xce, 0x83, 0xce, 0x8b,
  0xce, 0x83, 0xae, 0x8b, 0xce, 0x83, 0xae, 0x8b, 0xce, 0x83, 0xae, 0x83,
  0xce, 0x83, 0xad, 0x83, 0xce, 0x83, 0xae, 0x83, 0xce, 0x7b, 0xad, 0x83,
  0xae, 0x7b, 0xad, 0x83, 0xae, 0x7b, 0x8d, 0x7b, 0x8d, 0x7b, 0x6d, 0x7b,
  0x8d, 0x73, 0x6c, 0x7b, 0x6d, 0x73, 0x4c, 0x7b, 0x6d, 0x73, 0x4c, 0x73,
  0x4d, 0x73, 0x2c, 0x73, 0x4c, 0x6b, 0x2c, 0x73, 0x2c, 0x6b, 0x2b, 0x73,
  0x2c, 0x6b, 0x0b, 0x73, 0x2c, 0x6b, 0x0b, 0x6b, 0x0b, 0x63, 0xeb, 0x6a,
  0x0b, 0x63, 0xea, 0x6a, 0xeb, 0x62, 0xea, 0x6a, 0x0a, 0x63, 0xe9, 0x62,
  0x0a, 0x63, 0xe9, 0x62, 0xe9, 0x5a, 0xc8, 0x62, 0xe8, 0x5a, 0xc7, 0x5a,
  0xe7, 0x5a, 0xc6, 0x5a, 0x2c, 0x73, 0x2c, 0x6b, 0x2b, 0x73, 0x4c, 0x6b,
  0x2b, 0x73, 0x4c, 0x6b, 0x4c, 0x73, 0x4c, 0x73, 0x2b, 0x73, 0x4c, 0x73,
  0x4c, 0x73, 0x6c, 0x73, 0x4c, 0x73, 0x6c, 0x73, 0x4c, 0x73, 0x6d, 0x73,
  0x6c, 0x7b, 0x6d, 0x73, 0x6c, 0x7b, 0x6d, 0x73, 0x6c, 0x7b, 0x8d, 0x73,
  0x6c, 0x7b, 0x8d, 0x7b, 0x8d, 0x7b, 0x8d, 0x7b, 0x8d, 0x83, 0x8e, 0x7b,
  0x8d, 0x83, 0xae, 0x7b, 0xad, 0x83, 0xae, 0x83, 0xae, 0x83, 0xce, 0x83,
  0xce, 0x8b, 0xee, 0x83, 0xce, 0x8b, 0xee, 0x83, 0xee, 0x8b, 0xef, 0x83,
  0xee, 0x8b, 0x0f, 0x8c, 0xee, 0x8b, 0x0f, 0x8c, 0xee, 0x93, 0x0f, 0x8c,
  0x0f, 0x94, 0x2f, 0x94, 0x2f, 0x94, 0x50, 0x94, 0x4f, 0x9c, 0x50, 0x94,
  0x50, 0x9c, 0x71, 0x9c, 0x70, 0x9c, 0x91, 0x9c, 0x70, 0xa4, 0x91, 0x9c,
  0x90, 0xa4, 0x91, 0x9c, 0x90, 0xa4, 0xb1, 0x9c, 0x91, 0xa4, 0xb1, 0x9c,
  0x91, 0xa4, 0xb1, 0xa4, 0x91, 0xa4, 0xb1, 0xa4, 0xb1, 0xa4, 0xb1, 0xa4,
  0xb1, 0xa4, 0xb1, 0xa4, 0x91, 0xa4, 0xb1, 0x9c, 0x91, 0xa4, 0x91, 0x9c,
  0x90, 0xa4, 0x91, 0x9c, 0x70, 0xa4, 0x91, 0x9c, 0x70, 0x9c, 0x70, 0x9c,
  0x50, 0x9c, 0x70, 0x94, 0x50, 0x9c, 0x70, 0x94, 0x50, 0x9c, 0x70, 0x9c,
  0x50, 0x9c, 0x70, 0x9c, 0x50, 0x9c, 0x50, 0x94, 0x4f, 0x9c, 0x70, 0x94,
  0x4f, 0x9c, 0x70, 0x9c, 0x4f, 0x9c, 0x70, 0x94, 0x50, 0x9c, 0x50, 0x94,
  0x4f, 0x9c, 0x50, 0x94, 0x2f, 0x9c, 0x4f, 0x94, 0x2f, 0x94, 0x2f, 0x94,
  0x0e, 0x94, 0x2f, 0x8c, 0x0e, 0x94, 0x0f, 0x8c, 0x0f, 0x94, 0x2f, 0x8c,
  0xef, 0x93, 0x10, 0x8c, 0x0f, 0x94, 0x2f, 0x8c, 0x0f, 0x94, 0x2f, 0x8c,
  0x0f, 0x94, 0x30, 0x94, 0x2f, 0x94, 0x30, 0x94, 0x2f, 0x94, 0x50, 0x94,
  0x2f, 0x94, 0x50, 0x94, 0x2f, 0x94, 0x30, 0x94, 0x0f, 0x94, 0x2f, 0x8c,
  0x0f, 0x94, 0x0f, 0x8c, 0xee, 0x93, 0x0f, 0x8c, 0xee, 0x8b, 0xef, 0x8b,
  0xee, 0x8b, 0xef, 0x8b, 0xee, 0x8b, 0xef, 0x8b, 0xee, 0x8b, 0xee, 0x8b,
  0xee, 0x8b, 0xef, 0x8b, 0xce, 0x8b, 0xee, 0x8b, 0xce, 0x8b, 0xee, 0x8b,
  0xce, 0x8b, 0xee, 0x83, 0xce, 0x8b, 0xce, 0x83, 0xad, 0x8b, 0xce, 0x83,
  0xad, 0x8b, 0xce, 0x83, 0xad, 0x8b, 0xad, 0x83, 0xad, 0x83, 0xad, 0x83,
  0x8d, 0x83, 0xad, 0x7b, 0x8c, 0x83, 0xad, 0x7b, 0x6c, 0x7b, 0x8c, 0x7b,
  0x6c, 0x7b, 0x6c, 0x73, 0x4b, 0x7b, 0x6c, 0x73, 0x4b, 0x7b, 0x6b, 0x73,
  0x4b, 0x73, 0x4b, 0x73, 0x4a, 0x73, 0x4b, 0x73, 0x2a, 0x73, 0x4b, 0x6b,
  0x29, 0x73, 0x2a, 0x6b, 0x29, 0x73, 0x29, 0x6b, 0x28, 0x6b, 0x29, 0x63,
  0x07, 0x6b, 0x27, 0x63, 0x06, 0x6b, 0x06, 0x63, 0x05, 0x63, 0x05, 0x5b,
  0xe3, 0x5a, 0x04, 0x5b, 0xe2, 0x5a, 0xe3, 0x52, 0xc2, 0x52, 0xc2, 0x52,
  0xc1, 0x52, 0xc1, 0x4a, 0xa0, 0x4a, 0xc1, 0x4a, 0x0c, 0x6b, 0xec, 0x6a,
  0x0c, 0x63, 0x0b, 0x6b, 0x2c, 0x6b, 0x2b, 0x6b, 0x2c, 0x6b, 0x2c, 0x73,
  0x2c, 0x6b, 0x2c, 0x73, 0x2c, 0x6b, 0x2c, 0x73, 0x4c, 0x6b, 0x2c, 0x73,
  0x4c, 0x6b, 0x4c, 0x73, 0x6d, 0x73, 0x4c, 0x73, 0x6d, 0x73, 0x4c, 0x73,
  0x6d, 0x73, 0x6c, 0x73, 0x6d, 0x73, 0x6d, 0x7b, 0x6d, 0x73, 0x6d, 0x7b,
  0x6e, 0x73, 0x6d, 0x7b, 0x8e, 0x7b, 0x8d, 0x7b, 0xae, 0x7b, 0x8e, 0x83,
  0xae, 0x7b, 0xae, 0x83, 0xce, 0x7b, 0xae, 0x83, 0xce, 0x7b, 0xae, 0x83,
  0xef, 0x83, 0xce, 0x8b, 0xef, 0x83, 0xee, 0x8b, 0xef, 0x83, 0xee, 0x8b,
  0xef, 0x8b, 0xef, 0x8b, 0x0f, 0x8c, 0xef, 0x8b, 0x0f, 0x8c, 0xef, 0x8b,
  0x0f, 0x8c, 0x0f, 0x94, 0x10, 0x8c, 0x0f, 0x94, 0x30, 0x8c, 0x0f, 0x94,
  0x50, 0x94, 0x2f, 0x94, 0x50, 0x94, 0x50, 0x9c, 0x50, 0x94, 0x50, 0x9c,
  0x50, 0x94, 0x30, 0x9c, 0x51, 0x94, 0x50, 0x9c, 0x51, 0x94, 0x50, 0x9c,
  0x51, 0x94, 0x50, 0x9c, 0x50, 0x94, 0x30, 0x9c, 0x51, 0x94, 0x50, 0x9c,
  0x51, 0x94, 0x50, 0x9c, 0x50, 0x94, 0x50, 0x9c, 0x71, 0x94, 0x50, 0x9c,
  0x50, 0x94, 0x50, 0x9c, 0x50, 0x94, 0x50, 0x9c, 0x50, 0x94, 0x50, 0x9c,
  0x50, 0x94, 0x50, 0x9c, 0x50, 0x94, 0x2f, 0x94, 0x51, 0x94, 0x0f, 0x94,
  0x30, 0x8c, 0x0f, 0x94, 0x30, 0x8c, 0x0f, 0x94, 0x10, 0x8c, 0x0f, 0x94,
  0x0f, 0x8c, 0xef, 0x8b, 0x0f, 0x8c, 0xef, 0x8b, 0x0f, 0x8c, 0xef, 0x8b,
  0x0f, 0x8c, 0x0f, 0x8c, 0x0f, 0x8c, 0x0f, 0x8c, 0x0f, 0x8c, 0x0f, 0x94,
  0x30, 0x8c, 0x0f, 0x94, 0x10, 0x8c, 0x10, 0x94, 0x30, 0x8c, 0x0f, 0x94,
  0x30, 0x8c, 0x0f, 0x94, 0x30, 0x8c, 0x0f, 0x94, 0x30, 0x8c, 0x0f, 0x94,
  0x0f, 0x8c, 0xef, 0x93, 0x0f, 0x8c, 0xef, 0x8b, 0x0f, 0x8c, 0xef, 0x8b,
  0xef, 0x8b, 0xef, 0x8b, 0xef, 0x8b, 0xee, 0x8b, 0xef, 0x8b, 0xee, 0x8b,
  0xef, 0x8b, 0xce, 0x8b, 0xef, 0x83, 0xee, 0x8b, 0xef, 0x8b, 0xce, 0x8b,
  0xef, 0x83, 0xce, 0x8b, 0xef, 0x83, 0xce, 0x8b, 0xcf, 0x83, 0xae, 0x8b,
  0xce, 0x83, 0xad, 0x83, 0xce, 0x83, 0xad, 0x83, 0xae, 0x83, 0xad, 0x83,
  0xae, 0x7b, 0x8d, 0x83, 0x8d, 0x7b, 0x8c, 0x83, 0xad, 0x7b, 0x8c, 0x7b,
  0x8d, 0x7b, 0x6c, 0x7b, 0x8c, 0x7b, 0x6b, 0x7b, 0x6c, 0x73, 0x4b, 0x73,
  0x6c, 0x73, 0x4b, 0x73, 0x6c, 0x73, 0x4b, 0x73, 0x4b, 0x73, 0x2b, 0x73,
  0x4b, 0x6b, 0x2a, 0x73, 0x4a, 0x6b, 0x29, 0x73, 0x29, 0x6b, 0x28, 0x6b,
  0x29, 0x63, 0x28, 0x6b, 0x27, 0x63, 0x06, 0x63, 0x25, 0x5b, 0x05, 0x63,
  0x04, 0x5b, 0xe3, 0x5a, 0x03, 0x53, 0xc2, 0x5a, 0xe2, 0x52, 0xc1, 0x52,
  0xc1, 0x4a, 0xa0, 0x4a, 0xa1, 0x42, 0xa0, 0x4a, 0xa0, 0x42, 0x80, 0x42,
  0xa1, 0x42, 0x80, 0x42, 0x80, 0x42, 0x80, 0x42, 0x61, 0x3a, 0x40, 0x42,
  0x0b, 0x73, 0x2c, 0x6b, 0x0b, 0x73, 0x2c, 0x6b, 0x0b, 0x6b, 0x2c, 0x6b,
  0x2b, 0x73, 0x2c, 0x6b, 0x2b, 0x73, 0x4c, 0x6b, 0x2b, 0x73, 0x4c, 0x6b,
  0x2b, 0x73, 0x4c, 0x6b, 0x2b, 0x73, 0x4c, 0x6b, 0x4c, 0x73, 0x4c, 0x73,
  0x4c, 0x73, 0x6c, 0x73, 0x4c, 0x73, 0x6c, 0x73, 0x6c, 0x7b, 0x6d, 0x73,
  0x6c, 0x7b, 0x6d, 0x73, 0x6c, 0x7b, 0x8d, 0x7b, 0x6d, 0x7b, 0x8e, 0x7b,
  0x8d, 0x83, 0xae, 0x7b, 0x8d, 0x83, 0xae, 0x7b, 0xad, 0x83, 0xce, 0x83,
  0xad, 0x83, 0xae, 0x7b, 0xad, 0x83, 0xce, 0x83, 0xad, 0x83, 0xce, 0x83,
  0xae, 0x8b, 0xce, 0x83, 0xce, 0x8b, 0xce, 0x83, 0xce, 0x8b, 0xee, 0x83,
  0xee, 0x8b, 0xef, 0x8b, 0xee, 0x8b, 0xef, 0x8b, 0xee, 0x93, 0x0f, 0x8c,
  0xee, 0x93, 0x0f, 0x8c, 0xee, 0x93, 0x0f, 0x8c, 0xee, 0x93, 0x0f, 0x8c,
  0x0f, 0x94, 0x2f, 0x8c, 0x0f, 0x94, 0x2f, 0x8c, 0x0f, 0x94, 0x30, 0x94,
  0x2f, 0x94, 0x50, 0x94, 0x2f, 0x94, 0x50, 0x94, 0x2f, 0x9c, 0x50, 0x94,
  0x4f, 0x9c, 0x50, 0x94, 0x4f, 0x9c, 0x50, 0x94, 0x4f, 0x9c, 0x50, 0x94,
  0x4f, 0x9c, 0x50, 0x94, 0x2f, 0x9c, 0x50, 0x94, 0x2f, 0x94, 0x2f, 0x94,
  0x0f, 0x94, 0x2f, 0x8c, 0x0e, 0x94, 0x0f, 0x8c, 0x0f, 0x94, 0x0f, 0x8c,
  0x0f, 0x94, 0x0f, 0x8c, 0x0f, 0x94, 0x0f, 0x8c, 0xee, 0x93, 0x0f, 0x8c,
  0xee, 0x93, 0x0f, 0x8c, 0xee, 0x93, 0x0f, 0x8c, 0xee, 0x93, 0x0f, 0x8c,
  0xee, 0x93, 0x0f, 0x8c, 0xee, 0x93, 0x0f, 0x8c, 0xee, 0x93, 0x0f, 0x8c,
  0xee, 0x8b, 0x0e, 0x8c, 0xee, 0x8b, 0x0f, 0x8c, 0xee, 0x8b, 0xef, 0x8b,
  0xee, 0x8b, 0xef, 0x8b, 0xee, 0x8b, 0xef, 0x8b, 0xee, 0x93, 0xee, 0x8b,
  0xee, 0x93, 0xef, 0x8b, 0xee, 0x8b, 0x0f, 0x8c, 0xee, 0x93, 0xef, 0x8b,
  0xee, 0x93, 0x0f, 0x8c, 0xee, 0x93, 0x0e, 0x8c, 0xee, 0x8b, 0xee, 0x8b,
  0xed, 0x8b, 0xee, 0x8b, 0xed, 0x8b, 0xee, 0x83, 0xcd, 0x8b, 0xee, 0x83,
  0xad, 0x8b, 0xce, 0x83, 0xad, 0x8b, 0xce, 0x83, 0xad, 0x8b, 0xad, 0x83,
  0xad, 0x83, 0xad, 0x83, 0xad, 0x83, 0xcd, 0x83, 0xad, 0x8b, 0xad, 0x83,
  0xac, 0x83, 0xad, 0x7b, 0x8c, 0x83, 0x8d, 0x7b, 0x8c, 0x83, 0x8d, 0x7b,
  0x8c, 0x7b, 0x8d, 0x7b, 0x6c, 0x7b, 0x8c, 0x73, 0x6c, 0x7b, 0x6c, 0x73,
  0x4b, 0x7b, 0x6b, 0x73, 0x4a, 0x73, 0x4a, 0x73, 0x29, 0x73, 0x4a, 0x6b,
  0x28, 0x6b, 0x48, 0x6b, 0x26, 0x6b, 0x26, 0x63, 0x25, 0x63, 0x25, 0x5b,
  0x03, 0x63, 0x04, 0x5b, 0x02, 0x5b, 0x03, 0x5b, 0xe1, 0x5a, 0xe2, 0x52,
  0xc0, 0x52, 0xc1, 0x4a, 0xc0, 0x52, 0xc0, 0x4a, 0xc0, 0x4a, 0xc0, 0x42,
  0xa0, 0x4a, 0xa0, 0x42, 0xa0, 0x42, 0xa0, 0x42, 0x80, 0x42, 0x80, 0x3a,
  0x60, 0x42, 0x80, 0x3a, 0x60, 0x3a, 0x80, 0x3a, 0x40, 0x3a, 0x40, 0x3a,
  0x40, 0x3a, 0x40, 0x32, 0x0c, 0x6b, 0xeb, 0x6a, 0x0c, 0x6b, 0xeb, 0x6a,
  0x0c, 0x63, 0xeb, 0x6a, 0x2c, 0x6b, 0x0b, 0x6b, 0x0c, 0x63, 0x0b, 0x6b,
  0x2c, 0x6b, 0x0b, 0x6b, 0x2c, 0x6b, 0x0b, 0x6b, 0x2c, 0x6b, 0x0b, 0x6b,
  0x2c, 0x6b, 0x2b, 0x6b, 0x2c, 0x6b, 0x2c, 0x73, 0x4c, 0x6b, 0x2c, 0x73,
  0x4d, 0x6b, 0x4c, 0x73, 0x6d, 0x73, 0x4c, 0x73, 0x6d, 0x73, 0x4d, 0x7b,
  0x6d, 0x73, 0x6c, 0x7b, 0x6d, 0x73, 0x6d, 0x7b, 0x6d, 0x73, 0x6d, 0x7b,
  0x8d, 0x73, 0x6d, 0x7b, 0x8d, 0x7b, 0x8d, 0x7b, 0xae, 0x7b, 0x8d, 0x7b,
  0xae, 0x7b, 0xad, 0x83, 0xae, 0x7b, 0xae, 0x83, 0xae, 0x83, 0xae, 0x83,
  0xce, 0x83, 0xae, 0x8b, 0xce, 0x83, 0xce, 0x8b, 0xcf, 0x83, 0xce, 0x8b,
  0xee, 0x83, 0xce, 0x8b, 0xef, 0x8b, 0xee, 0x8b, 0xef, 0x8b, 0xee, 0x93,
  0x0f, 0x8c, 0xef, 0x8b, 0x0f, 0x8c, 0xef, 0x93, 0x0f, 0x8c, 0x0f, 0x94,
  0x0f, 0x8c, 0x0f, 0x94, 0x0f, 0x8c, 0x0f, 0x94, 0x0f, 0x8c, 0xef, 0x93,
  0x0f, 0x8c, 0xef, 0x8b, 0x0f, 0x8c, 0xef, 0x8b, 0x0f, 0x8c, 0xef, 0x8b,
  0xef, 0x8b, 0xef, 0x8b, 0xef, 0x8b, 0xef, 0x8b, 0xef, 0x8b, 0xef, 0x8b,
  0x0f, 0x8c, 0xef, 0x8b, 0x0f, 0x8c, 0xef, 0x8b, 0x0f, 0x8c, 0xef, 0x8b,
  0x0f, 0x8c, 0xef, 0x8b, 0x0f, 0x8c, 0xee, 0x8b, 0x0f, 0x8c, 0xee, 0x8b,
  0xef, 0x8b, 0xef, 0x8b, 0xef, 0x8b, 0xce, 0x8b, 0xef, 0x83, 0xce, 0x8b,
  0xcf, 0x83, 0xce, 0x8b, 0xcf, 0x83, 0xce, 0x8b, 0xcf, 0x83, 0xce, 0x8b,
  0xce, 0x83, 0xce, 0x8b, 0xee, 0x83, 0xce, 0x8b, 0xef, 0x83, 0xee, 0x8b,
  0xef, 0x8b, 0xee, 0x8b, 0xef, 0x8b, 0xee, 0x8b, 0xef, 0x8b, 0xee, 0x8b,
  0xef, 0x8b, 0xee, 0x8b, 0xef, 0x8b, 0xee, 0x8b, 0xee, 0x8b, 0xee, 0x8b,
  0xee, 0x83, 0xee, 0x8b, 0xee, 0x83, 0xcd, 0x8b, 0xee, 0x83, 0xcd, 0x8b,
  0xae, 0x83, 0xad, 0x83, 0xad, 0x7b, 0xad, 0x83, 0xad, 0x7b, 0xad, 0x83,
  0xae, 0x7b, 0xad, 0x83, 0xae, 0x7b, 0xad, 0x83, 0xae, 0x7b, 0x8d, 0x83,
  0xad, 0x7b, 0x8d, 0x83, 0x8d, 0x7b, 0x8d, 0x7b, 0x8d, 0x7b, 0x6d, 0x7b,
  0x8d, 0x73, 0x6c, 0x7b, 0x6c, 0x73, 0x6c, 0x7b, 0x8c, 0x73, 0x6c, 0x7b,
  0x6c, 0x73, 0x4b, 0x73, 0x6a, 0x6b, 0x4a, 0x73, 0x69, 0x6b, 0x69, 0x6b,
  0x68, 0x6b, 0x47, 0x6b, 0x67, 0x63, 0x46, 0x6b, 0x45, 0x5b, 0x24, 0x63,
  0x43, 0x5b, 0x22, 0x5b, 0x22, 0x53, 0x21, 0x53, 0x21, 0x53, 0xe0, 0x52,
  0x01, 0x4b, 0xe0, 0x52, 0xe1, 0x4a, 0xc0, 0x4a, 0xe0, 0x42, 0xc0, 0x4a,
  0xc1, 0x42, 0xa0, 0x42, 0xc1, 0x42, 0x80, 0x42, 0x81, 0x3a, 0x80, 0x42,
  0x81, 0x3a, 0x60, 0x3a, 0x81, 0x32, 0x40, 0x3a, 0x61, 0x32, 0x40, 0x32,
  0x40, 0x32, 0x40, 0x32, 0x41, 0x32, 0x20, 0x3a, 0x41, 0x32, 0x20, 0x3a,
  0x40, 0x32, 0x40, 0x3a, 0x40, 0x32, 0x40, 0x3a, 0xca, 0x6a, 0xeb, 0x62,
  0xea, 0x6a, 0xeb, 0x62, 0xca, 0x6a, 0xeb, 0x62, 0xea, 0x6a, 0x0b, 0x63,
  0xea, 0x6a, 0x0b, 0x63, 0x0b, 0x6b, 0x0b, 0x6b, 0x0b, 0x6b, 0x2b, 0x6b,
  0x0b, 0x6b, 0x2b, 0x6b, 0x2b, 0x73, 0x2c, 0x6b, 0x2b, 0x73, 0x4c, 0x6b,
  0x2b, 0x73, 0x4c, 0x6b, 0x2b, 0x73, 0x4c, 0x6b, 0x2b, 0x73, 0x4c, 0x6b,
  0x2b, 0x73, 0x4c, 0x6b, 0x2c, 0x73, 0x4c, 0x73, 0x2c, 0x73, 0x4d, 0x73,
  0x4c, 0x7b, 0x6d, 0x73, 0x4c, 0x7b, 0x6d, 0x73, 0x6c, 0x7b, 0x8d, 0x7b,
  0x8c, 0x7b, 0xad, 0x7b, 0x8c, 0x83, 0xad, 0x7b, 0x8d, 0x83, 0xad, 0x7b,
  0xad, 0x83, 0xad, 0x83, 0xad, 0x8b, 0xce, 0x83, 0xcd, 0x8b, 0xce, 0x83,
  0xce, 0x8b, 0xee, 0x83, 0xce, 0x8b, 0xee, 0x8b, 0xce, 0x8b, 0xee, 0x8b,
  0xce, 0x8b, 0xee, 0x8b, 0xce, 0x8b, 0xce, 0x8b, 0xcd, 0x8b, 0xce, 0x8b,
  0xce, 0x8b, 0xce, 0x83, 0xcd, 0x8b, 0xce, 0x83, 0xad, 0x8b, 0xce, 0x83,
  0xad, 0x83, 0xce, 0x83, 0xad, 0x83, 0xee, 0x83, 0xce, 0x8b, 0xee, 0x83,
  0xce, 0x8b, 0xee, 0x8b, 0xee, 0x8b, 0xef, 0x8b, 0xee, 0x8b, 0xef, 0x8b,
  0xee, 0x93, 0x0f, 0x8c, 0xee, 0x93, 0x0f, 0x8c, 0xee, 0x93, 0xef, 0x8b,
  0xee, 0x8b, 0xee, 0x8b, 0xce, 0x8b, 0xee, 0x83, 0xce, 0x8b, 0xce, 0x83,
  0xce, 0x8b, 0xce, 0x83, 0xad, 0x8b, 0xce, 0x83, 0xad, 0x8b, 0xce, 0x83,
  0xce, 0x8b, 0xee, 0x83, 0xee, 0x8b, 0xee, 0x83, 0xee, 0x8b, 0x0e, 0x8c,
  0xee, 0x8b, 0xee, 0x8b, 0xee, 0x8b, 0x0e, 0x8c, 0xee, 0x8b, 0xee, 0x8b,
  0xee, 0x8b, 0xee, 0x8b, 0xee, 0x8b, 0xee, 0x8b, 0xce, 0x8b, 0xee, 0x8b,
  0xcd, 0x8b, 0xee, 0x83, 0xcd, 0x8b, 0xee, 0x83, 0xad, 0x8b, 0xce, 0x83,
  0xad, 0x8b, 0xce, 0x83, 0xad, 0x83, 0xad, 0x83, 0xad, 0x83, 0xcd, 0x83,
  0xad, 0x83, 0xae, 0x7b, 0xad, 0x83, 0xad, 0x7b, 0x8d, 0x83, 0xad, 0x7b,
  0x8c, 0x83, 0xad, 0x7b, 0x8c, 0x83, 0xad, 0x7b, 0x8c, 0x7b, 0x8c, 0x7b,
  0x8b, 0x7b, 0x8c, 0x7b, 0x8b, 0x7b, 0x8b, 0x7b, 0x8a, 0x7b, 0x8b, 0x7b,
  0x8a, 0x7b, 0x8a, 0x73, 0x89, 0x7b, 0x89, 0x73, 0x88, 0x73, 0xa8, 0x73,
  0x86, 0x73, 0x87, 0x6b, 0x65, 0x6b, 0x65, 0x63, 0x63, 0x63, 0x64, 0x5b,
  0x62, 0x63, 0x63, 0x5b, 0x41, 0x5b, 0x42, 0x53, 0x20, 0x53, 0x21, 0x53,
  0x20, 0x53, 0x20, 0x4b, 0xe0, 0x4a, 0xe0, 0x4a, 0xe0, 0x4a, 0xe0, 0x42,
  0xc0, 0x42, 0xe0, 0x42, 0xc0, 0x42, 0xc0, 0x3a, 0xa0, 0x42, 0xa0, 0x3a,
  0x80, 0x42, 0xa0, 0x3a, 0x80, 0x3a, 0x80, 0x3a, 0x80, 0x3a, 0x80, 0x3a,
  0x60, 0x3a, 0x80, 0x32, 0x60, 0x3a, 0x60, 0x3a, 0x60, 0x3a, 0x60, 0x3a,
  0x60, 0x3a, 0x80, 0x3a, 0x60, 0x3a, 0x60, 0x3a, 0x60, 0x3a, 0x80, 0x3a,
  0x60, 0x42, 0x80, 0x3a, 0x60, 0x42, 0x80, 0x3a, 0x60, 0x42, 0x80, 0x3a,
  0xcb, 0x62, 0xcb, 0x62, 0xcb, 0x62, 0xcb, 0x62, 0xeb, 0x62, 0xca, 0x62,
  0xeb, 0x62, 0xeb, 0x6a, 0xeb, 0x62, 0xeb, 0x6a, 0xeb, 0x62, 0xeb, 0x6a,
  0x0b, 0x63, 0xeb, 0x6a, 0x0b, 0x63, 0xeb, 0x6a, 0x0b, 0x63, 0xeb, 0x6a,
  0x0b, 0x63, 0xeb, 0x6a, 0x0c, 0x63, 0x0b, 0x6b, 0x2c, 0x6b, 0x0b, 0x6b,
  0x0c, 0x6b, 0x0c, 0x6b, 0x2c, 0x6b, 0x2c, 0x73, 0x4d, 0x73, 0x2c, 0x73,
  0x4c, 0x6b, 0x2c, 0x73, 0x4c, 0x73, 0x4c, 0x73, 0x6d, 0x73, 0x4c, 0x7b,
  0x6d, 0x73, 0x6c, 0x7b, 0x6d, 0x73, 0x6d, 0x7b, 0x8d, 0x7b, 0x8d, 0x7b,
  0xae, 0x7b, 0x8d, 0x83, 0xae, 0x7b, 0xad, 0x83, 0xae, 0x7b, 0xae, 0x83,
  0xae, 0x7b, 0xae, 0x83, 0xae, 0x7b, 0x8d, 0x83, 0xae, 0x7b, 0x8d, 0x83,
  0xae, 0x7b, 0x8d, 0x83, 0x8e, 0x7b, 0x8d, 0x83, 0xad, 0x7b, 0x8d, 0x83,
  0xae, 0x7b, 0x8d, 0x83, 0xae, 0x7b, 0x8d, 0x83, 0xae, 0x7b, 0xad, 0x83,
  0xae, 0x7b, 0xad, 0x83, 0xae, 0x7b, 0xae, 0x83, 0xce, 0x7b, 0xae, 0x83,
  0xce, 0x83, 0xae, 0x83, 0xce, 0x83, 0xae, 0x83, 0xae, 0x83, 0xae, 0x83,
  0xae, 0x83, 0xad, 0x83, 0xae, 0x7b, 0xad, 0x83, 0xae, 0x7b, 0x8d, 0x83,
  0xae, 0x7b, 0x8d, 0x83, 0xae, 0x7b, 0x8d, 0x83, 0xad, 0x7b, 0x8d, 0x83,
  0xae, 0x7b, 0xad, 0x83, 0xae, 0x83, 0xad, 0x83, 0xce, 0x83, 0xce, 0x8b,
  0xee, 0x83, 0xce, 0x8b, 0xef, 0x83, 0xce, 0x8b, 0xef, 0x83, 0xce, 0x8b,
  0xef, 0x83, 0xce, 0x8b, 0xee, 0x83, 0xce, 0x8b, 0xce, 0x83, 0xce, 0x83,
  0xce, 0x83, 0xae, 0x83, 0xce, 0x83, 0xad, 0x83, 0xae, 0x83, 0xae, 0x83,
  0xae, 0x7b, 0xad, 0x83, 0xae, 0x7b, 0xae, 0x83, 0xae, 0x83, 0xae, 0x83,
  0xae, 0x7b, 0xad, 0x83, 0xae, 0x7b, 0x8d, 0x83, 0xad, 0x7b, 0x8d, 0x83,
  0xad, 0x7b, 0x8c, 0x7b, 0xac, 0x7b, 0x8c, 0x7b, 0x8b, 0x73, 0x8b, 0x7b,
  0xab, 0x73, 0x8a, 0x7b, 0xaa, 0x73, 0x89, 0x7b, 0xa9, 0x73, 0x88, 0x73,
  0xa8, 0x73, 0x87, 0x73, 0xa7, 0x6b, 0x86, 0x73, 0xa6, 0x6b, 0x85, 0x73,
  0xa5, 0x6b, 0x84, 0x6b, 0x84, 0x63, 0x63, 0x6b, 0x63, 0x5b, 0x42, 0x63,
  0x62, 0x5b, 0x21, 0x5b, 0x41, 0x53, 0x00, 0x53, 0x01, 0x4b, 0xe0, 0x52,
  0x00, 0x4b, 0xc0, 0x4a, 0xe1, 0x42, 0xc0, 0x42, 0xc0, 0x3a, 0xa0, 0x42,
  0xa0, 0x3a, 0xa0, 0x42, 0xc1, 0x3a, 0xa0, 0x3a, 0xc1, 0x3a, 0xa0, 0x42,
  0xa1, 0x3a, 0xa0, 0x42, 0xa0, 0x3a, 0x80, 0x3a, 0xa0, 0x3a, 0x80, 0x3a,
  0xa0, 0x3a, 0x80, 0x42, 0xa0, 0x3a, 0x80, 0x42, 0xa0, 0x3a, 0x80, 0x3a,
  0x81, 0x3a, 0x80, 0x42, 0x81, 0x3a, 0x80, 0x42, 0x80, 0x3a, 0x80, 0x42,
  0x81, 0x3a, 0x80, 0x42, 0x81, 0x3a, 0x80, 0x42, 0x81, 0x3a, 0x80, 0x42,
  0x81, 0x3a, 0x60, 0x42, 0x81, 0x3a, 0x60, 0x42, 0x80, 0x3a, 0x60, 0x42,
  0x81, 0x3a, 0x60, 0x3a, 0xaa, 0x62, 0xcb, 0x62, 0xaa, 0x62, 0xca, 0x62,
  0xa9, 0x62, 0xca, 0x5a, 0xca, 0x62, 0xca, 0x62, 0xca, 0x62, 0xca, 0x62,
  0xca, 0x62, 0xea, 0x62, 0xca, 0x6a, 0xeb, 0x62, 0xea, 0x6a, 0x0b, 0x63,
  0xea, 0x6a, 0x0b, 0x63, 0x0b, 0x6b, 0x0b, 0x6b, 0x0b, 0x6b, 0x2b, 0x6b,
  0x0b, 0x6b, 0x2c, 0x6b, 0x0b, 0x73, 0x2c, 0x6b, 0x0b, 0x73, 0x2c, 0x6b,
  0x2b, 0x73, 0x4c, 0x73, 0x2b, 0x73, 0x4c, 0x73, 0x4b, 0x73, 0x6c, 0x73,
  0x4c, 0x7b, 0x6c, 0x73, 0x6c, 0x7b, 0x6c, 0x73, 0x6c, 0x7b, 0x6d, 0x73,
  0x6c, 0x7b, 0x8d, 0x7b, 0x6c, 0x7b, 0x8d, 0x7b, 0x6c, 0x7b, 0x8d, 0x7b,
  0x6d, 0x7b, 0x6d, 0x7b, 0x6d, 0x7b, 0x8d, 0x7b, 0x6c, 0x7b, 0x8d, 0x7b,
  0x6c, 0x7b, 0x8d, 0x7b, 0x8c, 0x7b, 0xad, 0x7b, 0x8d, 0x83, 0xad, 0x7b,
  0x8d, 0x83, 0xad, 0x7b, 0x8d, 0x83, 0xad, 0x7b, 0x8d, 0x83, 0xad, 0x7b,
  0x8d, 0x83, 0xad, 0x7b, 0x8c, 0x83, 0x8d, 0x7b, 0x8c, 0x7b, 0x8d, 0x7b,
  0x6c, 0x7b, 0x8d, 0x7b, 0x6c, 0x7b, 0x6d, 0x73, 0x6c, 0x7b, 0x6c, 0x73,
  0x4b, 0x7b, 0x6c, 0x73, 0x4c, 0x7b, 0x8d, 0x7b, 0x6c, 0x83, 0x8d, 0x7b,
  0x6c, 0x7b, 0x8d, 0x7b, 0x8c, 0x83, 0xad, 0x7b, 0xad, 0x83, 0xad, 0x83,
  0xad, 0x83, 0xce, 0x83, 0xcd, 0x8b, 0xce, 0x83, 0xad, 0x83, 0xce, 0x83,
  0xad, 0x8b, 0xce, 0x83, 0xad, 0x83, 0xce, 0x83, 0xad, 0x8b, 0xae, 0x83,
  0xad, 0x83, 0xae, 0x83, 0xad, 0x83, 0xad, 0x83, 0xad, 0x83, 0xad, 0x7b,
  0xad, 0x83, 0xad, 0x7b, 0xad, 0x83, 0xad, 0x83, 0xac, 0x83, 0xcd, 0x7b,
  0xac, 0x83, 0xad, 0x83, 0xac, 0x83, 0xad, 0x7b, 0xac, 0x83, 0xcc, 0x7b,
  0xab, 0x83, 0xab, 0x7b, 0xaa, 0x7b, 0xaa, 0x7b, 0xa9, 0x7b, 0xa9, 0x73,
  0x87, 0x73, 0xa7, 0x73, 0x86, 0x73, 0x86, 0x6b, 0x85, 0x6b, 0x85, 0x6b,
  0x84, 0x6b, 0x84, 0x6b, 0x63, 0x6b, 0x84, 0x63, 0x63, 0x6b, 0x63, 0x63,
  0x62, 0x63, 0x62, 0x5b, 0x41, 0x63, 0x41, 0x5b, 0x41, 0x5b, 0x41, 0x53,
  0x00, 0x5b, 0x20, 0x53, 0xe0, 0x52, 0xe0, 0x4a, 0xc0, 0x52, 0xe0, 0x4a,
  0xc0, 0x4a, 0xc0, 0x42, 0xa0, 0x4a, 0xc0, 0x42, 0xa0, 0x4a, 0xc0, 0x42,
  0xa0, 0x42, 0xa0, 0x42, 0xa0, 0x42, 0xc0, 0x42, 0xa0, 0x4a, 0xc0, 0x42,
  0xa0, 0x4a, 0xc0, 0x42, 0xa0, 0x4a, 0xc0, 0x42, 0xa0, 0x4a, 0xc0, 0x42,
  0xa0, 0x4a, 0xc0, 0x4a, 0xa0, 0x4a, 0xc0, 0x4a, 0xa0, 0x4a, 0xc0, 0x4a,
  0xc0, 0x4a, 0xc0, 0x42, 0xa0, 0x4a, 0xc0, 0x42, 0xa0, 0x4a, 0xc0, 0x42,
  0xa0, 0x42, 0xa0, 0x42, 0xa0, 0x42, 0xa0, 0x42, 0xa0, 0x42, 0xa0, 0x42,
  0x80, 0x42, 0xa0, 0x3a, 0x80, 0x42, 0xa0, 0x3a, 0x80, 0x42, 0xa0, 0x3a,
  0x80, 0x42, 0xa0, 0x3a, 0x80, 0x42, 0x80, 0x3a, 0x80, 0x42, 0x80, 0x3a,
  0x80, 0x42, 0x80, 0x42, 0x80, 0x42, 0x80, 0x42, 0xab, 0x5a, 0x8a, 0x62,
  0xab, 0x5a, 0x8a, 0x62, 0xab, 0x5a, 0xaa, 0x62, 0xcb, 0x5a, 0xca, 0x62,
  0xcb, 0x62, 0xca, 0x62, 0xeb, 0x62, 0xcb, 0x62, 0xeb, 0x62, 0xcb, 0x62,
  0x0b, 0x63, 0xeb, 0x6a, 0xec, 0x62, 0xeb, 0x6a, 0x0c, 0x6b, 0xeb, 0x6a,
  0x0c, 0x6b, 0xeb, 0x6a, 0x0c, 0x6b, 0x0b, 0x6b, 0x0c, 0x6b, 0x0b, 0x6b,
  0x2c, 0x6b, 0x0c, 0x73, 0x2c, 0x6b, 0x0c, 0x73, 0x2c, 0x6b, 0x0b, 0x73,
  0x2c, 0x6b, 0x0c, 0x73, 0x2c, 0x6b, 0x2c, 0x73, 0x2c, 0x6b, 0x2b, 0x73,
  0x2c, 0x6b, 0x2c, 0x73, 0x4c, 0x6b, 0x2c, 0x73, 0x4c, 0x6b, 0x2c, 0x73,
  0x4c, 0x73, 0x2c, 0x73, 0x4d, 0x73, 0x4c, 0x73, 0x6d, 0x73, 0x4c, 0x7b,
  0x6d, 0x73, 0x6c, 0x7b, 0x6d, 0x73, 0x6c, 0x7b, 0x8d, 0x73, 0x6c, 0x7b,
  0x8d, 0x73, 0x6c, 0x7b, 0x6d, 0x73, 0x6c, 0x7b, 0x6d, 0x73, 0x6c, 0x7b,
  0x6d, 0x7b, 0x6c, 0x7b, 0x8d, 0x7b, 0x8d, 0x83, 0xad, 0x7b, 0xad, 0x83,
  0xae, 0x7b, 0xad, 0x83, 0xae, 0x83, 0xad, 0x83, 0xae, 0x7b, 0x8d, 0x83,
  0x8e, 0x7b, 0x8d, 0x83, 0x8d, 0x7b, 0x6d, 0x7b, 0x8d, 0x7b, 0x6d, 0x7b,
  0x8d, 0x7b, 0x8d, 0x7b, 0xad, 0x7b, 0x8d, 0x7b, 0x8e, 0x7b, 0x8d, 0x83,
  0x8e, 0x7b, 0x8d, 0x83, 0x8e, 0x7b, 0x8d, 0x83, 0xae, 0x7b, 0x8d, 0x7b,
  0xae, 0x7b, 0x8d, 0x7b, 0x8d, 0x7b, 0x6d, 0x7b, 0x8d, 0x7b, 0x6d, 0x7b,
  0x8d, 0x7b, 0x6d, 0x7b, 0x8d, 0x7b, 0x6d, 0x7b, 0xad, 0x7b, 0x8d, 0x7b,
  0xad, 0x7b, 0xad, 0x83, 0xad, 0x7b, 0xac, 0x83, 0xcc, 0x7b, 0xcc, 0x83,
  0xeb, 0x7b, 0xcb, 0x83, 0xea, 0x7b, 0xc9, 0x7b, 0xe9, 0x73, 0xc8, 0x7b,
  0xe7, 0x73, 0xc7, 0x73, 0xe6, 0x73, 0xc6, 0x73, 0xc5, 0x6b, 0xa4, 0x73,
  0xc4, 0x6b, 0xa4, 0x6b, 0xc4, 0x63, 0xa3, 0x6b, 0xa3, 0x63, 0x82, 0x63,
  0x82, 0x5b, 0x62, 0x63, 0x62, 0x5b, 0x41, 0x5b, 0x42, 0x5b, 0x21, 0x5b,
  0x22, 0x53, 0x21, 0x5b, 0x21, 0x53, 0xe0, 0x52, 0x01, 0x4b, 0xe0, 0x52,
  0xe1, 0x4a, 0xc0, 0x52, 0xe0, 0x4a, 0xc0, 0x52, 0xc0, 0x4a, 0xc0, 0x52,
  0xe1, 0x4a, 0xc0, 0x4a, 0xe1, 0x4a, 0xc0, 0x4a, 0xc0, 0x4a, 0xc0, 0x4a,
  0xc0, 0x4a, 0xc0, 0x52, 0xe1, 0x4a, 0xc0, 0x52, 0xe1, 0x4a, 0xc0, 0x52,
  0xe0, 0x4a, 0xc0, 0x52, 0xe1, 0x4a, 0xc0, 0x52, 0xc0, 0x4a, 0xc0, 0x52,
  0xc1, 0x4a, 0xc0, 0x52, 0xc1, 0x4a, 0xc0, 0x4a, 0xc1, 0x4a, 0xa0, 0x4a,
  0xc1, 0x4a, 0xc0, 0x4a, 0xc1, 0x4a, 0xa0, 0x4a, 0xc1, 0x42, 0xa0, 0x4a,
  0xc1, 0x42, 0xa0, 0x42, 0xa1, 0x3a, 0x80, 0x42, 0x81, 0x3a, 0x60, 0x3a,
  0x80, 0x32, 0x80, 0x3a, 0x80, 0x3a, 0x60, 0x3a, 0x81, 0x3a, 0x60, 0x3a,
  0x60, 0x3a, 0x60, 0x3a, 0x60, 0x3a, 0x60, 0x3a, 0x60, 0x3a, 0x60, 0x3a,
  0x60, 0x3a, 0x60, 0x3a, 0x61, 0x3a, 0x60, 0x3a, 0x80, 0x3a, 0x60, 0x42,
  0xaa, 0x62, 0xaa, 0x62, 0xaa, 0x62, 0xca, 0x62, 0xaa, 0x62, 0xca, 0x62,
  0xca, 0x62, 0xca, 0x62, 0xca, 0x62, 0xeb, 0x62, 0xea, 0x6a, 0xeb, 0x62,
  0xea, 0x6a, 0x0b, 0x63, 0xea, 0x6a, 0x0b, 0x6b, 0xea, 0x6a, 0x0b, 0x6b,
  0xca, 0x6a, 0xeb, 0x62, 0xea, 0x6a, 0xeb, 0x62, 0xea, 0x6a, 0x0b, 0x6b,
  0xea, 0x6a, 0x0b, 0x6b, 0xea, 0x6a, 0x0b, 0x6b, 0xea, 0x6a, 0x0b, 0x6b,
  0xea, 0x6a, 0x0b, 0x6b, 0xea, 0x6a, 0xeb, 0x62, 0xea, 0x6a, 0x0b, 0x6b,
  0x0b, 0x6b, 0x0b, 0x6b, 0x0b, 0x6b, 0x2b, 0x6b, 0x0a, 0x73, 0x2b, 0x6b,
  0x0b, 0x73, 0x2b, 0x6b, 0x0a, 0x73, 0x2b, 0x6b, 0x0b, 0x73, 0x2b, 0x6b,
  0x0a, 0x6b, 0x2b, 0x6b, 0x0b, 0x73, 0x2b, 0x6b, 0x2b, 0x73, 0x4c, 0x73,
  0x2b, 0x73, 0x6c, 0x73, 0x6c, 0x7b, 0x6c, 0x73, 0x6c, 0x7b, 0x8d, 0x7b,
  0x6c, 0x83, 0x8d, 0x7b, 0x6c, 0x7b, 0x8d, 0x7b, 0x6c, 0x7b, 0x8d, 0x7b,
  0x6c, 0x7b, 0x8d, 0x7b, 0x6c, 0x7b, 0x6d, 0x7b, 0x6c, 0x7b, 0x6d, 0x7b,
  0x6c, 0x7b, 0x8d, 0x7b, 0x6c, 0x83, 0x8d, 0x7b, 0x6c, 0x7b, 0x8d, 0x7b,
  0x6c, 0x83, 0x8d, 0x7b, 0x6c, 0x7b, 0x6d, 0x73, 0x6c, 0x7b, 0x6d, 0x73,
  0x6c, 0x7b, 0x6d, 0x7b, 0x6c, 0x7b, 0x6c, 0x7b, 0x6c, 0x7b, 0x6d, 0x7b,
  0x6c, 0x7b, 0x8d, 0x7b, 0x6c, 0x7b, 0x8d, 0x7b, 0x6c, 0x7b, 0x8d, 0x7b,
  0x8c, 0x83, 0x8d, 0x7b, 0x8c, 0x83, 0xac, 0x7b, 0xac, 0x83, 0xac, 0x7b,
  0xab, 0x83, 0xcb, 0x7b, 0xc9, 0x83, 0xea, 0x7b, 0xe8, 0x83, 0xe9, 0x7b,
  0xe7, 0x7b, 0xe7, 0x73, 0xe5, 0x73, 0xe5, 0x73, 0xc4, 0x73, 0xc4, 0x6b,
  0xa3, 0x6b, 0xc3, 0x63, 0xa1, 0x6b, 0xa2, 0x63, 0xa1, 0x6b, 0xa1, 0x63,
  0x81, 0x63, 0x81, 0x5b, 0x60, 0x63, 0x61, 0x5b, 0x40, 0x5b, 0x40, 0x53,
  0x20, 0x5b, 0x20, 0x53, 0x20, 0x53, 0x20, 0x4b, 0x00, 0x53, 0x20, 0x4b,
  0x00, 0x53, 0x20, 0x53, 0x00, 0x53, 0x20, 0x53, 0x00, 0x5b, 0x20, 0x53,
  0x20, 0x5b, 0x20, 0x53, 0x00, 0x5b, 0x20, 0x53, 0x00, 0x5b, 0x20, 0x53,
  0x00, 0x5b, 0x20, 0x53, 0x20, 0x5b, 0x20, 0x53, 0x20, 0x5b, 0x20, 0x53,
  0x20, 0x5b, 0x20, 0x53, 0x20, 0x5b, 0x21, 0x53, 0x00, 0x5b, 0x20, 0x53,
  0x00, 0x53, 0x01, 0x53, 0xe0, 0x52, 0x01, 0x53, 0xe0, 0x52, 0x01, 0x53,
  0xe0, 0x52, 0x01, 0x53, 0xe0, 0x52, 0x01, 0x4b, 0xe0, 0x52, 0x00, 0x4b,
  0xe0, 0x52, 0xe0, 0x4a, 0xe0, 0x4a, 0xe0, 0x4a, 0xc0, 0x4a, 0xc0, 0x42,
  0xa0, 0x4a, 0xa0, 0x42, 0xa0, 0x42, 0xa0, 0x42, 0x80, 0x42, 0x80, 0x3a,
  0x80, 0x42, 0x80, 0x3a, 0x80, 0x42, 0x80, 0x3a, 0x80, 0x42, 0x80, 0x3a,
  0x60, 0x42, 0x80, 0x3a, 0x60, 0x42, 0x80, 0x3a, 0x60, 0x3a, 0x60, 0x3a,
  0x60, 0x3a, 0x60, 0x3a, 0x40, 0x3a, 0x60, 0x32, 0x40, 0x3a, 0x60, 0x32,
  0x40, 0x3a, 0x60, 0x32, 0xca, 0x5a, 0xaa, 0x62, 0xca, 0x5a, 0xaa, 0x62,
  0xca, 0x5a, 0xaa, 0x62, 0xcb, 0x5a, 0xca, 0x62, 0xcb, 0x5a, 0xca, 0x62,
  0xca, 0x62, 0xaa, 0x62, 0xca, 0x62, 0xaa, 0x62, 0xca, 0x5a, 0xaa, 0x62,
  0xca, 0x62, 0xaa, 0x62, 0xca, 0x5a, 0xaa, 0x62, 0xca, 0x62, 0xaa, 0x62,
  0xca, 0x62, 0xca, 0x62, 0xca, 0x62, 0xca, 0x62, 0xcb, 0x62, 0xca, 0x6a,
  0xea, 0x62, 0xca, 0x6a, 0xea, 0x62, 0xca, 0x6a, 0xcb, 0x62, 0xca, 0x62,
  0xcb, 0x62, 0xca, 0x6a, 0xeb, 0x62, 0xca, 0x6a, 0xeb, 0x62, 0xca, 0x6a,
  0xeb, 0x62, 0xca, 0x6a, 0xcb, 0x62, 0xca, 0x62, 0xcb, 0x62, 0xca, 0x62,
  0xcb, 0x62, 0xaa, 0x62, 0xcb, 0x62, 0xaa, 0x62, 0xeb, 0x62, 0xca, 0x6a,
  0xeb, 0x62, 0xcb, 0x6a, 0x0b, 0x63, 0xeb, 0x6a, 0x0c, 0x6b, 0x0b, 0x6b,
  0x0c, 0x6b, 0x0c, 0x73, 0x2c, 0x6b, 0x0b, 0x73, 0x2c, 0x6b, 0x2b, 0x73,
  0x2c, 0x6b, 0x2b, 0x73, 0x2c, 0x73, 0x2c, 0x73, 0x4c, 0x73, 0x2c, 0x73,
  0x4c, 0x73, 0x2c, 0x73, 0x4c, 0x73, 0x4c, 0x7b, 0x4c, 0x73, 0x2c, 0x7b,
  0x4d, 0x73, 0x4c, 0x7b, 0x6c, 0x73, 0x4c, 0x73, 0x4d, 0x73, 0x2c, 0x7b,
  0x6d, 0x73, 0x4c, 0x7b, 0x4d, 0x73, 0x4c, 0x7b, 0x6d, 0x73, 0x4c, 0x7b,
  0x6d, 0x73, 0x6c, 0x7b, 0x8c, 0x7b, 0x6c, 0x7b, 0xac, 0x7b, 0xab, 0x7b,
  0xab, 0x7b, 0xab, 0x83, 0xea, 0x7b, 0xca, 0x83, 0xe9, 0x7b, 0xc8, 0x7b,
  0xe7, 0x7b, 0xc7, 0x7b, 0xe6, 0x73, 0xe6, 0x7b, 0xe5, 0x73, 0xe4, 0x73,
  0xe4, 0x6b, 0xc3, 0x73, 0xe4, 0x6b, 0xc3, 0x6b, 0xc3, 0x63, 0xa2, 0x6b,
  0xa2, 0x63, 0x82, 0x63, 0x82, 0x5b, 0x81, 0x63, 0x81, 0x5b, 0x60, 0x5b,
  0x61, 0x53, 0x40, 0x5b, 0x61, 0x53, 0x40, 0x5b, 0x41, 0x53, 0x20, 0x5b,
  0x21, 0x53, 0x20, 0x53, 0x21, 0x53, 0x20, 0x53, 0x21, 0x53, 0x00, 0x53,
  0x20, 0x4b, 0x00, 0x53, 0x21, 0x4b, 0x20, 0x53, 0x20, 0x4b, 0x20, 0x53,
  0x40, 0x53, 0x40, 0x53, 0x60, 0x53, 0x40, 0x53, 0x40, 0x53, 0x40, 0x53,
  0x41, 0x53, 0x20, 0x53, 0x41, 0x53, 0x20, 0x53, 0x21, 0x4b, 0x20, 0x53,
  0x21, 0x4b, 0x20, 0x53, 0x21, 0x4b, 0x20, 0x53, 0x21, 0x4b, 0x00, 0x53,
  0x21, 0x4b, 0x00, 0x53, 0x01, 0x4b, 0xe0, 0x4a, 0x00, 0x4b, 0xc0, 0x4a,
  0xe0, 0x42, 0xc0, 0x4a, 0xe0, 0x42, 0xc0, 0x4a, 0xe0, 0x42, 0xc0, 0x4a,
  0xc0, 0x42, 0xc0, 0x4a, 0xc1, 0x42, 0xa0, 0x4a, 0xc1, 0x4a, 0xc0, 0x4a,
  0xc1, 0x4a, 0xc0, 0x4a, 0xc1, 0x4a, 0xc1, 0x52, 0xc1, 0x4a, 0xc1, 0x52,
  0xc1, 0x4a, 0xc0, 0x4a, 0xc1, 0x4a, 0xc0, 0x4a, 0xc1, 0x4a, 0xa0, 0x4a,
  0xc1, 0x42, 0xa0, 0x4a, 0xa0, 0x42, 0x80, 0x42, 0xa0, 0x3a, 0x80, 0x42,
  0x81, 0x32, 0x80, 0x3a, 0x81, 0x32, 0x60, 0x3a, 0x81, 0x32, 0x60, 0x3a,
  0x41, 0x32, 0x40, 0x3a, 0x41, 0x32, 0x20, 0x3a, 0xa9, 0x62, 0xaa, 0x5a,
  0xa9, 0x62, 0xaa, 0x5a, 0x89, 0x62, 0xaa, 0x5a, 0x89, 0x62, 0xaa, 0x5a,
  0xa9, 0x62, 0xca, 0x5a, 0xa9, 0x62, 0xca, 0x5a, 0xa9, 0x62, 0xca, 0x62,
  0xa9, 0x62, 0xca, 0x62, 0xa9, 0x62, 0xca, 0x5a, 0xa9, 0x62, 0xca, 0x62,
  0xca, 0x62, 0xca, 0x62, 0xca, 0x6a, 0xca, 0x62, 0xca, 0x62, 0xca, 0x62,
  0xca, 0x62, 0xca, 0x62, 0xca, 0x6a, 0xca, 0x62, 0xca, 0x62, 0xca, 0x62,
  0xaa, 0x62, 0xca, 0x62, 0xaa, 0x62, 0xaa, 0x5a, 0x89, 0x62, 0xaa, 0x5a,
  0xaa, 0x62, 0xaa, 0x5a, 0x89, 0x62, 0xaa, 0x62, 0xaa, 0x62, 0xca, 0x62,
  0xaa, 0x62, 0xca, 0x62, 0xaa, 0x62, 0xca, 0x62, 0xca, 0x6a, 0xcb, 0x62,
  0xca, 0x6a, 0xeb, 0x62, 0xca, 0x6a, 0xeb, 0x62, 0xeb, 0x6a, 0xeb, 0x6a,
  0xeb, 0x6a, 0x0c, 0x6b, 0x0b, 0x73, 0x2b, 0x6b, 0x2b, 0x73, 0x2c, 0x6b,
  0x2b, 0x73, 0x4c, 0x73, 0x2b, 0x73, 0x4c, 0x73, 0x2b, 0x73, 0x2c, 0x73,
  0x2b, 0x73, 0x2c, 0x73, 0x2b, 0x73, 0x2b, 0x6b, 0x0b, 0x73, 0x2b, 0x6b,
  0x2b, 0x73, 0x2c, 0x73, 0x2b, 0x73, 0x4c, 0x73, 0x2b, 0x73, 0x4b, 0x73,
  0x4b, 0x7b, 0x6b, 0x73, 0x8a, 0x7b, 0xab, 0x7b, 0x8a, 0x83, 0xab, 0x7b,
  0xc9, 0x7b, 0xe9, 0x7b, 0xe8, 0x83, 0x08, 0x7c, 0x07, 0x84, 0x27, 0x7c,
  0x06, 0x84, 0x26, 0x7c, 0x24, 0x7c, 0x45, 0x7c, 0x24, 0x7c, 0x04, 0x74,
  0xe3, 0x7b, 0x03, 0x74, 0xe3, 0x73, 0xe3, 0x73, 0xe2, 0x73, 0xe3, 0x6b,
  0xc2, 0x73, 0xe3, 0x6b, 0xc2, 0x6b, 0xc3, 0x6b, 0xa2, 0x6b, 0xc3, 0x6b,
  0xc2, 0x6b, 0xc3, 0x6b, 0xa2, 0x6b, 0xa3, 0x63, 0x82, 0x6b, 0xa3, 0x63,
  0x82, 0x6b, 0x82, 0x63, 0x61, 0x63, 0x82, 0x63, 0x61, 0x63, 0x61, 0x5b,
  0x40, 0x63, 0x61, 0x5b, 0x40, 0x5b, 0x41, 0x5b, 0x40, 0x5b, 0x40, 0x53,
  0x20, 0x5b, 0x20, 0x53, 0x20, 0x53, 0x20, 0x4b, 0x00, 0x53, 0x20, 0x4b,
  0xe0, 0x52, 0x00, 0x4b, 0xe0, 0x4a, 0x00, 0x4b, 0x00, 0x53, 0x00, 0x4b,
  0xe0, 0x52, 0x00, 0x4b, 0xe0, 0x52, 0x00, 0x4b, 0xe0, 0x4a, 0x00, 0x4b,
  0x00, 0x53, 0x21, 0x4b, 0x00, 0x53, 0x21, 0x4b, 0x00, 0x53, 0x21, 0x4b,
  0x00, 0x53, 0x21, 0x4b, 0x00, 0x53, 0x01, 0x4b, 0xe0, 0x52, 0x00, 0x4b,
  0xe0, 0x52, 0x00, 0x4b, 0xe0, 0x52, 0x01, 0x4b, 0xe1, 0x52, 0x01, 0x4b,
  0xe1, 0x52, 0x01, 0x53, 0xe1, 0x52, 0x01, 0x53, 0xe1, 0x52, 0x01, 0x53,
  0xe1, 0x52, 0x01, 0x53, 0xe1, 0x52, 0x01, 0x4b, 0xe0, 0x52, 0x01, 0x4b,
  0xe0, 0x52, 0xe1, 0x4a, 0xe0, 0x4a, 0xe0, 0x4a, 0xe0, 0x4a, 0xe0, 0x4a,
  0xc0, 0x4a, 0xc0, 0x42, 0xa0, 0x4a, 0xc0, 0x42, 0xa0, 0x4a, 0xc0, 0x42,
  0xa0, 0x4a, 0xc0, 0x42, 0xa0, 0x4a, 0xa0, 0x42, 0xa0, 0x42, 0xa0, 0x42,
  0x80, 0x42, 0x80, 0x3a, 0x80, 0x42, 0x80, 0x3a, 0x60, 0x42, 0x80, 0x3a,
  0x8a, 0x5a, 0x89, 0x5a, 0xaa, 0x5a, 0x89, 0x5a, 0xaa, 0x5a, 0x89, 0x5a,
  0xaa, 0x5a, 0x89, 0x5a, 0xaa, 0x5a, 0xaa, 0x62, 0xaa, 0x5a, 0x8a, 0x62,
  0xaa, 0x5a, 0x8a, 0x62, 0xaa, 0x5a, 0x8a, 0x5a, 0xaa, 0x5a, 0x8a, 0x5a,
  0xaa, 0x5a, 0x89, 0x5a, 0x8a, 0x52, 0x89, 0x5a, 0x8a, 0x52, 0x89, 0x5a,
  0x8a, 0x52, 0x69, 0x5a, 0x8a, 0x52, 0x69, 0x5a, 0x8a, 0x52, 0x89, 0x5a,
  0x8a, 0x52, 0x89, 0x5a, 0x8a, 0x5a, 0x8a, 0x5a, 0xaa, 0x5a, 0x8a, 0x5a,
  0xaa, 0x5a, 0x8a, 0x62, 0xaa, 0x5a, 0xaa, 0x62, 0xca, 0x5a, 0xaa, 0x62,
  0xcb, 0x5a, 0xca, 0x62, 0xcb, 0x62, 0xcb, 0x6a, 0xcb, 0x62, 0xcb, 0x6a,
  0xeb, 0x62, 0xcb, 0x6a, 0xeb, 0x62, 0xcb, 0x6a, 0x0b, 0x63, 0xeb, 0x6a,
  0x0b, 0x6b, 0xeb, 0x6a, 0x0b, 0x6b, 0xeb, 0x6a, 0x0b, 0x6b, 0xeb, 0x6a,
  0x0b, 0x6b, 0xeb, 0x6a, 0xeb, 0x6a, 0xea, 0x6a, 0xeb, 0x6a, 0xea, 0x6a,
  0x0b, 0x6b, 0xea, 0x6a, 0x0b, 0x6b, 0x0a, 0x6b, 0x2b, 0x6b, 0x0a, 0x73,
  0x2a, 0x6b, 0x2a, 0x73, 0x6a, 0x6b, 0x69, 0x73, 0x89, 0x73, 0x89, 0x7b,
  0xa8, 0x73, 0xa7, 0x7b, 0xc7, 0x73, 0xc6, 0x7b, 0xe6, 0x73, 0xc5, 0x73,
  0xe5, 0x73, 0xc4, 0x73, 0xe4, 0x6b, 0xc3, 0x73, 0xe3, 0x6b, 0xc2, 0x6b,
  0xc2, 0x63, 0xa2, 0x6b, 0xa2, 0x63, 0x81, 0x63, 0x82, 0x5b, 0x81, 0x63,
  0x82, 0x5b, 0x61, 0x63, 0x82, 0x5b, 0x61, 0x5b, 0x62, 0x5b, 0x62, 0x63,
  0x62, 0x5b, 0x42, 0x63, 0x63, 0x5b, 0x62, 0x63, 0x63, 0x5b, 0x62, 0x63,
  0x63, 0x5b, 0x63, 0x63, 0x83, 0x5b, 0x62, 0x63, 0x63, 0x5b, 0x62, 0x63,
  0x62, 0x5b, 0x41, 0x5b, 0x41, 0x5b, 0x20, 0x5b, 0x21, 0x53, 0x20, 0x5b,
  0x21, 0x53, 0x20, 0x5b, 0x20, 0x53, 0x20, 0x53, 0x21, 0x53, 0x00, 0x53,
  0x21, 0x4b, 0x00, 0x4b, 0x00, 0x4b, 0xe0, 0x4a, 0x01, 0x43, 0xe0, 0x4a,
  0xe0, 0x42, 0xc0, 0x42, 0xc0, 0x42, 0xc0, 0x4a, 0xe0, 0x42, 0xc0, 0x42,
  0xc1, 0x42, 0xa0, 0x42, 0xc1, 0x42, 0xa0, 0x42, 0xc1, 0x42, 0xa0, 0x42,
  0xc1, 0x42, 0xc0, 0x4a, 0xe1, 0x42, 0xc0, 0x4a, 0xe1, 0x4a, 0xe1, 0x4a,
  0x02, 0x4b, 0xe1, 0x52, 0x02, 0x4b, 0x02, 0x53, 0x22, 0x4b, 0x02, 0x53,
  0x22, 0x53, 0x02, 0x53, 0x03, 0x53, 0x02, 0x53, 0x02, 0x53, 0x02, 0x53,
  0x02, 0x53, 0x02, 0x53, 0xe2, 0x4a, 0xc2, 0x52, 0xe2, 0x4a, 0xc1, 0x4a,
  0xe2, 0x4a, 0xc1, 0x4a, 0xc1, 0x42, 0xc1, 0x4a, 0xc1, 0x42, 0xa0, 0x4a,
  0xc1, 0x42, 0xa0, 0x4a, 0xc1, 0x42, 0xa0, 0x4a, 0xc1, 0x42, 0xa0, 0x42,
  0xc1, 0x42, 0xc1, 0x4a, 0xc1, 0x42, 0xa1, 0x4a, 0xa1, 0x42, 0x80, 0x42,
  0xa1, 0x3a, 0x80, 0x42, 0x81, 0x3a, 0x80, 0x42, 0x81, 0x3a, 0x80, 0x42,
  0x81, 0x3a, 0x60, 0x42, 0x81, 0x3a, 0x60, 0x3a, 0x81, 0x3a, 0x60, 0x3a,
  0x61, 0x3a, 0x40, 0x3a, 0x89, 0x5a, 0x8a, 0x5a, 0x89, 0x5a, 0x89, 0x5a,
  0x89, 0x5a, 0x89, 0x5a, 0x89, 0x5a, 0x8a, 0x5a, 0x69, 0x5a, 0x89, 0x52,
  0x68, 0x5a, 0x89, 0x52, 0x68, 0x5a, 0x69, 0x52, 0x69, 0x5a, 0x69, 0x52,
  0x48, 0x5a, 0x69, 0x52, 0x48, 0x5a, 0x48, 0x52, 0x48, 0x52, 0x69, 0x52,
  0x68, 0x5a, 0x89, 0x5a, 0x89, 0x5a, 0x89, 0x5a, 0x89, 0x62, 0x8a, 0x5a,
  0x89, 0x62, 0xaa, 0x5a, 0x89, 0x62, 0xaa, 0x5a, 0x89, 0x62, 0xaa, 0x5a,
  0xaa, 0x62, 0xaa, 0x62, 0xaa, 0x62, 0xaa, 0x62, 0xa9, 0x62, 0xca, 0x62,
  0xa9, 0x62, 0xca, 0x62, 0xc9, 0x62, 0xca, 0x62, 0xc9, 0x62, 0xca, 0x62,
  0xca, 0x6a, 0xca, 0x62, 0xca, 0x6a, 0xea, 0x62, 0xca, 0x6a, 0xeb, 0x6a,
  0xea, 0x6a, 0xea, 0x6a, 0xea, 0x6a, 0x0a, 0x6b, 0xea, 0x6a, 0x0a, 0x6b,
  0xea, 0x6a, 0x0a, 0x6b, 0xe9, 0x6a, 0x0a, 0x6b, 0xe9, 0x6a, 0x0a, 0x6b,
  0x09, 0x73, 0x2a, 0x6b, 0x48, 0x73, 0x69, 0x73, 0x67, 0x73, 0x68, 0x6b,
  0x66, 0x73, 0x87, 0x73, 0x86, 0x73, 0xa6, 0x73, 0xa4, 0x73, 0xc5, 0x6b,
  0xa3, 0x73, 0xc4, 0x73, 0xc3, 0x73, 0xc3, 0x6b, 0xa2, 0x6b, 0xc3, 0x6b,
  0xa2, 0x6b, 0xa2, 0x63, 0x81, 0x63, 0x81, 0x5b, 0x60, 0x63, 0x61, 0x5b,
  0x40, 0x5b, 0x40, 0x53, 0x20, 0x5b, 0x20, 0x53, 0x20, 0x5b, 0x21, 0x53,
  0x20, 0x5b, 0x21, 0x53, 0x21, 0x5b, 0x42, 0x53, 0x41, 0x5b, 0x42, 0x53,
  0x21, 0x5b, 0x21, 0x53, 0x20, 0x5b, 0x21, 0x53, 0x20, 0x5b, 0x21, 0x53,
  0x20, 0x5b, 0x41, 0x53, 0x20, 0x5b, 0x21, 0x53, 0x20, 0x5b, 0x40, 0x53,
  0x20, 0x5b, 0x41, 0x53, 0x40, 0x5b, 0x61, 0x5b, 0x40, 0x5b, 0x61, 0x5b,
  0x61, 0x63, 0x61, 0x5b, 0x61, 0x63, 0x61, 0x5b, 0x61, 0x5b, 0x61, 0x53,
  0x40, 0x5b, 0x40, 0x53, 0x20, 0x53, 0x20, 0x4b, 0x20, 0x53, 0x20, 0x4b,
  0x00, 0x53, 0x00, 0x4b, 0xe0, 0x4a, 0xe0, 0x4a, 0xc0, 0x4a, 0xe0, 0x42,
  0xc0, 0x4a, 0xe1, 0x42, 0xc0, 0x4a, 0xc0, 0x42, 0xc0, 0x4a, 0xe1, 0x42,
  0xc0, 0x4a, 0xe1, 0x4a, 0xc0, 0x4a, 0xe1, 0x4a, 0xe1, 0x4a, 0x01, 0x4b,
  0xe1, 0x52, 0x02, 0x4b, 0xe1, 0x52, 0x02, 0x4b, 0xe2, 0x52, 0x02, 0x4b,
  0xe2, 0x52, 0x02, 0x4b, 0xe2, 0x52, 0x02, 0x4b, 0xe1, 0x52, 0xe2, 0x4a,
  0xc1, 0x4a, 0xe1, 0x4a, 0xc1, 0x4a, 0xe1, 0x4a, 0xc1, 0x4a, 0xc1, 0x4a,
  0xc1, 0x4a, 0xe1, 0x4a, 0xc1, 0x52, 0xc1, 0x4a, 0xc1, 0x52, 0xc1, 0x4a,
  0x80, 0x4a, 0xc1, 0x4a, 0xa1, 0x4a, 0xc1, 0x4a, 0xa1, 0x4a, 0xc1, 0x42,
  0x80, 0x42, 0xa1, 0x42, 0x80, 0x42, 0xa0, 0x42, 0x80, 0x42, 0xa1, 0x42,
  0x80, 0x42, 0xa0, 0x42, 0x80, 0x42, 0x80, 0x3a, 0x60, 0x42, 0x60, 0x3a,
  0x60, 0x3a, 0x60, 0x3a, 0x60, 0x3a, 0x60, 0x3a, 0x40, 0x3a, 0x60, 0x3a,
  0x40, 0x3a, 0x60, 0x3a, 0x40, 0x3a, 0x60, 0x3a
};
unsigned int psrcar565_raw_len = 45200;
