
/Users/newuser/pico_drawlib/build/pico_canlib.elf:     file format elf32-littlearm

Sections:
Idx Name          Size      VMA       LMA       File off  Algn
  0 .text         00001b60  10000000  10000000  00001000  2**3
                  CONTENTS, ALLOC, LOAD, READONLY, CODE
  1 .rodata       00000108  10001b60  10001b60  00002b60  2**2
                  CONTENTS, ALLOC, LOAD, READONLY, DATA
  2 .ARM.exidx    00000008  10001c68  10001c68  00002c68  2**2
                  CONTENTS, ALLOC, LOAD, READONLY, DATA
  3 .binary_info  00000020  10001c70  10001c70  00002c70  2**2
                  CONTENTS, ALLOC, LOAD, READONLY, DATA
  4 .ram_vector_table 00000110  20000000  20000000  00005000  2**2
                  ALLOC
  5 .uninitialized_data 00000000  20000110  20000110  00004044  2**0
                  CONTENTS
  6 .data         000003a0  20000110  10001c90  00003110  2**3
                  CONTENTS, ALLOC, LOAD, READONLY, CODE
  7 .tdata        00000000  200004b0  200004b0  00004044  2**0
                  CONTENTS, ALLOC, LOAD, DATA, THREAD_LOCAL
  8 .tbss         00000000  200004b0  200004b0  00000000  2**0
                  ALLOC, THREAD_LOCAL
  9 .bss          00000558  200004b0  10002030  000044b0  2**3
                  ALLOC
 10 .heap         00000800  20000a08  10002030  00004a08  2**2
                  ALLOC, READONLY
 11 .scratch_x    00000000  20080000  20080000  00004044  2**0
                  CONTENTS
 12 .scratch_y    00000000  20081000  20081000  00004044  2**0
                  CONTENTS
 13 .stack_dummy  00000800  20081000  20081000  00005000  2**5
                  ALLOC, READONLY
 14 .flash_end    00000014  10002030  10002030  00004030  2**2
                  CONTENTS, ALLOC, LOAD, READONLY, DATA
 15 .ARM.attributes 00000034  00000000  00000000  00004044  2**0
                  CONTENTS, READONLY
 16 .comment      00000045  00000000  00000000  00004078  2**0
                  CONTENTS, READONLY
 17 .debug_info   00021051  00000000  00000000  000040bd  2**0
                  CONTENTS, READONLY, DEBUGGING, OCTETS
 18 .debug_abbrev 00005710  00000000  00000000  0002510e  2**0
                  CONTENTS, READONLY, DEBUGGING, OCTETS
 19 .debug_loclists 00010341  00000000  00000000  0002a81e  2**0
                  CONTENTS, READONLY, DEBUGGING, OCTETS
 20 .debug_aranges 00000b18  00000000  00000000  0003ab60  2**3
                  CONTENTS, READONLY, DEBUGGING, OCTETS
 21 .debug_rnglists 0000319d  00000000  00000000  0003b678  2**0
                  CONTENTS, READONLY, DEBUGGING, OCTETS
 22 .debug_line   000164a1  00000000  00000000  0003e815  2**0
                  CONTENTS, READONLY, DEBUGGING, OCTETS
 23 .debug_str    0000548b  00000000  00000000  00054cb6  2**0
                  CONTENTS, READONLY, DEBUGGING, OCTETS
 24 .debug_frame  000020fc  00000000  00000000  0005a144  2**2
                  CONTENTS, READONLY, DEBUGGING, OCTETS
 25 .debug_line_str 00000157  00000000  00000000  0005c240  2**0
                  CONTENTS, READONLY, DEBUGGING, OCTETS

/Users/newuser/pico_drawlib/build/pico_canlib.elf:     file format elf32-littlearm


Disassembly of section .text:

10000000 <__VECTOR_TABLE>:
10000000:	20082000 	.word	0x20082000
10000004:	1000015d 	.word	0x1000015d
10000008:	1000011b 	.word	0x1000011b
1000000c:	1000011d 	.word	0x1000011d
10000010:	10000111 	.word	0x10000111
10000014:	10000111 	.word	0x10000111
10000018:	10000111 	.word	0x10000111
1000001c:	10000111 	.word	0x10000111
10000020:	10000119 	.word	0x10000119
10000024:	10000119 	.word	0x10000119
10000028:	10000119 	.word	0x10000119
1000002c:	1000011f 	.word	0x1000011f
10000030:	10000111 	.word	0x10000111
10000034:	10000119 	.word	0x10000119
10000038:	10000121 	.word	0x10000121
1000003c:	10000123 	.word	0x10000123
10000040:	10000111 	.word	0x10000111
10000044:	10000111 	.word	0x10000111
10000048:	10000111 	.word	0x10000111
1000004c:	10000111 	.word	0x10000111
10000050:	10000111 	.word	0x10000111
10000054:	10000111 	.word	0x10000111
10000058:	10000111 	.word	0x10000111
1000005c:	10000111 	.word	0x10000111
10000060:	10000111 	.word	0x10000111
10000064:	10000111 	.word	0x10000111
10000068:	10000111 	.word	0x10000111
1000006c:	10000111 	.word	0x10000111
10000070:	10000111 	.word	0x10000111
10000074:	10000111 	.word	0x10000111
10000078:	10000111 	.word	0x10000111
1000007c:	10000111 	.word	0x10000111
10000080:	10000111 	.word	0x10000111
10000084:	10000111 	.word	0x10000111
10000088:	10000111 	.word	0x10000111
1000008c:	10000111 	.word	0x10000111
10000090:	10000111 	.word	0x10000111
10000094:	10000111 	.word	0x10000111
10000098:	10000111 	.word	0x10000111
1000009c:	10000111 	.word	0x10000111
100000a0:	10000111 	.word	0x10000111
100000a4:	10000111 	.word	0x10000111
100000a8:	10000111 	.word	0x10000111
100000ac:	10000111 	.word	0x10000111
100000b0:	10000111 	.word	0x10000111
100000b4:	10000111 	.word	0x10000111
100000b8:	10000111 	.word	0x10000111
100000bc:	10000111 	.word	0x10000111
100000c0:	10000111 	.word	0x10000111
100000c4:	10000111 	.word	0x10000111
100000c8:	10000111 	.word	0x10000111
100000cc:	10000111 	.word	0x10000111
100000d0:	10000111 	.word	0x10000111
100000d4:	10000111 	.word	0x10000111
100000d8:	10000111 	.word	0x10000111
100000dc:	10000111 	.word	0x10000111
100000e0:	10000111 	.word	0x10000111
100000e4:	10000111 	.word	0x10000111
100000e8:	10000111 	.word	0x10000111
100000ec:	10000111 	.word	0x10000111
100000f0:	10000111 	.word	0x10000111
100000f4:	10000111 	.word	0x10000111
100000f8:	10000111 	.word	0x10000111
100000fc:	10000111 	.word	0x10000111
10000100:	10000111 	.word	0x10000111
10000104:	10000111 	.word	0x10000111
10000108:	10000111 	.word	0x10000111
1000010c:	10000111 	.word	0x10000111

10000110 <__unhandled_user_irq>:
10000110:	f3ef 8005 	mrs	r0, IPSR
10000114:	3810      	subs	r0, #16

10000116 <unhandled_user_irq_num_in_r0>:
10000116:	be00      	bkpt	0x0000

10000118 <isr_invalid>:
10000118:	be00      	bkpt	0x0000

1000011a <isr_nmi>:
1000011a:	be00      	bkpt	0x0000

1000011c <isr_hardfault>:
1000011c:	be00      	bkpt	0x0000

1000011e <isr_svcall>:
1000011e:	be00      	bkpt	0x0000

10000120 <isr_pendsv>:
10000120:	be00      	bkpt	0x0000

10000122 <isr_systick>:
10000122:	be00      	bkpt	0x0000

10000124 <__default_isrs_end>:
10000124:	7188ebf2 	.word	0x7188ebf2
10000128:	10001c70 	.word	0x10001c70
1000012c:	10001c90 	.word	0x10001c90
10000130:	100001a0 	.word	0x100001a0
10000134:	e71aa390 	.word	0xe71aa390

10000138 <__binary_info_header_end>:
10000138:	ffffded3 	.word	0xffffded3
1000013c:	10210142 	.word	0x10210142
10000140:	000001ff 	.word	0x000001ff
10000144:	00001ef8 	.word	0x00001ef8
10000148:	ab123579 	.word	0xab123579

1000014c <_entry_point>:
1000014c:	f04f 0000 	mov.w	r0, #0

10000150 <_enter_vtable_in_r0>:
10000150:	491e      	ldr	r1, [pc, #120]	@ (100001cc <data_cpy_table+0x2c>)
10000152:	6008      	str	r0, [r1, #0]
10000154:	c806      	ldmia	r0!, {r1, r2}
10000156:	f381 8808 	msr	MSP, r1
1000015a:	4710      	bx	r2

1000015c <_reset_handler>:
1000015c:	f04f 4050 	mov.w	r0, #3489660928	@ 0xd0000000
10000160:	6800      	ldr	r0, [r0, #0]
10000162:	b110      	cbz	r0, 1000016a <hold_non_core0_in_bootrom+0x6>

10000164 <hold_non_core0_in_bootrom>:
10000164:	f04f 0000 	mov.w	r0, #0
10000168:	e7f2      	b.n	10000150 <_enter_vtable_in_r0>
1000016a:	a40d      	add	r4, pc, #52	@ (adr r4, 100001a0 <data_cpy_table>)
1000016c:	cc0e      	ldmia	r4!, {r1, r2, r3}
1000016e:	2900      	cmp	r1, #0
10000170:	d002      	beq.n	10000178 <hold_non_core0_in_bootrom+0x14>
10000172:	f000 f812 	bl	1000019a <data_cpy>
10000176:	e7f9      	b.n	1000016c <hold_non_core0_in_bootrom+0x8>
10000178:	4915      	ldr	r1, [pc, #84]	@ (100001d0 <data_cpy_table+0x30>)
1000017a:	4a16      	ldr	r2, [pc, #88]	@ (100001d4 <data_cpy_table+0x34>)
1000017c:	2000      	movs	r0, #0
1000017e:	e000      	b.n	10000182 <bss_fill_test>

10000180 <bss_fill_loop>:
10000180:	c101      	stmia	r1!, {r0}

10000182 <bss_fill_test>:
10000182:	4291      	cmp	r1, r2
10000184:	d1fc      	bne.n	10000180 <bss_fill_loop>

10000186 <platform_entry>:
10000186:	4914      	ldr	r1, [pc, #80]	@ (100001d8 <data_cpy_table+0x38>)
10000188:	4788      	blx	r1
1000018a:	4914      	ldr	r1, [pc, #80]	@ (100001dc <data_cpy_table+0x3c>)
1000018c:	4788      	blx	r1
1000018e:	4914      	ldr	r1, [pc, #80]	@ (100001e0 <data_cpy_table+0x40>)
10000190:	4788      	blx	r1
10000192:	be00      	bkpt	0x0000
10000194:	e7fd      	b.n	10000192 <platform_entry+0xc>

10000196 <data_cpy_loop>:
10000196:	c901      	ldmia	r1!, {r0}
10000198:	c201      	stmia	r2!, {r0}

1000019a <data_cpy>:
1000019a:	429a      	cmp	r2, r3
1000019c:	d3fb      	bcc.n	10000196 <data_cpy_loop>
1000019e:	4770      	bx	lr

100001a0 <data_cpy_table>:
100001a0:	10001c90 	.word	0x10001c90
100001a4:	20000110 	.word	0x20000110
100001a8:	200004b0 	.word	0x200004b0
100001ac:	10002030 	.word	0x10002030
100001b0:	20080000 	.word	0x20080000
100001b4:	20080000 	.word	0x20080000
100001b8:	10002030 	.word	0x10002030
100001bc:	20081000 	.word	0x20081000
100001c0:	20081000 	.word	0x20081000
100001c4:	00000000 	.word	0x00000000
100001c8:	4770      	bx	lr
100001ca:	0000      	.short	0x0000
100001cc:	e000ed08 	.word	0xe000ed08
100001d0:	200004b0 	.word	0x200004b0
100001d4:	20000a08 	.word	0x20000a08
100001d8:	100015bd 	.word	0x100015bd
100001dc:	10000235 	.word	0x10000235
100001e0:	100015b5 	.word	0x100015b5

100001e4 <_init>:
100001e4:	b5f8      	push	{r3, r4, r5, r6, r7, lr}
100001e6:	bf00      	nop

100001e8 <register_tm_clones>:
100001e8:	4b06      	ldr	r3, [pc, #24]	@ (10000204 <register_tm_clones+0x1c>)
100001ea:	4907      	ldr	r1, [pc, #28]	@ (10000208 <register_tm_clones+0x20>)
100001ec:	1ac9      	subs	r1, r1, r3
100001ee:	1089      	asrs	r1, r1, #2
100001f0:	bf48      	it	mi
100001f2:	3101      	addmi	r1, #1
100001f4:	1049      	asrs	r1, r1, #1
100001f6:	d003      	beq.n	10000200 <register_tm_clones+0x18>
100001f8:	4b04      	ldr	r3, [pc, #16]	@ (1000020c <register_tm_clones+0x24>)
100001fa:	b10b      	cbz	r3, 10000200 <register_tm_clones+0x18>
100001fc:	4801      	ldr	r0, [pc, #4]	@ (10000204 <register_tm_clones+0x1c>)
100001fe:	4718      	bx	r3
10000200:	4770      	bx	lr
10000202:	bf00      	nop
10000204:	200004b0 	.word	0x200004b0
10000208:	200004b0 	.word	0x200004b0
1000020c:	00000000 	.word	0x00000000

10000210 <frame_dummy>:
10000210:	b508      	push	{r3, lr}
10000212:	4b05      	ldr	r3, [pc, #20]	@ (10000228 <frame_dummy+0x18>)
10000214:	b11b      	cbz	r3, 1000021e <frame_dummy+0xe>
10000216:	4905      	ldr	r1, [pc, #20]	@ (1000022c <frame_dummy+0x1c>)
10000218:	4805      	ldr	r0, [pc, #20]	@ (10000230 <frame_dummy+0x20>)
1000021a:	f3af 8000 	nop.w
1000021e:	e8bd 4008 	ldmia.w	sp!, {r3, lr}
10000222:	f7ff bfe1 	b.w	100001e8 <register_tm_clones>
10000226:	bf00      	nop
10000228:	00000000 	.word	0x00000000
1000022c:	200007c0 	.word	0x200007c0
10000230:	10001b60 	.word	0x10001b60

10000234 <main>:
10000234:	b5f8      	push	{r3, r4, r5, r6, r7, lr}
10000236:	f44f 72a0 	mov.w	r2, #320	@ 0x140
1000023a:	21f0      	movs	r1, #240	@ 0xf0
1000023c:	4818      	ldr	r0, [pc, #96]	@ (100002a0 <main+0x6c>)
1000023e:	f000 f8a7 	bl	10000390 <st7789_init>
10000242:	4c18      	ldr	r4, [pc, #96]	@ (100002a4 <main+0x70>)
10000244:	4f18      	ldr	r7, [pc, #96]	@ (100002a8 <main+0x74>)
10000246:	4e19      	ldr	r6, [pc, #100]	@ (100002ac <main+0x78>)
10000248:	f001 fb8e 	bl	10001968 <rand>
1000024c:	4605      	mov	r5, r0
1000024e:	f001 fb8b 	bl	10001968 <rand>
10000252:	4603      	mov	r3, r0
10000254:	fb86 2105 	smull	r2, r1, r6, r5
10000258:	17ea      	asrs	r2, r5, #31
1000025a:	ebc2 12e1 	rsb	r2, r2, r1, asr #7
1000025e:	eb02 0282 	add.w	r2, r2, r2, lsl #2
10000262:	eba5 1182 	sub.w	r1, r5, r2, lsl #6
10000266:	fb87 2503 	smull	r2, r5, r7, r3
1000026a:	17da      	asrs	r2, r3, #31
1000026c:	441d      	add	r5, r3
1000026e:	ebc2 32e5 	rsb	r2, r2, r5, asr #15
10000272:	4413      	add	r3, r2
10000274:	2000      	movs	r0, #0
10000276:	b289      	uxth	r1, r1
10000278:	b29d      	uxth	r5, r3
1000027a:	f000 f9c7 	bl	1000060c <st7789_set_cursor>
1000027e:	2200      	movs	r2, #0
10000280:	4b0b      	ldr	r3, [pc, #44]	@ (100002b0 <main+0x7c>)
10000282:	f365 020f 	bfi	r2, r5, #0, #16
10000286:	f365 421f 	bfi	r2, r5, #16, #16
1000028a:	f843 2b04 	str.w	r2, [r3], #4
1000028e:	42a3      	cmp	r3, r4
10000290:	d1fb      	bne.n	1000028a <main+0x56>
10000292:	f44f 71f0 	mov.w	r1, #480	@ 0x1e0
10000296:	4806      	ldr	r0, [pc, #24]	@ (100002b0 <main+0x7c>)
10000298:	f000 f980 	bl	1000059c <st7789_write>
1000029c:	e7d4      	b.n	10000248 <main+0x14>
1000029e:	bf00      	nop
100002a0:	10001b60 	.word	0x10001b60
100002a4:	200009e0 	.word	0x200009e0
100002a8:	80008001 	.word	0x80008001
100002ac:	66666667 	.word	0x66666667
100002b0:	20000800 	.word	0x20000800

100002b4 <st7789_cmd>:
100002b4:	b5f0      	push	{r4, r5, r6, r7, lr}
100002b6:	4c34      	ldr	r4, [pc, #208]	@ (10000388 <st7789_cmd+0xd4>)
100002b8:	f04f 0c02 	mov.w	ip, #2
100002bc:	6825      	ldr	r5, [r4, #0]
100002be:	68e3      	ldr	r3, [r4, #12]
100002c0:	b083      	sub	sp, #12
100002c2:	2b00      	cmp	r3, #0
100002c4:	462b      	mov	r3, r5
100002c6:	f88d 0007 	strb.w	r0, [sp, #7]
100002ca:	460f      	mov	r7, r1
100002cc:	f853 1f04 	ldr.w	r1, [r3, #4]!
100002d0:	4616      	mov	r6, r2
100002d2:	f503 5240 	add.w	r2, r3, #12288	@ 0x3000
100002d6:	f8c2 c000 	str.w	ip, [r2]
100002da:	682a      	ldr	r2, [r5, #0]
100002dc:	f505 5080 	add.w	r0, r5, #4096	@ 0x1000
100002e0:	bfac      	ite	ge
100002e2:	f082 0207 	eorge.w	r2, r2, #7
100002e6:	f082 02c7 	eorlt.w	r2, r2, #199	@ 0xc7
100002ea:	ea01 010c 	and.w	r1, r1, ip
100002ee:	f503 5300 	add.w	r3, r3, #8192	@ 0x2000
100002f2:	f002 02cf 	and.w	r2, r2, #207	@ 0xcf
100002f6:	6002      	str	r2, [r0, #0]
100002f8:	6019      	str	r1, [r3, #0]
100002fa:	2300      	movs	r3, #0
100002fc:	4a23      	ldr	r2, [pc, #140]	@ (1000038c <st7789_cmd+0xd8>)
100002fe:	2001      	movs	r0, #1
10000300:	2100      	movs	r1, #0
10000302:	461d      	mov	r5, r3
10000304:	7013      	strb	r3, [r2, #0]
10000306:	f000 fdab 	bl	10000e60 <sleep_us>
1000030a:	68e3      	ldr	r3, [r4, #12]
1000030c:	2b00      	cmp	r3, #0
1000030e:	db01      	blt.n	10000314 <st7789_cmd+0x60>
10000310:	ec45 3040 	gpioc_bit_out_put r3, r5
10000314:	f04f 0200 	mov.w	r2, #0
10000318:	6923      	ldr	r3, [r4, #16]
1000031a:	ec42 3040 	gpioc_bit_out_put r3, r2
1000031e:	2001      	movs	r0, #1
10000320:	2100      	movs	r1, #0
10000322:	f000 fd9d 	bl	10000e60 <sleep_us>
10000326:	2201      	movs	r2, #1
10000328:	6820      	ldr	r0, [r4, #0]
1000032a:	f10d 0107 	add.w	r1, sp, #7
1000032e:	f001 fbef 	bl	10001b10 <__spi_write_blocking_veneer>
10000332:	b9ae      	cbnz	r6, 10000360 <st7789_cmd+0xac>
10000334:	2001      	movs	r0, #1
10000336:	2100      	movs	r1, #0
10000338:	f000 fd92 	bl	10000e60 <sleep_us>
1000033c:	68e3      	ldr	r3, [r4, #12]
1000033e:	2b00      	cmp	r3, #0
10000340:	db03      	blt.n	1000034a <st7789_cmd+0x96>
10000342:	f04f 0201 	mov.w	r2, #1
10000346:	ec42 3040 	gpioc_bit_out_put r3, r2
1000034a:	f04f 0201 	mov.w	r2, #1
1000034e:	6923      	ldr	r3, [r4, #16]
10000350:	ec42 3040 	gpioc_bit_out_put r3, r2
10000354:	2001      	movs	r0, #1
10000356:	2100      	movs	r1, #0
10000358:	f000 fd82 	bl	10000e60 <sleep_us>
1000035c:	b003      	add	sp, #12
1000035e:	bdf0      	pop	{r4, r5, r6, r7, pc}
10000360:	2001      	movs	r0, #1
10000362:	2100      	movs	r1, #0
10000364:	f000 fd7c 	bl	10000e60 <sleep_us>
10000368:	f04f 0201 	mov.w	r2, #1
1000036c:	6923      	ldr	r3, [r4, #16]
1000036e:	ec42 3040 	gpioc_bit_out_put r3, r2
10000372:	2001      	movs	r0, #1
10000374:	2100      	movs	r1, #0
10000376:	f000 fd73 	bl	10000e60 <sleep_us>
1000037a:	4632      	mov	r2, r6
1000037c:	4639      	mov	r1, r7
1000037e:	6820      	ldr	r0, [r4, #0]
10000380:	f001 fbc6 	bl	10001b10 <__spi_write_blocking_veneer>
10000384:	e7d6      	b.n	10000334 <st7789_cmd+0x80>
10000386:	bf00      	nop
10000388:	200009e4 	.word	0x200009e4
1000038c:	20000a04 	.word	0x20000a04

10000390 <st7789_init>:
10000390:	e92d 41f0 	stmdb	sp!, {r4, r5, r6, r7, r8, lr}
10000394:	4686      	mov	lr, r0
10000396:	4c62      	ldr	r4, [pc, #392]	@ (10000520 <st7789_init+0x190>)
10000398:	4d62      	ldr	r5, [pc, #392]	@ (10000524 <st7789_init+0x194>)
1000039a:	46a4      	mov	ip, r4
1000039c:	4b62      	ldr	r3, [pc, #392]	@ (10000528 <st7789_init+0x198>)
1000039e:	b084      	sub	sp, #16
100003a0:	6800      	ldr	r0, [r0, #0]
100003a2:	8029      	strh	r1, [r5, #0]
100003a4:	801a      	strh	r2, [r3, #0]
100003a6:	460f      	mov	r7, r1
100003a8:	f8de 300c 	ldr.w	r3, [lr, #12]
100003ac:	f8de 1004 	ldr.w	r1, [lr, #4]
100003b0:	4616      	mov	r6, r2
100003b2:	f8de 2008 	ldr.w	r2, [lr, #8]
100003b6:	e8ac 000f 	stmia.w	ip!, {r0, r1, r2, r3}
100003ba:	f8de 0010 	ldr.w	r0, [lr, #16]
100003be:	f8de 1014 	ldr.w	r1, [lr, #20]
100003c2:	f8de 2018 	ldr.w	r2, [lr, #24]
100003c6:	e8ac 0007 	stmia.w	ip!, {r0, r1, r2}
100003ca:	4958      	ldr	r1, [pc, #352]	@ (1000052c <st7789_init+0x19c>)
100003cc:	6820      	ldr	r0, [r4, #0]
100003ce:	f001 fa51 	bl	10001874 <spi_init>
100003d2:	6822      	ldr	r2, [r4, #0]
100003d4:	68e3      	ldr	r3, [r4, #12]
100003d6:	f04f 0c02 	mov.w	ip, #2
100003da:	2b00      	cmp	r3, #0
100003dc:	4613      	mov	r3, r2
100003de:	f853 1f04 	ldr.w	r1, [r3, #4]!
100003e2:	f502 5080 	add.w	r0, r2, #4096	@ 0x1000
100003e6:	f503 5540 	add.w	r5, r3, #12288	@ 0x3000
100003ea:	f8c5 c000 	str.w	ip, [r5]
100003ee:	6812      	ldr	r2, [r2, #0]
100003f0:	ea01 010c 	and.w	r1, r1, ip
100003f4:	bfac      	ite	ge
100003f6:	f082 0207 	eorge.w	r2, r2, #7
100003fa:	f082 02c7 	eorlt.w	r2, r2, #199	@ 0xc7
100003fe:	f503 5300 	add.w	r3, r3, #8192	@ 0x2000
10000402:	f002 02cf 	and.w	r2, r2, #207	@ 0xcf
10000406:	6002      	str	r2, [r0, #0]
10000408:	6019      	str	r1, [r3, #0]
1000040a:	6860      	ldr	r0, [r4, #4]
1000040c:	2101      	movs	r1, #1
1000040e:	f000 f935 	bl	1000067c <gpio_set_function>
10000412:	68a0      	ldr	r0, [r4, #8]
10000414:	2101      	movs	r1, #1
10000416:	f000 f931 	bl	1000067c <gpio_set_function>
1000041a:	68e0      	ldr	r0, [r4, #12]
1000041c:	2800      	cmp	r0, #0
1000041e:	db01      	blt.n	10000424 <st7789_init+0x94>
10000420:	f000 f94a 	bl	100006b8 <gpio_init>
10000424:	6920      	ldr	r0, [r4, #16]
10000426:	f000 f947 	bl	100006b8 <gpio_init>
1000042a:	6960      	ldr	r0, [r4, #20]
1000042c:	f000 f944 	bl	100006b8 <gpio_init>
10000430:	69a0      	ldr	r0, [r4, #24]
10000432:	f000 f941 	bl	100006b8 <gpio_init>
10000436:	68e2      	ldr	r2, [r4, #12]
10000438:	2a00      	cmp	r2, #0
1000043a:	db03      	blt.n	10000444 <st7789_init+0xb4>
1000043c:	f04f 0301 	mov.w	r3, #1
10000440:	ec43 2044 	gpioc_bit_oe_put r2, r3
10000444:	f04f 0301 	mov.w	r3, #1
10000448:	6920      	ldr	r0, [r4, #16]
1000044a:	ec43 0044 	gpioc_bit_oe_put r0, r3
1000044e:	6961      	ldr	r1, [r4, #20]
10000450:	ec43 1044 	gpioc_bit_oe_put r1, r3
10000454:	69a5      	ldr	r5, [r4, #24]
10000456:	ec43 5044 	gpioc_bit_oe_put r5, r3
1000045a:	2a00      	cmp	r2, #0
1000045c:	db01      	blt.n	10000462 <st7789_init+0xd2>
1000045e:	ec43 2040 	gpioc_bit_out_put r2, r3
10000462:	f04f 0801 	mov.w	r8, #1
10000466:	ec48 0040 	gpioc_bit_out_put r0, r8
1000046a:	ec48 1040 	gpioc_bit_out_put r1, r8
1000046e:	2064      	movs	r0, #100	@ 0x64
10000470:	f000 fd62 	bl	10000f38 <sleep_ms>
10000474:	2200      	movs	r2, #0
10000476:	2001      	movs	r0, #1
10000478:	4611      	mov	r1, r2
1000047a:	f7ff ff1b 	bl	100002b4 <st7789_cmd>
1000047e:	2096      	movs	r0, #150	@ 0x96
10000480:	f000 fd5a 	bl	10000f38 <sleep_ms>
10000484:	2200      	movs	r2, #0
10000486:	2011      	movs	r0, #17
10000488:	4611      	mov	r1, r2
1000048a:	f7ff ff13 	bl	100002b4 <st7789_cmd>
1000048e:	2032      	movs	r0, #50	@ 0x32
10000490:	f000 fd52 	bl	10000f38 <sleep_ms>
10000494:	2355      	movs	r3, #85	@ 0x55
10000496:	2500      	movs	r5, #0
10000498:	a901      	add	r1, sp, #4
1000049a:	2201      	movs	r2, #1
1000049c:	203a      	movs	r0, #58	@ 0x3a
1000049e:	f88d 3004 	strb.w	r3, [sp, #4]
100004a2:	f7ff ff07 	bl	100002b4 <st7789_cmd>
100004a6:	200a      	movs	r0, #10
100004a8:	f000 fd46 	bl	10000f38 <sleep_ms>
100004ac:	a902      	add	r1, sp, #8
100004ae:	2201      	movs	r2, #1
100004b0:	2036      	movs	r0, #54	@ 0x36
100004b2:	f88d 5008 	strb.w	r5, [sp, #8]
100004b6:	ba7f      	rev16	r7, r7
100004b8:	f7ff fefc 	bl	100002b4 <st7789_cmd>
100004bc:	a903      	add	r1, sp, #12
100004be:	2204      	movs	r2, #4
100004c0:	202a      	movs	r0, #42	@ 0x2a
100004c2:	f8ad 500c 	strh.w	r5, [sp, #12]
100004c6:	f8ad 700e 	strh.w	r7, [sp, #14]
100004ca:	ba76      	rev16	r6, r6
100004cc:	f7ff fef2 	bl	100002b4 <st7789_cmd>
100004d0:	a903      	add	r1, sp, #12
100004d2:	2204      	movs	r2, #4
100004d4:	202b      	movs	r0, #43	@ 0x2b
100004d6:	f8ad 500c 	strh.w	r5, [sp, #12]
100004da:	f8ad 600e 	strh.w	r6, [sp, #14]
100004de:	f7ff fee9 	bl	100002b4 <st7789_cmd>
100004e2:	462a      	mov	r2, r5
100004e4:	4629      	mov	r1, r5
100004e6:	2021      	movs	r0, #33	@ 0x21
100004e8:	f7ff fee4 	bl	100002b4 <st7789_cmd>
100004ec:	200a      	movs	r0, #10
100004ee:	f000 fd23 	bl	10000f38 <sleep_ms>
100004f2:	462a      	mov	r2, r5
100004f4:	4629      	mov	r1, r5
100004f6:	2013      	movs	r0, #19
100004f8:	f7ff fedc 	bl	100002b4 <st7789_cmd>
100004fc:	200a      	movs	r0, #10
100004fe:	f000 fd1b 	bl	10000f38 <sleep_ms>
10000502:	462a      	mov	r2, r5
10000504:	4629      	mov	r1, r5
10000506:	2029      	movs	r0, #41	@ 0x29
10000508:	f7ff fed4 	bl	100002b4 <st7789_cmd>
1000050c:	200a      	movs	r0, #10
1000050e:	f000 fd13 	bl	10000f38 <sleep_ms>
10000512:	69a3      	ldr	r3, [r4, #24]
10000514:	ec48 3040 	gpioc_bit_out_put r3, r8
10000518:	b004      	add	sp, #16
1000051a:	e8bd 81f0 	ldmia.w	sp!, {r4, r5, r6, r7, r8, pc}
1000051e:	bf00      	nop
10000520:	200009e4 	.word	0x200009e4
10000524:	20000a02 	.word	0x20000a02
10000528:	20000a00 	.word	0x20000a00
1000052c:	07735940 	.word	0x07735940

10000530 <st7789_ramwr>:
10000530:	b530      	push	{r4, r5, lr}
10000532:	4c19      	ldr	r4, [pc, #100]	@ (10000598 <st7789_ramwr+0x68>)
10000534:	2001      	movs	r0, #1
10000536:	2100      	movs	r1, #0
10000538:	b083      	sub	sp, #12
1000053a:	f000 fc91 	bl	10000e60 <sleep_us>
1000053e:	68e3      	ldr	r3, [r4, #12]
10000540:	2b00      	cmp	r3, #0
10000542:	db03      	blt.n	1000054c <st7789_ramwr+0x1c>
10000544:	f04f 0200 	mov.w	r2, #0
10000548:	ec42 3040 	gpioc_bit_out_put r3, r2
1000054c:	f04f 0500 	mov.w	r5, #0
10000550:	6923      	ldr	r3, [r4, #16]
10000552:	ec45 3040 	gpioc_bit_out_put r3, r5
10000556:	2001      	movs	r0, #1
10000558:	2100      	movs	r1, #0
1000055a:	f000 fc81 	bl	10000e60 <sleep_us>
1000055e:	232c      	movs	r3, #44	@ 0x2c
10000560:	2201      	movs	r2, #1
10000562:	f10d 0107 	add.w	r1, sp, #7
10000566:	6820      	ldr	r0, [r4, #0]
10000568:	f88d 3007 	strb.w	r3, [sp, #7]
1000056c:	f001 fad0 	bl	10001b10 <__spi_write_blocking_veneer>
10000570:	2001      	movs	r0, #1
10000572:	2100      	movs	r1, #0
10000574:	f000 fc74 	bl	10000e60 <sleep_us>
10000578:	68e3      	ldr	r3, [r4, #12]
1000057a:	2b00      	cmp	r3, #0
1000057c:	db01      	blt.n	10000582 <st7789_ramwr+0x52>
1000057e:	ec45 3040 	gpioc_bit_out_put r3, r5
10000582:	f04f 0201 	mov.w	r2, #1
10000586:	6923      	ldr	r3, [r4, #16]
10000588:	ec42 3040 	gpioc_bit_out_put r3, r2
1000058c:	2001      	movs	r0, #1
1000058e:	2100      	movs	r1, #0
10000590:	f000 fc66 	bl	10000e60 <sleep_us>
10000594:	b003      	add	sp, #12
10000596:	bd30      	pop	{r4, r5, pc}
10000598:	200009e4 	.word	0x200009e4

1000059c <st7789_write>:
1000059c:	b5f8      	push	{r3, r4, r5, r6, r7, lr}
1000059e:	4e19      	ldr	r6, [pc, #100]	@ (10000604 <st7789_write+0x68>)
100005a0:	4605      	mov	r5, r0
100005a2:	7833      	ldrb	r3, [r6, #0]
100005a4:	460c      	mov	r4, r1
100005a6:	b13b      	cbz	r3, 100005b8 <st7789_write+0x1c>
100005a8:	4b17      	ldr	r3, [pc, #92]	@ (10000608 <st7789_write+0x6c>)
100005aa:	4629      	mov	r1, r5
100005ac:	6818      	ldr	r0, [r3, #0]
100005ae:	0862      	lsrs	r2, r4, #1
100005b0:	e8bd 40f8 	ldmia.w	sp!, {r3, r4, r5, r6, r7, lr}
100005b4:	f001 baa4 	b.w	10001b00 <__spi_write16_blocking_veneer>
100005b8:	f7ff ffba 	bl	10000530 <st7789_ramwr>
100005bc:	4b12      	ldr	r3, [pc, #72]	@ (10000608 <st7789_write+0x6c>)
100005be:	2702      	movs	r7, #2
100005c0:	6818      	ldr	r0, [r3, #0]
100005c2:	68db      	ldr	r3, [r3, #12]
100005c4:	f500 5c80 	add.w	ip, r0, #4096	@ 0x1000
100005c8:	2b00      	cmp	r3, #0
100005ca:	4603      	mov	r3, r0
100005cc:	f853 1f04 	ldr.w	r1, [r3, #4]!
100005d0:	f503 5240 	add.w	r2, r3, #12288	@ 0x3000
100005d4:	6017      	str	r7, [r2, #0]
100005d6:	6802      	ldr	r2, [r0, #0]
100005d8:	ea01 0107 	and.w	r1, r1, r7
100005dc:	bfb4      	ite	lt
100005de:	43d2      	mvnlt	r2, r2
100005e0:	f082 020f 	eorge.w	r2, r2, #15
100005e4:	f503 5300 	add.w	r3, r3, #8192	@ 0x2000
100005e8:	f002 02cf 	and.w	r2, r2, #207	@ 0xcf
100005ec:	f8cc 2000 	str.w	r2, [ip]
100005f0:	6019      	str	r1, [r3, #0]
100005f2:	2301      	movs	r3, #1
100005f4:	4629      	mov	r1, r5
100005f6:	7033      	strb	r3, [r6, #0]
100005f8:	0862      	lsrs	r2, r4, #1
100005fa:	e8bd 40f8 	ldmia.w	sp!, {r3, r4, r5, r6, r7, lr}
100005fe:	f001 ba7f 	b.w	10001b00 <__spi_write16_blocking_veneer>
10000602:	bf00      	nop
10000604:	20000a04 	.word	0x20000a04
10000608:	200009e4 	.word	0x200009e4

1000060c <st7789_set_cursor>:
1000060c:	4684      	mov	ip, r0
1000060e:	2300      	movs	r3, #0
10000610:	4a18      	ldr	r2, [pc, #96]	@ (10000674 <st7789_set_cursor+0x68>)
10000612:	b570      	push	{r4, r5, r6, lr}
10000614:	f8b2 e000 	ldrh.w	lr, [r2]
10000618:	2204      	movs	r2, #4
1000061a:	ea4f 261c 	mov.w	r6, ip, lsr #8
1000061e:	f366 0307 	bfi	r3, r6, #0, #8
10000622:	ea4f 251e 	mov.w	r5, lr, lsr #8
10000626:	f36c 230f 	bfi	r3, ip, #8, #8
1000062a:	b082      	sub	sp, #8
1000062c:	f365 4317 	bfi	r3, r5, #16, #8
10000630:	460c      	mov	r4, r1
10000632:	f36e 631f 	bfi	r3, lr, #24, #8
10000636:	eb0d 0102 	add.w	r1, sp, r2
1000063a:	202a      	movs	r0, #42	@ 0x2a
1000063c:	9301      	str	r3, [sp, #4]
1000063e:	f7ff fe39 	bl	100002b4 <st7789_cmd>
10000642:	2300      	movs	r3, #0
10000644:	4a0c      	ldr	r2, [pc, #48]	@ (10000678 <st7789_set_cursor+0x6c>)
10000646:	ea4f 2e14 	mov.w	lr, r4, lsr #8
1000064a:	8811      	ldrh	r1, [r2, #0]
1000064c:	2204      	movs	r2, #4
1000064e:	f36e 0307 	bfi	r3, lr, #0, #8
10000652:	ea4f 2c11 	mov.w	ip, r1, lsr #8
10000656:	f364 230f 	bfi	r3, r4, #8, #8
1000065a:	f36c 4317 	bfi	r3, ip, #16, #8
1000065e:	f361 631f 	bfi	r3, r1, #24, #8
10000662:	202b      	movs	r0, #43	@ 0x2b
10000664:	eb0d 0102 	add.w	r1, sp, r2
10000668:	9301      	str	r3, [sp, #4]
1000066a:	f7ff fe23 	bl	100002b4 <st7789_cmd>
1000066e:	b002      	add	sp, #8
10000670:	bd70      	pop	{r4, r5, r6, pc}
10000672:	bf00      	nop
10000674:	20000a02 	.word	0x20000a02
10000678:	20000a00 	.word	0x20000a00

1000067c <gpio_set_function>:
1000067c:	b410      	push	{r4}
1000067e:	f44f 7480 	mov.w	r4, #256	@ 0x100
10000682:	4b0c      	ldr	r3, [pc, #48]	@ (100006b4 <gpio_set_function+0x38>)
10000684:	f853 2020 	ldr.w	r2, [r3, r0, lsl #2]
10000688:	eb03 0380 	add.w	r3, r3, r0, lsl #2
1000068c:	00c0      	lsls	r0, r0, #3
1000068e:	f082 0240 	eor.w	r2, r2, #64	@ 0x40
10000692:	f100 4080 	add.w	r0, r0, #1073741824	@ 0x40000000
10000696:	f503 5c80 	add.w	ip, r3, #4096	@ 0x1000
1000069a:	f002 02c0 	and.w	r2, r2, #192	@ 0xc0
1000069e:	f500 3020 	add.w	r0, r0, #163840	@ 0x28000
100006a2:	f503 5340 	add.w	r3, r3, #12288	@ 0x3000
100006a6:	f8cc 2000 	str.w	r2, [ip]
100006aa:	6041      	str	r1, [r0, #4]
100006ac:	601c      	str	r4, [r3, #0]
100006ae:	f85d 4b04 	ldr.w	r4, [sp], #4
100006b2:	4770      	bx	lr
100006b4:	40038004 	.word	0x40038004

100006b8 <gpio_init>:
100006b8:	b430      	push	{r4, r5}
100006ba:	f04f 0300 	mov.w	r3, #0
100006be:	ec43 0044 	gpioc_bit_oe_put r0, r3
100006c2:	ec43 0040 	gpioc_bit_out_put r0, r3
100006c6:	2505      	movs	r5, #5
100006c8:	f44f 7480 	mov.w	r4, #256	@ 0x100
100006cc:	4b0b      	ldr	r3, [pc, #44]	@ (100006fc <gpio_init+0x44>)
100006ce:	00c2      	lsls	r2, r0, #3
100006d0:	f853 1020 	ldr.w	r1, [r3, r0, lsl #2]
100006d4:	eb03 0080 	add.w	r0, r3, r0, lsl #2
100006d8:	f081 0140 	eor.w	r1, r1, #64	@ 0x40
100006dc:	f102 4380 	add.w	r3, r2, #1073741824	@ 0x40000000
100006e0:	f503 3320 	add.w	r3, r3, #163840	@ 0x28000
100006e4:	f001 02c0 	and.w	r2, r1, #192	@ 0xc0
100006e8:	f500 5180 	add.w	r1, r0, #4096	@ 0x1000
100006ec:	f500 5040 	add.w	r0, r0, #12288	@ 0x3000
100006f0:	600a      	str	r2, [r1, #0]
100006f2:	605d      	str	r5, [r3, #4]
100006f4:	6004      	str	r4, [r0, #0]
100006f6:	bc30      	pop	{r4, r5}
100006f8:	4770      	bx	lr
100006fa:	bf00      	nop
100006fc:	40038004 	.word	0x40038004

10000700 <panic>:
10000700:	b40f      	push	{r0, r1, r2, r3}
10000702:	b500      	push	{lr}
10000704:	b083      	sub	sp, #12
10000706:	9c04      	ldr	r4, [sp, #16]
10000708:	4807      	ldr	r0, [pc, #28]	@ (10000728 <panic+0x28>)
1000070a:	f001 f87d 	bl	10001808 <__wrap_puts>
1000070e:	b13c      	cbz	r4, 10000720 <panic+0x20>
10000710:	a905      	add	r1, sp, #20
10000712:	4620      	mov	r0, r4
10000714:	9101      	str	r1, [sp, #4]
10000716:	f000 ff33 	bl	10001580 <weak_raw_vprintf>
1000071a:	4804      	ldr	r0, [pc, #16]	@ (1000072c <panic+0x2c>)
1000071c:	f001 f874 	bl	10001808 <__wrap_puts>
10000720:	2001      	movs	r0, #1
10000722:	f000 ff45 	bl	100015b0 <_exit>
10000726:	bf00      	nop
10000728:	10001b7c 	.word	0x10001b7c
1000072c:	10001b8c 	.word	0x10001b8c

10000730 <hw_claim_or_assert>:
10000730:	b570      	push	{r4, r5, r6, lr}
10000732:	4686      	mov	lr, r0
10000734:	f3ef 8510 	mrs	r5, PRIMASK
10000738:	b672      	cpsid	i
1000073a:	4c12      	ldr	r4, [pc, #72]	@ (10000784 <hw_claim_or_assert+0x54>)
1000073c:	e8d4 6fcf 	ldaexb	r6, [r4]
10000740:	2001      	movs	r0, #1
10000742:	2e00      	cmp	r6, #0
10000744:	d1fa      	bne.n	1000073c <hw_claim_or_assert+0xc>
10000746:	e8c4 0f46 	strexb	r6, r0, [r4]
1000074a:	2e00      	cmp	r6, #0
1000074c:	d1f6      	bne.n	1000073c <hw_claim_or_assert+0xc>
1000074e:	f3bf 8f5f 	dmb	sy
10000752:	f04f 0c01 	mov.w	ip, #1
10000756:	08c8      	lsrs	r0, r1, #3
10000758:	f001 0307 	and.w	r3, r1, #7
1000075c:	fa0c f303 	lsl.w	r3, ip, r3
10000760:	f81e c000 	ldrb.w	ip, [lr, r0]
10000764:	ea1c 0603 	ands.w	r6, ip, r3
10000768:	d108      	bne.n	1000077c <hw_claim_or_assert+0x4c>
1000076a:	ea4c 0c03 	orr.w	ip, ip, r3
1000076e:	f80e c000 	strb.w	ip, [lr, r0]
10000772:	e8c4 6f8f 	stlb	r6, [r4]
10000776:	f385 8810 	msr	PRIMASK, r5
1000077a:	bd70      	pop	{r4, r5, r6, pc}
1000077c:	4610      	mov	r0, r2
1000077e:	f7ff ffbf 	bl	10000700 <panic>
10000782:	bf00      	nop
10000784:	20000773 	.word	0x20000773

10000788 <next_striped_spin_lock_num>:
10000788:	4a04      	ldr	r2, [pc, #16]	@ (1000079c <next_striped_spin_lock_num+0x14>)
1000078a:	7810      	ldrb	r0, [r2, #0]
1000078c:	1c43      	adds	r3, r0, #1
1000078e:	b2db      	uxtb	r3, r3
10000790:	2b18      	cmp	r3, #24
10000792:	bf28      	it	cs
10000794:	2310      	movcs	r3, #16
10000796:	7013      	strb	r3, [r2, #0]
10000798:	4770      	bx	lr
1000079a:	bf00      	nop
1000079c:	20000348 	.word	0x20000348

100007a0 <spinlock_set_extexclall>:
100007a0:	f04f 22e0 	mov.w	r2, #3758153728	@ 0xe000e000
100007a4:	6893      	ldr	r3, [r2, #8]
100007a6:	f043 5300 	orr.w	r3, r3, #536870912	@ 0x20000000
100007aa:	6093      	str	r3, [r2, #8]
100007ac:	4770      	bx	lr
100007ae:	bf00      	nop

100007b0 <spin_locks_reset>:
100007b0:	2100      	movs	r1, #0
100007b2:	4b04      	ldr	r3, [pc, #16]	@ (100007c4 <spin_locks_reset+0x14>)
100007b4:	f103 0220 	add.w	r2, r3, #32
100007b8:	e8c3 1f8f 	stlb	r1, [r3]
100007bc:	3301      	adds	r3, #1
100007be:	4293      	cmp	r3, r2
100007c0:	d1fa      	bne.n	100007b8 <spin_locks_reset+0x8>
100007c2:	4770      	bx	lr
100007c4:	20000768 	.word	0x20000768

100007c8 <runtime_init_per_core_irq_priorities>:
100007c8:	f04f 23e0 	mov.w	r3, #3758153728	@ 0xe000e000
100007cc:	f04f 3280 	mov.w	r2, #2155905152	@ 0x80808080
100007d0:	f8c3 2400 	str.w	r2, [r3, #1024]	@ 0x400
100007d4:	f8c3 2404 	str.w	r2, [r3, #1028]	@ 0x404
100007d8:	f8c3 2408 	str.w	r2, [r3, #1032]	@ 0x408
100007dc:	f8c3 240c 	str.w	r2, [r3, #1036]	@ 0x40c
100007e0:	f8c3 2410 	str.w	r2, [r3, #1040]	@ 0x410
100007e4:	f8c3 2414 	str.w	r2, [r3, #1044]	@ 0x414
100007e8:	f8c3 2418 	str.w	r2, [r3, #1048]	@ 0x418
100007ec:	f8c3 241c 	str.w	r2, [r3, #1052]	@ 0x41c
100007f0:	f8c3 2420 	str.w	r2, [r3, #1056]	@ 0x420
100007f4:	f8c3 2424 	str.w	r2, [r3, #1060]	@ 0x424
100007f8:	f8c3 2428 	str.w	r2, [r3, #1064]	@ 0x428
100007fc:	f8c3 242c 	str.w	r2, [r3, #1068]	@ 0x42c
10000800:	f8c3 2430 	str.w	r2, [r3, #1072]	@ 0x430
10000804:	b662      	cpsie	i
10000806:	4770      	bx	lr

10000808 <irq_set_enabled>:
10000808:	2301      	movs	r3, #1
1000080a:	f000 021f 	and.w	r2, r0, #31
1000080e:	4093      	lsls	r3, r2
10000810:	0940      	lsrs	r0, r0, #5
10000812:	b141      	cbz	r1, 10000826 <irq_set_enabled+0x1e>
10000814:	0080      	lsls	r0, r0, #2
10000816:	f100 4060 	add.w	r0, r0, #3758096384	@ 0xe0000000
1000081a:	f500 4061 	add.w	r0, r0, #57600	@ 0xe100
1000081e:	f8c0 3180 	str.w	r3, [r0, #384]	@ 0x180
10000822:	6003      	str	r3, [r0, #0]
10000824:	4770      	bx	lr
10000826:	4a02      	ldr	r2, [pc, #8]	@ (10000830 <irq_set_enabled+0x28>)
10000828:	3020      	adds	r0, #32
1000082a:	f842 3020 	str.w	r3, [r2, r0, lsl #2]
1000082e:	4770      	bx	lr
10000830:	e000e100 	.word	0xe000e100

10000834 <irq_set_exclusive_handler>:
10000834:	b5f8      	push	{r3, r4, r5, r6, r7, lr}
10000836:	460d      	mov	r5, r1
10000838:	f3ef 8710 	mrs	r7, PRIMASK
1000083c:	b672      	cpsid	i
1000083e:	4e12      	ldr	r6, [pc, #72]	@ (10000888 <irq_set_exclusive_handler+0x54>)
10000840:	e8d6 2fcf 	ldaexb	r2, [r6]
10000844:	2301      	movs	r3, #1
10000846:	2a00      	cmp	r2, #0
10000848:	d1fa      	bne.n	10000840 <irq_set_exclusive_handler+0xc>
1000084a:	e8c6 3f42 	strexb	r2, r3, [r6]
1000084e:	2a00      	cmp	r2, #0
10000850:	d1f6      	bne.n	10000840 <irq_set_exclusive_handler+0xc>
10000852:	f3bf 8f5f 	dmb	sy
10000856:	4b0d      	ldr	r3, [pc, #52]	@ (1000088c <irq_set_exclusive_handler+0x58>)
10000858:	f100 0410 	add.w	r4, r0, #16
1000085c:	689b      	ldr	r3, [r3, #8]
1000085e:	4a0c      	ldr	r2, [pc, #48]	@ (10000890 <irq_set_exclusive_handler+0x5c>)
10000860:	f853 3024 	ldr.w	r3, [r3, r4, lsl #2]
10000864:	4293      	cmp	r3, r2
10000866:	d003      	beq.n	10000870 <irq_set_exclusive_handler+0x3c>
10000868:	4299      	cmp	r1, r3
1000086a:	d001      	beq.n	10000870 <irq_set_exclusive_handler+0x3c>
1000086c:	f000 fd70 	bl	10001350 <hard_assertion_failure>
10000870:	4b06      	ldr	r3, [pc, #24]	@ (1000088c <irq_set_exclusive_handler+0x58>)
10000872:	689b      	ldr	r3, [r3, #8]
10000874:	f843 5024 	str.w	r5, [r3, r4, lsl #2]
10000878:	f3bf 8f5f 	dmb	sy
1000087c:	2300      	movs	r3, #0
1000087e:	e8c6 3f8f 	stlb	r3, [r6]
10000882:	f387 8810 	msr	PRIMASK, r7
10000886:	bdf8      	pop	{r3, r4, r5, r6, r7, pc}
10000888:	20000771 	.word	0x20000771
1000088c:	e000ed00 	.word	0xe000ed00
10000890:	10000111 	.word	0x10000111

10000894 <lock_init>:
10000894:	4b01      	ldr	r3, [pc, #4]	@ (1000089c <lock_init+0x8>)
10000896:	440b      	add	r3, r1
10000898:	6003      	str	r3, [r0, #0]
1000089a:	4770      	bx	lr
1000089c:	20000768 	.word	0x20000768

100008a0 <runtime_init_mutex>:
100008a0:	b570      	push	{r4, r5, r6, lr}
100008a2:	4c10      	ldr	r4, [pc, #64]	@ (100008e4 <runtime_init_mutex+0x44>)
100008a4:	4d10      	ldr	r5, [pc, #64]	@ (100008e8 <runtime_init_mutex+0x48>)
100008a6:	42ac      	cmp	r4, r5
100008a8:	d20e      	bcs.n	100008c8 <runtime_init_mutex+0x28>
100008aa:	26ff      	movs	r6, #255	@ 0xff
100008ac:	6823      	ldr	r3, [r4, #0]
100008ae:	b163      	cbz	r3, 100008ca <runtime_init_mutex+0x2a>
100008b0:	f7ff ff6a 	bl	10000788 <next_striped_spin_lock_num>
100008b4:	4601      	mov	r1, r0
100008b6:	4620      	mov	r0, r4
100008b8:	f7ff ffec 	bl	10000894 <lock_init>
100008bc:	80a6      	strh	r6, [r4, #4]
100008be:	f3bf 8f5f 	dmb	sy
100008c2:	3408      	adds	r4, #8
100008c4:	42ac      	cmp	r4, r5
100008c6:	d3f1      	bcc.n	100008ac <runtime_init_mutex+0xc>
100008c8:	bd70      	pop	{r4, r5, r6, pc}
100008ca:	f7ff ff5d 	bl	10000788 <next_striped_spin_lock_num>
100008ce:	4601      	mov	r1, r0
100008d0:	4620      	mov	r0, r4
100008d2:	f7ff ffdf 	bl	10000894 <lock_init>
100008d6:	7126      	strb	r6, [r4, #4]
100008d8:	f3bf 8f5f 	dmb	sy
100008dc:	3408      	adds	r4, #8
100008de:	42ac      	cmp	r4, r5
100008e0:	d3e4      	bcc.n	100008ac <runtime_init_mutex+0xc>
100008e2:	bd70      	pop	{r4, r5, r6, pc}
100008e4:	200004a8 	.word	0x200004a8
100008e8:	200004b0 	.word	0x200004b0

100008ec <sleep_until_callback>:
100008ec:	4b0d      	ldr	r3, [pc, #52]	@ (10000924 <sleep_until_callback+0x38>)
100008ee:	681a      	ldr	r2, [r3, #0]
100008f0:	f3ef 8110 	mrs	r1, PRIMASK
100008f4:	b672      	cpsid	i
100008f6:	e8d2 cfcf 	ldaexb	ip, [r2]
100008fa:	2001      	movs	r0, #1
100008fc:	f1bc 0f00 	cmp.w	ip, #0
10000900:	d1f9      	bne.n	100008f6 <sleep_until_callback+0xa>
10000902:	e8c2 0f4c 	strexb	ip, r0, [r2]
10000906:	f1bc 0f00 	cmp.w	ip, #0
1000090a:	d1f4      	bne.n	100008f6 <sleep_until_callback+0xa>
1000090c:	f3bf 8f5f 	dmb	sy
10000910:	2200      	movs	r2, #0
10000912:	681b      	ldr	r3, [r3, #0]
10000914:	e8c3 2f8f 	stlb	r2, [r3]
10000918:	f381 8810 	msr	PRIMASK, r1
1000091c:	bf40      	sev
1000091e:	2000      	movs	r0, #0
10000920:	2100      	movs	r1, #0
10000922:	4770      	bx	lr
10000924:	200009e0 	.word	0x200009e0

10000928 <alarm_pool_irq_handler>:
10000928:	e92d 4ff0 	stmdb	sp!, {r4, r5, r6, r7, r8, r9, sl, fp, lr}
1000092c:	ed2d 8b02 	vpush	{d8}
10000930:	b085      	sub	sp, #20
10000932:	f3ef 8305 	mrs	r3, IPSR
10000936:	b2db      	uxtb	r3, r3
10000938:	3b10      	subs	r3, #16
1000093a:	089a      	lsrs	r2, r3, #2
1000093c:	bf18      	it	ne
1000093e:	2201      	movne	r2, #1
10000940:	f04f 0101 	mov.w	r1, #1
10000944:	f003 0b03 	and.w	fp, r3, #3
10000948:	bf18      	it	ne
1000094a:	4daf      	ldrne	r5, [pc, #700]	@ (10000c08 <alarm_pool_irq_handler+0x2e0>)
1000094c:	4baf      	ldr	r3, [pc, #700]	@ (10000c0c <alarm_pool_irq_handler+0x2e4>)
1000094e:	bf08      	it	eq
10000950:	4daf      	ldreq	r5, [pc, #700]	@ (10000c10 <alarm_pool_irq_handler+0x2e8>)
10000952:	eb0b 0282 	add.w	r2, fp, r2, lsl #2
10000956:	f853 6022 	ldr.w	r6, [r3, r2, lsl #2]
1000095a:	fa01 f20b 	lsl.w	r2, r1, fp
1000095e:	f505 5341 	add.w	r3, r5, #12352	@ 0x3040
10000962:	ed9f 8ba7 	vldr	d8, [pc, #668]	@ 10000c00 <alarm_pool_irq_handler+0x2d8>
10000966:	9201      	str	r2, [sp, #4]
10000968:	605a      	str	r2, [r3, #4]
1000096a:	e02f      	b.n	100009cc <alarm_pool_irq_handler+0xa4>
1000096c:	88b3      	ldrh	r3, [r6, #4]
1000096e:	041c      	lsls	r4, r3, #16
10000970:	f140 8093 	bpl.w	10000a9a <alarm_pool_irq_handler+0x172>
10000974:	79b3      	ldrb	r3, [r6, #6]
10000976:	2b00      	cmp	r3, #0
10000978:	f040 80dd 	bne.w	10000b36 <alarm_pool_irq_handler+0x20e>
1000097c:	f9b6 2008 	ldrsh.w	r2, [r6, #8]
10000980:	2a00      	cmp	r2, #0
10000982:	f2c0 811e 	blt.w	10000bc2 <alarm_pool_irq_handler+0x29a>
10000986:	6973      	ldr	r3, [r6, #20]
10000988:	eb02 0242 	add.w	r2, r2, r2, lsl #1
1000098c:	eb03 03c2 	add.w	r3, r3, r2, lsl #3
10000990:	e9d3 4702 	ldrd	r4, r7, [r3, #8]
10000994:	f1b7 3fff 	cmp.w	r7, #4294967295	@ 0xffffffff
10000998:	bf08      	it	eq
1000099a:	f1b4 3fff 	cmpeq.w	r4, #4294967295	@ 0xffffffff
1000099e:	d00e      	beq.n	100009be <alarm_pool_irq_handler+0x96>
100009a0:	eb05 018b 	add.w	r1, r5, fp, lsl #2
100009a4:	6aab      	ldr	r3, [r5, #40]	@ 0x28
100009a6:	690a      	ldr	r2, [r1, #16]
100009a8:	1ad2      	subs	r2, r2, r3
100009aa:	1ae3      	subs	r3, r4, r3
100009ac:	4293      	cmp	r3, r2
100009ae:	d305      	bcc.n	100009bc <alarm_pool_irq_handler+0x94>
100009b0:	2301      	movs	r3, #1
100009b2:	6a2a      	ldr	r2, [r5, #32]
100009b4:	fa03 f30b 	lsl.w	r3, r3, fp
100009b8:	4213      	tst	r3, r2
100009ba:	d100      	bne.n	100009be <alarm_pool_irq_handler+0x96>
100009bc:	610c      	str	r4, [r1, #16]
100009be:	4628      	mov	r0, r5
100009c0:	f000 fba4 	bl	1000110c <timer_time_us_64>
100009c4:	42a0      	cmp	r0, r4
100009c6:	41b9      	sbcs	r1, r7
100009c8:	f2c0 80fb 	blt.w	10000bc2 <alarm_pool_irq_handler+0x29a>
100009cc:	f9b6 3008 	ldrsh.w	r3, [r6, #8]
100009d0:	9a01      	ldr	r2, [sp, #4]
100009d2:	2b00      	cmp	r3, #0
100009d4:	9300      	str	r3, [sp, #0]
100009d6:	63ea      	str	r2, [r5, #60]	@ 0x3c
100009d8:	dbc8      	blt.n	1000096c <alarm_pool_irq_handler+0x44>
100009da:	f8d6 8014 	ldr.w	r8, [r6, #20]
100009de:	eb03 0943 	add.w	r9, r3, r3, lsl #1
100009e2:	4628      	mov	r0, r5
100009e4:	eb08 07c9 	add.w	r7, r8, r9, lsl #3
100009e8:	e9d7 4a02 	ldrd	r4, sl, [r7, #8]
100009ec:	f000 fb8e 	bl	1000110c <timer_time_us_64>
100009f0:	42a0      	cmp	r0, r4
100009f2:	eb71 010a 	sbcs.w	r1, r1, sl
100009f6:	dbb9      	blt.n	1000096c <alarm_pool_irq_handler+0x44>
100009f8:	f1ba 0f00 	cmp.w	sl, #0
100009fc:	f2c0 80c3 	blt.w	10000b86 <alarm_pool_irq_handler+0x25e>
10000a00:	e9d7 3104 	ldrd	r3, r1, [r7, #16]
10000a04:	4a83      	ldr	r2, [pc, #524]	@ (10000c14 <alarm_pool_irq_handler+0x2ec>)
10000a06:	4293      	cmp	r3, r2
10000a08:	f000 80ed 	beq.w	10000be6 <alarm_pool_irq_handler+0x2be>
10000a0c:	887a      	ldrh	r2, [r7, #2]
10000a0e:	f9b6 0008 	ldrsh.w	r0, [r6, #8]
10000a12:	b292      	uxth	r2, r2
10000a14:	ea42 4000 	orr.w	r0, r2, r0, lsl #16
10000a18:	4798      	blx	r3
10000a1a:	4602      	mov	r2, r0
10000a1c:	460b      	mov	r3, r1
10000a1e:	ea52 0103 	orrs.w	r1, r2, r3
10000a22:	f000 80b0 	beq.w	10000b86 <alarm_pool_irq_handler+0x25e>
10000a26:	2b00      	cmp	r3, #0
10000a28:	f280 80d1 	bge.w	10000bce <alarm_pool_irq_handler+0x2a6>
10000a2c:	ebb4 0e02 	subs.w	lr, r4, r2
10000a30:	eb6a 0a03 	sbc.w	sl, sl, r3
10000a34:	f938 3039 	ldrsh.w	r3, [r8, r9, lsl #3]
10000a38:	e9c7 ea02 	strd	lr, sl, [r7, #8]
10000a3c:	2b00      	cmp	r3, #0
10000a3e:	db95      	blt.n	1000096c <alarm_pool_irq_handler+0x44>
10000a40:	6971      	ldr	r1, [r6, #20]
10000a42:	eb03 0243 	add.w	r2, r3, r3, lsl #1
10000a46:	eb01 02c2 	add.w	r2, r1, r2, lsl #3
10000a4a:	e9d2 7002 	ldrd	r7, r0, [r2, #8]
10000a4e:	45be      	cmp	lr, r7
10000a50:	eb7a 0c00 	sbcs.w	ip, sl, r0
10000a54:	ea4f 0243 	mov.w	r2, r3, lsl #1
10000a58:	db88      	blt.n	1000096c <alarm_pool_irq_handler+0x44>
10000a5a:	46b4      	mov	ip, r6
10000a5c:	f82c 3f08 	strh.w	r3, [ip, #8]!
10000a60:	e006      	b.n	10000a70 <alarm_pool_irq_handler+0x148>
10000a62:	eb03 0043 	add.w	r0, r3, r3, lsl #1
10000a66:	eb01 00c0 	add.w	r0, r1, r0, lsl #3
10000a6a:	005a      	lsls	r2, r3, #1
10000a6c:	e9d0 7002 	ldrd	r7, r0, [r0, #8]
10000a70:	45be      	cmp	lr, r7
10000a72:	441a      	add	r2, r3
10000a74:	eb7a 0000 	sbcs.w	r0, sl, r0
10000a78:	eb01 04c2 	add.w	r4, r1, r2, lsl #3
10000a7c:	db04      	blt.n	10000a88 <alarm_pool_irq_handler+0x160>
10000a7e:	f931 3032 	ldrsh.w	r3, [r1, r2, lsl #3]
10000a82:	46a4      	mov	ip, r4
10000a84:	2b00      	cmp	r3, #0
10000a86:	daec      	bge.n	10000a62 <alarm_pool_irq_handler+0x13a>
10000a88:	f828 3039 	strh.w	r3, [r8, r9, lsl #3]
10000a8c:	9b00      	ldr	r3, [sp, #0]
10000a8e:	f8ac 3000 	strh.w	r3, [ip]
10000a92:	88b3      	ldrh	r3, [r6, #4]
10000a94:	041c      	lsls	r4, r3, #16
10000a96:	f53f af6d 	bmi.w	10000974 <alarm_pool_irq_handler+0x4c>
10000a9a:	6933      	ldr	r3, [r6, #16]
10000a9c:	f3ef 8210 	mrs	r2, PRIMASK
10000aa0:	b672      	cpsid	i
10000aa2:	e8d3 0fcf 	ldaexb	r0, [r3]
10000aa6:	2101      	movs	r1, #1
10000aa8:	2800      	cmp	r0, #0
10000aaa:	d1fa      	bne.n	10000aa2 <alarm_pool_irq_handler+0x17a>
10000aac:	e8c3 1f40 	strexb	r0, r1, [r3]
10000ab0:	2800      	cmp	r0, #0
10000ab2:	d1f6      	bne.n	10000aa2 <alarm_pool_irq_handler+0x17a>
10000ab4:	f3bf 8f5f 	dmb	sy
10000ab8:	f64f 74ff 	movw	r4, #65535	@ 0xffff
10000abc:	88b0      	ldrh	r0, [r6, #4]
10000abe:	2300      	movs	r3, #0
10000ac0:	6931      	ldr	r1, [r6, #16]
10000ac2:	b200      	sxth	r0, r0
10000ac4:	80b4      	strh	r4, [r6, #4]
10000ac6:	e8c1 3f8f 	stlb	r3, [r1]
10000aca:	f382 8810 	msr	PRIMASK, r2
10000ace:	4298      	cmp	r0, r3
10000ad0:	f6ff af50 	blt.w	10000974 <alarm_pool_irq_handler+0x4c>
10000ad4:	4607      	mov	r7, r0
10000ad6:	46a9      	mov	r9, r5
10000ad8:	6974      	ldr	r4, [r6, #20]
10000ada:	f106 0808 	add.w	r8, r6, #8
10000ade:	eb07 0e47 	add.w	lr, r7, r7, lsl #1
10000ae2:	eb04 03ce 	add.w	r3, r4, lr, lsl #3
10000ae6:	e9d3 5002 	ldrd	r5, r0, [r3, #8]
10000aea:	f9b6 3008 	ldrsh.w	r3, [r6, #8]
10000aee:	46c4      	mov	ip, r8
10000af0:	2b00      	cmp	r3, #0
10000af2:	db13      	blt.n	10000b1c <alarm_pool_irq_handler+0x1f4>
10000af4:	46b2      	mov	sl, r6
10000af6:	9700      	str	r7, [sp, #0]
10000af8:	e004      	b.n	10000b04 <alarm_pool_irq_handler+0x1dc>
10000afa:	f934 3036 	ldrsh.w	r3, [r4, r6, lsl #3]
10000afe:	4694      	mov	ip, r2
10000b00:	2b00      	cmp	r3, #0
10000b02:	db09      	blt.n	10000b18 <alarm_pool_irq_handler+0x1f0>
10000b04:	eb03 0643 	add.w	r6, r3, r3, lsl #1
10000b08:	eb04 02c6 	add.w	r2, r4, r6, lsl #3
10000b0c:	e9d2 7102 	ldrd	r7, r1, [r2, #8]
10000b10:	42bd      	cmp	r5, r7
10000b12:	eb70 0101 	sbcs.w	r1, r0, r1
10000b16:	daf0      	bge.n	10000afa <alarm_pool_irq_handler+0x1d2>
10000b18:	4656      	mov	r6, sl
10000b1a:	9f00      	ldr	r7, [sp, #0]
10000b1c:	f8ac 7000 	strh.w	r7, [ip]
10000b20:	f934 703e 	ldrsh.w	r7, [r4, lr, lsl #3]
10000b24:	f824 303e 	strh.w	r3, [r4, lr, lsl #3]
10000b28:	2f00      	cmp	r7, #0
10000b2a:	dad8      	bge.n	10000ade <alarm_pool_irq_handler+0x1b6>
10000b2c:	79b3      	ldrb	r3, [r6, #6]
10000b2e:	464d      	mov	r5, r9
10000b30:	2b00      	cmp	r3, #0
10000b32:	f43f af23 	beq.w	1000097c <alarm_pool_irq_handler+0x54>
10000b36:	2300      	movs	r3, #0
10000b38:	71b3      	strb	r3, [r6, #6]
10000b3a:	f9b6 3008 	ldrsh.w	r3, [r6, #8]
10000b3e:	f106 0808 	add.w	r8, r6, #8
10000b42:	1c58      	adds	r0, r3, #1
10000b44:	d03d      	beq.n	10000bc2 <alarm_pool_irq_handler+0x29a>
10000b46:	461a      	mov	r2, r3
10000b48:	6977      	ldr	r7, [r6, #20]
10000b4a:	e003      	b.n	10000b54 <alarm_pool_irq_handler+0x22c>
10000b4c:	4680      	mov	r8, r0
10000b4e:	1c59      	adds	r1, r3, #1
10000b50:	f43f af16 	beq.w	10000980 <alarm_pool_irq_handler+0x58>
10000b54:	eb03 0143 	add.w	r1, r3, r3, lsl #1
10000b58:	eb07 00c1 	add.w	r0, r7, r1, lsl #3
10000b5c:	f8b0 c002 	ldrh.w	ip, [r0, #2]
10000b60:	461c      	mov	r4, r3
10000b62:	f41c 4f00 	tst.w	ip, #32768	@ 0x8000
10000b66:	469e      	mov	lr, r3
10000b68:	f937 3031 	ldrsh.w	r3, [r7, r1, lsl #3]
10000b6c:	d0ee      	beq.n	10000b4c <alarm_pool_irq_handler+0x224>
10000b6e:	4294      	cmp	r4, r2
10000b70:	ed80 8b02 	vstr	d8, [r0, #8]
10000b74:	d005      	beq.n	10000b82 <alarm_pool_irq_handler+0x25a>
10000b76:	f8a8 3000 	strh.w	r3, [r8]
10000b7a:	8932      	ldrh	r2, [r6, #8]
10000b7c:	f827 2031 	strh.w	r2, [r7, r1, lsl #3]
10000b80:	8134      	strh	r4, [r6, #8]
10000b82:	4672      	mov	r2, lr
10000b84:	e7e3      	b.n	10000b4e <alarm_pool_irq_handler+0x226>
10000b86:	f838 3039 	ldrh.w	r3, [r8, r9, lsl #3]
10000b8a:	8133      	strh	r3, [r6, #8]
10000b8c:	6933      	ldr	r3, [r6, #16]
10000b8e:	f3ef 8210 	mrs	r2, PRIMASK
10000b92:	b672      	cpsid	i
10000b94:	e8d3 0fcf 	ldaexb	r0, [r3]
10000b98:	2101      	movs	r1, #1
10000b9a:	2800      	cmp	r0, #0
10000b9c:	d1fa      	bne.n	10000b94 <alarm_pool_irq_handler+0x26c>
10000b9e:	e8c3 1f40 	strexb	r0, r1, [r3]
10000ba2:	2800      	cmp	r0, #0
10000ba4:	d1f6      	bne.n	10000b94 <alarm_pool_irq_handler+0x26c>
10000ba6:	f3bf 8f5f 	dmb	sy
10000baa:	8873      	ldrh	r3, [r6, #2]
10000bac:	6931      	ldr	r1, [r6, #16]
10000bae:	f828 3039 	strh.w	r3, [r8, r9, lsl #3]
10000bb2:	9b00      	ldr	r3, [sp, #0]
10000bb4:	8073      	strh	r3, [r6, #2]
10000bb6:	2300      	movs	r3, #0
10000bb8:	e8c1 3f8f 	stlb	r3, [r1]
10000bbc:	f382 8810 	msr	PRIMASK, r2
10000bc0:	e6d4      	b.n	1000096c <alarm_pool_irq_handler+0x44>
10000bc2:	bf40      	sev
10000bc4:	b005      	add	sp, #20
10000bc6:	ecbd 8b02 	vpop	{d8}
10000bca:	e8bd 8ff0 	ldmia.w	sp!, {r4, r5, r6, r7, r8, r9, sl, fp, pc}
10000bce:	4628      	mov	r0, r5
10000bd0:	e9cd 2302 	strd	r2, r3, [sp, #8]
10000bd4:	f000 fa9a 	bl	1000110c <timer_time_us_64>
10000bd8:	9a02      	ldr	r2, [sp, #8]
10000bda:	9b03      	ldr	r3, [sp, #12]
10000bdc:	eb10 0e02 	adds.w	lr, r0, r2
10000be0:	eb43 0a01 	adc.w	sl, r3, r1
10000be4:	e726      	b.n	10000a34 <alarm_pool_irq_handler+0x10c>
10000be6:	4608      	mov	r0, r1
10000be8:	690b      	ldr	r3, [r1, #16]
10000bea:	9102      	str	r1, [sp, #8]
10000bec:	4798      	blx	r3
10000bee:	2800      	cmp	r0, #0
10000bf0:	d0c9      	beq.n	10000b86 <alarm_pool_irq_handler+0x25e>
10000bf2:	9902      	ldr	r1, [sp, #8]
10000bf4:	e9d1 2300 	ldrd	r2, r3, [r1]
10000bf8:	e711      	b.n	10000a1e <alarm_pool_irq_handler+0xf6>
10000bfa:	bf00      	nop
10000bfc:	f3af 8000 	nop.w
10000c00:	ffffffff 	.word	0xffffffff
10000c04:	ffffffff 	.word	0xffffffff
10000c08:	400b8000 	.word	0x400b8000
10000c0c:	200007d8 	.word	0x200007d8
10000c10:	400b0000 	.word	0x400b0000
10000c14:	10000929 	.word	0x10000929

10000c18 <runtime_init_default_alarm_pool>:
10000c18:	e92d 4ff8 	stmdb	sp!, {r3, r4, r5, r6, r7, r8, r9, sl, fp, lr}
10000c1c:	4c36      	ldr	r4, [pc, #216]	@ (10000cf8 <runtime_init_default_alarm_pool+0xe0>)
10000c1e:	6925      	ldr	r5, [r4, #16]
10000c20:	b12d      	cbz	r5, 10000c2e <runtime_init_default_alarm_pool+0x16>
10000c22:	e8bd 4ff8 	ldmia.w	sp!, {r3, r4, r5, r6, r7, r8, r9, sl, fp, lr}
10000c26:	210a      	movs	r1, #10
10000c28:	4834      	ldr	r0, [pc, #208]	@ (10000cfc <runtime_init_default_alarm_pool+0xe4>)
10000c2a:	f7ff be33 	b.w	10000894 <lock_init>
10000c2e:	f8df 80e4 	ldr.w	r8, [pc, #228]	@ 10000d14 <runtime_init_default_alarm_pool+0xfc>
10000c32:	2103      	movs	r1, #3
10000c34:	4640      	mov	r0, r8
10000c36:	f000 fa57 	bl	100010e8 <timer_hardware_alarm_claim>
10000c3a:	2603      	movs	r6, #3
10000c3c:	f8c4 800c 	str.w	r8, [r4, #12]
10000c40:	f7ff fda2 	bl	10000788 <next_striped_spin_lock_num>
10000c44:	f04f 4c50 	mov.w	ip, #3489660928	@ 0xd0000000
10000c48:	4b2d      	ldr	r3, [pc, #180]	@ (10000d00 <runtime_init_default_alarm_pool+0xe8>)
10000c4a:	7026      	strb	r6, [r4, #0]
10000c4c:	4403      	add	r3, r0
10000c4e:	6123      	str	r3, [r4, #16]
10000c50:	f8dc 3000 	ldr.w	r3, [ip]
10000c54:	210f      	movs	r1, #15
10000c56:	7063      	strb	r3, [r4, #1]
10000c58:	6963      	ldr	r3, [r4, #20]
10000c5a:	8061      	strh	r1, [r4, #2]
10000c5c:	831d      	strh	r5, [r3, #24]
10000c5e:	f04f 0504 	mov.w	r5, #4
10000c62:	f8a3 5078 	strh.w	r5, [r3, #120]	@ 0x78
10000c66:	f04f 0505 	mov.w	r5, #5
10000c6a:	f8a3 5090 	strh.w	r5, [r3, #144]	@ 0x90
10000c6e:	f04f 0506 	mov.w	r5, #6
10000c72:	f8a3 50a8 	strh.w	r5, [r3, #168]	@ 0xa8
10000c76:	f04f 0507 	mov.w	r5, #7
10000c7a:	210e      	movs	r1, #14
10000c7c:	f64f 72ff 	movw	r2, #65535	@ 0xffff
10000c80:	2708      	movs	r7, #8
10000c82:	f04f 0e0a 	mov.w	lr, #10
10000c86:	f8a3 50c0 	strh.w	r5, [r3, #192]	@ 0xc0
10000c8a:	f04f 0901 	mov.w	r9, #1
10000c8e:	f04f 0c0c 	mov.w	ip, #12
10000c92:	f04f 0b02 	mov.w	fp, #2
10000c96:	f04f 0a09 	mov.w	sl, #9
10000c9a:	200d      	movs	r0, #13
10000c9c:	f04f 050b 	mov.w	r5, #11
10000ca0:	f8a3 1168 	strh.w	r1, [r3, #360]	@ 0x168
10000ca4:	4917      	ldr	r1, [pc, #92]	@ (10000d04 <runtime_init_default_alarm_pool+0xec>)
10000ca6:	80a2      	strh	r2, [r4, #4]
10000ca8:	f8a3 e108 	strh.w	lr, [r3, #264]	@ 0x108
10000cac:	60a1      	str	r1, [r4, #8]
10000cae:	f8a3 b048 	strh.w	fp, [r3, #72]	@ 0x48
10000cb2:	f8a3 a0f0 	strh.w	sl, [r3, #240]	@ 0xf0
10000cb6:	f8a3 5120 	strh.w	r5, [r3, #288]	@ 0x120
10000cba:	f8a3 c138 	strh.w	ip, [r3, #312]	@ 0x138
10000cbe:	f8a3 0150 	strh.w	r0, [r3, #336]	@ 0x150
10000cc2:	f8a3 9030 	strh.w	r9, [r3, #48]	@ 0x30
10000cc6:	f8a3 6060 	strh.w	r6, [r3, #96]	@ 0x60
10000cca:	f8a3 70d8 	strh.w	r7, [r3, #216]	@ 0xd8
10000cce:	801a      	strh	r2, [r3, #0]
10000cd0:	4b0d      	ldr	r3, [pc, #52]	@ (10000d08 <runtime_init_default_alarm_pool+0xf0>)
10000cd2:	4630      	mov	r0, r6
10000cd4:	f8c8 7020 	str.w	r7, [r8, #32]
10000cd8:	490c      	ldr	r1, [pc, #48]	@ (10000d0c <runtime_init_default_alarm_pool+0xf4>)
10000cda:	60dc      	str	r4, [r3, #12]
10000cdc:	f7ff fdaa 	bl	10000834 <irq_set_exclusive_handler>
10000ce0:	4649      	mov	r1, r9
10000ce2:	4630      	mov	r0, r6
10000ce4:	f7ff fd90 	bl	10000808 <irq_set_enabled>
10000ce8:	4b09      	ldr	r3, [pc, #36]	@ (10000d10 <runtime_init_default_alarm_pool+0xf8>)
10000cea:	210a      	movs	r1, #10
10000cec:	641f      	str	r7, [r3, #64]	@ 0x40
10000cee:	4803      	ldr	r0, [pc, #12]	@ (10000cfc <runtime_init_default_alarm_pool+0xe4>)
10000cf0:	e8bd 4ff8 	ldmia.w	sp!, {r3, r4, r5, r6, r7, r8, r9, sl, fp, lr}
10000cf4:	f7ff bdce 	b.w	10000894 <lock_init>
10000cf8:	2000034c 	.word	0x2000034c
10000cfc:	200009e0 	.word	0x200009e0
10000d00:	20000768 	.word	0x20000768
10000d04:	0010ffff 	.word	0x0010ffff
10000d08:	200007d8 	.word	0x200007d8
10000d0c:	10000929 	.word	0x10000929
10000d10:	400b2000 	.word	0x400b2000
10000d14:	400b0000 	.word	0x400b0000

10000d18 <alarm_pool_add_alarm_at_force_in_context>:
10000d18:	4601      	mov	r1, r0
10000d1a:	b5f0      	push	{r4, r5, r6, r7, lr}
10000d1c:	6900      	ldr	r0, [r0, #16]
10000d1e:	f3ef 8710 	mrs	r7, PRIMASK
10000d22:	b672      	cpsid	i
10000d24:	e8d0 5fcf 	ldaexb	r5, [r0]
10000d28:	2401      	movs	r4, #1
10000d2a:	2d00      	cmp	r5, #0
10000d2c:	d1fa      	bne.n	10000d24 <alarm_pool_add_alarm_at_force_in_context+0xc>
10000d2e:	e8c0 4f45 	strexb	r5, r4, [r0]
10000d32:	2d00      	cmp	r5, #0
10000d34:	d1f6      	bne.n	10000d24 <alarm_pool_add_alarm_at_force_in_context+0xc>
10000d36:	f3bf 8f5f 	dmb	sy
10000d3a:	f9b1 e002 	ldrsh.w	lr, [r1, #2]
10000d3e:	694c      	ldr	r4, [r1, #20]
10000d40:	eb0e 0c4e 	add.w	ip, lr, lr, lsl #1
10000d44:	f1be 0f00 	cmp.w	lr, #0
10000d48:	ea4f 05cc 	mov.w	r5, ip, lsl #3
10000d4c:	6908      	ldr	r0, [r1, #16]
10000d4e:	eb04 0ccc 	add.w	ip, r4, ip, lsl #3
10000d52:	db3c      	blt.n	10000dce <alarm_pool_add_alarm_at_force_in_context+0xb6>
10000d54:	5b66      	ldrh	r6, [r4, r5]
10000d56:	804e      	strh	r6, [r1, #2]
10000d58:	2600      	movs	r6, #0
10000d5a:	e8c0 6f8f 	stlb	r6, [r0]
10000d5e:	f387 8810 	msr	PRIMASK, r7
10000d62:	f8bc 0002 	ldrh.w	r0, [ip, #2]
10000d66:	e9cc 2302 	strd	r2, r3, [ip, #8]
10000d6a:	3001      	adds	r0, #1
10000d6c:	f3c0 000e 	ubfx	r0, r0, #0, #15
10000d70:	2801      	cmp	r0, #1
10000d72:	bf38      	it	cc
10000d74:	2001      	movcc	r0, #1
10000d76:	9b05      	ldr	r3, [sp, #20]
10000d78:	f8ac 0002 	strh.w	r0, [ip, #2]
10000d7c:	f8cc 3010 	str.w	r3, [ip, #16]
10000d80:	9b06      	ldr	r3, [sp, #24]
10000d82:	ea40 400e 	orr.w	r0, r0, lr, lsl #16
10000d86:	f8cc 3014 	str.w	r3, [ip, #20]
10000d8a:	690b      	ldr	r3, [r1, #16]
10000d8c:	f3ef 8210 	mrs	r2, PRIMASK
10000d90:	b672      	cpsid	i
10000d92:	e8d3 cfcf 	ldaexb	ip, [r3]
10000d96:	2701      	movs	r7, #1
10000d98:	f1bc 0f00 	cmp.w	ip, #0
10000d9c:	d1f9      	bne.n	10000d92 <alarm_pool_add_alarm_at_force_in_context+0x7a>
10000d9e:	e8c3 7f4c 	strexb	ip, r7, [r3]
10000da2:	f1bc 0f00 	cmp.w	ip, #0
10000da6:	d1f4      	bne.n	10000d92 <alarm_pool_add_alarm_at_force_in_context+0x7a>
10000da8:	f3bf 8f5f 	dmb	sy
10000dac:	888b      	ldrh	r3, [r1, #4]
10000dae:	5363      	strh	r3, [r4, r5]
10000db0:	f8a1 e004 	strh.w	lr, [r1, #4]
10000db4:	690b      	ldr	r3, [r1, #16]
10000db6:	e8c3 6f8f 	stlb	r6, [r3]
10000dba:	f382 8810 	msr	PRIMASK, r2
10000dbe:	2201      	movs	r2, #1
10000dc0:	68cb      	ldr	r3, [r1, #12]
10000dc2:	7809      	ldrb	r1, [r1, #0]
10000dc4:	f503 5301 	add.w	r3, r3, #8256	@ 0x2040
10000dc8:	408a      	lsls	r2, r1
10000dca:	605a      	str	r2, [r3, #4]
10000dcc:	bdf0      	pop	{r4, r5, r6, r7, pc}
10000dce:	2300      	movs	r3, #0
10000dd0:	e8c0 3f8f 	stlb	r3, [r0]
10000dd4:	f387 8810 	msr	PRIMASK, r7
10000dd8:	f04f 30ff 	mov.w	r0, #4294967295	@ 0xffffffff
10000ddc:	bdf0      	pop	{r4, r5, r6, r7, pc}
10000dde:	bf00      	nop

10000de0 <alarm_pool_cancel_alarm>:
10000de0:	4603      	mov	r3, r0
10000de2:	8940      	ldrh	r0, [r0, #10]
10000de4:	ebb0 4f21 	cmp.w	r0, r1, asr #16
10000de8:	dd37      	ble.n	10000e5a <alarm_pool_cancel_alarm+0x7a>
10000dea:	6958      	ldr	r0, [r3, #20]
10000dec:	140a      	asrs	r2, r1, #16
10000dee:	eb02 0242 	add.w	r2, r2, r2, lsl #1
10000df2:	b510      	push	{r4, lr}
10000df4:	eb00 00c2 	add.w	r0, r0, r2, lsl #3
10000df8:	691c      	ldr	r4, [r3, #16]
10000dfa:	f3ef 8c10 	mrs	ip, PRIMASK
10000dfe:	b672      	cpsid	i
10000e00:	e8d4 efcf 	ldaexb	lr, [r4]
10000e04:	2201      	movs	r2, #1
10000e06:	f1be 0f00 	cmp.w	lr, #0
10000e0a:	d1f9      	bne.n	10000e00 <alarm_pool_cancel_alarm+0x20>
10000e0c:	e8c4 2f4e 	strexb	lr, r2, [r4]
10000e10:	f1be 0f00 	cmp.w	lr, #0
10000e14:	d1f4      	bne.n	10000e00 <alarm_pool_cancel_alarm+0x20>
10000e16:	f3bf 8f5f 	dmb	sy
10000e1a:	8842      	ldrh	r2, [r0, #2]
10000e1c:	b289      	uxth	r1, r1
10000e1e:	b292      	uxth	r2, r2
10000e20:	428a      	cmp	r2, r1
10000e22:	d007      	beq.n	10000e34 <alarm_pool_cancel_alarm+0x54>
10000e24:	2200      	movs	r2, #0
10000e26:	691b      	ldr	r3, [r3, #16]
10000e28:	e8c3 2f8f 	stlb	r2, [r3]
10000e2c:	f38c 8810 	msr	PRIMASK, ip
10000e30:	2000      	movs	r0, #0
10000e32:	bd10      	pop	{r4, pc}
10000e34:	f442 4200 	orr.w	r2, r2, #32768	@ 0x8000
10000e38:	8042      	strh	r2, [r0, #2]
10000e3a:	2101      	movs	r1, #1
10000e3c:	2200      	movs	r2, #0
10000e3e:	6918      	ldr	r0, [r3, #16]
10000e40:	7199      	strb	r1, [r3, #6]
10000e42:	e8c0 2f8f 	stlb	r2, [r0]
10000e46:	f38c 8810 	msr	PRIMASK, ip
10000e4a:	781c      	ldrb	r4, [r3, #0]
10000e4c:	68da      	ldr	r2, [r3, #12]
10000e4e:	4608      	mov	r0, r1
10000e50:	f502 5301 	add.w	r3, r2, #8256	@ 0x2040
10000e54:	40a1      	lsls	r1, r4
10000e56:	6059      	str	r1, [r3, #4]
10000e58:	bd10      	pop	{r4, pc}
10000e5a:	2000      	movs	r0, #0
10000e5c:	4770      	bx	lr
10000e5e:	bf00      	nop

10000e60 <sleep_us>:
10000e60:	e92d 41f0 	stmdb	sp!, {r4, r5, r6, r7, r8, lr}
10000e64:	b082      	sub	sp, #8
10000e66:	4604      	mov	r4, r0
10000e68:	460e      	mov	r6, r1
10000e6a:	f000 f957 	bl	1000111c <time_us_64>
10000e6e:	f04f 32ff 	mov.w	r2, #4294967295	@ 0xffffffff
10000e72:	f06f 4300 	mvn.w	r3, #2147483648	@ 0x80000000
10000e76:	1824      	adds	r4, r4, r0
10000e78:	eb46 0601 	adc.w	r6, r6, r1
10000e7c:	42a2      	cmp	r2, r4
10000e7e:	eb73 0106 	sbcs.w	r1, r3, r6
10000e82:	bf3c      	itt	cc
10000e84:	4614      	movcc	r4, r2
10000e86:	461e      	movcc	r6, r3
10000e88:	1fa5      	subs	r5, r4, #6
10000e8a:	f146 37ff 	adc.w	r7, r6, #4294967295	@ 0xffffffff
10000e8e:	42ac      	cmp	r4, r5
10000e90:	eb76 0307 	sbcs.w	r3, r6, r7
10000e94:	bf3c      	itt	cc
10000e96:	2500      	movcc	r5, #0
10000e98:	462f      	movcc	r7, r5
10000e9a:	f000 f93f 	bl	1000111c <time_us_64>
10000e9e:	1a28      	subs	r0, r5, r0
10000ea0:	eb67 0c01 	sbc.w	ip, r7, r1
10000ea4:	2801      	cmp	r0, #1
10000ea6:	f17c 0c00 	sbcs.w	ip, ip, #0
10000eaa:	da06      	bge.n	10000eba <sleep_us+0x5a>
10000eac:	4620      	mov	r0, r4
10000eae:	4631      	mov	r1, r6
10000eb0:	b002      	add	sp, #8
10000eb2:	e8bd 41f0 	ldmia.w	sp!, {r4, r5, r6, r7, r8, lr}
10000eb6:	f000 b93b 	b.w	10001130 <busy_wait_until>
10000eba:	f000 f92f 	bl	1000111c <time_us_64>
10000ebe:	4285      	cmp	r5, r0
10000ec0:	eb67 0101 	sbc.w	r1, r7, r1
10000ec4:	2900      	cmp	r1, #0
10000ec6:	db0a      	blt.n	10000ede <sleep_us+0x7e>
10000ec8:	2100      	movs	r1, #0
10000eca:	4b17      	ldr	r3, [pc, #92]	@ (10000f28 <sleep_us+0xc8>)
10000ecc:	462a      	mov	r2, r5
10000ece:	9300      	str	r3, [sp, #0]
10000ed0:	4816      	ldr	r0, [pc, #88]	@ (10000f2c <sleep_us+0xcc>)
10000ed2:	463b      	mov	r3, r7
10000ed4:	9101      	str	r1, [sp, #4]
10000ed6:	f7ff ff1f 	bl	10000d18 <alarm_pool_add_alarm_at_force_in_context>
10000eda:	3001      	adds	r0, #1
10000edc:	d0e6      	beq.n	10000eac <sleep_us+0x4c>
10000ede:	f04f 0c00 	mov.w	ip, #0
10000ee2:	4a13      	ldr	r2, [pc, #76]	@ (10000f30 <sleep_us+0xd0>)
10000ee4:	4913      	ldr	r1, [pc, #76]	@ (10000f34 <sleep_us+0xd4>)
10000ee6:	6a53      	ldr	r3, [r2, #36]	@ 0x24
10000ee8:	429f      	cmp	r7, r3
10000eea:	d804      	bhi.n	10000ef6 <sleep_us+0x96>
10000eec:	6a90      	ldr	r0, [r2, #40]	@ 0x28
10000eee:	42a8      	cmp	r0, r5
10000ef0:	d2dc      	bcs.n	10000eac <sleep_us+0x4c>
10000ef2:	429f      	cmp	r7, r3
10000ef4:	d1da      	bne.n	10000eac <sleep_us+0x4c>
10000ef6:	680b      	ldr	r3, [r1, #0]
10000ef8:	f3ef 8010 	mrs	r0, PRIMASK
10000efc:	b672      	cpsid	i
10000efe:	e8d3 8fcf 	ldaexb	r8, [r3]
10000f02:	f05f 0e01 	movs.w	lr, #1
10000f06:	f1b8 0f00 	cmp.w	r8, #0
10000f0a:	d1f8      	bne.n	10000efe <sleep_us+0x9e>
10000f0c:	e8c3 ef48 	strexb	r8, lr, [r3]
10000f10:	f1b8 0f00 	cmp.w	r8, #0
10000f14:	d1f3      	bne.n	10000efe <sleep_us+0x9e>
10000f16:	f3bf 8f5f 	dmb	sy
10000f1a:	680b      	ldr	r3, [r1, #0]
10000f1c:	e8c3 cf8f 	stlb	ip, [r3]
10000f20:	f380 8810 	msr	PRIMASK, r0
10000f24:	bf20      	wfe
10000f26:	e7de      	b.n	10000ee6 <sleep_us+0x86>
10000f28:	100008ed 	.word	0x100008ed
10000f2c:	2000034c 	.word	0x2000034c
10000f30:	400b0000 	.word	0x400b0000
10000f34:	200009e0 	.word	0x200009e0

10000f38 <sleep_ms>:
10000f38:	e92d 41f0 	stmdb	sp!, {r4, r5, r6, r7, r8, lr}
10000f3c:	b082      	sub	sp, #8
10000f3e:	4606      	mov	r6, r0
10000f40:	f000 f8ec 	bl	1000111c <time_us_64>
10000f44:	f44f 737a 	mov.w	r3, #1000	@ 0x3e8
10000f48:	4604      	mov	r4, r0
10000f4a:	f04f 30ff 	mov.w	r0, #4294967295	@ 0xffffffff
10000f4e:	f06f 4200 	mvn.w	r2, #2147483648	@ 0x80000000
10000f52:	fbe6 4103 	umlal	r4, r1, r6, r3
10000f56:	42a0      	cmp	r0, r4
10000f58:	eb72 0301 	sbcs.w	r3, r2, r1
10000f5c:	bf3a      	itte	cc
10000f5e:	4604      	movcc	r4, r0
10000f60:	4615      	movcc	r5, r2
10000f62:	460d      	movcs	r5, r1
10000f64:	1fa6      	subs	r6, r4, #6
10000f66:	f145 37ff 	adc.w	r7, r5, #4294967295	@ 0xffffffff
10000f6a:	42b4      	cmp	r4, r6
10000f6c:	eb75 0307 	sbcs.w	r3, r5, r7
10000f70:	bf3c      	itt	cc
10000f72:	2600      	movcc	r6, #0
10000f74:	4637      	movcc	r7, r6
10000f76:	f000 f8d1 	bl	1000111c <time_us_64>
10000f7a:	1a30      	subs	r0, r6, r0
10000f7c:	eb67 0101 	sbc.w	r1, r7, r1
10000f80:	2801      	cmp	r0, #1
10000f82:	f171 0100 	sbcs.w	r1, r1, #0
10000f86:	da06      	bge.n	10000f96 <sleep_ms+0x5e>
10000f88:	4620      	mov	r0, r4
10000f8a:	4629      	mov	r1, r5
10000f8c:	b002      	add	sp, #8
10000f8e:	e8bd 41f0 	ldmia.w	sp!, {r4, r5, r6, r7, r8, lr}
10000f92:	f000 b8cd 	b.w	10001130 <busy_wait_until>
10000f96:	f000 f8c1 	bl	1000111c <time_us_64>
10000f9a:	4286      	cmp	r6, r0
10000f9c:	eb67 0101 	sbc.w	r1, r7, r1
10000fa0:	2900      	cmp	r1, #0
10000fa2:	db0a      	blt.n	10000fba <sleep_ms+0x82>
10000fa4:	2100      	movs	r1, #0
10000fa6:	4b17      	ldr	r3, [pc, #92]	@ (10001004 <sleep_ms+0xcc>)
10000fa8:	4632      	mov	r2, r6
10000faa:	9300      	str	r3, [sp, #0]
10000fac:	4816      	ldr	r0, [pc, #88]	@ (10001008 <sleep_ms+0xd0>)
10000fae:	463b      	mov	r3, r7
10000fb0:	9101      	str	r1, [sp, #4]
10000fb2:	f7ff feb1 	bl	10000d18 <alarm_pool_add_alarm_at_force_in_context>
10000fb6:	3001      	adds	r0, #1
10000fb8:	d0e6      	beq.n	10000f88 <sleep_ms+0x50>
10000fba:	f04f 0c00 	mov.w	ip, #0
10000fbe:	4a13      	ldr	r2, [pc, #76]	@ (1000100c <sleep_ms+0xd4>)
10000fc0:	4913      	ldr	r1, [pc, #76]	@ (10001010 <sleep_ms+0xd8>)
10000fc2:	6a53      	ldr	r3, [r2, #36]	@ 0x24
10000fc4:	429f      	cmp	r7, r3
10000fc6:	d804      	bhi.n	10000fd2 <sleep_ms+0x9a>
10000fc8:	6a90      	ldr	r0, [r2, #40]	@ 0x28
10000fca:	42b0      	cmp	r0, r6
10000fcc:	d2dc      	bcs.n	10000f88 <sleep_ms+0x50>
10000fce:	429f      	cmp	r7, r3
10000fd0:	d1da      	bne.n	10000f88 <sleep_ms+0x50>
10000fd2:	680b      	ldr	r3, [r1, #0]
10000fd4:	f3ef 8010 	mrs	r0, PRIMASK
10000fd8:	b672      	cpsid	i
10000fda:	e8d3 8fcf 	ldaexb	r8, [r3]
10000fde:	f05f 0e01 	movs.w	lr, #1
10000fe2:	f1b8 0f00 	cmp.w	r8, #0
10000fe6:	d1f8      	bne.n	10000fda <sleep_ms+0xa2>
10000fe8:	e8c3 ef48 	strexb	r8, lr, [r3]
10000fec:	f1b8 0f00 	cmp.w	r8, #0
10000ff0:	d1f3      	bne.n	10000fda <sleep_ms+0xa2>
10000ff2:	f3bf 8f5f 	dmb	sy
10000ff6:	680b      	ldr	r3, [r1, #0]
10000ff8:	e8c3 cf8f 	stlb	ip, [r3]
10000ffc:	f380 8810 	msr	PRIMASK, r0
10001000:	bf20      	wfe
10001002:	e7de      	b.n	10000fc2 <sleep_ms+0x8a>
10001004:	100008ed 	.word	0x100008ed
10001008:	2000034c 	.word	0x2000034c
1000100c:	400b0000 	.word	0x400b0000
10001010:	200009e0 	.word	0x200009e0

10001014 <best_effort_wfe_or_timeout>:
10001014:	e92d 43f0 	stmdb	sp!, {r4, r5, r6, r7, r8, r9, lr}
10001018:	4606      	mov	r6, r0
1000101a:	460d      	mov	r5, r1
1000101c:	b083      	sub	sp, #12
1000101e:	f3ef 8405 	mrs	r4, IPSR
10001022:	b2e4      	uxtb	r4, r4
10001024:	b13c      	cbz	r4, 10001036 <best_effort_wfe_or_timeout+0x22>
10001026:	4b2d      	ldr	r3, [pc, #180]	@ (100010dc <best_effort_wfe_or_timeout+0xc8>)
10001028:	6a5a      	ldr	r2, [r3, #36]	@ 0x24
1000102a:	42aa      	cmp	r2, r5
1000102c:	d21c      	bcs.n	10001068 <best_effort_wfe_or_timeout+0x54>
1000102e:	2000      	movs	r0, #0
10001030:	b003      	add	sp, #12
10001032:	e8bd 83f0 	ldmia.w	sp!, {r4, r5, r6, r7, r8, r9, pc}
10001036:	4f2a      	ldr	r7, [pc, #168]	@ (100010e0 <best_effort_wfe_or_timeout+0xcc>)
10001038:	f8d7 900c 	ldr.w	r9, [r7, #12]
1000103c:	f897 8000 	ldrb.w	r8, [r7]
10001040:	4648      	mov	r0, r9
10001042:	f000 f863 	bl	1000110c <timer_time_us_64>
10001046:	f108 0804 	add.w	r8, r8, #4
1000104a:	f859 3028 	ldr.w	r3, [r9, r8, lsl #2]
1000104e:	1a1b      	subs	r3, r3, r0
10001050:	1a30      	subs	r0, r6, r0
10001052:	eb65 0101 	sbc.w	r1, r5, r1
10001056:	4298      	cmp	r0, r3
10001058:	f171 0100 	sbcs.w	r1, r1, #0
1000105c:	db10      	blt.n	10001080 <best_effort_wfe_or_timeout+0x6c>
1000105e:	bf20      	wfe
10001060:	4b1e      	ldr	r3, [pc, #120]	@ (100010dc <best_effort_wfe_or_timeout+0xc8>)
10001062:	6a5a      	ldr	r2, [r3, #36]	@ 0x24
10001064:	42aa      	cmp	r2, r5
10001066:	d3e2      	bcc.n	1000102e <best_effort_wfe_or_timeout+0x1a>
10001068:	bf14      	ite	ne
1000106a:	2401      	movne	r4, #1
1000106c:	2400      	moveq	r4, #0
1000106e:	6a9b      	ldr	r3, [r3, #40]	@ 0x28
10001070:	42b3      	cmp	r3, r6
10001072:	bf34      	ite	cc
10001074:	4620      	movcc	r0, r4
10001076:	f044 0001 	orrcs.w	r0, r4, #1
1000107a:	b003      	add	sp, #12
1000107c:	e8bd 83f0 	ldmia.w	sp!, {r4, r5, r6, r7, r8, r9, pc}
10001080:	f000 f84c 	bl	1000111c <time_us_64>
10001084:	4286      	cmp	r6, r0
10001086:	eb65 0101 	sbc.w	r1, r5, r1
1000108a:	2900      	cmp	r1, #0
1000108c:	db14      	blt.n	100010b8 <best_effort_wfe_or_timeout+0xa4>
1000108e:	4b15      	ldr	r3, [pc, #84]	@ (100010e4 <best_effort_wfe_or_timeout+0xd0>)
10001090:	4638      	mov	r0, r7
10001092:	e9cd 3400 	strd	r3, r4, [sp]
10001096:	4632      	mov	r2, r6
10001098:	462b      	mov	r3, r5
1000109a:	f7ff fe3d 	bl	10000d18 <alarm_pool_add_alarm_at_force_in_context>
1000109e:	1e01      	subs	r1, r0, #0
100010a0:	dd0a      	ble.n	100010b8 <best_effort_wfe_or_timeout+0xa4>
100010a2:	4b0e      	ldr	r3, [pc, #56]	@ (100010dc <best_effort_wfe_or_timeout+0xc8>)
100010a4:	6a5a      	ldr	r2, [r3, #36]	@ 0x24
100010a6:	42aa      	cmp	r2, r5
100010a8:	d316      	bcc.n	100010d8 <best_effort_wfe_or_timeout+0xc4>
100010aa:	6a9b      	ldr	r3, [r3, #40]	@ 0x28
100010ac:	42b3      	cmp	r3, r6
100010ae:	d311      	bcc.n	100010d4 <best_effort_wfe_or_timeout+0xc0>
100010b0:	480b      	ldr	r0, [pc, #44]	@ (100010e0 <best_effort_wfe_or_timeout+0xcc>)
100010b2:	f7ff fe95 	bl	10000de0 <alarm_pool_cancel_alarm>
100010b6:	e7b6      	b.n	10001026 <best_effort_wfe_or_timeout+0x12>
100010b8:	4b08      	ldr	r3, [pc, #32]	@ (100010dc <best_effort_wfe_or_timeout+0xc8>)
100010ba:	6a5c      	ldr	r4, [r3, #36]	@ 0x24
100010bc:	42ac      	cmp	r4, r5
100010be:	d3b6      	bcc.n	1000102e <best_effort_wfe_or_timeout+0x1a>
100010c0:	1b64      	subs	r4, r4, r5
100010c2:	bf18      	it	ne
100010c4:	2401      	movne	r4, #1
100010c6:	6a9b      	ldr	r3, [r3, #40]	@ 0x28
100010c8:	42b3      	cmp	r3, r6
100010ca:	bf34      	ite	cc
100010cc:	4620      	movcc	r0, r4
100010ce:	f044 0001 	orrcs.w	r0, r4, #1
100010d2:	e7ad      	b.n	10001030 <best_effort_wfe_or_timeout+0x1c>
100010d4:	42aa      	cmp	r2, r5
100010d6:	d1eb      	bne.n	100010b0 <best_effort_wfe_or_timeout+0x9c>
100010d8:	bf20      	wfe
100010da:	e7e9      	b.n	100010b0 <best_effort_wfe_or_timeout+0x9c>
100010dc:	400b0000 	.word	0x400b0000
100010e0:	2000034c 	.word	0x2000034c
100010e4:	100008ed 	.word	0x100008ed

100010e8 <timer_hardware_alarm_claim>:
100010e8:	b410      	push	{r4}
100010ea:	4b05      	ldr	r3, [pc, #20]	@ (10001100 <timer_hardware_alarm_claim+0x18>)
100010ec:	4c05      	ldr	r4, [pc, #20]	@ (10001104 <timer_hardware_alarm_claim+0x1c>)
100010ee:	4a06      	ldr	r2, [pc, #24]	@ (10001108 <timer_hardware_alarm_claim+0x20>)
100010f0:	42a0      	cmp	r0, r4
100010f2:	bf14      	ite	ne
100010f4:	4618      	movne	r0, r3
100010f6:	1c58      	addeq	r0, r3, #1
100010f8:	f85d 4b04 	ldr.w	r4, [sp], #4
100010fc:	f7ff bb18 	b.w	10000730 <hw_claim_or_assert>
10001100:	20000788 	.word	0x20000788
10001104:	400b8000 	.word	0x400b8000
10001108:	10001b90 	.word	0x10001b90

1000110c <timer_time_us_64>:
1000110c:	4603      	mov	r3, r0
1000110e:	6a41      	ldr	r1, [r0, #36]	@ 0x24
10001110:	460a      	mov	r2, r1
10001112:	6a98      	ldr	r0, [r3, #40]	@ 0x28
10001114:	6a59      	ldr	r1, [r3, #36]	@ 0x24
10001116:	428a      	cmp	r2, r1
10001118:	d1fa      	bne.n	10001110 <timer_time_us_64+0x4>
1000111a:	4770      	bx	lr

1000111c <time_us_64>:
1000111c:	4b03      	ldr	r3, [pc, #12]	@ (1000112c <time_us_64+0x10>)
1000111e:	6a59      	ldr	r1, [r3, #36]	@ 0x24
10001120:	460a      	mov	r2, r1
10001122:	6a98      	ldr	r0, [r3, #40]	@ 0x28
10001124:	6a59      	ldr	r1, [r3, #36]	@ 0x24
10001126:	4291      	cmp	r1, r2
10001128:	d1fa      	bne.n	10001120 <time_us_64+0x4>
1000112a:	4770      	bx	lr
1000112c:	400b0000 	.word	0x400b0000

10001130 <busy_wait_until>:
10001130:	4a07      	ldr	r2, [pc, #28]	@ (10001150 <busy_wait_until+0x20>)
10001132:	6a53      	ldr	r3, [r2, #36]	@ 0x24
10001134:	4299      	cmp	r1, r3
10001136:	d8fc      	bhi.n	10001132 <busy_wait_until+0x2>
10001138:	4299      	cmp	r1, r3
1000113a:	d107      	bne.n	1000114c <busy_wait_until+0x1c>
1000113c:	4b04      	ldr	r3, [pc, #16]	@ (10001150 <busy_wait_until+0x20>)
1000113e:	e002      	b.n	10001146 <busy_wait_until+0x16>
10001140:	6a5a      	ldr	r2, [r3, #36]	@ 0x24
10001142:	4291      	cmp	r1, r2
10001144:	d102      	bne.n	1000114c <busy_wait_until+0x1c>
10001146:	6a9a      	ldr	r2, [r3, #40]	@ 0x28
10001148:	4290      	cmp	r0, r2
1000114a:	d8f9      	bhi.n	10001140 <busy_wait_until+0x10>
1000114c:	4770      	bx	lr
1000114e:	bf00      	nop
10001150:	400b0000 	.word	0x400b0000

10001154 <clock_configure_undivided>:
10001154:	eb00 0c40 	add.w	ip, r0, r0, lsl #1
10001158:	ea4f 0c8c 	mov.w	ip, ip, lsl #2
1000115c:	f10c 4c80 	add.w	ip, ip, #1073741824	@ 0x40000000
10001160:	f50c 3c80 	add.w	ip, ip, #65536	@ 0x10000
10001164:	b5f0      	push	{r4, r5, r6, r7, lr}
10001166:	4616      	mov	r6, r2
10001168:	f8dc 2004 	ldr.w	r2, [ip, #4]
1000116c:	1f05      	subs	r5, r0, #4
1000116e:	f5b2 3f80 	cmp.w	r2, #65536	@ 0x10000
10001172:	bf38      	it	cc
10001174:	f44f 3280 	movcc.w	r2, #65536	@ 0x10000
10001178:	b2ed      	uxtb	r5, r5
1000117a:	bf38      	it	cc
1000117c:	f8cc 2004 	strcc.w	r2, [ip, #4]
10001180:	2d01      	cmp	r5, #1
10001182:	d92a      	bls.n	100011da <clock_configure_undivided+0x86>
10001184:	f44f 6700 	mov.w	r7, #2048	@ 0x800
10001188:	4c25      	ldr	r4, [pc, #148]	@ (10001220 <clock_configure_undivided+0xcc>)
1000118a:	f50c 5240 	add.w	r2, ip, #12288	@ 0x3000
1000118e:	6017      	str	r7, [r2, #0]
10001190:	f854 2020 	ldr.w	r2, [r4, r0, lsl #2]
10001194:	b9b2      	cbnz	r2, 100011c4 <clock_configure_undivided+0x70>
10001196:	f8dc 2000 	ldr.w	r2, [ip]
1000119a:	2d01      	cmp	r5, #1
1000119c:	ea82 1246 	eor.w	r2, r2, r6, lsl #5
100011a0:	f002 02e0 	and.w	r2, r2, #224	@ 0xe0
100011a4:	f50c 5680 	add.w	r6, ip, #4096	@ 0x1000
100011a8:	6032      	str	r2, [r6, #0]
100011aa:	d92a      	bls.n	10001202 <clock_configure_undivided+0xae>
100011ac:	f44f 6100 	mov.w	r1, #2048	@ 0x800
100011b0:	f844 3020 	str.w	r3, [r4, r0, lsl #2]
100011b4:	f44f 3380 	mov.w	r3, #65536	@ 0x10000
100011b8:	f50c 5200 	add.w	r2, ip, #8192	@ 0x2000
100011bc:	6011      	str	r1, [r2, #0]
100011be:	f8cc 3004 	str.w	r3, [ip, #4]
100011c2:	bdf0      	pop	{r4, r5, r6, r7, pc}
100011c4:	6967      	ldr	r7, [r4, #20]
100011c6:	fbb7 fef2 	udiv	lr, r7, r2
100011ca:	f10e 0e01 	add.w	lr, lr, #1
100011ce:	eb0e 0e4e 	add.w	lr, lr, lr, lsl #1
100011d2:	f1be 0e03 	subs.w	lr, lr, #3
100011d6:	d2fc      	bcs.n	100011d2 <clock_configure_undivided+0x7e>
100011d8:	e7dd      	b.n	10001196 <clock_configure_undivided+0x42>
100011da:	2901      	cmp	r1, #1
100011dc:	d1d2      	bne.n	10001184 <clock_configure_undivided+0x30>
100011de:	2403      	movs	r4, #3
100011e0:	f50c 5240 	add.w	r2, ip, #12288	@ 0x3000
100011e4:	6014      	str	r4, [r2, #0]
100011e6:	f8dc 2008 	ldr.w	r2, [ip, #8]
100011ea:	07d2      	lsls	r2, r2, #31
100011ec:	d5fb      	bpl.n	100011e6 <clock_configure_undivided+0x92>
100011ee:	f8dc 2000 	ldr.w	r2, [ip]
100011f2:	4c0b      	ldr	r4, [pc, #44]	@ (10001220 <clock_configure_undivided+0xcc>)
100011f4:	ea82 1246 	eor.w	r2, r2, r6, lsl #5
100011f8:	f002 02e0 	and.w	r2, r2, #224	@ 0xe0
100011fc:	f50c 5680 	add.w	r6, ip, #4096	@ 0x1000
10001200:	6032      	str	r2, [r6, #0]
10001202:	2201      	movs	r2, #1
10001204:	f8dc 5000 	ldr.w	r5, [ip]
10001208:	404d      	eors	r5, r1
1000120a:	f005 0503 	and.w	r5, r5, #3
1000120e:	6035      	str	r5, [r6, #0]
10001210:	fa02 f101 	lsl.w	r1, r2, r1
10001214:	f8dc 2008 	ldr.w	r2, [ip, #8]
10001218:	420a      	tst	r2, r1
1000121a:	d0fb      	beq.n	10001214 <clock_configure_undivided+0xc0>
1000121c:	e7c6      	b.n	100011ac <clock_configure_undivided+0x58>
1000121e:	bf00      	nop
10001220:	2000078c 	.word	0x2000078c

10001224 <clock_get_hz>:
10001224:	4b01      	ldr	r3, [pc, #4]	@ (1000122c <clock_get_hz+0x8>)
10001226:	f853 0020 	ldr.w	r0, [r3, r0, lsl #2]
1000122a:	4770      	bx	lr
1000122c:	2000078c 	.word	0x2000078c

10001230 <pll_init>:
10001230:	b470      	push	{r4, r5, r6}
10001232:	9d03      	ldr	r5, [sp, #12]
10001234:	6804      	ldr	r4, [r0, #0]
10001236:	032d      	lsls	r5, r5, #12
10001238:	ea45 4503 	orr.w	r5, r5, r3, lsl #16
1000123c:	4b1b      	ldr	r3, [pc, #108]	@ (100012ac <pll_init+0x7c>)
1000123e:	2c00      	cmp	r4, #0
10001240:	fbb3 f3f1 	udiv	r3, r3, r1
10001244:	fbb2 f6f3 	udiv	r6, r2, r3
10001248:	db1f      	blt.n	1000128a <pll_init+0x5a>
1000124a:	4a19      	ldr	r2, [pc, #100]	@ (100012b0 <pll_init+0x80>)
1000124c:	4b19      	ldr	r3, [pc, #100]	@ (100012b4 <pll_init+0x84>)
1000124e:	4290      	cmp	r0, r2
10001250:	bf14      	ite	ne
10001252:	f44f 4280 	movne.w	r2, #16384	@ 0x4000
10001256:	f44f 4200 	moveq.w	r2, #32768	@ 0x8000
1000125a:	4c17      	ldr	r4, [pc, #92]	@ (100012b8 <pll_init+0x88>)
1000125c:	601a      	str	r2, [r3, #0]
1000125e:	f503 5380 	add.w	r3, r3, #4096	@ 0x1000
10001262:	601a      	str	r2, [r3, #0]
10001264:	68a3      	ldr	r3, [r4, #8]
10001266:	ea32 0303 	bics.w	r3, r2, r3
1000126a:	d1fb      	bne.n	10001264 <pll_init+0x34>
1000126c:	2221      	movs	r2, #33	@ 0x21
1000126e:	f500 5340 	add.w	r3, r0, #12288	@ 0x3000
10001272:	3304      	adds	r3, #4
10001274:	6001      	str	r1, [r0, #0]
10001276:	6086      	str	r6, [r0, #8]
10001278:	601a      	str	r2, [r3, #0]
1000127a:	6802      	ldr	r2, [r0, #0]
1000127c:	2a00      	cmp	r2, #0
1000127e:	dafc      	bge.n	1000127a <pll_init+0x4a>
10001280:	2208      	movs	r2, #8
10001282:	60c5      	str	r5, [r0, #12]
10001284:	601a      	str	r2, [r3, #0]
10001286:	bc70      	pop	{r4, r5, r6}
10001288:	4770      	bx	lr
1000128a:	6803      	ldr	r3, [r0, #0]
1000128c:	f003 033f 	and.w	r3, r3, #63	@ 0x3f
10001290:	428b      	cmp	r3, r1
10001292:	d1da      	bne.n	1000124a <pll_init+0x1a>
10001294:	6883      	ldr	r3, [r0, #8]
10001296:	f3c3 030b 	ubfx	r3, r3, #0, #12
1000129a:	42b3      	cmp	r3, r6
1000129c:	d1d5      	bne.n	1000124a <pll_init+0x1a>
1000129e:	68c3      	ldr	r3, [r0, #12]
100012a0:	f403 23ee 	and.w	r3, r3, #487424	@ 0x77000
100012a4:	42ab      	cmp	r3, r5
100012a6:	d1d0      	bne.n	1000124a <pll_init+0x1a>
100012a8:	e7ed      	b.n	10001286 <pll_init+0x56>
100012aa:	bf00      	nop
100012ac:	00b71b00 	.word	0x00b71b00
100012b0:	40058000 	.word	0x40058000
100012b4:	40022000 	.word	0x40022000
100012b8:	40020000 	.word	0x40020000

100012bc <tick_start>:
100012bc:	2301      	movs	r3, #1
100012be:	eb00 0040 	add.w	r0, r0, r0, lsl #1
100012c2:	0080      	lsls	r0, r0, #2
100012c4:	f100 4080 	add.w	r0, r0, #1073741824	@ 0x40000000
100012c8:	f500 1084 	add.w	r0, r0, #1081344	@ 0x108000
100012cc:	6041      	str	r1, [r0, #4]
100012ce:	6003      	str	r3, [r0, #0]
100012d0:	4770      	bx	lr
100012d2:	bf00      	nop

100012d4 <rom_func_lookup>:
100012d4:	2300      	movs	r3, #0
100012d6:	8adb      	ldrh	r3, [r3, #22]
100012d8:	2200      	movs	r2, #0
100012da:	e842 f200 	tt	r2, r2
100012de:	0252      	lsls	r2, r2, #9
100012e0:	d401      	bmi.n	100012e6 <rom_func_lookup+0x12>
100012e2:	2110      	movs	r1, #16
100012e4:	4718      	bx	r3
100012e6:	2104      	movs	r1, #4
100012e8:	4718      	bx	r3
100012ea:	bf00      	nop

100012ec <runtime_init_bootrom_locking_enable>:
100012ec:	4a03      	ldr	r2, [pc, #12]	@ (100012fc <runtime_init_bootrom_locking_enable+0x10>)
100012ee:	f8d2 3828 	ldr.w	r3, [r2, #2088]	@ 0x828
100012f2:	2b00      	cmp	r3, #0
100012f4:	d0fb      	beq.n	100012ee <runtime_init_bootrom_locking_enable+0x2>
100012f6:	f3bf 8f5f 	dmb	sy
100012fa:	4770      	bx	lr
100012fc:	400e0000 	.word	0x400e0000

10001300 <runtime_init_boot_locks_reset>:
10001300:	2100      	movs	r1, #0
10001302:	4b04      	ldr	r3, [pc, #16]	@ (10001314 <runtime_init_boot_locks_reset+0x14>)
10001304:	4a04      	ldr	r2, [pc, #16]	@ (10001318 <runtime_init_boot_locks_reset+0x18>)
10001306:	f3bf 8f5f 	dmb	sy
1000130a:	f843 1b04 	str.w	r1, [r3], #4
1000130e:	4293      	cmp	r3, r2
10001310:	d1f9      	bne.n	10001306 <runtime_init_boot_locks_reset+0x6>
10001312:	4770      	bx	lr
10001314:	400e080c 	.word	0x400e080c
10001318:	400e082c 	.word	0x400e082c

1000131c <xosc_init>:
1000131c:	b410      	push	{r4}
1000131e:	f44f 708d 	mov.w	r0, #282	@ 0x11a
10001322:	f44f 642a 	mov.w	r4, #2720	@ 0xaa0
10001326:	4a06      	ldr	r2, [pc, #24]	@ (10001340 <xosc_init+0x24>)
10001328:	4b06      	ldr	r3, [pc, #24]	@ (10001344 <xosc_init+0x28>)
1000132a:	4907      	ldr	r1, [pc, #28]	@ (10001348 <xosc_init+0x2c>)
1000132c:	6014      	str	r4, [r2, #0]
1000132e:	60d0      	str	r0, [r2, #12]
10001330:	6019      	str	r1, [r3, #0]
10001332:	6853      	ldr	r3, [r2, #4]
10001334:	2b00      	cmp	r3, #0
10001336:	dafc      	bge.n	10001332 <xosc_init+0x16>
10001338:	f85d 4b04 	ldr.w	r4, [sp], #4
1000133c:	4770      	bx	lr
1000133e:	bf00      	nop
10001340:	40048000 	.word	0x40048000
10001344:	4004a000 	.word	0x4004a000
10001348:	00fab000 	.word	0x00fab000

1000134c <first_per_core_initializer>:
1000134c:	4770      	bx	lr
1000134e:	bf00      	nop

10001350 <hard_assertion_failure>:
10001350:	b508      	push	{r3, lr}
10001352:	4801      	ldr	r0, [pc, #4]	@ (10001358 <hard_assertion_failure+0x8>)
10001354:	f7ff f9d4 	bl	10000700 <panic>
10001358:	10001bb4 	.word	0x10001bb4

1000135c <runtime_run_initializers>:
1000135c:	b538      	push	{r3, r4, r5, lr}
1000135e:	4c05      	ldr	r4, [pc, #20]	@ (10001374 <runtime_run_initializers+0x18>)
10001360:	4d05      	ldr	r5, [pc, #20]	@ (10001378 <runtime_run_initializers+0x1c>)
10001362:	42ac      	cmp	r4, r5
10001364:	d204      	bcs.n	10001370 <runtime_run_initializers+0x14>
10001366:	f854 3b04 	ldr.w	r3, [r4], #4
1000136a:	4798      	blx	r3
1000136c:	42ac      	cmp	r4, r5
1000136e:	d3fa      	bcc.n	10001366 <runtime_run_initializers+0xa>
10001370:	bd38      	pop	{r3, r4, r5, pc}
10001372:	bf00      	nop
10001374:	10001b18 	.word	0x10001b18
10001378:	10001b58 	.word	0x10001b58

1000137c <runtime_init_early_resets>:
1000137c:	b410      	push	{r4}
1000137e:	4807      	ldr	r0, [pc, #28]	@ (1000139c <runtime_init_early_resets+0x20>)
10001380:	4c07      	ldr	r4, [pc, #28]	@ (100013a0 <runtime_init_early_resets+0x24>)
10001382:	4b08      	ldr	r3, [pc, #32]	@ (100013a4 <runtime_init_early_resets+0x28>)
10001384:	4a08      	ldr	r2, [pc, #32]	@ (100013a8 <runtime_init_early_resets+0x2c>)
10001386:	4909      	ldr	r1, [pc, #36]	@ (100013ac <runtime_init_early_resets+0x30>)
10001388:	6004      	str	r4, [r0, #0]
1000138a:	601a      	str	r2, [r3, #0]
1000138c:	688b      	ldr	r3, [r1, #8]
1000138e:	ea32 0303 	bics.w	r3, r2, r3
10001392:	d1fb      	bne.n	1000138c <runtime_init_early_resets+0x10>
10001394:	f85d 4b04 	ldr.w	r4, [sp], #4
10001398:	4770      	bx	lr
1000139a:	bf00      	nop
1000139c:	40022000 	.word	0x40022000
100013a0:	efef3b7f 	.word	0xefef3b7f
100013a4:	40023000 	.word	0x40023000
100013a8:	03f3fff6 	.word	0x03f3fff6
100013ac:	40020000 	.word	0x40020000

100013b0 <runtime_init_usb_power_down>:
100013b0:	4b04      	ldr	r3, [pc, #16]	@ (100013c4 <runtime_init_usb_power_down+0x14>)
100013b2:	6cdb      	ldr	r3, [r3, #76]	@ 0x4c
100013b4:	f5b3 4f00 	cmp.w	r3, #32768	@ 0x8000
100013b8:	d103      	bne.n	100013c2 <runtime_init_usb_power_down+0x12>
100013ba:	f44f 2280 	mov.w	r2, #262144	@ 0x40000
100013be:	4b02      	ldr	r3, [pc, #8]	@ (100013c8 <runtime_init_usb_power_down+0x18>)
100013c0:	64da      	str	r2, [r3, #76]	@ 0x4c
100013c2:	4770      	bx	lr
100013c4:	50110000 	.word	0x50110000
100013c8:	50112000 	.word	0x50112000

100013cc <runtime_init_per_core_enable_coprocessors>:
100013cc:	f04f 22e0 	mov.w	r2, #3758153728	@ 0xe000e000
100013d0:	4b04      	ldr	r3, [pc, #16]	@ (100013e4 <runtime_init_per_core_enable_coprocessors+0x18>)
100013d2:	f8d2 1d88 	ldr.w	r1, [r2, #3464]	@ 0xd88
100013d6:	430b      	orrs	r3, r1
100013d8:	f8c2 3d88 	str.w	r3, [r2, #3464]	@ 0xd88
100013dc:	ee10 0430 			dcp_rcmp r0
100013e0:	4770      	bx	lr
100013e2:	bf00      	nop
100013e4:	00300303 	.word	0x00300303

100013e8 <runtime_init_post_clock_resets>:
100013e8:	f06f 4160 	mvn.w	r1, #3758096384	@ 0xe0000000
100013ec:	4b04      	ldr	r3, [pc, #16]	@ (10001400 <runtime_init_post_clock_resets+0x18>)
100013ee:	4a05      	ldr	r2, [pc, #20]	@ (10001404 <runtime_init_post_clock_resets+0x1c>)
100013f0:	6019      	str	r1, [r3, #0]
100013f2:	6893      	ldr	r3, [r2, #8]
100013f4:	43db      	mvns	r3, r3
100013f6:	f033 4360 	bics.w	r3, r3, #3758096384	@ 0xe0000000
100013fa:	d1fa      	bne.n	100013f2 <runtime_init_post_clock_resets+0xa>
100013fc:	4770      	bx	lr
100013fe:	bf00      	nop
10001400:	40023000 	.word	0x40023000
10001404:	40020000 	.word	0x40020000

10001408 <runtime_init_bootrom_reset>:
10001408:	b510      	push	{r4, lr}
1000140a:	f245 2053 	movw	r0, #21075	@ 0x5253
1000140e:	f7ff ff61 	bl	100012d4 <rom_func_lookup>
10001412:	e8bd 4010 	ldmia.w	sp!, {r4, lr}
10001416:	4603      	mov	r3, r0
10001418:	2004      	movs	r0, #4
1000141a:	4718      	bx	r3

1000141c <runtime_init_per_core_bootrom_reset>:
1000141c:	b510      	push	{r4, lr}
1000141e:	f245 2053 	movw	r0, #21075	@ 0x5253
10001422:	f7ff ff57 	bl	100012d4 <rom_func_lookup>
10001426:	e8bd 4010 	ldmia.w	sp!, {r4, lr}
1000142a:	4603      	mov	r3, r0
1000142c:	2001      	movs	r0, #1
1000142e:	4718      	bx	r3

10001430 <runtime_init_spin_locks_reset>:
10001430:	f7ff b9be 	b.w	100007b0 <spin_locks_reset>

10001434 <runtime_init_install_ram_vector_table>:
10001434:	4914      	ldr	r1, [pc, #80]	@ (10001488 <runtime_init_install_ram_vector_table+0x54>)
10001436:	4b15      	ldr	r3, [pc, #84]	@ (1000148c <runtime_init_install_ram_vector_table+0x58>)
10001438:	b570      	push	{r4, r5, r6, lr}
1000143a:	1a5c      	subs	r4, r3, r1
1000143c:	10a6      	asrs	r6, r4, #2
1000143e:	2e44      	cmp	r6, #68	@ 0x44
10001440:	4632      	mov	r2, r6
10001442:	bf28      	it	cs
10001444:	2244      	movcs	r2, #68	@ 0x44
10001446:	4d12      	ldr	r5, [pc, #72]	@ (10001490 <runtime_init_install_ram_vector_table+0x5c>)
10001448:	0092      	lsls	r2, r2, #2
1000144a:	4628      	mov	r0, r5
1000144c:	f000 faac 	bl	100019a8 <memcpy>
10001450:	f5b4 7f86 	cmp.w	r4, #268	@ 0x10c
10001454:	d813      	bhi.n	1000147e <runtime_init_install_ram_vector_table+0x4a>
10001456:	4a0f      	ldr	r2, [pc, #60]	@ (10001494 <runtime_init_install_ram_vector_table+0x60>)
10001458:	f1c6 0044 	rsb	r0, r6, #68	@ 0x44
1000145c:	d012      	beq.n	10001484 <runtime_init_install_ram_vector_table+0x50>
1000145e:	192b      	adds	r3, r5, r4
10001460:	0841      	lsrs	r1, r0, #1
10001462:	eb03 01c1 	add.w	r1, r3, r1, lsl #3
10001466:	e9c3 2200 	strd	r2, r2, [r3]
1000146a:	3308      	adds	r3, #8
1000146c:	428b      	cmp	r3, r1
1000146e:	d1fa      	bne.n	10001466 <runtime_init_install_ram_vector_table+0x32>
10001470:	07c3      	lsls	r3, r0, #31
10001472:	d504      	bpl.n	1000147e <runtime_init_install_ram_vector_table+0x4a>
10001474:	f020 0001 	bic.w	r0, r0, #1
10001478:	4430      	add	r0, r6
1000147a:	f845 2020 	str.w	r2, [r5, r0, lsl #2]
1000147e:	4b06      	ldr	r3, [pc, #24]	@ (10001498 <runtime_init_install_ram_vector_table+0x64>)
10001480:	609d      	str	r5, [r3, #8]
10001482:	bd70      	pop	{r4, r5, r6, pc}
10001484:	2043      	movs	r0, #67	@ 0x43
10001486:	e7f8      	b.n	1000147a <runtime_init_install_ram_vector_table+0x46>
10001488:	10000000 	.word	0x10000000
1000148c:	10000110 	.word	0x10000110
10001490:	20000000 	.word	0x20000000
10001494:	10000111 	.word	0x10000111
10001498:	e000ed00 	.word	0xe000ed00

1000149c <runtime_init_clocks>:
1000149c:	2300      	movs	r3, #0
1000149e:	b570      	push	{r4, r5, r6, lr}
100014a0:	4c2b      	ldr	r4, [pc, #172]	@ (10001550 <runtime_init_clocks+0xb4>)
100014a2:	b082      	sub	sp, #8
100014a4:	f8c4 3084 	str.w	r3, [r4, #132]	@ 0x84
100014a8:	f7ff ff38 	bl	1000131c <xosc_init>
100014ac:	2201      	movs	r2, #1
100014ae:	4b29      	ldr	r3, [pc, #164]	@ (10001554 <runtime_init_clocks+0xb8>)
100014b0:	63da      	str	r2, [r3, #60]	@ 0x3c
100014b2:	6c63      	ldr	r3, [r4, #68]	@ 0x44
100014b4:	2b01      	cmp	r3, #1
100014b6:	d1fc      	bne.n	100014b2 <runtime_init_clocks+0x16>
100014b8:	2103      	movs	r1, #3
100014ba:	4a26      	ldr	r2, [pc, #152]	@ (10001554 <runtime_init_clocks+0xb8>)
100014bc:	4b24      	ldr	r3, [pc, #144]	@ (10001550 <runtime_init_clocks+0xb4>)
100014be:	6311      	str	r1, [r2, #48]	@ 0x30
100014c0:	6b9c      	ldr	r4, [r3, #56]	@ 0x38
100014c2:	2c01      	cmp	r4, #1
100014c4:	d1fc      	bne.n	100014c0 <runtime_init_clocks+0x24>
100014c6:	2602      	movs	r6, #2
100014c8:	2505      	movs	r5, #5
100014ca:	4621      	mov	r1, r4
100014cc:	2305      	movs	r3, #5
100014ce:	4a22      	ldr	r2, [pc, #136]	@ (10001558 <runtime_init_clocks+0xbc>)
100014d0:	4822      	ldr	r0, [pc, #136]	@ (1000155c <runtime_init_clocks+0xc0>)
100014d2:	9600      	str	r6, [sp, #0]
100014d4:	f7ff feac 	bl	10001230 <pll_init>
100014d8:	4621      	mov	r1, r4
100014da:	462b      	mov	r3, r5
100014dc:	4a20      	ldr	r2, [pc, #128]	@ (10001560 <runtime_init_clocks+0xc4>)
100014de:	4821      	ldr	r0, [pc, #132]	@ (10001564 <runtime_init_clocks+0xc8>)
100014e0:	9500      	str	r5, [sp, #0]
100014e2:	f7ff fea5 	bl	10001230 <pll_init>
100014e6:	2200      	movs	r2, #0
100014e8:	2004      	movs	r0, #4
100014ea:	4631      	mov	r1, r6
100014ec:	4b1e      	ldr	r3, [pc, #120]	@ (10001568 <runtime_init_clocks+0xcc>)
100014ee:	f7ff fe31 	bl	10001154 <clock_configure_undivided>
100014f2:	4621      	mov	r1, r4
100014f4:	4628      	mov	r0, r5
100014f6:	2200      	movs	r2, #0
100014f8:	4b1c      	ldr	r3, [pc, #112]	@ (1000156c <runtime_init_clocks+0xd0>)
100014fa:	f7ff fe2b 	bl	10001154 <clock_configure_undivided>
100014fe:	2200      	movs	r2, #0
10001500:	2008      	movs	r0, #8
10001502:	4611      	mov	r1, r2
10001504:	4b1a      	ldr	r3, [pc, #104]	@ (10001570 <runtime_init_clocks+0xd4>)
10001506:	f7ff fe25 	bl	10001154 <clock_configure_undivided>
1000150a:	2200      	movs	r2, #0
1000150c:	2009      	movs	r0, #9
1000150e:	4611      	mov	r1, r2
10001510:	4b17      	ldr	r3, [pc, #92]	@ (10001570 <runtime_init_clocks+0xd4>)
10001512:	f7ff fe1f 	bl	10001154 <clock_configure_undivided>
10001516:	2200      	movs	r2, #0
10001518:	2006      	movs	r0, #6
1000151a:	4611      	mov	r1, r2
1000151c:	4b13      	ldr	r3, [pc, #76]	@ (1000156c <runtime_init_clocks+0xd0>)
1000151e:	f7ff fe19 	bl	10001154 <clock_configure_undivided>
10001522:	2200      	movs	r2, #0
10001524:	4b11      	ldr	r3, [pc, #68]	@ (1000156c <runtime_init_clocks+0xd0>)
10001526:	2007      	movs	r0, #7
10001528:	4611      	mov	r1, r2
1000152a:	f7ff fe13 	bl	10001154 <clock_configure_undivided>
1000152e:	2004      	movs	r0, #4
10001530:	f7ff fe78 	bl	10001224 <clock_get_hz>
10001534:	2400      	movs	r4, #0
10001536:	4b0f      	ldr	r3, [pc, #60]	@ (10001574 <runtime_init_clocks+0xd8>)
10001538:	fba3 3500 	umull	r3, r5, r3, r0
1000153c:	0cad      	lsrs	r5, r5, #18
1000153e:	b2e0      	uxtb	r0, r4
10001540:	4629      	mov	r1, r5
10001542:	3401      	adds	r4, #1
10001544:	f7ff feba 	bl	100012bc <tick_start>
10001548:	2c06      	cmp	r4, #6
1000154a:	d1f8      	bne.n	1000153e <runtime_init_clocks+0xa2>
1000154c:	b002      	add	sp, #8
1000154e:	bd70      	pop	{r4, r5, r6, pc}
10001550:	40010000 	.word	0x40010000
10001554:	40013000 	.word	0x40013000
10001558:	59682f00 	.word	0x59682f00
1000155c:	40050000 	.word	0x40050000
10001560:	47868c00 	.word	0x47868c00
10001564:	40058000 	.word	0x40058000
10001568:	00b71b00 	.word	0x00b71b00
1000156c:	08f0d180 	.word	0x08f0d180
10001570:	02dc6c00 	.word	0x02dc6c00
10001574:	431bde83 	.word	0x431bde83

10001578 <_out_char>:
10001578:	b900      	cbnz	r0, 1000157c <_out_char+0x4>
1000157a:	4770      	bx	lr
1000157c:	f000 b902 	b.w	10001784 <__wrap_putchar>

10001580 <weak_raw_vprintf>:
10001580:	b510      	push	{r4, lr}
10001582:	4b09      	ldr	r3, [pc, #36]	@ (100015a8 <weak_raw_vprintf+0x28>)
10001584:	b084      	sub	sp, #16
10001586:	681c      	ldr	r4, [r3, #0]
10001588:	b14c      	cbz	r4, 1000159e <weak_raw_vprintf+0x1e>
1000158a:	4603      	mov	r3, r0
1000158c:	9100      	str	r1, [sp, #0]
1000158e:	f04f 32ff 	mov.w	r2, #4294967295	@ 0xffffffff
10001592:	a903      	add	r1, sp, #12
10001594:	4805      	ldr	r0, [pc, #20]	@ (100015ac <weak_raw_vprintf+0x2c>)
10001596:	47a0      	blx	r4
10001598:	2001      	movs	r0, #1
1000159a:	b004      	add	sp, #16
1000159c:	bd10      	pop	{r4, pc}
1000159e:	f000 f933 	bl	10001808 <__wrap_puts>
100015a2:	4620      	mov	r0, r4
100015a4:	b004      	add	sp, #16
100015a6:	bd10      	pop	{r4, pc}
100015a8:	200007bc 	.word	0x200007bc
100015ac:	10001579 	.word	0x10001579

100015b0 <_exit>:
100015b0:	be00      	bkpt	0x0000
100015b2:	e7fd      	b.n	100015b0 <_exit>

100015b4 <exit>:
100015b4:	b508      	push	{r3, lr}
100015b6:	f7ff fffb 	bl	100015b0 <_exit>
100015ba:	bf00      	nop

100015bc <runtime_init>:
100015bc:	b538      	push	{r3, r4, r5, lr}
100015be:	4c06      	ldr	r4, [pc, #24]	@ (100015d8 <runtime_init+0x1c>)
100015c0:	4d06      	ldr	r5, [pc, #24]	@ (100015dc <runtime_init+0x20>)
100015c2:	f7ff fecb 	bl	1000135c <runtime_run_initializers>
100015c6:	42ac      	cmp	r4, r5
100015c8:	d204      	bcs.n	100015d4 <runtime_init+0x18>
100015ca:	f854 3b04 	ldr.w	r3, [r4], #4
100015ce:	4798      	blx	r3
100015d0:	42ac      	cmp	r4, r5
100015d2:	d3fa      	bcc.n	100015ca <runtime_init+0xe>
100015d4:	bd38      	pop	{r3, r4, r5, pc}
100015d6:	bf00      	nop
100015d8:	10001b58 	.word	0x10001b58
100015dc:	10001b60 	.word	0x10001b60

100015e0 <stdio_out_chars_no_crlf>:
100015e0:	6803      	ldr	r3, [r0, #0]
100015e2:	4608      	mov	r0, r1
100015e4:	4611      	mov	r1, r2
100015e6:	4718      	bx	r3

100015e8 <stdio_out_chars_crlf>:
100015e8:	e92d 41f0 	stmdb	sp!, {r4, r5, r6, r7, r8, lr}
100015ec:	4615      	mov	r5, r2
100015ee:	7d42      	ldrb	r2, [r0, #21]
100015f0:	4607      	mov	r7, r0
100015f2:	4688      	mov	r8, r1
100015f4:	2a00      	cmp	r2, #0
100015f6:	d046      	beq.n	10001686 <stdio_out_chars_crlf+0x9e>
100015f8:	2d00      	cmp	r5, #0
100015fa:	dd1d      	ble.n	10001638 <stdio_out_chars_crlf+0x50>
100015fc:	780b      	ldrb	r3, [r1, #0]
100015fe:	2b0a      	cmp	r3, #10
10001600:	d023      	beq.n	1000164a <stdio_out_chars_crlf+0x62>
10001602:	2d01      	cmp	r5, #1
10001604:	f04f 0c00 	mov.w	ip, #0
10001608:	d018      	beq.n	1000163c <stdio_out_chars_crlf+0x54>
1000160a:	4646      	mov	r6, r8
1000160c:	2401      	movs	r4, #1
1000160e:	f816 2f01 	ldrb.w	r2, [r6, #1]!
10001612:	4621      	mov	r1, r4
10001614:	2a0a      	cmp	r2, #10
10001616:	f104 0401 	add.w	r4, r4, #1
1000161a:	d022      	beq.n	10001662 <stdio_out_chars_crlf+0x7a>
1000161c:	42a5      	cmp	r5, r4
1000161e:	d1f6      	bne.n	1000160e <stdio_out_chars_crlf+0x26>
10001620:	4565      	cmp	r5, ip
10001622:	dc0b      	bgt.n	1000163c <stdio_out_chars_crlf+0x54>
10001624:	eb08 0305 	add.w	r3, r8, r5
10001628:	f813 3c01 	ldrb.w	r3, [r3, #-1]
1000162c:	f1a3 030d 	sub.w	r3, r3, #13
10001630:	fab3 f383 	clz	r3, r3
10001634:	095b      	lsrs	r3, r3, #5
10001636:	753b      	strb	r3, [r7, #20]
10001638:	e8bd 81f0 	ldmia.w	sp!, {r4, r5, r6, r7, r8, pc}
1000163c:	683b      	ldr	r3, [r7, #0]
1000163e:	eba5 010c 	sub.w	r1, r5, ip
10001642:	eb08 000c 	add.w	r0, r8, ip
10001646:	4798      	blx	r3
10001648:	e7ec      	b.n	10001624 <stdio_out_chars_crlf+0x3c>
1000164a:	7d03      	ldrb	r3, [r0, #20]
1000164c:	2b00      	cmp	r3, #0
1000164e:	d1d8      	bne.n	10001602 <stdio_out_chars_crlf+0x1a>
10001650:	6803      	ldr	r3, [r0, #0]
10001652:	2102      	movs	r1, #2
10001654:	480f      	ldr	r0, [pc, #60]	@ (10001694 <stdio_out_chars_crlf+0xac>)
10001656:	4798      	blx	r3
10001658:	2d01      	cmp	r5, #1
1000165a:	d0e3      	beq.n	10001624 <stdio_out_chars_crlf+0x3c>
1000165c:	f04f 0c01 	mov.w	ip, #1
10001660:	e7d3      	b.n	1000160a <stdio_out_chars_crlf+0x22>
10001662:	f816 3c01 	ldrb.w	r3, [r6, #-1]
10001666:	2b0d      	cmp	r3, #13
10001668:	d0d8      	beq.n	1000161c <stdio_out_chars_crlf+0x34>
1000166a:	458c      	cmp	ip, r1
1000166c:	eb08 000c 	add.w	r0, r8, ip
10001670:	eba1 010c 	sub.w	r1, r1, ip
10001674:	da01      	bge.n	1000167a <stdio_out_chars_crlf+0x92>
10001676:	683b      	ldr	r3, [r7, #0]
10001678:	4798      	blx	r3
1000167a:	2102      	movs	r1, #2
1000167c:	4805      	ldr	r0, [pc, #20]	@ (10001694 <stdio_out_chars_crlf+0xac>)
1000167e:	683b      	ldr	r3, [r7, #0]
10001680:	4798      	blx	r3
10001682:	46a4      	mov	ip, r4
10001684:	e7ca      	b.n	1000161c <stdio_out_chars_crlf+0x34>
10001686:	4629      	mov	r1, r5
10001688:	4640      	mov	r0, r8
1000168a:	683b      	ldr	r3, [r7, #0]
1000168c:	e8bd 41f0 	ldmia.w	sp!, {r4, r5, r6, r7, r8, lr}
10001690:	4718      	bx	r3
10001692:	bf00      	nop
10001694:	10001c64 	.word	0x10001c64

10001698 <stdio_put_string>:
10001698:	e92d 47f0 	stmdb	sp!, {r4, r5, r6, r7, r8, r9, sl, lr}
1000169c:	b082      	sub	sp, #8
1000169e:	460d      	mov	r5, r1
100016a0:	4691      	mov	r9, r2
100016a2:	461c      	mov	r4, r3
100016a4:	4606      	mov	r6, r0
100016a6:	f7ff fd39 	bl	1000111c <time_us_64>
100016aa:	f04f 3cff 	mov.w	ip, #4294967295	@ 0xffffffff
100016ae:	f06f 4700 	mvn.w	r7, #2147483648	@ 0x80000000
100016b2:	4a2e      	ldr	r2, [pc, #184]	@ (1000176c <stdio_put_string+0xd4>)
100016b4:	1882      	adds	r2, r0, r2
100016b6:	f141 0300 	adc.w	r3, r1, #0
100016ba:	4594      	cmp	ip, r2
100016bc:	eb77 0103 	sbcs.w	r1, r7, r3
100016c0:	bf3c      	itt	cc
100016c2:	4662      	movcc	r2, ip
100016c4:	463b      	movcc	r3, r7
100016c6:	482a      	ldr	r0, [pc, #168]	@ (10001770 <stdio_put_string+0xd8>)
100016c8:	f000 fa1e 	bl	10001b08 <__mutex_try_enter_block_until_veneer>
100016cc:	1c6b      	adds	r3, r5, #1
100016ce:	4680      	mov	r8, r0
100016d0:	d040      	beq.n	10001754 <stdio_put_string+0xbc>
100016d2:	b30c      	cbz	r4, 10001718 <stdio_put_string+0x80>
100016d4:	4f27      	ldr	r7, [pc, #156]	@ (10001774 <stdio_put_string+0xdc>)
100016d6:	4b28      	ldr	r3, [pc, #160]	@ (10001778 <stdio_put_string+0xe0>)
100016d8:	681c      	ldr	r4, [r3, #0]
100016da:	b1b4      	cbz	r4, 1000170a <stdio_put_string+0x72>
100016dc:	f1b9 0f00 	cmp.w	r9, #0
100016e0:	d11c      	bne.n	1000171c <stdio_put_string+0x84>
100016e2:	f8df 909c 	ldr.w	r9, [pc, #156]	@ 10001780 <stdio_put_string+0xe8>
100016e6:	e001      	b.n	100016ec <stdio_put_string+0x54>
100016e8:	6924      	ldr	r4, [r4, #16]
100016ea:	b174      	cbz	r4, 1000170a <stdio_put_string+0x72>
100016ec:	6823      	ldr	r3, [r4, #0]
100016ee:	2b00      	cmp	r3, #0
100016f0:	d0fa      	beq.n	100016e8 <stdio_put_string+0x50>
100016f2:	f8d9 3000 	ldr.w	r3, [r9]
100016f6:	b10b      	cbz	r3, 100016fc <stdio_put_string+0x64>
100016f8:	429c      	cmp	r4, r3
100016fa:	d1f5      	bne.n	100016e8 <stdio_put_string+0x50>
100016fc:	4620      	mov	r0, r4
100016fe:	462a      	mov	r2, r5
10001700:	4631      	mov	r1, r6
10001702:	47b8      	blx	r7
10001704:	6924      	ldr	r4, [r4, #16]
10001706:	2c00      	cmp	r4, #0
10001708:	d1f0      	bne.n	100016ec <stdio_put_string+0x54>
1000170a:	f1b8 0f00 	cmp.w	r8, #0
1000170e:	d126      	bne.n	1000175e <stdio_put_string+0xc6>
10001710:	4628      	mov	r0, r5
10001712:	b002      	add	sp, #8
10001714:	e8bd 87f0 	ldmia.w	sp!, {r4, r5, r6, r7, r8, r9, sl, pc}
10001718:	4f18      	ldr	r7, [pc, #96]	@ (1000177c <stdio_put_string+0xe4>)
1000171a:	e7dc      	b.n	100016d6 <stdio_put_string+0x3e>
1000171c:	f04f 0a0a 	mov.w	sl, #10
10001720:	f8df 905c 	ldr.w	r9, [pc, #92]	@ 10001780 <stdio_put_string+0xe8>
10001724:	e002      	b.n	1000172c <stdio_put_string+0x94>
10001726:	6924      	ldr	r4, [r4, #16]
10001728:	2c00      	cmp	r4, #0
1000172a:	d0ee      	beq.n	1000170a <stdio_put_string+0x72>
1000172c:	6823      	ldr	r3, [r4, #0]
1000172e:	2b00      	cmp	r3, #0
10001730:	d0f9      	beq.n	10001726 <stdio_put_string+0x8e>
10001732:	f8d9 3000 	ldr.w	r3, [r9]
10001736:	b10b      	cbz	r3, 1000173c <stdio_put_string+0xa4>
10001738:	42a3      	cmp	r3, r4
1000173a:	d1f4      	bne.n	10001726 <stdio_put_string+0x8e>
1000173c:	462a      	mov	r2, r5
1000173e:	4631      	mov	r1, r6
10001740:	4620      	mov	r0, r4
10001742:	47b8      	blx	r7
10001744:	2201      	movs	r2, #1
10001746:	4620      	mov	r0, r4
10001748:	f10d 0107 	add.w	r1, sp, #7
1000174c:	f88d a007 	strb.w	sl, [sp, #7]
10001750:	47b8      	blx	r7
10001752:	e7e8      	b.n	10001726 <stdio_put_string+0x8e>
10001754:	4630      	mov	r0, r6
10001756:	f000 f99d 	bl	10001a94 <strlen>
1000175a:	4605      	mov	r5, r0
1000175c:	e7b9      	b.n	100016d2 <stdio_put_string+0x3a>
1000175e:	4804      	ldr	r0, [pc, #16]	@ (10001770 <stdio_put_string+0xd8>)
10001760:	f000 f9ca 	bl	10001af8 <__mutex_exit_veneer>
10001764:	4628      	mov	r0, r5
10001766:	b002      	add	sp, #8
10001768:	e8bd 87f0 	ldmia.w	sp!, {r4, r5, r6, r7, r8, r9, sl, pc}
1000176c:	000f4240 	.word	0x000f4240
10001770:	200004a8 	.word	0x200004a8
10001774:	100015e9 	.word	0x100015e9
10001778:	200007b4 	.word	0x200007b4
1000177c:	100015e1 	.word	0x100015e1
10001780:	200007b8 	.word	0x200007b8

10001784 <__wrap_putchar>:
10001784:	b5f0      	push	{r4, r5, r6, r7, lr}
10001786:	b083      	sub	sp, #12
10001788:	4606      	mov	r6, r0
1000178a:	f88d 0007 	strb.w	r0, [sp, #7]
1000178e:	f7ff fcc5 	bl	1000111c <time_us_64>
10001792:	f04f 35ff 	mov.w	r5, #4294967295	@ 0xffffffff
10001796:	f06f 4400 	mvn.w	r4, #2147483648	@ 0x80000000
1000179a:	4a17      	ldr	r2, [pc, #92]	@ (100017f8 <__wrap_putchar+0x74>)
1000179c:	1882      	adds	r2, r0, r2
1000179e:	f141 0300 	adc.w	r3, r1, #0
100017a2:	4295      	cmp	r5, r2
100017a4:	eb74 0103 	sbcs.w	r1, r4, r3
100017a8:	bf3c      	itt	cc
100017aa:	4623      	movcc	r3, r4
100017ac:	462a      	movcc	r2, r5
100017ae:	4813      	ldr	r0, [pc, #76]	@ (100017fc <__wrap_putchar+0x78>)
100017b0:	f000 f9aa 	bl	10001b08 <__mutex_try_enter_block_until_veneer>
100017b4:	4b12      	ldr	r3, [pc, #72]	@ (10001800 <__wrap_putchar+0x7c>)
100017b6:	4607      	mov	r7, r0
100017b8:	681c      	ldr	r4, [r3, #0]
100017ba:	b19c      	cbz	r4, 100017e4 <__wrap_putchar+0x60>
100017bc:	4d11      	ldr	r5, [pc, #68]	@ (10001804 <__wrap_putchar+0x80>)
100017be:	e001      	b.n	100017c4 <__wrap_putchar+0x40>
100017c0:	6924      	ldr	r4, [r4, #16]
100017c2:	b17c      	cbz	r4, 100017e4 <__wrap_putchar+0x60>
100017c4:	6823      	ldr	r3, [r4, #0]
100017c6:	2b00      	cmp	r3, #0
100017c8:	d0fa      	beq.n	100017c0 <__wrap_putchar+0x3c>
100017ca:	682b      	ldr	r3, [r5, #0]
100017cc:	b10b      	cbz	r3, 100017d2 <__wrap_putchar+0x4e>
100017ce:	429c      	cmp	r4, r3
100017d0:	d1f6      	bne.n	100017c0 <__wrap_putchar+0x3c>
100017d2:	4620      	mov	r0, r4
100017d4:	2201      	movs	r2, #1
100017d6:	f10d 0107 	add.w	r1, sp, #7
100017da:	f7ff ff05 	bl	100015e8 <stdio_out_chars_crlf>
100017de:	6924      	ldr	r4, [r4, #16]
100017e0:	2c00      	cmp	r4, #0
100017e2:	d1ef      	bne.n	100017c4 <__wrap_putchar+0x40>
100017e4:	b917      	cbnz	r7, 100017ec <__wrap_putchar+0x68>
100017e6:	4630      	mov	r0, r6
100017e8:	b003      	add	sp, #12
100017ea:	bdf0      	pop	{r4, r5, r6, r7, pc}
100017ec:	4803      	ldr	r0, [pc, #12]	@ (100017fc <__wrap_putchar+0x78>)
100017ee:	f000 f983 	bl	10001af8 <__mutex_exit_veneer>
100017f2:	4630      	mov	r0, r6
100017f4:	b003      	add	sp, #12
100017f6:	bdf0      	pop	{r4, r5, r6, r7, pc}
100017f8:	000f4240 	.word	0x000f4240
100017fc:	200004a8 	.word	0x200004a8
10001800:	200007b4 	.word	0x200007b4
10001804:	200007b8 	.word	0x200007b8

10001808 <__wrap_puts>:
10001808:	b538      	push	{r3, r4, r5, lr}
1000180a:	4604      	mov	r4, r0
1000180c:	f000 f942 	bl	10001a94 <strlen>
10001810:	2301      	movs	r3, #1
10001812:	4605      	mov	r5, r0
10001814:	461a      	mov	r2, r3
10001816:	4620      	mov	r0, r4
10001818:	4629      	mov	r1, r5
1000181a:	f7ff ff3d 	bl	10001698 <stdio_put_string>
1000181e:	4b08      	ldr	r3, [pc, #32]	@ (10001840 <__wrap_puts+0x38>)
10001820:	681c      	ldr	r4, [r3, #0]
10001822:	b12c      	cbz	r4, 10001830 <__wrap_puts+0x28>
10001824:	6863      	ldr	r3, [r4, #4]
10001826:	b12b      	cbz	r3, 10001834 <__wrap_puts+0x2c>
10001828:	4798      	blx	r3
1000182a:	6924      	ldr	r4, [r4, #16]
1000182c:	2c00      	cmp	r4, #0
1000182e:	d1f9      	bne.n	10001824 <__wrap_puts+0x1c>
10001830:	4628      	mov	r0, r5
10001832:	bd38      	pop	{r3, r4, r5, pc}
10001834:	6924      	ldr	r4, [r4, #16]
10001836:	2c00      	cmp	r4, #0
10001838:	d1f4      	bne.n	10001824 <__wrap_puts+0x1c>
1000183a:	4628      	mov	r0, r5
1000183c:	bd38      	pop	{r3, r4, r5, pc}
1000183e:	bf00      	nop
10001840:	200007b4 	.word	0x200007b4

10001844 <_retrieve_unique_id_on_boot>:
10001844:	b500      	push	{lr}
10001846:	f245 3047 	movw	r0, #21319	@ 0x5347
1000184a:	b08b      	sub	sp, #44	@ 0x2c
1000184c:	f7ff fd42 	bl	100012d4 <rom_func_lookup>
10001850:	2201      	movs	r2, #1
10001852:	4603      	mov	r3, r0
10001854:	2109      	movs	r1, #9
10001856:	a801      	add	r0, sp, #4
10001858:	4798      	blx	r3
1000185a:	e9dd 3203 	ldrd	r3, r2, [sp, #12]
1000185e:	4904      	ldr	r1, [pc, #16]	@ (10001870 <_retrieve_unique_id_on_boot+0x2c>)
10001860:	ba12      	rev	r2, r2
10001862:	ba1b      	rev	r3, r3
10001864:	e9c1 2300 	strd	r2, r3, [r1]
10001868:	b00b      	add	sp, #44	@ 0x2c
1000186a:	f85d fb04 	ldr.w	pc, [sp], #4
1000186e:	bf00      	nop
10001870:	200007f8 	.word	0x200007f8

10001874 <spi_init>:
10001874:	4b38      	ldr	r3, [pc, #224]	@ (10001958 <spi_init+0xe4>)
10001876:	e92d 47f0 	stmdb	sp!, {r4, r5, r6, r7, r8, r9, sl, lr}
1000187a:	4298      	cmp	r0, r3
1000187c:	bf14      	ite	ne
1000187e:	f44f 2300 	movne.w	r3, #524288	@ 0x80000
10001882:	f44f 2380 	moveq.w	r3, #262144	@ 0x40000
10001886:	4607      	mov	r7, r0
10001888:	460e      	mov	r6, r1
1000188a:	4d34      	ldr	r5, [pc, #208]	@ (1000195c <spi_init+0xe8>)
1000188c:	4c34      	ldr	r4, [pc, #208]	@ (10001960 <spi_init+0xec>)
1000188e:	4a35      	ldr	r2, [pc, #212]	@ (10001964 <spi_init+0xf0>)
10001890:	602b      	str	r3, [r5, #0]
10001892:	6023      	str	r3, [r4, #0]
10001894:	6895      	ldr	r5, [r2, #8]
10001896:	ea33 0505 	bics.w	r5, r3, r5
1000189a:	d1fb      	bne.n	10001894 <spi_init+0x20>
1000189c:	2006      	movs	r0, #6
1000189e:	f7ff fcc1 	bl	10001224 <clock_get_hz>
100018a2:	4639      	mov	r1, r7
100018a4:	f04f 0a02 	mov.w	sl, #2
100018a8:	f851 ef04 	ldr.w	lr, [r1, #4]!
100018ac:	ea4f 59d6 	mov.w	r9, r6, lsr #23
100018b0:	ea4f 2c46 	mov.w	ip, r6, lsl #9
100018b4:	f501 5840 	add.w	r8, r1, #12288	@ 0x3000
100018b8:	4663      	mov	r3, ip
100018ba:	464a      	mov	r2, r9
100018bc:	4654      	mov	r4, sl
100018be:	ea0e 0e0a 	and.w	lr, lr, sl
100018c2:	f8c8 a000 	str.w	sl, [r8]
100018c6:	e008      	b.n	100018da <spi_init+0x66>
100018c8:	eb13 030c 	adds.w	r3, r3, ip
100018cc:	f104 0402 	add.w	r4, r4, #2
100018d0:	eb42 0209 	adc.w	r2, r2, r9
100018d4:	f5b4 7f80 	cmp.w	r4, #256	@ 0x100
100018d8:	d003      	beq.n	100018e2 <spi_init+0x6e>
100018da:	4298      	cmp	r0, r3
100018dc:	eb75 0a02 	sbcs.w	sl, r5, r2
100018e0:	d2f2      	bcs.n	100018c8 <spi_init+0x54>
100018e2:	f44f 7380 	mov.w	r3, #256	@ 0x100
100018e6:	ebc4 2204 	rsb	r2, r4, r4, lsl #8
100018ea:	e001      	b.n	100018f0 <spi_init+0x7c>
100018ec:	2b01      	cmp	r3, #1
100018ee:	d030      	beq.n	10001952 <spi_init+0xde>
100018f0:	fbb0 fcf2 	udiv	ip, r0, r2
100018f4:	4566      	cmp	r6, ip
100018f6:	4699      	mov	r9, r3
100018f8:	eba2 0204 	sub.w	r2, r2, r4
100018fc:	f103 33ff 	add.w	r3, r3, #4294967295	@ 0xffffffff
10001900:	d2f4      	bcs.n	100018ec <spi_init+0x78>
10001902:	fb09 f904 	mul.w	r9, r9, r4
10001906:	021d      	lsls	r5, r3, #8
10001908:	613c      	str	r4, [r7, #16]
1000190a:	2402      	movs	r4, #2
1000190c:	463b      	mov	r3, r7
1000190e:	2603      	movs	r6, #3
10001910:	683a      	ldr	r2, [r7, #0]
10001912:	f501 5100 	add.w	r1, r1, #8192	@ 0x2000
10001916:	406a      	eors	r2, r5
10001918:	f507 5c80 	add.w	ip, r7, #4096	@ 0x1000
1000191c:	f402 427f 	and.w	r2, r2, #65280	@ 0xff00
10001920:	f8cc 2000 	str.w	r2, [ip]
10001924:	f8c1 e000 	str.w	lr, [r1]
10001928:	687d      	ldr	r5, [r7, #4]
1000192a:	f8c8 4000 	str.w	r4, [r8]
1000192e:	f853 2b24 	ldr.w	r2, [r3], #36
10001932:	4025      	ands	r5, r4
10001934:	f082 0207 	eor.w	r2, r2, #7
10001938:	f002 02cf 	and.w	r2, r2, #207	@ 0xcf
1000193c:	f503 5300 	add.w	r3, r3, #8192	@ 0x2000
10001940:	f8cc 2000 	str.w	r2, [ip]
10001944:	fbb0 f0f9 	udiv	r0, r0, r9
10001948:	600d      	str	r5, [r1, #0]
1000194a:	601e      	str	r6, [r3, #0]
1000194c:	600c      	str	r4, [r1, #0]
1000194e:	e8bd 87f0 	ldmia.w	sp!, {r4, r5, r6, r7, r8, r9, sl, pc}
10001952:	46a1      	mov	r9, r4
10001954:	e7d8      	b.n	10001908 <spi_init+0x94>
10001956:	bf00      	nop
10001958:	40080000 	.word	0x40080000
1000195c:	40022000 	.word	0x40022000
10001960:	40023000 	.word	0x40023000
10001964:	40020000 	.word	0x40020000

10001968 <rand>:
10001968:	4b0c      	ldr	r3, [pc, #48]	@ (1000199c <rand+0x34>)
1000196a:	480d      	ldr	r0, [pc, #52]	@ (100019a0 <rand+0x38>)
1000196c:	6819      	ldr	r1, [r3, #0]
1000196e:	4a0d      	ldr	r2, [pc, #52]	@ (100019a4 <rand+0x3c>)
10001970:	f8d1 3098 	ldr.w	r3, [r1, #152]	@ 0x98
10001974:	b410      	push	{r4}
10001976:	fb03 f000 	mul.w	r0, r3, r0
1000197a:	f8d1 409c 	ldr.w	r4, [r1, #156]	@ 0x9c
1000197e:	fb02 0004 	mla	r0, r2, r4, r0
10001982:	f85d 4b04 	ldr.w	r4, [sp], #4
10001986:	fba3 3202 	umull	r3, r2, r3, r2
1000198a:	3301      	adds	r3, #1
1000198c:	eb40 0002 	adc.w	r0, r0, r2
10001990:	e9c1 3026 	strd	r3, r0, [r1, #152]	@ 0x98
10001994:	f020 4000 	bic.w	r0, r0, #2147483648	@ 0x80000000
10001998:	4770      	bx	lr
1000199a:	bf00      	nop
1000199c:	20000364 	.word	0x20000364
100019a0:	5851f42d 	.word	0x5851f42d
100019a4:	4c957f2d 	.word	0x4c957f2d

100019a8 <memcpy>:
100019a8:	4684      	mov	ip, r0
100019aa:	ea41 0300 	orr.w	r3, r1, r0
100019ae:	f013 0303 	ands.w	r3, r3, #3
100019b2:	d149      	bne.n	10001a48 <memcpy+0xa0>
100019b4:	3a40      	subs	r2, #64	@ 0x40
100019b6:	d323      	bcc.n	10001a00 <memcpy+0x58>
100019b8:	680b      	ldr	r3, [r1, #0]
100019ba:	6003      	str	r3, [r0, #0]
100019bc:	684b      	ldr	r3, [r1, #4]
100019be:	6043      	str	r3, [r0, #4]
100019c0:	688b      	ldr	r3, [r1, #8]
100019c2:	6083      	str	r3, [r0, #8]
100019c4:	68cb      	ldr	r3, [r1, #12]
100019c6:	60c3      	str	r3, [r0, #12]
100019c8:	690b      	ldr	r3, [r1, #16]
100019ca:	6103      	str	r3, [r0, #16]
100019cc:	694b      	ldr	r3, [r1, #20]
100019ce:	6143      	str	r3, [r0, #20]
100019d0:	698b      	ldr	r3, [r1, #24]
100019d2:	6183      	str	r3, [r0, #24]
100019d4:	69cb      	ldr	r3, [r1, #28]
100019d6:	61c3      	str	r3, [r0, #28]
100019d8:	6a0b      	ldr	r3, [r1, #32]
100019da:	6203      	str	r3, [r0, #32]
100019dc:	6a4b      	ldr	r3, [r1, #36]	@ 0x24
100019de:	6243      	str	r3, [r0, #36]	@ 0x24
100019e0:	6a8b      	ldr	r3, [r1, #40]	@ 0x28
100019e2:	6283      	str	r3, [r0, #40]	@ 0x28
100019e4:	6acb      	ldr	r3, [r1, #44]	@ 0x2c
100019e6:	62c3      	str	r3, [r0, #44]	@ 0x2c
100019e8:	6b0b      	ldr	r3, [r1, #48]	@ 0x30
100019ea:	6303      	str	r3, [r0, #48]	@ 0x30
100019ec:	6b4b      	ldr	r3, [r1, #52]	@ 0x34
100019ee:	6343      	str	r3, [r0, #52]	@ 0x34
100019f0:	6b8b      	ldr	r3, [r1, #56]	@ 0x38
100019f2:	6383      	str	r3, [r0, #56]	@ 0x38
100019f4:	6bcb      	ldr	r3, [r1, #60]	@ 0x3c
100019f6:	63c3      	str	r3, [r0, #60]	@ 0x3c
100019f8:	3040      	adds	r0, #64	@ 0x40
100019fa:	3140      	adds	r1, #64	@ 0x40
100019fc:	3a40      	subs	r2, #64	@ 0x40
100019fe:	d2db      	bcs.n	100019b8 <memcpy+0x10>
10001a00:	3230      	adds	r2, #48	@ 0x30
10001a02:	d30b      	bcc.n	10001a1c <memcpy+0x74>
10001a04:	680b      	ldr	r3, [r1, #0]
10001a06:	6003      	str	r3, [r0, #0]
10001a08:	684b      	ldr	r3, [r1, #4]
10001a0a:	6043      	str	r3, [r0, #4]
10001a0c:	688b      	ldr	r3, [r1, #8]
10001a0e:	6083      	str	r3, [r0, #8]
10001a10:	68cb      	ldr	r3, [r1, #12]
10001a12:	60c3      	str	r3, [r0, #12]
10001a14:	3010      	adds	r0, #16
10001a16:	3110      	adds	r1, #16
10001a18:	3a10      	subs	r2, #16
10001a1a:	d2f3      	bcs.n	10001a04 <memcpy+0x5c>
10001a1c:	320c      	adds	r2, #12
10001a1e:	d305      	bcc.n	10001a2c <memcpy+0x84>
10001a20:	f851 3b04 	ldr.w	r3, [r1], #4
10001a24:	f840 3b04 	str.w	r3, [r0], #4
10001a28:	3a04      	subs	r2, #4
10001a2a:	d2f9      	bcs.n	10001a20 <memcpy+0x78>
10001a2c:	3204      	adds	r2, #4
10001a2e:	d008      	beq.n	10001a42 <memcpy+0x9a>
10001a30:	07d2      	lsls	r2, r2, #31
10001a32:	bf1c      	itt	ne
10001a34:	f811 3b01 	ldrbne.w	r3, [r1], #1
10001a38:	f800 3b01 	strbne.w	r3, [r0], #1
10001a3c:	d301      	bcc.n	10001a42 <memcpy+0x9a>
10001a3e:	880b      	ldrh	r3, [r1, #0]
10001a40:	8003      	strh	r3, [r0, #0]
10001a42:	4660      	mov	r0, ip
10001a44:	4770      	bx	lr
10001a46:	bf00      	nop
10001a48:	2a08      	cmp	r2, #8
10001a4a:	d313      	bcc.n	10001a74 <memcpy+0xcc>
10001a4c:	078b      	lsls	r3, r1, #30
10001a4e:	d0b1      	beq.n	100019b4 <memcpy+0xc>
10001a50:	f010 0303 	ands.w	r3, r0, #3
10001a54:	d0ae      	beq.n	100019b4 <memcpy+0xc>
10001a56:	f1c3 0304 	rsb	r3, r3, #4
10001a5a:	1ad2      	subs	r2, r2, r3
10001a5c:	07db      	lsls	r3, r3, #31
10001a5e:	bf1c      	itt	ne
10001a60:	f811 3b01 	ldrbne.w	r3, [r1], #1
10001a64:	f800 3b01 	strbne.w	r3, [r0], #1
10001a68:	d3a4      	bcc.n	100019b4 <memcpy+0xc>
10001a6a:	f831 3b02 	ldrh.w	r3, [r1], #2
10001a6e:	f820 3b02 	strh.w	r3, [r0], #2
10001a72:	e79f      	b.n	100019b4 <memcpy+0xc>
10001a74:	3a04      	subs	r2, #4
10001a76:	d3d9      	bcc.n	10001a2c <memcpy+0x84>
10001a78:	3a01      	subs	r2, #1
10001a7a:	f811 3b01 	ldrb.w	r3, [r1], #1
10001a7e:	f800 3b01 	strb.w	r3, [r0], #1
10001a82:	d2f9      	bcs.n	10001a78 <memcpy+0xd0>
10001a84:	780b      	ldrb	r3, [r1, #0]
10001a86:	7003      	strb	r3, [r0, #0]
10001a88:	784b      	ldrb	r3, [r1, #1]
10001a8a:	7043      	strb	r3, [r0, #1]
10001a8c:	788b      	ldrb	r3, [r1, #2]
10001a8e:	7083      	strb	r3, [r0, #2]
10001a90:	4660      	mov	r0, ip
10001a92:	4770      	bx	lr

10001a94 <strlen>:
10001a94:	f020 0103 	bic.w	r1, r0, #3
10001a98:	f010 0003 	ands.w	r0, r0, #3
10001a9c:	f1c0 0000 	rsb	r0, r0, #0
10001aa0:	f851 3b04 	ldr.w	r3, [r1], #4
10001aa4:	f100 0c04 	add.w	ip, r0, #4
10001aa8:	ea4f 0ccc 	mov.w	ip, ip, lsl #3
10001aac:	f06f 0200 	mvn.w	r2, #0
10001ab0:	bf1c      	itt	ne
10001ab2:	fa22 f20c 	lsrne.w	r2, r2, ip
10001ab6:	4313      	orrne	r3, r2
10001ab8:	f04f 0c01 	mov.w	ip, #1
10001abc:	ea4c 2c0c 	orr.w	ip, ip, ip, lsl #8
10001ac0:	ea4c 4c0c 	orr.w	ip, ip, ip, lsl #16
10001ac4:	eba3 020c 	sub.w	r2, r3, ip
10001ac8:	ea22 0203 	bic.w	r2, r2, r3
10001acc:	ea12 12cc 	ands.w	r2, r2, ip, lsl #7
10001ad0:	bf04      	itt	eq
10001ad2:	f851 3b04 	ldreq.w	r3, [r1], #4
10001ad6:	3004      	addeq	r0, #4
10001ad8:	d0f4      	beq.n	10001ac4 <strlen+0x30>
10001ada:	f1c2 0100 	rsb	r1, r2, #0
10001ade:	ea02 0201 	and.w	r2, r2, r1
10001ae2:	fab2 f282 	clz	r2, r2
10001ae6:	f1c2 021f 	rsb	r2, r2, #31
10001aea:	eb00 00d2 	add.w	r0, r0, r2, lsr #3
10001aee:	4770      	bx	lr

10001af0 <_fini>:
10001af0:	b5f8      	push	{r3, r4, r5, r6, r7, lr}
10001af2:	bf00      	nop
10001af4:	0000      	movs	r0, r0
	...

10001af8 <__mutex_exit_veneer>:
10001af8:	f85f f000 	ldr.w	pc, [pc]	@ 10001afc <__mutex_exit_veneer+0x4>
10001afc:	200001e5 	.word	0x200001e5

10001b00 <__spi_write16_blocking_veneer>:
10001b00:	f85f f000 	ldr.w	pc, [pc]	@ 10001b04 <__spi_write16_blocking_veneer+0x4>
10001b04:	200002b1 	.word	0x200002b1

10001b08 <__mutex_try_enter_block_until_veneer>:
10001b08:	f85f f000 	ldr.w	pc, [pc]	@ 10001b0c <__mutex_try_enter_block_until_veneer+0x4>
10001b0c:	2000017d 	.word	0x2000017d

10001b10 <__spi_write_blocking_veneer>:
10001b10:	f85f f000 	ldr.w	pc, [pc]	@ 10001b14 <__spi_write_blocking_veneer+0x4>
10001b14:	20000221 	.word	0x20000221

10001b18 <__pre_init_runtime_init_bootrom_reset>:
10001b18:	10001409                                ....

10001b1c <__pre_init_runtime_init_early_resets>:
10001b1c:	1000137d                                }...

10001b20 <__pre_init_runtime_init_usb_power_down>:
10001b20:	100013b1                                ....

10001b24 <__pre_init_runtime_init_clocks>:
10001b24:	1000149d                                ....

10001b28 <__pre_init_runtime_init_post_clock_resets>:
10001b28:	100013e9                                ....

10001b2c <__pre_init_runtime_init_boot_locks_reset>:
10001b2c:	10001301                                ....

10001b30 <__pre_init_runtime_init_spin_locks_reset>:
10001b30:	10001431                                1...

10001b34 <__pre_init_runtime_init_bootrom_locking_enable>:
10001b34:	100012ed                                ....

10001b38 <__pre_init_runtime_init_mutex>:
10001b38:	100008a1                                ....

10001b3c <__pre_init_runtime_init_install_ram_vector_table>:
10001b3c:	10001435                                5...

10001b40 <__pre_init_runtime_init_default_alarm_pool>:
10001b40:	10000c19                                ....

10001b44 <__pre_init_first_per_core_initializer>:
10001b44:	1000134d                                M...

10001b48 <__pre_init_runtime_init_per_core_bootrom_reset>:
10001b48:	1000141d                                ....

10001b4c <__pre_init_runtime_init_per_core_enable_coprocessors>:
10001b4c:	100013cd                                ....

10001b50 <__pre_init_spinlock_set_extexclall>:
10001b50:	100007a1                                ....

10001b54 <__pre_init_runtime_init_per_core_irq_priorities>:
10001b54:	100007c9                                ....

10001b58 <__init_array_start>:
10001b58:	10001845 	.word	0x10001845

10001b5c <__frame_dummy_init_array_entry>:
10001b5c:	10000211                                ....

Disassembly of section .data:

20000110 <mutex_enter_block_until>:
20000110:	f04f 4150 	mov.w	r1, #3489660928	@ 0xd0000000
20000114:	e92d 41f0 	stmdb	sp!, {r4, r5, r6, r7, r8, lr}
20000118:	2700      	movs	r7, #0
2000011a:	4604      	mov	r4, r0
2000011c:	4616      	mov	r6, r2
2000011e:	461d      	mov	r5, r3
20000120:	f8d1 8000 	ldr.w	r8, [r1]
20000124:	e008      	b.n	20000138 <mutex_enter_block_until+0x28>
20000126:	e8c1 7f8f 	stlb	r7, [r1]
2000012a:	f38c 8810 	msr	PRIMASK, ip
2000012e:	4630      	mov	r0, r6
20000130:	4629      	mov	r1, r5
20000132:	f000 f905 	bl	20000340 <__best_effort_wfe_or_timeout_veneer>
20000136:	b9e8      	cbnz	r0, 20000174 <mutex_enter_block_until+0x64>
20000138:	6821      	ldr	r1, [r4, #0]
2000013a:	f3ef 8c10 	mrs	ip, PRIMASK
2000013e:	b672      	cpsid	i
20000140:	e8d1 2fcf 	ldaexb	r2, [r1]
20000144:	2301      	movs	r3, #1
20000146:	2a00      	cmp	r2, #0
20000148:	d1fa      	bne.n	20000140 <mutex_enter_block_until+0x30>
2000014a:	e8c1 3f42 	strexb	r2, r3, [r1]
2000014e:	2a00      	cmp	r2, #0
20000150:	d1f6      	bne.n	20000140 <mutex_enter_block_until+0x30>
20000152:	f3bf 8f5f 	dmb	sy
20000156:	f994 3004 	ldrsb.w	r3, [r4, #4]
2000015a:	6821      	ldr	r1, [r4, #0]
2000015c:	2b00      	cmp	r3, #0
2000015e:	dae2      	bge.n	20000126 <mutex_enter_block_until+0x16>
20000160:	2300      	movs	r3, #0
20000162:	f884 8004 	strb.w	r8, [r4, #4]
20000166:	e8c1 3f8f 	stlb	r3, [r1]
2000016a:	f38c 8810 	msr	PRIMASK, ip
2000016e:	2001      	movs	r0, #1
20000170:	e8bd 81f0 	ldmia.w	sp!, {r4, r5, r6, r7, r8, pc}
20000174:	2000      	movs	r0, #0
20000176:	e8bd 81f0 	ldmia.w	sp!, {r4, r5, r6, r7, r8, pc}
2000017a:	bf00      	nop

2000017c <mutex_try_enter_block_until>:
2000017c:	b530      	push	{r4, r5, lr}
2000017e:	6804      	ldr	r4, [r0, #0]
20000180:	f3ef 8c10 	mrs	ip, PRIMASK
20000184:	b672      	cpsid	i
20000186:	e8d4 efcf 	ldaexb	lr, [r4]
2000018a:	2501      	movs	r5, #1
2000018c:	f1be 0f00 	cmp.w	lr, #0
20000190:	d1f9      	bne.n	20000186 <mutex_try_enter_block_until+0xa>
20000192:	e8c4 5f4e 	strexb	lr, r5, [r4]
20000196:	f1be 0f00 	cmp.w	lr, #0
2000019a:	d1f4      	bne.n	20000186 <mutex_try_enter_block_until+0xa>
2000019c:	f3bf 8f5f 	dmb	sy
200001a0:	f990 4004 	ldrsb.w	r4, [r0, #4]
200001a4:	6805      	ldr	r5, [r0, #0]
200001a6:	2c00      	cmp	r4, #0
200001a8:	db10      	blt.n	200001cc <mutex_try_enter_block_until+0x50>
200001aa:	2100      	movs	r1, #0
200001ac:	e8c5 1f8f 	stlb	r1, [r5]
200001b0:	f38c 8810 	msr	PRIMASK, ip
200001b4:	f04f 4550 	mov.w	r5, #3489660928	@ 0xd0000000
200001b8:	f995 5000 	ldrsb.w	r5, [r5]
200001bc:	42a5      	cmp	r5, r4
200001be:	d101      	bne.n	200001c4 <mutex_try_enter_block_until+0x48>
200001c0:	4608      	mov	r0, r1
200001c2:	bd30      	pop	{r4, r5, pc}
200001c4:	e8bd 4030 	ldmia.w	sp!, {r4, r5, lr}
200001c8:	f7ff bfa2 	b.w	20000110 <mutex_enter_block_until>
200001cc:	f04f 4250 	mov.w	r2, #3489660928	@ 0xd0000000
200001d0:	6812      	ldr	r2, [r2, #0]
200001d2:	2300      	movs	r3, #0
200001d4:	7102      	strb	r2, [r0, #4]
200001d6:	e8c5 3f8f 	stlb	r3, [r5]
200001da:	f38c 8810 	msr	PRIMASK, ip
200001de:	2001      	movs	r0, #1
200001e0:	bd30      	pop	{r4, r5, pc}
200001e2:	bf00      	nop

200001e4 <mutex_exit>:
200001e4:	6803      	ldr	r3, [r0, #0]
200001e6:	f3ef 8210 	mrs	r2, PRIMASK
200001ea:	b672      	cpsid	i
200001ec:	e8d3 cfcf 	ldaexb	ip, [r3]
200001f0:	2101      	movs	r1, #1
200001f2:	f1bc 0f00 	cmp.w	ip, #0
200001f6:	d1f9      	bne.n	200001ec <mutex_exit+0x8>
200001f8:	e8c3 1f4c 	strexb	ip, r1, [r3]
200001fc:	f1bc 0f00 	cmp.w	ip, #0
20000200:	d1f4      	bne.n	200001ec <mutex_exit+0x8>
20000202:	f3bf 8f5f 	dmb	sy
20000206:	f04f 0cff 	mov.w	ip, #255	@ 0xff
2000020a:	2300      	movs	r3, #0
2000020c:	6801      	ldr	r1, [r0, #0]
2000020e:	f880 c004 	strb.w	ip, [r0, #4]
20000212:	e8c1 3f8f 	stlb	r3, [r1]
20000216:	f382 8810 	msr	PRIMASK, r2
2000021a:	bf40      	sev
2000021c:	4770      	bx	lr
2000021e:	bf00      	nop

20000220 <spi_write_blocking>:
20000220:	4684      	mov	ip, r0
20000222:	4610      	mov	r0, r2
20000224:	b36a      	cbz	r2, 20000282 <spi_write_blocking+0x62>
20000226:	3901      	subs	r1, #1
20000228:	b500      	push	{lr}
2000022a:	eb01 0e02 	add.w	lr, r1, r2
2000022e:	f8dc 300c 	ldr.w	r3, [ip, #12]
20000232:	079b      	lsls	r3, r3, #30
20000234:	d5fb      	bpl.n	2000022e <spi_write_blocking+0xe>
20000236:	f811 3f01 	ldrb.w	r3, [r1, #1]!
2000023a:	4571      	cmp	r1, lr
2000023c:	f8cc 3008 	str.w	r3, [ip, #8]
20000240:	d1f5      	bne.n	2000022e <spi_write_blocking+0xe>
20000242:	f8dc 300c 	ldr.w	r3, [ip, #12]
20000246:	0759      	lsls	r1, r3, #29
20000248:	d505      	bpl.n	20000256 <spi_write_blocking+0x36>
2000024a:	f8dc 3008 	ldr.w	r3, [ip, #8]
2000024e:	f8dc 300c 	ldr.w	r3, [ip, #12]
20000252:	0759      	lsls	r1, r3, #29
20000254:	d4f9      	bmi.n	2000024a <spi_write_blocking+0x2a>
20000256:	f8dc 300c 	ldr.w	r3, [ip, #12]
2000025a:	06da      	lsls	r2, r3, #27
2000025c:	d506      	bpl.n	2000026c <spi_write_blocking+0x4c>
2000025e:	f8dc 300c 	ldr.w	r3, [ip, #12]
20000262:	06da      	lsls	r2, r3, #27
20000264:	d4f7      	bmi.n	20000256 <spi_write_blocking+0x36>
20000266:	e001      	b.n	2000026c <spi_write_blocking+0x4c>
20000268:	f8dc 3008 	ldr.w	r3, [ip, #8]
2000026c:	f8dc 300c 	ldr.w	r3, [ip, #12]
20000270:	075b      	lsls	r3, r3, #29
20000272:	d4f9      	bmi.n	20000268 <spi_write_blocking+0x48>
20000274:	2301      	movs	r3, #1
20000276:	f8cc 3020 	str.w	r3, [ip, #32]
2000027a:	f85d fb04 	ldr.w	pc, [sp], #4
2000027e:	f8dc 3008 	ldr.w	r3, [ip, #8]
20000282:	f8dc 300c 	ldr.w	r3, [ip, #12]
20000286:	0759      	lsls	r1, r3, #29
20000288:	d4f9      	bmi.n	2000027e <spi_write_blocking+0x5e>
2000028a:	f8dc 300c 	ldr.w	r3, [ip, #12]
2000028e:	06da      	lsls	r2, r3, #27
20000290:	d506      	bpl.n	200002a0 <spi_write_blocking+0x80>
20000292:	f8dc 300c 	ldr.w	r3, [ip, #12]
20000296:	06da      	lsls	r2, r3, #27
20000298:	d4f7      	bmi.n	2000028a <spi_write_blocking+0x6a>
2000029a:	e001      	b.n	200002a0 <spi_write_blocking+0x80>
2000029c:	f8dc 3008 	ldr.w	r3, [ip, #8]
200002a0:	f8dc 300c 	ldr.w	r3, [ip, #12]
200002a4:	075b      	lsls	r3, r3, #29
200002a6:	d4f9      	bmi.n	2000029c <spi_write_blocking+0x7c>
200002a8:	2301      	movs	r3, #1
200002aa:	f8cc 3020 	str.w	r3, [ip, #32]
200002ae:	4770      	bx	lr

200002b0 <spi_write16_blocking>:
200002b0:	4684      	mov	ip, r0
200002b2:	4610      	mov	r0, r2
200002b4:	b36a      	cbz	r2, 20000312 <spi_write16_blocking+0x62>
200002b6:	3902      	subs	r1, #2
200002b8:	b500      	push	{lr}
200002ba:	eb01 0e42 	add.w	lr, r1, r2, lsl #1
200002be:	f8dc 300c 	ldr.w	r3, [ip, #12]
200002c2:	079b      	lsls	r3, r3, #30
200002c4:	d5fb      	bpl.n	200002be <spi_write16_blocking+0xe>
200002c6:	f831 3f02 	ldrh.w	r3, [r1, #2]!
200002ca:	4571      	cmp	r1, lr
200002cc:	f8cc 3008 	str.w	r3, [ip, #8]
200002d0:	d1f5      	bne.n	200002be <spi_write16_blocking+0xe>
200002d2:	f8dc 300c 	ldr.w	r3, [ip, #12]
200002d6:	0759      	lsls	r1, r3, #29
200002d8:	d505      	bpl.n	200002e6 <spi_write16_blocking+0x36>
200002da:	f8dc 3008 	ldr.w	r3, [ip, #8]
200002de:	f8dc 300c 	ldr.w	r3, [ip, #12]
200002e2:	0759      	lsls	r1, r3, #29
200002e4:	d4f9      	bmi.n	200002da <spi_write16_blocking+0x2a>
200002e6:	f8dc 300c 	ldr.w	r3, [ip, #12]
200002ea:	06da      	lsls	r2, r3, #27
200002ec:	d506      	bpl.n	200002fc <spi_write16_blocking+0x4c>
200002ee:	f8dc 300c 	ldr.w	r3, [ip, #12]
200002f2:	06da      	lsls	r2, r3, #27
200002f4:	d4f7      	bmi.n	200002e6 <spi_write16_blocking+0x36>
200002f6:	e001      	b.n	200002fc <spi_write16_blocking+0x4c>
200002f8:	f8dc 3008 	ldr.w	r3, [ip, #8]
200002fc:	f8dc 300c 	ldr.w	r3, [ip, #12]
20000300:	075b      	lsls	r3, r3, #29
20000302:	d4f9      	bmi.n	200002f8 <spi_write16_blocking+0x48>
20000304:	2301      	movs	r3, #1
20000306:	f8cc 3020 	str.w	r3, [ip, #32]
2000030a:	f85d fb04 	ldr.w	pc, [sp], #4
2000030e:	f8dc 3008 	ldr.w	r3, [ip, #8]
20000312:	f8dc 300c 	ldr.w	r3, [ip, #12]
20000316:	0759      	lsls	r1, r3, #29
20000318:	d4f9      	bmi.n	2000030e <spi_write16_blocking+0x5e>
2000031a:	f8dc 300c 	ldr.w	r3, [ip, #12]
2000031e:	06da      	lsls	r2, r3, #27
20000320:	d506      	bpl.n	20000330 <spi_write16_blocking+0x80>
20000322:	f8dc 300c 	ldr.w	r3, [ip, #12]
20000326:	06da      	lsls	r2, r3, #27
20000328:	d4f7      	bmi.n	2000031a <spi_write16_blocking+0x6a>
2000032a:	e001      	b.n	20000330 <spi_write16_blocking+0x80>
2000032c:	f8dc 3008 	ldr.w	r3, [ip, #8]
20000330:	f8dc 300c 	ldr.w	r3, [ip, #12]
20000334:	075b      	lsls	r3, r3, #29
20000336:	d4f9      	bmi.n	2000032c <spi_write16_blocking+0x7c>
20000338:	2301      	movs	r3, #1
2000033a:	f8cc 3020 	str.w	r3, [ip, #32]
2000033e:	4770      	bx	lr

20000340 <__best_effort_wfe_or_timeout_veneer>:
20000340:	f85f f000 	ldr.w	pc, [pc]	@ 20000344 <__best_effort_wfe_or_timeout_veneer+0x4>
20000344:	10001015 	.word	0x10001015

20000348 <striped_spin_lock_num>:
20000348:	00000010                                ....

2000034c <default_alarm_pool>:
	...
20000360:	200004b0                                ... 

20000364 <_impure_ptr>:
20000364:	20000368                                h.. 

20000368 <_impure_data>:
20000368:	00000000 20000630 20000698 20000700     ....0.. ... ... 
	...
20000400:	00000001 00000000 abcd330e e66d1234     .........3..4.m.
20000410:	0005deec 0000000b 00000000 00000000     ................
	...

200004a8 <print_mutex>:
	...
