/* Start of automatically generated font definition for Roboto_Regular20bw. */

#ifndef MF_BWFONT_INTERNALS
#define MF_BWFONT_INTERNALS
#endif
#include "mf_bwfont.h"

#ifndef MF_BWFONT_VERSION_4_SUPPORTED
#error The font file is not compatible with this version of mcufont.
#endif

static const uint8_t mf_bwfont_Roboto_Regular20bw_glyph_data_0[0] PROGMEM = {
    
};

static const uint16_t mf_bwfont_Roboto_Regular20bw_glyph_offsets_0[15] PROGMEM = {
    0x0000, 0x0000, 0x0000, 0x0000, 0x0000, 0x0000, 0x0000, 0x0000,
    0x0000, 0x0000, 0x0000, 0x0000, 0x0000, 0x0000, 0x0000,
};

static const uint8_t mf_bwfont_Roboto_Regular20bw_glyph_widths_0[14] PROGMEM = {
    0x00, 0x00, 0x00, 0x00, 0x00, 0x00, 0x00, 0x00, 0x00, 0x00, 0x00, 0x00, 0x00, 0x05,
};

static const uint8_t mf_bwfont_Roboto_Regular20bw_glyph_data_1[2910] PROGMEM = {
    0x00, 0x00, 0x00, 0x00, 0x00, 0x00, 0x00, 0x00, 0x00, 0xfc, 0xcf, 0x00, 0x1c, 0xc0, 0x00, 0x00,
    0x00, 0x00, 0x00, 0x00, 0x00, 0x3e, 0x00, 0x00, 0x1e, 0x00, 0x00, 0x00, 0x00, 0x00, 0x3e, 0x00,
    0x00, 0x00, 0x00, 0x00, 0x00, 0x00, 0x00, 0x00, 0x08, 0x00, 0x40, 0x08, 0x00, 0x40, 0xf8, 0x00,
    0xc0, 0x3f, 0x00, 0xfc, 0x09, 0x00, 0x4c, 0x08, 0x00, 0x40, 0xf8, 0x00, 0xc0, 0x3f, 0x00, 0xfc,
    0x09, 0x00, 0x4c, 0x08, 0x00, 0x40, 0x00, 0x00, 0x00, 0x00, 0x00, 0x00, 0x00, 0x00, 0x00, 0x30,
    0x00, 0xf8, 0x70, 0x00, 0xdc, 0xc1, 0x00, 0x0c, 0xc1, 0x00, 0x0f, 0xc3, 0x03, 0x0f, 0xc3, 0x00,
    0x0c, 0xc6, 0x00, 0x78, 0x7e, 0x00, 0x70, 0x3c, 0x00, 0x00, 0x00, 0x00, 0x00, 0x00, 0x00, 0xf8,
    0x00, 0x00, 0x8c, 0x01, 0x00, 0x04, 0x01, 0x00, 0x04, 0x71, 0x00, 0xfc, 0x19, 0x00, 0x70, 0x06,
    0x00, 0x00, 0x03, 0x00, 0xc0, 0x7c, 0x00, 0x60, 0xc6, 0x00, 0x10, 0x82, 0x00, 0x00, 0x82, 0x00,
    0x00, 0xfe, 0x00, 0x00, 0x38, 0x00, 0x00, 0x00, 0x00, 0x00, 0x00, 0x00, 0x00, 0x3c, 0x00, 0x70,
    0x7e, 0x00, 0xf8, 0xc6, 0x00, 0x8c, 0xc3, 0x00, 0x84, 0xc3, 0x00, 0x8c, 0xce, 0x00, 0xfc, 0xdc,
    0x00, 0x78, 0x78, 0x00, 0x00, 0x78, 0x00, 0x00, 0xde, 0x00, 0x00, 0x82, 0x00, 0x00, 0x00, 0x00,
    0x00, 0x00, 0x00, 0x3e, 0x00, 0x00, 0x00, 0x00, 0x00, 0x00, 0x00, 0x00, 0x00, 0x1f, 0x00, 0xf0,
    0xff, 0x01, 0x78, 0xc0, 0x03, 0x0e, 0x00, 0x0e, 0x03, 0x00, 0x18, 0x00, 0x00, 0x00, 0x00, 0x00,
    0x00, 0x03, 0x00, 0x18, 0x0c, 0x00, 0x06, 0x78, 0xc0, 0x03, 0xe0, 0xff, 0x00, 0x00, 0x0e, 0x00,
    0x00, 0x00, 0x00, 0x20, 0x00, 0x00, 0x30, 0x00, 0x00, 0xa0, 0x03, 0x00, 0xe0, 0x00, 0x00, 0xfc,
    0x00, 0x00, 0xe0, 0x01, 0x00, 0x20, 0x03, 0x00, 0x30, 0x00, 0x00, 0x00, 0x00, 0x00, 0x00, 0x00,
    0x00, 0x00, 0x03, 0x00, 0x00, 0x03, 0x00, 0x00, 0x03, 0x00, 0x00, 0x03, 0x00, 0xf0, 0x7f, 0x00,
    0xf0, 0x7f, 0x00, 0x00, 0x03, 0x00, 0x00, 0x03, 0x00, 0x00, 0x03, 0x00, 0x00, 0x03, 0x00, 0x00,
    0x00, 0x00, 0x00, 0x00, 0x00, 0x00, 0xc0, 0x07, 0x00, 0xc0, 0x01, 0x00, 0x00, 0x00, 0x00, 0x04,
    0x00, 0x00, 0x04, 0x00, 0x00, 0x04, 0x00, 0x00, 0x04, 0x00, 0x00, 0x04, 0x00, 0x00, 0x00, 0x00,
    0x00, 0x00, 0x00, 0x00, 0x40, 0x00, 0x00, 0xc0, 0x00, 0x00, 0xc0, 0x00, 0x00, 0x00, 0x00, 0x00,
    0x00, 0x01, 0x00, 0xc0, 0x01, 0x00, 0x78, 0x00, 0x00, 0x1e, 0x00, 0xc0, 0x03, 0x00, 0x70, 0x00,
    0x00, 0x1c, 0x00, 0x00, 0x00, 0x00, 0x00, 0x00, 0x00, 0x00, 0xe0, 0x1f, 0x00, 0xf8, 0x7f, 0x00,
    0x1c, 0xe0, 0x00, 0x0c, 0xc0, 0x00, 0x04, 0xc0, 0x00, 0x0c, 0xc0, 0x00, 0x0c, 0xc0, 0x00, 0xf8,
    0x7f, 0x00, 0xf0, 0x3f, 0x00, 0x00, 0x00, 0x00, 0x00, 0x00, 0x00, 0x00, 0x00, 0x00, 0x10, 0x00,
    0x00, 0x18, 0x00, 0x00, 0x08, 0x00, 0x00, 0xfc, 0xff, 0x00, 0xfc, 0xff, 0x00, 0x00, 0x00, 0x00,
    0x00, 0x00, 0x00, 0x30, 0xc0, 0x00, 0x38, 0xe0, 0x00, 0x0c, 0xb0, 0x00, 0x0c, 0x98, 0x00, 0x04,
    0x8c, 0x00, 0x0c, 0x86, 0x00, 0x0c, 0x83, 0x00, 0xf8, 0x81, 0x00, 0x70, 0x80, 0x00, 0x00, 0x80,
    0x00, 0x00, 0x00, 0x00, 0x00, 0x00, 0x00, 0x30, 0x30, 0x00, 0x38, 0x70, 0x00, 0x0c, 0xc0, 0x00,
    0x0c, 0xc2, 0x00, 0x04, 0xc2, 0x00, 0x0c, 0xc3, 0x00, 0x8c, 0xc7, 0x00, 0xf8, 0x7d, 0x00, 0x70,
    0x38, 0x00, 0x00, 0x00, 0x00, 0x00, 0x00, 0x00, 0x00, 0x1c, 0x00, 0x00, 0x1e, 0x00, 0x80, 0x13,
    0x00, 0xc0, 0x10, 0x00, 0x70, 0x10, 0x00, 0x18, 0x10, 0x00, 0xfc, 0xff, 0x00, 0xfc, 0xff, 0x00,
    0x00, 0x10, 0x00, 0x00, 0x10, 0x00, 0x00, 0x00, 0x00, 0x00, 0x00, 0x00, 0x00, 0x00, 0x00, 0xf0,
    0x71, 0x00, 0xfc, 0x63, 0x00, 0x8c, 0xc1, 0x00, 0x8c, 0xc1, 0x00, 0x8c, 0xc1, 0x00, 0x8c, 0xc1,
    0x00, 0x0c, 0x67, 0x00, 0x0c, 0x7f, 0x00, 0x00, 0x00, 0x00, 0x00, 0x00, 0x00, 0x00, 0x0f, 0x00,
    0xe0, 0x3f, 0x00, 0x30, 0x63, 0x00, 0x98, 0xc1, 0x00, 0x8c, 0xc1, 0x00, 0x8c, 0xc1, 0x00, 0x8c,
    0xc1, 0x00, 0x00, 0x7f, 0x00, 0x00, 0x3e, 0x00, 0x00, 0x00, 0x00, 0x00, 0x00, 0x00, 0x04, 0x00,
    0x00, 0x04, 0x00, 0x00, 0x04, 0xc0, 0x00, 0x04, 0xf0, 0x00, 0x04, 0x3c, 0x00, 0x04, 0x0f, 0x00,
    0xc4, 0x01, 0x00, 0x7c, 0x00, 0x00, 0x1c, 0x00, 0x00, 0x00, 0x00, 0x00, 0x00, 0x00, 0x00, 0x20,
    0x3c, 0x00, 0xf8, 0x7e, 0x00, 0xdc, 0xc3, 0x00, 0x8c, 0xc1, 0x00, 0x04, 0xc1, 0x00, 0x8c, 0xc1,
    0x00, 0x8c, 0xc3, 0x00, 0xf8, 0x7e, 0x00, 0x70, 0x3c, 0x00, 0x00, 0x00, 0x00, 0x00, 0x00, 0x00,
    0xf0, 0x01, 0x00, 0xf8, 0x03, 0x00, 0x0c, 0xc6, 0x00, 0x0c, 0xc6, 0x00, 0x0c, 0xc6, 0x00, 0x0c,
    0x46, 0x00, 0x1c, 0x72, 0x00, 0xf8, 0x3f, 0x00, 0xe0, 0x0f, 0x00, 0x00, 0x00, 0x00, 0x00, 0x00,
    0x00, 0x20, 0x40, 0x00, 0x60, 0xc0, 0x00, 0x60, 0xc0, 0x00, 0x00, 0x00, 0x00, 0x00, 0x00, 0x00,
    0x20, 0xc0, 0x07, 0x60, 0xc0, 0x01, 0x60, 0x00, 0x00, 0x00, 0x00, 0x00, 0x00, 0x00, 0x00, 0x00,
    0x07, 0x00, 0x00, 0x07, 0x00, 0x80, 0x0d, 0x00, 0x80, 0x0d, 0x00, 0x80, 0x08, 0x00, 0xc0, 0x18,
    0x00, 0x40, 0x10, 0x00, 0x60, 0x30, 0x00, 0x00, 0x00, 0x00, 0x00, 0x00, 0x00, 0xc0, 0x18, 0x00,
    0xc0, 0x18, 0x00, 0xc0, 0x18, 0x00, 0xc0, 0x18, 0x00, 0xc0, 0x18, 0x00, 0xc0, 0x18, 0x00, 0xc0,
    0x18, 0x00, 0xc0, 0x18, 0x00, 0xc0, 0x18, 0x00, 0x00, 0x00, 0x00, 0x00, 0x00, 0x00, 0x60, 0x30,
    0x00, 0x40, 0x10, 0x00, 0xc0, 0x18, 0x00, 0xc0, 0x18, 0x00, 0x80, 0x0d, 0x00, 0x80, 0x0d, 0x00,
    0x00, 0x05, 0x00, 0x00, 0x07, 0x00, 0x00, 0x02, 0x00, 0x00, 0x00, 0x00, 0x00, 0x00, 0x00, 0x30,
    0x00, 0x00, 0x38, 0x00, 0x00, 0x0c, 0x00, 0x00, 0x0c, 0xce, 0x00, 0x0c, 0x07, 0x00, 0x8c, 0x01,
    0x00, 0xf8, 0x00, 0x00, 0x70, 0x00, 0x00, 0x00, 0x00, 0x00, 0x00, 0x00, 0x00, 0x00, 0x7e, 0x00,
    0xc0, 0xff, 0x01, 0x60, 0x00, 0x03, 0x10, 0x00, 0x06, 0x18, 0x38, 0x04, 0x08, 0xff, 0x0c, 0x8c,
    0xc1, 0x08, 0xc4, 0x80, 0x08, 0x44, 0xc0, 0x08, 0x44, 0x70, 0x08, 0xcc, 0xff, 0x0c, 0x08, 0x80,
    0x00, 0x08, 0x80, 0x00, 0x30, 0xc0, 0x00, 0xe0, 0x70, 0x00, 0x80, 0x1f, 0x00, 0x00, 0x00, 0x00,
    0x00, 0x80, 0x00, 0x00, 0xe0, 0x00, 0x00, 0x7c, 0x00, 0x00, 0x0f, 0x00, 0xe0, 0x0f, 0x00, 0x78,
    0x0c, 0x00, 0x0c, 0x0c, 0x00, 0x7c, 0x0c, 0x00, 0xe0, 0x0f, 0x00, 0x00, 0x0f, 0x00, 0x00, 0x7c,
    0x00, 0x00, 0xe0, 0x00, 0x00, 0x80, 0x00, 0x00, 0x00, 0x00, 0x00, 0x00, 0x00, 0x00, 0x00, 0x00,
    0xfc, 0xff, 0x00, 0xfc, 0xff, 0x00, 0x8c, 0xc1, 0x00, 0x8c, 0xc1, 0x00, 0x8c, 0xc1, 0x00, 0x8c,
    0xc1, 0x00, 0x8c, 0xc1, 0x00, 0xf8, 0x7f, 0x00, 0x70, 0x3e, 0x00, 0x00, 0x00, 0x00, 0x00, 0x00,
    0x00, 0xc0, 0x0f, 0x00, 0xf0, 0x3f, 0x00, 0x38, 0x70, 0x00, 0x0c, 0xc0, 0x00, 0x0c, 0xc0, 0x00,
    0x0c, 0xc0, 0x00, 0x0c, 0xc0, 0x00, 0x0c, 0xc0, 0x00, 0x18, 0x60, 0x00, 0x78, 0x78, 0x00, 0x60,
    0x18, 0x00, 0x00, 0x00, 0x00, 0x00, 0x00, 0x00, 0x00, 0x00, 0x00, 0xfc, 0xff, 0x00, 0xfc, 0xff,
    0x00, 0x0c, 0xc0, 0x00, 0x0c, 0xc0, 0x00, 0x0c, 0xc0, 0x00, 0x0c, 0xc0, 0x00, 0x08, 0x40, 0x00,
    0x38, 0x70, 0x00, 0xf0, 0x3f, 0x00, 0xc0, 0x0f, 0x00, 0x00, 0x00, 0x00, 0x00, 0x00, 0x00, 0x00,
    0x00, 0x00, 0xfc, 0xff, 0x00, 0xfc, 0xff, 0x00, 0x0c, 0xc3, 0x00, 0x0c, 0xc3, 0x00, 0x0c, 0xc3,
    0x00, 0x0c, 0xc3, 0x00, 0x0c, 0xc3, 0x00, 0x0c, 0xc3, 0x00, 0x0c, 0xc0, 0x00, 0x00, 0x00, 0x00,
    0x00, 0x00, 0x00, 0x00, 0x00, 0x00, 0xfc, 0xff, 0x00, 0xfc, 0xff, 0x00, 0x0c, 0x03, 0x00, 0x0c,
    0x03, 0x00, 0x0c, 0x03, 0x00, 0x0c, 0x03, 0x00, 0x0c, 0x03, 0x00, 0x0c, 0x03, 0x00, 0x00, 0x00,
    0x00, 0x00, 0x00, 0x00, 0xc0, 0x0f, 0x00, 0xf0, 0x3f, 0x00, 0x38, 0x70, 0x00, 0x0c, 0x60, 0x00,
    0x0c, 0xc0, 0x00, 0x0c, 0xc0, 0x00, 0x0c, 0xc3, 0x00, 0x0c, 0xc3, 0x00, 0x0c, 0xc3, 0x00, 0x38,
    0x7f, 0x00, 0x30, 0x7f, 0x00, 0x00, 0x00, 0x00, 0x00, 0x00, 0x00, 0x00, 0x00, 0x00, 0xfc, 0xff,
    0x00, 0xfc, 0xff, 0x00, 0x00, 0x03, 0x00, 0x00, 0x03, 0x00, 0x00, 0x03, 0x00, 0x00, 0x03, 0x00,
    0x00, 0x03, 0x00, 0x00, 0x03, 0x00, 0x00, 0x03, 0x00, 0xfc, 0xff, 0x00, 0xfc, 0xff, 0x00, 0x00,
    0x00, 0x00, 0x00, 0x00, 0x00, 0x00, 0x00, 0x00, 0xfc, 0xff, 0x00, 0xfc, 0xff, 0x00, 0x00, 0x00,
    0x00, 0x00, 0x00, 0x00, 0x00, 0x70, 0x00, 0x00, 0x60, 0x00, 0x00, 0xc0, 0x00, 0x00, 0xc0, 0x00,
    0x00, 0xc0, 0x00, 0x00, 0xc0, 0x00, 0x00, 0x60, 0x00, 0xfc, 0x7f, 0x00, 0xfc, 0x0f, 0x00, 0x00,
    0x00, 0x00, 0x00, 0x00, 0x00, 0x00, 0x00, 0x00, 0xfc, 0xff, 0x00, 0xfc, 0xff, 0x00, 0x00, 0x03,
    0x00, 0x80, 0x03, 0x00, 0xc0, 0x07, 0x00, 0x60, 0x0e, 0x00, 0x38, 0x38, 0x00, 0x1c, 0x70, 0x00,
    0x0c, 0xe0, 0x00, 0x04, 0x80, 0x00, 0x00, 0x00, 0x00, 0x00, 0x00, 0x00, 0x00, 0x00, 0x00, 0xfc,
    0xff, 0x00, 0xfc, 0xff, 0x00, 0x00, 0xc0, 0x00, 0x00, 0xc0, 0x00, 0x00, 0xc0, 0x00, 0x00, 0xc0,
    0x00, 0x00, 0xc0, 0x00, 0x00, 0xc0, 0x00, 0x00, 0x00, 0x00, 0x00, 0x00, 0x00, 0x00, 0x00, 0x00,
    0xfc, 0xff, 0x00, 0x1c, 0xfc, 0x00, 0x78, 0x00, 0x00, 0xe0, 0x03, 0x00, 0x00, 0x0f, 0x00, 0x00,
    0x7c, 0x00, 0x00, 0xe0, 0x00, 0x00, 0xf0, 0x00, 0x00, 0x1e, 0x00, 0x80, 0x07, 0x00, 0xf0, 0x01,
    0x00, 0x3c, 0x00, 0x00, 0xfc, 0xff, 0x00, 0xfc, 0xff, 0x00, 0x00, 0x00, 0x00, 0x00, 0x00, 0x00,
    0x00, 0x00, 0x00, 0xfc, 0xff, 0x00, 0xfc, 0xff, 0x00, 0x78, 0x00, 0x00, 0xe0, 0x00, 0x00, 0xc0,
    0x03, 0x00, 0x00, 0x07, 0x00, 0x00, 0x1e, 0x00, 0x00, 0x38, 0x00, 0x00, 0xf0, 0x00, 0xfc, 0xff,
    0x00, 0xfc, 0xff, 0x00, 0x00, 0x00, 0x00, 0x00, 0x00, 0x00, 0xc0, 0x0f, 0x00, 0xf0, 0x3f, 0x00,
    0x38, 0x70, 0x00, 0x0c, 0xc0, 0x00, 0x0c, 0xc0, 0x00, 0x0c, 0xc0, 0x00, 0x0c, 0xc0, 0x00, 0x0c,
    0xc0, 0x00, 0x18, 0x60, 0x00, 0x78, 0x78, 0x00, 0xf0, 0x3f, 0x00, 0x80, 0x07, 0x00, 0x00, 0x00,
    0x00, 0x00, 0x00, 0x00, 0x00, 0x00, 0x00, 0xfc, 0xff, 0x00, 0xfc, 0xff, 0x00, 0x0c, 0x06, 0x00,
    0x0c, 0x06, 0x00, 0x0c, 0x06, 0x00, 0x0c, 0x06, 0x00, 0x0c, 0x06, 0x00, 0x18, 0x07, 0x00, 0xf8,
    0x03, 0x00, 0xe0, 0x01, 0x00, 0x00, 0x00, 0x00, 0x00, 0x00, 0x00, 0xc0, 0x0f, 0x00, 0xf0, 0x3f,
    0x00, 0x38, 0x70, 0x00, 0x0c, 0xc0, 0x00, 0x0c, 0xc0, 0x00, 0x0c, 0xc0, 0x00, 0x0c, 0xc0, 0x00,
    0x0c, 0xc0, 0x00, 0x18, 0xe0, 0x01, 0x78, 0xf8, 0x01, 0xf0, 0x3f, 0x03, 0x00, 0x03, 0x00, 0x00,
    0x00, 0x00, 0x00, 0x00, 0x00, 0x00, 0x00, 0x00, 0xfc, 0xff, 0x00, 0xfc, 0xff, 0x00, 0x0c, 0x03,
    0x00, 0x0c, 0x03, 0x00, 0x0c, 0x03, 0x00, 0x0c, 0x07, 0x00, 0x0c, 0x1f, 0x00, 0xf8, 0x79, 0x00,
    0xf8, 0xe0, 0x00, 0x00, 0x80, 0x00, 0x00, 0x00, 0x00, 0x00, 0x00, 0x00, 0x70, 0x30, 0x00, 0xf8,
    0x70, 0x00, 0x98, 0xc1, 0x00, 0x0c, 0xc1, 0x00, 0x0c, 0xc3, 0x00, 0x0c, 0xc3, 0x00, 0x0c, 0xc2,
    0x00, 0x0c, 0xc6, 0x00, 0x38, 0x7e, 0x00, 0x30, 0x3c, 0x00, 0x00, 0x00, 0x00, 0x0c, 0x00, 0x00,
    0x0c, 0x00, 0x00, 0x0c, 0x00, 0x00, 0x0c, 0x00, 0x00, 0x0c, 0x00, 0x00, 0xfc, 0xff, 0x00, 0xfc,
    0xff, 0x00, 0x0c, 0x00, 0x00, 0x0c, 0x00, 0x00, 0x0c, 0x00, 0x00, 0x0c, 0x00, 0x00, 0x00, 0x00,
    0x00, 0x00, 0x00, 0x00, 0xfc, 0x1f, 0x00, 0xfc, 0x7f, 0x00, 0x00, 0x60, 0x00, 0x00, 0xc0, 0x00,
    0x00, 0xc0, 0x00, 0x00, 0xc0, 0x00, 0x00, 0xc0, 0x00, 0x00, 0xc0, 0x00, 0x00, 0x60, 0x00, 0xfc,
    0x3f, 0x00, 0xfc, 0x1f, 0x00, 0x00, 0x00, 0x00, 0x04, 0x00, 0x00, 0x1c, 0x00, 0x00, 0xfc, 0x00,
    0x00, 0xe0, 0x07, 0x00, 0x00, 0x1f, 0x00, 0x00, 0xf8, 0x00, 0x00, 0xe0, 0x00, 0x00, 0x7c, 0x00,
    0x80, 0x1f, 0x00, 0xe0, 0x03, 0x00, 0x7c, 0x00, 0x00, 0x1c, 0x00, 0x00, 0x00, 0x00, 0x00, 0x00,
    0x00, 0x00, 0x3c, 0x00, 0x00, 0xfc, 0x03, 0x00, 0xc0, 0x3f, 0x00, 0x00, 0xf8, 0x00, 0x00, 0xf8,
    0x00, 0x00, 0x1f, 0x00, 0xf0, 0x03, 0x00, 0x7c, 0x00, 0x00, 0x7c, 0x00, 0x00, 0xe0, 0x03, 0x00,
    0x00, 0x3f, 0x00, 0x00, 0xf0, 0x00, 0x00, 0xfc, 0x00, 0xc0, 0x1f, 0x00, 0xfc, 0x01, 0x00, 0x1c,
    0x00, 0x00, 0x00, 0x00, 0x00, 0x00, 0x00, 0x00, 0x04, 0x80, 0x00, 0x1c, 0xe0, 0x00, 0x38, 0x78,
    0x00, 0xe0, 0x1c, 0x00, 0xc0, 0x0f, 0x00, 0x80, 0x07, 0x00, 0xe0, 0x0f, 0x00, 0x70, 0x38, 0x00,
    0x3c, 0xf0, 0x00, 0x0c, 0xc0, 0x00, 0x04, 0x80, 0x00, 0x00, 0x00, 0x00, 0x04, 0x00, 0x00, 0x0c,
    0x00, 0x00, 0x3c, 0x00, 0x00, 0xf0, 0x00, 0x00, 0xc0, 0x03, 0x00, 0x00, 0xff, 0x00, 0x00, 0xff,
    0x00, 0xc0, 0x03, 0x00, 0xf0, 0x00, 0x00, 0x3c, 0x00, 0x00, 0x0c, 0x00, 0x00, 0x04, 0x00, 0x00,
    0x00, 0x00, 0x00, 0x00, 0x00, 0x00, 0x0c, 0xc0, 0x00, 0x0c, 0xf0, 0x00, 0x0c, 0xf8, 0x00, 0x0c,
    0xce, 0x00, 0x0c, 0xc7, 0x00, 0x8c, 0xc3, 0x00, 0xec, 0xc0, 0x00, 0x7c, 0xc0, 0x00, 0x1c, 0xc0,
    0x00, 0x0c, 0xc0, 0x00, 0x00, 0x00, 0x00, 0x00, 0x00, 0x00, 0xff, 0xff, 0x07, 0xff, 0xff, 0x07,
    0x01, 0x00, 0x04, 0x01, 0x00, 0x04, 0x00, 0x00, 0x00, 0x00, 0x00, 0x00, 0x1c, 0x00, 0x00, 0x78,
    0x00, 0x00, 0xe0, 0x03, 0x00, 0x00, 0x0f, 0x00, 0x00, 0x78, 0x00, 0x00, 0xe0, 0x01, 0x00, 0x00,
    0x01, 0x00, 0x00, 0x00, 0x01, 0x00, 0x04, 0x01, 0x00, 0x04, 0xff, 0xff, 0x07, 0xff, 0xff, 0x07,
    0x00, 0x00, 0x00, 0x00, 0x00, 0x00, 0x80, 0x01, 0x00, 0xe0, 0x01, 0x00, 0x3c, 0x00, 0x00, 0x1c,
    0x00, 0x00, 0xf0, 0x00, 0x00, 0xc0, 0x01, 0x00, 0x00, 0x00, 0x00, 0x00, 0x00, 0x01, 0x00, 0x00,
    0x01, 0x00, 0x00, 0x01, 0x00, 0x00, 0x01, 0x00, 0x00, 0x01, 0x00, 0x00, 0x01, 0x00, 0x00, 0x01,
    0x00, 0x00, 0x01, 0x00, 0x00, 0x01, 0x00, 0x00, 0x00, 0x00, 0x00, 0x00, 0x02, 0x00, 0x00, 0x06,
    0x00, 0x00, 0x0c, 0x00, 0x00, 0x00, 0x00, 0x00, 0x00, 0x00, 0x00, 0x80, 0x38, 0x00, 0xc0, 0x7c,
    0x00, 0x60, 0xc6, 0x00, 0x60, 0xc2, 0x00, 0x20, 0xc2, 0x00, 0x60, 0xc2, 0x00, 0xe0, 0x62, 0x00,
    0xc0, 0xff, 0x00, 0x00, 0x80, 0x00, 0x00, 0x00, 0x00, 0x00, 0x00, 0x00, 0xfe, 0xff, 0x00, 0xfe,
    0xff, 0x00, 0xc0, 0x60, 0x00, 0x60, 0xc0, 0x00, 0x60, 0xc0, 0x00, 0x60, 0xc0, 0x00, 0x60, 0xc0,
    0x00, 0xc0, 0x7f, 0x00, 0x80, 0x3f, 0x00, 0x00, 0x00, 0x00, 0x00, 0x00, 0x00, 0x80, 0x3f, 0x00,
    0xc0, 0x7f, 0x00, 0x60, 0xc0, 0x00, 0x60, 0xc0, 0x00, 0x20, 0xc0, 0x00, 0x60, 0xc0, 0x00, 0x60,
    0xc0, 0x00, 0xc0, 0x71, 0x00, 0x80, 0x11, 0x00, 0x00, 0x00, 0x00, 0x00, 0x00, 0x00, 0x80, 0x1f,
    0x00, 0xc0, 0x7f, 0x00, 0xe0, 0xe0, 0x00, 0x60, 0xc0, 0x00, 0x60, 0xc0, 0x00, 0x60, 0xc0, 0x00,
    0x40, 0x40, 0x00, 0xfe, 0xff, 0x00, 0xfe, 0xff, 0x00, 0x00, 0x00, 0x00, 0x00, 0x00, 0x00, 0x00,
    0x3f, 0x00, 0xc0, 0x7f, 0x00, 0xc0, 0xe4, 0x00, 0x60, 0xc4, 0x00, 0x20, 0xc4, 0x00, 0x60, 0xc4,
    0x00, 0x60, 0xc4, 0x00, 0xc0, 0x67, 0x00, 0x00, 0x07, 0x00, 0x00, 0x00, 0x00, 0x00, 0x00, 0x00,
    0x20, 0x00, 0x00, 0xf8, 0xff, 0x00, 0xfc, 0xff, 0x00, 0x26, 0x00, 0x00, 0x26, 0x00, 0x00, 0x06,
    0x00, 0x00, 0x00, 0x00, 0x00, 0x00, 0x00, 0x00, 0x80, 0x1f, 0x00, 0xc0, 0x7f, 0x06, 0xe0, 0xe0,
    0x0c, 0x60, 0xc0, 0x0c, 0x60, 0xc0, 0x08, 0x60, 0xc0, 0x0c, 0x40, 0x40, 0x0c, 0xe0, 0xff, 0x07,
    0xe0, 0xff, 0x03, 0x00, 0x00, 0x00, 0x00, 0x00, 0x00, 0xfe, 0xff, 0x00, 0xfe, 0xff, 0x00, 0xc0,
    0x00, 0x00, 0x60, 0x00, 0x00, 0x60, 0x00, 0x00, 0x60, 0x00, 0x00, 0x60, 0x00, 0x00, 0xc0, 0xff,
    0x00, 0x80, 0xff, 0x00, 0x00, 0x00, 0x00, 0x00, 0x00, 0x00, 0x02, 0x00, 0x00, 0xe6, 0xff, 0x00,
    0x00, 0x00, 0x0c, 0x00, 0x00, 0x0c, 0xe6, 0xff, 0x0f, 0xe6, 0xff, 0x07, 0x00, 0x00, 0x00, 0x00,
    0x00, 0x00, 0xfe, 0xff, 0x00, 0xfe, 0xff, 0x00, 0x00, 0x0e, 0x00, 0x00, 0x07, 0x00, 0x80, 0x1f,
    0x00, 0xc0, 0x39, 0x00, 0x60, 0x70, 0x00, 0x20, 0xc0, 0x00, 0x00, 0x80, 0x00, 0x00, 0x00, 0x00,
    0x00, 0x00, 0x00, 0x00, 0x00, 0x00, 0xfe, 0xff, 0x00, 0x00, 0x00, 0x00, 0x00, 0x00, 0x00, 0xe0,
    0xff, 0x00, 0xe0, 0xff, 0x00, 0x40, 0x00, 0x00, 0x60, 0x00, 0x00, 0x60, 0x00, 0x00, 0x60, 0x00,
    0x00, 0x60, 0x00, 0x00, 0xc0, 0xff, 0x00, 0xc0, 0xff, 0x00, 0x40, 0x00, 0x00, 0x60, 0x00, 0x00,
    0x60, 0x00, 0x00, 0x60, 0x00, 0x00, 0xe0, 0xff, 0x00, 0xc0, 0xff, 0x00, 0x00, 0x00, 0x00, 0x00,
    0x00, 0x00, 0xe0, 0xff, 0x00, 0xe0, 0xff, 0x00, 0xc0, 0x00, 0x00, 0x60, 0x00, 0x00, 0x60, 0x00,
    0x00, 0x60, 0x00, 0x00, 0x60, 0x00, 0x00, 0xc0, 0xff, 0x00, 0x80, 0xff, 0x00, 0x00, 0x00, 0x00,
    0x00, 0x00, 0x00, 0x00, 0x1f, 0x00, 0xc0, 0x7f, 0x00, 0xc0, 0x60, 0x00, 0x60, 0xc0, 0x00, 0x20,
    0xc0, 0x00, 0x60, 0xc0, 0x00, 0x60, 0xc0, 0x00, 0xc0, 0x71, 0x00, 0x80, 0x3f, 0x00, 0x00, 0x04,
    0x00, 0x00, 0x00, 0x00, 0x00, 0x00, 0x00, 0xe0, 0xff, 0x0f, 0xe0, 0xff, 0x0f, 0xc0, 0x40, 0x00,
    0x60, 0xc0, 0x00, 0x60, 0xc0, 0x00, 0x60, 0xc0, 0x00, 0x60, 0xc0, 0x00, 0xc0, 0x7f, 0x00, 0x80,
    0x3f, 0x00, 0x00, 0x00, 0x00, 0x00, 0x00, 0x00, 0x80, 0x3f, 0x00, 0xc0, 0x7f, 0x00, 0xe0, 0xe0,
    0x00, 0x60, 0xc0, 0x00, 0x20, 0xc0, 0x00, 0x60, 0xc0, 0x00, 0x40, 0x40, 0x00, 0xe0, 0xff, 0x0f,
    0xe0, 0xff, 0x0f, 0x00, 0x00, 0x00, 0x00, 0x00, 0x00, 0xe0, 0xff, 0x00, 0xe0, 0xff, 0x00, 0xc0,
    0x00, 0x00, 0x60, 0x00, 0x00, 0x60, 0x00, 0x00, 0x00, 0x00, 0x00, 0x00, 0x00, 0x00, 0x80, 0x21,
    0x00, 0xc0, 0x63, 0x00, 0x60, 0xc6, 0x00, 0x60, 0xc6, 0x00, 0x20, 0xc4, 0x00, 0x60, 0xcc, 0x00,
    0xc0, 0xfc, 0x00, 0xc0, 0x78, 0x00, 0x00, 0x00, 0x00, 0x20, 0x00, 0x00, 0x20, 0x00, 0x00, 0xf8,
    0x7f, 0x00, 0xf8, 0xff, 0x00, 0x20, 0xc0, 0x00, 0x20, 0xc0, 0x00, 0x00, 0x00, 0x00, 0x00, 0x00,
    0x00, 0xe0, 0x1f, 0x00, 0xe0, 0x7f, 0x00, 0x00, 0xc0, 0x00, 0x00, 0xc0, 0x00, 0x00, 0xc0, 0x00,
    0x00, 0xc0, 0x00, 0x00, 0x60, 0x00, 0xe0, 0xff, 0x00, 0xe0, 0xff, 0x00, 0x00, 0x00, 0x00, 0x00,
    0x00, 0x00, 0xe0, 0x00, 0x00, 0xc0, 0x07, 0x00, 0x00, 0x3e, 0x00, 0x00, 0xf0, 0x00, 0x00, 0xf8,
    0x00, 0x00, 0x1f, 0x00, 0xe0, 0x03, 0x00, 0x60, 0x00, 0x00, 0x00, 0x00, 0x00, 0x00, 0x00, 0x00,
    0xe0, 0x01, 0x00, 0xc0, 0x0f, 0x00, 0x00, 0xfc, 0x00, 0x00, 0xe0, 0x00, 0x00, 0x3e, 0x00, 0xc0,
    0x07, 0x00, 0xe0, 0x00, 0x00, 0xc0, 0x07, 0x00, 0x00, 0x3e, 0x00, 0x00, 0xe0, 0x00, 0x00, 0xfc,
    0x00, 0xc0, 0x0f, 0x00, 0xe0, 0x01, 0x00, 0x00, 0x00, 0x00, 0x00, 0x00, 0x00, 0x60, 0xc0, 0x00,
    0xe0, 0xe0, 0x00, 0x80, 0x3b, 0x00, 0x00, 0x1f, 0x00, 0x00, 0x1f, 0x00, 0xc0, 0x3b, 0x00, 0xe0,
    0xe0, 0x00, 0x20, 0xc0, 0x00, 0x00, 0x00, 0x00, 0x20, 0x00, 0x00, 0xe0, 0x01, 0x0c, 0xc0, 0x07,
    0x0c, 0x00, 0x3e, 0x06, 0x00, 0xf0, 0x03, 0x00, 0xf8, 0x00, 0x00, 0x1f, 0x00, 0xe0, 0x03, 0x00,
    0x60, 0x00, 0x00, 0x00, 0x00, 0x00, 0x00, 0x00, 0x00, 0x20, 0xc0, 0x00, 0x20, 0xf0, 0x00, 0x20,
    0xb8, 0x00, 0x20, 0x8c, 0x00, 0x20, 0x87, 0x00, 0xa0, 0x83, 0x00, 0xe0, 0x80, 0x00, 0x60, 0x80,
    0x00, 0x00, 0x00, 0x00, 0x00, 0x00, 0x00, 0x00, 0x06, 0x00, 0x00, 0x0f, 0x00, 0xfc, 0xfb, 0x03,
    0x7e, 0xe0, 0x07, 0x03, 0x00, 0x0c, 0x00, 0x00, 0x00, 0x00, 0x00, 0x00, 0x00, 0x00, 0x00, 0xfc,
    0xff, 0x07, 0x00, 0x00, 0x00, 0x01, 0x00, 0x08, 0x03, 0x00, 0x0c, 0xfe, 0xf1, 0x07, 0xfc, 0xfb,
    0x03, 0x00, 0x0e, 0x00, 0x00, 0x04, 0x00, 0x00, 0x00, 0x00, 0x00, 0x00, 0x00, 0x00, 0x0c, 0x00,
    0x00, 0x0e, 0x00, 0x00, 0x03, 0x00, 0x00, 0x03, 0x00, 0x00, 0x03, 0x00, 0x00, 0x06, 0x00, 0x00,
    0x0c, 0x00, 0x00, 0x0c, 0x00, 0x00, 0x0c, 0x00, 0x00, 0x0c, 0x00, 0x00, 0x07, 0x00,
};

static const uint16_t mf_bwfont_Roboto_Regular20bw_glyph_offsets_1[96] PROGMEM = {
    0x0000, 0x0000, 0x0005, 0x000b, 0x0018, 0x0023, 0x0032, 0x003f,
    0x0042, 0x0049, 0x0050, 0x0059, 0x0065, 0x0069, 0x006f, 0x0074,
    0x007c, 0x0087, 0x008f, 0x009b, 0x00a6, 0x00b2, 0x00bd, 0x00c8,
    0x00d3, 0x00de, 0x00e9, 0x00ee, 0x00f3, 0x00fd, 0x0108, 0x0113,
    0x011d, 0x012f, 0x013d, 0x0149, 0x0156, 0x0163, 0x016f, 0x017a,
    0x0187, 0x0195, 0x019a, 0x01a5, 0x01b2, 0x01bd, 0x01ce, 0x01dc,
    0x01ea, 0x01f7, 0x0205, 0x0212, 0x021e, 0x022a, 0x0237, 0x0244,
    0x0256, 0x0263, 0x0270, 0x027c, 0x0282, 0x028b, 0x0290, 0x0298,
    0x02a2, 0x02a7, 0x02b2, 0x02bd, 0x02c8, 0x02d3, 0x02de, 0x02e6,
    0x02f1, 0x02fc, 0x0300, 0x0304, 0x030f, 0x0313, 0x0324, 0x032f,
    0x033b, 0x0346, 0x0351, 0x0358, 0x0362, 0x0369, 0x0374, 0x037e,
    0x038d, 0x0397, 0x03a1, 0x03ab, 0x03b2, 0x03b6, 0x03bd, 0x03ca,
};

static const uint8_t mf_bwfont_Roboto_Regular20bw_glyph_widths_1[95] PROGMEM = {
    0x05, 0x05, 0x06, 0x0c, 0x0b, 0x0f, 0x0c, 0x04, 0x07, 0x07, 0x09, 0x0b, 0x04, 0x06, 0x05, 0x08,
    0x0b, 0x0b, 0x0b, 0x0b, 0x0b, 0x0b, 0x0b, 0x0b, 0x0b, 0x0b, 0x05, 0x04, 0x0a, 0x0b, 0x0a, 0x09,
    0x12, 0x0d, 0x0c, 0x0d, 0x0d, 0x0b, 0x0b, 0x0e, 0x0e, 0x05, 0x0b, 0x0d, 0x0b, 0x11, 0x0e, 0x0e,
    0x0d, 0x0e, 0x0c, 0x0c, 0x0c, 0x0d, 0x0d, 0x12, 0x0d, 0x0c, 0x0c, 0x05, 0x08, 0x05, 0x08, 0x09,
    0x06, 0x0b, 0x0b, 0x0a, 0x0b, 0x0b, 0x07, 0x0b, 0x0b, 0x05, 0x05, 0x0a, 0x05, 0x12, 0x0b, 0x0b,
    0x0b, 0x0b, 0x07, 0x0a, 0x07, 0x0b, 0x0a, 0x0f, 0x0a, 0x09, 0x0a, 0x07, 0x05, 0x07, 0x0e,
};

static const uint8_t mf_bwfont_Roboto_Regular20bw_glyph_data_2[7410] PROGMEM = {
    0x00, 0x00, 0x00, 0x00, 0x00, 0x00, 0x00, 0x03, 0x00, 0x00, 0xf3, 0x7f, 0x00, 0x00, 0x00, 0x00,
    0x00, 0x00, 0x00, 0xf8, 0x00, 0x00, 0xfe, 0x03, 0x00, 0x06, 0x07, 0x00, 0x03, 0x06, 0xc0, 0x01,
    0x1e, 0xc0, 0x03, 0x1e, 0x00, 0x03, 0x06, 0x00, 0x8e, 0x03, 0x00, 0x8c, 0x01, 0x00, 0x00, 0x00,
    0x00, 0x00, 0x00, 0x00, 0x18, 0x06, 0x00, 0x1f, 0x07, 0xc0, 0xff, 0x07, 0xe0, 0x18, 0x06, 0x60,
    0x18, 0x06, 0x60, 0x18, 0x06, 0x60, 0x00, 0x06, 0x60, 0x00, 0x06, 0xc0, 0x01, 0x06, 0x80, 0x01,
    0x06, 0x00, 0x00, 0x00, 0x00, 0x00, 0x00, 0x80, 0x30, 0x02, 0x80, 0xff, 0x07, 0x00, 0x87, 0x03,
    0x00, 0x03, 0x03, 0x80, 0x01, 0x06, 0x80, 0x01, 0x06, 0x80, 0x01, 0x06, 0x80, 0x01, 0x06, 0x80,
    0x01, 0x06, 0x00, 0x03, 0x03, 0x80, 0xff, 0x07, 0x80, 0x79, 0x06, 0x00, 0x00, 0x00, 0x20, 0x00,
    0x00, 0xe0, 0x90, 0x00, 0xe0, 0x91, 0x00, 0x00, 0x97, 0x00, 0x00, 0xfc, 0x07, 0x00, 0xf8, 0x07,
    0x00, 0x9e, 0x00, 0x80, 0x93, 0x00, 0xe0, 0x91, 0x00, 0x60, 0x00, 0x00, 0x00, 0x00, 0x00, 0x00,
    0x00, 0x00, 0xe0, 0xcf, 0x3f, 0xe0, 0xcf, 0x3f, 0x00, 0x00, 0x00, 0x00, 0x00, 0x00, 0x00, 0xf3,
    0x30, 0xc0, 0xff, 0x71, 0xe0, 0x8c, 0xc1, 0x60, 0x0c, 0xc3, 0x60, 0x08, 0xc3, 0x20, 0x18, 0xc2,
    0x60, 0x18, 0xc6, 0x60, 0x30, 0xc6, 0xc0, 0xf1, 0x7f, 0x80, 0xe1, 0x39, 0x00, 0x00, 0x00, 0x00,
    0x00, 0x00, 0x60, 0x00, 0x00, 0x60, 0x00, 0x00, 0x00, 0x00, 0x00, 0x00, 0x00, 0x00, 0x60, 0x00,
    0x00, 0x60, 0x00, 0x00, 0x00, 0x00, 0x00, 0x00, 0x00, 0x00, 0x00, 0x7e, 0x00, 0x80, 0xc3, 0x01,
    0x80, 0x00, 0x01, 0x40, 0x3c, 0x02, 0x60, 0x7e, 0x06, 0x20, 0xc3, 0x04, 0x20, 0x81, 0x04, 0x20,
    0x81, 0x04, 0x20, 0xe7, 0x04, 0x40, 0x66, 0x02, 0x40, 0x00, 0x02, 0x80, 0x81, 0x01, 0x00, 0xe7,
    0x00, 0x00, 0x3c, 0x00, 0x00, 0x00, 0x00, 0x00, 0x00, 0x00, 0x00, 0x04, 0x00, 0x40, 0x1f, 0x00,
    0x60, 0x19, 0x00, 0x20, 0x19, 0x00, 0x60, 0x09, 0x00, 0xc0, 0x1f, 0x00, 0x00, 0x10, 0x00, 0x00,
    0x00, 0x00, 0x00, 0x00, 0x00, 0x00, 0x20, 0x00, 0x00, 0x70, 0x00, 0x00, 0xd8, 0x00, 0x00, 0x24,
    0x01, 0x00, 0x70, 0x00, 0x00, 0xd8, 0x00, 0x00, 0x04, 0x01, 0x00, 0x00, 0x00, 0x00, 0x00, 0x00,
    0x00, 0x18, 0x00, 0x00, 0x18, 0x00, 0x00, 0x18, 0x00, 0x00, 0x18, 0x00, 0x00, 0x18, 0x00, 0x00,
    0x18, 0x00, 0x00, 0x18, 0x00, 0x00, 0x78, 0x00, 0x00, 0x00, 0x00, 0x00, 0x20, 0x00, 0x00, 0x20,
    0x00, 0x00, 0x20, 0x00, 0x00, 0x20, 0x00, 0x00, 0x20, 0x00, 0x00, 0x00, 0x00, 0x00, 0x00, 0x00,
    0x00, 0x7e, 0x00, 0x80, 0xc3, 0x01, 0xc0, 0x00, 0x01, 0x40, 0x00, 0x02, 0x60, 0xff, 0x06, 0x20,
    0x11, 0x04, 0x20, 0x11, 0x04, 0x20, 0x11, 0x04, 0x20, 0xff, 0x04, 0x40, 0xee, 0x02, 0x40, 0x00,
    0x02, 0x80, 0x81, 0x01, 0x00, 0xe7, 0x00, 0x00, 0x3c, 0x00, 0x00, 0x00, 0x00, 0x00, 0x00, 0x00,
    0x20, 0x00, 0x00, 0x20, 0x00, 0x00, 0x20, 0x00, 0x00, 0x20, 0x00, 0x00, 0x20, 0x00, 0x00, 0x20,
    0x00, 0x00, 0x20, 0x00, 0x00, 0x00, 0x00, 0x00, 0x00, 0x00, 0x00, 0xc0, 0x01, 0x00, 0x60, 0x03,
    0x00, 0x20, 0x02, 0x00, 0x20, 0x02, 0x00, 0xc0, 0x01, 0x00, 0x00, 0x00, 0x00, 0x00, 0x00, 0x00,
    0x00, 0x08, 0x04, 0x00, 0x08, 0x04, 0x00, 0x08, 0x04, 0x00, 0x08, 0x04, 0x80, 0xff, 0x05, 0x00,
    0x08, 0x04, 0x00, 0x08, 0x04, 0x00, 0x08, 0x04, 0x00, 0x08, 0x00, 0x00, 0x00, 0x00, 0x00, 0x00,
    0x00, 0xc0, 0x18, 0x00, 0x60, 0x1c, 0x00, 0x20, 0x16, 0x00, 0x60, 0x13, 0x00, 0xc0, 0x11, 0x00,
    0x00, 0x10, 0x00, 0x00, 0x00, 0x00, 0x00, 0x00, 0x00, 0x40, 0x18, 0x00, 0x60, 0x10, 0x00, 0x20,
    0x11, 0x00, 0x20, 0x19, 0x00, 0xe0, 0x0e, 0x00, 0x00, 0x04, 0x00, 0x00, 0x00, 0x00, 0x00, 0x00,
    0x00, 0x00, 0x00, 0x00, 0x60, 0x00, 0x00, 0x30, 0x00, 0x00, 0x10, 0x00, 0x00, 0x00, 0x00, 0x00,
    0x00, 0x00, 0x00, 0x00, 0x00, 0x00, 0x00, 0xff, 0x7f, 0x00, 0x00, 0x03, 0x00, 0x00, 0x06, 0x00,
    0x00, 0x04, 0x00, 0x00, 0x06, 0x00, 0x00, 0x02, 0x00, 0xff, 0x07, 0x00, 0xff, 0x07, 0x00, 0x00,
    0x00, 0x00, 0x00, 0x00, 0x80, 0x0f, 0x00, 0xc0, 0x1f, 0x00, 0xe0, 0x3f, 0x00, 0xe0, 0x3f, 0x00,
    0xe0, 0x3f, 0x00, 0xe0, 0xff, 0x07, 0xe0, 0xff, 0x07, 0x00, 0x00, 0x00, 0x00, 0x00, 0x00, 0x00,
    0x00, 0x00, 0x00, 0x18, 0x00, 0x00, 0x18, 0x00, 0x00, 0x00, 0x00, 0x00, 0x00, 0x00, 0x00, 0x00,
    0x48, 0x00, 0x00, 0x58, 0x00, 0x00, 0x30, 0x00, 0x00, 0x00, 0x00, 0x00, 0x00, 0x40, 0x00, 0x00,
    0x40, 0x00, 0x00, 0xe0, 0x0f, 0x00, 0xe0, 0x0f, 0x00, 0x00, 0x00, 0x00, 0x00, 0x00, 0x00, 0x80,
    0x03, 0x00, 0xc0, 0x07, 0x00, 0x60, 0x0c, 0x00, 0x20, 0x08, 0x00, 0x60, 0x0c, 0x00, 0xc0, 0x0f,
    0x00, 0x80, 0x03, 0x00, 0x00, 0x00, 0x00, 0x00, 0x00, 0x00, 0x00, 0x04, 0x01, 0x00, 0x9c, 0x01,
    0x00, 0xf0, 0x00, 0x00, 0x60, 0x00, 0x00, 0x04, 0x01, 0x00, 0x9c, 0x01, 0x00, 0xf0, 0x00, 0x00,
    0x60, 0x00, 0x00, 0x00, 0x00, 0x00, 0x00, 0x00, 0x40, 0x00, 0x00, 0x40, 0x00, 0x00, 0xe0, 0x1f,
    0x00, 0xe0, 0x9f, 0x01, 0x00, 0xc0, 0x00, 0x00, 0x30, 0x00, 0x00, 0x18, 0x00, 0x00, 0x86, 0x01,
    0x00, 0x63, 0x01, 0xc0, 0x30, 0x01, 0x00, 0xf8, 0x07, 0x00, 0xf8, 0x07, 0x00, 0x00, 0x01, 0x00,
    0x00, 0x00, 0x00, 0x00, 0x00, 0x40, 0x00, 0x00, 0x40, 0x00, 0x00, 0xe0, 0x9f, 0x01, 0xe0, 0xdf,
    0x00, 0x00, 0x30, 0x00, 0x00, 0x18, 0x00, 0x00, 0x06, 0x00, 0x00, 0x03, 0x00, 0xc0, 0x30, 0x06,
    0x00, 0x18, 0x07, 0x00, 0x88, 0x05, 0x00, 0xd8, 0x04, 0x00, 0x70, 0x04, 0x00, 0x00, 0x04, 0x00,
    0x00, 0x00, 0x00, 0x00, 0x00, 0x20, 0x04, 0x00, 0x30, 0x0c, 0x00, 0x90, 0x08, 0x00, 0x90, 0x0c,
    0x00, 0x70, 0x87, 0x01, 0x00, 0xc2, 0x00, 0x00, 0x30, 0x00, 0x00, 0x18, 0x00, 0x00, 0x86, 0x01,
    0x00, 0x63, 0x01, 0xc0, 0x30, 0x01, 0x00, 0xf8, 0x07, 0x00, 0xf8, 0x07, 0x00, 0x00, 0x01, 0x00,
    0x00, 0x00, 0x00, 0x00, 0x00, 0x00, 0x00, 0x3f, 0x00, 0x80, 0x7f, 0x00, 0xc0, 0x61, 0x00, 0xf3,
    0x60, 0x00, 0x33, 0x60, 0x00, 0x00, 0x70, 0x00, 0x00, 0x38, 0x00, 0x00, 0x08, 0x00, 0x00, 0x00,
    0x00, 0x00, 0x04, 0x00, 0x00, 0x07, 0x00, 0xe0, 0x03, 0x00, 0x78, 0x00, 0x02, 0x7f, 0x00, 0xc6,
    0x63, 0x00, 0x6c, 0x60, 0x00, 0xe0, 0x63, 0x00, 0x00, 0x7f, 0x00, 0x00, 0x78, 0x00, 0x00, 0xe0,
    0x03, 0x00, 0x00, 0x07, 0x00, 0x00, 0x04, 0x00, 0x00, 0x00, 0x00, 0x00, 0x04, 0x00, 0x00, 0x07,
    0x00, 0xe0, 0x03, 0x00, 0x78, 0x00, 0x00, 0x7f, 0x00, 0xc0, 0x63, 0x00, 0x6c, 0x60, 0x00, 0xe6,
    0x63, 0x00, 0x02, 0x7f, 0x00, 0x00, 0x78, 0x00, 0x00, 0xe0, 0x03, 0x00, 0x00, 0x07, 0x00, 0x00,
    0x04, 0x00, 0x00, 0x00, 0x00, 0x00, 0x04, 0x00, 0x00, 0x07, 0x00, 0xe0, 0x03, 0x00, 0x78, 0x00,
    0x08, 0x7f, 0x00, 0xcc, 0x63, 0x00, 0x62, 0x60, 0x00, 0xe6, 0x63, 0x00, 0x08, 0x7f, 0x00, 0x00,
    0x78, 0x00, 0x00, 0xe0, 0x03, 0x00, 0x00, 0x07, 0x00, 0x00, 0x04, 0x00, 0x00, 0x00, 0x00, 0x00,
    0x04, 0x00, 0x00, 0x07, 0x00, 0xe0, 0x03, 0x0c, 0x78, 0x00, 0x06, 0x7f, 0x00, 0xc2, 0x63, 0x00,
    0x64, 0x60, 0x00, 0xe8, 0x63, 0x00, 0x0c, 0x7f, 0x00, 0x06, 0x78, 0x00, 0x00, 0xe0, 0x03, 0x00,
    0x00, 0x07, 0x00, 0x00, 0x04, 0x00, 0x00, 0x00, 0x00, 0x00, 0x04, 0x00, 0x00, 0x07, 0x00, 0xe0,
    0x03, 0x0c, 0x78, 0x00, 0x0c, 0x7f, 0x00, 0xc0, 0x63, 0x00, 0x60, 0x60, 0x00, 0xec, 0x63, 0x00,
    0x0c, 0x7f, 0x00, 0x00, 0x78, 0x00, 0x00, 0xe0, 0x03, 0x00, 0x00, 0x07, 0x00, 0x00, 0x04, 0x00,
    0x00, 0x00, 0x00, 0x00, 0x04, 0x00, 0x00, 0x07, 0x00, 0xe0, 0x03, 0x00, 0x78, 0x00, 0x06, 0x7f,
    0x00, 0xc9, 0x63, 0x00, 0x69, 0x60, 0x00, 0xef, 0x63, 0x00, 0x00, 0x7f, 0x00, 0x00, 0x78, 0x00,
    0x00, 0xe0, 0x03, 0x00, 0x00, 0x07, 0x00, 0x00, 0x04, 0x00, 0x00, 0x00, 0x00, 0x00, 0x04, 0x00,
    0x00, 0x07, 0x00, 0x80, 0x03, 0x00, 0xe0, 0x01, 0x00, 0xf8, 0x00, 0x00, 0xdc, 0x00, 0x00, 0xc7,
    0x00, 0x80, 0xc3, 0x00, 0xe0, 0xc0, 0x00, 0xe0, 0xff, 0x00, 0xe0, 0xff, 0x07, 0x20, 0x08, 0x04,
    0x20, 0x08, 0x04, 0x20, 0x08, 0x04, 0x20, 0x08, 0x04, 0x20, 0x08, 0x04, 0x20, 0x08, 0x04, 0x20,
    0x00, 0x04, 0x00, 0x00, 0x00, 0x00, 0x00, 0x00, 0x00, 0x7e, 0x00, 0x80, 0xff, 0x01, 0xc0, 0x81,
    0x03, 0x60, 0x00, 0x06, 0x60, 0x00, 0x06, 0x60, 0x00, 0x4e, 0x60, 0x00, 0x5e, 0x60, 0x00, 0x36,
    0xc0, 0x00, 0x03, 0xc0, 0xc3, 0x03, 0x00, 0xc3, 0x00, 0x00, 0x00, 0x00, 0x00, 0x00, 0x00, 0x00,
    0x00, 0x00, 0xe0, 0xff, 0x07, 0xe2, 0xff, 0x07, 0x66, 0x18, 0x06, 0x6c, 0x18, 0x06, 0x60, 0x18,
    0x06, 0x60, 0x18, 0x06, 0x60, 0x18, 0x06, 0x60, 0x18, 0x06, 0x60, 0x00, 0x06, 0x00, 0x00, 0x00,
    0x00, 0x00, 0x00, 0x00, 0x00, 0x00, 0xe0, 0xff, 0x07, 0xe0, 0xff, 0x07, 0x60, 0x18, 0x06, 0x60,
    0x18, 0x06, 0x6c, 0x18, 0x06, 0x66, 0x18, 0x06, 0x62, 0x18, 0x06, 0x60, 0x18, 0x06, 0x60, 0x00,
    0x06, 0x00, 0x00, 0x00, 0x00, 0x00, 0x00, 0x00, 0x00, 0x00, 0xe0, 0xff, 0x07, 0xe8, 0xff, 0x07,
    0x6c, 0x18, 0x06, 0x62, 0x18, 0x06, 0x66, 0x18, 0x06, 0x68, 0x18, 0x06, 0x60, 0x18, 0x06, 0x60,
    0x18, 0x06, 0x60, 0x00, 0x06, 0x00, 0x00, 0x00, 0x00, 0x00, 0x00, 0x00, 0x00, 0x00, 0xe0, 0xff,
    0x07, 0xec, 0xff, 0x07, 0x6c, 0x18, 0x06, 0x60, 0x18, 0x06, 0x60, 0x18, 0x06, 0x6c, 0x18, 0x06,
    0x6c, 0x18, 0x06, 0x60, 0x18, 0x06, 0x60, 0x00, 0x06, 0x00, 0x00, 0x00, 0x02, 0x00, 0x00, 0x06,
    0x00, 0x00, 0xec, 0xff, 0x07, 0xe0, 0xff, 0x07, 0x00, 0x00, 0x00, 0x00, 0x00, 0x00, 0x00, 0x00,
    0x00, 0xe0, 0xff, 0x07, 0xec, 0xff, 0x07, 0x06, 0x00, 0x00, 0x02, 0x00, 0x00, 0x00, 0x00, 0x00,
    0x08, 0x00, 0x00, 0x0c, 0x00, 0x00, 0xe2, 0xff, 0x07, 0xe6, 0xff, 0x07, 0x08, 0x00, 0x00, 0x00,
    0x00, 0x00, 0x0c, 0x00, 0x00, 0x0c, 0x00, 0x00, 0xe0, 0xff, 0x07, 0xe0, 0xff, 0x07, 0x0c, 0x00,
    0x00, 0x0c, 0x00, 0x00, 0x00, 0x00, 0x00, 0x00, 0x10, 0x00, 0x00, 0x10, 0x00, 0xe0, 0xff, 0x07,
    0xe0, 0xff, 0x07, 0x60, 0x10, 0x06, 0x60, 0x10, 0x06, 0x60, 0x10, 0x06, 0x60, 0x00, 0x06, 0x60,
    0x00, 0x06, 0xc0, 0x00, 0x03, 0x80, 0xff, 0x01, 0x00, 0xff, 0x00, 0x00, 0x00, 0x00, 0x00, 0x00,
    0x00, 0x00, 0x00, 0x00, 0xe0, 0xff, 0x07, 0xec, 0xff, 0x07, 0xc6, 0x03, 0x00, 0x02, 0x07, 0x00,
    0x04, 0x1e, 0x00, 0x08, 0x38, 0x00, 0x0c, 0xf0, 0x00, 0x06, 0xc0, 0x01, 0x00, 0x80, 0x07, 0xe0,
    0xff, 0x07, 0xe0, 0xff, 0x07, 0x00, 0x00, 0x00, 0x00, 0x00, 0x00, 0x00, 0x7e, 0x00, 0x80, 0xff,
    0x01, 0xc0, 0x81, 0x03, 0x62, 0x00, 0x06, 0x66, 0x00, 0x06, 0x6c, 0x00, 0x06, 0x60, 0x00, 0x06,
    0x60, 0x00, 0x06, 0xc0, 0x00, 0x03, 0xc0, 0xc3, 0x03, 0x80, 0xff, 0x01, 0x00, 0x3c, 0x00, 0x00,
    0x00, 0x00, 0x00, 0x00, 0x00, 0x00, 0x7e, 0x00, 0x80, 0xff, 0x01, 0xc0, 0x81, 0x03, 0x60, 0x00,
    0x06, 0x60, 0x00, 0x06, 0x60, 0x00, 0x06, 0x6c, 0x00, 0x06, 0x66, 0x00, 0x06, 0xc2, 0x00, 0x03,
    0xc0, 0xc3, 0x03, 0x80, 0xff, 0x01, 0x00, 0x3c, 0x00, 0x00, 0x00, 0x00, 0x00, 0x00, 0x00, 0x00,
    0x7e, 0x00, 0x80, 0xff, 0x01, 0xc0, 0x81, 0x03, 0x68, 0x00, 0x06, 0x6c, 0x00, 0x06, 0x62, 0x00,
    0x06, 0x66, 0x00, 0x06, 0x68, 0x00, 0x06, 0xc0, 0x00, 0x03, 0xc0, 0xc3, 0x03, 0x80, 0xff, 0x01,
    0x00, 0x3c, 0x00, 0x00, 0x00, 0x00, 0x00, 0x00, 0x00, 0x00, 0x7e, 0x00, 0x80, 0xff, 0x01, 0xcc,
    0x81, 0x03, 0x66, 0x00, 0x06, 0x62, 0x00, 0x06, 0x64, 0x00, 0x06, 0x68, 0x00, 0x06, 0x6c, 0x00,
    0x06, 0xc6, 0x00, 0x03, 0xc0, 0xc3, 0x03, 0x80, 0xff, 0x01, 0x00, 0x3c, 0x00, 0x00, 0x00, 0x00,
    0x00, 0x00, 0x00, 0x00, 0x7e, 0x00, 0x80, 0xff, 0x01, 0xc0, 0x81, 0x03, 0x6c, 0x00, 0x06, 0x6c,
    0x00, 0x06, 0x60, 0x00, 0x06, 0x60, 0x00, 0x06, 0x6c, 0x00, 0x06, 0xcc, 0x00, 0x03, 0xc0, 0xc3,
    0x03, 0x80, 0xff, 0x01, 0x00, 0x3c, 0x00, 0x00, 0x00, 0x00, 0x00, 0x00, 0x00, 0x00, 0x82, 0x00,
    0x00, 0xc7, 0x01, 0x00, 0x6e, 0x00, 0x00, 0x3c, 0x00, 0x00, 0x38, 0x00, 0x00, 0x6c, 0x00, 0x00,
    0xc6, 0x00, 0x00, 0x83, 0x01, 0x00, 0x00, 0x00, 0x00, 0x00, 0x00, 0x00, 0x7e, 0x00, 0x80, 0xff,
    0x0d, 0xc0, 0x81, 0x07, 0x60, 0x80, 0x07, 0x60, 0xc0, 0x06, 0x60, 0x30, 0x06, 0x60, 0x18, 0x06,
    0x60, 0x06, 0x06, 0xc0, 0x03, 0x03, 0xc0, 0xc3, 0x03, 0xe0, 0xff, 0x01, 0x00, 0x3c, 0x00, 0x00,
    0x00, 0x00, 0x00, 0x00, 0x00, 0xe0, 0xff, 0x00, 0xe0, 0xff, 0x03, 0x00, 0x00, 0x03, 0x02, 0x00,
    0x06, 0x06, 0x00, 0x06, 0x0c, 0x00, 0x06, 0x00, 0x00, 0x06, 0x00, 0x00, 0x06, 0x00, 0x00, 0x03,
    0xe0, 0xff, 0x01, 0xe0, 0xff, 0x00, 0x00, 0x00, 0x00, 0x00, 0x00, 0x00, 0xe0, 0xff, 0x00, 0xe0,
    0xff, 0x03, 0x00, 0x00, 0x03, 0x00, 0x00, 0x06, 0x00, 0x00, 0x06, 0x0c, 0x00, 0x06, 0x06, 0x00,
    0x06, 0x02, 0x00, 0x06, 0x00, 0x00, 0x03, 0xe0, 0xff, 0x01, 0xe0, 0xff, 0x00, 0x00, 0x00, 0x00,
    0x00, 0x00, 0x00, 0xe0, 0xff, 0x00, 0xe0, 0xff, 0x03, 0x00, 0x00, 0x03, 0x08, 0x00, 0x06, 0x0c,
    0x00, 0x06, 0x02, 0x00, 0x06, 0x06, 0x00, 0x06, 0x08, 0x00, 0x06, 0x00, 0x00, 0x03, 0xe0, 0xff,
    0x01, 0xe0, 0xff, 0x00, 0x00, 0x00, 0x00, 0x00, 0x00, 0x00, 0xe0, 0xff, 0x00, 0xe0, 0xff, 0x03,
    0x0c, 0x00, 0x03, 0x0c, 0x00, 0x06, 0x00, 0x00, 0x06, 0x00, 0x00, 0x06, 0x0c, 0x00, 0x06, 0x0c,
    0x00, 0x06, 0x00, 0x00, 0x03, 0xe0, 0xff, 0x01, 0xe0, 0xff, 0x00, 0x00, 0x00, 0x00, 0x20, 0x00,
    0x00, 0x60, 0x00, 0x00, 0xe0, 0x01, 0x00, 0x80, 0x07, 0x00, 0x00, 0x1e, 0x00, 0x00, 0xf8, 0x07,
    0x0c, 0xf8, 0x07, 0x06, 0x1e, 0x00, 0x82, 0x07, 0x00, 0xe0, 0x01, 0x00, 0x60, 0x00, 0x00, 0x20,
    0x00, 0x00, 0x00, 0x00, 0x00, 0x00, 0x00, 0x00, 0x00, 0x00, 0x00, 0xe0, 0xff, 0x07, 0x00, 0x81,
    0x00, 0x00, 0x81, 0x00, 0x00, 0x81, 0x00, 0x00, 0x81, 0x00, 0x00, 0xc3, 0x00, 0x00, 0xc3, 0x00,
    0x00, 0x7e, 0x00, 0x00, 0x3c, 0x00, 0x00, 0x00, 0x00, 0x00, 0x00, 0x00, 0x80, 0xff, 0x07, 0xe0,
    0xff, 0x07, 0x70, 0x00, 0x00, 0x30, 0x00, 0x00, 0x10, 0x00, 0x06, 0x30, 0x1e, 0x06, 0xe0, 0x3f,
    0x06, 0xc0, 0x31, 0x06, 0x00, 0xe0, 0x07, 0x00, 0xc0, 0x03, 0x00, 0x00, 0x00, 0x00, 0x00, 0x00,
    0x00, 0xc4, 0x01, 0x00, 0xe6, 0x03, 0x10, 0x33, 0x06, 0x30, 0x13, 0x06, 0x60, 0x11, 0x06, 0x00,
    0x13, 0x06, 0x00, 0x17, 0x03, 0x00, 0xfe, 0x07, 0x00, 0x00, 0x04, 0x00, 0x00, 0x00, 0x00, 0x00,
    0x00, 0x00, 0xc4, 0x01, 0x00, 0xe6, 0x03, 0x00, 0x33, 0x06, 0x00, 0x13, 0x06, 0x60, 0x11, 0x06,
    0x30, 0x13, 0x06, 0x10, 0x17, 0x03, 0x00, 0xfe, 0x07, 0x00, 0x00, 0x04, 0x00, 0x00, 0x00, 0x00,
    0x00, 0x00, 0x00, 0xc4, 0x01, 0x00, 0xe6, 0x03, 0x40, 0x33, 0x06, 0x60, 0x13, 0x06, 0x10, 0x11,
    0x06, 0x30, 0x13, 0x06, 0x40, 0x17, 0x03, 0x00, 0xfe, 0x07, 0x00, 0x00, 0x04, 0x00, 0x00, 0x00,
    0x00, 0x00, 0x00, 0x00, 0xc4, 0x01, 0x60, 0xe6, 0x03, 0x30, 0x33, 0x06, 0x10, 0x13, 0x06, 0x20,
    0x11, 0x06, 0x40, 0x13, 0x06, 0x60, 0x17, 0x03, 0x30, 0xfe, 0x07, 0x00, 0x00, 0x04, 0x00, 0x00,
    0x00, 0x00, 0x00, 0x00, 0x00, 0xc4, 0x01, 0x00, 0xe6, 0x03, 0x30, 0x33, 0x06, 0x30, 0x13, 0x06,
    0x00, 0x11, 0x06, 0x00, 0x13, 0x06, 0x30, 0x17, 0x03, 0x30, 0xfe, 0x07, 0x00, 0x00, 0x04, 0x00,
    0x00, 0x00, 0x00, 0x00, 0x00, 0x00, 0xc4, 0x01, 0x00, 0xe6, 0x03, 0x30, 0x33, 0x06, 0x48, 0x13,
    0x06, 0x48, 0x11, 0x06, 0x78, 0x13, 0x06, 0x00, 0x17, 0x03, 0x00, 0xfe, 0x07, 0x00, 0x00, 0x04,
    0x00, 0x00, 0x00, 0x00, 0x00, 0x00, 0x00, 0xc4, 0x03, 0x00, 0xe6, 0x07, 0x00, 0x23, 0x06, 0x00,
    0x23, 0x04, 0x00, 0x21, 0x06, 0x00, 0x23, 0x06, 0x00, 0xfe, 0x03, 0x00, 0xfc, 0x01, 0x00, 0x26,
    0x03, 0x00, 0x23, 0x06, 0x00, 0x23, 0x06, 0x00, 0x23, 0x04, 0x00, 0x23, 0x06, 0x00, 0x3e, 0x06,
    0x00, 0x3c, 0x02, 0x00, 0x00, 0x00, 0x00, 0x00, 0x00, 0x00, 0xfc, 0x01, 0x00, 0xfe, 0x03, 0x00,
    0x03, 0x06, 0x00, 0x03, 0x4e, 0x00, 0x01, 0x5e, 0x00, 0x03, 0x36, 0x00, 0x03, 0x06, 0x00, 0x8e,
    0x03, 0x00, 0x8c, 0x00, 0x00, 0x00, 0x00, 0x00, 0x00, 0x00, 0x00, 0xf8, 0x01, 0x00, 0xfe, 0x03,
    0x10, 0x26, 0x07, 0x30, 0x23, 0x06, 0x60, 0x21, 0x06, 0x00, 0x23, 0x06, 0x00, 0x23, 0x06, 0x00,
    0x3e, 0x03, 0x00, 0x38, 0x00, 0x00, 0x00, 0x00, 0x00, 0x00, 0x00, 0x00, 0xf8, 0x01, 0x00, 0xfe,
    0x03, 0x00, 0x26, 0x07, 0x00, 0x23, 0x06, 0x60, 0x21, 0x06, 0x30, 0x23, 0x06, 0x10, 0x23, 0x06,
    0x00, 0x3e, 0x03, 0x00, 0x38, 0x00, 0x00, 0x00, 0x00, 0x00, 0x00, 0x00, 0x00, 0xf8, 0x01, 0x00,
    0xfe, 0x03, 0x40, 0x26, 0x07, 0x60, 0x23, 0x06, 0x10, 0x21, 0x06, 0x30, 0x23, 0x06, 0x40, 0x23,
    0x06, 0x00, 0x3e, 0x03, 0x00, 0x38, 0x00, 0x00, 0x00, 0x00, 0x00, 0x00, 0x00, 0x00, 0xf8, 0x01,
    0x30, 0xfe, 0x03, 0x30, 0x26, 0x07, 0x00, 0x23, 0x06, 0x00, 0x21, 0x06, 0x30, 0x23, 0x06, 0x30,
    0x23, 0x06, 0x00, 0x3e, 0x03, 0x00, 0x38, 0x00, 0x00, 0x00, 0x00, 0x08, 0x00, 0x00, 0x18, 0x00,
    0x00, 0x30, 0xff, 0x07, 0x00, 0x00, 0x00, 0x00, 0x00, 0x00, 0x00, 0x00, 0x00, 0x30, 0xff, 0x07,
    0x18, 0x00, 0x00, 0x08, 0x00, 0x00, 0x00, 0x00, 0x00, 0x20, 0x00, 0x00, 0x30, 0x00, 0x00, 0x08,
    0xff, 0x07, 0x18, 0x00, 0x00, 0x20, 0x00, 0x00, 0x30, 0x00, 0x00, 0x30, 0x00, 0x00, 0x00, 0x00,
    0x00, 0x00, 0xff, 0x07, 0x30, 0x00, 0x00, 0x30, 0x00, 0x00, 0x00, 0x00, 0x00, 0x00, 0x00, 0x00,
    0x00, 0xe0, 0x00, 0x00, 0xf8, 0x03, 0x30, 0x1c, 0x03, 0x30, 0x0d, 0x06, 0xe0, 0x0d, 0x06, 0xe0,
    0x0c, 0x06, 0xc0, 0x0d, 0x06, 0xa0, 0x9f, 0x03, 0x20, 0xfe, 0x01, 0x00, 0x00, 0x00, 0x00, 0x00,
    0x00, 0x00, 0xff, 0x07, 0x30, 0xff, 0x07, 0x18, 0x06, 0x00, 0x08, 0x03, 0x00, 0x10, 0x03, 0x00,
    0x20, 0x03, 0x00, 0x30, 0x03, 0x00, 0x18, 0xfe, 0x07, 0x00, 0xfc, 0x07, 0x00, 0x00, 0x00, 0x00,
    0x00, 0x00, 0x00, 0xf8, 0x00, 0x00, 0xfe, 0x03, 0x10, 0x06, 0x03, 0x30, 0x03, 0x06, 0x60, 0x01,
    0x06, 0x00, 0x03, 0x06, 0x00, 0x03, 0x06, 0x00, 0x8e, 0x03, 0x00, 0xfc, 0x01, 0x00, 0x20, 0x00,
    0x00, 0x00, 0x00, 0x00, 0x00, 0x00, 0x00, 0xf8, 0x00, 0x00, 0xfe, 0x03, 0x00, 0x06, 0x03, 0x00,
    0x03, 0x06, 0x60, 0x01, 0x06, 0x30, 0x03, 0x06, 0x10, 0x03, 0x06, 0x00, 0x8e, 0x03, 0x00, 0xfc,
    0x01, 0x00, 0x20, 0x00, 0x00, 0x00, 0x00, 0x00, 0x00, 0x00, 0x00, 0xf8, 0x00, 0x00, 0xfe, 0x03,
    0x40, 0x06, 0x03, 0x60, 0x03, 0x06, 0x10, 0x01, 0x06, 0x30, 0x03, 0x06, 0x40, 0x03, 0x06, 0x00,
    0x8e, 0x03, 0x00, 0xfc, 0x01, 0x00, 0x20, 0x00, 0x00, 0x00, 0x00, 0x00, 0x00, 0x00, 0x00, 0xf8,
    0x00, 0x60, 0xfe, 0x03, 0x30, 0x06, 0x03, 0x10, 0x03, 0x06, 0x20, 0x01, 0x06, 0x40, 0x03, 0x06,
    0x60, 0x03, 0x06, 0x30, 0x8e, 0x03, 0x00, 0xfc, 0x01, 0x00, 0x20, 0x00, 0x00, 0x00, 0x00, 0x00,
    0x00, 0x00, 0x00, 0xf8, 0x00, 0x30, 0xfe, 0x03, 0x30, 0x06, 0x03, 0x00, 0x03, 0x06, 0x00, 0x01,
    0x06, 0x30, 0x03, 0x06, 0x30, 0x03, 0x06, 0x00, 0x8e, 0x03, 0x00, 0xfc, 0x01, 0x00, 0x20, 0x00,
    0x00, 0x00, 0x00, 0x00, 0x00, 0x00, 0x00, 0x18, 0x00, 0x00, 0x18, 0x00, 0x00, 0x18, 0x00, 0x00,
    0x18, 0x00, 0x80, 0x99, 0x01, 0x80, 0x99, 0x01, 0x00, 0x18, 0x00, 0x00, 0x18, 0x00, 0x00, 0x18,
    0x00, 0x00, 0x00, 0x00, 0x00, 0x00, 0x00, 0x00, 0xf8, 0x00, 0x00, 0xfe, 0x0b, 0x00, 0x06, 0x07,
    0x00, 0x83, 0x07, 0x00, 0x61, 0x06, 0x00, 0x1b, 0x06, 0x00, 0x07, 0x06, 0x80, 0x8f, 0x03, 0x00,
    0xfc, 0x01, 0x00, 0x20, 0x00, 0x00, 0x00, 0x00, 0x00, 0x00, 0x00, 0x00, 0xff, 0x00, 0x00, 0xff,
    0x03, 0x08, 0x00, 0x06, 0x18, 0x00, 0x06, 0x30, 0x00, 0x06, 0x00, 0x00, 0x06, 0x00, 0x00, 0x03,
    0x00, 0xff, 0x07, 0x00, 0xff, 0x07, 0x00, 0x00, 0x00, 0x00, 0x00, 0x00, 0x00, 0xff, 0x00, 0x00,
    0xff, 0x03, 0x00, 0x00, 0x06, 0x00, 0x00, 0x06, 0x30, 0x00, 0x06, 0x18, 0x00, 0x06, 0x08, 0x00,
    0x03, 0x00, 0xff, 0x07, 0x00, 0xff, 0x07, 0x00, 0x00, 0x00, 0x00, 0x00, 0x00, 0x00, 0xff, 0x00,
    0x00, 0xff, 0x03, 0x20, 0x00, 0x06, 0x30, 0x00, 0x06, 0x08, 0x00, 0x06, 0x18, 0x00, 0x06, 0x20,
    0x00, 0x03, 0x00, 0xff, 0x07, 0x00, 0xff, 0x07, 0x00, 0x00, 0x00, 0x00, 0x00, 0x00, 0x00, 0xff,
    0x00, 0x30, 0xff, 0x03, 0x30, 0x00, 0x06, 0x00, 0x00, 0x06, 0x00, 0x00, 0x06, 0x30, 0x00, 0x06,
    0x30, 0x00, 0x03, 0x00, 0xff, 0x07, 0x00, 0xff, 0x07, 0x00, 0x00, 0x00, 0x00, 0x01, 0x00, 0x00,
    0x0f, 0x60, 0x00, 0x3e, 0x60, 0x00, 0xf0, 0x31, 0x00, 0x80, 0x1f, 0x30, 0xc0, 0x07, 0x18, 0xf8,
    0x00, 0x08, 0x1f, 0x00, 0x00, 0x03, 0x00, 0x00, 0x00, 0x00, 0x00, 0x00, 0x00, 0xf0, 0xff, 0x7f,
    0xf0, 0xff, 0x7f, 0x00, 0x06, 0x03, 0x00, 0x03, 0x06, 0x00, 0x03, 0x06, 0x00, 0x03, 0x06, 0x00,
    0x03, 0x06, 0x00, 0x8e, 0x03, 0x00, 0xfc, 0x01, 0x00, 0x00, 0x00, 0x00, 0x01, 0x00, 0x00, 0x0f,
    0x60, 0x30, 0x3e, 0x60, 0x30, 0xf0, 0x31, 0x00, 0x80, 0x1f, 0x00, 0xc0, 0x07, 0x30, 0xf8, 0x00,
    0x30, 0x1f, 0x00, 0x00, 0x03, 0x00, 0x00, 0x00, 0x00, 0x00, 0x00, 0x04, 0x00, 0x00, 0x07, 0x00,
    0xe0, 0x03, 0x04, 0x78, 0x00, 0x04, 0x7f, 0x00, 0xc4, 0x63, 0x00, 0x64, 0x60, 0x00, 0xe4, 0x63,
    0x00, 0x04, 0x7f, 0x00, 0x04, 0x78, 0x00, 0x00, 0xe0, 0x03, 0x00, 0x00, 0x07, 0x00, 0x00, 0x04,
    0x00, 0x00, 0x00, 0x00, 0x00, 0x00, 0x00, 0xc4, 0x01, 0x20, 0xe6, 0x03, 0x20, 0x33, 0x06, 0x20,
    0x13, 0x06, 0x20, 0x11, 0x06, 0x20, 0x13, 0x06, 0x20, 0x17, 0x03, 0x20, 0xfe, 0x07, 0x00, 0x00,
    0x04, 0x00, 0x00, 0x00, 0x00, 0x00, 0x04, 0x00, 0x00, 0x07, 0x00, 0xe0, 0x03, 0x02, 0x78, 0x00,
    0x0e, 0x7f, 0x00, 0xc8, 0x63, 0x00, 0x68, 0x60, 0x00, 0xec, 0x63, 0x00, 0x06, 0x7f, 0x00, 0x00,
    0x78, 0x00, 0x00, 0xe0, 0x03, 0x00, 0x00, 0x07, 0x00, 0x00, 0x04, 0x00, 0x00, 0x00, 0x00, 0x00,
    0x00, 0x00, 0xc4, 0x01, 0x00, 0xe6, 0x03, 0x10, 0x33, 0x06, 0x70, 0x13, 0x06, 0x40, 0x11, 0x06,
    0x40, 0x13, 0x06, 0x60, 0x17, 0x03, 0x30, 0xfe, 0x07, 0x00, 0x00, 0x04, 0x00, 0x00, 0x00, 0x00,
    0x00, 0x04, 0x00, 0x00, 0x07, 0x00, 0xe0, 0x03, 0x00, 0x78, 0x00, 0x00, 0x7f, 0x00, 0xc0, 0x63,
    0x00, 0x60, 0x60, 0x00, 0xe0, 0x63, 0x00, 0x00, 0x7f, 0x00, 0x00, 0x78, 0x30, 0x00, 0xe0, 0x7b,
    0x00, 0x00, 0x4f, 0x00, 0x00, 0x44, 0x00, 0x00, 0x00, 0x00, 0x00, 0x00, 0x00, 0xc4, 0x01, 0x00,
    0xe6, 0x03, 0x00, 0x33, 0x06, 0x00, 0x13, 0x06, 0x00, 0x11, 0x06, 0x00, 0x13, 0x36, 0x00, 0x17,
    0x7b, 0x00, 0xfe, 0x4f, 0x00, 0x00, 0x64, 0x00, 0x00, 0x00, 0x00, 0x00, 0x00, 0x00, 0x7e, 0x00,
    0x80, 0xff, 0x01, 0xc0, 0x81, 0x03, 0x60, 0x00, 0x06, 0x60, 0x00, 0x06, 0x6c, 0x00, 0x06, 0x66,
    0x00, 0x06, 0x62, 0x00, 0x06, 0xc0, 0x00, 0x03, 0xc0, 0xc3, 0x03, 0x00, 0xc3, 0x00, 0x00, 0x00,
    0x00, 0x00, 0x00, 0x00, 0x00, 0xfc, 0x01, 0x00, 0xfe, 0x03, 0x00, 0x03, 0x06, 0x00, 0x03, 0x06,
    0x60, 0x01, 0x06, 0x30, 0x03, 0x06, 0x10, 0x03, 0x06, 0x00, 0x8e, 0x03, 0x00, 0x8c, 0x00, 0x00,
    0x00, 0x00, 0x00, 0x00, 0x00, 0x00, 0x7e, 0x00, 0x80, 0xff, 0x01, 0xc0, 0x81, 0x03, 0x68, 0x00,
    0x06, 0x6c, 0x00, 0x06, 0x62, 0x00, 0x06, 0x66, 0x00, 0x06, 0x68, 0x00, 0x06, 0xc0, 0x00, 0x03,
    0xc0, 0xc3, 0x03, 0x00, 0xc3, 0x00, 0x00, 0x00, 0x00, 0x00, 0x00, 0x00, 0x00, 0xfc, 0x01, 0x00,
    0xfe, 0x03, 0x40, 0x03, 0x06, 0x60, 0x03, 0x06, 0x10, 0x01, 0x06, 0x30, 0x03, 0x06, 0x40, 0x03,
    0x06, 0x00, 0x8e, 0x03, 0x00, 0x8c, 0x00, 0x00, 0x00, 0x00, 0x00, 0x00, 0x00, 0x00, 0x7e, 0x00,
    0x80, 0xff, 0x01, 0xc0, 0x81, 0x03, 0x60, 0x00, 0x06, 0x64, 0x00, 0x06, 0x6c, 0x00, 0x06, 0x60,
    0x00, 0x06, 0x60, 0x00, 0x06, 0xc0, 0x00, 0x03, 0xc0, 0xc3, 0x03, 0x00, 0xc3, 0x00, 0x00, 0x00,
    0x00, 0x00, 0x00, 0x00, 0x00, 0xfc, 0x01, 0x00, 0xfe, 0x03, 0x00, 0x03, 0x06, 0x10, 0x03, 0x06,
    0x30, 0x01, 0x06, 0x00, 0x03, 0x06, 0x00, 0x03, 0x06, 0x00, 0x8e, 0x03, 0x00, 0x8c, 0x00, 0x00,
    0x00, 0x00, 0x00, 0x00, 0x00, 0x00, 0x7e, 0x00, 0x80, 0xff, 0x01, 0xc0, 0x81, 0x03, 0x62, 0x00,
    0x06, 0x6c, 0x00, 0x06, 0x68, 0x00, 0x06, 0x66, 0x00, 0x06, 0x62, 0x00, 0x06, 0xc0, 0x00, 0x03,
    0xc0, 0xc3, 0x03, 0x00, 0xc3, 0x00, 0x00, 0x00, 0x00, 0x00, 0x00, 0x00, 0x00, 0xfc, 0x01, 0x00,
    0xfe, 0x03, 0x10, 0x03, 0x06, 0x60, 0x03, 0x06, 0x40, 0x01, 0x06, 0x30, 0x03, 0x06, 0x10, 0x03,
    0x06, 0x00, 0x8e, 0x03, 0x00, 0x8c, 0x00, 0x00, 0x00, 0x00, 0x00, 0x00, 0x00, 0x00, 0x00, 0x00,
    0xe0, 0xff, 0x07, 0xe0, 0xff, 0x07, 0x62, 0x00, 0x06, 0x6c, 0x00, 0x06, 0x68, 0x00, 0x06, 0x66,
    0x00, 0x06, 0x42, 0x00, 0x02, 0xc0, 0x81, 0x03, 0x80, 0xff, 0x01, 0x00, 0x7e, 0x00, 0x00, 0x00,
    0x00, 0x00, 0x00, 0x00, 0x00, 0xfc, 0x00, 0x00, 0xfe, 0x03, 0x00, 0x07, 0x07, 0x00, 0x03, 0x06,
    0x00, 0x03, 0x06, 0x00, 0x03, 0x06, 0x00, 0x02, 0x02, 0xf0, 0xff, 0x07, 0xf0, 0xff, 0x07, 0x00,
    0x00, 0x00, 0xc0, 0x00, 0x00, 0x70, 0x00, 0x00, 0x00, 0x00, 0x00, 0x00, 0x10, 0x00, 0x00, 0x10,
    0x00, 0xe0, 0xff, 0x07, 0xe0, 0xff, 0x07, 0x60, 0x10, 0x06, 0x60, 0x10, 0x06, 0x60, 0x10, 0x06,
    0x60, 0x00, 0x06, 0x60, 0x00, 0x06, 0xc0, 0x00, 0x03, 0x80, 0xff, 0x01, 0x00, 0xff, 0x00, 0x00,
    0x00, 0x00, 0x00, 0x00, 0x00, 0x00, 0xfc, 0x00, 0x00, 0xfe, 0x03, 0x00, 0x07, 0x07, 0x00, 0x03,
    0x06, 0x40, 0x03, 0x06, 0x40, 0x03, 0x06, 0x40, 0x02, 0x02, 0xf0, 0xff, 0x07, 0xf0, 0xff, 0x07,
    0x40, 0x00, 0x00, 0x40, 0x00, 0x00, 0x00, 0x00, 0x00, 0x00, 0x00, 0x00, 0x00, 0x00, 0x00, 0xe4,
    0xff, 0x07, 0xe4, 0xff, 0x07, 0x64, 0x18, 0x06, 0x64, 0x18, 0x06, 0x64, 0x18, 0x06, 0x64, 0x18,
    0x06, 0x64, 0x18, 0x06, 0x60, 0x18, 0x06, 0x60, 0x00, 0x06, 0x00, 0x00, 0x00, 0x00, 0x00, 0x00,
    0x00, 0xf8, 0x01, 0x20, 0xfe, 0x03, 0x20, 0x26, 0x07, 0x20, 0x23, 0x06, 0x20, 0x21, 0x06, 0x20,
    0x23, 0x06, 0x20, 0x23, 0x06, 0x20, 0x3e, 0x03, 0x00, 0x38, 0x00, 0x00, 0x00, 0x00, 0x00, 0x00,
    0x00, 0x00, 0x00, 0x00, 0xe0, 0xff, 0x07, 0xe2, 0xff, 0x07, 0x6e, 0x18, 0x06, 0x68, 0x18, 0x06,
    0x68, 0x18, 0x06, 0x6c, 0x18, 0x06, 0x66, 0x18, 0x06, 0x60, 0x18, 0x06, 0x60, 0x00, 0x06, 0x00,
    0x00, 0x00, 0x00, 0x00, 0x00, 0x00, 0xf8, 0x01, 0x10, 0xfe, 0x03, 0x70, 0x26, 0x07, 0x40, 0x23,
    0x06, 0x40, 0x21, 0x06, 0x60, 0x23, 0x06, 0x30, 0x23, 0x06, 0x00, 0x3e, 0x03, 0x00, 0x38, 0x00,
    0x00, 0x00, 0x00, 0x00, 0x00, 0x00, 0x00, 0x00, 0x00, 0xe0, 0xff, 0x07, 0xe0, 0xff, 0x07, 0x60,
    0x18, 0x06, 0x64, 0x18, 0x06, 0x6c, 0x18, 0x06, 0x60, 0x18, 0x06, 0x60, 0x18, 0x06, 0x60, 0x18,
    0x06, 0x60, 0x00, 0x06, 0x00, 0x00, 0x00, 0x00, 0x00, 0x00, 0x00, 0xf8, 0x01, 0x00, 0xfe, 0x03,
    0x00, 0x26, 0x07, 0x10, 0x23, 0x06, 0x30, 0x21, 0x06, 0x00, 0x23, 0x06, 0x00, 0x23, 0x06, 0x00,
    0x3e, 0x03, 0x00, 0x38, 0x00, 0x00, 0x00, 0x00, 0x00, 0x00, 0x00, 0x00, 0x00, 0x00, 0xe0, 0xff,
    0x07, 0xe0, 0xff, 0x07, 0x60, 0x18, 0x06, 0x60, 0x18, 0x06, 0x60, 0x18, 0x06, 0x60, 0x18, 0x76,
    0x60, 0x18, 0x6e, 0x60, 0x18, 0x46, 0x60, 0x00, 0x06, 0x00, 0x00, 0x00, 0x00, 0x00, 0x00, 0x00,
    0xf8, 0x01, 0x00, 0xfe, 0x03, 0x00, 0x26, 0x07, 0x00, 0x23, 0x06, 0x00, 0x21, 0x7e, 0x00, 0x23,
    0x6e, 0x00, 0x27, 0x46, 0x00, 0x3e, 0x03, 0x00, 0x38, 0x00, 0x00, 0x00, 0x00, 0x00, 0x00, 0x00,
    0x00, 0x00, 0x00, 0xe0, 0xff, 0x07, 0xe0, 0xff, 0x07, 0x62, 0x18, 0x06, 0x6c, 0x18, 0x06, 0x68,
    0x18, 0x06, 0x66, 0x18, 0x06, 0x62, 0x18, 0x06, 0x60, 0x18, 0x06, 0x60, 0x00, 0x06, 0x00, 0x00,
    0x00, 0x00, 0x00, 0x00, 0x00, 0xf8, 0x01, 0x00, 0xfe, 0x03, 0x10, 0x26, 0x07, 0x60, 0x23, 0x06,
    0x40, 0x21, 0x06, 0x30, 0x23, 0x06, 0x10, 0x23, 0x06, 0x00, 0x3e, 0x03, 0x00, 0x38, 0x00, 0x00,
    0x00, 0x00, 0x00, 0x00, 0x00, 0x00, 0x7e, 0x00, 0x80, 0xff, 0x01, 0xc0, 0x81, 0x03, 0x68, 0x00,
    0x03, 0x6c, 0x00, 0x06, 0x62, 0x00, 0x06, 0x66, 0x18, 0x06, 0x68, 0x18, 0x06, 0x60, 0x18, 0x06,
    0xc0, 0xf9, 0x03, 0x80, 0xf9, 0x03, 0x00, 0x00, 0x00, 0x00, 0x00, 0x00, 0x00, 0xfc, 0x00, 0x00,
    0xfe, 0x33, 0x40, 0x07, 0x67, 0x60, 0x03, 0x66, 0x10, 0x03, 0x46, 0x30, 0x03, 0x66, 0x40, 0x02,
    0x62, 0x00, 0xff, 0x3f, 0x00, 0xff, 0x1f, 0x00, 0x00, 0x00, 0x00, 0x00, 0x00, 0x00, 0x7e, 0x00,
    0x80, 0xff, 0x01, 0xc2, 0x81, 0x03, 0x6e, 0x00, 0x03, 0x68, 0x00, 0x06, 0x68, 0x00, 0x06, 0x6c,
    0x18, 0x06, 0x66, 0x18, 0x06, 0x60, 0x18, 0x06, 0xc0, 0xf9, 0x03, 0x80, 0xf9, 0x03, 0x00, 0x00,
    0x00, 0x00, 0x00, 0x00, 0x00, 0xfc, 0x00, 0x10, 0xfe, 0x33, 0x70, 0x07, 0x67, 0x40, 0x03, 0x66,
    0x40, 0x03, 0x46, 0x60, 0x03, 0x66, 0x30, 0x02, 0x62, 0x00, 0xff, 0x3f, 0x00, 0xff, 0x1f, 0x00,
    0x00, 0x00, 0x00, 0x00, 0x00, 0x00, 0x7e, 0x00, 0x80, 0xff, 0x01, 0xc0, 0x81, 0x03, 0x60, 0x00,
    0x03, 0x64, 0x00, 0x06, 0x6c, 0x00, 0x06, 0x60, 0x18, 0x06, 0x60, 0x18, 0x06, 0x60, 0x18, 0x06,
    0xc0, 0xf9, 0x03, 0x80, 0xf9, 0x03, 0x00, 0x00, 0x00, 0x00, 0x00, 0x00, 0x00, 0xfc, 0x00, 0x00,
    0xfe, 0x33, 0x00, 0x07, 0x67, 0x10, 0x03, 0x66, 0x30, 0x03, 0x46, 0x00, 0x03, 0x66, 0x00, 0x02,
    0x62, 0x00, 0xff, 0x3f, 0x00, 0xff, 0x1f, 0x00, 0x00, 0x00, 0x00, 0x00, 0x00, 0x00, 0x7e, 0x00,
    0x80, 0xff, 0x01, 0xc0, 0x81, 0x03, 0x60, 0x00, 0x03, 0x60, 0x00, 0x06, 0x60, 0x00, 0xc6, 0x60,
    0x18, 0x76, 0x60, 0x18, 0x06, 0x60, 0x18, 0x06, 0xc0, 0xf9, 0x03, 0x80, 0xf9, 0x03, 0x00, 0x00,
    0x00, 0x00, 0x00, 0x00, 0x00, 0xfc, 0x00, 0x00, 0xfe, 0x33, 0x00, 0x07, 0x67, 0x00, 0x03, 0x66,
    0x78, 0x03, 0x46, 0x18, 0x03, 0x66, 0x00, 0x02, 0x62, 0x00, 0xff, 0x3f, 0x00, 0xff, 0x1f, 0x00,
    0x00, 0x00, 0x00, 0x00, 0x00, 0x00, 0x00, 0x00, 0xe0, 0xff, 0x07, 0xe0, 0xff, 0x07, 0x08, 0x18,
    0x00, 0x0c, 0x18, 0x00, 0x02, 0x18, 0x00, 0x06, 0x18, 0x00, 0x08, 0x18, 0x00, 0x00, 0x18, 0x00,
    0x00, 0x18, 0x00, 0xe0, 0xff, 0x07, 0xe0, 0xff, 0x07, 0x00, 0x00, 0x00, 0x00, 0x00, 0x00, 0xf0,
    0xff, 0x07, 0xf4, 0xff, 0x07, 0x06, 0x06, 0x00, 0x01, 0x03, 0x00, 0x03, 0x03, 0x00, 0x04, 0x03,
    0x00, 0x00, 0x03, 0x00, 0x00, 0xfe, 0x07, 0x00, 0xfc, 0x07, 0x00, 0x00, 0x00, 0x00, 0x02, 0x00,
    0x00, 0x02, 0x00, 0xe0, 0xff, 0x07, 0x00, 0x1a, 0x00, 0x00, 0x1a, 0x00, 0x00, 0x1a, 0x00, 0x00,
    0x1a, 0x00, 0x00, 0x1a, 0x00, 0x00, 0x1a, 0x00, 0x00, 0x1a, 0x00, 0x00, 0x1a, 0x00, 0xe0, 0xff,
    0x07, 0xe0, 0xff, 0x07, 0x00, 0x02, 0x00, 0x00, 0x00, 0x00, 0x40, 0x00, 0x00, 0x40, 0x00, 0x00,
    0xf0, 0xff, 0x07, 0x40, 0x06, 0x00, 0x40, 0x02, 0x00, 0x40, 0x03, 0x00, 0x00, 0x03, 0x00, 0x00,
    0x03, 0x00, 0x00, 0xff, 0x07, 0x00, 0xfc, 0x07, 0x0c, 0x00, 0x00, 0x06, 0x00, 0x00, 0x02, 0x00,
    0x00, 0xe4, 0xff, 0x07, 0xe8, 0xff, 0x07, 0x0c, 0x00, 0x00, 0x06, 0x00, 0x00, 0x30, 0x00, 0x00,
    0x18, 0x00, 0x00, 0x08, 0x00, 0x00, 0x10, 0xff, 0x07, 0x20, 0x00, 0x00, 0x30, 0x00, 0x00, 0x18,
    0x00, 0x00, 0x04, 0x00, 0x00, 0x04, 0x00, 0x00, 0x04, 0x00, 0x00, 0xe4, 0xff, 0x07, 0xe4, 0xff,
    0x07, 0x04, 0x00, 0x00, 0x04, 0x00, 0x00, 0x20, 0x00, 0x00, 0x20, 0x00, 0x00, 0x20, 0x00, 0x00,
    0x20, 0xff, 0x07, 0x20, 0x00, 0x00, 0x20, 0x00, 0x00, 0x20, 0x00, 0x00, 0x00, 0x00, 0x00, 0x02,
    0x00, 0x00, 0x0e, 0x00, 0x00, 0xe8, 0xff, 0x07, 0xe8, 0xff, 0x07, 0x0c, 0x00, 0x00, 0x06, 0x00,
    0x00, 0x10, 0x00, 0x00, 0x70, 0x00, 0x00, 0x40, 0x00, 0x00, 0x40, 0xff, 0x07, 0x60, 0x00, 0x00,
    0x30, 0x00, 0x00, 0x00, 0x00, 0x00, 0x00, 0x00, 0x20, 0x00, 0x00, 0x78, 0xe0, 0xff, 0x4f, 0xe0,
    0xff, 0x47, 0x00, 0x00, 0x20, 0x00, 0x00, 0x78, 0x10, 0x00, 0x48, 0x30, 0xff, 0x47, 0x00, 0x00,
    0x00, 0x00, 0x00, 0x00, 0x04, 0x00, 0x00, 0xec, 0xff, 0x07, 0xe0, 0xff, 0x07, 0x00, 0x00, 0x00,
    0x00, 0x00, 0x00, 0x00, 0x00, 0x00, 0x00, 0xff, 0x07, 0x00, 0x00, 0x00, 0x00, 0x00, 0x00, 0x00,
    0x00, 0x00, 0xe0, 0xff, 0x07, 0xe0, 0xff, 0x07, 0x00, 0x00, 0x00, 0x00, 0x00, 0x00, 0x00, 0x80,
    0x03, 0x00, 0x00, 0x03, 0x00, 0x00, 0x06, 0x00, 0x00, 0x06, 0x00, 0x00, 0x06, 0x00, 0x00, 0x06,
    0x00, 0x00, 0x03, 0xe0, 0xff, 0x03, 0xe0, 0x7f, 0x00, 0x00, 0x00, 0x00, 0x00, 0x00, 0x00, 0x10,
    0x00, 0x00, 0x30, 0xff, 0x07, 0x00, 0x00, 0x00, 0x00, 0x00, 0x60, 0x00, 0x00, 0x60, 0x30, 0xff,
    0x7f, 0x30, 0xff, 0x3f, 0x00, 0x00, 0x00, 0x00, 0x00, 0x00, 0x00, 0x80, 0x03, 0x00, 0x00, 0x03,
    0x00, 0x00, 0x06, 0x00, 0x00, 0x06, 0x00, 0x00, 0x06, 0x08, 0x00, 0x06, 0x0c, 0x00, 0x03, 0xe2,
    0xff, 0x03, 0xe6, 0x7f, 0x00, 0x08, 0x00, 0x00, 0x00, 0x00, 0x60, 0x40, 0x00, 0x40, 0x60, 0x00,
    0x60, 0x10, 0xff, 0x3f, 0x30, 0xff, 0x0f, 0x40, 0x00, 0x00, 0x00, 0x00, 0x00, 0x00, 0x00, 0x00,
    0x00, 0x00, 0x00, 0xe0, 0xff, 0x07, 0xe0, 0xff, 0x07, 0x00, 0x18, 0x00, 0x00, 0x1c, 0x60, 0x00,
    0x3e, 0x38, 0x00, 0x73, 0x00, 0xc0, 0xc1, 0x01, 0xe0, 0x80, 0x03, 0x60, 0x00, 0x07, 0x20, 0x00,
    0x04, 0x00, 0x00, 0x00, 0x00, 0x00, 0x00, 0xf0, 0xff, 0x07, 0xf0, 0xff, 0x07, 0x00, 0x70, 0x00,
    0x00, 0x38, 0xc0, 0x00, 0xfc, 0x70, 0x00, 0xce, 0x01, 0x00, 0x83, 0x03, 0x00, 0x01, 0x06, 0x00,
    0x00, 0x04, 0x00, 0x00, 0x00, 0x00, 0x00, 0x00, 0x00, 0x00, 0x00, 0x00, 0xff, 0x07, 0x00, 0x30,
    0x00, 0x00, 0x30, 0x00, 0x00, 0x78, 0x00, 0x00, 0xcc, 0x01, 0x00, 0x86, 0x03, 0x00, 0x03, 0x07,
    0x00, 0x01, 0x04, 0x00, 0x00, 0x00, 0x00, 0x00, 0x00, 0x00, 0x00, 0x00, 0xec, 0xff, 0x07, 0xe6,
    0xff, 0x07, 0x02, 0x00, 0x06, 0x00, 0x00, 0x06, 0x00, 0x00, 0x06, 0x00, 0x00, 0x06, 0x00, 0x00,
    0x06, 0x00, 0x00, 0x06, 0x00, 0x00, 0x00, 0x00, 0x00, 0x00, 0x00, 0x00, 0x00, 0xf6, 0xff, 0x07,
    0x03, 0x00, 0x00, 0x01, 0x00, 0x00, 0x00, 0x00, 0x00, 0x00, 0x00, 0x00, 0x00, 0x00, 0x00, 0xe0,
    0xff, 0x07, 0xe0, 0xff, 0x07, 0x00, 0x00, 0x06, 0x00, 0x00, 0xc6, 0x00, 0x00, 0x76, 0x00, 0x00,
    0x06, 0x00, 0x00, 0x06, 0x00, 0x00, 0x06, 0x00, 0x00, 0x00, 0x00, 0x00, 0x00, 0x00, 0x00, 0xc0,
    0xf0, 0xff, 0x77, 0x00, 0x00, 0x00, 0x00, 0x00, 0x00, 0x00, 0x00, 0x00, 0xe0, 0xff, 0x07, 0xe0,
    0xff, 0x07, 0x00, 0x00, 0x06, 0x00, 0x00, 0x06, 0x80, 0x01, 0x06, 0xe0, 0x00, 0x06, 0x00, 0x00,
    0x06, 0x00, 0x00, 0x06, 0x00, 0x00, 0x00, 0x00, 0x00, 0x00, 0x00, 0x00, 0x00, 0xf0, 0xff, 0x07,
    0x00, 0x00, 0x00, 0xc0, 0x00, 0x00, 0x70, 0x00, 0x00, 0x00, 0x00, 0x00, 0x00, 0x00, 0x00, 0x00,
    0x00, 0x00, 0xe0, 0xff, 0x07, 0xe0, 0xff, 0x07, 0x00, 0x00, 0x06, 0x00, 0x08, 0x06, 0x00, 0x18,
    0x06, 0x00, 0x00, 0x06, 0x00, 0x00, 0x06, 0x00, 0x00, 0x06, 0x00, 0x00, 0x00, 0x00, 0x00, 0x00,
    0x00, 0x00, 0x00, 0xf0, 0xff, 0x07, 0x00, 0x00, 0x00, 0x00, 0x08, 0x00, 0x00, 0x18, 0x00, 0x00,
    0x00, 0x00, 0x00, 0x10, 0x00, 0x00, 0x10, 0x00, 0xe0, 0xff, 0x07, 0xe0, 0xff, 0x07, 0x00, 0x08,
    0x06, 0x00, 0x04, 0x06, 0x00, 0x00, 0x06, 0x00, 0x00, 0x06, 0x00, 0x00, 0x06, 0x00, 0x00, 0x06,
    0x00, 0x00, 0x00, 0x00, 0x10, 0x00, 0x00, 0x08, 0x00, 0xf0, 0xff, 0x07, 0xf0, 0xff, 0x07, 0x00,
    0x04, 0x00, 0x00, 0x00, 0x00, 0x00, 0x00, 0x00, 0x00, 0x00, 0x00, 0xe0, 0xff, 0x07, 0xe0, 0xff,
    0x07, 0xc0, 0x03, 0x00, 0x00, 0x07, 0x00, 0x00, 0x1e, 0x00, 0x0c, 0x38, 0x00, 0x06, 0xf0, 0x00,
    0x02, 0xc0, 0x01, 0x00, 0x80, 0x07, 0xe0, 0xff, 0x07, 0xe0, 0xff, 0x07, 0x00, 0x00, 0x00, 0x00,
    0x00, 0x00, 0x00, 0xff, 0x07, 0x00, 0xff, 0x07, 0x00, 0x06, 0x00, 0x00, 0x03, 0x00, 0x30, 0x03,
    0x00, 0x18, 0x03, 0x00, 0x08, 0x03, 0x00, 0x00, 0xfe, 0x07, 0x00, 0xfc, 0x07, 0x00, 0x00, 0x00,
    0x00, 0x00, 0x00, 0x00, 0x00, 0x00, 0xe0, 0xff, 0x07, 0xe0, 0xff, 0x07, 0xc0, 0x03, 0x00, 0x00,
    0x07, 0x00, 0x00, 0x1e, 0xc0, 0x00, 0x38, 0x70, 0x00, 0xf0, 0x00, 0x00, 0xc0, 0x01, 0x00, 0x80,
    0x07, 0xe0, 0xff, 0x07, 0xe0, 0xff, 0x07, 0x00, 0x00, 0x00, 0x00, 0x00, 0x00, 0x00, 0xff, 0x07,
    0x00, 0xff, 0x07, 0x00, 0x06, 0x00, 0x00, 0x03, 0xc0, 0x00, 0x03, 0x70, 0x00, 0x03, 0x00, 0x00,
    0x03, 0x00, 0x00, 0xfe, 0x07, 0x00, 0xfc, 0x07, 0x00, 0x00, 0x00, 0x00, 0x00, 0x00, 0x00, 0x00,
    0x00, 0xe0, 0xff, 0x07, 0xe0, 0xff, 0x07, 0xc0, 0x03, 0x00, 0x02, 0x07, 0x00, 0x0c, 0x1e, 0x00,
    0x08, 0x38, 0x00, 0x06, 0xf0, 0x00, 0x02, 0xc0, 0x01, 0x00, 0x80, 0x07, 0xe0, 0xff, 0x07, 0xe0,
    0xff, 0x07, 0x00, 0x00, 0x00, 0x00, 0x00, 0x00, 0x00, 0xff, 0x07, 0x00, 0xff, 0x07, 0x08, 0x06,
    0x00, 0x30, 0x03, 0x00, 0x20, 0x03, 0x00, 0x18, 0x03, 0x00, 0x08, 0x03, 0x00, 0x00, 0xfe, 0x07,
    0x00, 0xfc, 0x07, 0x60, 0x00, 0x00, 0x38, 0x00, 0x00, 0x00, 0xff, 0x07, 0x00, 0xff, 0x07, 0x00,
    0x06, 0x00, 0x00, 0x03, 0x00, 0x00, 0x03, 0x00, 0x00, 0x03, 0x00, 0x00, 0x03, 0x00, 0x00, 0xfe,
    0x07, 0x00, 0xfc, 0x07, 0x00, 0x00, 0x00, 0x00, 0x00, 0x00, 0x00, 0x00, 0x00, 0xe0, 0xff, 0x07,
    0xe0, 0x00, 0x00, 0x80, 0x03, 0x00, 0x00, 0x07, 0x00, 0x00, 0x1c, 0x00, 0x00, 0x38, 0x00, 0x00,
    0xe0, 0x60, 0x00, 0xc0, 0x61, 0xe0, 0xff, 0x7f, 0xe0, 0xff, 0x3f, 0x00, 0x00, 0x00, 0x00, 0x00,
    0x00, 0x00, 0xff, 0x07, 0x00, 0xff, 0x07, 0x00, 0x02, 0x00, 0x00, 0x03, 0x00, 0x00, 0x03, 0x00,
    0x00, 0x03, 0x60, 0x00, 0x03, 0x60, 0x00, 0xfe, 0x7f, 0x00, 0xfc, 0x1f, 0x00, 0x00, 0x00, 0x00,
    0x00, 0x00, 0x00, 0x7e, 0x00, 0x80, 0xff, 0x01, 0xc8, 0x81, 0x03, 0x68, 0x00, 0x06, 0x68, 0x00,
    0x06, 0x68, 0x00, 0x06, 0x68, 0x00, 0x06, 0x68, 0x00, 0x06, 0xc8, 0x00, 0x03, 0xc0, 0xc3, 0x03,
    0x80, 0xff, 0x01, 0x00, 0x3c, 0x00, 0x00, 0x00, 0x00, 0x00, 0x00, 0x00, 0x00, 0xf8, 0x00, 0x20,
    0xfe, 0x03, 0x20, 0x06, 0x03, 0x20, 0x03, 0x06, 0x20, 0x01, 0x06, 0x20, 0x03, 0x06, 0x20, 0x03,
    0x06, 0x20, 0x8e, 0x03, 0x00, 0xfc, 0x01, 0x00, 0x20, 0x00, 0x00, 0x00, 0x00, 0x00, 0x00, 0x00,
    0x00, 0x7e, 0x00, 0x80, 0xff, 0x01, 0xc0, 0x81, 0x03, 0x62, 0x00, 0x06, 0x6e, 0x00, 0x06, 0x68,
    0x00, 0x06, 0x68, 0x00, 0x06, 0x6c, 0x00, 0x06, 0xc6, 0x00, 0x03, 0xc0, 0xc3, 0x03, 0x80, 0xff,
    0x01, 0x00, 0x3c, 0x00, 0x00, 0x00, 0x00, 0x00, 0x00, 0x00, 0x00, 0xf8, 0x00, 0x10, 0xfe, 0x03,
    0x70, 0x06, 0x03, 0x40, 0x03, 0x06, 0x40, 0x01, 0x06, 0x60, 0x03, 0x06, 0x30, 0x03, 0x06, 0x00,
    0x8e, 0x03, 0x00, 0xfc, 0x01, 0x00, 0x20, 0x00, 0x00, 0x00, 0x00, 0x00, 0x00, 0x00, 0x00, 0x7e,
    0x00, 0x80, 0xff, 0x01, 0xc0, 0x81, 0x03, 0x60, 0x00, 0x06, 0x68, 0x00, 0x06, 0x6e, 0x00, 0x06,
    0x62, 0x00, 0x06, 0x68, 0x00, 0x06, 0xcc, 0x00, 0x03, 0xc6, 0xc3, 0x03, 0x82, 0xff, 0x01, 0x00,
    0x3c, 0x00, 0x00, 0x00, 0x00, 0x00, 0x00, 0x00, 0x00, 0xf8, 0x00, 0x00, 0xfe, 0x03, 0x40, 0x06,
    0x03, 0x70, 0x03, 0x06, 0x10, 0x01, 0x06, 0x40, 0x03, 0x06, 0x60, 0x03, 0x06, 0x30, 0x8e, 0x03,
    0x10, 0xfc, 0x01, 0x00, 0x20, 0x00, 0x00, 0x00, 0x00, 0x00, 0x00, 0x00, 0x00, 0xff, 0x00, 0x80,
    0xff, 0x01, 0xc0, 0x00, 0x03, 0x60, 0x00, 0x06, 0x60, 0x00, 0x06, 0x20, 0x00, 0x04, 0x60, 0x00,
    0x06, 0x60, 0x00, 0x06, 0xe0, 0xff, 0x07, 0x60, 0x18, 0x06, 0x60, 0x18, 0x06, 0x60, 0x18, 0x06,
    0x60, 0x18, 0x06, 0x60, 0x18, 0x06, 0x60, 0x18, 0x06, 0x60, 0x18, 0x06, 0x00, 0x00, 0x06, 0x00,
    0x00, 0x00, 0x00, 0x00, 0x00, 0x00, 0xf8, 0x00, 0x00, 0xfe, 0x03, 0x00, 0x07, 0x07, 0x00, 0x03,
    0x06, 0x00, 0x01, 0x04, 0x00, 0x03, 0x06, 0x00, 0x03, 0x06, 0x00, 0x8e, 0x03, 0x00, 0xfc, 0x01,
    0x00, 0xfe, 0x03, 0x00, 0x23, 0x06, 0x00, 0x23, 0x06, 0x00, 0x21, 0x04, 0x00, 0x23, 0x06, 0x00,
    0x26, 0x06, 0x00, 0x3e, 0x03, 0x00, 0x20, 0x00, 0x00, 0x00, 0x00, 0x00, 0x00, 0x00, 0x00, 0x00,
    0x00, 0xe0, 0xff, 0x07, 0xe0, 0xff, 0x07, 0x60, 0x18, 0x00, 0x60, 0x18, 0x00, 0x6c, 0x18, 0x00,
    0x66, 0x38, 0x00, 0x62, 0xf8, 0x00, 0xc0, 0xcf, 0x03, 0xc0, 0x07, 0x07, 0x00, 0x00, 0x04, 0x00,
    0x00, 0x00, 0x00, 0x00, 0x00, 0x00, 0xff, 0x07, 0x00, 0xff, 0x07, 0x00, 0x06, 0x00, 0x30, 0x03,
    0x00, 0x18, 0x03, 0x00, 0x08, 0x00, 0x00, 0x00, 0x00, 0x00, 0x00, 0x00, 0x00, 0x00, 0x00, 0x00,
    0xe0, 0xff, 0x07, 0xe0, 0xff, 0x07, 0x60, 0x18, 0xc0, 0x60, 0x18, 0x70, 0x60, 0x18, 0x00, 0x60,
    0x38, 0x00, 0x60, 0xf8, 0x00, 0xc0, 0xcf, 0x03, 0xc0, 0x07, 0x07, 0x00, 0x00, 0x04, 0x00, 0x00,
    0x00, 0x00, 0x00, 0x00, 0x00, 0xff, 0xc7, 0x00, 0xff, 0x77, 0x00, 0x06, 0x00, 0x00, 0x03, 0x00,
    0x00, 0x03, 0x00, 0x00, 0x00, 0x00, 0x00, 0x00, 0x00, 0x00, 0x00, 0x00, 0xe0, 0xff, 0x07, 0xe0,
    0xff, 0x07, 0x62, 0x18, 0x00, 0x6c, 0x18, 0x00, 0x68, 0x18, 0x00, 0x66, 0x38, 0x00, 0x62, 0xf8,
    0x00, 0xc0, 0xcf, 0x03, 0xc0, 0x07, 0x07, 0x00, 0x00, 0x04, 0x00, 0x00, 0x00, 0x00, 0x00, 0x00,
    0x00, 0xff, 0x07, 0x08, 0xff, 0x07, 0x30, 0x06, 0x00, 0x20, 0x03, 0x00, 0x18, 0x03, 0x00, 0x08,
    0x00, 0x00, 0x00, 0x00, 0x00, 0x00, 0x00, 0x00, 0x80, 0x83, 0x01, 0xc0, 0x87, 0x03, 0xc0, 0x0c,
    0x06, 0x60, 0x08, 0x06, 0x60, 0x18, 0x06, 0x6c, 0x18, 0x06, 0x66, 0x10, 0x06, 0x62, 0x30, 0x06,
    0xc0, 0xf1, 0x03, 0x80, 0xe1, 0x01, 0x00, 0x00, 0x00, 0x00, 0x00, 0x00, 0x00, 0x0c, 0x01, 0x00,
    0x1e, 0x03, 0x00, 0x33, 0x06, 0x00, 0x33, 0x06, 0x60, 0x21, 0x06, 0x30, 0x63, 0x06, 0x10, 0xe6,
    0x07, 0x00, 0xc6, 0x03, 0x00, 0x00, 0x00, 0x00, 0x00, 0x00, 0x80, 0x83, 0x01, 0xc0, 0x87, 0x03,
    0xc8, 0x0c, 0x06, 0x6c, 0x08, 0x06, 0x62, 0x18, 0x06, 0x66, 0x18, 0x06, 0x68, 0x10, 0x06, 0x60,
    0x30, 0x06, 0xc0, 0xf1, 0x03, 0x80, 0xe1, 0x01, 0x00, 0x00, 0x00, 0x00, 0x00, 0x00, 0x00, 0x0c,
    0x01, 0x00, 0x1e, 0x03, 0x40, 0x33, 0x06, 0x60, 0x33, 0x06, 0x10, 0x21, 0x06, 0x30, 0x63, 0x06,
    0x40, 0xe6, 0x07, 0x00, 0xc6, 0x03, 0x00, 0x00, 0x00, 0x00, 0x00, 0x00, 0x80, 0x83, 0x01, 0xc0,
    0x87, 0x03, 0xc0, 0x0c, 0x06, 0x60, 0x08, 0x06, 0x60, 0x18, 0x4e, 0x60, 0x18, 0x5e, 0x60, 0x10,
    0x36, 0x60, 0x30, 0x06, 0xc0, 0xf1, 0x03, 0x80, 0xe1, 0x01, 0x00, 0x00, 0x00, 0x00, 0x00, 0x00,
    0x00, 0x0c, 0x01, 0x00, 0x1e, 0x03, 0x00, 0x33, 0x06, 0x00, 0x33, 0x4e, 0x00, 0x21, 0x5e, 0x00,
    0x63, 0x36, 0x00, 0xe6, 0x07, 0x00, 0xc6, 0x03, 0x00, 0x00, 0x00, 0x00, 0x00, 0x00, 0x80, 0x83,
    0x01, 0xc0, 0x87, 0x03, 0xc0, 0x0c, 0x06, 0x62, 0x08, 0x06, 0x6c, 0x18, 0x06, 0x68, 0x18, 0x06,
    0x66, 0x10, 0x06, 0x62, 0x30, 0x06, 0xc0, 0xf1, 0x03, 0x80, 0xe1, 0x01, 0x00, 0x00, 0x00, 0x00,
    0x00, 0x00, 0x00, 0x0c, 0x01, 0x00, 0x1e, 0x03, 0x10, 0x33, 0x06, 0x60, 0x33, 0x06, 0x40, 0x21,
    0x06, 0x30, 0x63, 0x06, 0x10, 0xe6, 0x07, 0x00, 0xc6, 0x03, 0x00, 0x00, 0x00, 0x60, 0x00, 0x00,
    0x60, 0x00, 0x00, 0x60, 0x00, 0x00, 0x60, 0x00, 0x00, 0x60, 0x00, 0x00, 0xe0, 0xff, 0x4f, 0xe0,
    0xff, 0x5f, 0x60, 0x00, 0x30, 0x60, 0x00, 0x00, 0x60, 0x00, 0x00, 0x60, 0x00, 0x00, 0x00, 0x00,
    0x00, 0x00, 0x01, 0x00, 0x00, 0x01, 0x00, 0xc0, 0xff, 0x03, 0xc0, 0xff, 0x4f, 0x00, 0x01, 0x5e,
    0x00, 0x01, 0x36, 0x00, 0x00, 0x00, 0x60, 0x00, 0x00, 0x60, 0x00, 0x00, 0x60, 0x00, 0x00, 0x60,
    0x00, 0x00, 0x62, 0x00, 0x00, 0xec, 0xff, 0x07, 0xe8, 0xff, 0x07, 0x66, 0x00, 0x00, 0x62, 0x00,
    0x00, 0x60, 0x00, 0x00, 0x60, 0x00, 0x00, 0x00, 0x00, 0x00, 0x00, 0x01, 0x00, 0x00, 0x01, 0x00,
    0xc0, 0xff, 0x03, 0xc0, 0xff, 0x07, 0x00, 0x01, 0x06, 0x60, 0x01, 0x06, 0x38, 0x00, 0x00, 0x00,
    0x00, 0x00, 0x60, 0x00, 0x00, 0x60, 0x00, 0x00, 0x60, 0x00, 0x00, 0x60, 0x02, 0x00, 0x60, 0x02,
    0x00, 0xe0, 0xff, 0x07, 0xe0, 0xff, 0x07, 0x60, 0x02, 0x00, 0x60, 0x02, 0x00, 0x60, 0x00, 0x00,
    0x60, 0x00, 0x00, 0x00, 0x00, 0x00, 0x00, 0x09, 0x00, 0x00, 0x09, 0x00, 0xe0, 0xff, 0x03, 0xe0,
    0xff, 0x07, 0x00, 0x09, 0x06, 0x00, 0x09, 0x06, 0x00, 0x00, 0x00, 0x00, 0x00, 0x00, 0xe0, 0xff,
    0x00, 0xe0, 0xff, 0x03, 0x0c, 0x00, 0x03, 0x06, 0x00, 0x06, 0x02, 0x00, 0x06, 0x04, 0x00, 0x06,
    0x08, 0x00, 0x06, 0x0c, 0x00, 0x06, 0x06, 0x00, 0x03, 0xe0, 0xff, 0x01, 0xe0, 0xff, 0x00, 0x00,
    0x00, 0x00, 0x00, 0x00, 0x00, 0x00, 0xff, 0x00, 0x30, 0xff, 0x03, 0x18, 0x00, 0x06, 0x08, 0x00,
    0x06, 0x10, 0x00, 0x06, 0x20, 0x00, 0x06, 0x30, 0x00, 0x03, 0x18, 0xff, 0x07, 0x00, 0xff, 0x07,
    0x00, 0x00, 0x00, 0x00, 0x00, 0x00, 0xe0, 0xff, 0x00, 0xe0, 0xff, 0x03, 0x04, 0x00, 0x03, 0x04,
    0x00, 0x06, 0x04, 0x00, 0x06, 0x04, 0x00, 0x06, 0x04, 0x00, 0x06, 0x04, 0x00, 0x06, 0x04, 0x00,
    0x03, 0xe0, 0xff, 0x01, 0xe0, 0xff, 0x00, 0x00, 0x00, 0x00, 0x00, 0x00, 0x00, 0x00, 0xff, 0x00,
    0x20, 0xff, 0x03, 0x20, 0x00, 0x06, 0x20, 0x00, 0x06, 0x20, 0x00, 0x06, 0x20, 0x00, 0x06, 0x20,
    0x00, 0x03, 0x20, 0xff, 0x07, 0x00, 0xff, 0x07, 0x00, 0x00, 0x00, 0x00, 0x00, 0x00, 0xe0, 0xff,
    0x00, 0xe0, 0xff, 0x03, 0x02, 0x00, 0x03, 0x0e, 0x00, 0x06, 0x08, 0x00, 0x06, 0x08, 0x00, 0x06,
    0x0c, 0x00, 0x06, 0x06, 0x00, 0x06, 0x00, 0x00, 0x03, 0xe0, 0xff, 0x01, 0xe0, 0xff, 0x00, 0x00,
    0x00, 0x00, 0x00, 0x00, 0x00, 0x00, 0xff, 0x00, 0x10, 0xff, 0x03, 0x70, 0x00, 0x06, 0x40, 0x00,
    0x06, 0x40, 0x00, 0x06, 0x60, 0x00, 0x06, 0x30, 0x00, 0x03, 0x00, 0xff, 0x07, 0x00, 0xff, 0x07,
    0x00, 0x00, 0x00, 0x00, 0x00, 0x00, 0xe0, 0xff, 0x00, 0xe0, 0xff, 0x03, 0x00, 0x00, 0x03, 0x06,
    0x00, 0x06, 0x09, 0x00, 0x06, 0x09, 0x00, 0x06, 0x0f, 0x00, 0x06, 0x00, 0x00, 0x06, 0x00, 0x00,
    0x03, 0xe0, 0xff, 0x01, 0xe0, 0xff, 0x00, 0x00, 0x00, 0x00, 0x00, 0x00, 0x00, 0x00, 0xff, 0x00,
    0x00, 0xff, 0x03, 0x30, 0x00, 0x06, 0x48, 0x00, 0x06, 0x48, 0x00, 0x06, 0x78, 0x00, 0x06, 0x00,
    0x00, 0x03, 0x00, 0xff, 0x07, 0x00, 0xff, 0x07, 0x00, 0x00, 0x00, 0x00, 0x00, 0x00, 0xe0, 0xff,
    0x00, 0xe0, 0xff, 0x03, 0x00, 0x00, 0x03, 0x08, 0x00, 0x06, 0x0e, 0x00, 0x06, 0x02, 0x00, 0x06,
    0x08, 0x00, 0x06, 0x0c, 0x00, 0x06, 0x06, 0x00, 0x03, 0xe2, 0xff, 0x01, 0xe0, 0xff, 0x00, 0x00,
    0x00, 0x00, 0x00, 0x00, 0x00, 0x00, 0xff, 0x00, 0x00, 0xff, 0x03, 0x40, 0x00, 0x06, 0x70, 0x00,
    0x06, 0x10, 0x00, 0x06, 0x40, 0x00, 0x06, 0x60, 0x00, 0x03, 0x30, 0xff, 0x07, 0x10, 0xff, 0x07,
    0x00, 0x00, 0x00, 0x00, 0x00, 0x00, 0xe0, 0xff, 0x00, 0xe0, 0xff, 0x03, 0x00, 0x00, 0x03, 0x00,
    0x00, 0x06, 0x00, 0x00, 0x06, 0x00, 0x00, 0x3e, 0x00, 0x00, 0x7e, 0x00, 0x00, 0x46, 0x00, 0x00,
    0x03, 0xe0, 0xff, 0x01, 0xe0, 0xff, 0x00, 0x00, 0x00, 0x00, 0x00, 0x00, 0x00, 0x00, 0xff, 0x00,
    0x00, 0xff, 0x03, 0x00, 0x00, 0x06, 0x00, 0x00, 0x06, 0x00, 0x00, 0x06, 0x00, 0x00, 0x36, 0x00,
    0x00, 0x7b, 0x00, 0xff, 0x4f, 0x00, 0xff, 0x67, 0x00, 0x00, 0x00, 0x00, 0x00, 0x00, 0xe0, 0x01,
    0x00, 0xe0, 0x1f, 0x00, 0x00, 0xfe, 0x01, 0x00, 0xc0, 0x07, 0x00, 0xc0, 0x07, 0x08, 0xf8, 0x00,
    0x8c, 0x1f, 0x00, 0xe2, 0x03, 0x00, 0xe6, 0x03, 0x00, 0x08, 0x1f, 0x00, 0x00, 0xf8, 0x01, 0x00,
    0x80, 0x07, 0x00, 0xe0, 0x07, 0x00, 0xfe, 0x00, 0xe0, 0x0f, 0x00, 0xe0, 0x00, 0x00, 0x00, 0x00,
    0x00, 0x00, 0x00, 0x00, 0x00, 0x0f, 0x00, 0x00, 0x7e, 0x00, 0x00, 0xe0, 0x07, 0x00, 0x00, 0x07,
    0x20, 0xf0, 0x01, 0x30, 0x3e, 0x00, 0x08, 0x07, 0x00, 0x18, 0x3e, 0x00, 0x20, 0xf0, 0x01, 0x00,
    0x00, 0x07, 0x00, 0xe0, 0x07, 0x00, 0x7e, 0x00, 0x00, 0x0f, 0x00, 0x00, 0x00, 0x00, 0x20, 0x00,
    0x00, 0x60, 0x00, 0x00, 0xe0, 0x01, 0x00, 0x88, 0x07, 0x00, 0x0c, 0x1e, 0x00, 0x02, 0xf8, 0x07,
    0x06, 0xf8, 0x07, 0x08, 0x1e, 0x00, 0x80, 0x07, 0x00, 0xe0, 0x01, 0x00, 0x60, 0x00, 0x00, 0x20,
    0x00, 0x00, 0x00, 0x00, 0x00, 0x00, 0x01, 0x00, 0x00, 0x0f, 0x60, 0x20, 0x3e, 0x60, 0x30, 0xf0,
    0x31, 0x08, 0x80, 0x1f, 0x18, 0xc0, 0x07, 0x20, 0xf8, 0x00, 0x00, 0x1f, 0x00, 0x00, 0x03, 0x00,
    0x00, 0x00, 0x00, 0x20, 0x00, 0x00, 0x60, 0x00, 0x00, 0xe0, 0x01, 0x00, 0x8c, 0x07, 0x00, 0x0c,
    0x1e, 0x00, 0x00, 0xf8, 0x07, 0x00, 0xf8, 0x07, 0x0c, 0x1e, 0x00, 0x8c, 0x07, 0x00, 0xe0, 0x01,
    0x00, 0x60, 0x00, 0x00, 0x20, 0x00, 0x00, 0x00, 0x00, 0x00, 0x00, 0x00, 0x00, 0x60, 0x00, 0x06,
    0x60, 0x80, 0x07, 0x60, 0xc0, 0x07, 0x60, 0x70, 0x06, 0x60, 0x38, 0x06, 0x6c, 0x1c, 0x06, 0x66,
    0x07, 0x06, 0xe2, 0x03, 0x06, 0xe0, 0x00, 0x06, 0x60, 0x00, 0x06, 0x00, 0x00, 0x00, 0x00, 0x00,
    0x00, 0x00, 0x01, 0x06, 0x00, 0x81, 0x07, 0x00, 0xc1, 0x05, 0x00, 0x61, 0x04, 0x30, 0x39, 0x04,
    0x18, 0x1d, 0x04, 0x08, 0x07, 0x04, 0x00, 0x03, 0x04, 0x00, 0x00, 0x00, 0x00, 0x00, 0x00, 0x60,
    0x00, 0x06, 0x60, 0x80, 0x07, 0x60, 0xc0, 0x07, 0x60, 0x70, 0x06, 0x64, 0x38, 0x06, 0x6c, 0x1c,
    0x06, 0x60, 0x07, 0x06, 0xe0, 0x03, 0x06, 0xe0, 0x00, 0x06, 0x60, 0x00, 0x06, 0x00, 0x00, 0x00,
    0x00, 0x00, 0x00, 0x00, 0x01, 0x06, 0x00, 0x81, 0x07, 0x00, 0xc1, 0x05, 0x10, 0x61, 0x04, 0x30,
    0x39, 0x04, 0x00, 0x1d, 0x04, 0x00, 0x07, 0x04, 0x00, 0x03, 0x04, 0x00, 0x00, 0x00, 0x00, 0x00,
    0x00, 0x60, 0x00, 0x06, 0x60, 0x80, 0x07, 0x60, 0xc0, 0x07, 0x62, 0x70, 0x06, 0x6c, 0x38, 0x06,
    0x68, 0x1c, 0x06, 0x66, 0x07, 0x06, 0xe2, 0x03, 0x06, 0xe0, 0x00, 0x06, 0x60, 0x00, 0x06, 0x00,
    0x00, 0x00, 0x00, 0x00, 0x00, 0x00, 0x01, 0x06, 0x00, 0x81, 0x07, 0x08, 0xc1, 0x05, 0x30, 0x61,
    0x04, 0x20, 0x39, 0x04, 0x18, 0x1d, 0x04, 0x08, 0x07, 0x04, 0x00, 0x03, 0x04, 0x00, 0x00, 0x00,
    0x00, 0x00, 0x00, 0x00, 0x00, 0x00, 0xe0, 0xff, 0x07, 0x70, 0x00, 0x00, 0x30, 0x00, 0x00, 0x10,
    0x00, 0x00,
};

static const uint16_t mf_bwfont_Roboto_Regular20bw_glyph_offsets_2[225] PROGMEM = {
    0x0000, 0x0000, 0x0004, 0x000f, 0x001b, 0x0029, 0x0034, 0x0038,
    0x0044, 0x004c, 0x005c, 0x0065, 0x006e, 0x0078, 0x007e, 0x008e,
    0x0097, 0x009e, 0x00a9, 0x00b1, 0x00b9, 0x00bf, 0x00ca, 0x00d3,
    0x00d8, 0x00dd, 0x00e3, 0x00ec, 0x00f6, 0x0105, 0x0115, 0x0125,
    0x012f, 0x013d, 0x014b, 0x0159, 0x0167, 0x0175, 0x0183, 0x0196,
    0x01a3, 0x01af, 0x01bb, 0x01c7, 0x01d3, 0x01d8, 0x01df, 0x01e5,
    0x01ec, 0x01f9, 0x0207, 0x0215, 0x0223, 0x0231, 0x023f, 0x024d,
    0x0257, 0x0265, 0x0272, 0x027f, 0x028c, 0x0299, 0x02a6, 0x02b2,
    0x02be, 0x02c9, 0x02d4, 0x02df, 0x02ea, 0x02f5, 0x0300, 0x0311,
    0x031c, 0x0327, 0x0332, 0x033d, 0x0348, 0x034c, 0x0352, 0x0358,
    0x035e, 0x0369, 0x0374, 0x0380, 0x038c, 0x0398, 0x03a4, 0x03b0,
    0x03bb, 0x03c7, 0x03d2, 0x03dd, 0x03e8, 0x03f3, 0x03fd, 0x0408,
    0x0412, 0x0420, 0x042b, 0x0439, 0x0444, 0x0452, 0x045d, 0x046a,
    0x0475, 0x0482, 0x048d, 0x049a, 0x04a5, 0x04b2, 0x04bd, 0x04ca,
    0x04d8, 0x04e5, 0x04f2, 0x04fe, 0x0509, 0x0515, 0x0520, 0x052c,
    0x0537, 0x0543, 0x054e, 0x055a, 0x0565, 0x0572, 0x057d, 0x058a,
    0x0595, 0x05a2, 0x05ad, 0x05ba, 0x05c5, 0x05d3, 0x05de, 0x05ed,
    0x05f8, 0x05ff, 0x0606, 0x060d, 0x0614, 0x061b, 0x0621, 0x0626,
    0x062a, 0x062f, 0x0633, 0x0643, 0x064c, 0x0658, 0x065e, 0x066b,
    0x0676, 0x0681, 0x068c, 0x0692, 0x069d, 0x06a1, 0x06ac, 0x06b3,
    0x06be, 0x06c5, 0x06d0, 0x06d6, 0x06e4, 0x06ef, 0x06fd, 0x0708,
    0x0716, 0x0721, 0x072c, 0x0739, 0x0744, 0x0752, 0x075e, 0x076c,
    0x0778, 0x0786, 0x0792, 0x07a5, 0x07b8, 0x07c5, 0x07cd, 0x07da,
    0x07e1, 0x07ee, 0x07f6, 0x0802, 0x080c, 0x0818, 0x0822, 0x082e,
    0x0838, 0x0844, 0x084e, 0x085a, 0x0861, 0x086d, 0x0875, 0x0881,
    0x0888, 0x0895, 0x08a0, 0x08ad, 0x08b8, 0x08c5, 0x08d0, 0x08dd,
    0x08e8, 0x08f5, 0x0900, 0x090d, 0x0918, 0x092a, 0x0939, 0x0946,
    0x0950, 0x095d, 0x0969, 0x0973, 0x097f, 0x0989, 0x0995, 0x099f,
    0x09a6,
};

static const uint8_t mf_bwfont_Roboto_Regular20bw_glyph_widths_2[224] PROGMEM = {
    0x05, 0x05, 0x0b, 0x0c, 0x0e, 0x0b, 0x05, 0x0c, 0x08, 0x10, 0x09, 0x09, 0x0b, 0x06, 0x10, 0x09,
    0x07, 0x0b, 0x07, 0x07, 0x06, 0x0b, 0x0a, 0x05, 0x05, 0x07, 0x09, 0x09, 0x0f, 0x10, 0x10, 0x09,
    0x0d, 0x0d, 0x0d, 0x0d, 0x0d, 0x0d, 0x13, 0x0d, 0x0b, 0x0b, 0x0b, 0x0b, 0x05, 0x05, 0x05, 0x05,
    0x0d, 0x0e, 0x0e, 0x0e, 0x0e, 0x0e, 0x0e, 0x0b, 0x0e, 0x0d, 0x0d, 0x0d, 0x0d, 0x0c, 0x0c, 0x0c,
    0x0b, 0x0b, 0x0b, 0x0b, 0x0b, 0x0b, 0x11, 0x0a, 0x0b, 0x0b, 0x0b, 0x0b, 0x05, 0x05, 0x05, 0x05,
    0x0c, 0x0b, 0x0b, 0x0b, 0x0b, 0x0b, 0x0b, 0x0b, 0x0b, 0x0b, 0x0b, 0x0b, 0x0b, 0x09, 0x0c, 0x09,
    0x0d, 0x0b, 0x0d, 0x0b, 0x0d, 0x0b, 0x0d, 0x0a, 0x0d, 0x0a, 0x0d, 0x0a, 0x0d, 0x0a, 0x0d, 0x0d,
    0x0d, 0x0c, 0x0b, 0x0b, 0x0b, 0x0b, 0x0b, 0x0b, 0x0b, 0x0b, 0x0b, 0x0b, 0x0e, 0x0b, 0x0e, 0x0b,
    0x0e, 0x0b, 0x0e, 0x0b, 0x0e, 0x0b, 0x0e, 0x0b, 0x05, 0x05, 0x05, 0x05, 0x05, 0x05, 0x05, 0x05,
    0x05, 0x05, 0x10, 0x0a, 0x0b, 0x05, 0x0d, 0x0a, 0x0b, 0x0b, 0x05, 0x0b, 0x05, 0x0b, 0x06, 0x0b,
    0x07, 0x0b, 0x05, 0x0e, 0x0b, 0x0e, 0x0b, 0x0e, 0x0b, 0x0b, 0x0e, 0x0b, 0x0e, 0x0b, 0x0e, 0x0b,
    0x0e, 0x0b, 0x13, 0x12, 0x0c, 0x07, 0x0c, 0x07, 0x0c, 0x07, 0x0c, 0x0a, 0x0c, 0x0a, 0x0c, 0x0a,
    0x0c, 0x0a, 0x0c, 0x07, 0x0c, 0x07, 0x0c, 0x07, 0x0d, 0x0b, 0x0d, 0x0b, 0x0d, 0x0b, 0x0d, 0x0b,
    0x0d, 0x0b, 0x0d, 0x0b, 0x12, 0x0f, 0x0c, 0x09, 0x0c, 0x0c, 0x0a, 0x0c, 0x0a, 0x0c, 0x0a, 0x05,
};

static const uint8_t mf_bwfont_Roboto_Regular20bw_glyph_data_3[222] PROGMEM = {
    0x00, 0x00, 0x00, 0x00, 0x0f, 0x00, 0x04, 0x1f, 0x00, 0x06, 0x31, 0x00, 0x06, 0x61, 0x00, 0x06,
    0x61, 0x00, 0x06, 0x61, 0x00, 0x06, 0x61, 0x00, 0x06, 0x61, 0x00, 0x0c, 0x31, 0x00, 0x1c, 0x39,
    0x00, 0xf8, 0x1f, 0x00, 0xc0, 0x03, 0x00, 0x10, 0x00, 0x06, 0x10, 0x00, 0x06, 0xfe, 0xff, 0x07,
    0xff, 0xff, 0x03, 0x13, 0x00, 0x00, 0x13, 0x00, 0x00, 0x03, 0x00, 0x00, 0x00, 0x00, 0x00, 0xe0,
    0x07, 0x00, 0xf8, 0x1f, 0x00, 0x1c, 0x38, 0x00, 0x06, 0x60, 0x00, 0x06, 0x60, 0x00, 0x06, 0x60,
    0x00, 0x06, 0x60, 0x00, 0x06, 0x60, 0x00, 0x0c, 0x30, 0x00, 0x3c, 0x3c, 0x00, 0xfc, 0x0f, 0x00,
    0x07, 0x00, 0x00, 0x03, 0x00, 0x00, 0x00, 0x00, 0x00, 0x80, 0x0f, 0x00, 0xe0, 0x3f, 0x00, 0x60,
    0x30, 0x00, 0x30, 0x60, 0x00, 0x10, 0x60, 0x00, 0x30, 0x60, 0x00, 0x30, 0x60, 0x00, 0xe0, 0x38,
    0x00, 0xe0, 0x1f, 0x00, 0x38, 0x02, 0x00, 0x18, 0x00, 0x00, 0x00, 0x00, 0x00, 0xfe, 0x0f, 0x00,
    0xfe, 0x3f, 0x00, 0x00, 0x30, 0x00, 0x00, 0x60, 0x00, 0x00, 0x60, 0x00, 0x00, 0x60, 0x00, 0x00,
    0x60, 0x00, 0x00, 0x60, 0x00, 0x00, 0x30, 0x00, 0xfe, 0x1f, 0x00, 0xfe, 0x0f, 0x00, 0x08, 0x00,
    0x00, 0x0c, 0x00, 0x00, 0x07, 0x00, 0x00, 0x00, 0x00, 0x00, 0xf0, 0x0f, 0x00, 0xf0, 0x3f, 0x00,
    0x00, 0x60, 0x00, 0x00, 0x60, 0x00, 0x00, 0x60, 0x00, 0x00, 0x60, 0x00, 0x00, 0x30, 0x00, 0xf0,
    0x7f, 0x00, 0xf0, 0x7f, 0x00, 0x20, 0x00, 0x00, 0x38, 0x00, 0x00, 0x08, 0x00, 0x00,
};

static const uint16_t mf_bwfont_Roboto_Regular20bw_glyph_offsets_3[35] PROGMEM = {
    0x0000, 0x000d, 0x000d, 0x000d, 0x0014, 0x0014, 0x0014, 0x0014,
    0x0014, 0x0014, 0x0014, 0x0014, 0x0014, 0x0014, 0x0014, 0x0014,
    0x0014, 0x0014, 0x0022, 0x002e, 0x002e, 0x002e, 0x002e, 0x002e,
    0x002e, 0x002e, 0x002e, 0x002e, 0x002e, 0x002e, 0x002e, 0x002e,
    0x002e, 0x003d, 0x004a,
};

static const uint8_t mf_bwfont_Roboto_Regular20bw_glyph_widths_3[34] PROGMEM = {
    0x0e, 0x00, 0x00, 0x07, 0x00, 0x00, 0x00, 0x00, 0x00, 0x00, 0x00, 0x00, 0x00, 0x00, 0x00, 0x00,
    0x00, 0x0e, 0x0b, 0x00, 0x00, 0x00, 0x00, 0x00, 0x00, 0x00, 0x00, 0x00, 0x00, 0x00, 0x00, 0x00,
    0x0e, 0x0c,
};

static const uint8_t mf_bwfont_Roboto_Regular20bw_glyph_data_4[279] PROGMEM = {
    0x00, 0x00, 0x60, 0x10, 0x00, 0x40, 0x60, 0x00, 0x60, 0x40, 0xff, 0x3f, 0x30, 0xff, 0x0f, 0x10,
    0x00, 0x00, 0x00, 0x00, 0x00, 0x00, 0x00, 0x04, 0x00, 0x00, 0x07, 0x00, 0xe0, 0x03, 0x00, 0x78,
    0x00, 0x10, 0x7f, 0x00, 0xe8, 0x63, 0x00, 0x6a, 0x60, 0x00, 0xf9, 0x63, 0x00, 0x01, 0x7f, 0x00,
    0x00, 0x78, 0x00, 0x00, 0xe0, 0x03, 0x00, 0x00, 0x07, 0x00, 0x00, 0x04, 0x00, 0x00, 0x00, 0x00,
    0x00, 0x00, 0x00, 0xc4, 0x01, 0x00, 0xe6, 0x03, 0x40, 0x33, 0x06, 0xa0, 0x13, 0x06, 0xa8, 0x11,
    0x06, 0x64, 0x13, 0x06, 0x04, 0x17, 0x03, 0x00, 0xfe, 0x07, 0x00, 0x00, 0x04, 0x00, 0x00, 0x00,
    0x00, 0x00, 0x04, 0x00, 0x00, 0x07, 0x00, 0x80, 0x03, 0x00, 0xe0, 0x01, 0x00, 0xf8, 0x00, 0x00,
    0xdc, 0x00, 0x00, 0xc7, 0x00, 0x80, 0xc3, 0x00, 0xe0, 0xc0, 0x00, 0xec, 0xff, 0x00, 0xe6, 0xff,
    0x07, 0x22, 0x08, 0x04, 0x20, 0x08, 0x04, 0x20, 0x08, 0x04, 0x20, 0x08, 0x04, 0x20, 0x08, 0x04,
    0x20, 0x08, 0x04, 0x20, 0x00, 0x04, 0x00, 0x00, 0x00, 0x00, 0x00, 0x00, 0x00, 0xc4, 0x03, 0x00,
    0xe6, 0x07, 0x00, 0x23, 0x06, 0x00, 0x23, 0x04, 0x00, 0x21, 0x06, 0x00, 0x23, 0x06, 0x00, 0xfe,
    0x03, 0x60, 0xfc, 0x01, 0x30, 0x26, 0x03, 0x10, 0x23, 0x06, 0x00, 0x23, 0x06, 0x00, 0x23, 0x04,
    0x00, 0x23, 0x06, 0x00, 0x3e, 0x06, 0x00, 0x3c, 0x02, 0x00, 0x00, 0x00, 0x00, 0x00, 0x00, 0x00,
    0x7e, 0x00, 0x80, 0xff, 0x0d, 0xc0, 0x81, 0x07, 0x60, 0x80, 0x07, 0x60, 0xc0, 0x06, 0x60, 0x30,
    0x06, 0x6c, 0x18, 0x06, 0x66, 0x06, 0x06, 0xc2, 0x03, 0x03, 0xc0, 0xc3, 0x03, 0xe0, 0xff, 0x01,
    0x00, 0x3c, 0x00, 0x00, 0x00, 0x00, 0x00, 0x00, 0x00, 0x00, 0xf8, 0x00, 0x00, 0xfe, 0x0b, 0x00,
    0x06, 0x07, 0x00, 0x83, 0x07, 0x60, 0x61, 0x06, 0x30, 0x1b, 0x06, 0x10, 0x07, 0x06, 0x80, 0x8f,
    0x03, 0x00, 0xfc, 0x01, 0x00, 0x20, 0x00,
};

static const uint16_t mf_bwfont_Roboto_Regular20bw_glyph_offsets_4[17] PROGMEM = {
    0x0000, 0x0006, 0x0006, 0x0006, 0x0006, 0x0006, 0x0006, 0x0006,
    0x0006, 0x0006, 0x0006, 0x0014, 0x001f, 0x0032, 0x0043, 0x0051,
    0x005d,
};

static const uint8_t mf_bwfont_Roboto_Regular20bw_glyph_widths_4[16] PROGMEM = {
    0x05, 0x00, 0x00, 0x00, 0x00, 0x00, 0x00, 0x00, 0x00, 0x00, 0x0d, 0x0b, 0x13, 0x11, 0x0e, 0x0b,
};

static const uint8_t mf_bwfont_Roboto_Regular20bw_glyph_data_5[111] PROGMEM = {
    0x00, 0x00, 0x00, 0x1c, 0x0c, 0x00, 0x3e, 0x1c, 0x00, 0x66, 0x30, 0x00, 0x43, 0x30, 0x00, 0xc3,
    0x30, 0x06, 0xc3, 0xb0, 0x03, 0x83, 0x30, 0x00, 0x83, 0x31, 0x00, 0x8e, 0x1f, 0x00, 0x0c, 0x0f,
    0x00, 0x00, 0x00, 0x00, 0x60, 0x08, 0x00, 0xf0, 0x18, 0x00, 0x98, 0x31, 0x00, 0x98, 0x31, 0x06,
    0x08, 0xb1, 0x03, 0x18, 0x33, 0x00, 0x30, 0x3f, 0x00, 0x30, 0x1e, 0x00, 0x03, 0x00, 0x00, 0x03,
    0x00, 0x00, 0x03, 0x00, 0x00, 0x03, 0x00, 0x00, 0x03, 0x00, 0x00, 0xff, 0x3f, 0x06, 0xff, 0xbf,
    0x03, 0x03, 0x00, 0x00, 0x03, 0x00, 0x00, 0x03, 0x00, 0x00, 0x03, 0x00, 0x00, 0x08, 0x00, 0x00,
    0x08, 0x00, 0x00, 0xfe, 0x1f, 0x00, 0xfe, 0x3f, 0x06, 0x08, 0xb0, 0x03, 0x08, 0x30, 0x00,
};

static const uint16_t mf_bwfont_Roboto_Regular20bw_glyph_offsets_5[5] PROGMEM = {
    0x0000, 0x000b, 0x0014, 0x001f, 0x0025,
};

static const uint8_t mf_bwfont_Roboto_Regular20bw_glyph_widths_5[4] PROGMEM = {
    0x0c, 0x0a, 0x0c, 0x07,
};

static const uint8_t mf_bwfont_Roboto_Regular20bw_glyph_data_6[10] PROGMEM = {
    0x00, 0x60, 0x00, 0x40, 0x00, 0x60, 0xff, 0x3f, 0xff, 0x0f,
};

static const uint8_t mf_bwfont_Roboto_Regular20bw_glyph_data_7[18] PROGMEM = {
    0xc2, 0x01, 0xc2, 0x03, 0x43, 0x06, 0x43, 0x06, 0x43, 0x04, 0x43, 0x06, 0x46, 0x03, 0xfc, 0x01,
    0xf8, 0x00,
};

static const uint16_t mf_bwfont_Roboto_Regular20bw_glyph_offsets_7[2] PROGMEM = {
    0x0000, 0x0009,
};

static const uint8_t mf_bwfont_Roboto_Regular20bw_glyph_widths_7[1] PROGMEM = {
    0x0b,
};

static const uint8_t mf_bwfont_Roboto_Regular20bw_glyph_data_8[150] PROGMEM = {
    0x3e, 0x00, 0x00, 0x1e, 0x00, 0x00, 0x00, 0x00, 0x00, 0x08, 0x00, 0x00, 0x0c, 0x00, 0x00, 0x02,
    0x00, 0x00, 0x06, 0x00, 0x00, 0x08, 0x00, 0x00, 0x00, 0x00, 0x00, 0x02, 0x00, 0x00, 0x0c, 0x00,
    0x00, 0x08, 0x00, 0x00, 0x06, 0x00, 0x00, 0x02, 0x00, 0x00, 0x04, 0x00, 0x00, 0x04, 0x00, 0x00,
    0x04, 0x00, 0x00, 0x04, 0x00, 0x00, 0x04, 0x00, 0x00, 0x04, 0x00, 0x00, 0x04, 0x00, 0x00, 0x02,
    0x00, 0x00, 0x0e, 0x00, 0x00, 0x08, 0x00, 0x00, 0x08, 0x00, 0x00, 0x0c, 0x00, 0x00, 0x06, 0x00,
    0x00, 0x04, 0x00, 0x00, 0x0c, 0x00, 0x00, 0x06, 0x00, 0x00, 0x09, 0x00, 0x00, 0x09, 0x00, 0x00,
    0x0f, 0x00, 0x00, 0x00, 0x00, 0x0f, 0x00, 0x80, 0x09, 0x00, 0x80, 0x08, 0x0c, 0x00, 0x00, 0x06,
    0x00, 0x00, 0x02, 0x00, 0x00, 0x04, 0x00, 0x00, 0x08, 0x00, 0x00, 0x0c, 0x00, 0x00, 0x06, 0x00,
    0x00, 0x08, 0x00, 0x00, 0x0e, 0x00, 0x00, 0x02, 0x00, 0x00, 0x08, 0x00, 0x00, 0x0c, 0x00, 0x00,
    0x06, 0x00, 0x00, 0x02, 0x00, 0x00,
};

static const uint16_t mf_bwfont_Roboto_Regular20bw_glyph_offsets_8[35] PROGMEM = {
    0x0000, 0x0002, 0x0002, 0x0002, 0x0002, 0x0002, 0x0002, 0x0002,
    0x0002, 0x0002, 0x0002, 0x0008, 0x000e, 0x000e, 0x0015, 0x0015,
    0x0015, 0x0015, 0x0015, 0x0015, 0x0015, 0x0015, 0x0015, 0x0015,
    0x0015, 0x0015, 0x0015, 0x0015, 0x0015, 0x001b, 0x001d, 0x0021,
    0x0024, 0x002b, 0x0032,
};

static const uint8_t mf_bwfont_Roboto_Regular20bw_glyph_widths_8[34] PROGMEM = {
    0x04, 0x00, 0x00, 0x00, 0x00, 0x00, 0x00, 0x00, 0x00, 0x00, 0x09, 0x09, 0x00, 0x09, 0x00, 0x00,
    0x00, 0x00, 0x00, 0x00, 0x00, 0x00, 0x00, 0x00, 0x00, 0x00, 0x00, 0x00, 0x09, 0x05, 0x07, 0x05,
    0x09, 0x07,
};

static const uint8_t mf_bwfont_Roboto_Regular20bw_glyph_data_9[126] PROGMEM = {
    0x00, 0x00, 0x00, 0x00, 0x00, 0x00, 0x00, 0x00, 0x00, 0x00, 0x00, 0x00, 0x00, 0x00, 0x00, 0x00,
    0x00, 0x00, 0x00, 0x00, 0x00, 0x00, 0x00, 0x00, 0x00, 0x00, 0x00, 0x00, 0x00, 0x00, 0x00, 0x00,
    0x04, 0x00, 0x00, 0x0a, 0x00, 0x00, 0x0a, 0x00, 0x00, 0x04, 0x00, 0x00, 0x00, 0x02, 0x00, 0x00,
    0x06, 0x00, 0x00, 0x0c, 0x00, 0x00, 0x00, 0x00, 0x00, 0x00, 0x00, 0x00, 0x00, 0x00, 0x00, 0x08,
    0x00, 0x00, 0x06, 0x00, 0x00, 0x02, 0x00, 0x00, 0x0c, 0x00, 0x00, 0x06, 0x00, 0x00, 0x02, 0x00,
    0x00, 0x04, 0x00, 0x00, 0x08, 0x00, 0x00, 0x0c, 0x00, 0x00, 0x06, 0x00, 0x00, 0x00, 0x00, 0x00,
    0x00, 0x00, 0x00, 0x01, 0x00, 0x00, 0x0d, 0x00, 0x00, 0x07, 0x00, 0x00, 0x02, 0x00, 0x00, 0x06,
    0x00, 0x00, 0x0c, 0x00, 0x00, 0x0a, 0x00, 0x00, 0x06, 0x00, 0x00, 0x0c, 0x00, 0x00,
};

static const uint16_t mf_bwfont_Roboto_Regular20bw_glyph_offsets_9[30] PROGMEM = {
    0x0000, 0x000e, 0x000e, 0x000e, 0x000e, 0x000e, 0x000e, 0x000e,
    0x000e, 0x000e, 0x000e, 0x000e, 0x000e, 0x000e, 0x0012, 0x0018,
    0x0018, 0x001f, 0x001f, 0x001f, 0x001f, 0x001f, 0x001f, 0x0024,
    0x0024, 0x0024, 0x0024, 0x0024, 0x0024, 0x002a,
};

static const uint8_t mf_bwfont_Roboto_Regular20bw_glyph_widths_9[29] PROGMEM = {
    0x06, 0x00, 0x00, 0x00, 0x00, 0x00, 0x00, 0x00, 0x00, 0x00, 0x00, 0x00, 0x00, 0x00, 0x00, 0x00,
    0x00, 0x00, 0x00, 0x00, 0x00, 0x00, 0x00, 0x00, 0x00, 0x00, 0x00, 0x00, 0x00,
};

static const uint8_t mf_bwfont_Roboto_Regular20bw_glyph_data_10[2] PROGMEM = {
    0x03, 0x03,
};

static const uint16_t mf_bwfont_Roboto_Regular20bw_glyph_offsets_10[2] PROGMEM = {
    0x0000, 0x0002,
};

static const uint8_t mf_bwfont_Roboto_Regular20bw_glyph_widths_10[1] PROGMEM = {
    0x00,
};

static const uint8_t mf_bwfont_Roboto_Regular20bw_glyph_data_11[2643] PROGMEM = {
    0x00, 0x00, 0x00, 0x00, 0x00, 0x00, 0x00, 0x00, 0x00, 0x0e, 0x00, 0x00, 0x02, 0x00, 0x00, 0x00,
    0x00, 0x00, 0x00, 0x00, 0x00, 0x18, 0x00, 0x00, 0x18, 0x00, 0x00, 0x00, 0x00, 0x00, 0x0c, 0x00,
    0x00, 0x0e, 0x00, 0x00, 0x00, 0x00, 0x00, 0x18, 0x00, 0x00, 0x18, 0x00, 0x00, 0x00, 0x00, 0x00,
    0x00, 0x00, 0x01, 0x00, 0xc0, 0x01, 0x0e, 0xf8, 0x00, 0x02, 0x1e, 0x00, 0xc0, 0x1f, 0x00, 0xf0,
    0x18, 0x00, 0x18, 0x18, 0x00, 0xf8, 0x18, 0x00, 0xc0, 0x1f, 0x00, 0x00, 0x1e, 0x00, 0x00, 0xf8,
    0x00, 0x00, 0xc0, 0x01, 0x00, 0x00, 0x01, 0x00, 0x00, 0x00, 0x00, 0x00, 0x00, 0x00, 0x00, 0x00,
    0x00, 0x06, 0x00, 0x00, 0x06, 0x00, 0x0e, 0x00, 0x00, 0x02, 0x00, 0x00, 0x00, 0x00, 0x00, 0x00,
    0x00, 0x00, 0xf8, 0xff, 0x01, 0xf8, 0xff, 0x01, 0x18, 0x86, 0x01, 0x18, 0x86, 0x01, 0x18, 0x86,
    0x01, 0x18, 0x86, 0x01, 0x18, 0x86, 0x01, 0x18, 0x86, 0x01, 0x18, 0x80, 0x01, 0x0e, 0x00, 0x00,
    0x02, 0x00, 0x00, 0x00, 0x00, 0x00, 0x00, 0x00, 0x00, 0xf8, 0xff, 0x01, 0xf8, 0xff, 0x01, 0x00,
    0x06, 0x00, 0x00, 0x06, 0x00, 0x00, 0x06, 0x00, 0x00, 0x06, 0x00, 0x00, 0x06, 0x00, 0x00, 0x06,
    0x00, 0x00, 0x06, 0x00, 0xf8, 0xff, 0x01, 0xf8, 0xff, 0x01, 0x0e, 0x00, 0x00, 0x02, 0x00, 0x00,
    0x00, 0x00, 0x00, 0x00, 0x00, 0x00, 0xf8, 0xff, 0x01, 0xf8, 0xff, 0x01, 0x00, 0x00, 0x00, 0x1c,
    0x00, 0x00, 0x84, 0x1f, 0x00, 0xe0, 0x7f, 0x00, 0x70, 0xe0, 0x00, 0x18, 0x80, 0x01, 0x18, 0x80,
    0x01, 0x18, 0x80, 0x01, 0x18, 0x80, 0x01, 0x18, 0x80, 0x01, 0x30, 0xc0, 0x00, 0xf0, 0xf0, 0x00,
    0xe0, 0x7f, 0x00, 0x00, 0x0f, 0x00, 0x1c, 0x00, 0x00, 0x04, 0x00, 0x00, 0x08, 0x00, 0x00, 0x18,
    0x00, 0x00, 0x78, 0x00, 0x00, 0xe0, 0x01, 0x00, 0x80, 0x07, 0x00, 0x00, 0xfe, 0x01, 0x00, 0xfe,
    0x01, 0x80, 0x07, 0x00, 0xe0, 0x01, 0x00, 0x78, 0x00, 0x00, 0x18, 0x00, 0x00, 0x08, 0x00, 0x00,
    0x00, 0x00, 0x00, 0x1c, 0x00, 0x00, 0x84, 0x9f, 0x01, 0xe0, 0xff, 0x01, 0x30, 0xe0, 0x01, 0x18,
    0x80, 0x01, 0x18, 0x80, 0x01, 0x18, 0x00, 0x00, 0x18, 0x80, 0x01, 0x18, 0x80, 0x01, 0x30, 0xe0,
    0x01, 0xe0, 0xff, 0x01, 0xc0, 0x9f, 0x01, 0x0c, 0x00, 0x00, 0x0c, 0x00, 0x00, 0x00, 0x00, 0x00,
    0xc6, 0xff, 0x00, 0xc7, 0xff, 0x01, 0x00, 0x80, 0x01, 0x0c, 0x80, 0x01, 0x0c, 0x00, 0x00, 0x00,
    0x00, 0x00, 0x00, 0x00, 0x01, 0x00, 0xc0, 0x01, 0x00, 0xf8, 0x00, 0x00, 0x1e, 0x00, 0xc0, 0x1f,
    0x00, 0xf0, 0x18, 0x00, 0x18, 0x18, 0x00, 0xf8, 0x18, 0x00, 0xc0, 0x1f, 0x00, 0x00, 0x1e, 0x00,
    0x00, 0xf8, 0x00, 0x00, 0xc0, 0x01, 0x00, 0x00, 0x01, 0x00, 0x00, 0x00, 0x00, 0x00, 0x00, 0x00,
    0x00, 0x00, 0xf8, 0xff, 0x01, 0xf8, 0xff, 0x01, 0x18, 0x83, 0x01, 0x18, 0x83, 0x01, 0x18, 0x83,
    0x01, 0x18, 0x83, 0x01, 0x18, 0x83, 0x01, 0xf0, 0xff, 0x00, 0xe0, 0x7c, 0x00, 0x00, 0x00, 0x00,
    0x00, 0x00, 0x00, 0x00, 0x00, 0x00, 0xf8, 0xff, 0x01, 0xf8, 0xff, 0x01, 0x18, 0x00, 0x00, 0x18,
    0x00, 0x00, 0x18, 0x00, 0x00, 0x18, 0x00, 0x00, 0x18, 0x00, 0x00, 0x18, 0x00, 0x00, 0x00, 0x00,
    0x00, 0x00, 0x00, 0x00, 0x00, 0xc0, 0x01, 0x00, 0xf0, 0x01, 0x00, 0xbc, 0x01, 0x80, 0x8f, 0x01,
    0xe0, 0x81, 0x01, 0x78, 0x80, 0x01, 0x38, 0x80, 0x01, 0xf0, 0x81, 0x01, 0x80, 0x87, 0x01, 0x00,
    0xbe, 0x01, 0x00, 0xf0, 0x01, 0x00, 0xc0, 0x01, 0x00, 0x00, 0x00, 0x00, 0x00, 0x00, 0x00, 0x00,
    0x00, 0xf8, 0xff, 0x01, 0xf8, 0xff, 0x01, 0x18, 0x86, 0x01, 0x18, 0x86, 0x01, 0x18, 0x86, 0x01,
    0x18, 0x86, 0x01, 0x18, 0x86, 0x01, 0x18, 0x86, 0x01, 0x18, 0x80, 0x01, 0x00, 0x00, 0x00, 0x00,
    0x00, 0x00, 0x18, 0x80, 0x01, 0x18, 0xe0, 0x01, 0x18, 0xf0, 0x01, 0x18, 0x9c, 0x01, 0x18, 0x8e,
    0x01, 0x18, 0x87, 0x01, 0xd8, 0x81, 0x01, 0xf8, 0x80, 0x01, 0x38, 0x80, 0x01, 0x18, 0x80, 0x01,
    0x00, 0x00, 0x00, 0x00, 0x00, 0x00, 0x00, 0x00, 0x00, 0xf8, 0xff, 0x01, 0xf8, 0xff, 0x01, 0x00,
    0x06, 0x00, 0x00, 0x06, 0x00, 0x00, 0x06, 0x00, 0x00, 0x06, 0x00, 0x00, 0x06, 0x00, 0x00, 0x06,
    0x00, 0x00, 0x06, 0x00, 0xf8, 0xff, 0x01, 0xf8, 0xff, 0x01, 0x00, 0x00, 0x00, 0x00, 0x00, 0x00,
    0x80, 0x1f, 0x00, 0xe0, 0x7f, 0x00, 0x70, 0xe0, 0x00, 0x18, 0x84, 0x01, 0x18, 0x84, 0x01, 0x18,
    0x84, 0x01, 0x18, 0x84, 0x01, 0x18, 0x84, 0x01, 0x30, 0xc0, 0x00, 0xf0, 0xf0, 0x00, 0xc0, 0x3f,
    0x00, 0x00, 0x00, 0x00, 0x00, 0x00, 0x00, 0x00, 0x00, 0x00, 0xf8, 0xff, 0x01, 0xf8, 0xff, 0x01,
    0x00, 0x00, 0x00, 0x00, 0x00, 0x00, 0x00, 0x00, 0x00, 0xf8, 0xff, 0x01, 0xf8, 0xff, 0x01, 0x00,
    0x06, 0x00, 0x00, 0x07, 0x00, 0x80, 0x0f, 0x00, 0xc0, 0x1c, 0x00, 0x70, 0x70, 0x00, 0x38, 0xe0,
    0x00, 0x18, 0xc0, 0x01, 0x08, 0x00, 0x01, 0x00, 0x00, 0x00, 0x00, 0x00, 0x00, 0x00, 0xc0, 0x01,
    0x00, 0xf0, 0x01, 0x00, 0x3e, 0x00, 0xc0, 0x07, 0x00, 0xf8, 0x01, 0x00, 0x38, 0x00, 0x00, 0xf8,
    0x01, 0x00, 0xc0, 0x07, 0x00, 0x00, 0x3e, 0x00, 0x00, 0xf0, 0x01, 0x00, 0xc0, 0x01, 0x00, 0x00,
    0x00, 0x00, 0x00, 0x00, 0x00, 0x00, 0x00, 0xf8, 0xff, 0x01, 0x38, 0xf8, 0x01, 0xf0, 0x00, 0x00,
    0xc0, 0x07, 0x00, 0x00, 0x1e, 0x00, 0x00, 0xf8, 0x00, 0x00, 0xc0, 0x01, 0x00, 0xe0, 0x01, 0x00,
    0x3c, 0x00, 0x00, 0x0f, 0x00, 0xe0, 0x03, 0x00, 0x78, 0x00, 0x00, 0xf8, 0xff, 0x01, 0xf8, 0xff,
    0x01, 0x00, 0x00, 0x00, 0x00, 0x00, 0x00, 0x00, 0x00, 0x00, 0xf8, 0xff, 0x01, 0xf8, 0xff, 0x01,
    0xf0, 0x00, 0x00, 0xc0, 0x01, 0x00, 0x80, 0x07, 0x00, 0x00, 0x0e, 0x00, 0x00, 0x3c, 0x00, 0x00,
    0x70, 0x00, 0x00, 0xe0, 0x01, 0xf8, 0xff, 0x01, 0xf8, 0xff, 0x01, 0x00, 0x00, 0x00, 0x00, 0x00,
    0x00, 0x18, 0x80, 0x01, 0x18, 0x86, 0x01, 0x18, 0x86, 0x01, 0x18, 0x86, 0x01, 0x18, 0x86, 0x01,
    0x18, 0x86, 0x01, 0x18, 0x86, 0x01, 0x18, 0x86, 0x01, 0x18, 0x80, 0x01, 0x00, 0x00, 0x00, 0x00,
    0x00, 0x00, 0x80, 0x1f, 0x00, 0xe0, 0x7f, 0x00, 0x70, 0xe0, 0x00, 0x18, 0x80, 0x01, 0x18, 0x80,
    0x01, 0x18, 0x80, 0x01, 0x18, 0x80, 0x01, 0x18, 0x80, 0x01, 0x30, 0xc0, 0x00, 0xf0, 0xf0, 0x00,
    0xe0, 0x7f, 0x00, 0x00, 0x0f, 0x00, 0x00, 0x00, 0x00, 0x00, 0x00, 0x00, 0x00, 0x00, 0x00, 0xf8,
    0xff, 0x01, 0xf8, 0xff, 0x01, 0x18, 0x00, 0x00, 0x18, 0x00, 0x00, 0x18, 0x00, 0x00, 0x18, 0x00,
    0x00, 0x18, 0x00, 0x00, 0x18, 0x00, 0x00, 0x18, 0x00, 0x00, 0xf8, 0xff, 0x01, 0xf8, 0xff, 0x01,
    0x00, 0x00, 0x00, 0x00, 0x00, 0x00, 0x00, 0x00, 0x00, 0xf8, 0xff, 0x01, 0xf8, 0xff, 0x01, 0x18,
    0x0c, 0x00, 0x18, 0x0c, 0x00, 0x18, 0x0c, 0x00, 0x18, 0x0c, 0x00, 0x18, 0x0c, 0x00, 0x30, 0x0e,
    0x00, 0xf0, 0x07, 0x00, 0xc0, 0x03, 0x00, 0x00, 0x00, 0x00, 0x00, 0x00, 0x00, 0x18, 0x80, 0x01,
    0x78, 0xe0, 0x01, 0xf8, 0xf0, 0x01, 0xd8, 0xb9, 0x01, 0x18, 0x8f, 0x01, 0x18, 0x86, 0x01, 0x18,
    0x80, 0x01, 0x18, 0x80, 0x01, 0x18, 0x80, 0x01, 0x00, 0x80, 0x01, 0x00, 0x00, 0x00, 0x18, 0x00,
    0x00, 0x18, 0x00, 0x00, 0x18, 0x00, 0x00, 0x18, 0x00, 0x00, 0x18, 0x00, 0x00, 0xf8, 0xff, 0x01,
    0xf8, 0xff, 0x01, 0x18, 0x00, 0x00, 0x18, 0x00, 0x00, 0x18, 0x00, 0x00, 0x18, 0x00, 0x00, 0x00,
    0x00, 0x00, 0x08, 0x00, 0x00, 0x18, 0x00, 0x00, 0x78, 0x00, 0x00, 0xe0, 0x01, 0x00, 0x80, 0x07,
    0x00, 0x00, 0xfe, 0x01, 0x00, 0xfe, 0x01, 0x80, 0x07, 0x00, 0xe0, 0x01, 0x00, 0x78, 0x00, 0x00,
    0x18, 0x00, 0x00, 0x08, 0x00, 0x00, 0x00, 0x00, 0x00, 0x00, 0x00, 0x00, 0x80, 0x1f, 0x00, 0xc0,
    0x3f, 0x00, 0xc0, 0x30, 0x00, 0x60, 0x60, 0x00, 0x60, 0x60, 0x00, 0xf8, 0xff, 0x01, 0xf8, 0xff,
    0x01, 0x60, 0x60, 0x00, 0x60, 0x60, 0x00, 0x60, 0x60, 0x00, 0xc0, 0x30, 0x00, 0x80, 0x1f, 0x00,
    0x00, 0x06, 0x00, 0x00, 0x00, 0x00, 0x00, 0x00, 0x00, 0x08, 0x00, 0x01, 0x38, 0xc0, 0x01, 0x70,
    0xf0, 0x00, 0xc0, 0x39, 0x00, 0x80, 0x1f, 0x00, 0x00, 0x0f, 0x00, 0xc0, 0x1f, 0x00, 0xe0, 0x70,
    0x00, 0x78, 0xe0, 0x01, 0x18, 0x80, 0x01, 0x08, 0x00, 0x01, 0x00, 0x00, 0x00, 0x00, 0x00, 0x00,
    0xf8, 0x07, 0x00, 0xf8, 0x0f, 0x00, 0x00, 0x18, 0x00, 0x00, 0x18, 0x00, 0x00, 0x10, 0x00, 0xf8,
    0xff, 0x01, 0xf8, 0xff, 0x01, 0x00, 0x10, 0x00, 0x00, 0x18, 0x00, 0x00, 0x1c, 0x00, 0xf8, 0x0f,
    0x00, 0xf8, 0x03, 0x00, 0x00, 0x00, 0x00, 0x00, 0x00, 0x00, 0x80, 0x9f, 0x01, 0xe0, 0xff, 0x01,
    0x30, 0xe0, 0x01, 0x18, 0x80, 0x01, 0x18, 0x80, 0x01, 0x18, 0x00, 0x00, 0x18, 0x80, 0x01, 0x18,
    0x80, 0x01, 0x30, 0xe0, 0x01, 0xe0, 0xff, 0x01, 0xc0, 0x9f, 0x01, 0x00, 0x00, 0x00, 0x03, 0x00,
    0x00, 0x03, 0x00, 0x00, 0xf8, 0xff, 0x01, 0xf8, 0xff, 0x01, 0x03, 0x00, 0x00, 0x03, 0x00, 0x00,
    0x00, 0x00, 0x00, 0x08, 0x00, 0x00, 0x18, 0x00, 0x00, 0x78, 0x00, 0x00, 0xe3, 0x01, 0x00, 0x83,
    0x07, 0x00, 0x00, 0xfe, 0x01, 0x00, 0xfe, 0x01, 0x83, 0x07, 0x00, 0xe3, 0x01, 0x00, 0x78, 0x00,
    0x00, 0x18, 0x00, 0x00, 0x08, 0x00, 0x00, 0x00, 0x00, 0x00, 0x00, 0x00, 0x00, 0x00, 0x7e, 0x00,
    0x80, 0xff, 0x00, 0xc0, 0x81, 0x01, 0xc0, 0x80, 0x01, 0x40, 0x00, 0x01, 0xce, 0x80, 0x01, 0x82,
    0x80, 0x00, 0xc0, 0xff, 0x00, 0xc0, 0xff, 0x01, 0x00, 0x80, 0x01, 0x00, 0x00, 0x00, 0x00, 0x00,
    0x00, 0x00, 0x73, 0x00, 0x80, 0xff, 0x00, 0xc0, 0x8c, 0x01, 0xc0, 0x88, 0x01, 0x4e, 0x08, 0x01,
    0xc2, 0x88, 0x01, 0xc0, 0x80, 0x01, 0x80, 0xc1, 0x00, 0x00, 0x41, 0x00, 0x00, 0x00, 0x00, 0x00,
    0x00, 0x00, 0xc0, 0xff, 0x01, 0xc0, 0xff, 0x01, 0x80, 0x01, 0x00, 0xc0, 0x00, 0x00, 0x4e, 0x00,
    0x00, 0xc2, 0x00, 0x00, 0xc0, 0x00, 0x00, 0x80, 0xff, 0x1f, 0x00, 0xff, 0x1f, 0x00, 0x00, 0x00,
    0x00, 0x00, 0x00, 0x00, 0x00, 0x00, 0xce, 0xff, 0x00, 0xc2, 0xff, 0x01, 0x00, 0x80, 0x01, 0x00,
    0x80, 0x01, 0x00, 0x00, 0x00, 0x00, 0x00, 0x00, 0xcc, 0x3f, 0x00, 0xcc, 0xff, 0x00, 0x00, 0xc0,
    0x01, 0x06, 0x80, 0x01, 0x07, 0x80, 0x01, 0x00, 0x80, 0x01, 0xcc, 0xc0, 0x00, 0xcc, 0xff, 0x00,
    0x00, 0x3f, 0x00, 0x00, 0x00, 0x00, 0x00, 0x00, 0x00, 0x00, 0x7e, 0x00, 0x80, 0xff, 0x00, 0xc0,
    0x81, 0x01, 0xc0, 0x80, 0x01, 0x40, 0x00, 0x01, 0xc0, 0x80, 0x01, 0x80, 0x80, 0x00, 0xc0, 0xff,
    0x00, 0xc0, 0xff, 0x01, 0x00, 0x80, 0x01, 0x00, 0x00, 0x00, 0x00, 0x00, 0x00, 0x00, 0x00, 0x00,
    0xe0, 0xff, 0x1f, 0x30, 0x80, 0x00, 0x18, 0x80, 0x01, 0x18, 0x82, 0x01, 0x18, 0x03, 0x01, 0x18,
    0x83, 0x01, 0xf0, 0xc7, 0x01, 0xe0, 0xfc, 0x00, 0x00, 0x38, 0x00, 0x00, 0x00, 0x00, 0x00, 0x00,
    0x00, 0xc0, 0x01, 0x00, 0x80, 0x0f, 0x00, 0x00, 0x3e, 0x00, 0x00, 0xf0, 0x1f, 0x00, 0xe0, 0x1f,
    0x00, 0x7c, 0x00, 0x80, 0x0f, 0x00, 0xc0, 0x01, 0x00, 0x40, 0x00, 0x00, 0x00, 0x00, 0x00, 0x00,
    0x00, 0x00, 0x00, 0x7c, 0x00, 0x38, 0xff, 0x00, 0x78, 0x81, 0x01, 0xcc, 0x80, 0x01, 0xcc, 0x00,
    0x01, 0x8c, 0x80, 0x01, 0x8c, 0x81, 0x01, 0x08, 0xe7, 0x00, 0x00, 0x7e, 0x00, 0x00, 0x00, 0x00,
    0x00, 0x00, 0x00, 0x00, 0x73, 0x00, 0x80, 0xff, 0x00, 0xc0, 0x8c, 0x01, 0xc0, 0x88, 0x01, 0x40,
    0x08, 0x01, 0xc0, 0x88, 0x01, 0xc0, 0x80, 0x01, 0x80, 0xc1, 0x00, 0x00, 0x41, 0x00, 0x00, 0x00,
    0x00, 0x00, 0x00, 0x00, 0x08, 0x00, 0x00, 0x08, 0xf8, 0x00, 0x08, 0xfe, 0x01, 0x08, 0x83, 0x01,
    0x88, 0x01, 0x01, 0xe8, 0x00, 0x03, 0x78, 0x00, 0x1f, 0x18, 0x00, 0x0e, 0x00, 0x00, 0x00, 0x00,
    0x00, 0x00, 0xc0, 0xff, 0x01, 0xc0, 0xff, 0x01, 0x80, 0x01, 0x00, 0xc0, 0x00, 0x00, 0x40, 0x00,
    0x00, 0xc0, 0x00, 0x00, 0xc0, 0x00, 0x00, 0x80, 0xff, 0x1f, 0x00, 0xff, 0x1f, 0x00, 0x00, 0x00,
    0x00, 0x00, 0x00, 0xc0, 0x1f, 0x00, 0xf0, 0xff, 0x00, 0x30, 0xc4, 0x00, 0x08, 0x04, 0x01, 0x08,
    0x04, 0x01, 0x08, 0x04, 0x01, 0x18, 0x84, 0x01, 0xf0, 0xff, 0x00, 0xe0, 0x7f, 0x00, 0x00, 0x00,
    0x00, 0x00, 0x00, 0x00, 0x00, 0x00, 0x00, 0xc0, 0xff, 0x00, 0xc0, 0xff, 0x01, 0x00, 0x80, 0x01,
    0x00, 0x80, 0x01, 0x00, 0x00, 0x00, 0x00, 0x00, 0x00, 0x00, 0x00, 0x00, 0xc0, 0xff, 0x01, 0x00,
    0x0c, 0x00, 0x00, 0x0c, 0x00, 0x00, 0x1e, 0x00, 0x00, 0x73, 0x00, 0x80, 0xe1, 0x00, 0xc0, 0xc0,
    0x01, 0x40, 0x00, 0x01, 0x00, 0x00, 0x00, 0x00, 0x00, 0x00, 0x00, 0xc0, 0x01, 0x0c, 0xf8, 0x01,
    0x1c, 0x3e, 0x00, 0xf8, 0x07, 0x00, 0xe0, 0x03, 0x00, 0x00, 0x1f, 0x00, 0x00, 0x7c, 0x00, 0x00,
    0xe0, 0x01, 0x00, 0x80, 0x01, 0x00, 0x80, 0x01, 0x00, 0x00, 0x00, 0x00, 0x00, 0x00, 0x00, 0x00,
    0x00, 0xc0, 0xff, 0x1f, 0x00, 0xc0, 0x00, 0x00, 0x80, 0x01, 0x00, 0x00, 0x01, 0x00, 0x80, 0x01,
    0x00, 0x80, 0x00, 0xc0, 0xff, 0x01, 0xc0, 0xff, 0x01, 0x00, 0x00, 0x00, 0x00, 0x00, 0x00, 0xc0,
    0x01, 0x00, 0x80, 0x0f, 0x00, 0x00, 0x7c, 0x00, 0x00, 0xe0, 0x01, 0x00, 0xf0, 0x01, 0x00, 0x3e,
    0x00, 0xc0, 0x07, 0x00, 0xc0, 0x00, 0x00, 0x00, 0x00, 0x00, 0x00, 0x00, 0x00, 0x00, 0x78, 0x00,
    0xf0, 0xfc, 0x00, 0xb0, 0x87, 0x01, 0x18, 0x03, 0x01, 0x18, 0x03, 0x01, 0x08, 0x02, 0x03, 0x18,
    0x02, 0x1f, 0x18, 0x00, 0x0e, 0x00, 0x00, 0x00, 0x00, 0x00, 0x00, 0x00, 0x3e, 0x00, 0x80, 0xff,
    0x00, 0x80, 0xc1, 0x00, 0xc0, 0x80, 0x01, 0x40, 0x80, 0x01, 0xc0, 0x80, 0x01, 0xc0, 0x80, 0x01,
    0x80, 0xe3, 0x00, 0x00, 0x7f, 0x00, 0x00, 0x08, 0x00, 0x00, 0x00, 0x00, 0x40, 0x00, 0x00, 0x40,
    0x00, 0x00, 0xc0, 0xff, 0x01, 0xc0, 0xff, 0x01, 0x40, 0x00, 0x00, 0x40, 0x00, 0x00, 0x40, 0x00,
    0x00, 0x40, 0x00, 0x00, 0xc0, 0xff, 0x00, 0xc0, 0xff, 0x01, 0x40, 0x80, 0x01, 0x00, 0x80, 0x01,
    0x00, 0x00, 0x00, 0x00, 0x00, 0x00, 0x00, 0xfc, 0x1f, 0x00, 0xff, 0x1f, 0x80, 0xc3, 0x00, 0xc0,
    0x80, 0x01, 0xc0, 0x80, 0x01, 0xc0, 0x80, 0x01, 0xc0, 0x80, 0x01, 0x80, 0xff, 0x00, 0x00, 0x7f,
    0x00, 0x00, 0x00, 0x00, 0x00, 0x00, 0x00, 0x00, 0x3e, 0x00, 0x80, 0xff, 0x00, 0x80, 0xc1, 0x00,
    0xc0, 0x80, 0x01, 0x40, 0x80, 0x01, 0xc0, 0x00, 0x01, 0xc0, 0x00, 0x1f, 0x80, 0x03, 0x06, 0x00,
    0x02, 0x00, 0x00, 0x00, 0x00, 0x00, 0x00, 0x00, 0x00, 0x3e, 0x00, 0x80, 0xff, 0x00, 0xc0, 0xc1,
    0x00, 0xc0, 0x80, 0x01, 0x40, 0x80, 0x01, 0xc0, 0x80, 0x01, 0xc0, 0x80, 0x01, 0x40, 0xe3, 0x00,
    0x40, 0x7e, 0x00, 0x40, 0x00, 0x00, 0x00, 0x00, 0x00, 0x00, 0x00, 0x00, 0x40, 0x00, 0x00, 0x40,
    0x00, 0x00, 0x40, 0x00, 0x00, 0xc0, 0xff, 0x00, 0xc0, 0xff, 0x01, 0x40, 0x80, 0x01, 0x40, 0x80,
    0x01, 0x40, 0x00, 0x00, 0x40, 0x00, 0x00, 0x00, 0x00, 0x00, 0x00, 0x00, 0x00, 0xc0, 0x3f, 0x00,
    0xc0, 0xff, 0x00, 0x00, 0xc0, 0x01, 0x00, 0x80, 0x01, 0x00, 0x80, 0x01, 0x00, 0x80, 0x01, 0xc0,
    0xc0, 0x00, 0xc0, 0xff, 0x00, 0x00, 0x3f, 0x00, 0x00, 0x00, 0x00, 0x00, 0x00, 0x00, 0x00, 0x3f,
    0x00, 0x80, 0x7f, 0x00, 0xc0, 0xc0, 0x00, 0x00, 0x80, 0x01, 0x00, 0x80, 0x01, 0x80, 0xff, 0x3f,
    0xc0, 0xff, 0x3f, 0x40, 0x80, 0x01, 0xc0, 0x80, 0x01, 0xc0, 0xc0, 0x00, 0x80, 0xff, 0x00, 0x00,
    0x3f, 0x00, 0x00, 0x00, 0x00, 0x00, 0x00, 0x00, 0xc0, 0x00, 0x10, 0xc0, 0x00, 0x1c, 0x80, 0x03,
    0x0f, 0x00, 0xcf, 0x03, 0x00, 0xfc, 0x00, 0x00, 0xfc, 0x01, 0x00, 0x8f, 0x07, 0xc0, 0x03, 0x0e,
    0xc0, 0x00, 0x18, 0x00, 0x00, 0x18, 0x00, 0x00, 0x00, 0x00, 0x00, 0x00, 0xc0, 0x3f, 0x00, 0xc0,
    0x7f, 0x00, 0x00, 0xc0, 0x00, 0x00, 0x80, 0x01, 0x00, 0x80, 0x01, 0xc0, 0xff, 0x3f, 0xc0, 0xff,
    0x3f, 0x00, 0x80, 0x01, 0x00, 0x80, 0x01, 0x40, 0xc0, 0x00, 0xc0, 0xff, 0x00, 0x80, 0x3f, 0x00,
    0x00, 0x00, 0x00, 0x00, 0x00, 0x00, 0x00, 0x3e, 0x00, 0xc0, 0xff, 0x00, 0xc0, 0xc0, 0x01, 0x00,
    0x80, 0x01, 0x00, 0x80, 0x01, 0x00, 0x80, 0x01, 0x00, 0xfe, 0x00, 0x00, 0x7e, 0x00, 0x00, 0xc0,
    0x00, 0x00, 0x80, 0x01, 0x00, 0x00, 0x01, 0x40, 0x80, 0x01, 0xc0, 0xff, 0x00, 0x80, 0x7f, 0x00,
    0x00, 0x00, 0x00, 0x0c, 0x00, 0x00, 0x0c, 0x00, 0x00, 0xc0, 0xff, 0x00, 0xc0, 0xff, 0x01, 0x0c,
    0x80, 0x01, 0x0c, 0x80, 0x01, 0x00, 0x00, 0x00, 0x00, 0x00, 0x00, 0xc0, 0x3f, 0x00, 0xcc, 0xff,
    0x00, 0x0c, 0xc0, 0x01, 0x00, 0x80, 0x01, 0x00, 0x80, 0x01, 0x0c, 0x80, 0x01, 0xcc, 0xc0, 0x00,
    0xc0, 0xff, 0x00, 0x00, 0x3f, 0x00, 0x00, 0x00, 0x00, 0x00, 0x00, 0x00, 0x00, 0x3e, 0x00, 0x80,
    0xff, 0x00, 0x80, 0xc1, 0x00, 0xc0, 0x80, 0x01, 0x4e, 0x80, 0x01, 0xc2, 0x80, 0x01, 0xc0, 0x80,
    0x01, 0x80, 0xe3, 0x00, 0x00, 0x7f, 0x00, 0x00, 0x08, 0x00, 0x00, 0x00, 0x00, 0x00, 0x00, 0x00,
    0xc0, 0x3f, 0x00, 0xc0, 0xff, 0x00, 0x00, 0xc0, 0x01, 0x00, 0x80, 0x01, 0x0e, 0x80, 0x01, 0x02,
    0x80, 0x01, 0xc0, 0xc0, 0x00, 0xc0, 0xff, 0x00, 0x00, 0x3f, 0x00, 0x00, 0x00, 0x00, 0x00, 0x00,
    0x00, 0x00, 0x3e, 0x00, 0xc0, 0xff, 0x00, 0xc0, 0xc0, 0x01, 0x00, 0x80, 0x01, 0x00, 0x80, 0x01,
    0x00, 0x80, 0x01, 0x00, 0xfe, 0x00, 0x1c, 0x7e, 0x00, 0x04, 0xc0, 0x00, 0x00, 0x80, 0x01, 0x00,
    0x00, 0x01, 0x40, 0x80, 0x01, 0xc0, 0xff, 0x00, 0x80, 0x7f, 0x00, 0x00, 0x00, 0x00, 0x00, 0x00,
    0x00, 0x00, 0x3e, 0x00, 0x00, 0xfe, 0x00, 0xe0, 0xc0, 0x01, 0xf0, 0x81, 0x01, 0x18, 0x83, 0x01,
    0x18, 0x86, 0x01, 0x18, 0x86, 0x01, 0xf0, 0xff, 0x00, 0xe0, 0x7f, 0x00, 0x00, 0x06, 0x00, 0x00,
    0x00, 0x00, 0x18, 0x00, 0x00, 0x18, 0x00, 0x00, 0x70, 0x00, 0x00, 0xe0, 0x03, 0x00, 0x00, 0xff,
    0x01, 0x00, 0xfe, 0x01, 0x80, 0x07, 0x00, 0xe0, 0x01, 0x00, 0x78, 0x00, 0x00, 0x18, 0x00, 0x00,
    0x18, 0x00, 0x00, 0x00, 0x00, 0x00, 0x00, 0x00, 0x00, 0x40, 0x3e, 0x00, 0xc0, 0xff, 0x00, 0xc0,
    0xc0, 0x01, 0x40, 0x80, 0x01, 0x40, 0x80, 0x01, 0x40, 0x80, 0x01, 0x40, 0xfc, 0x00, 0x40, 0xfc,
    0x00, 0x40, 0x80, 0x01, 0x40, 0x80, 0x01, 0x40, 0x80, 0x01, 0xc0, 0xc1, 0x01, 0xc0, 0xff, 0x00,
    0x40, 0x0c, 0x00,
};

static const uint16_t mf_bwfont_Roboto_Regular20bw_glyph_offsets_11[84] PROGMEM = {
    0x0000, 0x0005, 0x000f, 0x001d, 0x0022, 0x002f, 0x003e, 0x0044,
    0x0044, 0x0052, 0x0052, 0x0060, 0x006d, 0x0075, 0x0083, 0x008f,
    0x009a, 0x00a8, 0x00b4, 0x00c0, 0x00ce, 0x00db, 0x00e0, 0x00ed,
    0x00fa, 0x010b, 0x0119, 0x0124, 0x0132, 0x0140, 0x014d, 0x014d,
    0x0159, 0x0165, 0x0172, 0x0181, 0x018e, 0x019c, 0x01a9, 0x01b0,
    0x01bd, 0x01c9, 0x01d4, 0x01df, 0x01e6, 0x01f1, 0x01fd, 0x0209,
    0x0214, 0x021f, 0x022a, 0x0234, 0x023f, 0x024a, 0x0251, 0x025c,
    0x0268, 0x0273, 0x027d, 0x0287, 0x0293, 0x02a0, 0x02ab, 0x02b6,
    0x02c2, 0x02cd, 0x02d8, 0x02e6, 0x02f2, 0x0300, 0x0310, 0x0317,
    0x0322, 0x032e, 0x0339, 0x0349, 0x0349, 0x0349, 0x0355, 0x0361,
    0x0361, 0x0361, 0x0361, 0x0371,
};

static const uint8_t mf_bwfont_Roboto_Regular20bw_glyph_widths_11[83] PROGMEM = {
    0x05, 0x0a, 0x0d, 0x05, 0x0c, 0x0f, 0x06, 0x00, 0x0e, 0x00, 0x0d, 0x0e, 0x06, 0x0d, 0x0c, 0x0b,
    0x0e, 0x0b, 0x0c, 0x0e, 0x0e, 0x05, 0x0d, 0x0d, 0x11, 0x0e, 0x0b, 0x0e, 0x0e, 0x0d, 0x00, 0x0b,
    0x0c, 0x0c, 0x0e, 0x0d, 0x0e, 0x0d, 0x05, 0x0c, 0x0b, 0x0b, 0x0b, 0x06, 0x0b, 0x0b, 0x0c, 0x0a,
    0x0b, 0x0b, 0x0a, 0x0b, 0x0b, 0x06, 0x0b, 0x0b, 0x0b, 0x0a, 0x0a, 0x0b, 0x0c, 0x0b, 0x0b, 0x0b,
    0x0a, 0x0b, 0x0e, 0x0b, 0x0e, 0x10, 0x06, 0x0b, 0x0b, 0x0b, 0x10, 0x00, 0x00, 0x0c, 0x0b, 0x00,
    0x00, 0x00, 0x10,
};

static const uint8_t mf_bwfont_Roboto_Regular20bw_glyph_data_12[22143] PROGMEM = {
    0x00, 0x00, 0x00, 0x00, 0x00, 0x00, 0x00, 0x00, 0x00, 0x00, 0x00, 0x00, 0x00, 0x00, 0x00, 0x00,
    0x00, 0x00, 0x00, 0x00, 0x00, 0x00, 0x00, 0x00, 0x00, 0x00, 0x00, 0x00, 0x00, 0x00, 0x00, 0x00,
    0x00, 0x00, 0x00, 0x00, 0x00, 0x00, 0x00, 0x00, 0x00, 0x00, 0x00, 0x00, 0x00, 0x00, 0x00, 0x00,
    0x00, 0x00, 0x00, 0xe0, 0xff, 0x07, 0xe2, 0xff, 0x07, 0x66, 0x18, 0x06, 0x6c, 0x18, 0x06, 0x60,
    0x18, 0x06, 0x60, 0x18, 0x06, 0x60, 0x18, 0x06, 0x60, 0x18, 0x06, 0x60, 0x00, 0x06, 0x00, 0x00,
    0x00, 0x00, 0x00, 0x00, 0x00, 0x00, 0x00, 0x00, 0x00, 0x00, 0x00, 0x00, 0x00, 0x00, 0x00, 0x00,
    0x00, 0x00, 0x00, 0x00, 0x00, 0x00, 0x00, 0x00, 0x00, 0x00, 0x00, 0x00, 0x00, 0x00, 0x00, 0x00,
    0x00, 0x00, 0x00, 0x00, 0x00, 0x00, 0x00, 0x00, 0x00, 0x00, 0x00, 0x00, 0x00, 0x00, 0x00, 0x00,
    0x00, 0xe0, 0xff, 0x07, 0xec, 0xff, 0x07, 0x6c, 0x18, 0x06, 0x60, 0x18, 0x06, 0x60, 0x18, 0x06,
    0x6c, 0x18, 0x06, 0x6c, 0x18, 0x06, 0x60, 0x18, 0x06, 0x60, 0x00, 0x06, 0x00, 0x00, 0x00, 0x00,
    0x00, 0x00, 0x00, 0x00, 0x00, 0x00, 0x00, 0x00, 0x00, 0x00, 0x00, 0x00, 0x00, 0x00, 0x00, 0x00,
    0x00, 0x00, 0x00, 0x00, 0x00, 0x00, 0x00, 0x00, 0x00, 0x00, 0x00, 0x00, 0x00, 0x00, 0x00, 0x00,
    0x00, 0x00, 0x00, 0x00, 0x00, 0x00, 0x00, 0x00, 0x00, 0x60, 0x00, 0x00, 0x60, 0x00, 0x00, 0x60,
    0x00, 0x00, 0x60, 0x00, 0x00, 0xe0, 0xff, 0x07, 0xe0, 0xff, 0x07, 0x60, 0x0c, 0x00, 0x60, 0x0c,
    0x00, 0x60, 0x0c, 0x00, 0x60, 0x0c, 0x06, 0x60, 0x0c, 0x06, 0x00, 0x0c, 0x06, 0x00, 0xf8, 0x03,
    0x00, 0xf0, 0x01, 0x00, 0x00, 0x00, 0x00, 0x00, 0x00, 0x00, 0x00, 0x00, 0x00, 0x00, 0x00, 0x00,
    0x00, 0x00, 0x00, 0x00, 0x00, 0x00, 0x00, 0x00, 0x00, 0x00, 0x00, 0x00, 0x00, 0x00, 0x00, 0x00,
    0x00, 0x00, 0x00, 0x00, 0x00, 0x00, 0x00, 0x00, 0x00, 0x00, 0x00, 0x00, 0x00, 0x00, 0x00, 0x00,
    0x00, 0x00, 0x00, 0x00, 0x00, 0x00, 0xe0, 0xff, 0x07, 0xe0, 0xff, 0x07, 0x60, 0x00, 0x00, 0x60,
    0x00, 0x00, 0x6c, 0x00, 0x00, 0x66, 0x00, 0x00, 0x62, 0x00, 0x00, 0x60, 0x00, 0x00, 0x00, 0x00,
    0x00, 0x00, 0x00, 0x00, 0x00, 0x00, 0x00, 0x00, 0x00, 0x00, 0x00, 0x00, 0x00, 0x00, 0x00, 0x00,
    0x00, 0x00, 0x00, 0x00, 0x00, 0x00, 0x00, 0x00, 0x00, 0x00, 0x00, 0x00, 0x00, 0x00, 0x00, 0x00,
    0x00, 0x00, 0x00, 0x00, 0x00, 0x00, 0x00, 0x00, 0x00, 0x00, 0x00, 0x00, 0x00, 0x00, 0x00, 0x7e,
    0x00, 0x80, 0xff, 0x01, 0xc0, 0x99, 0x03, 0x60, 0x18, 0x06, 0x60, 0x18, 0x06, 0x60, 0x18, 0x06,
    0x60, 0x18, 0x06, 0x60, 0x18, 0x06, 0xc0, 0x00, 0x03, 0xc0, 0xc3, 0x03, 0x00, 0xc3, 0x00, 0x00,
    0x00, 0x00, 0x00, 0x00, 0x00, 0x00, 0x00, 0x00, 0x00, 0x00, 0x00, 0x00, 0x00, 0x00, 0x00, 0x00,
    0x00, 0x00, 0x00, 0x00, 0x00, 0x00, 0x00, 0x00, 0x00, 0x00, 0x00, 0x00, 0x00, 0x00, 0x00, 0x00,
    0x00, 0x00, 0x00, 0x00, 0x00, 0x00, 0x00, 0x00, 0x00, 0x00, 0x00, 0x00, 0x00, 0x00, 0x00, 0x80,
    0x83, 0x01, 0xc0, 0x87, 0x03, 0xc0, 0x0c, 0x06, 0x60, 0x08, 0x06, 0x60, 0x18, 0x06, 0x60, 0x18,
    0x06, 0x60, 0x10, 0x06, 0x60, 0x30, 0x06, 0xc0, 0xf1, 0x03, 0x80, 0xe1, 0x01, 0x00, 0x00, 0x00,
    0x00, 0x00, 0x00, 0x00, 0x00, 0x00, 0x00, 0x00, 0x00, 0x00, 0x00, 0x00, 0x00, 0x00, 0x00, 0x00,
    0x00, 0x00, 0x00, 0x00, 0x00, 0x00, 0x00, 0x00, 0x00, 0x00, 0x00, 0x00, 0x00, 0x00, 0x00, 0x00,
    0x00, 0x00, 0x00, 0x00, 0x00, 0x00, 0x00, 0x00, 0x00, 0x00, 0x00, 0x00, 0x00, 0x00, 0x00, 0x00,
    0xe0, 0xff, 0x07, 0xe0, 0xff, 0x07, 0x00, 0x00, 0x00, 0x00, 0x00, 0x00, 0x00, 0x00, 0x00, 0x00,
    0x00, 0x00, 0x00, 0x00, 0x00, 0x00, 0x00, 0x00, 0x00, 0x00, 0x00, 0x00, 0x00, 0x00, 0x00, 0x00,
    0x00, 0x00, 0x00, 0x00, 0x00, 0x00, 0x00, 0x00, 0x00, 0x00, 0x00, 0x00, 0x00, 0x00, 0x00, 0x00,
    0x00, 0x00, 0x00, 0x0c, 0x00, 0x00, 0x0c, 0x00, 0x00, 0xe0, 0xff, 0x07, 0xe0, 0xff, 0x07, 0x0c,
    0x00, 0x00, 0x0c, 0x00, 0x00, 0x00, 0x00, 0x00, 0x00, 0x00, 0x00, 0x00, 0x00, 0x00, 0x00, 0x00,
    0x00, 0x00, 0x00, 0x00, 0x00, 0x00, 0x00, 0x00, 0x00, 0x00, 0x00, 0x00, 0x00, 0x00, 0x00, 0x00,
    0x00, 0x00, 0x00, 0x00, 0x00, 0x00, 0x00, 0x00, 0x00, 0x00, 0x00, 0x00, 0x00, 0x00, 0x00, 0x00,
    0x00, 0x00, 0x00, 0x00, 0x00, 0x00, 0x80, 0x03, 0x00, 0x00, 0x03, 0x00, 0x00, 0x06, 0x00, 0x00,
    0x06, 0x00, 0x00, 0x06, 0x00, 0x00, 0x06, 0x00, 0x00, 0x03, 0xe0, 0xff, 0x03, 0xe0, 0x7f, 0x00,
    0x00, 0x00, 0x00, 0x00, 0x00, 0x00, 0x00, 0x00, 0x00, 0x00, 0x00, 0x00, 0x00, 0x00, 0x00, 0x00,
    0x00, 0x00, 0x00, 0x00, 0x00, 0x00, 0x00, 0x00, 0x00, 0x00, 0x00, 0x00, 0x00, 0x00, 0x00, 0x00,
    0x00, 0x00, 0x00, 0x00, 0x00, 0x00, 0x00, 0x00, 0x00, 0x00, 0x00, 0x00, 0x00, 0x00, 0x00, 0x06,
    0x00, 0x00, 0x06, 0x00, 0x00, 0x06, 0x00, 0xfe, 0x03, 0xe0, 0xff, 0x01, 0x60, 0x00, 0x00, 0x60,
    0x00, 0x00, 0x60, 0x00, 0x00, 0x60, 0x00, 0x00, 0x60, 0x00, 0x00, 0xe0, 0xff, 0x07, 0xe0, 0xff,
    0x07, 0x00, 0x0c, 0x06, 0x00, 0x0c, 0x06, 0x00, 0x0c, 0x06, 0x00, 0x0c, 0x06, 0x00, 0x0c, 0x06,
    0x00, 0x0c, 0x06, 0x00, 0x18, 0x03, 0x00, 0xf8, 0x03, 0x00, 0x40, 0x00, 0x00, 0x00, 0x00, 0x00,
    0x00, 0x00, 0x00, 0x00, 0x00, 0x00, 0x00, 0x00, 0x00, 0x00, 0x00, 0x00, 0x00, 0x00, 0x00, 0x00,
    0x00, 0x00, 0x00, 0x00, 0x00, 0x00, 0x00, 0x00, 0x00, 0x00, 0x00, 0x00, 0x00, 0x00, 0x00, 0x00,
    0x00, 0x00, 0x00, 0x00, 0x00, 0x00, 0x00, 0x00, 0x00, 0x00, 0x00, 0x00, 0x00, 0x00, 0x00, 0xe0,
    0xff, 0x07, 0xe0, 0xff, 0x07, 0x00, 0x18, 0x00, 0x00, 0x18, 0x00, 0x00, 0x18, 0x00, 0x00, 0x18,
    0x00, 0x00, 0x18, 0x00, 0x00, 0x18, 0x00, 0x00, 0x18, 0x00, 0xe0, 0xff, 0x07, 0xe0, 0xff, 0x07,
    0x00, 0x18, 0x06, 0x00, 0x18, 0x06, 0x00, 0x18, 0x06, 0x00, 0x18, 0x06, 0x00, 0x10, 0x06, 0x00,
    0x30, 0x07, 0x00, 0xe0, 0x03, 0x00, 0xc0, 0x01, 0x00, 0x00, 0x00, 0x00, 0x00, 0x00, 0x00, 0x00,
    0x00, 0x00, 0x00, 0x00, 0x00, 0x00, 0x00, 0x00, 0x00, 0x00, 0x00, 0x00, 0x00, 0x00, 0x00, 0x00,
    0x00, 0x00, 0x00, 0x00, 0x00, 0x00, 0x00, 0x00, 0x00, 0x00, 0x00, 0x00, 0x00, 0x00, 0x00, 0x00,
    0x00, 0x00, 0x00, 0x00, 0x00, 0x00, 0x00, 0x00, 0x60, 0x00, 0x00, 0x60, 0x00, 0x00, 0x60, 0x00,
    0x00, 0x60, 0x00, 0x00, 0xe0, 0xff, 0x07, 0x60, 0x0c, 0x00, 0x60, 0x0c, 0x00, 0x60, 0x0c, 0x00,
    0x60, 0x0c, 0x00, 0x60, 0x0c, 0x00, 0x60, 0x0c, 0x00, 0x00, 0x18, 0x00, 0x00, 0xf8, 0x07, 0x00,
    0xe0, 0x07, 0x00, 0x00, 0x00, 0x00, 0x00, 0x00, 0x00, 0x00, 0x00, 0x00, 0x00, 0x00, 0x00, 0x00,
    0x00, 0x00, 0x00, 0x00, 0x00, 0x00, 0x00, 0x00, 0x00, 0x00, 0x00, 0x00, 0x00, 0x00, 0x00, 0x00,
    0x00, 0x00, 0x00, 0x00, 0x00, 0x00, 0x00, 0x00, 0x00, 0x00, 0x00, 0x00, 0x00, 0x00, 0x00, 0x00,
    0x00, 0x00, 0x00, 0x00, 0x00, 0xe0, 0xff, 0x07, 0xe0, 0xff, 0x07, 0x00, 0x18, 0x00, 0x00, 0x1c,
    0x00, 0x0c, 0x3e, 0x00, 0x06, 0x73, 0x00, 0xc2, 0xc1, 0x01, 0xe0, 0x80, 0x03, 0x60, 0x00, 0x07,
    0x20, 0x00, 0x04, 0x00, 0x00, 0x00, 0x00, 0x00, 0x00, 0x00, 0x00, 0x00, 0x00, 0x00, 0x00, 0x00,
    0x00, 0x00, 0x00, 0x00, 0x00, 0x00, 0x00, 0x00, 0x00, 0x00, 0x00, 0x00, 0x00, 0x00, 0x00, 0x00,
    0x00, 0x00, 0x00, 0x00, 0x00, 0x00, 0x00, 0x00, 0x00, 0x00, 0x00, 0x00, 0x00, 0x00, 0x00, 0x00,
    0x00, 0x00, 0x00, 0x00, 0x00, 0x00, 0xe0, 0xff, 0x07, 0xe0, 0xff, 0x07, 0x00, 0xc0, 0x03, 0x02,
    0xe0, 0x00, 0x06, 0x78, 0x00, 0x0c, 0x1c, 0x00, 0x00, 0x07, 0x00, 0x80, 0x03, 0x00, 0xe0, 0x00,
    0x00, 0xe0, 0xff, 0x07, 0xe0, 0xff, 0x07, 0x00, 0x00, 0x00, 0x00, 0x00, 0x00, 0x00, 0x00, 0x00,
    0x00, 0x00, 0x00, 0x00, 0x00, 0x00, 0x00, 0x00, 0x00, 0x00, 0x00, 0x00, 0x00, 0x00, 0x00, 0x00,
    0x00, 0x00, 0x00, 0x00, 0x00, 0x00, 0x00, 0x00, 0x00, 0x00, 0x00, 0x00, 0x00, 0x00, 0x00, 0x00,
    0x00, 0x00, 0x00, 0x00, 0x00, 0x00, 0x00, 0x60, 0x00, 0x00, 0xe0, 0x01, 0x00, 0xc2, 0x07, 0x06,
    0x0e, 0x1e, 0x06, 0x08, 0xf8, 0x03, 0x08, 0xe0, 0x01, 0x0c, 0x78, 0x00, 0x06, 0x1f, 0x00, 0xc0,
    0x07, 0x00, 0xe0, 0x00, 0x00, 0x20, 0x00, 0x00, 0x00, 0x00, 0x00, 0x00, 0x00, 0x00, 0x00, 0x00,
    0x00, 0x00, 0x00, 0x00, 0x00, 0x00, 0x00, 0x00, 0x00, 0x00, 0x00, 0x00, 0x00, 0x00, 0x00, 0x00,
    0x00, 0x00, 0x00, 0x00, 0x00, 0x00, 0x00, 0x00, 0x00, 0x00, 0x00, 0x00, 0x00, 0x00, 0x00, 0x00,
    0x00, 0x00, 0x00, 0x00, 0x00, 0x00, 0x00, 0x00, 0x00, 0x00, 0x00, 0xe0, 0xff, 0x07, 0xe0, 0xff,
    0x07, 0x00, 0x00, 0x06, 0x00, 0x00, 0x06, 0x00, 0x00, 0x7e, 0x00, 0x00, 0x7e, 0x00, 0x00, 0x06,
    0x00, 0x00, 0x06, 0x00, 0x00, 0x06, 0xe0, 0xff, 0x07, 0xe0, 0xff, 0x07, 0x00, 0x00, 0x00, 0x00,
    0x00, 0x00, 0x00, 0x00, 0x00, 0x00, 0x00, 0x00, 0x00, 0x00, 0x00, 0x00, 0x00, 0x00, 0x00, 0x00,
    0x00, 0x00, 0x00, 0x00, 0x00, 0x00, 0x00, 0x00, 0x00, 0x00, 0x00, 0x00, 0x00, 0x00, 0x00, 0x00,
    0x00, 0x00, 0x00, 0x00, 0x00, 0x00, 0x00, 0x00, 0x00, 0x00, 0x00, 0x04, 0x00, 0x00, 0x07, 0x00,
    0xe0, 0x03, 0x00, 0x78, 0x00, 0x00, 0x7f, 0x00, 0xc0, 0x63, 0x00, 0x60, 0x60, 0x00, 0xe0, 0x63,
    0x00, 0x00, 0x7f, 0x00, 0x00, 0x78, 0x00, 0x00, 0xe0, 0x03, 0x00, 0x00, 0x07, 0x00, 0x00, 0x04,
    0x00, 0x00, 0x00, 0x00, 0x00, 0x00, 0x00, 0x00, 0x00, 0x00, 0x00, 0x00, 0x00, 0x00, 0x00, 0x00,
    0x00, 0x00, 0x00, 0x00, 0x00, 0x00, 0x00, 0x00, 0x00, 0x00, 0x00, 0x00, 0x00, 0x00, 0x00, 0x00,
    0x00, 0x00, 0x00, 0x00, 0x00, 0x00, 0x00, 0x00, 0x00, 0x00, 0x00, 0x00, 0x00, 0x00, 0x00, 0x00,
    0x00, 0x00, 0x00, 0xe0, 0xff, 0x07, 0x60, 0x0c, 0x06, 0x60, 0x0c, 0x06, 0x60, 0x0c, 0x06, 0x60,
    0x0c, 0x06, 0x60, 0x0c, 0x06, 0x60, 0x08, 0x06, 0x60, 0x18, 0x03, 0x00, 0xf0, 0x03, 0x00, 0xe0,
    0x00, 0x00, 0x00, 0x00, 0x00, 0x00, 0x00, 0x00, 0x00, 0x00, 0x00, 0x00, 0x00, 0x00, 0x00, 0x00,
    0x00, 0x00, 0x00, 0x00, 0x00, 0x00, 0x00, 0x00, 0x00, 0x00, 0x00, 0x00, 0x00, 0x00, 0x00, 0x00,
    0x00, 0x00, 0x00, 0x00, 0x00, 0x00, 0x00, 0x00, 0x00, 0x00, 0x00, 0x00, 0x00, 0x00, 0x00, 0x00,
    0x00, 0x00, 0x00, 0x00, 0xe0, 0xff, 0x07, 0xe0, 0xff, 0x07, 0x60, 0x0c, 0x06, 0x60, 0x0c, 0x06,
    0x60, 0x0c, 0x06, 0x60, 0x0c, 0x06, 0x60, 0x0c, 0x06, 0xc0, 0xff, 0x03, 0x80, 0xf3, 0x01, 0x00,
    0x00, 0x00, 0x00, 0x00, 0x00, 0x00, 0x00, 0x00, 0x00, 0x00, 0x00, 0x00, 0x00, 0x00, 0x00, 0x00,
    0x00, 0x00, 0x00, 0x00, 0x00, 0x00, 0x00, 0x00, 0x00, 0x00, 0x00, 0x00, 0x00, 0x00, 0x00, 0x00,
    0x00, 0x00, 0x00, 0x00, 0x00, 0x00, 0x00, 0x00, 0x00, 0x00, 0x00, 0x00, 0x00, 0x00, 0x00, 0x00,
    0x00, 0x00, 0xe0, 0xff, 0x07, 0xe0, 0xff, 0x07, 0x60, 0x00, 0x00, 0x60, 0x00, 0x00, 0x60, 0x00,
    0x00, 0x60, 0x00, 0x00, 0x60, 0x00, 0x00, 0x60, 0x00, 0x00, 0x00, 0x00, 0x00, 0x00, 0x00, 0x00,
    0x00, 0x00, 0x00, 0x00, 0x00, 0x00, 0x00, 0x00, 0x00, 0x00, 0x00, 0x00, 0x00, 0x00, 0x00, 0x00,
    0x00, 0x00, 0x00, 0x00, 0x00, 0x00, 0x00, 0x00, 0x00, 0x00, 0x00, 0x00, 0x00, 0x00, 0x00, 0x00,
    0x00, 0x00, 0x00, 0x00, 0x00, 0x00, 0x00, 0x00, 0x00, 0x00, 0x00, 0x00, 0x7e, 0x00, 0x00, 0x07,
    0x00, 0xe0, 0x07, 0xe0, 0xff, 0x06, 0xe0, 0x1f, 0x06, 0x60, 0x00, 0x06, 0x60, 0x00, 0x06, 0x60,
    0x00, 0x06, 0x60, 0x00, 0x06, 0x60, 0x00, 0x06, 0xe0, 0xff, 0x07, 0xe0, 0xff, 0x07, 0x00, 0x00,
    0x7e, 0x00, 0x00, 0x00, 0x00, 0x00, 0x00, 0x00, 0x00, 0x00, 0x00, 0x00, 0x00, 0x00, 0x00, 0x00,
    0x00, 0x00, 0x00, 0x00, 0x00, 0x00, 0x00, 0x00, 0x00, 0x00, 0x00, 0x00, 0x00, 0x00, 0x00, 0x00,
    0x00, 0x00, 0x00, 0x00, 0x00, 0x00, 0x00, 0x00, 0x00, 0x00, 0x00, 0x00, 0x00, 0x00, 0x00, 0x00,
    0x00, 0x00, 0x00, 0x00, 0xe0, 0xff, 0x07, 0xe0, 0xff, 0x07, 0x60, 0x18, 0x06, 0x60, 0x18, 0x06,
    0x60, 0x18, 0x06, 0x60, 0x18, 0x06, 0x60, 0x18, 0x06, 0x60, 0x18, 0x06, 0x60, 0x00, 0x06, 0x00,
    0x00, 0x00, 0x00, 0x00, 0x00, 0x00, 0x00, 0x00, 0x00, 0x00, 0x00, 0x00, 0x00, 0x00, 0x00, 0x00,
    0x00, 0x00, 0x00, 0x00, 0x00, 0x00, 0x00, 0x00, 0x00, 0x00, 0x00, 0x00, 0x00, 0x00, 0x00, 0x00,
    0x00, 0x00, 0x00, 0x00, 0x00, 0x00, 0x00, 0x00, 0x00, 0x00, 0x00, 0x00, 0x00, 0x00, 0x00, 0x20,
    0x00, 0x06, 0xe0, 0x80, 0x07, 0xc0, 0xc1, 0x01, 0x80, 0xf3, 0x00, 0x00, 0x3e, 0x00, 0x00, 0x0c,
    0x00, 0x00, 0x0c, 0x00, 0xe0, 0xff, 0x07, 0xe0, 0xff, 0x07, 0x00, 0x0c, 0x00, 0x00, 0x0c, 0x00,
    0x00, 0x3e, 0x00, 0x00, 0x7f, 0x00, 0xc0, 0xe1, 0x01, 0xe0, 0x80, 0x07, 0x60, 0x00, 0x07, 0x00,
    0x00, 0x04, 0x00, 0x00, 0x00, 0x00, 0x00, 0x00, 0x00, 0x00, 0x00, 0x00, 0x00, 0x00, 0x00, 0x00,
    0x00, 0x00, 0x00, 0x00, 0x00, 0x00, 0x00, 0x00, 0x00, 0x00, 0x00, 0x00, 0x00, 0x00, 0x00, 0x00,
    0x00, 0x00, 0x00, 0x00, 0x00, 0x00, 0x00, 0x00, 0x00, 0x00, 0x00, 0x00, 0x00, 0x00, 0x00, 0x00,
    0x00, 0x00, 0x80, 0x81, 0x01, 0xc0, 0x81, 0x03, 0x60, 0x00, 0x06, 0x60, 0x18, 0x06, 0x60, 0x18,
    0x06, 0x60, 0x18, 0x06, 0x60, 0x18, 0x06, 0xe0, 0x38, 0x06, 0xc0, 0xef, 0x03, 0x80, 0xe3, 0x01,
    0x00, 0x00, 0x00, 0x00, 0x00, 0x00, 0x00, 0x00, 0x00, 0x00, 0x00, 0x00, 0x00, 0x00, 0x00, 0x00,
    0x00, 0x00, 0x00, 0x00, 0x00, 0x00, 0x00, 0x00, 0x00, 0x00, 0x00, 0x00, 0x00, 0x00, 0x00, 0x00,
    0x00, 0x00, 0x00, 0x00, 0x00, 0x00, 0x00, 0x00, 0x00, 0x00, 0x00, 0x00, 0x00, 0x00, 0x00, 0x00,
    0x00, 0x00, 0x00, 0xe0, 0xff, 0x07, 0xe0, 0xff, 0x07, 0x00, 0xc0, 0x03, 0x00, 0xe0, 0x00, 0x00,
    0x78, 0x00, 0x00, 0x1c, 0x00, 0x00, 0x07, 0x00, 0x80, 0x03, 0x00, 0xe0, 0x00, 0x00, 0xe0, 0xff,
    0x07, 0xe0, 0xff, 0x07, 0x00, 0x00, 0x00, 0x00, 0x00, 0x00, 0x00, 0x00, 0x00, 0x00, 0x00, 0x00,
    0x00, 0x00, 0x00, 0x00, 0x00, 0x00, 0x00, 0x00, 0x00, 0x00, 0x00, 0x00, 0x00, 0x00, 0x00, 0x00,
    0x00, 0x00, 0x00, 0x00, 0x00, 0x00, 0x00, 0x00, 0x00, 0x00, 0x00, 0x00, 0x00, 0x00, 0x00, 0x00,
    0x00, 0x00, 0x00, 0x00, 0x00, 0x00, 0x00, 0xe0, 0xff, 0x07, 0xe0, 0xff, 0x07, 0x02, 0xc0, 0x03,
    0x0e, 0xe0, 0x00, 0x08, 0x78, 0x00, 0x08, 0x1c, 0x00, 0x0c, 0x07, 0x00, 0x86, 0x03, 0x00, 0xe0,
    0x00, 0x00, 0xe0, 0xff, 0x07, 0xe0, 0xff, 0x07, 0x00, 0x00, 0x00, 0x00, 0x00, 0x00, 0x00, 0x00,
    0x00, 0x00, 0x00, 0x00, 0x00, 0x00, 0x00, 0x00, 0x00, 0x00, 0x00, 0x00, 0x00, 0x00, 0x00, 0x00,
    0x00, 0x00, 0x00, 0x00, 0x00, 0x00, 0x00, 0x00, 0x00, 0x00, 0x00, 0x00, 0x00, 0x00, 0x00, 0x00,
    0x00, 0x00, 0x00, 0x00, 0x00, 0x00, 0x00, 0x00, 0x00, 0x00, 0x00, 0xe0, 0xff, 0x07, 0xe0, 0xff,
    0x07, 0x00, 0x18, 0x00, 0x00, 0x18, 0x00, 0x00, 0x3c, 0x00, 0x00, 0xe7, 0x00, 0x80, 0xc3, 0x01,
    0xc0, 0x81, 0x03, 0x60, 0x00, 0x07, 0x20, 0x00, 0x06, 0x00, 0x00, 0x00, 0x00, 0x00, 0x00, 0x00,
    0x00, 0x00, 0x00, 0x00, 0x00, 0x00, 0x00, 0x00, 0x00, 0x00, 0x00, 0x00, 0x00, 0x00, 0x00, 0x00,
    0x00, 0x00, 0x00, 0x00, 0x00, 0x00, 0x00, 0x00, 0x00, 0x00, 0x00, 0x00, 0x00, 0x00, 0x00, 0x00,
    0x00, 0x00, 0x00, 0x00, 0x00, 0x00, 0x00, 0x00, 0x06, 0x00, 0x00, 0x06, 0x00, 0x00, 0x06, 0x00,
    0xff, 0x03, 0xe0, 0xff, 0x01, 0x60, 0x00, 0x00, 0x60, 0x00, 0x00, 0x60, 0x00, 0x00, 0x60, 0x00,
    0x00, 0x60, 0x00, 0x00, 0x60, 0x00, 0x00, 0xe0, 0xff, 0x07, 0x00, 0x00, 0x00, 0x00, 0x00, 0x00,
    0x00, 0x00, 0x00, 0x00, 0x00, 0x00, 0x00, 0x00, 0x00, 0x00, 0x00, 0x00, 0x00, 0x00, 0x00, 0x00,
    0x00, 0x00, 0x00, 0x00, 0x00, 0x00, 0x00, 0x00, 0x00, 0x00, 0x00, 0x00, 0x00, 0x00, 0x00, 0x00,
    0x00, 0x00, 0x00, 0x00, 0x00, 0x00, 0x00, 0x00, 0x00, 0x00, 0x00, 0x00, 0x00, 0xe0, 0xff, 0x07,
    0xe0, 0xe0, 0x07, 0xc0, 0x03, 0x00, 0x00, 0x1f, 0x00, 0x00, 0x78, 0x00, 0x00, 0xe0, 0x03, 0x00,
    0x00, 0x07, 0x00, 0x80, 0x07, 0x00, 0xf0, 0x00, 0x00, 0x3c, 0x00, 0x80, 0x0f, 0x00, 0xe0, 0x01,
    0x00, 0xe0, 0xff, 0x07, 0xe0, 0xff, 0x07, 0x00, 0x00, 0x00, 0x00, 0x00, 0x00, 0x00, 0x00, 0x00,
    0x00, 0x00, 0x00, 0x00, 0x00, 0x00, 0x00, 0x00, 0x00, 0x00, 0x00, 0x00, 0x00, 0x00, 0x00, 0x00,
    0x00, 0x00, 0x00, 0x00, 0x00, 0x00, 0x00, 0x00, 0x00, 0x00, 0x00, 0x00, 0x00, 0x00, 0x00, 0x00,
    0x00, 0x00, 0x00, 0x00, 0x00, 0x00, 0x00, 0x00, 0x00, 0x00, 0xe0, 0xff, 0x07, 0xe0, 0xff, 0x07,
    0x00, 0x18, 0x00, 0x00, 0x18, 0x00, 0x00, 0x18, 0x00, 0x00, 0x18, 0x00, 0x00, 0x18, 0x00, 0x00,
    0x18, 0x00, 0x00, 0x18, 0x00, 0xe0, 0xff, 0x07, 0xe0, 0xff, 0x07, 0x00, 0x00, 0x00, 0x00, 0x00,
    0x00, 0x00, 0x00, 0x00, 0x00, 0x00, 0x00, 0x00, 0x00, 0x00, 0x00, 0x00, 0x00, 0x00, 0x00, 0x00,
    0x00, 0x00, 0x00, 0x00, 0x00, 0x00, 0x00, 0x00, 0x00, 0x00, 0x00, 0x00, 0x00, 0x00, 0x00, 0x00,
    0x00, 0x00, 0x00, 0x00, 0x00, 0x00, 0x00, 0x00, 0x00, 0x00, 0x00, 0x00, 0x7e, 0x00, 0x80, 0xff,
    0x01, 0xc0, 0x81, 0x03, 0x60, 0x00, 0x06, 0x60, 0x00, 0x06, 0x60, 0x00, 0x06, 0x60, 0x00, 0x06,
    0x60, 0x00, 0x06, 0xc0, 0x00, 0x03, 0xc0, 0xc3, 0x03, 0x80, 0xff, 0x01, 0x00, 0x3c, 0x00, 0x00,
    0x00, 0x00, 0x00, 0x00, 0x00, 0x00, 0x00, 0x00, 0x00, 0x00, 0x00, 0x00, 0x00, 0x00, 0x00, 0x00,
    0x00, 0x00, 0x00, 0x00, 0x00, 0x00, 0x00, 0x00, 0x00, 0x00, 0x00, 0x00, 0x00, 0x00, 0x00, 0x00,
    0x00, 0x00, 0x00, 0x00, 0x00, 0x00, 0x00, 0x00, 0x00, 0x00, 0x00, 0x00, 0x00, 0x00, 0x00, 0x00,
    0x00, 0x00, 0xe0, 0xff, 0x07, 0xe0, 0xff, 0x07, 0x60, 0x00, 0x00, 0x60, 0x00, 0x00, 0x60, 0x00,
    0x00, 0x60, 0x00, 0x00, 0x60, 0x00, 0x00, 0x60, 0x00, 0x00, 0x60, 0x00, 0x00, 0xe0, 0xff, 0x07,
    0xe0, 0xff, 0x07, 0x00, 0x00, 0x00, 0x00, 0x00, 0x00, 0x00, 0x00, 0x00, 0x00, 0x00, 0x00, 0x00,
    0x00, 0x00, 0x00, 0x00, 0x00, 0x00, 0x00, 0x00, 0x00, 0x00, 0x00, 0x00, 0x00, 0x00, 0x00, 0x00,
    0x00, 0x00, 0x00, 0x00, 0x00, 0x00, 0x00, 0x00, 0x00, 0x00, 0x00, 0x00, 0x00, 0x00, 0x00, 0x00,
    0x00, 0x00, 0x00, 0x00, 0x00, 0x00, 0xe0, 0xff, 0x07, 0xe0, 0xff, 0x07, 0x60, 0x30, 0x00, 0x60,
    0x30, 0x00, 0x60, 0x30, 0x00, 0x60, 0x30, 0x00, 0x60, 0x30, 0x00, 0xc0, 0x38, 0x00, 0xc0, 0x1f,
    0x00, 0x00, 0x0f, 0x00, 0x00, 0x00, 0x00, 0x00, 0x00, 0x00, 0x00, 0x00, 0x00, 0x00, 0x00, 0x00,
    0x00, 0x00, 0x00, 0x00, 0x00, 0x00, 0x00, 0x00, 0x00, 0x00, 0x00, 0x00, 0x00, 0x00, 0x00, 0x00,
    0x00, 0x00, 0x00, 0x00, 0x00, 0x00, 0x00, 0x00, 0x00, 0x00, 0x00, 0x00, 0x00, 0x00, 0x00, 0x00,
    0x00, 0x00, 0x00, 0x00, 0x00, 0x7e, 0x00, 0x80, 0xff, 0x01, 0xc0, 0x81, 0x03, 0x60, 0x00, 0x06,
    0x60, 0x00, 0x06, 0x60, 0x00, 0x06, 0x60, 0x00, 0x06, 0x60, 0x00, 0x06, 0xc0, 0x00, 0x03, 0xc0,
    0xc3, 0x03, 0x00, 0xc3, 0x00, 0x00, 0x00, 0x00, 0x00, 0x00, 0x00, 0x00, 0x00, 0x00, 0x00, 0x00,
    0x00, 0x00, 0x00, 0x00, 0x00, 0x00, 0x00, 0x00, 0x00, 0x00, 0x00, 0x00, 0x00, 0x00, 0x00, 0x00,
    0x00, 0x00, 0x00, 0x00, 0x00, 0x00, 0x00, 0x00, 0x00, 0x00, 0x00, 0x00, 0x00, 0x00, 0x00, 0x00,
    0x00, 0x00, 0x60, 0x00, 0x00, 0x60, 0x00, 0x00, 0x60, 0x00, 0x00, 0x60, 0x00, 0x00, 0x60, 0x00,
    0x00, 0xe0, 0xff, 0x07, 0xe0, 0xff, 0x07, 0x60, 0x00, 0x00, 0x60, 0x00, 0x00, 0x60, 0x00, 0x00,
    0x60, 0x00, 0x00, 0x00, 0x00, 0x00, 0x00, 0x00, 0x00, 0x00, 0x00, 0x00, 0x00, 0x00, 0x00, 0x00,
    0x00, 0x00, 0x00, 0x00, 0x00, 0x00, 0x00, 0x00, 0x00, 0x00, 0x00, 0x00, 0x00, 0x00, 0x00, 0x00,
    0x00, 0x00, 0x00, 0x00, 0x00, 0x00, 0x00, 0x00, 0x00, 0x00, 0x00, 0x00, 0x00, 0x00, 0x00, 0x00,
    0x00, 0x00, 0x00, 0x60, 0x00, 0x00, 0xe0, 0x01, 0x00, 0xc0, 0x07, 0x06, 0x00, 0x1e, 0x06, 0x00,
    0xf8, 0x03, 0x00, 0xe0, 0x01, 0x00, 0x78, 0x00, 0x00, 0x1f, 0x00, 0xc0, 0x07, 0x00, 0xe0, 0x00,
    0x00, 0x20, 0x00, 0x00, 0x00, 0x00, 0x00, 0x00, 0x00, 0x00, 0x00, 0x00, 0x00, 0x00, 0x00, 0x00,
    0x00, 0x00, 0x00, 0x00, 0x00, 0x00, 0x00, 0x00, 0x00, 0x00, 0x00, 0x00, 0x00, 0x00, 0x00, 0x00,
    0x00, 0x00, 0x00, 0x00, 0x00, 0x00, 0x00, 0x00, 0x00, 0x00, 0x00, 0x00, 0x00, 0x00, 0x00, 0x00,
    0x00, 0x00, 0x00, 0x00, 0x00, 0x7c, 0x00, 0x00, 0xfe, 0x00, 0x00, 0x83, 0x01, 0x80, 0x01, 0x03,
    0x80, 0x01, 0x03, 0x80, 0x00, 0x02, 0xe0, 0xff, 0x0f, 0xe0, 0xff, 0x0f, 0x80, 0x01, 0x02, 0x80,
    0x01, 0x03, 0x00, 0x01, 0x01, 0x00, 0x83, 0x01, 0x00, 0xfe, 0x00, 0x00, 0x38, 0x00, 0x00, 0x00,
    0x00, 0x00, 0x00, 0x00, 0x00, 0x00, 0x00, 0x00, 0x00, 0x00, 0x00, 0x00, 0x00, 0x00, 0x00, 0x00,
    0x00, 0x00, 0x00, 0x00, 0x00, 0x00, 0x00, 0x00, 0x00, 0x00, 0x00, 0x00, 0x00, 0x00, 0x00, 0x00,
    0x00, 0x00, 0x00, 0x00, 0x00, 0x00, 0x00, 0x00, 0x00, 0x00, 0x00, 0x00, 0x00, 0x00, 0x20, 0x00,
    0x04, 0xe0, 0x00, 0x07, 0xc0, 0xc1, 0x03, 0x00, 0xe7, 0x00, 0x00, 0x7e, 0x00, 0x00, 0x3c, 0x00,
    0x00, 0x7f, 0x00, 0x80, 0xc3, 0x01, 0xe0, 0x81, 0x07, 0x60, 0x00, 0x06, 0x20, 0x00, 0x04, 0x00,
    0x00, 0x00, 0x00, 0x00, 0x00, 0x00, 0x00, 0x00, 0x00, 0x00, 0x00, 0x00, 0x00, 0x00, 0x00, 0x00,
    0x00, 0x00, 0x00, 0x00, 0x00, 0x00, 0x00, 0x00, 0x00, 0x00, 0x00, 0x00, 0x00, 0x00, 0x00, 0x00,
    0x00, 0x00, 0x00, 0x00, 0x00, 0x00, 0x00, 0x00, 0x00, 0x00, 0x00, 0x00, 0x00, 0x00, 0x00, 0x00,
    0x00, 0x00, 0xe0, 0xff, 0x07, 0xe0, 0xff, 0x07, 0x00, 0x00, 0x06, 0x00, 0x00, 0x06, 0x00, 0x00,
    0x06, 0x00, 0x00, 0x06, 0x00, 0x00, 0x06, 0x00, 0x00, 0x06, 0x00, 0x00, 0x06, 0xe0, 0xff, 0x07,
    0x00, 0x00, 0x3e, 0x00, 0x00, 0x3e, 0x00, 0x00, 0x00, 0x00, 0x00, 0x00, 0x00, 0x00, 0x00, 0x00,
    0x00, 0x00, 0x00, 0x00, 0x00, 0x00, 0x00, 0x00, 0x00, 0x00, 0x00, 0x00, 0x00, 0x00, 0x00, 0x00,
    0x00, 0x00, 0x00, 0x00, 0x00, 0x00, 0x00, 0x00, 0x00, 0x00, 0x00, 0x00, 0x00, 0x00, 0x00, 0x00,
    0x00, 0x00, 0x00, 0x00, 0x00, 0x00, 0xe0, 0x03, 0x00, 0xe0, 0x1f, 0x00, 0x00, 0x18, 0x00, 0x00,
    0x30, 0x00, 0x00, 0x30, 0x00, 0x00, 0x30, 0x00, 0x00, 0x30, 0x00, 0x00, 0x30, 0x00, 0x00, 0x30,
    0x00, 0xe0, 0xff, 0x07, 0xe0, 0xff, 0x07, 0x00, 0x00, 0x00, 0x00, 0x00, 0x00, 0x00, 0x00, 0x00,
    0x00, 0x00, 0x00, 0x00, 0x00, 0x00, 0x00, 0x00, 0x00, 0x00, 0x00, 0x00, 0x00, 0x00, 0x00, 0x00,
    0x00, 0x00, 0x00, 0x00, 0x00, 0x00, 0x00, 0x00, 0x00, 0x00, 0x00, 0x00, 0x00, 0x00, 0x00, 0x00,
    0x00, 0x00, 0x00, 0x00, 0x00, 0x00, 0x00, 0x00, 0x00, 0x00, 0xe0, 0xff, 0x07, 0xe0, 0xff, 0x07,
    0x00, 0x00, 0x06, 0x00, 0x00, 0x06, 0x00, 0x00, 0x06, 0x00, 0x00, 0x06, 0xe0, 0xff, 0x07, 0xe0,
    0xff, 0x07, 0x00, 0x00, 0x06, 0x00, 0x00, 0x06, 0x00, 0x00, 0x06, 0x00, 0x00, 0x06, 0x00, 0x00,
    0x06, 0xe0, 0xff, 0x07, 0xe0, 0xff, 0x07, 0x00, 0x00, 0x00, 0x00, 0x00, 0x00, 0x00, 0x00, 0x00,
    0x00, 0x00, 0x00, 0x00, 0x00, 0x00, 0x00, 0x00, 0x00, 0x00, 0x00, 0x00, 0x00, 0x00, 0x00, 0x00,
    0x00, 0x00, 0x00, 0x00, 0x00, 0x00, 0x00, 0x00, 0x00, 0x00, 0x00, 0x00, 0x00, 0x00, 0x00, 0x00,
    0x00, 0x00, 0x00, 0x00, 0x00, 0x00, 0x00, 0x00, 0x00, 0x00, 0xe0, 0xff, 0x07, 0xe0, 0xff, 0x07,
    0x00, 0x00, 0x06, 0x00, 0x00, 0x06, 0x00, 0x00, 0x06, 0x00, 0x00, 0x06, 0xe0, 0xff, 0x07, 0xe0,
    0xff, 0x07, 0x00, 0x00, 0x06, 0x00, 0x00, 0x06, 0x00, 0x00, 0x06, 0x00, 0x00, 0x06, 0x00, 0x00,
    0x06, 0xe0, 0xff, 0x07, 0xe0, 0xff, 0x07, 0x00, 0x00, 0x3c, 0x00, 0x00, 0x04, 0x00, 0x00, 0x00,
    0x00, 0x00, 0x00, 0x00, 0x00, 0x00, 0x00, 0x00, 0x00, 0x00, 0x00, 0x00, 0x00, 0x00, 0x00, 0x00,
    0x00, 0x00, 0x00, 0x00, 0x00, 0x00, 0x00, 0x00, 0x00, 0x00, 0x00, 0x00, 0x00, 0x00, 0x00, 0x00,
    0x00, 0x00, 0x00, 0x00, 0x00, 0x00, 0x00, 0x00, 0x00, 0x00, 0x20, 0x00, 0x00, 0x20, 0x00, 0x00,
    0x20, 0x00, 0x00, 0x20, 0x00, 0x00, 0xe0, 0xff, 0x07, 0xe0, 0xff, 0x07, 0x00, 0x0c, 0x06, 0x00,
    0x0c, 0x06, 0x00, 0x0c, 0x06, 0x00, 0x0c, 0x06, 0x00, 0x08, 0x06, 0x00, 0x18, 0x06, 0x00, 0xf8,
    0x03, 0x00, 0xf0, 0x01, 0x00, 0x00, 0x00, 0x00, 0x00, 0x00, 0x00, 0x00, 0x00, 0x00, 0x00, 0x00,
    0x00, 0x00, 0x00, 0x00, 0x00, 0x00, 0x00, 0x00, 0x00, 0x00, 0x00, 0x00, 0x00, 0x00, 0x00, 0x00,
    0x00, 0x00, 0x00, 0x00, 0x00, 0x00, 0x00, 0x00, 0x00, 0x00, 0x00, 0x00, 0x00, 0x00, 0x00, 0x00,
    0x00, 0x00, 0x00, 0x00, 0x00, 0x00, 0x00, 0xe0, 0xff, 0x07, 0xe0, 0xff, 0x07, 0x00, 0x0c, 0x06,
    0x00, 0x0c, 0x06, 0x00, 0x0c, 0x06, 0x00, 0x0c, 0x06, 0x00, 0x08, 0x06, 0x00, 0x18, 0x07, 0x00,
    0xf0, 0x03, 0x00, 0xe0, 0x01, 0x00, 0x00, 0x00, 0x00, 0x00, 0x00, 0xe0, 0xff, 0x07, 0x00, 0x00,
    0x00, 0x00, 0x00, 0x00, 0x00, 0x00, 0x00, 0x00, 0x00, 0x00, 0x00, 0x00, 0x00, 0x00, 0x00, 0x00,
    0x00, 0x00, 0x00, 0x00, 0x00, 0x00, 0x00, 0x00, 0x00, 0x00, 0x00, 0x00, 0x00, 0x00, 0x00, 0x00,
    0x00, 0x00, 0x00, 0x00, 0x00, 0x00, 0x00, 0x00, 0x00, 0x00, 0x00, 0x00, 0x00, 0x00, 0x00, 0x00,
    0x00, 0xe0, 0xff, 0x07, 0x00, 0x0c, 0x06, 0x00, 0x0c, 0x06, 0x00, 0x0c, 0x06, 0x00, 0x0c, 0x06,
    0x00, 0x0c, 0x06, 0x00, 0x08, 0x06, 0x00, 0x18, 0x03, 0x00, 0xf0, 0x03, 0x00, 0xe0, 0x00, 0x00,
    0x00, 0x00, 0x00, 0x00, 0x00, 0x00, 0x00, 0x00, 0x00, 0x00, 0x00, 0x00, 0x00, 0x00, 0x00, 0x00,
    0x00, 0x00, 0x00, 0x00, 0x00, 0x00, 0x00, 0x00, 0x00, 0x00, 0x00, 0x00, 0x00, 0x00, 0x00, 0x00,
    0x00, 0x00, 0x00, 0x00, 0x00, 0x00, 0x00, 0x00, 0x00, 0x00, 0x00, 0x00, 0x00, 0x00, 0x00, 0x00,
    0x00, 0x00, 0x80, 0xc3, 0x01, 0xc0, 0x81, 0x03, 0x60, 0x00, 0x06, 0x60, 0x18, 0x06, 0x60, 0x18,
    0x06, 0x60, 0x18, 0x06, 0x60, 0x18, 0x06, 0xc0, 0x18, 0x03, 0xc0, 0xff, 0x03, 0x00, 0xff, 0x00,
    0x00, 0x00, 0x00, 0x00, 0x00, 0x00, 0x00, 0x00, 0x00, 0x00, 0x00, 0x00, 0x00, 0x00, 0x00, 0x00,
    0x00, 0x00, 0x00, 0x00, 0x00, 0x00, 0x00, 0x00, 0x00, 0x00, 0x00, 0x00, 0x00, 0x00, 0x00, 0x00,
    0x00, 0x00, 0x00, 0x00, 0x00, 0x00, 0x00, 0x00, 0x00, 0x00, 0x00, 0x00, 0x00, 0x00, 0x00, 0x00,
    0x00, 0x00, 0x00, 0xe0, 0xff, 0x07, 0xe0, 0xff, 0x07, 0x00, 0x10, 0x00, 0x00, 0x10, 0x00, 0x00,
    0xff, 0x00, 0x80, 0xff, 0x01, 0xc0, 0x00, 0x03, 0x60, 0x00, 0x06, 0x60, 0x00, 0x06, 0x60, 0x00,
    0x06, 0x60, 0x00, 0x06, 0x60, 0x00, 0x06, 0xc0, 0x00, 0x03, 0x80, 0xff, 0x01, 0x00, 0xff, 0x00,
    0x00, 0x00, 0x00, 0x00, 0x00, 0x00, 0x00, 0x00, 0x00, 0x00, 0x00, 0x00, 0x00, 0x00, 0x00, 0x00,
    0x00, 0x00, 0x00, 0x00, 0x00, 0x00, 0x00, 0x00, 0x00, 0x00, 0x00, 0x00, 0x00, 0x00, 0x00, 0x00,
    0x00, 0x00, 0x00, 0x00, 0x00, 0x00, 0x00, 0x00, 0x00, 0x00, 0x00, 0x00, 0x00, 0x00, 0x00, 0x00,
    0x00, 0x03, 0x04, 0xc0, 0x0f, 0x07, 0xc0, 0x98, 0x03, 0x60, 0xf0, 0x00, 0x60, 0x30, 0x00, 0x60,
    0x30, 0x00, 0x60, 0x30, 0x00, 0x60, 0x30, 0x00, 0xe0, 0xff, 0x07, 0xe0, 0xff, 0x07, 0x00, 0x00,
    0x00, 0x00, 0x00, 0x00, 0x00, 0x00, 0x00, 0x00, 0x00, 0x00, 0x00, 0x00, 0x00, 0x00, 0x00, 0x00,
    0x00, 0x00, 0x00, 0x00, 0x00, 0x00, 0x00, 0x00, 0x00, 0x00, 0x00, 0x00, 0x00, 0x00, 0x00, 0x00,
    0x00, 0x00, 0x00, 0x00, 0x00, 0x00, 0x00, 0x00, 0x00, 0x00, 0x00, 0x00, 0x00, 0x00, 0x00, 0xc4,
    0x01, 0x00, 0xe6, 0x03, 0x00, 0x33, 0x06, 0x00, 0x13, 0x06, 0x00, 0x11, 0x06, 0x00, 0x13, 0x06,
    0x00, 0x17, 0x03, 0x00, 0xfe, 0x07, 0x00, 0x00, 0x04, 0x00, 0x00, 0x00, 0x00, 0x00, 0x00, 0x00,
    0x00, 0x00, 0x00, 0x00, 0x00, 0x00, 0x00, 0x00, 0x00, 0x00, 0x00, 0x00, 0x00, 0x00, 0x00, 0x00,
    0x00, 0x00, 0x00, 0x00, 0x00, 0x00, 0x00, 0x00, 0x00, 0x00, 0x00, 0x00, 0x00, 0x00, 0x00, 0x00,
    0x00, 0x00, 0x00, 0x00, 0x00, 0x00, 0x00, 0x00, 0x00, 0x00, 0xfe, 0x00, 0x00, 0xff, 0x03, 0x80,
    0x05, 0x07, 0xc0, 0x06, 0x06, 0x40, 0x02, 0x04, 0x60, 0x06, 0x06, 0x60, 0x06, 0x06, 0x30, 0x9c,
    0x03, 0x10, 0xf8, 0x01, 0x00, 0x00, 0x00, 0x00, 0x00, 0x00, 0x00, 0x00, 0x00, 0x00, 0x00, 0x00,
    0x00, 0x00, 0x00, 0x00, 0x00, 0x00, 0x00, 0x00, 0x00, 0x00, 0x00, 0x00, 0x00, 0x00, 0x00, 0x00,
    0x00, 0x00, 0x00, 0x00, 0x00, 0x00, 0x00, 0x00, 0x00, 0x00, 0x00, 0x00, 0x00, 0x00, 0x00, 0x00,
    0x00, 0x00, 0x00, 0x00, 0x00, 0x00, 0x00, 0x00, 0xff, 0x07, 0x00, 0x21, 0x04, 0x00, 0x21, 0x04,
    0x00, 0x21, 0x04, 0x00, 0x23, 0x04, 0x00, 0x33, 0x06, 0x00, 0x7e, 0x07, 0x00, 0xce, 0x03, 0x00,
    0x00, 0x00, 0x00, 0x00, 0x00, 0x00, 0x00, 0x00, 0x00, 0x00, 0x00, 0x00, 0x00, 0x00, 0x00, 0x00,
    0x00, 0x00, 0x00, 0x00, 0x00, 0x00, 0x00, 0x00, 0x00, 0x00, 0x00, 0x00, 0x00, 0x00, 0x00, 0x00,
    0x00, 0x00, 0x00, 0x00, 0x00, 0x00, 0x00, 0x00, 0x00, 0x00, 0x00, 0x00, 0x00, 0x00, 0x00, 0x00,
    0x00, 0x00, 0x00, 0xff, 0x07, 0x00, 0x01, 0x00, 0x00, 0x01, 0x00, 0x00, 0x01, 0x00, 0x00, 0x01,
    0x00, 0x00, 0x01, 0x00, 0x00, 0x00, 0x00, 0x00, 0x00, 0x00, 0x00, 0x00, 0x00, 0x00, 0x00, 0x00,
    0x00, 0x00, 0x00, 0x00, 0x00, 0x00, 0x00, 0x00, 0x00, 0x00, 0x00, 0x00, 0x00, 0x00, 0x00, 0x00,
    0x00, 0x00, 0x00, 0x00, 0x00, 0x00, 0x00, 0x00, 0x00, 0x00, 0x00, 0x00, 0x00, 0x00, 0x00, 0x00,
    0x00, 0x00, 0x00, 0x3c, 0x00, 0x00, 0x3e, 0x00, 0x00, 0x07, 0x00, 0xff, 0x05, 0x00, 0x7f, 0x04,
    0x00, 0x03, 0x04, 0x00, 0x03, 0x04, 0x00, 0x03, 0x04, 0x00, 0xff, 0x07, 0x00, 0xff, 0x07, 0x00,
    0x00, 0x3c, 0x00, 0x00, 0x00, 0x00, 0x00, 0x00, 0x00, 0x00, 0x00, 0x00, 0x00, 0x00, 0x00, 0x00,
    0x00, 0x00, 0x00, 0x00, 0x00, 0x00, 0x00, 0x00, 0x00, 0x00, 0x00, 0x00, 0x00, 0x00, 0x00, 0x00,
    0x00, 0x00, 0x00, 0x00, 0x00, 0x00, 0x00, 0x00, 0x00, 0x00, 0x00, 0x00, 0x00, 0x00, 0x00, 0x00,
    0x00, 0x00, 0x00, 0xf8, 0x01, 0x00, 0xfe, 0x03, 0x00, 0x26, 0x07, 0x00, 0x23, 0x06, 0x00, 0x21,
    0x06, 0x00, 0x23, 0x06, 0x00, 0x23, 0x06, 0x00, 0x3e, 0x03, 0x00, 0x38, 0x00, 0x00, 0x00, 0x00,
    0x00, 0x00, 0x00, 0x00, 0x00, 0x00, 0x00, 0x00, 0x00, 0x00, 0x00, 0x00, 0x00, 0x00, 0x00, 0x00,
    0x00, 0x00, 0x00, 0x00, 0x00, 0x00, 0x00, 0x00, 0x00, 0x00, 0x00, 0x00, 0x00, 0x00, 0x00, 0x00,
    0x00, 0x00, 0x00, 0x00, 0x00, 0x00, 0x00, 0x00, 0x00, 0x00, 0x00, 0x00, 0x00, 0x00, 0x01, 0x06,
    0x00, 0x87, 0x07, 0x00, 0xce, 0x01, 0x00, 0xf8, 0x00, 0x00, 0x30, 0x00, 0x00, 0x30, 0x00, 0x00,
    0xff, 0x07, 0x00, 0xff, 0x07, 0x00, 0x30, 0x00, 0x00, 0x78, 0x00, 0x00, 0xdc, 0x01, 0x00, 0x87,
    0x07, 0x00, 0x03, 0x06, 0x00, 0x00, 0x04, 0x00, 0x00, 0x00, 0x00, 0x00, 0x00, 0x00, 0x00, 0x00,
    0x00, 0x00, 0x00, 0x00, 0x00, 0x00, 0x00, 0x00, 0x00, 0x00, 0x00, 0x00, 0x00, 0x00, 0x00, 0x00,
    0x00, 0x00, 0x00, 0x00, 0x00, 0x00, 0x00, 0x00, 0x00, 0x00, 0x00, 0x00, 0x00, 0x00, 0x00, 0x00,
    0x00, 0x00, 0x00, 0x00, 0x00, 0x00, 0x00, 0x00, 0x04, 0x03, 0x00, 0x06, 0x03, 0x00, 0x33, 0x06,
    0x00, 0x33, 0x06, 0x00, 0x31, 0x04, 0x00, 0x33, 0x06, 0x00, 0xff, 0x03, 0x00, 0xce, 0x03, 0x00,
    0x00, 0x00, 0x00, 0x00, 0x00, 0x00, 0x00, 0x00, 0x00, 0x00, 0x00, 0x00, 0x00, 0x00, 0x00, 0x00,
    0x00, 0x00, 0x00, 0x00, 0x00, 0x00, 0x00, 0x00, 0x00, 0x00, 0x00, 0x00, 0x00, 0x00, 0x00, 0x00,
    0x00, 0x00, 0x00, 0x00, 0x00, 0x00, 0x00, 0x00, 0x00, 0x00, 0x00, 0x00, 0x00, 0x00, 0x00, 0x00,
    0x00, 0x00, 0x00, 0xff, 0x07, 0x00, 0x00, 0x07, 0x00, 0xc0, 0x01, 0x00, 0x70, 0x00, 0x00, 0x38,
    0x00, 0x00, 0x0e, 0x00, 0x00, 0xff, 0x07, 0x00, 0xff, 0x07, 0x00, 0x00, 0x00, 0x00, 0x00, 0x00,
    0x00, 0x00, 0x00, 0x00, 0x00, 0x00, 0x00, 0x00, 0x00, 0x00, 0x00, 0x00, 0x00, 0x00, 0x00, 0x00,
    0x00, 0x00, 0x00, 0x00, 0x00, 0x00, 0x00, 0x00, 0x00, 0x00, 0x00, 0x00, 0x00, 0x00, 0x00, 0x00,
    0x00, 0x00, 0x00, 0x00, 0x00, 0x00, 0x00, 0x00, 0x00, 0x00, 0x00, 0x00, 0x00, 0x00, 0xff, 0x07,
    0x10, 0x00, 0x07, 0x70, 0xc0, 0x01, 0x40, 0x70, 0x00, 0x40, 0x38, 0x00, 0x60, 0x0e, 0x00, 0x30,
    0xff, 0x07, 0x00, 0xff, 0x07, 0x00, 0x00, 0x00, 0x00, 0x00, 0x00, 0x00, 0x00, 0x00, 0x00, 0x00,
    0x00, 0x00, 0x00, 0x00, 0x00, 0x00, 0x00, 0x00, 0x00, 0x00, 0x00, 0x00, 0x00, 0x00, 0x00, 0x00,
    0x00, 0x00, 0x00, 0x00, 0x00, 0x00, 0x00, 0x00, 0x00, 0x00, 0x00, 0x00, 0x00, 0x00, 0x00, 0x00,
    0x00, 0x00, 0x00, 0x00, 0x00, 0x00, 0x00, 0x00, 0x00, 0xff, 0x07, 0x00, 0x30, 0x00, 0x00, 0x30,
    0x00, 0x00, 0x78, 0x00, 0x00, 0xdc, 0x01, 0x00, 0x86, 0x03, 0x00, 0x03, 0x07, 0x00, 0x01, 0x04,
    0x00, 0x00, 0x00, 0x00, 0x00, 0x00, 0x00, 0x00, 0x00, 0x00, 0x00, 0x00, 0x00, 0x00, 0x00, 0x00,
    0x00, 0x00, 0x00, 0x00, 0x00, 0x00, 0x00, 0x00, 0x00, 0x00, 0x00, 0x00, 0x00, 0x00, 0x00, 0x00,
    0x00, 0x00, 0x00, 0x00, 0x00, 0x00, 0x00, 0x00, 0x00, 0x00, 0x00, 0x00, 0x00, 0x00, 0x00, 0x06,
    0x00, 0x00, 0x06, 0x00, 0x80, 0x07, 0x00, 0xff, 0x03, 0x00, 0x0f, 0x00, 0x00, 0x01, 0x00, 0x00,
    0x01, 0x00, 0x00, 0x01, 0x00, 0x00, 0xff, 0x07, 0x00, 0xff, 0x07, 0x00, 0x00, 0x00, 0x00, 0x00,
    0x00, 0x00, 0x00, 0x00, 0x00, 0x00, 0x00, 0x00, 0x00, 0x00, 0x00, 0x00, 0x00, 0x00, 0x00, 0x00,
    0x00, 0x00, 0x00, 0x00, 0x00, 0x00, 0x00, 0x00, 0x00, 0x00, 0x00, 0x00, 0x00, 0x00, 0x00, 0x00,
    0x00, 0x00, 0x00, 0x00, 0x00, 0x00, 0x00, 0x00, 0x00, 0x00, 0x00, 0x00, 0x00, 0x00, 0x00, 0xff,
    0x07, 0x00, 0x07, 0x00, 0x00, 0x3e, 0x00, 0x00, 0xf0, 0x00, 0x00, 0xc0, 0x03, 0x00, 0x00, 0x07,
    0x00, 0xc0, 0x03, 0x00, 0xf0, 0x00, 0x00, 0x1e, 0x00, 0x00, 0xff, 0x07, 0x00, 0xff, 0x07, 0x00,
    0x00, 0x00, 0x00, 0x00, 0x00, 0x00, 0x00, 0x00, 0x00, 0x00, 0x00, 0x00, 0x00, 0x00, 0x00, 0x00,
    0x00, 0x00, 0x00, 0x00, 0x00, 0x00, 0x00, 0x00, 0x00, 0x00, 0x00, 0x00, 0x00, 0x00, 0x00, 0x00,
    0x00, 0x00, 0x00, 0x00, 0x00, 0x00, 0x00, 0x00, 0x00, 0x00, 0x00, 0x00, 0x00, 0x00, 0x00, 0x00,
    0x00, 0x00, 0x00, 0xff, 0x07, 0x00, 0x20, 0x00, 0x00, 0x20, 0x00, 0x00, 0x20, 0x00, 0x00, 0x20,
    0x00, 0x00, 0x20, 0x00, 0x00, 0xff, 0x07, 0x00, 0xff, 0x07, 0x00, 0x00, 0x00, 0x00, 0x00, 0x00,
    0x00, 0x00, 0x00, 0x00, 0x00, 0x00, 0x00, 0x00, 0x00, 0x00, 0x00, 0x00, 0x00, 0x00, 0x00, 0x00,
    0x00, 0x00, 0x00, 0x00, 0x00, 0x00, 0x00, 0x00, 0x00, 0x00, 0x00, 0x00, 0x00, 0x00, 0x00, 0x00,
    0x00, 0x00, 0x00, 0x00, 0x00, 0x00, 0x00, 0x00, 0x00, 0x00, 0x00, 0xf8, 0x00, 0x00, 0xfe, 0x03,
    0x00, 0x06, 0x03, 0x00, 0x03, 0x06, 0x00, 0x01, 0x06, 0x00, 0x03, 0x06, 0x00, 0x03, 0x06, 0x00,
    0x8e, 0x03, 0x00, 0xfc, 0x01, 0x00, 0x20, 0x00, 0x00, 0x00, 0x00, 0x00, 0x00, 0x00, 0x00, 0x00,
    0x00, 0x00, 0x00, 0x00, 0x00, 0x00, 0x00, 0x00, 0x00, 0x00, 0x00, 0x00, 0x00, 0x00, 0x00, 0x00,
    0x00, 0x00, 0x00, 0x00, 0x00, 0x00, 0x00, 0x00, 0x00, 0x00, 0x00, 0x00, 0x00, 0x00, 0x00, 0x00,
    0x00, 0x00, 0x00, 0x00, 0x00, 0x00, 0x00, 0x00, 0x00, 0x00, 0x00, 0x00, 0xff, 0x07, 0x00, 0x01,
    0x00, 0x00, 0x01, 0x00, 0x00, 0x01, 0x00, 0x00, 0x01, 0x00, 0x00, 0x01, 0x00, 0x00, 0xff, 0x07,
    0x00, 0xff, 0x07, 0x00, 0x00, 0x00, 0x00, 0x00, 0x00, 0x00, 0x00, 0x00, 0x00, 0x00, 0x00, 0x00,
    0x00, 0x00, 0x00, 0x00, 0x00, 0x00, 0x00, 0x00, 0x00, 0x00, 0x00, 0x00, 0x00, 0x00, 0x00, 0x00,
    0x00, 0x00, 0x00, 0x00, 0x00, 0x00, 0x00, 0x00, 0x00, 0x00, 0x00, 0x00, 0x00, 0x00, 0x00, 0x00,
    0x00, 0x00, 0x00, 0x00, 0xff, 0x7f, 0x00, 0xff, 0x7f, 0x00, 0x06, 0x02, 0x00, 0x03, 0x06, 0x00,
    0x03, 0x06, 0x00, 0x03, 0x06, 0x00, 0x03, 0x06, 0x00, 0xfe, 0x03, 0x00, 0xfc, 0x01, 0x00, 0x00,
    0x00, 0x00, 0x00, 0x00, 0x00, 0x00, 0x00, 0x00, 0x00, 0x00, 0x00, 0x00, 0x00, 0x00, 0x00, 0x00,
    0x00, 0x00, 0x00, 0x00, 0x00, 0x00, 0x00, 0x00, 0x00, 0x00, 0x00, 0x00, 0x00, 0x00, 0x00, 0x00,
    0x00, 0x00, 0x00, 0x00, 0x00, 0x00, 0x00, 0x00, 0x00, 0x00, 0x00, 0x00, 0x00, 0x00, 0x00, 0xfc,
    0x01, 0x00, 0xfe, 0x03, 0x00, 0x03, 0x06, 0x00, 0x03, 0x06, 0x00, 0x01, 0x06, 0x00, 0x03, 0x06,
    0x00, 0x03, 0x06, 0x00, 0x8e, 0x03, 0x00, 0x8c, 0x01, 0x00, 0x00, 0x00, 0x00, 0x00, 0x00, 0x00,
    0x00, 0x00, 0x00, 0x00, 0x00, 0x00, 0x00, 0x00, 0x00, 0x00, 0x00, 0x00, 0x00, 0x00, 0x00, 0x00,
    0x00, 0x00, 0x00, 0x00, 0x00, 0x00, 0x00, 0x00, 0x00, 0x00, 0x00, 0x00, 0x00, 0x00, 0x00, 0x00,
    0x00, 0x00, 0x00, 0x00, 0x00, 0x00, 0x00, 0x01, 0x00, 0x00, 0x01, 0x00, 0x00, 0x01, 0x00, 0x00,
    0x01, 0x00, 0x00, 0xff, 0x07, 0x00, 0xff, 0x07, 0x00, 0x01, 0x00, 0x00, 0x01, 0x00, 0x00, 0x01,
    0x00, 0x00, 0x00, 0x00, 0x00, 0x00, 0x00, 0x00, 0x00, 0x00, 0x00, 0x00, 0x00, 0x00, 0x00, 0x00,
    0x00, 0x00, 0x00, 0x00, 0x00, 0x00, 0x00, 0x00, 0x00, 0x00, 0x00, 0x00, 0x00, 0x00, 0x00, 0x00,
    0x00, 0x00, 0x00, 0x00, 0x00, 0x00, 0x00, 0x00, 0x00, 0x00, 0x00, 0x00, 0x00, 0x00, 0x00, 0x01,
    0x00, 0x00, 0x0f, 0x60, 0x00, 0x3e, 0x60, 0x00, 0xf0, 0x31, 0x00, 0x80, 0x1f, 0x00, 0xc0, 0x07,
    0x00, 0xf8, 0x00, 0x00, 0x1f, 0x00, 0x00, 0x03, 0x00, 0x00, 0x00, 0x00, 0x00, 0x00, 0x00, 0x00,
    0x00, 0x00, 0x00, 0x00, 0x00, 0x00, 0x00, 0x00, 0x00, 0x00, 0x00, 0x00, 0x00, 0x00, 0x00, 0x00,
    0x00, 0x00, 0x00, 0x00, 0x00, 0x00, 0x00, 0x00, 0x00, 0x00, 0x00, 0x00, 0x00, 0x00, 0x00, 0x00,
    0x00, 0x00, 0x00, 0x00, 0x00, 0x00, 0x00, 0x00, 0x00, 0x00, 0xfc, 0x01, 0x00, 0xfe, 0x03, 0x00,
    0x03, 0x06, 0x00, 0x03, 0x06, 0x00, 0x01, 0x04, 0xf0, 0xff, 0x7f, 0xf0, 0xff, 0x7f, 0x00, 0x03,
    0x06, 0x00, 0x03, 0x06, 0x00, 0x03, 0x06, 0x00, 0x0f, 0x07, 0x00, 0xfe, 0x03, 0x00, 0x60, 0x00,
    0x00, 0x00, 0x00, 0x00, 0x00, 0x00, 0x00, 0x00, 0x00, 0x00, 0x00, 0x00, 0x00, 0x00, 0x00, 0x00,
    0x00, 0x00, 0x00, 0x00, 0x00, 0x00, 0x00, 0x00, 0x00, 0x00, 0x00, 0x00, 0x00, 0x00, 0x00, 0x00,
    0x00, 0x00, 0x00, 0x00, 0x00, 0x00, 0x00, 0x00, 0x00, 0x00, 0x00, 0x00, 0x00, 0x00, 0x00, 0x00,
    0x00, 0x03, 0x06, 0x00, 0x07, 0x07, 0x00, 0xdc, 0x01, 0x00, 0xf8, 0x00, 0x00, 0xf8, 0x00, 0x00,
    0xde, 0x01, 0x00, 0x07, 0x07, 0x00, 0x01, 0x06, 0x00, 0x00, 0x00, 0x00, 0x00, 0x00, 0x00, 0x00,
    0x00, 0x00, 0x00, 0x00, 0x00, 0x00, 0x00, 0x00, 0x00, 0x00, 0x00, 0x00, 0x00, 0x00, 0x00, 0x00,
    0x00, 0x00, 0x00, 0x00, 0x00, 0x00, 0x00, 0x00, 0x00, 0x00, 0x00, 0x00, 0x00, 0x00, 0x00, 0x00,
    0x00, 0x00, 0x00, 0x00, 0x00, 0x00, 0x00, 0x00, 0x00, 0x00, 0x00, 0x00, 0xff, 0x07, 0x00, 0x00,
    0x04, 0x00, 0x00, 0x04, 0x00, 0x00, 0x04, 0x00, 0x00, 0x04, 0x00, 0x00, 0x04, 0x00, 0xff, 0x07,
    0x00, 0xff, 0x3f, 0x00, 0x00, 0x3c, 0x00, 0x00, 0x00, 0x00, 0x00, 0x00, 0x00, 0x00, 0x00, 0x00,
    0x00, 0x00, 0x00, 0x00, 0x00, 0x00, 0x00, 0x00, 0x00, 0x00, 0x00, 0x00, 0x00, 0x00, 0x00, 0x00,
    0x00, 0x00, 0x00, 0x00, 0x00, 0x00, 0x00, 0x00, 0x00, 0x00, 0x00, 0x00, 0x00, 0x00, 0x00, 0x00,
    0x00, 0x00, 0x00, 0x00, 0x00, 0x00, 0x00, 0x1f, 0x00, 0x00, 0x3f, 0x00, 0x00, 0x60, 0x00, 0x00,
    0x60, 0x00, 0x00, 0x60, 0x00, 0x00, 0x60, 0x00, 0x00, 0x60, 0x00, 0x00, 0xff, 0x07, 0x00, 0x00,
    0x00, 0x00, 0x00, 0x00, 0x00, 0x00, 0x00, 0x00, 0x00, 0x00, 0x00, 0x00, 0x00, 0x00, 0x00, 0x00,
    0x00, 0x00, 0x00, 0x00, 0x00, 0x00, 0x00, 0x00, 0x00, 0x00, 0x00, 0x00, 0x00, 0x00, 0x00, 0x00,
    0x00, 0x00, 0x00, 0x00, 0x00, 0x00, 0x00, 0x00, 0x00, 0x00, 0x00, 0x00, 0x00, 0x00, 0x00, 0x00,
    0x00, 0x00, 0xff, 0x07, 0x00, 0x00, 0x04, 0x00, 0x00, 0x04, 0x00, 0x00, 0x04, 0x00, 0x00, 0x04,
    0x00, 0xff, 0x07, 0x00, 0xff, 0x07, 0x00, 0x00, 0x04, 0x00, 0x00, 0x04, 0x00, 0x00, 0x04, 0x00,
    0x00, 0x04, 0x00, 0xff, 0x07, 0x00, 0xff, 0x07, 0x00, 0x00, 0x00, 0x00, 0x00, 0x00, 0x00, 0x00,
    0x00, 0x00, 0x00, 0x00, 0x00, 0x00, 0x00, 0x00, 0x00, 0x00, 0x00, 0x00, 0x00, 0x00, 0x00, 0x00,
    0x00, 0x00, 0x00, 0x00, 0x00, 0x00, 0x00, 0x00, 0x00, 0x00, 0x00, 0x00, 0x00, 0x00, 0x00, 0x00,
    0x00, 0x00, 0x00, 0x00, 0x00, 0x00, 0x00, 0x00, 0x00, 0xff, 0x07, 0x00, 0xff, 0x07, 0x00, 0x00,
    0x04, 0x00, 0x00, 0x04, 0x00, 0x00, 0x04, 0x00, 0x00, 0x04, 0x00, 0xff, 0x07, 0x00, 0xff, 0x07,
    0x00, 0x00, 0x04, 0x00, 0x00, 0x04, 0x00, 0x00, 0x04, 0x00, 0x00, 0x04, 0x00, 0xff, 0x07, 0x00,
    0xff, 0x3f, 0x00, 0x00, 0x3c, 0x00, 0x00, 0x00, 0x00, 0x00, 0x00, 0x00, 0x00, 0x00, 0x00, 0x00,
    0x00, 0x00, 0x00, 0x00, 0x00, 0x00, 0x00, 0x00, 0x00, 0x00, 0x00, 0x00, 0x00, 0x00, 0x00, 0x00,
    0x00, 0x00, 0x00, 0x00, 0x00, 0x00, 0x00, 0x00, 0x00, 0x00, 0x00, 0x00, 0x00, 0x00, 0x00, 0x00,
    0x00, 0x00, 0x00, 0x01, 0x00, 0x00, 0x01, 0x00, 0x00, 0x01, 0x00, 0x00, 0xff, 0x07, 0x00, 0xff,
    0x07, 0x00, 0x10, 0x04, 0x00, 0x10, 0x04, 0x00, 0x10, 0x04, 0x00, 0x30, 0x06, 0x00, 0x30, 0x06,
    0x00, 0xe0, 0x03, 0x00, 0xc0, 0x01, 0x00, 0x00, 0x00, 0x00, 0x00, 0x00, 0x00, 0x00, 0x00, 0x00,
    0x00, 0x00, 0x00, 0x00, 0x00, 0x00, 0x00, 0x00, 0x00, 0x00, 0x00, 0x00, 0x00, 0x00, 0x00, 0x00,
    0x00, 0x00, 0x00, 0x00, 0x00, 0x00, 0x00, 0x00, 0x00, 0x00, 0x00, 0x00, 0x00, 0x00, 0x00, 0x00,
    0x00, 0x00, 0x00, 0x00, 0x00, 0x00, 0x00, 0x00, 0x00, 0x00, 0xff, 0x07, 0x00, 0x10, 0x04, 0x00,
    0x10, 0x04, 0x00, 0x10, 0x04, 0x00, 0x30, 0x06, 0x00, 0x30, 0x06, 0x00, 0xe0, 0x03, 0x00, 0xc0,
    0x01, 0x00, 0x00, 0x00, 0x00, 0x00, 0x00, 0x00, 0xff, 0x07, 0x00, 0xff, 0x07, 0x00, 0x00, 0x00,
    0x00, 0x00, 0x00, 0x00, 0x00, 0x00, 0x00, 0x00, 0x00, 0x00, 0x00, 0x00, 0x00, 0x00, 0x00, 0x00,
    0x00, 0x00, 0x00, 0x00, 0x00, 0x00, 0x00, 0x00, 0x00, 0x00, 0x00, 0x00, 0x00, 0x00, 0x00, 0x00,
    0x00, 0x00, 0x00, 0x00, 0x00, 0x00, 0x00, 0x00, 0x00, 0x00, 0x00, 0x00, 0x00, 0x00, 0x00, 0x00,
    0x00, 0xff, 0x07, 0x00, 0x10, 0x04, 0x00, 0x10, 0x04, 0x00, 0x10, 0x04, 0x00, 0x30, 0x06, 0x00,
    0x30, 0x06, 0x00, 0xe0, 0x03, 0x00, 0xc0, 0x01, 0x00, 0x00, 0x00, 0x00, 0x00, 0x00, 0x00, 0x00,
    0x00, 0x00, 0x00, 0x00, 0x00, 0x00, 0x00, 0x00, 0x00, 0x00, 0x00, 0x00, 0x00, 0x00, 0x00, 0x00,
    0x00, 0x00, 0x00, 0x00, 0x00, 0x00, 0x00, 0x00, 0x00, 0x00, 0x00, 0x00, 0x00, 0x00, 0x00, 0x00,
    0x00, 0x00, 0x00, 0x00, 0x00, 0x00, 0x00, 0x00, 0x00, 0x8c, 0x01, 0x00, 0x8e, 0x03, 0x00, 0x03,
    0x06, 0x00, 0x23, 0x06, 0x00, 0x23, 0x06, 0x00, 0x23, 0x06, 0x00, 0x26, 0x03, 0x00, 0xfc, 0x01,
    0x00, 0x70, 0x00, 0x00, 0x00, 0x00, 0x00, 0x00, 0x00, 0x00, 0x00, 0x00, 0x00, 0x00, 0x00, 0x00,
    0x00, 0x00, 0x00, 0x00, 0x00, 0x00, 0x00, 0x00, 0x00, 0x00, 0x00, 0x00, 0x00, 0x00, 0x00, 0x00,
    0x00, 0x00, 0x00, 0x00, 0x00, 0x00, 0x00, 0x00, 0x00, 0x00, 0x00, 0x00, 0x00, 0x00, 0x00, 0x00,
    0x00, 0x00, 0x00, 0x00, 0x00, 0x00, 0x00, 0xff, 0x07, 0x00, 0x20, 0x00, 0x00, 0x20, 0x00, 0x00,
    0x20, 0x00, 0x00, 0xf8, 0x00, 0x00, 0xfe, 0x03, 0x00, 0x07, 0x07, 0x00, 0x03, 0x06, 0x00, 0x01,
    0x06, 0x00, 0x03, 0x06, 0x00, 0x03, 0x06, 0x00, 0x8e, 0x03, 0x00, 0xfc, 0x01, 0x00, 0x00, 0x00,
    0x00, 0x00, 0x00, 0x00, 0x00, 0x00, 0x00, 0x00, 0x00, 0x00, 0x00, 0x00, 0x00, 0x00, 0x00, 0x00,
    0x00, 0x00, 0x00, 0x00, 0x00, 0x00, 0x00, 0x00, 0x00, 0x00, 0x00, 0x00, 0x00, 0x00, 0x00, 0x00,
    0x00, 0x00, 0x00, 0x00, 0x00, 0x00, 0x00, 0x00, 0x00, 0x00, 0x00, 0x00, 0x00, 0x00, 0x1c, 0x06,
    0x00, 0x3e, 0x07, 0x00, 0xe3, 0x01, 0x00, 0xe1, 0x00, 0x00, 0x41, 0x00, 0x00, 0x41, 0x00, 0x00,
    0x41, 0x00, 0x00, 0xff, 0x07, 0x00, 0x00, 0x00, 0x00, 0x00, 0x00, 0x00, 0x00, 0x00, 0x00, 0x00,
    0x00, 0x00, 0x00, 0x00, 0x00, 0x00, 0x00, 0x00, 0x00, 0x00, 0x00, 0x00, 0x00, 0x00, 0x00, 0x00,
    0x00, 0x00, 0x00, 0x00, 0x00, 0x00, 0x00, 0x00, 0x00, 0x00, 0x00, 0x00, 0x00, 0x00, 0x00, 0x00,
    0x00, 0x00, 0x00, 0x00, 0x00, 0x00, 0xf8, 0x01, 0x00, 0xfe, 0x03, 0x10, 0x26, 0x07, 0x30, 0x23,
    0x06, 0x60, 0x21, 0x06, 0x00, 0x23, 0x06, 0x00, 0x23, 0x06, 0x00, 0x3e, 0x03, 0x00, 0x38, 0x00,
    0x00, 0x00, 0x00, 0x00, 0x00, 0x00, 0x00, 0x00, 0x00, 0x00, 0x00, 0x00, 0x00, 0x00, 0x00, 0x00,
    0x00, 0x00, 0x00, 0x00, 0x00, 0x00, 0x00, 0x00, 0x00, 0x00, 0x00, 0x00, 0x00, 0x00, 0x00, 0x00,
    0x00, 0x00, 0x00, 0x00, 0x00, 0x00, 0x00, 0x00, 0x00, 0x00, 0x00, 0x00, 0x00, 0x00, 0x00, 0x00,
    0x00, 0xf8, 0x01, 0x30, 0xfe, 0x03, 0x30, 0x26, 0x07, 0x00, 0x23, 0x06, 0x00, 0x21, 0x06, 0x30,
    0x23, 0x06, 0x30, 0x23, 0x06, 0x00, 0x3e, 0x03, 0x00, 0x38, 0x00, 0x00, 0x00, 0x00, 0x00, 0x00,
    0x00, 0x00, 0x00, 0x00, 0x00, 0x00, 0x00, 0x00, 0x00, 0x00, 0x00, 0x00, 0x00, 0x00, 0x00, 0x00,
    0x00, 0x00, 0x00, 0x00, 0x00, 0x00, 0x00, 0x00, 0x00, 0x00, 0x00, 0x00, 0x00, 0x00, 0x00, 0x00,
    0x00, 0x00, 0x00, 0x00, 0x00, 0x00, 0x00, 0x00, 0x40, 0x00, 0x00, 0xf0, 0xff, 0x07, 0xf0, 0xff,
    0x07, 0x40, 0x06, 0x00, 0x40, 0x03, 0x00, 0x40, 0x03, 0x40, 0x00, 0x03, 0x40, 0x00, 0x03, 0x60,
    0x00, 0xfe, 0x3f, 0x00, 0xfc, 0x1f, 0x00, 0x00, 0x00, 0x00, 0x00, 0x00, 0x00, 0x00, 0x00, 0x00,
    0x00, 0x00, 0x00, 0x00, 0x00, 0x00, 0x00, 0x00, 0x00, 0x00, 0x00, 0x00, 0x00, 0x00, 0x00, 0x00,
    0x00, 0x00, 0x00, 0x00, 0x00, 0x00, 0x00, 0x00, 0x00, 0x00, 0x00, 0x00, 0x00, 0x00, 0x00, 0x00,
    0x00, 0x00, 0x00, 0x00, 0x00, 0x00, 0x00, 0x00, 0x00, 0x00, 0xff, 0x07, 0x00, 0x01, 0x00, 0x60,
    0x01, 0x00, 0x30, 0x01, 0x00, 0x10, 0x01, 0x00, 0x00, 0x01, 0x00, 0x00, 0x00, 0x00, 0x00, 0x00,
    0x00, 0x00, 0x00, 0x00, 0x00, 0x00, 0x00, 0x00, 0x00, 0x00, 0x00, 0x00, 0x00, 0x00, 0x00, 0x00,
    0x00, 0x00, 0x00, 0x00, 0x00, 0x00, 0x00, 0x00, 0x00, 0x00, 0x00, 0x00, 0x00, 0x00, 0x00, 0x00,
    0x00, 0x00, 0x00, 0x00, 0x00, 0x00, 0x00, 0x00, 0x00, 0x00, 0x00, 0x00, 0xf8, 0x00, 0x00, 0xfe,
    0x03, 0x00, 0x27, 0x07, 0x00, 0x23, 0x06, 0x00, 0x21, 0x06, 0x00, 0x23, 0x06, 0x00, 0x03, 0x06,
    0x00, 0x8e, 0x03, 0x00, 0x8c, 0x01, 0x00, 0x00, 0x00, 0x00, 0x00, 0x00, 0x00, 0x00, 0x00, 0x00,
    0x00, 0x00, 0x00, 0x00, 0x00, 0x00, 0x00, 0x00, 0x00, 0x00, 0x00, 0x00, 0x00, 0x00, 0x00, 0x00,
    0x00, 0x00, 0x00, 0x00, 0x00, 0x00, 0x00, 0x00, 0x00, 0x00, 0x00, 0x00, 0x00, 0x00, 0x00, 0x00,
    0x00, 0x00, 0x00, 0x00, 0x00, 0x00, 0x00, 0x0c, 0x01, 0x00, 0x1e, 0x03, 0x00, 0x33, 0x06, 0x00,
    0x33, 0x06, 0x00, 0x21, 0x06, 0x00, 0x63, 0x06, 0x00, 0xe6, 0x07, 0x00, 0xc6, 0x03, 0x00, 0x00,
    0x00, 0x00, 0x00, 0x00, 0x00, 0x00, 0x00, 0x00, 0x00, 0x00, 0x00, 0x00, 0x00, 0x00, 0x00, 0x00,
    0x00, 0x00, 0x00, 0x00, 0x00, 0x00, 0x00, 0x00, 0x00, 0x00, 0x00, 0x00, 0x00, 0x00, 0x00, 0x00,
    0x00, 0x00, 0x00, 0x00, 0x00, 0x00, 0x00, 0x00, 0x00, 0x00, 0x00, 0x00, 0x00, 0x00, 0x10, 0x00,
    0x00, 0x30, 0xff, 0x07, 0x00, 0x00, 0x00, 0x00, 0x00, 0x00, 0x00, 0x00, 0x00, 0x00, 0x00, 0x00,
    0x00, 0x00, 0x00, 0x00, 0x00, 0x00, 0x00, 0x00, 0x00, 0x00, 0x00, 0x00, 0x00, 0x00, 0x00, 0x00,
    0x00, 0x00, 0x00, 0x00, 0x00, 0x00, 0x00, 0x00, 0x00, 0x00, 0x00, 0x00, 0x00, 0x00, 0x30, 0x00,
    0x00, 0x30, 0x00, 0x00, 0x00, 0x00, 0x00, 0x00, 0xff, 0x07, 0x30, 0x00, 0x00, 0x30, 0x00, 0x00,
    0x00, 0x00, 0x00, 0x00, 0x00, 0x00, 0x00, 0x00, 0x00, 0x00, 0x00, 0x00, 0x00, 0x00, 0x00, 0x00,
    0x00, 0x00, 0x00, 0x00, 0x00, 0x00, 0x00, 0x00, 0x00, 0x00, 0x00, 0x00, 0x00, 0x00, 0x00, 0x00,
    0x00, 0x00, 0x00, 0x00, 0x00, 0x00, 0x00, 0x00, 0x00, 0x00, 0x00, 0x00, 0x60, 0x00, 0x00, 0x60,
    0x30, 0xff, 0x7f, 0x30, 0xff, 0x3f, 0x00, 0x00, 0x00, 0x00, 0x00, 0x00, 0x00, 0x00, 0x00, 0x00,
    0x00, 0x00, 0x00, 0x00, 0x00, 0x00, 0x00, 0x00, 0x00, 0x00, 0x00, 0x00, 0x00, 0x00, 0x00, 0x00,
    0x00, 0x00, 0x00, 0x00, 0x00, 0x00, 0x00, 0x00, 0x00, 0x00, 0x00, 0x00, 0x00, 0x00, 0x00, 0x00,
    0x00, 0x00, 0x00, 0x00, 0x00, 0x06, 0x00, 0x00, 0x06, 0x00, 0x80, 0x07, 0x00, 0xff, 0x03, 0x00,
    0x07, 0x00, 0x00, 0x01, 0x00, 0x00, 0x01, 0x00, 0x00, 0x01, 0x00, 0x00, 0xff, 0x07, 0x00, 0xff,
    0x07, 0x00, 0x20, 0x04, 0x00, 0x20, 0x04, 0x00, 0x20, 0x04, 0x00, 0x20, 0x06, 0x00, 0xe0, 0x07,
    0x00, 0xc0, 0x03, 0x00, 0x00, 0x00, 0x00, 0x00, 0x00, 0x00, 0x00, 0x00, 0x00, 0x00, 0x00, 0x00,
    0x00, 0x00, 0x00, 0x00, 0x00, 0x00, 0x00, 0x00, 0x00, 0x00, 0x00, 0x00, 0x00, 0x00, 0x00, 0x00,
    0x00, 0x00, 0x00, 0x00, 0x00, 0x00, 0x00, 0x00, 0x00, 0x00, 0x00, 0x00, 0x00, 0x00, 0x00, 0x00,
    0x00, 0x00, 0x00, 0x00, 0x00, 0x00, 0x00, 0xff, 0x07, 0x00, 0x20, 0x00, 0x00, 0x20, 0x00, 0x00,
    0x20, 0x00, 0x00, 0x20, 0x00, 0x00, 0x20, 0x00, 0x00, 0xff, 0x07, 0x00, 0xff, 0x07, 0x00, 0x20,
    0x04, 0x00, 0x20, 0x04, 0x00, 0x20, 0x04, 0x00, 0x20, 0x06, 0x00, 0x60, 0x06, 0x00, 0xe0, 0x03,
    0x00, 0x80, 0x01, 0x00, 0x00, 0x00, 0x00, 0x00, 0x00, 0x00, 0x00, 0x00, 0x00, 0x00, 0x00, 0x00,
    0x00, 0x00, 0x00, 0x00, 0x00, 0x00, 0x00, 0x00, 0x00, 0x00, 0x00, 0x00, 0x00, 0x00, 0x00, 0x00,
    0x00, 0x00, 0x00, 0x00, 0x00, 0x00, 0x00, 0x00, 0x00, 0x00, 0x00, 0x00, 0x00, 0x00, 0x00, 0x00,
    0x40, 0x00, 0x00, 0xf0, 0xff, 0x07, 0xf0, 0xff, 0x07, 0x40, 0x06, 0x00, 0x40, 0x03, 0x00, 0x40,
    0x03, 0x00, 0x00, 0x03, 0x00, 0x00, 0x03, 0x00, 0x00, 0xfe, 0x07, 0x00, 0xfc, 0x07, 0x00, 0x00,
    0x00, 0x00, 0x00, 0x00, 0x00, 0x00, 0x00, 0x00, 0x00, 0x00, 0x00, 0x00, 0x00, 0x00, 0x00, 0x00,
    0x00, 0x00, 0x00, 0x00, 0x00, 0x00, 0x00, 0x00, 0x00, 0x00, 0x00, 0x00, 0x00, 0x00, 0x00, 0x00,
    0x00, 0x00, 0x00, 0x00, 0x00, 0x00, 0x00, 0x00, 0x00, 0x00, 0x00, 0x00, 0x00, 0x00, 0x00, 0x00,
    0x00, 0x00, 0xff, 0x07, 0x00, 0x30, 0x00, 0x00, 0x30, 0x00, 0x60, 0x78, 0x00, 0x30, 0xdc, 0x01,
    0x10, 0x86, 0x03, 0x00, 0x03, 0x07, 0x00, 0x01, 0x04, 0x00, 0x00, 0x00, 0x00, 0x00, 0x00, 0x00,
    0x00, 0x00, 0x00, 0x00, 0x00, 0x00, 0x00, 0x00, 0x00, 0x00, 0x00, 0x00, 0x00, 0x00, 0x00, 0x00,
    0x00, 0x00, 0x00, 0x00, 0x00, 0x00, 0x00, 0x00, 0x00, 0x00, 0x00, 0x00, 0x00, 0x00, 0x00, 0x00,
    0x00, 0x00, 0x00, 0x00, 0x00, 0x00, 0x00, 0x00, 0x00, 0x00, 0x00, 0x00, 0x00, 0xff, 0x07, 0x10,
    0x00, 0x07, 0x30, 0xc0, 0x01, 0x60, 0x70, 0x00, 0x00, 0x38, 0x00, 0x00, 0x0e, 0x00, 0x00, 0xff,
    0x07, 0x00, 0xff, 0x07, 0x00, 0x00, 0x00, 0x00, 0x00, 0x00, 0x00, 0x00, 0x00, 0x00, 0x00, 0x00,
    0x00, 0x00, 0x00, 0x00, 0x00, 0x00, 0x00, 0x00, 0x00, 0x00, 0x00, 0x00, 0x00, 0x00, 0x00, 0x00,
    0x00, 0x00, 0x00, 0x00, 0x00, 0x00, 0x00, 0x00, 0x00, 0x00, 0x00, 0x00, 0x00, 0x00, 0x00, 0x00,
    0x00, 0x00, 0x01, 0x00, 0x00, 0x0f, 0x60, 0x10, 0x3e, 0x60, 0x70, 0xf0, 0x31, 0x40, 0x80, 0x1f,
    0x40, 0xc0, 0x07, 0x60, 0xf8, 0x00, 0x30, 0x1f, 0x00, 0x00, 0x03, 0x00, 0x00, 0x00, 0x00, 0x00,
    0x00, 0x00, 0x00, 0x00, 0x00, 0x00, 0x00, 0x00, 0x00, 0x00, 0x00, 0x00, 0x00, 0x00, 0x00, 0x00,
    0x00, 0x00, 0x00, 0x00, 0x00, 0x00, 0x00, 0x00, 0x00, 0x00, 0x00, 0x00, 0x00, 0x00, 0x00, 0x00,
    0x00, 0x00, 0x00, 0x00, 0x00, 0x00, 0x00, 0x00, 0x00, 0x00, 0x00, 0x00, 0x00, 0x00, 0x00, 0x00,
    0xff, 0x07, 0x00, 0x00, 0x04, 0x00, 0x00, 0x04, 0x00, 0x00, 0x3c, 0x00, 0x00, 0x3c, 0x00, 0x00,
    0x04, 0x00, 0xff, 0x07, 0x00, 0xff, 0x07, 0x00, 0x00, 0x00, 0x00, 0x00, 0x00, 0x00, 0x00, 0x00,
    0x00, 0x00, 0x00, 0x00, 0x00, 0x00, 0x00, 0x00, 0x00, 0x00, 0x00, 0x00, 0x00, 0x00, 0x00, 0x00,
    0x00, 0x00, 0x00, 0x00, 0x00, 0x00, 0x00, 0x00, 0x00, 0x00, 0x00, 0x00, 0x00, 0x00, 0x00, 0x00,
    0x00, 0x00, 0x00, 0x00, 0x00, 0x00, 0x00, 0x00, 0x00, 0x00, 0xe0, 0xff, 0x03, 0x00, 0x00, 0x07,
    0x00, 0x00, 0x06, 0x00, 0x00, 0x06, 0x00, 0x00, 0x06, 0x00, 0x00, 0x07, 0xe0, 0xff, 0x03, 0xe0,
    0xff, 0x03, 0x00, 0x00, 0x06, 0x00, 0x00, 0x06, 0x00, 0x00, 0x06, 0x00, 0x00, 0x06, 0xe0, 0xff,
    0x03, 0xe0, 0xff, 0x01, 0x00, 0x00, 0x00, 0x00, 0x00, 0x00, 0x00, 0x00, 0x00, 0x00, 0x00, 0x00,
    0x00, 0x00, 0x00, 0x00, 0x00, 0x00, 0x00, 0x00, 0x00, 0x00, 0x00, 0x00, 0x00, 0x00, 0x00, 0x00,
    0x00, 0x00, 0x00, 0x00, 0x00, 0x00, 0x00, 0x00, 0x00, 0x00, 0x00, 0x00, 0x00, 0x00, 0x00, 0x00,
    0x00, 0x00, 0x00, 0x00, 0x00, 0xff, 0x01, 0x00, 0xff, 0x03, 0x00, 0x00, 0x06, 0x00, 0x00, 0x06,
    0x00, 0x00, 0x06, 0x00, 0x00, 0x06, 0x00, 0xff, 0x03, 0x00, 0xff, 0x03, 0x00, 0x00, 0x06, 0x00,
    0x00, 0x04, 0x00, 0x00, 0x06, 0x00, 0xff, 0x07, 0x00, 0xff, 0x03, 0x00, 0x00, 0x00, 0x00, 0x00,
    0x00, 0x00, 0x00, 0x00, 0x00, 0x00, 0x00, 0x00, 0x00, 0x00, 0x00, 0x00, 0x00, 0x00, 0x00, 0x00,
    0x00, 0x00, 0x00, 0x00, 0x00, 0x00, 0x00, 0x00, 0x00, 0x00, 0x00, 0x00, 0x00, 0x00, 0x00, 0x00,
    0x00, 0x00, 0x00, 0x00, 0x00, 0x00, 0x00, 0x00, 0x00, 0x01, 0x00, 0x00, 0x01, 0x00, 0xe0, 0xff,
    0x07, 0x00, 0x19, 0x06, 0x00, 0x19, 0x06, 0x00, 0x19, 0x06, 0x00, 0x18, 0x06, 0x00, 0x18, 0x06,
    0x00, 0x18, 0x06, 0x00, 0x38, 0x07, 0x00, 0xf0, 0x03, 0x00, 0xc0, 0x00, 0x00, 0x00, 0x00, 0x00,
    0x00, 0x00, 0x00, 0x00, 0x00, 0x00, 0x00, 0x00, 0x00, 0x00, 0x00, 0x00, 0x00, 0x00, 0x00, 0x00,
    0x00, 0x00, 0x00, 0x00, 0x00, 0x00, 0x00, 0x00, 0x00, 0x00, 0x00, 0x00, 0x00, 0x00, 0x00, 0x00,
    0x00, 0x00, 0x00, 0x00, 0x00, 0x00, 0x00, 0x00, 0x00, 0x80, 0x00, 0x00, 0x80, 0x00, 0x00, 0xf0,
    0xff, 0x07, 0x80, 0x10, 0x04, 0x80, 0x10, 0x04, 0x80, 0x10, 0x04, 0x00, 0x10, 0x06, 0x00, 0x30,
    0x06, 0x00, 0xf0, 0x03, 0x00, 0xe0, 0x01, 0x00, 0x00, 0x00, 0x00, 0x00, 0x00, 0x00, 0x00, 0x00,
    0x00, 0x00, 0x00, 0x00, 0x00, 0x00, 0x00, 0x00, 0x00, 0x00, 0x00, 0x00, 0x00, 0x00, 0x00, 0x00,
    0x00, 0x00, 0x00, 0x00, 0x00, 0x00, 0x00, 0x00, 0x00, 0x00, 0x00, 0x00, 0x00, 0x00, 0x00, 0x00,
    0x00, 0x00, 0x00, 0x00, 0x00, 0x00, 0x00, 0x00, 0x00, 0x00, 0xe0, 0xff, 0x07, 0xe0, 0xff, 0x07,
    0x00, 0x08, 0x00, 0x00, 0x08, 0x00, 0x00, 0xff, 0x00, 0xc0, 0xff, 0x03, 0xc0, 0x08, 0x03, 0x60,
    0x08, 0x06, 0x60, 0x08, 0x06, 0x60, 0x08, 0x06, 0x60, 0x08, 0x06, 0x60, 0x00, 0x06, 0xc0, 0x81,
    0x03, 0x80, 0xc3, 0x01, 0x00, 0x42, 0x00, 0x00, 0x00, 0x00, 0x00, 0x00, 0x00, 0x00, 0x00, 0x00,
    0x00, 0x00, 0x00, 0x00, 0x00, 0x00, 0x00, 0x00, 0x00, 0x00, 0x00, 0x00, 0x00, 0x00, 0x00, 0x00,
    0x00, 0x00, 0x00, 0x00, 0x00, 0x00, 0x00, 0x00, 0x00, 0x00, 0x00, 0x00, 0x00, 0x00, 0x00, 0x00,
    0x00, 0x00, 0x00, 0x00, 0x00, 0x00, 0x00, 0x00, 0xff, 0x07, 0x00, 0xff, 0x07, 0x00, 0x20, 0x00,
    0x00, 0x20, 0x00, 0x00, 0xf8, 0x00, 0x00, 0xfe, 0x03, 0x00, 0x26, 0x03, 0x00, 0x23, 0x06, 0x00,
    0x23, 0x06, 0x00, 0x23, 0x06, 0x00, 0x03, 0x06, 0x00, 0x8e, 0x03, 0x00, 0x8c, 0x01, 0x00, 0x00,
    0x00, 0x00, 0x00, 0x00, 0x00, 0x00, 0x00, 0x00, 0x00, 0x00, 0x00, 0x00, 0x00, 0x00, 0x00, 0x00,
    0x00, 0x00, 0x00, 0x00, 0x00, 0x00, 0x00, 0x00, 0x00, 0x00, 0x00, 0x00, 0x00, 0x00, 0x00, 0x00,
    0x00, 0x00, 0x00, 0x00, 0x00, 0x00, 0x00, 0x00, 0x00, 0x00, 0x00, 0x00, 0x00, 0x00, 0x00, 0x00,
    0x07, 0x00, 0xe0, 0x07, 0x00, 0xf8, 0x00, 0x00, 0x7f, 0x00, 0xe0, 0xe3, 0x07, 0xe0, 0xe0, 0x07,
    0xc0, 0x67, 0x00, 0x00, 0x7e, 0x00, 0x00, 0xf8, 0x01, 0x00, 0xc0, 0x07, 0x00, 0x00, 0x06, 0x00,
    0x00, 0x00, 0x00, 0x00, 0x00, 0x00, 0x00, 0x00, 0x00, 0x00, 0x00, 0x00, 0x00, 0x00, 0x00, 0x00,
    0x00, 0x00, 0x00, 0x00, 0x00, 0x00, 0x00, 0x00, 0x00, 0x00, 0x00, 0x00, 0x00, 0x00, 0x00, 0x00,
    0x00, 0x00, 0x00, 0x00, 0x00, 0x00, 0x00, 0x00, 0x00, 0x00, 0x00, 0x00, 0x00, 0x00, 0x04, 0x00,
    0x00, 0x07, 0x00, 0xe0, 0x03, 0x00, 0xfc, 0x00, 0x00, 0x8f, 0x07, 0x00, 0x87, 0x07, 0x00, 0xbe,
    0x00, 0x00, 0xf0, 0x00, 0x00, 0xc0, 0x07, 0x00, 0x00, 0x06, 0x00, 0x00, 0x00, 0x00, 0x00, 0x00,
    0x00, 0x00, 0x00, 0x00, 0x00, 0x00, 0x00, 0x00, 0x00, 0x00, 0x00, 0x00, 0x00, 0x00, 0x00, 0x00,
    0x00, 0x00, 0x00, 0x00, 0x00, 0x00, 0x00, 0x00, 0x00, 0x00, 0x00, 0x00, 0x00, 0x00, 0x00, 0x00,
    0x00, 0x00, 0x00, 0x00, 0x00, 0x00, 0x00, 0x00, 0x00, 0x00, 0x00, 0x00, 0x00, 0xe0, 0xff, 0x07,
    0xe0, 0xff, 0x07, 0x00, 0x60, 0x00, 0x00, 0x60, 0x00, 0x00, 0x60, 0x07, 0x00, 0xe0, 0x07, 0x00,
    0xf8, 0x00, 0x00, 0x7f, 0x00, 0xc0, 0x63, 0x00, 0xe0, 0xe0, 0x07, 0xe0, 0x63, 0x00, 0x00, 0x7f,
    0x00, 0x00, 0xf8, 0x00, 0x00, 0xc0, 0x07, 0x00, 0x00, 0x07, 0x00, 0x00, 0x00, 0x00, 0x00, 0x00,
    0x00, 0x00, 0x00, 0x00, 0x00, 0x00, 0x00, 0x00, 0x00, 0x00, 0x00, 0x00, 0x00, 0x00, 0x00, 0x00,
    0x00, 0x00, 0x00, 0x00, 0x00, 0x00, 0x00, 0x00, 0x00, 0x00, 0x00, 0x00, 0x00, 0x00, 0x00, 0x00,
    0x00, 0x00, 0x00, 0x00, 0x00, 0x00, 0x00, 0x00, 0x00, 0x00, 0x00, 0x00, 0x00, 0x00, 0xff, 0x07,
    0x00, 0xff, 0x07, 0x00, 0x80, 0x00, 0x00, 0x80, 0x07, 0x00, 0xc0, 0x07, 0x00, 0xf8, 0x00, 0x00,
    0x9e, 0x00, 0x00, 0x87, 0x07, 0x00, 0x9f, 0x07, 0x00, 0xf8, 0x00, 0x00, 0xe0, 0x03, 0x00, 0x00,
    0x07, 0x00, 0x00, 0x04, 0x00, 0x00, 0x00, 0x00, 0x00, 0x00, 0x00, 0x00, 0x00, 0x00, 0x00, 0x00,
    0x00, 0x00, 0x00, 0x00, 0x00, 0x00, 0x00, 0x00, 0x00, 0x00, 0x00, 0x00, 0x00, 0x00, 0x00, 0x00,
    0x00, 0x00, 0x00, 0x00, 0x00, 0x00, 0x00, 0x00, 0x00, 0x00, 0x00, 0x00, 0x00, 0x00, 0x00, 0x00,
    0x00, 0x00, 0x00, 0x00, 0x00, 0x80, 0x07, 0x00, 0xe0, 0x07, 0x20, 0x30, 0x00, 0xe0, 0x10, 0x00,
    0xe0, 0x1b, 0x00, 0x60, 0x1f, 0x00, 0x60, 0x1c, 0x00, 0x60, 0xf8, 0x07, 0x60, 0xfc, 0x07, 0x60,
    0x1f, 0x00, 0xe0, 0x1b, 0x00, 0xe0, 0x10, 0x00, 0x60, 0x30, 0x00, 0x00, 0xf0, 0x07, 0x00, 0xc0,
    0x07, 0x00, 0x00, 0x00, 0x00, 0x00, 0x00, 0x00, 0x00, 0x00, 0x00, 0x00, 0x00, 0x00, 0x00, 0x00,
    0x00, 0x00, 0x00, 0x00, 0x00, 0x00, 0x00, 0x00, 0x00, 0x00, 0x00, 0x00, 0x00, 0x00, 0x00, 0x00,
    0x00, 0x00, 0x00, 0x00, 0x00, 0x00, 0x00, 0x00, 0x00, 0x00, 0x00, 0x00, 0x00, 0x00, 0x00, 0x00,
    0x00, 0x00, 0x00, 0x07, 0x00, 0xc0, 0x07, 0x00, 0x61, 0x00, 0x00, 0x27, 0x00, 0x00, 0x2f, 0x00,
    0x00, 0xf9, 0x07, 0x00, 0xf1, 0x07, 0x00, 0x39, 0x00, 0x00, 0x2f, 0x00, 0x00, 0x27, 0x00, 0x00,
    0xe1, 0x07, 0x00, 0xc0, 0x07, 0x00, 0x00, 0x00, 0x00, 0x00, 0x00, 0x00, 0x00, 0x00, 0x00, 0x00,
    0x00, 0x00, 0x00, 0x00, 0x00, 0x00, 0x00, 0x00, 0x00, 0x00, 0x00, 0x00, 0x00, 0x00, 0x00, 0x00,
    0x00, 0x00, 0x00, 0x00, 0x00, 0x00, 0x00, 0x00, 0x00, 0x00, 0x00, 0x00, 0x00, 0x00, 0x00, 0x00,
    0x00, 0x00, 0x00, 0x00, 0x00, 0x00, 0x00, 0x00, 0xe0, 0xff, 0x07, 0xe0, 0xff, 0x07, 0x00, 0x10,
    0x00, 0x00, 0x10, 0x00, 0x00, 0x10, 0x00, 0x00, 0xf0, 0x07, 0x00, 0xf0, 0x07, 0x60, 0x30, 0x00,
    0xe0, 0x11, 0x00, 0xe0, 0x17, 0x00, 0x60, 0x1e, 0x00, 0x60, 0xf8, 0x07, 0x60, 0xf8, 0x07, 0x60,
    0x1e, 0x00, 0xe0, 0x17, 0x00, 0xe0, 0x11, 0x00, 0x60, 0x30, 0x00, 0x20, 0xf0, 0x07, 0x00, 0xe0,
    0x07, 0x00, 0x00, 0x00, 0x00, 0x00, 0x00, 0x00, 0x00, 0x00, 0x00, 0x00, 0x00, 0x00, 0x00, 0x00,
    0x00, 0x00, 0x00, 0x00, 0x00, 0x00, 0x00, 0x00, 0x00, 0x00, 0x00, 0x00, 0x00, 0x00, 0x00, 0x00,
    0x00, 0x00, 0x00, 0x00, 0x00, 0x00, 0x00, 0x00, 0x00, 0x00, 0x00, 0x00, 0x00, 0x00, 0x00, 0x00,
    0x00, 0x00, 0x00, 0x00, 0x00, 0xff, 0x07, 0x00, 0x20, 0x00, 0x00, 0x20, 0x00, 0x00, 0x20, 0x00,
    0x00, 0xa0, 0x07, 0x00, 0xe0, 0x07, 0x00, 0x61, 0x00, 0x00, 0x27, 0x00, 0x00, 0x3d, 0x00, 0x00,
    0xf9, 0x07, 0x00, 0xf1, 0x07, 0x00, 0x3d, 0x00, 0x00, 0x2f, 0x00, 0x00, 0x63, 0x00, 0x00, 0xe1,
    0x07, 0x00, 0xc0, 0x07, 0x00, 0x00, 0x00, 0x00, 0x00, 0x00, 0x00, 0x00, 0x00, 0x00, 0x00, 0x00,
    0x00, 0x00, 0x00, 0x00, 0x00, 0x00, 0x00, 0x00, 0x00, 0x00, 0x00, 0x00, 0x00, 0x00, 0x00, 0x00,
    0x00, 0x00, 0x00, 0x00, 0x00, 0x00, 0x00, 0x00, 0x00, 0x00, 0x00, 0x00, 0x00, 0x00, 0x00, 0x00,
    0x00, 0x00, 0x00, 0x00, 0x20, 0x00, 0x3c, 0x20, 0x00, 0x7c, 0x23, 0x08, 0x66, 0x26, 0x08, 0x06,
    0x64, 0x0c, 0x06, 0x63, 0x1c, 0x06, 0xc1, 0xf7, 0x03, 0x80, 0xe3, 0x01, 0x00, 0x00, 0x00, 0x00,
    0x00, 0x00, 0x00, 0x00, 0x00, 0x00, 0x00, 0x00, 0x00, 0x00, 0x00, 0x00, 0x00, 0x00, 0x00, 0x00,
    0x00, 0x00, 0x00, 0x00, 0x00, 0x00, 0x00, 0x00, 0x00, 0x00, 0x00, 0x00, 0x00, 0x00, 0x00, 0x00,
    0x00, 0x00, 0x00, 0x00, 0x00, 0x00, 0x00, 0x00, 0x00, 0x00, 0x00, 0x00, 0x00, 0x01, 0x3c, 0x08,
    0x01, 0x7c, 0x10, 0x21, 0x66, 0x20, 0x31, 0x06, 0x30, 0x33, 0x06, 0x08, 0x73, 0x02, 0x00, 0xde,
    0x03, 0x00, 0x80, 0x01, 0x00, 0x00, 0x00, 0x00, 0x00, 0x00, 0x00, 0x00, 0x00, 0x00, 0x00, 0x00,
    0x00, 0x00, 0x00, 0x00, 0x00, 0x00, 0x00, 0x00, 0x00, 0x00, 0x00, 0x00, 0x00, 0x00, 0x00, 0x00,
    0x00, 0x00, 0x00, 0x00, 0x00, 0x00, 0x00, 0x00, 0x00, 0x00, 0x00, 0x00, 0x00, 0x00, 0x00, 0x00,
    0x00, 0x00, 0x00, 0x00, 0xe0, 0x1f, 0x00, 0xe0, 0x3f, 0x00, 0x00, 0x60, 0x00, 0x00, 0x60, 0x00,
    0x00, 0x40, 0x00, 0xe0, 0xff, 0x07, 0xe0, 0xff, 0x07, 0x00, 0x40, 0x00, 0x00, 0x60, 0x00, 0x00,
    0x70, 0x00, 0xe0, 0x3f, 0x00, 0xe0, 0x0f, 0x00, 0x00, 0x00, 0x00, 0x00, 0x00, 0x00, 0x00, 0x00,
    0x00, 0x00, 0x00, 0x00, 0x00, 0x00, 0x00, 0x00, 0x00, 0x00, 0x00, 0x00, 0x00, 0x00, 0x00, 0x00,
    0x00, 0x00, 0x00, 0x00, 0x00, 0x00, 0x00, 0x00, 0x00, 0x00, 0x00, 0x00, 0x00, 0x00, 0x00, 0x00,
    0x00, 0x00, 0x00, 0x00, 0x00, 0x00, 0x00, 0x00, 0x00, 0xff, 0x00, 0x00, 0xff, 0x01, 0x00, 0x00,
    0x03, 0x00, 0x00, 0x06, 0x00, 0x00, 0x06, 0x00, 0xff, 0xff, 0x00, 0xff, 0xff, 0x00, 0x00, 0x06,
    0x00, 0x00, 0x06, 0x00, 0x01, 0x03, 0x00, 0xff, 0x03, 0x00, 0xfe, 0x00, 0x00, 0x00, 0x00, 0x00,
    0x00, 0x00, 0x00, 0x00, 0x00, 0x00, 0x00, 0x00, 0x00, 0x00, 0x00, 0x00, 0x00, 0x00, 0x00, 0x00,
    0x00, 0x00, 0x00, 0x00, 0x00, 0x00, 0x00, 0x00, 0x00, 0x00, 0x00, 0x00, 0x00, 0x00, 0x00, 0x00,
    0x00, 0x00, 0x00, 0x00, 0x00, 0x00, 0x00, 0x00, 0x00, 0x00, 0x00, 0x00, 0x00, 0x7e, 0x00, 0x80,
    0xff, 0x01, 0xc0, 0x91, 0x03, 0xe0, 0x10, 0x07, 0x60, 0x10, 0x06, 0x60, 0x10, 0x06, 0x60, 0x10,
    0x06, 0x60, 0x10, 0x06, 0xc0, 0x10, 0x03, 0xc0, 0xd7, 0x03, 0x00, 0xff, 0x00, 0x00, 0x00, 0x00,
    0x00, 0x00, 0x00, 0x00, 0x00, 0x00, 0x00, 0x00, 0x00, 0x00, 0x00, 0x00, 0x00, 0x00, 0x00, 0x00,
    0x00, 0x00, 0x00, 0x00, 0x00, 0x00, 0x00, 0x00, 0x00, 0x00, 0x00, 0x00, 0x00, 0x00, 0x00, 0x00,
    0x00, 0x00, 0x00, 0x00, 0x00, 0x00, 0x00, 0x00, 0x00, 0x00, 0x00, 0x00, 0x00, 0x00, 0xf8, 0x00,
    0x00, 0xfe, 0x03, 0x00, 0x22, 0x02, 0x00, 0x21, 0x04, 0x00, 0x21, 0x04, 0x00, 0x21, 0x04, 0x00,
    0x23, 0x06, 0x00, 0xae, 0x03, 0x00, 0xfc, 0x01, 0x00, 0x20, 0x00, 0x00, 0x00, 0x00, 0x00, 0x00,
    0x00, 0x00, 0x00, 0x00, 0x00, 0x00, 0x00, 0x00, 0x00, 0x00, 0x00, 0x00, 0x00, 0x00, 0x00, 0x00,
    0x00, 0x00, 0x00, 0x00, 0x00, 0x00, 0x00, 0x00, 0x00, 0x00, 0x00, 0x00, 0x00, 0x00, 0x00, 0x00,
    0x00, 0x00, 0x00, 0x00, 0x00, 0x00, 0x00, 0x00, 0x20, 0x00, 0x00, 0xe0, 0x01, 0x00, 0xc0, 0x07,
    0x00, 0x00, 0x3e, 0x00, 0x00, 0xf0, 0x01, 0x00, 0x80, 0x07, 0x00, 0x80, 0x07, 0x00, 0xf0, 0x01,
    0x00, 0x3e, 0x00, 0xc0, 0x07, 0x00, 0xe0, 0x00, 0x00, 0x60, 0x00, 0x00, 0x00, 0x00, 0x00, 0x00,
    0x00, 0x00, 0x00, 0x00, 0x00, 0x00, 0x00, 0x00, 0x00, 0x00, 0x00, 0x00, 0x00, 0x00, 0x00, 0x00,
    0x00, 0x00, 0x00, 0x00, 0x00, 0x00, 0x00, 0x00, 0x00, 0x00, 0x00, 0x00, 0x00, 0x00, 0x00, 0x00,
    0x00, 0x00, 0x00, 0x00, 0x00, 0x00, 0x00, 0x00, 0x00, 0x00, 0x00, 0x00, 0x00, 0x07, 0x00, 0x00,
    0x3e, 0x00, 0x00, 0xf0, 0x01, 0x00, 0x80, 0x07, 0x00, 0x80, 0x07, 0x00, 0xf8, 0x00, 0x00, 0x1e,
    0x00, 0x00, 0x03, 0x00, 0x00, 0x03, 0x00, 0x00, 0x00, 0x00, 0x00, 0x00, 0x00, 0x00, 0x00, 0x00,
    0x00, 0x00, 0x00, 0x00, 0x00, 0x00, 0x00, 0x00, 0x00, 0x00, 0x00, 0x00, 0x00, 0x00, 0x00, 0x00,
    0x00, 0x00, 0x00, 0x00, 0x00, 0x00, 0x00, 0x00, 0x00, 0x00, 0x00, 0x00, 0x00, 0x00, 0x00, 0x00,
    0x00, 0x00, 0x00, 0x00, 0x20, 0x00, 0x00, 0xe0, 0x01, 0x00, 0xc2, 0x07, 0x00, 0x06, 0x3e, 0x00,
    0x0c, 0xf0, 0x01, 0x0a, 0x80, 0x07, 0x06, 0x80, 0x07, 0x0c, 0xf0, 0x01, 0x00, 0x3e, 0x00, 0xc0,
    0x07, 0x00, 0xe0, 0x00, 0x00, 0x60, 0x00, 0x00, 0x00, 0x00, 0x00, 0x00, 0x00, 0x00, 0x00, 0x00,
    0x00, 0x00, 0x00, 0x00, 0x00, 0x00, 0x00, 0x00, 0x00, 0x00, 0x00, 0x00, 0x00, 0x00, 0x00, 0x00,
    0x00, 0x00, 0x00, 0x00, 0x00, 0x00, 0x00, 0x00, 0x00, 0x00, 0x00, 0x00, 0x00, 0x00, 0x00, 0x00,
    0x00, 0x00, 0x00, 0x00, 0x00, 0x00, 0x00, 0x00, 0x10, 0x07, 0x00, 0x30, 0x3e, 0x00, 0x60, 0xf0,
    0x01, 0x50, 0x80, 0x07, 0x30, 0x80, 0x07, 0x60, 0xf8, 0x00, 0x00, 0x1e, 0x00, 0x00, 0x03, 0x00,
    0x00, 0x03, 0x00, 0x00, 0x00, 0x00, 0x00, 0x00, 0x00, 0x00, 0x00, 0x00, 0x00, 0x00, 0x00, 0x00,
    0x00, 0x00, 0x00, 0x00, 0x00, 0x00, 0x00, 0x00, 0x00, 0x00, 0x00, 0x00, 0x00, 0x00, 0x00, 0x00,
    0x00, 0x00, 0x00, 0x00, 0x00, 0x00, 0x00, 0x00, 0x00, 0x00, 0x00, 0x00, 0x00, 0x00, 0x00, 0x00,
    0x00, 0x00, 0x00, 0x00, 0x7e, 0x00, 0x80, 0xff, 0x01, 0xc0, 0x81, 0x03, 0x60, 0x00, 0x06, 0x60,
    0x00, 0x06, 0x60, 0x00, 0x06, 0x60, 0x00, 0x06, 0x60, 0x00, 0x06, 0xc0, 0x00, 0x03, 0xc0, 0xc3,
    0x03, 0x80, 0xff, 0x01, 0x00, 0x3c, 0x00, 0x00, 0x00, 0x00, 0x00, 0x01, 0x00, 0x00, 0x0f, 0x60,
    0x00, 0x3e, 0x60, 0x00, 0xf0, 0x31, 0x00, 0x80, 0x1f, 0x00, 0xc0, 0x07, 0x00, 0xf8, 0x00, 0x00,
    0x1f, 0x00, 0x00, 0x03, 0x00, 0x00, 0x00, 0x00, 0x00, 0x00, 0x00, 0x00, 0x00, 0x00, 0x00, 0x00,
    0x00, 0x00, 0x00, 0x00, 0x00, 0x00, 0x00, 0x00, 0x00, 0x00, 0x00, 0x00, 0x00, 0x00, 0x00, 0x00,
    0x00, 0x00, 0x00, 0x00, 0x00, 0x00, 0x00, 0x00, 0x00, 0x00, 0x00, 0x00, 0x00, 0x00, 0x00, 0x00,
    0x00, 0x00, 0x00, 0x00, 0x00, 0x00, 0xf8, 0x00, 0x00, 0xfe, 0x03, 0x00, 0x06, 0x03, 0x00, 0x03,
    0x06, 0x00, 0x01, 0x06, 0x00, 0x03, 0x06, 0x00, 0x03, 0x06, 0x00, 0x8e, 0x03, 0x00, 0xfc, 0x01,
    0x00, 0x20, 0x00, 0x00, 0x01, 0x00, 0x00, 0x0f, 0x60, 0x00, 0x3e, 0x60, 0x00, 0xf0, 0x31, 0x00,
    0x80, 0x1f, 0x00, 0xc0, 0x07, 0x00, 0xf8, 0x00, 0x00, 0x1f, 0x00, 0x00, 0x03, 0x00, 0x00, 0x00,
    0x00, 0x00, 0x00, 0x00, 0x00, 0x00, 0x00, 0x00, 0x00, 0x00, 0x00, 0x00, 0x00, 0x00, 0x00, 0x00,
    0x00, 0x00, 0x00, 0x00, 0x00, 0x00, 0x00, 0x00, 0x00, 0x00, 0x00, 0x00, 0x00, 0x00, 0x00, 0x00,
    0x00, 0x00, 0x00, 0x00, 0x00, 0x00, 0x00, 0x00, 0x00, 0x00, 0x00, 0x00, 0x00, 0x00, 0x00, 0x7e,
    0x00, 0x80, 0xff, 0x01, 0xc0, 0x81, 0x03, 0x60, 0x00, 0x06, 0x60, 0x00, 0x06, 0xf0, 0x00, 0x0f,
    0xf0, 0x00, 0x0f, 0x60, 0x00, 0x06, 0xc0, 0x00, 0x03, 0xc0, 0xc3, 0x03, 0x00, 0xff, 0x00, 0x00,
    0x00, 0x00, 0x00, 0x00, 0x00, 0x00, 0x00, 0x00, 0x00, 0x00, 0x00, 0x00, 0x00, 0x00, 0x00, 0x00,
    0x00, 0x00, 0x00, 0x00, 0x00, 0x00, 0x00, 0x00, 0x00, 0x00, 0x00, 0x00, 0x00, 0x00, 0x00, 0x00,
    0x00, 0x00, 0x00, 0x00, 0x00, 0x00, 0x00, 0x00, 0x00, 0x00, 0x00, 0x00, 0x00, 0x00, 0x00, 0x00,
    0xf8, 0x00, 0x00, 0xfe, 0x03, 0x00, 0x06, 0x03, 0x00, 0x03, 0x06, 0x80, 0x07, 0x0f, 0x80, 0x07,
    0x0f, 0x00, 0x03, 0x06, 0x00, 0x8e, 0x03, 0x00, 0xfc, 0x01, 0x00, 0x20, 0x00, 0x00, 0x00, 0x00,
    0x00, 0x00, 0x00, 0x00, 0x00, 0x00, 0x00, 0x00, 0x00, 0x00, 0x00, 0x00, 0x00, 0x00, 0x00, 0x00,
    0x00, 0x00, 0x00, 0x00, 0x00, 0x00, 0x00, 0x00, 0x00, 0x00, 0x00, 0x00, 0x00, 0x00, 0x00, 0x00,
    0x00, 0x00, 0x00, 0x00, 0x00, 0x00, 0x00, 0x00, 0x00, 0x00, 0x00, 0x00, 0x00, 0x00, 0x00, 0x00,
    0xc0, 0xff, 0x03, 0xe0, 0x00, 0x07, 0x60, 0x00, 0x06, 0x00, 0x00, 0x06, 0x06, 0x00, 0x06, 0x02,
    0x00, 0x07, 0x3a, 0xf8, 0x03, 0x1a, 0xf8, 0x03, 0x06, 0x00, 0x06, 0x04, 0x00, 0x06, 0x64, 0x00,
    0x06, 0x60, 0x00, 0x06, 0xc0, 0xff, 0x03, 0x80, 0xff, 0x01, 0x00, 0x00, 0x00, 0x00, 0x00, 0x00,
    0x00, 0x00, 0x00, 0x00, 0x00, 0x00, 0x00, 0x00, 0x00, 0x00, 0x00, 0x00, 0x00, 0x00, 0x00, 0x00,
    0x00, 0x00, 0x00, 0x00, 0x00, 0x00, 0x00, 0x00, 0x00, 0x00, 0x00, 0x00, 0x00, 0x00, 0x00, 0x00,
    0x00, 0x00, 0x00, 0x00, 0x00, 0x00, 0x00, 0x00, 0x00, 0x00, 0x00, 0xfc, 0x01, 0x00, 0xfe, 0x03,
    0x00, 0x03, 0x06, 0x00, 0x03, 0x06, 0x30, 0x00, 0x06, 0x10, 0x00, 0x06, 0x98, 0xe1, 0x03, 0xd0,
    0xe0, 0x03, 0x10, 0x00, 0x06, 0x20, 0x00, 0x04, 0x20, 0x03, 0x06, 0x00, 0xff, 0x07, 0x00, 0xfe,
    0x03, 0x00, 0x00, 0x00, 0x00, 0x00, 0x00, 0x00, 0x00, 0x00, 0x00, 0x00, 0x00, 0x00, 0x00, 0x00,
    0x00, 0x00, 0x00, 0x00, 0x00, 0x00, 0x00, 0x00, 0x00, 0x00, 0x00, 0x00, 0x00, 0x00, 0x00, 0x00,
    0x00, 0x00, 0x00, 0x00, 0x00, 0x00, 0x00, 0x00, 0x00, 0x00, 0x00, 0x00, 0x00, 0x00, 0x00, 0x00,
    0x00, 0x00, 0x00, 0x00, 0xe0, 0xff, 0x03, 0x00, 0x00, 0x07, 0x00, 0x00, 0x06, 0x02, 0x00, 0x06,
    0x02, 0x00, 0x06, 0x02, 0x00, 0x07, 0xe6, 0xff, 0x03, 0xe6, 0xff, 0x03, 0x02, 0x00, 0x06, 0x02,
    0x00, 0x06, 0x02, 0x00, 0x06, 0x00, 0x00, 0x06, 0xe0, 0xff, 0x03, 0xe0, 0xff, 0x01, 0x00, 0x00,
    0x00, 0x00, 0x00, 0x00, 0x00, 0x00, 0x00, 0x00, 0x00, 0x00, 0x00, 0x00, 0x00, 0x00, 0x00, 0x00,
    0x00, 0x00, 0x00, 0x00, 0x00, 0x00, 0x00, 0x00, 0x00, 0x00, 0x00, 0x00, 0x00, 0x00, 0x00, 0x00,
    0x00, 0x00, 0x00, 0x00, 0x00, 0x00, 0x00, 0x00, 0x00, 0x00, 0x00, 0x00, 0x00, 0x00, 0x00, 0xff,
    0x01, 0x00, 0xff, 0x03, 0x00, 0x00, 0x06, 0x10, 0x00, 0x06, 0x10, 0x00, 0x06, 0x10, 0x00, 0x06,
    0x30, 0xff, 0x03, 0x30, 0xff, 0x03, 0x10, 0x00, 0x06, 0x10, 0x00, 0x04, 0x10, 0x00, 0x06, 0x00,
    0xff, 0x07, 0x00, 0xff, 0x03, 0x00, 0x00, 0x00, 0x00, 0x00, 0x00, 0x00, 0x00, 0x00, 0x00, 0x00,
    0x00, 0x00, 0x00, 0x00, 0x00, 0x00, 0x00, 0x00, 0x00, 0x00, 0x00, 0x00, 0x00, 0x00, 0x00, 0x00,
    0x00, 0x00, 0x00, 0x00, 0x00, 0x00, 0x00, 0x00, 0x00, 0x00, 0x00, 0x00, 0x00, 0x00, 0x00, 0x00,
    0x00, 0x00, 0x00, 0x00, 0x00, 0x00, 0x7e, 0x00, 0x80, 0xff, 0x01, 0xc0, 0x81, 0x03, 0x60, 0x00,
    0x06, 0x60, 0x00, 0x06, 0x60, 0x00, 0x7e, 0x60, 0x00, 0x7e, 0x60, 0x00, 0x00, 0xc0, 0x00, 0x00,
    0xc0, 0x03, 0x00, 0x00, 0x03, 0x00, 0x00, 0x00, 0x00, 0x00, 0x00, 0x00, 0x00, 0x00, 0x00, 0x00,
    0x00, 0x00, 0x00, 0x00, 0x00, 0x00, 0x00, 0x00, 0x00, 0x00, 0x00, 0x00, 0x00, 0x00, 0x00, 0x00,
    0x00, 0x00, 0x00, 0x00, 0x00, 0x00, 0x00, 0x00, 0x00, 0x00, 0x00, 0x00, 0x00, 0x00, 0x00, 0x00,
    0x00, 0x00, 0x00, 0x00, 0x00, 0x00, 0x00, 0xf8, 0x00, 0x00, 0xfe, 0x03, 0x00, 0x07, 0x07, 0x00,
    0x03, 0x06, 0x00, 0x01, 0x7c, 0x00, 0x03, 0x7c, 0x00, 0x03, 0x00, 0x00, 0x0e, 0x00, 0x00, 0x08,
    0x00, 0x00, 0x00, 0x00, 0x00, 0x00, 0x00, 0x00, 0x00, 0x00, 0x00, 0x00, 0x00, 0x00, 0x00, 0x00,
    0x00, 0x00, 0x00, 0x00, 0x00, 0x00, 0x00, 0x00, 0x00, 0x00, 0x00, 0x00, 0x00, 0x00, 0x00, 0x00,
    0x00, 0x00, 0x00, 0x00, 0x00, 0x00, 0x00, 0x00, 0x00, 0x00, 0x00, 0x00, 0x00, 0x00, 0x00, 0x00,
    0x00, 0x00, 0x20, 0x00, 0x00, 0x20, 0x04, 0x00, 0x60, 0x07, 0x00, 0xc1, 0x01, 0x00, 0xf3, 0x00,
    0x00, 0xba, 0x01, 0x00, 0x0e, 0x01, 0x80, 0x07, 0x01, 0xc0, 0x0c, 0x00, 0x40, 0x18, 0x00, 0x00,
    0x00, 0x00, 0x00, 0x00, 0x00, 0x00, 0x00, 0x00, 0x00, 0x00, 0x00, 0x00, 0x00, 0x00, 0x00, 0x00,
    0x00, 0x60, 0x00, 0x00, 0x60, 0x00, 0x00, 0x20, 0x00, 0x00, 0x20, 0x00, 0x00, 0x20, 0x00, 0x00,
    0x38, 0x00, 0x00, 0x38, 0x00, 0x00, 0x00, 0x00, 0x00, 0x00, 0x00, 0x00, 0x00, 0x00, 0x00, 0x00,
    0x00, 0x00, 0x00, 0x00, 0x00, 0x00, 0x00, 0x00, 0x20, 0x00, 0x00, 0x20, 0x00, 0x00, 0x20, 0x00,
    0x00, 0x30, 0x00, 0x00, 0x10, 0x00, 0x00, 0x10, 0x00, 0x00, 0x30, 0x00, 0x00, 0x00, 0x00, 0x00,
    0x00, 0x00, 0x00, 0x00, 0x00, 0x00, 0x00, 0x00, 0x00, 0x00, 0x00, 0x00, 0x00, 0x00, 0x00, 0x00,
    0x00, 0x00, 0x00, 0x00, 0x00, 0x08, 0x00, 0x00, 0x18, 0x00, 0x00, 0x20, 0x00, 0x00, 0x00, 0x00,
    0x00, 0x00, 0x00, 0x00, 0x00, 0x00, 0x00, 0x00, 0x00, 0x00, 0x00, 0x00, 0x00, 0x00, 0x00, 0x00,
    0x00, 0x00, 0x00, 0x00, 0x00, 0x00, 0x00, 0x00, 0x00, 0x20, 0x00, 0x00, 0x18, 0x00, 0x00, 0x00,
    0x20, 0x00, 0x00, 0x20, 0x00, 0x00, 0x11, 0x04, 0x00, 0x21, 0x02, 0x80, 0x00, 0x02, 0x00, 0x01,
    0x04, 0x00, 0x00, 0x00, 0x00, 0x00, 0x00, 0x60, 0x00, 0x20, 0x20, 0x00, 0x10, 0x20, 0x00, 0x30,
    0x40, 0x00, 0x20, 0x00, 0x00, 0x00, 0x00, 0x00, 0x04, 0x00, 0x01, 0x04, 0x80, 0x20, 0x02, 0x00,
    0x31, 0x04, 0x00, 0x10, 0x00, 0x00, 0x20, 0x00, 0x00, 0x20, 0x00, 0x00, 0x20, 0x00, 0x00, 0x20,
    0x00, 0x80, 0x60, 0x08, 0x00, 0x03, 0x0c, 0x00, 0x02, 0x04, 0x00, 0x00, 0x00, 0x00, 0x00, 0x00,
    0x00, 0x00, 0x00, 0xe0, 0x00, 0x70, 0x00, 0x00, 0x00, 0x00, 0x00, 0x00, 0x00, 0x00, 0x00, 0x00,
    0x02, 0x04, 0x00, 0x03, 0x0c, 0x00, 0x21, 0x10, 0x00, 0x20, 0x00, 0x00, 0x40, 0x00, 0x00, 0x40,
    0x00, 0x00, 0x00, 0x00, 0x00, 0x00, 0x00, 0x00, 0x00, 0x00, 0x00, 0x00, 0x00, 0x00, 0x00, 0x00,
    0x00, 0x00, 0x00, 0x00, 0x00, 0x00, 0x00, 0x00, 0x00, 0x00, 0x00, 0x00, 0x00, 0x00, 0x00, 0x00,
    0x00, 0x00, 0x00, 0x00, 0x00, 0x00, 0x00, 0x00, 0x00, 0x00, 0x00, 0x00, 0x00, 0x00, 0x00, 0x00,
    0x00, 0x00, 0x00, 0x00, 0xe0, 0xff, 0x07, 0xe0, 0xff, 0x07, 0x02, 0xc0, 0x03, 0x0e, 0xe0, 0x00,
    0x08, 0x78, 0x00, 0x08, 0x1c, 0x00, 0x0c, 0x07, 0x00, 0x86, 0x03, 0x00, 0xe0, 0x00, 0x00, 0xe0,
    0xff, 0x07, 0xe0, 0xff, 0x7f, 0x00, 0x00, 0x1c, 0x00, 0x00, 0x00, 0x00, 0x00, 0x00, 0x00, 0x00,
    0x00, 0x00, 0x00, 0x00, 0x00, 0x00, 0x00, 0x00, 0x00, 0x00, 0x00, 0x00, 0x00, 0x00, 0x00, 0x00,
    0x00, 0x00, 0x00, 0x00, 0x00, 0x00, 0x00, 0x00, 0x00, 0x00, 0x00, 0x00, 0x00, 0x00, 0x00, 0x00,
    0x00, 0x00, 0x00, 0x00, 0x00, 0x00, 0x00, 0x00, 0x00, 0x00, 0x00, 0x00, 0xff, 0x07, 0x10, 0x00,
    0x07, 0x70, 0xc0, 0x01, 0x40, 0x70, 0x00, 0x40, 0x38, 0x00, 0x60, 0x0e, 0x00, 0x30, 0xff, 0x07,
    0x00, 0xff, 0x07, 0x00, 0x00, 0x7c, 0x00, 0x00, 0x1c, 0x00, 0x00, 0x00, 0x00, 0x00, 0x00, 0x00,
    0x00, 0x00, 0x00, 0x00, 0x00, 0x00, 0x00, 0x00, 0x00, 0x00, 0x00, 0x00, 0x00, 0x00, 0x00, 0x00,
    0x00, 0x00, 0x00, 0x00, 0x00, 0x00, 0x00, 0x00, 0x00, 0x00, 0x00, 0x00, 0x00, 0x00, 0x00, 0x00,
    0x00, 0x00, 0x00, 0x00, 0x00, 0x00, 0x00, 0x01, 0x00, 0x00, 0x01, 0x00, 0xe0, 0xff, 0x07, 0x00,
    0x19, 0x06, 0x00, 0x19, 0x06, 0x00, 0x19, 0x06, 0x00, 0x18, 0x06, 0x00, 0x18, 0x06, 0x00, 0x18,
    0x06, 0x00, 0x38, 0x07, 0x00, 0xf0, 0x03, 0x00, 0xc0, 0x00, 0x00, 0x00, 0x00, 0x00, 0x00, 0x00,
    0x00, 0x00, 0x00, 0x00, 0x00, 0x00, 0x00, 0x00, 0x00, 0x00, 0x00, 0x00, 0x00, 0x00, 0x00, 0x00,
    0x00, 0x00, 0x00, 0x00, 0x00, 0x00, 0x00, 0x00, 0x00, 0x00, 0x00, 0x00, 0x00, 0x00, 0x00, 0x00,
    0x00, 0x00, 0x00, 0x00, 0x00, 0x00, 0x00, 0x20, 0x00, 0x00, 0x20, 0x00, 0x00, 0xf8, 0xff, 0x07,
    0x20, 0x10, 0x04, 0x20, 0x10, 0x04, 0x20, 0x10, 0x04, 0x00, 0x10, 0x06, 0x00, 0x30, 0x06, 0x00,
    0xf0, 0x03, 0x00, 0xe0, 0x01, 0x00, 0x00, 0x00, 0x00, 0x00, 0x00, 0x00, 0x00, 0x00, 0x00, 0x00,
    0x00, 0x00, 0x00, 0x00, 0x00, 0x00, 0x00, 0x00, 0x00, 0x00, 0x00, 0x00, 0x00, 0x00, 0x00, 0x00,
    0x00, 0x00, 0x00, 0x00, 0x00, 0x00, 0x00, 0x00, 0x00, 0x00, 0x00, 0x00, 0x00, 0x00, 0x00, 0x00,
    0x00, 0x00, 0x00, 0x00, 0x00, 0x00, 0x00, 0x00, 0xe0, 0xff, 0x07, 0xe0, 0xff, 0x07, 0x60, 0x30,
    0x00, 0x60, 0x30, 0x00, 0x60, 0x30, 0x00, 0x60, 0x30, 0x00, 0x60, 0x3c, 0x00, 0xc0, 0x38, 0x00,
    0xc0, 0x3f, 0x00, 0x00, 0x6f, 0x00, 0x00, 0x00, 0x00, 0x00, 0x00, 0x00, 0x00, 0x00, 0x00, 0x00,
    0x00, 0x00, 0x00, 0x00, 0x00, 0x00, 0x00, 0x00, 0x00, 0x00, 0x00, 0x00, 0x00, 0x00, 0x00, 0x00,
    0x00, 0x00, 0x00, 0x00, 0x00, 0x00, 0x00, 0x00, 0x00, 0x00, 0x00, 0x00, 0x00, 0x00, 0x00, 0x00,
    0x00, 0x00, 0x00, 0x00, 0x00, 0x00, 0x00, 0xff, 0x7f, 0x00, 0xff, 0x7f, 0x00, 0x06, 0x02, 0x00,
    0x03, 0x06, 0x00, 0x03, 0x06, 0x00, 0x03, 0x07, 0x00, 0x83, 0x07, 0x00, 0xfe, 0x07, 0x00, 0xfc,
    0x05, 0x00, 0x00, 0x00, 0x00, 0x00, 0x00, 0x00, 0x00, 0x00, 0x00, 0x00, 0x00, 0x00, 0x00, 0x00,
    0x00, 0x00, 0x00, 0x00, 0x00, 0x00, 0x00, 0x00, 0x00, 0x00, 0x00, 0x00, 0x00, 0x00, 0x00, 0x00,
    0x00, 0x00, 0x00, 0x00, 0x00, 0x00, 0x00, 0x00, 0x00, 0x00, 0x00, 0x00, 0x00, 0x00, 0x00, 0x00,
    0x00, 0x00, 0x00, 0x00, 0xe0, 0xff, 0x07, 0x60, 0x00, 0x00, 0x60, 0x00, 0x00, 0x60, 0x00, 0x00,
    0x60, 0x00, 0x00, 0x60, 0x00, 0x00, 0x60, 0x00, 0x00, 0x7c, 0x00, 0x00, 0x00, 0x00, 0x00, 0x00,
    0x00, 0x00, 0x00, 0x00, 0x00, 0x00, 0x00, 0x00, 0x00, 0x00, 0x00, 0x00, 0x00, 0x00, 0x00, 0x00,
    0x00, 0x00, 0x00, 0x00, 0x00, 0x00, 0x00, 0x00, 0x00, 0x00, 0x00, 0x00, 0x00, 0x00, 0x00, 0x00,
    0x00, 0x00, 0x00, 0x00, 0x00, 0x00, 0x00, 0x00, 0x00, 0x00, 0x00, 0x00, 0x00, 0xff, 0x07, 0x00,
    0xff, 0x07, 0x00, 0x01, 0x00, 0x00, 0x01, 0x00, 0x00, 0x01, 0x00, 0xe0, 0x01, 0x00, 0xe0, 0x01,
    0x00, 0x00, 0x00, 0x00, 0x00, 0x00, 0x00, 0x00, 0x00, 0x00, 0x00, 0x00, 0x00, 0x00, 0x00, 0x00,
    0x00, 0x00, 0x00, 0x00, 0x00, 0x00, 0x00, 0x00, 0x00, 0x00, 0x00, 0x00, 0x00, 0x00, 0x00, 0x00,
    0x00, 0x00, 0x00, 0x00, 0x00, 0x00, 0x00, 0x00, 0x00, 0x00, 0x00, 0x00, 0x00, 0x00, 0x00, 0x08,
    0x00, 0x00, 0x08, 0x00, 0xe0, 0xff, 0x07, 0xe0, 0xff, 0x07, 0x60, 0x08, 0x00, 0x60, 0x08, 0x00,
    0x60, 0x00, 0x00, 0x60, 0x00, 0x00, 0x60, 0x00, 0x00, 0x60, 0x00, 0x00, 0x00, 0x00, 0x00, 0x00,
    0x00, 0x00, 0x00, 0x00, 0x00, 0x00, 0x00, 0x00, 0x00, 0x00, 0x00, 0x00, 0x00, 0x00, 0x00, 0x00,
    0x00, 0x00, 0x00, 0x00, 0x00, 0x00, 0x00, 0x00, 0x00, 0x00, 0x00, 0x00, 0x00, 0x00, 0x00, 0x00,
    0x00, 0x00, 0x00, 0x00, 0x00, 0x00, 0x00, 0x00, 0x00, 0x00, 0x20, 0x00, 0x00, 0x20, 0x00, 0x00,
    0xff, 0x07, 0x00, 0x21, 0x00, 0x00, 0x21, 0x00, 0x00, 0x21, 0x00, 0x00, 0x01, 0x00, 0x00, 0x01,
    0x00, 0x00, 0x00, 0x00, 0x00, 0x00, 0x00, 0x00, 0x00, 0x00, 0x00, 0x00, 0x00, 0x00, 0x00, 0x00,
    0x00, 0x00, 0x00, 0x00, 0x00, 0x00, 0x00, 0x00, 0x00, 0x00, 0x00, 0x00, 0x00, 0x00, 0x00, 0x00,
    0x00, 0x00, 0x00, 0x00, 0x00, 0x00, 0x00, 0x00, 0x00, 0x00, 0x00, 0x00, 0x00, 0x00, 0x00, 0x00,
    0x00, 0x00, 0x00, 0x00, 0xe0, 0xff, 0x07, 0xe0, 0xff, 0x07, 0x60, 0x18, 0x00, 0x60, 0x18, 0x00,
    0x60, 0x18, 0x00, 0x60, 0x18, 0x30, 0x60, 0x30, 0x30, 0x60, 0xf0, 0x1f, 0x00, 0xc0, 0x0f, 0x00,
    0x00, 0x00, 0x00, 0x00, 0x00, 0x00, 0x00, 0x00, 0x00, 0x00, 0x00, 0x00, 0x00, 0x00, 0x00, 0x00,
    0x00, 0x00, 0x00, 0x00, 0x00, 0x00, 0x00, 0x00, 0x00, 0x00, 0x00, 0x00, 0x00, 0x00, 0x00, 0x00,
    0x00, 0x00, 0x00, 0x00, 0x00, 0x00, 0x00, 0x00, 0x00, 0x00, 0x00, 0x00, 0x00, 0x00, 0x00, 0x00,
    0xff, 0x07, 0x00, 0xff, 0x07, 0x00, 0x31, 0x00, 0x00, 0x31, 0x00, 0x00, 0x31, 0x30, 0x00, 0x31,
    0x30, 0x00, 0xe1, 0x1c, 0x00, 0xc0, 0x0f, 0x00, 0x00, 0x00, 0x00, 0x00, 0x00, 0x00, 0x00, 0x00,
    0x00, 0x00, 0x00, 0x00, 0x00, 0x00, 0x00, 0x00, 0x00, 0x00, 0x00, 0x00, 0x00, 0x00, 0x00, 0x00,
    0x00, 0x00, 0x00, 0x00, 0x00, 0x00, 0x00, 0x00, 0x00, 0x00, 0x00, 0x00, 0x00, 0x00, 0x00, 0x00,
    0x00, 0x00, 0x00, 0x00, 0x00, 0x00, 0x00, 0x20, 0x00, 0x06, 0xe0, 0x80, 0x07, 0xc0, 0xc1, 0x01,
    0x80, 0xf3, 0x00, 0x00, 0x3e, 0x00, 0x00, 0x0c, 0x00, 0x00, 0x0c, 0x00, 0xe0, 0xff, 0x07, 0xe0,
    0xff, 0x07, 0x00, 0x0c, 0x00, 0x00, 0x0c, 0x00, 0x00, 0x3e, 0x00, 0x00, 0x7f, 0x00, 0xc0, 0xe1,
    0x01, 0xe0, 0x80, 0x07, 0x60, 0x00, 0x07, 0x00, 0x00, 0x7c, 0x00, 0x00, 0x7c, 0x00, 0x00, 0x00,
    0x00, 0x00, 0x00, 0x00, 0x00, 0x00, 0x00, 0x00, 0x00, 0x00, 0x00, 0x00, 0x00, 0x00, 0x00, 0x00,
    0x00, 0x00, 0x00, 0x00, 0x00, 0x00, 0x00, 0x00, 0x00, 0x00, 0x00, 0x00, 0x00, 0x00, 0x00, 0x00,
    0x00, 0x00, 0x00, 0x00, 0x00, 0x00, 0x00, 0x00, 0x00, 0x00, 0x00, 0x00, 0x00, 0x00, 0x01, 0x06,
    0x00, 0x87, 0x07, 0x00, 0xce, 0x01, 0x00, 0xf8, 0x00, 0x00, 0x30, 0x00, 0x00, 0x30, 0x00, 0x00,
    0xff, 0x07, 0x00, 0xff, 0x07, 0x00, 0x30, 0x00, 0x00, 0x78, 0x00, 0x00, 0xdc, 0x01, 0x00, 0x87,
    0x07, 0x00, 0x03, 0x06, 0x00, 0x00, 0x7c, 0x00, 0x00, 0x7c, 0x00, 0x00, 0x00, 0x00, 0x00, 0x00,
    0x00, 0x00, 0x00, 0x00, 0x00, 0x00, 0x00, 0x00, 0x00, 0x00, 0x00, 0x00, 0x00, 0x00, 0x00, 0x00,
    0x00, 0x00, 0x00, 0x00, 0x00, 0x00, 0x00, 0x00, 0x00, 0x00, 0x00, 0x00, 0x00, 0x00, 0x00, 0x00,
    0x00, 0x00, 0x00, 0x00, 0x00, 0x00, 0x00, 0x00, 0x00, 0x00, 0x80, 0x81, 0x01, 0xc0, 0x81, 0x03,
    0x60, 0x00, 0x06, 0x60, 0x18, 0x06, 0x60, 0x18, 0xfe, 0x60, 0x18, 0xfe, 0x60, 0x18, 0x06, 0xe0,
    0x38, 0x06, 0xc0, 0xef, 0x03, 0x80, 0xe3, 0x01, 0x00, 0x00, 0x00, 0x00, 0x00, 0x00, 0x00, 0x00,
    0x00, 0x00, 0x00, 0x00, 0x00, 0x00, 0x00, 0x00, 0x00, 0x00, 0x00, 0x00, 0x00, 0x00, 0x00, 0x00,
    0x00, 0x00, 0x00, 0x00, 0x00, 0x00, 0x00, 0x00, 0x00, 0x00, 0x00, 0x00, 0x00, 0x00, 0x00, 0x00,
    0x00, 0x00, 0x00, 0x00, 0x00, 0x00, 0x00, 0x00, 0x00, 0x04, 0x03, 0x00, 0x06, 0x03, 0x00, 0x33,
    0x06, 0x00, 0x33, 0xfe, 0x00, 0x31, 0xfc, 0x00, 0x33, 0x06, 0x00, 0xff, 0x03, 0x00, 0xce, 0x03,
    0x00, 0x00, 0x00, 0x00, 0x00, 0x00, 0x00, 0x00, 0x00, 0x00, 0x00, 0x00, 0x00, 0x00, 0x00, 0x00,
    0x00, 0x00, 0x00, 0x00, 0x00, 0x00, 0x00, 0x00, 0x00, 0x00, 0x00, 0x00, 0x00, 0x00, 0x00, 0x00,
    0x00, 0x00, 0x00, 0x00, 0x00, 0x00, 0x00, 0x00, 0x00, 0x00, 0x00, 0x00, 0x00, 0x00, 0x00, 0x00,
    0x00, 0x00, 0x00, 0xe0, 0xff, 0x07, 0xe0, 0xff, 0x07, 0x00, 0x18, 0x00, 0x00, 0x18, 0x00, 0x00,
    0x3c, 0x00, 0x00, 0xe7, 0x00, 0x80, 0xc3, 0x01, 0xc0, 0x81, 0x03, 0x60, 0x00, 0x07, 0x20, 0x00,
    0x3e, 0x00, 0x00, 0x3e, 0x00, 0x00, 0x00, 0x00, 0x00, 0x00, 0x00, 0x00, 0x00, 0x00, 0x00, 0x00,
    0x00, 0x00, 0x00, 0x00, 0x00, 0x00, 0x00, 0x00, 0x00, 0x00, 0x00, 0x00, 0x00, 0x00, 0x00, 0x00,
    0x00, 0x00, 0x00, 0x00, 0x00, 0x00, 0x00, 0x00, 0x00, 0x00, 0x00, 0x00, 0x00, 0x00, 0x00, 0x00,
    0x00, 0x00, 0x00, 0x00, 0x00, 0x00, 0x00, 0x00, 0xff, 0x07, 0x00, 0x30, 0x00, 0x00, 0x30, 0x00,
    0x00, 0x78, 0x00, 0x00, 0xdc, 0x01, 0x00, 0x86, 0x03, 0x00, 0x03, 0x07, 0x00, 0x01, 0x3e, 0x00,
    0x00, 0x3e, 0x00, 0x00, 0x00, 0x00, 0x00, 0x00, 0x00, 0x00, 0x00, 0x00, 0x00, 0x00, 0x00, 0x00,
    0x00, 0x00, 0x00, 0x00, 0x00, 0x00, 0x00, 0x00, 0x00, 0x00, 0x00, 0x00, 0x00, 0x00, 0x00, 0x00,
    0x00, 0x00, 0x00, 0x00, 0x00, 0x00, 0x00, 0x00, 0x00, 0x00, 0x00, 0x00, 0x00, 0x00, 0x00, 0x00,
    0x00, 0x00, 0x00, 0x00, 0x00, 0xe0, 0xff, 0x07, 0x00, 0x18, 0x00, 0x00, 0x7e, 0x00, 0x00, 0x7e,
    0x00, 0x00, 0x18, 0x00, 0x00, 0x3c, 0x00, 0x00, 0xf7, 0x00, 0xc0, 0xc3, 0x03, 0xe0, 0x00, 0x07,
    0x20, 0x00, 0x06, 0x00, 0x00, 0x00, 0x00, 0x00, 0x00, 0x00, 0x00, 0x00, 0x00, 0x00, 0x00, 0x00,
    0x00, 0x00, 0x00, 0x00, 0x00, 0x00, 0x00, 0x00, 0x00, 0x00, 0x00, 0x00, 0x00, 0x00, 0x00, 0x00,
    0x00, 0x00, 0x00, 0x00, 0x00, 0x00, 0x00, 0x00, 0x00, 0x00, 0x00, 0x00, 0x00, 0x00, 0x00, 0x00,
    0x00, 0x00, 0x00, 0x00, 0x00, 0x00, 0x00, 0xff, 0x07, 0x00, 0x30, 0x00, 0x00, 0xfc, 0x00, 0x00,
    0xfc, 0x00, 0x00, 0x70, 0x00, 0x00, 0xfc, 0x00, 0x00, 0xcf, 0x03, 0x00, 0x03, 0x07, 0x00, 0x01,
    0x04, 0x00, 0x00, 0x00, 0x00, 0x00, 0x00, 0x00, 0x00, 0x00, 0x00, 0x00, 0x00, 0x00, 0x00, 0x00,
    0x00, 0x00, 0x00, 0x00, 0x00, 0x00, 0x00, 0x00, 0x00, 0x00, 0x00, 0x00, 0x00, 0x00, 0x00, 0x00,
    0x00, 0x00, 0x00, 0x00, 0x00, 0x00, 0x00, 0x00, 0x00, 0x00, 0x00, 0x00, 0x00, 0x00, 0x80, 0x00,
    0x00, 0x80, 0x00, 0x00, 0xe0, 0xff, 0x07, 0xe0, 0xff, 0x07, 0x80, 0x18, 0x00, 0x80, 0x18, 0x00,
    0x00, 0x3c, 0x00, 0x00, 0x7e, 0x00, 0x80, 0xc3, 0x00, 0xc0, 0x81, 0x03, 0xe0, 0x00, 0x07, 0x20,
    0x00, 0x06, 0x00, 0x00, 0x04, 0x00, 0x00, 0x00, 0x00, 0x00, 0x00, 0x00, 0x00, 0x00, 0x00, 0x00,
    0x00, 0x00, 0x00, 0x00, 0x00, 0x00, 0x00, 0x00, 0x00, 0x00, 0x00, 0x00, 0x00, 0x00, 0x00, 0x00,
    0x00, 0x00, 0x00, 0x00, 0x00, 0x00, 0x00, 0x00, 0x00, 0x00, 0x00, 0x00, 0x00, 0x00, 0x00, 0x00,
    0x00, 0x00, 0x40, 0x00, 0x00, 0x40, 0x00, 0x00, 0xf0, 0xff, 0x07, 0x40, 0x30, 0x00, 0x40, 0x30,
    0x00, 0x40, 0x78, 0x00, 0x00, 0xdc, 0x01, 0x00, 0x87, 0x03, 0x00, 0x03, 0x07, 0x00, 0x01, 0x04,
    0x00, 0x00, 0x00, 0x00, 0x00, 0x00, 0x00, 0x00, 0x00, 0x00, 0x00, 0x00, 0x00, 0x00, 0x00, 0x00,
    0x00, 0x00, 0x00, 0x00, 0x00, 0x00, 0x00, 0x00, 0x00, 0x00, 0x00, 0x00, 0x00, 0x00, 0x00, 0x00,
    0x00, 0x00, 0x00, 0x00, 0x00, 0x00, 0x00, 0x00, 0x00, 0x00, 0x00, 0x00, 0x00, 0x00, 0x00, 0x00,
    0x20, 0x00, 0x00, 0x20, 0x00, 0x00, 0x20, 0x00, 0x00, 0x20, 0x00, 0x00, 0xe0, 0xff, 0x07, 0xe0,
    0xff, 0x07, 0x00, 0x18, 0x00, 0x00, 0x18, 0x00, 0x00, 0x3c, 0x00, 0x00, 0x7e, 0x00, 0x00, 0xe7,
    0x00, 0xc0, 0xc1, 0x01, 0xe0, 0x00, 0x03, 0x60, 0x00, 0x06, 0x20, 0x00, 0x04, 0x00, 0x00, 0x00,
    0x00, 0x00, 0x00, 0x00, 0x00, 0x00, 0x00, 0x00, 0x00, 0x00, 0x00, 0x00, 0x00, 0x00, 0x00, 0x00,
    0x00, 0x00, 0x00, 0x00, 0x00, 0x00, 0x00, 0x00, 0x00, 0x00, 0x00, 0x00, 0x00, 0x00, 0x00, 0x00,
    0x00, 0x00, 0x00, 0x00, 0x00, 0x00, 0x00, 0x00, 0x00, 0x00, 0x00, 0x00, 0x00, 0x00, 0x01, 0x00,
    0x00, 0x01, 0x00, 0x00, 0x01, 0x00, 0x00, 0x01, 0x00, 0x00, 0xff, 0x07, 0x00, 0x30, 0x00, 0x00,
    0x30, 0x00, 0x00, 0x78, 0x00, 0x00, 0xfc, 0x00, 0x00, 0x86, 0x03, 0x00, 0x03, 0x07, 0x00, 0x01,
    0x06, 0x00, 0x00, 0x00, 0x00, 0x00, 0x00, 0x00, 0x00, 0x00, 0x00, 0x00, 0x00, 0x00, 0x00, 0x00,
    0x00, 0x00, 0x00, 0x00, 0x00, 0x00, 0x00, 0x00, 0x00, 0x00, 0x00, 0x00, 0x00, 0x00, 0x00, 0x00,
    0x00, 0x00, 0x00, 0x00, 0x00, 0x00, 0x00, 0x00, 0x00, 0x00, 0x00, 0x00, 0x00, 0x00, 0x00, 0x00,
    0x00, 0x00, 0x00, 0x00, 0xe0, 0xff, 0x07, 0xe0, 0xff, 0x07, 0x00, 0x18, 0x00, 0x00, 0x18, 0x00,
    0x00, 0x18, 0x00, 0x00, 0x18, 0x00, 0x00, 0x18, 0x00, 0x00, 0x18, 0x00, 0x00, 0x18, 0x00, 0xe0,
    0xff, 0x07, 0xe0, 0xff, 0x7f, 0x00, 0x00, 0x7c, 0x00, 0x00, 0x00, 0x00, 0x00, 0x00, 0x00, 0x00,
    0x00, 0x00, 0x00, 0x00, 0x00, 0x00, 0x00, 0x00, 0x00, 0x00, 0x00, 0x00, 0x00, 0x00, 0x00, 0x00,
    0x00, 0x00, 0x00, 0x00, 0x00, 0x00, 0x00, 0x00, 0x00, 0x00, 0x00, 0x00, 0x00, 0x00, 0x00, 0x00,
    0x00, 0x00, 0x00, 0x00, 0x00, 0x00, 0x00, 0x00, 0x00, 0x00, 0x00, 0x00, 0xff, 0x07, 0x00, 0x20,
    0x00, 0x00, 0x20, 0x00, 0x00, 0x20, 0x00, 0x00, 0x20, 0x00, 0x00, 0x20, 0x00, 0x00, 0xff, 0x07,
    0x00, 0xff, 0x07, 0x00, 0x00, 0x7c, 0x00, 0x00, 0x7c, 0x00, 0x00, 0x00, 0x00, 0x00, 0x00, 0x00,
    0x00, 0x00, 0x00, 0x00, 0x00, 0x00, 0x00, 0x00, 0x00, 0x00, 0x00, 0x00, 0x00, 0x00, 0x00, 0x00,
    0x00, 0x00, 0x00, 0x00, 0x00, 0x00, 0x00, 0x00, 0x00, 0x00, 0x00, 0x00, 0x00, 0x00, 0x00, 0x00,
    0x00, 0x00, 0x00, 0x00, 0x00, 0x00, 0x00, 0x00, 0x00, 0x00, 0x00, 0x00, 0xe0, 0xff, 0x07, 0xe0,
    0xff, 0x07, 0x00, 0x18, 0x00, 0x00, 0x18, 0x00, 0x00, 0x18, 0x00, 0x00, 0x18, 0x00, 0x00, 0x18,
    0x00, 0x00, 0x18, 0x00, 0x00, 0x18, 0x00, 0xe0, 0xff, 0x07, 0xe0, 0xff, 0x07, 0x20, 0x00, 0x00,
    0x20, 0x00, 0x00, 0x20, 0x00, 0x00, 0x20, 0x00, 0x00, 0x20, 0x00, 0x00, 0x20, 0x00, 0x00, 0x00,
    0x00, 0x00, 0x00, 0x00, 0x00, 0x00, 0x00, 0x00, 0x00, 0x00, 0x00, 0x00, 0x00, 0x00, 0x00, 0x00,
    0x00, 0x00, 0x00, 0x00, 0x00, 0x00, 0x00, 0x00, 0x00, 0x00, 0x00, 0x00, 0x00, 0x00, 0x00, 0x00,
    0x00, 0x00, 0x00, 0x00, 0x00, 0x00, 0x00, 0x00, 0x00, 0x00, 0x00, 0x00, 0x00, 0x00, 0x00, 0x00,
    0xff, 0x07, 0x00, 0xff, 0x07, 0x00, 0x20, 0x00, 0x00, 0x20, 0x00, 0x00, 0x20, 0x00, 0x00, 0x20,
    0x00, 0x00, 0x20, 0x00, 0x00, 0xff, 0x07, 0x00, 0xff, 0x07, 0x00, 0x01, 0x00, 0x00, 0x01, 0x00,
    0x00, 0x01, 0x00, 0x00, 0x01, 0x00, 0x00, 0x00, 0x00, 0x00, 0x00, 0x00, 0x00, 0x00, 0x00, 0x00,
    0x00, 0x00, 0x00, 0x00, 0x00, 0x00, 0x00, 0x00, 0x00, 0x00, 0x00, 0x00, 0x00, 0x00, 0x00, 0x00,
    0x00, 0x00, 0x00, 0x00, 0x00, 0x00, 0x00, 0x00, 0x00, 0x00, 0x00, 0x00, 0x00, 0x00, 0x00, 0x00,
    0x00, 0x00, 0x00, 0x00, 0x00, 0x00, 0x00, 0x00, 0x00, 0xe0, 0xff, 0x07, 0xe0, 0xff, 0x07, 0x60,
    0x00, 0x00, 0x60, 0x00, 0x00, 0x60, 0x00, 0x00, 0x60, 0x00, 0x00, 0x60, 0x00, 0x00, 0x60, 0x00,
    0x00, 0x60, 0x00, 0x00, 0xe0, 0xff, 0x07, 0x00, 0x18, 0x00, 0x00, 0x18, 0x00, 0x00, 0x18, 0x00,
    0x00, 0x18, 0x20, 0x00, 0x10, 0x30, 0x00, 0x70, 0x1c, 0x00, 0xe0, 0x0f, 0x00, 0x00, 0x00, 0x00,
    0x00, 0x00, 0x00, 0x00, 0x00, 0x00, 0x00, 0x00, 0x00, 0x00, 0x00, 0x00, 0x00, 0x00, 0x00, 0x00,
    0x00, 0x00, 0x00, 0x00, 0x00, 0x00, 0x00, 0x00, 0x00, 0x00, 0x00, 0x00, 0x00, 0x00, 0x00, 0x00,
    0x00, 0x00, 0x00, 0x00, 0x00, 0x00, 0x00, 0x00, 0x00, 0x00, 0x00, 0x00, 0x00, 0xff, 0x07, 0x00,
    0xff, 0x07, 0x00, 0x01, 0x00, 0x00, 0x01, 0x00, 0x00, 0x01, 0x00, 0x00, 0x01, 0x00, 0x00, 0x01,
    0x00, 0x00, 0xff, 0x07, 0x00, 0xff, 0x07, 0x00, 0x30, 0x00, 0x00, 0x30, 0x00, 0x00, 0x30, 0x00,
    0x00, 0x30, 0x30, 0x00, 0x60, 0x18, 0x00, 0xc0, 0x0f, 0x00, 0x80, 0x07, 0x00, 0x00, 0x00, 0x00,
    0x00, 0x00, 0x00, 0x00, 0x00, 0x00, 0x00, 0x00, 0x00, 0x00, 0x00, 0x00, 0x00, 0x00, 0x00, 0x00,
    0x00, 0x00, 0x00, 0x00, 0x00, 0x00, 0x00, 0x00, 0x00, 0x00, 0x00, 0x00, 0x00, 0x00, 0x00, 0x00,
    0x00, 0x00, 0x00, 0x00, 0x00, 0x00, 0x00, 0x00, 0x00, 0x00, 0x00, 0x00, 0x00, 0x7f, 0x00, 0xc0,
    0xff, 0x01, 0xc0, 0x80, 0x03, 0x60, 0x00, 0x03, 0x60, 0x00, 0x06, 0x80, 0x7f, 0x06, 0xc0, 0xff,
    0x07, 0x60, 0x80, 0x07, 0x60, 0x00, 0x07, 0x60, 0x00, 0x03, 0xe0, 0x80, 0x07, 0xc0, 0xff, 0x07,
    0x00, 0x7f, 0x06, 0x00, 0x00, 0x00, 0x00, 0x00, 0x00, 0x00, 0x00, 0x00, 0x00, 0x00, 0x00, 0x00,
    0x00, 0x00, 0x00, 0x00, 0x00, 0x00, 0x00, 0x00, 0x00, 0x00, 0x00, 0x00, 0x00, 0x00, 0x00, 0x00,
    0x00, 0x00, 0x00, 0x00, 0x00, 0x00, 0x00, 0x00, 0x00, 0x00, 0x00, 0x00, 0x00, 0x00, 0x00, 0x00,
    0x00, 0x00, 0x00, 0x00, 0xfc, 0x00, 0x00, 0xfe, 0x01, 0x00, 0x03, 0x03, 0x00, 0x03, 0x06, 0x00,
    0xfe, 0x06, 0x00, 0xff, 0x07, 0x00, 0x03, 0x07, 0x00, 0x03, 0x03, 0x00, 0xff, 0x07, 0x00, 0xfc,
    0x06, 0x00, 0x00, 0x06, 0x00, 0x00, 0x00, 0x00, 0x00, 0x00, 0x00, 0x00, 0x00, 0x00, 0x00, 0x00,
    0x00, 0x00, 0x00, 0x00, 0x00, 0x00, 0x00, 0x00, 0x00, 0x00, 0x00, 0x00, 0x00, 0x00, 0x00, 0x00,
    0x00, 0x00, 0x00, 0x00, 0x00, 0x00, 0x00, 0x00, 0x00, 0x00, 0x00, 0x00, 0x00, 0x00, 0x00, 0x00,
    0x00, 0x00, 0x00, 0x00, 0x00, 0x7e, 0x00, 0x80, 0xff, 0x01, 0xc0, 0x81, 0x03, 0x60, 0x00, 0x06,
    0x60, 0x00, 0x06, 0x60, 0x00, 0xfe, 0x60, 0x00, 0xfe, 0x60, 0x00, 0x06, 0xc0, 0x00, 0x03, 0xc0,
    0xc3, 0x03, 0x00, 0xc3, 0x00, 0x00, 0x00, 0x00, 0x00, 0x00, 0x00, 0x00, 0x00, 0x00, 0x00, 0x00,
    0x00, 0x00, 0x00, 0x00, 0x00, 0x00, 0x00, 0x00, 0x00, 0x00, 0x00, 0x00, 0x00, 0x00, 0x00, 0x00,
    0x00, 0x00, 0x00, 0x00, 0x00, 0x00, 0x00, 0x00, 0x00, 0x00, 0x00, 0x00, 0x00, 0x00, 0x00, 0x00,
    0x00, 0x00, 0x00, 0x00, 0x00, 0x00, 0xfc, 0x01, 0x00, 0xfe, 0x03, 0x00, 0x03, 0x06, 0x00, 0x03,
    0xfe, 0x00, 0x01, 0xfe, 0x00, 0x03, 0x06, 0x00, 0x03, 0x06, 0x00, 0x8e, 0x03, 0x00, 0x8c, 0x00,
    0x00, 0x00, 0x00, 0x00, 0x00, 0x00, 0x00, 0x00, 0x00, 0x00, 0x00, 0x00, 0x00, 0x00, 0x00, 0x00,
    0x00, 0x00, 0x00, 0x00, 0x00, 0x00, 0x00, 0x00, 0x00, 0x00, 0x00, 0x00, 0x00, 0x00, 0x00, 0x00,
    0x00, 0x00, 0x00, 0x00, 0x00, 0x00, 0x00, 0x00, 0x00, 0x00, 0x00, 0x00, 0x00, 0x60, 0x00, 0x00,
    0x60, 0x00, 0x00, 0x60, 0x00, 0x00, 0x60, 0x00, 0x00, 0x60, 0x00, 0x00, 0xe0, 0xff, 0x07, 0xe0,
    0xff, 0x07, 0x60, 0x00, 0x7c, 0x60, 0x00, 0x7c, 0x60, 0x00, 0x00, 0x60, 0x00, 0x00, 0x00, 0x00,
    0x00, 0x00, 0x00, 0x00, 0x00, 0x00, 0x00, 0x00, 0x00, 0x00, 0x00, 0x00, 0x00, 0x00, 0x00, 0x00,
    0x00, 0x00, 0x00, 0x00, 0x00, 0x00, 0x00, 0x00, 0x00, 0x00, 0x00, 0x00, 0x00, 0x00, 0x00, 0x00,
    0x00, 0x00, 0x00, 0x00, 0x00, 0x00, 0x00, 0x00, 0x00, 0x00, 0x00, 0x00, 0x01, 0x00, 0x00, 0x01,
    0x00, 0x00, 0x01, 0x00, 0x00, 0x01, 0x00, 0x00, 0xff, 0x07, 0x00, 0xff, 0x7f, 0x00, 0x01, 0x7c,
    0x00, 0x01, 0x00, 0x00, 0x01, 0x00, 0x00, 0x00, 0x00, 0x00, 0x00, 0x00, 0x00, 0x00, 0x00, 0x00,
    0x00, 0x00, 0x00, 0x00, 0x00, 0x00, 0x00, 0x00, 0x00, 0x00, 0x00, 0x00, 0x00, 0x00, 0x00, 0x00,
    0x00, 0x00, 0x00, 0x00, 0x00, 0x00, 0x00, 0x00, 0x00, 0x00, 0x00, 0x00, 0x00, 0x00, 0x00, 0x00,
    0x00, 0x00, 0x00, 0x20, 0x00, 0x00, 0x60, 0x00, 0x00, 0xe0, 0x01, 0x00, 0x80, 0x07, 0x00, 0x00,
    0x1e, 0x00, 0x00, 0xf8, 0x07, 0x00, 0xf8, 0x07, 0x00, 0x1e, 0x00, 0x80, 0x07, 0x00, 0xe0, 0x01,
    0x00, 0x60, 0x00, 0x00, 0x20, 0x00, 0x00, 0x00, 0x00, 0x00, 0x00, 0x00, 0x00, 0x00, 0x00, 0x00,
    0x00, 0x00, 0x00, 0x00, 0x00, 0x00, 0x00, 0x00, 0x00, 0x00, 0x00, 0x00, 0x00, 0x00, 0x00, 0x00,
    0x00, 0x00, 0x00, 0x00, 0x00, 0x00, 0x00, 0x00, 0x00, 0x00, 0x00, 0x00, 0x00, 0x00, 0x00, 0x00,
    0x00, 0x00, 0x00, 0x00, 0x00, 0x00, 0x00, 0x00, 0x07, 0x00, 0x00, 0x3e, 0x00, 0x00, 0xf8, 0x00,
    0x00, 0xc0, 0x7f, 0x00, 0x80, 0x7f, 0x00, 0xf0, 0x01, 0x00, 0x3e, 0x00, 0x00, 0x07, 0x00, 0x00,
    0x01, 0x00, 0x00, 0x00, 0x00, 0x00, 0x00, 0x00, 0x00, 0x00, 0x00, 0x00, 0x00, 0x00, 0x00, 0x00,
    0x00, 0x00, 0x00, 0x00, 0x00, 0x00, 0x00, 0x00, 0x00, 0x00, 0x00, 0x00, 0x00, 0x00, 0x00, 0x00,
    0x00, 0x00, 0x00, 0x00, 0x00, 0x00, 0x00, 0x00, 0x00, 0x00, 0x00, 0x00, 0x00, 0x00, 0x00, 0x20,
    0x00, 0x00, 0x60, 0x00, 0x00, 0xe0, 0x01, 0x00, 0x80, 0x27, 0x00, 0x00, 0x3e, 0x00, 0x00, 0xf8,
    0x07, 0x00, 0xf8, 0x07, 0x00, 0x3e, 0x00, 0x80, 0x27, 0x00, 0xe0, 0x01, 0x00, 0x60, 0x00, 0x00,
    0x20, 0x00, 0x00, 0x00, 0x00, 0x00, 0x00, 0x00, 0x00, 0x00, 0x00, 0x00, 0x00, 0x00, 0x00, 0x00,
    0x00, 0x00, 0x00, 0x00, 0x00, 0x00, 0x00, 0x00, 0x00, 0x00, 0x00, 0x00, 0x00, 0x00, 0x00, 0x00,
    0x00, 0x00, 0x00, 0x00, 0x00, 0x00, 0x00, 0x00, 0x00, 0x00, 0x00, 0x00, 0x00, 0x00, 0x00, 0x00,
    0x00, 0x00, 0x00, 0x00, 0x07, 0x00, 0x00, 0x1e, 0x06, 0x00, 0xf8, 0x06, 0x00, 0xc0, 0x7f, 0x00,
    0x80, 0x7f, 0x00, 0xf0, 0x07, 0x00, 0x3e, 0x06, 0x00, 0x07, 0x00, 0x00, 0x01, 0x00, 0x00, 0x00,
    0x00, 0x00, 0x00, 0x00, 0x00, 0x00, 0x00, 0x00, 0x00, 0x00, 0x00, 0x00, 0x00, 0x00, 0x00, 0x00,
    0x00, 0x00, 0x00, 0x00, 0x00, 0x00, 0x00, 0x00, 0x00, 0x00, 0x00, 0x00, 0x00, 0x00, 0x00, 0x00,
    0x00, 0x00, 0x00, 0x00, 0x00, 0x00, 0x00, 0x00, 0x00, 0x00, 0x00, 0x00, 0x00, 0x00, 0x20, 0x00,
    0x04, 0xe0, 0x00, 0x07, 0xc0, 0xc1, 0x03, 0x00, 0xe7, 0x00, 0x00, 0x7e, 0x00, 0x00, 0x3c, 0x00,
    0x00, 0x7f, 0x00, 0x80, 0xc3, 0x01, 0xe0, 0x81, 0x07, 0x60, 0x00, 0x06, 0x20, 0x00, 0x7c, 0x00,
    0x00, 0x7c, 0x00, 0x00, 0x00, 0x00, 0x00, 0x00, 0x00, 0x00, 0x00, 0x00, 0x00, 0x00, 0x00, 0x00,
    0x00, 0x00, 0x00, 0x00, 0x00, 0x00, 0x00, 0x00, 0x00, 0x00, 0x00, 0x00, 0x00, 0x00, 0x00, 0x00,
    0x00, 0x00, 0x00, 0x00, 0x00, 0x00, 0x00, 0x00, 0x00, 0x00, 0x00, 0x00, 0x00, 0x00, 0x00, 0x00,
    0x00, 0x00, 0x00, 0x03, 0x06, 0x00, 0x07, 0x07, 0x00, 0xdc, 0x01, 0x00, 0xf8, 0x00, 0x00, 0xf8,
    0x00, 0x00, 0xde, 0x01, 0x00, 0x07, 0x07, 0x00, 0x01, 0x7e, 0x00, 0x00, 0x7c, 0x00, 0x00, 0x00,
    0x00, 0x00, 0x00, 0x00, 0x00, 0x00, 0x00, 0x00, 0x00, 0x00, 0x00, 0x00, 0x00, 0x00, 0x00, 0x00,
    0x00, 0x00, 0x00, 0x00, 0x00, 0x00, 0x00, 0x00, 0x00, 0x00, 0x00, 0x00, 0x00, 0x00, 0x00, 0x00,
    0x00, 0x00, 0x00, 0x00, 0x00, 0x00, 0x00, 0x00, 0x00, 0x00, 0x00, 0x00, 0x00, 0x20, 0x00, 0x00,
    0x20, 0x00, 0x00, 0x20, 0x00, 0x00, 0xe0, 0xff, 0x07, 0xe0, 0xff, 0x07, 0x20, 0x00, 0x06, 0x20,
    0x00, 0x06, 0x20, 0x00, 0x06, 0x20, 0x00, 0x06, 0x00, 0x00, 0x06, 0x00, 0x00, 0x06, 0x00, 0x00,
    0x06, 0xe0, 0xff, 0x07, 0xe0, 0xff, 0x07, 0x00, 0x00, 0x3e, 0x00, 0x00, 0x00, 0x00, 0x00, 0x00,
    0x00, 0x00, 0x00, 0x00, 0x00, 0x00, 0x00, 0x00, 0x00, 0x00, 0x00, 0x00, 0x00, 0x00, 0x00, 0x00,
    0x00, 0x00, 0x00, 0x00, 0x00, 0x00, 0x00, 0x00, 0x00, 0x00, 0x00, 0x00, 0x00, 0x00, 0x00, 0x00,
    0x00, 0x00, 0x00, 0x00, 0x00, 0x00, 0x00, 0x00, 0x01, 0x00, 0x00, 0x01, 0x00, 0x00, 0x01, 0x00,
    0x00, 0xff, 0x07, 0x00, 0xff, 0x07, 0x00, 0x01, 0x04, 0x00, 0x01, 0x04, 0x00, 0x00, 0x04, 0x00,
    0x00, 0x04, 0x00, 0x00, 0x04, 0x00, 0xff, 0x07, 0x00, 0x00, 0x3c, 0x00, 0x00, 0x3c, 0x00, 0x00,
    0x00, 0x00, 0x00, 0x00, 0x00, 0x00, 0x00, 0x00, 0x00, 0x00, 0x00, 0x00, 0x00, 0x00, 0x00, 0x00,
    0x00, 0x00, 0x00, 0x00, 0x00, 0x00, 0x00, 0x00, 0x00, 0x00, 0x00, 0x00, 0x00, 0x00, 0x00, 0x00,
    0x00, 0x00, 0x00, 0x00, 0x00, 0x00, 0x00, 0x00, 0x00, 0x00, 0x00, 0x00, 0x00, 0x00, 0xe0, 0x03,
    0x00, 0xe0, 0x1f, 0x00, 0x00, 0x18, 0x00, 0x00, 0x30, 0x00, 0x00, 0x30, 0x00, 0x00, 0x30, 0x00,
    0x00, 0x30, 0x00, 0x00, 0x30, 0x00, 0x00, 0x30, 0x00, 0xe0, 0xff, 0x07, 0xe0, 0xff, 0x07, 0x00,
    0x00, 0x7c, 0x00, 0x00, 0x7c, 0x00, 0x00, 0x00, 0x00, 0x00, 0x00, 0x00, 0x00, 0x00, 0x00, 0x00,
    0x00, 0x00, 0x00, 0x00, 0x00, 0x00, 0x00, 0x00, 0x00, 0x00, 0x00, 0x00, 0x00, 0x00, 0x00, 0x00,
    0x00, 0x00, 0x00, 0x00, 0x00, 0x00, 0x00, 0x00, 0x00, 0x00, 0x00, 0x00, 0x00, 0x00, 0x00, 0x00,
    0x00, 0x00, 0x00, 0x00, 0x00, 0x00, 0x1f, 0x00, 0x00, 0x3f, 0x00, 0x00, 0x60, 0x00, 0x00, 0x60,
    0x00, 0x00, 0x60, 0x00, 0x00, 0x60, 0x00, 0x00, 0x60, 0x00, 0x00, 0xff, 0x07, 0x00, 0x00, 0x7c,
    0x00, 0x00, 0x7c, 0x00, 0x00, 0x00, 0x00, 0x00, 0x00, 0x00, 0x00, 0x00, 0x00, 0x00, 0x00, 0x00,
    0x00, 0x00, 0x00, 0x00, 0x00, 0x00, 0x00, 0x00, 0x00, 0x00, 0x00, 0x00, 0x00, 0x00, 0x00, 0x00,
    0x00, 0x00, 0x00, 0x00, 0x00, 0x00, 0x00, 0x00, 0x00, 0x00, 0x00, 0x00, 0x00, 0x00, 0x00, 0x00,
    0x00, 0x00, 0x00, 0xe0, 0x03, 0x00, 0xe0, 0x1f, 0x00, 0x00, 0x18, 0x00, 0x00, 0x30, 0x00, 0x00,
    0x30, 0x00, 0x00, 0xfe, 0x00, 0x00, 0xfe, 0x00, 0x00, 0x30, 0x00, 0x00, 0x30, 0x00, 0xe0, 0xff,
    0x07, 0xe0, 0xff, 0x07, 0x00, 0x00, 0x00, 0x00, 0x00, 0x00, 0x00, 0x00, 0x00, 0x00, 0x00, 0x00,
    0x00, 0x00, 0x00, 0x00, 0x00, 0x00, 0x00, 0x00, 0x00, 0x00, 0x00, 0x00, 0x00, 0x00, 0x00, 0x00,
    0x00, 0x00, 0x00, 0x00, 0x00, 0x00, 0x00, 0x00, 0x00, 0x00, 0x00, 0x00, 0x00, 0x00, 0x00, 0x00,
    0x00, 0x00, 0x00, 0x00, 0x00, 0x1f, 0x00, 0x00, 0x3f, 0x00, 0x00, 0x60, 0x00, 0x00, 0x60, 0x00,
    0x00, 0xf8, 0x01, 0x00, 0x60, 0x00, 0x00, 0x60, 0x00, 0x00, 0xff, 0x07, 0x00, 0xff, 0x07, 0x00,
    0x00, 0x00, 0x00, 0x00, 0x00, 0x00, 0x00, 0x00, 0x00, 0x00, 0x00, 0x00, 0x00, 0x00, 0x00, 0x00,
    0x00, 0x00, 0x00, 0x00, 0x00, 0x00, 0x00, 0x00, 0x00, 0x00, 0x00, 0x00, 0x00, 0x00, 0x00, 0x00,
    0x00, 0x00, 0x00, 0x00, 0x00, 0x00, 0x00, 0x00, 0x00, 0x00, 0x00, 0x00, 0x00, 0x00, 0x00, 0xe0,
    0xff, 0x07, 0xe0, 0xff, 0x07, 0x00, 0x0c, 0x00, 0x00, 0x0c, 0x00, 0x00, 0x0c, 0x00, 0x00, 0x0c,
    0x00, 0x00, 0x0c, 0x00, 0x00, 0x0c, 0x00, 0x00, 0x0c, 0x00, 0x00, 0xf8, 0x07, 0x00, 0xf0, 0x07,
    0x00, 0x00, 0x00, 0x00, 0x00, 0x00, 0x00, 0x00, 0x00, 0x00, 0x00, 0x00, 0x00, 0x00, 0x00, 0x00,
    0x00, 0x00, 0x00, 0x00, 0x00, 0x00, 0x00, 0x00, 0x00, 0x00, 0x00, 0x00, 0x00, 0x00, 0x00, 0x00,
    0x00, 0x00, 0x00, 0x00, 0x00, 0x00, 0x00, 0x00, 0x00, 0x00, 0x00, 0x00, 0x00, 0x00, 0x00, 0x00,
    0xf0, 0xff, 0x07, 0xf0, 0xff, 0x07, 0x00, 0x06, 0x00, 0x00, 0x03, 0x00, 0x00, 0x03, 0x00, 0x00,
    0x03, 0x00, 0x00, 0x03, 0x00, 0x00, 0xfe, 0x07, 0x00, 0xfc, 0x07, 0x00, 0x00, 0x00, 0x00, 0x00,
    0x00, 0x00, 0x00, 0x00, 0x00, 0x00, 0x00, 0x00, 0x00, 0x00, 0x00, 0x00, 0x00, 0x00, 0x00, 0x00,
    0x00, 0x00, 0x00, 0x00, 0x00, 0x00, 0x00, 0x00, 0x00, 0x00, 0x00, 0x00, 0x00, 0x00, 0x00, 0x00,
    0x00, 0x00, 0x00, 0x00, 0x00, 0x00, 0x00, 0x00, 0x00, 0x00, 0x00, 0x00, 0x07, 0x00, 0x00, 0x0c,
    0x00, 0x00, 0x0c, 0x00, 0x00, 0xff, 0x00, 0xc0, 0xff, 0x03, 0xc0, 0x08, 0x03, 0x60, 0x08, 0x06,
    0x60, 0x08, 0x06, 0x60, 0x08, 0x06, 0x60, 0x08, 0x06, 0x60, 0x08, 0x06, 0xc0, 0x0f, 0x06, 0x80,
    0x0f, 0x00, 0x00, 0x00, 0x00, 0x00, 0x00, 0x00, 0x00, 0x00, 0x00, 0x00, 0x00, 0x00, 0x00, 0x00,
    0x00, 0x00, 0x00, 0x00, 0x00, 0x00, 0x00, 0x00, 0x00, 0x00, 0x00, 0x00, 0x00, 0x00, 0x00, 0x00,
    0x00, 0x00, 0x00, 0x00, 0x00, 0x00, 0x00, 0x00, 0x00, 0x00, 0x00, 0x00, 0x00, 0x00, 0x00, 0x00,
    0x1c, 0x00, 0x00, 0x30, 0x00, 0x00, 0xf8, 0x00, 0x00, 0xfe, 0x03, 0x00, 0x26, 0x03, 0x00, 0x23,
    0x06, 0x00, 0x21, 0x06, 0x00, 0x23, 0x06, 0x00, 0x23, 0x06, 0x00, 0x3e, 0x03, 0x00, 0x3c, 0x00,
    0x00, 0x00, 0x00, 0x00, 0x00, 0x00, 0x00, 0x00, 0x00, 0x00, 0x00, 0x00, 0x00, 0x00, 0x00, 0x00,
    0x00, 0x00, 0x00, 0x00, 0x00, 0x00, 0x00, 0x00, 0x00, 0x00, 0x00, 0x00, 0x00, 0x00, 0x00, 0x00,
    0x00, 0x00, 0x00, 0x00, 0x00, 0x00, 0x00, 0x00, 0x00, 0x00, 0x00, 0x00, 0x00, 0x00, 0x00, 0x00,
    0x00, 0x07, 0x00, 0x00, 0x0c, 0x00, 0x00, 0x0c, 0x00, 0x00, 0xff, 0x00, 0xc0, 0xff, 0x03, 0xc0,
    0x08, 0x03, 0x60, 0x08, 0x06, 0x60, 0x08, 0x06, 0x60, 0x08, 0x7e, 0x60, 0x08, 0x7e, 0x60, 0x08,
    0x06, 0xc0, 0x0f, 0x06, 0x80, 0x0f, 0x00, 0x00, 0x00, 0x00, 0x00, 0x00, 0x00, 0x00, 0x00, 0x00,
    0x00, 0x00, 0x00, 0x00, 0x00, 0x00, 0x00, 0x00, 0x00, 0x00, 0x00, 0x00, 0x00, 0x00, 0x00, 0x00,
    0x00, 0x00, 0x00, 0x00, 0x00, 0x00, 0x00, 0x00, 0x00, 0x00, 0x00, 0x00, 0x00, 0x00, 0x00, 0x00,
    0x00, 0x00, 0x00, 0x00, 0x00, 0x1c, 0x00, 0x00, 0x30, 0x00, 0x00, 0xf8, 0x00, 0x00, 0xfe, 0x03,
    0x00, 0x26, 0x03, 0x00, 0x23, 0x06, 0x00, 0x21, 0x7e, 0x00, 0x23, 0x7e, 0x00, 0x23, 0x06, 0x00,
    0x3e, 0x03, 0x00, 0x3c, 0x00, 0x00, 0x00, 0x00, 0x00, 0x00, 0x00, 0x00, 0x00, 0x00, 0x00, 0x00,
    0x00, 0x00, 0x00, 0x00, 0x00, 0x00, 0x00, 0x00, 0x00, 0x00, 0x00, 0x00, 0x00, 0x00, 0x00, 0x00,
    0x00, 0x00, 0x00, 0x00, 0x00, 0x00, 0x00, 0x00, 0x00, 0x00, 0x00, 0x00, 0x00, 0x00, 0x00, 0x00,
    0x00, 0x00, 0x00, 0x00, 0x00, 0x00, 0x00, 0x00, 0xe0, 0xff, 0x07, 0xe0, 0xff, 0x07, 0x00, 0x00,
    0x00, 0x00, 0x00, 0x00, 0x00, 0x00, 0x00, 0x00, 0x00, 0x00, 0x00, 0x00, 0x00, 0x00, 0x00, 0x00,
    0x00, 0x00, 0x00, 0x00, 0x00, 0x00, 0x00, 0x00, 0x00, 0x00, 0x00, 0x00, 0x00, 0x00, 0x00, 0x00,
    0x00, 0x00, 0x00, 0x00, 0x00, 0x00, 0x00, 0x00, 0x00, 0x00, 0x00, 0x00, 0x00, 0x00, 0x20, 0x00,
    0x06, 0xe0, 0x80, 0x07, 0xc0, 0xc1, 0x01, 0x80, 0xf3, 0x00, 0x00, 0x3e, 0x00, 0x02, 0x0c, 0x00,
    0x0e, 0x0c, 0x00, 0xe8, 0xff, 0x07, 0xe8, 0xff, 0x07, 0x0c, 0x0c, 0x00, 0x06, 0x0c, 0x00, 0x00,
    0x3e, 0x00, 0x00, 0x7f, 0x00, 0xc0, 0xe1, 0x01, 0xe0, 0x80, 0x07, 0x60, 0x00, 0x07, 0x00, 0x00,
    0x04, 0x00, 0x00, 0x00, 0x00, 0x00, 0x00, 0x00, 0x00, 0x00, 0x00, 0x00, 0x00, 0x00, 0x00, 0x00,
    0x00, 0x00, 0x00, 0x00, 0x00, 0x00, 0x00, 0x00, 0x00, 0x00, 0x00, 0x00, 0x00, 0x00, 0x00, 0x00,
    0x00, 0x00, 0x00, 0x00, 0x00, 0x00, 0x00, 0x00, 0x00, 0x00, 0x00, 0x00, 0x00, 0x00, 0x00, 0x00,
    0x00, 0x00, 0x01, 0x06, 0x00, 0x87, 0x07, 0x00, 0xce, 0x01, 0x10, 0xf8, 0x00, 0x70, 0x30, 0x00,
    0x40, 0x30, 0x00, 0x40, 0xff, 0x07, 0x60, 0xff, 0x07, 0x30, 0x30, 0x00, 0x00, 0x78, 0x00, 0x00,
    0xdc, 0x01, 0x00, 0x87, 0x07, 0x00, 0x03, 0x06, 0x00, 0x00, 0x04, 0x00, 0x00, 0x00, 0x00, 0x00,
    0x00, 0x00, 0x00, 0x00, 0x00, 0x00, 0x00, 0x00, 0x00, 0x00, 0x00, 0x00, 0x00, 0x00, 0x00, 0x00,
    0x00, 0x00, 0x00, 0x00, 0x00, 0x00, 0x00, 0x00, 0x00, 0x00, 0x00, 0x00, 0x00, 0x00, 0x00, 0x00,
    0x00, 0x00, 0x00, 0x00, 0x00, 0x00, 0x00, 0x00, 0x00, 0x00, 0x00, 0x00, 0x00, 0x00, 0xe0, 0xff,
    0x07, 0x00, 0x18, 0x00, 0x00, 0x18, 0x00, 0x00, 0x1c, 0x00, 0x00, 0x1e, 0x00, 0x00, 0x1b, 0x20,
    0x80, 0x19, 0x30, 0xe0, 0x30, 0x38, 0x60, 0xe0, 0x1f, 0x20, 0xc0, 0x07, 0x00, 0x00, 0x00, 0x00,
    0x00, 0x00, 0x00, 0x00, 0x00, 0x00, 0x00, 0x00, 0x00, 0x00, 0x00, 0x00, 0x00, 0x00, 0x00, 0x00,
    0x00, 0x00, 0x00, 0x00, 0x00, 0x00, 0x00, 0x00, 0x00, 0x00, 0x00, 0x00, 0x00, 0x00, 0x00, 0x00,
    0x00, 0x00, 0x00, 0x00, 0x00, 0x00, 0x00, 0x00, 0x00, 0x00, 0x00, 0x00, 0x00, 0x00, 0x00, 0x00,
    0xff, 0x07, 0x00, 0x60, 0x00, 0x00, 0x60, 0x00, 0x00, 0x78, 0x00, 0x00, 0x7c, 0x30, 0x00, 0x66,
    0x30, 0x00, 0xc3, 0x1f, 0x00, 0x81, 0x0f, 0x00, 0x00, 0x00, 0x00, 0x00, 0x00, 0x00, 0x00, 0x00,
    0x00, 0x00, 0x00, 0x00, 0x00, 0x00, 0x00, 0x00, 0x00, 0x00, 0x00, 0x00, 0x00, 0x00, 0x00, 0x00,
    0x00, 0x00, 0x00, 0x00, 0x00, 0x00, 0x00, 0x00, 0x00, 0x00, 0x00, 0x00, 0x00, 0x00, 0x00, 0x00,
    0x00, 0x00, 0x00, 0x00, 0x00, 0x00, 0x06, 0x00, 0x00, 0x06, 0x00, 0x00, 0x06, 0x00, 0xff, 0x03,
    0xe0, 0xff, 0x01, 0x60, 0x00, 0x00, 0x60, 0x00, 0x00, 0x60, 0x00, 0x00, 0x60, 0x00, 0x00, 0x60,
    0x00, 0x00, 0x60, 0x00, 0x00, 0xe0, 0xff, 0x07, 0x00, 0x00, 0x7c, 0x00, 0x00, 0x1c, 0x00, 0x00,
    0x00, 0x00, 0x00, 0x00, 0x00, 0x00, 0x00, 0x00, 0x00, 0x00, 0x00, 0x00, 0x00, 0x00, 0x00, 0x00,
    0x00, 0x00, 0x00, 0x00, 0x00, 0x00, 0x00, 0x00, 0x00, 0x00, 0x00, 0x00, 0x00, 0x00, 0x00, 0x00,
    0x00, 0x00, 0x00, 0x00, 0x00, 0x00, 0x00, 0x00, 0x00, 0x00, 0x00, 0x00, 0x00, 0x06, 0x00, 0x00,
    0x06, 0x00, 0x80, 0x07, 0x00, 0xff, 0x03, 0x00, 0x0f, 0x00, 0x00, 0x01, 0x00, 0x00, 0x01, 0x00,
    0x00, 0x01, 0x00, 0x00, 0xff, 0x07, 0x00, 0xff, 0x07, 0x00, 0x00, 0x7c, 0x00, 0x00, 0x1c, 0x00,
    0x00, 0x00, 0x00, 0x00, 0x00, 0x00, 0x00, 0x00, 0x00, 0x00, 0x00, 0x00, 0x00, 0x00, 0x00, 0x00,
    0x00, 0x00, 0x00, 0x00, 0x00, 0x00, 0x00, 0x00, 0x00, 0x00, 0x00, 0x00, 0x00, 0x00, 0x00, 0x00,
    0x00, 0x00, 0x00, 0x00, 0x00, 0x00, 0x00, 0x00, 0x00, 0x00, 0x00, 0x00, 0x00, 0x00, 0x00, 0x00,
    0x00, 0x00, 0xe0, 0xff, 0x07, 0xe0, 0xff, 0x07, 0x00, 0x18, 0x00, 0x00, 0x18, 0x00, 0x00, 0x18,
    0x00, 0x00, 0x18, 0x00, 0x00, 0x18, 0x60, 0x00, 0x18, 0x60, 0x00, 0x18, 0x70, 0xe0, 0xff, 0x3f,
    0x00, 0x00, 0x00, 0x00, 0x00, 0x00, 0x00, 0x00, 0x00, 0x00, 0x00, 0x00, 0x00, 0x00, 0x00, 0x00,
    0x00, 0x00, 0x00, 0x00, 0x00, 0x00, 0x00, 0x00, 0x00, 0x00, 0x00, 0x00, 0x00, 0x00, 0x00, 0x00,
    0x00, 0x00, 0x00, 0x00, 0x00, 0x00, 0x00, 0x00, 0x00, 0x00, 0x00, 0x00, 0x00, 0x00, 0x00, 0x00,
    0x00, 0xff, 0x07, 0x00, 0xff, 0x07, 0x00, 0x20, 0x00, 0x00, 0x20, 0x00, 0x00, 0x20, 0x00, 0x00,
    0x20, 0x40, 0x00, 0x20, 0x60, 0x00, 0xff, 0x7f, 0x00, 0xff, 0x1f, 0x00, 0x00, 0x00, 0x00, 0x00,
    0x00, 0x00, 0x00, 0x00, 0x00, 0x00, 0x00, 0x00, 0x00, 0x00, 0x00, 0x00, 0x00, 0x00, 0x00, 0x00,
    0x00, 0x00, 0x00, 0x00, 0x00, 0x00, 0x00, 0x00, 0x00, 0x00, 0x00, 0x00, 0x00, 0x00, 0x00, 0x00,
    0x00, 0x00, 0x00, 0x00, 0x00, 0x00, 0x00, 0x00, 0x00, 0x00, 0x00, 0x00, 0x00, 0x00, 0xe0, 0xff,
    0x07, 0xe0, 0xff, 0x07, 0x00, 0x18, 0x00, 0x00, 0x18, 0x00, 0x00, 0x18, 0x00, 0x00, 0x18, 0x00,
    0x00, 0x18, 0x00, 0x00, 0x18, 0x00, 0x00, 0x18, 0x00, 0xe0, 0xff, 0x07, 0xe0, 0xff, 0x7f, 0x00,
    0x00, 0x1c, 0x00, 0x00, 0x00, 0x00, 0x00, 0x00, 0x00, 0x00, 0x00, 0x00, 0x00, 0x00, 0x00, 0x00,
    0x00, 0x00, 0x00, 0x00, 0x00, 0x00, 0x00, 0x00, 0x00, 0x00, 0x00, 0x00, 0x00, 0x00, 0x00, 0x00,
    0x00, 0x00, 0x00, 0x00, 0x00, 0x00, 0x00, 0x00, 0x00, 0x00, 0x00, 0x00, 0x00, 0x00, 0x00, 0x00,
    0x00, 0x00, 0x00, 0x00, 0x00, 0x00, 0xff, 0x07, 0x00, 0x20, 0x00, 0x00, 0x20, 0x00, 0x00, 0x20,
    0x00, 0x00, 0x20, 0x00, 0x00, 0x20, 0x00, 0x00, 0xff, 0x07, 0x00, 0xff, 0x07, 0x00, 0x00, 0x7c,
    0x00, 0x00, 0x1c, 0x00, 0x00, 0x00, 0x00, 0x00, 0x00, 0x00, 0x00, 0x00, 0x00, 0x00, 0x00, 0x00,
    0x00, 0x00, 0x00, 0x00, 0x00, 0x00, 0x00, 0x00, 0x00, 0x00, 0x00, 0x00, 0x00, 0x00, 0x00, 0x00,
    0x00, 0x00, 0x00, 0x00, 0x00, 0x00, 0x00, 0x00, 0x00, 0x00, 0x00, 0x00, 0x00, 0x00, 0x00, 0x00,
    0x00, 0x00, 0x00, 0xe0, 0x03, 0x00, 0xe0, 0x1f, 0x00, 0x00, 0x18, 0x00, 0x00, 0x30, 0x00, 0x00,
    0x30, 0x00, 0x00, 0x30, 0x00, 0x00, 0x30, 0x00, 0x00, 0x30, 0x3e, 0x00, 0x30, 0x3e, 0xe0, 0xff,
    0x07, 0xe0, 0xff, 0x07, 0x00, 0x00, 0x00, 0x00, 0x00, 0x00, 0x00, 0x00, 0x00, 0x00, 0x00, 0x00,
    0x00, 0x00, 0x00, 0x00, 0x00, 0x00, 0x00, 0x00, 0x00, 0x00, 0x00, 0x00, 0x00, 0x00, 0x00, 0x00,
    0x00, 0x00, 0x00, 0x00, 0x00, 0x00, 0x00, 0x00, 0x00, 0x00, 0x00, 0x00, 0x00, 0x00, 0x00, 0x00,
    0x00, 0x00, 0x00, 0x00, 0x00, 0x1f, 0x00, 0x00, 0x3f, 0x00, 0x00, 0x60, 0x00, 0x00, 0x60, 0x00,
    0x00, 0x60, 0x00, 0x00, 0x60, 0x3e, 0x00, 0x60, 0x3e, 0x00, 0xff, 0x07, 0x00, 0x00, 0x00, 0x00,
    0x00, 0x00, 0x00, 0x00, 0x00, 0x00, 0x00, 0x00, 0x00, 0x00, 0x00, 0x00, 0x00, 0x00, 0x00, 0x00,
    0x00, 0x00, 0x00, 0x00, 0x00, 0x00, 0x00, 0x00, 0x00, 0x00, 0x00, 0x00, 0x00, 0x00, 0x00, 0x00,
    0x00, 0x00, 0x00, 0x00, 0x00, 0x00, 0x00, 0x00, 0x00, 0x00, 0x00, 0x00, 0x00, 0x00, 0x00, 0xe0,
    0xff, 0x07, 0xe0, 0xe0, 0x07, 0xc0, 0x03, 0x00, 0x00, 0x1f, 0x00, 0x00, 0x78, 0x00, 0x00, 0xe0,
    0x03, 0x00, 0x00, 0x07, 0x00, 0x80, 0x07, 0x00, 0xf0, 0x00, 0x00, 0x3c, 0x00, 0x80, 0x0f, 0x00,
    0xe0, 0x01, 0x00, 0xe0, 0xff, 0x07, 0xe0, 0xff, 0x7f, 0x00, 0x00, 0x1c, 0x00, 0x00, 0x00, 0x00,
    0x00, 0x00, 0x00, 0x00, 0x00, 0x00, 0x00, 0x00, 0x00, 0x00, 0x00, 0x00, 0x00, 0x00, 0x00, 0x00,
    0x00, 0x00, 0x00, 0x00, 0x00, 0x00, 0x00, 0x00, 0x00, 0x00, 0x00, 0x00, 0x00, 0x00, 0x00, 0x00,
    0x00, 0x00, 0x00, 0x00, 0x00, 0x00, 0x00, 0x00, 0x00, 0x00, 0x00, 0x00, 0x00, 0x00, 0x00, 0x00,
    0xff, 0x07, 0x00, 0x07, 0x00, 0x00, 0x3e, 0x00, 0x00, 0xf0, 0x00, 0x00, 0xc0, 0x03, 0x00, 0x00,
    0x07, 0x00, 0xc0, 0x03, 0x00, 0xf0, 0x00, 0x00, 0x1e, 0x00, 0x00, 0xff, 0x07, 0x00, 0xff, 0x07,
    0x00, 0x00, 0x7c, 0x00, 0x00, 0x1c, 0x00, 0x00, 0x00, 0x00, 0x00, 0x00, 0x00, 0x00, 0x00, 0x00,
    0x00, 0x00, 0x00, 0x00, 0x00, 0x00, 0x00, 0x00, 0x00, 0x00, 0x00, 0x00, 0x00, 0x00, 0x00, 0x00,
    0x00, 0x00, 0x00, 0x00, 0x00, 0x00, 0x00, 0x00, 0x00, 0x00, 0x00, 0x00, 0x00, 0x00, 0x00, 0x00,
    0x00, 0x00, 0x00, 0x00, 0x00, 0x00, 0x00, 0x00, 0x00, 0xe0, 0xff, 0x07, 0xe0, 0xff, 0x07, 0x00,
    0x00, 0x00, 0x00, 0x00, 0x00, 0x00, 0x00, 0x00, 0x00, 0x00, 0x00, 0x00, 0x00, 0x00, 0x00, 0x00,
    0x00, 0x00, 0x00, 0x00, 0x00, 0x00, 0x00, 0x00, 0x00, 0x00, 0x00, 0x00, 0x00, 0x00, 0x00, 0x00,
    0x00, 0x00, 0x00, 0x00, 0x00, 0x00, 0x00, 0x00, 0x00, 0x00, 0x00, 0x00, 0x00, 0x00, 0x04, 0x00,
    0x00, 0x07, 0x00, 0xe0, 0x03, 0x02, 0x78, 0x00, 0x0e, 0x7f, 0x00, 0xc8, 0x63, 0x00, 0x68, 0x60,
    0x00, 0xec, 0x63, 0x00, 0x06, 0x7f, 0x00, 0x00, 0x78, 0x00, 0x00, 0xe0, 0x03, 0x00, 0x00, 0x07,
    0x00, 0x00, 0x04, 0x00, 0x00, 0x00, 0x00, 0x00, 0x00, 0x00, 0x00, 0x00, 0x00, 0x00, 0x00, 0x00,
    0x00, 0x00, 0x00, 0x00, 0x00, 0x00, 0x00, 0x00, 0x00, 0x00, 0x00, 0x00, 0x00, 0x00, 0x00, 0x00,
    0x00, 0x00, 0x00, 0x00, 0x00, 0x00, 0x00, 0x00, 0x00, 0x00, 0x00, 0x00, 0x00, 0x00, 0x00, 0x00,
    0x00, 0x00, 0x00, 0x00, 0xc4, 0x01, 0x00, 0xe6, 0x03, 0x10, 0x33, 0x06, 0x70, 0x13, 0x06, 0x40,
    0x11, 0x06, 0x40, 0x13, 0x06, 0x60, 0x17, 0x03, 0x30, 0xfe, 0x07, 0x00, 0x00, 0x04, 0x00, 0x00,
    0x00, 0x00, 0x00, 0x00, 0x00, 0x00, 0x00, 0x00, 0x00, 0x00, 0x00, 0x00, 0x00, 0x00, 0x00, 0x00,
    0x00, 0x00, 0x00, 0x00, 0x00, 0x00, 0x00, 0x00, 0x00, 0x00, 0x00, 0x00, 0x00, 0x00, 0x00, 0x00,
    0x00, 0x00, 0x00, 0x00, 0x00, 0x00, 0x00, 0x00, 0x00, 0x00, 0x00, 0x00, 0x00, 0x04, 0x00, 0x00,
    0x07, 0x00, 0xe0, 0x03, 0x0c, 0x78, 0x00, 0x0c, 0x7f, 0x00, 0xc0, 0x63, 0x00, 0x60, 0x60, 0x00,
    0xec, 0x63, 0x00, 0x0c, 0x7f, 0x00, 0x00, 0x78, 0x00, 0x00, 0xe0, 0x03, 0x00, 0x00, 0x07, 0x00,
    0x00, 0x04, 0x00, 0x00, 0x00, 0x00, 0x00, 0x00, 0x00, 0x00, 0x00, 0x00, 0x00, 0x00, 0x00, 0x00,
    0x00, 0x00, 0x00, 0x00, 0x00, 0x00, 0x00, 0x00, 0x00, 0x00, 0x00, 0x00, 0x00, 0x00, 0x00, 0x00,
    0x00, 0x00, 0x00, 0x00, 0x00, 0x00, 0x00, 0x00, 0x00, 0x00, 0x00, 0x00, 0x00, 0x00, 0x00, 0x00,
    0x00, 0x00, 0x00, 0xc4, 0x01, 0x00, 0xe6, 0x03, 0x30, 0x33, 0x06, 0x30, 0x13, 0x06, 0x00, 0x11,
    0x06, 0x00, 0x13, 0x06, 0x30, 0x17, 0x03, 0x30, 0xfe, 0x07, 0x00, 0x00, 0x04, 0x00, 0x00, 0x00,
    0x00, 0x00, 0x00, 0x00, 0x00, 0x00, 0x00, 0x00, 0x00, 0x00, 0x00, 0x00, 0x00, 0x00, 0x00, 0x00,
    0x00, 0x00, 0x00, 0x00, 0x00, 0x00, 0x00, 0x00, 0x00, 0x00, 0x00, 0x00, 0x00, 0x00, 0x00, 0x00,
    0x00, 0x00, 0x00, 0x00, 0x00, 0x00, 0x00, 0x00, 0x00, 0x00, 0x00, 0x00, 0x04, 0x00, 0x00, 0x07,
    0x00, 0x80, 0x03, 0x00, 0xe0, 0x01, 0x00, 0xf8, 0x00, 0x00, 0xdc, 0x00, 0x00, 0xc7, 0x00, 0x80,
    0xc3, 0x00, 0xe0, 0xc0, 0x00, 0xe0, 0xff, 0x00, 0xe0, 0xff, 0x07, 0x20, 0x08, 0x04, 0x20, 0x08,
    0x04, 0x20, 0x08, 0x04, 0x20, 0x08, 0x04, 0x20, 0x08, 0x04, 0x20, 0x08, 0x04, 0x20, 0x00, 0x04,
    0x00, 0x00, 0x00, 0x00, 0x00, 0x00, 0x00, 0x00, 0x00, 0x00, 0x00, 0x00, 0x00, 0x00, 0x00, 0x00,
    0x00, 0x00, 0x00, 0x00, 0x00, 0x00, 0x00, 0x00, 0x00, 0x00, 0x00, 0x00, 0x00, 0x00, 0x00, 0x00,
    0x00, 0x00, 0x00, 0x00, 0x00, 0x00, 0x00, 0x00, 0x00, 0x00, 0x00, 0x00, 0x00, 0x00, 0x00, 0x00,
    0x00, 0xc4, 0x03, 0x00, 0xe6, 0x07, 0x00, 0x23, 0x06, 0x00, 0x23, 0x04, 0x00, 0x21, 0x06, 0x00,
    0x23, 0x06, 0x00, 0xfe, 0x03, 0x00, 0xfc, 0x01, 0x00, 0x26, 0x03, 0x00, 0x23, 0x06, 0x00, 0x23,
    0x06, 0x00, 0x23, 0x04, 0x00, 0x23, 0x06, 0x00, 0x3e, 0x06, 0x00, 0x3c, 0x02, 0x00, 0x00, 0x00,
    0x00, 0x00, 0x00, 0x00, 0x00, 0x00, 0x00, 0x00, 0x00, 0x00, 0x00, 0x00, 0x00, 0x00, 0x00, 0x00,
    0x00, 0x00, 0x00, 0x00, 0x00, 0x00, 0x00, 0x00, 0x00, 0x00, 0x00, 0x00, 0x00, 0x00, 0x00, 0x00,
    0x00, 0x00, 0x00, 0x00, 0x00, 0x00, 0x00, 0x00, 0x00, 0x00, 0x00, 0x00, 0x00, 0x00, 0x00, 0x00,
    0xe0, 0xff, 0x07, 0xe2, 0xff, 0x07, 0x6e, 0x18, 0x06, 0x68, 0x18, 0x06, 0x68, 0x18, 0x06, 0x6c,
    0x18, 0x06, 0x66, 0x18, 0x06, 0x60, 0x18, 0x06, 0x60, 0x00, 0x06, 0x00, 0x00, 0x00, 0x00, 0x00,
    0x00, 0x00, 0x00, 0x00, 0x00, 0x00, 0x00, 0x00, 0x00, 0x00, 0x00, 0x00, 0x00, 0x00, 0x00, 0x00,
    0x00, 0x00, 0x00, 0x00, 0x00, 0x00, 0x00, 0x00, 0x00, 0x00, 0x00, 0x00, 0x00, 0x00, 0x00, 0x00,
    0x00, 0x00, 0x00, 0x00, 0x00, 0x00, 0x00, 0x00, 0x00, 0x00, 0x00, 0x00, 0xf8, 0x01, 0x10, 0xfe,
    0x03, 0x70, 0x26, 0x07, 0x40, 0x23, 0x06, 0x40, 0x21, 0x06, 0x60, 0x23, 0x06, 0x30, 0x23, 0x06,
    0x00, 0x3e, 0x03, 0x00, 0x38, 0x00, 0x00, 0x00, 0x00, 0x00, 0x00, 0x00, 0x00, 0x00, 0x00, 0x00,
    0x00, 0x00, 0x00, 0x00, 0x00, 0x00, 0x00, 0x00, 0x00, 0x00, 0x00, 0x00, 0x00, 0x00, 0x00, 0x00,
    0x00, 0x00, 0x00, 0x00, 0x00, 0x00, 0x00, 0x00, 0x00, 0x00, 0x00, 0x00, 0x00, 0x00, 0x00, 0x00,
    0x00, 0x00, 0x00, 0x00, 0x00, 0x00, 0x00, 0xf0, 0x00, 0x40, 0xf0, 0x01, 0x60, 0x10, 0x03, 0x60,
    0x10, 0x06, 0x60, 0x10, 0x06, 0x60, 0x10, 0x06, 0x60, 0x10, 0x06, 0x60, 0x10, 0x06, 0xc0, 0x10,
    0x03, 0xc0, 0x91, 0x03, 0x80, 0xff, 0x01, 0x00, 0x3c, 0x00, 0x00, 0x00, 0x00, 0x00, 0x00, 0x00,
    0x00, 0x00, 0x00, 0x00, 0x00, 0x00, 0x00, 0x00, 0x00, 0x00, 0x00, 0x00, 0x00, 0x00, 0x00, 0x00,
    0x00, 0x00, 0x00, 0x00, 0x00, 0x00, 0x00, 0x00, 0x00, 0x00, 0x00, 0x00, 0x00, 0x00, 0x00, 0x00,
    0x00, 0x00, 0x00, 0x00, 0x00, 0x00, 0x00, 0x00, 0x00, 0x00, 0x00, 0xc2, 0x01, 0x00, 0xc2, 0x03,
    0x00, 0x43, 0x06, 0x00, 0x43, 0x06, 0x00, 0x43, 0x04, 0x00, 0x43, 0x06, 0x00, 0x46, 0x03, 0x00,
    0xfc, 0x01, 0x00, 0xf8, 0x00, 0x00, 0x00, 0x00, 0x00, 0x00, 0x00, 0x00, 0x00, 0x00, 0x00, 0x00,
    0x00, 0x00, 0x00, 0x00, 0x00, 0x00, 0x00, 0x00, 0x00, 0x00, 0x00, 0x00, 0x00, 0x00, 0x00, 0x00,
    0x00, 0x00, 0x00, 0x00, 0x00, 0x00, 0x00, 0x00, 0x00, 0x00, 0x00, 0x00, 0x00, 0x00, 0x00, 0x00,
    0x00, 0x00, 0x00, 0x00, 0x00, 0x00, 0xf0, 0x00, 0x40, 0xf0, 0x01, 0x6c, 0x10, 0x03, 0x6c, 0x10,
    0x06, 0x60, 0x10, 0x06, 0x60, 0x10, 0x06, 0x6c, 0x10, 0x06, 0x6c, 0x10, 0x06, 0xc0, 0x10, 0x03,
    0xc0, 0x91, 0x03, 0x80, 0xff, 0x01, 0x00, 0x3c, 0x00, 0x00, 0x00, 0x00, 0x00, 0x00, 0x00, 0x00,
    0x00, 0x00, 0x00, 0x00, 0x00, 0x00, 0x00, 0x00, 0x00, 0x00, 0x00, 0x00, 0x00, 0x00, 0x00, 0x00,
    0x00, 0x00, 0x00, 0x00, 0x00, 0x00, 0x00, 0x00, 0x00, 0x00, 0x00, 0x00, 0x00, 0x00, 0x00, 0x00,
    0x00, 0x00, 0x00, 0x00, 0x00, 0x00, 0x00, 0x00, 0x00, 0x00, 0xc2, 0x01, 0x30, 0xc2, 0x03, 0x30,
    0x43, 0x06, 0x00, 0x43, 0x06, 0x00, 0x43, 0x04, 0x30, 0x43, 0x06, 0x30, 0x46, 0x03, 0x00, 0xfc,
    0x01, 0x00, 0xf8, 0x00, 0x00, 0x00, 0x00, 0x00, 0x00, 0x00, 0x00, 0x00, 0x00, 0x00, 0x00, 0x00,
    0x00, 0x00, 0x00, 0x00, 0x00, 0x00, 0x00, 0x00, 0x00, 0x00, 0x00, 0x00, 0x00, 0x00, 0x00, 0x00,
    0x00, 0x00, 0x00, 0x00, 0x00, 0x00, 0x00, 0x00, 0x00, 0x00, 0x00, 0x00, 0x00, 0x00, 0x00, 0x00,
    0x00, 0x00, 0x00, 0x00, 0x20, 0x00, 0x06, 0xe0, 0x80, 0x07, 0xc0, 0xc1, 0x01, 0x80, 0xf3, 0x00,
    0x00, 0x3e, 0x00, 0x0c, 0x0c, 0x00, 0x0c, 0x0c, 0x00, 0xe0, 0xff, 0x07, 0xe0, 0xff, 0x07, 0x0c,
    0x0c, 0x00, 0x0c, 0x0c, 0x00, 0x00, 0x3e, 0x00, 0x00, 0x7f, 0x00, 0xc0, 0xe1, 0x01, 0xe0, 0x80,
    0x07, 0x60, 0x00, 0x07, 0x00, 0x00, 0x04, 0x00, 0x00, 0x00, 0x00, 0x00, 0x00, 0x00, 0x00, 0x00,
    0x00, 0x00, 0x00, 0x00, 0x00, 0x00, 0x00, 0x00, 0x00, 0x00, 0x00, 0x00, 0x00, 0x00, 0x00, 0x00,
    0x00, 0x00, 0x00, 0x00, 0x00, 0x00, 0x00, 0x00, 0x00, 0x00, 0x00, 0x00, 0x00, 0x00, 0x00, 0x00,
    0x00, 0x00, 0x00, 0x00, 0x00, 0x00, 0x00, 0x00, 0x01, 0x06, 0x00, 0x87, 0x07, 0x00, 0xce, 0x01,
    0x30, 0xf8, 0x00, 0x30, 0x30, 0x00, 0x00, 0x30, 0x00, 0x00, 0xff, 0x07, 0x30, 0xff, 0x07, 0x30,
    0x30, 0x00, 0x00, 0x78, 0x00, 0x00, 0xdc, 0x01, 0x00, 0x87, 0x07, 0x00, 0x03, 0x06, 0x00, 0x00,
    0x04, 0x00, 0x00, 0x00, 0x00, 0x00, 0x00, 0x00, 0x00, 0x00, 0x00, 0x00, 0x00, 0x00, 0x00, 0x00,
    0x00, 0x00, 0x00, 0x00, 0x00, 0x00, 0x00, 0x00, 0x00, 0x00, 0x00, 0x00, 0x00, 0x00, 0x00, 0x00,
    0x00, 0x00, 0x00, 0x00, 0x00, 0x00, 0x00, 0x00, 0x00, 0x00, 0x00, 0x00, 0x00, 0x00, 0x00, 0x00,
    0x00, 0x80, 0x81, 0x01, 0xc0, 0x81, 0x03, 0x6c, 0x00, 0x06, 0x6c, 0x18, 0x06, 0x60, 0x18, 0x06,
    0x60, 0x18, 0x06, 0x6c, 0x18, 0x06, 0xec, 0x38, 0x06, 0xc0, 0xef, 0x03, 0x80, 0xe3, 0x01, 0x00,
    0x00, 0x00, 0x00, 0x00, 0x00, 0x00, 0x00, 0x00, 0x00, 0x00, 0x00, 0x00, 0x00, 0x00, 0x00, 0x00,
    0x00, 0x00, 0x00, 0x00, 0x00, 0x00, 0x00, 0x00, 0x00, 0x00, 0x00, 0x00, 0x00, 0x00, 0x00, 0x00,
    0x00, 0x00, 0x00, 0x00, 0x00, 0x00, 0x00, 0x00, 0x00, 0x00, 0x00, 0x00, 0x00, 0x00, 0x00, 0x00,
    0x04, 0x03, 0x30, 0x06, 0x03, 0x30, 0x33, 0x06, 0x00, 0x33, 0x06, 0x00, 0x31, 0x04, 0x30, 0x33,
    0x06, 0x30, 0xff, 0x03, 0x00, 0xce, 0x03, 0x00, 0x00, 0x00, 0x00, 0x00, 0x00, 0x00, 0x00, 0x00,
    0x00, 0x00, 0x00, 0x00, 0x00, 0x00, 0x00, 0x00, 0x00, 0x00, 0x00, 0x00, 0x00, 0x00, 0x00, 0x00,
    0x00, 0x00, 0x00, 0x00, 0x00, 0x00, 0x00, 0x00, 0x00, 0x00, 0x00, 0x00, 0x00, 0x00, 0x00, 0x00,
    0x00, 0x00, 0x00, 0x00, 0x00, 0x00, 0x00, 0x60, 0x80, 0x01, 0x60, 0x80, 0x03, 0x60, 0x00, 0x06,
    0x60, 0x0c, 0x06, 0x60, 0x0e, 0x06, 0x60, 0x0b, 0x06, 0xe0, 0x19, 0x06, 0xe0, 0x38, 0x03, 0x60,
    0xf0, 0x03, 0x00, 0x00, 0x00, 0x00, 0x00, 0x00, 0x00, 0x00, 0x00, 0x00, 0x00, 0x00, 0x00, 0x00,
    0x00, 0x00, 0x00, 0x00, 0x00, 0x00, 0x00, 0x00, 0x00, 0x00, 0x00, 0x00, 0x00, 0x00, 0x00, 0x00,
    0x00, 0x00, 0x00, 0x00, 0x00, 0x00, 0x00, 0x00, 0x00, 0x00, 0x00, 0x00, 0x00, 0x00, 0x00, 0x00,
    0x00, 0x00, 0x00, 0x01, 0x18, 0x00, 0x01, 0x38, 0x00, 0x01, 0x60, 0x00, 0xc1, 0x60, 0x00, 0xf1,
    0x40, 0x00, 0xb9, 0x60, 0x00, 0x9d, 0x60, 0x00, 0x87, 0x33, 0x00, 0x03, 0x1f, 0x00, 0x00, 0x00,
    0x00, 0x00, 0x00, 0x00, 0x00, 0x00, 0x00, 0x00, 0x00, 0x00, 0x00, 0x00, 0x00, 0x00, 0x00, 0x00,
    0x00, 0x00, 0x00, 0x00, 0x00, 0x00, 0x00, 0x00, 0x00, 0x00, 0x00, 0x00, 0x00, 0x00, 0x00, 0x00,
    0x00, 0x00, 0x00, 0x00, 0x00, 0x00, 0x00, 0x00, 0x00, 0x00, 0x00, 0x00, 0x00, 0x00, 0x00, 0x00,
    0xe0, 0xff, 0x07, 0xe0, 0xff, 0x07, 0x04, 0xc0, 0x03, 0x04, 0xe0, 0x00, 0x04, 0x78, 0x00, 0x04,
    0x1c, 0x00, 0x04, 0x07, 0x00, 0x84, 0x03, 0x00, 0xe4, 0x00, 0x00, 0xe0, 0xff, 0x07, 0xe0, 0xff,
    0x07, 0x00, 0x00, 0x00, 0x00, 0x00, 0x00, 0x00, 0x00, 0x00, 0x00, 0x00, 0x00, 0x00, 0x00, 0x00,
    0x00, 0x00, 0x00, 0x00, 0x00, 0x00, 0x00, 0x00, 0x00, 0x00, 0x00, 0x00, 0x00, 0x00, 0x00, 0x00,
    0x00, 0x00, 0x00, 0x00, 0x00, 0x00, 0x00, 0x00, 0x00, 0x00, 0x00, 0x00, 0x00, 0x00, 0x00, 0x00,
    0x00, 0x00, 0x00, 0x00, 0x20, 0xff, 0x07, 0x20, 0x00, 0x07, 0x20, 0xc0, 0x01, 0x20, 0x70, 0x00,
    0x20, 0x38, 0x00, 0x20, 0x0e, 0x00, 0x20, 0xff, 0x07, 0x00, 0xff, 0x07, 0x00, 0x00, 0x00, 0x00,
    0x00, 0x00, 0x00, 0x00, 0x00, 0x00, 0x00, 0x00, 0x00, 0x00, 0x00, 0x00, 0x00, 0x00, 0x00, 0x00,
    0x00, 0x00, 0x00, 0x00, 0x00, 0x00, 0x00, 0x00, 0x00, 0x00, 0x00, 0x00, 0x00, 0x00, 0x00, 0x00,
    0x00, 0x00, 0x00, 0x00, 0x00, 0x00, 0x00, 0x00, 0x00, 0x00, 0x00, 0x00, 0x00, 0x00, 0x00, 0xe0,
    0xff, 0x07, 0xe0, 0xff, 0x07, 0x0c, 0xc0, 0x03, 0x0c, 0xe0, 0x00, 0x00, 0x78, 0x00, 0x00, 0x1c,
    0x00, 0x0c, 0x07, 0x00, 0x8c, 0x03, 0x00, 0xe0, 0x00, 0x00, 0xe0, 0xff, 0x07, 0xe0, 0xff, 0x07,
    0x00, 0x00, 0x00, 0x00, 0x00, 0x00, 0x00, 0x00, 0x00, 0x00, 0x00, 0x00, 0x00, 0x00, 0x00, 0x00,
    0x00, 0x00, 0x00, 0x00, 0x00, 0x00, 0x00, 0x00, 0x00, 0x00, 0x00, 0x00, 0x00, 0x00, 0x00, 0x00,
    0x00, 0x00, 0x00, 0x00, 0x00, 0x00, 0x00, 0x00, 0x00, 0x00, 0x00, 0x00, 0x00, 0x00, 0x00, 0x00,
    0x00, 0x00, 0x00, 0x00, 0xff, 0x07, 0x30, 0x00, 0x07, 0x30, 0xc0, 0x01, 0x00, 0x70, 0x00, 0x00,
    0x38, 0x00, 0x30, 0x0e, 0x00, 0x30, 0xff, 0x07, 0x00, 0xff, 0x07, 0x00, 0x00, 0x00, 0x00, 0x00,
    0x00, 0x00, 0x00, 0x00, 0x00, 0x00, 0x00, 0x00, 0x00, 0x00, 0x00, 0x00, 0x00, 0x00, 0x00, 0x00,
    0x00, 0x00, 0x00, 0x00, 0x00, 0x00, 0x00, 0x00, 0x00, 0x00, 0x00, 0x00, 0x00, 0x00, 0x00, 0x00,
    0x00, 0x00, 0x00, 0x00, 0x00, 0x00, 0x00, 0x00, 0x00, 0x00, 0x00, 0x00, 0x7e, 0x00, 0x80, 0xff,
    0x01, 0xc0, 0x81, 0x03, 0x6c, 0x00, 0x06, 0x6c, 0x00, 0x06, 0x60, 0x00, 0x06, 0x60, 0x00, 0x06,
    0x6c, 0x00, 0x06, 0xcc, 0x00, 0x03, 0xc0, 0xc3, 0x03, 0x80, 0xff, 0x01, 0x00, 0x3c, 0x00, 0x00,
    0x00, 0x00, 0x00, 0x00, 0x00, 0x00, 0x00, 0x00, 0x00, 0x00, 0x00, 0x00, 0x00, 0x00, 0x00, 0x00,
    0x00, 0x00, 0x00, 0x00, 0x00, 0x00, 0x00, 0x00, 0x00, 0x00, 0x00, 0x00, 0x00, 0x00, 0x00, 0x00,
    0x00, 0x00, 0x00, 0x00, 0x00, 0x00, 0x00, 0x00, 0x00, 0x00, 0x00, 0x00, 0x00, 0x00, 0x00, 0x00,
    0xf8, 0x00, 0x30, 0xfe, 0x03, 0x30, 0x06, 0x03, 0x00, 0x03, 0x06, 0x00, 0x01, 0x06, 0x30, 0x03,
    0x06, 0x30, 0x03, 0x06, 0x00, 0x8e, 0x03, 0x00, 0xfc, 0x01, 0x00, 0x20, 0x00, 0x00, 0x00, 0x00,
    0x00, 0x00, 0x00, 0x00, 0x00, 0x00, 0x00, 0x00, 0x00, 0x00, 0x00, 0x00, 0x00, 0x00, 0x00, 0x00,
    0x00, 0x00, 0x00, 0x00, 0x00, 0x00, 0x00, 0x00, 0x00, 0x00, 0x00, 0x00, 0x00, 0x00, 0x00, 0x00,
    0x00, 0x00, 0x00, 0x00, 0x00, 0x00, 0x00, 0x00, 0x00, 0x00, 0x00, 0x00, 0x00, 0x00, 0x7e, 0x00,
    0x80, 0xff, 0x01, 0xc0, 0x91, 0x03, 0xe0, 0x10, 0x07, 0x60, 0x10, 0x06, 0x60, 0x10, 0x06, 0x60,
    0x10, 0x06, 0x60, 0x10, 0x06, 0xc0, 0x10, 0x03, 0xc0, 0xd7, 0x03, 0x00, 0xff, 0x00, 0x00, 0x00,
    0x00, 0x00, 0x00, 0x00, 0x00, 0x00, 0x00, 0x00, 0x00, 0x00, 0x00, 0x00, 0x00, 0x00, 0x00, 0x00,
    0x00, 0x00, 0x00, 0x00, 0x00, 0x00, 0x00, 0x00, 0x00, 0x00, 0x00, 0x00, 0x00, 0x00, 0x00, 0x00,
    0x00, 0x00, 0x00, 0x00, 0x00, 0x00, 0x00, 0x00, 0x00, 0x00, 0x00, 0x00, 0x00, 0x00, 0x00, 0xf8,
    0x00, 0x00, 0xfe, 0x03, 0x00, 0x22, 0x02, 0x00, 0x21, 0x04, 0x00, 0x21, 0x04, 0x00, 0x21, 0x04,
    0x00, 0x23, 0x06, 0x00, 0xae, 0x03, 0x00, 0xfc, 0x01, 0x00, 0x20, 0x00, 0x00, 0x00, 0x00, 0x00,
    0x00, 0x00, 0x00, 0x00, 0x00, 0x00, 0x00, 0x00, 0x00, 0x00, 0x00, 0x00, 0x00, 0x00, 0x00, 0x00,
    0x00, 0x00, 0x00, 0x00, 0x00, 0x00, 0x00, 0x00, 0x00, 0x00, 0x00, 0x00, 0x00, 0x00, 0x00, 0x00,
    0x00, 0x00, 0x00, 0x00, 0x00, 0x00, 0x00, 0x00, 0x00, 0x00, 0x00, 0x00, 0x00, 0x7e, 0x00, 0x80,
    0xff, 0x01, 0xc0, 0x91, 0x03, 0xec, 0x10, 0x07, 0x6c, 0x10, 0x06, 0x60, 0x10, 0x06, 0x60, 0x10,
    0x06, 0x6c, 0x10, 0x06, 0xcc, 0x10, 0x03, 0xc0, 0xd7, 0x03, 0x00, 0xff, 0x00, 0x00, 0x00, 0x00,
    0x00, 0x00, 0x00, 0x00, 0x00, 0x00, 0x00, 0x00, 0x00, 0x00, 0x00, 0x00, 0x00, 0x00, 0x00, 0x00,
    0x00, 0x00, 0x00, 0x00, 0x00, 0x00, 0x00, 0x00, 0x00, 0x00, 0x00, 0x00, 0x00, 0x00, 0x00, 0x00,
    0x00, 0x00, 0x00, 0x00, 0x00, 0x00, 0x00, 0x00, 0x00, 0x00, 0x00, 0x00, 0x00, 0x00, 0xf8, 0x00,
    0x30, 0xfe, 0x03, 0x30, 0x22, 0x02, 0x00, 0x21, 0x04, 0x00, 0x21, 0x04, 0x30, 0x21, 0x04, 0x30,
    0x23, 0x06, 0x00, 0xae, 0x03, 0x00, 0xfc, 0x01, 0x00, 0x20, 0x00, 0x00, 0x00, 0x00, 0x00, 0x00,
    0x00, 0x00, 0x00, 0x00, 0x00, 0x00, 0x00, 0x00, 0x00, 0x00, 0x00, 0x00, 0x00, 0x00, 0x00, 0x00,
    0x00, 0x00, 0x00, 0x00, 0x00, 0x00, 0x00, 0x00, 0x00, 0x00, 0x00, 0x00, 0x00, 0x00, 0x00, 0x00,
    0x00, 0x00, 0x00, 0x00, 0x00, 0x00, 0x00, 0x00, 0x00, 0x00, 0x00, 0x00, 0x00, 0x00, 0x80, 0xc3,
    0x01, 0xc0, 0x81, 0x03, 0x6c, 0x00, 0x06, 0x6c, 0x18, 0x06, 0x60, 0x18, 0x06, 0x60, 0x18, 0x06,
    0x6c, 0x18, 0x06, 0xcc, 0x18, 0x03, 0xc0, 0xff, 0x03, 0x00, 0xff, 0x00, 0x00, 0x00, 0x00, 0x00,
    0x00, 0x00, 0x00, 0x00, 0x00, 0x00, 0x00, 0x00, 0x00, 0x00, 0x00, 0x00, 0x00, 0x00, 0x00, 0x00,
    0x00, 0x00, 0x00, 0x00, 0x00, 0x00, 0x00, 0x00, 0x00, 0x00, 0x00, 0x00, 0x00, 0x00, 0x00, 0x00,
    0x00, 0x00, 0x00, 0x00, 0x00, 0x00, 0x00, 0x00, 0x00, 0x00, 0x00, 0x00, 0x00, 0x8c, 0x01, 0x30,
    0x8e, 0x03, 0x30, 0x03, 0x06, 0x00, 0x23, 0x06, 0x00, 0x23, 0x06, 0x30, 0x23, 0x06, 0x30, 0x26,
    0x03, 0x00, 0xfc, 0x01, 0x00, 0x70, 0x00, 0x00, 0x00, 0x00, 0x00, 0x00, 0x00, 0x00, 0x00, 0x00,
    0x00, 0x00, 0x00, 0x00, 0x00, 0x00, 0x00, 0x00, 0x00, 0x00, 0x00, 0x00, 0x00, 0x00, 0x00, 0x00,
    0x00, 0x00, 0x00, 0x00, 0x00, 0x00, 0x00, 0x00, 0x00, 0x00, 0x00, 0x00, 0x00, 0x00, 0x00, 0x00,
    0x00, 0x00, 0x00, 0x00, 0x00, 0x00, 0x00, 0x60, 0x00, 0x00, 0xe0, 0x01, 0x00, 0xc4, 0x07, 0x06,
    0x04, 0x1e, 0x06, 0x04, 0xf8, 0x03, 0x04, 0xe0, 0x01, 0x04, 0x78, 0x00, 0x04, 0x1f, 0x00, 0xc4,
    0x07, 0x00, 0xe0, 0x00, 0x00, 0x20, 0x00, 0x00, 0x00, 0x00, 0x00, 0x00, 0x00, 0x00, 0x00, 0x00,
    0x00, 0x00, 0x00, 0x00, 0x00, 0x00, 0x00, 0x00, 0x00, 0x00, 0x00, 0x00, 0x00, 0x00, 0x00, 0x00,
    0x00, 0x00, 0x00, 0x00, 0x00, 0x00, 0x00, 0x00, 0x00, 0x00, 0x00, 0x00, 0x00, 0x00, 0x00, 0x00,
    0x00, 0x00, 0x00, 0x00, 0x00, 0x00, 0x01, 0x00, 0x20, 0x0f, 0x60, 0x20, 0x3e, 0x60, 0x20, 0xf0,
    0x31, 0x20, 0x80, 0x1f, 0x20, 0xc0, 0x07, 0x20, 0xf8, 0x00, 0x20, 0x1f, 0x00, 0x00, 0x03, 0x00,
    0x00, 0x00, 0x00, 0x00, 0x00, 0x00, 0x00, 0x00, 0x00, 0x00, 0x00, 0x00, 0x00, 0x00, 0x00, 0x00,
    0x00, 0x00, 0x00, 0x00, 0x00, 0x00, 0x00, 0x00, 0x00, 0x00, 0x00, 0x00, 0x00, 0x00, 0x00, 0x00,
    0x00, 0x00, 0x00, 0x00, 0x00, 0x00, 0x00, 0x00, 0x00, 0x00, 0x00, 0x00, 0x00, 0x00, 0x00, 0x00,
    0x60, 0x00, 0x00, 0xe0, 0x01, 0x00, 0xcc, 0x07, 0x06, 0x0c, 0x1e, 0x06, 0x00, 0xf8, 0x03, 0x00,
    0xe0, 0x01, 0x0c, 0x78, 0x00, 0x0c, 0x1f, 0x00, 0xc0, 0x07, 0x00, 0xe0, 0x00, 0x00, 0x20, 0x00,
    0x00, 0x00, 0x00, 0x00, 0x00, 0x00, 0x00, 0x00, 0x00, 0x00, 0x00, 0x00, 0x00, 0x00, 0x00, 0x00,
    0x00, 0x00, 0x00, 0x00, 0x00, 0x00, 0x00, 0x00, 0x00, 0x00, 0x00, 0x00, 0x00, 0x00, 0x00, 0x00,
    0x00, 0x00, 0x00, 0x00, 0x00, 0x00, 0x00, 0x00, 0x00, 0x00, 0x00, 0x00, 0x00, 0x00, 0x00, 0x01,
    0x00, 0x00, 0x0f, 0x60, 0x30, 0x3e, 0x60, 0x30, 0xf0, 0x31, 0x00, 0x80, 0x1f, 0x00, 0xc0, 0x07,
    0x30, 0xf8, 0x00, 0x30, 0x1f, 0x00, 0x00, 0x03, 0x00, 0x00, 0x00, 0x00, 0x00, 0x00, 0x00, 0x00,
    0x00, 0x00, 0x00, 0x00, 0x00, 0x00, 0x00, 0x00, 0x00, 0x00, 0x00, 0x00, 0x00, 0x00, 0x00, 0x00,
    0x00, 0x00, 0x00, 0x00, 0x00, 0x00, 0x00, 0x00, 0x00, 0x00, 0x00, 0x00, 0x00, 0x00, 0x00, 0x00,
    0x00, 0x00, 0x00, 0x00, 0x00, 0x00, 0x00, 0x00, 0x00, 0x60, 0x00, 0x00, 0xe0, 0x01, 0x00, 0xc0,
    0x07, 0x06, 0x08, 0x1e, 0x06, 0x0e, 0xf8, 0x03, 0x02, 0xe0, 0x01, 0x08, 0x78, 0x00, 0x0c, 0x1f,
    0x00, 0xc6, 0x07, 0x00, 0xe2, 0x00, 0x00, 0x20, 0x00, 0x00, 0x00, 0x00, 0x00, 0x00, 0x00, 0x00,
    0x00, 0x00, 0x00, 0x00, 0x00, 0x00, 0x00, 0x00, 0x00, 0x00, 0x00, 0x00, 0x00, 0x00, 0x00, 0x00,
    0x00, 0x00, 0x00, 0x00, 0x00, 0x00, 0x00, 0x00, 0x00, 0x00, 0x00, 0x00, 0x00, 0x00, 0x00, 0x00,
    0x00, 0x00, 0x00, 0x00, 0x00, 0x00, 0x00, 0x00, 0x01, 0x00, 0x00, 0x0f, 0x60, 0x00, 0x3e, 0x60,
    0x40, 0xf0, 0x31, 0x70, 0x80, 0x1f, 0x10, 0xc0, 0x07, 0x40, 0xf8, 0x00, 0x60, 0x1f, 0x00, 0x30,
    0x03, 0x00, 0x10, 0x00, 0x00, 0x00, 0x00, 0x00, 0x00, 0x00, 0x00, 0x00, 0x00, 0x00, 0x00, 0x00,
    0x00, 0x00, 0x00, 0x00, 0x00, 0x00, 0x00, 0x00, 0x00, 0x00, 0x00, 0x00, 0x00, 0x00, 0x00, 0x00,
    0x00, 0x00, 0x00, 0x00, 0x00, 0x00, 0x00, 0x00, 0x00, 0x00, 0x00, 0x00, 0x00, 0x00, 0x00, 0x00,
    0x00, 0x00, 0x00, 0x00, 0x00, 0xe0, 0x03, 0x00, 0xe0, 0x1f, 0x00, 0x00, 0x18, 0x00, 0x0c, 0x30,
    0x00, 0x0c, 0x30, 0x00, 0x00, 0x30, 0x00, 0x00, 0x30, 0x00, 0x0c, 0x30, 0x00, 0x0c, 0x30, 0x00,
    0xe0, 0xff, 0x07, 0xe0, 0xff, 0x07, 0x00, 0x00, 0x00, 0x00, 0x00, 0x00, 0x00, 0x00, 0x00, 0x00,
    0x00, 0x00, 0x00, 0x00, 0x00, 0x00, 0x00, 0x00, 0x00, 0x00, 0x00, 0x00, 0x00, 0x00, 0x00, 0x00,
    0x00, 0x00, 0x00, 0x00, 0x00, 0x00, 0x00, 0x00, 0x00, 0x00, 0x00, 0x00, 0x00, 0x00, 0x00, 0x00,
    0x00, 0x00, 0x00, 0x00, 0x00, 0x00, 0x00, 0x1f, 0x00, 0x30, 0x3f, 0x00, 0x30, 0x60, 0x00, 0x00,
    0x60, 0x00, 0x00, 0x60, 0x00, 0x30, 0x60, 0x00, 0x30, 0x60, 0x00, 0x00, 0xff, 0x07, 0x00, 0x00,
    0x00, 0x00, 0x00, 0x00, 0x00, 0x00, 0x00, 0x00, 0x00, 0x00, 0x00, 0x00, 0x00, 0x00, 0x00, 0x00,
    0x00, 0x00, 0x00, 0x00, 0x00, 0x00, 0x00, 0x00, 0x00, 0x00, 0x00, 0x00, 0x00, 0x00, 0x00, 0x00,
    0x00, 0x00, 0x00, 0x00, 0x00, 0x00, 0x00, 0x00, 0x00, 0x00, 0x00, 0x00, 0x00, 0x00, 0x00, 0x00,
    0x00, 0xe0, 0xff, 0x07, 0xe0, 0xff, 0x7f, 0x60, 0x00, 0x7c, 0x60, 0x00, 0x00, 0x60, 0x00, 0x00,
    0x60, 0x00, 0x00, 0x60, 0x00, 0x00, 0x60, 0x00, 0x00, 0x00, 0x00, 0x00, 0x00, 0x00, 0x00, 0x00,
    0x00, 0x00, 0x00, 0x00, 0x00, 0x00, 0x00, 0x00, 0x00, 0x00, 0x00, 0x00, 0x00, 0x00, 0x00, 0x00,
    0x00, 0x00, 0x00, 0x00, 0x00, 0x00, 0x00, 0x00, 0x00, 0x00, 0x00, 0x00, 0x00, 0x00, 0x00, 0x00,
    0x00, 0x00, 0x00, 0x00, 0x00, 0x00, 0x00, 0x00, 0x00, 0x00, 0x00, 0x00, 0x00, 0xff, 0x07, 0x00,
    0x01, 0x7c, 0x00, 0x01, 0x7c, 0x00, 0x01, 0x00, 0x00, 0x01, 0x00, 0x00, 0x01, 0x00, 0x00, 0x00,
    0x00, 0x00, 0x00, 0x00, 0x00, 0x00, 0x00, 0x00, 0x00, 0x00, 0x00, 0x00, 0x00, 0x00, 0x00, 0x00,
    0x00, 0x00, 0x00, 0x00, 0x00, 0x00, 0x00, 0x00, 0x00, 0x00, 0x00, 0x00, 0x00, 0x00, 0x00, 0x00,
    0x00, 0x00, 0x00, 0x00, 0x00, 0x00, 0x00, 0x00, 0x00, 0x00, 0x00, 0x00, 0x00, 0x00, 0x00, 0x00,
    0x00, 0xe0, 0xff, 0x07, 0xe0, 0xff, 0x07, 0x00, 0x0c, 0x06, 0x00, 0x0c, 0x06, 0x0c, 0x0c, 0x06,
    0x0c, 0x0c, 0x06, 0x00, 0x08, 0x06, 0x00, 0x18, 0x07, 0x0c, 0xf0, 0x03, 0x0c, 0xe0, 0x01, 0x00,
    0x00, 0x00, 0x00, 0x00, 0x00, 0xe0, 0xff, 0x07, 0x00, 0x00, 0x00, 0x00, 0x00, 0x00, 0x00, 0x00,
    0x00, 0x00, 0x00, 0x00, 0x00, 0x00, 0x00, 0x00, 0x00, 0x00, 0x00, 0x00, 0x00, 0x00, 0x00, 0x00,
    0x00, 0x00, 0x00, 0x00, 0x00, 0x00, 0x00, 0x00, 0x00, 0x00, 0x00, 0x00, 0x00, 0x00, 0x00, 0x00,
    0x00, 0x00, 0x00, 0x00, 0x00, 0x00, 0x00, 0x00, 0x00, 0x00, 0x00, 0x00, 0xff, 0x07, 0x00, 0x10,
    0x04, 0x00, 0x10, 0x04, 0x30, 0x10, 0x04, 0x30, 0x30, 0x06, 0x00, 0x30, 0x06, 0x00, 0xe0, 0x03,
    0x30, 0xc0, 0x01, 0x30, 0x00, 0x00, 0x00, 0x00, 0x00, 0x00, 0xff, 0x07, 0x00, 0xff, 0x07, 0x00,
    0x00, 0x00, 0x00, 0x00, 0x00, 0x00, 0x00, 0x00, 0x00, 0x00, 0x00, 0x00, 0x00, 0x00, 0x00, 0x00,
    0x00, 0x00, 0x00, 0x00, 0x00, 0x00, 0x00, 0x00, 0x00, 0x00, 0x00, 0x00, 0x00, 0x00, 0x00, 0x00,
    0x00, 0x00, 0x00, 0x00, 0x00, 0x00, 0x00, 0x00, 0x00, 0x00, 0x00, 0x00, 0x00, 0x08, 0x00, 0x00,
    0x08, 0x60, 0x00, 0x08, 0x60, 0xe0, 0xff, 0x67, 0xe0, 0xff, 0x3f, 0x60, 0x08, 0x0e, 0x60, 0x08,
    0x00, 0x60, 0x00, 0x00, 0x60, 0x00, 0x00, 0x60, 0x00, 0x00, 0x60, 0x00, 0x00, 0x00, 0x00, 0x00,
    0x00, 0x00, 0x00, 0x00, 0x00, 0x00, 0x00, 0x00, 0x00, 0x00, 0x00, 0x00, 0x00, 0x00, 0x00, 0x00,
    0x00, 0x00, 0x00, 0x00, 0x00, 0x00, 0x00, 0x00, 0x00, 0x00, 0x00, 0x00, 0x00, 0x00, 0x00, 0x00,
    0x00, 0x00, 0x00, 0x00, 0x00, 0x00, 0x00, 0x00, 0x00, 0x00, 0x00, 0x20, 0x00, 0x00, 0x20, 0x60,
    0x00, 0x20, 0x60, 0x00, 0xff, 0x67, 0x00, 0x21, 0x3e, 0x00, 0x21, 0x0e, 0x00, 0x21, 0x00, 0x00,
    0x01, 0x00, 0x00, 0x01, 0x00, 0x00, 0x00, 0x00, 0x00, 0x00, 0x00, 0x00, 0x00, 0x00, 0x00, 0x00,
    0x00, 0x00, 0x00, 0x00, 0x00, 0x00, 0x00, 0x00, 0x00, 0x00, 0x00, 0x00, 0x00, 0x00, 0x00, 0x00,
    0x00, 0x00, 0x00, 0x00, 0x00, 0x00, 0x00, 0x00, 0x00, 0x00, 0x00, 0x00, 0x00, 0x00, 0x00, 0x00,
    0x00, 0x00, 0x00, 0x00, 0x00, 0x20, 0x00, 0x04, 0xe0, 0x00, 0x07, 0xc0, 0xc1, 0x03, 0x00, 0xe7,
    0x00, 0x00, 0x7e, 0x00, 0x00, 0x3c, 0x00, 0x00, 0x7f, 0x00, 0x80, 0xc3, 0x61, 0xe0, 0x81, 0x67,
    0x60, 0x00, 0x66, 0x20, 0x00, 0x3e, 0x00, 0x00, 0x0e, 0x00, 0x00, 0x00, 0x00, 0x00, 0x00, 0x00,
    0x00, 0x00, 0x00, 0x00, 0x00, 0x00, 0x00, 0x00, 0x00, 0x00, 0x00, 0x00, 0x00, 0x00, 0x00, 0x00,
    0x00, 0x00, 0x00, 0x00, 0x00, 0x00, 0x00, 0x00, 0x00, 0x00, 0x00, 0x00, 0x00, 0x00, 0x00, 0x00,
    0x00, 0x00, 0x00, 0x00, 0x00, 0x00, 0x00, 0x00, 0x00, 0x00, 0x03, 0x06, 0x00, 0x07, 0x07, 0x00,
    0xdc, 0x01, 0x00, 0xf8, 0x00, 0x00, 0xf8, 0x00, 0x00, 0xde, 0x61, 0x00, 0x07, 0x67, 0x00, 0x01,
    0x66, 0x00, 0x00, 0x3e, 0x00, 0x00, 0x0e, 0x00, 0x00, 0x00, 0x00, 0x00, 0x00, 0x00, 0x00, 0x00,
    0x00, 0x00, 0x00, 0x00, 0x00, 0x00, 0x00, 0x00, 0x00, 0x00, 0x00, 0x00, 0x00, 0x00, 0x00, 0x00,
    0x00, 0x00, 0x00, 0x00, 0x00, 0x00, 0x00, 0x00, 0x00, 0x00, 0x00, 0x00, 0x00, 0x00, 0x00, 0x00,
    0x00, 0x00, 0x00, 0x00, 0x00, 0x00, 0x00, 0x20, 0x00, 0x04, 0xe0, 0x00, 0x07, 0xc0, 0x93, 0x03,
    0x00, 0xf7, 0x01, 0x00, 0x7e, 0x00, 0x00, 0x3c, 0x00, 0x00, 0xfe, 0x00, 0x80, 0xd7, 0x01, 0xe0,
    0x81, 0x07, 0x60, 0x00, 0x06, 0x20, 0x00, 0x04, 0x00, 0x00, 0x00, 0x00, 0x00, 0x00, 0x00, 0x00,
    0x00, 0x00, 0x00, 0x00, 0x00, 0x00, 0x00, 0x00, 0x00, 0x00, 0x00, 0x00, 0x00, 0x00, 0x00, 0x00,
    0x00, 0x00, 0x00, 0x00, 0x00, 0x00, 0x00, 0x00, 0x00, 0x00, 0x00, 0x00, 0x00, 0x00, 0x00, 0x00,
    0x00, 0x00, 0x00, 0x00, 0x00, 0x00, 0x00, 0x00, 0x00, 0x03, 0x06, 0x00, 0x27, 0x07, 0x00, 0xfc,
    0x01, 0x00, 0xf8, 0x00, 0x00, 0xf8, 0x00, 0x00, 0xee, 0x01, 0x00, 0x27, 0x07, 0x00, 0x01, 0x06,
    0x00, 0x00, 0x00, 0x00, 0x00, 0x00, 0x00, 0x00, 0x00, 0x00, 0x00, 0x00, 0x00, 0x00, 0x00, 0x00,
    0x00, 0x00, 0x00, 0x00, 0x00, 0x00, 0x00, 0x00, 0x00, 0x00, 0x00, 0x00, 0x00, 0x00, 0x00, 0x00,
    0x00, 0x00, 0x00, 0x00, 0x00, 0x00, 0x00, 0x00, 0x00, 0x00, 0x00, 0x00, 0x00, 0x00, 0x00, 0x00,
    0x00, 0xe0, 0x01, 0x00, 0xf0, 0x03, 0x00, 0x18, 0x06, 0x00, 0x18, 0x06, 0x00, 0x18, 0x06, 0x00,
    0x18, 0x06, 0x00, 0x18, 0x06, 0x00, 0x18, 0x06, 0xe0, 0xff, 0x07, 0xe0, 0xff, 0x07, 0x00, 0x00,
    0x00, 0x00, 0x00, 0x00, 0x00, 0x00, 0x00, 0x00, 0x00, 0x00, 0x00, 0x00, 0x00, 0x00, 0x00, 0x00,
    0x00, 0x00, 0x00, 0x00, 0x00, 0x00, 0x00, 0x00, 0x00, 0x00, 0x00, 0x00, 0x00, 0x00, 0x00, 0x00,
    0x00, 0x00, 0x00, 0x00, 0x00, 0x00, 0x00, 0x00, 0x00, 0x00, 0x00, 0x00, 0x00, 0x00, 0x00, 0xfc,
    0x00, 0x00, 0xfe, 0x03, 0x00, 0x07, 0x07, 0x00, 0x03, 0x06, 0x00, 0x03, 0x06, 0x00, 0x03, 0x06,
    0x00, 0x02, 0x02, 0xf0, 0xff, 0x07, 0xf0, 0xff, 0x07, 0x00, 0x00, 0x00, 0x00, 0x00, 0x00, 0x00,
    0x00, 0x00, 0x00, 0x00, 0x00, 0x00, 0x00, 0x00, 0x00, 0x00, 0x00, 0x00, 0x00, 0x00, 0x00, 0x00,
    0x00, 0x00, 0x00, 0x00, 0x00, 0x00, 0x00, 0x00, 0x00, 0x00, 0x00, 0x00, 0x00, 0x00, 0x00, 0x00,
    0x00, 0x00, 0x00, 0x00, 0x00, 0x00, 0x00, 0x00, 0x00, 0x00, 0xe0, 0x01, 0x00, 0xf0, 0x03, 0x00,
    0x18, 0x06, 0x00, 0x18, 0x06, 0x00, 0x18, 0x06, 0x00, 0x18, 0x06, 0x00, 0x18, 0x06, 0x00, 0x18,
    0x06, 0xe0, 0xff, 0x07, 0xe0, 0xff, 0x07, 0x00, 0x00, 0x06, 0x00, 0x00, 0x06, 0x00, 0x00, 0x06,
    0x00, 0xf0, 0x03, 0x00, 0xf0, 0x01, 0x00, 0x00, 0x00, 0x00, 0x00, 0x00, 0x00, 0x00, 0x00, 0x00,
    0x00, 0x00, 0x00, 0x00, 0x00, 0x00, 0x00, 0x00, 0x00, 0x00, 0x00, 0x00, 0x00, 0x00, 0x00, 0x00,
    0x00, 0x00, 0x00, 0x00, 0x00, 0x00, 0x00, 0x00, 0x00, 0x00, 0x00, 0x00, 0x00, 0x00, 0x00, 0x00,
    0x00, 0x00, 0x00, 0x00, 0x00, 0x00, 0x00, 0xf8, 0x01, 0x00, 0xfe, 0x03, 0x00, 0x07, 0x06, 0x00,
    0x03, 0x06, 0x00, 0x03, 0x06, 0x00, 0x03, 0x06, 0x00, 0x02, 0x02, 0xf0, 0xff, 0x03, 0xf0, 0xff,
    0x07, 0x00, 0x00, 0x06, 0x00, 0x00, 0x04, 0x00, 0x00, 0x06, 0x00, 0x00, 0x07, 0x00, 0xfc, 0x03,
    0x00, 0xfc, 0x01, 0x00, 0x00, 0x00, 0x00, 0x00, 0x00, 0x00, 0x00, 0x00, 0x00, 0x00, 0x00, 0x00,
    0x00, 0x00, 0x00, 0x00, 0x00, 0x00, 0x00, 0x00, 0x00, 0x00, 0x00, 0x00, 0x00, 0x00, 0x00, 0x00,
    0x00, 0x00, 0x00, 0x00, 0x00, 0x00, 0x00, 0x00, 0x00, 0x00, 0x00, 0x00, 0x00, 0x00, 0x00, 0x00,
    0x00, 0x00, 0x00, 0x60, 0x00, 0x00, 0x60, 0x18, 0x00, 0x60, 0x18, 0x00, 0x60, 0x18, 0x00, 0x60,
    0x18, 0x00, 0x60, 0x38, 0x00, 0xc0, 0xef, 0x03, 0x80, 0xc7, 0x07, 0x00, 0x00, 0x06, 0x00, 0x00,
    0x06, 0x00, 0x00, 0x06, 0x00, 0x8c, 0x03, 0x00, 0xfc, 0x01, 0x00, 0x60, 0x00, 0x00, 0x00, 0x00,
    0x00, 0x00, 0x00, 0x00, 0x00, 0x00, 0x00, 0x00, 0x00, 0x00, 0x00, 0x00, 0x00, 0x00, 0x00, 0x00,
    0x00, 0x00, 0x00, 0x00, 0x00, 0x00, 0x00, 0x00, 0x00, 0x00, 0x00, 0x00, 0x00, 0x00, 0x00, 0x00,
    0x00, 0x00, 0x00, 0x00, 0x00, 0x00, 0x00, 0x00, 0x00, 0x00, 0x00, 0x00, 0x00, 0x00, 0x21, 0x00,
    0x00, 0x21, 0x00, 0x00, 0x21, 0x00, 0x00, 0x33, 0x00, 0x00, 0xff, 0x01, 0x00, 0xde, 0x07, 0x00,
    0x00, 0x06, 0x00, 0x00, 0x06, 0x00, 0x00, 0x06, 0x00, 0xf0, 0x03, 0x00, 0xf0, 0x01, 0x00, 0x00,
    0x00, 0x00, 0x00, 0x00, 0x00, 0x00, 0x00, 0x00, 0x00, 0x00, 0x00, 0x00, 0x00, 0x00, 0x00, 0x00,
    0x00, 0x00, 0x00, 0x00, 0x00, 0x00, 0x00, 0x00, 0x00, 0x00, 0x00, 0x00, 0x00, 0x00, 0x00, 0x00,
    0x00, 0x00, 0x00, 0x00, 0x00, 0x00, 0x00, 0x00, 0x00, 0x00, 0x00, 0x00, 0x00, 0x00, 0x20, 0x00,
    0x00, 0x20, 0x08, 0x00, 0x20, 0x08, 0x00, 0x60, 0x18, 0x00, 0x60, 0x18, 0x00, 0xc0, 0xff, 0x03,
    0xc0, 0xe7, 0x27, 0x00, 0x00, 0x3e, 0x00, 0x00, 0x0e, 0x00, 0x00, 0x00, 0x00, 0x00, 0x00, 0x00,
    0x00, 0x00, 0x00, 0x00, 0x00, 0x00, 0x00, 0x00, 0x00, 0x00, 0x00, 0x00, 0x00, 0x00, 0x00, 0x00,
    0x00, 0x00, 0x00, 0x00, 0x00, 0x00, 0x00, 0x00, 0x00, 0x00, 0x00, 0x00, 0x00, 0x00, 0x00, 0x00,
    0x00, 0x00, 0x00, 0x00, 0x00, 0x00, 0x00, 0x00, 0x00, 0x00, 0x01, 0x00, 0x00, 0x41, 0x00, 0x00,
    0x41, 0x00, 0x00, 0x41, 0x00, 0x00, 0x63, 0x00, 0x00, 0xfe, 0x07, 0x00, 0x9e, 0x37, 0x00, 0x00,
    0x1e, 0x00, 0x00, 0x06, 0x00, 0x00, 0x00, 0x00, 0x00, 0x00, 0x00, 0x00, 0x00, 0x00, 0x00, 0x00,
    0x00, 0x00, 0x00, 0x00, 0x00, 0x00, 0x00, 0x00, 0x00, 0x00, 0x00, 0x00, 0x00, 0x00, 0x00, 0x00,
    0x00, 0x00, 0x00, 0x00, 0x00, 0x00, 0x00, 0x00, 0x00, 0x00, 0x00, 0x00, 0x00, 0x00, 0x00, 0x00,
    0x00, 0x00, 0x00, 0x00, 0x00, 0x00, 0x06, 0x00, 0x00, 0x06, 0x00, 0xe0, 0x03, 0xe0, 0xff, 0x01,
    0xe0, 0x03, 0x00, 0x60, 0x00, 0x00, 0x60, 0x00, 0x00, 0x60, 0x00, 0x00, 0x60, 0x00, 0x00, 0xe0,
    0xff, 0x01, 0xe0, 0xff, 0x03, 0x00, 0x00, 0x06, 0x00, 0x00, 0x06, 0x00, 0x00, 0x06, 0x00, 0x00,
    0x06, 0x00, 0x8c, 0x03, 0x00, 0xfc, 0x01, 0x00, 0x70, 0x00, 0x00, 0x00, 0x00, 0x00, 0x00, 0x00,
    0x00, 0x00, 0x00, 0x00, 0x00, 0x00, 0x00, 0x00, 0x00, 0x00, 0x00, 0x00, 0x00, 0x00, 0x00, 0x00,
    0x00, 0x00, 0x00, 0x00, 0x00, 0x00, 0x00, 0x00, 0x00, 0x00, 0x00, 0x00, 0x00, 0x00, 0x00, 0x00,
    0x00, 0x00, 0x00, 0x00, 0x00, 0x00, 0x00, 0x00, 0x00, 0x00, 0x00, 0x00, 0x06, 0x00, 0x00, 0x07,
    0x00, 0xff, 0x03, 0x00, 0x7f, 0x00, 0x00, 0x01, 0x00, 0x00, 0x01, 0x00, 0x00, 0x01, 0x00, 0x00,
    0xff, 0x03, 0x00, 0xff, 0x07, 0x00, 0x00, 0x06, 0x00, 0x00, 0x04, 0x00, 0x00, 0x06, 0x00, 0x04,
    0x03, 0x00, 0xfc, 0x01, 0x00, 0x60, 0x00, 0x00, 0x00, 0x00, 0x00, 0x00, 0x00, 0x00, 0x00, 0x00,
    0x00, 0x00, 0x00, 0x00, 0x00, 0x00, 0x00, 0x00, 0x00, 0x00, 0x00, 0x00, 0x00, 0x00, 0x00, 0x00,
    0x00, 0x00, 0x00, 0x00, 0x00, 0x00, 0x00, 0x00, 0x00, 0x00, 0x00, 0x00, 0x00, 0x00, 0x00, 0x00,
    0x00, 0x00, 0x00, 0x00, 0x00, 0x00, 0x00, 0x00, 0x00, 0x00, 0xe0, 0xff, 0x07, 0xe0, 0xff, 0x07,
    0x00, 0x18, 0x00, 0x00, 0x18, 0x00, 0x00, 0x18, 0x00, 0x00, 0x18, 0x00, 0x00, 0x18, 0x00, 0x00,
    0x18, 0x00, 0xe0, 0xff, 0x00, 0xe0, 0xff, 0x03, 0x00, 0x00, 0x06, 0x00, 0x00, 0x06, 0x00, 0x00,
    0x06, 0x00, 0x00, 0x06, 0x00, 0x8c, 0x03, 0x00, 0xfc, 0x01, 0x00, 0x70, 0x00, 0x00, 0x00, 0x00,
    0x00, 0x00, 0x00, 0x00, 0x00, 0x00, 0x00, 0x00, 0x00, 0x00, 0x00, 0x00, 0x00, 0x00, 0x00, 0x00,
    0x00, 0x00, 0x00, 0x00, 0x00, 0x00, 0x00, 0x00, 0x00, 0x00, 0x00, 0x00, 0x00, 0x00, 0x00, 0x00,
    0x00, 0x00, 0x00, 0x00, 0x00, 0x00, 0x00, 0x00, 0x00, 0x00, 0x00, 0x00, 0x00, 0x00, 0xff, 0x07,
    0x00, 0xff, 0x07, 0x00, 0x20, 0x00, 0x00, 0x20, 0x00, 0x00, 0x20, 0x00, 0x00, 0x20, 0x00, 0x00,
    0x20, 0x00, 0x00, 0xff, 0x01, 0x00, 0xff, 0x03, 0x00, 0x00, 0x06, 0x00, 0x00, 0x04, 0x00, 0x00,
    0x06, 0x00, 0x04, 0x07, 0x00, 0xfc, 0x03, 0x00, 0xf0, 0x00, 0x00, 0x00, 0x00, 0x00, 0x00, 0x00,
    0x00, 0x00, 0x00, 0x00, 0x00, 0x00, 0x00, 0x00, 0x00, 0x00, 0x00, 0x00, 0x00, 0x00, 0x00, 0x00,
    0x00, 0x00, 0x00, 0x00, 0x00, 0x00, 0x00, 0x00, 0x00, 0x00, 0x00, 0x00, 0x00, 0x00, 0x00, 0x00,
    0x00, 0x00, 0x00, 0x00, 0x00, 0x00, 0x00, 0x00, 0x00, 0x00, 0x00, 0x7e, 0x00, 0x80, 0xff, 0x01,
    0xc0, 0x81, 0x03, 0x60, 0x00, 0x06, 0x60, 0x00, 0x06, 0x60, 0x00, 0x06, 0x60, 0x00, 0x06, 0x60,
    0x00, 0x06, 0x60, 0x08, 0x03, 0x00, 0xf8, 0x03, 0x00, 0x60, 0x00, 0x00, 0x00, 0x00, 0x00, 0x00,
    0x00, 0x00, 0x00, 0x00, 0x00, 0x00, 0x00, 0x00, 0x00, 0x00, 0x00, 0x00, 0x00, 0x00, 0x00, 0x00,
    0x00, 0x00, 0x00, 0x00, 0x00, 0x00, 0x00, 0x00, 0x00, 0x00, 0x00, 0x00, 0x00, 0x00, 0x00, 0x00,
    0x00, 0x00, 0x00, 0x00, 0x00, 0x00, 0x00, 0x00, 0x00, 0x00, 0x00, 0x00, 0xf8, 0x00, 0x00, 0xfe,
    0x03, 0x00, 0x07, 0x03, 0x00, 0x03, 0x06, 0x00, 0x01, 0x04, 0x00, 0x03, 0x06, 0x00, 0x03, 0x06,
    0x00, 0xc0, 0x03, 0x00, 0x00, 0x00, 0x00, 0x00, 0x00, 0x00, 0x00, 0x00, 0x00, 0x00, 0x00, 0x00,
    0x00, 0x00, 0x00, 0x00, 0x00, 0x00, 0x00, 0x00, 0x00, 0x00, 0x00, 0x00, 0x00, 0x00, 0x00, 0x00,
    0x00, 0x00, 0x00, 0x00, 0x00, 0x00, 0x00, 0x00, 0x00, 0x00, 0x00, 0x00, 0x00, 0x00, 0x00, 0x00,
    0x60, 0x00, 0x00, 0x60, 0x00, 0x00, 0x60, 0x00, 0x00, 0x60, 0x00, 0x00, 0x60, 0x00, 0x00, 0xe0,
    0xff, 0x03, 0xe0, 0xff, 0x07, 0x60, 0x00, 0x06, 0x60, 0x00, 0x06, 0x60, 0x00, 0x06, 0x60, 0x00,
    0x06, 0x60, 0xfc, 0x03, 0x00, 0xfc, 0x01, 0x00, 0x00, 0x00, 0x00, 0x00, 0x00, 0x00, 0x00, 0x00,
    0x00, 0x00, 0x00, 0x00, 0x00, 0x00, 0x00, 0x00, 0x00, 0x00, 0x00, 0x00, 0x00, 0x00, 0x00, 0x00,
    0x00, 0x00, 0x00, 0x00, 0x00, 0x00, 0x00, 0x00, 0x00, 0x00, 0x00, 0x00, 0x00, 0x00, 0x00, 0x00,
    0x00, 0x00, 0x00, 0x00, 0x00, 0x00, 0x00, 0x00, 0x01, 0x00, 0x00, 0x01, 0x00, 0x00, 0x01, 0x00,
    0x00, 0xff, 0x01, 0x00, 0xff, 0x03, 0x00, 0x01, 0x06, 0x00, 0x01, 0x04, 0x00, 0x01, 0x06, 0x00,
    0x01, 0x07, 0x00, 0xf8, 0x03, 0x00, 0xf0, 0x00, 0x00, 0x00, 0x00, 0x00, 0x00, 0x00, 0x00, 0x00,
    0x00, 0x00, 0x00, 0x00, 0x00, 0x00, 0x00, 0x00, 0x00, 0x00, 0x00, 0x00, 0x00, 0x00, 0x00, 0x00,
    0x00, 0x00, 0x00, 0x00, 0x00, 0x00, 0x00, 0x00, 0x00, 0x00, 0x00, 0x00, 0x00, 0x00, 0x00, 0x00,
    0x00, 0x00, 0x00, 0x00, 0x00, 0x00, 0x00, 0x00, 0x00, 0x80, 0x00, 0x80, 0xe7, 0x03, 0xc0, 0x3f,
    0x03, 0x60, 0x18, 0x06, 0x60, 0x18, 0x06, 0x60, 0x18, 0x06, 0x60, 0x18, 0x06, 0x60, 0x18, 0x06,
    0x60, 0x00, 0x06, 0xc0, 0x01, 0x03, 0x80, 0x81, 0x01, 0x00, 0x00, 0x00, 0x00, 0x00, 0x00, 0x00,
    0x00, 0x00, 0x00, 0x00, 0x00, 0x00, 0x00, 0x00, 0x00, 0x00, 0x00, 0x00, 0x00, 0x00, 0x00, 0x00,
    0x00, 0x00, 0x00, 0x00, 0x00, 0x00, 0x00, 0x00, 0x00, 0x00, 0x00, 0x00, 0x00, 0x00, 0x00, 0x00,
    0x00, 0x00, 0x00, 0x00, 0x00, 0x00, 0x00, 0x00, 0x00, 0x00, 0xcc, 0x01, 0x00, 0xfe, 0x03, 0x00,
    0x33, 0x06, 0x00, 0x23, 0x06, 0x00, 0x21, 0x04, 0x00, 0x23, 0x06, 0x00, 0x03, 0x06, 0x00, 0x06,
    0x03, 0x00, 0x04, 0x01, 0x00, 0x00, 0x00, 0x00, 0x00, 0x00, 0x00, 0x00, 0x00, 0x00, 0x00, 0x00,
    0x00, 0x00, 0x00, 0x00, 0x00, 0x00, 0x00, 0x00, 0x00, 0x00, 0x00, 0x00, 0x00, 0x00, 0x00, 0x00,
    0x00, 0x00, 0x00, 0x00, 0x00, 0x00, 0x00, 0x00, 0x00, 0x00, 0x00, 0x00, 0x00, 0x00, 0x00, 0x00,
    0x00, 0x00, 0x00, 0x06, 0x00, 0x00, 0x06, 0x00, 0x00, 0x06, 0x00, 0xff, 0x03, 0xe0, 0xff, 0x01,
    0x60, 0x00, 0x00, 0x60, 0x00, 0x00, 0x60, 0x00, 0x00, 0x60, 0x00, 0x00, 0x60, 0x00, 0x00, 0x60,
    0x00, 0x60, 0xe0, 0xff, 0x67, 0x00, 0x00, 0x60, 0x00, 0x00, 0x3e, 0x00, 0x00, 0x0e, 0x00, 0x00,
    0x00, 0x00, 0x00, 0x00, 0x00, 0x00, 0x00, 0x00, 0x00, 0x00, 0x00, 0x00, 0x00, 0x00, 0x00, 0x00,
    0x00, 0x00, 0x00, 0x00, 0x00, 0x00, 0x00, 0x00, 0x00, 0x00, 0x00, 0x00, 0x00, 0x00, 0x00, 0x00,
    0x00, 0x00, 0x00, 0x00, 0x00, 0x00, 0x00, 0x00, 0x00, 0x00, 0x00, 0x00, 0x00, 0x06, 0x00, 0x00,
    0x06, 0x00, 0x80, 0x07, 0x00, 0xff, 0x03, 0x00, 0x0f, 0x00, 0x00, 0x01, 0x00, 0x00, 0x01, 0x00,
    0x00, 0x01, 0x60, 0x00, 0xff, 0x67, 0x00, 0xff, 0x67, 0x00, 0x00, 0x3e, 0x00, 0x00, 0x0e,
};

static const uint16_t mf_bwfont_Roboto_Regular20bw_glyph_offsets_12[277] PROGMEM = {
    0x0000, 0x001a, 0x0034, 0x0051, 0x006a, 0x0085, 0x009f, 0x00b2,
    0x00c7, 0x00e0, 0x0104, 0x0128, 0x0146, 0x0161, 0x017d, 0x0198,
    0x01b4, 0x01d0, 0x01eb, 0x0205, 0x021e, 0x023b, 0x0255, 0x0276,
    0x0290, 0x02ac, 0x02c8, 0x02e3, 0x02fe, 0x031d, 0x0339, 0x0355,
    0x0371, 0x038c, 0x03a7, 0x03c1, 0x03dc, 0x03fa, 0x0415, 0x0432,
    0x044d, 0x046d, 0x048f, 0x04ac, 0x04ca, 0x04e5, 0x0500, 0x0520,
    0x053a, 0x0553, 0x056c, 0x0585, 0x059c, 0x05b6, 0x05cf, 0x05ed,
    0x0605, 0x061e, 0x0637, 0x0650, 0x0669, 0x0685, 0x069e, 0x06b8,
    0x06d1, 0x06ea, 0x0703, 0x071b, 0x0733, 0x0750, 0x0768, 0x0782,
    0x079a, 0x07b8, 0x07d7, 0x07f2, 0x080f, 0x0828, 0x0841, 0x085f,
    0x0877, 0x0890, 0x08a9, 0x08c2, 0x08d9, 0x08f2, 0x090a, 0x091c,
    0x0930, 0x0942, 0x0961, 0x0981, 0x099a, 0x09b3, 0x09cc, 0x09e4,
    0x09fd, 0x0a1c, 0x0a39, 0x0a54, 0x0a6d, 0x0a8d, 0x0aaa, 0x0ac5,
    0x0ade, 0x0afe, 0x0b1c, 0x0b3b, 0x0b57, 0x0b7b, 0x0b9c, 0x0bb4,
    0x0bcc, 0x0be8, 0x0c04, 0x0c1f, 0x0c39, 0x0c54, 0x0c6d, 0x0c88,
    0x0ca1, 0x0cc7, 0x0cea, 0x0d05, 0x0d1f, 0x0d3e, 0x0d5b, 0x0d7a,
    0x0d97, 0x0db2, 0x0dcb, 0x0de5, 0x0df2, 0x0dff, 0x0e0a, 0x0e15,
    0x0e15, 0x0e28, 0x0e3b, 0x0e58, 0x0e73, 0x0e8e, 0x0ea7, 0x0ec2,
    0x0edb, 0x0ef4, 0x0f0b, 0x0f24, 0x0f3b, 0x0f55, 0x0f6d, 0x0f8f,
    0x0fae, 0x0fc8, 0x0fe0, 0x0ffc, 0x1016, 0x1031, 0x104b, 0x1067,
    0x1080, 0x109f, 0x10bb, 0x10d8, 0x10f3, 0x1115, 0x1132, 0x1154,
    0x1174, 0x1191, 0x11ac, 0x11c7, 0x11e0, 0x11fa, 0x1212, 0x122d,
    0x1246, 0x1261, 0x127a, 0x1296, 0x12af, 0x12ce, 0x12ea, 0x1307,
    0x1321, 0x133c, 0x1355, 0x1370, 0x1389, 0x13a6, 0x13c0, 0x13dd,
    0x13f7, 0x140a, 0x142b, 0x1449, 0x1464, 0x147d, 0x149a, 0x14b5,
    0x14d0, 0x14e9, 0x1506, 0x1521, 0x153c, 0x1554, 0x1574, 0x1592,
    0x15a5, 0x15c1, 0x15da, 0x15f6, 0x160f, 0x1630, 0x164f, 0x1669,
    0x1682, 0x169e, 0x16b7, 0x16d3, 0x16ec, 0x170d, 0x172b, 0x1745,
    0x175d, 0x1776, 0x178f, 0x17ab, 0x17c4, 0x17e0, 0x17f9, 0x1815,
    0x182f, 0x184a, 0x1864, 0x187f, 0x1899, 0x18b4, 0x18cd, 0x18e8,
    0x1900, 0x191b, 0x1933, 0x194e, 0x1967, 0x1982, 0x199a, 0x19b3,
    0x19ca, 0x19e8, 0x1a05, 0x1a1f, 0x1a37, 0x1a53, 0x1a6d, 0x1a88,
    0x1aa0, 0x1aba, 0x1ad3, 0x1af2, 0x1b11, 0x1b2f, 0x1b4a, 0x1b63,
    0x1b7c, 0x1b9e, 0x1bbd, 0x1bdf, 0x1bfe, 0x1c19, 0x1c31, 0x1c4d,
    0x1c68, 0x1c83, 0x1c9c, 0x1cba, 0x1cd5,
};

static const uint8_t mf_bwfont_Roboto_Regular20bw_glyph_widths_12[276] PROGMEM = {
    0x0b, 0x0b, 0x0f, 0x0b, 0x0d, 0x0c, 0x05, 0x05, 0x0b, 0x15, 0x16, 0x10, 0x0d, 0x0e, 0x0d, 0x0e,
    0x0d, 0x0d, 0x0c, 0x0b, 0x0f, 0x0b, 0x12, 0x0c, 0x0e, 0x0e, 0x0d, 0x0e, 0x11, 0x0e, 0x0e, 0x0e,
    0x0d, 0x0d, 0x0c, 0x0d, 0x0f, 0x0d, 0x0f, 0x0e, 0x13, 0x13, 0x0f, 0x11, 0x0d, 0x0d, 0x12, 0x0d,
    0x0b, 0x0b, 0x0b, 0x08, 0x0c, 0x0b, 0x0f, 0x0a, 0x0c, 0x0c, 0x0b, 0x0c, 0x0f, 0x0c, 0x0b, 0x0c,
    0x0b, 0x0a, 0x0a, 0x09, 0x0f, 0x0a, 0x0c, 0x0b, 0x10, 0x11, 0x0c, 0x10, 0x0b, 0x0b, 0x10, 0x0b,
    0x0b, 0x0b, 0x0b, 0x08, 0x0b, 0x0a, 0x05, 0x05, 0x05, 0x11, 0x11, 0x0b, 0x0b, 0x0c, 0x09, 0x0c,
    0x12, 0x0f, 0x0d, 0x0b, 0x12, 0x0f, 0x0c, 0x0b, 0x12, 0x0f, 0x11, 0x0f, 0x17, 0x14, 0x0a, 0x0a,
    0x0e, 0x0e, 0x0e, 0x0b, 0x0d, 0x0a, 0x0d, 0x0a, 0x17, 0x15, 0x0e, 0x0b, 0x12, 0x0f, 0x12, 0x0f,
    0x0d, 0x0b, 0x0c, 0x00, 0x00, 0x00, 0x00, 0x00, 0x00, 0x00, 0x0f, 0x0c, 0x0d, 0x0b, 0x0d, 0x0b,
    0x0b, 0x09, 0x0b, 0x08, 0x0c, 0x0a, 0x13, 0x10, 0x0c, 0x0a, 0x0e, 0x0c, 0x0d, 0x0b, 0x0d, 0x0a,
    0x10, 0x0e, 0x0f, 0x0c, 0x14, 0x0e, 0x14, 0x11, 0x0f, 0x0c, 0x0d, 0x0a, 0x0c, 0x0a, 0x0c, 0x0a,
    0x0c, 0x0a, 0x0d, 0x0a, 0x12, 0x0d, 0x0e, 0x0b, 0x0e, 0x0b, 0x0e, 0x0b, 0x0f, 0x0c, 0x0f, 0x0c,
    0x05, 0x12, 0x0f, 0x0d, 0x0b, 0x0f, 0x0c, 0x0e, 0x0b, 0x0f, 0x0c, 0x0e, 0x0b, 0x12, 0x10, 0x05,
    0x0d, 0x0b, 0x0d, 0x0b, 0x13, 0x11, 0x0b, 0x0b, 0x0e, 0x0b, 0x0e, 0x0b, 0x12, 0x0f, 0x0c, 0x0a,
    0x0c, 0x0c, 0x0e, 0x0c, 0x0e, 0x0c, 0x0e, 0x0b, 0x0e, 0x0b, 0x0e, 0x0b, 0x0d, 0x0b, 0x0d, 0x09,
    0x0d, 0x09, 0x0d, 0x09, 0x0e, 0x0b, 0x0b, 0x08, 0x11, 0x10, 0x0c, 0x09, 0x0d, 0x0b, 0x0d, 0x0a,
    0x0c, 0x0b, 0x10, 0x11, 0x10, 0x0d, 0x0b, 0x0a, 0x13, 0x10, 0x14, 0x11, 0x0c, 0x0a, 0x0e, 0x0d,
    0x0d, 0x0b, 0x0f, 0x0c,
};

static const uint8_t mf_bwfont_Roboto_Regular20bw_glyph_data_13[69] PROGMEM = {
    0x00, 0x20, 0x00, 0x00, 0x38, 0x00, 0x00, 0x1f, 0x00, 0xc0, 0x03, 0x00, 0xf8, 0x03, 0x00, 0x1e,
    0x03, 0x01, 0x03, 0x83, 0x02, 0x1f, 0x83, 0x02, 0xf8, 0x03, 0x01, 0xc0, 0x03, 0x00, 0x00, 0x1f,
    0x00, 0x00, 0x38, 0x00, 0x00, 0x20, 0x00, 0x00, 0x00, 0x00, 0x20, 0x0e, 0x00, 0x30, 0x1f, 0x00,
    0x98, 0x31, 0x01, 0x98, 0xb0, 0x02, 0x88, 0xb0, 0x02, 0x98, 0x30, 0x01, 0xb8, 0x18, 0x00, 0xf0,
    0x3f, 0x00, 0x00, 0x20, 0x00,
};

static const uint16_t mf_bwfont_Roboto_Regular20bw_glyph_offsets_13[3] PROGMEM = {
    0x0000, 0x000d, 0x0017,
};

static const uint8_t mf_bwfont_Roboto_Regular20bw_glyph_widths_13[2] PROGMEM = {
    0x0d, 0x0b,
};

static const uint8_t mf_bwfont_Roboto_Regular20bw_glyph_data_14[90] PROGMEM = {
    0x00, 0x00, 0x00, 0xf0, 0xff, 0x03, 0x70, 0xf0, 0x03, 0xe0, 0x01, 0x00, 0x80, 0x0f, 0x00, 0x00,
    0x3c, 0x00, 0x00, 0xf0, 0x01, 0x00, 0x80, 0x03, 0x06, 0xc0, 0x03, 0x03, 0x78, 0x00, 0x01, 0x1e,
    0x00, 0xc0, 0x07, 0x00, 0xf0, 0x00, 0x00, 0xf0, 0xff, 0x03, 0xf0, 0xff, 0x03, 0x80, 0xff, 0x03,
    0x80, 0xff, 0x03, 0x00, 0x01, 0x00, 0x80, 0x01, 0x00, 0x80, 0x01, 0x00, 0x80, 0x01, 0x00, 0x80,
    0x01, 0x00, 0x00, 0xff, 0x03, 0x18, 0xff, 0x03, 0x0c, 0x01, 0x00, 0x84, 0x01, 0x00, 0x80, 0x01,
    0x00, 0x80, 0x01, 0x00, 0x80, 0xff, 0x03, 0x00, 0xff, 0x03,
};

static const uint16_t mf_bwfont_Roboto_Regular20bw_glyph_offsets_14[3] PROGMEM = {
    0x0000, 0x000f, 0x001e,
};

static const uint8_t mf_bwfont_Roboto_Regular20bw_glyph_widths_14[2] PROGMEM = {
    0x11, 0x12,
};

static const uint8_t mf_bwfont_Roboto_Regular20bw_glyph_data_15[261] PROGMEM = {
    0xf0, 0x00, 0x00, 0xf0, 0x0f, 0x00, 0x00, 0xff, 0x00, 0x00, 0xe0, 0x03, 0x00, 0xe0, 0x03, 0x01,
    0x7c, 0x00, 0xc3, 0x0f, 0x00, 0xf6, 0x01, 0x00, 0xf0, 0x01, 0x00, 0x80, 0x0f, 0x00, 0x00, 0xfc,
    0x00, 0x00, 0xc0, 0x03, 0x00, 0xf0, 0x03, 0x00, 0x7f, 0x00, 0xf0, 0x07, 0x00, 0x70, 0x00, 0x00,
    0x80, 0x07, 0x00, 0x00, 0x3f, 0x00, 0x00, 0xf0, 0x03, 0x00, 0x80, 0x03, 0x04, 0xf8, 0x00, 0x0c,
    0x1f, 0x00, 0x98, 0x03, 0x00, 0x00, 0x1f, 0x00, 0x00, 0xf8, 0x00, 0x00, 0x80, 0x03, 0x00, 0xf0,
    0x03, 0x00, 0x3f, 0x00, 0x80, 0x07, 0x00, 0xf0, 0x00, 0x00, 0xf0, 0x0f, 0x00, 0x00, 0xff, 0x00,
    0x00, 0xe0, 0x03, 0x00, 0xe0, 0x03, 0x00, 0x7c, 0x00, 0xc0, 0x0f, 0x00, 0xf0, 0x01, 0x00, 0xf6,
    0x01, 0x00, 0x83, 0x0f, 0x00, 0x01, 0xfc, 0x00, 0x00, 0xc0, 0x03, 0x00, 0xf0, 0x03, 0x00, 0x7f,
    0x00, 0xf0, 0x07, 0x00, 0x70, 0x00, 0x00, 0x80, 0x07, 0x00, 0x00, 0x3f, 0x00, 0x00, 0xf0, 0x03,
    0x00, 0x80, 0x03, 0x00, 0xf8, 0x00, 0x00, 0x1f, 0x00, 0x98, 0x03, 0x00, 0x0c, 0x1f, 0x00, 0x04,
    0xf8, 0x00, 0x00, 0x80, 0x03, 0x00, 0xf0, 0x03, 0x00, 0x3f, 0x00, 0x80, 0x07, 0x00, 0xf0, 0x00,
    0x00, 0xf0, 0x0f, 0x00, 0x00, 0xff, 0x00, 0x00, 0xe0, 0x03, 0x00, 0xe0, 0x03, 0x06, 0x7c, 0x00,
    0xc6, 0x0f, 0x00, 0xf0, 0x01, 0x00, 0xf0, 0x01, 0x00, 0x86, 0x0f, 0x00, 0x06, 0xfc, 0x00, 0x00,
    0xc0, 0x03, 0x00, 0xf0, 0x03, 0x00, 0x7f, 0x00, 0xf0, 0x07, 0x00, 0x70, 0x00, 0x00, 0x80, 0x07,
    0x00, 0x00, 0x3f, 0x00, 0x00, 0xf0, 0x03, 0x18, 0x80, 0x03, 0x18, 0xf8, 0x00, 0x00, 0x1f, 0x00,
    0x80, 0x03, 0x00, 0x18, 0x1f, 0x00, 0x18, 0xf8, 0x00, 0x00, 0x80, 0x03, 0x00, 0xf0, 0x03, 0x00,
    0x3f, 0x00, 0x80, 0x07, 0x00,
};

static const uint16_t mf_bwfont_Roboto_Regular20bw_glyph_offsets_15[7] PROGMEM = {
    0x0000, 0x0010, 0x001d, 0x002d, 0x003a, 0x004a, 0x0057,
};

static const uint8_t mf_bwfont_Roboto_Regular20bw_glyph_widths_15[6] PROGMEM = {
    0x12, 0x0f, 0x12, 0x0f, 0x12, 0x0f,
};

static const uint8_t mf_bwfont_Roboto_Regular20bw_glyph_data_16[4132] PROGMEM = {
    0x00, 0x00, 0x10, 0x00, 0x00, 0x00, 0x1c, 0x00, 0x00, 0x80, 0x0f, 0x00, 0x00, 0xe0, 0x01, 0x00,
    0x00, 0xfc, 0x01, 0x00, 0x00, 0x8f, 0x01, 0x00, 0x80, 0x81, 0xc1, 0x00, 0x80, 0x8f, 0xc1, 0x00,
    0x00, 0xfc, 0x01, 0x00, 0x00, 0xe0, 0x01, 0x00, 0x00, 0x80, 0x0f, 0x00, 0x00, 0x00, 0x1c, 0x00,
    0x00, 0x00, 0x10, 0x00, 0x00, 0x00, 0x00, 0x00, 0x00, 0x10, 0x07, 0x00, 0x00, 0x98, 0x0f, 0x00,
    0x00, 0xcc, 0x18, 0x00, 0x00, 0x4c, 0xd8, 0x00, 0x00, 0x44, 0xd8, 0x00, 0x00, 0x4c, 0x18, 0x00,
    0x00, 0x5c, 0x0c, 0x00, 0x00, 0xf8, 0x1f, 0x00, 0x00, 0x00, 0x10, 0x00, 0x00, 0x00, 0x10, 0x00,
    0x00, 0x00, 0x1c, 0x00, 0x00, 0x80, 0x0f, 0x00, 0x00, 0xe0, 0x01, 0x00, 0x00, 0xfc, 0x01, 0x00,
    0x04, 0x8f, 0x01, 0x00, 0xb4, 0x81, 0x01, 0x00, 0x9c, 0x8f, 0x01, 0x00, 0x00, 0xfc, 0x01, 0x00,
    0x00, 0xe0, 0x01, 0x00, 0x00, 0x80, 0x0f, 0x00, 0x00, 0x00, 0x1c, 0x00, 0x00, 0x00, 0x10, 0x00,
    0x00, 0x00, 0x00, 0x00, 0x00, 0x10, 0x07, 0x00, 0x00, 0x98, 0x0f, 0x00, 0x00, 0xcc, 0x18, 0x00,
    0x10, 0x4c, 0x18, 0x00, 0xd0, 0x44, 0x18, 0x00, 0x70, 0x4c, 0x18, 0x00, 0x00, 0x5c, 0x0c, 0x00,
    0x00, 0xf8, 0x1f, 0x00, 0x00, 0x00, 0x10, 0x00, 0x00, 0x00, 0x10, 0x00, 0x00, 0x00, 0x1c, 0x00,
    0x00, 0x80, 0x0f, 0x00, 0x00, 0xe0, 0x01, 0x00, 0x30, 0xfc, 0x01, 0x00, 0x18, 0x8f, 0x01, 0x00,
    0x88, 0x81, 0x01, 0x00, 0x98, 0x8f, 0x01, 0x00, 0x30, 0xfc, 0x01, 0x00, 0x20, 0xe0, 0x01, 0x00,
    0x0c, 0x80, 0x0f, 0x00, 0x06, 0x00, 0x1c, 0x00, 0x02, 0x00, 0x10, 0x00, 0x00, 0x00, 0x00, 0x00,
    0x00, 0x10, 0x07, 0x00, 0x00, 0x98, 0x0f, 0x00, 0x80, 0xcd, 0x18, 0x00, 0xc0, 0x4c, 0x18, 0x00,
    0x40, 0x44, 0x18, 0x00, 0xc0, 0x4c, 0x18, 0x00, 0x80, 0x5d, 0x0c, 0x00, 0x00, 0xf9, 0x1f, 0x00,
    0x60, 0x00, 0x10, 0x00, 0x30, 0x00, 0x00, 0x00, 0x10, 0x00, 0x00, 0x00, 0x00, 0x00, 0x10, 0x00,
    0x06, 0x00, 0x1c, 0x00, 0x0e, 0x80, 0x0f, 0x00, 0x08, 0xe0, 0x01, 0x00, 0x30, 0xfc, 0x01, 0x00,
    0x18, 0x8f, 0x01, 0x00, 0x88, 0x81, 0x01, 0x00, 0x98, 0x8f, 0x01, 0x00, 0x30, 0xfc, 0x01, 0x00,
    0x20, 0xe0, 0x01, 0x00, 0x00, 0x80, 0x0f, 0x00, 0x00, 0x00, 0x1c, 0x00, 0x00, 0x00, 0x10, 0x00,
    0x30, 0x00, 0x00, 0x00, 0x70, 0x10, 0x07, 0x00, 0x40, 0x98, 0x0f, 0x00, 0x80, 0xcd, 0x18, 0x00,
    0xc0, 0x4c, 0x18, 0x00, 0x40, 0x44, 0x18, 0x00, 0xc0, 0x4c, 0x18, 0x00, 0x80, 0x5d, 0x0c, 0x00,
    0x00, 0xf9, 0x1f, 0x00, 0x00, 0x00, 0x10, 0x00, 0x00, 0x00, 0x10, 0x00, 0x00, 0x00, 0x1c, 0x00,
    0x00, 0x80, 0x0f, 0x00, 0x20, 0xe0, 0x01, 0x00, 0x30, 0xfc, 0x01, 0x00, 0x18, 0x8f, 0x01, 0x00,
    0x88, 0x81, 0x01, 0x00, 0x98, 0x8f, 0x01, 0x00, 0x30, 0xfc, 0x01, 0x00, 0x3c, 0xe0, 0x01, 0x00,
    0x1c, 0x80, 0x0f, 0x00, 0x0c, 0x00, 0x1c, 0x00, 0x00, 0x00, 0x10, 0x00, 0x00, 0x00, 0x00, 0x00,
    0x00, 0x10, 0x07, 0x00, 0x00, 0x99, 0x0f, 0x00, 0x80, 0xcd, 0x18, 0x00, 0xc0, 0x4c, 0x18, 0x00,
    0x40, 0x44, 0x18, 0x00, 0xc0, 0x4c, 0x18, 0x00, 0x80, 0x5d, 0x0c, 0x00, 0xe0, 0xf9, 0x1f, 0x00,
    0xe0, 0x00, 0x10, 0x00, 0x60, 0x00, 0x00, 0x00, 0x00, 0x00, 0x10, 0x00, 0x00, 0x00, 0x1c, 0x00,
    0x00, 0x80, 0x0f, 0x00, 0x00, 0xe0, 0x01, 0x00, 0x24, 0xfc, 0x01, 0x00, 0x12, 0x8f, 0x01, 0x00,
    0x94, 0x81, 0x01, 0x00, 0x94, 0x8f, 0x01, 0x00, 0x26, 0xfc, 0x01, 0x00, 0x00, 0xe0, 0x01, 0x00,
    0x00, 0x80, 0x0f, 0x00, 0x00, 0x00, 0x1c, 0x00, 0x00, 0x00, 0x10, 0x00, 0x00, 0x00, 0x00, 0x00,
    0x00, 0x10, 0x07, 0x00, 0x00, 0x98, 0x0f, 0x00, 0x20, 0xcd, 0x18, 0x00, 0x90, 0x4c, 0x18, 0x00,
    0xa0, 0x44, 0x18, 0x00, 0xa0, 0x4c, 0x18, 0x00, 0x30, 0x5d, 0x0c, 0x00, 0x00, 0xf8, 0x1f, 0x00,
    0x00, 0x00, 0x10, 0x00, 0x00, 0x00, 0x10, 0x00, 0x00, 0x00, 0x1c, 0x00, 0x00, 0x80, 0x0f, 0x00,
    0x00, 0xe0, 0x01, 0x00, 0x20, 0xfc, 0x01, 0x00, 0x30, 0x8f, 0x01, 0x00, 0x88, 0x81, 0xc1, 0x00,
    0x98, 0x8f, 0xc1, 0x00, 0x20, 0xfc, 0x01, 0x00, 0x00, 0xe0, 0x01, 0x00, 0x00, 0x80, 0x0f, 0x00,
    0x00, 0x00, 0x1c, 0x00, 0x00, 0x00, 0x10, 0x00, 0x00, 0x00, 0x00, 0x00, 0x00, 0x10, 0x07, 0x00,
    0x00, 0x98, 0x0f, 0x00, 0x00, 0xcd, 0x18, 0x00, 0x80, 0x4d, 0xd8, 0x00, 0x40, 0x44, 0xd8, 0x00,
    0xc0, 0x4c, 0x18, 0x00, 0x00, 0x5d, 0x0c, 0x00, 0x00, 0xf8, 0x1f, 0x00, 0x00, 0x00, 0x10, 0x00,
    0x00, 0x00, 0x10, 0x00, 0x00, 0x00, 0x1c, 0x00, 0x00, 0x80, 0x0f, 0x00, 0x08, 0xe0, 0x01, 0x00,
    0x38, 0xfc, 0x01, 0x00, 0x20, 0x8f, 0x01, 0x00, 0xa6, 0x81, 0x01, 0x00, 0xb2, 0x8f, 0x01, 0x00,
    0x18, 0xfc, 0x01, 0x00, 0x00, 0xe0, 0x01, 0x00, 0x00, 0x80, 0x0f, 0x00, 0x00, 0x00, 0x1c, 0x00,
    0x00, 0x00, 0x10, 0x00, 0x00, 0x00, 0x00, 0x00, 0x00, 0x10, 0x07, 0x00, 0x40, 0x98, 0x0f, 0x00,
    0xc0, 0xcd, 0x18, 0x00, 0x00, 0x4d, 0x18, 0x00, 0x30, 0x45, 0x18, 0x00, 0x90, 0x4d, 0x18, 0x00,
    0xc0, 0x5c, 0x0c, 0x00, 0x00, 0xf8, 0x1f, 0x00, 0x00, 0x00, 0x10, 0x00, 0x00, 0x00, 0x10, 0x00,
    0x00, 0x00, 0x1c, 0x00, 0x00, 0x80, 0x0f, 0x00, 0x08, 0xe0, 0x01, 0x00, 0x38, 0xfc, 0x01, 0x00,
    0x21, 0x8f, 0x01, 0x00, 0xa2, 0x81, 0x01, 0x00, 0xb0, 0x8f, 0x01, 0x00, 0x18, 0xfc, 0x01, 0x00,
    0x00, 0xe0, 0x01, 0x00, 0x00, 0x80, 0x0f, 0x00, 0x00, 0x00, 0x1c, 0x00, 0x00, 0x00, 0x10, 0x00,
    0x00, 0x00, 0x00, 0x00, 0x00, 0x10, 0x07, 0x00, 0x40, 0x98, 0x0f, 0x00, 0xc0, 0xcd, 0x18, 0x00,
    0x08, 0x4d, 0x18, 0x00, 0x10, 0x45, 0x18, 0x00, 0x80, 0x4d, 0x18, 0x00, 0xc0, 0x5c, 0x0c, 0x00,
    0x00, 0xf8, 0x1f, 0x00, 0x00, 0x00, 0x10, 0x00, 0x00, 0x00, 0x10, 0x00, 0x00, 0x00, 0x1c, 0x00,
    0x00, 0x80, 0x0f, 0x00, 0x08, 0xe0, 0x01, 0x00, 0x38, 0xfc, 0x01, 0x00, 0x21, 0x8f, 0x01, 0x00,
    0xa5, 0x81, 0x01, 0x00, 0xb3, 0x8f, 0x01, 0x00, 0x18, 0xfc, 0x01, 0x00, 0x00, 0xe0, 0x01, 0x00,
    0x00, 0x80, 0x0f, 0x00, 0x00, 0x00, 0x1c, 0x00, 0x00, 0x00, 0x10, 0x00, 0x00, 0x00, 0x00, 0x00,
    0x00, 0x10, 0x07, 0x00, 0x20, 0x98, 0x0f, 0x00, 0xe0, 0xcc, 0x18, 0x00, 0x84, 0x4c, 0x18, 0x00,
    0x94, 0x44, 0x18, 0x00, 0xcc, 0x4c, 0x18, 0x00, 0x60, 0x5c, 0x0c, 0x00, 0x00, 0xf8, 0x1f, 0x00,
    0x00, 0x00, 0x10, 0x00, 0x00, 0x00, 0x10, 0x00, 0x00, 0x00, 0x1c, 0x00, 0x00, 0x80, 0x0f, 0x00,
    0x10, 0xe0, 0x01, 0x00, 0x36, 0xfc, 0x01, 0x00, 0x22, 0x8f, 0x01, 0x00, 0xa4, 0x81, 0x01, 0x00,
    0xb4, 0x8f, 0x01, 0x00, 0x12, 0xfc, 0x01, 0x00, 0x00, 0xe0, 0x01, 0x00, 0x00, 0x80, 0x0f, 0x00,
    0x00, 0x00, 0x1c, 0x00, 0x00, 0x00, 0x10, 0x00, 0x00, 0x00, 0x00, 0x00, 0x00, 0x10, 0x07, 0x00,
    0x40, 0x98, 0x0f, 0x00, 0xd8, 0xcc, 0x18, 0x00, 0x88, 0x4c, 0x18, 0x00, 0x90, 0x44, 0x18, 0x00,
    0xd0, 0x4c, 0x18, 0x00, 0x48, 0x5c, 0x0c, 0x00, 0x00, 0xf8, 0x1f, 0x00, 0x00, 0x00, 0x10, 0x00,
    0x00, 0x00, 0x10, 0x00, 0x00, 0x00, 0x1c, 0x00, 0x00, 0x80, 0x0f, 0x00, 0x08, 0xe0, 0x01, 0x00,
    0x38, 0xfc, 0x01, 0x00, 0x20, 0x8f, 0x01, 0x00, 0xa0, 0x81, 0xc1, 0x00, 0xb0, 0x8f, 0xc1, 0x00,
    0x18, 0xfc, 0x01, 0x00, 0x00, 0xe0, 0x01, 0x00, 0x00, 0x80, 0x0f, 0x00, 0x00, 0x00, 0x1c, 0x00,
    0x00, 0x00, 0x10, 0x00, 0x00, 0x00, 0x00, 0x00, 0x00, 0x10, 0x07, 0x00, 0x00, 0x98, 0x0f, 0x00,
    0x40, 0xcc, 0x18, 0x00, 0xc0, 0x4d, 0xd8, 0x00, 0x00, 0x45, 0xd8, 0x00, 0x00, 0x4d, 0x18, 0x00,
    0x80, 0x5d, 0x0c, 0x00, 0xc0, 0xf8, 0x1f, 0x00, 0x00, 0x00, 0x10, 0x00, 0x00, 0x00, 0x00, 0x00,
    0x00, 0x00, 0x00, 0x00, 0x80, 0xff, 0x1f, 0x00, 0x80, 0xff, 0x1f, 0x00, 0x80, 0x61, 0x18, 0x00,
    0x80, 0x61, 0xd8, 0x00, 0x80, 0x61, 0xd8, 0x00, 0x80, 0x61, 0x18, 0x00, 0x80, 0x61, 0x18, 0x00,
    0x80, 0x61, 0x18, 0x00, 0x80, 0x01, 0x18, 0x00, 0x00, 0x00, 0x00, 0x00, 0x00, 0xe0, 0x07, 0x00,
    0x00, 0xf8, 0x0f, 0x00, 0x00, 0x98, 0x1c, 0x00, 0x00, 0x8c, 0xd8, 0x00, 0x00, 0x84, 0xd8, 0x00,
    0x00, 0x8c, 0x18, 0x00, 0x00, 0x8c, 0x18, 0x00, 0x00, 0xf8, 0x0c, 0x00, 0x00, 0xe0, 0x00, 0x00,
    0x00, 0x00, 0x00, 0x00, 0x00, 0x00, 0x00, 0x00, 0x80, 0xff, 0x1f, 0x00, 0x80, 0xff, 0x1f, 0x00,
    0x80, 0x61, 0x18, 0x00, 0x84, 0x61, 0x18, 0x00, 0xb4, 0x61, 0x18, 0x00, 0x9c, 0x61, 0x18, 0x00,
    0x80, 0x61, 0x18, 0x00, 0x80, 0x61, 0x18, 0x00, 0x80, 0x01, 0x18, 0x00, 0x00, 0x00, 0x00, 0x00,
    0x00, 0xe0, 0x07, 0x00, 0x00, 0xf8, 0x0f, 0x00, 0x00, 0x98, 0x1c, 0x00, 0x10, 0x8c, 0x18, 0x00,
    0xd0, 0x84, 0x18, 0x00, 0x70, 0x8c, 0x18, 0x00, 0x00, 0x8c, 0x18, 0x00, 0x00, 0xf8, 0x0c, 0x00,
    0x00, 0xe0, 0x00, 0x00, 0x00, 0x00, 0x00, 0x00, 0x00, 0x00, 0x00, 0x00, 0xb0, 0xff, 0x1f, 0x00,
    0x98, 0xff, 0x1f, 0x00, 0x88, 0x61, 0x18, 0x00, 0x90, 0x61, 0x18, 0x00, 0xa0, 0x61, 0x18, 0x00,
    0xb0, 0x61, 0x18, 0x00, 0x98, 0x61, 0x18, 0x00, 0x80, 0x61, 0x18, 0x00, 0x80, 0x01, 0x18, 0x00,
    0x00, 0x00, 0x00, 0x00, 0x00, 0xe0, 0x07, 0x00, 0x80, 0xf9, 0x0f, 0x00, 0xc0, 0x98, 0x1c, 0x00,
    0x40, 0x8c, 0x18, 0x00, 0x80, 0x84, 0x18, 0x00, 0x00, 0x8d, 0x18, 0x00, 0x80, 0x8d, 0x18, 0x00,
    0xc0, 0xf8, 0x0c, 0x00, 0x00, 0xe0, 0x00, 0x00, 0x00, 0x00, 0x00, 0x00, 0x00, 0x00, 0x00, 0x00,
    0x80, 0xff, 0x1f, 0x00, 0xb0, 0xff, 0x1f, 0x00, 0x98, 0x61, 0x18, 0x00, 0x88, 0x61, 0x18, 0x00,
    0x98, 0x61, 0x18, 0x00, 0xb0, 0x61, 0x18, 0x00, 0xa0, 0x61, 0x18, 0x00, 0x8c, 0x61, 0x18, 0x00,
    0x86, 0x01, 0x18, 0x00, 0x02, 0x00, 0x00, 0x00, 0x00, 0x00, 0x00, 0x00, 0x00, 0xe0, 0x07, 0x00,
    0x00, 0xf8, 0x0f, 0x00, 0x80, 0x99, 0x1c, 0x00, 0xc0, 0x8c, 0x18, 0x00, 0x40, 0x84, 0x18, 0x00,
    0xc0, 0x8c, 0x18, 0x00, 0x80, 0x8d, 0x18, 0x00, 0x00, 0xf9, 0x0c, 0x00, 0x60, 0xe0, 0x00, 0x00,
    0x30, 0x00, 0x00, 0x00, 0x10, 0x00, 0x00, 0x00, 0x06, 0x00, 0x00, 0x00, 0x0e, 0x00, 0x00, 0x00,
    0x88, 0xff, 0x1f, 0x00, 0xb0, 0xff, 0x1f, 0x00, 0x98, 0x61, 0x18, 0x00, 0x88, 0x61, 0x18, 0x00,
    0x98, 0x61, 0x18, 0x00, 0xb0, 0x61, 0x18, 0x00, 0xa0, 0x61, 0x18, 0x00, 0x80, 0x61, 0x18, 0x00,
    0x80, 0x01, 0x18, 0x00, 0x30, 0x00, 0x00, 0x00, 0x70, 0xe0, 0x07, 0x00, 0x40, 0xf8, 0x0f, 0x00,
    0x80, 0x99, 0x1c, 0x00, 0xc0, 0x8c, 0x18, 0x00, 0x40, 0x84, 0x18, 0x00, 0xc0, 0x8c, 0x18, 0x00,
    0x80, 0x8d, 0x18, 0x00, 0x00, 0xf9, 0x0c, 0x00, 0x00, 0xe0, 0x00, 0x00, 0x00, 0x00, 0x00, 0x00,
    0x00, 0x00, 0x00, 0x00, 0xa0, 0xff, 0x1f, 0x00, 0xb0, 0xff, 0x1f, 0x00, 0x98, 0x61, 0x18, 0x00,
    0x88, 0x61, 0x18, 0x00, 0x98, 0x61, 0x18, 0x00, 0xb0, 0x61, 0x18, 0x00, 0xbc, 0x61, 0x18, 0x00,
    0x9c, 0x61, 0x18, 0x00, 0x8c, 0x01, 0x18, 0x00, 0x00, 0x00, 0x00, 0x00, 0x00, 0xe0, 0x07, 0x00,
    0x00, 0xf9, 0x0f, 0x00, 0x80, 0x99, 0x1c, 0x00, 0xc0, 0x8c, 0x18, 0x00, 0x40, 0x84, 0x18, 0x00,
    0xc0, 0x8c, 0x18, 0x00, 0x80, 0x8d, 0x18, 0x00, 0xe0, 0xf9, 0x0c, 0x00, 0xe0, 0xe0, 0x00, 0x00,
    0x60, 0x00, 0x00, 0x00, 0x00, 0x00, 0x00, 0x00, 0x00, 0x00, 0x00, 0x00, 0x80, 0xff, 0x1f, 0x00,
    0xa4, 0xff, 0x1f, 0x00, 0x92, 0x61, 0x18, 0x00, 0x94, 0x61, 0x18, 0x00, 0x94, 0x61, 0x18, 0x00,
    0xa6, 0x61, 0x18, 0x00, 0x80, 0x61, 0x18, 0x00, 0x80, 0x61, 0x18, 0x00, 0x80, 0x01, 0x18, 0x00,
    0x00, 0x00, 0x00, 0x00, 0x00, 0xe0, 0x07, 0x00, 0x00, 0xf8, 0x0f, 0x00, 0x20, 0x99, 0x1c, 0x00,
    0x90, 0x8c, 0x18, 0x00, 0xa0, 0x84, 0x18, 0x00, 0xa0, 0x8c, 0x18, 0x00, 0x30, 0x8d, 0x18, 0x00,
    0x00, 0xf8, 0x0c, 0x00, 0x00, 0xe0, 0x00, 0x00, 0x00, 0x00, 0x00, 0x00, 0x00, 0x00, 0x00, 0x00,
    0x80, 0xff, 0x1f, 0x00, 0xa0, 0xff, 0x1f, 0x00, 0xb0, 0x61, 0x18, 0x00, 0x88, 0x61, 0xd8, 0x00,
    0x98, 0x61, 0xd8, 0x00, 0xa0, 0x61, 0x18, 0x00, 0x80, 0x61, 0x18, 0x00, 0x80, 0x61, 0x18, 0x00,
    0x80, 0x01, 0x18, 0x00, 0x00, 0x00, 0x00, 0x00, 0x00, 0xe0, 0x07, 0x00, 0x00, 0xf8, 0x0f, 0x00,
    0x00, 0x99, 0x1c, 0x00, 0x80, 0x8d, 0xd8, 0x00, 0x40, 0x84, 0xd8, 0x00, 0xc0, 0x8c, 0x18, 0x00,
    0x00, 0x8d, 0x18, 0x00, 0x00, 0xf8, 0x0c, 0x00, 0x00, 0xe0, 0x00, 0x00, 0x00, 0x00, 0x00, 0x00,
    0x04, 0x00, 0x00, 0x00, 0xb4, 0xff, 0x1f, 0x00, 0x9c, 0xff, 0x1f, 0x00, 0x00, 0x00, 0x00, 0x00,
    0x10, 0x00, 0x00, 0x00, 0xd0, 0xfc, 0x1f, 0x00, 0x70, 0x00, 0x00, 0x00, 0x00, 0x00, 0x00, 0x00,
    0x00, 0x00, 0x00, 0x00, 0x80, 0xff, 0xdf, 0x00, 0x80, 0xff, 0xdf, 0x00, 0x00, 0x00, 0x00, 0x00,
    0x40, 0x00, 0xc0, 0x00, 0xc0, 0xfc, 0xdf, 0x00, 0x00, 0x00, 0x00, 0x00, 0x00, 0xf8, 0x01, 0x00,
    0x00, 0xfe, 0x07, 0x00, 0x00, 0x07, 0x0e, 0x00, 0x80, 0x01, 0x18, 0x00, 0x80, 0x01, 0x18, 0x00,
    0x80, 0x01, 0xd8, 0x00, 0x80, 0x01, 0xd8, 0x00, 0x80, 0x01, 0x18, 0x00, 0x00, 0x03, 0x0c, 0x00,
    0x00, 0x0f, 0x0f, 0x00, 0x00, 0xfe, 0x07, 0x00, 0x00, 0xf0, 0x00, 0x00, 0x00, 0x00, 0x00, 0x00,
    0x00, 0xe0, 0x03, 0x00, 0x00, 0xf8, 0x0f, 0x00, 0x00, 0x18, 0x0c, 0x00, 0x00, 0x0c, 0x18, 0x00,
    0x00, 0x04, 0xd8, 0x00, 0x00, 0x0c, 0xd8, 0x00, 0x00, 0x0c, 0x18, 0x00, 0x00, 0x38, 0x0e, 0x00,
    0x00, 0xf0, 0x07, 0x00, 0x00, 0x80, 0x00, 0x00, 0x00, 0x00, 0x00, 0x00, 0x00, 0xf8, 0x01, 0x00,
    0x00, 0xfe, 0x07, 0x00, 0x00, 0x07, 0x0e, 0x00, 0x80, 0x01, 0x18, 0x00, 0x80, 0x01, 0x18, 0x00,
    0x84, 0x01, 0x18, 0x00, 0xb4, 0x01, 0x18, 0x00, 0x9c, 0x01, 0x18, 0x00, 0x00, 0x03, 0x0c, 0x00,
    0x00, 0x0f, 0x0f, 0x00, 0x00, 0xfe, 0x07, 0x00, 0x00, 0xf0, 0x00, 0x00, 0x00, 0x00, 0x00, 0x00,
    0x00, 0xe0, 0x03, 0x00, 0x00, 0xf8, 0x0f, 0x00, 0x00, 0x18, 0x0c, 0x00, 0x10, 0x0c, 0x18, 0x00,
    0xd0, 0x04, 0x18, 0x00, 0x70, 0x0c, 0x18, 0x00, 0x00, 0x0c, 0x18, 0x00, 0x00, 0x38, 0x0e, 0x00,
    0x00, 0xf0, 0x07, 0x00, 0x00, 0x80, 0x00, 0x00, 0x00, 0x00, 0x00, 0x00, 0x00, 0xf8, 0x01, 0x00,
    0x00, 0xfe, 0x07, 0x00, 0x00, 0x07, 0x0e, 0x00, 0xb0, 0x01, 0x18, 0x00, 0x98, 0x01, 0x18, 0x00,
    0x88, 0x01, 0x18, 0x00, 0x98, 0x01, 0x18, 0x00, 0xb0, 0x01, 0x18, 0x00, 0x20, 0x03, 0x0c, 0x00,
    0x0c, 0x0f, 0x0f, 0x00, 0x06, 0xfe, 0x07, 0x00, 0x02, 0xf0, 0x00, 0x00, 0x00, 0x00, 0x00, 0x00,
    0x00, 0xe0, 0x03, 0x00, 0x00, 0xf8, 0x0f, 0x00, 0x80, 0x19, 0x0c, 0x00, 0xc0, 0x0c, 0x18, 0x00,
    0x40, 0x04, 0x18, 0x00, 0xc0, 0x0c, 0x18, 0x00, 0x80, 0x0d, 0x18, 0x00, 0x00, 0x39, 0x0e, 0x00,
    0x60, 0xf0, 0x07, 0x00, 0x30, 0x80, 0x00, 0x00, 0x10, 0x00, 0x00, 0x00, 0x00, 0x00, 0x00, 0x00,
    0x06, 0xf8, 0x01, 0x00, 0x0e, 0xfe, 0x07, 0x00, 0x08, 0x07, 0x0e, 0x00, 0xb0, 0x01, 0x18, 0x00,
    0x98, 0x01, 0x18, 0x00, 0x88, 0x01, 0x18, 0x00, 0x98, 0x01, 0x18, 0x00, 0xb0, 0x01, 0x18, 0x00,
    0x20, 0x03, 0x0c, 0x00, 0x00, 0x0f, 0x0f, 0x00, 0x00, 0xfe, 0x07, 0x00, 0x00, 0xf0, 0x00, 0x00,
    0x30, 0x00, 0x00, 0x00, 0x70, 0xe0, 0x03, 0x00, 0x40, 0xf8, 0x0f, 0x00, 0x80, 0x19, 0x0c, 0x00,
    0xc0, 0x0c, 0x18, 0x00, 0x40, 0x04, 0x18, 0x00, 0xc0, 0x0c, 0x18, 0x00, 0x80, 0x0d, 0x18, 0x00,
    0x00, 0x39, 0x0e, 0x00, 0x00, 0xf0, 0x07, 0x00, 0x00, 0x80, 0x00, 0x00, 0x00, 0x00, 0x00, 0x00,
    0x00, 0xf8, 0x01, 0x00, 0x00, 0xfe, 0x07, 0x00, 0x20, 0x07, 0x0e, 0x00, 0xb0, 0x01, 0x18, 0x00,
    0x98, 0x01, 0x18, 0x00, 0x88, 0x01, 0x18, 0x00, 0x98, 0x01, 0x18, 0x00, 0xb0, 0x01, 0x18, 0x00,
    0x3c, 0x03, 0x0c, 0x00, 0x1c, 0x0f, 0x0f, 0x00, 0x0c, 0xfe, 0x07, 0x00, 0x00, 0xf0, 0x00, 0x00,
    0x00, 0x00, 0x00, 0x00, 0x00, 0xe0, 0x03, 0x00, 0x00, 0xf9, 0x0f, 0x00, 0x80, 0x19, 0x0c, 0x00,
    0xc0, 0x0c, 0x18, 0x00, 0x40, 0x04, 0x18, 0x00, 0xc0, 0x0c, 0x18, 0x00, 0x80, 0x0d, 0x18, 0x00,
    0xe0, 0x39, 0x0e, 0x00, 0xe0, 0xf0, 0x07, 0x00, 0x60, 0x80, 0x00, 0x00, 0x00, 0x00, 0x00, 0x00,
    0x00, 0xf8, 0x01, 0x00, 0x00, 0xfe, 0x07, 0x00, 0x00, 0x07, 0x0e, 0x00, 0xa4, 0x01, 0x18, 0x00,
    0x92, 0x01, 0x18, 0x00, 0x94, 0x01, 0x18, 0x00, 0x94, 0x01, 0x18, 0x00, 0xa6, 0x01, 0x18, 0x00,
    0x00, 0x03, 0x0c, 0x00, 0x00, 0x0f, 0x0f, 0x00, 0x00, 0xfe, 0x07, 0x00, 0x00, 0xf0, 0x00, 0x00,
    0x00, 0x00, 0x00, 0x00, 0x00, 0xe0, 0x03, 0x00, 0x00, 0xf8, 0x0f, 0x00, 0x20, 0x19, 0x0c, 0x00,
    0x90, 0x0c, 0x18, 0x00, 0xa0, 0x04, 0x18, 0x00, 0xa0, 0x0c, 0x18, 0x00, 0x30, 0x0d, 0x18, 0x00,
    0x00, 0x38, 0x0e, 0x00, 0x00, 0xf0, 0x07, 0x00, 0x00, 0x80, 0x00, 0x00, 0x00, 0x00, 0x00, 0x00,
    0x00, 0xf8, 0x01, 0x00, 0x00, 0xfe, 0x07, 0x00, 0x00, 0x07, 0x0e, 0x00, 0xa0, 0x01, 0x18, 0x00,
    0xb0, 0x01, 0x18, 0x00, 0x88, 0x01, 0xd8, 0x00, 0x98, 0x01, 0xd8, 0x00, 0xa0, 0x01, 0x18, 0x00,
    0x00, 0x03, 0x0c, 0x00, 0x00, 0x0f, 0x0f, 0x00, 0x00, 0xfe, 0x07, 0x00, 0x00, 0xf0, 0x00, 0x00,
    0x00, 0x00, 0x00, 0x00, 0x00, 0xe0, 0x03, 0x00, 0x00, 0xf8, 0x0f, 0x00, 0x00, 0x19, 0x0c, 0x00,
    0x80, 0x0d, 0x18, 0x00, 0x40, 0x04, 0xd8, 0x00, 0xc0, 0x0c, 0xd8, 0x00, 0x00, 0x0d, 0x18, 0x00,
    0x00, 0x38, 0x0e, 0x00, 0x00, 0xf0, 0x07, 0x00, 0x00, 0x80, 0x00, 0x00, 0x00, 0x00, 0x00, 0x00,
    0x00, 0xf8, 0x01, 0x00, 0x00, 0xfe, 0x07, 0x00, 0x00, 0x07, 0x0e, 0x00, 0x80, 0x01, 0x18, 0x00,
    0x80, 0x01, 0x18, 0x00, 0x80, 0x01, 0x18, 0x00, 0xb0, 0x01, 0x18, 0x00, 0x98, 0x01, 0x18, 0x00,
    0x08, 0x03, 0x0c, 0x00, 0x00, 0x0f, 0x0f, 0x00, 0x00, 0xff, 0x03, 0x00, 0xc0, 0x01, 0x00, 0x00,
    0xc0, 0x00, 0x00, 0x00, 0x00, 0x00, 0x00, 0x00, 0x00, 0xe0, 0x03, 0x00, 0x00, 0xf8, 0x0f, 0x00,
    0x00, 0x18, 0x0c, 0x00, 0x00, 0x0c, 0x18, 0x00, 0x80, 0x05, 0x18, 0x00, 0xc0, 0x0c, 0x18, 0x00,
    0x40, 0x0c, 0x18, 0x00, 0x00, 0x38, 0x0e, 0x00, 0x00, 0xf8, 0x07, 0x00, 0x00, 0x8e, 0x00, 0x00,
    0x00, 0x06, 0x00, 0x00, 0x00, 0x00, 0x00, 0x00, 0x00, 0xf8, 0x01, 0x00, 0x00, 0xfe, 0x07, 0x00,
    0x00, 0x07, 0x0e, 0x00, 0x88, 0x01, 0x18, 0x00, 0x98, 0x01, 0x18, 0x00, 0xb0, 0x01, 0x18, 0x00,
    0x80, 0x01, 0x18, 0x00, 0x80, 0x01, 0x18, 0x00, 0x00, 0x03, 0x0c, 0x00, 0x00, 0x0f, 0x0f, 0x00,
    0x00, 0xff, 0x03, 0x00, 0xc0, 0x01, 0x00, 0x00, 0xc0, 0x00, 0x00, 0x00, 0x00, 0x00, 0x00, 0x00,
    0x00, 0xe0, 0x03, 0x00, 0x00, 0xf8, 0x0f, 0x00, 0x40, 0x18, 0x0c, 0x00, 0xc0, 0x0c, 0x18, 0x00,
    0x80, 0x05, 0x18, 0x00, 0x00, 0x0c, 0x18, 0x00, 0x00, 0x0c, 0x18, 0x00, 0x00, 0x38, 0x0e, 0x00,
    0x00, 0xf8, 0x07, 0x00, 0x00, 0x8e, 0x00, 0x00, 0x00, 0x06, 0x00, 0x00, 0x00, 0x00, 0x00, 0x00,
    0x00, 0xf8, 0x01, 0x00, 0x00, 0xfe, 0x07, 0x00, 0x00, 0x07, 0x0e, 0x00, 0x80, 0x01, 0x18, 0x00,
    0x80, 0x01, 0x18, 0x00, 0x84, 0x01, 0x18, 0x00, 0xb4, 0x01, 0x18, 0x00, 0x9c, 0x01, 0x18, 0x00,
    0x00, 0x03, 0x0c, 0x00, 0x00, 0x0f, 0x0f, 0x00, 0x00, 0xff, 0x03, 0x00, 0xc0, 0x01, 0x00, 0x00,
    0xc0, 0x00, 0x00, 0x00, 0x00, 0x00, 0x00, 0x00, 0x00, 0xe0, 0x03, 0x00, 0x00, 0xf8, 0x0f, 0x00,
    0x00, 0x18, 0x0c, 0x00, 0x10, 0x0c, 0x18, 0x00, 0xd0, 0x04, 0x18, 0x00, 0x70, 0x0c, 0x18, 0x00,
    0x00, 0x0c, 0x18, 0x00, 0x00, 0x38, 0x0e, 0x00, 0x00, 0xf8, 0x07, 0x00, 0x00, 0x8e, 0x00, 0x00,
    0x00, 0x06, 0x00, 0x00, 0x00, 0x00, 0x00, 0x00, 0x00, 0xf8, 0x01, 0x00, 0x00, 0xfe, 0x07, 0x00,
    0x30, 0x07, 0x0e, 0x00, 0x98, 0x01, 0x18, 0x00, 0x88, 0x01, 0x18, 0x00, 0x90, 0x01, 0x18, 0x00,
    0xa0, 0x01, 0x18, 0x00, 0xb0, 0x01, 0x18, 0x00, 0x18, 0x03, 0x0c, 0x00, 0x00, 0x0f, 0x0f, 0x00,
    0x00, 0xff, 0x03, 0x00, 0xc0, 0x01, 0x00, 0x00, 0xc0, 0x00, 0x00, 0x00, 0x00, 0x00, 0x00, 0x00,
    0x00, 0xe0, 0x03, 0x00, 0x80, 0xf9, 0x0f, 0x00, 0xc0, 0x18, 0x0c, 0x00, 0x40, 0x0c, 0x18, 0x00,
    0x80, 0x04, 0x18, 0x00, 0x00, 0x0d, 0x18, 0x00, 0x80, 0x0d, 0x18, 0x00, 0xc0, 0x38, 0x0e, 0x00,
    0x00, 0xf8, 0x07, 0x00, 0x00, 0x8e, 0x00, 0x00, 0x00, 0x06, 0x00, 0x00, 0x00, 0x00, 0x00, 0x00,
    0x00, 0xf8, 0x01, 0x00, 0x00, 0xfe, 0x07, 0x00, 0x00, 0x07, 0x0e, 0x00, 0x80, 0x01, 0x18, 0x00,
    0x80, 0x01, 0x18, 0x00, 0x80, 0x01, 0xd8, 0x00, 0x80, 0x01, 0xd8, 0x00, 0x80, 0x01, 0x18, 0x00,
    0x00, 0x03, 0x0c, 0x00, 0x00, 0x0f, 0x0f, 0x00, 0x00, 0xff, 0x03, 0x00, 0xc0, 0x01, 0x00, 0x00,
    0xc0, 0x00, 0x00, 0x00, 0x00, 0x00, 0x00, 0x00, 0x00, 0xe0, 0x03, 0x00, 0x00, 0xf8, 0x0f, 0x00,
    0x00, 0x18, 0x0c, 0x00, 0x00, 0x0c, 0x18, 0x00, 0x00, 0x04, 0xd8, 0x00, 0x00, 0x0c, 0xd8, 0x00,
    0x00, 0x0c, 0x18, 0x00, 0x00, 0x38, 0x0e, 0x00, 0x00, 0xf8, 0x07, 0x00, 0x00, 0x8e, 0x00, 0x00,
    0x00, 0x06, 0x00, 0x00, 0x00, 0x00, 0x00, 0x00, 0x80, 0xff, 0x03, 0x00, 0x80, 0xff, 0x0f, 0x00,
    0x00, 0x00, 0x0c, 0x00, 0x00, 0x00, 0x18, 0x00, 0x00, 0x00, 0xd8, 0x00, 0x00, 0x00, 0xd8, 0x00,
    0x00, 0x00, 0x18, 0x00, 0x00, 0x00, 0x18, 0x00, 0x00, 0x00, 0x0c, 0x00, 0x80, 0xff, 0x07, 0x00,
    0x80, 0xff, 0x03, 0x00, 0x00, 0x00, 0x00, 0x00, 0x00, 0xfc, 0x03, 0x00, 0x00, 0xfc, 0x0f, 0x00,
    0x00, 0x00, 0x18, 0x00, 0x00, 0x00, 0xd8, 0x00, 0x00, 0x00, 0xd8, 0x00, 0x00, 0x00, 0x18, 0x00,
    0x00, 0x00, 0x0c, 0x00, 0x00, 0xfc, 0x1f, 0x00, 0x00, 0xfc, 0x1f, 0x00, 0x00, 0x00, 0x00, 0x00,
    0x80, 0xff, 0x03, 0x00, 0x80, 0xff, 0x0f, 0x00, 0x00, 0x00, 0x0c, 0x00, 0x00, 0x00, 0x18, 0x00,
    0x04, 0x00, 0x18, 0x00, 0x34, 0x00, 0x18, 0x00, 0x1c, 0x00, 0x18, 0x00, 0x00, 0x00, 0x18, 0x00,
    0x00, 0x00, 0x0c, 0x00, 0x80, 0xff, 0x07, 0x00, 0x80, 0xff, 0x03, 0x00, 0x00, 0x00, 0x00, 0x00,
    0x00, 0xfc, 0x03, 0x00, 0x00, 0xfc, 0x0f, 0x00, 0x00, 0x00, 0x18, 0x00, 0x10, 0x00, 0x18, 0x00,
    0xd0, 0x00, 0x18, 0x00, 0x70, 0x00, 0x18, 0x00, 0x00, 0x00, 0x0c, 0x00, 0x00, 0xfc, 0x1f, 0x00,
    0x00, 0xfc, 0x1f, 0x00, 0x00, 0x00, 0x00, 0x00, 0x80, 0xff, 0x03, 0x00, 0x80, 0xff, 0x0f, 0x00,
    0x00, 0x00, 0x0c, 0x00, 0x00, 0x00, 0x18, 0x00, 0x00, 0x00, 0x18, 0x00, 0x00, 0x00, 0x18, 0x00,
    0x30, 0x00, 0x18, 0x00, 0x18, 0x00, 0x18, 0x00, 0x08, 0x00, 0x0c, 0x00, 0x80, 0xff, 0x07, 0x00,
    0x80, 0xff, 0x03, 0x00, 0x00, 0x02, 0x00, 0x00, 0x00, 0x03, 0x00, 0x00, 0xc0, 0x01, 0x00, 0x00,
    0x00, 0x00, 0x00, 0x00, 0x00, 0xfc, 0x03, 0x00, 0x00, 0xfc, 0x0f, 0x00, 0x00, 0x00, 0x18, 0x00,
    0x00, 0x00, 0x18, 0x00, 0x80, 0x01, 0x18, 0x00, 0xc0, 0x00, 0x18, 0x00, 0x40, 0x00, 0x0c, 0x00,
    0x00, 0xfc, 0x1f, 0x00, 0x00, 0xfc, 0x1f, 0x00, 0x00, 0x08, 0x00, 0x00, 0x00, 0x0e, 0x00, 0x00,
    0x00, 0x02, 0x00, 0x00, 0x00, 0x00, 0x00, 0x00, 0x80, 0xff, 0x03, 0x00, 0x80, 0xff, 0x0f, 0x00,
    0x00, 0x00, 0x0c, 0x00, 0x08, 0x00, 0x18, 0x00, 0x18, 0x00, 0x18, 0x00, 0x30, 0x00, 0x18, 0x00,
    0x00, 0x00, 0x18, 0x00, 0x00, 0x00, 0x18, 0x00, 0x00, 0x00, 0x0c, 0x00, 0x80, 0xff, 0x07, 0x00,
    0x80, 0xff, 0x03, 0x00, 0x00, 0x02, 0x00, 0x00, 0x00, 0x03, 0x00, 0x00, 0xc0, 0x01, 0x00, 0x00,
    0x00, 0x00, 0x00, 0x00, 0x00, 0xfc, 0x03, 0x00, 0x00, 0xfc, 0x0f, 0x00, 0x40, 0x00, 0x18, 0x00,
    0xc0, 0x00, 0x18, 0x00, 0x80, 0x01, 0x18, 0x00, 0x00, 0x00, 0x18, 0x00, 0x00, 0x00, 0x0c, 0x00,
    0x00, 0xfc, 0x1f, 0x00, 0x00, 0xfc, 0x1f, 0x00, 0x00, 0x08, 0x00, 0x00, 0x00, 0x0e, 0x00, 0x00,
    0x00, 0x02, 0x00, 0x00, 0x00, 0x00, 0x00, 0x00, 0x80, 0xff, 0x03, 0x00, 0x80, 0xff, 0x0f, 0x00,
    0x00, 0x00, 0x0c, 0x00, 0x00, 0x00, 0x18, 0x00, 0x00, 0x00, 0x18, 0x00, 0x04, 0x00, 0x18, 0x00,
    0x34, 0x00, 0x18, 0x00, 0x1c, 0x00, 0x18, 0x00, 0x00, 0x00, 0x0c, 0x00, 0x80, 0xff, 0x07, 0x00,
    0x80, 0xff, 0x03, 0x00, 0x00, 0x02, 0x00, 0x00, 0x00, 0x03, 0x00, 0x00, 0xc0, 0x01, 0x00, 0x00,
    0x00, 0x00, 0x00, 0x00, 0x00, 0xfc, 0x03, 0x00, 0x00, 0xfc, 0x0f, 0x00, 0x00, 0x00, 0x18, 0x00,
    0x10, 0x00, 0x18, 0x00, 0xd0, 0x00, 0x18, 0x00, 0x70, 0x00, 0x18, 0x00, 0x00, 0x00, 0x0c, 0x00,
    0x00, 0xfc, 0x1f, 0x00, 0x00, 0xfc, 0x1f, 0x00, 0x00, 0x08, 0x00, 0x00, 0x00, 0x0e, 0x00, 0x00,
    0x00, 0x02, 0x00, 0x00, 0x00, 0x00, 0x00, 0x00, 0x80, 0xff, 0x03, 0x00, 0x80, 0xff, 0x0f, 0x00,
    0x30, 0x00, 0x0c, 0x00, 0x18, 0x00, 0x18, 0x00, 0x08, 0x00, 0x18, 0x00, 0x10, 0x00, 0x18, 0x00,
    0x20, 0x00, 0x18, 0x00, 0x30, 0x00, 0x18, 0x00, 0x18, 0x00, 0x0c, 0x00, 0x80, 0xff, 0x07, 0x00,
    0x80, 0xff, 0x03, 0x00, 0x00, 0x02, 0x00, 0x00, 0x00, 0x03, 0x00, 0x00, 0xc0, 0x01, 0x00, 0x00,
    0x00, 0x00, 0x00, 0x00, 0x00, 0xfc, 0x03, 0x00, 0x80, 0xfd, 0x0f, 0x00, 0xc0, 0x00, 0x18, 0x00,
    0x40, 0x00, 0x18, 0x00, 0x80, 0x00, 0x18, 0x00, 0x00, 0x01, 0x18, 0x00, 0x80, 0x01, 0x0c, 0x00,
    0xc0, 0xfc, 0x1f, 0x00, 0x00, 0xfc, 0x1f, 0x00, 0x00, 0x08, 0x00, 0x00, 0x00, 0x0e, 0x00, 0x00,
    0x00, 0x02, 0x00, 0x00, 0x00, 0x00, 0x00, 0x00, 0x80, 0xff, 0x03, 0x00, 0x80, 0xff, 0x0f, 0x00,
    0x00, 0x00, 0x0c, 0x00, 0x00, 0x00, 0x18, 0x00, 0x00, 0x00, 0x18, 0x00, 0x00, 0x00, 0xd8, 0x00,
    0x00, 0x00, 0xd8, 0x00, 0x00, 0x00, 0x18, 0x00, 0x00, 0x00, 0x0c, 0x00, 0x80, 0xff, 0x07, 0x00,
    0x80, 0xff, 0x03, 0x00, 0x00, 0x02, 0x00, 0x00, 0x00, 0x03, 0x00, 0x00, 0xc0, 0x01, 0x00, 0x00,
    0x00, 0x00, 0x00, 0x00, 0x00, 0xfc, 0x03, 0x00, 0x00, 0xfc, 0x0f, 0x00, 0x00, 0x00, 0x18, 0x00,
    0x00, 0x00, 0xd8, 0x00, 0x00, 0x00, 0xd8, 0x00, 0x00, 0x00, 0x18, 0x00, 0x00, 0x00, 0x0c, 0x00,
    0x00, 0xfc, 0x1f, 0x00, 0x00, 0xfc, 0x1f, 0x00, 0x00, 0x08, 0x00, 0x00, 0x00, 0x0e, 0x00, 0x00,
    0x00, 0x02, 0x00, 0x00, 0x80, 0x00, 0x00, 0x00, 0x80, 0x01, 0x00, 0x00, 0x80, 0x07, 0x00, 0x00,
    0x08, 0x1e, 0x00, 0x00, 0x18, 0x78, 0x00, 0x00, 0x30, 0xe0, 0x1f, 0x00, 0x00, 0xe0, 0x1f, 0x00,
    0x00, 0x78, 0x00, 0x00, 0x00, 0x1e, 0x00, 0x00, 0x80, 0x07, 0x00, 0x00, 0x80, 0x01, 0x00, 0x00,
    0x80, 0x00, 0x00, 0x00, 0x00, 0x04, 0x00, 0x00, 0x00, 0x3c, 0x80, 0x01, 0x20, 0xf8, 0x80, 0x01,
    0x60, 0xc0, 0xc7, 0x00, 0xc0, 0x00, 0x7e, 0x00, 0x00, 0x00, 0x1f, 0x00, 0x00, 0xe0, 0x03, 0x00,
    0x00, 0x7c, 0x00, 0x00, 0x00, 0x0c, 0x00, 0x00, 0x80, 0x00, 0x00, 0x00, 0x80, 0x01, 0x00, 0x00,
    0x80, 0x07, 0x00, 0x00, 0x00, 0x1e, 0x00, 0x00, 0x00, 0x78, 0x00, 0x00, 0x00, 0xe0, 0xdf, 0x00,
    0x00, 0xe0, 0xdf, 0x00, 0x00, 0x78, 0x00, 0x00, 0x00, 0x1e, 0x00, 0x00, 0x80, 0x07, 0x00, 0x00,
    0x80, 0x01, 0x00, 0x00, 0x80, 0x00, 0x00, 0x00, 0x00, 0x04, 0x00, 0x00, 0x00, 0x3c, 0x80, 0x01,
    0x00, 0xf8, 0x80, 0x01, 0x00, 0xc0, 0xc7, 0x00, 0x00, 0x00, 0x7e, 0x00, 0x00, 0x00, 0x1f, 0x00,
    0x00, 0xe0, 0x83, 0x01, 0x00, 0x7c, 0x80, 0x01, 0x00, 0x0c, 0x00, 0x00, 0x80, 0x00, 0x00, 0x00,
    0x80, 0x01, 0x00, 0x00, 0x80, 0x07, 0x00, 0x00, 0x00, 0x1e, 0x00, 0x00, 0x00, 0x78, 0x00, 0x00,
    0x04, 0xe0, 0x1f, 0x00, 0x34, 0xe0, 0x1f, 0x00, 0x1c, 0x78, 0x00, 0x00, 0x00, 0x1e, 0x00, 0x00,
    0x80, 0x07, 0x00, 0x00, 0x80, 0x01, 0x00, 0x00, 0x80, 0x00, 0x00, 0x00, 0x00, 0x04, 0x00, 0x00,
    0x00, 0x3c, 0x80, 0x01, 0x00, 0xf8, 0x80, 0x01, 0x00, 0xc0, 0xc7, 0x00, 0x10, 0x00, 0x7e, 0x00,
    0xd0, 0x00, 0x1f, 0x00, 0x70, 0xe0, 0x03, 0x00, 0x00, 0x7c, 0x00, 0x00, 0x00, 0x0c, 0x00, 0x00,
    0x80, 0x00, 0x00, 0x00, 0x80, 0x01, 0x00, 0x00, 0xb0, 0x07, 0x00, 0x00, 0x18, 0x1e, 0x00, 0x00,
    0x08, 0x78, 0x00, 0x00, 0x10, 0xe0, 0x1f, 0x00, 0x20, 0xe0, 0x1f, 0x00, 0x30, 0x78, 0x00, 0x00,
    0x18, 0x1e, 0x00, 0x00, 0x80, 0x07, 0x00, 0x00, 0x80, 0x01, 0x00, 0x00, 0x80, 0x00, 0x00, 0x00,
    0x00, 0x04, 0x00, 0x00, 0xc0, 0x3c, 0x80, 0x01, 0x60, 0xf8, 0x80, 0x01, 0x20, 0xc0, 0xc7, 0x00,
    0x40, 0x00, 0x7e, 0x00, 0x80, 0x00, 0x1f, 0x00, 0xc0, 0xe0, 0x03, 0x00, 0x60, 0x7c, 0x00, 0x00,
    0x00, 0x0c, 0x00, 0x00,
};

static const uint16_t mf_bwfont_Roboto_Regular20bw_glyph_offsets_16[91] PROGMEM = {
    0x0000, 0x000d, 0x0017, 0x0024, 0x002e, 0x003b, 0x0047, 0x0054,
    0x005e, 0x006b, 0x0076, 0x0083, 0x008d, 0x009a, 0x00a4, 0x00b1,
    0x00bb, 0x00c8, 0x00d2, 0x00df, 0x00e9, 0x00f6, 0x0100, 0x010d,
    0x0117, 0x0122, 0x012c, 0x0137, 0x0141, 0x014c, 0x0156, 0x0162,
    0x016e, 0x0179, 0x0183, 0x018e, 0x0199, 0x01a4, 0x01ae, 0x01b9,
    0x01c3, 0x01c7, 0x01cb, 0x01cf, 0x01d2, 0x01df, 0x01ea, 0x01f7,
    0x0202, 0x020f, 0x021b, 0x0228, 0x0233, 0x0240, 0x024b, 0x0258,
    0x0263, 0x0270, 0x027b, 0x0289, 0x0295, 0x02a3, 0x02af, 0x02bd,
    0x02c9, 0x02d7, 0x02e3, 0x02f1, 0x02fd, 0x0309, 0x0313, 0x031f,
    0x0329, 0x0338, 0x0345, 0x0354, 0x0361, 0x0370, 0x037d, 0x038c,
    0x0399, 0x03a8, 0x03b5, 0x03c1, 0x03ca, 0x03d6, 0x03df, 0x03eb,
    0x03f4, 0x0400, 0x0409,
};

static const uint8_t mf_bwfont_Roboto_Regular20bw_glyph_widths_16[90] PROGMEM = {
    0x0d, 0x0b, 0x0d, 0x0b, 0x0d, 0x0b, 0x0d, 0x0b, 0x0d, 0x0b, 0x0d, 0x0b, 0x0d, 0x0b, 0x0d, 0x0b,
    0x0d, 0x0b, 0x0d, 0x0b, 0x0d, 0x0b, 0x0d, 0x0b, 0x0b, 0x0b, 0x0b, 0x0b, 0x0b, 0x0b, 0x0b, 0x0b,
    0x0b, 0x0b, 0x0b, 0x0b, 0x0b, 0x0b, 0x0b, 0x0b, 0x05, 0x05, 0x05, 0x05, 0x0e, 0x0b, 0x0e, 0x0b,
    0x0e, 0x0b, 0x0e, 0x0b, 0x0e, 0x0b, 0x0e, 0x0b, 0x0e, 0x0b, 0x0e, 0x0b, 0x0e, 0x0b, 0x0e, 0x0b,
    0x0e, 0x0b, 0x0e, 0x0b, 0x0d, 0x0b, 0x0d, 0x0b, 0x0e, 0x0c, 0x0e, 0x0c, 0x0e, 0x0c, 0x0e, 0x0c,
    0x0e, 0x0c, 0x0c, 0x09, 0x0c, 0x09, 0x0c, 0x09, 0x0c, 0x09,
};

static const uint8_t mf_bwfont_Roboto_Regular20bw_glyph_data_17[36] PROGMEM = {
    0x07, 0x00, 0x0f, 0x00, 0x00, 0x00, 0x0c, 0x00, 0x07, 0x00, 0x01, 0x00, 0xf0, 0x03, 0xfc, 0x0f,
    0x0e, 0x1c, 0x03, 0x30, 0x03, 0x30, 0x03, 0x30, 0x03, 0x30, 0x03, 0x30, 0x06, 0x18, 0x1e, 0x1e,
    0xfc, 0x0f, 0xe0, 0x01,
};

static const uint16_t mf_bwfont_Roboto_Regular20bw_glyph_offsets_17[2] PROGMEM = {
    0x0000, 0x0012,
};

static const uint8_t mf_bwfont_Roboto_Regular20bw_glyph_widths_17[1] PROGMEM = {
    0x0e,
};

static const uint8_t mf_bwfont_Roboto_Regular20bw_glyph_data_18[567] PROGMEM = {
    0x00, 0x02, 0x00, 0x00, 0x02, 0x00, 0x00, 0x02, 0x00, 0x00, 0x02, 0x00, 0x00, 0x02, 0x00, 0x00,
    0x02, 0x00, 0x00, 0x02, 0x00, 0x00, 0x02, 0x00, 0x00, 0x02, 0x00, 0x00, 0x02, 0x00, 0x00, 0x00,
    0x00, 0x00, 0x00, 0x00, 0x00, 0x01, 0x00, 0x00, 0x01, 0x00, 0x00, 0x01, 0x00, 0x00, 0x01, 0x00,
    0x00, 0x01, 0x00, 0x00, 0x01, 0x00, 0x00, 0x01, 0x00, 0x00, 0x01, 0x00, 0x00, 0x01, 0x00, 0x00,
    0x00, 0x00, 0x00, 0x01, 0x00, 0x00, 0x01, 0x00, 0x00, 0x01, 0x00, 0x00, 0x01, 0x00, 0x00, 0x01,
    0x00, 0x00, 0x01, 0x00, 0x00, 0x01, 0x00, 0x00, 0x01, 0x00, 0x00, 0x01, 0x00, 0x00, 0x01, 0x00,
    0x00, 0x01, 0x00, 0x00, 0x01, 0x00, 0x00, 0x01, 0x00, 0x00, 0x00, 0x00, 0x00, 0x01, 0x00, 0x00,
    0x01, 0x00, 0x00, 0x01, 0x00, 0x00, 0x01, 0x00, 0x00, 0x01, 0x00, 0x00, 0x01, 0x00, 0x00, 0x01,
    0x00, 0x00, 0x01, 0x00, 0x00, 0x01, 0x00, 0x00, 0x01, 0x00, 0x00, 0x01, 0x00, 0x00, 0x01, 0x00,
    0x00, 0x01, 0x00, 0x00, 0x80, 0x02, 0x00, 0x80, 0x02, 0x00, 0x80, 0x02, 0x00, 0x80, 0x02, 0x00,
    0x80, 0x02, 0x00, 0x80, 0x02, 0x00, 0x80, 0x02, 0x00, 0x80, 0x02, 0x00, 0x80, 0x02, 0x00, 0x00,
    0x00, 0x1c, 0x00, 0x00, 0x1f, 0x00, 0x00, 0x00, 0x00, 0x00, 0x1f, 0x00, 0x00, 0x0f, 0x00, 0x00,
    0x00, 0x00, 0x00, 0x00, 0xe0, 0x03, 0x00, 0xe0, 0x00, 0x00, 0x00, 0x00, 0x0f, 0x00, 0x00, 0x1f,
    0x00, 0x00, 0x00, 0x00, 0x00, 0x1c, 0x00, 0x00, 0x1f, 0x00, 0x00, 0x00, 0x00, 0x00, 0x1c, 0x00,
    0x00, 0x1f, 0x00, 0x00, 0x00, 0x00, 0x00, 0x1f, 0x00, 0x00, 0x0f, 0x00, 0x00, 0x00, 0x00, 0x00,
    0x1f, 0x00, 0x00, 0x0f, 0x00, 0x00, 0x00, 0x00, 0x00, 0x00, 0xe0, 0x03, 0x00, 0xe0, 0x01, 0x00,
    0x00, 0x00, 0x00, 0xe0, 0x03, 0x00, 0xe0, 0x00, 0x00, 0x00, 0x00, 0x20, 0x00, 0x00, 0x20, 0x00,
    0x00, 0x20, 0x00, 0x00, 0x20, 0x00, 0x00, 0xfe, 0x7f, 0x00, 0x20, 0x00, 0x00, 0x20, 0x00, 0x00,
    0x20, 0x00, 0x00, 0x20, 0x00, 0x00, 0x00, 0x00, 0x00, 0x20, 0x40, 0x00, 0x20, 0x40, 0x00, 0x20,
    0x40, 0x00, 0x20, 0x40, 0x00, 0xfe, 0xff, 0x07, 0xfe, 0xff, 0x07, 0x20, 0x40, 0x00, 0x20, 0x40,
    0x00, 0x20, 0x40, 0x00, 0x20, 0x40, 0x00, 0x00, 0x00, 0x00, 0x80, 0x01, 0x00, 0xc0, 0x03, 0x00,
    0xc0, 0x03, 0x00, 0xc0, 0x03, 0x00, 0x00, 0x00, 0x00, 0x00, 0x20, 0x00, 0x00, 0x60, 0x00, 0x00,
    0x60, 0x00, 0x00, 0x00, 0x00, 0x00, 0x20, 0x00, 0x00, 0x60, 0x00, 0x00, 0x60, 0x00, 0x00, 0x00,
    0x00, 0x00, 0x20, 0x00, 0x00, 0x60, 0x00, 0x00, 0x60, 0x00, 0x00, 0x00, 0x00, 0x00, 0x20, 0x00,
    0x00, 0x60, 0x00, 0x00, 0x60, 0x00, 0x00, 0x00, 0x00, 0x00, 0x20, 0x00, 0x00, 0x60, 0x00, 0x00,
    0x60, 0x00, 0x00, 0x00, 0x00, 0x00, 0x03, 0x00, 0x00, 0x03, 0x00, 0x00, 0x00, 0x00, 0x7c, 0x00,
    0x00, 0xc6, 0x00, 0x00, 0x82, 0x00, 0x00, 0x82, 0x18, 0x00, 0x7c, 0x0c, 0x00, 0x10, 0x03, 0x00,
    0xc0, 0x01, 0x00, 0x60, 0x3e, 0x00, 0x18, 0x63, 0x00, 0x0c, 0x41, 0x00, 0x00, 0x41, 0x00, 0x00,
    0x77, 0x00, 0x00, 0x3e, 0x00, 0x00, 0x41, 0x00, 0x00, 0x41, 0x00, 0x00, 0x63, 0x00, 0x00, 0x3e,
    0x00, 0x00, 0x00, 0x00, 0x1f, 0x00, 0x00, 0x00, 0x00, 0x00, 0x1f, 0x00, 0x00, 0x0f, 0x00, 0x00,
    0x00, 0x00, 0x00, 0x1f, 0x00, 0x00, 0x00, 0x00, 0x00, 0x00, 0x02, 0x00, 0x00, 0x07, 0x00, 0x80,
    0x0d, 0x00, 0x40, 0x10, 0x00, 0x00, 0x00, 0x00, 0x40, 0x10, 0x00, 0xc0, 0x19, 0x00, 0x00, 0x0f,
    0x00, 0x00, 0x06, 0x00, 0x00, 0x00, 0x00, 0x00, 0x00, 0x00, 0xfe, 0x67, 0x00, 0x0e, 0x60, 0x00,
    0x00, 0x00, 0x00, 0x00, 0x00, 0x00, 0x00, 0x00, 0x00, 0xfe, 0x67, 0x00, 0x0e, 0x60, 0x00, 0x00,
    0x00, 0x00, 0x00, 0x18, 0x00, 0x00, 0x0c, 0x00, 0x00, 0x03, 0x00, 0x80, 0x01, 0x00, 0x60, 0x00,
    0x00, 0x30, 0x00, 0x00, 0x0c, 0x00, 0x00,
};

static const uint16_t mf_bwfont_Roboto_Regular20bw_glyph_offsets_18[70] PROGMEM = {
    0x0000, 0x0000, 0x0000, 0x0000, 0x0000, 0x0000, 0x0000, 0x0000,
    0x0000, 0x0000, 0x0000, 0x0000, 0x0000, 0x0000, 0x0000, 0x0000,
    0x0000, 0x0005, 0x000a, 0x000a, 0x0015, 0x0023, 0x0031, 0x0031,
    0x003a, 0x003d, 0x0040, 0x0043, 0x0046, 0x004c, 0x0052, 0x0058,
    0x0058, 0x0062, 0x006d, 0x0072, 0x0072, 0x0072, 0x007a, 0x0086,
    0x0089, 0x0089, 0x0089, 0x0089, 0x0089, 0x0089, 0x0089, 0x0089,
    0x0089, 0x009b, 0x009b, 0x009d, 0x00a2, 0x00a2, 0x00a2, 0x00a2,
    0x00a2, 0x00a2, 0x00a7, 0x00ac, 0x00ac, 0x00b5, 0x00b5, 0x00b5,
    0x00b5, 0x00b5, 0x00b5, 0x00b5, 0x00b5, 0x00bd,
};

static const uint8_t mf_bwfont_Roboto_Regular20bw_glyph_widths_18[69] PROGMEM = {
    0x0a, 0x14, 0x0a, 0x14, 0x07, 0x05, 0x03, 0x0b, 0x05, 0x04, 0x02, 0x00, 0x00, 0x00, 0x00, 0x00,
    0x06, 0x06, 0x00, 0x0d, 0x10, 0x10, 0x00, 0x09, 0x04, 0x04, 0x04, 0x04, 0x07, 0x07, 0x07, 0x00,
    0x0b, 0x0b, 0x07, 0x00, 0x00, 0x09, 0x0d, 0x04, 0x00, 0x00, 0x00, 0x00, 0x00, 0x00, 0x00, 0x00,
    0x13, 0x00, 0x04, 0x06, 0x00, 0x00, 0x00, 0x00, 0x00, 0x06, 0x06, 0x00, 0x0a, 0x00, 0x00, 0x00,
    0x00, 0x00, 0x00, 0x00, 0x09,
};

static const uint8_t mf_bwfont_Roboto_Regular20bw_glyph_data_19[450] PROGMEM = {
    0xfc, 0x00, 0x00, 0x86, 0x01, 0x00, 0x02, 0x01, 0x00, 0x86, 0x01, 0x00, 0xfc, 0x00, 0x00, 0x30,
    0x00, 0x00, 0x60, 0x00, 0x00, 0x58, 0x00, 0x00, 0x4c, 0x00, 0x00, 0xfe, 0x01, 0x00, 0xfe, 0x01,
    0x00, 0x40, 0x00, 0x00, 0x9c, 0x00, 0x00, 0x9e, 0x01, 0x00, 0x12, 0x01, 0x00, 0x12, 0x01, 0x00,
    0xf2, 0x01, 0x00, 0x40, 0x00, 0x00, 0xf8, 0x00, 0x00, 0xac, 0x01, 0x00, 0x16, 0x01, 0x00, 0x12,
    0x01, 0x00, 0xf0, 0x01, 0x00, 0x60, 0x00, 0x00, 0x02, 0x00, 0x00, 0x82, 0x01, 0x00, 0xe2, 0x00,
    0x00, 0x3a, 0x00, 0x00, 0x0e, 0x00, 0x00, 0x02, 0x00, 0x00, 0xdc, 0x00, 0x00, 0xbe, 0x01, 0x00,
    0x22, 0x01, 0x00, 0x36, 0x01, 0x00, 0xfc, 0x01, 0x00, 0x1c, 0x00, 0x00, 0x36, 0x01, 0x00, 0x22,
    0x01, 0x00, 0xa6, 0x01, 0x00, 0xfc, 0x00, 0x00, 0x40, 0x00, 0x00, 0x40, 0x00, 0x00, 0xf8, 0x07,
    0x00, 0xf8, 0x07, 0x00, 0x40, 0x00, 0x00, 0x40, 0x00, 0x00, 0x40, 0x00, 0x00, 0x40, 0x00, 0x00,
    0x40, 0x00, 0x00, 0x40, 0x00, 0x00, 0x40, 0x00, 0x00, 0x40, 0x00, 0x00, 0xa0, 0x00, 0x00, 0xa0,
    0x00, 0x00, 0xa0, 0x00, 0x00, 0xa0, 0x00, 0x00, 0xa0, 0x00, 0x00, 0xa0, 0x00, 0x00, 0xf8, 0x01,
    0x00, 0x0e, 0x07, 0x00, 0x03, 0x0c, 0x00, 0x03, 0x0c, 0x00, 0xfe, 0x07, 0x00, 0xf8, 0x01, 0x00,
    0xfc, 0x03, 0x00, 0xfc, 0x03, 0x00, 0x0c, 0x00, 0x00, 0x04, 0x00, 0x00, 0x0c, 0x00, 0x00, 0xfc,
    0x03, 0x00, 0x00, 0xe0, 0x07, 0x00, 0x30, 0x0c, 0x00, 0x10, 0x08, 0x00, 0x30, 0x0c, 0x00, 0xe0,
    0x07, 0x00, 0x80, 0x01, 0x00, 0x20, 0x00, 0x00, 0x20, 0x00, 0x00, 0xf0, 0x0f, 0x00, 0xf0, 0x0f,
    0x00, 0x60, 0x0c, 0x00, 0x30, 0x0e, 0x00, 0x10, 0x0b, 0x00, 0xb0, 0x09, 0x00, 0xe0, 0x08, 0x00,
    0x00, 0x08, 0x00, 0x20, 0x04, 0x00, 0x30, 0x0c, 0x00, 0x90, 0x08, 0x00, 0x90, 0x0c, 0x00, 0x70,
    0x07, 0x00, 0x00, 0x02, 0x00, 0x00, 0x03, 0x00, 0xc0, 0x02, 0x00, 0x60, 0x02, 0x00, 0xf0, 0x0f,
    0x00, 0xf0, 0x0f, 0x00, 0x00, 0x02, 0x00, 0xe0, 0x04, 0x00, 0xf0, 0x0c, 0x00, 0x90, 0x08, 0x00,
    0x90, 0x08, 0x00, 0x90, 0x0f, 0x00, 0x00, 0x02, 0x00, 0xc0, 0x07, 0x00, 0x60, 0x0d, 0x00, 0xb0,
    0x08, 0x00, 0x90, 0x08, 0x00, 0x80, 0x0f, 0x00, 0x00, 0x03, 0x00, 0x10, 0x00, 0x00, 0x10, 0x0c,
    0x00, 0x10, 0x07, 0x00, 0xd0, 0x01, 0x00, 0x70, 0x00, 0x00, 0x10, 0x00, 0x00, 0xe0, 0x06, 0x00,
    0xf0, 0x0d, 0x00, 0x10, 0x09, 0x00, 0xb0, 0x09, 0x00, 0xe0, 0x0f, 0x00, 0xe0, 0x00, 0x00, 0xb0,
    0x09, 0x00, 0x10, 0x09, 0x00, 0x30, 0x0d, 0x00, 0xe0, 0x07, 0x00, 0x00, 0x01, 0x00, 0x00, 0x01,
    0x00, 0xe0, 0x1f, 0x00, 0xe0, 0x1f, 0x00, 0x00, 0x01, 0x00, 0x00, 0x01, 0x00, 0x00, 0x01, 0x00,
    0x00, 0x01, 0x00, 0x00, 0x01, 0x00, 0x00, 0x01, 0x00, 0x00, 0x01, 0x00, 0x00, 0x01, 0x00, 0x80,
    0x02, 0x00, 0x80, 0x02, 0x00, 0x80, 0x02, 0x00, 0x80, 0x02, 0x00, 0x80, 0x02, 0x00, 0x80, 0x02,
    0x00, 0xf0, 0x07, 0x00, 0x38, 0x0e, 0x00, 0x0c, 0x18, 0x00, 0x0c, 0x18, 0x00, 0xf8, 0x0f, 0x00,
    0xe0, 0x03,
};

static const uint16_t mf_bwfont_Roboto_Regular20bw_glyph_offsets_19[32] PROGMEM = {
    0x0000, 0x0006, 0x0006, 0x0006, 0x0006, 0x000c, 0x0012, 0x0018,
    0x001e, 0x0023, 0x0028, 0x002e, 0x0034, 0x003a, 0x003d, 0x0040,
    0x0046, 0x004c, 0x0050, 0x0056, 0x005c, 0x0062, 0x0068, 0x006e,
    0x0074, 0x0079, 0x007e, 0x0084, 0x008a, 0x0090, 0x0093, 0x0096,
};

static const uint8_t mf_bwfont_Roboto_Regular20bw_glyph_widths_19[31] PROGMEM = {
    0x07, 0x00, 0x00, 0x00, 0x07, 0x07, 0x07, 0x07, 0x07, 0x07, 0x08, 0x07, 0x07, 0x05, 0x05, 0x08,
    0x07, 0x07, 0x07, 0x07, 0x07, 0x07, 0x07, 0x07, 0x07, 0x07, 0x08, 0x07, 0x07, 0x05, 0x05,
};

static const uint8_t mf_bwfont_Roboto_Regular20bw_glyph_data_20[546] PROGMEM = {
    0x00, 0x08, 0x00, 0x00, 0x08, 0x00, 0xfe, 0x7f, 0x00, 0xfe, 0x7f, 0x00, 0x86, 0x09, 0x00, 0x86,
    0x09, 0x00, 0x86, 0x09, 0x00, 0x86, 0x01, 0x00, 0x86, 0x01, 0x00, 0x86, 0x01, 0x00, 0x00, 0x00,
    0x00, 0x80, 0x62, 0x00, 0xf0, 0x73, 0x00, 0xfc, 0x7f, 0x00, 0x8e, 0x62, 0x00, 0x86, 0x62, 0x00,
    0x86, 0x62, 0x00, 0x86, 0x62, 0x00, 0x06, 0x60, 0x00, 0x1c, 0x60, 0x00, 0x18, 0x60, 0x00, 0x80,
    0x02, 0x00, 0x80, 0x02, 0x00, 0xfe, 0x7f, 0x00, 0xfe, 0x7f, 0x00, 0x9e, 0x02, 0x00, 0xb8, 0x02,
    0x00, 0xf0, 0x02, 0x00, 0xc0, 0x03, 0x00, 0x80, 0x07, 0x00, 0x80, 0x0e, 0x00, 0x80, 0x3e, 0x00,
    0xfe, 0x7f, 0x00, 0xfe, 0x7f, 0x00, 0x80, 0x02, 0x00, 0x80, 0x02, 0x00, 0x80, 0x02, 0x00, 0x00,
    0x00, 0x00, 0x00, 0x00, 0x00, 0xfe, 0x7f, 0x00, 0x02, 0x02, 0x00, 0x02, 0x02, 0x00, 0x02, 0x02,
    0x00, 0x06, 0x03, 0x00, 0x06, 0x03, 0x00, 0xfc, 0x01, 0x00, 0xf8, 0x00, 0x00, 0x10, 0x00, 0x00,
    0xfe, 0x3f, 0x00, 0xfe, 0x7f, 0x00, 0x10, 0x60, 0x00, 0x10, 0x60, 0x00, 0x00, 0x00, 0x00, 0x00,
    0x00, 0x00, 0xfe, 0x7f, 0x00, 0xfe, 0x7f, 0x00, 0x86, 0x01, 0x00, 0x86, 0x01, 0x00, 0x86, 0x01,
    0x00, 0x86, 0x03, 0x00, 0x86, 0x0f, 0x00, 0xfc, 0x3c, 0x00, 0x7c, 0x70, 0x00, 0x00, 0x40, 0x00,
    0xc0, 0x10, 0x00, 0xe0, 0x31, 0x00, 0x30, 0x63, 0x00, 0x30, 0x63, 0x00, 0x10, 0x62, 0x00, 0x30,
    0x66, 0x00, 0x60, 0x7e, 0x00, 0x60, 0x3c, 0x00, 0x40, 0x02, 0x00, 0x5e, 0x02, 0x00, 0xfe, 0x03,
    0x00, 0xc0, 0x3f, 0x00, 0x40, 0x72, 0x00, 0xc0, 0x3f, 0x00, 0xfe, 0x03, 0x00, 0x4e, 0x02, 0x00,
    0xfc, 0x03, 0x00, 0x40, 0x7f, 0x00, 0x40, 0x7a, 0x00, 0xe0, 0x1f, 0x00, 0xfe, 0x03, 0x00, 0x4e,
    0x02, 0x00, 0x40, 0x02, 0x00, 0x00, 0x00, 0x00, 0xf0, 0x7f, 0x00, 0xf0, 0x7f, 0x00, 0x10, 0x00,
    0x00, 0x10, 0x00, 0x00, 0x10, 0x7f, 0x00, 0x10, 0x7f, 0x00, 0x30, 0x40, 0x00, 0xf0, 0x47, 0x00,
    0xe0, 0x47, 0x00, 0x00, 0x60, 0x00, 0x00, 0x60, 0x00, 0xf0, 0x7f, 0x00, 0xf0, 0x3f, 0x00, 0x00,
    0x00, 0x00, 0xc0, 0x0f, 0x00, 0xe0, 0x3f, 0x01, 0x70, 0x70, 0x01, 0x30, 0x60, 0x01, 0x34, 0x60,
    0x01, 0x34, 0x60, 0x01, 0x24, 0x20, 0x01, 0xff, 0x7f, 0x01, 0xff, 0x7f, 0x01, 0x04, 0x00, 0x01,
    0x04, 0x00, 0x00, 0x00, 0x00, 0x00, 0x40, 0x01, 0x00, 0x40, 0x01, 0x00, 0xf8, 0x1f, 0x00, 0xfc,
    0x3f, 0x00, 0x46, 0x61, 0x00, 0x46, 0x61, 0x00, 0x46, 0x61, 0x00, 0x06, 0x60, 0x00, 0x06, 0x60,
    0x00, 0x50, 0x00, 0x00, 0x50, 0x00, 0x00, 0xfe, 0x7f, 0x00, 0xfe, 0x7f, 0x00, 0x56, 0x03, 0x00,
    0x56, 0x03, 0x00, 0x56, 0x03, 0x00, 0x56, 0x03, 0x00, 0x56, 0x01, 0x00, 0x56, 0x01, 0x00, 0xdc,
    0x01, 0x00, 0xf8, 0x00, 0x00, 0x50, 0x00, 0x00, 0x50, 0x00, 0x00, 0x04, 0x00, 0x00, 0x36, 0x03,
    0x00, 0x36, 0x0f, 0x00, 0x36, 0x1f, 0x00, 0x36, 0x3b, 0x00, 0x36, 0x73, 0x00, 0xfe, 0x61, 0x00,
    0xfe, 0x40, 0x00, 0x36, 0x00, 0x00, 0x32, 0x00, 0x00, 0x60, 0x03, 0x00, 0x20, 0x03, 0x00, 0xb0,
    0x01, 0x00, 0xfe, 0x7f, 0x00, 0xfe, 0x7f, 0x00, 0xd8, 0x60, 0x00, 0x4c, 0x60, 0x00, 0x00, 0x30,
    0x00, 0x80, 0x1f, 0x00, 0x80, 0x0f, 0x00, 0x00, 0x00, 0x00, 0x00, 0x7c, 0x00, 0x00, 0x7f, 0x00,
    0x80, 0x01, 0x00, 0xc0, 0x00, 0x00, 0xc0, 0x00, 0x00, 0xf0, 0x7f, 0x00, 0xf0, 0x7f, 0x00, 0xc0,
    0x00, 0x00, 0x80, 0x01, 0x00, 0x00, 0x7f, 0x00, 0x00, 0x7e, 0x00, 0x00, 0x1b, 0x00, 0x00, 0x1b,
    0x00, 0xfe, 0x7f, 0x00, 0xfe, 0x7f, 0x00, 0x06, 0x1b, 0x00, 0x06, 0x1b, 0x00, 0x06, 0x1b, 0x00,
    0x06, 0x03, 0x00, 0x06, 0x03, 0x00, 0x06, 0x03, 0x00, 0x8c, 0x01, 0x00, 0xf8, 0x01, 0x00, 0x20,
    0x00, 0x00,
};

static const uint16_t mf_bwfont_Roboto_Regular20bw_glyph_offsets_20[28] PROGMEM = {
    0x0000, 0x000a, 0x0015, 0x0015, 0x0025, 0x0034, 0x0048, 0x0057,
    0x0065, 0x0071, 0x007b, 0x007b, 0x007b, 0x007b, 0x007b, 0x0089,
    0x0089, 0x0089, 0x0089, 0x0089, 0x0089, 0x0089, 0x0089, 0x0093,
    0x009d, 0x009d, 0x00a9, 0x00b6,
};

static const uint8_t mf_bwfont_Roboto_Regular20bw_glyph_widths_20[27] PROGMEM = {
    0x0b, 0x0c, 0x00, 0x10, 0x10, 0x15, 0x0f, 0x0f, 0x0c, 0x0b, 0x00, 0x00, 0x00, 0x00, 0x0f, 0x00,
    0x00, 0x00, 0x00, 0x00, 0x00, 0x00, 0x0a, 0x0b, 0x00, 0x0d, 0x0d,
};

static const uint8_t mf_bwfont_Roboto_Regular20bw_glyph_data_21[140] PROGMEM = {
    0x38, 0x00, 0xfe, 0x00, 0x82, 0x00, 0x82, 0x30, 0xce, 0x0c, 0x08, 0x06, 0x80, 0x01, 0xc0, 0x3e,
    0x30, 0x63, 0x18, 0x41, 0x00, 0x41, 0x00, 0x7f, 0x00, 0x1c, 0x00, 0x06, 0x00, 0x06, 0xfe, 0x1f,
    0xff, 0x3f, 0x83, 0x61, 0xe3, 0x61, 0x7e, 0x00, 0x0c, 0x00, 0x00, 0x00, 0xfe, 0x7f, 0x0e, 0x00,
    0x38, 0x00, 0xe0, 0x00, 0xc0, 0x03, 0x00, 0x0f, 0x00, 0x3c, 0xfe, 0x7f, 0xfe, 0x7f, 0x00, 0x00,
    0x00, 0x00, 0xfc, 0x04, 0x86, 0x05, 0x02, 0x05, 0x02, 0x05, 0x86, 0x05, 0xfc, 0x04, 0x02, 0x00,
    0x3e, 0x00, 0x02, 0x00, 0x02, 0x00, 0x3c, 0x00, 0x06, 0x00, 0x18, 0x00, 0x38, 0x00, 0x06, 0x00,
    0x3e, 0x00, 0xe0, 0x67, 0xf8, 0x7f, 0x0c, 0x78, 0x06, 0x60, 0x06, 0x60, 0x06, 0x00, 0x06, 0x60,
    0x06, 0x60, 0x0c, 0x78, 0xf8, 0x7f, 0xf0, 0x67, 0x00, 0x02, 0xc0, 0x1f, 0xe0, 0x3f, 0x20, 0x62,
    0x10, 0x42, 0x10, 0x42, 0x10, 0x42, 0x30, 0x42, 0xe0, 0x23, 0xc0, 0x03,
};

static const uint16_t mf_bwfont_Roboto_Regular20bw_glyph_offsets_21[43] PROGMEM = {
    0x0000, 0x000d, 0x000d, 0x000d, 0x000d, 0x000d, 0x000d, 0x000d,
    0x000d, 0x000d, 0x000d, 0x000d, 0x000d, 0x000d, 0x000d, 0x0015,
    0x0015, 0x0015, 0x0027, 0x0027, 0x0027, 0x0027, 0x0027, 0x0027,
    0x0027, 0x0027, 0x0027, 0x0027, 0x0027, 0x0027, 0x0031, 0x0031,
    0x0031, 0x0031, 0x003c, 0x003c, 0x003c, 0x003c, 0x003c, 0x003c,
    0x003c, 0x003c, 0x0046,
};

static const uint8_t mf_bwfont_Roboto_Regular20bw_glyph_widths_21[42] PROGMEM = {
    0x0f, 0x00, 0x00, 0x00, 0x00, 0x00, 0x00, 0x00, 0x00, 0x00, 0x00, 0x00, 0x00, 0x00, 0x0a, 0x00,
    0x00, 0x15, 0x00, 0x00, 0x00, 0x00, 0x00, 0x00, 0x00, 0x00, 0x00, 0x00, 0x00, 0x0d, 0x00, 0x00,
    0x00, 0x0d, 0x00, 0x00, 0x00, 0x00, 0x00, 0x00, 0x00, 0x0d,
};

static const uint8_t mf_bwfont_Roboto_Regular20bw_glyph_data_22[108] PROGMEM = {
    0x02, 0x00, 0x02, 0x00, 0xff, 0x0c, 0xff, 0x06, 0x80, 0x01, 0xc0, 0x00, 0x30, 0x00, 0x18, 0x00,
    0x86, 0x1b, 0xc0, 0x37, 0x40, 0x24, 0xc0, 0x26, 0x80, 0x3f, 0x42, 0x00, 0xc3, 0x00, 0x89, 0x00,
    0xc9, 0x00, 0x77, 0x0c, 0x20, 0x06, 0x80, 0x01, 0xc0, 0x00, 0x30, 0x00, 0x98, 0x1b, 0xc6, 0x37,
    0x40, 0x24, 0xc0, 0x26, 0x80, 0x3f, 0x4e, 0x00, 0xcf, 0x00, 0x89, 0x00, 0x89, 0x00, 0xf9, 0x0c,
    0x20, 0x06, 0x80, 0x01, 0xc0, 0x00, 0x30, 0x00, 0x98, 0x1b, 0xc6, 0x37, 0x40, 0x24, 0xc0, 0x26,
    0x80, 0x3f, 0x01, 0x00, 0xc1, 0x00, 0x71, 0x00, 0x1d, 0x0c, 0x07, 0x06, 0x81, 0x01, 0xc0, 0x00,
    0x30, 0x00, 0x98, 0x1b, 0xc6, 0x37, 0x40, 0x24, 0xc0, 0x26, 0x80, 0x3f,
};

static const uint16_t mf_bwfont_Roboto_Regular20bw_glyph_offsets_22[5] PROGMEM = {
    0x0000, 0x000d, 0x001b, 0x0029, 0x0036,
};

static const uint8_t mf_bwfont_Roboto_Regular20bw_glyph_widths_22[4] PROGMEM = {
    0x0f, 0x11, 0x11, 0x10,
};

static const uint8_t mf_bwfont_Roboto_Regular20bw_glyph_data_23[309] PROGMEM = {
    0x00, 0x00, 0x00, 0x00, 0x00, 0x00, 0x80, 0x0f, 0x00, 0xc3, 0x3f, 0x00, 0xe3, 0x30, 0x00, 0x63,
    0x60, 0x00, 0x23, 0x40, 0x00, 0x63, 0x60, 0x00, 0x66, 0x60, 0x00, 0xde, 0x38, 0x00, 0xf8, 0x1f,
    0x00, 0x00, 0x01, 0x00, 0x00, 0x00, 0x00, 0x00, 0x00, 0x00, 0x00, 0x70, 0x00, 0x00, 0x7c, 0x00,
    0x00, 0x6f, 0x00, 0xe0, 0x63, 0x00, 0x78, 0x60, 0x00, 0x1e, 0x60, 0x00, 0x0e, 0x60, 0x00, 0x7c,
    0x60, 0x00, 0xe0, 0x61, 0x00, 0x80, 0x6f, 0x00, 0x00, 0x7c, 0x00, 0x00, 0x70, 0x00, 0x00, 0x00,
    0x00, 0x00, 0x00, 0x00, 0x00, 0x00, 0x00, 0xfe, 0xff, 0x01, 0x02, 0x00, 0x00, 0x02, 0x00, 0x00,
    0x02, 0x00, 0x00, 0x02, 0x00, 0x00, 0x02, 0x00, 0x00, 0x02, 0x00, 0x00, 0x02, 0x00, 0x00, 0xfe,
    0xff, 0x01, 0xfe, 0xff, 0x01, 0x00, 0x00, 0x00, 0x00, 0x00, 0x00, 0x06, 0x00, 0x03, 0x1e, 0xc0,
    0x03, 0x3a, 0xe0, 0x02, 0x72, 0x70, 0x02, 0xc2, 0x18, 0x02, 0x82, 0x0d, 0x02, 0x02, 0x07, 0x02,
    0x02, 0x02, 0x02, 0x02, 0x00, 0x02, 0x02, 0x00, 0x02, 0x00, 0x00, 0x02, 0x00, 0x00, 0x00, 0x00,
    0x00, 0x00, 0x00, 0x00, 0x00, 0x00, 0x01, 0x00, 0x00, 0x01, 0x00, 0x00, 0x01, 0x00, 0x00, 0x01,
    0x00, 0x00, 0x01, 0x00, 0x00, 0x01, 0x00, 0x00, 0x01, 0x00, 0x00, 0x01, 0x00, 0x00, 0x00, 0x00,
    0x00, 0x00, 0x00, 0x80, 0x01, 0x00, 0x80, 0x01, 0x00, 0x80, 0x0f, 0x00, 0x00, 0x3c, 0x00, 0x00,
    0x70, 0x00, 0x00, 0x3e, 0x00, 0x80, 0x0f, 0x00, 0xf0, 0x01, 0x00, 0x3e, 0x00, 0x00, 0x0e, 0x00,
    0x00, 0x00, 0x00, 0x00, 0x00, 0x00, 0x00, 0x80, 0x0f, 0x00, 0xe0, 0x3f, 0x00, 0x60, 0x30, 0x00,
    0x30, 0x60, 0x00, 0x10, 0x40, 0x00, 0x30, 0x60, 0x00, 0x30, 0x60, 0x00, 0x60, 0x30, 0x00, 0xc0,
    0x1f, 0x00, 0x80, 0x0f, 0x00, 0xc0, 0x18, 0x00, 0x60, 0x30, 0x00, 0x30, 0x60, 0x00, 0x10, 0x40,
    0x00, 0x30, 0x60, 0x00, 0x30, 0x60, 0x00, 0xe0, 0x38, 0x00, 0xc0, 0x1f, 0x00, 0x00, 0x02, 0x00,
    0x00, 0x00, 0x06, 0x00, 0x00, 0x06, 0x00, 0x00, 0x06, 0xfe, 0xff, 0x03, 0xff, 0xff, 0x00, 0x03,
    0x00, 0x00, 0x01, 0x00, 0x00,
};

static const uint16_t mf_bwfont_Roboto_Regular20bw_glyph_offsets_23[43] PROGMEM = {
    0x0000, 0x000c, 0x000c, 0x000c, 0x000c, 0x001a, 0x001a, 0x001a,
    0x001a, 0x001a, 0x001a, 0x001a, 0x001a, 0x001a, 0x0027, 0x0027,
    0x0034, 0x003f, 0x003f, 0x003f, 0x003f, 0x003f, 0x003f, 0x003f,
    0x003f, 0x004b, 0x004b, 0x004b, 0x004b, 0x0060, 0x0060, 0x0060,
    0x0060, 0x0060, 0x0060, 0x0060, 0x0060, 0x0060, 0x0060, 0x0060,
    0x0060, 0x0060, 0x0067,
};

static const uint8_t mf_bwfont_Roboto_Regular20bw_glyph_widths_23[42] PROGMEM = {
    0x0b, 0x00, 0x00, 0x00, 0x0e, 0x00, 0x00, 0x00, 0x00, 0x00, 0x00, 0x00, 0x00, 0x0e, 0x00, 0x0c,
    0x0b, 0x00, 0x00, 0x00, 0x00, 0x00, 0x00, 0x00, 0x0c, 0x00, 0x00, 0x00, 0x15, 0x00, 0x00, 0x00,
    0x00, 0x00, 0x00, 0x00, 0x00, 0x00, 0x00, 0x00, 0x00, 0x05,
};

static const uint8_t mf_bwfont_Roboto_Regular20bw_glyph_data_24[9] PROGMEM = {
    0x22, 0x33, 0x33, 0x33, 0x22, 0x66, 0x66, 0x66, 0x22,
};

static const uint16_t mf_bwfont_Roboto_Regular20bw_glyph_offsets_24[2] PROGMEM = {
    0x0000, 0x0009,
};

static const uint8_t mf_bwfont_Roboto_Regular20bw_glyph_widths_24[1] PROGMEM = {
    0x0b,
};

static const uint8_t mf_bwfont_Roboto_Regular20bw_glyph_data_25[52] PROGMEM = {
    0x98, 0x01, 0x98, 0x05, 0x98, 0x03, 0x98, 0x01, 0xf8, 0x01, 0x98, 0x01, 0x9c, 0x01, 0x9a, 0x01,
    0x98, 0x01, 0x18, 0x08, 0x18, 0x08, 0x3c, 0x08, 0x24, 0x08, 0x66, 0x08, 0x66, 0x08, 0xc3, 0x08,
    0xc3, 0x08, 0xc3, 0x08, 0xc3, 0x08, 0x42, 0x08, 0x66, 0x08, 0x24, 0x08, 0x3c, 0x08, 0x3c, 0x08,
    0x18, 0x08, 0x18, 0x00,
};

static const uint16_t mf_bwfont_Roboto_Regular20bw_glyph_offsets_25[7] PROGMEM = {
    0x0000, 0x0009, 0x0009, 0x0009, 0x0009, 0x0011, 0x001a,
};

static const uint8_t mf_bwfont_Roboto_Regular20bw_glyph_widths_25[6] PROGMEM = {
    0x0b, 0x00, 0x00, 0x00, 0x0a, 0x0a,
};

static const uint8_t mf_bwfont_Roboto_Regular20bw_glyph_data_26[16] PROGMEM = {
    0xe0, 0x01, 0xf8, 0x07, 0x1c, 0x0e, 0x07, 0x38, 0x07, 0x38, 0x1e, 0x1e, 0x38, 0x07, 0xe0, 0x01,
};

static const uint16_t mf_bwfont_Roboto_Regular20bw_glyph_offsets_26[2] PROGMEM = {
    0x0000, 0x0008,
};

static const uint8_t mf_bwfont_Roboto_Regular20bw_glyph_widths_26[1] PROGMEM = {
    0x0a,
};

static const uint8_t mf_bwfont_Roboto_Regular20bw_glyph_data_27[16] PROGMEM = {
    0x01, 0x01, 0x03, 0x03, 0x03, 0x03, 0x1e, 0x00, 0x00, 0x00, 0x00, 0x00, 0x1e, 0x00, 0x1e, 0x00,
};

static const uint16_t mf_bwfont_Roboto_Regular20bw_glyph_offsets_27[3] PROGMEM = {
    0x0000, 0x0003, 0x0008,
};

static const uint8_t mf_bwfont_Roboto_Regular20bw_glyph_widths_27[2] PROGMEM = {
    0x06, 0x06,
};

static const uint8_t mf_bwfont_Roboto_Regular20bw_glyph_data_28[2] PROGMEM = {
    0x0c, 0x07,
};

static const uint16_t mf_bwfont_Roboto_Regular20bw_glyph_offsets_28[2] PROGMEM = {
    0x0000, 0x0002,
};

static const uint8_t mf_bwfont_Roboto_Regular20bw_glyph_widths_28[1] PROGMEM = {
    0x05,
};

static const uint8_t mf_bwfont_Roboto_Regular20bw_glyph_data_29[104] PROGMEM = {
    0x10, 0x00, 0x10, 0x00, 0xfc, 0x7f, 0xfe, 0x7f, 0x13, 0x00, 0x13, 0x00, 0x03, 0x00, 0x03, 0x00,
    0xf0, 0x7f, 0xf0, 0x7f, 0x00, 0x00, 0x10, 0x00, 0xfc, 0x7f, 0xfe, 0x7f, 0x13, 0x00, 0x13, 0x00,
    0x03, 0x00, 0x03, 0x00, 0xff, 0x7f, 0xff, 0x7f, 0x00, 0x00, 0x10, 0x00, 0xfc, 0x7f, 0xfe, 0x7f,
    0x13, 0x00, 0x13, 0x00, 0x13, 0x00, 0x10, 0x00, 0xfc, 0x7f, 0xfe, 0x7f, 0x13, 0x00, 0x13, 0x00,
    0x03, 0x00, 0x03, 0x00, 0xf0, 0x7f, 0xf0, 0x7f, 0x00, 0x00, 0x10, 0x00, 0xfc, 0x7f, 0xfe, 0x7f,
    0x13, 0x00, 0x13, 0x00, 0x13, 0x00, 0x10, 0x00, 0xfe, 0x7f, 0xff, 0x7f, 0x13, 0x00, 0x13, 0x00,
    0x03, 0x00, 0x03, 0x00, 0xff, 0x7f, 0xff, 0x7f,
};

static const uint16_t mf_bwfont_Roboto_Regular20bw_glyph_offsets_29[5] PROGMEM = {
    0x0000, 0x000a, 0x0014, 0x0024, 0x0034,
};

static const uint8_t mf_bwfont_Roboto_Regular20bw_glyph_widths_29[4] PROGMEM = {
    0x0b, 0x0b, 0x11, 0x11,
};

static const uint8_t mf_bwfont_Roboto_Regular20bw_glyph_data_30[0] PROGMEM = {
    
};

static const uint16_t mf_bwfont_Roboto_Regular20bw_glyph_offsets_30[2] PROGMEM = {
    0x0000, 0x0000,
};

static const uint8_t mf_bwfont_Roboto_Regular20bw_glyph_widths_30[1] PROGMEM = {
    0x00,
};

static const uint8_t mf_bwfont_Roboto_Regular20bw_glyph_data_31[111] PROGMEM = {
    0xdc, 0xee, 0x0e, 0x04, 0x00, 0x08, 0x04, 0x00, 0x08, 0x00, 0x1e, 0x00, 0x04, 0x21, 0x08, 0x04,
    0x21, 0x08, 0x04, 0x1e, 0x08, 0x00, 0x00, 0x00, 0x04, 0x3f, 0x08, 0x04, 0x25, 0x08, 0x04, 0x25,
    0x08, 0x00, 0x1a, 0x00, 0x04, 0x00, 0x08, 0x04, 0x10, 0x08, 0x04, 0x20, 0x08, 0x00, 0x1f, 0x00,
    0x04, 0x00, 0x08, 0x04, 0x00, 0x08, 0xdc, 0xee, 0x0e, 0x00, 0x02, 0x00, 0x00, 0x07, 0x00, 0x80,
    0x0f, 0x00, 0xc0, 0x1f, 0x00, 0xe0, 0x3f, 0x00, 0xf0, 0x7f, 0x00, 0x78, 0xff, 0x00, 0x3c, 0xff,
    0x01, 0xbe, 0x97, 0x03, 0xbf, 0x93, 0x07, 0x3e, 0xf8, 0x03, 0x38, 0xfc, 0x01, 0xf0, 0xff, 0x00,
    0xe0, 0x7f, 0x00, 0xc0, 0x3f, 0x00, 0x80, 0x1f, 0x00, 0x00, 0x0f, 0x00, 0x00, 0x06, 0x00,
};

static const uint16_t mf_bwfont_Roboto_Regular20bw_glyph_offsets_31[3] PROGMEM = {
    0x0000, 0x0013, 0x0025,
};

static const uint8_t mf_bwfont_Roboto_Regular20bw_glyph_widths_31[2] PROGMEM = {
    0x15, 0x15,
};

static const struct mf_bwfont_char_range_s mf_bwfont_Roboto_Regular20bw_char_ranges[] = {
    {
        0, /* first char */
        14, /* char count */
        0, /* offset x */
        0, /* offset y */
        4, /* height in bytes */
        26, /* height in pixels */
        0, /* width */
        mf_bwfont_Roboto_Regular20bw_glyph_widths_0, /* glyph widths */
        mf_bwfont_Roboto_Regular20bw_glyph_offsets_0, /* glyph offsets */
        mf_bwfont_Roboto_Regular20bw_glyph_data_0, /* glyph data */
    },
    {
        32, /* first char */
        95, /* char count */
        14, /* offset x */
        5, /* offset y */
        3, /* height in bytes */
        21, /* height in pixels */
        0, /* width */
        mf_bwfont_Roboto_Regular20bw_glyph_widths_1, /* glyph widths */
        mf_bwfont_Roboto_Regular20bw_glyph_offsets_1, /* glyph offsets */
        mf_bwfont_Roboto_Regular20bw_glyph_data_1, /* glyph data */
    },
    {
        160, /* first char */
        224, /* char count */
        14, /* offset x */
        2, /* offset y */
        3, /* height in bytes */
        24, /* height in pixels */
        0, /* width */
        mf_bwfont_Roboto_Regular20bw_glyph_widths_2, /* glyph widths */
        mf_bwfont_Roboto_Regular20bw_glyph_offsets_2, /* glyph offsets */
        mf_bwfont_Roboto_Regular20bw_glyph_data_2, /* glyph data */
    },
    {
        399, /* first char */
        34, /* char count */
        15, /* offset x */
        6, /* offset y */
        3, /* height in bytes */
        19, /* height in pixels */
        0, /* width */
        mf_bwfont_Roboto_Regular20bw_glyph_widths_3, /* glyph widths */
        mf_bwfont_Roboto_Regular20bw_glyph_offsets_3, /* glyph offsets */
        mf_bwfont_Roboto_Regular20bw_glyph_data_3, /* glyph data */
    },
    {
        496, /* first char */
        16, /* char count */
        14, /* offset x */
        2, /* offset y */
        3, /* height in bytes */
        23, /* height in pixels */
        0, /* width */
        mf_bwfont_Roboto_Regular20bw_glyph_widths_4, /* glyph widths */
        mf_bwfont_Roboto_Regular20bw_glyph_offsets_4, /* glyph offsets */
        mf_bwfont_Roboto_Regular20bw_glyph_data_4, /* glyph data */
    },
    {
        536, /* first char */
        4, /* char count */
        15, /* offset x */
        7, /* offset y */
        3, /* height in bytes */
        19, /* height in pixels */
        0, /* width */
        mf_bwfont_Roboto_Regular20bw_glyph_widths_5, /* glyph widths */
        mf_bwfont_Roboto_Regular20bw_glyph_offsets_5, /* glyph offsets */
        mf_bwfont_Roboto_Regular20bw_glyph_data_5, /* glyph data */
    },
    {
        567, /* first char */
        1, /* char count */
        14, /* offset x */
        10, /* offset y */
        2, /* height in bytes */
        15, /* height in pixels */
        5, /* width */
        0, /* glyph widths */
        0, /* glyph offsets */
        mf_bwfont_Roboto_Regular20bw_glyph_data_6, /* glyph data */
    },
    {
        601, /* first char */
        1, /* char count */
        16, /* offset x */
        10, /* offset y */
        2, /* height in bytes */
        11, /* height in pixels */
        0, /* width */
        mf_bwfont_Roboto_Regular20bw_glyph_widths_7, /* glyph widths */
        mf_bwfont_Roboto_Regular20bw_glyph_offsets_7, /* glyph offsets */
        mf_bwfont_Roboto_Regular20bw_glyph_data_7, /* glyph data */
    },
    {
        700, /* first char */
        34, /* char count */
        16, /* offset x */
        5, /* offset y */
        3, /* height in bytes */
        20, /* height in pixels */
        0, /* width */
        mf_bwfont_Roboto_Regular20bw_glyph_widths_8, /* glyph widths */
        mf_bwfont_Roboto_Regular20bw_glyph_offsets_8, /* glyph offsets */
        mf_bwfont_Roboto_Regular20bw_glyph_data_8, /* glyph data */
    },
    {
        755, /* first char */
        29, /* char count */
        6, /* offset x */
        5, /* offset y */
        3, /* height in bytes */
        20, /* height in pixels */
        0, /* width */
        mf_bwfont_Roboto_Regular20bw_glyph_widths_9, /* glyph widths */
        mf_bwfont_Roboto_Regular20bw_glyph_offsets_9, /* glyph offsets */
        mf_bwfont_Roboto_Regular20bw_glyph_data_9, /* glyph data */
    },
    {
        803, /* first char */
        1, /* char count */
        8, /* offset x */
        22, /* offset y */
        1, /* height in bytes */
        2, /* height in pixels */
        0, /* width */
        mf_bwfont_Roboto_Regular20bw_glyph_widths_10, /* glyph widths */
        mf_bwfont_Roboto_Regular20bw_glyph_offsets_10, /* glyph offsets */
        mf_bwfont_Roboto_Regular20bw_glyph_data_10, /* glyph data */
    },
    {
        900, /* first char */
        83, /* char count */
        14, /* offset x */
        4, /* offset y */
        3, /* height in bytes */
        22, /* height in pixels */
        0, /* width */
        mf_bwfont_Roboto_Regular20bw_glyph_widths_11, /* glyph widths */
        mf_bwfont_Roboto_Regular20bw_glyph_offsets_11, /* glyph offsets */
        mf_bwfont_Roboto_Regular20bw_glyph_data_11, /* glyph data */
    },
    {
        1024, /* first char */
        276, /* char count */
        0, /* offset x */
        2, /* offset y */
        3, /* height in bytes */
        24, /* height in pixels */
        0, /* width */
        mf_bwfont_Roboto_Regular20bw_glyph_widths_12, /* glyph widths */
        mf_bwfont_Roboto_Regular20bw_glyph_offsets_12, /* glyph offsets */
        mf_bwfont_Roboto_Regular20bw_glyph_data_12, /* glyph data */
    },
    {
        7680, /* first char */
        2, /* char count */
        15, /* offset x */
        7, /* offset y */
        3, /* height in bytes */
        18, /* height in pixels */
        0, /* width */
        mf_bwfont_Roboto_Regular20bw_glyph_widths_13, /* glyph widths */
        mf_bwfont_Roboto_Regular20bw_glyph_offsets_13, /* glyph offsets */
        mf_bwfont_Roboto_Regular20bw_glyph_data_13, /* glyph data */
    },
    {
        7742, /* first char */
        2, /* char count */
        16, /* offset x */
        3, /* offset y */
        3, /* height in bytes */
        18, /* height in pixels */
        0, /* width */
        mf_bwfont_Roboto_Regular20bw_glyph_widths_14, /* glyph widths */
        mf_bwfont_Roboto_Regular20bw_glyph_offsets_14, /* glyph offsets */
        mf_bwfont_Roboto_Regular20bw_glyph_data_14, /* glyph data */
    },
    {
        7808, /* first char */
        6, /* char count */
        16, /* offset x */
        3, /* offset y */
        3, /* height in bytes */
        18, /* height in pixels */
        0, /* width */
        mf_bwfont_Roboto_Regular20bw_glyph_widths_15, /* glyph widths */
        mf_bwfont_Roboto_Regular20bw_glyph_offsets_15, /* glyph offsets */
        mf_bwfont_Roboto_Regular20bw_glyph_data_15, /* glyph data */
    },
    {
        7840, /* first char */
        90, /* char count */
        15, /* offset x */
        0, /* offset y */
        4, /* height in bytes */
        25, /* height in pixels */
        0, /* width */
        mf_bwfont_Roboto_Regular20bw_glyph_widths_16, /* glyph widths */
        mf_bwfont_Roboto_Regular20bw_glyph_offsets_16, /* glyph offsets */
        mf_bwfont_Roboto_Regular20bw_glyph_data_16, /* glyph data */
    },
    {
        8013, /* first char */
        1, /* char count */
        11, /* offset x */
        7, /* offset y */
        2, /* height in bytes */
        14, /* height in pixels */
        0, /* width */
        mf_bwfont_Roboto_Regular20bw_glyph_widths_17, /* glyph widths */
        mf_bwfont_Roboto_Regular20bw_glyph_offsets_17, /* glyph offsets */
        mf_bwfont_Roboto_Regular20bw_glyph_data_17, /* glyph data */
    },
    {
        8192, /* first char */
        69, /* char count */
        15, /* offset x */
        6, /* offset y */
        3, /* height in bytes */
        19, /* height in pixels */
        0, /* width */
        mf_bwfont_Roboto_Regular20bw_glyph_widths_18, /* glyph widths */
        mf_bwfont_Roboto_Regular20bw_glyph_offsets_18, /* glyph offsets */
        mf_bwfont_Roboto_Regular20bw_glyph_data_18, /* glyph data */
    },
    {
        8304, /* first char */
        31, /* char count */
        16, /* offset x */
        5, /* offset y */
        3, /* height in bytes */
        21, /* height in pixels */
        0, /* width */
        mf_bwfont_Roboto_Regular20bw_glyph_widths_19, /* glyph widths */
        mf_bwfont_Roboto_Regular20bw_glyph_offsets_19, /* glyph offsets */
        mf_bwfont_Roboto_Regular20bw_glyph_data_19, /* glyph data */
    },
    {
        8355, /* first char */
        27, /* char count */
        15, /* offset x */
        6, /* offset y */
        3, /* height in bytes */
        17, /* height in pixels */
        0, /* width */
        mf_bwfont_Roboto_Regular20bw_glyph_widths_20, /* glyph widths */
        mf_bwfont_Roboto_Regular20bw_glyph_offsets_20, /* glyph offsets */
        mf_bwfont_Roboto_Regular20bw_glyph_data_20, /* glyph data */
    },
    {
        8453, /* first char */
        42, /* char count */
        16, /* offset x */
        6, /* offset y */
        2, /* height in bytes */
        15, /* height in pixels */
        0, /* width */
        mf_bwfont_Roboto_Regular20bw_glyph_widths_21, /* glyph widths */
        mf_bwfont_Roboto_Regular20bw_glyph_offsets_21, /* glyph offsets */
        mf_bwfont_Roboto_Regular20bw_glyph_data_21, /* glyph data */
    },
    {
        8539, /* first char */
        4, /* char count */
        16, /* offset x */
        7, /* offset y */
        2, /* height in bytes */
        14, /* height in pixels */
        0, /* width */
        mf_bwfont_Roboto_Regular20bw_glyph_widths_22, /* glyph widths */
        mf_bwfont_Roboto_Regular20bw_glyph_offsets_22, /* glyph offsets */
        mf_bwfont_Roboto_Regular20bw_glyph_data_22, /* glyph data */
    },
    {
        8706, /* first char */
        42, /* char count */
        14, /* offset x */
        6, /* offset y */
        3, /* height in bytes */
        19, /* height in pixels */
        0, /* width */
        mf_bwfont_Roboto_Regular20bw_glyph_widths_23, /* glyph widths */
        mf_bwfont_Roboto_Regular20bw_glyph_offsets_23, /* glyph offsets */
        mf_bwfont_Roboto_Regular20bw_glyph_data_23, /* glyph data */
    },
    {
        8776, /* first char */
        1, /* char count */
        16, /* offset x */
        11, /* offset y */
        1, /* height in bytes */
        7, /* height in pixels */
        0, /* width */
        mf_bwfont_Roboto_Regular20bw_glyph_widths_24, /* glyph widths */
        mf_bwfont_Roboto_Regular20bw_glyph_offsets_24, /* glyph offsets */
        mf_bwfont_Roboto_Regular20bw_glyph_data_24, /* glyph data */
    },
    {
        8800, /* first char */
        6, /* char count */
        16, /* offset x */
        9, /* offset y */
        2, /* height in bytes */
        12, /* height in pixels */
        0, /* width */
        mf_bwfont_Roboto_Regular20bw_glyph_widths_25, /* glyph widths */
        mf_bwfont_Roboto_Regular20bw_glyph_offsets_25, /* glyph offsets */
        mf_bwfont_Roboto_Regular20bw_glyph_data_25, /* glyph data */
    },
    {
        9674, /* first char */
        1, /* char count */
        16, /* offset x */
        7, /* offset y */
        2, /* height in bytes */
        14, /* height in pixels */
        0, /* width */
        mf_bwfont_Roboto_Regular20bw_glyph_widths_26, /* glyph widths */
        mf_bwfont_Roboto_Regular20bw_glyph_offsets_26, /* glyph offsets */
        mf_bwfont_Roboto_Regular20bw_glyph_data_26, /* glyph data */
    },
    {
        60929, /* first char */
        2, /* char count */
        16, /* offset x */
        9, /* offset y */
        2, /* height in bytes */
        10, /* height in pixels */
        0, /* width */
        mf_bwfont_Roboto_Regular20bw_glyph_widths_27, /* glyph widths */
        mf_bwfont_Roboto_Regular20bw_glyph_offsets_27, /* glyph offsets */
        mf_bwfont_Roboto_Regular20bw_glyph_data_27, /* glyph data */
    },
    {
        63171, /* first char */
        1, /* char count */
        16, /* offset x */
        19, /* offset y */
        1, /* height in bytes */
        4, /* height in pixels */
        0, /* width */
        mf_bwfont_Roboto_Regular20bw_glyph_widths_28, /* glyph widths */
        mf_bwfont_Roboto_Regular20bw_glyph_offsets_28, /* glyph offsets */
        mf_bwfont_Roboto_Regular20bw_glyph_data_28, /* glyph data */
    },
    {
        64257, /* first char */
        4, /* char count */
        15, /* offset x */
        6, /* offset y */
        2, /* height in bytes */
        15, /* height in pixels */
        0, /* width */
        mf_bwfont_Roboto_Regular20bw_glyph_widths_29, /* glyph widths */
        mf_bwfont_Roboto_Regular20bw_glyph_offsets_29, /* glyph offsets */
        mf_bwfont_Roboto_Regular20bw_glyph_data_29, /* glyph data */
    },
    {
        65279, /* first char */
        1, /* char count */
        0, /* offset x */
        0, /* offset y */
        4, /* height in bytes */
        26, /* height in pixels */
        0, /* width */
        mf_bwfont_Roboto_Regular20bw_glyph_widths_30, /* glyph widths */
        mf_bwfont_Roboto_Regular20bw_glyph_offsets_30, /* glyph offsets */
        mf_bwfont_Roboto_Regular20bw_glyph_data_30, /* glyph data */
    },
    {
        65532, /* first char */
        2, /* char count */
        16, /* offset x */
        5, /* offset y */
        3, /* height in bytes */
        20, /* height in pixels */
        0, /* width */
        mf_bwfont_Roboto_Regular20bw_glyph_widths_31, /* glyph widths */
        mf_bwfont_Roboto_Regular20bw_glyph_offsets_31, /* glyph offsets */
        mf_bwfont_Roboto_Regular20bw_glyph_data_31, /* glyph data */
    },
};

const struct mf_bwfont_s mf_bwfont_Roboto_Regular20bw = {
    {
    "Roboto Regular 20",
    "Roboto_Regular20bw",
    38, /* width */
    26, /* height */
    0, /* min x advance */
    23, /* max x advance */
    15, /* baseline x */
    21, /* baseline y */
    23, /* line height */
    2, /* flags */
    65533, /* fallback character */
    &mf_bwfont_character_width,
    &mf_bwfont_render_character,
    },
    4, /* version */
    32, /* char range count */
    mf_bwfont_Roboto_Regular20bw_char_ranges,
};

#ifdef MF_INCLUDED_FONTS
/* List entry for searching fonts by name. */
static const struct mf_font_list_s mf_bwfont_Roboto_Regular20bw_listentry = {
    MF_INCLUDED_FONTS,
    (struct mf_font_s*)&mf_bwfont_Roboto_Regular20bw
};
#undef MF_INCLUDED_FONTS
#define MF_INCLUDED_FONTS (&mf_bwfont_Roboto_Regular20bw_listentry)
#endif


/* End of automatically generated font definition for Roboto_Regular20bw. */
