

/* Start of automatically generated font definition for Roboto_Regular20. */

#ifndef MF_RLEFONT_INTERNALS
#define MF_RLEFONT_INTERNALS
#endif
#include "mf_rlefont.h"

#ifndef MF_RLEFONT_VERSION_4_SUPPORTED
#error The font file is not compatible with this version of mcufont.
#endif

static const uint8_t mf_rlefont_Roboto_Regular20_dictionary_data[405] PROGMEM = {
    0x05, 0x1b, 0x25, 0x40, 0x31, 0x44, 0x15, 0x41, 0x02, 0x40, 0x2e, 0x40, 0x0b, 0x30, 0x41, 0x2a,
    0x1f, 0x41, 0x1d, 0x40, 0x23, 0x40, 0x34, 0x40, 0x18, 0x40, 0x1a, 0x22, 0x2a, 0x2f, 0x41, 0x1f,
    0x1c, 0x14, 0x40, 0x05, 0x40, 0x1f, 0x40, 0x25, 0x40, 0x22, 0x40, 0x3b, 0x40, 0x28, 0x40, 0x40,
    0x26, 0x31, 0x04, 0x03, 0x44, 0x2f, 0x40, 0x06, 0x0b, 0x09, 0x40, 0x10, 0x42, 0x1a, 0x17, 0x45,
    0x32, 0x1a, 0x45, 0x25, 0x40, 0x03, 0x13, 0x41, 0x0d, 0x41, 0x03, 0x41, 0x28, 0x40, 0x0d, 0x40,
    0x3d, 0x42, 0x33, 0x16, 0x07, 0x42, 0x3e, 0x41, 0x38, 0x0d, 0x2d, 0x02, 0x08, 0x3d, 0x47, 0x02,
    0x1d, 0x3c, 0x41, 0x3c, 0x27, 0x26, 0x34, 0x40, 0x02, 0x43, 0x19, 0x43, 0x10, 0x40, 0x2d, 0x41,
    0x11, 0x41, 0x16, 0x40, 0x19, 0x41, 0x37, 0x42, 0x21, 0x15, 0x42, 0x3f, 0x19, 0x41, 0x34, 0x45,
    0x1a, 0x41, 0x17, 0x42, 0x12, 0x0c, 0x42, 0x08, 0x44, 0x0c, 0x42, 0x0b, 0x43, 0x09, 0x10, 0x11,
    0x42, 0x2f, 0x39, 0x12, 0x40, 0x13, 0x41, 0x0e, 0x43, 0x28, 0x3f, 0x41, 0x0c, 0x42, 0x1e, 0x40,
    0x1e, 0x42, 0x0c, 0x43, 0x20, 0x45, 0x14, 0x41, 0x3b, 0x40, 0x24, 0x40, 0x35, 0x40, 0x11, 0x41,
    0x2e, 0x40, 0x04, 0x41, 0x27, 0x40, 0x15, 0x41, 0x3e, 0x40, 0x1b, 0x38, 0x43, 0x03, 0x41, 0x20,
    0x2b, 0x42, 0x25, 0x40, 0x3a, 0x41, 0x3a, 0x40, 0x2f, 0x3a, 0x45, 0x2f, 0x28, 0x40, 0x20, 0x41,
    0x13, 0x40, 0x01, 0x42, 0x3c, 0x40, 0x27, 0x43, 0x1a, 0x42, 0x30, 0x40, 0x3c, 0x42, 0x31, 0x06,
    0x43, 0x12, 0x40, 0x21, 0x44, 0x1b, 0x33, 0x40, 0x37, 0x42, 0x02, 0x42, 0x13, 0x0a, 0x41, 0x2f,
    0x48, 0x1a, 0x43, 0x1e, 0x41, 0x09, 0x42, 0x22, 0x3b, 0x42, 0x07, 0x36, 0x41, 0x0b, 0x41, 0x05,
    0x48, 0x20, 0x0f, 0x41, 0x31, 0x3e, 0x40, 0x16, 0x35, 0x41, 0x04, 0x44, 0x01, 0x20, 0x44, 0x34,
    0x46, 0x09, 0x44, 0x19, 0x42, 0x03, 0x37, 0x46, 0x35, 0x2e, 0x42, 0x01, 0x4f, 0x1b, 0x1e, 0x46,
    0x1d, 0x40, 0x36, 0x41, 0x23, 0x41, 0x2b, 0x42, 0x24, 0x44, 0x1e, 0x42, 0x2b, 0x43, 0x37, 0x40,
    0x0a, 0x4d, 0x3b, 0x42, 0x1c, 0x40, 0x30, 0x41, 0x39, 0x40, 0x1c, 0x41, 0x1e, 0x40, 0x07, 0x43,
    0x04, 0x41, 0x2d, 0x41, 0x08, 0x40, 0x2b, 0x42, 0x0f, 0x2c, 0x42, 0x0e, 0x46, 0x34, 0x41, 0x33,
    0x40, 0x38, 0x21, 0x41, 0x30, 0x24, 0x41, 0x10, 0x46, 0x07, 0x43, 0x1d, 0x41, 0x0a, 0x40, 0x1d,
    0x40, 0x2a, 0x44, 0x25, 0x40, 0x39, 0x44, 0x12, 0x43, 0x34, 0x40, 0x32, 0x44, 0x10, 0x42, 0x0a,
    0x41, 0x1a, 0x43, 0x0d, 0x46, 0x1b, 0x41, 0x15, 0x45, 0x01, 0x29, 0x4c, 0x12, 0x44, 0x2a, 0x41,
    0x22, 0x44, 0x02, 0x41, 0x2c, 0x40, 0x12, 0x41, 0x18, 0x40, 0x0c, 0x42, 0x06, 0x43, 0x24, 0x44,
    0x39, 0x48, 0x03, 0x46, 0x3e,
};

static const uint16_t mf_rlefont_Roboto_Regular20_dictionary_offsets[233] PROGMEM = {
    0x0000, 0x0001, 0x0002, 0x0003, 0x0005, 0x0007, 0x0009, 0x000b,
    0x000d, 0x000e, 0x0010, 0x0011, 0x0013, 0x0015, 0x0017, 0x0019,
    0x001b, 0x001c, 0x001d, 0x001e, 0x0020, 0x0021, 0x0022, 0x0024,
    0x0026, 0x0028, 0x002a, 0x002c, 0x002e, 0x002f, 0x0031, 0x0032,
    0x0033, 0x0034, 0x0036, 0x0038, 0x0039, 0x003a, 0x003c, 0x003e,
    0x003f, 0x0041, 0x0042, 0x0044, 0x0046, 0x0047, 0x0049, 0x004b,
    0x004d, 0x004f, 0x0051, 0x0053, 0x0054, 0x0055, 0x0057, 0x0059,
    0x005a, 0x005b, 0x005c, 0x005d, 0x005e, 0x0060, 0x0061, 0x0062,
    0x0064, 0x0065, 0x0066, 0x0067, 0x0069, 0x006b, 0x006d, 0x006f,
    0x0071, 0x0073, 0x0075, 0x0077, 0x0079, 0x007a, 0x007c, 0x007d,
    0x007f, 0x0081, 0x0083, 0x0085, 0x0086, 0x0088, 0x008a, 0x008c,
    0x008e, 0x008f, 0x0090, 0x0092, 0x0093, 0x0094, 0x0096, 0x0098,
    0x009a, 0x009b, 0x009d, 0x009f, 0x00a1, 0x00a3, 0x00a5, 0x00a7,
    0x00a9, 0x00ab, 0x00ad, 0x00af, 0x00b1, 0x00b3, 0x00b5, 0x00b7,
    0x00b9, 0x00bb, 0x00bc, 0x00be, 0x00c0, 0x00c1, 0x00c3, 0x00c5,
    0x00c7, 0x00c9, 0x00ca, 0x00cc, 0x00cd, 0x00cf, 0x00d1, 0x00d3,
    0x00d5, 0x00d7, 0x00d9, 0x00db, 0x00dd, 0x00df, 0x00e0, 0x00e2,
    0x00e4, 0x00e6, 0x00e7, 0x00e9, 0x00eb, 0x00ed, 0x00ee, 0x00f0,
    0x00f2, 0x00f4, 0x00f6, 0x00f8, 0x00f9, 0x00fb, 0x00fc, 0x00fe,
    0x0100, 0x0102, 0x0103, 0x0105, 0x0106, 0x0108, 0x0109, 0x010b,
    0x010d, 0x010e, 0x0110, 0x0112, 0x0114, 0x0116, 0x0117, 0x0119,
    0x011a, 0x011c, 0x011e, 0x011f, 0x0121, 0x0123, 0x0125, 0x0127,
    0x0129, 0x012b, 0x012d, 0x012f, 0x0131, 0x0133, 0x0135, 0x0137,
    0x0139, 0x013b, 0x013d, 0x013f, 0x0141, 0x0143, 0x0145, 0x0147,
    0x0149, 0x014a, 0x014c, 0x014e, 0x0150, 0x0152, 0x0153, 0x0155,
    0x0156, 0x0158, 0x015a, 0x015c, 0x015e, 0x0160, 0x0162, 0x0164,
    0x0166, 0x0168, 0x016a, 0x016c, 0x016e, 0x0170, 0x0172, 0x0174,
    0x0176, 0x0178, 0x017a, 0x017b, 0x017d, 0x017f, 0x0181, 0x0183,
    0x0185, 0x0187, 0x0189, 0x018b, 0x018d, 0x018f, 0x0191, 0x0193,
    0x0195,
};

static const uint8_t mf_rlefont_Roboto_Regular20_glyph_data_0[7] PROGMEM = {
    0x00, 0x00, 0x10, 0x00, 0x05, 0x00, 0x10,
};

static const uint16_t mf_rlefont_Roboto_Regular20_glyph_offsets_0[14] PROGMEM = {
    0x0000, 0x0003, 0x0000, 0x0003, 0x0003, 0x0003, 0x0003, 0x0003,
    0x0003, 0x0003, 0x0003, 0x0003, 0x0003, 0x0004,
};

static const uint8_t mf_rlefont_Roboto_Regular20_glyph_data_1[8374] PROGMEM = {
    0x05, 0x00, 0x10, 0x05, 0x00, 0x7d, 0x06, 0x0f, 0x08, 0xdf, 0x05, 0x0f, 0x08, 0xdf, 0x05, 0x0f,
    0x08, 0xdf, 0x05, 0x0f, 0x07, 0xdf, 0x05, 0x0f, 0x07, 0xdf, 0x04, 0x0f, 0x07, 0xdf, 0x04, 0x0f,
    0x07, 0xdf, 0x04, 0x0f, 0x07, 0xdf, 0x04, 0x0f, 0x06, 0xdf, 0x04, 0x0f, 0x06, 0xea, 0x04, 0x0f,
    0x08, 0xdf, 0x04, 0x0f, 0x08, 0x10, 0x06, 0x4c, 0x4a, 0x0a, 0x0b, 0x00, 0x0f, 0x05, 0x28, 0x0a,
    0x0b, 0x00, 0x0f, 0x05, 0x28, 0x0a, 0x09, 0x00, 0x0f, 0x04, 0x28, 0x0a, 0x08, 0x00, 0x0f, 0x03,
    0x28, 0x0a, 0x07, 0x00, 0x0f, 0x02, 0x10, 0x0c, 0x00, 0xfc, 0x09, 0x0c, 0x51, 0x0a, 0x0c, 0xdd,
    0x0c, 0x09, 0x51, 0x0d, 0x09, 0xdd, 0x0f, 0x06, 0x00, 0x01, 0x0f, 0x06, 0x55, 0x01, 0x05, 0x05,
    0x07, 0x0f, 0x08, 0x05, 0x07, 0x0f, 0x08, 0x05, 0x2c, 0x01, 0x0f, 0x0f, 0x0f, 0x0f, 0x0f, 0x0f,
    0x0f, 0x0f, 0x0f, 0x0f, 0x01, 0xc2, 0x09, 0x0c, 0x51, 0x09, 0x0c, 0xdd, 0x0c, 0x09, 0x51, 0x0c,
    0x09, 0xdd, 0x0f, 0x06, 0x51, 0x0f, 0x06, 0xb8, 0x03, 0x0f, 0x03, 0x00, 0x03, 0x0f, 0x03, 0xc2,
    0x0d, 0x0f, 0x0f, 0x0f, 0x0f, 0x0f, 0x0f, 0x0f, 0x0f, 0x0f, 0x05, 0x2c, 0x05, 0x05, 0x0c, 0x0d,
    0x05, 0x05, 0x0c, 0x0d, 0x05, 0x05, 0x02, 0xc2, 0x0c, 0x09, 0x51, 0x0c, 0x09, 0xdd, 0x0f, 0x06,
    0x51, 0x0f, 0x06, 0xb8, 0x03, 0x0f, 0x03, 0x00, 0x03, 0x0f, 0x03, 0x10, 0x0b, 0x37, 0xa4, 0x0d,
    0x09, 0x1a, 0x0d, 0x09, 0x00, 0x28, 0x07, 0x0d, 0x0f, 0x0f, 0x0a, 0x03, 0xb8, 0x0a, 0x0f, 0x0d,
    0x09, 0x0b, 0x0f, 0x0e, 0x02, 0xc2, 0x03, 0x0f, 0x0c, 0x38, 0x07, 0x0f, 0x09, 0xc2, 0x05, 0x0f,
    0x07, 0x37, 0x0e, 0x0e, 0xc2, 0x04, 0x0f, 0x09, 0x37, 0x0c, 0x0f, 0xc2, 0x01, 0x0d, 0x0f, 0x08,
    0x01, 0x00, 0x28, 0x03, 0x0d, 0x0f, 0x0e, 0x0a, 0x04, 0x00, 0x28, 0x06, 0x0b, 0x0f, 0x0f, 0x0b,
    0x01, 0x00, 0x28, 0x02, 0x0a, 0x0f, 0x0b, 0x1a, 0x0c, 0x0f, 0x01, 0x55, 0x0d, 0x0e, 0x18, 0x0a,
    0x0f, 0x02, 0x55, 0x0a, 0x0f, 0x06, 0x38, 0x02, 0x0e, 0x0e, 0xc2, 0x03, 0x0e, 0x0f, 0x0b, 0x09,
    0x0a, 0x0e, 0x0f, 0x07, 0x22, 0x02, 0x0a, 0x0e, 0x0f, 0x0e, 0x0b, 0x05, 0x28, 0x01, 0x0f, 0x06,
    0xdf, 0x01, 0x0f, 0x06, 0x10, 0x0f, 0x00, 0x7d, 0x01, 0x09, 0x0e, 0x0e, 0x08, 0x28, 0x09, 0x0e,
    0x04, 0x05, 0x0e, 0x07, 0x38, 0x03, 0x55, 0x0e, 0x07, 0x51, 0x09, 0x0c, 0x51, 0x05, 0x0e, 0x02,
    0x2c, 0x0f, 0x06, 0x51, 0x08, 0x0d, 0x00, 0x01, 0x0e, 0x07, 0x55, 0x0e, 0x07, 0x51, 0x09, 0x0c,
    0x00, 0x09, 0x0c, 0xc2, 0x09, 0x0e, 0x04, 0x05, 0x0e, 0x07, 0x04, 0x0f, 0x02, 0xc2, 0x01, 0x09,
    0x0e, 0x0e, 0x08, 0x01, 0x0d, 0x07, 0xdf, 0x09, 0x0c, 0x01, 0x0a, 0x0f, 0x0e, 0x08, 0x22, 0x04,
    0x0f, 0x03, 0x0a, 0x0d, 0x04, 0x05, 0x0f, 0x06, 0x55, 0x01, 0x0d, 0x07, 0x00, 0x0f, 0x06, 0x51,
    0x0a, 0x0b, 0x55, 0x09, 0x0c, 0x00, 0x01, 0x0f, 0x05, 0x51, 0x08, 0x0c, 0x2c, 0x04, 0x0f, 0x03,
    0x51, 0x0f, 0x06, 0x51, 0x0a, 0x0b, 0x2c, 0x03, 0x06, 0x38, 0x0a, 0x0d, 0x04, 0x05, 0x0f, 0x06,
    0xdd, 0x01, 0x0a, 0x0e, 0x0e, 0x08, 0x10, 0x0c, 0x38, 0x7d, 0x06, 0x0d, 0x0f, 0x0e, 0x09, 0x01,
    0xb8, 0x06, 0x0f, 0x0d, 0x08, 0x0a, 0x0f, 0x0a, 0xb8, 0x0b, 0x0f, 0x02, 0x51, 0x0a, 0x0f, 0x01,
    0x22, 0x0c, 0x0f, 0x38, 0x0a, 0x0f, 0xb8, 0x09, 0x0f, 0x06, 0x00, 0x07, 0x0f, 0x08, 0xb8, 0x01,
    0x0d, 0x0e, 0x0c, 0x0f, 0x09, 0x28, 0x08, 0x0f, 0x0f, 0x06, 0x28, 0x09, 0x0f, 0x0c, 0x0f, 0x0c,
    0x01, 0x00, 0x02, 0x0f, 0x08, 0x2c, 0x08, 0x0f, 0x09, 0x00, 0x07, 0x0f, 0x0a, 0x00, 0x04, 0x0f,
    0x06, 0x2c, 0x0e, 0x0e, 0x38, 0x09, 0x0f, 0x08, 0x08, 0x0f, 0x03, 0x2c, 0x0f, 0x0d, 0x37, 0x0b,
    0x0f, 0x0f, 0x0c, 0x55, 0x0b, 0x0f, 0x04, 0x38, 0x03, 0x0f, 0x0f, 0x06, 0x55, 0x03, 0x0e, 0x0f,
    0x0a, 0x08, 0x0a, 0x0f, 0x0f, 0x0e, 0x0e, 0x02, 0x55, 0x02, 0x0a, 0x0e, 0x0f, 0x0e, 0x0a, 0x03,
    0x04, 0x0f, 0x0d, 0x01, 0x10, 0x04, 0x4c, 0x4a, 0x0f, 0x07, 0x1a, 0x0f, 0x07, 0x1a, 0x0f, 0x06,
    0x1a, 0x0f, 0x05, 0x1a, 0x0f, 0x05, 0x10, 0x07, 0x37, 0xa4, 0x09, 0x04, 0xdf, 0x0a, 0x0e, 0x03,
    0x00, 0x28, 0x06, 0x0f, 0x04, 0x00, 0x28, 0x01, 0x0e, 0x0a, 0xdf, 0x08, 0x0f, 0x03, 0xdf, 0x0d,
    0x0c, 0xdf, 0x03, 0x0f, 0x08, 0xdf, 0x06, 0x0f, 0x05, 0xdf, 0x09, 0x0f, 0x03, 0xdf, 0x0a, 0x0f,
    0x02, 0xdf, 0x0a, 0x0f, 0x02, 0xdf, 0x0a, 0x0f, 0x02, 0xdf, 0x09, 0x0f, 0x03, 0xdf, 0x06, 0x0f,
    0x05, 0xdf, 0x03, 0x0f, 0x08, 0x1a, 0x0d, 0x0c, 0x1a, 0x08, 0x0f, 0x02, 0xdf, 0x01, 0x0e, 0x09,
    0x1a, 0x06, 0x0f, 0x04, 0x1a, 0x0a, 0x0e, 0x02, 0x1a, 0x09, 0x04, 0x10, 0x07, 0x6a, 0x06, 0x07,
    0x1a, 0x04, 0x0f, 0x07, 0x1a, 0x06, 0x0f, 0x04, 0x1a, 0x0c, 0x0d, 0x1a, 0x05, 0x0f, 0x05, 0xdf,
    0x01, 0x0e, 0x0b, 0x1a, 0x0b, 0x0f, 0x01, 0xdf, 0x08, 0x0f, 0x04, 0xdf, 0x05, 0x0f, 0x06, 0xdf,
    0x04, 0x0f, 0x08, 0xdf, 0x04, 0x0f, 0x08, 0xdf, 0x04, 0x0f, 0x08, 0xdf, 0x05, 0x0f, 0x06, 0xdf,
    0x07, 0x0f, 0x04, 0xdf, 0x0a, 0x0f, 0x01, 0xdf, 0x0e, 0x0b, 0xdf, 0x05, 0x0f, 0x05, 0xdf, 0x0c,
    0x0d, 0xdf, 0x06, 0x0f, 0x04, 0x00, 0x28, 0x04, 0x0e, 0x07, 0xdf, 0x06, 0x07, 0x10, 0x09, 0x38,
    0x7d, 0x06, 0x0f, 0x01, 0xdf, 0x06, 0x0f, 0x01, 0xdd, 0x05, 0x08, 0x03, 0x05, 0x0f, 0x00, 0x04,
    0x09, 0x22, 0x07, 0x0e, 0x0f, 0x0e, 0x0f, 0x0d, 0x0f, 0x0e, 0x03, 0xb8, 0x04, 0x0f, 0x0f, 0x0b,
    0x04, 0x28, 0x08, 0x0e, 0x0a, 0x0e, 0x02, 0xdd, 0x05, 0x0f, 0x07, 0x01, 0x0d, 0x0c, 0xdd, 0x03,
    0x0a, 0x51, 0x04, 0x0a, 0x01, 0x10, 0x0b, 0x38, 0x39, 0x04, 0x0f, 0x08, 0xdf, 0x04, 0x0f, 0x08,
    0xdf, 0x04, 0x0f, 0x08, 0xdf, 0x04, 0x0f, 0x08, 0xb8, 0x02, 0x0b, 0x0b, 0x0b, 0x0c, 0x0f, 0x0d,
    0x0b, 0x0b, 0x0b, 0x05, 0x2c, 0x04, 0x0f, 0x0f, 0x0f, 0x0f, 0x0f, 0x0f, 0x0f, 0x0f, 0x0f, 0x08,
    0xb8, 0x04, 0x0f, 0x08, 0xdf, 0x04, 0x0f, 0x08, 0xdf, 0x04, 0x0f, 0x08, 0xdf, 0x04, 0x0f, 0x08,
    0xdf, 0x04, 0x0f, 0x08, 0x10, 0x04, 0xf0, 0xb0, 0x0b, 0x0f, 0x1a, 0x0b, 0x0f, 0x1a, 0x0d, 0x0d,
    0xdf, 0x04, 0x0f, 0x07, 0xdf, 0x05, 0x0b, 0x10, 0x06, 0x2a, 0x54, 0x05, 0x07, 0x07, 0x07, 0x07,
    0x01, 0xdd, 0x09, 0x0f, 0x0f, 0x0f, 0x0f, 0x02, 0x10, 0x05, 0x90, 0xb0, 0x02, 0x1a, 0x07, 0x0f,
    0x08, 0xdf, 0x06, 0x0f, 0x06, 0x10, 0x08, 0x00, 0xfc, 0x01, 0x0f, 0x07, 0xdf, 0x07, 0x0f, 0x01,
    0xdf, 0x0d, 0x0a, 0xdf, 0x04, 0x0f, 0x04, 0xdf, 0x0a, 0x0d, 0xdf, 0x01, 0x0f, 0x07, 0xdf, 0x07,
    0x0f, 0x02, 0xdf, 0x0d, 0x0b, 0xdf, 0x04, 0x0f, 0x05, 0xdf, 0x0a, 0x0d, 0xdf, 0x01, 0x0f, 0x08,
    0xdf, 0x06, 0x0f, 0x02, 0xdf, 0x0c, 0x0b, 0xdf, 0x03, 0x0f, 0x05, 0xdf, 0x09, 0x0e, 0x10, 0x0b,
    0x51, 0x7d, 0x01, 0x09, 0x0d, 0x0f, 0x0e, 0x0a, 0x02, 0xb8, 0x0c, 0x0f, 0x0b, 0x08, 0x0a, 0x0f,
    0x0e, 0x02, 0xc2, 0x05, 0x0f, 0x09, 0x38, 0x06, 0x0f, 0x09, 0xc2, 0x0a, 0x0f, 0x03, 0x37, 0x0e,
    0x0d, 0xc2, 0x0c, 0x0f, 0x18, 0x0c, 0x0f, 0x01, 0x55, 0x0d, 0x0e, 0x18, 0x0b, 0x0f, 0x02, 0x55,
    0x0d, 0x0e, 0x18, 0x0b, 0x0f, 0x02, 0x55, 0x0d, 0x0e, 0x18, 0x0b, 0x0f, 0x02, 0x55, 0x0d, 0x0e,
    0x18, 0x0b, 0x0f, 0x01, 0x55, 0x0c, 0x0f, 0x18, 0x0c, 0x0f, 0xc2, 0x09, 0x0f, 0x03, 0x37, 0x0e,
    0x0d, 0xc2, 0x05, 0x0f, 0x0a, 0x38, 0x06, 0x0f, 0x08, 0x22, 0x0b, 0x0f, 0x0c, 0x08, 0x0a, 0x0f,
    0x0e, 0x01, 0x22, 0x01, 0x08, 0x0d, 0x0f, 0x0e, 0x0a, 0x02, 0x10, 0x0b, 0xfc, 0x02, 0x08, 0x0d,
    0x02, 0xb8, 0x01, 0x06, 0x0c, 0x0f, 0x0f, 0x0f, 0x02, 0xb8, 0x05, 0x0f, 0x0d, 0x07, 0x0c, 0x0f,
    0x02, 0xb8, 0x02, 0x03, 0x51, 0x0a, 0x0f, 0x02, 0xdf, 0x0a, 0x0f, 0x02, 0xdf, 0x0a, 0x0f, 0x02,
    0xdf, 0x0a, 0x0f, 0x02, 0xdf, 0x0a, 0x0f, 0x02, 0xdf, 0x0a, 0x0f, 0x02, 0xdf, 0x0a, 0x0f, 0x02,
    0xdf, 0x0a, 0x0f, 0x02, 0xdf, 0x0a, 0x0f, 0x02, 0xdf, 0x0a, 0x0f, 0x02, 0xdf, 0x0a, 0x0f, 0x02,
    0x10, 0x0b, 0x51, 0x7d, 0x03, 0x0a, 0x0e, 0x0f, 0x0e, 0x0a, 0x03, 0x22, 0x03, 0x0e, 0x0e, 0x09,
    0x07, 0x0a, 0x0f, 0x0e, 0x03, 0xc2, 0x0c, 0x0f, 0x03, 0x38, 0x06, 0x0f, 0x0a, 0x55, 0x01, 0x0f,
    0x0c, 0x18, 0x0f, 0x0c, 0xdf, 0x01, 0x0f, 0x0b, 0xdf, 0x06, 0x0f, 0x06, 0x00, 0x28, 0x03, 0x0e,
    0x0c, 0x00, 0x28, 0x02, 0x0d, 0x0e, 0x02, 0x28, 0x01, 0x0c, 0x0e, 0x03, 0x28, 0x01, 0x0c, 0x0f,
    0x04, 0x00, 0x28, 0x0b, 0x0f, 0x05, 0x00, 0x28, 0x0a, 0x0f, 0x05, 0x00, 0x28, 0x09, 0x0f, 0x0c,
    0x07, 0x07, 0x07, 0x07, 0x07, 0x07, 0x04, 0x55, 0x0c, 0x0f, 0x0f, 0x0f, 0x0f, 0x0f, 0x0f, 0x0f,
    0x0f, 0x08, 0x10, 0x0b, 0x51, 0x7d, 0x02, 0x09, 0x0e, 0x0f, 0x0e, 0x09, 0x01, 0x22, 0x02, 0x0e,
    0x0f, 0x0a, 0x08, 0x0a, 0x0f, 0x0d, 0x01, 0xc2, 0x0a, 0x0f, 0x05, 0x38, 0x07, 0x0f, 0x07, 0xc2,
    0x0e, 0x0e, 0x37, 0x02, 0x0f, 0x0a, 0xdf, 0x02, 0x0f, 0x0a, 0xdf, 0x08, 0x0f, 0x05, 0xb8, 0x02,
    0x07, 0x08, 0x0b, 0x0f, 0x08, 0xdd, 0x04, 0x0f, 0x0f, 0x0f, 0x0e, 0x06, 0xdf, 0x03, 0x0b, 0x0f,
    0x06, 0xdf, 0x01, 0x0f, 0x0d, 0x55, 0x01, 0x0f, 0x0c, 0x18, 0x0e, 0x0e, 0xc2, 0x0c, 0x0f, 0x04,
    0x38, 0x04, 0x0f, 0x0b, 0xc2, 0x03, 0x0e, 0x0f, 0x0a, 0x08, 0x0a, 0x0f, 0x0e, 0x03, 0x22, 0x02,
    0x0a, 0x0e, 0x0f, 0x0e, 0x0a, 0x02, 0x10, 0x0b, 0x51, 0xfc, 0x06, 0x0f, 0x0c, 0x00, 0x28, 0x02,
    0x0e, 0x0f, 0x0c, 0x00, 0x28, 0x0b, 0x0e, 0x0f, 0x0c, 0x28, 0x05, 0x0f, 0x06, 0x0f, 0x0c, 0xdd,
    0x01, 0x0e, 0x0b, 0x00, 0x0f, 0x0c, 0xdd, 0x0a, 0x0f, 0x02, 0x00, 0x0f, 0x0c, 0xb8, 0x04, 0x0f,
    0x07, 0x51, 0x0f, 0x0c, 0x22, 0x01, 0x0d, 0x0c, 0x38, 0x0f, 0x0c, 0x22, 0x09, 0x0f, 0x03, 0x38,
    0x0f, 0x0c, 0xc2, 0x03, 0x0f, 0x0d, 0x07, 0x07, 0x07, 0x07, 0x0f, 0x0e, 0x07, 0x06, 0x2c, 0x07,
    0x0f, 0x0f, 0x0f, 0x0f, 0x0f, 0x0f, 0x0f, 0x0f, 0x0f, 0x0c, 0x00, 0x28, 0x0f, 0x0c, 0x1a, 0x0f,
    0x0c, 0x1a, 0x0f, 0x0c, 0x10, 0x0b, 0x51, 0x7d, 0x05, 0x0f, 0x0f, 0x0f, 0x0f, 0x0f, 0x0f, 0x0f,
    0x22, 0x06, 0x0f, 0x0b, 0x0a, 0x0a, 0x0a, 0x0a, 0x0a, 0x22, 0x08, 0x0f, 0x03, 0xdf, 0x09, 0x0f,
    0x01, 0xdf, 0x0b, 0x0e, 0x1a, 0x0c, 0x0e, 0x0a, 0x0e, 0x0f, 0x0c, 0x06, 0xb8, 0x0e, 0x0f, 0x0d,
    0x0a, 0x0b, 0x0f, 0x0f, 0x08, 0x22, 0x04, 0x06, 0x38, 0x03, 0x0e, 0x0f, 0x01, 0xdf, 0x08, 0x0f,
    0x05, 0xdf, 0x06, 0x0f, 0x07, 0x55, 0x06, 0x0f, 0x05, 0x37, 0x07, 0x0f, 0x05, 0x55, 0x02, 0x0f,
    0x0c, 0x38, 0x01, 0x0d, 0x0f, 0x02, 0xc2, 0x08, 0x0f, 0x0d, 0x08, 0x09, 0x0d, 0x0f, 0x08, 0xb8,
    0x06, 0x0c, 0x0f, 0x0f, 0x0c, 0x06, 0x10, 0x0b, 0xfc, 0x03, 0x09, 0x0d, 0x0f, 0x04, 0xdd, 0x07,
    0x0f, 0x0f, 0x0b, 0x08, 0x02, 0xb8, 0x05, 0x0f, 0x0c, 0x02, 0x00, 0x28, 0x0d, 0x0e, 0x01, 0x00,
    0x28, 0x04, 0x0f, 0x07, 0xdf, 0x07, 0x0f, 0x06, 0x0a, 0x0e, 0x0f, 0x0c, 0x05, 0x22, 0x09, 0x0f,
    0x0e, 0x0d, 0x08, 0x09, 0x0e, 0x0f, 0x06, 0xc2, 0x0a, 0x0f, 0x0b, 0x01, 0x51, 0x02, 0x0e, 0x0e,
    0xc2, 0x0b, 0x0f, 0x03, 0x37, 0x0a, 0x0f, 0x03, 0x55, 0x0a, 0x0f, 0x03, 0x37, 0x08, 0x0f, 0x04,
    0x55, 0x07, 0x0f, 0x06, 0x37, 0x0a, 0x0f, 0x03, 0x55, 0x01, 0x0e, 0x0d, 0x01, 0x51, 0x02, 0x0e,
    0x0d, 0x22, 0x06, 0x0f, 0x0e, 0x08, 0x09, 0x0e, 0x0f, 0x04, 0xb8, 0x05, 0x0c, 0x0f, 0x0e, 0x0b,
    0x04, 0x10, 0x0b, 0x7d, 0x04, 0x0f, 0x0f, 0x0f, 0x0f, 0x0f, 0x0f, 0x0f, 0x0f, 0x0f, 0x06, 0x2c,
    0x02, 0x07, 0x07, 0x07, 0x07, 0x07, 0x07, 0x07, 0x0c, 0x0f, 0x02, 0x00, 0x28, 0x01, 0x0e, 0x0b,
    0xdf, 0x07, 0x0f, 0x04, 0x00, 0x28, 0x01, 0x0e, 0x0c, 0xdf, 0x07, 0x0f, 0x05, 0xdf, 0x0d, 0x0d,
    0xdf, 0x06, 0x0f, 0x07, 0xdf, 0x0d, 0x0e, 0x01, 0x00, 0x28, 0x05, 0x0f, 0x08, 0xdf, 0x0c, 0x0f,
    0x01, 0x00, 0x28, 0x04, 0x0f, 0x09, 0xdf, 0x0b, 0x0f, 0x03, 0x00, 0x28, 0x03, 0x0f, 0x0b, 0x10,
    0x0b, 0x51, 0x7d, 0x01, 0x09, 0x0d, 0x0f, 0x0e, 0x0a, 0x03, 0x22, 0x01, 0x0d, 0x0f, 0x0b, 0x08,
    0x09, 0x0f, 0x0f, 0x03, 0xc2, 0x06, 0x0f, 0x08, 0x38, 0x05, 0x0f, 0x0a, 0xc2, 0x08, 0x0f, 0x04,
    0x37, 0x0f, 0x0c, 0xc2, 0x06, 0x0f, 0x08, 0x38, 0x04, 0x0f, 0x09, 0x22, 0x0a, 0x0f, 0x0b, 0x08,
    0x09, 0x0f, 0x0d, 0x01, 0x22, 0x03, 0x0e, 0x0f, 0x0f, 0x0f, 0x0f, 0x05, 0x22, 0x02, 0x0e, 0x0d,
    0x03, 0x00, 0x02, 0x0b, 0x0f, 0x05, 0xc2, 0x0a, 0x0f, 0x03, 0x38, 0x01, 0x0e, 0x0d, 0xc2, 0x0d,
    0x0e, 0x18, 0x0b, 0x0f, 0x02, 0x55, 0x0d, 0x0f, 0x18, 0x0b, 0x0f, 0x01, 0x55, 0x09, 0x0f, 0x06,
    0x38, 0x03, 0x0f, 0x0d, 0xc2, 0x01, 0x0d, 0x0f, 0x0a, 0x08, 0x09, 0x0e, 0x0f, 0x04, 0x22, 0x01,
    0x09, 0x0d, 0x0f, 0x0e, 0x0a, 0x03, 0x10, 0x0b, 0x51, 0x7d, 0x02, 0x0a, 0x0e, 0x0f, 0x0d, 0x07,
    0xb8, 0x02, 0x0e, 0x0f, 0x0a, 0x08, 0x0c, 0x0f, 0x0a, 0x22, 0x09, 0x0f, 0x06, 0x38, 0x0b, 0x0f,
    0x04, 0xc2, 0x0e, 0x0d, 0x37, 0x03, 0x0f, 0x0a, 0xc2, 0x0f, 0x0c, 0x18, 0x0e, 0x0d, 0xc2, 0x0e,
    0x0e, 0x18, 0x0e, 0x0e, 0xc2, 0x0a, 0x0f, 0x06, 0x38, 0x08, 0x0f, 0x0e, 0xc2, 0x02, 0x0e, 0x0f,
    0x0a, 0x08, 0x0c, 0x0e, 0x0e, 0x0d, 0x22, 0x03, 0x0b, 0x0f, 0x0e, 0x0a, 0x02, 0x0e, 0x0b, 0xdf,
    0x02, 0x0f, 0x08, 0xdf, 0x08, 0x0f, 0x03, 0x00, 0x28, 0x06, 0x0f, 0x0b, 0xdd, 0x08, 0x0a, 0x0d,
    0x0f, 0x0c, 0x01, 0xdd, 0x0f, 0x0e, 0x0b, 0x06, 0x10, 0x05, 0x00, 0x39, 0x02, 0x1a, 0x07, 0x0f,
    0x08, 0xdf, 0x06, 0x0f, 0x06, 0x51, 0xee, 0x02, 0x1a, 0x07, 0x0f, 0x08, 0xdf, 0x06, 0x0f, 0x06,
    0x10, 0x04, 0x00, 0x39, 0x02, 0x1a, 0x07, 0x0f, 0x08, 0xdf, 0x06, 0x0f, 0x06, 0x00, 0xe9, 0x0b,
    0x0f, 0x1a, 0x0b, 0x0f, 0x1a, 0x0d, 0x0d, 0xdf, 0x04, 0x0f, 0x07, 0xdf, 0x05, 0x0b, 0x10, 0x0a,
    0x00, 0x68, 0x01, 0x07, 0x09, 0x28, 0x01, 0x07, 0x0e, 0x0f, 0x0a, 0xb8, 0x02, 0x08, 0x0e, 0x0f,
    0x0d, 0x07, 0x01, 0xc2, 0x01, 0x09, 0x0f, 0x0f, 0x0b, 0x05, 0xdd, 0x05, 0x0f, 0x0e, 0x04, 0x00,
    0x28, 0x01, 0x09, 0x0f, 0x0f, 0x0a, 0x04, 0x00, 0x28, 0x01, 0x08, 0x0e, 0x0f, 0x0d, 0x07, 0x01,
    0x28, 0x01, 0x07, 0x0e, 0x0f, 0x0a, 0xdf, 0x01, 0x07, 0x09, 0x10, 0x0b, 0x3b, 0x40, 0x04, 0x08,
    0x08, 0x08, 0x08, 0x08, 0x08, 0x08, 0x05, 0xc2, 0x08, 0x0f, 0x0f, 0x0f, 0x0f, 0x0f, 0x0f, 0x0f,
    0x09, 0x95, 0x08, 0x0f, 0x0f, 0x0f, 0x0f, 0x0f, 0x0f, 0x0f, 0x09, 0xc2, 0x04, 0x09, 0x09, 0x09,
    0x09, 0x09, 0x09, 0x09, 0x05, 0x10, 0x0a, 0x51, 0x7e, 0x09, 0x07, 0x01, 0xdf, 0x0a, 0x0f, 0x0e,
    0x08, 0x02, 0x28, 0x01, 0x06, 0x0c, 0x0f, 0x0f, 0x0a, 0x03, 0x00, 0x28, 0x03, 0x09, 0x0e, 0x0f,
    0x0b, 0x04, 0x00, 0x28, 0x01, 0x0b, 0x0f, 0x0b, 0xdd, 0x03, 0x09, 0x0e, 0x0f, 0x0b, 0x04, 0xc2,
    0x01, 0x06, 0x0c, 0x0f, 0x0f, 0x0a, 0x03, 0xb8, 0x0a, 0x0f, 0x0e, 0x08, 0x02, 0x28, 0x09, 0x07,
    0x01, 0x10, 0x09, 0x51, 0x7d, 0x06, 0x0c, 0x0f, 0x0e, 0x0b, 0x03, 0xb8, 0x07, 0x0f, 0x0e, 0x0a,
    0x0b, 0x0f, 0x0e, 0x02, 0xc2, 0x01, 0x0e, 0x0e, 0x01, 0x51, 0x07, 0x0f, 0x08, 0xc2, 0x03, 0x0f,
    0x09, 0x38, 0x03, 0x0f, 0x0a, 0xdf, 0x05, 0x0f, 0x08, 0x00, 0x28, 0x01, 0x0d, 0x0e, 0x02, 0x28,
    0x01, 0x0d, 0x0f, 0x05, 0x00, 0x28, 0x0c, 0x0f, 0x06, 0x00, 0x28, 0x05, 0x0f, 0x09, 0xdf, 0x07,
    0x0f, 0x05, 0xfa, 0x01, 0x1a, 0x07, 0x0f, 0x06, 0xdf, 0x06, 0x0f, 0x05, 0x10, 0x12, 0x00, 0xfc,
    0x01, 0x07, 0x0c, 0x0e, 0x0f, 0x0e, 0x0c, 0x07, 0x01, 0x55, 0x05, 0x0e, 0x0d, 0x08, 0x05, 0x04,
    0x05, 0x08, 0x0d, 0x0e, 0x04, 0x19, 0x05, 0x0f, 0x08, 0x4c, 0x07, 0x0f, 0x04, 0x66, 0x03, 0x0f,
    0x07, 0x3c, 0x08, 0x0d, 0x66, 0x0b, 0x0c, 0x38, 0x03, 0x0b, 0x0f, 0x0e, 0x08, 0x01, 0x00, 0x01,
    0x0e, 0x05, 0x3f, 0x02, 0x0f, 0x04, 0x51, 0x03, 0x0e, 0x0b, 0x05, 0x07, 0x0f, 0x06, 0x51, 0x09,
    0x0a, 0x3f, 0x07, 0x0e, 0x38, 0x0b, 0x0c, 0x51, 0x02, 0x0f, 0x04, 0x51, 0x06, 0x0d, 0x3f, 0x0a,
    0x0b, 0x51, 0x03, 0x0f, 0x05, 0x51, 0x04, 0x0f, 0x03, 0x51, 0x05, 0x0e, 0x3f, 0x0c, 0x09, 0x51,
    0x07, 0x0f, 0x01, 0x51, 0x05, 0x0f, 0x02, 0x51, 0x05, 0x0e, 0x3f, 0x0d, 0x08, 0x51, 0x09, 0x0e,
    0x38, 0x06, 0x0f, 0x38, 0x05, 0x0e, 0x3f, 0x0d, 0x09, 0x51, 0x0a, 0x0e, 0x38, 0x08, 0x0e, 0x38,
    0x08, 0x0b, 0x3f, 0x0b, 0x0a, 0x51, 0x08, 0x0f, 0x01, 0x00, 0x01, 0x0e, 0x0e, 0x51, 0x01, 0x0d,
    0x06, 0x3f, 0x08, 0x0e, 0x51, 0x04, 0x0f, 0x0c, 0x07, 0x0c, 0x0b, 0x0f, 0x06, 0x03, 0x0b, 0x0d,
    0x00, 0x3f, 0x03, 0x0f, 0x04, 0x51, 0x07, 0x0e, 0x0e, 0x07, 0x00, 0x08, 0x0e, 0x0e, 0x0a, 0x02,
    0x66, 0x0c, 0x0c, 0x01, 0xdf, 0x02, 0x0e, 0x0b, 0x01, 0xdf, 0x03, 0x0d, 0x0e, 0x09, 0x05, 0x03,
    0x04, 0x07, 0x0b, 0x02, 0xc2, 0x01, 0x06, 0x0b, 0x0e, 0x0f, 0x0e, 0x0c, 0x08, 0x01, 0x10, 0x0d,
    0x00, 0xfc, 0x07, 0x0f, 0x08, 0xdf, 0x0d, 0x0f, 0x0e, 0x00, 0x28, 0x04, 0x0f, 0x0c, 0x0f, 0x05,
    0x28, 0x0a, 0x0f, 0x02, 0x0e, 0x0b, 0xdd, 0x01, 0x0f, 0x0b, 0x00, 0x0a, 0x0f, 0x02, 0xb8, 0x06,
    0x0f, 0x05, 0x00, 0x04, 0x0f, 0x07, 0xb8, 0x0c, 0x0e, 0x38, 0x0d, 0x0d, 0x22, 0x03, 0x0f, 0x09,
    0x38, 0x08, 0x0f, 0x04, 0xc2, 0x09, 0x0f, 0x0b, 0x08, 0x08, 0x08, 0x0a, 0x0f, 0x0a, 0x55, 0x01,
    0x0e, 0x0f, 0x0f, 0x0f, 0x0f, 0x0f, 0x0f, 0x0f, 0x0f, 0x01, 0x2c, 0x05, 0x0f, 0x07, 0x18, 0x06,
    0x0f, 0x07, 0x2c, 0x0b, 0x0f, 0x02, 0x18, 0x01, 0x0f, 0x0c, 0x19, 0x02, 0x0f, 0x0b, 0x4c, 0x0a,
    0x0f, 0x03, 0x41, 0x08, 0x0f, 0x06, 0x4c, 0x05, 0x0f, 0x09, 0x10, 0x0c, 0x00, 0x7d, 0x05, 0x0f,
    0x0f, 0x0f, 0x0f, 0x0f, 0x0e, 0x0b, 0x04, 0xc2, 0x05, 0x0f, 0x0c, 0x08, 0x08, 0x08, 0x0a, 0x0e,
    0x0f, 0x05, 0x55, 0x05, 0x0f, 0x08, 0x37, 0x03, 0x0f, 0x0c, 0x55, 0x05, 0x0f, 0x08, 0x18, 0x0e,
    0x0e, 0x55, 0x05, 0x0f, 0x08, 0x37, 0x04, 0x0f, 0x0b, 0x55, 0x05, 0x0f, 0x0c, 0x08, 0x08, 0x08,
    0x0a, 0x0f, 0x0d, 0x02, 0x55, 0x05, 0x0f, 0x0f, 0x0f, 0x0f, 0x0f, 0x0f, 0x0f, 0x09, 0x01, 0x55,
    0x05, 0x0f, 0x08, 0x38, 0x01, 0x08, 0x0f, 0x0a, 0x55, 0x05, 0x0f, 0x08, 0x18, 0x0c, 0x0f, 0x02,
    0x2c, 0x05, 0x0f, 0x08, 0x18, 0x08, 0x0f, 0x05, 0x2c, 0x05, 0x0f, 0x08, 0x18, 0x0a, 0x0f, 0x04,
    0x2c, 0x05, 0x0f, 0x08, 0x37, 0x02, 0x0e, 0x0e, 0x01, 0x2c, 0x05, 0x0f, 0x0c, 0x08, 0x08, 0x08,
    0x0a, 0x0e, 0x0f, 0x06, 0x55, 0x05, 0x0f, 0x0f, 0x0f, 0x0f, 0x0f, 0x0e, 0x0b, 0x04, 0x10, 0x0d,
    0x38, 0x7d, 0x01, 0x08, 0x0d, 0x0f, 0x0e, 0x0c, 0x06, 0x22, 0x02, 0x0d, 0x0f, 0x0c, 0x09, 0x09,
    0x0d, 0x0f, 0x0a, 0xc2, 0x0c, 0x0f, 0x06, 0x37, 0x0b, 0x0f, 0x06, 0x2c, 0x05, 0x0f, 0x0a, 0x18,
    0x02, 0x0f, 0x0c, 0x2c, 0x0a, 0x0f, 0x04, 0x9d, 0x0d, 0x0f, 0x01, 0x19, 0x0c, 0x0f, 0x02, 0xdf,
    0x0c, 0x0f, 0x01, 0xdf, 0x0c, 0x0f, 0x01, 0xdf, 0x0c, 0x0f, 0x02, 0xdf, 0x0a, 0x0f, 0x04, 0x9d,
    0x0d, 0x0f, 0x01, 0x19, 0x05, 0x0f, 0x0a, 0x18, 0x02, 0x0f, 0x0c, 0x55, 0x0d, 0x0f, 0x05, 0x37,
    0x0b, 0x0f, 0x05, 0x55, 0x02, 0x0e, 0x0f, 0x0b, 0x08, 0x09, 0x0d, 0x0f, 0x09, 0x22, 0x01, 0x09,
    0x0d, 0x0f, 0x0e, 0x0c, 0x05, 0x10, 0x0d, 0x00, 0x7d, 0x05, 0x0f, 0x0f, 0x0f, 0x0f, 0x0e, 0x0c,
    0x06, 0x22, 0x05, 0x0f, 0x0c, 0x08, 0x08, 0x09, 0x0d, 0x0f, 0x0c, 0x01, 0x55, 0x05, 0x0f, 0x08,
    0x37, 0x07, 0x0f, 0x0c, 0x55, 0x05, 0x0f, 0x08, 0x18, 0x0a, 0x0f, 0x05, 0x2c, 0x05, 0x0f, 0x08,
    0x18, 0x03, 0x0f, 0x0a, 0x2c, 0x05, 0x0f, 0x08, 0x9d, 0x0f, 0x0d, 0x2c, 0x05, 0x0f, 0x08, 0x9d,
    0x0e, 0x0e, 0x2c, 0x05, 0x0f, 0x08, 0x9d, 0x0e, 0x0e, 0x2c, 0x05, 0x0f, 0x08, 0x9d, 0x0f, 0x0d,
    0x2c, 0x05, 0x0f, 0x08, 0x18, 0x04, 0x0f, 0x0a, 0x2c, 0x05, 0x0f, 0x08, 0x18, 0x0a, 0x0f, 0x05,
    0x2c, 0x05, 0x0f, 0x08, 0x37, 0x08, 0x0f, 0x0c, 0x55, 0x05, 0x0f, 0x0c, 0x08, 0x08, 0x09, 0x0d,
    0x0f, 0x0c, 0x01, 0x55, 0x05, 0x0f, 0x0f, 0x0f, 0x0f, 0x0e, 0x0b, 0x06, 0x10, 0x0b, 0x00, 0x7d,
    0x05, 0x0f, 0x0f, 0x0f, 0x0f, 0x0f, 0x0f, 0x0f, 0x0f, 0x09, 0x55, 0x05, 0x0f, 0x0c, 0x08, 0x08,
    0x08, 0x08, 0x08, 0x08, 0x05, 0x55, 0x05, 0x0f, 0x08, 0xdf, 0x05, 0x0f, 0x08, 0xdf, 0x05, 0x0f,
    0x08, 0xdf, 0x05, 0x0f, 0x08, 0xdf, 0x05, 0x0f, 0x0c, 0x08, 0x08, 0x08, 0x08, 0x08, 0x06, 0xc2,
    0x05, 0x0f, 0x0f, 0x0f, 0x0f, 0x0f, 0x0f, 0x0f, 0x0a, 0xc2, 0x05, 0x0f, 0x08, 0xdf, 0x05, 0x0f,
    0x08, 0xdf, 0x05, 0x0f, 0x08, 0xdf, 0x05, 0x0f, 0x08, 0xdf, 0x05, 0x0f, 0x0c, 0x08, 0x08, 0x08,
    0x08, 0x08, 0x08, 0x06, 0x55, 0x05, 0x0f, 0x0f, 0x0f, 0x0f, 0x0f, 0x0f, 0x0f, 0x0f, 0x0a, 0x10,
    0x0b, 0x00, 0x7d, 0x05, 0x0f, 0x0f, 0x0f, 0x0f, 0x0f, 0x0f, 0x0f, 0x0f, 0x07, 0x55, 0x05, 0x0f,
    0x0c, 0x08, 0x08, 0x08, 0x08, 0x08, 0x08, 0x04, 0x55, 0x05, 0x0f, 0x08, 0xdf, 0x05, 0x0f, 0x08,
    0xdf, 0x05, 0x0f, 0x08, 0xdf, 0x05, 0x0f, 0x08, 0xdf, 0x05, 0x0f, 0x0c, 0x08, 0x08, 0x08, 0x08,
    0x08, 0x04, 0xc2, 0x05, 0x0f, 0x0f, 0x0f, 0x0f, 0x0f, 0x0f, 0x0f, 0x08, 0xc2, 0x05, 0x0f, 0x08,
    0xdf, 0x05, 0x0f, 0x08, 0xdf, 0x05, 0x0f, 0x08, 0xdf, 0x05, 0x0f, 0x08, 0xdf, 0x05, 0x0f, 0x08,
    0xdf, 0x05, 0x0f, 0x08, 0x10, 0x0e, 0x38, 0x7d, 0x01, 0x08, 0x0d, 0x0f, 0x0f, 0x0d, 0x08, 0x01,
    0xc2, 0x03, 0x0e, 0x0f, 0x0c, 0x09, 0x09, 0x0c, 0x0f, 0x0d, 0x02, 0x55, 0x0d, 0x0f, 0x06, 0x37,
    0x08, 0x0f, 0x0a, 0x2c, 0x05, 0x0f, 0x0a, 0x9d, 0x0d, 0x0f, 0x01, 0x19, 0x09, 0x0f, 0x05, 0xdf,
    0x0c, 0x0f, 0x02, 0xdf, 0x0c, 0x0f, 0x01, 0x38, 0x08, 0x08, 0x08, 0x08, 0x08, 0x01, 0x19, 0x0c,
    0x0f, 0x01, 0x38, 0x0f, 0x0f, 0x0f, 0x0f, 0x0f, 0x02, 0x19, 0x0b, 0x0f, 0x02, 0x9d, 0x0b, 0x0f,
    0x02, 0x19, 0x09, 0x0f, 0x05, 0x9d, 0x0b, 0x0f, 0x02, 0x19, 0x04, 0x0f, 0x0c, 0x9d, 0x0b, 0x0f,
    0x02, 0x2c, 0x0b, 0x0f, 0x08, 0x37, 0x01, 0x0d, 0x0f, 0x02, 0x2c, 0x01, 0x0c, 0x0f, 0x0d, 0x09,
    0x08, 0x0a, 0x0e, 0x0f, 0x09, 0x22, 0x07, 0x0c, 0x0e, 0x0f, 0x0e, 0x0b, 0x04, 0x10, 0x0e, 0x00,
    0x7d, 0x05, 0x0f, 0x08, 0x9d, 0x04, 0x0f, 0x09, 0x19, 0x05, 0x0f, 0x08, 0x9d, 0x04, 0x0f, 0x09,
    0x19, 0x05, 0x0f, 0x08, 0x9d, 0x04, 0x0f, 0x09, 0x19, 0x05, 0x0f, 0x08, 0x9d, 0x04, 0x0f, 0x09,
    0x19, 0x05, 0x0f, 0x08, 0x9d, 0x04, 0x0f, 0x09, 0x19, 0x05, 0x0f, 0x08, 0x9d, 0x04, 0x0f, 0x09,
    0x19, 0x05, 0x0f, 0x0c, 0x08, 0x08, 0x08, 0x08, 0x08, 0x08, 0x0a, 0x0f, 0x09, 0x19, 0x05, 0x0f,
    0x0f, 0x0f, 0x0f, 0x0f, 0x0f, 0x0f, 0x0f, 0x0f, 0x0f, 0x09, 0x19, 0x05, 0x0f, 0x08, 0x9d, 0x04,
    0x0f, 0x09, 0x19, 0x05, 0x0f, 0x08, 0x9d, 0x04, 0x0f, 0x09, 0x19, 0x05, 0x0f, 0x08, 0x9d, 0x04,
    0x0f, 0x09, 0x19, 0x05, 0x0f, 0x08, 0x9d, 0x04, 0x0f, 0x09, 0x19, 0x05, 0x0f, 0x08, 0x9d, 0x04,
    0x0f, 0x09, 0x19, 0x05, 0x0f, 0x08, 0x9d, 0x04, 0x0f, 0x09, 0x10, 0x05, 0x00, 0x7d, 0x03, 0x0f,
    0x0a, 0xdf, 0x03, 0x0f, 0x0a, 0xdf, 0x03, 0x0f, 0x0a, 0xdf, 0x03, 0x0f, 0x0a, 0xdf, 0x03, 0x0f,
    0x0a, 0xdf, 0x03, 0x0f, 0x0a, 0xdf, 0x03, 0x0f, 0x0a, 0xdf, 0x03, 0x0f, 0x0a, 0xdf, 0x03, 0x0f,
    0x0a, 0xdf, 0x03, 0x0f, 0x0a, 0xdf, 0x03, 0x0f, 0x0a, 0xdf, 0x03, 0x0f, 0x0a, 0xdf, 0x03, 0x0f,
    0x0a, 0xdf, 0x03, 0x0f, 0x0a, 0x10, 0x0b, 0x38, 0xfc, 0x06, 0x0f, 0x08, 0xdf, 0x06, 0x0f, 0x08,
    0xdf, 0x06, 0x0f, 0x08, 0xdf, 0x06, 0x0f, 0x08, 0xdf, 0x06, 0x0f, 0x08, 0xdf, 0x06, 0x0f, 0x08,
    0xdf, 0x06, 0x0f, 0x08, 0xdf, 0x06, 0x0f, 0x08, 0xdf, 0x06, 0x0f, 0x08, 0xdf, 0x06, 0x0f, 0x08,
    0x55, 0x07, 0x0f, 0x07, 0x37, 0x07, 0x0f, 0x07, 0x55, 0x04, 0x0f, 0x0c, 0x01, 0x51, 0x01, 0x0d,
    0x0f, 0x03, 0xc2, 0x0a, 0x0f, 0x0d, 0x09, 0x09, 0x0e, 0x0f, 0x09, 0xb8, 0x07, 0x0c, 0x0f, 0x0f,
    0x0c, 0x06, 0x10, 0x0d, 0x00, 0x7d, 0x05, 0x0f, 0x08, 0x18, 0x09, 0x0f, 0x0a, 0x2c, 0x05, 0x0f,
    0x08, 0x37, 0x08, 0x0f, 0x0b, 0x55, 0x05, 0x0f, 0x08, 0x38, 0x06, 0x0f, 0x0c, 0x01, 0x55, 0x05,
    0x0f, 0x08, 0x51, 0x05, 0x0f, 0x0d, 0x01, 0xc2, 0x05, 0x0f, 0x08, 0x00, 0x04, 0x0f, 0x0e, 0x02,
    0x22, 0x05, 0x0f, 0x08, 0x03, 0x0e, 0x0e, 0x03, 0xb8, 0x05, 0x0f, 0x0b, 0x0e, 0x0f, 0x0c, 0xdd,
    0x05, 0x0f, 0x0f, 0x0f, 0x0c, 0x0f, 0x08, 0xb8, 0x05, 0x0f, 0x0f, 0x05, 0x01, 0x0d, 0x0f, 0x05,
    0x22, 0x05, 0x0f, 0x09, 0x51, 0x03, 0x0f, 0x0e, 0x02, 0xc2, 0x05, 0x0f, 0x08, 0x38, 0x06, 0x0f,
    0x0c, 0x01, 0x55, 0x05, 0x0f, 0x08, 0x37, 0x09, 0x0f, 0x09, 0x55, 0x05, 0x0f, 0x08, 0x37, 0x01,
    0x0c, 0x0f, 0x06, 0x2c, 0x05, 0x0f, 0x08, 0x18, 0x02, 0x0e, 0x0f, 0x03, 0x10, 0x0b, 0x00, 0x7d,
    0x05, 0x0f, 0x08, 0xdf, 0x05, 0x0f, 0x08, 0xdf, 0x05, 0x0f, 0x08, 0xdf, 0x05, 0x0f, 0x08, 0xdf,
    0x05, 0x0f, 0x08, 0xdf, 0x05, 0x0f, 0x08, 0xdf, 0x05, 0x0f, 0x08, 0xdf, 0x05, 0x0f, 0x08, 0xdf,
    0x05, 0x0f, 0x08, 0xdf, 0x05, 0x0f, 0x08, 0xdf, 0x05, 0x0f, 0x08, 0xdf, 0x05, 0x0f, 0x08, 0xdf,
    0x05, 0x0f, 0x0c, 0x08, 0x08, 0x08, 0x08, 0x08, 0x08, 0x02, 0x55, 0x05, 0x0f, 0x0f, 0x0f, 0x0f,
    0x0f, 0x0f, 0x0f, 0x0f, 0x04, 0x10, 0x11, 0x00, 0x7d, 0x05, 0x0f, 0x0f, 0x04, 0x52, 0x0c, 0x0f,
    0x0c, 0x00, 0x3f, 0x05, 0x0f, 0x0f, 0x0a, 0x4c, 0x04, 0x0f, 0x0f, 0x0c, 0x00, 0x3f, 0x05, 0x0f,
    0x0f, 0x0f, 0x02, 0x9d, 0x0a, 0x0f, 0x0f, 0x0c, 0x00, 0x3f, 0x05, 0x0f, 0x0a, 0x0f, 0x08, 0x18,
    0x01, 0x0f, 0x0c, 0x0e, 0x0c, 0x00, 0x3f, 0x05, 0x0f, 0x06, 0x0d, 0x0e, 0x18, 0x07, 0x0f, 0x05,
    0x0e, 0x0c, 0x00, 0x3f, 0x05, 0x0f, 0x07, 0x07, 0x0f, 0x05, 0x37, 0x0d, 0x0e, 0x00, 0x0f, 0x0c,
    0x00, 0x3f, 0x05, 0x0f, 0x07, 0x01, 0x0f, 0x0b, 0x38, 0x04, 0x0f, 0x08, 0x00, 0x0f, 0x0c, 0x00,
    0x3f, 0x05, 0x0f, 0x08, 0x00, 0x0a, 0x0f, 0x02, 0x51, 0x0a, 0x0f, 0x02, 0x01, 0x0f, 0x0c, 0x00,
    0x3f, 0x05, 0x0f, 0x08, 0x00, 0x04, 0x0f, 0x08, 0x00, 0x02, 0x0f, 0x0b, 0x00, 0x01, 0x0f, 0x0c,
    0x00, 0x3f, 0x05, 0x0f, 0x08, 0x51, 0x0d, 0x0e, 0x00, 0x07, 0x0f, 0x04, 0x00, 0x01, 0x0f, 0x0c,
    0x00, 0x3f, 0x05, 0x0f, 0x08, 0x51, 0x06, 0x0f, 0x06, 0x0d, 0x0d, 0x51, 0x01, 0x0f, 0x0c, 0x00,
    0x3f, 0x05, 0x0f, 0x08, 0x51, 0x01, 0x0e, 0x0e, 0x0f, 0x07, 0x51, 0x01, 0x0f, 0x0c, 0x00, 0x3f,
    0x05, 0x0f, 0x08, 0x38, 0x09, 0x0f, 0x0f, 0x01, 0x51, 0x01, 0x0f, 0x0c, 0x00, 0x3f, 0x05, 0x0f,
    0x08, 0x38, 0x03, 0x0f, 0x0a, 0x38, 0x01, 0x0f, 0x0c, 0x10, 0x0e, 0x00, 0x7d, 0x05, 0x0f, 0x0c,
    0x9d, 0x04, 0x0f, 0x09, 0x19, 0x05, 0x0f, 0x0f, 0x08, 0x18, 0x04, 0x0f, 0x09, 0x19, 0x05, 0x0f,
    0x0f, 0x0f, 0x03, 0x37, 0x04, 0x0f, 0x09, 0x19, 0x05, 0x0f, 0x0c, 0x0f, 0x0c, 0x37, 0x04, 0x0f,
    0x09, 0x19, 0x05, 0x0f, 0x08, 0x09, 0x0f, 0x08, 0x38, 0x04, 0x0f, 0x09, 0x19, 0x05, 0x0f, 0x08,
    0x01, 0x0d, 0x0f, 0x03, 0x51, 0x04, 0x0f, 0x09, 0x19, 0x05, 0x0f, 0x08, 0x00, 0x04, 0x0f, 0x0c,
    0x51, 0x04, 0x0f, 0x09, 0x19, 0x05, 0x0f, 0x08, 0x51, 0x09, 0x0f, 0x08, 0x00, 0x04, 0x0f, 0x09,
    0x19, 0x05, 0x0f, 0x08, 0x51, 0x01, 0x0d, 0x0f, 0x03, 0x04, 0x0f, 0x09, 0x19, 0x05, 0x0f, 0x08,
    0x38, 0x04, 0x0f, 0x0c, 0x05, 0x0f, 0x09, 0x19, 0x05, 0x0f, 0x08, 0x37, 0x09, 0x0f, 0x0c, 0x0f,
    0x09, 0x19, 0x05, 0x0f, 0x08, 0x37, 0x01, 0x0e, 0x0f, 0x0f, 0x09, 0x19, 0x05, 0x0f, 0x08, 0x18,
    0x05, 0x0f, 0x0f, 0x09, 0x19, 0x05, 0x0f, 0x08, 0x9d, 0x0a, 0x0f, 0x09, 0x10, 0x0e, 0x38, 0x7d,
    0x01, 0x08, 0x0d, 0x0f, 0x0e, 0x0c, 0x06, 0x22, 0x02, 0x0d, 0x0f, 0x0d, 0x0a, 0x0a, 0x0e, 0x0f,
    0x0b, 0xc2, 0x0c, 0x0f, 0x07, 0x38, 0x01, 0x0a, 0x0f, 0x08, 0x2c, 0x04, 0x0f, 0x0a, 0x9d, 0x0d,
    0x0f, 0x01, 0x19, 0x09, 0x0f, 0x05, 0x9d, 0x08, 0x0f, 0x06, 0x19, 0x0c, 0x0f, 0x02, 0x9d, 0x05,
    0x0f, 0x08, 0x19, 0x0d, 0x0f, 0x01, 0x9d, 0x04, 0x0f, 0x09, 0x19, 0x0d, 0x0f, 0x01, 0x9d, 0x04,
    0x0f, 0x09, 0x19, 0x0c, 0x0f, 0x02, 0x9d, 0x05, 0x0f, 0x08, 0x19, 0x09, 0x0f, 0x04, 0x9d, 0x08,
    0x0f, 0x06, 0x19, 0x04, 0x0f, 0x0a, 0x9d, 0x0d, 0x0f, 0x01, 0x2c, 0x0c, 0x0f, 0x07, 0x37, 0x09,
    0x0f, 0x09, 0x55, 0x02, 0x0d, 0x0f, 0x0d, 0x09, 0x0a, 0x0e, 0x0f, 0x0b, 0x01, 0xc2, 0x01, 0x08,
    0x0d, 0x0f, 0x0e, 0x0c, 0x06, 0x10, 0x0d, 0x00, 0x7d, 0x05, 0x0f, 0x0f, 0x0f, 0x0f, 0x0f, 0x0f,
    0x0c, 0x07, 0xc2, 0x05, 0x0f, 0x0c, 0x08, 0x08, 0x08, 0x09, 0x0d, 0x0f, 0x0b, 0x55, 0x05, 0x0f,
    0x08, 0x18, 0x0b, 0x0f, 0x07, 0x2c, 0x05, 0x0f, 0x08, 0x18, 0x03, 0x0f, 0x0c, 0x2c, 0x05, 0x0f,
    0x08, 0x9d, 0x0f, 0x0d, 0x2c, 0x05, 0x0f, 0x08, 0x18, 0x02, 0x0f, 0x0c, 0x2c, 0x05, 0x0f, 0x08,
    0x18, 0x0a, 0x0f, 0x08, 0x2c, 0x05, 0x0f, 0x0c, 0x08, 0x08, 0x08, 0x09, 0x0d, 0x0f, 0x0d, 0x01,
    0x2c, 0x05, 0x0f, 0x0f, 0x0f, 0x0f, 0x0f, 0x0f, 0x0c, 0x08, 0x01, 0x55, 0x05, 0x0f, 0x08, 0xdf,
    0x05, 0x0f, 0x08, 0xdf, 0x05, 0x0f, 0x08, 0xdf, 0x05, 0x0f, 0x08, 0xdf, 0x05, 0x0f, 0x08, 0x10,
    0x0e, 0x38, 0x7d, 0x01, 0x08, 0x0d, 0x0f, 0x0e, 0x0b, 0x06, 0x22, 0x03, 0x0e, 0x0f, 0x0d, 0x0a,
    0x0a, 0x0e, 0x0f, 0x0a, 0xc2, 0x0d, 0x0f, 0x06, 0x38, 0x01, 0x0b, 0x0f, 0x07, 0x2c, 0x06, 0x0f,
    0x09, 0x18, 0x01, 0x0e, 0x0e, 0x01, 0x19, 0x0a, 0x0f, 0x03, 0x9d, 0x09, 0x0f, 0x04, 0x19, 0x0d,
    0x0f, 0x4c, 0x06, 0x0f, 0x07, 0x19, 0x0e, 0x0e, 0x4c, 0x05, 0x0f, 0x08, 0x19, 0x0e, 0x0e, 0x4c,
    0x05, 0x0f, 0x08, 0x19, 0x0d, 0x0f, 0x4c, 0x06, 0x0f, 0x07, 0x19, 0x0a, 0x0f, 0x03, 0x9d, 0x09,
    0x0f, 0x04, 0x19, 0x06, 0x0f, 0x09, 0x18, 0x01, 0x0e, 0x0e, 0x01, 0x2c, 0x0d, 0x0f, 0x06, 0x38,
    0x01, 0x0a, 0x0f, 0x07, 0x55, 0x02, 0x0d, 0x0f, 0x0c, 0x09, 0x0a, 0x0e, 0x0f, 0x0a, 0x22, 0x01,
    0x08, 0x0d, 0x0f, 0x0e, 0x0e, 0x0f, 0x0a, 0x01, 0x00, 0x28, 0x01, 0x0a, 0x0f, 0x0d, 0x03, 0xdf,
    0x06, 0x0b, 0x01, 0x10, 0x0c, 0x00, 0x7d, 0x05, 0x0f, 0x0f, 0x0f, 0x0f, 0x0f, 0x0e, 0x0b, 0x05,
    0xc2, 0x05, 0x0f, 0x0c, 0x08, 0x08, 0x08, 0x0a, 0x0e, 0x0f, 0x07, 0x55, 0x05, 0x0f, 0x08, 0x37,
    0x02, 0x0e, 0x0f, 0x01, 0x2c, 0x05, 0x0f, 0x08, 0x18, 0x09, 0x0f, 0x05, 0x2c, 0x05, 0x0f, 0x08,
    0x18, 0x09, 0x0f, 0x05, 0x2c, 0x05, 0x0f, 0x08, 0x37, 0x02, 0x0e, 0x0e, 0x01, 0x2c, 0x05, 0x0f,
    0x0c, 0x08, 0x08, 0x08, 0x0a, 0x0f, 0x0f, 0x06, 0x55, 0x05, 0x0f, 0x0f, 0x0f, 0x0f, 0x0f, 0x0f,
    0x0d, 0x03, 0xc2, 0x05, 0x0f, 0x08, 0x38, 0x0d, 0x0f, 0x02, 0xc2, 0x05, 0x0f, 0x08, 0x38, 0x06,
    0x0f, 0x0a, 0xc2, 0x05, 0x0f, 0x08, 0x37, 0x0d, 0x0f, 0x03, 0x55, 0x05, 0x0f, 0x08, 0x37, 0x05,
    0x0f, 0x0b, 0x55, 0x05, 0x0f, 0x08, 0x18, 0x0c, 0x0f, 0x04, 0x2c, 0x05, 0x0f, 0x08, 0x18, 0x04,
    0x0f, 0x0b, 0x10, 0x0c, 0x51, 0x7d, 0x01, 0x07, 0x0c, 0x0f, 0x0f, 0x0d, 0x08, 0x01, 0xc2, 0x01,
    0x0c, 0x0f, 0x0c, 0x09, 0x09, 0x0b, 0x0f, 0x0d, 0x02, 0x55, 0x08, 0x0f, 0x09, 0x37, 0x05, 0x0f,
    0x0b, 0x55, 0x0b, 0x0f, 0x02, 0x18, 0x0d, 0x0f, 0x55, 0x0a, 0x0f, 0x05, 0xdf, 0x03, 0x0f, 0x0f,
    0x08, 0x02, 0x00, 0x28, 0x03, 0x0c, 0x0f, 0x0f, 0x0c, 0x07, 0x02, 0x28, 0x04, 0x09, 0x0d, 0x0f,
    0x0f, 0x08, 0xdf, 0x04, 0x0c, 0x0f, 0x09, 0xdf, 0x01, 0x0e, 0x0f, 0x01, 0x19, 0x02, 0x0f, 0x0b,
    0x9d, 0x0c, 0x0f, 0x02, 0x2c, 0x0d, 0x0f, 0x05, 0x37, 0x03, 0x0f, 0x0e, 0x55, 0x03, 0x0e, 0x0f,
    0x0c, 0x09, 0x08, 0x0b, 0x0f, 0x0f, 0x05, 0xc2, 0x01, 0x08, 0x0c, 0x0e, 0x0f, 0x0d, 0x0a, 0x03,
    0x10, 0x0c, 0x7d, 0x08, 0x0f, 0x0f, 0x0f, 0x0f, 0x0f, 0x0f, 0x0f, 0x0f, 0x0f, 0x0f, 0x07, 0x19,
    0x04, 0x08, 0x08, 0x08, 0x08, 0x0f, 0x0f, 0x08, 0x08, 0x08, 0x08, 0x04, 0xb8, 0x0e, 0x0e, 0x1a,
    0x0e, 0x0e, 0x1a, 0x0e, 0x0e, 0x1a, 0x0e, 0x0e, 0x1a, 0x0e, 0x0e, 0x1a, 0x0e, 0x0e, 0x1a, 0x0e,
    0x0e, 0x1a, 0x0e, 0x0e, 0x1a, 0x0e, 0x0e, 0x1a, 0x0e, 0x0e, 0x1a, 0x0e, 0x0e, 0x1a, 0x0e, 0x0e,
    0x10, 0x0d, 0x00, 0x7d, 0x09, 0x0f, 0x04, 0x18, 0x03, 0x0f, 0x0a, 0x2c, 0x09, 0x0f, 0x04, 0x18,
    0x03, 0x0f, 0x0a, 0x2c, 0x09, 0x0f, 0x04, 0x18, 0x03, 0x0f, 0x0a, 0x2c, 0x09, 0x0f, 0x04, 0x18,
    0x03, 0x0f, 0x0a, 0x2c, 0x09, 0x0f, 0x04, 0x18, 0x03, 0x0f, 0x0a, 0x2c, 0x09, 0x0f, 0x04, 0x18,
    0x03, 0x0f, 0x0a, 0x2c, 0x09, 0x0f, 0x04, 0x18, 0x03, 0x0f, 0x0a, 0x2c, 0x09, 0x0f, 0x04, 0x18,
    0x03, 0x0f, 0x0a, 0x2c, 0x09, 0x0f, 0x04, 0x18, 0x03, 0x0f, 0x0a, 0x2c, 0x09, 0x0f, 0x04, 0x18,
    0x03, 0x0f, 0x0a, 0x2c, 0x08, 0x0f, 0x06, 0x18, 0x06, 0x0f, 0x08, 0x2c, 0x03, 0x0f, 0x0d, 0x02,
    0x38, 0x02, 0x0d, 0x0f, 0x03, 0x55, 0x07, 0x0f, 0x0e, 0x0a, 0x08, 0x0a, 0x0e, 0x0f, 0x07, 0x22,
    0x04, 0x0b, 0x0e, 0x0f, 0x0e, 0x0a, 0x04, 0x10, 0x0d, 0x7d, 0x08, 0x0f, 0x08, 0x4c, 0x0b, 0x0f,
    0x04, 0x41, 0x02, 0x0f, 0x0d, 0x9d, 0x02, 0x0f, 0x0d, 0x2c, 0x0c, 0x0f, 0x03, 0x18, 0x07, 0x0f,
    0x08, 0x2c, 0x06, 0x0f, 0x08, 0x18, 0x0c, 0x0f, 0x02, 0x2c, 0x01, 0x0f, 0x0d, 0x37, 0x02, 0x0f,
    0x0c, 0xc2, 0x0a, 0x0f, 0x04, 0x38, 0x08, 0x0f, 0x06, 0xc2, 0x04, 0x0f, 0x09, 0x38, 0x0d, 0x0e,
    0x01, 0x22, 0x0d, 0x0e, 0x51, 0x03, 0x0f, 0x0a, 0xb8, 0x08, 0x0f, 0x04, 0x00, 0x09, 0x0f, 0x04,
    0xb8, 0x02, 0x0f, 0x0a, 0x00, 0x0e, 0x0d, 0x28, 0x0c, 0x0e, 0x05, 0x0f, 0x08, 0x28, 0x06, 0x0f,
    0x0e, 0x0f, 0x02, 0x28, 0x01, 0x0f, 0x0f, 0x0c, 0xdf, 0x0a, 0x0f, 0x06, 0x10, 0x12, 0x7d, 0x04,
    0x0f, 0x09, 0x18, 0x0e, 0x0e, 0x18, 0x0a, 0x0f, 0x03, 0x64, 0x01, 0x0f, 0x0c, 0x37, 0x03, 0x0f,
    0x0f, 0x03, 0x37, 0x0e, 0x0e, 0x3f, 0x0c, 0x0f, 0x01, 0x38, 0x08, 0x0f, 0x0f, 0x07, 0x38, 0x02,
    0x0f, 0x0b, 0x3f, 0x08, 0x0f, 0x04, 0x38, 0x0c, 0x0d, 0x0c, 0x0c, 0x38, 0x06, 0x0f, 0x07, 0x3f,
    0x04, 0x0f, 0x08, 0x51, 0x01, 0x0f, 0x09, 0x08, 0x0f, 0x01, 0x51, 0x09, 0x0f, 0x03, 0x3f, 0x01,
    0x0f, 0x0b, 0x51, 0x06, 0x0f, 0x04, 0x04, 0x0f, 0x05, 0x51, 0x0c, 0x0e, 0x66, 0x0c, 0x0f, 0x51,
    0x0a, 0x0e, 0x51, 0x0e, 0x09, 0x00, 0x01, 0x0f, 0x0b, 0x66, 0x08, 0x0f, 0x03, 0x00, 0x0e, 0x0a,
    0x51, 0x0b, 0x0d, 0x00, 0x04, 0x0f, 0x07, 0x66, 0x05, 0x0f, 0x07, 0x04, 0x0f, 0x06, 0x51, 0x06,
    0x0f, 0x03, 0x08, 0x0f, 0x03, 0x66, 0x01, 0x0f, 0x0a, 0x08, 0x0f, 0x01, 0x51, 0x02, 0x0f, 0x07,
    0x0b, 0x0e, 0x19, 0x0c, 0x0d, 0x0c, 0x0c, 0x37, 0x0d, 0x0b, 0x0e, 0x0b, 0x19, 0x09, 0x0f, 0x0f,
    0x07, 0x37, 0x08, 0x0e, 0x0f, 0x07, 0x19, 0x05, 0x0f, 0x0f, 0x03, 0x37, 0x04, 0x0f, 0x0f, 0x04,
    0x19, 0x01, 0x0f, 0x0d, 0x9d, 0x0e, 0x0f, 0x10, 0x0d, 0x7d, 0x01, 0x0e, 0x0f, 0x03, 0x18, 0x09,
    0x0f, 0x09, 0x2c, 0x05, 0x0f, 0x0c, 0x37, 0x04, 0x0f, 0x0d, 0x01, 0x55, 0x0b, 0x0f, 0x07, 0x38,
    0x0d, 0x0f, 0x04, 0xc2, 0x02, 0x0e, 0x0f, 0x02, 0x00, 0x08, 0x0f, 0x0a, 0xb8, 0x06, 0x0f, 0x0b,
    0x03, 0x0f, 0x0e, 0x01, 0xdd, 0x0b, 0x0f, 0x0e, 0x0f, 0x05, 0x28, 0x02, 0x0f, 0x0f, 0x0a, 0x00,
    0x28, 0x03, 0x0f, 0x0f, 0x0b, 0x00, 0x28, 0x0c, 0x0f, 0x0d, 0x0f, 0x06, 0xdd, 0x08, 0x0f, 0x0a,
    0x02, 0x0e, 0x0e, 0x02, 0x22, 0x03, 0x0f, 0x0e, 0x01, 0x00, 0x07, 0x0f, 0x0b, 0x22, 0x0c, 0x0f,
    0x06, 0x38, 0x0c, 0x0f, 0x06, 0x55, 0x07, 0x0f, 0x0b, 0x37, 0x03, 0x0f, 0x0e, 0x01, 0x19, 0x02,
    0x0e, 0x0e, 0x02, 0x18, 0x08, 0x0f, 0x0a, 0x10, 0x0c, 0x7d, 0x09, 0x0f, 0x09, 0x9d, 0x08, 0x0f,
    0x09, 0x19, 0x01, 0x0e, 0x0f, 0x02, 0x37, 0x02, 0x0f, 0x0e, 0x01, 0x2c, 0x07, 0x0f, 0x09, 0x37,
    0x09, 0x0f, 0x07, 0xc2, 0x0d, 0x0f, 0x02, 0x51, 0x02, 0x0f, 0x0d, 0x22, 0x05, 0x0f, 0x0a, 0x51,
    0x0a, 0x0f, 0x05, 0xb8, 0x0c, 0x0f, 0x03, 0x03, 0x0f, 0x0b, 0xdd, 0x03, 0x0f, 0x0b, 0x0b, 0x0f,
    0x03, 0x28, 0x0a, 0x0f, 0x0f, 0x0a, 0x00, 0x28, 0x02, 0x0f, 0x0f, 0x02, 0xdf, 0x0e, 0x0e, 0x1a,
    0x0e, 0x0e, 0x1a, 0x0e, 0x0e, 0x1a, 0x0e, 0x0e, 0x1a, 0x0e, 0x0e, 0x10, 0x0c, 0x00, 0x7d, 0x0f,
    0x0f, 0x0f, 0x0f, 0x0f, 0x0f, 0x0f, 0x0f, 0x0f, 0x0d, 0x55, 0x08, 0x08, 0x08, 0x08, 0x08, 0x08,
    0x08, 0x0c, 0x0f, 0x0b, 0x00, 0x28, 0x02, 0x0e, 0x0e, 0x02, 0x00, 0x28, 0x0b, 0x0f, 0x06, 0x00,
    0x28, 0x07, 0x0f, 0x0a, 0x00, 0x28, 0x03, 0x0f, 0x0e, 0x01, 0x28, 0x01, 0x0d, 0x0f, 0x04, 0x00,
    0x28, 0x09, 0x0f, 0x09, 0x00, 0x28, 0x04, 0x0f, 0x0d, 0x01, 0x28, 0x01, 0x0e, 0x0f, 0x03, 0x00,
    0x28, 0x0a, 0x0f, 0x07, 0x00, 0x28, 0x06, 0x0f, 0x0b, 0x00, 0x28, 0x01, 0x0e, 0x0f, 0x0a, 0x08,
    0x08, 0x08, 0x08, 0x08, 0x08, 0x08, 0x02, 0x19, 0x02, 0x0f, 0x0f, 0x0f, 0x0f, 0x0f, 0x0f, 0x0f,
    0x0f, 0x0f, 0x0f, 0x03, 0x10, 0x05, 0xa4, 0x08, 0x0f, 0x0f, 0x0f, 0x02, 0x28, 0x08, 0x0f, 0x09,
    0x07, 0x01, 0x28, 0x08, 0x0f, 0x04, 0xdf, 0x08, 0x0f, 0x04, 0xdf, 0x08, 0x0f, 0x04, 0xdf, 0x08,
    0x0f, 0x04, 0xdf, 0x08, 0x0f, 0x04, 0xdf, 0x08, 0x0f, 0x04, 0xdf, 0x08, 0x0f, 0x04, 0xdf, 0x08,
    0x0f, 0x04, 0xdf, 0x08, 0x0f, 0x04, 0xdf, 0x08, 0x0f, 0x04, 0xdf, 0x08, 0x0f, 0x04, 0xdf, 0x08,
    0x0f, 0x04, 0xdf, 0x08, 0x0f, 0x04, 0xdf, 0x08, 0x0f, 0x04, 0xdf, 0x08, 0x0f, 0x04, 0xdf, 0x08,
    0x0f, 0x09, 0x07, 0x01, 0x28, 0x08, 0x0f, 0x0f, 0x0f, 0x02, 0x10, 0x08, 0x7d, 0x06, 0x0f, 0x05,
    0xdf, 0x01, 0x0e, 0x0b, 0x1a, 0x09, 0x0f, 0x02, 0xdf, 0x03, 0x0f, 0x08, 0x1a, 0x0c, 0x0d, 0x1a,
    0x06, 0x0f, 0x05, 0xdf, 0x01, 0x0e, 0x0a, 0x1a, 0x09, 0x0f, 0x02, 0xdf, 0x03, 0x0f, 0x07, 0x1a,
    0x0d, 0x0d, 0x1a, 0x07, 0x0f, 0x04, 0xdf, 0x01, 0x0f, 0x0a, 0x1a, 0x0a, 0x0f, 0x01, 0xdf, 0x04,
    0x0f, 0x07, 0x1a, 0x0d, 0x0d, 0x10, 0x05, 0x6a, 0x0e, 0x0f, 0x0f, 0x0c, 0x00, 0x28, 0x07, 0x08,
    0x0f, 0x0c, 0x1a, 0x0f, 0x0c, 0x1a, 0x0f, 0x0c, 0x1a, 0x0f, 0x0c, 0x1a, 0x0f, 0x0c, 0x1a, 0x0f,
    0x0c, 0x1a, 0x0f, 0x0c, 0x1a, 0x0f, 0x0c, 0x1a, 0x0f, 0x0c, 0x1a, 0x0f, 0x0c, 0x1a, 0x0f, 0x0c,
    0x1a, 0x0f, 0x0c, 0x1a, 0x0f, 0x0c, 0x1a, 0x0f, 0x0c, 0x1a, 0x0f, 0x0c, 0x1a, 0x0f, 0x0c, 0x00,
    0x28, 0x07, 0x08, 0x0f, 0x0c, 0x00, 0x28, 0x0e, 0x0f, 0x0f, 0x0c, 0x10, 0x08, 0x38, 0x7d, 0x0a,
    0x0e, 0x01, 0x00, 0x28, 0x01, 0x0f, 0x0f, 0x06, 0x00, 0x28, 0x07, 0x0f, 0x0d, 0x0d, 0x00, 0x28,
    0x0d, 0x0b, 0x06, 0x0f, 0x04, 0xdd, 0x05, 0x0f, 0x05, 0x01, 0x0e, 0x0a, 0xdd, 0x0b, 0x0d, 0x51,
    0x09, 0x0f, 0x01, 0x22, 0x03, 0x0f, 0x08, 0x51, 0x03, 0x0f, 0x07, 0x10, 0x09, 0xaa, 0xb0, 0x0e,
    0x0f, 0x0f, 0x0f, 0x0f, 0x0f, 0x0f, 0x0f, 0x0f, 0xc2, 0x07, 0x07, 0x07, 0x07, 0x07, 0x07, 0x07,
    0x07, 0x07, 0x10, 0x06, 0x9d, 0x4a, 0x02, 0x0e, 0x0e, 0x02, 0xdf, 0x03, 0x0f, 0x0a, 0x1a, 0x05,
    0x0f, 0x05, 0x10, 0x0b, 0x38, 0x7e, 0x02, 0x09, 0x0e, 0x0f, 0x0e, 0x09, 0x01, 0x22, 0x02, 0x0e,
    0x0f, 0x09, 0x07, 0x0b, 0x0f, 0x0c, 0x22, 0x09, 0x0f, 0x05, 0x38, 0x0a, 0x0f, 0x04, 0xc2, 0x01,
    0x02, 0x37, 0x06, 0x0f, 0x06, 0x22, 0x03, 0x0a, 0x0d, 0x0f, 0x0f, 0x0f, 0x0f, 0x06, 0xc2, 0x04,
    0x0f, 0x0e, 0x07, 0x05, 0x04, 0x08, 0x0f, 0x06, 0xc2, 0x0b, 0x0f, 0x02, 0x38, 0x06, 0x0f, 0x06,
    0xc2, 0x0e, 0x0e, 0x37, 0x07, 0x0f, 0x06, 0xc2, 0x0c, 0x0f, 0x03, 0x51, 0x02, 0x0d, 0x0f, 0x06,
    0xc2, 0x06, 0x0f, 0x0e, 0x0a, 0x0a, 0x0e, 0x0e, 0x0f, 0x07, 0x22, 0x06, 0x0d, 0x0f, 0x0e, 0x08,
    0x04, 0x0f, 0x0a, 0x10, 0x0b, 0x4c, 0x4a, 0x09, 0x0f, 0x03, 0xdf, 0x09, 0x0f, 0x03, 0xdf, 0x09,
    0x0f, 0x03, 0xdf, 0x09, 0x0f, 0x03, 0xdf, 0x09, 0x0f, 0x04, 0x0a, 0x0e, 0x0f, 0x0c, 0x04, 0x22,
    0x09, 0x0f, 0x0e, 0x0c, 0x08, 0x0a, 0x0f, 0x0f, 0x04, 0xc2, 0x09, 0x0f, 0x0a, 0x38, 0x04, 0x0f,
    0x0c, 0xc2, 0x09, 0x0f, 0x03, 0x37, 0x0c, 0x0f, 0x02, 0x55, 0x09, 0x0f, 0x03, 0x37, 0x09, 0x0f,
    0x04, 0x55, 0x09, 0x0f, 0x03, 0x37, 0x08, 0x0f, 0x05, 0x55, 0x09, 0x0f, 0x03, 0x37, 0x09, 0x0f,
    0x04, 0x55, 0x09, 0x0f, 0x03, 0x37, 0x0c, 0x0f, 0x02, 0x55, 0x09, 0x0f, 0x0a, 0x38, 0x04, 0x0f,
    0x0c, 0xc2, 0x09, 0x0f, 0x0e, 0x0d, 0x09, 0x0a, 0x0f, 0x0f, 0x03, 0xc2, 0x09, 0x0f, 0x03, 0x0a,
    0x0e, 0x0f, 0x0c, 0x04, 0x10, 0x0a, 0x38, 0x7e, 0x01, 0x08, 0x0d, 0x0f, 0x0e, 0x09, 0x01, 0x22,
    0x01, 0x0c, 0x0f, 0x0b, 0x08, 0x0a, 0x0f, 0x0d, 0x01, 0xc2, 0x07, 0x0f, 0x08, 0x38, 0x07, 0x0f,
    0x07, 0xc2, 0x0d, 0x0e, 0x01, 0x37, 0x0f, 0x0b, 0x55, 0x01, 0x0f, 0x0c, 0xdf, 0x01, 0x0f, 0x0b,
    0xdf, 0x01, 0x0f, 0x0c, 0x1a, 0x0d, 0x0e, 0x18, 0x0f, 0x0b, 0xc2, 0x07, 0x0f, 0x07, 0x38, 0x07,
    0x0f, 0x06, 0xc2, 0x01, 0x0c, 0x0f, 0x0b, 0x08, 0x0b, 0x0f, 0x0b, 0xb8, 0x01, 0x08, 0x0d, 0x0f,
    0x0d, 0x08, 0x01, 0x10, 0x0b, 0x51, 0x65, 0x0f, 0x0d, 0x1a, 0x0f, 0x0d, 0x1a, 0x0f, 0x0d, 0x1a,
    0x0f, 0x0d, 0x22, 0x01, 0x0a, 0x0e, 0x0f, 0x0c, 0x04, 0x0f, 0x0d, 0xc2, 0x01, 0x0d, 0x0f, 0x0b,
    0x08, 0x0b, 0x0f, 0x0f, 0x0d, 0xc2, 0x08, 0x0f, 0x09, 0x38, 0x05, 0x0f, 0x0d, 0xc2, 0x0d, 0x0f,
    0x01, 0x37, 0x0f, 0x0d, 0xc2, 0x0f, 0x0c, 0x18, 0x0f, 0x0d, 0x55, 0x01, 0x0f, 0x0b, 0x18, 0x0f,
    0x0d, 0xc2, 0x0f, 0x0c, 0x18, 0x0f, 0x0d, 0xc2, 0x0d, 0x0f, 0x01, 0x37, 0x0f, 0x0d, 0xc2, 0x07,
    0x0f, 0x09, 0x38, 0x06, 0x0f, 0x0d, 0xc2, 0x01, 0x0d, 0x0f, 0x0c, 0x08, 0x0b, 0x0f, 0x0f, 0x0d,
    0x22, 0x01, 0x0a, 0x0e, 0x0f, 0x0c, 0x04, 0x0d, 0x0d, 0x10, 0x0b, 0x37, 0x7e, 0x07, 0x0d, 0x0f,
    0x0e, 0x09, 0x01, 0xb8, 0x0a, 0x0f, 0x0b, 0x08, 0x0a, 0x0f, 0x0c, 0x22, 0x06, 0x0f, 0x08, 0x38,
    0x08, 0x0f, 0x06, 0xc2, 0x0c, 0x0f, 0x01, 0x38, 0x01, 0x0f, 0x0a, 0x55, 0x01, 0x0f, 0x0e, 0x07,
    0x07, 0x07, 0x07, 0x07, 0x0f, 0x0d, 0x55, 0x01, 0x0f, 0x0f, 0x0f, 0x0f, 0x0f, 0x0f, 0x0f, 0x0f,
    0x0d, 0x55, 0x01, 0x0f, 0x0c, 0x1a, 0x0d, 0x0f, 0x01, 0xdf, 0x07, 0x0f, 0x09, 0x38, 0x01, 0x0a,
    0x04, 0x22, 0x0c, 0x0f, 0x0c, 0x08, 0x08, 0x0d, 0x0f, 0x04, 0xb8, 0x07, 0x0d, 0x0f, 0x0e, 0x0b,
    0x03, 0x10, 0x07, 0x97, 0x05, 0x0c, 0x0f, 0x0d, 0x28, 0x04, 0x0f, 0x0e, 0x09, 0x08, 0x28, 0x09,
    0x0f, 0x05, 0xdf, 0x0b, 0x0f, 0x01, 0x28, 0x06, 0x0f, 0x0f, 0x0f, 0x0f, 0x0f, 0x05, 0xb8, 0x02,
    0x06, 0x0d, 0x0f, 0x07, 0x06, 0x02, 0x28, 0x0b, 0x0f, 0x01, 0xdf, 0x0b, 0x0f, 0x01, 0xdf, 0x0b,
    0x0f, 0x01, 0xdf, 0x0b, 0x0f, 0x01, 0xdf, 0x0b, 0x0f, 0x01, 0xdf, 0x0b, 0x0f, 0x01, 0xdf, 0x0b,
    0x0f, 0x01, 0xdf, 0x0b, 0x0f, 0x01, 0xdf, 0x0b, 0x0f, 0x01, 0x10, 0x0b, 0x38, 0x7e, 0x01, 0x0a,
    0x0e, 0x0f, 0x0c, 0x04, 0x0c, 0x0d, 0xc2, 0x01, 0x0d, 0x0f, 0x0b, 0x08, 0x0b, 0x0f, 0x0f, 0x0d,
    0xc2, 0x08, 0x0f, 0x09, 0x38, 0x05, 0x0f, 0x0d, 0xc2, 0x0c, 0x0f, 0x01, 0x37, 0x0f, 0x0d, 0xc2,
    0x0f, 0x0c, 0x18, 0x0e, 0x0d, 0x55, 0x01, 0x0f, 0x0b, 0x18, 0x0e, 0x0d, 0xc2, 0x0f, 0x0c, 0x18,
    0x0e, 0x0d, 0xc2, 0x0c, 0x0f, 0x01, 0x37, 0x0f, 0x0d, 0xc2, 0x07, 0x0f, 0x09, 0x38, 0x06, 0x0f,
    0x0d, 0xc2, 0x01, 0x0d, 0x0f, 0x0c, 0x08, 0x0b, 0x0f, 0x0f, 0x0d, 0x22, 0x01, 0x0a, 0x0e, 0x0f,
    0x0c, 0x04, 0x0e, 0x0d, 0xdf, 0x01, 0x0f, 0x0c, 0xc2, 0x01, 0x0a, 0x01, 0x38, 0x08, 0x0f, 0x07,
    0xc2, 0x04, 0x0f, 0x0e, 0x09, 0x08, 0x0b, 0x0f, 0x0d, 0x01, 0x22, 0x02, 0x09, 0x0e, 0x0f, 0x0d,
    0x08, 0x01, 0x10, 0x0b, 0x4c, 0x4a, 0x09, 0x0f, 0x03, 0xdf, 0x09, 0x0f, 0x03, 0xdf, 0x09, 0x0f,
    0x03, 0xdf, 0x09, 0x0f, 0x03, 0xdf, 0x09, 0x0f, 0x04, 0x09, 0x0e, 0x0f, 0x0c, 0x05, 0x22, 0x09,
    0x0f, 0x0e, 0x0d, 0x09, 0x0a, 0x0f, 0x0f, 0x03, 0xc2, 0x09, 0x0f, 0x0a, 0x38, 0x06, 0x0f, 0x08,
    0xc2, 0x09, 0x0f, 0x03, 0x38, 0x02, 0x0f, 0x0a, 0xc2, 0x09, 0x0f, 0x03, 0x38, 0x02, 0x0f, 0x0a,
    0xc2, 0x09, 0x0f, 0x03, 0x38, 0x02, 0x0f, 0x0a, 0xc2, 0x09, 0x0f, 0x03, 0x38, 0x02, 0x0f, 0x0a,
    0xc2, 0x09, 0x0f, 0x03, 0x38, 0x02, 0x0f, 0x0a, 0xc2, 0x09, 0x0f, 0x03, 0x38, 0x02, 0x0f, 0x0a,
    0xc2, 0x09, 0x0f, 0x03, 0x38, 0x02, 0x0f, 0x0a, 0xc2, 0x09, 0x0f, 0x03, 0x38, 0x02, 0x0f, 0x0a,
    0x10, 0x05, 0x4c, 0x4a, 0x07, 0x0f, 0x05, 0xdf, 0x06, 0x0f, 0x05, 0xea, 0x07, 0x0f, 0x05, 0xdf,
    0x07, 0x0f, 0x05, 0xdf, 0x07, 0x0f, 0x05, 0xdf, 0x07, 0x0f, 0x05, 0xdf, 0x07, 0x0f, 0x05, 0xdf,
    0x07, 0x0f, 0x05, 0xdf, 0x07, 0x0f, 0x05, 0xdf, 0x07, 0x0f, 0x05, 0xdf, 0x07, 0x0f, 0x05, 0xdf,
    0x07, 0x0f, 0x05, 0xdf, 0x07, 0x0f, 0x05, 0x10, 0x05, 0x00, 0xa4, 0x01, 0x1a, 0x09, 0x0f, 0x03,
    0xdf, 0x08, 0x0e, 0x03, 0xea, 0x09, 0x0f, 0x04, 0xdf, 0x09, 0x0f, 0x04, 0xdf, 0x09, 0x0f, 0x04,
    0xdf, 0x09, 0x0f, 0x04, 0xdf, 0x09, 0x0f, 0x04, 0xdf, 0x09, 0x0f, 0x04, 0xdf, 0x09, 0x0f, 0x04,
    0xdf, 0x09, 0x0f, 0x04, 0xdf, 0x09, 0x0f, 0x04, 0xdf, 0x09, 0x0f, 0x04, 0xdf, 0x09, 0x0f, 0x04,
    0xdf, 0x09, 0x0f, 0x04, 0xdf, 0x0a, 0x0f, 0x03, 0x28, 0x06, 0x09, 0x0f, 0x0e, 0x01, 0x28, 0x09,
    0x0f, 0x0d, 0x04, 0x10, 0x0a, 0x4c, 0x4a, 0x09, 0x0f, 0x03, 0xdf, 0x09, 0x0f, 0x03, 0xdf, 0x09,
    0x0f, 0x03, 0xdf, 0x09, 0x0f, 0x03, 0xdf, 0x09, 0x0f, 0x03, 0x51, 0x02, 0x0d, 0x0f, 0x04, 0xc2,
    0x09, 0x0f, 0x03, 0x00, 0x01, 0x0d, 0x0f, 0x05, 0x22, 0x09, 0x0f, 0x03, 0x01, 0x0c, 0x0f, 0x06,
    0xb8, 0x09, 0x0f, 0x03, 0x0b, 0x0f, 0x08, 0xdd, 0x09, 0x0f, 0x0b, 0x0f, 0x0b, 0x28, 0x09, 0x0f,
    0x0f, 0x0f, 0x0f, 0x03, 0xdd, 0x09, 0x0f, 0x0b, 0x04, 0x0f, 0x0d, 0x01, 0xb8, 0x09, 0x0f, 0x03,
    0x00, 0x08, 0x0f, 0x09, 0xb8, 0x09, 0x0f, 0x03, 0x51, 0x0c, 0x0f, 0x05, 0x22, 0x09, 0x0f, 0x03,
    0x51, 0x02, 0x0e, 0x0e, 0x02, 0xc2, 0x09, 0x0f, 0x03, 0x38, 0x05, 0x0f, 0x0b, 0x10, 0x05, 0x4c,
    0x4a, 0x07, 0x0f, 0x05, 0xdf, 0x07, 0x0f, 0x05, 0xdf, 0x07, 0x0f, 0x05, 0xdf, 0x07, 0x0f, 0x05,
    0xdf, 0x07, 0x0f, 0x05, 0xdf, 0x07, 0x0f, 0x05, 0xdf, 0x07, 0x0f, 0x05, 0xdf, 0x07, 0x0f, 0x05,
    0xdf, 0x07, 0x0f, 0x05, 0xdf, 0x07, 0x0f, 0x05, 0xdf, 0x07, 0x0f, 0x05, 0xdf, 0x07, 0x0f, 0x05,
    0xdf, 0x07, 0x0f, 0x05, 0xdf, 0x07, 0x0f, 0x05, 0xdf, 0x07, 0x0f, 0x05, 0x10, 0x12, 0x51, 0x7e,
    0x0a, 0x0f, 0x03, 0x0a, 0x0e, 0x0f, 0x0c, 0x04, 0x00, 0x06, 0x0d, 0x0f, 0x0e, 0x09, 0x01, 0x00,
    0x3f, 0x0a, 0x0f, 0x0e, 0x0b, 0x08, 0x0a, 0x0f, 0x0f, 0x0a, 0x0e, 0x09, 0x09, 0x0d, 0x0f, 0x0a,
    0x00, 0x3f, 0x0a, 0x0f, 0x08, 0x38, 0x07, 0x0f, 0x0f, 0x03, 0x51, 0x01, 0x0d, 0x0f, 0x01, 0x3f,
    0x0a, 0x0f, 0x03, 0x38, 0x03, 0x0f, 0x0c, 0x37, 0x0a, 0x0f, 0x03, 0x3f, 0x0a, 0x0f, 0x03, 0x38,
    0x02, 0x0f, 0x0a, 0x37, 0x0a, 0x0f, 0x03, 0x3f, 0x0a, 0x0f, 0x03, 0x38, 0x02, 0x0f, 0x0a, 0x37,
    0x0a, 0x0f, 0x03, 0x3f, 0x0a, 0x0f, 0x03, 0x38, 0x02, 0x0f, 0x0a, 0x37, 0x0a, 0x0f, 0x03, 0x3f,
    0x0a, 0x0f, 0x03, 0x38, 0x02, 0x0f, 0x0a, 0x37, 0x0a, 0x0f, 0x03, 0x3f, 0x0a, 0x0f, 0x03, 0x38,
    0x02, 0x0f, 0x0a, 0x37, 0x0a, 0x0f, 0x03, 0x3f, 0x0a, 0x0f, 0x03, 0x38, 0x02, 0x0f, 0x0a, 0x37,
    0x0a, 0x0f, 0x03, 0x3f, 0x0a, 0x0f, 0x03, 0x38, 0x02, 0x0f, 0x0a, 0x37, 0x0a, 0x0f, 0x03, 0x10,
    0x0b, 0x51, 0x7e, 0x09, 0x0f, 0x03, 0x09, 0x0e, 0x0f, 0x0c, 0x05, 0x22, 0x09, 0x0f, 0x0d, 0x0d,
    0x09, 0x0a, 0x0f, 0x0f, 0x03, 0xc2, 0x09, 0x0f, 0x0a, 0x38, 0x06, 0x0f, 0x08, 0xc2, 0x09, 0x0f,
    0x03, 0x38, 0x02, 0x0f, 0x0a, 0xc2, 0x09, 0x0f, 0x03, 0x38, 0x02, 0x0f, 0x0a, 0xc2, 0x09, 0x0f,
    0x03, 0x38, 0x02, 0x0f, 0x0a, 0xc2, 0x09, 0x0f, 0x03, 0x38, 0x02, 0x0f, 0x0a, 0xc2, 0x09, 0x0f,
    0x03, 0x38, 0x02, 0x0f, 0x0a, 0xc2, 0x09, 0x0f, 0x03, 0x38, 0x02, 0x0f, 0x0a, 0xc2, 0x09, 0x0f,
    0x03, 0x38, 0x02, 0x0f, 0x0a, 0xc2, 0x09, 0x0f, 0x03, 0x38, 0x02, 0x0f, 0x0a, 0x10, 0x0b, 0x37,
    0x7e, 0x07, 0x0d, 0x0f, 0x0e, 0x0a, 0x02, 0xb8, 0x0b, 0x0f, 0x0c, 0x08, 0x09, 0x0f, 0x0e, 0x03,
    0xc2, 0x06, 0x0f, 0x09, 0x38, 0x04, 0x0f, 0x0d, 0xc2, 0x0d, 0x0f, 0x01, 0x37, 0x0a, 0x0f, 0x04,
    0x2c, 0x01, 0x0f, 0x0c, 0x18, 0x06, 0x0f, 0x07, 0x2c, 0x01, 0x0f, 0x0b, 0x18, 0x05, 0x0f, 0x08,
    0x2c, 0x01, 0x0f, 0x0c, 0x18, 0x06, 0x0f, 0x07, 0x55, 0x0d, 0x0f, 0x01, 0x37, 0x09, 0x0f, 0x04,
    0x55, 0x07, 0x0f, 0x09, 0x38, 0x03, 0x0f, 0x0d, 0x22, 0x0b, 0x0f, 0x0c, 0x08, 0x09, 0x0f, 0x0e,
    0x03, 0xb8, 0x07, 0x0d, 0x0f, 0x0e, 0x0a, 0x02, 0x10, 0x0b, 0x51, 0x7e, 0x09, 0x0f, 0x03, 0x0a,
    0x0e, 0x0f, 0x0c, 0x04, 0x22, 0x09, 0x0f, 0x0e, 0x0c, 0x08, 0x0a, 0x0f, 0x0f, 0x04, 0xc2, 0x09,
    0x0f, 0x08, 0x38, 0x05, 0x0f, 0x0c, 0xc2, 0x09, 0x0f, 0x03, 0x37, 0x0c, 0x0f, 0x01, 0x55, 0x09,
    0x0f, 0x03, 0x37, 0x09, 0x0f, 0x04, 0x55, 0x09, 0x0f, 0x03, 0x37, 0x08, 0x0f, 0x04, 0x55, 0x09,
    0x0f, 0x03, 0x37, 0x09, 0x0f, 0x04, 0x55, 0x09, 0x0f, 0x03, 0x37, 0x0c, 0x0f, 0x01, 0x55, 0x09,
    0x0f, 0x08, 0x38, 0x05, 0x0f, 0x0b, 0xc2, 0x09, 0x0f, 0x0f, 0x0b, 0x08, 0x0a, 0x0f, 0x0f, 0x03,
    0xc2, 0x09, 0x0f, 0x05, 0x0a, 0x0e, 0x0f, 0x0c, 0x04, 0x22, 0x09, 0x0f, 0x03, 0xdf, 0x09, 0x0f,
    0x03, 0xdf, 0x09, 0x0f, 0x03, 0xdf, 0x09, 0x0f, 0x03, 0x10, 0x0b, 0x38, 0x7e, 0x02, 0x0a, 0x0e,
    0x0f, 0x0c, 0x04, 0x0d, 0x0d, 0xc2, 0x01, 0x0d, 0x0f, 0x0b, 0x08, 0x0a, 0x0f, 0x0f, 0x0d, 0xc2,
    0x08, 0x0f, 0x09, 0x38, 0x04, 0x0f, 0x0d, 0xc2, 0x0d, 0x0f, 0x01, 0x37, 0x0f, 0x0d, 0xc2, 0x0f,
    0x0c, 0x18, 0x0f, 0x0d, 0x55, 0x01, 0x0f, 0x0b, 0x18, 0x0f, 0x0d, 0xc2, 0x0f, 0x0c, 0x18, 0x0f,
    0x0d, 0xc2, 0x0d, 0x0f, 0x01, 0x37, 0x0f, 0x0d, 0xc2, 0x08, 0x0f, 0x09, 0x38, 0x05, 0x0f, 0x0d,
    0xc2, 0x01, 0x0d, 0x0f, 0x0b, 0x08, 0x0a, 0x0f, 0x0f, 0x0d, 0x22, 0x01, 0x0a, 0x0e, 0x0f, 0x0c,
    0x04, 0x0f, 0x0d, 0x1a, 0x0f, 0x0d, 0x1a, 0x0f, 0x0d, 0x1a, 0x0f, 0x0d, 0x1a, 0x0f, 0x0d, 0x10,
    0x07, 0x51, 0x7e, 0x09, 0x0f, 0x04, 0x0b, 0x0f, 0x07, 0xdd, 0x09, 0x0f, 0x0e, 0x0e, 0x0b, 0x06,
    0xdd, 0x09, 0x0f, 0x0a, 0x01, 0x00, 0x28, 0x09, 0x0f, 0x04, 0xdf, 0x09, 0x0f, 0x03, 0xdf, 0x09,
    0x0f, 0x03, 0xdf, 0x09, 0x0f, 0x03, 0xdf, 0x09, 0x0f, 0x03, 0xdf, 0x09, 0x0f, 0x03, 0xdf, 0x09,
    0x0f, 0x03, 0xdf, 0x09, 0x0f, 0x03, 0x10, 0x0a, 0x38, 0x7e, 0x03, 0x0b, 0x0e, 0x0f, 0x0d, 0x07,
    0xb8, 0x03, 0x0e, 0x0e, 0x09, 0x08, 0x0c, 0x0f, 0x09, 0x22, 0x09, 0x0f, 0x04, 0x38, 0x0c, 0x0f,
    0x02, 0xc2, 0x0a, 0x0f, 0x04, 0x38, 0x03, 0x04, 0x01, 0xc2, 0x04, 0x0f, 0x0e, 0x09, 0x05, 0x01,
    0x28, 0x03, 0x0a, 0x0f, 0x0f, 0x0f, 0x0a, 0x02, 0x28, 0x01, 0x04, 0x09, 0x0f, 0x0e, 0x01, 0xc2,
    0x07, 0x06, 0x37, 0x09, 0x0f, 0x05, 0xc2, 0x0d, 0x0e, 0x02, 0x38, 0x09, 0x0f, 0x04, 0xc2, 0x05,
    0x0f, 0x0e, 0x09, 0x08, 0x0b, 0x0f, 0x0c, 0xb8, 0x04, 0x0b, 0x0e, 0x0f, 0x0d, 0x08, 0x01, 0x10,
    0x07, 0x4c, 0xf6, 0x0f, 0x0c, 0x1a, 0x0f, 0x0c, 0x00, 0x28, 0x0e, 0x0f, 0x0f, 0x0f, 0x0f, 0x0c,
    0xdd, 0x05, 0x06, 0x0f, 0x0e, 0x06, 0x05, 0x00, 0x28, 0x0f, 0x0c, 0x1a, 0x0f, 0x0c, 0x1a, 0x0f,
    0x0c, 0x1a, 0x0f, 0x0c, 0x1a, 0x0f, 0x0c, 0x1a, 0x0f, 0x0c, 0x1a, 0x0f, 0x0d, 0x1a, 0x0c, 0x0f,
    0x0a, 0x08, 0x00, 0x28, 0x03, 0x0c, 0x0f, 0x0b, 0x10, 0x0b, 0x51, 0x7e, 0x0a, 0x0f, 0x02, 0x38,
    0x02, 0x0f, 0x0a, 0xc2, 0x0a, 0x0f, 0x02, 0x38, 0x02, 0x0f, 0x0a, 0xc2, 0x0a, 0x0f, 0x02, 0x38,
    0x02, 0x0f, 0x0a, 0xc2, 0x0a, 0x0f, 0x02, 0x38, 0x02, 0x0f, 0x0a, 0xc2, 0x0a, 0x0f, 0x02, 0x38,
    0x02, 0x0f, 0x0a, 0xc2, 0x0a, 0x0f, 0x02, 0x38, 0x02, 0x0f, 0x0a, 0xc2, 0x0a, 0x0f, 0x02, 0x38,
    0x02, 0x0f, 0x0a, 0xc2, 0x0a, 0x0f, 0x03, 0x38, 0x03, 0x0f, 0x0a, 0xc2, 0x07, 0x0f, 0x07, 0x38,
    0x08, 0x0f, 0x0a, 0xc2, 0x02, 0x0f, 0x0f, 0x0a, 0x09, 0x0c, 0x0f, 0x0f, 0x0a, 0x22, 0x04, 0x0c,
    0x0f, 0x0e, 0x0b, 0x04, 0x0f, 0x0a, 0x10, 0x0a, 0x00, 0x7e, 0x08, 0x0f, 0x05, 0x37, 0x0a, 0x0f,
    0x02, 0x55, 0x02, 0x0f, 0x0a, 0x37, 0x0e, 0x0c, 0x22, 0x0c, 0x0e, 0x38, 0x04, 0x0f, 0x07, 0x22,
    0x07, 0x0f, 0x04, 0x51, 0x09, 0x0f, 0x02, 0x22, 0x02, 0x0f, 0x09, 0x51, 0x0e, 0x0c, 0xdd, 0x0b,
    0x0e, 0x00, 0x03, 0x0f, 0x06, 0xdd, 0x06, 0x0f, 0x04, 0x08, 0x0f, 0x01, 0xdd, 0x01, 0x0f, 0x09,
    0x0d, 0x0b, 0x00, 0x28, 0x0b, 0x0e, 0x0f, 0x06, 0x00, 0x28, 0x06, 0x0f, 0x0f, 0x01, 0x00, 0x28,
    0x01, 0x0f, 0x0b, 0x10, 0x0f, 0x00, 0x7e, 0x07, 0x0f, 0x05, 0x38, 0x06, 0x0f, 0x06, 0x38, 0x05,
    0x0f, 0x06, 0x00, 0x3f, 0x02, 0x0f, 0x09, 0x38, 0x0a, 0x0f, 0x0a, 0x38, 0x09, 0x0f, 0x02, 0x66,
    0x0d, 0x0d, 0x38, 0x0e, 0x0f, 0x0e, 0x38, 0x0d, 0x0d, 0x41, 0x09, 0x0f, 0x02, 0x00, 0x04, 0x0f,
    0x07, 0x0f, 0x04, 0x00, 0x01, 0x0f, 0x09, 0x41, 0x05, 0x0f, 0x06, 0x00, 0x09, 0x0e, 0x01, 0x0e,
    0x08, 0x00, 0x05, 0x0f, 0x05, 0x41, 0x01, 0x0f, 0x09, 0x00, 0x0d, 0x09, 0x00, 0x0a, 0x0d, 0x00,
    0x09, 0x0f, 0x01, 0x19, 0x0c, 0x0d, 0x03, 0x0f, 0x05, 0x00, 0x05, 0x0f, 0x02, 0x0c, 0x0b, 0x2c,
    0x07, 0x0f, 0x09, 0x0f, 0x01, 0x00, 0x01, 0x0f, 0x08, 0x0f, 0x07, 0x2c, 0x03, 0x0f, 0x0f, 0x0b,
    0x38, 0x0b, 0x0e, 0x0f, 0x03, 0x55, 0x0e, 0x0f, 0x06, 0x38, 0x06, 0x0f, 0x0e, 0xc2, 0x0a, 0x0f,
    0x02, 0x38, 0x02, 0x0f, 0x0a, 0x10, 0x0a, 0x00, 0x7e, 0x03, 0x0f, 0x0d, 0x38, 0x01, 0x0e, 0x0e,
    0x02, 0xc2, 0x08, 0x0f, 0x07, 0x51, 0x09, 0x0f, 0x06, 0x22, 0x01, 0x0d, 0x0e, 0x01, 0x03, 0x0f,
    0x0c, 0xdd, 0x04, 0x0f, 0x09, 0x0c, 0x0f, 0x03, 0x28, 0x09, 0x0f, 0x0f, 0x08, 0x00, 0x28, 0x03,
    0x0f, 0x0f, 0x01, 0x00, 0x28, 0x0b, 0x0f, 0x0f, 0x09, 0x28, 0x05, 0x0f, 0x09, 0x0a, 0x0f, 0x04,
    0xb8, 0x01, 0x0e, 0x0e, 0x01, 0x02, 0x0e, 0x0d, 0xb8, 0x0a, 0x0f, 0x06, 0x51, 0x07, 0x0f, 0x08,
    0xc2, 0x04, 0x0f, 0x0c, 0x38, 0x01, 0x0d, 0x0f, 0x03, 0x10, 0x09, 0x00, 0x7e, 0x09, 0x0f, 0x05,
    0x37, 0x0d, 0x0f, 0x01, 0x55, 0x04, 0x0f, 0x0a, 0x38, 0x03, 0x0f, 0x0b, 0x22, 0x0d, 0x0f, 0x01,
    0x51, 0x07, 0x0f, 0x05, 0x22, 0x08, 0x0f, 0x05, 0x51, 0x0c, 0x0f, 0x01, 0x22, 0x03, 0x0f, 0x0a,
    0x00, 0x02, 0x0f, 0x0a, 0xdd, 0x0c, 0x0f, 0x01, 0x06, 0x0f, 0x05, 0xdd, 0x07, 0x0f, 0x05, 0x0b,
    0x0e, 0x01, 0xdd, 0x02, 0x0f, 0x0b, 0x0f, 0x0a, 0x00, 0x28, 0x0b, 0x0f, 0x0f, 0x04, 0x00, 0x28,
    0x06, 0x0f, 0x0e, 0xdf, 0x02, 0x0f, 0x09, 0xdf, 0x05, 0x0f, 0x04, 0xdf, 0x0c, 0x0d, 0x28, 0x02,
    0x09, 0x0d, 0x0f, 0x06, 0x28, 0x02, 0x0e, 0x0e, 0x07, 0x10, 0x0a, 0x00, 0x7e, 0x01, 0x0f, 0x0f,
    0x0f, 0x0f, 0x0f, 0x0f, 0x0f, 0x0f, 0x22, 0x07, 0x07, 0x07, 0x07, 0x07, 0x0b, 0x0f, 0x0c, 0x00,
    0x28, 0x01, 0x0e, 0x0e, 0x02, 0x00, 0x28, 0x0a, 0x0f, 0x06, 0x00, 0x28, 0x06, 0x0f, 0x0a, 0x00,
    0x28, 0x03, 0x0f, 0x0d, 0x01, 0x00, 0x28, 0x0c, 0x0f, 0x03, 0x00, 0x28, 0x09, 0x0f, 0x07, 0x00,
    0x28, 0x04, 0x0f, 0x0b, 0x00, 0x28, 0x01, 0x0e, 0x0f, 0x09, 0x07, 0x07, 0x07, 0x07, 0x07, 0x02,
    0x55, 0x02, 0x0f, 0x0f, 0x0f, 0x0f, 0x0f, 0x0f, 0x0f, 0x0f, 0x04, 0x10, 0x07, 0x38, 0xa4, 0x03,
    0x0b, 0x05, 0x00, 0x28, 0x04, 0x0f, 0x0b, 0x02, 0x00, 0x28, 0x0d, 0x0e, 0x01, 0x00, 0x28, 0x02,
    0x0f, 0x0a, 0xdf, 0x04, 0x0f, 0x08, 0xdf, 0x04, 0x0f, 0x08, 0xdf, 0x04, 0x0f, 0x08, 0xdf, 0x05,
    0x0f, 0x07, 0xdf, 0x09, 0x0f, 0x04, 0x28, 0x03, 0x09, 0x0f, 0x0b, 0x00, 0x28, 0x07, 0x0f, 0x0f,
    0x04, 0xdf, 0x03, 0x0d, 0x0e, 0x02, 0xdf, 0x06, 0x0f, 0x06, 0xdf, 0x05, 0x0f, 0x08, 0xdf, 0x04,
    0x0f, 0x08, 0xdf, 0x04, 0x0f, 0x08, 0xdf, 0x03, 0x0f, 0x09, 0x1a, 0x0e, 0x0e, 0x01, 0xdf, 0x05,
    0x0f, 0x0b, 0x02, 0xdf, 0x04, 0x0b, 0x05, 0x10, 0x05, 0x00, 0x7d, 0x04, 0x0f, 0x03, 0xdf, 0x04,
    0x0f, 0x03, 0xdf, 0x04, 0x0f, 0x03, 0xdf, 0x04, 0x0f, 0x03, 0xdf, 0x04, 0x0f, 0x03, 0xdf, 0x04,
    0x0f, 0x03, 0xdf, 0x04, 0x0f, 0x03, 0xdf, 0x04, 0x0f, 0x03, 0xdf, 0x04, 0x0f, 0x03, 0xdf, 0x04,
    0x0f, 0x03, 0xdf, 0x04, 0x0f, 0x03, 0xdf, 0x04, 0x0f, 0x03, 0xdf, 0x04, 0x0f, 0x03, 0xdf, 0x04,
    0x0f, 0x03, 0xdf, 0x04, 0x0f, 0x03, 0xdf, 0x04, 0x0f, 0x03, 0xdf, 0x04, 0x0f, 0x03, 0x10, 0x07,
    0x6a, 0x08, 0x0a, 0x02, 0xdf, 0x04, 0x0d, 0x0d, 0x01, 0xdf, 0x04, 0x0f, 0x09, 0x1a, 0x0e, 0x0d,
    0x1a, 0x0c, 0x0f, 0x1a, 0x0c, 0x0f, 0x01, 0xdf, 0x0c, 0x0f, 0x01, 0xdf, 0x0b, 0x0f, 0x01, 0xdf,
    0x08, 0x0f, 0x05, 0xdf, 0x01, 0x0d, 0x0e, 0x08, 0x01, 0x00, 0x28, 0x07, 0x0f, 0x0f, 0x03, 0x28,
    0x04, 0x0f, 0x0a, 0x01, 0x00, 0x28, 0x0a, 0x0f, 0x03, 0xdf, 0x0b, 0x0f, 0x01, 0xdf, 0x0c, 0x0f,
    0x01, 0xdf, 0x0c, 0x0f, 0x01, 0xdf, 0x0d, 0x0e, 0xdf, 0x03, 0x0f, 0x0a, 0x00, 0x28, 0x04, 0x0d,
    0x0e, 0x02, 0x00, 0x28, 0x08, 0x0a, 0x02, 0x10, 0x0e, 0xa5, 0x54, 0x03, 0x0c, 0x0f, 0x0c, 0x04,
    0x38, 0x03, 0x0f, 0x04, 0x19, 0x02, 0x0e, 0x0d, 0x09, 0x0e, 0x0f, 0x07, 0x51, 0x08, 0x0f, 0x02,
    0x19, 0x07, 0x0f, 0x03, 0x00, 0x01, 0x0c, 0x0f, 0x0b, 0x0a, 0x0f, 0x0a, 0x2c, 0x0a, 0x0e, 0x37,
    0x08, 0x0e, 0x0e, 0x09, 0x01, 0x10,
};

static const uint16_t mf_rlefont_Roboto_Regular20_glyph_offsets_1[95] PROGMEM = {
    0x0000, 0x0003, 0x0036, 0x0057, 0x00cc, 0x0145, 0x01c7, 0x0245,
    0x0257, 0x02ac, 0x02fe, 0x0336, 0x0375, 0x0388, 0x0399, 0x03a6,
    0x03df, 0x044b, 0x0491, 0x04f3, 0x0557, 0x05b5, 0x0617, 0x0682,
    0x06d0, 0x0747, 0x07a9, 0x07c1, 0x07df, 0x081b, 0x0846, 0x0882,
    0x08cd, 0x099f, 0x0a0b, 0x0a8f, 0x0af6, 0x0b6d, 0x0bd0, 0x0c25,
    0x0c9e, 0x0d1b, 0x0d56, 0x0da3, 0x0e1d, 0x0e66, 0x0f2a, 0x0fbd,
    0x1036, 0x10a0, 0x1124, 0x11a3, 0x1211, 0x1251, 0x12c8, 0x132d,
    0x13d8, 0x1448, 0x149c, 0x1505, 0x155b, 0x1596, 0x15dc, 0x160c,
    0x1623, 0x1633, 0x1694, 0x1705, 0x1754, 0x17ba, 0x1812, 0x185b,
    0x18d3, 0x1941, 0x1978, 0x19c4, 0x1a2e, 0x1a6d, 0x1b00, 0x1b5e,
    0x1bb9, 0x1c2a, 0x1c90, 0x1cc7, 0x1d20, 0x1d59, 0x1db7, 0x1e04,
    0x1e86, 0x1eda, 0x1f3a, 0x1f8c, 0x1fe8, 0x202f, 0x2088,
};

static const uint8_t mf_rlefont_Roboto_Regular20_glyph_data_2[24085] PROGMEM = {
    0x05, 0x00, 0x10, 0x05, 0x51, 0x7e, 0x07, 0x0f, 0x05, 0xdf, 0x07, 0x0f, 0x05, 0xea, 0x05, 0x0f,
    0x05, 0xdf, 0x05, 0x0f, 0x05, 0xdf, 0x05, 0x0f, 0x05, 0xdf, 0x06, 0x0f, 0x05, 0xdf, 0x06, 0x0f,
    0x05, 0xdf, 0x06, 0x0f, 0x06, 0xdf, 0x06, 0x0f, 0x06, 0xdf, 0x06, 0x0f, 0x06, 0xdf, 0x07, 0x0f,
    0x06, 0xdf, 0x07, 0x0f, 0x06, 0xdf, 0x07, 0x0f, 0x06, 0x10, 0x0b, 0x3c, 0xf6, 0x04, 0x0f, 0x08,
    0xdf, 0x04, 0x0f, 0x08, 0x00, 0x28, 0x07, 0x0d, 0x0f, 0x0e, 0x0a, 0x02, 0xb8, 0x0b, 0x0f, 0x0b,
    0x08, 0x09, 0x0f, 0x0e, 0x02, 0xc2, 0x06, 0x0f, 0x09, 0x38, 0x05, 0x0f, 0x09, 0xc2, 0x0b, 0x0f,
    0x02, 0x37, 0x0d, 0x0d, 0xc2, 0x0e, 0x0e, 0x1a, 0x0f, 0x0d, 0x1a, 0x0e, 0x0e, 0x1a, 0x0b, 0x0f,
    0x02, 0x37, 0x0d, 0x0d, 0xc2, 0x06, 0x0f, 0x09, 0x38, 0x05, 0x0f, 0x08, 0x22, 0x0b, 0x0f, 0x0c,
    0x08, 0x0a, 0x0f, 0x0d, 0x01, 0xb8, 0x07, 0x0d, 0x0f, 0x0e, 0x09, 0x01, 0x28, 0x04, 0x0f, 0x08,
    0xdf, 0x04, 0x0f, 0x08, 0x10, 0x0c, 0xfc, 0x07, 0x0d, 0x0f, 0x0e, 0x0a, 0x02, 0xb8, 0x0b, 0x0f,
    0x0c, 0x09, 0x0b, 0x0f, 0x0e, 0x02, 0xc2, 0x05, 0x0f, 0x0b, 0x38, 0x07, 0x0f, 0x08, 0xc2, 0x09,
    0x0f, 0x05, 0x38, 0x02, 0x0c, 0x09, 0xc2, 0x09, 0x0f, 0x04, 0xdf, 0x09, 0x0f, 0x04, 0x28, 0x01,
    0x08, 0x0c, 0x0f, 0x0b, 0x08, 0x08, 0x04, 0x22, 0x02, 0x0f, 0x0f, 0x0f, 0x0f, 0x0f, 0x0f, 0x07,
    0xdd, 0x07, 0x0f, 0x06, 0xdf, 0x06, 0x0f, 0x07, 0xdf, 0x07, 0x0f, 0x07, 0xdf, 0x09, 0x0f, 0x04,
    0x28, 0x01, 0x08, 0x0f, 0x0f, 0x08, 0x08, 0x08, 0x08, 0x08, 0x08, 0x08, 0x2c, 0x01, 0x0f, 0x0f,
    0x0f, 0x0f, 0x0f, 0x0f, 0x0f, 0x0f, 0x0f, 0x0f, 0x10, 0x0e, 0x4c, 0xf6, 0x02, 0x52, 0x01, 0x01,
    0x19, 0x08, 0x0e, 0x03, 0x05, 0x0b, 0x0e, 0x0f, 0x0d, 0x08, 0x01, 0x0b, 0x0d, 0x01, 0x41, 0x07,
    0x0f, 0x0f, 0x0f, 0x0f, 0x0b, 0x0b, 0x0e, 0x0f, 0x0f, 0x0f, 0x0c, 0x01, 0x19, 0x0b, 0x0f, 0x0b,
    0x02, 0x38, 0x07, 0x0f, 0x0f, 0x02, 0x19, 0x02, 0x0f, 0x0c, 0x9d, 0x07, 0x0f, 0x07, 0x19, 0x07,
    0x0f, 0x05, 0x4c, 0x0e, 0x0c, 0x19, 0x09, 0x0f, 0x01, 0x4c, 0x0b, 0x0e, 0x19, 0x09, 0x0f, 0x01,
    0x4c, 0x0b, 0x0e, 0x19, 0x07, 0x0f, 0x05, 0x4c, 0x0e, 0x0c, 0x19, 0x02, 0x0f, 0x0c, 0x9d, 0x07,
    0x0f, 0x07, 0x2c, 0x0c, 0x0f, 0x0b, 0x02, 0x38, 0x07, 0x0f, 0x0f, 0x02, 0x19, 0x08, 0x0f, 0x0f,
    0x0f, 0x0f, 0x0b, 0x0b, 0x0e, 0x0f, 0x0e, 0x0f, 0x0d, 0x02, 0x41, 0x06, 0x0d, 0x02, 0x05, 0x0b,
    0x0e, 0x0f, 0x0d, 0x07, 0x01, 0x0a, 0x0c, 0x01, 0x19, 0x01, 0x3c, 0x01, 0x10, 0x0b, 0x7d, 0x09,
    0x0f, 0x08, 0x37, 0x01, 0x0e, 0x0f, 0x02, 0x2c, 0x02, 0x0f, 0x0e, 0x01, 0x38, 0x07, 0x0f, 0x09,
    0xc2, 0x08, 0x0f, 0x07, 0x38, 0x0e, 0x0e, 0x01, 0xc2, 0x01, 0x0e, 0x0e, 0x01, 0x00, 0x06, 0x0f,
    0x08, 0xb8, 0x07, 0x0f, 0x06, 0x00, 0x0d, 0x0e, 0x01, 0xb8, 0x01, 0x0e, 0x0d, 0x06, 0x0f, 0x07,
    0xb8, 0x03, 0x03, 0x09, 0x0f, 0x0f, 0x0f, 0x04, 0x03, 0x01, 0xc2, 0x0c, 0x0f, 0x0f, 0x0f, 0x0f,
    0x0f, 0x0f, 0x0f, 0x05, 0xdd, 0x0b, 0x0f, 0x03, 0xdf, 0x0b, 0x0f, 0x02, 0xdd, 0x0c, 0x0f, 0x0f,
    0x0f, 0x0f, 0x0f, 0x0f, 0x0f, 0x05, 0xc2, 0x03, 0x03, 0x03, 0x0c, 0x0f, 0x05, 0x03, 0x03, 0x01,
    0xdd, 0x0b, 0x0f, 0x02, 0xdf, 0x0b, 0x0f, 0x02, 0x10, 0x05, 0x00, 0x7d, 0x08, 0x0f, 0x04, 0xdf,
    0x08, 0x0f, 0x04, 0xdf, 0x08, 0x0f, 0x04, 0xdf, 0x08, 0x0f, 0x04, 0xdf, 0x08, 0x0f, 0x04, 0xdf,
    0x08, 0x0f, 0x04, 0xdf, 0x08, 0x0f, 0x04, 0xea, 0x08, 0x0f, 0x04, 0xdf, 0x08, 0x0f, 0x04, 0xdf,
    0x08, 0x0f, 0x04, 0xdf, 0x08, 0x0f, 0x04, 0xdf, 0x08, 0x0f, 0x04, 0xdf, 0x08, 0x0f, 0x04, 0xdf,
    0x08, 0x0f, 0x04, 0xdf, 0x08, 0x0f, 0x04, 0x10, 0x0c, 0x51, 0x7d, 0x01, 0x07, 0x0c, 0x0e, 0x0f,
    0x0d, 0x09, 0x02, 0xc2, 0x01, 0x0c, 0x0f, 0x0c, 0x08, 0x08, 0x0b, 0x0f, 0x0e, 0x02, 0x55, 0x07,
    0x0f, 0x08, 0x37, 0x07, 0x0f, 0x0a, 0x55, 0x09, 0x0f, 0x03, 0x18, 0x0e, 0x0e, 0x55, 0x07, 0x0f,
    0x08, 0x18, 0x03, 0x03, 0x55, 0x01, 0x0e, 0x0f, 0x0b, 0x05, 0x01, 0xdd, 0x01, 0x0a, 0x0f, 0x0f,
    0x0f, 0x0f, 0x0b, 0x06, 0x22, 0x0a, 0x0f, 0x07, 0x03, 0x07, 0x0c, 0x0f, 0x0f, 0x0d, 0x02, 0x55,
    0x0f, 0x0c, 0x37, 0x02, 0x09, 0x0f, 0x0c, 0x55, 0x0f, 0x0d, 0x9d, 0x0b, 0x0f, 0x02, 0x2c, 0x0b,
    0x0f, 0x09, 0x02, 0x37, 0x0a, 0x0f, 0x02, 0x2c, 0x01, 0x0c, 0x0f, 0x0f, 0x0c, 0x07, 0x03, 0x06,
    0x0f, 0x0c, 0x22, 0x05, 0x0b, 0x0f, 0x0f, 0x0f, 0x0f, 0x0c, 0x01, 0xdd, 0x01, 0x05, 0x0b, 0x0f,
    0x0f, 0x03, 0x55, 0x03, 0x02, 0x18, 0x06, 0x0f, 0x09, 0x2c, 0x01, 0x0f, 0x0c, 0x18, 0x01, 0x0f,
    0x0b, 0x55, 0x0c, 0x0f, 0x05, 0x37, 0x07, 0x0f, 0x09, 0x55, 0x03, 0x0e, 0x0f, 0x0b, 0x08, 0x08,
    0x0b, 0x0f, 0x0e, 0x02, 0xc2, 0x02, 0x09, 0x0d, 0x0f, 0x0f, 0x0d, 0x08, 0x01, 0x10, 0x08, 0x00,
    0x7d, 0x0d, 0x0e, 0x01, 0x00, 0x0a, 0x0f, 0x03, 0xb8, 0x0c, 0x0d, 0x01, 0x00, 0x09, 0x0e, 0x03,
    0x10, 0x10, 0xfc, 0x02, 0x09, 0x0d, 0x0f, 0x0e, 0x0c, 0x07, 0x01, 0xc2, 0x07, 0x0f, 0x0a, 0x05,
    0x03, 0x03, 0x06, 0x0c, 0x0d, 0x03, 0x2c, 0x08, 0x0e, 0x03, 0x9d, 0x07, 0x0e, 0x03, 0x41, 0x03,
    0x0f, 0x03, 0x00, 0x04, 0x0d, 0x0f, 0x0e, 0x09, 0x01, 0x00, 0x08, 0x0d, 0x41, 0x0a, 0x09, 0x00,
    0x03, 0x0f, 0x0a, 0x04, 0x05, 0x0e, 0x09, 0x51, 0x0e, 0x05, 0x66, 0x0e, 0x03, 0x00, 0x09, 0x0d,
    0x38, 0x08, 0x0e, 0x51, 0x09, 0x09, 0x00, 0x3f, 0x01, 0x0f, 0x01, 0x00, 0x0a, 0x0b, 0x4c, 0x06,
    0x0b, 0x00, 0x3f, 0x01, 0x0f, 0x01, 0x00, 0x0a, 0x0b, 0x37, 0x01, 0x51, 0x06, 0x0b, 0x66, 0x0e,
    0x03, 0x00, 0x09, 0x0d, 0x38, 0x08, 0x0d, 0x51, 0x09, 0x09, 0x66, 0x0a, 0x09, 0x00, 0x03, 0x0f,
    0x0a, 0x04, 0x06, 0x0e, 0x09, 0x51, 0x0e, 0x05, 0x66, 0x03, 0x0f, 0x03, 0x00, 0x04, 0x0c, 0x0f,
    0x0e, 0x09, 0x01, 0x00, 0x08, 0x0c, 0x19, 0x07, 0x0e, 0x03, 0x9d, 0x07, 0x0e, 0x03, 0x2c, 0x07,
    0x0f, 0x0a, 0x05, 0x03, 0x03, 0x06, 0x0c, 0x0d, 0x03, 0xc2, 0x02, 0x09, 0x0d, 0x0f, 0x0e, 0x0c,
    0x07, 0x01, 0x10, 0x09, 0x51, 0x7d, 0x06, 0x0d, 0x0f, 0x0d, 0x05, 0xdd, 0x04, 0x0f, 0x0b, 0x06,
    0x0b, 0x0f, 0x02, 0xb8, 0x02, 0x05, 0x01, 0x01, 0x04, 0x0f, 0x06, 0xdd, 0x08, 0x0e, 0x0f, 0x0f,
    0x0f, 0x06, 0xb8, 0x06, 0x0f, 0x07, 0x00, 0x03, 0x0f, 0x06, 0xb8, 0x08, 0x0f, 0x01, 0x00, 0x04,
    0x0f, 0x06, 0xb8, 0x06, 0x0f, 0x0c, 0x09, 0x0e, 0x0f, 0x06, 0xdd, 0x09, 0x0e, 0x0e, 0x07, 0x0f,
    0x08, 0x10, 0x09, 0x3c, 0xc3, 0x07, 0x0d, 0x01, 0x07, 0x0d, 0x01, 0xb8, 0x05, 0x0f, 0x04, 0x05,
    0x0f, 0x04, 0xb8, 0x03, 0x0f, 0x08, 0x03, 0x0f, 0x08, 0xdd, 0x0c, 0x0e, 0x01, 0x0c, 0x0e, 0x01,
    0xdd, 0x03, 0x0e, 0x08, 0x03, 0x0e, 0x08, 0x28, 0x05, 0x0f, 0x04, 0x05, 0x0f, 0x04, 0x28, 0x07,
    0x0d, 0x01, 0x07, 0x0d, 0x01, 0x10, 0x0b, 0x3c, 0x54, 0x0c, 0x0f, 0x0f, 0x0f, 0x0f, 0x0f, 0x0f,
    0x0f, 0x06, 0xc2, 0x07, 0x09, 0x09, 0x09, 0x09, 0x09, 0x0c, 0x0f, 0x06, 0xdf, 0x07, 0x0f, 0x05,
    0xdf, 0x07, 0x0f, 0x05, 0x10, 0x06, 0x2a, 0x54, 0x05, 0x07, 0x07, 0x07, 0x07, 0x01, 0xdd, 0x09,
    0x0f, 0x0f, 0x0f, 0x0f, 0x02, 0x10, 0x10, 0xfc, 0x02, 0x09, 0x0d, 0x0f, 0x0e, 0x0c, 0x07, 0x01,
    0xc2, 0x07, 0x0f, 0x0a, 0x05, 0x03, 0x03, 0x06, 0x0c, 0x0d, 0x03, 0x2c, 0x08, 0x0e, 0x03, 0x9d,
    0x07, 0x0e, 0x03, 0x41, 0x03, 0x0f, 0x03, 0x00, 0x0f, 0x0f, 0x0f, 0x0e, 0x0a, 0x01, 0x00, 0x08,
    0x0c, 0x41, 0x0a, 0x08, 0x51, 0x0f, 0x08, 0x04, 0x05, 0x0d, 0x0a, 0x00, 0x01, 0x0e, 0x05, 0x66,
    0x0e, 0x03, 0x51, 0x0f, 0x06, 0x51, 0x09, 0x0c, 0x51, 0x09, 0x09, 0x00, 0x3f, 0x01, 0x0f, 0x01,
    0x51, 0x0f, 0x08, 0x04, 0x06, 0x0e, 0x08, 0x51, 0x06, 0x0b, 0x00, 0x3f, 0x01, 0x0f, 0x01, 0x51,
    0x0f, 0x0f, 0x0f, 0x0f, 0x0e, 0x02, 0x51, 0x06, 0x0b, 0x66, 0x0e, 0x03, 0x51, 0x0f, 0x06, 0x00,
    0x01, 0x0c, 0x0a, 0x51, 0x09, 0x09, 0x66, 0x0a, 0x09, 0x51, 0x0f, 0x06, 0x51, 0x09, 0x0c, 0x00,
    0x01, 0x0e, 0x04, 0x66, 0x03, 0x0e, 0x03, 0x00, 0x0f, 0x06, 0x51, 0x08, 0x0d, 0x00, 0x08, 0x0c,
    0x19, 0x07, 0x0e, 0x03, 0x9d, 0x07, 0x0e, 0x03, 0x2c, 0x07, 0x0f, 0x0a, 0x05, 0x03, 0x03, 0x06,
    0x0c, 0x0d, 0x03, 0xc2, 0x02, 0x09, 0x0d, 0x0f, 0x0e, 0x0c, 0x07, 0x01, 0x10, 0x09, 0x4c, 0x4a,
    0x04, 0x06, 0x06, 0x06, 0x06, 0x06, 0x06, 0xb8, 0x09, 0x0f, 0x0f, 0x0f, 0x0f, 0x0f, 0x0e, 0x10,
    0x07, 0x51, 0x7d, 0x09, 0x0f, 0x0d, 0x04, 0x28, 0x07, 0x0d, 0x05, 0x08, 0x0e, 0x01, 0xdd, 0x0b,
    0x08, 0x51, 0x0f, 0x03, 0xdd, 0x07, 0x0d, 0x05, 0x08, 0x0e, 0x01, 0x28, 0x09, 0x0f, 0x0d, 0x04,
    0x10, 0x0b, 0x38, 0x39, 0x04, 0x0f, 0x05, 0xdf, 0x04, 0x0f, 0x05, 0xdf, 0x04, 0x0f, 0x05, 0xdf,
    0x04, 0x0f, 0x05, 0xb8, 0x01, 0x0f, 0x0f, 0x0f, 0x0f, 0x0f, 0x0f, 0x0f, 0x0f, 0x0d, 0xc2, 0x07,
    0x07, 0x07, 0x0a, 0x0f, 0x0a, 0x07, 0x07, 0x06, 0xdd, 0x04, 0x0f, 0x05, 0xdf, 0x04, 0x0f, 0x05,
    0xdf, 0x04, 0x0f, 0x05, 0xdf, 0x02, 0x08, 0x03, 0xdd, 0x05, 0x07, 0x07, 0x07, 0x07, 0x07, 0x07,
    0x07, 0x03, 0xc2, 0x0a, 0x0f, 0x0f, 0x0f, 0x0f, 0x0f, 0x0f, 0x0f, 0x07, 0x10, 0x07, 0x00, 0x7d,
    0x05, 0x0d, 0x0f, 0x0d, 0x06, 0xdd, 0x02, 0x0f, 0x0b, 0x04, 0x0a, 0x0f, 0x03, 0xb8, 0x03, 0x08,
    0x02, 0x00, 0x04, 0x0f, 0x05, 0xdf, 0x0b, 0x0e, 0x01, 0x00, 0x28, 0x0a, 0x0f, 0x04, 0x00, 0x28,
    0x0a, 0x0e, 0x04, 0x00, 0x28, 0x0b, 0x0f, 0x07, 0x04, 0x04, 0x03, 0xb8, 0x03, 0x0f, 0x0f, 0x0f,
    0x0f, 0x0f, 0x0a, 0x10, 0x07, 0x00, 0x7d, 0x06, 0x0d, 0x0f, 0x0d, 0x08, 0xdd, 0x03, 0x0f, 0x09,
    0x04, 0x08, 0x0f, 0x04, 0x28, 0x01, 0x02, 0x07, 0x0f, 0x03, 0x28, 0x07, 0x0f, 0x0f, 0x09, 0x1a,
    0x06, 0x0f, 0x05, 0xdf, 0x01, 0x0f, 0x08, 0xb8, 0x04, 0x0f, 0x09, 0x04, 0x09, 0x0f, 0x04, 0xdd,
    0x07, 0x0d, 0x0f, 0x0d, 0x06, 0x10, 0x06, 0x52, 0x4a, 0x03, 0x0f, 0x0c, 0x01, 0x00, 0x28, 0x0c,
    0x0d, 0x01, 0x00, 0x28, 0x07, 0x0e, 0x02, 0x10, 0x0b, 0x51, 0x7e, 0x07, 0x0f, 0x05, 0x37, 0x0f,
    0x0c, 0xc2, 0x07, 0x0f, 0x05, 0x37, 0x0f, 0x0c, 0xc2, 0x07, 0x0f, 0x05, 0x37, 0x0f, 0x0c, 0xc2,
    0x07, 0x0f, 0x05, 0x37, 0x0f, 0x0c, 0xc2, 0x07, 0x0f, 0x05, 0x37, 0x0f, 0x0c, 0xc2, 0x07, 0x0f,
    0x05, 0x37, 0x0f, 0x0c, 0xc2, 0x07, 0x0f, 0x05, 0x37, 0x0f, 0x0c, 0xc2, 0x07, 0x0f, 0x07, 0x37,
    0x0f, 0x0c, 0xc2, 0x07, 0x0f, 0x0b, 0x38, 0x04, 0x0f, 0x0c, 0xc2, 0x07, 0x0f, 0x0f, 0x0b, 0x07,
    0x09, 0x0e, 0x0f, 0x0c, 0xc2, 0x07, 0x0f, 0x0a, 0x0d, 0x0f, 0x0d, 0x05, 0x0d, 0x0c, 0xc2, 0x07,
    0x0f, 0x05, 0xdf, 0x07, 0x0f, 0x05, 0xdf, 0x07, 0x0f, 0x05, 0xdf, 0x07, 0x0f, 0x05, 0x10, 0x0a,
    0x51, 0x7d, 0x03, 0x0a, 0x0e, 0x0f, 0x0f, 0x0f, 0x02, 0x22, 0x04, 0x0f, 0x0f, 0x0f, 0x0f, 0x0f,
    0x0f, 0x02, 0x22, 0x0d, 0x0f, 0x0f, 0x0f, 0x0f, 0x0f, 0x0f, 0x02, 0xc2, 0x03, 0x0f, 0x0f, 0x0f,
    0x0f, 0x0f, 0x0f, 0x0f, 0x02, 0xc2, 0x05, 0x0f, 0x0f, 0x0f, 0x0f, 0x0f, 0x0f, 0x0f, 0x02, 0xc2,
    0x03, 0x0f, 0x0f, 0x0f, 0x0f, 0x0f, 0x0f, 0x0f, 0x02, 0x22, 0x0e, 0x0f, 0x0f, 0x0f, 0x0f, 0x0f,
    0x0f, 0x02, 0x22, 0x05, 0x0f, 0x0f, 0x0f, 0x0f, 0x0f, 0x0f, 0x02, 0xb8, 0x03, 0x0a, 0x0e, 0x0f,
    0x0f, 0x0f, 0x02, 0xdf, 0x0a, 0x0f, 0x02, 0xdf, 0x0a, 0x0f, 0x02, 0xdf, 0x0a, 0x0f, 0x02, 0xdf,
    0x0a, 0x0f, 0x02, 0xdf, 0x0a, 0x0f, 0x02, 0x10, 0x05, 0x52, 0xc3, 0x02, 0x1a, 0x06, 0x0f, 0x08,
    0xdf, 0x05, 0x0f, 0x07, 0x10, 0x05, 0xb7, 0x54, 0x09, 0x0d, 0x02, 0xdf, 0x04, 0x0a, 0x0e, 0x01,
    0x00, 0x28, 0x01, 0x08, 0x0f, 0x01, 0x00, 0x28, 0x0c, 0x0d, 0x05, 0x10, 0x07, 0x00, 0x7d, 0x01,
    0x05, 0x0a, 0x0c, 0x00, 0x28, 0x0c, 0x0d, 0x0e, 0x0c, 0x00, 0x28, 0x01, 0x00, 0x0a, 0x0c, 0x1a,
    0x0a, 0x0c, 0x1a, 0x0a, 0x0c, 0x1a, 0x0a, 0x0c, 0x1a, 0x0a, 0x0c, 0x10, 0x09, 0x51, 0x7d, 0x06,
    0x0d, 0x0f, 0x0d, 0x07, 0xdd, 0x05, 0x0f, 0x0b, 0x06, 0x0a, 0x0f, 0x07, 0xb8, 0x0b, 0x0e, 0x38,
    0x0d, 0x0c, 0xb8, 0x0c, 0x0c, 0x38, 0x0b, 0x0d, 0xb8, 0x0b, 0x0e, 0x38, 0x0c, 0x0c, 0xb8, 0x05,
    0x0f, 0x0a, 0x06, 0x0a, 0x0f, 0x07, 0xdd, 0x06, 0x0d, 0x0f, 0x0d, 0x07, 0x10, 0x09, 0x4c, 0xc3,
    0x0c, 0x0a, 0x51, 0x0c, 0x0a, 0xdd, 0x03, 0x0f, 0x06, 0x00, 0x03, 0x0f, 0x06, 0xdd, 0x08, 0x0e,
    0x02, 0x00, 0x08, 0x0e, 0x02, 0xb8, 0x01, 0x0d, 0x0c, 0x01, 0x01, 0x0d, 0x0c, 0x01, 0x22, 0x02,
    0x0e, 0x0a, 0x00, 0x02, 0x0e, 0x0a, 0x22, 0x01, 0x0d, 0x0b, 0x00, 0x01, 0x0d, 0x0b, 0xb8, 0x0b,
    0x0b, 0x51, 0x0b, 0x0b, 0x10, 0x0f, 0x51, 0x7d, 0x05, 0x09, 0x0b, 0x00, 0x28, 0x0c, 0x0f, 0x0e,
    0x0c, 0x18, 0x0b, 0x04, 0x2c, 0x03, 0x01, 0x0a, 0x0c, 0x37, 0x07, 0x0e, 0x01, 0xc2, 0x0a, 0x0c,
    0x38, 0x03, 0x0f, 0x05, 0x22, 0x0a, 0x0c, 0x38, 0x0c, 0x09, 0xb8, 0x0a, 0x0c, 0x51, 0x07, 0x0d,
    0x01, 0xb8, 0x0a, 0x0c, 0x00, 0x03, 0x0f, 0x04, 0x00, 0x03, 0x0f, 0x0c, 0x55, 0x0a, 0x0c, 0x00,
    0x0c, 0x09, 0x00, 0x01, 0x0d, 0x0f, 0x0c, 0x22, 0x08, 0x0d, 0x01, 0x00, 0x09, 0x0d, 0x0c, 0x0c,
    0xc2, 0x03, 0x0f, 0x04, 0x00, 0x05, 0x0e, 0x02, 0x0b, 0x0c, 0xc2, 0x0c, 0x09, 0x00, 0x02, 0x0e,
    0x08, 0x04, 0x0c, 0x0d, 0x04, 0x2c, 0x02, 0x0b, 0x01, 0x00, 0x07, 0x0f, 0x0f, 0x0f, 0x0f, 0x0f,
    0x0d, 0xdf, 0x0b, 0x0c, 0x1a, 0x0b, 0x0c, 0x10, 0x10, 0x51, 0x7d, 0x05, 0x09, 0x0b, 0x00, 0x28,
    0x0c, 0x0f, 0x0e, 0x0c, 0x37, 0x0b, 0x04, 0x55, 0x03, 0x01, 0x0a, 0x0c, 0x38, 0x07, 0x0e, 0x01,
    0x22, 0x0a, 0x0c, 0x51, 0x03, 0x0f, 0x05, 0xb8, 0x0a, 0x0c, 0x51, 0x0c, 0x09, 0xdd, 0x0a, 0x0c,
    0x00, 0x07, 0x0d, 0x01, 0xdd, 0x0a, 0x0c, 0x03, 0x0f, 0x04, 0x00, 0x05, 0x0d, 0x0f, 0x0d, 0x06,
    0x2c, 0x0a, 0x0d, 0x0c, 0x09, 0x00, 0x02, 0x0f, 0x0a, 0x04, 0x0a, 0x0f, 0x03, 0x2c, 0x08, 0x0d,
    0x01, 0x00, 0x03, 0x08, 0x02, 0x00, 0x04, 0x0f, 0x05, 0x19, 0x03, 0x0f, 0x04, 0x9d, 0x0b, 0x0e,
    0x01, 0x19, 0x0c, 0x09, 0x9d, 0x0a, 0x0f, 0x04, 0x19, 0x02, 0x0b, 0x01, 0x18, 0x0a, 0x0e, 0x04,
    0x00, 0x28, 0x0b, 0x0f, 0x07, 0x04, 0x04, 0x03, 0xb8, 0x03, 0x0f, 0x0f, 0x0f, 0x0f, 0x0f, 0x0a,
    0x10, 0x10, 0x4c, 0x4a, 0x05, 0x0d, 0x0f, 0x0d, 0x08, 0xdd, 0x02, 0x0f, 0x0a, 0x04, 0x08, 0x0f,
    0x04, 0xb8, 0x01, 0x02, 0x01, 0x02, 0x07, 0x0f, 0x03, 0x37, 0x0b, 0x04, 0x2c, 0x07, 0x0f, 0x0f,
    0x09, 0x37, 0x07, 0x0e, 0x01, 0xc2, 0x06, 0x0f, 0x05, 0x51, 0x03, 0x0f, 0x05, 0x19, 0x02, 0x04,
    0x01, 0x00, 0x01, 0x0f, 0x08, 0x51, 0x0c, 0x09, 0x2c, 0x03, 0x0f, 0x0a, 0x04, 0x09, 0x0f, 0x04,
    0x00, 0x07, 0x0d, 0x01, 0x55, 0x06, 0x0d, 0x0f, 0x0d, 0x06, 0x00, 0x03, 0x0f, 0x04, 0x00, 0x03,
    0x0f, 0x0c, 0xb8, 0x0c, 0x09, 0x00, 0x01, 0x0d, 0x0f, 0x0c, 0x22, 0x08, 0x0d, 0x01, 0x00, 0x09,
    0x0d, 0x0c, 0x0c, 0xc2, 0x03, 0x0f, 0x04, 0x00, 0x05, 0x0e, 0x02, 0x0b, 0x0c, 0xc2, 0x0c, 0x09,
    0x00, 0x02, 0x0e, 0x08, 0x04, 0x0c, 0x0d, 0x04, 0x2c, 0x02, 0x0b, 0x01, 0x00, 0x07, 0x0f, 0x0f,
    0x0f, 0x0f, 0x0f, 0x0d, 0xdf, 0x0b, 0x0c, 0x1a, 0x0b, 0x0c, 0x10, 0x09, 0x37, 0x7e, 0x02, 0x0e,
    0x09, 0xdf, 0x02, 0x0e, 0x09, 0xea, 0x01, 0x0f, 0x0b, 0xdf, 0x04, 0x0f, 0x09, 0x00, 0x28, 0x01,
    0x0d, 0x0f, 0x03, 0x00, 0x28, 0x0b, 0x0f, 0x08, 0x00, 0x28, 0x08, 0x0f, 0x0a, 0x00, 0x28, 0x01,
    0x0e, 0x0d, 0x01, 0x00, 0x28, 0x04, 0x0f, 0x08, 0xdf, 0x05, 0x0f, 0x08, 0x38, 0x03, 0x0f, 0x0a,
    0xc2, 0x02, 0x0f, 0x0c, 0x38, 0x09, 0x0f, 0x06, 0x22, 0x0a, 0x0f, 0x0d, 0x09, 0x0b, 0x0f, 0x0c,
    0x01, 0xb8, 0x08, 0x0d, 0x0f, 0x0e, 0x09, 0x01, 0x10, 0x0d, 0x51, 0xaf, 0x02, 0x0e, 0x0e, 0x02,
    0xdf, 0x03, 0x0f, 0x0a, 0x1a, 0x05, 0x0f, 0x05, 0x1f, 0x07, 0x0f, 0x08, 0xdf, 0x0d, 0x0f, 0x0e,
    0x00, 0x28, 0x04, 0x0f, 0x0c, 0x0f, 0x05, 0x28, 0x0a, 0x0f, 0x02, 0x0e, 0x0b, 0xdd, 0x01, 0x0f,
    0x0b, 0x00, 0x0a, 0x0f, 0x02, 0xb8, 0x06, 0x0f, 0x05, 0x00, 0x04, 0x0f, 0x07, 0xb8, 0x0c, 0x0e,
    0x38, 0x0d, 0x0d, 0x22, 0x03, 0x0f, 0x09, 0x38, 0x08, 0x0f, 0x04, 0xc2, 0x09, 0x0f, 0x0b, 0x08,
    0x08, 0x08, 0x0a, 0x0f, 0x0a, 0x55, 0x01, 0x0e, 0x0f, 0x0f, 0x0f, 0x0f, 0x0f, 0x0f, 0x0f, 0x0f,
    0x01, 0x2c, 0x05, 0x0f, 0x07, 0x18, 0x06, 0x0f, 0x07, 0x2c, 0x0b, 0x0f, 0x02, 0x18, 0x01, 0x0f,
    0x0c, 0x19, 0x02, 0x0f, 0x0b, 0x4c, 0x0a, 0x0f, 0x03, 0x41, 0x08, 0x0f, 0x06, 0x4c, 0x05, 0x0f,
    0x09, 0x10, 0x0d, 0xe3, 0x03, 0x0f, 0x0c, 0x01, 0x00, 0x28, 0x0c, 0x0d, 0x01, 0x00, 0x28, 0x07,
    0x0e, 0x02, 0x1f, 0x07, 0x0f, 0x08, 0xdf, 0x0d, 0x0f, 0x0e, 0x00, 0x28, 0x04, 0x0f, 0x0c, 0x0f,
    0x05, 0x28, 0x0a, 0x0f, 0x02, 0x0e, 0x0b, 0xdd, 0x01, 0x0f, 0x0b, 0x00, 0x0a, 0x0f, 0x02, 0xb8,
    0x06, 0x0f, 0x05, 0x00, 0x04, 0x0f, 0x07, 0xb8, 0x0c, 0x0e, 0x38, 0x0d, 0x0d, 0x22, 0x03, 0x0f,
    0x09, 0x38, 0x08, 0x0f, 0x04, 0xc2, 0x09, 0x0f, 0x0b, 0x08, 0x08, 0x08, 0x0a, 0x0f, 0x0a, 0x55,
    0x01, 0x0e, 0x0f, 0x0f, 0x0f, 0x0f, 0x0f, 0x0f, 0x0f, 0x0f, 0x01, 0x2c, 0x05, 0x0f, 0x07, 0x18,
    0x06, 0x0f, 0x07, 0x2c, 0x0b, 0x0f, 0x02, 0x18, 0x01, 0x0f, 0x0c, 0x19, 0x02, 0x0f, 0x0b, 0x4c,
    0x0a, 0x0f, 0x03, 0x41, 0x08, 0x0f, 0x06, 0x4c, 0x05, 0x0f, 0x09, 0x10, 0x0d, 0xa9, 0x06, 0x0f,
    0x08, 0x00, 0x28, 0x03, 0x0f, 0x08, 0x0f, 0x06, 0xdd, 0x02, 0x0e, 0x08, 0x00, 0x05, 0x0f, 0x04,
    0x51, 0xd2, 0x07, 0x0f, 0x08, 0xdf, 0x0d, 0x0f, 0x0e, 0x00, 0x28, 0x04, 0x0f, 0x0c, 0x0f, 0x05,
    0x28, 0x0a, 0x0f, 0x02, 0x0e, 0x0b, 0xdd, 0x01, 0x0f, 0x0b, 0x00, 0x0a, 0x0f, 0x02, 0xb8, 0x06,
    0x0f, 0x05, 0x00, 0x04, 0x0f, 0x07, 0xb8, 0x0c, 0x0e, 0x38, 0x0d, 0x0d, 0x22, 0x03, 0x0f, 0x09,
    0x38, 0x08, 0x0f, 0x04, 0xc2, 0x09, 0x0f, 0x0b, 0x08, 0x08, 0x08, 0x0a, 0x0f, 0x0a, 0x55, 0x01,
    0x0e, 0x0f, 0x0f, 0x0f, 0x0f, 0x0f, 0x0f, 0x0f, 0x0f, 0x01, 0x2c, 0x05, 0x0f, 0x07, 0x18, 0x06,
    0x0f, 0x07, 0x2c, 0x0b, 0x0f, 0x02, 0x18, 0x01, 0x0f, 0x0c, 0x19, 0x02, 0x0f, 0x0b, 0x4c, 0x0a,
    0x0f, 0x03, 0x41, 0x08, 0x0f, 0x06, 0x4c, 0x05, 0x0f, 0x09, 0x10, 0x0d, 0x51, 0xaf, 0x01, 0x0b,
    0x0e, 0x05, 0x00, 0x03, 0x0f, 0x01, 0x22, 0x08, 0x0d, 0x07, 0x0d, 0x08, 0x0b, 0x0d, 0xb8, 0x0b,
    0x07, 0x00, 0x03, 0x0d, 0x0e, 0x04, 0x51, 0xd2, 0x07, 0x0f, 0x08, 0xdf, 0x0d, 0x0f, 0x0e, 0x00,
    0x28, 0x04, 0x0f, 0x0c, 0x0f, 0x05, 0x28, 0x0a, 0x0f, 0x02, 0x0e, 0x0b, 0xdd, 0x01, 0x0f, 0x0b,
    0x00, 0x0a, 0x0f, 0x02, 0xb8, 0x06, 0x0f, 0x05, 0x00, 0x04, 0x0f, 0x07, 0xb8, 0x0c, 0x0e, 0x38,
    0x0d, 0x0d, 0x22, 0x03, 0x0f, 0x09, 0x38, 0x08, 0x0f, 0x04, 0xc2, 0x09, 0x0f, 0x0b, 0x08, 0x08,
    0x08, 0x0a, 0x0f, 0x0a, 0x55, 0x01, 0x0e, 0x0f, 0x0f, 0x0f, 0x0f, 0x0f, 0x0f, 0x0f, 0x0f, 0x01,
    0x2c, 0x05, 0x0f, 0x07, 0x18, 0x06, 0x0f, 0x07, 0x2c, 0x0b, 0x0f, 0x02, 0x18, 0x01, 0x0f, 0x0c,
    0x19, 0x02, 0x0f, 0x0b, 0x4c, 0x0a, 0x0f, 0x03, 0x41, 0x08, 0x0f, 0x06, 0x4c, 0x05, 0x0f, 0x09,
    0x10, 0x0d, 0x51, 0xaf, 0x02, 0x03, 0x51, 0x02, 0x04, 0xdd, 0x0e, 0x0f, 0x01, 0x00, 0x0b, 0x0f,
    0x04, 0xb8, 0x08, 0x09, 0x51, 0x06, 0x0a, 0x01, 0x51, 0xd2, 0x07, 0x0f, 0x08, 0xdf, 0x0d, 0x0f,
    0x0e, 0x00, 0x28, 0x04, 0x0f, 0x0c, 0x0f, 0x05, 0x28, 0x0a, 0x0f, 0x02, 0x0e, 0x0b, 0xdd, 0x01,
    0x0f, 0x0b, 0x00, 0x0a, 0x0f, 0x02, 0xb8, 0x06, 0x0f, 0x05, 0x00, 0x04, 0x0f, 0x07, 0xb8, 0x0c,
    0x0e, 0x38, 0x0d, 0x0d, 0x22, 0x03, 0x0f, 0x09, 0x38, 0x08, 0x0f, 0x04, 0xc2, 0x09, 0x0f, 0x0b,
    0x08, 0x08, 0x08, 0x0a, 0x0f, 0x0a, 0x55, 0x01, 0x0e, 0x0f, 0x0f, 0x0f, 0x0f, 0x0f, 0x0f, 0x0f,
    0x0f, 0x01, 0x2c, 0x05, 0x0f, 0x07, 0x18, 0x06, 0x0f, 0x07, 0x2c, 0x0b, 0x0f, 0x02, 0x18, 0x01,
    0x0f, 0x0c, 0x19, 0x02, 0x0f, 0x0b, 0x4c, 0x0a, 0x0f, 0x03, 0x41, 0x08, 0x0f, 0x06, 0x4c, 0x05,
    0x0f, 0x09, 0x10, 0x0d, 0x9f, 0x03, 0x0c, 0x0e, 0x09, 0x00, 0x28, 0x0b, 0x05, 0x00, 0x0b, 0x04,
    0x28, 0x0b, 0x05, 0x00, 0x0b, 0x04, 0x28, 0x03, 0x0d, 0x0d, 0x09, 0x1f, 0x07, 0x0f, 0x08, 0xdf,
    0x0d, 0x0f, 0x0e, 0x00, 0x28, 0x04, 0x0f, 0x0c, 0x0f, 0x05, 0x28, 0x0a, 0x0f, 0x02, 0x0e, 0x0b,
    0xdd, 0x01, 0x0f, 0x0b, 0x00, 0x0a, 0x0f, 0x02, 0xb8, 0x06, 0x0f, 0x05, 0x00, 0x04, 0x0f, 0x07,
    0xb8, 0x0c, 0x0e, 0x38, 0x0d, 0x0d, 0x22, 0x03, 0x0f, 0x09, 0x38, 0x08, 0x0f, 0x04, 0xc2, 0x09,
    0x0f, 0x0b, 0x08, 0x08, 0x08, 0x0a, 0x0f, 0x0a, 0x55, 0x01, 0x0e, 0x0f, 0x0f, 0x0f, 0x0f, 0x0f,
    0x0f, 0x0f, 0x0f, 0x01, 0x2c, 0x05, 0x0f, 0x07, 0x18, 0x06, 0x0f, 0x07, 0x2c, 0x0b, 0x0f, 0x02,
    0x18, 0x01, 0x0f, 0x0c, 0x19, 0x02, 0x0f, 0x0b, 0x4c, 0x0a, 0x0f, 0x03, 0x41, 0x08, 0x0f, 0x06,
    0x4c, 0x05, 0x0f, 0x09, 0x10, 0x13, 0x77, 0x0d, 0x0f, 0x0f, 0x0f, 0x0f, 0x0f, 0x0f, 0x0f, 0x0f,
    0x0b, 0x2c, 0x07, 0x0f, 0x0f, 0x0f, 0x08, 0x07, 0x07, 0x07, 0x07, 0x07, 0x05, 0x19, 0x02, 0x0e,
    0x0d, 0x0c, 0x0f, 0x01, 0xdd, 0x0a, 0x0f, 0x04, 0x0b, 0x0f, 0x01, 0xb8, 0x05, 0x0f, 0x0a, 0x00,
    0x0a, 0x0f, 0x02, 0x22, 0x01, 0x0d, 0x0e, 0x02, 0x00, 0x0a, 0x0f, 0x09, 0x07, 0x07, 0x07, 0x07,
    0x07, 0x41, 0x08, 0x0f, 0x07, 0x51, 0x09, 0x0f, 0x0f, 0x0f, 0x0f, 0x0f, 0x0f, 0x0f, 0x66, 0x03,
    0x0f, 0x0d, 0x01, 0x51, 0x08, 0x0f, 0x04, 0xc2, 0x0c, 0x0f, 0x05, 0x38, 0x08, 0x0f, 0x05, 0x55,
    0x06, 0x0f, 0x0f, 0x0b, 0x0b, 0x0b, 0x0b, 0x0d, 0x0f, 0x05, 0x2c, 0x01, 0x0e, 0x0f, 0x0f, 0x0f,
    0x0f, 0x0f, 0x0f, 0x0f, 0x0f, 0x06, 0x2c, 0x09, 0x0f, 0x08, 0x18, 0x06, 0x0f, 0x07, 0x19, 0x03,
    0x0f, 0x0e, 0x01, 0x18, 0x05, 0x0f, 0x0b, 0x07, 0x07, 0x07, 0x07, 0x07, 0x07, 0x03, 0x2d, 0x0c,
    0x0f, 0x06, 0x9d, 0x04, 0x0f, 0x0f, 0x0f, 0x0f, 0x0f, 0x0f, 0x0f, 0x0f, 0x05, 0x10, 0x0d, 0x38,
    0x7d, 0x01, 0x08, 0x0d, 0x0f, 0x0e, 0x0c, 0x06, 0x22, 0x02, 0x0d, 0x0f, 0x0c, 0x09, 0x09, 0x0d,
    0x0f, 0x0a, 0xc2, 0x0c, 0x0f, 0x06, 0x37, 0x0b, 0x0f, 0x06, 0x2c, 0x05, 0x0f, 0x0a, 0x18, 0x02,
    0x0f, 0x0c, 0x2c, 0x0a, 0x0f, 0x04, 0x9d, 0x0d, 0x0f, 0x01, 0x19, 0x0c, 0x0f, 0x02, 0xdf, 0x0c,
    0x0f, 0x01, 0xdf, 0x0c, 0x0f, 0x01, 0xdf, 0x0c, 0x0f, 0x02, 0xdf, 0x0a, 0x0f, 0x04, 0x9d, 0x0d,
    0x0f, 0x01, 0x19, 0x05, 0x0f, 0x0a, 0x18, 0x02, 0x0f, 0x0c, 0x55, 0x0d, 0x0f, 0x05, 0x37, 0x0b,
    0x0f, 0x05, 0x55, 0x02, 0x0e, 0x0f, 0x0b, 0x08, 0x09, 0x0d, 0x0f, 0x09, 0x22, 0x01, 0x09, 0x0d,
    0x0f, 0x0e, 0x0c, 0x05, 0x00, 0x28, 0x09, 0x0d, 0x02, 0xdf, 0x04, 0x0a, 0x0e, 0x01, 0x00, 0x28,
    0x01, 0x08, 0x0f, 0x01, 0x00, 0x28, 0x0c, 0x0d, 0x05, 0x10, 0x0b, 0x00, 0xaf, 0x02, 0x0e, 0x0e,
    0x02, 0xdf, 0x03, 0x0f, 0x0a, 0x1a, 0x05, 0x0f, 0x05, 0x00, 0xd2, 0x05, 0x0f, 0x0f, 0x0f, 0x0f,
    0x0f, 0x0f, 0x0f, 0x0f, 0x09, 0x55, 0x05, 0x0f, 0x0c, 0x08, 0x08, 0x08, 0x08, 0x08, 0x08, 0x05,
    0x55, 0x05, 0x0f, 0x08, 0xdf, 0x05, 0x0f, 0x08, 0xdf, 0x05, 0x0f, 0x08, 0xdf, 0x05, 0x0f, 0x08,
    0xdf, 0x05, 0x0f, 0x0c, 0x08, 0x08, 0x08, 0x08, 0x08, 0x06, 0xc2, 0x05, 0x0f, 0x0f, 0x0f, 0x0f,
    0x0f, 0x0f, 0x0f, 0x0a, 0xc2, 0x05, 0x0f, 0x08, 0xdf, 0x05, 0x0f, 0x08, 0xdf, 0x05, 0x0f, 0x08,
    0xdf, 0x05, 0x0f, 0x08, 0xdf, 0x05, 0x0f, 0x0c, 0x08, 0x08, 0x08, 0x08, 0x08, 0x08, 0x06, 0x55,
    0x05, 0x0f, 0x0f, 0x0f, 0x0f, 0x0f, 0x0f, 0x0f, 0x0f, 0x0a, 0x10, 0x0b, 0xe3, 0x03, 0x0f, 0x0c,
    0x01, 0x00, 0x28, 0x0c, 0x0d, 0x01, 0x00, 0x28, 0x07, 0x0e, 0x02, 0xd2, 0x05, 0x0f, 0x0f, 0x0f,
    0x0f, 0x0f, 0x0f, 0x0f, 0x0f, 0x09, 0x55, 0x05, 0x0f, 0x0c, 0x08, 0x08, 0x08, 0x08, 0x08, 0x08,
    0x05, 0x55, 0x05, 0x0f, 0x08, 0xdf, 0x05, 0x0f, 0x08, 0xdf, 0x05, 0x0f, 0x08, 0xdf, 0x05, 0x0f,
    0x08, 0xdf, 0x05, 0x0f, 0x0c, 0x08, 0x08, 0x08, 0x08, 0x08, 0x06, 0xc2, 0x05, 0x0f, 0x0f, 0x0f,
    0x0f, 0x0f, 0x0f, 0x0f, 0x0a, 0xc2, 0x05, 0x0f, 0x08, 0xdf, 0x05, 0x0f, 0x08, 0xdf, 0x05, 0x0f,
    0x08, 0xdf, 0x05, 0x0f, 0x08, 0xdf, 0x05, 0x0f, 0x0c, 0x08, 0x08, 0x08, 0x08, 0x08, 0x08, 0x06,
    0x55, 0x05, 0x0f, 0x0f, 0x0f, 0x0f, 0x0f, 0x0f, 0x0f, 0x0f, 0x0a, 0x10, 0x0b, 0x31, 0x04, 0x01,
    0xdf, 0x09, 0x0f, 0x0b, 0x00, 0x28, 0x06, 0x0e, 0x04, 0x0d, 0x09, 0xdd, 0x02, 0x0b, 0x05, 0x00,
    0x03, 0x0b, 0x04, 0x3a, 0x05, 0x0f, 0x0f, 0x0f, 0x0f, 0x0f, 0x0f, 0x0f, 0x0f, 0x09, 0x55, 0x05,
    0x0f, 0x0c, 0x08, 0x08, 0x08, 0x08, 0x08, 0x08, 0x05, 0x55, 0x05, 0x0f, 0x08, 0xdf, 0x05, 0x0f,
    0x08, 0xdf, 0x05, 0x0f, 0x08, 0xdf, 0x05, 0x0f, 0x08, 0xdf, 0x05, 0x0f, 0x0c, 0x08, 0x08, 0x08,
    0x08, 0x08, 0x06, 0xc2, 0x05, 0x0f, 0x0f, 0x0f, 0x0f, 0x0f, 0x0f, 0x0f, 0x0a, 0xc2, 0x05, 0x0f,
    0x08, 0xdf, 0x05, 0x0f, 0x08, 0xdf, 0x05, 0x0f, 0x08, 0xdf, 0x05, 0x0f, 0x08, 0xdf, 0x05, 0x0f,
    0x0c, 0x08, 0x08, 0x08, 0x08, 0x08, 0x08, 0x06, 0x55, 0x05, 0x0f, 0x0f, 0x0f, 0x0f, 0x0f, 0x0f,
    0x0f, 0x0f, 0x0a, 0x10, 0x0b, 0x51, 0xaf, 0x02, 0x03, 0x51, 0x02, 0x04, 0xdd, 0x0e, 0x0f, 0x01,
    0x00, 0x0b, 0x0f, 0x04, 0xb8, 0x08, 0x09, 0x51, 0x06, 0x0a, 0x01, 0x2e, 0x05, 0x0f, 0x0f, 0x0f,
    0x0f, 0x0f, 0x0f, 0x0f, 0x0f, 0x09, 0x55, 0x05, 0x0f, 0x0c, 0x08, 0x08, 0x08, 0x08, 0x08, 0x08,
    0x05, 0x55, 0x05, 0x0f, 0x08, 0xdf, 0x05, 0x0f, 0x08, 0xdf, 0x05, 0x0f, 0x08, 0xdf, 0x05, 0x0f,
    0x08, 0xdf, 0x05, 0x0f, 0x0c, 0x08, 0x08, 0x08, 0x08, 0x08, 0x06, 0xc2, 0x05, 0x0f, 0x0f, 0x0f,
    0x0f, 0x0f, 0x0f, 0x0f, 0x0a, 0xc2, 0x05, 0x0f, 0x08, 0xdf, 0x05, 0x0f, 0x08, 0xdf, 0x05, 0x0f,
    0x08, 0xdf, 0x05, 0x0f, 0x08, 0xdf, 0x05, 0x0f, 0x0c, 0x08, 0x08, 0x08, 0x08, 0x08, 0x08, 0x06,
    0x55, 0x05, 0x0f, 0x0f, 0x0f, 0x0f, 0x0f, 0x0f, 0x0f, 0x0f, 0x0a, 0x10, 0x05, 0x46, 0x02, 0x0e,
    0x0e, 0x02, 0xdf, 0x03, 0x0f, 0x0a, 0x1a, 0x05, 0x0f, 0x05, 0x1f, 0x03, 0x0f, 0x0a, 0xdf, 0x03,
    0x0f, 0x0a, 0xdf, 0x03, 0x0f, 0x0a, 0xdf, 0x03, 0x0f, 0x0a, 0xdf, 0x03, 0x0f, 0x0a, 0xdf, 0x03,
    0x0f, 0x0a, 0xdf, 0x03, 0x0f, 0x0a, 0xdf, 0x03, 0x0f, 0x0a, 0xdf, 0x03, 0x0f, 0x0a, 0xdf, 0x03,
    0x0f, 0x0a, 0xdf, 0x03, 0x0f, 0x0a, 0xdf, 0x03, 0x0f, 0x0a, 0xdf, 0x03, 0x0f, 0x0a, 0xdf, 0x03,
    0x0f, 0x0a, 0x10, 0x05, 0x51, 0xaf, 0x03, 0x0f, 0x0c, 0x01, 0x00, 0x28, 0x0c, 0x0d, 0x01, 0x00,
    0x28, 0x07, 0x0e, 0x02, 0xcb, 0x03, 0x0f, 0x0a, 0xdf, 0x03, 0x0f, 0x0a, 0xdf, 0x03, 0x0f, 0x0a,
    0xdf, 0x03, 0x0f, 0x0a, 0xdf, 0x03, 0x0f, 0x0a, 0xdf, 0x03, 0x0f, 0x0a, 0xdf, 0x03, 0x0f, 0x0a,
    0xdf, 0x03, 0x0f, 0x0a, 0xdf, 0x03, 0x0f, 0x0a, 0xdf, 0x03, 0x0f, 0x0a, 0xdf, 0x03, 0x0f, 0x0a,
    0xdf, 0x03, 0x0f, 0x0a, 0xdf, 0x03, 0x0f, 0x0a, 0xdf, 0x03, 0x0f, 0x0a, 0x10, 0x05, 0x2f, 0x04,
    0x01, 0xdf, 0x09, 0x0f, 0x0b, 0x00, 0x28, 0x06, 0x0e, 0x04, 0x0d, 0x09, 0xdd, 0x02, 0x0b, 0x05,
    0x00, 0x03, 0x0b, 0x04, 0x51, 0xd2, 0x03, 0x0f, 0x0a, 0xdf, 0x03, 0x0f, 0x0a, 0xdf, 0x03, 0x0f,
    0x0a, 0xdf, 0x03, 0x0f, 0x0a, 0xdf, 0x03, 0x0f, 0x0a, 0xdf, 0x03, 0x0f, 0x0a, 0xdf, 0x03, 0x0f,
    0x0a, 0xdf, 0x03, 0x0f, 0x0a, 0xdf, 0x03, 0x0f, 0x0a, 0xdf, 0x03, 0x0f, 0x0a, 0xdf, 0x03, 0x0f,
    0x0a, 0xdf, 0x03, 0x0f, 0x0a, 0xdf, 0x03, 0x0f, 0x0a, 0xdf, 0x03, 0x0f, 0x0a, 0x10, 0x05, 0xb6,
    0x02, 0x03, 0x51, 0x02, 0x04, 0xdd, 0x0e, 0x0f, 0x01, 0x00, 0x0b, 0x0f, 0x04, 0xb8, 0x08, 0x09,
    0x51, 0x06, 0x0a, 0x01, 0x00, 0xd2, 0x03, 0x0f, 0x0a, 0xdf, 0x03, 0x0f, 0x0a, 0xdf, 0x03, 0x0f,
    0x0a, 0xdf, 0x03, 0x0f, 0x0a, 0xdf, 0x03, 0x0f, 0x0a, 0xdf, 0x03, 0x0f, 0x0a, 0xdf, 0x03, 0x0f,
    0x0a, 0xdf, 0x03, 0x0f, 0x0a, 0xdf, 0x03, 0x0f, 0x0a, 0xdf, 0x03, 0x0f, 0x0a, 0xdf, 0x03, 0x0f,
    0x0a, 0xdf, 0x03, 0x0f, 0x0a, 0xdf, 0x03, 0x0f, 0x0a, 0xdf, 0x03, 0x0f, 0x0a, 0x10, 0x0d, 0x00,
    0x7d, 0x01, 0x0f, 0x0f, 0x0f, 0x0f, 0x0f, 0x0d, 0x08, 0x01, 0xc2, 0x01, 0x0f, 0x0e, 0x08, 0x08,
    0x09, 0x0c, 0x0f, 0x0e, 0x04, 0x55, 0x01, 0x0f, 0x0c, 0x37, 0x04, 0x0e, 0x0e, 0x02, 0x2c, 0x01,
    0x0f, 0x0c, 0x18, 0x05, 0x0f, 0x0a, 0x2c, 0x01, 0x0f, 0x0c, 0x9d, 0x0e, 0x0e, 0x2c, 0x01, 0x0f,
    0x0c, 0x9d, 0x0b, 0x0f, 0x02, 0x41, 0x05, 0x08, 0x0f, 0x0e, 0x07, 0x07, 0x04, 0x38, 0x09, 0x0f,
    0x03, 0x41, 0x0a, 0x0f, 0x0f, 0x0f, 0x0f, 0x0f, 0x09, 0x38, 0x0a, 0x0f, 0x03, 0x19, 0x01, 0x0f,
    0x0c, 0x9d, 0x0b, 0x0f, 0x03, 0x19, 0x01, 0x0f, 0x0c, 0x9d, 0x0e, 0x0e, 0x2c, 0x01, 0x0f, 0x0c,
    0x18, 0x06, 0x0f, 0x0a, 0x2c, 0x01, 0x0f, 0x0c, 0x37, 0x04, 0x0e, 0x0e, 0x02, 0x2c, 0x01, 0x0f,
    0x0e, 0x08, 0x08, 0x09, 0x0c, 0x0f, 0x0e, 0x04, 0x55, 0x01, 0x0f, 0x0f, 0x0f, 0x0f, 0x0e, 0x0c,
    0x08, 0x01, 0x10, 0x0e, 0x51, 0xaf, 0x01, 0x0b, 0x0e, 0x05, 0x00, 0x03, 0x0f, 0x01, 0x22, 0x08,
    0x0d, 0x07, 0x0d, 0x08, 0x0b, 0x0d, 0xb8, 0x0b, 0x07, 0x00, 0x03, 0x0d, 0x0e, 0x04, 0x2e, 0x05,
    0x0f, 0x0c, 0x9d, 0x04, 0x0f, 0x09, 0x19, 0x05, 0x0f, 0x0f, 0x08, 0x18, 0x04, 0x0f, 0x09, 0x19,
    0x05, 0x0f, 0x0f, 0x0f, 0x03, 0x37, 0x04, 0x0f, 0x09, 0x19, 0x05, 0x0f, 0x0c, 0x0f, 0x0c, 0x37,
    0x04, 0x0f, 0x09, 0x19, 0x05, 0x0f, 0x08, 0x09, 0x0f, 0x08, 0x38, 0x04, 0x0f, 0x09, 0x19, 0x05,
    0x0f, 0x08, 0x01, 0x0d, 0x0f, 0x03, 0x51, 0x04, 0x0f, 0x09, 0x19, 0x05, 0x0f, 0x08, 0x00, 0x04,
    0x0f, 0x0c, 0x51, 0x04, 0x0f, 0x09, 0x19, 0x05, 0x0f, 0x08, 0x51, 0x09, 0x0f, 0x08, 0x00, 0x04,
    0x0f, 0x09, 0x19, 0x05, 0x0f, 0x08, 0x51, 0x01, 0x0d, 0x0f, 0x03, 0x04, 0x0f, 0x09, 0x19, 0x05,
    0x0f, 0x08, 0x38, 0x04, 0x0f, 0x0c, 0x05, 0x0f, 0x09, 0x19, 0x05, 0x0f, 0x08, 0x37, 0x09, 0x0f,
    0x0c, 0x0f, 0x09, 0x19, 0x05, 0x0f, 0x08, 0x37, 0x01, 0x0e, 0x0f, 0x0f, 0x09, 0x19, 0x05, 0x0f,
    0x08, 0x18, 0x05, 0x0f, 0x0f, 0x09, 0x19, 0x05, 0x0f, 0x08, 0x9d, 0x0a, 0x0f, 0x09, 0x10, 0x0e,
    0x51, 0xaf, 0x02, 0x0e, 0x0e, 0x02, 0xdf, 0x03, 0x0f, 0x0a, 0x1a, 0x05, 0x0f, 0x05, 0x51, 0xd2,
    0x01, 0x08, 0x0d, 0x0f, 0x0e, 0x0c, 0x06, 0x22, 0x02, 0x0d, 0x0f, 0x0d, 0x0a, 0x0a, 0x0e, 0x0f,
    0x0b, 0xc2, 0x0c, 0x0f, 0x07, 0x38, 0x01, 0x0a, 0x0f, 0x08, 0x2c, 0x04, 0x0f, 0x0a, 0x9d, 0x0d,
    0x0f, 0x01, 0x19, 0x09, 0x0f, 0x05, 0x9d, 0x08, 0x0f, 0x06, 0x19, 0x0c, 0x0f, 0x02, 0x9d, 0x05,
    0x0f, 0x08, 0x19, 0x0d, 0x0f, 0x01, 0x9d, 0x04, 0x0f, 0x09, 0x19, 0x0d, 0x0f, 0x01, 0x9d, 0x04,
    0x0f, 0x09, 0x19, 0x0c, 0x0f, 0x02, 0x9d, 0x05, 0x0f, 0x08, 0x19, 0x09, 0x0f, 0x04, 0x9d, 0x08,
    0x0f, 0x06, 0x19, 0x04, 0x0f, 0x0a, 0x9d, 0x0d, 0x0f, 0x01, 0x2c, 0x0c, 0x0f, 0x07, 0x37, 0x09,
    0x0f, 0x09, 0x55, 0x02, 0x0d, 0x0f, 0x0d, 0x09, 0x0a, 0x0e, 0x0f, 0x0b, 0x01, 0xc2, 0x01, 0x08,
    0x0d, 0x0f, 0x0e, 0x0c, 0x06, 0x10, 0x0e, 0xae, 0x03, 0x0f, 0x0c, 0x01, 0x00, 0x28, 0x0c, 0x0d,
    0x01, 0x00, 0x28, 0x07, 0x0e, 0x02, 0x00, 0xd2, 0x01, 0x08, 0x0d, 0x0f, 0x0e, 0x0c, 0x06, 0x22,
    0x02, 0x0d, 0x0f, 0x0d, 0x0a, 0x0a, 0x0e, 0x0f, 0x0b, 0xc2, 0x0c, 0x0f, 0x07, 0x38, 0x01, 0x0a,
    0x0f, 0x08, 0x2c, 0x04, 0x0f, 0x0a, 0x9d, 0x0d, 0x0f, 0x01, 0x19, 0x09, 0x0f, 0x05, 0x9d, 0x08,
    0x0f, 0x06, 0x19, 0x0c, 0x0f, 0x02, 0x9d, 0x05, 0x0f, 0x08, 0x19, 0x0d, 0x0f, 0x01, 0x9d, 0x04,
    0x0f, 0x09, 0x19, 0x0d, 0x0f, 0x01, 0x9d, 0x04, 0x0f, 0x09, 0x19, 0x0c, 0x0f, 0x02, 0x9d, 0x05,
    0x0f, 0x08, 0x19, 0x09, 0x0f, 0x04, 0x9d, 0x08, 0x0f, 0x06, 0x19, 0x04, 0x0f, 0x0a, 0x9d, 0x0d,
    0x0f, 0x01, 0x2c, 0x0c, 0x0f, 0x07, 0x37, 0x09, 0x0f, 0x09, 0x55, 0x02, 0x0d, 0x0f, 0x0d, 0x09,
    0x0a, 0x0e, 0x0f, 0x0b, 0x01, 0xc2, 0x01, 0x08, 0x0d, 0x0f, 0x0e, 0x0c, 0x06, 0x10, 0x0e, 0xa9,
    0x06, 0x0f, 0x08, 0x00, 0x28, 0x03, 0x0f, 0x08, 0x0f, 0x06, 0xdd, 0x02, 0x0e, 0x08, 0x00, 0x05,
    0x0f, 0x04, 0xd2, 0x01, 0x08, 0x0d, 0x0f, 0x0e, 0x0c, 0x06, 0x22, 0x02, 0x0d, 0x0f, 0x0d, 0x0a,
    0x0a, 0x0e, 0x0f, 0x0b, 0xc2, 0x0c, 0x0f, 0x07, 0x38, 0x01, 0x0a, 0x0f, 0x08, 0x2c, 0x04, 0x0f,
    0x0a, 0x9d, 0x0d, 0x0f, 0x01, 0x19, 0x09, 0x0f, 0x05, 0x9d, 0x08, 0x0f, 0x06, 0x19, 0x0c, 0x0f,
    0x02, 0x9d, 0x05, 0x0f, 0x08, 0x19, 0x0d, 0x0f, 0x01, 0x9d, 0x04, 0x0f, 0x09, 0x19, 0x0d, 0x0f,
    0x01, 0x9d, 0x04, 0x0f, 0x09, 0x19, 0x0c, 0x0f, 0x02, 0x9d, 0x05, 0x0f, 0x08, 0x19, 0x09, 0x0f,
    0x04, 0x9d, 0x08, 0x0f, 0x06, 0x19, 0x04, 0x0f, 0x0a, 0x9d, 0x0d, 0x0f, 0x01, 0x2c, 0x0c, 0x0f,
    0x07, 0x37, 0x09, 0x0f, 0x09, 0x55, 0x02, 0x0d, 0x0f, 0x0d, 0x09, 0x0a, 0x0e, 0x0f, 0x0b, 0x01,
    0xc2, 0x01, 0x08, 0x0d, 0x0f, 0x0e, 0x0c, 0x06, 0x10, 0x0e, 0x51, 0xaf, 0x01, 0x0b, 0x0e, 0x05,
    0x00, 0x03, 0x0f, 0x01, 0x22, 0x08, 0x0d, 0x07, 0x0d, 0x08, 0x0b, 0x0d, 0xb8, 0x0b, 0x07, 0x00,
    0x03, 0x0d, 0x0e, 0x04, 0xd2, 0x01, 0x08, 0x0d, 0x0f, 0x0e, 0x0c, 0x06, 0x22, 0x02, 0x0d, 0x0f,
    0x0d, 0x0a, 0x0a, 0x0e, 0x0f, 0x0b, 0xc2, 0x0c, 0x0f, 0x07, 0x38, 0x01, 0x0a, 0x0f, 0x08, 0x2c,
    0x04, 0x0f, 0x0a, 0x9d, 0x0d, 0x0f, 0x01, 0x19, 0x09, 0x0f, 0x05, 0x9d, 0x08, 0x0f, 0x06, 0x19,
    0x0c, 0x0f, 0x02, 0x9d, 0x05, 0x0f, 0x08, 0x19, 0x0d, 0x0f, 0x01, 0x9d, 0x04, 0x0f, 0x09, 0x19,
    0x0d, 0x0f, 0x01, 0x9d, 0x04, 0x0f, 0x09, 0x19, 0x0c, 0x0f, 0x02, 0x9d, 0x05, 0x0f, 0x08, 0x19,
    0x09, 0x0f, 0x04, 0x9d, 0x08, 0x0f, 0x06, 0x19, 0x04, 0x0f, 0x0a, 0x9d, 0x0d, 0x0f, 0x01, 0x2c,
    0x0c, 0x0f, 0x07, 0x37, 0x09, 0x0f, 0x09, 0x55, 0x02, 0x0d, 0x0f, 0x0d, 0x09, 0x0a, 0x0e, 0x0f,
    0x0b, 0x01, 0xc2, 0x01, 0x08, 0x0d, 0x0f, 0x0e, 0x0c, 0x06, 0x10, 0x0e, 0xa6, 0x0d, 0x0e, 0x01,
    0x00, 0x0a, 0x0f, 0x03, 0xb8, 0x0c, 0x0d, 0x01, 0x00, 0x09, 0x0e, 0x03, 0x3a, 0x01, 0x08, 0x0d,
    0x0f, 0x0e, 0x0c, 0x06, 0x22, 0x02, 0x0d, 0x0f, 0x0d, 0x0a, 0x0a, 0x0e, 0x0f, 0x0b, 0xc2, 0x0c,
    0x0f, 0x07, 0x38, 0x01, 0x0a, 0x0f, 0x08, 0x2c, 0x04, 0x0f, 0x0a, 0x9d, 0x0d, 0x0f, 0x01, 0x19,
    0x09, 0x0f, 0x05, 0x9d, 0x08, 0x0f, 0x06, 0x19, 0x0c, 0x0f, 0x02, 0x9d, 0x05, 0x0f, 0x08, 0x19,
    0x0d, 0x0f, 0x01, 0x9d, 0x04, 0x0f, 0x09, 0x19, 0x0d, 0x0f, 0x01, 0x9d, 0x04, 0x0f, 0x09, 0x19,
    0x0c, 0x0f, 0x02, 0x9d, 0x05, 0x0f, 0x08, 0x19, 0x09, 0x0f, 0x04, 0x9d, 0x08, 0x0f, 0x06, 0x19,
    0x04, 0x0f, 0x0a, 0x9d, 0x0d, 0x0f, 0x01, 0x2c, 0x0c, 0x0f, 0x07, 0x37, 0x09, 0x0f, 0x09, 0x55,
    0x02, 0x0d, 0x0f, 0x0d, 0x09, 0x0a, 0x0e, 0x0f, 0x0b, 0x01, 0xc2, 0x01, 0x08, 0x0d, 0x0f, 0x0e,
    0x0c, 0x06, 0x10, 0x0b, 0x51, 0x7e, 0x06, 0x08, 0x37, 0x02, 0x0b, 0x01, 0xc2, 0x0c, 0x0f, 0x08,
    0x51, 0x02, 0x0d, 0x0f, 0x05, 0xc2, 0x01, 0x0c, 0x0f, 0x08, 0x02, 0x0d, 0x0f, 0x06, 0xb8, 0x01,
    0x0c, 0x0f, 0x0e, 0x0f, 0x06, 0x28, 0x02, 0x0f, 0x0f, 0x0a, 0x28, 0x01, 0x0c, 0x0f, 0x0e, 0x0f,
    0x06, 0xb8, 0x01, 0x0c, 0x0f, 0x07, 0x01, 0x0d, 0x0f, 0x06, 0x22, 0x0c, 0x0f, 0x07, 0x51, 0x02,
    0x0d, 0x0f, 0x05, 0xc2, 0x07, 0x08, 0x37, 0x02, 0x0b, 0x02, 0x10, 0x0e, 0xd3, 0x04, 0x04, 0x55,
    0x01, 0x08, 0x0d, 0x0f, 0x0e, 0x0c, 0x06, 0x03, 0x0f, 0x03, 0x2c, 0x02, 0x0d, 0x0f, 0x0d, 0x0a,
    0x0a, 0x0e, 0x0f, 0x0f, 0x08, 0x55, 0x0c, 0x0f, 0x07, 0x38, 0x01, 0x0c, 0x0f, 0x08, 0x2c, 0x04,
    0x0f, 0x0a, 0x37, 0x02, 0x0e, 0x0e, 0x0f, 0x01, 0x19, 0x09, 0x0f, 0x05, 0x37, 0x0b, 0x09, 0x08,
    0x0f, 0x06, 0x19, 0x0c, 0x0f, 0x02, 0x38, 0x06, 0x0e, 0x01, 0x05, 0x0f, 0x08, 0x19, 0x0d, 0x0f,
    0x01, 0x51, 0x02, 0x0e, 0x05, 0x00, 0x04, 0x0f, 0x09, 0x19, 0x0d, 0x0f, 0x01, 0x51, 0x0b, 0x0a,
    0x51, 0x04, 0x0f, 0x09, 0x19, 0x0c, 0x0f, 0x02, 0x00, 0x05, 0x0e, 0x01, 0x51, 0x05, 0x0f, 0x08,
    0x19, 0x09, 0x0f, 0x05, 0x01, 0x0e, 0x06, 0x38, 0x08, 0x0f, 0x06, 0x19, 0x04, 0x0f, 0x0b, 0x0a,
    0x0b, 0x37, 0x0d, 0x0f, 0x01, 0x2c, 0x0c, 0x0f, 0x0f, 0x02, 0x38, 0x09, 0x0f, 0x09, 0x55, 0x03,
    0x0f, 0x0f, 0x0d, 0x09, 0x0a, 0x0e, 0x0f, 0x0b, 0x01, 0x55, 0x09, 0x0c, 0x08, 0x0d, 0x0f, 0x0e,
    0x0c, 0x06, 0xc2, 0x02, 0x0b, 0x02, 0x10, 0x0d, 0x51, 0xaf, 0x02, 0x0e, 0x0e, 0x02, 0xdf, 0x03,
    0x0f, 0x0a, 0x1a, 0x05, 0x0f, 0x05, 0xd2, 0x09, 0x0f, 0x04, 0x18, 0x03, 0x0f, 0x0a, 0x2c, 0x09,
    0x0f, 0x04, 0x18, 0x03, 0x0f, 0x0a, 0x2c, 0x09, 0x0f, 0x04, 0x18, 0x03, 0x0f, 0x0a, 0x2c, 0x09,
    0x0f, 0x04, 0x18, 0x03, 0x0f, 0x0a, 0x2c, 0x09, 0x0f, 0x04, 0x18, 0x03, 0x0f, 0x0a, 0x2c, 0x09,
    0x0f, 0x04, 0x18, 0x03, 0x0f, 0x0a, 0x2c, 0x09, 0x0f, 0x04, 0x18, 0x03, 0x0f, 0x0a, 0x2c, 0x09,
    0x0f, 0x04, 0x18, 0x03, 0x0f, 0x0a, 0x2c, 0x09, 0x0f, 0x04, 0x18, 0x03, 0x0f, 0x0a, 0x2c, 0x09,
    0x0f, 0x04, 0x18, 0x03, 0x0f, 0x0a, 0x2c, 0x08, 0x0f, 0x06, 0x18, 0x06, 0x0f, 0x08, 0x2c, 0x03,
    0x0f, 0x0d, 0x02, 0x38, 0x02, 0x0d, 0x0f, 0x03, 0x55, 0x07, 0x0f, 0x0e, 0x0a, 0x08, 0x0a, 0x0e,
    0x0f, 0x07, 0x22, 0x04, 0x0b, 0x0e, 0x0f, 0x0e, 0x0a, 0x04, 0x10, 0x0d, 0xe3, 0x03, 0x0f, 0x0c,
    0x01, 0x00, 0x28, 0x0c, 0x0d, 0x01, 0x00, 0x28, 0x07, 0x0e, 0x02, 0xd2, 0x09, 0x0f, 0x04, 0x18,
    0x03, 0x0f, 0x0a, 0x2c, 0x09, 0x0f, 0x04, 0x18, 0x03, 0x0f, 0x0a, 0x2c, 0x09, 0x0f, 0x04, 0x18,
    0x03, 0x0f, 0x0a, 0x2c, 0x09, 0x0f, 0x04, 0x18, 0x03, 0x0f, 0x0a, 0x2c, 0x09, 0x0f, 0x04, 0x18,
    0x03, 0x0f, 0x0a, 0x2c, 0x09, 0x0f, 0x04, 0x18, 0x03, 0x0f, 0x0a, 0x2c, 0x09, 0x0f, 0x04, 0x18,
    0x03, 0x0f, 0x0a, 0x2c, 0x09, 0x0f, 0x04, 0x18, 0x03, 0x0f, 0x0a, 0x2c, 0x09, 0x0f, 0x04, 0x18,
    0x03, 0x0f, 0x0a, 0x2c, 0x09, 0x0f, 0x04, 0x18, 0x03, 0x0f, 0x0a, 0x2c, 0x08, 0x0f, 0x06, 0x18,
    0x06, 0x0f, 0x08, 0x2c, 0x03, 0x0f, 0x0d, 0x02, 0x38, 0x02, 0x0d, 0x0f, 0x03, 0x55, 0x07, 0x0f,
    0x0e, 0x0a, 0x08, 0x0a, 0x0e, 0x0f, 0x07, 0x22, 0x04, 0x0b, 0x0e, 0x0f, 0x0e, 0x0a, 0x04, 0x10,
    0x0d, 0xa9, 0x06, 0x0f, 0x08, 0x00, 0x28, 0x03, 0x0f, 0x08, 0x0f, 0x06, 0xdd, 0x02, 0x0e, 0x08,
    0x00, 0x05, 0x0f, 0x04, 0x2e, 0x09, 0x0f, 0x04, 0x18, 0x03, 0x0f, 0x0a, 0x2c, 0x09, 0x0f, 0x04,
    0x18, 0x03, 0x0f, 0x0a, 0x2c, 0x09, 0x0f, 0x04, 0x18, 0x03, 0x0f, 0x0a, 0x2c, 0x09, 0x0f, 0x04,
    0x18, 0x03, 0x0f, 0x0a, 0x2c, 0x09, 0x0f, 0x04, 0x18, 0x03, 0x0f, 0x0a, 0x2c, 0x09, 0x0f, 0x04,
    0x18, 0x03, 0x0f, 0x0a, 0x2c, 0x09, 0x0f, 0x04, 0x18, 0x03, 0x0f, 0x0a, 0x2c, 0x09, 0x0f, 0x04,
    0x18, 0x03, 0x0f, 0x0a, 0x2c, 0x09, 0x0f, 0x04, 0x18, 0x03, 0x0f, 0x0a, 0x2c, 0x09, 0x0f, 0x04,
    0x18, 0x03, 0x0f, 0x0a, 0x2c, 0x08, 0x0f, 0x06, 0x18, 0x06, 0x0f, 0x08, 0x2c, 0x03, 0x0f, 0x0d,
    0x02, 0x38, 0x02, 0x0d, 0x0f, 0x03, 0x55, 0x07, 0x0f, 0x0e, 0x0a, 0x08, 0x0a, 0x0e, 0x0f, 0x07,
    0x22, 0x04, 0x0b, 0x0e, 0x0f, 0x0e, 0x0a, 0x04, 0x10, 0x0d, 0x51, 0xaf, 0x02, 0x03, 0x51, 0x02,
    0x04, 0xdd, 0x0e, 0x0f, 0x01, 0x00, 0x0b, 0x0f, 0x04, 0xb8, 0x08, 0x09, 0x51, 0x06, 0x0a, 0x01,
    0x2e, 0x09, 0x0f, 0x04, 0x18, 0x03, 0x0f, 0x0a, 0x2c, 0x09, 0x0f, 0x04, 0x18, 0x03, 0x0f, 0x0a,
    0x2c, 0x09, 0x0f, 0x04, 0x18, 0x03, 0x0f, 0x0a, 0x2c, 0x09, 0x0f, 0x04, 0x18, 0x03, 0x0f, 0x0a,
    0x2c, 0x09, 0x0f, 0x04, 0x18, 0x03, 0x0f, 0x0a, 0x2c, 0x09, 0x0f, 0x04, 0x18, 0x03, 0x0f, 0x0a,
    0x2c, 0x09, 0x0f, 0x04, 0x18, 0x03, 0x0f, 0x0a, 0x2c, 0x09, 0x0f, 0x04, 0x18, 0x03, 0x0f, 0x0a,
    0x2c, 0x09, 0x0f, 0x04, 0x18, 0x03, 0x0f, 0x0a, 0x2c, 0x09, 0x0f, 0x04, 0x18, 0x03, 0x0f, 0x0a,
    0x2c, 0x08, 0x0f, 0x06, 0x18, 0x06, 0x0f, 0x08, 0x2c, 0x03, 0x0f, 0x0d, 0x02, 0x38, 0x02, 0x0d,
    0x0f, 0x03, 0x55, 0x07, 0x0f, 0x0e, 0x0a, 0x08, 0x0a, 0x0e, 0x0f, 0x07, 0x22, 0x04, 0x0b, 0x0e,
    0x0f, 0x0e, 0x0a, 0x04, 0x10, 0x0c, 0xe3, 0x03, 0x0f, 0x0c, 0x01, 0x00, 0x28, 0x0c, 0x0d, 0x01,
    0x00, 0x28, 0x07, 0x0e, 0x02, 0x3a, 0x09, 0x0f, 0x09, 0x9d, 0x08, 0x0f, 0x09, 0x19, 0x01, 0x0e,
    0x0f, 0x02, 0x37, 0x02, 0x0f, 0x0e, 0x01, 0x2c, 0x07, 0x0f, 0x09, 0x37, 0x09, 0x0f, 0x07, 0xc2,
    0x0d, 0x0f, 0x02, 0x51, 0x02, 0x0f, 0x0d, 0x22, 0x05, 0x0f, 0x0a, 0x51, 0x0a, 0x0f, 0x05, 0xb8,
    0x0c, 0x0f, 0x03, 0x03, 0x0f, 0x0b, 0xdd, 0x03, 0x0f, 0x0b, 0x0b, 0x0f, 0x03, 0x28, 0x0a, 0x0f,
    0x0f, 0x0a, 0x00, 0x28, 0x02, 0x0f, 0x0f, 0x02, 0xdf, 0x0e, 0x0e, 0x1a, 0x0e, 0x0e, 0x1a, 0x0e,
    0x0e, 0x1a, 0x0e, 0x0e, 0x1a, 0x0e, 0x0e, 0x10, 0x0c, 0x00, 0x7d, 0x06, 0x0f, 0x07, 0xdf, 0x06,
    0x0f, 0x07, 0xdf, 0x06, 0x0f, 0x07, 0xdf, 0x06, 0x0f, 0x0f, 0x0f, 0x0f, 0x0f, 0x0d, 0x09, 0x01,
    0xc2, 0x06, 0x0f, 0x0b, 0x07, 0x07, 0x07, 0x0a, 0x0f, 0x0e, 0x02, 0x55, 0x06, 0x0f, 0x07, 0x37,
    0x06, 0x0f, 0x09, 0x55, 0x06, 0x0f, 0x07, 0x18, 0x0e, 0x0d, 0x55, 0x06, 0x0f, 0x07, 0x18, 0x0e,
    0x0d, 0x55, 0x06, 0x0f, 0x07, 0x37, 0x06, 0x0f, 0x09, 0x55, 0x06, 0x0f, 0x0b, 0x07, 0x07, 0x08,
    0x0b, 0x0f, 0x0e, 0x02, 0x55, 0x06, 0x0f, 0x0f, 0x0f, 0x0f, 0x0f, 0x0d, 0x09, 0x01, 0xc2, 0x06,
    0x0f, 0x07, 0xdf, 0x06, 0x0f, 0x07, 0xdf, 0x06, 0x0f, 0x07, 0x10, 0x0c, 0x52, 0x4a, 0x02, 0x0a,
    0x0e, 0x0f, 0x0d, 0x06, 0xb8, 0x01, 0x0d, 0x0f, 0x0a, 0x08, 0x0d, 0x0f, 0x06, 0x22, 0x06, 0x0f,
    0x08, 0x51, 0x01, 0x0e, 0x0c, 0x22, 0x09, 0x0f, 0x03, 0x38, 0x0d, 0x0d, 0x22, 0x09, 0x0f, 0x03,
    0x51, 0x02, 0x0f, 0x0a, 0x22, 0x09, 0x0f, 0x03, 0x51, 0x0b, 0x0f, 0x03, 0x22, 0x09, 0x0f, 0x03,
    0x00, 0x02, 0x0f, 0x0b, 0xb8, 0x09, 0x0f, 0x03, 0x00, 0x02, 0x0f, 0x0b, 0xb8, 0x09, 0x0f, 0x03,
    0x51, 0x0a, 0x0f, 0x08, 0x22, 0x09, 0x0f, 0x03, 0x51, 0x01, 0x0a, 0x0f, 0x0b, 0x01, 0x55, 0x09,
    0x0f, 0x03, 0x37, 0x08, 0x0f, 0x0a, 0x55, 0x09, 0x0f, 0x03, 0x18, 0x0d, 0x0f, 0x55, 0x09, 0x0f,
    0x03, 0x01, 0x38, 0x01, 0x0e, 0x0e, 0x55, 0x09, 0x0f, 0x03, 0x06, 0x0d, 0x08, 0x08, 0x0c, 0x0f,
    0x09, 0x55, 0x09, 0x0f, 0x03, 0x04, 0x0b, 0x0e, 0x0f, 0x0d, 0x07, 0x10, 0x0b, 0x00, 0xa4, 0x02,
    0x08, 0x07, 0x1a, 0x09, 0x0f, 0x06, 0x1a, 0x0b, 0x0e, 0x01, 0xdf, 0x01, 0x07, 0x04, 0x51, 0xd2,
    0x02, 0x09, 0x0e, 0x0f, 0x0e, 0x09, 0x01, 0x22, 0x02, 0x0e, 0x0f, 0x09, 0x07, 0x0b, 0x0f, 0x0c,
    0x22, 0x09, 0x0f, 0x05, 0x38, 0x0a, 0x0f, 0x04, 0xc2, 0x01, 0x02, 0x37, 0x06, 0x0f, 0x06, 0x22,
    0x03, 0x0a, 0x0d, 0x0f, 0x0f, 0x0f, 0x0f, 0x06, 0xc2, 0x04, 0x0f, 0x0e, 0x07, 0x05, 0x04, 0x08,
    0x0f, 0x06, 0xc2, 0x0b, 0x0f, 0x02, 0x38, 0x06, 0x0f, 0x06, 0xc2, 0x0e, 0x0e, 0x37, 0x07, 0x0f,
    0x06, 0xc2, 0x0c, 0x0f, 0x03, 0x51, 0x02, 0x0d, 0x0f, 0x06, 0xc2, 0x06, 0x0f, 0x0e, 0x0a, 0x0a,
    0x0e, 0x0e, 0x0f, 0x07, 0x22, 0x06, 0x0d, 0x0f, 0x0e, 0x08, 0x04, 0x0f, 0x0a, 0x10, 0x0b, 0x37,
    0xa4, 0x01, 0x07, 0x07, 0x01, 0x00, 0x28, 0x08, 0x0f, 0x06, 0x00, 0x28, 0x03, 0x0f, 0x08, 0xdf,
    0x05, 0x07, 0xcb, 0x02, 0x09, 0x0e, 0x0f, 0x0e, 0x09, 0x01, 0x22, 0x02, 0x0e, 0x0f, 0x09, 0x07,
    0x0b, 0x0f, 0x0c, 0x22, 0x09, 0x0f, 0x05, 0x38, 0x0a, 0x0f, 0x04, 0xc2, 0x01, 0x02, 0x37, 0x06,
    0x0f, 0x06, 0x22, 0x03, 0x0a, 0x0d, 0x0f, 0x0f, 0x0f, 0x0f, 0x06, 0xc2, 0x04, 0x0f, 0x0e, 0x07,
    0x05, 0x04, 0x08, 0x0f, 0x06, 0xc2, 0x0b, 0x0f, 0x02, 0x38, 0x06, 0x0f, 0x06, 0xc2, 0x0e, 0x0e,
    0x37, 0x07, 0x0f, 0x06, 0xc2, 0x0c, 0x0f, 0x03, 0x51, 0x02, 0x0d, 0x0f, 0x06, 0xc2, 0x06, 0x0f,
    0x0e, 0x0a, 0x0a, 0x0e, 0x0e, 0x0f, 0x07, 0x22, 0x06, 0x0d, 0x0f, 0x0e, 0x08, 0x04, 0x0f, 0x0a,
    0x10, 0x0b, 0x38, 0xa4, 0x01, 0x08, 0x03, 0xdf, 0x0b, 0x0e, 0x0d, 0x01, 0x28, 0x09, 0x0d, 0x01,
    0x0b, 0x0c, 0xdd, 0x02, 0x08, 0x03, 0x00, 0x01, 0x07, 0x03, 0xd2, 0x02, 0x09, 0x0e, 0x0f, 0x0e,
    0x09, 0x01, 0x22, 0x02, 0x0e, 0x0f, 0x09, 0x07, 0x0b, 0x0f, 0x0c, 0x22, 0x09, 0x0f, 0x05, 0x38,
    0x0a, 0x0f, 0x04, 0xc2, 0x01, 0x02, 0x37, 0x06, 0x0f, 0x06, 0x22, 0x03, 0x0a, 0x0d, 0x0f, 0x0f,
    0x0f, 0x0f, 0x06, 0xc2, 0x04, 0x0f, 0x0e, 0x07, 0x05, 0x04, 0x08, 0x0f, 0x06, 0xc2, 0x0b, 0x0f,
    0x02, 0x38, 0x06, 0x0f, 0x06, 0xc2, 0x0e, 0x0e, 0x37, 0x07, 0x0f, 0x06, 0xc2, 0x0c, 0x0f, 0x03,
    0x51, 0x02, 0x0d, 0x0f, 0x06, 0xc2, 0x06, 0x0f, 0x0e, 0x0a, 0x0a, 0x0e, 0x0e, 0x0f, 0x07, 0x22,
    0x06, 0x0d, 0x0f, 0x0e, 0x08, 0x04, 0x0f, 0x0a, 0x10, 0x0b, 0x51, 0xa4, 0x04, 0x07, 0x01, 0x00,
    0x01, 0x08, 0x01, 0x22, 0x04, 0x0f, 0x0e, 0x0c, 0x01, 0x05, 0x0f, 0xb8, 0x0a, 0x0a, 0x00, 0x09,
    0x0e, 0x0f, 0x09, 0xb8, 0x06, 0x03, 0x51, 0x06, 0x06, 0x00, 0xd2, 0x02, 0x09, 0x0e, 0x0f, 0x0e,
    0x09, 0x01, 0x22, 0x02, 0x0e, 0x0f, 0x09, 0x07, 0x0b, 0x0f, 0x0c, 0x22, 0x09, 0x0f, 0x05, 0x38,
    0x0a, 0x0f, 0x04, 0xc2, 0x01, 0x02, 0x37, 0x06, 0x0f, 0x06, 0x22, 0x03, 0x0a, 0x0d, 0x0f, 0x0f,
    0x0f, 0x0f, 0x06, 0xc2, 0x04, 0x0f, 0x0e, 0x07, 0x05, 0x04, 0x08, 0x0f, 0x06, 0xc2, 0x0b, 0x0f,
    0x02, 0x38, 0x06, 0x0f, 0x06, 0xc2, 0x0e, 0x0e, 0x37, 0x07, 0x0f, 0x06, 0xc2, 0x0c, 0x0f, 0x03,
    0x51, 0x02, 0x0d, 0x0f, 0x06, 0xc2, 0x06, 0x0f, 0x0e, 0x0a, 0x0a, 0x0e, 0x0e, 0x0f, 0x07, 0x22,
    0x06, 0x0d, 0x0f, 0x0e, 0x08, 0x04, 0x0f, 0x0a, 0x10, 0x0b, 0x97, 0x06, 0x06, 0x51, 0x04, 0x08,
    0x01, 0xb8, 0x0f, 0x0f, 0x01, 0x00, 0x0b, 0x0f, 0x04, 0xb8, 0x05, 0x06, 0x51, 0x03, 0x07, 0xd2,
    0x02, 0x09, 0x0e, 0x0f, 0x0e, 0x09, 0x01, 0x22, 0x02, 0x0e, 0x0f, 0x09, 0x07, 0x0b, 0x0f, 0x0c,
    0x22, 0x09, 0x0f, 0x05, 0x38, 0x0a, 0x0f, 0x04, 0xc2, 0x01, 0x02, 0x37, 0x06, 0x0f, 0x06, 0x22,
    0x03, 0x0a, 0x0d, 0x0f, 0x0f, 0x0f, 0x0f, 0x06, 0xc2, 0x04, 0x0f, 0x0e, 0x07, 0x05, 0x04, 0x08,
    0x0f, 0x06, 0xc2, 0x0b, 0x0f, 0x02, 0x38, 0x06, 0x0f, 0x06, 0xc2, 0x0e, 0x0e, 0x37, 0x07, 0x0f,
    0x06, 0xc2, 0x0c, 0x0f, 0x03, 0x51, 0x02, 0x0d, 0x0f, 0x06, 0xc2, 0x06, 0x0f, 0x0e, 0x0a, 0x0a,
    0x0e, 0x0e, 0x0f, 0x07, 0x22, 0x06, 0x0d, 0x0f, 0x0e, 0x08, 0x04, 0x0f, 0x0a, 0x10, 0x0b, 0x51,
    0xa4, 0x03, 0x0c, 0x0e, 0x09, 0x00, 0x28, 0x0b, 0x05, 0x00, 0x0b, 0x04, 0x28, 0x0b, 0x05, 0x00,
    0x0b, 0x04, 0x28, 0x03, 0x0d, 0x0d, 0x09, 0x51, 0xd2, 0x02, 0x09, 0x0e, 0x0f, 0x0e, 0x09, 0x01,
    0x22, 0x02, 0x0e, 0x0f, 0x09, 0x07, 0x0b, 0x0f, 0x0c, 0x22, 0x09, 0x0f, 0x05, 0x38, 0x0a, 0x0f,
    0x04, 0xc2, 0x01, 0x02, 0x37, 0x06, 0x0f, 0x06, 0x22, 0x03, 0x0a, 0x0d, 0x0f, 0x0f, 0x0f, 0x0f,
    0x06, 0xc2, 0x04, 0x0f, 0x0e, 0x07, 0x05, 0x04, 0x08, 0x0f, 0x06, 0xc2, 0x0b, 0x0f, 0x02, 0x38,
    0x06, 0x0f, 0x06, 0xc2, 0x0e, 0x0e, 0x37, 0x07, 0x0f, 0x06, 0xc2, 0x0c, 0x0f, 0x03, 0x51, 0x02,
    0x0d, 0x0f, 0x06, 0xc2, 0x06, 0x0f, 0x0e, 0x0a, 0x0a, 0x0e, 0x0e, 0x0f, 0x07, 0x22, 0x06, 0x0d,
    0x0f, 0x0e, 0x08, 0x04, 0x0f, 0x0a, 0x10, 0x11, 0x38, 0x7e, 0x04, 0x0b, 0x0e, 0x0f, 0x0d, 0x06,
    0x00, 0x04, 0x0b, 0x0f, 0x0e, 0x0b, 0x04, 0x66, 0x05, 0x0f, 0x0e, 0x09, 0x08, 0x0d, 0x0f, 0x0a,
    0x0f, 0x0d, 0x08, 0x08, 0x0e, 0x0f, 0x04, 0x00, 0x3f, 0x0d, 0x0f, 0x02, 0x51, 0x01, 0x0e, 0x0f,
    0x0d, 0x01, 0x51, 0x02, 0x0e, 0x0c, 0x00, 0x3f, 0x03, 0x04, 0x37, 0x0b, 0x0f, 0x06, 0x37, 0x0a,
    0x0f, 0x01, 0x66, 0x03, 0x05, 0x06, 0x06, 0x0c, 0x0f, 0x08, 0x06, 0x06, 0x06, 0x06, 0x0b, 0x0f,
    0x03, 0x3f, 0x03, 0x0d, 0x0f, 0x0f, 0x0f, 0x0f, 0x0f, 0x0f, 0x0f, 0x0f, 0x0f, 0x0f, 0x0f, 0x0f,
    0x0f, 0x03, 0x3f, 0x0e, 0x0f, 0x06, 0x01, 0x51, 0x0b, 0x0f, 0x04, 0x55, 0x03, 0x0f, 0x0a, 0x37,
    0x0a, 0x0f, 0x06, 0x55, 0x03, 0x0f, 0x0b, 0x38, 0x02, 0x0d, 0x0f, 0x0d, 0x02, 0x38, 0x01, 0x03,
    0x00, 0x3f, 0x0c, 0x0f, 0x0b, 0x07, 0x09, 0x0e, 0x0e, 0x08, 0x0f, 0x0e, 0x09, 0x08, 0x09, 0x0e,
    0x0d, 0x00, 0x3f, 0x02, 0x0a, 0x0e, 0x0f, 0x0d, 0x09, 0x02, 0x00, 0x03, 0x0b, 0x0e, 0x0f, 0x0e,
    0x0a, 0x03, 0x10, 0x0a, 0x38, 0x7e, 0x01, 0x08, 0x0d, 0x0f, 0x0e, 0x09, 0x01, 0x22, 0x01, 0x0c,
    0x0f, 0x0b, 0x08, 0x0a, 0x0f, 0x0d, 0x01, 0xc2, 0x07, 0x0f, 0x08, 0x38, 0x07, 0x0f, 0x07, 0xc2,
    0x0d, 0x0e, 0x01, 0x37, 0x0f, 0x0b, 0x55, 0x01, 0x0f, 0x0c, 0xdf, 0x01, 0x0f, 0x0b, 0xdf, 0x01,
    0x0f, 0x0c, 0x1a, 0x0d, 0x0e, 0x18, 0x0f, 0x0b, 0xc2, 0x07, 0x0f, 0x07, 0x38, 0x07, 0x0f, 0x06,
    0xc2, 0x01, 0x0c, 0x0f, 0x0b, 0x08, 0x0b, 0x0f, 0x0b, 0xb8, 0x01, 0x08, 0x0d, 0x0f, 0x0d, 0x08,
    0x01, 0x28, 0x09, 0x0d, 0x02, 0xdf, 0x04, 0x0a, 0x0e, 0x01, 0x00, 0x28, 0x01, 0x08, 0x0f, 0x01,
    0x00, 0x28, 0x0c, 0x0d, 0x05, 0x10, 0x0b, 0x00, 0xa4, 0x02, 0x08, 0x07, 0x1a, 0x09, 0x0f, 0x06,
    0x1a, 0x0b, 0x0e, 0x01, 0xdf, 0x01, 0x07, 0x04, 0xcb, 0x07, 0x0d, 0x0f, 0x0e, 0x09, 0x01, 0xb8,
    0x0a, 0x0f, 0x0b, 0x08, 0x0a, 0x0f, 0x0c, 0x22, 0x06, 0x0f, 0x08, 0x38, 0x08, 0x0f, 0x06, 0xc2,
    0x0c, 0x0f, 0x01, 0x38, 0x01, 0x0f, 0x0a, 0x55, 0x01, 0x0f, 0x0e, 0x07, 0x07, 0x07, 0x07, 0x07,
    0x0f, 0x0d, 0x55, 0x01, 0x0f, 0x0f, 0x0f, 0x0f, 0x0f, 0x0f, 0x0f, 0x0f, 0x0d, 0x55, 0x01, 0x0f,
    0x0c, 0x1a, 0x0d, 0x0f, 0x01, 0xdf, 0x07, 0x0f, 0x09, 0x38, 0x01, 0x0a, 0x04, 0x22, 0x0c, 0x0f,
    0x0c, 0x08, 0x08, 0x0d, 0x0f, 0x04, 0xb8, 0x07, 0x0d, 0x0f, 0x0e, 0x0b, 0x03, 0x10, 0x0b, 0x37,
    0xa4, 0x01, 0x07, 0x07, 0x01, 0x00, 0x28, 0x08, 0x0f, 0x06, 0x00, 0x28, 0x03, 0x0f, 0x08, 0xdf,
    0x05, 0x07, 0x1f, 0x07, 0x0d, 0x0f, 0x0e, 0x09, 0x01, 0xb8, 0x0a, 0x0f, 0x0b, 0x08, 0x0a, 0x0f,
    0x0c, 0x22, 0x06, 0x0f, 0x08, 0x38, 0x08, 0x0f, 0x06, 0xc2, 0x0c, 0x0f, 0x01, 0x38, 0x01, 0x0f,
    0x0a, 0x55, 0x01, 0x0f, 0x0e, 0x07, 0x07, 0x07, 0x07, 0x07, 0x0f, 0x0d, 0x55, 0x01, 0x0f, 0x0f,
    0x0f, 0x0f, 0x0f, 0x0f, 0x0f, 0x0f, 0x0d, 0x55, 0x01, 0x0f, 0x0c, 0x1a, 0x0d, 0x0f, 0x01, 0xdf,
    0x07, 0x0f, 0x09, 0x38, 0x01, 0x0a, 0x04, 0x22, 0x0c, 0x0f, 0x0c, 0x08, 0x08, 0x0d, 0x0f, 0x04,
    0xb8, 0x07, 0x0d, 0x0f, 0x0e, 0x0b, 0x03, 0x10, 0x0b, 0x38, 0xa4, 0x01, 0x08, 0x03, 0xdf, 0x0b,
    0x0e, 0x0d, 0x01, 0x28, 0x09, 0x0d, 0x01, 0x0b, 0x0c, 0xdd, 0x02, 0x08, 0x03, 0x00, 0x01, 0x07,
    0x03, 0x00, 0xd2, 0x07, 0x0d, 0x0f, 0x0e, 0x09, 0x01, 0xb8, 0x0a, 0x0f, 0x0b, 0x08, 0x0a, 0x0f,
    0x0c, 0x22, 0x06, 0x0f, 0x08, 0x38, 0x08, 0x0f, 0x06, 0xc2, 0x0c, 0x0f, 0x01, 0x38, 0x01, 0x0f,
    0x0a, 0x55, 0x01, 0x0f, 0x0e, 0x07, 0x07, 0x07, 0x07, 0x07, 0x0f, 0x0d, 0x55, 0x01, 0x0f, 0x0f,
    0x0f, 0x0f, 0x0f, 0x0f, 0x0f, 0x0f, 0x0d, 0x55, 0x01, 0x0f, 0x0c, 0x1a, 0x0d, 0x0f, 0x01, 0xdf,
    0x07, 0x0f, 0x09, 0x38, 0x01, 0x0a, 0x04, 0x22, 0x0c, 0x0f, 0x0c, 0x08, 0x08, 0x0d, 0x0f, 0x04,
    0xb8, 0x07, 0x0d, 0x0f, 0x0e, 0x0b, 0x03, 0x10, 0x0b, 0x52, 0x4a, 0x06, 0x06, 0x51, 0x04, 0x08,
    0x01, 0xb8, 0x0f, 0x0f, 0x01, 0x00, 0x0b, 0x0f, 0x04, 0xb8, 0x05, 0x06, 0x51, 0x03, 0x07, 0x51,
    0xd2, 0x07, 0x0d, 0x0f, 0x0e, 0x09, 0x01, 0xb8, 0x0a, 0x0f, 0x0b, 0x08, 0x0a, 0x0f, 0x0c, 0x22,
    0x06, 0x0f, 0x08, 0x38, 0x08, 0x0f, 0x06, 0xc2, 0x0c, 0x0f, 0x01, 0x38, 0x01, 0x0f, 0x0a, 0x55,
    0x01, 0x0f, 0x0e, 0x07, 0x07, 0x07, 0x07, 0x07, 0x0f, 0x0d, 0x55, 0x01, 0x0f, 0x0f, 0x0f, 0x0f,
    0x0f, 0x0f, 0x0f, 0x0f, 0x0d, 0x55, 0x01, 0x0f, 0x0c, 0x1a, 0x0d, 0x0f, 0x01, 0xdf, 0x07, 0x0f,
    0x09, 0x38, 0x01, 0x0a, 0x04, 0x22, 0x0c, 0x0f, 0x0c, 0x08, 0x08, 0x0d, 0x0f, 0x04, 0xb8, 0x07,
    0x0d, 0x0f, 0x0e, 0x0b, 0x03, 0x10, 0x05, 0x51, 0xd7, 0x02, 0x08, 0x07, 0x1a, 0x09, 0x0f, 0x06,
    0x1a, 0x0b, 0x0e, 0x01, 0xdf, 0x01, 0x07, 0x04, 0x1f, 0x07, 0x0f, 0x05, 0xdf, 0x07, 0x0f, 0x05,
    0xdf, 0x07, 0x0f, 0x05, 0xdf, 0x07, 0x0f, 0x05, 0xdf, 0x07, 0x0f, 0x05, 0xdf, 0x07, 0x0f, 0x05,
    0xdf, 0x07, 0x0f, 0x05, 0xdf, 0x07, 0x0f, 0x05, 0xdf, 0x07, 0x0f, 0x05, 0xdf, 0x07, 0x0f, 0x05,
    0xdf, 0x07, 0x0f, 0x05, 0x10, 0x05, 0x00, 0xa4, 0x01, 0x07, 0x07, 0x01, 0x00, 0x28, 0x08, 0x0f,
    0x06, 0x00, 0x28, 0x03, 0x0f, 0x08, 0xdf, 0x05, 0x07, 0xfa, 0x07, 0x0f, 0x05, 0xdf, 0x07, 0x0f,
    0x05, 0xdf, 0x07, 0x0f, 0x05, 0xdf, 0x07, 0x0f, 0x05, 0xdf, 0x07, 0x0f, 0x05, 0xdf, 0x07, 0x0f,
    0x05, 0xdf, 0x07, 0x0f, 0x05, 0xdf, 0x07, 0x0f, 0x05, 0xdf, 0x07, 0x0f, 0x05, 0xdf, 0x07, 0x0f,
    0x05, 0xdf, 0x07, 0x0f, 0x05, 0x10, 0x05, 0xa4, 0x03, 0x0b, 0x05, 0x00, 0x28, 0x02, 0x0d, 0x0b,
    0x0f, 0x03, 0x28, 0x0c, 0x0b, 0x00, 0x08, 0x0e, 0x02, 0xb8, 0x01, 0x04, 0x01, 0x51, 0x04, 0x02,
    0x51, 0xd2, 0x07, 0x0f, 0x05, 0xdf, 0x07, 0x0f, 0x05, 0xdf, 0x07, 0x0f, 0x05, 0xdf, 0x07, 0x0f,
    0x05, 0xdf, 0x07, 0x0f, 0x05, 0xdf, 0x07, 0x0f, 0x05, 0xdf, 0x07, 0x0f, 0x05, 0xdf, 0x07, 0x0f,
    0x05, 0xdf, 0x07, 0x0f, 0x05, 0xdf, 0x07, 0x0f, 0x05, 0xdf, 0x07, 0x0f, 0x05, 0x10, 0x05, 0x18,
    0x4a, 0x09, 0x0a, 0x51, 0x07, 0x0b, 0x02, 0xb8, 0x0e, 0x0f, 0x01, 0x00, 0x0b, 0x0f, 0x04, 0xb8,
    0x02, 0x02, 0x51, 0x01, 0x03, 0xcb, 0x07, 0x0f, 0x05, 0xdf, 0x07, 0x0f, 0x05, 0xdf, 0x07, 0x0f,
    0x05, 0xdf, 0x07, 0x0f, 0x05, 0xdf, 0x07, 0x0f, 0x05, 0xdf, 0x07, 0x0f, 0x05, 0xdf, 0x07, 0x0f,
    0x05, 0xdf, 0x07, 0x0f, 0x05, 0xdf, 0x07, 0x0f, 0x05, 0xdf, 0x07, 0x0f, 0x05, 0xdf, 0x07, 0x0f,
    0x05, 0x10, 0x0c, 0x52, 0x4a, 0x02, 0x0d, 0x09, 0x02, 0x51, 0x02, 0xb8, 0x04, 0x0c, 0x0f, 0x0f,
    0x09, 0x06, 0x0e, 0x06, 0xdd, 0x03, 0x0c, 0x0f, 0x0f, 0x07, 0x28, 0x04, 0x0e, 0x0d, 0x0f, 0x0b,
    0xdd, 0x01, 0x0e, 0x08, 0x00, 0x0a, 0x0f, 0x06, 0xdd, 0x01, 0x51, 0x01, 0x0f, 0x0d, 0xb8, 0x07,
    0x0d, 0x0f, 0x0d, 0x08, 0x0a, 0x0f, 0x03, 0xc2, 0x0b, 0x0f, 0x0d, 0x08, 0x08, 0x0c, 0x0f, 0x0f,
    0x05, 0x55, 0x05, 0x0f, 0x0b, 0x37, 0x0a, 0x0f, 0x07, 0x55, 0x0a, 0x0f, 0x03, 0x37, 0x05, 0x0f,
    0x07, 0x55, 0x0b, 0x0f, 0x01, 0x37, 0x06, 0x0f, 0x06, 0x55, 0x0a, 0x0f, 0x03, 0x37, 0x0a, 0x0f,
    0x03, 0x55, 0x05, 0x0f, 0x0b, 0x38, 0x03, 0x0f, 0x0d, 0x22, 0x0a, 0x0f, 0x0d, 0x08, 0x09, 0x0e,
    0x0e, 0x03, 0xb8, 0x06, 0x0c, 0x0f, 0x0e, 0x0a, 0x03, 0x10, 0x0b, 0x51, 0xa4, 0x07, 0x0a, 0x03,
    0x00, 0x02, 0x0b, 0x01, 0x22, 0x06, 0x0f, 0x0a, 0x0d, 0x04, 0x08, 0x0e, 0xb8, 0x0b, 0x08, 0x00,
    0x05, 0x0f, 0x0f, 0x06, 0xb8, 0x03, 0x02, 0x51, 0x02, 0x02, 0xd2, 0x09, 0x0f, 0x03, 0x09, 0x0e,
    0x0f, 0x0c, 0x05, 0x22, 0x09, 0x0f, 0x0d, 0x0d, 0x09, 0x0a, 0x0f, 0x0f, 0x03, 0xc2, 0x09, 0x0f,
    0x0a, 0x38, 0x06, 0x0f, 0x08, 0xc2, 0x09, 0x0f, 0x03, 0x38, 0x02, 0x0f, 0x0a, 0xc2, 0x09, 0x0f,
    0x03, 0x38, 0x02, 0x0f, 0x0a, 0xc2, 0x09, 0x0f, 0x03, 0x38, 0x02, 0x0f, 0x0a, 0xc2, 0x09, 0x0f,
    0x03, 0x38, 0x02, 0x0f, 0x0a, 0xc2, 0x09, 0x0f, 0x03, 0x38, 0x02, 0x0f, 0x0a, 0xc2, 0x09, 0x0f,
    0x03, 0x38, 0x02, 0x0f, 0x0a, 0xc2, 0x09, 0x0f, 0x03, 0x38, 0x02, 0x0f, 0x0a, 0xc2, 0x09, 0x0f,
    0x03, 0x38, 0x02, 0x0f, 0x0a, 0x10, 0x0b, 0x00, 0xa4, 0x02, 0x08, 0x07, 0x1a, 0x09, 0x0f, 0x06,
    0x1a, 0x0b, 0x0e, 0x01, 0xdf, 0x01, 0x07, 0x04, 0xcb, 0x07, 0x0d, 0x0f, 0x0e, 0x0a, 0x02, 0xb8,
    0x0b, 0x0f, 0x0c, 0x08, 0x09, 0x0f, 0x0e, 0x03, 0xc2, 0x06, 0x0f, 0x09, 0x38, 0x04, 0x0f, 0x0d,
    0xc2, 0x0d, 0x0f, 0x01, 0x37, 0x0a, 0x0f, 0x04, 0x2c, 0x01, 0x0f, 0x0c, 0x18, 0x06, 0x0f, 0x07,
    0x2c, 0x01, 0x0f, 0x0b, 0x18, 0x05, 0x0f, 0x08, 0x2c, 0x01, 0x0f, 0x0c, 0x18, 0x06, 0x0f, 0x07,
    0x55, 0x0d, 0x0f, 0x01, 0x37, 0x09, 0x0f, 0x04, 0x55, 0x07, 0x0f, 0x09, 0x38, 0x03, 0x0f, 0x0d,
    0x22, 0x0b, 0x0f, 0x0c, 0x08, 0x09, 0x0f, 0x0e, 0x03, 0xb8, 0x07, 0x0d, 0x0f, 0x0e, 0x0a, 0x02,
    0x10, 0x0b, 0x37, 0xa4, 0x01, 0x07, 0x07, 0x01, 0x00, 0x28, 0x08, 0x0f, 0x06, 0x00, 0x28, 0x03,
    0x0f, 0x08, 0xdf, 0x05, 0x07, 0x1f, 0x07, 0x0d, 0x0f, 0x0e, 0x0a, 0x02, 0xb8, 0x0b, 0x0f, 0x0c,
    0x08, 0x09, 0x0f, 0x0e, 0x03, 0xc2, 0x06, 0x0f, 0x09, 0x38, 0x04, 0x0f, 0x0d, 0xc2, 0x0d, 0x0f,
    0x01, 0x37, 0x0a, 0x0f, 0x04, 0x2c, 0x01, 0x0f, 0x0c, 0x18, 0x06, 0x0f, 0x07, 0x2c, 0x01, 0x0f,
    0x0b, 0x18, 0x05, 0x0f, 0x08, 0x2c, 0x01, 0x0f, 0x0c, 0x18, 0x06, 0x0f, 0x07, 0x55, 0x0d, 0x0f,
    0x01, 0x37, 0x09, 0x0f, 0x04, 0x55, 0x07, 0x0f, 0x09, 0x38, 0x03, 0x0f, 0x0d, 0x22, 0x0b, 0x0f,
    0x0c, 0x08, 0x09, 0x0f, 0x0e, 0x03, 0xb8, 0x07, 0x0d, 0x0f, 0x0e, 0x0a, 0x02, 0x10, 0x0b, 0x38,
    0xa4, 0x01, 0x08, 0x03, 0xdf, 0x0b, 0x0e, 0x0d, 0x01, 0x28, 0x09, 0x0d, 0x01, 0x0b, 0x0c, 0xdd,
    0x02, 0x08, 0x03, 0x00, 0x01, 0x07, 0x03, 0x00, 0xd2, 0x07, 0x0d, 0x0f, 0x0e, 0x0a, 0x02, 0xb8,
    0x0b, 0x0f, 0x0c, 0x08, 0x09, 0x0f, 0x0e, 0x03, 0xc2, 0x06, 0x0f, 0x09, 0x38, 0x04, 0x0f, 0x0d,
    0xc2, 0x0d, 0x0f, 0x01, 0x37, 0x0a, 0x0f, 0x04, 0x2c, 0x01, 0x0f, 0x0c, 0x18, 0x06, 0x0f, 0x07,
    0x2c, 0x01, 0x0f, 0x0b, 0x18, 0x05, 0x0f, 0x08, 0x2c, 0x01, 0x0f, 0x0c, 0x18, 0x06, 0x0f, 0x07,
    0x55, 0x0d, 0x0f, 0x01, 0x37, 0x09, 0x0f, 0x04, 0x55, 0x07, 0x0f, 0x09, 0x38, 0x03, 0x0f, 0x0d,
    0x22, 0x0b, 0x0f, 0x0c, 0x08, 0x09, 0x0f, 0x0e, 0x03, 0xb8, 0x07, 0x0d, 0x0f, 0x0e, 0x0a, 0x02,
    0x10, 0x0b, 0x51, 0xa4, 0x04, 0x07, 0x01, 0x00, 0x01, 0x08, 0x01, 0x22, 0x04, 0x0f, 0x0e, 0x0c,
    0x01, 0x05, 0x0f, 0xb8, 0x0a, 0x0a, 0x00, 0x09, 0x0e, 0x0f, 0x09, 0xb8, 0x06, 0x03, 0x51, 0x06,
    0x06, 0x51, 0xd2, 0x07, 0x0d, 0x0f, 0x0e, 0x0a, 0x02, 0xb8, 0x0b, 0x0f, 0x0c, 0x08, 0x09, 0x0f,
    0x0e, 0x03, 0xc2, 0x06, 0x0f, 0x09, 0x38, 0x04, 0x0f, 0x0d, 0xc2, 0x0d, 0x0f, 0x01, 0x37, 0x0a,
    0x0f, 0x04, 0x2c, 0x01, 0x0f, 0x0c, 0x18, 0x06, 0x0f, 0x07, 0x2c, 0x01, 0x0f, 0x0b, 0x18, 0x05,
    0x0f, 0x08, 0x2c, 0x01, 0x0f, 0x0c, 0x18, 0x06, 0x0f, 0x07, 0x55, 0x0d, 0x0f, 0x01, 0x37, 0x09,
    0x0f, 0x04, 0x55, 0x07, 0x0f, 0x09, 0x38, 0x03, 0x0f, 0x0d, 0x22, 0x0b, 0x0f, 0x0c, 0x08, 0x09,
    0x0f, 0x0e, 0x03, 0xb8, 0x07, 0x0d, 0x0f, 0x0e, 0x0a, 0x02, 0x10, 0x0b, 0x52, 0x4a, 0x06, 0x06,
    0x51, 0x04, 0x08, 0x01, 0xb8, 0x0f, 0x0f, 0x01, 0x00, 0x0b, 0x0f, 0x04, 0xb8, 0x05, 0x06, 0x51,
    0x03, 0x07, 0x51, 0xd2, 0x07, 0x0d, 0x0f, 0x0e, 0x0a, 0x02, 0xb8, 0x0b, 0x0f, 0x0c, 0x08, 0x09,
    0x0f, 0x0e, 0x03, 0xc2, 0x06, 0x0f, 0x09, 0x38, 0x04, 0x0f, 0x0d, 0xc2, 0x0d, 0x0f, 0x01, 0x37,
    0x0a, 0x0f, 0x04, 0x2c, 0x01, 0x0f, 0x0c, 0x18, 0x06, 0x0f, 0x07, 0x2c, 0x01, 0x0f, 0x0b, 0x18,
    0x05, 0x0f, 0x08, 0x2c, 0x01, 0x0f, 0x0c, 0x18, 0x06, 0x0f, 0x07, 0x55, 0x0d, 0x0f, 0x01, 0x37,
    0x09, 0x0f, 0x04, 0x55, 0x07, 0x0f, 0x09, 0x38, 0x03, 0x0f, 0x0d, 0x22, 0x0b, 0x0f, 0x0c, 0x08,
    0x09, 0x0f, 0x0e, 0x03, 0xb8, 0x07, 0x0d, 0x0f, 0x0e, 0x0a, 0x02, 0x10, 0x0b, 0x6d, 0x02, 0x1a,
    0x05, 0x0f, 0x09, 0xdf, 0x04, 0x0f, 0x08, 0x1e, 0x05, 0x0f, 0x0f, 0x0f, 0x0f, 0x0f, 0x0f, 0x0f,
    0x0f, 0x0f, 0x07, 0x2c, 0x05, 0x0f, 0x0f, 0x0f, 0x0f, 0x0f, 0x0f, 0x0f, 0x0f, 0x0f, 0x07, 0x1e,
    0x04, 0x0e, 0x08, 0xdf, 0x05, 0x0f, 0x09, 0x1a, 0x02, 0x10, 0x0b, 0x51, 0xb9, 0x0d, 0x05, 0xb8,
    0x07, 0x0d, 0x0f, 0x0e, 0x0c, 0x0d, 0xb8, 0x0b, 0x0f, 0x0c, 0x08, 0x09, 0x0f, 0x0e, 0x03, 0xc2,
    0x06, 0x0f, 0x09, 0x51, 0x05, 0x0d, 0x0f, 0x0d, 0xc2, 0x0d, 0x0f, 0x01, 0x51, 0x0d, 0x05, 0x0a,
    0x0f, 0x04, 0x2c, 0x01, 0x0f, 0x0c, 0x51, 0x05, 0x0d, 0x00, 0x06, 0x0f, 0x07, 0x2c, 0x01, 0x0f,
    0x0b, 0x51, 0x0d, 0x05, 0x00, 0x05, 0x0f, 0x08, 0x2c, 0x01, 0x0f, 0x0c, 0x00, 0x05, 0x0d, 0x51,
    0x06, 0x0f, 0x07, 0x55, 0x0d, 0x0f, 0x01, 0x0c, 0x05, 0x51, 0x09, 0x0f, 0x04, 0x55, 0x07, 0x0f,
    0x0c, 0x0d, 0x51, 0x03, 0x0f, 0x0d, 0x22, 0x0b, 0x0f, 0x0d, 0x08, 0x09, 0x0f, 0x0e, 0x03, 0x22,
    0x05, 0x0e, 0x0d, 0x0f, 0x0e, 0x0a, 0x02, 0xb8, 0x0c, 0x06, 0x10, 0x0b, 0x00, 0xa4, 0x02, 0x08,
    0x07, 0x1a, 0x09, 0x0f, 0x06, 0x1a, 0x0b, 0x0e, 0x01, 0xdf, 0x01, 0x07, 0x04, 0x00, 0xd2, 0x0a,
    0x0f, 0x02, 0x38, 0x02, 0x0f, 0x0a, 0xc2, 0x0a, 0x0f, 0x02, 0x38, 0x02, 0x0f, 0x0a, 0xc2, 0x0a,
    0x0f, 0x02, 0x38, 0x02, 0x0f, 0x0a, 0xc2, 0x0a, 0x0f, 0x02, 0x38, 0x02, 0x0f, 0x0a, 0xc2, 0x0a,
    0x0f, 0x02, 0x38, 0x02, 0x0f, 0x0a, 0xc2, 0x0a, 0x0f, 0x02, 0x38, 0x02, 0x0f, 0x0a, 0xc2, 0x0a,
    0x0f, 0x02, 0x38, 0x02, 0x0f, 0x0a, 0xc2, 0x0a, 0x0f, 0x03, 0x38, 0x03, 0x0f, 0x0a, 0xc2, 0x07,
    0x0f, 0x07, 0x38, 0x08, 0x0f, 0x0a, 0xc2, 0x02, 0x0f, 0x0f, 0x0a, 0x09, 0x0c, 0x0f, 0x0f, 0x0a,
    0x22, 0x04, 0x0c, 0x0f, 0x0e, 0x0b, 0x04, 0x0f, 0x0a, 0x10, 0x0b, 0x37, 0xa4, 0x01, 0x07, 0x07,
    0x01, 0x00, 0x28, 0x08, 0x0f, 0x06, 0x00, 0x28, 0x03, 0x0f, 0x08, 0xdf, 0x05, 0x07, 0x51, 0xd2,
    0x0a, 0x0f, 0x02, 0x38, 0x02, 0x0f, 0x0a, 0xc2, 0x0a, 0x0f, 0x02, 0x38, 0x02, 0x0f, 0x0a, 0xc2,
    0x0a, 0x0f, 0x02, 0x38, 0x02, 0x0f, 0x0a, 0xc2, 0x0a, 0x0f, 0x02, 0x38, 0x02, 0x0f, 0x0a, 0xc2,
    0x0a, 0x0f, 0x02, 0x38, 0x02, 0x0f, 0x0a, 0xc2, 0x0a, 0x0f, 0x02, 0x38, 0x02, 0x0f, 0x0a, 0xc2,
    0x0a, 0x0f, 0x02, 0x38, 0x02, 0x0f, 0x0a, 0xc2, 0x0a, 0x0f, 0x03, 0x38, 0x03, 0x0f, 0x0a, 0xc2,
    0x07, 0x0f, 0x07, 0x38, 0x08, 0x0f, 0x0a, 0xc2, 0x02, 0x0f, 0x0f, 0x0a, 0x09, 0x0c, 0x0f, 0x0f,
    0x0a, 0x22, 0x04, 0x0c, 0x0f, 0x0e, 0x0b, 0x04, 0x0f, 0x0a, 0x10, 0x0b, 0x38, 0xa4, 0x03, 0x0b,
    0x05, 0x00, 0x28, 0x02, 0x0d, 0x0b, 0x0f, 0x03, 0x28, 0x0c, 0x0b, 0x00, 0x08, 0x0e, 0x02, 0xb8,
    0x01, 0x04, 0x01, 0x51, 0x04, 0x02, 0x3a, 0x0a, 0x0f, 0x02, 0x38, 0x02, 0x0f, 0x0a, 0xc2, 0x0a,
    0x0f, 0x02, 0x38, 0x02, 0x0f, 0x0a, 0xc2, 0x0a, 0x0f, 0x02, 0x38, 0x02, 0x0f, 0x0a, 0xc2, 0x0a,
    0x0f, 0x02, 0x38, 0x02, 0x0f, 0x0a, 0xc2, 0x0a, 0x0f, 0x02, 0x38, 0x02, 0x0f, 0x0a, 0xc2, 0x0a,
    0x0f, 0x02, 0x38, 0x02, 0x0f, 0x0a, 0xc2, 0x0a, 0x0f, 0x02, 0x38, 0x02, 0x0f, 0x0a, 0xc2, 0x0a,
    0x0f, 0x03, 0x38, 0x03, 0x0f, 0x0a, 0xc2, 0x07, 0x0f, 0x07, 0x38, 0x08, 0x0f, 0x0a, 0xc2, 0x02,
    0x0f, 0x0f, 0x0a, 0x09, 0x0c, 0x0f, 0x0f, 0x0a, 0x22, 0x04, 0x0c, 0x0f, 0x0e, 0x0b, 0x04, 0x0f,
    0x0a, 0x10, 0x0b, 0x52, 0x4a, 0x09, 0x0a, 0x51, 0x07, 0x0b, 0x02, 0xb8, 0x0e, 0x0f, 0x01, 0x00,
    0x0b, 0x0f, 0x04, 0xb8, 0x02, 0x02, 0x51, 0x01, 0x03, 0xd2, 0x0a, 0x0f, 0x02, 0x38, 0x02, 0x0f,
    0x0a, 0xc2, 0x0a, 0x0f, 0x02, 0x38, 0x02, 0x0f, 0x0a, 0xc2, 0x0a, 0x0f, 0x02, 0x38, 0x02, 0x0f,
    0x0a, 0xc2, 0x0a, 0x0f, 0x02, 0x38, 0x02, 0x0f, 0x0a, 0xc2, 0x0a, 0x0f, 0x02, 0x38, 0x02, 0x0f,
    0x0a, 0xc2, 0x0a, 0x0f, 0x02, 0x38, 0x02, 0x0f, 0x0a, 0xc2, 0x0a, 0x0f, 0x02, 0x38, 0x02, 0x0f,
    0x0a, 0xc2, 0x0a, 0x0f, 0x03, 0x38, 0x03, 0x0f, 0x0a, 0xc2, 0x07, 0x0f, 0x07, 0x38, 0x08, 0x0f,
    0x0a, 0xc2, 0x02, 0x0f, 0x0f, 0x0a, 0x09, 0x0c, 0x0f, 0x0f, 0x0a, 0x22, 0x04, 0x0c, 0x0f, 0x0e,
    0x0b, 0x04, 0x0f, 0x0a, 0x10, 0x09, 0x37, 0xa4, 0x01, 0x07, 0x07, 0x01, 0x00, 0x28, 0x08, 0x0f,
    0x06, 0x00, 0x28, 0x03, 0x0f, 0x08, 0xdf, 0x05, 0x07, 0x00, 0xd2, 0x09, 0x0f, 0x05, 0x37, 0x0d,
    0x0f, 0x01, 0x55, 0x04, 0x0f, 0x0a, 0x38, 0x03, 0x0f, 0x0b, 0x22, 0x0d, 0x0f, 0x01, 0x51, 0x07,
    0x0f, 0x05, 0x22, 0x08, 0x0f, 0x05, 0x51, 0x0c, 0x0f, 0x01, 0x22, 0x03, 0x0f, 0x0a, 0x00, 0x02,
    0x0f, 0x0a, 0xdd, 0x0c, 0x0f, 0x01, 0x06, 0x0f, 0x05, 0xdd, 0x07, 0x0f, 0x05, 0x0b, 0x0e, 0x01,
    0xdd, 0x02, 0x0f, 0x0b, 0x0f, 0x0a, 0x00, 0x28, 0x0b, 0x0f, 0x0f, 0x04, 0x00, 0x28, 0x06, 0x0f,
    0x0e, 0xdf, 0x02, 0x0f, 0x09, 0xdf, 0x05, 0x0f, 0x04, 0xdf, 0x0c, 0x0d, 0x28, 0x02, 0x09, 0x0d,
    0x0f, 0x06, 0x28, 0x02, 0x0e, 0x0e, 0x07, 0x10, 0x0c, 0x4c, 0x4a, 0x08, 0x0f, 0x04, 0xdf, 0x08,
    0x0f, 0x04, 0xdf, 0x08, 0x0f, 0x04, 0xdf, 0x08, 0x0f, 0x04, 0xdf, 0x08, 0x0f, 0x05, 0x09, 0x0e,
    0x0f, 0x0c, 0x05, 0x22, 0x08, 0x0f, 0x0f, 0x0c, 0x08, 0x0a, 0x0f, 0x0f, 0x05, 0xc2, 0x08, 0x0f,
    0x0a, 0x38, 0x04, 0x0f, 0x0d, 0xc2, 0x08, 0x0f, 0x04, 0x37, 0x0b, 0x0f, 0x03, 0x55, 0x08, 0x0f,
    0x04, 0x37, 0x07, 0x0f, 0x05, 0x55, 0x08, 0x0f, 0x04, 0x37, 0x06, 0x0f, 0x06, 0x55, 0x08, 0x0f,
    0x04, 0x37, 0x07, 0x0f, 0x05, 0x55, 0x08, 0x0f, 0x04, 0x37, 0x0b, 0x0f, 0x03, 0x55, 0x08, 0x0f,
    0x09, 0x38, 0x04, 0x0f, 0x0d, 0xc2, 0x08, 0x0f, 0x0f, 0x0c, 0x08, 0x09, 0x0f, 0x0f, 0x04, 0xc2,
    0x08, 0x0f, 0x06, 0x0a, 0x0e, 0x0f, 0x0c, 0x04, 0x22, 0x08, 0x0f, 0x04, 0xdf, 0x08, 0x0f, 0x04,
    0xdf, 0x08, 0x0f, 0x04, 0xdf, 0x08, 0x0f, 0x04, 0x10, 0x09, 0x52, 0x4a, 0x09, 0x0a, 0x51, 0x07,
    0x0b, 0x02, 0xb8, 0x0e, 0x0f, 0x01, 0x00, 0x0b, 0x0f, 0x04, 0xb8, 0x02, 0x02, 0x51, 0x01, 0x03,
    0x3a, 0x09, 0x0f, 0x05, 0x37, 0x0d, 0x0f, 0x01, 0x55, 0x04, 0x0f, 0x0a, 0x38, 0x03, 0x0f, 0x0b,
    0x22, 0x0d, 0x0f, 0x01, 0x51, 0x07, 0x0f, 0x05, 0x22, 0x08, 0x0f, 0x05, 0x51, 0x0c, 0x0f, 0x01,
    0x22, 0x03, 0x0f, 0x0a, 0x00, 0x02, 0x0f, 0x0a, 0xdd, 0x0c, 0x0f, 0x01, 0x06, 0x0f, 0x05, 0xdd,
    0x07, 0x0f, 0x05, 0x0b, 0x0e, 0x01, 0xdd, 0x02, 0x0f, 0x0b, 0x0f, 0x0a, 0x00, 0x28, 0x0b, 0x0f,
    0x0f, 0x04, 0x00, 0x28, 0x06, 0x0f, 0x0e, 0xdf, 0x02, 0x0f, 0x09, 0xdf, 0x05, 0x0f, 0x04, 0xdf,
    0x0c, 0x0d, 0x28, 0x02, 0x09, 0x0d, 0x0f, 0x06, 0x28, 0x02, 0x0e, 0x0e, 0x07, 0x10, 0x0d, 0x51,
    0xaf, 0x01, 0x02, 0x02, 0x02, 0x02, 0x02, 0x02, 0xb8, 0x09, 0x0f, 0x0f, 0x0f, 0x0f, 0x0f, 0x0e,
    0xb8, 0x02, 0x04, 0x04, 0x04, 0x04, 0x04, 0x04, 0x51, 0xd2, 0x07, 0x0f, 0x08, 0xdf, 0x0d, 0x0f,
    0x0e, 0x00, 0x28, 0x04, 0x0f, 0x0c, 0x0f, 0x05, 0x28, 0x0a, 0x0f, 0x02, 0x0e, 0x0b, 0xdd, 0x01,
    0x0f, 0x0b, 0x00, 0x0a, 0x0f, 0x02, 0xb8, 0x06, 0x0f, 0x05, 0x00, 0x04, 0x0f, 0x07, 0xb8, 0x0c,
    0x0e, 0x38, 0x0d, 0x0d, 0x22, 0x03, 0x0f, 0x09, 0x38, 0x08, 0x0f, 0x04, 0xc2, 0x09, 0x0f, 0x0b,
    0x08, 0x08, 0x08, 0x0a, 0x0f, 0x0a, 0x55, 0x01, 0x0e, 0x0f, 0x0f, 0x0f, 0x0f, 0x0f, 0x0f, 0x0f,
    0x0f, 0x01, 0x2c, 0x05, 0x0f, 0x07, 0x18, 0x06, 0x0f, 0x07, 0x2c, 0x0b, 0x0f, 0x02, 0x18, 0x01,
    0x0f, 0x0c, 0x19, 0x02, 0x0f, 0x0b, 0x4c, 0x0a, 0x0f, 0x03, 0x41, 0x08, 0x0f, 0x06, 0x4c, 0x05,
    0x0f, 0x09, 0x10, 0x0b, 0x52, 0x4a, 0x04, 0x06, 0x06, 0x06, 0x06, 0x06, 0x06, 0xb8, 0x09, 0x0f,
    0x0f, 0x0f, 0x0f, 0x0f, 0x0e, 0x1e, 0x02, 0x09, 0x0e, 0x0f, 0x0e, 0x09, 0x01, 0x22, 0x02, 0x0e,
    0x0f, 0x09, 0x07, 0x0b, 0x0f, 0x0c, 0x22, 0x09, 0x0f, 0x05, 0x38, 0x0a, 0x0f, 0x04, 0xc2, 0x01,
    0x02, 0x37, 0x06, 0x0f, 0x06, 0x22, 0x03, 0x0a, 0x0d, 0x0f, 0x0f, 0x0f, 0x0f, 0x06, 0xc2, 0x04,
    0x0f, 0x0e, 0x07, 0x05, 0x04, 0x08, 0x0f, 0x06, 0xc2, 0x0b, 0x0f, 0x02, 0x38, 0x06, 0x0f, 0x06,
    0xc2, 0x0e, 0x0e, 0x37, 0x07, 0x0f, 0x06, 0xc2, 0x0c, 0x0f, 0x03, 0x51, 0x02, 0x0d, 0x0f, 0x06,
    0xc2, 0x06, 0x0f, 0x0e, 0x0a, 0x0a, 0x0e, 0x0e, 0x0f, 0x07, 0x22, 0x06, 0x0d, 0x0f, 0x0e, 0x08,
    0x04, 0x0f, 0x0a, 0x10, 0x0d, 0x51, 0xaf, 0x0a, 0x0c, 0x51, 0x06, 0x0f, 0x01, 0xb8, 0x06, 0x0f,
    0x05, 0x03, 0x0c, 0x0b, 0x28, 0x08, 0x0e, 0x0f, 0x0b, 0x02, 0xcb, 0x07, 0x0f, 0x08, 0xdf, 0x0d,
    0x0f, 0x0e, 0x00, 0x28, 0x04, 0x0f, 0x0c, 0x0f, 0x05, 0x28, 0x0a, 0x0f, 0x02, 0x0e, 0x0b, 0xdd,
    0x01, 0x0f, 0x0b, 0x00, 0x0a, 0x0f, 0x02, 0xb8, 0x06, 0x0f, 0x05, 0x00, 0x04, 0x0f, 0x07, 0xb8,
    0x0c, 0x0e, 0x38, 0x0d, 0x0d, 0x22, 0x03, 0x0f, 0x09, 0x38, 0x08, 0x0f, 0x04, 0xc2, 0x09, 0x0f,
    0x0b, 0x08, 0x08, 0x08, 0x0a, 0x0f, 0x0a, 0x55, 0x01, 0x0e, 0x0f, 0x0f, 0x0f, 0x0f, 0x0f, 0x0f,
    0x0f, 0x0f, 0x01, 0x2c, 0x05, 0x0f, 0x07, 0x18, 0x06, 0x0f, 0x07, 0x2c, 0x0b, 0x0f, 0x02, 0x18,
    0x01, 0x0f, 0x0c, 0x19, 0x02, 0x0f, 0x0b, 0x4c, 0x0a, 0x0f, 0x03, 0x41, 0x08, 0x0f, 0x06, 0x4c,
    0x05, 0x0f, 0x09, 0x10, 0x0b, 0x51, 0xa4, 0x03, 0x03, 0x51, 0x01, 0x04, 0xdd, 0x0a, 0x0d, 0x51,
    0x07, 0x0f, 0x01, 0xb8, 0x04, 0x0f, 0x09, 0x07, 0x0e, 0x09, 0x28, 0x04, 0x0a, 0x0b, 0x07, 0x00,
    0xd2, 0x02, 0x09, 0x0e, 0x0f, 0x0e, 0x09, 0x01, 0x22, 0x02, 0x0e, 0x0f, 0x09, 0x07, 0x0b, 0x0f,
    0x0c, 0x22, 0x09, 0x0f, 0x05, 0x38, 0x0a, 0x0f, 0x04, 0xc2, 0x01, 0x02, 0x37, 0x06, 0x0f, 0x06,
    0x22, 0x03, 0x0a, 0x0d, 0x0f, 0x0f, 0x0f, 0x0f, 0x06, 0xc2, 0x04, 0x0f, 0x0e, 0x07, 0x05, 0x04,
    0x08, 0x0f, 0x06, 0xc2, 0x0b, 0x0f, 0x02, 0x38, 0x06, 0x0f, 0x06, 0xc2, 0x0e, 0x0e, 0x37, 0x07,
    0x0f, 0x06, 0xc2, 0x0c, 0x0f, 0x03, 0x51, 0x02, 0x0d, 0x0f, 0x06, 0xc2, 0x06, 0x0f, 0x0e, 0x0a,
    0x0a, 0x0e, 0x0e, 0x0f, 0x07, 0x22, 0x06, 0x0d, 0x0f, 0x0e, 0x08, 0x04, 0x0f, 0x0a, 0x10, 0x0d,
    0x00, 0xfc, 0x07, 0x0f, 0x08, 0xdf, 0x0d, 0x0f, 0x0e, 0x00, 0x28, 0x04, 0x0f, 0x0c, 0x0f, 0x05,
    0x28, 0x0a, 0x0f, 0x02, 0x0f, 0x0b, 0xdd, 0x01, 0x0f, 0x0b, 0x00, 0x0a, 0x0f, 0x02, 0xb8, 0x06,
    0x0f, 0x05, 0x00, 0x04, 0x0f, 0x07, 0xb8, 0x0c, 0x0e, 0x01, 0x51, 0x0e, 0x0d, 0x22, 0x03, 0x0f,
    0x09, 0x38, 0x08, 0x0f, 0x04, 0xc2, 0x09, 0x0f, 0x0b, 0x08, 0x08, 0x08, 0x0a, 0x0f, 0x0a, 0x55,
    0x01, 0x0e, 0x0f, 0x0f, 0x0f, 0x0f, 0x0f, 0x0f, 0x0f, 0x0f, 0x01, 0x2c, 0x05, 0x0f, 0x08, 0x18,
    0x07, 0x0f, 0x07, 0x2c, 0x0b, 0x0f, 0x02, 0x18, 0x01, 0x0f, 0x0c, 0x19, 0x02, 0x0f, 0x0b, 0x4c,
    0x0a, 0x0f, 0x03, 0x41, 0x08, 0x0f, 0x06, 0x4c, 0x05, 0x0f, 0x09, 0x00, 0x28, 0x02, 0x0d, 0x0b,
    0x01, 0x00, 0x28, 0x0a, 0x0d, 0x1a, 0x0c, 0x0e, 0x06, 0x04, 0x00, 0x28, 0x05, 0x0e, 0x0e, 0x07,
    0x10, 0x0b, 0x38, 0x7e, 0x02, 0x09, 0x0e, 0x0f, 0x0e, 0x09, 0x01, 0x22, 0x02, 0x0e, 0x0f, 0x09,
    0x07, 0x0b, 0x0f, 0x0c, 0x22, 0x09, 0x0f, 0x05, 0x38, 0x0a, 0x0f, 0x04, 0xc2, 0x01, 0x02, 0x37,
    0x06, 0x0f, 0x06, 0x22, 0x03, 0x0a, 0x0d, 0x0f, 0x0f, 0x0f, 0x0f, 0x06, 0xc2, 0x04, 0x0f, 0x0e,
    0x07, 0x05, 0x04, 0x08, 0x0f, 0x06, 0xc2, 0x0b, 0x0f, 0x02, 0x38, 0x06, 0x0f, 0x06, 0xc2, 0x0e,
    0x0e, 0x37, 0x07, 0x0f, 0x06, 0xc2, 0x0c, 0x0f, 0x03, 0x51, 0x01, 0x0d, 0x0f, 0x06, 0xc2, 0x06,
    0x0f, 0x0e, 0x0a, 0x0a, 0x0e, 0x0e, 0x0f, 0x07, 0x22, 0x06, 0x0d, 0x0f, 0x0e, 0x08, 0x04, 0x0f,
    0x0a, 0x00, 0x28, 0x01, 0x0c, 0x0b, 0x01, 0x00, 0x28, 0x09, 0x0e, 0x01, 0xdf, 0x0b, 0x0e, 0x06,
    0x04, 0x00, 0x28, 0x04, 0x0e, 0x0f, 0x07, 0x10, 0x0d, 0xe3, 0x03, 0x0f, 0x0c, 0x01, 0x00, 0x28,
    0x0c, 0x0d, 0x01, 0x00, 0x28, 0x07, 0x0e, 0x02, 0x51, 0xd2, 0x01, 0x08, 0x0d, 0x0f, 0x0e, 0x0c,
    0x06, 0x22, 0x02, 0x0d, 0x0f, 0x0c, 0x09, 0x09, 0x0d, 0x0f, 0x0a, 0xc2, 0x0c, 0x0f, 0x06, 0x37,
    0x0b, 0x0f, 0x06, 0x2c, 0x05, 0x0f, 0x0a, 0x18, 0x02, 0x0f, 0x0c, 0x2c, 0x0a, 0x0f, 0x04, 0x9d,
    0x0d, 0x0f, 0x01, 0x19, 0x0c, 0x0f, 0x02, 0xdf, 0x0c, 0x0f, 0x01, 0xdf, 0x0c, 0x0f, 0x01, 0xdf,
    0x0c, 0x0f, 0x02, 0xdf, 0x0a, 0x0f, 0x04, 0x9d, 0x0d, 0x0f, 0x01, 0x19, 0x05, 0x0f, 0x0a, 0x18,
    0x02, 0x0f, 0x0c, 0x55, 0x0d, 0x0f, 0x05, 0x37, 0x0b, 0x0f, 0x05, 0x55, 0x02, 0x0e, 0x0f, 0x0b,
    0x08, 0x09, 0x0d, 0x0f, 0x09, 0x22, 0x01, 0x09, 0x0d, 0x0f, 0x0e, 0x0c, 0x05, 0x10, 0x0a, 0x37,
    0xa4, 0x01, 0x07, 0x07, 0x01, 0x00, 0x28, 0x08, 0x0f, 0x06, 0x00, 0x28, 0x03, 0x0f, 0x08, 0xdf,
    0x05, 0x07, 0xcb, 0x01, 0x08, 0x0d, 0x0f, 0x0e, 0x09, 0x01, 0x22, 0x01, 0x0c, 0x0f, 0x0b, 0x08,
    0x0a, 0x0f, 0x0d, 0x01, 0xc2, 0x07, 0x0f, 0x08, 0x38, 0x07, 0x0f, 0x07, 0xc2, 0x0d, 0x0e, 0x01,
    0x37, 0x0f, 0x0b, 0x55, 0x01, 0x0f, 0x0c, 0xdf, 0x01, 0x0f, 0x0b, 0xdf, 0x01, 0x0f, 0x0c, 0x1a,
    0x0d, 0x0e, 0x18, 0x0f, 0x0b, 0xc2, 0x07, 0x0f, 0x07, 0x38, 0x07, 0x0f, 0x06, 0xc2, 0x01, 0x0c,
    0x0f, 0x0b, 0x08, 0x0b, 0x0f, 0x0b, 0xb8, 0x01, 0x08, 0x0d, 0x0f, 0x0d, 0x08, 0x01, 0x10, 0x0d,
    0x24, 0x04, 0x01, 0xdf, 0x09, 0x0f, 0x0b, 0x00, 0x28, 0x06, 0x0e, 0x04, 0x0d, 0x09, 0xdd, 0x02,
    0x0b, 0x05, 0x00, 0x03, 0x0b, 0x04, 0xd2, 0x01, 0x08, 0x0d, 0x0f, 0x0e, 0x0c, 0x06, 0x22, 0x02,
    0x0d, 0x0f, 0x0c, 0x09, 0x09, 0x0d, 0x0f, 0x0a, 0xc2, 0x0c, 0x0f, 0x06, 0x37, 0x0b, 0x0f, 0x06,
    0x2c, 0x05, 0x0f, 0x0a, 0x18, 0x02, 0x0f, 0x0c, 0x2c, 0x0a, 0x0f, 0x04, 0x9d, 0x0d, 0x0f, 0x01,
    0x19, 0x0c, 0x0f, 0x02, 0xdf, 0x0c, 0x0f, 0x01, 0xdf, 0x0c, 0x0f, 0x01, 0xdf, 0x0c, 0x0f, 0x02,
    0xdf, 0x0a, 0x0f, 0x04, 0x9d, 0x0d, 0x0f, 0x01, 0x19, 0x05, 0x0f, 0x0a, 0x18, 0x02, 0x0f, 0x0c,
    0x55, 0x0d, 0x0f, 0x05, 0x37, 0x0b, 0x0f, 0x05, 0x55, 0x02, 0x0e, 0x0f, 0x0b, 0x08, 0x09, 0x0d,
    0x0f, 0x09, 0x22, 0x01, 0x09, 0x0d, 0x0f, 0x0e, 0x0c, 0x05, 0x10, 0x0a, 0x38, 0xa4, 0x01, 0x08,
    0x03, 0xdf, 0x0b, 0x0e, 0x0d, 0x01, 0x28, 0x09, 0x0d, 0x01, 0x0b, 0x0c, 0xdd, 0x02, 0x08, 0x03,
    0x00, 0x01, 0x07, 0x03, 0xd2, 0x01, 0x08, 0x0d, 0x0f, 0x0e, 0x09, 0x01, 0x22, 0x01, 0x0c, 0x0f,
    0x0b, 0x08, 0x0a, 0x0f, 0x0d, 0x01, 0xc2, 0x07, 0x0f, 0x08, 0x38, 0x07, 0x0f, 0x07, 0xc2, 0x0d,
    0x0e, 0x01, 0x37, 0x0f, 0x0b, 0x55, 0x01, 0x0f, 0x0c, 0xdf, 0x01, 0x0f, 0x0b, 0xdf, 0x01, 0x0f,
    0x0c, 0x1a, 0x0d, 0x0e, 0x18, 0x0f, 0x0b, 0xc2, 0x07, 0x0f, 0x07, 0x38, 0x07, 0x0f, 0x06, 0xc2,
    0x01, 0x0c, 0x0f, 0x0b, 0x08, 0x0b, 0x0f, 0x0b, 0xb8, 0x01, 0x08, 0x0d, 0x0f, 0x0d, 0x08, 0x01,
    0x10, 0x0d, 0xa9, 0x01, 0x04, 0x1a, 0x08, 0x0f, 0x07, 0xdf, 0x04, 0x0b, 0x03, 0x51, 0xd2, 0x01,
    0x08, 0x0d, 0x0f, 0x0e, 0x0c, 0x06, 0x22, 0x02, 0x0d, 0x0f, 0x0c, 0x09, 0x09, 0x0d, 0x0f, 0x0a,
    0xc2, 0x0c, 0x0f, 0x06, 0x37, 0x0b, 0x0f, 0x06, 0x2c, 0x05, 0x0f, 0x0a, 0x18, 0x02, 0x0f, 0x0c,
    0x2c, 0x0a, 0x0f, 0x04, 0x9d, 0x0d, 0x0f, 0x01, 0x19, 0x0c, 0x0f, 0x02, 0xdf, 0x0c, 0x0f, 0x01,
    0xdf, 0x0c, 0x0f, 0x01, 0xdf, 0x0c, 0x0f, 0x02, 0xdf, 0x0a, 0x0f, 0x04, 0x9d, 0x0d, 0x0f, 0x01,
    0x19, 0x05, 0x0f, 0x0a, 0x18, 0x02, 0x0f, 0x0c, 0x55, 0x0d, 0x0f, 0x05, 0x37, 0x0b, 0x0f, 0x05,
    0x55, 0x02, 0x0e, 0x0f, 0x0b, 0x08, 0x09, 0x0d, 0x0f, 0x09, 0x22, 0x01, 0x09, 0x0d, 0x0f, 0x0e,
    0x0c, 0x05, 0x10, 0x0a, 0x00, 0x97, 0x02, 0x08, 0x02, 0xdf, 0x09, 0x0f, 0x07, 0xdf, 0x02, 0x07,
    0x01, 0x51, 0xd2, 0x01, 0x08, 0x0d, 0x0f, 0x0e, 0x09, 0x01, 0x22, 0x01, 0x0c, 0x0f, 0x0b, 0x08,
    0x0a, 0x0f, 0x0d, 0x01, 0xc2, 0x07, 0x0f, 0x08, 0x38, 0x07, 0x0f, 0x07, 0xc2, 0x0d, 0x0e, 0x01,
    0x37, 0x0f, 0x0b, 0x55, 0x01, 0x0f, 0x0c, 0xdf, 0x01, 0x0f, 0x0b, 0xdf, 0x01, 0x0f, 0x0c, 0x1a,
    0x0d, 0x0e, 0x18, 0x0f, 0x0b, 0xc2, 0x07, 0x0f, 0x07, 0x38, 0x07, 0x0f, 0x06, 0xc2, 0x01, 0x0c,
    0x0f, 0x0b, 0x08, 0x0b, 0x0f, 0x0b, 0xb8, 0x01, 0x08, 0x0d, 0x0f, 0x0d, 0x08, 0x01, 0x10, 0x0d,
    0x94, 0x02, 0x04, 0x51, 0x01, 0x04, 0x01, 0xb8, 0x02, 0x0e, 0x08, 0x00, 0x0b, 0x0c, 0x01, 0xdd,
    0x04, 0x0f, 0x0b, 0x0e, 0x02, 0x00, 0x28, 0x05, 0x0b, 0x03, 0x51, 0xd2, 0x01, 0x08, 0x0d, 0x0f,
    0x0e, 0x0c, 0x06, 0x22, 0x02, 0x0d, 0x0f, 0x0c, 0x09, 0x09, 0x0d, 0x0f, 0x0a, 0xc2, 0x0c, 0x0f,
    0x06, 0x37, 0x0b, 0x0f, 0x06, 0x2c, 0x05, 0x0f, 0x0a, 0x18, 0x02, 0x0f, 0x0c, 0x2c, 0x0a, 0x0f,
    0x04, 0x9d, 0x0d, 0x0f, 0x01, 0x19, 0x0c, 0x0f, 0x02, 0xdf, 0x0c, 0x0f, 0x01, 0xdf, 0x0c, 0x0f,
    0x01, 0xdf, 0x0c, 0x0f, 0x02, 0xdf, 0x0a, 0x0f, 0x04, 0x9d, 0x0d, 0x0f, 0x01, 0x19, 0x05, 0x0f,
    0x0a, 0x18, 0x02, 0x0f, 0x0c, 0x55, 0x0d, 0x0f, 0x05, 0x37, 0x0b, 0x0f, 0x05, 0x55, 0x02, 0x0e,
    0x0f, 0x0b, 0x08, 0x09, 0x0d, 0x0f, 0x09, 0x22, 0x01, 0x09, 0x0d, 0x0f, 0x0e, 0x0c, 0x05, 0x10,
    0x0a, 0x00, 0xa4, 0x04, 0x07, 0x01, 0x00, 0x03, 0x08, 0x02, 0xb8, 0x01, 0x0c, 0x0b, 0x01, 0x0d,
    0x0a, 0x28, 0x02, 0x0e, 0x0e, 0x0c, 0xdf, 0x03, 0x07, 0x01, 0x51, 0xd2, 0x01, 0x08, 0x0d, 0x0f,
    0x0e, 0x09, 0x01, 0x22, 0x01, 0x0c, 0x0f, 0x0b, 0x08, 0x0a, 0x0f, 0x0d, 0x01, 0xc2, 0x07, 0x0f,
    0x08, 0x38, 0x07, 0x0f, 0x07, 0xc2, 0x0d, 0x0e, 0x01, 0x37, 0x0f, 0x0b, 0x55, 0x01, 0x0f, 0x0c,
    0xdf, 0x01, 0x0f, 0x0b, 0xdf, 0x01, 0x0f, 0x0c, 0x1a, 0x0d, 0x0e, 0x18, 0x0f, 0x0b, 0xc2, 0x07,
    0x0f, 0x07, 0x38, 0x07, 0x0f, 0x06, 0xc2, 0x01, 0x0c, 0x0f, 0x0b, 0x08, 0x0b, 0x0f, 0x0b, 0xb8,
    0x01, 0x08, 0x0d, 0x0f, 0x0d, 0x08, 0x01, 0x10, 0x0d, 0x94, 0x02, 0x04, 0x51, 0x01, 0x04, 0x01,
    0xb8, 0x02, 0x0e, 0x08, 0x00, 0x0b, 0x0c, 0x01, 0xdd, 0x04, 0x0f, 0x0b, 0x0e, 0x02, 0x00, 0x28,
    0x05, 0x0b, 0x03, 0xd2, 0x05, 0x0f, 0x0f, 0x0f, 0x0f, 0x0e, 0x0c, 0x06, 0x22, 0x05, 0x0f, 0x0c,
    0x08, 0x08, 0x09, 0x0d, 0x0f, 0x0c, 0x01, 0x55, 0x05, 0x0f, 0x08, 0x37, 0x07, 0x0f, 0x0c, 0x55,
    0x05, 0x0f, 0x08, 0x18, 0x0a, 0x0f, 0x05, 0x2c, 0x05, 0x0f, 0x08, 0x18, 0x03, 0x0f, 0x0a, 0x2c,
    0x05, 0x0f, 0x08, 0x9d, 0x0f, 0x0d, 0x2c, 0x05, 0x0f, 0x08, 0x9d, 0x0e, 0x0e, 0x2c, 0x05, 0x0f,
    0x08, 0x9d, 0x0e, 0x0e, 0x2c, 0x05, 0x0f, 0x08, 0x9d, 0x0f, 0x0d, 0x2c, 0x05, 0x0f, 0x08, 0x18,
    0x04, 0x0f, 0x0a, 0x2c, 0x05, 0x0f, 0x08, 0x18, 0x0a, 0x0f, 0x05, 0x2c, 0x05, 0x0f, 0x08, 0x37,
    0x08, 0x0f, 0x0c, 0x55, 0x05, 0x0f, 0x0c, 0x08, 0x08, 0x09, 0x0d, 0x0f, 0x0c, 0x01, 0x55, 0x05,
    0x0f, 0x0f, 0x0f, 0x0f, 0x0e, 0x0b, 0x06, 0x10, 0x0d, 0x51, 0x65, 0x0f, 0x0d, 0x00, 0x06, 0x0f,
    0x05, 0xdd, 0x0f, 0x0d, 0x00, 0x07, 0x0f, 0x04, 0xdd, 0x0f, 0x0d, 0x00, 0x0b, 0x0e, 0x01, 0xdd,
    0x0f, 0x0d, 0x00, 0x0a, 0x06, 0x2c, 0x01, 0x0a, 0x0e, 0x0f, 0x0c, 0x04, 0x0f, 0x0d, 0xc2, 0x01,
    0x0d, 0x0f, 0x0b, 0x08, 0x0b, 0x0f, 0x0f, 0x0d, 0xc2, 0x08, 0x0f, 0x09, 0x38, 0x05, 0x0f, 0x0d,
    0xc2, 0x0d, 0x0f, 0x01, 0x37, 0x0f, 0x0d, 0xc2, 0x0f, 0x0c, 0x18, 0x0f, 0x0d, 0x55, 0x01, 0x0f,
    0x0b, 0x18, 0x0f, 0x0d, 0xc2, 0x0f, 0x0c, 0x18, 0x0f, 0x0d, 0xc2, 0x0d, 0x0f, 0x01, 0x37, 0x0f,
    0x0d, 0xc2, 0x07, 0x0f, 0x09, 0x38, 0x06, 0x0f, 0x0d, 0xc2, 0x01, 0x0d, 0x0f, 0x0c, 0x08, 0x0b,
    0x0f, 0x0f, 0x0d, 0x22, 0x01, 0x0a, 0x0e, 0x0f, 0x0c, 0x04, 0x0d, 0x0d, 0x10, 0x0c, 0x51, 0x65,
    0x0f, 0x0d, 0x28, 0x04, 0x07, 0x07, 0x0f, 0x0e, 0x07, 0x05, 0xb8, 0x08, 0x0f, 0x0f, 0x0f, 0x0f,
    0x0f, 0x0a, 0x00, 0x28, 0x0f, 0x0d, 0x22, 0x01, 0x0a, 0x0e, 0x0f, 0x0c, 0x04, 0x0f, 0x0d, 0xc2,
    0x01, 0x0d, 0x0f, 0x0b, 0x08, 0x0b, 0x0f, 0x0f, 0x0d, 0xc2, 0x08, 0x0f, 0x09, 0x38, 0x05, 0x0f,
    0x0d, 0xc2, 0x0d, 0x0f, 0x01, 0x37, 0x0f, 0x0d, 0xc2, 0x0f, 0x0c, 0x18, 0x0f, 0x0d, 0x55, 0x01,
    0x0f, 0x0b, 0x18, 0x0f, 0x0d, 0xc2, 0x0f, 0x0c, 0x18, 0x0f, 0x0d, 0xc2, 0x0d, 0x0f, 0x01, 0x37,
    0x0f, 0x0d, 0xc2, 0x07, 0x0f, 0x09, 0x38, 0x06, 0x0f, 0x0d, 0xc2, 0x01, 0x0d, 0x0f, 0x0c, 0x08,
    0x0b, 0x0f, 0x0f, 0x0d, 0x22, 0x01, 0x0a, 0x0e, 0x0f, 0x0c, 0x04, 0x0d, 0x0d, 0x10, 0x0b, 0x00,
    0xaf, 0x01, 0x02, 0x02, 0x02, 0x02, 0x02, 0x02, 0xb8, 0x09, 0x0f, 0x0f, 0x0f, 0x0f, 0x0f, 0x0e,
    0xb8, 0x02, 0x04, 0x04, 0x04, 0x04, 0x04, 0x04, 0x3a, 0x05, 0x0f, 0x0f, 0x0f, 0x0f, 0x0f, 0x0f,
    0x0f, 0x0f, 0x09, 0x55, 0x05, 0x0f, 0x0c, 0x08, 0x08, 0x08, 0x08, 0x08, 0x08, 0x05, 0x55, 0x05,
    0x0f, 0x08, 0xdf, 0x05, 0x0f, 0x08, 0xdf, 0x05, 0x0f, 0x08, 0xdf, 0x05, 0x0f, 0x08, 0xdf, 0x05,
    0x0f, 0x0c, 0x08, 0x08, 0x08, 0x08, 0x08, 0x06, 0xc2, 0x05, 0x0f, 0x0f, 0x0f, 0x0f, 0x0f, 0x0f,
    0x0f, 0x0a, 0xc2, 0x05, 0x0f, 0x08, 0xdf, 0x05, 0x0f, 0x08, 0xdf, 0x05, 0x0f, 0x08, 0xdf, 0x05,
    0x0f, 0x08, 0xdf, 0x05, 0x0f, 0x0c, 0x08, 0x08, 0x08, 0x08, 0x08, 0x08, 0x06, 0x55, 0x05, 0x0f,
    0x0f, 0x0f, 0x0f, 0x0f, 0x0f, 0x0f, 0x0f, 0x0a, 0x10, 0x0b, 0x52, 0x4a, 0x04, 0x06, 0x06, 0x06,
    0x06, 0x06, 0x06, 0xb8, 0x09, 0x0f, 0x0f, 0x0f, 0x0f, 0x0f, 0x0e, 0x90, 0x07, 0x0d, 0x0f, 0x0e,
    0x09, 0x01, 0xb8, 0x0a, 0x0f, 0x0b, 0x08, 0x0a, 0x0f, 0x0c, 0x22, 0x06, 0x0f, 0x08, 0x38, 0x08,
    0x0f, 0x06, 0xc2, 0x0c, 0x0f, 0x01, 0x38, 0x01, 0x0f, 0x0a, 0x55, 0x01, 0x0f, 0x0e, 0x07, 0x07,
    0x07, 0x07, 0x07, 0x0f, 0x0d, 0x55, 0x01, 0x0f, 0x0f, 0x0f, 0x0f, 0x0f, 0x0f, 0x0f, 0x0f, 0x0d,
    0x55, 0x01, 0x0f, 0x0c, 0x1a, 0x0d, 0x0f, 0x01, 0xdf, 0x07, 0x0f, 0x09, 0x38, 0x01, 0x0a, 0x04,
    0x22, 0x0c, 0x0f, 0x0c, 0x08, 0x08, 0x0d, 0x0f, 0x04, 0xb8, 0x07, 0x0d, 0x0f, 0x0e, 0x0b, 0x03,
    0x10, 0x0b, 0x51, 0xaf, 0x0a, 0x0c, 0x51, 0x06, 0x0f, 0x01, 0xb8, 0x06, 0x0f, 0x05, 0x03, 0x0c,
    0x0b, 0x28, 0x08, 0x0e, 0x0f, 0x0b, 0x02, 0x3a, 0x05, 0x0f, 0x0f, 0x0f, 0x0f, 0x0f, 0x0f, 0x0f,
    0x0f, 0x09, 0x55, 0x05, 0x0f, 0x0c, 0x08, 0x08, 0x08, 0x08, 0x08, 0x08, 0x05, 0x55, 0x05, 0x0f,
    0x08, 0xdf, 0x05, 0x0f, 0x08, 0xdf, 0x05, 0x0f, 0x08, 0xdf, 0x05, 0x0f, 0x08, 0xdf, 0x05, 0x0f,
    0x0c, 0x08, 0x08, 0x08, 0x08, 0x08, 0x06, 0xc2, 0x05, 0x0f, 0x0f, 0x0f, 0x0f, 0x0f, 0x0f, 0x0f,
    0x0a, 0xc2, 0x05, 0x0f, 0x08, 0xdf, 0x05, 0x0f, 0x08, 0xdf, 0x05, 0x0f, 0x08, 0xdf, 0x05, 0x0f,
    0x08, 0xdf, 0x05, 0x0f, 0x0c, 0x08, 0x08, 0x08, 0x08, 0x08, 0x08, 0x06, 0x55, 0x05, 0x0f, 0x0f,
    0x0f, 0x0f, 0x0f, 0x0f, 0x0f, 0x0f, 0x0a, 0x10, 0x0b, 0x00, 0xa4, 0x03, 0x03, 0x51, 0x01, 0x04,
    0xdd, 0x0a, 0x0d, 0x51, 0x07, 0x0f, 0x01, 0xb8, 0x04, 0x0f, 0x09, 0x07, 0x0e, 0x09, 0x28, 0x04,
    0x0a, 0x0b, 0x07, 0xcb, 0x07, 0x0d, 0x0f, 0x0e, 0x09, 0x01, 0xb8, 0x0a, 0x0f, 0x0b, 0x08, 0x0a,
    0x0f, 0x0c, 0x22, 0x06, 0x0f, 0x08, 0x38, 0x08, 0x0f, 0x06, 0xc2, 0x0c, 0x0f, 0x01, 0x38, 0x01,
    0x0f, 0x0a, 0x55, 0x01, 0x0f, 0x0e, 0x07, 0x07, 0x07, 0x07, 0x07, 0x0f, 0x0d, 0x55, 0x01, 0x0f,
    0x0f, 0x0f, 0x0f, 0x0f, 0x0f, 0x0f, 0x0f, 0x0d, 0x55, 0x01, 0x0f, 0x0c, 0x1a, 0x0d, 0x0f, 0x01,
    0xdf, 0x07, 0x0f, 0x09, 0x38, 0x01, 0x0a, 0x04, 0x22, 0x0c, 0x0f, 0x0c, 0x08, 0x08, 0x0d, 0x0f,
    0x04, 0xb8, 0x07, 0x0d, 0x0f, 0x0e, 0x0b, 0x03, 0x10, 0x0b, 0xa9, 0x01, 0x04, 0x1a, 0x08, 0x0f,
    0x07, 0xdf, 0x04, 0x0b, 0x03, 0xd2, 0x05, 0x0f, 0x0f, 0x0f, 0x0f, 0x0f, 0x0f, 0x0f, 0x0f, 0x09,
    0x55, 0x05, 0x0f, 0x0c, 0x08, 0x08, 0x08, 0x08, 0x08, 0x08, 0x05, 0x55, 0x05, 0x0f, 0x08, 0xdf,
    0x05, 0x0f, 0x08, 0xdf, 0x05, 0x0f, 0x08, 0xdf, 0x05, 0x0f, 0x08, 0xdf, 0x05, 0x0f, 0x0c, 0x08,
    0x08, 0x08, 0x08, 0x08, 0x06, 0xc2, 0x05, 0x0f, 0x0f, 0x0f, 0x0f, 0x0f, 0x0f, 0x0f, 0x0a, 0xc2,
    0x05, 0x0f, 0x08, 0xdf, 0x05, 0x0f, 0x08, 0xdf, 0x05, 0x0f, 0x08, 0xdf, 0x05, 0x0f, 0x08, 0xdf,
    0x05, 0x0f, 0x0c, 0x08, 0x08, 0x08, 0x08, 0x08, 0x08, 0x06, 0x55, 0x05, 0x0f, 0x0f, 0x0f, 0x0f,
    0x0f, 0x0f, 0x0f, 0x0f, 0x0a, 0x10, 0x0b, 0x00, 0x97, 0x02, 0x08, 0x02, 0xdf, 0x09, 0x0f, 0x07,
    0xdf, 0x02, 0x07, 0x01, 0xcb, 0x07, 0x0d, 0x0f, 0x0e, 0x09, 0x01, 0xb8, 0x0a, 0x0f, 0x0b, 0x08,
    0x0a, 0x0f, 0x0c, 0x22, 0x06, 0x0f, 0x08, 0x38, 0x08, 0x0f, 0x06, 0xc2, 0x0c, 0x0f, 0x01, 0x38,
    0x01, 0x0f, 0x0a, 0x55, 0x01, 0x0f, 0x0e, 0x07, 0x07, 0x07, 0x07, 0x07, 0x0f, 0x0d, 0x55, 0x01,
    0x0f, 0x0f, 0x0f, 0x0f, 0x0f, 0x0f, 0x0f, 0x0f, 0x0d, 0x55, 0x01, 0x0f, 0x0c, 0x1a, 0x0d, 0x0f,
    0x01, 0xdf, 0x07, 0x0f, 0x09, 0x38, 0x01, 0x0a, 0x04, 0x22, 0x0c, 0x0f, 0x0c, 0x08, 0x08, 0x0d,
    0x0f, 0x04, 0xb8, 0x07, 0x0d, 0x0f, 0x0e, 0x0b, 0x03, 0x10, 0x0b, 0x00, 0x7d, 0x05, 0x0f, 0x0f,
    0x0f, 0x0f, 0x0f, 0x0f, 0x0f, 0x0f, 0x09, 0x55, 0x05, 0x0f, 0x0c, 0x08, 0x08, 0x08, 0x08, 0x08,
    0x08, 0x05, 0x55, 0x05, 0x0f, 0x08, 0xdf, 0x05, 0x0f, 0x08, 0xdf, 0x05, 0x0f, 0x08, 0xdf, 0x05,
    0x0f, 0x08, 0xdf, 0x05, 0x0f, 0x0f, 0x0f, 0x0f, 0x0f, 0x0f, 0x0f, 0x0a, 0xc2, 0x05, 0x0f, 0x0c,
    0x08, 0x08, 0x08, 0x08, 0x08, 0x06, 0xc2, 0x05, 0x0f, 0x08, 0xdf, 0x05, 0x0f, 0x08, 0xdf, 0x05,
    0x0f, 0x08, 0xdf, 0x05, 0x0f, 0x08, 0xdf, 0x05, 0x0f, 0x0c, 0x08, 0x08, 0x08, 0x08, 0x08, 0x08,
    0x06, 0x55, 0x05, 0x0f, 0x0f, 0x0f, 0x0f, 0x0f, 0x0f, 0x0f, 0x0f, 0x0a, 0x00, 0x28, 0x06, 0x0e,
    0x05, 0x00, 0x28, 0x02, 0x0f, 0x07, 0xdf, 0x03, 0x0f, 0x0a, 0x06, 0x01, 0x00, 0x28, 0x0a, 0x0f,
    0x0d, 0x01, 0x10, 0x0b, 0x37, 0x7e, 0x07, 0x0d, 0x0f, 0x0d, 0x08, 0x01, 0xb8, 0x0a, 0x0f, 0x0b,
    0x08, 0x0b, 0x0f, 0x0b, 0x22, 0x06, 0x0f, 0x08, 0x38, 0x09, 0x0f, 0x05, 0xc2, 0x0c, 0x0f, 0x01,
    0x38, 0x02, 0x0f, 0x0a, 0x55, 0x01, 0x0f, 0x0c, 0x18, 0x0f, 0x0c, 0x55, 0x01, 0x0f, 0x0f, 0x0f,
    0x0f, 0x0f, 0x0f, 0x0f, 0x0f, 0x0d, 0x55, 0x01, 0x0f, 0x0d, 0x07, 0x07, 0x07, 0x07, 0x07, 0x07,
    0x06, 0xc2, 0x0d, 0x0f, 0x01, 0xdf, 0x07, 0x0f, 0x09, 0x38, 0x01, 0x0a, 0x04, 0x22, 0x0c, 0x0f,
    0x0c, 0x08, 0x08, 0x0d, 0x0f, 0x04, 0xb8, 0x07, 0x0d, 0x0f, 0x0f, 0x0d, 0x03, 0x00, 0x28, 0x0b,
    0x0d, 0x01, 0x00, 0x28, 0x03, 0x0f, 0x05, 0xdf, 0x04, 0x0f, 0x0a, 0x07, 0xdf, 0x0a, 0x0f, 0x0d,
    0x01, 0x10, 0x0b, 0x94, 0x02, 0x04, 0x51, 0x01, 0x04, 0x01, 0xb8, 0x02, 0x0e, 0x08, 0x00, 0x0b,
    0x0c, 0x01, 0xdd, 0x04, 0x0f, 0x0b, 0x0e, 0x02, 0x00, 0x28, 0x05, 0x0b, 0x03, 0xd2, 0x05, 0x0f,
    0x0f, 0x0f, 0x0f, 0x0f, 0x0f, 0x0f, 0x0f, 0x09, 0x55, 0x05, 0x0f, 0x0c, 0x08, 0x08, 0x08, 0x08,
    0x08, 0x08, 0x05, 0x55, 0x05, 0x0f, 0x08, 0xdf, 0x05, 0x0f, 0x08, 0xdf, 0x05, 0x0f, 0x08, 0xdf,
    0x05, 0x0f, 0x08, 0xdf, 0x05, 0x0f, 0x0c, 0x08, 0x08, 0x08, 0x08, 0x08, 0x06, 0xc2, 0x05, 0x0f,
    0x0f, 0x0f, 0x0f, 0x0f, 0x0f, 0x0f, 0x0a, 0xc2, 0x05, 0x0f, 0x08, 0xdf, 0x05, 0x0f, 0x08, 0xdf,
    0x05, 0x0f, 0x08, 0xdf, 0x05, 0x0f, 0x08, 0xdf, 0x05, 0x0f, 0x0c, 0x08, 0x08, 0x08, 0x08, 0x08,
    0x08, 0x06, 0x55, 0x05, 0x0f, 0x0f, 0x0f, 0x0f, 0x0f, 0x0f, 0x0f, 0x0f, 0x0a, 0x10, 0x0b, 0x00,
    0xa4, 0x04, 0x07, 0x01, 0x00, 0x03, 0x08, 0x02, 0xb8, 0x01, 0x0c, 0x0b, 0x01, 0x0d, 0x0a, 0x28,
    0x02, 0x0e, 0x0e, 0x0c, 0xdf, 0x03, 0x07, 0x01, 0xcb, 0x07, 0x0d, 0x0f, 0x0e, 0x09, 0x01, 0xb8,
    0x0a, 0x0f, 0x0b, 0x08, 0x0a, 0x0f, 0x0c, 0x22, 0x06, 0x0f, 0x08, 0x38, 0x08, 0x0f, 0x06, 0xc2,
    0x0c, 0x0f, 0x01, 0x38, 0x01, 0x0f, 0x0a, 0x55, 0x01, 0x0f, 0x0e, 0x07, 0x07, 0x07, 0x07, 0x07,
    0x0f, 0x0d, 0x55, 0x01, 0x0f, 0x0f, 0x0f, 0x0f, 0x0f, 0x0f, 0x0f, 0x0f, 0x0d, 0x55, 0x01, 0x0f,
    0x0c, 0x1a, 0x0d, 0x0f, 0x01, 0xdf, 0x07, 0x0f, 0x09, 0x38, 0x01, 0x0a, 0x04, 0x22, 0x0c, 0x0f,
    0x0c, 0x08, 0x08, 0x0d, 0x0f, 0x04, 0xb8, 0x07, 0x0d, 0x0f, 0x0e, 0x0b, 0x03, 0x10, 0x0e, 0x24,
    0x04, 0x01, 0xdf, 0x09, 0x0f, 0x0b, 0x00, 0x28, 0x06, 0x0e, 0x04, 0x0d, 0x09, 0xdd, 0x02, 0x0b,
    0x05, 0x00, 0x03, 0x0b, 0x04, 0xd2, 0x01, 0x08, 0x0d, 0x0f, 0x0f, 0x0d, 0x08, 0x01, 0xc2, 0x03,
    0x0e, 0x0f, 0x0c, 0x09, 0x09, 0x0c, 0x0f, 0x0d, 0x02, 0x55, 0x0d, 0x0f, 0x06, 0x37, 0x08, 0x0f,
    0x0a, 0x2c, 0x05, 0x0f, 0x0a, 0x9d, 0x0d, 0x0f, 0x01, 0x19, 0x09, 0x0f, 0x05, 0xdf, 0x0c, 0x0f,
    0x02, 0xdf, 0x0c, 0x0f, 0x01, 0x38, 0x08, 0x08, 0x08, 0x08, 0x08, 0x01, 0x19, 0x0c, 0x0f, 0x01,
    0x38, 0x0f, 0x0f, 0x0f, 0x0f, 0x0f, 0x02, 0x19, 0x0b, 0x0f, 0x02, 0x9d, 0x0b, 0x0f, 0x02, 0x19,
    0x09, 0x0f, 0x05, 0x9d, 0x0b, 0x0f, 0x02, 0x19, 0x04, 0x0f, 0x0c, 0x9d, 0x0b, 0x0f, 0x02, 0x2c,
    0x0b, 0x0f, 0x08, 0x37, 0x01, 0x0d, 0x0f, 0x02, 0x2c, 0x01, 0x0c, 0x0f, 0x0d, 0x09, 0x08, 0x0a,
    0x0e, 0x0f, 0x09, 0x22, 0x07, 0x0c, 0x0e, 0x0f, 0x0e, 0x0b, 0x04, 0x10, 0x0b, 0x38, 0xa4, 0x01,
    0x08, 0x03, 0xdf, 0x0b, 0x0e, 0x0d, 0x01, 0x28, 0x09, 0x0d, 0x01, 0x0b, 0x0c, 0xdd, 0x02, 0x08,
    0x03, 0x00, 0x01, 0x07, 0x03, 0xd2, 0x01, 0x0a, 0x0e, 0x0f, 0x0c, 0x04, 0x0c, 0x0d, 0xc2, 0x01,
    0x0d, 0x0f, 0x0b, 0x08, 0x0b, 0x0f, 0x0f, 0x0d, 0xc2, 0x08, 0x0f, 0x09, 0x38, 0x05, 0x0f, 0x0d,
    0xc2, 0x0c, 0x0f, 0x01, 0x37, 0x0f, 0x0d, 0xc2, 0x0f, 0x0c, 0x18, 0x0e, 0x0d, 0x55, 0x01, 0x0f,
    0x0b, 0x18, 0x0e, 0x0d, 0xc2, 0x0f, 0x0c, 0x18, 0x0e, 0x0d, 0xc2, 0x0c, 0x0f, 0x01, 0x37, 0x0f,
    0x0d, 0xc2, 0x07, 0x0f, 0x09, 0x38, 0x06, 0x0f, 0x0d, 0xc2, 0x01, 0x0d, 0x0f, 0x0c, 0x08, 0x0b,
    0x0f, 0x0f, 0x0d, 0x22, 0x01, 0x0a, 0x0e, 0x0f, 0x0c, 0x04, 0x0e, 0x0d, 0xdf, 0x01, 0x0f, 0x0c,
    0xc2, 0x01, 0x0a, 0x01, 0x38, 0x08, 0x0f, 0x07, 0xc2, 0x04, 0x0f, 0x0e, 0x09, 0x08, 0x0b, 0x0f,
    0x0d, 0x01, 0x22, 0x02, 0x09, 0x0e, 0x0f, 0x0d, 0x08, 0x01, 0x10, 0x0e, 0x51, 0xaf, 0x0a, 0x0c,
    0x51, 0x06, 0x0f, 0x01, 0xb8, 0x06, 0x0f, 0x05, 0x03, 0x0c, 0x0b, 0x28, 0x08, 0x0e, 0x0f, 0x0b,
    0x02, 0x00, 0xd2, 0x01, 0x08, 0x0d, 0x0f, 0x0f, 0x0d, 0x08, 0x01, 0xc2, 0x03, 0x0e, 0x0f, 0x0c,
    0x09, 0x09, 0x0c, 0x0f, 0x0d, 0x02, 0x55, 0x0d, 0x0f, 0x06, 0x37, 0x08, 0x0f, 0x0a, 0x2c, 0x05,
    0x0f, 0x0a, 0x9d, 0x0d, 0x0f, 0x01, 0x19, 0x09, 0x0f, 0x05, 0xdf, 0x0c, 0x0f, 0x02, 0xdf, 0x0c,
    0x0f, 0x01, 0x38, 0x08, 0x08, 0x08, 0x08, 0x08, 0x01, 0x19, 0x0c, 0x0f, 0x01, 0x38, 0x0f, 0x0f,
    0x0f, 0x0f, 0x0f, 0x02, 0x19, 0x0b, 0x0f, 0x02, 0x9d, 0x0b, 0x0f, 0x02, 0x19, 0x09, 0x0f, 0x05,
    0x9d, 0x0b, 0x0f, 0x02, 0x19, 0x04, 0x0f, 0x0c, 0x9d, 0x0b, 0x0f, 0x02, 0x2c, 0x0b, 0x0f, 0x08,
    0x37, 0x01, 0x0d, 0x0f, 0x02, 0x2c, 0x01, 0x0c, 0x0f, 0x0d, 0x09, 0x08, 0x0a, 0x0e, 0x0f, 0x09,
    0x22, 0x07, 0x0c, 0x0e, 0x0f, 0x0e, 0x0b, 0x04, 0x10, 0x0b, 0x00, 0xa4, 0x03, 0x03, 0x51, 0x01,
    0x04, 0xdd, 0x0a, 0x0d, 0x51, 0x07, 0x0f, 0x01, 0xb8, 0x04, 0x0f, 0x09, 0x07, 0x0e, 0x09, 0x28,
    0x04, 0x0a, 0x0b, 0x07, 0x51, 0xd2, 0x01, 0x0a, 0x0e, 0x0f, 0x0c, 0x04, 0x0c, 0x0d, 0xc2, 0x01,
    0x0d, 0x0f, 0x0b, 0x08, 0x0b, 0x0f, 0x0f, 0x0d, 0xc2, 0x08, 0x0f, 0x09, 0x38, 0x05, 0x0f, 0x0d,
    0xc2, 0x0c, 0x0f, 0x01, 0x37, 0x0f, 0x0d, 0xc2, 0x0f, 0x0c, 0x18, 0x0e, 0x0d, 0x55, 0x01, 0x0f,
    0x0b, 0x18, 0x0e, 0x0d, 0xc2, 0x0f, 0x0c, 0x18, 0x0e, 0x0d, 0xc2, 0x0c, 0x0f, 0x01, 0x37, 0x0f,
    0x0d, 0xc2, 0x07, 0x0f, 0x09, 0x38, 0x06, 0x0f, 0x0d, 0xc2, 0x01, 0x0d, 0x0f, 0x0c, 0x08, 0x0b,
    0x0f, 0x0f, 0x0d, 0x22, 0x01, 0x0a, 0x0e, 0x0f, 0x0c, 0x04, 0x0e, 0x0d, 0xdf, 0x01, 0x0f, 0x0c,
    0xc2, 0x01, 0x0a, 0x01, 0x38, 0x08, 0x0f, 0x07, 0xc2, 0x04, 0x0f, 0x0e, 0x09, 0x08, 0x0b, 0x0f,
    0x0d, 0x01, 0x22, 0x02, 0x09, 0x0e, 0x0f, 0x0d, 0x08, 0x01, 0x10, 0x0e, 0xa9, 0x01, 0x04, 0x1a,
    0x08, 0x0f, 0x07, 0xdf, 0x04, 0x0b, 0x03, 0x51, 0xd2, 0x01, 0x08, 0x0d, 0x0f, 0x0f, 0x0d, 0x08,
    0x01, 0xc2, 0x03, 0x0e, 0x0f, 0x0c, 0x09, 0x09, 0x0c, 0x0f, 0x0d, 0x02, 0x55, 0x0d, 0x0f, 0x06,
    0x37, 0x08, 0x0f, 0x0a, 0x2c, 0x05, 0x0f, 0x0a, 0x9d, 0x0d, 0x0f, 0x01, 0x19, 0x09, 0x0f, 0x05,
    0xdf, 0x0c, 0x0f, 0x02, 0xdf, 0x0c, 0x0f, 0x01, 0x38, 0x08, 0x08, 0x08, 0x08, 0x08, 0x01, 0x19,
    0x0c, 0x0f, 0x01, 0x38, 0x0f, 0x0f, 0x0f, 0x0f, 0x0f, 0x02, 0x19, 0x0b, 0x0f, 0x02, 0x9d, 0x0b,
    0x0f, 0x02, 0x19, 0x09, 0x0f, 0x05, 0x9d, 0x0b, 0x0f, 0x02, 0x19, 0x04, 0x0f, 0x0c, 0x9d, 0x0b,
    0x0f, 0x02, 0x2c, 0x0b, 0x0f, 0x08, 0x37, 0x01, 0x0d, 0x0f, 0x02, 0x2c, 0x01, 0x0c, 0x0f, 0x0d,
    0x09, 0x08, 0x0a, 0x0e, 0x0f, 0x09, 0x22, 0x07, 0x0c, 0x0e, 0x0f, 0x0e, 0x0b, 0x04, 0x10, 0x0b,
    0x00, 0x97, 0x02, 0x08, 0x02, 0xdf, 0x09, 0x0f, 0x07, 0xdf, 0x02, 0x07, 0x01, 0x51, 0xd2, 0x01,
    0x0a, 0x0e, 0x0f, 0x0c, 0x04, 0x0c, 0x0d, 0xc2, 0x01, 0x0d, 0x0f, 0x0b, 0x08, 0x0b, 0x0f, 0x0f,
    0x0d, 0xc2, 0x08, 0x0f, 0x09, 0x38, 0x05, 0x0f, 0x0d, 0xc2, 0x0c, 0x0f, 0x01, 0x37, 0x0f, 0x0d,
    0xc2, 0x0f, 0x0c, 0x18, 0x0e, 0x0d, 0x55, 0x01, 0x0f, 0x0b, 0x18, 0x0e, 0x0d, 0xc2, 0x0f, 0x0c,
    0x18, 0x0e, 0x0d, 0xc2, 0x0c, 0x0f, 0x01, 0x37, 0x0f, 0x0d, 0xc2, 0x07, 0x0f, 0x09, 0x38, 0x06,
    0x0f, 0x0d, 0xc2, 0x01, 0x0d, 0x0f, 0x0c, 0x08, 0x0b, 0x0f, 0x0f, 0x0d, 0x22, 0x01, 0x0a, 0x0e,
    0x0f, 0x0c, 0x04, 0x0e, 0x0d, 0xdf, 0x01, 0x0f, 0x0c, 0xc2, 0x01, 0x0a, 0x01, 0x38, 0x08, 0x0f,
    0x07, 0xc2, 0x04, 0x0f, 0x0e, 0x09, 0x08, 0x0b, 0x0f, 0x0d, 0x01, 0x22, 0x02, 0x09, 0x0e, 0x0f,
    0x0d, 0x08, 0x01, 0x10, 0x0e, 0x38, 0x7d, 0x01, 0x08, 0x0d, 0x0f, 0x0f, 0x0d, 0x08, 0x01, 0xc2,
    0x03, 0x0e, 0x0f, 0x0c, 0x09, 0x09, 0x0c, 0x0f, 0x0d, 0x02, 0x55, 0x0d, 0x0f, 0x06, 0x37, 0x08,
    0x0f, 0x0a, 0x2c, 0x05, 0x0f, 0x0a, 0x9d, 0x0d, 0x0f, 0x01, 0x19, 0x09, 0x0f, 0x05, 0xdf, 0x0c,
    0x0f, 0x02, 0xdf, 0x0c, 0x0f, 0x01, 0x38, 0x08, 0x08, 0x08, 0x08, 0x08, 0x01, 0x19, 0x0c, 0x0f,
    0x01, 0x38, 0x0f, 0x0f, 0x0f, 0x0f, 0x0f, 0x02, 0x19, 0x0b, 0x0f, 0x02, 0x9d, 0x0b, 0x0f, 0x02,
    0x19, 0x09, 0x0f, 0x05, 0x9d, 0x0b, 0x0f, 0x02, 0x19, 0x04, 0x0f, 0x0c, 0x9d, 0x0b, 0x0f, 0x02,
    0x2c, 0x0b, 0x0f, 0x08, 0x37, 0x01, 0x0d, 0x0f, 0x02, 0x2c, 0x01, 0x0c, 0x0f, 0x0d, 0x09, 0x08,
    0x0a, 0x0e, 0x0f, 0x09, 0x22, 0x07, 0x0c, 0x0e, 0x0f, 0x0e, 0x0b, 0x04, 0x51, 0xd2, 0x06, 0x0f,
    0x05, 0xdf, 0x07, 0x0f, 0x04, 0xdf, 0x0b, 0x0e, 0x01, 0xdf, 0x0a, 0x06, 0x10, 0x0b, 0xde, 0x02,
    0x02, 0x1a, 0x0d, 0x0c, 0xdf, 0x05, 0x0f, 0x07, 0xdf, 0x07, 0x0f, 0x06, 0xdf, 0x03, 0x08, 0x03,
    0x51, 0xd2, 0x01, 0x0a, 0x0e, 0x0f, 0x0c, 0x04, 0x0c, 0x0d, 0xc2, 0x01, 0x0d, 0x0f, 0x0b, 0x08,
    0x0b, 0x0f, 0x0f, 0x0d, 0xc2, 0x08, 0x0f, 0x09, 0x38, 0x05, 0x0f, 0x0d, 0xc2, 0x0c, 0x0f, 0x01,
    0x37, 0x0f, 0x0d, 0xc2, 0x0f, 0x0c, 0x18, 0x0e, 0x0d, 0x55, 0x01, 0x0f, 0x0b, 0x18, 0x0e, 0x0d,
    0xc2, 0x0f, 0x0c, 0x18, 0x0e, 0x0d, 0xc2, 0x0c, 0x0f, 0x01, 0x37, 0x0f, 0x0d, 0xc2, 0x07, 0x0f,
    0x09, 0x38, 0x06, 0x0f, 0x0d, 0xc2, 0x01, 0x0d, 0x0f, 0x0c, 0x08, 0x0b, 0x0f, 0x0f, 0x0d, 0x22,
    0x01, 0x0a, 0x0e, 0x0f, 0x0c, 0x04, 0x0e, 0x0d, 0xdf, 0x01, 0x0f, 0x0c, 0xc2, 0x01, 0x0a, 0x01,
    0x38, 0x08, 0x0f, 0x07, 0xc2, 0x04, 0x0f, 0x0e, 0x09, 0x08, 0x0b, 0x0f, 0x0d, 0x01, 0x22, 0x02,
    0x09, 0x0e, 0x0f, 0x0d, 0x08, 0x01, 0x10, 0x0e, 0x24, 0x04, 0x01, 0xdf, 0x09, 0x0f, 0x0b, 0x00,
    0x28, 0x06, 0x0e, 0x04, 0x0d, 0x09, 0xdd, 0x02, 0x0b, 0x05, 0x00, 0x03, 0x0b, 0x04, 0x2e, 0x05,
    0x0f, 0x08, 0x9d, 0x04, 0x0f, 0x09, 0x19, 0x05, 0x0f, 0x08, 0x9d, 0x04, 0x0f, 0x09, 0x19, 0x05,
    0x0f, 0x08, 0x9d, 0x04, 0x0f, 0x09, 0x19, 0x05, 0x0f, 0x08, 0x9d, 0x04, 0x0f, 0x09, 0x19, 0x05,
    0x0f, 0x08, 0x9d, 0x04, 0x0f, 0x09, 0x19, 0x05, 0x0f, 0x08, 0x9d, 0x04, 0x0f, 0x09, 0x19, 0x05,
    0x0f, 0x0c, 0x08, 0x08, 0x08, 0x08, 0x08, 0x08, 0x0a, 0x0f, 0x09, 0x19, 0x05, 0x0f, 0x0f, 0x0f,
    0x0f, 0x0f, 0x0f, 0x0f, 0x0f, 0x0f, 0x0f, 0x09, 0x19, 0x05, 0x0f, 0x08, 0x9d, 0x04, 0x0f, 0x09,
    0x19, 0x05, 0x0f, 0x08, 0x9d, 0x04, 0x0f, 0x09, 0x19, 0x05, 0x0f, 0x08, 0x9d, 0x04, 0x0f, 0x09,
    0x19, 0x05, 0x0f, 0x08, 0x9d, 0x04, 0x0f, 0x09, 0x19, 0x05, 0x0f, 0x08, 0x9d, 0x04, 0x0f, 0x09,
    0x19, 0x05, 0x0f, 0x08, 0x9d, 0x04, 0x0f, 0x09, 0x10, 0x0b, 0x94, 0x06, 0x0f, 0x08, 0x00, 0x28,
    0x03, 0x0f, 0x08, 0x0f, 0x06, 0xdd, 0x02, 0x0e, 0x08, 0x00, 0x05, 0x0f, 0x04, 0xd2, 0x09, 0x0f,
    0x03, 0xdf, 0x09, 0x0f, 0x03, 0xdf, 0x09, 0x0f, 0x03, 0xdf, 0x09, 0x0f, 0x03, 0xdf, 0x09, 0x0f,
    0x04, 0x09, 0x0e, 0x0f, 0x0c, 0x05, 0x22, 0x09, 0x0f, 0x0e, 0x0d, 0x09, 0x0a, 0x0f, 0x0f, 0x03,
    0xc2, 0x09, 0x0f, 0x0a, 0x38, 0x06, 0x0f, 0x08, 0xc2, 0x09, 0x0f, 0x03, 0x38, 0x02, 0x0f, 0x0a,
    0xc2, 0x09, 0x0f, 0x03, 0x38, 0x02, 0x0f, 0x0a, 0xc2, 0x09, 0x0f, 0x03, 0x38, 0x02, 0x0f, 0x0a,
    0xc2, 0x09, 0x0f, 0x03, 0x38, 0x02, 0x0f, 0x0a, 0xc2, 0x09, 0x0f, 0x03, 0x38, 0x02, 0x0f, 0x0a,
    0xc2, 0x09, 0x0f, 0x03, 0x38, 0x02, 0x0f, 0x0a, 0xc2, 0x09, 0x0f, 0x03, 0x38, 0x02, 0x0f, 0x0a,
    0xc2, 0x09, 0x0f, 0x03, 0x38, 0x02, 0x0f, 0x0a, 0x10, 0x0e, 0x00, 0x7d, 0x06, 0x0f, 0x07, 0x9d,
    0x05, 0x0f, 0x08, 0x19, 0x06, 0x0f, 0x07, 0x9d, 0x05, 0x0f, 0x08, 0x19, 0x06, 0x0f, 0x07, 0x9d,
    0x05, 0x0f, 0x08, 0x41, 0x04, 0x0a, 0x0f, 0x0a, 0x06, 0x06, 0x06, 0x06, 0x06, 0x06, 0x09, 0x0f,
    0x0b, 0x05, 0x66, 0x0b, 0x0f, 0x0f, 0x0f, 0x0f, 0x0f, 0x0f, 0x0f, 0x0f, 0x0f, 0x0f, 0x0f, 0x0f,
    0x0d, 0x41, 0x06, 0x0f, 0x07, 0x9d, 0x05, 0x0f, 0x08, 0x19, 0x06, 0x0f, 0x0b, 0x08, 0x08, 0x08,
    0x08, 0x08, 0x08, 0x0b, 0x0f, 0x08, 0x19, 0x06, 0x0f, 0x0f, 0x0f, 0x0f, 0x0f, 0x0f, 0x0f, 0x0f,
    0x0f, 0x0f, 0x08, 0x19, 0x06, 0x0f, 0x07, 0x9d, 0x05, 0x0f, 0x08, 0x19, 0x06, 0x0f, 0x07, 0x9d,
    0x05, 0x0f, 0x08, 0x19, 0x06, 0x0f, 0x07, 0x9d, 0x05, 0x0f, 0x08, 0x19, 0x06, 0x0f, 0x07, 0x9d,
    0x05, 0x0f, 0x08, 0x19, 0x06, 0x0f, 0x07, 0x9d, 0x05, 0x0f, 0x08, 0x19, 0x06, 0x0f, 0x07, 0x9d,
    0x05, 0x0f, 0x08, 0x10, 0x0b, 0x4c, 0x4a, 0x05, 0x0f, 0x07, 0x00, 0x28, 0x07, 0x0a, 0x0f, 0x0b,
    0x07, 0x07, 0x02, 0xb8, 0x0f, 0x0f, 0x0f, 0x0f, 0x0f, 0x0f, 0x04, 0xdd, 0x05, 0x0f, 0x07, 0xdf,
    0x05, 0x0f, 0x07, 0x06, 0x0d, 0x0f, 0x0e, 0x08, 0x22, 0x05, 0x0f, 0x0e, 0x0e, 0x09, 0x09, 0x0e,
    0x0f, 0x07, 0xc2, 0x05, 0x0f, 0x0d, 0x02, 0x51, 0x02, 0x0f, 0x0d, 0xc2, 0x05, 0x0f, 0x08, 0x37,
    0x0d, 0x0f, 0xc2, 0x05, 0x0f, 0x07, 0x37, 0x0c, 0x0f, 0xc2, 0x05, 0x0f, 0x07, 0x37, 0x0c, 0x0f,
    0xc2, 0x05, 0x0f, 0x07, 0x37, 0x0c, 0x0f, 0xc2, 0x05, 0x0f, 0x07, 0x37, 0x0c, 0x0f, 0xc2, 0x05,
    0x0f, 0x07, 0x37, 0x0c, 0x0f, 0xc2, 0x05, 0x0f, 0x07, 0x37, 0x0c, 0x0f, 0xc2, 0x05, 0x0f, 0x07,
    0x37, 0x0c, 0x0f, 0x10, 0x05, 0xe4, 0x01, 0x03, 0x38, 0x04, 0xb8, 0x02, 0x0e, 0x0f, 0x09, 0x00,
    0x04, 0x0f, 0x01, 0x22, 0x09, 0x0c, 0x03, 0x0c, 0x0c, 0x0d, 0x0b, 0xb8, 0x09, 0x05, 0x00, 0x01,
    0x09, 0x0a, 0x02, 0x51, 0xd2, 0x03, 0x0f, 0x0a, 0xdf, 0x03, 0x0f, 0x0a, 0xdf, 0x03, 0x0f, 0x0a,
    0xdf, 0x03, 0x0f, 0x0a, 0xdf, 0x03, 0x0f, 0x0a, 0xdf, 0x03, 0x0f, 0x0a, 0xdf, 0x03, 0x0f, 0x0a,
    0xdf, 0x03, 0x0f, 0x0a, 0xdf, 0x03, 0x0f, 0x0a, 0xdf, 0x03, 0x0f, 0x0a, 0xdf, 0x03, 0x0f, 0x0a,
    0xdf, 0x03, 0x0f, 0x0a, 0xdf, 0x03, 0x0f, 0x0a, 0xdf, 0x03, 0x0f, 0x0a, 0x10, 0x05, 0x6a, 0x07,
    0x0a, 0x03, 0x00, 0x02, 0x0b, 0x01, 0x22, 0x06, 0x0f, 0x0a, 0x0d, 0x04, 0x08, 0x0e, 0xb8, 0x0b,
    0x08, 0x00, 0x05, 0x0f, 0x0f, 0x06, 0xb8, 0x03, 0x02, 0x51, 0x02, 0x02, 0xcb, 0x07, 0x0f, 0x05,
    0xdf, 0x07, 0x0f, 0x05, 0xdf, 0x07, 0x0f, 0x05, 0xdf, 0x07, 0x0f, 0x05, 0xdf, 0x07, 0x0f, 0x05,
    0xdf, 0x07, 0x0f, 0x05, 0xdf, 0x07, 0x0f, 0x05, 0xdf, 0x07, 0x0f, 0x05, 0xdf, 0x07, 0x0f, 0x05,
    0xdf, 0x07, 0x0f, 0x05, 0xdf, 0x07, 0x0f, 0x05, 0x10, 0x05, 0x46, 0x01, 0x02, 0x02, 0x02, 0x02,
    0x02, 0x02, 0xb8, 0x09, 0x0f, 0x0f, 0x0f, 0x0f, 0x0f, 0x0e, 0xb8, 0x02, 0x04, 0x04, 0x04, 0x04,
    0x04, 0x04, 0x51, 0xd2, 0x03, 0x0f, 0x0a, 0xdf, 0x03, 0x0f, 0x0a, 0xdf, 0x03, 0x0f, 0x0a, 0xdf,
    0x03, 0x0f, 0x0a, 0xdf, 0x03, 0x0f, 0x0a, 0xdf, 0x03, 0x0f, 0x0a, 0xdf, 0x03, 0x0f, 0x0a, 0xdf,
    0x03, 0x0f, 0x0a, 0xdf, 0x03, 0x0f, 0x0a, 0xdf, 0x03, 0x0f, 0x0a, 0xdf, 0x03, 0x0f, 0x0a, 0xdf,
    0x03, 0x0f, 0x0a, 0xdf, 0x03, 0x0f, 0x0a, 0xdf, 0x03, 0x0f, 0x0a, 0x10, 0x05, 0x18, 0x4a, 0x06,
    0x0a, 0x0a, 0x0a, 0x0a, 0x0a, 0x09, 0xb8, 0x07, 0x0b, 0x0b, 0x0b, 0x0b, 0x0b, 0x0b, 0xce, 0x07,
    0x0f, 0x05, 0xdf, 0x07, 0x0f, 0x05, 0xdf, 0x07, 0x0f, 0x05, 0xdf, 0x07, 0x0f, 0x05, 0xdf, 0x07,
    0x0f, 0x05, 0xdf, 0x07, 0x0f, 0x05, 0xdf, 0x07, 0x0f, 0x05, 0xdf, 0x07, 0x0f, 0x05, 0xdf, 0x07,
    0x0f, 0x05, 0xdf, 0x07, 0x0f, 0x05, 0xdf, 0x07, 0x0f, 0x05, 0x10, 0x05, 0xb6, 0x0a, 0x0c, 0x51,
    0x06, 0x0f, 0x01, 0xb8, 0x06, 0x0f, 0x05, 0x03, 0x0c, 0x0b, 0x28, 0x08, 0x0e, 0x0f, 0x0b, 0x02,
    0x51, 0xd2, 0x03, 0x0f, 0x0a, 0xdf, 0x03, 0x0f, 0x0a, 0xdf, 0x03, 0x0f, 0x0a, 0xdf, 0x03, 0x0f,
    0x0a, 0xdf, 0x03, 0x0f, 0x0a, 0xdf, 0x03, 0x0f, 0x0a, 0xdf, 0x03, 0x0f, 0x0a, 0xdf, 0x03, 0x0f,
    0x0a, 0xdf, 0x03, 0x0f, 0x0a, 0xdf, 0x03, 0x0f, 0x0a, 0xdf, 0x03, 0x0f, 0x0a, 0xdf, 0x03, 0x0f,
    0x0a, 0xdf, 0x03, 0x0f, 0x0a, 0xdf, 0x03, 0x0f, 0x0a, 0x10, 0x05, 0x51, 0xd7, 0x05, 0x06, 0x51,
    0x03, 0x08, 0x01, 0xb8, 0x09, 0x0e, 0x01, 0x00, 0x09, 0x0e, 0xdd, 0x02, 0x0e, 0x0c, 0x0b, 0x0f,
    0x06, 0x28, 0x01, 0x06, 0x07, 0x03, 0x1f, 0x07, 0x0f, 0x05, 0xdf, 0x07, 0x0f, 0x05, 0xdf, 0x07,
    0x0f, 0x05, 0xdf, 0x07, 0x0f, 0x05, 0xdf, 0x07, 0x0f, 0x05, 0xdf, 0x07, 0x0f, 0x05, 0xdf, 0x07,
    0x0f, 0x05, 0xdf, 0x07, 0x0f, 0x05, 0xdf, 0x07, 0x0f, 0x05, 0xdf, 0x07, 0x0f, 0x05, 0xdf, 0x07,
    0x0f, 0x05, 0x10, 0x05, 0x00, 0x7d, 0x03, 0x0f, 0x0a, 0xdf, 0x03, 0x0f, 0x0a, 0xdf, 0x03, 0x0f,
    0x0a, 0xdf, 0x03, 0x0f, 0x0a, 0xdf, 0x03, 0x0f, 0x0a, 0xdf, 0x03, 0x0f, 0x0a, 0xdf, 0x03, 0x0f,
    0x0a, 0xdf, 0x03, 0x0f, 0x0a, 0xdf, 0x03, 0x0f, 0x0a, 0xdf, 0x03, 0x0f, 0x0a, 0xdf, 0x03, 0x0f,
    0x0a, 0xdf, 0x03, 0x0f, 0x0a, 0xdf, 0x03, 0x0f, 0x0a, 0xdf, 0x03, 0x0f, 0x0a, 0xdf, 0x08, 0x0e,
    0x03, 0x00, 0x28, 0x04, 0x0f, 0x05, 0xdf, 0x07, 0x0f, 0x02, 0x01, 0x00, 0x28, 0x04, 0x0f, 0x0f,
    0x0d, 0xdf, 0x03, 0x06, 0x03, 0x10, 0x05, 0x4c, 0x4a, 0x07, 0x0f, 0x05, 0xdf, 0x06, 0x0f, 0x05,
    0xea, 0x07, 0x0f, 0x05, 0xdf, 0x07, 0x0f, 0x05, 0xdf, 0x07, 0x0f, 0x05, 0xdf, 0x07, 0x0f, 0x05,
    0xdf, 0x07, 0x0f, 0x05, 0xdf, 0x07, 0x0f, 0x05, 0xdf, 0x07, 0x0f, 0x05, 0xdf, 0x07, 0x0f, 0x05,
    0xdf, 0x07, 0x0f, 0x05, 0xdf, 0x07, 0x0f, 0x05, 0xdf, 0x08, 0x0f, 0x05, 0x00, 0x28, 0x08, 0x0e,
    0x03, 0x00, 0x28, 0x04, 0x0f, 0x05, 0xdf, 0x07, 0x0f, 0x02, 0x01, 0x00, 0x28, 0x04, 0x0f, 0x0f,
    0x0d, 0xdf, 0x03, 0x06, 0x03, 0x10, 0x05, 0xaf, 0x01, 0x04, 0x1a, 0x08, 0x0f, 0x07, 0xdf, 0x04,
    0x0b, 0x03, 0x1f, 0x03, 0x0f, 0x0a, 0xdf, 0x03, 0x0f, 0x0a, 0xdf, 0x03, 0x0f, 0x0a, 0xdf, 0x03,
    0x0f, 0x0a, 0xdf, 0x03, 0x0f, 0x0a, 0xdf, 0x03, 0x0f, 0x0a, 0xdf, 0x03, 0x0f, 0x0a, 0xdf, 0x03,
    0x0f, 0x0a, 0xdf, 0x03, 0x0f, 0x0a, 0xdf, 0x03, 0x0f, 0x0a, 0xdf, 0x03, 0x0f, 0x0a, 0xdf, 0x03,
    0x0f, 0x0a, 0xdf, 0x03, 0x0f, 0x0a, 0xdf, 0x03, 0x0f, 0x0a, 0x10, 0x05, 0x51, 0x7e, 0x07, 0x0f,
    0x05, 0xdf, 0x07, 0x0f, 0x05, 0xdf, 0x07, 0x0f, 0x05, 0xdf, 0x07, 0x0f, 0x05, 0xdf, 0x07, 0x0f,
    0x05, 0xdf, 0x07, 0x0f, 0x05, 0xdf, 0x07, 0x0f, 0x05, 0xdf, 0x07, 0x0f, 0x05, 0xdf, 0x07, 0x0f,
    0x05, 0xdf, 0x07, 0x0f, 0x05, 0xdf, 0x07, 0x0f, 0x05, 0x10, 0x10, 0x00, 0x7d, 0x03, 0x0f, 0x0a,
    0x52, 0x06, 0x0f, 0x08, 0x66, 0x03, 0x0f, 0x0a, 0x52, 0x06, 0x0f, 0x08, 0x66, 0x03, 0x0f, 0x0a,
    0x52, 0x06, 0x0f, 0x08, 0x66, 0x03, 0x0f, 0x0a, 0x52, 0x06, 0x0f, 0x08, 0x66, 0x03, 0x0f, 0x0a,
    0x52, 0x06, 0x0f, 0x08, 0x66, 0x03, 0x0f, 0x0a, 0x52, 0x06, 0x0f, 0x08, 0x66, 0x03, 0x0f, 0x0a,
    0x52, 0x06, 0x0f, 0x08, 0x66, 0x03, 0x0f, 0x0a, 0x52, 0x06, 0x0f, 0x08, 0x66, 0x03, 0x0f, 0x0a,
    0x52, 0x06, 0x0f, 0x08, 0x66, 0x03, 0x0f, 0x0a, 0x52, 0x06, 0x0f, 0x08, 0x66, 0x03, 0x0f, 0x0a,
    0x00, 0x07, 0x0f, 0x07, 0x37, 0x07, 0x0f, 0x07, 0x66, 0x03, 0x0f, 0x0a, 0x00, 0x04, 0x0f, 0x0c,
    0x01, 0x51, 0x01, 0x0d, 0x0f, 0x03, 0x66, 0x03, 0x0f, 0x0a, 0x51, 0x0a, 0x0f, 0x0d, 0x09, 0x09,
    0x0e, 0x0f, 0x09, 0x41, 0x03, 0x0f, 0x0a, 0x38, 0x07, 0x0c, 0x0f, 0x0f, 0x0c, 0x06, 0x10, 0x0a,
    0x9d, 0xa4, 0x01, 0xb8, 0x07, 0x0f, 0x05, 0x51, 0x09, 0x0f, 0x03, 0x22, 0x06, 0x0f, 0x05, 0x51,
    0x08, 0x0e, 0x03, 0x5e, 0x07, 0x0f, 0x05, 0x51, 0x09, 0x0f, 0x04, 0x22, 0x07, 0x0f, 0x05, 0x51,
    0x09, 0x0f, 0x04, 0x22, 0x07, 0x0f, 0x05, 0x51, 0x09, 0x0f, 0x04, 0x22, 0x07, 0x0f, 0x05, 0x51,
    0x09, 0x0f, 0x04, 0x22, 0x07, 0x0f, 0x05, 0x51, 0x09, 0x0f, 0x04, 0x22, 0x07, 0x0f, 0x05, 0x51,
    0x09, 0x0f, 0x04, 0x22, 0x07, 0x0f, 0x05, 0x51, 0x09, 0x0f, 0x04, 0x22, 0x07, 0x0f, 0x05, 0x51,
    0x09, 0x0f, 0x04, 0x22, 0x07, 0x0f, 0x05, 0x51, 0x09, 0x0f, 0x04, 0x22, 0x07, 0x0f, 0x05, 0x51,
    0x09, 0x0f, 0x04, 0x22, 0x07, 0x0f, 0x05, 0x51, 0x09, 0x0f, 0x04, 0xdf, 0x09, 0x0f, 0x04, 0xdf,
    0x0a, 0x0f, 0x03, 0x28, 0x06, 0x09, 0x0f, 0x0e, 0x01, 0x28, 0x09, 0x0f, 0x0d, 0x04, 0x10, 0x0b,
    0xae, 0x06, 0x0f, 0x08, 0x00, 0x28, 0x03, 0x0f, 0x08, 0x0f, 0x06, 0xdd, 0x02, 0x0e, 0x08, 0x00,
    0x05, 0x0f, 0x04, 0x51, 0xd2, 0x06, 0x0f, 0x08, 0xdf, 0x06, 0x0f, 0x08, 0xdf, 0x06, 0x0f, 0x08,
    0xdf, 0x06, 0x0f, 0x08, 0xdf, 0x06, 0x0f, 0x08, 0xdf, 0x06, 0x0f, 0x08, 0xdf, 0x06, 0x0f, 0x08,
    0xdf, 0x06, 0x0f, 0x08, 0xdf, 0x06, 0x0f, 0x08, 0xdf, 0x06, 0x0f, 0x08, 0x55, 0x07, 0x0f, 0x07,
    0x37, 0x07, 0x0f, 0x07, 0x55, 0x04, 0x0f, 0x0c, 0x01, 0x51, 0x01, 0x0d, 0x0f, 0x03, 0xc2, 0x0a,
    0x0f, 0x0d, 0x09, 0x09, 0x0e, 0x0f, 0x09, 0xb8, 0x07, 0x0c, 0x0f, 0x0f, 0x0c, 0x06, 0x10, 0x05,
    0x00, 0xa4, 0x04, 0x01, 0xdf, 0x09, 0x0f, 0x0b, 0x00, 0x28, 0x06, 0x0e, 0x04, 0x0d, 0x09, 0xdd,
    0x02, 0x0b, 0x05, 0x00, 0x03, 0x0b, 0x04, 0x51, 0xd2, 0x05, 0x0f, 0x08, 0xdf, 0x05, 0x0f, 0x08,
    0xdf, 0x05, 0x0f, 0x08, 0xdf, 0x05, 0x0f, 0x08, 0xdf, 0x05, 0x0f, 0x08, 0xdf, 0x05, 0x0f, 0x08,
    0xdf, 0x05, 0x0f, 0x08, 0xdf, 0x05, 0x0f, 0x08, 0xdf, 0x05, 0x0f, 0x08, 0xdf, 0x05, 0x0f, 0x08,
    0xdf, 0x05, 0x0f, 0x08, 0xdf, 0x05, 0x0f, 0x07, 0xdf, 0x07, 0x0f, 0x06, 0x28, 0x05, 0x08, 0x0e,
    0x0e, 0x02, 0x28, 0x0a, 0x0f, 0x0c, 0x04, 0x10, 0x0d, 0x00, 0x7d, 0x05, 0x0f, 0x08, 0x18, 0x09,
    0x0f, 0x0a, 0x2c, 0x05, 0x0f, 0x08, 0x37, 0x08, 0x0f, 0x0b, 0x55, 0x05, 0x0f, 0x08, 0x38, 0x06,
    0x0f, 0x0c, 0x01, 0x55, 0x05, 0x0f, 0x08, 0x51, 0x05, 0x0f, 0x0d, 0x01, 0xc2, 0x05, 0x0f, 0x08,
    0x00, 0x04, 0x0f, 0x0e, 0x02, 0x22, 0x05, 0x0f, 0x08, 0x03, 0x0e, 0x0e, 0x03, 0xb8, 0x05, 0x0f,
    0x0b, 0x0e, 0x0f, 0x0c, 0xdd, 0x05, 0x0f, 0x0f, 0x0f, 0x0c, 0x0f, 0x08, 0xb8, 0x05, 0x0f, 0x0f,
    0x05, 0x01, 0x0d, 0x0f, 0x05, 0x22, 0x05, 0x0f, 0x09, 0x51, 0x03, 0x0f, 0x0e, 0x02, 0xc2, 0x05,
    0x0f, 0x08, 0x38, 0x06, 0x0f, 0x0c, 0x01, 0x55, 0x05, 0x0f, 0x08, 0x37, 0x09, 0x0f, 0x09, 0x55,
    0x05, 0x0f, 0x08, 0x37, 0x01, 0x0c, 0x0f, 0x06, 0x2c, 0x05, 0x0f, 0x08, 0x18, 0x02, 0x0e, 0x0f,
    0x03, 0x22, 0x04, 0x0b, 0x04, 0xdf, 0x06, 0x0f, 0x05, 0xdf, 0x09, 0x0f, 0x01, 0xdf, 0x0d, 0x09,
    0x1a, 0x01, 0x10, 0x0a, 0x4c, 0x4a, 0x09, 0x0f, 0x03, 0xdf, 0x09, 0x0f, 0x03, 0xdf, 0x09, 0x0f,
    0x03, 0xdf, 0x09, 0x0f, 0x03, 0xdf, 0x09, 0x0f, 0x03, 0x51, 0x02, 0x0d, 0x0f, 0x04, 0xc2, 0x09,
    0x0f, 0x03, 0x00, 0x01, 0x0d, 0x0f, 0x05, 0x22, 0x09, 0x0f, 0x03, 0x01, 0x0c, 0x0f, 0x06, 0xb8,
    0x09, 0x0f, 0x03, 0x0b, 0x0f, 0x08, 0xdd, 0x09, 0x0f, 0x0b, 0x0f, 0x0b, 0x28, 0x09, 0x0f, 0x0f,
    0x0f, 0x0f, 0x03, 0xdd, 0x09, 0x0f, 0x0b, 0x04, 0x0f, 0x0d, 0x01, 0xb8, 0x09, 0x0f, 0x03, 0x00,
    0x08, 0x0f, 0x09, 0xb8, 0x09, 0x0f, 0x03, 0x51, 0x0c, 0x0f, 0x05, 0x22, 0x09, 0x0f, 0x03, 0x51,
    0x02, 0x0e, 0x0e, 0x02, 0xc2, 0x09, 0x0f, 0x03, 0x38, 0x05, 0x0f, 0x0b, 0x00, 0xd2, 0x06, 0x0f,
    0x05, 0xdf, 0x07, 0x0f, 0x04, 0xdf, 0x0b, 0x0e, 0x01, 0xdf, 0x0a, 0x06, 0x10, 0x0b, 0x51, 0x7e,
    0x07, 0x0f, 0x05, 0x38, 0x05, 0x0f, 0x0c, 0x01, 0x55, 0x07, 0x0f, 0x05, 0x51, 0x04, 0x0f, 0x0d,
    0x01, 0xc2, 0x07, 0x0f, 0x05, 0x00, 0x02, 0x0e, 0x0e, 0x02, 0x22, 0x07, 0x0f, 0x05, 0x01, 0x0d,
    0x0f, 0x04, 0xb8, 0x07, 0x0f, 0x0b, 0x0c, 0x0f, 0x05, 0xdd, 0x07, 0x0f, 0x0f, 0x0f, 0x0f, 0x03,
    0xdd, 0x07, 0x0f, 0x05, 0x04, 0x0f, 0x0d, 0x01, 0xb8, 0x07, 0x0f, 0x05, 0x00, 0x07, 0x0f, 0x0c,
    0xb8, 0x07, 0x0f, 0x05, 0x51, 0x0a, 0x0f, 0x09, 0x22, 0x07, 0x0f, 0x05, 0x51, 0x01, 0x0c, 0x0f,
    0x06, 0xc2, 0x07, 0x0f, 0x05, 0x38, 0x02, 0x0e, 0x0f, 0x04, 0x10, 0x0b, 0x00, 0xaf, 0x03, 0x0f,
    0x0c, 0x01, 0x00, 0x28, 0x0c, 0x0d, 0x01, 0x00, 0x28, 0x07, 0x0e, 0x02, 0x1f, 0x05, 0x0f, 0x08,
    0xdf, 0x05, 0x0f, 0x08, 0xdf, 0x05, 0x0f, 0x08, 0xdf, 0x05, 0x0f, 0x08, 0xdf, 0x05, 0x0f, 0x08,
    0xdf, 0x05, 0x0f, 0x08, 0xdf, 0x05, 0x0f, 0x08, 0xdf, 0x05, 0x0f, 0x08, 0xdf, 0x05, 0x0f, 0x08,
    0xdf, 0x05, 0x0f, 0x08, 0xdf, 0x05, 0x0f, 0x08, 0xdf, 0x05, 0x0f, 0x08, 0xdf, 0x05, 0x0f, 0x0c,
    0x08, 0x08, 0x08, 0x08, 0x08, 0x08, 0x02, 0x55, 0x05, 0x0f, 0x0f, 0x0f, 0x0f, 0x0f, 0x0f, 0x0f,
    0x0f, 0x04, 0x10, 0x05, 0x2f, 0x03, 0x0f, 0x0c, 0x01, 0x00, 0x28, 0x0c, 0x0d, 0x01, 0x00, 0x28,
    0x07, 0x0e, 0x02, 0x1f, 0x07, 0x0f, 0x05, 0xdf, 0x07, 0x0f, 0x05, 0xdf, 0x07, 0x0f, 0x05, 0xdf,
    0x07, 0x0f, 0x05, 0xdf, 0x07, 0x0f, 0x05, 0xdf, 0x07, 0x0f, 0x05, 0xdf, 0x07, 0x0f, 0x05, 0xdf,
    0x07, 0x0f, 0x05, 0xdf, 0x07, 0x0f, 0x05, 0xdf, 0x07, 0x0f, 0x05, 0xdf, 0x07, 0x0f, 0x05, 0xdf,
    0x07, 0x0f, 0x05, 0xdf, 0x07, 0x0f, 0x05, 0xdf, 0x07, 0x0f, 0x05, 0xdf, 0x07, 0x0f, 0x05, 0x10,
    0x0b, 0x00, 0x7d, 0x05, 0x0f, 0x08, 0xdf, 0x05, 0x0f, 0x08, 0xdf, 0x05, 0x0f, 0x08, 0xdf, 0x05,
    0x0f, 0x08, 0xdf, 0x05, 0x0f, 0x08, 0xdf, 0x05, 0x0f, 0x08, 0xdf, 0x05, 0x0f, 0x08, 0xdf, 0x05,
    0x0f, 0x08, 0xdf, 0x05, 0x0f, 0x08, 0xdf, 0x05, 0x0f, 0x08, 0xdf, 0x05, 0x0f, 0x08, 0xdf, 0x05,
    0x0f, 0x08, 0xdf, 0x05, 0x0f, 0x0c, 0x08, 0x08, 0x08, 0x08, 0x08, 0x08, 0x02, 0x55, 0x05, 0x0f,
    0x0f, 0x0f, 0x0f, 0x0f, 0x0f, 0x0f, 0x0f, 0x04, 0x00, 0xd2, 0x06, 0x0f, 0x05, 0xdf, 0x07, 0x0f,
    0x04, 0xdf, 0x0b, 0x0e, 0x01, 0xdf, 0x0a, 0x06, 0x10, 0x05, 0x4c, 0x4a, 0x07, 0x0f, 0x05, 0xdf,
    0x07, 0x0f, 0x05, 0xdf, 0x07, 0x0f, 0x05, 0xdf, 0x07, 0x0f, 0x05, 0xdf, 0x07, 0x0f, 0x05, 0xdf,
    0x07, 0x0f, 0x05, 0xdf, 0x07, 0x0f, 0x05, 0xdf, 0x07, 0x0f, 0x05, 0xdf, 0x07, 0x0f, 0x05, 0xdf,
    0x07, 0x0f, 0x05, 0xdf, 0x07, 0x0f, 0x05, 0xdf, 0x07, 0x0f, 0x05, 0xdf, 0x07, 0x0f, 0x05, 0xdf,
    0x07, 0x0f, 0x05, 0xdf, 0x07, 0x0f, 0x05, 0x1f, 0x06, 0x0f, 0x05, 0xdf, 0x07, 0x0f, 0x04, 0xdf,
    0x0b, 0x0e, 0x01, 0xdf, 0x0a, 0x06, 0x10, 0x0b, 0x00, 0x7d, 0x05, 0x0f, 0x08, 0x51, 0x06, 0x0f,
    0x05, 0x22, 0x05, 0x0f, 0x08, 0x51, 0x07, 0x0f, 0x04, 0x22, 0x05, 0x0f, 0x08, 0x51, 0x0b, 0x0e,
    0x01, 0x22, 0x05, 0x0f, 0x08, 0x51, 0x0a, 0x06, 0xb8, 0x05, 0x0f, 0x08, 0xdf, 0x05, 0x0f, 0x08,
    0xdf, 0x05, 0x0f, 0x08, 0xdf, 0x05, 0x0f, 0x08, 0xdf, 0x05, 0x0f, 0x08, 0xdf, 0x05, 0x0f, 0x08,
    0xdf, 0x05, 0x0f, 0x08, 0xdf, 0x05, 0x0f, 0x08, 0xdf, 0x05, 0x0f, 0x0c, 0x08, 0x08, 0x08, 0x08,
    0x08, 0x08, 0x02, 0x55, 0x05, 0x0f, 0x0f, 0x0f, 0x0f, 0x0f, 0x0f, 0x0f, 0x0f, 0x04, 0x10, 0x06,
    0x4c, 0x4a, 0x07, 0x0f, 0x05, 0x06, 0x0f, 0x05, 0xdd, 0x07, 0x0f, 0x05, 0x07, 0x0f, 0x04, 0xdd,
    0x07, 0x0f, 0x05, 0x0b, 0x0e, 0x01, 0xdd, 0x07, 0x0f, 0x05, 0x0a, 0x06, 0x28, 0x07, 0x0f, 0x05,
    0xdf, 0x07, 0x0f, 0x05, 0xdf, 0x07, 0x0f, 0x05, 0xdf, 0x07, 0x0f, 0x05, 0xdf, 0x07, 0x0f, 0x05,
    0xdf, 0x07, 0x0f, 0x05, 0xdf, 0x07, 0x0f, 0x05, 0xdf, 0x07, 0x0f, 0x05, 0xdf, 0x07, 0x0f, 0x05,
    0xdf, 0x07, 0x0f, 0x05, 0xdf, 0x07, 0x0f, 0x05, 0x10, 0x0b, 0x00, 0x7d, 0x05, 0x0f, 0x08, 0xdf,
    0x05, 0x0f, 0x08, 0xdf, 0x05, 0x0f, 0x08, 0xdf, 0x05, 0x0f, 0x08, 0xdf, 0x05, 0x0f, 0x08, 0xdf,
    0x05, 0x0f, 0x08, 0xdf, 0x05, 0x0f, 0x08, 0x00, 0x07, 0x0f, 0x05, 0xb8, 0x05, 0x0f, 0x08, 0x00,
    0x06, 0x0f, 0x05, 0xb8, 0x05, 0x0f, 0x08, 0xdf, 0x05, 0x0f, 0x08, 0xdf, 0x05, 0x0f, 0x08, 0xdf,
    0x05, 0x0f, 0x08, 0xdf, 0x05, 0x0f, 0x0c, 0x08, 0x08, 0x08, 0x08, 0x08, 0x08, 0x02, 0x55, 0x05,
    0x0f, 0x0f, 0x0f, 0x0f, 0x0f, 0x0f, 0x0f, 0x0f, 0x04, 0x10, 0x07, 0x4c, 0x4a, 0x07, 0x0f, 0x05,
    0xdf, 0x07, 0x0f, 0x05, 0xdf, 0x07, 0x0f, 0x05, 0xdf, 0x07, 0x0f, 0x05, 0xdf, 0x07, 0x0f, 0x05,
    0xdf, 0x07, 0x0f, 0x05, 0xdf, 0x07, 0x0f, 0x05, 0xdf, 0x07, 0x0f, 0x05, 0x07, 0x0f, 0x05, 0xdd,
    0x07, 0x0f, 0x05, 0x06, 0x0f, 0x05, 0xdd, 0x07, 0x0f, 0x05, 0xdf, 0x07, 0x0f, 0x05, 0xdf, 0x07,
    0x0f, 0x05, 0xdf, 0x07, 0x0f, 0x05, 0xdf, 0x07, 0x0f, 0x05, 0xdf, 0x07, 0x0f, 0x05, 0x10, 0x0b,
    0x00, 0x7d, 0x05, 0x0f, 0x08, 0xdf, 0x05, 0x0f, 0x08, 0xdf, 0x05, 0x0f, 0x08, 0xdf, 0x05, 0x0f,
    0x08, 0xdf, 0x05, 0x0f, 0x08, 0xdf, 0x05, 0x0f, 0x09, 0x06, 0x0a, 0x01, 0xb8, 0x02, 0x0a, 0x0f,
    0x0f, 0x0b, 0x07, 0xdd, 0x09, 0x0c, 0x0f, 0x08, 0xdf, 0x05, 0x0f, 0x08, 0xdf, 0x05, 0x0f, 0x08,
    0xdf, 0x05, 0x0f, 0x08, 0xdf, 0x05, 0x0f, 0x08, 0xdf, 0x05, 0x0f, 0x0c, 0x08, 0x08, 0x08, 0x08,
    0x08, 0x08, 0x02, 0x55, 0x05, 0x0f, 0x0f, 0x0f, 0x0f, 0x0f, 0x0f, 0x0f, 0x0f, 0x04, 0x10, 0x05,
    0x4c, 0x4a, 0x04, 0x0f, 0x08, 0xdf, 0x04, 0x0f, 0x08, 0xdf, 0x04, 0x0f, 0x08, 0xdf, 0x04, 0x0f,
    0x08, 0xdf, 0x04, 0x0f, 0x08, 0xdf, 0x04, 0x0f, 0x08, 0xdf, 0x04, 0x0f, 0x0c, 0x0d, 0x02, 0xdd,
    0x04, 0x0b, 0x0f, 0x0d, 0x05, 0x28, 0x08, 0x0a, 0x0f, 0x08, 0xdf, 0x04, 0x0f, 0x08, 0xdf, 0x04,
    0x0f, 0x08, 0xdf, 0x04, 0x0f, 0x08, 0xdf, 0x04, 0x0f, 0x08, 0xdf, 0x04, 0x0f, 0x08, 0xdf, 0x04,
    0x0f, 0x08, 0x10, 0x0e, 0xae, 0x03, 0x0f, 0x0c, 0x01, 0x00, 0x28, 0x0c, 0x0d, 0x01, 0x00, 0x28,
    0x07, 0x0e, 0x02, 0x3a, 0x05, 0x0f, 0x0c, 0x9d, 0x04, 0x0f, 0x09, 0x19, 0x05, 0x0f, 0x0f, 0x08,
    0x18, 0x04, 0x0f, 0x09, 0x19, 0x05, 0x0f, 0x0f, 0x0f, 0x03, 0x37, 0x04, 0x0f, 0x09, 0x19, 0x05,
    0x0f, 0x0c, 0x0f, 0x0c, 0x37, 0x04, 0x0f, 0x09, 0x19, 0x05, 0x0f, 0x08, 0x09, 0x0f, 0x08, 0x38,
    0x04, 0x0f, 0x09, 0x19, 0x05, 0x0f, 0x08, 0x01, 0x0d, 0x0f, 0x03, 0x51, 0x04, 0x0f, 0x09, 0x19,
    0x05, 0x0f, 0x08, 0x00, 0x04, 0x0f, 0x0c, 0x51, 0x04, 0x0f, 0x09, 0x19, 0x05, 0x0f, 0x08, 0x51,
    0x09, 0x0f, 0x08, 0x00, 0x04, 0x0f, 0x09, 0x19, 0x05, 0x0f, 0x08, 0x51, 0x01, 0x0d, 0x0f, 0x03,
    0x04, 0x0f, 0x09, 0x19, 0x05, 0x0f, 0x08, 0x38, 0x04, 0x0f, 0x0c, 0x05, 0x0f, 0x09, 0x19, 0x05,
    0x0f, 0x08, 0x37, 0x09, 0x0f, 0x0c, 0x0f, 0x09, 0x19, 0x05, 0x0f, 0x08, 0x37, 0x01, 0x0e, 0x0f,
    0x0f, 0x09, 0x19, 0x05, 0x0f, 0x08, 0x18, 0x05, 0x0f, 0x0f, 0x09, 0x19, 0x05, 0x0f, 0x08, 0x9d,
    0x0a, 0x0f, 0x09, 0x10, 0x0b, 0x37, 0xa4, 0x01, 0x07, 0x07, 0x01, 0x00, 0x28, 0x08, 0x0f, 0x06,
    0x00, 0x28, 0x03, 0x0f, 0x08, 0xdf, 0x05, 0x07, 0x51, 0xd2, 0x09, 0x0f, 0x03, 0x09, 0x0e, 0x0f,
    0x0c, 0x05, 0x22, 0x09, 0x0f, 0x0d, 0x0d, 0x09, 0x0a, 0x0f, 0x0f, 0x03, 0xc2, 0x09, 0x0f, 0x0a,
    0x38, 0x06, 0x0f, 0x08, 0xc2, 0x09, 0x0f, 0x03, 0x38, 0x02, 0x0f, 0x0a, 0xc2, 0x09, 0x0f, 0x03,
    0x38, 0x02, 0x0f, 0x0a, 0xc2, 0x09, 0x0f, 0x03, 0x38, 0x02, 0x0f, 0x0a, 0xc2, 0x09, 0x0f, 0x03,
    0x38, 0x02, 0x0f, 0x0a, 0xc2, 0x09, 0x0f, 0x03, 0x38, 0x02, 0x0f, 0x0a, 0xc2, 0x09, 0x0f, 0x03,
    0x38, 0x02, 0x0f, 0x0a, 0xc2, 0x09, 0x0f, 0x03, 0x38, 0x02, 0x0f, 0x0a, 0xc2, 0x09, 0x0f, 0x03,
    0x38, 0x02, 0x0f, 0x0a, 0x10, 0x0e, 0x00, 0x7d, 0x05, 0x0f, 0x0c, 0x9d, 0x04, 0x0f, 0x09, 0x19,
    0x05, 0x0f, 0x0f, 0x08, 0x18, 0x04, 0x0f, 0x09, 0x19, 0x05, 0x0f, 0x0f, 0x0f, 0x03, 0x37, 0x04,
    0x0f, 0x09, 0x19, 0x05, 0x0f, 0x0c, 0x0f, 0x0c, 0x37, 0x04, 0x0f, 0x09, 0x19, 0x05, 0x0f, 0x08,
    0x09, 0x0f, 0x08, 0x38, 0x04, 0x0f, 0x09, 0x19, 0x05, 0x0f, 0x08, 0x01, 0x0d, 0x0f, 0x03, 0x51,
    0x04, 0x0f, 0x09, 0x19, 0x05, 0x0f, 0x08, 0x00, 0x04, 0x0f, 0x0c, 0x51, 0x04, 0x0f, 0x09, 0x19,
    0x05, 0x0f, 0x08, 0x51, 0x09, 0x0f, 0x08, 0x00, 0x04, 0x0f, 0x09, 0x19, 0x05, 0x0f, 0x08, 0x51,
    0x01, 0x0d, 0x0f, 0x03, 0x04, 0x0f, 0x09, 0x19, 0x05, 0x0f, 0x08, 0x38, 0x04, 0x0f, 0x0c, 0x05,
    0x0f, 0x09, 0x19, 0x05, 0x0f, 0x08, 0x37, 0x09, 0x0f, 0x0c, 0x0f, 0x09, 0x19, 0x05, 0x0f, 0x08,
    0x37, 0x01, 0x0e, 0x0f, 0x0f, 0x09, 0x19, 0x05, 0x0f, 0x08, 0x18, 0x05, 0x0f, 0x0f, 0x09, 0x19,
    0x05, 0x0f, 0x08, 0x9d, 0x0a, 0x0f, 0x09, 0xd2, 0x06, 0x0f, 0x05, 0xdf, 0x07, 0x0f, 0x04, 0xdf,
    0x0b, 0x0e, 0x01, 0xdf, 0x0a, 0x06, 0x10, 0x0b, 0x51, 0x7e, 0x09, 0x0f, 0x03, 0x09, 0x0e, 0x0f,
    0x0c, 0x05, 0x22, 0x09, 0x0f, 0x0d, 0x0d, 0x09, 0x0a, 0x0f, 0x0f, 0x03, 0xc2, 0x09, 0x0f, 0x0a,
    0x38, 0x06, 0x0f, 0x08, 0xc2, 0x09, 0x0f, 0x03, 0x38, 0x02, 0x0f, 0x0a, 0xc2, 0x09, 0x0f, 0x03,
    0x38, 0x02, 0x0f, 0x0a, 0xc2, 0x09, 0x0f, 0x03, 0x38, 0x02, 0x0f, 0x0a, 0xc2, 0x09, 0x0f, 0x03,
    0x38, 0x02, 0x0f, 0x0a, 0xc2, 0x09, 0x0f, 0x03, 0x38, 0x02, 0x0f, 0x0a, 0xc2, 0x09, 0x0f, 0x03,
    0x38, 0x02, 0x0f, 0x0a, 0xc2, 0x09, 0x0f, 0x03, 0x38, 0x02, 0x0f, 0x0a, 0xc2, 0x09, 0x0f, 0x03,
    0x38, 0x02, 0x0f, 0x0a, 0x00, 0xd2, 0x06, 0x0f, 0x05, 0xdf, 0x07, 0x0f, 0x04, 0xdf, 0x0b, 0x0e,
    0x01, 0xdf, 0x0a, 0x06, 0x10, 0x0e, 0xd5, 0x04, 0x0f, 0x05, 0x00, 0x08, 0x0e, 0x02, 0xdd, 0x06,
    0x0e, 0x08, 0x0f, 0x04, 0x00, 0x28, 0x09, 0x0f, 0x06, 0x3a, 0x05, 0x0f, 0x0c, 0x9d, 0x04, 0x0f,
    0x09, 0x19, 0x05, 0x0f, 0x0f, 0x08, 0x18, 0x04, 0x0f, 0x09, 0x19, 0x05, 0x0f, 0x0f, 0x0f, 0x03,
    0x37, 0x04, 0x0f, 0x09, 0x19, 0x05, 0x0f, 0x0c, 0x0f, 0x0c, 0x37, 0x04, 0x0f, 0x09, 0x19, 0x05,
    0x0f, 0x08, 0x09, 0x0f, 0x08, 0x38, 0x04, 0x0f, 0x09, 0x19, 0x05, 0x0f, 0x08, 0x01, 0x0d, 0x0f,
    0x03, 0x51, 0x04, 0x0f, 0x09, 0x19, 0x05, 0x0f, 0x08, 0x00, 0x04, 0x0f, 0x0c, 0x51, 0x04, 0x0f,
    0x09, 0x19, 0x05, 0x0f, 0x08, 0x51, 0x09, 0x0f, 0x08, 0x00, 0x04, 0x0f, 0x09, 0x19, 0x05, 0x0f,
    0x08, 0x51, 0x01, 0x0d, 0x0f, 0x03, 0x04, 0x0f, 0x09, 0x19, 0x05, 0x0f, 0x08, 0x38, 0x04, 0x0f,
    0x0c, 0x05, 0x0f, 0x09, 0x19, 0x05, 0x0f, 0x08, 0x37, 0x09, 0x0f, 0x0c, 0x0f, 0x09, 0x19, 0x05,
    0x0f, 0x08, 0x37, 0x01, 0x0e, 0x0f, 0x0f, 0x09, 0x19, 0x05, 0x0f, 0x08, 0x18, 0x05, 0x0f, 0x0f,
    0x09, 0x19, 0x05, 0x0f, 0x08, 0x9d, 0x0a, 0x0f, 0x09, 0x10, 0x0b, 0x00, 0xa4, 0x04, 0x0b, 0x03,
    0x00, 0x05, 0x0b, 0x02, 0xdd, 0x0a, 0x0d, 0x04, 0x0f, 0x06, 0x00, 0x28, 0x0c, 0x0f, 0x09, 0xdf,
    0x01, 0x04, 0x51, 0xd2, 0x09, 0x0f, 0x03, 0x09, 0x0e, 0x0f, 0x0c, 0x05, 0x22, 0x09, 0x0f, 0x0d,
    0x0d, 0x09, 0x0a, 0x0f, 0x0f, 0x03, 0xc2, 0x09, 0x0f, 0x0a, 0x38, 0x06, 0x0f, 0x08, 0xc2, 0x09,
    0x0f, 0x03, 0x38, 0x02, 0x0f, 0x0a, 0xc2, 0x09, 0x0f, 0x03, 0x38, 0x02, 0x0f, 0x0a, 0xc2, 0x09,
    0x0f, 0x03, 0x38, 0x02, 0x0f, 0x0a, 0xc2, 0x09, 0x0f, 0x03, 0x38, 0x02, 0x0f, 0x0a, 0xc2, 0x09,
    0x0f, 0x03, 0x38, 0x02, 0x0f, 0x0a, 0xc2, 0x09, 0x0f, 0x03, 0x38, 0x02, 0x0f, 0x0a, 0xc2, 0x09,
    0x0f, 0x03, 0x38, 0x02, 0x0f, 0x0a, 0xc2, 0x09, 0x0f, 0x03, 0x38, 0x02, 0x0f, 0x0a, 0x10, 0x0b,
    0x51, 0xd7, 0x06, 0x0f, 0x05, 0xdf, 0x07, 0x0f, 0x04, 0xdf, 0x0b, 0x0e, 0x01, 0xdf, 0x0a, 0x06,
    0x00, 0x48, 0x09, 0x0f, 0x03, 0x09, 0x0e, 0x0f, 0x0c, 0x05, 0x22, 0x09, 0x0f, 0x0d, 0x0d, 0x09,
    0x0a, 0x0f, 0x0f, 0x03, 0xc2, 0x09, 0x0f, 0x0a, 0x38, 0x06, 0x0f, 0x08, 0xc2, 0x09, 0x0f, 0x03,
    0x38, 0x02, 0x0f, 0x0a, 0xc2, 0x09, 0x0f, 0x03, 0x38, 0x02, 0x0f, 0x0a, 0xc2, 0x09, 0x0f, 0x03,
    0x38, 0x02, 0x0f, 0x0a, 0xc2, 0x09, 0x0f, 0x03, 0x38, 0x02, 0x0f, 0x0a, 0xc2, 0x09, 0x0f, 0x03,
    0x38, 0x02, 0x0f, 0x0a, 0xc2, 0x09, 0x0f, 0x03, 0x38, 0x02, 0x0f, 0x0a, 0xc2, 0x09, 0x0f, 0x03,
    0x38, 0x02, 0x0f, 0x0a, 0xc2, 0x09, 0x0f, 0x03, 0x38, 0x02, 0x0f, 0x0a, 0x10, 0x0e, 0x00, 0x7d,
    0x06, 0x0f, 0x0c, 0x9d, 0x08, 0x0f, 0x05, 0x19, 0x06, 0x0f, 0x0f, 0x07, 0x18, 0x08, 0x0f, 0x05,
    0x19, 0x06, 0x0f, 0x0f, 0x0e, 0x02, 0x37, 0x08, 0x0f, 0x05, 0x19, 0x06, 0x0f, 0x0c, 0x0f, 0x0b,
    0x37, 0x08, 0x0f, 0x05, 0x19, 0x06, 0x0f, 0x07, 0x0a, 0x0f, 0x06, 0x38, 0x08, 0x0f, 0x05, 0x19,
    0x06, 0x0f, 0x07, 0x01, 0x0e, 0x0e, 0x01, 0x51, 0x08, 0x0f, 0x05, 0x19, 0x06, 0x0f, 0x07, 0x00,
    0x06, 0x0f, 0x0a, 0x51, 0x08, 0x0f, 0x05, 0x19, 0x06, 0x0f, 0x07, 0x51, 0x0b, 0x0f, 0x05, 0x00,
    0x08, 0x0f, 0x05, 0x19, 0x06, 0x0f, 0x07, 0x51, 0x02, 0x0e, 0x0d, 0x01, 0x08, 0x0f, 0x05, 0x19,
    0x06, 0x0f, 0x07, 0x38, 0x07, 0x0f, 0x09, 0x08, 0x0f, 0x05, 0x19, 0x06, 0x0f, 0x07, 0x37, 0x0c,
    0x0f, 0x0c, 0x0f, 0x05, 0x19, 0x06, 0x0f, 0x07, 0x37, 0x03, 0x0f, 0x0f, 0x0f, 0x05, 0x19, 0x06,
    0x0f, 0x07, 0x18, 0x08, 0x0f, 0x0f, 0x05, 0x19, 0x06, 0x0f, 0x07, 0x9d, 0x0d, 0x0f, 0x05, 0xdf,
    0x08, 0x0f, 0x05, 0xdf, 0x0a, 0x0f, 0x04, 0x28, 0x08, 0x0a, 0x0f, 0x0d, 0x01, 0x28, 0x0d, 0x0f,
    0x0b, 0x03, 0x10, 0x0b, 0x51, 0x7e, 0x09, 0x0f, 0x02, 0x08, 0x0e, 0x0f, 0x0c, 0x05, 0x22, 0x09,
    0x0f, 0x0c, 0x0c, 0x08, 0x09, 0x0e, 0x0f, 0x04, 0xc2, 0x09, 0x0f, 0x08, 0x38, 0x05, 0x0f, 0x0a,
    0xc2, 0x09, 0x0f, 0x04, 0x37, 0x0f, 0x0d, 0xc2, 0x09, 0x0f, 0x04, 0x37, 0x0e, 0x0d, 0xc2, 0x09,
    0x0f, 0x04, 0x37, 0x0e, 0x0d, 0xc2, 0x09, 0x0f, 0x04, 0x37, 0x0e, 0x0d, 0xc2, 0x09, 0x0f, 0x04,
    0x37, 0x0e, 0x0d, 0xc2, 0x09, 0x0f, 0x04, 0x37, 0x0e, 0x0d, 0xc2, 0x09, 0x0f, 0x04, 0x37, 0x0e,
    0x0d, 0xc2, 0x09, 0x0f, 0x04, 0x37, 0x0e, 0x0d, 0x1a, 0x0e, 0x0d, 0xdf, 0x02, 0x0f, 0x0c, 0x28,
    0x03, 0x09, 0x0d, 0x0f, 0x07, 0x28, 0x05, 0x0f, 0x0e, 0x08, 0x10, 0x0e, 0x83, 0x08, 0x0d, 0x0d,
    0x0d, 0x0d, 0x0d, 0x0d, 0xb8, 0x05, 0x08, 0x08, 0x08, 0x08, 0x08, 0x07, 0xd2, 0x01, 0x08, 0x0d,
    0x0f, 0x0e, 0x0c, 0x06, 0x22, 0x02, 0x0d, 0x0f, 0x0d, 0x0a, 0x0a, 0x0e, 0x0f, 0x0b, 0xc2, 0x0c,
    0x0f, 0x07, 0x38, 0x01, 0x0a, 0x0f, 0x08, 0x2c, 0x04, 0x0f, 0x0a, 0x9d, 0x0d, 0x0f, 0x01, 0x19,
    0x09, 0x0f, 0x05, 0x9d, 0x08, 0x0f, 0x06, 0x19, 0x0c, 0x0f, 0x02, 0x9d, 0x05, 0x0f, 0x08, 0x19,
    0x0d, 0x0f, 0x01, 0x9d, 0x04, 0x0f, 0x09, 0x19, 0x0d, 0x0f, 0x01, 0x9d, 0x04, 0x0f, 0x09, 0x19,
    0x0c, 0x0f, 0x02, 0x9d, 0x05, 0x0f, 0x08, 0x19, 0x09, 0x0f, 0x04, 0x9d, 0x08, 0x0f, 0x06, 0x19,
    0x04, 0x0f, 0x0a, 0x9d, 0x0d, 0x0f, 0x01, 0x2c, 0x0c, 0x0f, 0x07, 0x37, 0x09, 0x0f, 0x09, 0x55,
    0x02, 0x0d, 0x0f, 0x0d, 0x09, 0x0a, 0x0e, 0x0f, 0x0b, 0x01, 0xc2, 0x01, 0x08, 0x0d, 0x0f, 0x0e,
    0x0c, 0x06, 0x10, 0x0b, 0x52, 0x4a, 0x04, 0x06, 0x06, 0x06, 0x06, 0x06, 0x06, 0xb8, 0x09, 0x0f,
    0x0f, 0x0f, 0x0f, 0x0f, 0x0e, 0x90, 0x07, 0x0d, 0x0f, 0x0e, 0x0a, 0x02, 0xb8, 0x0b, 0x0f, 0x0c,
    0x08, 0x09, 0x0f, 0x0e, 0x03, 0xc2, 0x06, 0x0f, 0x09, 0x38, 0x04, 0x0f, 0x0d, 0xc2, 0x0d, 0x0f,
    0x01, 0x37, 0x0a, 0x0f, 0x04, 0x2c, 0x01, 0x0f, 0x0c, 0x18, 0x06, 0x0f, 0x07, 0x2c, 0x01, 0x0f,
    0x0b, 0x18, 0x05, 0x0f, 0x08, 0x2c, 0x01, 0x0f, 0x0c, 0x18, 0x06, 0x0f, 0x07, 0x55, 0x0d, 0x0f,
    0x01, 0x37, 0x09, 0x0f, 0x04, 0x55, 0x07, 0x0f, 0x09, 0x38, 0x03, 0x0f, 0x0d, 0x22, 0x0b, 0x0f,
    0x0c, 0x08, 0x09, 0x0f, 0x0e, 0x03, 0xb8, 0x07, 0x0d, 0x0f, 0x0e, 0x0a, 0x02, 0x10, 0x0e, 0xd5,
    0x0a, 0x0c, 0x51, 0x06, 0x0f, 0x01, 0xb8, 0x06, 0x0f, 0x05, 0x03, 0x0c, 0x0b, 0x28, 0x08, 0x0e,
    0x0f, 0x0b, 0x02, 0xd2, 0x01, 0x08, 0x0d, 0x0f, 0x0e, 0x0c, 0x06, 0x22, 0x02, 0x0d, 0x0f, 0x0d,
    0x0a, 0x0a, 0x0e, 0x0f, 0x0b, 0xc2, 0x0c, 0x0f, 0x07, 0x38, 0x01, 0x0a, 0x0f, 0x08, 0x2c, 0x04,
    0x0f, 0x0a, 0x9d, 0x0d, 0x0f, 0x01, 0x19, 0x09, 0x0f, 0x05, 0x9d, 0x08, 0x0f, 0x06, 0x19, 0x0c,
    0x0f, 0x02, 0x9d, 0x05, 0x0f, 0x08, 0x19, 0x0d, 0x0f, 0x01, 0x9d, 0x04, 0x0f, 0x09, 0x19, 0x0d,
    0x0f, 0x01, 0x9d, 0x04, 0x0f, 0x09, 0x19, 0x0c, 0x0f, 0x02, 0x9d, 0x05, 0x0f, 0x08, 0x19, 0x09,
    0x0f, 0x04, 0x9d, 0x08, 0x0f, 0x06, 0x19, 0x04, 0x0f, 0x0a, 0x9d, 0x0d, 0x0f, 0x01, 0x2c, 0x0c,
    0x0f, 0x07, 0x37, 0x09, 0x0f, 0x09, 0x55, 0x02, 0x0d, 0x0f, 0x0d, 0x09, 0x0a, 0x0e, 0x0f, 0x0b,
    0x01, 0xc2, 0x01, 0x08, 0x0d, 0x0f, 0x0e, 0x0c, 0x06, 0x10, 0x0b, 0x00, 0xa4, 0x03, 0x03, 0x51,
    0x01, 0x04, 0xdd, 0x0a, 0x0d, 0x51, 0x07, 0x0f, 0x01, 0xb8, 0x04, 0x0f, 0x09, 0x07, 0x0e, 0x09,
    0x28, 0x04, 0x0a, 0x0b, 0x07, 0xcb, 0x07, 0x0d, 0x0f, 0x0e, 0x0a, 0x02, 0xb8, 0x0b, 0x0f, 0x0c,
    0x08, 0x09, 0x0f, 0x0e, 0x03, 0xc2, 0x06, 0x0f, 0x09, 0x38, 0x04, 0x0f, 0x0d, 0xc2, 0x0d, 0x0f,
    0x01, 0x37, 0x0a, 0x0f, 0x04, 0x2c, 0x01, 0x0f, 0x0c, 0x18, 0x06, 0x0f, 0x07, 0x2c, 0x01, 0x0f,
    0x0b, 0x18, 0x05, 0x0f, 0x08, 0x2c, 0x01, 0x0f, 0x0c, 0x18, 0x06, 0x0f, 0x07, 0x55, 0x0d, 0x0f,
    0x01, 0x37, 0x09, 0x0f, 0x04, 0x55, 0x07, 0x0f, 0x09, 0x38, 0x03, 0x0f, 0x0d, 0x22, 0x0b, 0x0f,
    0x0c, 0x08, 0x09, 0x0f, 0x0e, 0x03, 0xb8, 0x07, 0x0d, 0x0f, 0x0e, 0x0a, 0x02, 0x10, 0x0e, 0xe3,
    0x0a, 0x0f, 0x03, 0x07, 0x0f, 0x08, 0xb8, 0x04, 0x0f, 0x07, 0x04, 0x0f, 0x09, 0xdd, 0x0c, 0x0b,
    0x01, 0x0d, 0x0b, 0xd2, 0x01, 0x08, 0x0d, 0x0f, 0x0e, 0x0c, 0x06, 0x22, 0x02, 0x0d, 0x0f, 0x0d,
    0x0a, 0x0a, 0x0e, 0x0f, 0x0b, 0xc2, 0x0c, 0x0f, 0x07, 0x38, 0x01, 0x0a, 0x0f, 0x08, 0x2c, 0x04,
    0x0f, 0x0a, 0x9d, 0x0d, 0x0f, 0x01, 0x19, 0x09, 0x0f, 0x05, 0x9d, 0x08, 0x0f, 0x06, 0x19, 0x0c,
    0x0f, 0x02, 0x9d, 0x05, 0x0f, 0x08, 0x19, 0x0d, 0x0f, 0x01, 0x9d, 0x04, 0x0f, 0x09, 0x19, 0x0d,
    0x0f, 0x01, 0x9d, 0x04, 0x0f, 0x09, 0x19, 0x0c, 0x0f, 0x02, 0x9d, 0x05, 0x0f, 0x08, 0x19, 0x09,
    0x0f, 0x04, 0x9d, 0x08, 0x0f, 0x06, 0x19, 0x04, 0x0f, 0x0a, 0x9d, 0x0d, 0x0f, 0x01, 0x2c, 0x0c,
    0x0f, 0x07, 0x37, 0x09, 0x0f, 0x09, 0x55, 0x02, 0x0d, 0x0f, 0x0d, 0x09, 0x0a, 0x0e, 0x0f, 0x0b,
    0x01, 0xc2, 0x01, 0x08, 0x0d, 0x0f, 0x0e, 0x0c, 0x06, 0x10, 0x0b, 0x38, 0xa4, 0x02, 0x04, 0x02,
    0x01, 0x04, 0x03, 0xdd, 0x0c, 0x0e, 0x01, 0x0a, 0x0f, 0x04, 0xb8, 0x06, 0x0f, 0x04, 0x06, 0x0f,
    0x06, 0xdd, 0x0a, 0x07, 0x01, 0x0b, 0x07, 0x51, 0xd2, 0x07, 0x0d, 0x0f, 0x0e, 0x0a, 0x02, 0xb8,
    0x0b, 0x0f, 0x0c, 0x08, 0x09, 0x0f, 0x0e, 0x03, 0xc2, 0x06, 0x0f, 0x09, 0x38, 0x04, 0x0f, 0x0d,
    0xc2, 0x0d, 0x0f, 0x01, 0x37, 0x0a, 0x0f, 0x04, 0x2c, 0x01, 0x0f, 0x0c, 0x18, 0x06, 0x0f, 0x07,
    0x2c, 0x01, 0x0f, 0x0b, 0x18, 0x05, 0x0f, 0x08, 0x2c, 0x01, 0x0f, 0x0c, 0x18, 0x06, 0x0f, 0x07,
    0x55, 0x0d, 0x0f, 0x01, 0x37, 0x09, 0x0f, 0x04, 0x55, 0x07, 0x0f, 0x09, 0x38, 0x03, 0x0f, 0x0d,
    0x22, 0x0b, 0x0f, 0x0c, 0x08, 0x09, 0x0f, 0x0e, 0x03, 0xb8, 0x07, 0x0d, 0x0f, 0x0e, 0x0a, 0x02,
    0x10, 0x13, 0x38, 0x7d, 0x03, 0x0a, 0x0e, 0x0f, 0x0e, 0x0e, 0x0f, 0x0f, 0x0f, 0x0f, 0x0f, 0x0f,
    0x0f, 0x0f, 0x07, 0x3f, 0x06, 0x0f, 0x0e, 0x09, 0x07, 0x08, 0x0c, 0x0f, 0x0b, 0x08, 0x08, 0x08,
    0x08, 0x08, 0x08, 0x04, 0x4b, 0x03, 0x0f, 0x0c, 0x01, 0x38, 0x07, 0x0f, 0x07, 0x55, 0x0a, 0x0f,
    0x03, 0x37, 0x07, 0x0f, 0x07, 0x55, 0x0d, 0x0e, 0x18, 0x07, 0x0f, 0x07, 0x55, 0x0f, 0x0d, 0x18,
    0x07, 0x0f, 0x07, 0x55, 0x0f, 0x0c, 0x18, 0x07, 0x0f, 0x0b, 0x08, 0x08, 0x08, 0x08, 0x08, 0x05,
    0x3f, 0x0f, 0x0c, 0x18, 0x07, 0x0f, 0x0f, 0x0f, 0x0f, 0x0f, 0x0f, 0x0f, 0x09, 0x3f, 0x0f, 0x0d,
    0x18, 0x07, 0x0f, 0x07, 0x55, 0x0d, 0x0e, 0x18, 0x07, 0x0f, 0x07, 0x55, 0x0a, 0x0f, 0x04, 0x37,
    0x07, 0x0f, 0x07, 0x55, 0x03, 0x0f, 0x0c, 0x01, 0x38, 0x07, 0x0f, 0x07, 0xc2, 0x06, 0x0f, 0x0e,
    0x09, 0x07, 0x08, 0x0c, 0x0f, 0x0b, 0x08, 0x08, 0x08, 0x08, 0x08, 0x08, 0x05, 0x00, 0x3f, 0x03,
    0x0a, 0x0e, 0x0f, 0x0e, 0x0e, 0x0f, 0x0f, 0x0f, 0x0f, 0x0f, 0x0f, 0x0f, 0x0f, 0x09, 0x10, 0x12,
    0x37, 0x7e, 0x07, 0x0d, 0x0f, 0x0e, 0x0a, 0x02, 0x00, 0x01, 0x09, 0x0e, 0x0f, 0x0d, 0x06, 0x66,
    0x0b, 0x0f, 0x0b, 0x08, 0x09, 0x0f, 0x0e, 0x04, 0x0d, 0x0f, 0x09, 0x08, 0x0c, 0x0f, 0x08, 0x3f,
    0x06, 0x0f, 0x09, 0x38, 0x04, 0x0f, 0x0f, 0x0f, 0x05, 0x38, 0x0c, 0x0f, 0x02, 0x4b, 0x0c, 0x0f,
    0x01, 0x37, 0x0b, 0x0f, 0x0c, 0x37, 0x06, 0x0f, 0x06, 0x4b, 0x0f, 0x0d, 0x18, 0x08, 0x0f, 0x0c,
    0x07, 0x07, 0x07, 0x07, 0x0a, 0x0f, 0x07, 0x64, 0x01, 0x0f, 0x0c, 0x18, 0x07, 0x0f, 0x0f, 0x0f,
    0x0f, 0x0f, 0x0f, 0x0f, 0x0f, 0x08, 0x4b, 0x0f, 0x0d, 0x18, 0x08, 0x0f, 0x09, 0x55, 0x0c, 0x0f,
    0x01, 0x37, 0x0b, 0x0f, 0x0c, 0x55, 0x06, 0x0f, 0x09, 0x38, 0x04, 0x0f, 0x0f, 0x0f, 0x06, 0x37,
    0x04, 0x00, 0x3f, 0x0b, 0x0f, 0x0b, 0x08, 0x09, 0x0f, 0x0e, 0x04, 0x0d, 0x0f, 0x0a, 0x07, 0x09,
    0x0d, 0x0e, 0x01, 0x00, 0x3f, 0x07, 0x0d, 0x0f, 0x0e, 0x0a, 0x02, 0x00, 0x01, 0x09, 0x0e, 0x0f,
    0x0e, 0x0a, 0x03, 0x10, 0x0c, 0xe3, 0x03, 0x0f, 0x0c, 0x01, 0x00, 0x28, 0x0c, 0x0d, 0x01, 0x00,
    0x28, 0x07, 0x0e, 0x02, 0xd2, 0x05, 0x0f, 0x0f, 0x0f, 0x0f, 0x0f, 0x0e, 0x0b, 0x05, 0xc2, 0x05,
    0x0f, 0x0c, 0x08, 0x08, 0x08, 0x0a, 0x0e, 0x0f, 0x07, 0x55, 0x05, 0x0f, 0x08, 0x37, 0x02, 0x0e,
    0x0f, 0x01, 0x2c, 0x05, 0x0f, 0x08, 0x18, 0x09, 0x0f, 0x05, 0x2c, 0x05, 0x0f, 0x08, 0x18, 0x09,
    0x0f, 0x05, 0x2c, 0x05, 0x0f, 0x08, 0x37, 0x02, 0x0e, 0x0e, 0x01, 0x2c, 0x05, 0x0f, 0x0c, 0x08,
    0x08, 0x08, 0x0a, 0x0f, 0x0f, 0x06, 0x55, 0x05, 0x0f, 0x0f, 0x0f, 0x0f, 0x0f, 0x0f, 0x0d, 0x03,
    0xc2, 0x05, 0x0f, 0x08, 0x38, 0x0d, 0x0f, 0x02, 0xc2, 0x05, 0x0f, 0x08, 0x38, 0x06, 0x0f, 0x0a,
    0xc2, 0x05, 0x0f, 0x08, 0x37, 0x0d, 0x0f, 0x03, 0x55, 0x05, 0x0f, 0x08, 0x37, 0x05, 0x0f, 0x0b,
    0x55, 0x05, 0x0f, 0x08, 0x18, 0x0c, 0x0f, 0x04, 0x2c, 0x05, 0x0f, 0x08, 0x18, 0x04, 0x0f, 0x0b,
    0x10, 0x07, 0x38, 0xa4, 0x01, 0x07, 0x07, 0x01, 0x00, 0x28, 0x08, 0x0f, 0x06, 0x00, 0x28, 0x03,
    0x0f, 0x08, 0xdf, 0x05, 0x07, 0xcb, 0x09, 0x0f, 0x04, 0x0b, 0x0f, 0x07, 0xdd, 0x09, 0x0f, 0x0e,
    0x0e, 0x0b, 0x06, 0xdd, 0x09, 0x0f, 0x0a, 0x01, 0x00, 0x28, 0x09, 0x0f, 0x04, 0xdf, 0x09, 0x0f,
    0x03, 0xdf, 0x09, 0x0f, 0x03, 0xdf, 0x09, 0x0f, 0x03, 0xdf, 0x09, 0x0f, 0x03, 0xdf, 0x09, 0x0f,
    0x03, 0xdf, 0x09, 0x0f, 0x03, 0xdf, 0x09, 0x0f, 0x03, 0x10, 0x0c, 0x00, 0x7d, 0x05, 0x0f, 0x0f,
    0x0f, 0x0f, 0x0f, 0x0e, 0x0b, 0x05, 0xc2, 0x05, 0x0f, 0x0c, 0x08, 0x08, 0x08, 0x0a, 0x0e, 0x0f,
    0x07, 0x55, 0x05, 0x0f, 0x08, 0x37, 0x02, 0x0e, 0x0f, 0x01, 0x2c, 0x05, 0x0f, 0x08, 0x18, 0x09,
    0x0f, 0x05, 0x2c, 0x05, 0x0f, 0x08, 0x18, 0x09, 0x0f, 0x05, 0x2c, 0x05, 0x0f, 0x08, 0x37, 0x02,
    0x0e, 0x0e, 0x01, 0x2c, 0x05, 0x0f, 0x0c, 0x08, 0x08, 0x08, 0x0a, 0x0f, 0x0f, 0x06, 0x55, 0x05,
    0x0f, 0x0f, 0x0f, 0x0f, 0x0f, 0x0f, 0x0d, 0x03, 0xc2, 0x05, 0x0f, 0x08, 0x38, 0x0d, 0x0f, 0x02,
    0xc2, 0x05, 0x0f, 0x08, 0x38, 0x06, 0x0f, 0x0a, 0xc2, 0x05, 0x0f, 0x08, 0x37, 0x0d, 0x0f, 0x03,
    0x55, 0x05, 0x0f, 0x08, 0x37, 0x05, 0x0f, 0x0b, 0x55, 0x05, 0x0f, 0x08, 0x18, 0x0c, 0x0f, 0x04,
    0x2c, 0x05, 0x0f, 0x08, 0x18, 0x04, 0x0f, 0x0b, 0x3a, 0x06, 0x0f, 0x05, 0xdf, 0x07, 0x0f, 0x04,
    0xdf, 0x0b, 0x0e, 0x01, 0xdf, 0x0a, 0x06, 0x10, 0x07, 0x51, 0x7e, 0x09, 0x0f, 0x04, 0x0b, 0x0f,
    0x07, 0xdd, 0x09, 0x0f, 0x0e, 0x0e, 0x0b, 0x06, 0xdd, 0x09, 0x0f, 0x0a, 0x01, 0x00, 0x28, 0x09,
    0x0f, 0x04, 0xdf, 0x09, 0x0f, 0x03, 0xdf, 0x09, 0x0f, 0x03, 0xdf, 0x09, 0x0f, 0x03, 0xdf, 0x09,
    0x0f, 0x03, 0xdf, 0x09, 0x0f, 0x03, 0xdf, 0x09, 0x0f, 0x03, 0xdf, 0x09, 0x0f, 0x03, 0x1f, 0x06,
    0x0f, 0x05, 0xdf, 0x07, 0x0f, 0x04, 0xdf, 0x0b, 0x0e, 0x01, 0xdf, 0x0a, 0x06, 0x10, 0x0c, 0x51,
    0xaf, 0x04, 0x0f, 0x05, 0x00, 0x08, 0x0e, 0x02, 0xdd, 0x06, 0x0e, 0x08, 0x0f, 0x04, 0x00, 0x28,
    0x09, 0x0f, 0x06, 0xd2, 0x05, 0x0f, 0x0f, 0x0f, 0x0f, 0x0f, 0x0e, 0x0b, 0x05, 0xc2, 0x05, 0x0f,
    0x0c, 0x08, 0x08, 0x08, 0x0a, 0x0e, 0x0f, 0x07, 0x55, 0x05, 0x0f, 0x08, 0x37, 0x02, 0x0e, 0x0f,
    0x01, 0x2c, 0x05, 0x0f, 0x08, 0x18, 0x09, 0x0f, 0x05, 0x2c, 0x05, 0x0f, 0x08, 0x18, 0x09, 0x0f,
    0x05, 0x2c, 0x05, 0x0f, 0x08, 0x37, 0x02, 0x0e, 0x0e, 0x01, 0x2c, 0x05, 0x0f, 0x0c, 0x08, 0x08,
    0x08, 0x0a, 0x0f, 0x0f, 0x06, 0x55, 0x05, 0x0f, 0x0f, 0x0f, 0x0f, 0x0f, 0x0f, 0x0d, 0x03, 0xc2,
    0x05, 0x0f, 0x08, 0x38, 0x0d, 0x0f, 0x02, 0xc2, 0x05, 0x0f, 0x08, 0x38, 0x06, 0x0f, 0x0a, 0xc2,
    0x05, 0x0f, 0x08, 0x37, 0x0d, 0x0f, 0x03, 0x55, 0x05, 0x0f, 0x08, 0x37, 0x05, 0x0f, 0x0b, 0x55,
    0x05, 0x0f, 0x08, 0x18, 0x0c, 0x0f, 0x04, 0x2c, 0x05, 0x0f, 0x08, 0x18, 0x04, 0x0f, 0x0b, 0x10,
    0x07, 0xa4, 0x04, 0x0b, 0x03, 0x00, 0x05, 0x0b, 0x02, 0xdd, 0x0a, 0x0d, 0x04, 0x0f, 0x06, 0x00,
    0x28, 0x0c, 0x0f, 0x09, 0xdf, 0x01, 0x04, 0xcb, 0x09, 0x0f, 0x04, 0x0b, 0x0f, 0x07, 0xdd, 0x09,
    0x0f, 0x0e, 0x0e, 0x0b, 0x06, 0xdd, 0x09, 0x0f, 0x0a, 0x01, 0x00, 0x28, 0x09, 0x0f, 0x04, 0xdf,
    0x09, 0x0f, 0x03, 0xdf, 0x09, 0x0f, 0x03, 0xdf, 0x09, 0x0f, 0x03, 0xdf, 0x09, 0x0f, 0x03, 0xdf,
    0x09, 0x0f, 0x03, 0xdf, 0x09, 0x0f, 0x03, 0xdf, 0x09, 0x0f, 0x03, 0x10, 0x0c, 0xe3, 0x03, 0x0f,
    0x0c, 0x01, 0x00, 0x28, 0x0c, 0x0d, 0x01, 0x00, 0x28, 0x07, 0x0e, 0x02, 0x00, 0xd2, 0x01, 0x07,
    0x0c, 0x0f, 0x0f, 0x0d, 0x08, 0x01, 0xc2, 0x01, 0x0c, 0x0f, 0x0c, 0x09, 0x09, 0x0b, 0x0f, 0x0d,
    0x02, 0x55, 0x08, 0x0f, 0x09, 0x37, 0x05, 0x0f, 0x0b, 0x55, 0x0b, 0x0f, 0x02, 0x18, 0x0d, 0x0f,
    0x55, 0x0a, 0x0f, 0x05, 0xdf, 0x03, 0x0f, 0x0f, 0x08, 0x02, 0x00, 0x28, 0x03, 0x0c, 0x0f, 0x0f,
    0x0c, 0x07, 0x02, 0x28, 0x04, 0x09, 0x0d, 0x0f, 0x0f, 0x08, 0xdf, 0x04, 0x0c, 0x0f, 0x09, 0xdf,
    0x01, 0x0e, 0x0f, 0x01, 0x19, 0x02, 0x0f, 0x0b, 0x9d, 0x0c, 0x0f, 0x02, 0x2c, 0x0d, 0x0f, 0x05,
    0x37, 0x03, 0x0f, 0x0e, 0x55, 0x03, 0x0e, 0x0f, 0x0c, 0x09, 0x08, 0x0b, 0x0f, 0x0f, 0x05, 0xc2,
    0x01, 0x08, 0x0c, 0x0e, 0x0f, 0x0d, 0x0a, 0x03, 0x10, 0x0a, 0x37, 0xa4, 0x01, 0x07, 0x07, 0x01,
    0x00, 0x28, 0x08, 0x0f, 0x06, 0x00, 0x28, 0x03, 0x0f, 0x08, 0xdf, 0x05, 0x07, 0xcb, 0x03, 0x0b,
    0x0e, 0x0f, 0x0d, 0x07, 0xb8, 0x03, 0x0e, 0x0e, 0x09, 0x08, 0x0c, 0x0f, 0x09, 0x22, 0x09, 0x0f,
    0x04, 0x38, 0x0c, 0x0f, 0x02, 0xc2, 0x0a, 0x0f, 0x04, 0x38, 0x03, 0x04, 0x01, 0xc2, 0x04, 0x0f,
    0x0e, 0x09, 0x05, 0x01, 0x28, 0x03, 0x0a, 0x0f, 0x0f, 0x0f, 0x0a, 0x02, 0x28, 0x01, 0x04, 0x09,
    0x0f, 0x0e, 0x01, 0xc2, 0x07, 0x06, 0x37, 0x09, 0x0f, 0x05, 0xc2, 0x0d, 0x0e, 0x02, 0x38, 0x09,
    0x0f, 0x04, 0xc2, 0x05, 0x0f, 0x0e, 0x09, 0x08, 0x0b, 0x0f, 0x0c, 0xb8, 0x04, 0x0b, 0x0e, 0x0f,
    0x0d, 0x08, 0x01, 0x10, 0x0c, 0xd5, 0x06, 0x0f, 0x08, 0x00, 0x28, 0x03, 0x0f, 0x08, 0x0f, 0x06,
    0xdd, 0x02, 0x0e, 0x08, 0x00, 0x05, 0x0f, 0x04, 0xd2, 0x01, 0x07, 0x0c, 0x0f, 0x0f, 0x0d, 0x08,
    0x01, 0xc2, 0x01, 0x0c, 0x0f, 0x0c, 0x09, 0x09, 0x0b, 0x0f, 0x0d, 0x02, 0x55, 0x08, 0x0f, 0x09,
    0x37, 0x05, 0x0f, 0x0b, 0x55, 0x0b, 0x0f, 0x02, 0x18, 0x0d, 0x0f, 0x55, 0x0a, 0x0f, 0x05, 0xdf,
    0x03, 0x0f, 0x0f, 0x08, 0x02, 0x00, 0x28, 0x03, 0x0c, 0x0f, 0x0f, 0x0c, 0x07, 0x02, 0x28, 0x04,
    0x09, 0x0d, 0x0f, 0x0f, 0x08, 0xdf, 0x04, 0x0c, 0x0f, 0x09, 0xdf, 0x01, 0x0e, 0x0f, 0x01, 0x19,
    0x02, 0x0f, 0x0b, 0x9d, 0x0c, 0x0f, 0x02, 0x2c, 0x0d, 0x0f, 0x05, 0x37, 0x03, 0x0f, 0x0e, 0x55,
    0x03, 0x0e, 0x0f, 0x0c, 0x09, 0x08, 0x0b, 0x0f, 0x0f, 0x05, 0xc2, 0x01, 0x08, 0x0c, 0x0e, 0x0f,
    0x0d, 0x0a, 0x03, 0x10, 0x0a, 0x38, 0xa4, 0x01, 0x08, 0x03, 0xdf, 0x0b, 0x0e, 0x0d, 0x01, 0x28,
    0x09, 0x0d, 0x01, 0x0b, 0x0c, 0xdd, 0x02, 0x08, 0x03, 0x00, 0x01, 0x07, 0x03, 0xd2, 0x03, 0x0b,
    0x0e, 0x0f, 0x0d, 0x07, 0xb8, 0x03, 0x0e, 0x0e, 0x09, 0x08, 0x0c, 0x0f, 0x09, 0x22, 0x09, 0x0f,
    0x04, 0x38, 0x0c, 0x0f, 0x02, 0xc2, 0x0a, 0x0f, 0x04, 0x38, 0x03, 0x04, 0x01, 0xc2, 0x04, 0x0f,
    0x0e, 0x09, 0x05, 0x01, 0x28, 0x03, 0x0a, 0x0f, 0x0f, 0x0f, 0x0a, 0x02, 0x28, 0x01, 0x04, 0x09,
    0x0f, 0x0e, 0x01, 0xc2, 0x07, 0x06, 0x37, 0x09, 0x0f, 0x05, 0xc2, 0x0d, 0x0e, 0x02, 0x38, 0x09,
    0x0f, 0x04, 0xc2, 0x05, 0x0f, 0x0e, 0x09, 0x08, 0x0b, 0x0f, 0x0c, 0xb8, 0x04, 0x0b, 0x0e, 0x0f,
    0x0d, 0x08, 0x01, 0x10, 0x0c, 0x51, 0x7d, 0x01, 0x07, 0x0c, 0x0f, 0x0f, 0x0d, 0x08, 0x01, 0xc2,
    0x01, 0x0c, 0x0f, 0x0c, 0x09, 0x09, 0x0b, 0x0f, 0x0d, 0x02, 0x55, 0x08, 0x0f, 0x09, 0x37, 0x05,
    0x0f, 0x0b, 0x55, 0x0b, 0x0f, 0x02, 0x18, 0x0d, 0x0f, 0x55, 0x0a, 0x0f, 0x05, 0xdf, 0x03, 0x0f,
    0x0f, 0x08, 0x02, 0x00, 0x28, 0x03, 0x0c, 0x0f, 0x0f, 0x0c, 0x07, 0x02, 0x28, 0x04, 0x09, 0x0d,
    0x0f, 0x0f, 0x08, 0xdf, 0x04, 0x0c, 0x0f, 0x09, 0xdf, 0x01, 0x0e, 0x0f, 0x01, 0x19, 0x02, 0x0f,
    0x0b, 0x9d, 0x0c, 0x0f, 0x02, 0x2c, 0x0d, 0x0f, 0x05, 0x37, 0x03, 0x0f, 0x0e, 0x55, 0x03, 0x0e,
    0x0f, 0x0c, 0x09, 0x08, 0x0b, 0x0f, 0x0f, 0x05, 0xc2, 0x01, 0x08, 0x0c, 0x0e, 0x0f, 0x0d, 0x0a,
    0x03, 0x28, 0x09, 0x0d, 0x02, 0xdf, 0x04, 0x0a, 0x0e, 0x01, 0x00, 0x28, 0x01, 0x08, 0x0f, 0x01,
    0x00, 0x28, 0x0c, 0x0d, 0x05, 0x10, 0x0a, 0x38, 0x7e, 0x03, 0x0b, 0x0e, 0x0f, 0x0d, 0x07, 0xb8,
    0x03, 0x0e, 0x0e, 0x09, 0x08, 0x0c, 0x0f, 0x09, 0x22, 0x09, 0x0f, 0x04, 0x38, 0x0c, 0x0f, 0x02,
    0xc2, 0x0a, 0x0f, 0x04, 0x38, 0x03, 0x04, 0x01, 0xc2, 0x04, 0x0f, 0x0e, 0x09, 0x05, 0x01, 0x28,
    0x03, 0x0a, 0x0f, 0x0f, 0x0f, 0x0a, 0x02, 0x28, 0x01, 0x04, 0x09, 0x0f, 0x0e, 0x01, 0xc2, 0x07,
    0x06, 0x37, 0x09, 0x0f, 0x05, 0xc2, 0x0d, 0x0e, 0x02, 0x38, 0x09, 0x0f, 0x04, 0xc2, 0x05, 0x0f,
    0x0e, 0x09, 0x08, 0x0b, 0x0f, 0x0c, 0xb8, 0x04, 0x0b, 0x0e, 0x0f, 0x0d, 0x08, 0x01, 0x28, 0x09,
    0x0d, 0x02, 0xdf, 0x04, 0x0a, 0x0e, 0x01, 0x00, 0x28, 0x01, 0x08, 0x0f, 0x01, 0x00, 0x28, 0x0c,
    0x0d, 0x05, 0x10, 0x0c, 0x51, 0xaf, 0x04, 0x0f, 0x05, 0x00, 0x08, 0x0e, 0x02, 0xdd, 0x06, 0x0e,
    0x08, 0x0f, 0x04, 0x00, 0x28, 0x09, 0x0f, 0x06, 0x00, 0xd2, 0x01, 0x07, 0x0c, 0x0f, 0x0f, 0x0d,
    0x08, 0x01, 0xc2, 0x01, 0x0c, 0x0f, 0x0c, 0x09, 0x09, 0x0b, 0x0f, 0x0d, 0x02, 0x55, 0x08, 0x0f,
    0x09, 0x37, 0x05, 0x0f, 0x0b, 0x55, 0x0b, 0x0f, 0x02, 0x18, 0x0d, 0x0f, 0x55, 0x0a, 0x0f, 0x05,
    0xdf, 0x03, 0x0f, 0x0f, 0x08, 0x02, 0x00, 0x28, 0x03, 0x0c, 0x0f, 0x0f, 0x0c, 0x07, 0x02, 0x28,
    0x04, 0x09, 0x0d, 0x0f, 0x0f, 0x08, 0xdf, 0x04, 0x0c, 0x0f, 0x09, 0xdf, 0x01, 0x0e, 0x0f, 0x01,
    0x19, 0x02, 0x0f, 0x0b, 0x9d, 0x0c, 0x0f, 0x02, 0x2c, 0x0d, 0x0f, 0x05, 0x37, 0x03, 0x0f, 0x0e,
    0x55, 0x03, 0x0e, 0x0f, 0x0c, 0x09, 0x08, 0x0b, 0x0f, 0x0f, 0x05, 0xc2, 0x01, 0x08, 0x0c, 0x0e,
    0x0f, 0x0d, 0x0a, 0x03, 0x10, 0x0a, 0x00, 0xa4, 0x04, 0x07, 0x01, 0x00, 0x03, 0x08, 0x02, 0xb8,
    0x01, 0x0c, 0x0b, 0x01, 0x0d, 0x0a, 0x28, 0x02, 0x0e, 0x0e, 0x0c, 0xdf, 0x03, 0x07, 0x01, 0x51,
    0xd2, 0x03, 0x0b, 0x0e, 0x0f, 0x0d, 0x07, 0xb8, 0x03, 0x0e, 0x0e, 0x09, 0x08, 0x0c, 0x0f, 0x09,
    0x22, 0x09, 0x0f, 0x04, 0x38, 0x0c, 0x0f, 0x02, 0xc2, 0x0a, 0x0f, 0x04, 0x38, 0x03, 0x04, 0x01,
    0xc2, 0x04, 0x0f, 0x0e, 0x09, 0x05, 0x01, 0x28, 0x03, 0x0a, 0x0f, 0x0f, 0x0f, 0x0a, 0x02, 0x28,
    0x01, 0x04, 0x09, 0x0f, 0x0e, 0x01, 0xc2, 0x07, 0x06, 0x37, 0x09, 0x0f, 0x05, 0xc2, 0x0d, 0x0e,
    0x02, 0x38, 0x09, 0x0f, 0x04, 0xc2, 0x05, 0x0f, 0x0e, 0x09, 0x08, 0x0b, 0x0f, 0x0c, 0xb8, 0x04,
    0x0b, 0x0e, 0x0f, 0x0d, 0x08, 0x01, 0x10, 0x0c, 0x7d, 0x08, 0x0f, 0x0f, 0x0f, 0x0f, 0x0f, 0x0f,
    0x0f, 0x0f, 0x0f, 0x0f, 0x07, 0x19, 0x04, 0x08, 0x08, 0x08, 0x08, 0x0f, 0x0f, 0x08, 0x08, 0x08,
    0x08, 0x04, 0xb8, 0x0e, 0x0e, 0x1a, 0x0e, 0x0e, 0x1a, 0x0e, 0x0e, 0x1a, 0x0e, 0x0e, 0x1a, 0x0e,
    0x0e, 0x1a, 0x0e, 0x0e, 0x1a, 0x0e, 0x0e, 0x1a, 0x0e, 0x0e, 0x1a, 0x0e, 0x0e, 0x1a, 0x0e, 0x0e,
    0x1a, 0x0e, 0x0e, 0x1a, 0x0e, 0x0e, 0x1a, 0x09, 0x0d, 0x02, 0xdf, 0x04, 0x0a, 0x0e, 0x01, 0x00,
    0x28, 0x01, 0x08, 0x0f, 0x01, 0x00, 0x28, 0x0c, 0x0d, 0x05, 0x10, 0x07, 0x4c, 0xf6, 0x0f, 0x0c,
    0x1a, 0x0f, 0x0c, 0x00, 0x28, 0x0e, 0x0f, 0x0f, 0x0f, 0x0f, 0x0c, 0xdd, 0x05, 0x06, 0x0f, 0x0e,
    0x06, 0x05, 0x00, 0x28, 0x0f, 0x0c, 0x1a, 0x0f, 0x0c, 0x1a, 0x0f, 0x0c, 0x1a, 0x0f, 0x0c, 0x1a,
    0x0f, 0x0c, 0x1a, 0x0f, 0x0c, 0x1a, 0x0f, 0x0d, 0x1a, 0x0c, 0x0f, 0x0a, 0x08, 0x00, 0x28, 0x03,
    0x0c, 0x0f, 0x0b, 0xdf, 0x09, 0x0d, 0x02, 0xdf, 0x04, 0x0a, 0x0e, 0x01, 0x00, 0x28, 0x01, 0x08,
    0x0f, 0x01, 0x00, 0x28, 0x0c, 0x0d, 0x05, 0x10, 0x0c, 0x51, 0xaf, 0x04, 0x0f, 0x05, 0x00, 0x08,
    0x0e, 0x02, 0xdd, 0x06, 0x0e, 0x08, 0x0f, 0x04, 0x00, 0x28, 0x09, 0x0f, 0x06, 0x3a, 0x08, 0x0f,
    0x0f, 0x0f, 0x0f, 0x0f, 0x0f, 0x0f, 0x0f, 0x0f, 0x0f, 0x07, 0x19, 0x04, 0x08, 0x08, 0x08, 0x08,
    0x0f, 0x0f, 0x08, 0x08, 0x08, 0x08, 0x04, 0xb8, 0x0e, 0x0e, 0x1a, 0x0e, 0x0e, 0x1a, 0x0e, 0x0e,
    0x1a, 0x0e, 0x0e, 0x1a, 0x0e, 0x0e, 0x1a, 0x0e, 0x0e, 0x1a, 0x0e, 0x0e, 0x1a, 0x0e, 0x0e, 0x1a,
    0x0e, 0x0e, 0x1a, 0x0e, 0x0e, 0x1a, 0x0e, 0x0e, 0x1a, 0x0e, 0x0e, 0x10, 0x07, 0xde, 0x01, 0x04,
    0x01, 0xdf, 0x06, 0x0f, 0x05, 0xdf, 0x07, 0x0f, 0x03, 0xdf, 0x0c, 0x0d, 0x28, 0x0f, 0x0c, 0x00,
    0x06, 0x03, 0x28, 0x0f, 0x0c, 0x00, 0x28, 0x0e, 0x0f, 0x0f, 0x0f, 0x0f, 0x0c, 0xdd, 0x05, 0x06,
    0x0f, 0x0e, 0x06, 0x05, 0x00, 0x28, 0x0f, 0x0c, 0x1a, 0x0f, 0x0c, 0x1a, 0x0f, 0x0c, 0x1a, 0x0f,
    0x0c, 0x1a, 0x0f, 0x0c, 0x1a, 0x0f, 0x0c, 0x1a, 0x0f, 0x0d, 0x1a, 0x0c, 0x0f, 0x0a, 0x08, 0x00,
    0x28, 0x03, 0x0c, 0x0f, 0x0b, 0x10, 0x0c, 0x7d, 0x08, 0x0f, 0x0f, 0x0f, 0x0f, 0x0f, 0x0f, 0x0f,
    0x0f, 0x0f, 0x0f, 0x07, 0x19, 0x04, 0x08, 0x08, 0x08, 0x08, 0x0f, 0x0f, 0x08, 0x08, 0x08, 0x08,
    0x04, 0xb8, 0x0e, 0x0e, 0x1a, 0x0e, 0x0e, 0x28, 0x01, 0x0f, 0x0f, 0x0f, 0x0f, 0x0f, 0x0f, 0x03,
    0xb8, 0x07, 0x07, 0x0f, 0x0e, 0x07, 0x07, 0x01, 0x28, 0x0e, 0x0e, 0x1a, 0x0e, 0x0e, 0x1a, 0x0e,
    0x0e, 0x1a, 0x0e, 0x0e, 0x1a, 0x0e, 0x0e, 0x1a, 0x0e, 0x0e, 0x1a, 0x0e, 0x0e, 0x1a, 0x0e, 0x0e,
    0x10, 0x07, 0x51, 0x7d, 0x0f, 0x0c, 0x1a, 0x0f, 0x0c, 0x1a, 0x0f, 0x0c, 0x00, 0x28, 0x0e, 0x0f,
    0x0f, 0x0f, 0x0f, 0x0c, 0xdd, 0x05, 0x06, 0x0f, 0x0e, 0x06, 0x05, 0x00, 0x28, 0x0f, 0x0c, 0x28,
    0x02, 0x0f, 0x0f, 0x0f, 0x0f, 0x0f, 0x0f, 0x02, 0x22, 0x01, 0x07, 0x07, 0x0f, 0x0e, 0x07, 0x07,
    0x01, 0x28, 0x0f, 0x0c, 0x1a, 0x0f, 0x0c, 0x1a, 0x0f, 0x0c, 0x1a, 0x0e, 0x0d, 0x1a, 0x0b, 0x0f,
    0x0a, 0x08, 0x00, 0x28, 0x03, 0x0c, 0x0f, 0x0b, 0x10, 0x0d, 0x51, 0xaf, 0x01, 0x0b, 0x0e, 0x05,
    0x00, 0x03, 0x0f, 0x01, 0x22, 0x08, 0x0d, 0x07, 0x0d, 0x08, 0x0b, 0x0d, 0xb8, 0x0b, 0x07, 0x00,
    0x03, 0x0d, 0x0e, 0x04, 0x2e, 0x09, 0x0f, 0x04, 0x18, 0x03, 0x0f, 0x0a, 0x2c, 0x09, 0x0f, 0x04,
    0x18, 0x03, 0x0f, 0x0a, 0x2c, 0x09, 0x0f, 0x04, 0x18, 0x03, 0x0f, 0x0a, 0x2c, 0x09, 0x0f, 0x04,
    0x18, 0x03, 0x0f, 0x0a, 0x2c, 0x09, 0x0f, 0x04, 0x18, 0x03, 0x0f, 0x0a, 0x2c, 0x09, 0x0f, 0x04,
    0x18, 0x03, 0x0f, 0x0a, 0x2c, 0x09, 0x0f, 0x04, 0x18, 0x03, 0x0f, 0x0a, 0x2c, 0x09, 0x0f, 0x04,
    0x18, 0x03, 0x0f, 0x0a, 0x2c, 0x09, 0x0f, 0x04, 0x18, 0x03, 0x0f, 0x0a, 0x2c, 0x09, 0x0f, 0x04,
    0x18, 0x03, 0x0f, 0x0a, 0x2c, 0x08, 0x0f, 0x06, 0x18, 0x06, 0x0f, 0x08, 0x2c, 0x03, 0x0f, 0x0d,
    0x02, 0x38, 0x02, 0x0d, 0x0f, 0x03, 0x55, 0x07, 0x0f, 0x0e, 0x0a, 0x08, 0x0a, 0x0e, 0x0f, 0x07,
    0x22, 0x04, 0x0b, 0x0e, 0x0f, 0x0e, 0x0a, 0x04, 0x10, 0x0b, 0x51, 0xa4, 0x07, 0x0a, 0x03, 0x00,
    0x02, 0x0b, 0x01, 0x22, 0x06, 0x0f, 0x0a, 0x0d, 0x04, 0x08, 0x0e, 0xb8, 0x0b, 0x08, 0x00, 0x05,
    0x0f, 0x0f, 0x06, 0xb8, 0x03, 0x02, 0x51, 0x02, 0x02, 0xd2, 0x0a, 0x0f, 0x02, 0x38, 0x02, 0x0f,
    0x0a, 0xc2, 0x0a, 0x0f, 0x02, 0x38, 0x02, 0x0f, 0x0a, 0xc2, 0x0a, 0x0f, 0x02, 0x38, 0x02, 0x0f,
    0x0a, 0xc2, 0x0a, 0x0f, 0x02, 0x38, 0x02, 0x0f, 0x0a, 0xc2, 0x0a, 0x0f, 0x02, 0x38, 0x02, 0x0f,
    0x0a, 0xc2, 0x0a, 0x0f, 0x02, 0x38, 0x02, 0x0f, 0x0a, 0xc2, 0x0a, 0x0f, 0x02, 0x38, 0x02, 0x0f,
    0x0a, 0xc2, 0x0a, 0x0f, 0x03, 0x38, 0x03, 0x0f, 0x0a, 0xc2, 0x07, 0x0f, 0x07, 0x38, 0x08, 0x0f,
    0x0a, 0xc2, 0x02, 0x0f, 0x0f, 0x0a, 0x09, 0x0c, 0x0f, 0x0f, 0x0a, 0x22, 0x04, 0x0c, 0x0f, 0x0e,
    0x0b, 0x04, 0x0f, 0x0a, 0x10, 0x0d, 0x51, 0xaf, 0x01, 0x02, 0x02, 0x02, 0x02, 0x02, 0x02, 0xb8,
    0x09, 0x0f, 0x0f, 0x0f, 0x0f, 0x0f, 0x0e, 0xb8, 0x02, 0x04, 0x04, 0x04, 0x04, 0x04, 0x04, 0x2e,
    0x09, 0x0f, 0x04, 0x18, 0x03, 0x0f, 0x0a, 0x2c, 0x09, 0x0f, 0x04, 0x18, 0x03, 0x0f, 0x0a, 0x2c,
    0x09, 0x0f, 0x04, 0x18, 0x03, 0x0f, 0x0a, 0x2c, 0x09, 0x0f, 0x04, 0x18, 0x03, 0x0f, 0x0a, 0x2c,
    0x09, 0x0f, 0x04, 0x18, 0x03, 0x0f, 0x0a, 0x2c, 0x09, 0x0f, 0x04, 0x18, 0x03, 0x0f, 0x0a, 0x2c,
    0x09, 0x0f, 0x04, 0x18, 0x03, 0x0f, 0x0a, 0x2c, 0x09, 0x0f, 0x04, 0x18, 0x03, 0x0f, 0x0a, 0x2c,
    0x09, 0x0f, 0x04, 0x18, 0x03, 0x0f, 0x0a, 0x2c, 0x09, 0x0f, 0x04, 0x18, 0x03, 0x0f, 0x0a, 0x2c,
    0x08, 0x0f, 0x06, 0x18, 0x06, 0x0f, 0x08, 0x2c, 0x03, 0x0f, 0x0d, 0x02, 0x38, 0x02, 0x0d, 0x0f,
    0x03, 0x55, 0x07, 0x0f, 0x0e, 0x0a, 0x08, 0x0a, 0x0e, 0x0f, 0x07, 0x22, 0x04, 0x0b, 0x0e, 0x0f,
    0x0e, 0x0a, 0x04, 0x10, 0x0b, 0x52, 0x4a, 0x06, 0x0a, 0x0a, 0x0a, 0x0a, 0x0a, 0x09, 0xb8, 0x07,
    0x0b, 0x0b, 0x0b, 0x0b, 0x0b, 0x0b, 0x5e, 0x0a, 0x0f, 0x02, 0x38, 0x02, 0x0f, 0x0a, 0xc2, 0x0a,
    0x0f, 0x02, 0x38, 0x02, 0x0f, 0x0a, 0xc2, 0x0a, 0x0f, 0x02, 0x38, 0x02, 0x0f, 0x0a, 0xc2, 0x0a,
    0x0f, 0x02, 0x38, 0x02, 0x0f, 0x0a, 0xc2, 0x0a, 0x0f, 0x02, 0x38, 0x02, 0x0f, 0x0a, 0xc2, 0x0a,
    0x0f, 0x02, 0x38, 0x02, 0x0f, 0x0a, 0xc2, 0x0a, 0x0f, 0x02, 0x38, 0x02, 0x0f, 0x0a, 0xc2, 0x0a,
    0x0f, 0x03, 0x38, 0x03, 0x0f, 0x0a, 0xc2, 0x07, 0x0f, 0x07, 0x38, 0x08, 0x0f, 0x0a, 0xc2, 0x02,
    0x0f, 0x0f, 0x0a, 0x09, 0x0c, 0x0f, 0x0f, 0x0a, 0x22, 0x04, 0x0c, 0x0f, 0x0e, 0x0b, 0x04, 0x0f,
    0x0a, 0x10, 0x0d, 0x51, 0xaf, 0x0a, 0x0c, 0x51, 0x06, 0x0f, 0x01, 0xb8, 0x06, 0x0f, 0x05, 0x03,
    0x0c, 0x0b, 0x28, 0x08, 0x0e, 0x0f, 0x0b, 0x02, 0x3a, 0x09, 0x0f, 0x04, 0x18, 0x03, 0x0f, 0x0a,
    0x2c, 0x09, 0x0f, 0x04, 0x18, 0x03, 0x0f, 0x0a, 0x2c, 0x09, 0x0f, 0x04, 0x18, 0x03, 0x0f, 0x0a,
    0x2c, 0x09, 0x0f, 0x04, 0x18, 0x03, 0x0f, 0x0a, 0x2c, 0x09, 0x0f, 0x04, 0x18, 0x03, 0x0f, 0x0a,
    0x2c, 0x09, 0x0f, 0x04, 0x18, 0x03, 0x0f, 0x0a, 0x2c, 0x09, 0x0f, 0x04, 0x18, 0x03, 0x0f, 0x0a,
    0x2c, 0x09, 0x0f, 0x04, 0x18, 0x03, 0x0f, 0x0a, 0x2c, 0x09, 0x0f, 0x04, 0x18, 0x03, 0x0f, 0x0a,
    0x2c, 0x09, 0x0f, 0x04, 0x18, 0x03, 0x0f, 0x0a, 0x2c, 0x08, 0x0f, 0x06, 0x18, 0x06, 0x0f, 0x08,
    0x2c, 0x03, 0x0f, 0x0d, 0x02, 0x38, 0x02, 0x0d, 0x0f, 0x03, 0x55, 0x07, 0x0f, 0x0e, 0x0a, 0x08,
    0x0a, 0x0e, 0x0f, 0x07, 0x22, 0x04, 0x0b, 0x0e, 0x0f, 0x0e, 0x0a, 0x04, 0x10, 0x0b, 0x00, 0xa4,
    0x05, 0x06, 0x51, 0x03, 0x08, 0x01, 0xb8, 0x09, 0x0e, 0x01, 0x00, 0x09, 0x0e, 0xdd, 0x02, 0x0e,
    0x0c, 0x0b, 0x0f, 0x06, 0x28, 0x01, 0x06, 0x07, 0x03, 0x00, 0xd2, 0x0a, 0x0f, 0x02, 0x38, 0x02,
    0x0f, 0x0a, 0xc2, 0x0a, 0x0f, 0x02, 0x38, 0x02, 0x0f, 0x0a, 0xc2, 0x0a, 0x0f, 0x02, 0x38, 0x02,
    0x0f, 0x0a, 0xc2, 0x0a, 0x0f, 0x02, 0x38, 0x02, 0x0f, 0x0a, 0xc2, 0x0a, 0x0f, 0x02, 0x38, 0x02,
    0x0f, 0x0a, 0xc2, 0x0a, 0x0f, 0x02, 0x38, 0x02, 0x0f, 0x0a, 0xc2, 0x0a, 0x0f, 0x02, 0x38, 0x02,
    0x0f, 0x0a, 0xc2, 0x0a, 0x0f, 0x03, 0x38, 0x03, 0x0f, 0x0a, 0xc2, 0x07, 0x0f, 0x07, 0x38, 0x08,
    0x0f, 0x0a, 0xc2, 0x02, 0x0f, 0x0f, 0x0a, 0x09, 0x0c, 0x0f, 0x0f, 0x0a, 0x22, 0x04, 0x0c, 0x0f,
    0x0e, 0x0b, 0x04, 0x0f, 0x0a, 0x10, 0x0d, 0x9f, 0x03, 0x0c, 0x0e, 0x09, 0x00, 0x28, 0x0b, 0x05,
    0x00, 0x0b, 0x04, 0x28, 0x0b, 0x05, 0x00, 0x0b, 0x04, 0x28, 0x03, 0x0d, 0x0d, 0x09, 0xd2, 0x09,
    0x0f, 0x04, 0x18, 0x03, 0x0f, 0x0a, 0x2c, 0x09, 0x0f, 0x04, 0x18, 0x03, 0x0f, 0x0a, 0x2c, 0x09,
    0x0f, 0x04, 0x18, 0x03, 0x0f, 0x0a, 0x2c, 0x09, 0x0f, 0x04, 0x18, 0x03, 0x0f, 0x0a, 0x2c, 0x09,
    0x0f, 0x04, 0x18, 0x03, 0x0f, 0x0a, 0x2c, 0x09, 0x0f, 0x04, 0x18, 0x03, 0x0f, 0x0a, 0x2c, 0x09,
    0x0f, 0x04, 0x18, 0x03, 0x0f, 0x0a, 0x2c, 0x09, 0x0f, 0x04, 0x18, 0x03, 0x0f, 0x0a, 0x2c, 0x09,
    0x0f, 0x04, 0x18, 0x03, 0x0f, 0x0a, 0x2c, 0x09, 0x0f, 0x04, 0x18, 0x03, 0x0f, 0x0a, 0x2c, 0x08,
    0x0f, 0x06, 0x18, 0x06, 0x0f, 0x08, 0x2c, 0x03, 0x0f, 0x0d, 0x02, 0x38, 0x02, 0x0d, 0x0f, 0x03,
    0x55, 0x07, 0x0f, 0x0e, 0x0a, 0x08, 0x0a, 0x0e, 0x0f, 0x07, 0x22, 0x04, 0x0b, 0x0e, 0x0f, 0x0e,
    0x0a, 0x04, 0x10, 0x0b, 0xa6, 0x02, 0x03, 0xdf, 0x05, 0x0d, 0x0b, 0x0c, 0x01, 0x28, 0x0c, 0x04,
    0x00, 0x0a, 0x05, 0x28, 0x0a, 0x08, 0x03, 0x0d, 0x03, 0x28, 0x01, 0x09, 0x0b, 0x05, 0x00, 0xd2,
    0x0a, 0x0f, 0x02, 0x38, 0x02, 0x0f, 0x0a, 0xc2, 0x0a, 0x0f, 0x02, 0x38, 0x02, 0x0f, 0x0a, 0xc2,
    0x0a, 0x0f, 0x02, 0x38, 0x02, 0x0f, 0x0a, 0xc2, 0x0a, 0x0f, 0x02, 0x38, 0x02, 0x0f, 0x0a, 0xc2,
    0x0a, 0x0f, 0x02, 0x38, 0x02, 0x0f, 0x0a, 0xc2, 0x0a, 0x0f, 0x02, 0x38, 0x02, 0x0f, 0x0a, 0xc2,
    0x0a, 0x0f, 0x02, 0x38, 0x02, 0x0f, 0x0a, 0xc2, 0x0a, 0x0f, 0x03, 0x38, 0x03, 0x0f, 0x0a, 0xc2,
    0x07, 0x0f, 0x07, 0x38, 0x08, 0x0f, 0x0a, 0xc2, 0x02, 0x0f, 0x0f, 0x0a, 0x09, 0x0c, 0x0f, 0x0f,
    0x0a, 0x22, 0x04, 0x0c, 0x0f, 0x0e, 0x0b, 0x04, 0x0f, 0x0a, 0x10, 0x0d, 0xa9, 0x0a, 0x0f, 0x03,
    0x07, 0x0f, 0x08, 0xb8, 0x04, 0x0f, 0x07, 0x04, 0x0f, 0x09, 0xdd, 0x0c, 0x0b, 0x01, 0x0d, 0x0b,
    0x3a, 0x09, 0x0f, 0x04, 0x18, 0x03, 0x0f, 0x0a, 0x2c, 0x09, 0x0f, 0x04, 0x18, 0x03, 0x0f, 0x0a,
    0x2c, 0x09, 0x0f, 0x04, 0x18, 0x03, 0x0f, 0x0a, 0x2c, 0x09, 0x0f, 0x04, 0x18, 0x03, 0x0f, 0x0a,
    0x2c, 0x09, 0x0f, 0x04, 0x18, 0x03, 0x0f, 0x0a, 0x2c, 0x09, 0x0f, 0x04, 0x18, 0x03, 0x0f, 0x0a,
    0x2c, 0x09, 0x0f, 0x04, 0x18, 0x03, 0x0f, 0x0a, 0x2c, 0x09, 0x0f, 0x04, 0x18, 0x03, 0x0f, 0x0a,
    0x2c, 0x09, 0x0f, 0x04, 0x18, 0x03, 0x0f, 0x0a, 0x2c, 0x09, 0x0f, 0x04, 0x18, 0x03, 0x0f, 0x0a,
    0x2c, 0x08, 0x0f, 0x06, 0x18, 0x06, 0x0f, 0x08, 0x2c, 0x03, 0x0f, 0x0d, 0x02, 0x38, 0x02, 0x0d,
    0x0f, 0x03, 0x55, 0x07, 0x0f, 0x0e, 0x0a, 0x08, 0x0a, 0x0e, 0x0f, 0x07, 0x22, 0x04, 0x0b, 0x0e,
    0x0f, 0x0e, 0x0a, 0x04, 0x10, 0x0b, 0x38, 0xa4, 0x04, 0x08, 0x03, 0x02, 0x08, 0x05, 0xb8, 0x01,
    0x0e, 0x0c, 0x01, 0x0c, 0x0e, 0x02, 0xb8, 0x08, 0x0e, 0x02, 0x09, 0x0f, 0x03, 0xdd, 0x07, 0x04,
    0x01, 0x08, 0x04, 0xd2, 0x0a, 0x0f, 0x02, 0x38, 0x02, 0x0f, 0x0a, 0xc2, 0x0a, 0x0f, 0x02, 0x38,
    0x02, 0x0f, 0x0a, 0xc2, 0x0a, 0x0f, 0x02, 0x38, 0x02, 0x0f, 0x0a, 0xc2, 0x0a, 0x0f, 0x02, 0x38,
    0x02, 0x0f, 0x0a, 0xc2, 0x0a, 0x0f, 0x02, 0x38, 0x02, 0x0f, 0x0a, 0xc2, 0x0a, 0x0f, 0x02, 0x38,
    0x02, 0x0f, 0x0a, 0xc2, 0x0a, 0x0f, 0x02, 0x38, 0x02, 0x0f, 0x0a, 0xc2, 0x0a, 0x0f, 0x03, 0x38,
    0x03, 0x0f, 0x0a, 0xc2, 0x07, 0x0f, 0x07, 0x38, 0x08, 0x0f, 0x0a, 0xc2, 0x02, 0x0f, 0x0f, 0x0a,
    0x09, 0x0c, 0x0f, 0x0f, 0x0a, 0x22, 0x04, 0x0c, 0x0f, 0x0e, 0x0b, 0x04, 0x0f, 0x0a, 0x10, 0x0d,
    0x00, 0x7d, 0x09, 0x0f, 0x04, 0x18, 0x03, 0x0f, 0x0a, 0x2c, 0x09, 0x0f, 0x04, 0x18, 0x03, 0x0f,
    0x0a, 0x2c, 0x09, 0x0f, 0x04, 0x18, 0x03, 0x0f, 0x0a, 0x2c, 0x09, 0x0f, 0x04, 0x18, 0x03, 0x0f,
    0x0a, 0x2c, 0x09, 0x0f, 0x04, 0x18, 0x03, 0x0f, 0x0a, 0x2c, 0x09, 0x0f, 0x04, 0x18, 0x03, 0x0f,
    0x0a, 0x2c, 0x09, 0x0f, 0x04, 0x18, 0x03, 0x0f, 0x0a, 0x2c, 0x09, 0x0f, 0x04, 0x18, 0x03, 0x0f,
    0x0a, 0x2c, 0x09, 0x0f, 0x04, 0x18, 0x03, 0x0f, 0x0a, 0x2c, 0x09, 0x0f, 0x04, 0x18, 0x03, 0x0f,
    0x0a, 0x2c, 0x08, 0x0f, 0x06, 0x18, 0x06, 0x0f, 0x08, 0x2c, 0x03, 0x0f, 0x0d, 0x02, 0x38, 0x02,
    0x0d, 0x0f, 0x03, 0x55, 0x07, 0x0f, 0x0e, 0x0a, 0x08, 0x0a, 0x0e, 0x0f, 0x07, 0x22, 0x04, 0x0b,
    0x0e, 0x0f, 0x0f, 0x0e, 0x04, 0x00, 0x28, 0x09, 0x0e, 0x02, 0xdf, 0x0f, 0x09, 0x1a, 0x0f, 0x0c,
    0x06, 0x03, 0x00, 0x28, 0x06, 0x0e, 0x0e, 0x04, 0x10, 0x0b, 0x51, 0x7e, 0x0a, 0x0f, 0x02, 0x38,
    0x02, 0x0f, 0x0a, 0xc2, 0x0a, 0x0f, 0x02, 0x38, 0x02, 0x0f, 0x0a, 0xc2, 0x0a, 0x0f, 0x02, 0x38,
    0x02, 0x0f, 0x0a, 0xc2, 0x0a, 0x0f, 0x02, 0x38, 0x02, 0x0f, 0x0a, 0xc2, 0x0a, 0x0f, 0x02, 0x38,
    0x02, 0x0f, 0x0a, 0xc2, 0x0a, 0x0f, 0x02, 0x38, 0x02, 0x0f, 0x0a, 0xc2, 0x0a, 0x0f, 0x02, 0x38,
    0x02, 0x0f, 0x0a, 0xc2, 0x0a, 0x0f, 0x03, 0x38, 0x03, 0x0f, 0x0a, 0xc2, 0x07, 0x0f, 0x07, 0x38,
    0x08, 0x0f, 0x0a, 0xc2, 0x02, 0x0f, 0x0f, 0x0a, 0x09, 0x0c, 0x0f, 0x0f, 0x0a, 0x22, 0x04, 0x0c,
    0x0f, 0x0e, 0x0b, 0x05, 0x0f, 0x09, 0x00, 0x28, 0x01, 0x0d, 0x0a, 0x01, 0x00, 0x28, 0x08, 0x0e,
    0x01, 0xdf, 0x0a, 0x0f, 0x06, 0x05, 0x00, 0x28, 0x03, 0x0d, 0x0f, 0x08, 0x10, 0x12, 0xae, 0x06,
    0x0f, 0x08, 0x00, 0x28, 0x03, 0x0f, 0x08, 0x0f, 0x06, 0xdd, 0x02, 0x0e, 0x08, 0x00, 0x05, 0x0f,
    0x04, 0x5b, 0x04, 0x0f, 0x09, 0x18, 0x0e, 0x0e, 0x18, 0x0a, 0x0f, 0x03, 0x64, 0x01, 0x0f, 0x0c,
    0x37, 0x03, 0x0f, 0x0f, 0x03, 0x37, 0x0e, 0x0e, 0x3f, 0x0c, 0x0f, 0x01, 0x38, 0x08, 0x0f, 0x0f,
    0x07, 0x38, 0x02, 0x0f, 0x0b, 0x3f, 0x08, 0x0f, 0x04, 0x38, 0x0c, 0x0d, 0x0c, 0x0c, 0x38, 0x06,
    0x0f, 0x07, 0x3f, 0x04, 0x0f, 0x08, 0x51, 0x01, 0x0f, 0x09, 0x08, 0x0f, 0x01, 0x51, 0x09, 0x0f,
    0x03, 0x3f, 0x01, 0x0f, 0x0b, 0x51, 0x06, 0x0f, 0x04, 0x04, 0x0f, 0x05, 0x51, 0x0c, 0x0e, 0x66,
    0x0c, 0x0f, 0x51, 0x0a, 0x0e, 0x51, 0x0e, 0x09, 0x00, 0x01, 0x0f, 0x0b, 0x66, 0x08, 0x0f, 0x03,
    0x00, 0x0e, 0x0a, 0x51, 0x0b, 0x0d, 0x00, 0x04, 0x0f, 0x07, 0x66, 0x05, 0x0f, 0x07, 0x04, 0x0f,
    0x06, 0x51, 0x06, 0x0f, 0x03, 0x08, 0x0f, 0x03, 0x66, 0x01, 0x0f, 0x0a, 0x08, 0x0f, 0x01, 0x51,
    0x02, 0x0f, 0x07, 0x0b, 0x0e, 0x19, 0x0c, 0x0d, 0x0c, 0x0c, 0x37, 0x0d, 0x0b, 0x0e, 0x0b, 0x19,
    0x09, 0x0f, 0x0f, 0x07, 0x37, 0x08, 0x0e, 0x0f, 0x07, 0x19, 0x05, 0x0f, 0x0f, 0x03, 0x37, 0x04,
    0x0f, 0x0f, 0x04, 0x19, 0x01, 0x0f, 0x0d, 0x9d, 0x0e, 0x0f, 0x10, 0x0f, 0x18, 0xa4, 0x03, 0x0b,
    0x05, 0x00, 0x28, 0x02, 0x0d, 0x0b, 0x0f, 0x03, 0x28, 0x0c, 0x0b, 0x00, 0x08, 0x0e, 0x02, 0xb8,
    0x01, 0x04, 0x01, 0x51, 0x04, 0x02, 0x43, 0x07, 0x0f, 0x05, 0x38, 0x06, 0x0f, 0x06, 0x38, 0x05,
    0x0f, 0x06, 0x00, 0x3f, 0x02, 0x0f, 0x09, 0x38, 0x0a, 0x0f, 0x0a, 0x38, 0x09, 0x0f, 0x02, 0x66,
    0x0d, 0x0d, 0x38, 0x0e, 0x0f, 0x0e, 0x38, 0x0d, 0x0d, 0x41, 0x09, 0x0f, 0x02, 0x00, 0x04, 0x0f,
    0x07, 0x0f, 0x04, 0x00, 0x01, 0x0f, 0x09, 0x41, 0x05, 0x0f, 0x06, 0x00, 0x09, 0x0e, 0x01, 0x0e,
    0x08, 0x00, 0x05, 0x0f, 0x05, 0x41, 0x01, 0x0f, 0x09, 0x00, 0x0d, 0x09, 0x00, 0x0a, 0x0d, 0x00,
    0x09, 0x0f, 0x01, 0x19, 0x0c, 0x0d, 0x03, 0x0f, 0x05, 0x00, 0x05, 0x0f, 0x02, 0x0c, 0x0b, 0x2c,
    0x07, 0x0f, 0x09, 0x0f, 0x01, 0x00, 0x01, 0x0f, 0x08, 0x0f, 0x07, 0x2c, 0x03, 0x0f, 0x0f, 0x0b,
    0x38, 0x0b, 0x0e, 0x0f, 0x03, 0x55, 0x0e, 0x0f, 0x06, 0x38, 0x06, 0x0f, 0x0e, 0xc2, 0x0a, 0x0f,
    0x02, 0x38, 0x02, 0x0f, 0x0a, 0x10, 0x0c, 0xd5, 0x06, 0x0f, 0x08, 0x00, 0x28, 0x03, 0x0f, 0x08,
    0x0f, 0x06, 0xdd, 0x02, 0x0e, 0x08, 0x00, 0x05, 0x0f, 0x04, 0x2e, 0x09, 0x0f, 0x09, 0x9d, 0x08,
    0x0f, 0x09, 0x19, 0x01, 0x0e, 0x0f, 0x02, 0x37, 0x02, 0x0f, 0x0e, 0x01, 0x2c, 0x07, 0x0f, 0x09,
    0x37, 0x09, 0x0f, 0x07, 0xc2, 0x0d, 0x0f, 0x02, 0x51, 0x02, 0x0f, 0x0d, 0x22, 0x05, 0x0f, 0x0a,
    0x51, 0x0a, 0x0f, 0x05, 0xb8, 0x0c, 0x0f, 0x03, 0x03, 0x0f, 0x0b, 0xdd, 0x03, 0x0f, 0x0b, 0x0b,
    0x0f, 0x03, 0x28, 0x0a, 0x0f, 0x0f, 0x0a, 0x00, 0x28, 0x02, 0x0f, 0x0f, 0x02, 0xdf, 0x0e, 0x0e,
    0x1a, 0x0e, 0x0e, 0x1a, 0x0e, 0x0e, 0x1a, 0x0e, 0x0e, 0x1a, 0x0e, 0x0e, 0x10, 0x09, 0x51, 0xa4,
    0x03, 0x0b, 0x05, 0x00, 0x28, 0x02, 0x0d, 0x0b, 0x0f, 0x03, 0x28, 0x0c, 0x0b, 0x00, 0x08, 0x0e,
    0x02, 0xb8, 0x01, 0x04, 0x01, 0x51, 0x04, 0x02, 0x3a, 0x09, 0x0f, 0x05, 0x37, 0x0d, 0x0f, 0x01,
    0x55, 0x04, 0x0f, 0x0a, 0x38, 0x03, 0x0f, 0x0b, 0x22, 0x0d, 0x0f, 0x01, 0x51, 0x07, 0x0f, 0x05,
    0x22, 0x08, 0x0f, 0x05, 0x51, 0x0c, 0x0f, 0x01, 0x22, 0x03, 0x0f, 0x0a, 0x00, 0x02, 0x0f, 0x0a,
    0xdd, 0x0c, 0x0f, 0x01, 0x06, 0x0f, 0x05, 0xdd, 0x07, 0x0f, 0x05, 0x0b, 0x0e, 0x01, 0xdd, 0x02,
    0x0f, 0x0b, 0x0f, 0x0a, 0x00, 0x28, 0x0b, 0x0f, 0x0f, 0x04, 0x00, 0x28, 0x06, 0x0f, 0x0e, 0xdf,
    0x02, 0x0f, 0x09, 0xdf, 0x05, 0x0f, 0x04, 0xdf, 0x0c, 0x0d, 0x28, 0x02, 0x09, 0x0d, 0x0f, 0x06,
    0x28, 0x02, 0x0e, 0x0e, 0x07, 0x10, 0x0c, 0x51, 0xaf, 0x02, 0x03, 0x51, 0x02, 0x04, 0xdd, 0x0e,
    0x0f, 0x01, 0x00, 0x0b, 0x0f, 0x04, 0xb8, 0x08, 0x09, 0x51, 0x06, 0x0a, 0x01, 0x84, 0x09, 0x0f,
    0x09, 0x9d, 0x08, 0x0f, 0x09, 0x19, 0x01, 0x0e, 0x0f, 0x02, 0x37, 0x02, 0x0f, 0x0e, 0x01, 0x2c,
    0x07, 0x0f, 0x09, 0x37, 0x09, 0x0f, 0x07, 0xc2, 0x0d, 0x0f, 0x02, 0x51, 0x02, 0x0f, 0x0d, 0x22,
    0x05, 0x0f, 0x0a, 0x51, 0x0a, 0x0f, 0x05, 0xb8, 0x0c, 0x0f, 0x03, 0x03, 0x0f, 0x0b, 0xdd, 0x03,
    0x0f, 0x0b, 0x0b, 0x0f, 0x03, 0x28, 0x0a, 0x0f, 0x0f, 0x0a, 0x00, 0x28, 0x02, 0x0f, 0x0f, 0x02,
    0xdf, 0x0e, 0x0e, 0x1a, 0x0e, 0x0e, 0x1a, 0x0e, 0x0e, 0x1a, 0x0e, 0x0e, 0x1a, 0x0e, 0x0e, 0x10,
    0x0c, 0xe3, 0x03, 0x0f, 0x0c, 0x01, 0x00, 0x28, 0x0c, 0x0d, 0x01, 0x00, 0x28, 0x07, 0x0e, 0x02,
    0xd2, 0x0f, 0x0f, 0x0f, 0x0f, 0x0f, 0x0f, 0x0f, 0x0f, 0x0f, 0x0d, 0x55, 0x08, 0x08, 0x08, 0x08,
    0x08, 0x08, 0x08, 0x0c, 0x0f, 0x0b, 0x00, 0x28, 0x02, 0x0e, 0x0e, 0x02, 0x00, 0x28, 0x0b, 0x0f,
    0x06, 0x00, 0x28, 0x07, 0x0f, 0x0a, 0x00, 0x28, 0x03, 0x0f, 0x0e, 0x01, 0x28, 0x01, 0x0d, 0x0f,
    0x04, 0x00, 0x28, 0x09, 0x0f, 0x09, 0x00, 0x28, 0x04, 0x0f, 0x0d, 0x01, 0x28, 0x01, 0x0e, 0x0f,
    0x03, 0x00, 0x28, 0x0a, 0x0f, 0x07, 0x00, 0x28, 0x06, 0x0f, 0x0b, 0x00, 0x28, 0x01, 0x0e, 0x0f,
    0x0a, 0x08, 0x08, 0x08, 0x08, 0x08, 0x08, 0x08, 0x02, 0x19, 0x02, 0x0f, 0x0f, 0x0f, 0x0f, 0x0f,
    0x0f, 0x0f, 0x0f, 0x0f, 0x0f, 0x03, 0x10, 0x0a, 0x37, 0xa4, 0x01, 0x07, 0x07, 0x01, 0x00, 0x28,
    0x08, 0x0f, 0x06, 0x00, 0x28, 0x03, 0x0f, 0x08, 0xdf, 0x05, 0x07, 0x00, 0xd2, 0x01, 0x0f, 0x0f,
    0x0f, 0x0f, 0x0f, 0x0f, 0x0f, 0x0f, 0x22, 0x07, 0x07, 0x07, 0x07, 0x07, 0x0b, 0x0f, 0x0c, 0x00,
    0x28, 0x01, 0x0e, 0x0e, 0x02, 0x00, 0x28, 0x0a, 0x0f, 0x06, 0x00, 0x28, 0x06, 0x0f, 0x0a, 0x00,
    0x28, 0x03, 0x0f, 0x0d, 0x01, 0x00, 0x28, 0x0c, 0x0f, 0x03, 0x00, 0x28, 0x09, 0x0f, 0x07, 0x00,
    0x28, 0x04, 0x0f, 0x0b, 0x00, 0x28, 0x01, 0x0e, 0x0f, 0x09, 0x07, 0x07, 0x07, 0x07, 0x07, 0x02,
    0x55, 0x02, 0x0f, 0x0f, 0x0f, 0x0f, 0x0f, 0x0f, 0x0f, 0x0f, 0x04, 0x10, 0x0c, 0xa9, 0x01, 0x04,
    0x1a, 0x08, 0x0f, 0x07, 0xdf, 0x04, 0x0b, 0x03, 0xd2, 0x0f, 0x0f, 0x0f, 0x0f, 0x0f, 0x0f, 0x0f,
    0x0f, 0x0f, 0x0d, 0x55, 0x08, 0x08, 0x08, 0x08, 0x08, 0x08, 0x08, 0x0c, 0x0f, 0x0b, 0x00, 0x28,
    0x02, 0x0e, 0x0e, 0x02, 0x00, 0x28, 0x0b, 0x0f, 0x06, 0x00, 0x28, 0x07, 0x0f, 0x0a, 0x00, 0x28,
    0x03, 0x0f, 0x0e, 0x01, 0x28, 0x01, 0x0d, 0x0f, 0x04, 0x00, 0x28, 0x09, 0x0f, 0x09, 0x00, 0x28,
    0x04, 0x0f, 0x0d, 0x01, 0x28, 0x01, 0x0e, 0x0f, 0x03, 0x00, 0x28, 0x0a, 0x0f, 0x07, 0x00, 0x28,
    0x06, 0x0f, 0x0b, 0x00, 0x28, 0x01, 0x0e, 0x0f, 0x0a, 0x08, 0x08, 0x08, 0x08, 0x08, 0x08, 0x08,
    0x02, 0x19, 0x02, 0x0f, 0x0f, 0x0f, 0x0f, 0x0f, 0x0f, 0x0f, 0x0f, 0x0f, 0x0f, 0x03, 0x10, 0x0a,
    0x00, 0x97, 0x04, 0x0c, 0x03, 0xdf, 0x08, 0x0f, 0x07, 0x1a, 0x03, 0x00, 0xd2, 0x01, 0x0f, 0x0f,
    0x0f, 0x0f, 0x0f, 0x0f, 0x0f, 0x0f, 0x22, 0x07, 0x07, 0x07, 0x07, 0x07, 0x0b, 0x0f, 0x0c, 0x00,
    0x28, 0x01, 0x0e, 0x0e, 0x02, 0x00, 0x28, 0x0a, 0x0f, 0x06, 0x00, 0x28, 0x06, 0x0f, 0x0a, 0x00,
    0x28, 0x03, 0x0f, 0x0d, 0x01, 0x00, 0x28, 0x0c, 0x0f, 0x03, 0x00, 0x28, 0x09, 0x0f, 0x07, 0x00,
    0x28, 0x04, 0x0f, 0x0b, 0x00, 0x28, 0x01, 0x0e, 0x0f, 0x09, 0x07, 0x07, 0x07, 0x07, 0x07, 0x02,
    0x55, 0x02, 0x0f, 0x0f, 0x0f, 0x0f, 0x0f, 0x0f, 0x0f, 0x0f, 0x04, 0x10, 0x0c, 0x51, 0xaf, 0x04,
    0x0f, 0x05, 0x00, 0x08, 0x0e, 0x02, 0xdd, 0x06, 0x0e, 0x08, 0x0f, 0x04, 0x00, 0x28, 0x09, 0x0f,
    0x06, 0xd2, 0x0f, 0x0f, 0x0f, 0x0f, 0x0f, 0x0f, 0x0f, 0x0f, 0x0f, 0x0d, 0x55, 0x08, 0x08, 0x08,
    0x08, 0x08, 0x08, 0x08, 0x0c, 0x0f, 0x0b, 0x00, 0x28, 0x02, 0x0e, 0x0e, 0x02, 0x00, 0x28, 0x0b,
    0x0f, 0x06, 0x00, 0x28, 0x07, 0x0f, 0x0a, 0x00, 0x28, 0x03, 0x0f, 0x0e, 0x01, 0x28, 0x01, 0x0d,
    0x0f, 0x04, 0x00, 0x28, 0x09, 0x0f, 0x09, 0x00, 0x28, 0x04, 0x0f, 0x0d, 0x01, 0x28, 0x01, 0x0e,
    0x0f, 0x03, 0x00, 0x28, 0x0a, 0x0f, 0x07, 0x00, 0x28, 0x06, 0x0f, 0x0b, 0x00, 0x28, 0x01, 0x0e,
    0x0f, 0x0a, 0x08, 0x08, 0x08, 0x08, 0x08, 0x08, 0x08, 0x02, 0x19, 0x02, 0x0f, 0x0f, 0x0f, 0x0f,
    0x0f, 0x0f, 0x0f, 0x0f, 0x0f, 0x0f, 0x03, 0x10, 0x0a, 0x00, 0xa4, 0x04, 0x0b, 0x03, 0x00, 0x05,
    0x0b, 0x02, 0xdd, 0x0a, 0x0d, 0x04, 0x0f, 0x06, 0x00, 0x28, 0x0c, 0x0f, 0x09, 0xdf, 0x01, 0x04,
    0x00, 0xd2, 0x01, 0x0f, 0x0f, 0x0f, 0x0f, 0x0f, 0x0f, 0x0f, 0x0f, 0x22, 0x07, 0x07, 0x07, 0x07,
    0x07, 0x0b, 0x0f, 0x0c, 0x00, 0x28, 0x01, 0x0e, 0x0e, 0x02, 0x00, 0x28, 0x0a, 0x0f, 0x06, 0x00,
    0x28, 0x06, 0x0f, 0x0a, 0x00, 0x28, 0x03, 0x0f, 0x0d, 0x01, 0x00, 0x28, 0x0c, 0x0f, 0x03, 0x00,
    0x28, 0x09, 0x0f, 0x07, 0x00, 0x28, 0x04, 0x0f, 0x0b, 0x00, 0x28, 0x01, 0x0e, 0x0f, 0x09, 0x07,
    0x07, 0x07, 0x07, 0x07, 0x02, 0x55, 0x02, 0x0f, 0x0f, 0x0f, 0x0f, 0x0f, 0x0f, 0x0f, 0x0f, 0x04,
    0x10, 0x05, 0x52, 0x4a, 0x03, 0x0b, 0x0f, 0x0e, 0x03, 0xdd, 0x01, 0x0e, 0x0f, 0x09, 0x08, 0x01,
    0xdd, 0x05, 0x0f, 0x09, 0xdf, 0x06, 0x0f, 0x06, 0xdf, 0x06, 0x0f, 0x06, 0xdf, 0x06, 0x0f, 0x06,
    0xdf, 0x06, 0x0f, 0x06, 0xdf, 0x06, 0x0f, 0x06, 0xdf, 0x06, 0x0f, 0x06, 0xdf, 0x06, 0x0f, 0x06,
    0xdf, 0x06, 0x0f, 0x06, 0xdf, 0x06, 0x0f, 0x06, 0xdf, 0x06, 0x0f, 0x06, 0xdf, 0x06, 0x0f, 0x06,
    0xdf, 0x06, 0x0f, 0x06, 0x10,
};

static const uint16_t mf_rlefont_Roboto_Regular20_glyph_offsets_2[224] PROGMEM = {
    0x0000, 0x0003, 0x003a, 0x0095, 0x00f9, 0x017d, 0x01e9, 0x0228,
    0x02ce, 0x02e1, 0x0383, 0x03c2, 0x03f6, 0x0415, 0x0426, 0x04cd,
    0x04e0, 0x0501, 0x054d, 0x0584, 0x05b6, 0x05c8, 0x062f, 0x0698,
    0x06a5, 0x06bc, 0x06dc, 0x070d, 0x0745, 0x07b8, 0x0831, 0x08bb,
    0x0909, 0x0982, 0x09fc, 0x0a7b, 0x0b01, 0x0b83, 0x0c05, 0x0c9e,
    0x0d1a, 0x0d8b, 0x0dfc, 0x0e74, 0x0eec, 0x0f33, 0x0f7d, 0x0fce,
    0x101e, 0x10a3, 0x114f, 0x11d6, 0x125e, 0x12e9, 0x137b, 0x1403,
    0x144b, 0x14e7, 0x156b, 0x15f0, 0x1679, 0x1705, 0x1768, 0x17cb,
    0x184c, 0x18be, 0x1931, 0x19a9, 0x1a29, 0x1a9e, 0x1b17, 0x1bb3,
    0x1c16, 0x1c7e, 0x1ce8, 0x1d58, 0x1dc6, 0x1e05, 0x1e46, 0x1e8e,
    0x1ed2, 0x1f4a, 0x1fc6, 0x2031, 0x209e, 0x2111, 0x218b, 0x21fc,
    0x222a, 0x229b, 0x230a, 0x237b, 0x23f2, 0x2465, 0x24d8, 0x2559,
    0x25ce, 0x2653, 0x26c4, 0x2744, 0x27bf, 0x2841, 0x28b8, 0x292e,
    0x298f, 0x2a0b, 0x2a71, 0x2ae3, 0x2b3f, 0x2bc0, 0x2c28, 0x2cb8,
    0x101e, 0x2d2d, 0x2d9e, 0x2e19, 0x2e81, 0x2ef8, 0x2f69, 0x2fd6,
    0x303a, 0x30b3, 0x3122, 0x319e, 0x320e, 0x329c, 0x332b, 0x33b9,
    0x344b, 0x34cf, 0x3554, 0x35dd, 0x3667, 0x36f9, 0x3779, 0x3804,
    0x3874, 0x38cd, 0x3919, 0x396c, 0x39ab, 0x39fa, 0x3a43, 0x3a96,
    0x3ae6, 0x3b2b, 0x3b5a, 0x3bdf, 0x3c5f, 0x3cbf, 0x3d18, 0x3da3,
    0x3e1d, 0x3e7b, 0x3ed3, 0x3f20, 0x3f79, 0x3fc7, 0x401f, 0x4069,
    0x40ba, 0x40ff, 0x414f, 0x4193, 0x4234, 0x42a5, 0x4347, 0x43b5,
    0x445a, 0x44cf, 0x453d, 0x45e3, 0x464b, 0x46d3, 0x473e, 0x47ca,
    0x483e, 0x48ca, 0x4941, 0x49df, 0x4a74, 0x4b01, 0x4b4a, 0x4bd8,
    0x4c1e, 0x4cb0, 0x4cfc, 0x4d79, 0x4de4, 0x4e64, 0x4ed4, 0x4f56,
    0x4fc3, 0x5045, 0x50b7, 0x510b, 0x5158, 0x51ac, 0x51f6, 0x5241,
    0x5289, 0x5319, 0x5395, 0x5424, 0x5492, 0x551d, 0x5596, 0x5623,
    0x569b, 0x5725, 0x579f, 0x5829, 0x589d, 0x595b, 0x59f6, 0x5a5d,
    0x5ad6, 0x5b40, 0x5bb7, 0x5c1c, 0x5c8f, 0x5cec, 0x5d68, 0x5dd1,
};

static const uint8_t mf_rlefont_Roboto_Regular20_glyph_data_3[674] PROGMEM = {
    0x0e, 0x51, 0x7d, 0x03, 0x09, 0x0d, 0x0f, 0x0f, 0x0e, 0x0a, 0x04, 0x22, 0x09, 0x0f, 0x0b, 0x09,
    0x09, 0x0a, 0x0e, 0x0f, 0x09, 0xc2, 0x02, 0x01, 0x37, 0x01, 0x0b, 0x0f, 0x08, 0xdf, 0x01, 0x0e,
    0x0f, 0x02, 0xdf, 0x08, 0x0f, 0x06, 0xdf, 0x04, 0x0f, 0x09, 0x41, 0x01, 0x07, 0x07, 0x07, 0x07,
    0x07, 0x07, 0x07, 0x07, 0x07, 0x09, 0x0f, 0x0a, 0x41, 0x01, 0x0f, 0x0f, 0x0f, 0x0f, 0x0f, 0x0f,
    0x0f, 0x0f, 0x0f, 0x0f, 0x0f, 0x0a, 0x41, 0x01, 0x0f, 0x0c, 0x4c, 0x04, 0x0f, 0x09, 0x19, 0x0e,
    0x0e, 0x4c, 0x08, 0x0f, 0x06, 0x19, 0x0a, 0x0f, 0x04, 0x18, 0x01, 0x0e, 0x0f, 0x01, 0x19, 0x03,
    0x0f, 0x0d, 0x02, 0x38, 0x01, 0x0b, 0x0f, 0x07, 0x55, 0x06, 0x0f, 0x0f, 0x0b, 0x09, 0x0a, 0x0e,
    0x0f, 0x09, 0x22, 0x03, 0x0a, 0x0d, 0x0f, 0x0e, 0x0b, 0x05, 0x10, 0x00, 0x07, 0x97, 0x08, 0x0e,
    0x0f, 0x0a, 0x28, 0x07, 0x0f, 0x0d, 0x08, 0x06, 0x28, 0x0c, 0x0f, 0x01, 0xdf, 0x0d, 0x0e, 0x00,
    0x28, 0x08, 0x0f, 0x0f, 0x0f, 0x0f, 0x0e, 0xdd, 0x03, 0x06, 0x0e, 0x0f, 0x06, 0x05, 0x00, 0x28,
    0x0d, 0x0e, 0x1a, 0x0d, 0x0e, 0x1a, 0x0d, 0x0e, 0x1a, 0x0d, 0x0e, 0x1a, 0x0d, 0x0e, 0x1a, 0x0d,
    0x0e, 0x1a, 0x0d, 0x0e, 0x1a, 0x0d, 0x0e, 0x1a, 0x0d, 0x0e, 0x1a, 0x0d, 0x0e, 0xdf, 0x01, 0x0e,
    0x0d, 0x28, 0x01, 0x08, 0x0b, 0x0f, 0x08, 0x28, 0x03, 0x0f, 0x0e, 0x09, 0x10, 0x0e, 0x00, 0xd3,
    0x0a, 0x0f, 0x2c, 0x02, 0x09, 0x0d, 0x0f, 0x0e, 0x0b, 0x05, 0x51, 0x0d, 0x0c, 0x19, 0x03, 0x0e,
    0x0f, 0x0c, 0x09, 0x0b, 0x0e, 0x0f, 0x0a, 0x0c, 0x0f, 0x05, 0x41, 0x01, 0x0e, 0x0f, 0x05, 0x38,
    0x01, 0x0c, 0x0f, 0x0d, 0x04, 0x19, 0x07, 0x0f, 0x08, 0x18, 0x02, 0x0f, 0x0d, 0x2c, 0x0b, 0x0f,
    0x02, 0x9d, 0x0a, 0x0f, 0x03, 0x19, 0x0e, 0x0e, 0x4c, 0x08, 0x0f, 0x06, 0x19, 0x0f, 0x0d, 0x4c,
    0x07, 0x0f, 0x07, 0x19, 0x0f, 0x0d, 0x4c, 0x07, 0x0f, 0x07, 0x19, 0x0e, 0x0e, 0x4c, 0x08, 0x0f,
    0x06, 0x19, 0x0c, 0x0f, 0x02, 0x9d, 0x0a, 0x0f, 0x03, 0x19, 0x07, 0x0f, 0x08, 0x18, 0x01, 0x0e,
    0x0d, 0x2c, 0x01, 0x0d, 0x0f, 0x05, 0x38, 0x01, 0x0b, 0x0f, 0x06, 0x55, 0x03, 0x0e, 0x0f, 0x0c,
    0x09, 0x0a, 0x0e, 0x0f, 0x09, 0x22, 0x02, 0x09, 0x0d, 0x0f, 0x0e, 0x0b, 0x05, 0x10, 0x0b, 0x37,
    0xb9, 0x0a, 0x0c, 0xc2, 0x07, 0x0d, 0x0f, 0x0e, 0x0a, 0x02, 0x00, 0x0d, 0x09, 0x55, 0x0b, 0x0f,
    0x0c, 0x08, 0x09, 0x0f, 0x0e, 0x0d, 0x0e, 0x03, 0x2c, 0x06, 0x0f, 0x09, 0x38, 0x04, 0x0f, 0x0e,
    0x02, 0x55, 0x0d, 0x0f, 0x01, 0x37, 0x0a, 0x0f, 0x04, 0x2c, 0x01, 0x0f, 0x0c, 0x18, 0x06, 0x0f,
    0x07, 0x2c, 0x01, 0x0f, 0x0b, 0x18, 0x05, 0x0f, 0x08, 0x2c, 0x01, 0x0f, 0x0c, 0x18, 0x06, 0x0f,
    0x07, 0x55, 0x0d, 0x0f, 0x01, 0x37, 0x09, 0x0f, 0x04, 0x55, 0x07, 0x0f, 0x09, 0x38, 0x03, 0x0f,
    0x0d, 0x22, 0x0b, 0x0f, 0x0c, 0x08, 0x09, 0x0f, 0x0e, 0x03, 0xb8, 0x07, 0x0d, 0x0f, 0x0e, 0x0a,
    0x02, 0x10, 0x0e, 0x51, 0xd3, 0x04, 0x0f, 0x04, 0x00, 0x3f, 0x09, 0x0f, 0x04, 0x18, 0x03, 0x0f,
    0x0a, 0x00, 0x07, 0x0f, 0x02, 0x00, 0x3f, 0x09, 0x0f, 0x04, 0x18, 0x03, 0x0f, 0x0a, 0x03, 0x0d,
    0x0c, 0x66, 0x09, 0x0f, 0x04, 0x18, 0x03, 0x0f, 0x0f, 0x0f, 0x0d, 0x03, 0x66, 0x09, 0x0f, 0x04,
    0x18, 0x03, 0x0f, 0x0c, 0x04, 0x19, 0x09, 0x0f, 0x04, 0x18, 0x03, 0x0f, 0x0a, 0x2c, 0x09, 0x0f,
    0x04, 0x18, 0x03, 0x0f, 0x0a, 0x2c, 0x09, 0x0f, 0x04, 0x18, 0x03, 0x0f, 0x0a, 0x2c, 0x09, 0x0f,
    0x04, 0x18, 0x03, 0x0f, 0x0a, 0x2c, 0x09, 0x0f, 0x04, 0x18, 0x03, 0x0f, 0x0a, 0x2c, 0x09, 0x0f,
    0x04, 0x18, 0x03, 0x0f, 0x0a, 0x2c, 0x08, 0x0f, 0x06, 0x18, 0x06, 0x0f, 0x08, 0x2c, 0x03, 0x0f,
    0x0d, 0x02, 0x38, 0x02, 0x0d, 0x0f, 0x03, 0x55, 0x07, 0x0f, 0x0e, 0x0a, 0x08, 0x0a, 0x0e, 0x0f,
    0x07, 0x22, 0x04, 0x0b, 0x0e, 0x0f, 0x0e, 0x0a, 0x04, 0x10, 0x0c, 0xfd, 0x0b, 0x0a, 0x19, 0x0a,
    0x0f, 0x02, 0x38, 0x02, 0x0f, 0x0a, 0x01, 0x0e, 0x07, 0x19, 0x0a, 0x0f, 0x02, 0x38, 0x02, 0x0f,
    0x0e, 0x0e, 0x0d, 0x01, 0x19, 0x0a, 0x0f, 0x02, 0x38, 0x02, 0x0f, 0x0c, 0x04, 0x01, 0x2c, 0x0a,
    0x0f, 0x02, 0x38, 0x02, 0x0f, 0x0a, 0xc2, 0x0a, 0x0f, 0x02, 0x38, 0x02, 0x0f, 0x0a, 0xc2, 0x0a,
    0x0f, 0x02, 0x38, 0x02, 0x0f, 0x0a, 0xc2, 0x0a, 0x0f, 0x02, 0x38, 0x02, 0x0f, 0x0a, 0xc2, 0x0a,
    0x0f, 0x03, 0x38, 0x03, 0x0f, 0x0a, 0xc2, 0x07, 0x0f, 0x07, 0x38, 0x08, 0x0f, 0x0a, 0xc2, 0x02,
    0x0f, 0x0f, 0x0a, 0x09, 0x0c, 0x0f, 0x0f, 0x0a, 0x22, 0x04, 0x0c, 0x0f, 0x0e, 0x0b, 0x04, 0x0f,
    0x0a, 0x10,
};

static const uint16_t mf_rlefont_Roboto_Regular20_glyph_offsets_3[34] PROGMEM = {
    0x0000, 0x007b, 0x007b, 0x007c, 0x007b, 0x007b, 0x007b, 0x007b,
    0x007b, 0x007b, 0x007b, 0x007b, 0x007b, 0x007b, 0x007b, 0x007b,
    0x007b, 0x00cd, 0x014e, 0x007b, 0x007b, 0x007b, 0x007b, 0x007b,
    0x007b, 0x007b, 0x007b, 0x007b, 0x007b, 0x007b, 0x007b, 0x007b,
    0x01b2, 0x023a,
};

static const uint8_t mf_rlefont_Roboto_Regular20_glyph_data_4[992] PROGMEM = {
    0x05, 0x51, 0xd7, 0x02, 0x04, 0x51, 0x01, 0x04, 0x01, 0xb8, 0x02, 0x0e, 0x08, 0x00, 0x0b, 0x0c,
    0x01, 0xdd, 0x04, 0x0f, 0x0b, 0x0e, 0x02, 0x00, 0x28, 0x05, 0x0b, 0x03, 0x1f, 0x05, 0x0f, 0x08,
    0xdf, 0x05, 0x0f, 0x08, 0xdf, 0x05, 0x0f, 0x08, 0xdf, 0x05, 0x0f, 0x08, 0xdf, 0x05, 0x0f, 0x08,
    0xdf, 0x05, 0x0f, 0x08, 0xdf, 0x05, 0x0f, 0x08, 0xdf, 0x05, 0x0f, 0x08, 0xdf, 0x05, 0x0f, 0x08,
    0xdf, 0x05, 0x0f, 0x08, 0xdf, 0x05, 0x0f, 0x08, 0xdf, 0x05, 0x0f, 0x07, 0xdf, 0x07, 0x0f, 0x06,
    0x28, 0x05, 0x08, 0x0e, 0x0e, 0x02, 0x28, 0x0a, 0x0f, 0x0c, 0x04, 0x10, 0x00, 0x0d, 0x53, 0x06,
    0x06, 0xdf, 0x07, 0x0d, 0x02, 0xdf, 0x08, 0x02, 0xdf, 0x04, 0x06, 0x01, 0x00, 0x28, 0x04, 0x0b,
    0x06, 0x0a, 0x00, 0x28, 0x06, 0x08, 0x02, 0x0c, 0xdf, 0x0c, 0x0f, 0x09, 0xdf, 0x0d, 0x0f, 0x0e,
    0x00, 0x28, 0x04, 0x0f, 0x0c, 0x0f, 0x05, 0x28, 0x0a, 0x0f, 0x02, 0x0e, 0x0b, 0xdd, 0x01, 0x0f,
    0x0b, 0x00, 0x0a, 0x0f, 0x02, 0xb8, 0x06, 0x0f, 0x05, 0x00, 0x04, 0x0f, 0x07, 0xb8, 0x0c, 0x0e,
    0x38, 0x0d, 0x0d, 0x22, 0x03, 0x0f, 0x09, 0x38, 0x08, 0x0f, 0x04, 0xc2, 0x09, 0x0f, 0x0b, 0x08,
    0x08, 0x08, 0x0a, 0x0f, 0x0a, 0x55, 0x01, 0x0e, 0x0f, 0x0f, 0x0f, 0x0f, 0x0f, 0x0f, 0x0f, 0x0f,
    0x01, 0x2c, 0x05, 0x0f, 0x07, 0x18, 0x06, 0x0f, 0x07, 0x2c, 0x0b, 0x0f, 0x02, 0x18, 0x01, 0x0f,
    0x0c, 0x19, 0x02, 0x0f, 0x0b, 0x4c, 0x0a, 0x0f, 0x03, 0x41, 0x08, 0x0f, 0x06, 0x4c, 0x05, 0x0f,
    0x09, 0x10, 0x0b, 0xde, 0x02, 0x0e, 0x08, 0xdf, 0x0c, 0x08, 0xcb, 0x01, 0x0b, 0x0c, 0x05, 0x00,
    0x28, 0x06, 0x07, 0x01, 0x0c, 0x00, 0x28, 0x03, 0x0c, 0x0a, 0x09, 0x28, 0x02, 0x09, 0x0e, 0x0f,
    0x0e, 0x09, 0x01, 0x22, 0x02, 0x0e, 0x0f, 0x09, 0x07, 0x0b, 0x0f, 0x0c, 0x22, 0x09, 0x0f, 0x05,
    0x38, 0x0a, 0x0f, 0x04, 0xc2, 0x01, 0x02, 0x37, 0x06, 0x0f, 0x06, 0x22, 0x03, 0x0a, 0x0d, 0x0f,
    0x0f, 0x0f, 0x0f, 0x06, 0xc2, 0x04, 0x0f, 0x0e, 0x07, 0x05, 0x04, 0x08, 0x0f, 0x06, 0xc2, 0x0b,
    0x0f, 0x02, 0x38, 0x06, 0x0f, 0x06, 0xc2, 0x0e, 0x0e, 0x37, 0x07, 0x0f, 0x06, 0xc2, 0x0c, 0x0f,
    0x03, 0x51, 0x02, 0x0d, 0x0f, 0x06, 0xc2, 0x06, 0x0f, 0x0e, 0x0a, 0x0a, 0x0e, 0x0e, 0x0f, 0x07,
    0x22, 0x06, 0x0d, 0x0f, 0x0e, 0x08, 0x04, 0x0f, 0x0a, 0x10, 0x13, 0x45, 0x03, 0x0f, 0x0c, 0x01,
    0x00, 0x28, 0x0c, 0x0d, 0x01, 0x00, 0x28, 0x07, 0x0e, 0x02, 0x1f, 0x0d, 0x0f, 0x0f, 0x0f, 0x0f,
    0x0f, 0x0f, 0x0f, 0x0f, 0x0b, 0x2c, 0x07, 0x0f, 0x0f, 0x0f, 0x08, 0x07, 0x07, 0x07, 0x07, 0x07,
    0x05, 0x19, 0x02, 0x0e, 0x0d, 0x0c, 0x0f, 0x01, 0xdd, 0x0a, 0x0f, 0x04, 0x0b, 0x0f, 0x01, 0xb8,
    0x05, 0x0f, 0x0a, 0x00, 0x0a, 0x0f, 0x02, 0x22, 0x01, 0x0d, 0x0e, 0x02, 0x00, 0x0a, 0x0f, 0x09,
    0x07, 0x07, 0x07, 0x07, 0x07, 0x41, 0x08, 0x0f, 0x07, 0x51, 0x09, 0x0f, 0x0f, 0x0f, 0x0f, 0x0f,
    0x0f, 0x0f, 0x66, 0x03, 0x0f, 0x0d, 0x01, 0x51, 0x08, 0x0f, 0x04, 0xc2, 0x0c, 0x0f, 0x05, 0x38,
    0x08, 0x0f, 0x05, 0x55, 0x06, 0x0f, 0x0f, 0x0b, 0x0b, 0x0b, 0x0b, 0x0d, 0x0f, 0x05, 0x2c, 0x01,
    0x0e, 0x0f, 0x0f, 0x0f, 0x0f, 0x0f, 0x0f, 0x0f, 0x0f, 0x06, 0x2c, 0x09, 0x0f, 0x08, 0x18, 0x06,
    0x0f, 0x07, 0x19, 0x03, 0x0f, 0x0e, 0x01, 0x18, 0x05, 0x0f, 0x0b, 0x07, 0x07, 0x07, 0x07, 0x07,
    0x07, 0x03, 0x2d, 0x0c, 0x0f, 0x06, 0x9d, 0x04, 0x0f, 0x0f, 0x0f, 0x0f, 0x0f, 0x0f, 0x0f, 0x0f,
    0x05, 0x10, 0x11, 0x3e, 0x01, 0x07, 0x07, 0x01, 0x00, 0x28, 0x08, 0x0f, 0x06, 0x00, 0x28, 0x03,
    0x0f, 0x08, 0xdf, 0x05, 0x07, 0xd2, 0x04, 0x0b, 0x0e, 0x0f, 0x0d, 0x06, 0x00, 0x04, 0x0b, 0x0f,
    0x0e, 0x0b, 0x04, 0x66, 0x05, 0x0f, 0x0e, 0x09, 0x08, 0x0d, 0x0f, 0x0a, 0x0f, 0x0d, 0x08, 0x08,
    0x0e, 0x0f, 0x04, 0x00, 0x3f, 0x0d, 0x0f, 0x02, 0x51, 0x01, 0x0e, 0x0f, 0x0d, 0x01, 0x51, 0x02,
    0x0e, 0x0c, 0x00, 0x3f, 0x03, 0x04, 0x37, 0x0b, 0x0f, 0x06, 0x37, 0x0a, 0x0f, 0x01, 0x66, 0x03,
    0x05, 0x06, 0x06, 0x0c, 0x0f, 0x08, 0x06, 0x06, 0x06, 0x06, 0x0b, 0x0f, 0x03, 0x3f, 0x03, 0x0d,
    0x0f, 0x0f, 0x0f, 0x0f, 0x0f, 0x0f, 0x0f, 0x0f, 0x0f, 0x0f, 0x0f, 0x0f, 0x0f, 0x03, 0x3f, 0x0e,
    0x0f, 0x06, 0x01, 0x51, 0x0b, 0x0f, 0x04, 0x55, 0x03, 0x0f, 0x0a, 0x37, 0x0a, 0x0f, 0x06, 0x55,
    0x03, 0x0f, 0x0b, 0x38, 0x02, 0x0d, 0x0f, 0x0d, 0x02, 0x38, 0x01, 0x03, 0x00, 0x3f, 0x0c, 0x0f,
    0x0b, 0x07, 0x09, 0x0e, 0x0e, 0x08, 0x0f, 0x0e, 0x09, 0x08, 0x09, 0x0e, 0x0d, 0x00, 0x3f, 0x02,
    0x0a, 0x0e, 0x0f, 0x0d, 0x09, 0x02, 0x00, 0x03, 0x0b, 0x0e, 0x0f, 0x0e, 0x0a, 0x03, 0x10, 0x0e,
    0x80, 0x01, 0x07, 0x07, 0x01, 0x00, 0x28, 0x08, 0x0f, 0x06, 0x00, 0x28, 0x03, 0x0f, 0x08, 0xdf,
    0x05, 0x07, 0x29, 0x04, 0x04, 0x55, 0x01, 0x08, 0x0d, 0x0f, 0x0e, 0x0c, 0x06, 0x03, 0x0f, 0x03,
    0x2c, 0x02, 0x0d, 0x0f, 0x0d, 0x0a, 0x0a, 0x0e, 0x0f, 0x0f, 0x08, 0x55, 0x0c, 0x0f, 0x07, 0x38,
    0x01, 0x0c, 0x0f, 0x08, 0x2c, 0x04, 0x0f, 0x0a, 0x37, 0x02, 0x0e, 0x0e, 0x0f, 0x01, 0x19, 0x09,
    0x0f, 0x05, 0x37, 0x0b, 0x09, 0x08, 0x0f, 0x06, 0x19, 0x0c, 0x0f, 0x02, 0x38, 0x06, 0x0e, 0x01,
    0x05, 0x0f, 0x08, 0x19, 0x0d, 0x0f, 0x01, 0x51, 0x02, 0x0e, 0x05, 0x00, 0x04, 0x0f, 0x09, 0x19,
    0x0d, 0x0f, 0x01, 0x51, 0x0b, 0x0a, 0x51, 0x04, 0x0f, 0x09, 0x19, 0x0c, 0x0f, 0x02, 0x00, 0x05,
    0x0e, 0x01, 0x51, 0x05, 0x0f, 0x08, 0x19, 0x09, 0x0f, 0x05, 0x01, 0x0e, 0x06, 0x38, 0x08, 0x0f,
    0x06, 0x19, 0x04, 0x0f, 0x0b, 0x0a, 0x0b, 0x37, 0x0d, 0x0f, 0x01, 0x2c, 0x0c, 0x0f, 0x0f, 0x02,
    0x38, 0x09, 0x0f, 0x09, 0x55, 0x03, 0x0f, 0x0f, 0x0d, 0x09, 0x0a, 0x0e, 0x0f, 0x0b, 0x01, 0x55,
    0x09, 0x0c, 0x08, 0x0d, 0x0f, 0x0e, 0x0c, 0x06, 0xc2, 0x02, 0x0b, 0x02, 0x10, 0x0b, 0x18, 0xa4,
    0x04, 0x04, 0x01, 0x00, 0x28, 0x06, 0x0f, 0x09, 0x00, 0x28, 0x01, 0x0e, 0x0b, 0xdf, 0x06, 0x0a,
    0x01, 0x93, 0x0d, 0x05, 0xb8, 0x07, 0x0d, 0x0f, 0x0e, 0x0c, 0x0d, 0xb8, 0x0b, 0x0f, 0x0c, 0x08,
    0x09, 0x0f, 0x0e, 0x03, 0xc2, 0x06, 0x0f, 0x09, 0x51, 0x05, 0x0d, 0x0f, 0x0d, 0xc2, 0x0d, 0x0f,
    0x01, 0x51, 0x0d, 0x05, 0x0a, 0x0f, 0x04, 0x2c, 0x01, 0x0f, 0x0c, 0x51, 0x05, 0x0d, 0x00, 0x06,
    0x0f, 0x07, 0x2c, 0x01, 0x0f, 0x0b, 0x51, 0x0d, 0x05, 0x00, 0x05, 0x0f, 0x08, 0x2c, 0x01, 0x0f,
    0x0c, 0x00, 0x05, 0x0d, 0x51, 0x06, 0x0f, 0x07, 0x55, 0x0d, 0x0f, 0x01, 0x0c, 0x05, 0x51, 0x09,
    0x0f, 0x04, 0x55, 0x07, 0x0f, 0x0c, 0x0d, 0x51, 0x03, 0x0f, 0x0d, 0x22, 0x0b, 0x0f, 0x0d, 0x08,
    0x09, 0x0f, 0x0e, 0x03, 0x22, 0x05, 0x0e, 0x0d, 0x0f, 0x0e, 0x0a, 0x02, 0xb8, 0x0c, 0x06, 0x10,
};

static const uint16_t mf_rlefont_Roboto_Regular20_glyph_offsets_4[16] PROGMEM = {
    0x0000, 0x005c, 0x005c, 0x005c, 0x005c, 0x005c, 0x005c, 0x005c,
    0x005c, 0x005c, 0x005d, 0x00e2, 0x015a, 0x0202, 0x02af, 0x035d,
};

static const uint8_t mf_rlefont_Roboto_Regular20_glyph_data_5[384] PROGMEM = {
    0x0c, 0x51, 0x7d, 0x01, 0x07, 0x0c, 0x0f, 0x0f, 0x0d, 0x08, 0x01, 0xc2, 0x01, 0x0c, 0x0f, 0x0c,
    0x09, 0x09, 0x0b, 0x0f, 0x0d, 0x02, 0x55, 0x08, 0x0f, 0x09, 0x37, 0x05, 0x0f, 0x0b, 0x55, 0x0b,
    0x0f, 0x02, 0x18, 0x0d, 0x0f, 0x55, 0x0a, 0x0f, 0x05, 0xdf, 0x03, 0x0f, 0x0f, 0x08, 0x02, 0x00,
    0x28, 0x03, 0x0c, 0x0f, 0x0f, 0x0c, 0x07, 0x02, 0x28, 0x04, 0x09, 0x0d, 0x0f, 0x0f, 0x08, 0xdf,
    0x04, 0x0c, 0x0f, 0x09, 0xdf, 0x01, 0x0e, 0x0f, 0x01, 0x19, 0x02, 0x0f, 0x0b, 0x9d, 0x0c, 0x0f,
    0x02, 0x2c, 0x0d, 0x0f, 0x05, 0x37, 0x03, 0x0f, 0x0e, 0x55, 0x03, 0x0e, 0x0f, 0x0c, 0x09, 0x08,
    0x0b, 0x0f, 0x0f, 0x05, 0xc2, 0x01, 0x08, 0x0c, 0x0e, 0x0f, 0x0d, 0x0a, 0x03, 0x51, 0xd2, 0x06,
    0x0f, 0x05, 0xdf, 0x07, 0x0f, 0x04, 0xdf, 0x0b, 0x0e, 0x01, 0xdf, 0x0a, 0x06, 0x10, 0x0a, 0x38,
    0x7e, 0x03, 0x0b, 0x0e, 0x0f, 0x0d, 0x07, 0xb8, 0x03, 0x0e, 0x0e, 0x09, 0x08, 0x0c, 0x0f, 0x09,
    0x22, 0x09, 0x0f, 0x04, 0x38, 0x0c, 0x0f, 0x02, 0xc2, 0x0a, 0x0f, 0x04, 0x38, 0x03, 0x04, 0x01,
    0xc2, 0x04, 0x0f, 0x0e, 0x09, 0x05, 0x01, 0x28, 0x03, 0x0a, 0x0f, 0x0f, 0x0f, 0x0a, 0x02, 0x28,
    0x01, 0x04, 0x09, 0x0f, 0x0e, 0x01, 0xc2, 0x07, 0x06, 0x37, 0x09, 0x0f, 0x05, 0xc2, 0x0d, 0x0e,
    0x02, 0x38, 0x09, 0x0f, 0x04, 0xc2, 0x05, 0x0f, 0x0e, 0x09, 0x08, 0x0b, 0x0f, 0x0c, 0xb8, 0x04,
    0x0b, 0x0e, 0x0f, 0x0d, 0x08, 0x01, 0x51, 0xd2, 0x06, 0x0f, 0x05, 0xdf, 0x07, 0x0f, 0x04, 0xdf,
    0x0b, 0x0e, 0x01, 0xdf, 0x0a, 0x06, 0x10, 0x0c, 0x7d, 0x08, 0x0f, 0x0f, 0x0f, 0x0f, 0x0f, 0x0f,
    0x0f, 0x0f, 0x0f, 0x0f, 0x07, 0x19, 0x04, 0x08, 0x08, 0x08, 0x08, 0x0f, 0x0f, 0x08, 0x08, 0x08,
    0x08, 0x04, 0xb8, 0x0e, 0x0e, 0x1a, 0x0e, 0x0e, 0x1a, 0x0e, 0x0e, 0x1a, 0x0e, 0x0e, 0x1a, 0x0e,
    0x0e, 0x1a, 0x0e, 0x0e, 0x1a, 0x0e, 0x0e, 0x1a, 0x0e, 0x0e, 0x1a, 0x0e, 0x0e, 0x1a, 0x0e, 0x0e,
    0x1a, 0x0e, 0x0e, 0x1a, 0x0e, 0x0e, 0xfa, 0x04, 0x0b, 0x04, 0xdf, 0x06, 0x0f, 0x05, 0xdf, 0x09,
    0x0f, 0x01, 0xdf, 0x0d, 0x09, 0x1a, 0x01, 0x10, 0x07, 0x4c, 0xf6, 0x0f, 0x0c, 0x1a, 0x0f, 0x0c,
    0x00, 0x28, 0x0e, 0x0f, 0x0f, 0x0f, 0x0f, 0x0c, 0xdd, 0x05, 0x06, 0x0f, 0x0e, 0x06, 0x05, 0x00,
    0x28, 0x0f, 0x0c, 0x1a, 0x0f, 0x0c, 0x1a, 0x0f, 0x0c, 0x1a, 0x0f, 0x0c, 0x1a, 0x0f, 0x0c, 0x1a,
    0x0f, 0x0c, 0x1a, 0x0f, 0x0d, 0x1a, 0x0c, 0x0f, 0x0a, 0x08, 0x00, 0x28, 0x03, 0x0c, 0x0f, 0x0b,
    0x1f, 0x06, 0x0f, 0x05, 0xdf, 0x07, 0x0f, 0x04, 0xdf, 0x0b, 0x0e, 0x01, 0xdf, 0x0a, 0x06, 0x10,
};

static const uint16_t mf_rlefont_Roboto_Regular20_glyph_offsets_5[4] PROGMEM = {
    0x0000, 0x007e, 0x00e7, 0x0138,
};

static const uint8_t mf_rlefont_Roboto_Regular20_glyph_data_6[66] PROGMEM = {
    0x05, 0x51, 0x7e, 0x05, 0x0f, 0x08, 0xdf, 0x05, 0x0f, 0x08, 0xdf, 0x05, 0x0f, 0x08, 0xdf, 0x05,
    0x0f, 0x08, 0xdf, 0x05, 0x0f, 0x08, 0xdf, 0x05, 0x0f, 0x08, 0xdf, 0x05, 0x0f, 0x08, 0xdf, 0x05,
    0x0f, 0x08, 0xdf, 0x05, 0x0f, 0x08, 0xdf, 0x05, 0x0f, 0x08, 0xdf, 0x05, 0x0f, 0x08, 0xdf, 0x05,
    0x0f, 0x07, 0xdf, 0x07, 0x0f, 0x06, 0x28, 0x05, 0x08, 0x0e, 0x0e, 0x02, 0x28, 0x0a, 0x0f, 0x0c,
    0x04, 0x10,
};

static const uint16_t mf_rlefont_Roboto_Regular20_glyph_offsets_6[1] PROGMEM = {
    0x0000,
};

static const uint8_t mf_rlefont_Roboto_Regular20_glyph_data_7[88] PROGMEM = {
    0x0b, 0x51, 0x7e, 0x01, 0x07, 0x0d, 0x0f, 0x0f, 0x0c, 0x05, 0xb8, 0x08, 0x0f, 0x0b, 0x08, 0x08,
    0x0d, 0x0f, 0x07, 0x22, 0x01, 0x03, 0x38, 0x01, 0x0d, 0x0f, 0x02, 0xdf, 0x05, 0x0f, 0x08, 0xdf,
    0x02, 0x0f, 0x0b, 0xc2, 0x07, 0x07, 0x07, 0x07, 0x07, 0x07, 0x08, 0x0f, 0x0c, 0xc2, 0x0f, 0x0f,
    0x0f, 0x0f, 0x0f, 0x0f, 0x0f, 0x0f, 0x0b, 0xc2, 0x0e, 0x0c, 0x37, 0x05, 0x0f, 0x08, 0xc2, 0x0b,
    0x0f, 0x03, 0x51, 0x01, 0x0d, 0x0f, 0x02, 0xc2, 0x03, 0x0f, 0x0e, 0x09, 0x08, 0x0d, 0x0f, 0x06,
    0xb8, 0x03, 0x0b, 0x0e, 0x0f, 0x0c, 0x05, 0x10,
};

static const uint16_t mf_rlefont_Roboto_Regular20_glyph_offsets_7[1] PROGMEM = {
    0x0000,
};

static const uint8_t mf_rlefont_Roboto_Regular20_glyph_data_8[224] PROGMEM = {
    0x04, 0x4c, 0x4a, 0x09, 0x0f, 0x03, 0xdf, 0x09, 0x0f, 0x03, 0xdf, 0x0b, 0x0f, 0x01, 0x00, 0x28,
    0x02, 0x0f, 0x09, 0xdf, 0x03, 0x0c, 0x01, 0x10, 0x00, 0x09, 0x97, 0x06, 0x0f, 0x08, 0x00, 0x28,
    0x03, 0x0f, 0x08, 0x0f, 0x06, 0xdd, 0x02, 0x0e, 0x08, 0x00, 0x05, 0x0f, 0x04, 0x10, 0x09, 0x4c,
    0x4a, 0x04, 0x0f, 0x05, 0x00, 0x08, 0x0e, 0x02, 0xdd, 0x06, 0x0e, 0x08, 0x0f, 0x04, 0x00, 0x28,
    0x09, 0x0f, 0x06, 0x10, 0x09, 0x4c, 0x4a, 0x04, 0x06, 0x06, 0x06, 0x06, 0x06, 0x06, 0xb8, 0x09,
    0x0f, 0x0f, 0x0f, 0x0f, 0x0f, 0x0e, 0x10, 0x09, 0x4c, 0x4a, 0x0a, 0x0c, 0x51, 0x06, 0x0f, 0x01,
    0xb8, 0x06, 0x0f, 0x05, 0x03, 0x0c, 0x0b, 0x28, 0x08, 0x0e, 0x0f, 0x0b, 0x02, 0x10, 0x05, 0x00,
    0x7d, 0x07, 0x0f, 0x05, 0xdf, 0x06, 0x0f, 0x05, 0x10, 0x07, 0xa4, 0x03, 0x0c, 0x0e, 0x09, 0x00,
    0x28, 0x0b, 0x05, 0x00, 0x0b, 0x04, 0x28, 0x0b, 0x05, 0x00, 0x0b, 0x04, 0x28, 0x03, 0x0d, 0x0d,
    0x09, 0x10, 0x05, 0x57, 0xb0, 0x02, 0x0b, 0x06, 0x00, 0x28, 0x01, 0x0d, 0x0b, 0xdf, 0x06, 0x0f,
    0x02, 0xdf, 0x07, 0x0f, 0x08, 0x06, 0x00, 0x28, 0x01, 0x0c, 0x0f, 0x0b, 0x10, 0x09, 0x4c, 0x4a,
    0x01, 0x0b, 0x0e, 0x05, 0x00, 0x03, 0x0f, 0x01, 0x22, 0x08, 0x0d, 0x07, 0x0d, 0x08, 0x0b, 0x0d,
    0xb8, 0x0b, 0x07, 0x00, 0x03, 0x0d, 0x0e, 0x04, 0x10, 0x07, 0x52, 0x4a, 0x0a, 0x0f, 0x03, 0x07,
    0x0f, 0x08, 0xb8, 0x04, 0x0f, 0x07, 0x04, 0x0f, 0x09, 0xdd, 0x0c, 0x0b, 0x01, 0x0d, 0x0b, 0x10,
};

static const uint16_t mf_rlefont_Roboto_Regular20_glyph_offsets_8[34] PROGMEM = {
    0x0000, 0x0018, 0x0018, 0x0018, 0x0018, 0x0018, 0x0018, 0x0018,
    0x0018, 0x0018, 0x0019, 0x002e, 0x0018, 0x0044, 0x0018, 0x0018,
    0x0018, 0x0018, 0x0018, 0x0018, 0x0018, 0x0018, 0x0018, 0x0018,
    0x0018, 0x0018, 0x0018, 0x0018, 0x0057, 0x006e, 0x0079, 0x0092,
    0x00ad, 0x00c9,
};

static const uint8_t mf_rlefont_Roboto_Regular20_glyph_data_9[126] PROGMEM = {
    0x06, 0x5d, 0xa7, 0x05, 0x0c, 0x0c, 0x03, 0x00, 0x28, 0x0b, 0x03, 0x05, 0x08, 0x00, 0x28, 0x05,
    0x0d, 0x0c, 0x03, 0x10, 0x00, 0x00, 0x9a, 0x01, 0x0d, 0x0f, 0x02, 0xdf, 0x03, 0x0e, 0x0b, 0x1a,
    0x04, 0x0f, 0x06, 0x10, 0x00, 0x00, 0x4a, 0x0c, 0x0f, 0x04, 0x00, 0x28, 0x07, 0x0f, 0x05, 0x00,
    0x28, 0x02, 0x0f, 0x07, 0x10, 0x00, 0x9a, 0x01, 0x0b, 0x0e, 0x05, 0x00, 0x03, 0x0f, 0x01, 0x22,
    0x08, 0x0d, 0x07, 0x0d, 0x08, 0x0b, 0x0d, 0xb8, 0x0b, 0x07, 0x00, 0x03, 0x0d, 0x0e, 0x04, 0x10,
    0x00, 0x6e, 0x08, 0x0e, 0x09, 0xdf, 0x01, 0x04, 0x0f, 0x05, 0x00, 0x28, 0x03, 0x0a, 0x0f, 0x04,
    0x00, 0x28, 0x06, 0x0e, 0x02, 0x10, 0x00, 0x72, 0x03, 0x0e, 0x0d, 0x02, 0x0d, 0x0e, 0x01, 0xdd,
    0x03, 0x0e, 0x0c, 0x03, 0x0e, 0x0a, 0x28, 0x03, 0x0e, 0x09, 0x05, 0x0f, 0x04, 0x10,
};

static const uint16_t mf_rlefont_Roboto_Regular20_glyph_offsets_9[29] PROGMEM = {
    0x0000, 0x0014, 0x0014, 0x0014, 0x0014, 0x0014, 0x0014, 0x0014,
    0x0014, 0x0014, 0x0014, 0x0014, 0x0014, 0x0015, 0x0024, 0x0014,
    0x0035, 0x0014, 0x0014, 0x0014, 0x0014, 0x0014, 0x0050, 0x0014,
    0x0014, 0x0014, 0x0014, 0x0014, 0x0066,
};

static const uint8_t mf_rlefont_Roboto_Regular20_glyph_data_10[11] PROGMEM = {
    0x00, 0x70, 0xf3, 0x0c, 0x0e, 0x01, 0xdf, 0x0b, 0x0d, 0x01, 0x10,
};

static const uint16_t mf_rlefont_Roboto_Regular20_glyph_offsets_10[1] PROGMEM = {
    0x0000,
};

static const uint8_t mf_rlefont_Roboto_Regular20_glyph_data_11[7697] PROGMEM = {
    0x05, 0x00, 0xa4, 0x0b, 0x0d, 0x1a, 0x0e, 0x07, 0xdf, 0x02, 0x0f, 0x01, 0x10, 0x0a, 0x38, 0xa4,
    0x06, 0x0f, 0x06, 0xdf, 0x08, 0x0f, 0x01, 0xdd, 0x0b, 0x0e, 0x02, 0x0a, 0x0b, 0x03, 0x0f, 0x09,
    0x22, 0x0a, 0x0e, 0x02, 0x51, 0x03, 0x0e, 0x09, 0x10, 0x0d, 0x00, 0xa4, 0x03, 0x04, 0x1a, 0x0c,
    0x0b, 0x1a, 0x0f, 0x05, 0x00, 0x07, 0x0f, 0x08, 0xb8, 0x02, 0x0b, 0x01, 0x00, 0x0d, 0x0f, 0x0e,
    0x00, 0x28, 0x04, 0x0f, 0x0c, 0x0f, 0x05, 0x28, 0x0a, 0x0f, 0x02, 0x0e, 0x0b, 0xdd, 0x01, 0x0f,
    0x0b, 0x00, 0x0a, 0x0f, 0x02, 0xb8, 0x06, 0x0f, 0x05, 0x00, 0x04, 0x0f, 0x07, 0xb8, 0x0c, 0x0e,
    0x38, 0x0d, 0x0d, 0x22, 0x03, 0x0f, 0x09, 0x38, 0x08, 0x0f, 0x04, 0xc2, 0x09, 0x0f, 0x0b, 0x08,
    0x08, 0x08, 0x0a, 0x0f, 0x0a, 0x55, 0x01, 0x0e, 0x0f, 0x0f, 0x0f, 0x0f, 0x0f, 0x0f, 0x0f, 0x0f,
    0x01, 0x2c, 0x05, 0x0f, 0x07, 0x18, 0x06, 0x0f, 0x07, 0x2c, 0x0b, 0x0f, 0x02, 0x18, 0x01, 0x0f,
    0x0c, 0x19, 0x02, 0x0f, 0x0b, 0x4c, 0x0a, 0x0f, 0x03, 0x41, 0x08, 0x0f, 0x06, 0x4c, 0x05, 0x0f,
    0x09, 0x10, 0x05, 0x52, 0xc3, 0x02, 0x1a, 0x06, 0x0f, 0x08, 0xdf, 0x05, 0x0f, 0x07, 0x10, 0x0c,
    0x51, 0xd7, 0x03, 0x04, 0x1a, 0x0c, 0x0b, 0x1a, 0x0f, 0x05, 0x00, 0x05, 0x0f, 0x0f, 0x0f, 0x0f,
    0x0f, 0x0f, 0x0f, 0x0f, 0x09, 0x66, 0x02, 0x0b, 0x01, 0x00, 0x05, 0x0f, 0x0c, 0x08, 0x08, 0x08,
    0x08, 0x08, 0x08, 0x05, 0x55, 0x05, 0x0f, 0x08, 0xdf, 0x05, 0x0f, 0x08, 0xdf, 0x05, 0x0f, 0x08,
    0xdf, 0x05, 0x0f, 0x08, 0xdf, 0x05, 0x0f, 0x0c, 0x08, 0x08, 0x08, 0x08, 0x08, 0x06, 0xc2, 0x05,
    0x0f, 0x0f, 0x0f, 0x0f, 0x0f, 0x0f, 0x0f, 0x0a, 0xc2, 0x05, 0x0f, 0x08, 0xdf, 0x05, 0x0f, 0x08,
    0xdf, 0x05, 0x0f, 0x08, 0xdf, 0x05, 0x0f, 0x08, 0xdf, 0x05, 0x0f, 0x0c, 0x08, 0x08, 0x08, 0x08,
    0x08, 0x08, 0x06, 0x55, 0x05, 0x0f, 0x0f, 0x0f, 0x0f, 0x0f, 0x0f, 0x0f, 0x0f, 0x0a, 0x10, 0x0f,
    0x51, 0xd7, 0x0b, 0x0d, 0x1a, 0x0e, 0x07, 0xdf, 0x02, 0x0f, 0x01, 0x00, 0x05, 0x0f, 0x08, 0x9d,
    0x04, 0x0f, 0x09, 0x19, 0x05, 0x0f, 0x08, 0x9d, 0x04, 0x0f, 0x09, 0x19, 0x05, 0x0f, 0x08, 0x9d,
    0x04, 0x0f, 0x09, 0x19, 0x05, 0x0f, 0x08, 0x9d, 0x04, 0x0f, 0x09, 0x19, 0x05, 0x0f, 0x08, 0x9d,
    0x04, 0x0f, 0x09, 0x19, 0x05, 0x0f, 0x08, 0x9d, 0x04, 0x0f, 0x09, 0x19, 0x05, 0x0f, 0x0c, 0x08,
    0x08, 0x08, 0x08, 0x08, 0x08, 0x0a, 0x0f, 0x09, 0x19, 0x05, 0x0f, 0x0f, 0x0f, 0x0f, 0x0f, 0x0f,
    0x0f, 0x0f, 0x0f, 0x0f, 0x09, 0x19, 0x05, 0x0f, 0x08, 0x9d, 0x04, 0x0f, 0x09, 0x19, 0x05, 0x0f,
    0x08, 0x9d, 0x04, 0x0f, 0x09, 0x19, 0x05, 0x0f, 0x08, 0x9d, 0x04, 0x0f, 0x09, 0x19, 0x05, 0x0f,
    0x08, 0x9d, 0x04, 0x0f, 0x09, 0x19, 0x05, 0x0f, 0x08, 0x9d, 0x04, 0x0f, 0x09, 0x19, 0x05, 0x0f,
    0x08, 0x9d, 0x04, 0x0f, 0x09, 0x10, 0x06, 0x51, 0xd7, 0x03, 0x04, 0x1a, 0x0c, 0x0b, 0x1a, 0x0f,
    0x05, 0x00, 0x03, 0x0f, 0x0a, 0xb8, 0x02, 0x0b, 0x01, 0x00, 0x03, 0x0f, 0x0a, 0xdf, 0x03, 0x0f,
    0x0a, 0xdf, 0x03, 0x0f, 0x0a, 0xdf, 0x03, 0x0f, 0x0a, 0xdf, 0x03, 0x0f, 0x0a, 0xdf, 0x03, 0x0f,
    0x0a, 0xdf, 0x03, 0x0f, 0x0a, 0xdf, 0x03, 0x0f, 0x0a, 0xdf, 0x03, 0x0f, 0x0a, 0xdf, 0x03, 0x0f,
    0x0a, 0xdf, 0x03, 0x0f, 0x0a, 0xdf, 0x03, 0x0f, 0x0a, 0xdf, 0x03, 0x0f, 0x0a, 0x10, 0x00, 0x0e,
    0x9d, 0x4a, 0x0b, 0x0d, 0x1a, 0x0e, 0x07, 0x00, 0x01, 0x08, 0x0d, 0x0f, 0x0e, 0x0c, 0x06, 0x2c,
    0x02, 0x0f, 0x01, 0x02, 0x0d, 0x0f, 0x0d, 0x0a, 0x0a, 0x0e, 0x0f, 0x0b, 0xc2, 0x0c, 0x0f, 0x07,
    0x38, 0x01, 0x0a, 0x0f, 0x08, 0x2c, 0x04, 0x0f, 0x0a, 0x9d, 0x0d, 0x0f, 0x01, 0x19, 0x09, 0x0f,
    0x05, 0x9d, 0x08, 0x0f, 0x06, 0x19, 0x0c, 0x0f, 0x02, 0x9d, 0x05, 0x0f, 0x08, 0x19, 0x0d, 0x0f,
    0x01, 0x9d, 0x04, 0x0f, 0x09, 0x19, 0x0d, 0x0f, 0x01, 0x9d, 0x04, 0x0f, 0x09, 0x19, 0x0c, 0x0f,
    0x02, 0x9d, 0x05, 0x0f, 0x08, 0x19, 0x09, 0x0f, 0x04, 0x9d, 0x08, 0x0f, 0x06, 0x19, 0x04, 0x0f,
    0x0a, 0x9d, 0x0d, 0x0f, 0x01, 0x2c, 0x0c, 0x0f, 0x07, 0x37, 0x09, 0x0f, 0x09, 0x55, 0x02, 0x0d,
    0x0f, 0x0d, 0x09, 0x0a, 0x0e, 0x0f, 0x0b, 0x01, 0xc2, 0x01, 0x08, 0x0d, 0x0f, 0x0e, 0x0c, 0x06,
    0x10, 0x0d, 0x51, 0xd7, 0x03, 0x04, 0x1a, 0x0c, 0x0b, 0x1a, 0x0f, 0x05, 0x09, 0x0f, 0x09, 0x9d,
    0x08, 0x0f, 0x09, 0x00, 0x3f, 0x02, 0x0b, 0x01, 0x01, 0x0e, 0x0f, 0x02, 0x37, 0x02, 0x0f, 0x0e,
    0x01, 0x2c, 0x07, 0x0f, 0x09, 0x37, 0x09, 0x0f, 0x07, 0xc2, 0x0d, 0x0f, 0x02, 0x51, 0x02, 0x0f,
    0x0d, 0x22, 0x05, 0x0f, 0x0a, 0x51, 0x0a, 0x0f, 0x05, 0xb8, 0x0c, 0x0f, 0x03, 0x03, 0x0f, 0x0b,
    0xdd, 0x03, 0x0f, 0x0b, 0x0b, 0x0f, 0x03, 0x28, 0x0a, 0x0f, 0x0f, 0x0a, 0x00, 0x28, 0x02, 0x0f,
    0x0f, 0x02, 0xdf, 0x0e, 0x0e, 0x1a, 0x0e, 0x0e, 0x1a, 0x0e, 0x0e, 0x1a, 0x0e, 0x0e, 0x1a, 0x0e,
    0x0e, 0x10, 0x0e, 0x9d, 0x4a, 0x0b, 0x0d, 0x1a, 0x0e, 0x07, 0x00, 0x02, 0x09, 0x0e, 0x0f, 0x0e,
    0x0a, 0x03, 0x2c, 0x02, 0x0f, 0x01, 0x04, 0x0e, 0x0f, 0x0b, 0x08, 0x0a, 0x0f, 0x0f, 0x05, 0x55,
    0x01, 0x0e, 0x0e, 0x03, 0x38, 0x03, 0x0e, 0x0e, 0x02, 0x2c, 0x07, 0x0f, 0x07, 0x18, 0x06, 0x0f,
    0x08, 0x2c, 0x0b, 0x0f, 0x03, 0x18, 0x01, 0x0f, 0x0d, 0x2c, 0x0d, 0x0f, 0x01, 0x9d, 0x0e, 0x0f,
    0x2c, 0x0d, 0x0f, 0x4c, 0x0e, 0x0f, 0x2c, 0x0d, 0x0f, 0x4c, 0x0e, 0x0f, 0x2c, 0x0b, 0x0f, 0x02,
    0x9d, 0x0f, 0x0d, 0x2c, 0x08, 0x0f, 0x05, 0x18, 0x03, 0x0f, 0x09, 0x2c, 0x02, 0x0f, 0x0a, 0x18,
    0x08, 0x0f, 0x03, 0x55, 0x08, 0x0f, 0x05, 0x38, 0x04, 0x0f, 0x09, 0x55, 0x07, 0x08, 0x0e, 0x0f,
    0x0b, 0x00, 0x09, 0x0f, 0x0f, 0x09, 0x07, 0x2c, 0x0d, 0x0f, 0x0f, 0x0f, 0x0f, 0x00, 0x0d, 0x0f,
    0x0f, 0x0f, 0x0e, 0x10, 0x06, 0xd4, 0x03, 0x08, 0x03, 0xdf, 0x07, 0x0f, 0x03, 0xdd, 0x05, 0x08,
    0x00, 0x09, 0x0d, 0x01, 0x08, 0x04, 0x22, 0x0d, 0x0f, 0x03, 0x05, 0x05, 0x05, 0x0f, 0x0b, 0x22,
    0x04, 0x06, 0x38, 0x01, 0x07, 0x03, 0x00, 0xd2, 0x01, 0x0f, 0x0b, 0xdf, 0x01, 0x0f, 0x0b, 0xdf,
    0x01, 0x0f, 0x0b, 0xdf, 0x01, 0x0f, 0x0b, 0xdf, 0x01, 0x0f, 0x0b, 0xdf, 0x01, 0x0f, 0x0b, 0xdf,
    0x01, 0x0f, 0x0b, 0xdf, 0x01, 0x0f, 0x0b, 0xdf, 0x01, 0x0f, 0x0b, 0x1a, 0x0d, 0x0f, 0x09, 0x07,
    0x00, 0x28, 0x04, 0x0d, 0x0f, 0x0a, 0x10, 0x0d, 0x00, 0xfc, 0x07, 0x0f, 0x08, 0xdf, 0x0d, 0x0f,
    0x0e, 0x00, 0x28, 0x04, 0x0f, 0x0c, 0x0f, 0x05, 0x28, 0x0a, 0x0f, 0x02, 0x0e, 0x0b, 0xdd, 0x01,
    0x0f, 0x0b, 0x00, 0x0a, 0x0f, 0x02, 0xb8, 0x06, 0x0f, 0x05, 0x00, 0x04, 0x0f, 0x07, 0xb8, 0x0c,
    0x0e, 0x38, 0x0d, 0x0d, 0x22, 0x03, 0x0f, 0x09, 0x38, 0x08, 0x0f, 0x04, 0xc2, 0x09, 0x0f, 0x0b,
    0x08, 0x08, 0x08, 0x0a, 0x0f, 0x0a, 0x55, 0x01, 0x0e, 0x0f, 0x0f, 0x0f, 0x0f, 0x0f, 0x0f, 0x0f,
    0x0f, 0x01, 0x2c, 0x05, 0x0f, 0x07, 0x18, 0x06, 0x0f, 0x07, 0x2c, 0x0b, 0x0f, 0x02, 0x18, 0x01,
    0x0f, 0x0c, 0x19, 0x02, 0x0f, 0x0b, 0x4c, 0x0a, 0x0f, 0x03, 0x41, 0x08, 0x0f, 0x06, 0x4c, 0x05,
    0x0f, 0x09, 0x10, 0x0c, 0x00, 0x7d, 0x05, 0x0f, 0x0f, 0x0f, 0x0f, 0x0f, 0x0e, 0x0b, 0x04, 0xc2,
    0x05, 0x0f, 0x0c, 0x08, 0x08, 0x08, 0x0a, 0x0e, 0x0f, 0x05, 0x55, 0x05, 0x0f, 0x08, 0x37, 0x03,
    0x0f, 0x0c, 0x55, 0x05, 0x0f, 0x08, 0x18, 0x0e, 0x0e, 0x55, 0x05, 0x0f, 0x08, 0x37, 0x04, 0x0f,
    0x0b, 0x55, 0x05, 0x0f, 0x0c, 0x08, 0x08, 0x08, 0x0a, 0x0f, 0x0d, 0x02, 0x55, 0x05, 0x0f, 0x0f,
    0x0f, 0x0f, 0x0f, 0x0f, 0x0f, 0x09, 0x01, 0x55, 0x05, 0x0f, 0x08, 0x38, 0x01, 0x08, 0x0f, 0x0a,
    0x55, 0x05, 0x0f, 0x08, 0x18, 0x0c, 0x0f, 0x02, 0x2c, 0x05, 0x0f, 0x08, 0x18, 0x08, 0x0f, 0x05,
    0x2c, 0x05, 0x0f, 0x08, 0x18, 0x0a, 0x0f, 0x04, 0x2c, 0x05, 0x0f, 0x08, 0x37, 0x02, 0x0e, 0x0e,
    0x01, 0x2c, 0x05, 0x0f, 0x0c, 0x08, 0x08, 0x08, 0x0a, 0x0e, 0x0f, 0x06, 0x55, 0x05, 0x0f, 0x0f,
    0x0f, 0x0f, 0x0f, 0x0e, 0x0b, 0x04, 0x10, 0x0b, 0x00, 0x7d, 0x04, 0x0f, 0x0f, 0x0f, 0x0f, 0x0f,
    0x0f, 0x0f, 0x0f, 0x07, 0x55, 0x04, 0x0f, 0x0c, 0x08, 0x08, 0x08, 0x08, 0x08, 0x08, 0x04, 0x55,
    0x04, 0x0f, 0x09, 0xdf, 0x04, 0x0f, 0x09, 0xdf, 0x04, 0x0f, 0x09, 0xdf, 0x04, 0x0f, 0x09, 0xdf,
    0x04, 0x0f, 0x09, 0xdf, 0x04, 0x0f, 0x09, 0xdf, 0x04, 0x0f, 0x09, 0xdf, 0x04, 0x0f, 0x09, 0xdf,
    0x04, 0x0f, 0x09, 0xdf, 0x04, 0x0f, 0x09, 0xdf, 0x04, 0x0f, 0x09, 0xdf, 0x04, 0x0f, 0x09, 0x10,
    0x0e, 0x51, 0xfc, 0x0d, 0x0f, 0x03, 0x00, 0x28, 0x05, 0x0f, 0x0f, 0x09, 0x00, 0x28, 0x0b, 0x0e,
    0x0c, 0x0e, 0x01, 0xdd, 0x03, 0x0f, 0x09, 0x06, 0x0f, 0x06, 0xdd, 0x09, 0x0f, 0x03, 0x01, 0x0e,
    0x0c, 0xb8, 0x01, 0x0f, 0x0c, 0x51, 0x09, 0x0f, 0x03, 0x22, 0x07, 0x0f, 0x06, 0x51, 0x03, 0x0f,
    0x09, 0x22, 0x0d, 0x0e, 0x37, 0x0d, 0x0e, 0x01, 0x55, 0x05, 0x0f, 0x08, 0x37, 0x07, 0x0f, 0x06,
    0x55, 0x0b, 0x0f, 0x02, 0x37, 0x01, 0x0f, 0x0c, 0x2c, 0x03, 0x0f, 0x0b, 0x9d, 0x0a, 0x0f, 0x03,
    0x19, 0x09, 0x0f, 0x04, 0x9d, 0x04, 0x0f, 0x09, 0x41, 0x01, 0x0f, 0x0f, 0x08, 0x08, 0x08, 0x08,
    0x08, 0x08, 0x08, 0x08, 0x0f, 0x0f, 0x01, 0x66, 0x07, 0x0f, 0x0f, 0x0f, 0x0f, 0x0f, 0x0f, 0x0f,
    0x0f, 0x0f, 0x0f, 0x0f, 0x0f, 0x07, 0x10, 0x0b, 0x00, 0x7d, 0x05, 0x0f, 0x0f, 0x0f, 0x0f, 0x0f,
    0x0f, 0x0f, 0x0f, 0x09, 0x55, 0x05, 0x0f, 0x0c, 0x08, 0x08, 0x08, 0x08, 0x08, 0x08, 0x05, 0x55,
    0x05, 0x0f, 0x08, 0xdf, 0x05, 0x0f, 0x08, 0xdf, 0x05, 0x0f, 0x08, 0xdf, 0x05, 0x0f, 0x08, 0xdf,
    0x05, 0x0f, 0x0c, 0x08, 0x08, 0x08, 0x08, 0x08, 0x06, 0xc2, 0x05, 0x0f, 0x0f, 0x0f, 0x0f, 0x0f,
    0x0f, 0x0f, 0x0a, 0xc2, 0x05, 0x0f, 0x08, 0xdf, 0x05, 0x0f, 0x08, 0xdf, 0x05, 0x0f, 0x08, 0xdf,
    0x05, 0x0f, 0x08, 0xdf, 0x05, 0x0f, 0x0c, 0x08, 0x08, 0x08, 0x08, 0x08, 0x08, 0x06, 0x55, 0x05,
    0x0f, 0x0f, 0x0f, 0x0f, 0x0f, 0x0f, 0x0f, 0x0f, 0x0a, 0x10, 0x0c, 0x00, 0x7d, 0x0f, 0x0f, 0x0f,
    0x0f, 0x0f, 0x0f, 0x0f, 0x0f, 0x0f, 0x0d, 0x55, 0x08, 0x08, 0x08, 0x08, 0x08, 0x08, 0x08, 0x0c,
    0x0f, 0x0b, 0x00, 0x28, 0x02, 0x0e, 0x0e, 0x02, 0x00, 0x28, 0x0b, 0x0f, 0x06, 0x00, 0x28, 0x07,
    0x0f, 0x0a, 0x00, 0x28, 0x03, 0x0f, 0x0e, 0x01, 0x28, 0x01, 0x0d, 0x0f, 0x04, 0x00, 0x28, 0x09,
    0x0f, 0x09, 0x00, 0x28, 0x04, 0x0f, 0x0d, 0x01, 0x28, 0x01, 0x0e, 0x0f, 0x03, 0x00, 0x28, 0x0a,
    0x0f, 0x07, 0x00, 0x28, 0x06, 0x0f, 0x0b, 0x00, 0x28, 0x01, 0x0e, 0x0f, 0x0a, 0x08, 0x08, 0x08,
    0x08, 0x08, 0x08, 0x08, 0x02, 0x19, 0x02, 0x0f, 0x0f, 0x0f, 0x0f, 0x0f, 0x0f, 0x0f, 0x0f, 0x0f,
    0x0f, 0x03, 0x10, 0x0e, 0x00, 0x7d, 0x05, 0x0f, 0x08, 0x9d, 0x04, 0x0f, 0x09, 0x19, 0x05, 0x0f,
    0x08, 0x9d, 0x04, 0x0f, 0x09, 0x19, 0x05, 0x0f, 0x08, 0x9d, 0x04, 0x0f, 0x09, 0x19, 0x05, 0x0f,
    0x08, 0x9d, 0x04, 0x0f, 0x09, 0x19, 0x05, 0x0f, 0x08, 0x9d, 0x04, 0x0f, 0x09, 0x19, 0x05, 0x0f,
    0x08, 0x9d, 0x04, 0x0f, 0x09, 0x19, 0x05, 0x0f, 0x0c, 0x08, 0x08, 0x08, 0x08, 0x08, 0x08, 0x0a,
    0x0f, 0x09, 0x19, 0x05, 0x0f, 0x0f, 0x0f, 0x0f, 0x0f, 0x0f, 0x0f, 0x0f, 0x0f, 0x0f, 0x09, 0x19,
    0x05, 0x0f, 0x08, 0x9d, 0x04, 0x0f, 0x09, 0x19, 0x05, 0x0f, 0x08, 0x9d, 0x04, 0x0f, 0x09, 0x19,
    0x05, 0x0f, 0x08, 0x9d, 0x04, 0x0f, 0x09, 0x19, 0x05, 0x0f, 0x08, 0x9d, 0x04, 0x0f, 0x09, 0x19,
    0x05, 0x0f, 0x08, 0x9d, 0x04, 0x0f, 0x09, 0x19, 0x05, 0x0f, 0x08, 0x9d, 0x04, 0x0f, 0x09, 0x10,
    0x0e, 0x38, 0x7d, 0x02, 0x09, 0x0d, 0x0f, 0x0e, 0x0b, 0x05, 0x22, 0x03, 0x0e, 0x0f, 0x0c, 0x09,
    0x0b, 0x0e, 0x0f, 0x09, 0x55, 0x01, 0x0d, 0x0f, 0x05, 0x38, 0x01, 0x0c, 0x0f, 0x06, 0x2c, 0x07,
    0x0f, 0x08, 0x18, 0x02, 0x0f, 0x0d, 0x2c, 0x0b, 0x0f, 0x02, 0x9d, 0x0a, 0x0f, 0x03, 0x19, 0x0e,
    0x0e, 0x4c, 0x07, 0x0f, 0x06, 0x19, 0x0f, 0x0d, 0x00, 0x05, 0x07, 0x07, 0x07, 0x07, 0x03, 0x06,
    0x0f, 0x07, 0x19, 0x0f, 0x0d, 0x00, 0x0a, 0x0f, 0x0f, 0x0f, 0x0f, 0x06, 0x06, 0x0f, 0x07, 0x19,
    0x0e, 0x0e, 0x4c, 0x07, 0x0f, 0x06, 0x19, 0x0b, 0x0f, 0x02, 0x9d, 0x0a, 0x0f, 0x03, 0x19, 0x07,
    0x0f, 0x08, 0x18, 0x01, 0x0e, 0x0e, 0x2c, 0x01, 0x0d, 0x0f, 0x05, 0x38, 0x01, 0x0b, 0x0f, 0x06,
    0x55, 0x03, 0x0e, 0x0f, 0x0c, 0x09, 0x0a, 0x0e, 0x0f, 0x09, 0x22, 0x01, 0x09, 0x0d, 0x0f, 0x0e,
    0x0b, 0x05, 0x10, 0x05, 0x00, 0x7d, 0x03, 0x0f, 0x0a, 0xdf, 0x03, 0x0f, 0x0a, 0xdf, 0x03, 0x0f,
    0x0a, 0xdf, 0x03, 0x0f, 0x0a, 0xdf, 0x03, 0x0f, 0x0a, 0xdf, 0x03, 0x0f, 0x0a, 0xdf, 0x03, 0x0f,
    0x0a, 0xdf, 0x03, 0x0f, 0x0a, 0xdf, 0x03, 0x0f, 0x0a, 0xdf, 0x03, 0x0f, 0x0a, 0xdf, 0x03, 0x0f,
    0x0a, 0xdf, 0x03, 0x0f, 0x0a, 0xdf, 0x03, 0x0f, 0x0a, 0xdf, 0x03, 0x0f, 0x0a, 0x10, 0x0d, 0x00,
    0x7d, 0x05, 0x0f, 0x08, 0x18, 0x09, 0x0f, 0x0a, 0x2c, 0x05, 0x0f, 0x08, 0x37, 0x08, 0x0f, 0x0b,
    0x55, 0x05, 0x0f, 0x08, 0x38, 0x06, 0x0f, 0x0c, 0x01, 0x55, 0x05, 0x0f, 0x08, 0x51, 0x05, 0x0f,
    0x0d, 0x01, 0xc2, 0x05, 0x0f, 0x08, 0x00, 0x04, 0x0f, 0x0e, 0x02, 0x22, 0x05, 0x0f, 0x08, 0x03,
    0x0e, 0x0e, 0x03, 0xb8, 0x05, 0x0f, 0x0b, 0x0e, 0x0f, 0x0c, 0xdd, 0x05, 0x0f, 0x0f, 0x0f, 0x0c,
    0x0f, 0x08, 0xb8, 0x05, 0x0f, 0x0f, 0x05, 0x01, 0x0d, 0x0f, 0x05, 0x22, 0x05, 0x0f, 0x09, 0x51,
    0x03, 0x0f, 0x0e, 0x02, 0xc2, 0x05, 0x0f, 0x08, 0x38, 0x06, 0x0f, 0x0c, 0x01, 0x55, 0x05, 0x0f,
    0x08, 0x37, 0x09, 0x0f, 0x09, 0x55, 0x05, 0x0f, 0x08, 0x37, 0x01, 0x0c, 0x0f, 0x06, 0x2c, 0x05,
    0x0f, 0x08, 0x18, 0x02, 0x0e, 0x0f, 0x03, 0x10, 0x0d, 0x00, 0xfc, 0x08, 0x0f, 0x08, 0xdf, 0x0d,
    0x0f, 0x0e, 0x00, 0x28, 0x04, 0x0f, 0x0f, 0x0f, 0x04, 0x28, 0x09, 0x0f, 0x08, 0x0f, 0x0a, 0xdd,
    0x01, 0x0e, 0x0e, 0x00, 0x0d, 0x0f, 0x01, 0xb8, 0x05, 0x0f, 0x08, 0x00, 0x08, 0x0f, 0x06, 0xb8,
    0x0b, 0x0f, 0x03, 0x00, 0x03, 0x0f, 0x0c, 0x22, 0x02, 0x0f, 0x0d, 0x38, 0x0c, 0x0f, 0x02, 0xc2,
    0x07, 0x0f, 0x07, 0x38, 0x07, 0x0f, 0x08, 0xc2, 0x0d, 0x0f, 0x02, 0x38, 0x02, 0x0f, 0x0d, 0x55,
    0x03, 0x0f, 0x0c, 0x18, 0x0b, 0x0f, 0x04, 0x2c, 0x09, 0x0f, 0x06, 0x18, 0x06, 0x0f, 0x09, 0x2c,
    0x0e, 0x0f, 0x01, 0x18, 0x01, 0x0f, 0x0e, 0x01, 0x41, 0x05, 0x0f, 0x0a, 0x4c, 0x0a, 0x0f, 0x05,
    0x10, 0x11, 0x00, 0x7d, 0x05, 0x0f, 0x0f, 0x04, 0x52, 0x0c, 0x0f, 0x0c, 0x00, 0x3f, 0x05, 0x0f,
    0x0f, 0x0a, 0x4c, 0x04, 0x0f, 0x0f, 0x0c, 0x00, 0x3f, 0x05, 0x0f, 0x0f, 0x0f, 0x02, 0x9d, 0x0a,
    0x0f, 0x0f, 0x0c, 0x00, 0x3f, 0x05, 0x0f, 0x0a, 0x0f, 0x08, 0x18, 0x01, 0x0f, 0x0c, 0x0e, 0x0c,
    0x00, 0x3f, 0x05, 0x0f, 0x06, 0x0d, 0x0e, 0x18, 0x07, 0x0f, 0x05, 0x0e, 0x0c, 0x00, 0x3f, 0x05,
    0x0f, 0x07, 0x07, 0x0f, 0x05, 0x37, 0x0d, 0x0e, 0x00, 0x0f, 0x0c, 0x00, 0x3f, 0x05, 0x0f, 0x07,
    0x01, 0x0f, 0x0b, 0x38, 0x04, 0x0f, 0x08, 0x00, 0x0f, 0x0c, 0x00, 0x3f, 0x05, 0x0f, 0x08, 0x00,
    0x0a, 0x0f, 0x02, 0x51, 0x0a, 0x0f, 0x02, 0x01, 0x0f, 0x0c, 0x00, 0x3f, 0x05, 0x0f, 0x08, 0x00,
    0x04, 0x0f, 0x08, 0x00, 0x02, 0x0f, 0x0b, 0x00, 0x01, 0x0f, 0x0c, 0x00, 0x3f, 0x05, 0x0f, 0x08,
    0x51, 0x0d, 0x0e, 0x00, 0x07, 0x0f, 0x04, 0x00, 0x01, 0x0f, 0x0c, 0x00, 0x3f, 0x05, 0x0f, 0x08,
    0x51, 0x06, 0x0f, 0x06, 0x0d, 0x0d, 0x51, 0x01, 0x0f, 0x0c, 0x00, 0x3f, 0x05, 0x0f, 0x08, 0x51,
    0x01, 0x0e, 0x0e, 0x0f, 0x07, 0x51, 0x01, 0x0f, 0x0c, 0x00, 0x3f, 0x05, 0x0f, 0x08, 0x38, 0x09,
    0x0f, 0x0f, 0x01, 0x51, 0x01, 0x0f, 0x0c, 0x00, 0x3f, 0x05, 0x0f, 0x08, 0x38, 0x03, 0x0f, 0x0a,
    0x38, 0x01, 0x0f, 0x0c, 0x10, 0x0e, 0x00, 0x7d, 0x05, 0x0f, 0x0c, 0x9d, 0x04, 0x0f, 0x09, 0x19,
    0x05, 0x0f, 0x0f, 0x08, 0x18, 0x04, 0x0f, 0x09, 0x19, 0x05, 0x0f, 0x0f, 0x0f, 0x03, 0x37, 0x04,
    0x0f, 0x09, 0x19, 0x05, 0x0f, 0x0c, 0x0f, 0x0c, 0x37, 0x04, 0x0f, 0x09, 0x19, 0x05, 0x0f, 0x08,
    0x09, 0x0f, 0x08, 0x38, 0x04, 0x0f, 0x09, 0x19, 0x05, 0x0f, 0x08, 0x01, 0x0d, 0x0f, 0x03, 0x51,
    0x04, 0x0f, 0x09, 0x19, 0x05, 0x0f, 0x08, 0x00, 0x04, 0x0f, 0x0c, 0x51, 0x04, 0x0f, 0x09, 0x19,
    0x05, 0x0f, 0x08, 0x51, 0x09, 0x0f, 0x08, 0x00, 0x04, 0x0f, 0x09, 0x19, 0x05, 0x0f, 0x08, 0x51,
    0x01, 0x0d, 0x0f, 0x03, 0x04, 0x0f, 0x09, 0x19, 0x05, 0x0f, 0x08, 0x38, 0x04, 0x0f, 0x0c, 0x05,
    0x0f, 0x09, 0x19, 0x05, 0x0f, 0x08, 0x37, 0x09, 0x0f, 0x0c, 0x0f, 0x09, 0x19, 0x05, 0x0f, 0x08,
    0x37, 0x01, 0x0e, 0x0f, 0x0f, 0x09, 0x19, 0x05, 0x0f, 0x08, 0x18, 0x05, 0x0f, 0x0f, 0x09, 0x19,
    0x05, 0x0f, 0x08, 0x9d, 0x0a, 0x0f, 0x09, 0x10, 0x0b, 0x00, 0x7d, 0x0c, 0x0f, 0x0f, 0x0f, 0x0f,
    0x0f, 0x0f, 0x0f, 0x0f, 0x03, 0x55, 0x06, 0x08, 0x08, 0x08, 0x08, 0x08, 0x08, 0x08, 0x08, 0x01,
    0x8f, 0x08, 0x08, 0x08, 0x08, 0x08, 0x08, 0x08, 0x03, 0x22, 0x0f, 0x0f, 0x0f, 0x0f, 0x0f, 0x0f,
    0x0f, 0x06, 0x8f, 0x07, 0x08, 0x08, 0x08, 0x08, 0x08, 0x08, 0x08, 0x08, 0x03, 0x55, 0x0c, 0x0f,
    0x0f, 0x0f, 0x0f, 0x0f, 0x0f, 0x0f, 0x0f, 0x05, 0x10, 0x0e, 0x38, 0x7d, 0x01, 0x08, 0x0d, 0x0f,
    0x0e, 0x0c, 0x06, 0x22, 0x02, 0x0d, 0x0f, 0x0d, 0x0a, 0x0a, 0x0e, 0x0f, 0x0b, 0xc2, 0x0c, 0x0f,
    0x07, 0x38, 0x01, 0x0a, 0x0f, 0x08, 0x2c, 0x04, 0x0f, 0x0a, 0x9d, 0x0d, 0x0f, 0x01, 0x19, 0x09,
    0x0f, 0x05, 0x9d, 0x08, 0x0f, 0x06, 0x19, 0x0c, 0x0f, 0x02, 0x9d, 0x05, 0x0f, 0x08, 0x19, 0x0d,
    0x0f, 0x01, 0x9d, 0x04, 0x0f, 0x09, 0x19, 0x0d, 0x0f, 0x01, 0x9d, 0x04, 0x0f, 0x09, 0x19, 0x0c,
    0x0f, 0x02, 0x9d, 0x05, 0x0f, 0x08, 0x19, 0x09, 0x0f, 0x04, 0x9d, 0x08, 0x0f, 0x06, 0x19, 0x04,
    0x0f, 0x0a, 0x9d, 0x0d, 0x0f, 0x01, 0x2c, 0x0c, 0x0f, 0x07, 0x37, 0x09, 0x0f, 0x09, 0x55, 0x02,
    0x0d, 0x0f, 0x0d, 0x09, 0x0a, 0x0e, 0x0f, 0x0b, 0x01, 0xc2, 0x01, 0x08, 0x0d, 0x0f, 0x0e, 0x0c,
    0x06, 0x10, 0x0e, 0x00, 0x7d, 0x04, 0x0f, 0x0f, 0x0f, 0x0f, 0x0f, 0x0f, 0x0f, 0x0f, 0x0f, 0x0f,
    0x08, 0x19, 0x04, 0x0f, 0x0d, 0x08, 0x08, 0x08, 0x08, 0x08, 0x08, 0x0b, 0x0f, 0x08, 0x19, 0x04,
    0x0f, 0x09, 0x9d, 0x05, 0x0f, 0x08, 0x19, 0x04, 0x0f, 0x09, 0x9d, 0x05, 0x0f, 0x08, 0x19, 0x04,
    0x0f, 0x09, 0x9d, 0x05, 0x0f, 0x08, 0x19, 0x04, 0x0f, 0x09, 0x9d, 0x05, 0x0f, 0x08, 0x19, 0x04,
    0x0f, 0x09, 0x9d, 0x05, 0x0f, 0x08, 0x19, 0x04, 0x0f, 0x09, 0x9d, 0x05, 0x0f, 0x08, 0x19, 0x04,
    0x0f, 0x09, 0x9d, 0x05, 0x0f, 0x08, 0x19, 0x04, 0x0f, 0x09, 0x9d, 0x05, 0x0f, 0x08, 0x19, 0x04,
    0x0f, 0x09, 0x9d, 0x05, 0x0f, 0x08, 0x19, 0x04, 0x0f, 0x09, 0x9d, 0x05, 0x0f, 0x08, 0x19, 0x04,
    0x0f, 0x09, 0x9d, 0x05, 0x0f, 0x08, 0x19, 0x04, 0x0f, 0x09, 0x9d, 0x05, 0x0f, 0x08, 0x10, 0x0d,
    0x00, 0x7d, 0x05, 0x0f, 0x0f, 0x0f, 0x0f, 0x0f, 0x0f, 0x0c, 0x07, 0xc2, 0x05, 0x0f, 0x0c, 0x08,
    0x08, 0x08, 0x09, 0x0d, 0x0f, 0x0b, 0x55, 0x05, 0x0f, 0x08, 0x18, 0x0b, 0x0f, 0x07, 0x2c, 0x05,
    0x0f, 0x08, 0x18, 0x03, 0x0f, 0x0c, 0x2c, 0x05, 0x0f, 0x08, 0x9d, 0x0f, 0x0d, 0x2c, 0x05, 0x0f,
    0x08, 0x18, 0x02, 0x0f, 0x0c, 0x2c, 0x05, 0x0f, 0x08, 0x18, 0x0a, 0x0f, 0x08, 0x2c, 0x05, 0x0f,
    0x0c, 0x08, 0x08, 0x08, 0x09, 0x0d, 0x0f, 0x0d, 0x01, 0x2c, 0x05, 0x0f, 0x0f, 0x0f, 0x0f, 0x0f,
    0x0f, 0x0c, 0x08, 0x01, 0x55, 0x05, 0x0f, 0x08, 0xdf, 0x05, 0x0f, 0x08, 0xdf, 0x05, 0x0f, 0x08,
    0xdf, 0x05, 0x0f, 0x08, 0xdf, 0x05, 0x0f, 0x08, 0x10, 0x0b, 0x7d, 0x05, 0x0f, 0x0f, 0x0f, 0x0f,
    0x0f, 0x0f, 0x0f, 0x0f, 0x0f, 0x03, 0x2c, 0x03, 0x0f, 0x0f, 0x0a, 0x08, 0x08, 0x08, 0x08, 0x08,
    0x08, 0x02, 0x55, 0x06, 0x0f, 0x0c, 0x01, 0xdf, 0x08, 0x0f, 0x0a, 0x1a, 0x0b, 0x0f, 0x07, 0xdf,
    0x01, 0x0c, 0x0f, 0x04, 0xdf, 0x02, 0x0e, 0x0e, 0x02, 0x00, 0x28, 0x02, 0x0e, 0x0e, 0x02, 0x28,
    0x01, 0x0d, 0x0f, 0x04, 0x00, 0x28, 0x0b, 0x0f, 0x07, 0x00, 0x28, 0x08, 0x0f, 0x0a, 0x00, 0x28,
    0x06, 0x0f, 0x0c, 0x00, 0x28, 0x03, 0x0f, 0x0f, 0x0a, 0x08, 0x08, 0x08, 0x08, 0x08, 0x08, 0x06,
    0x2c, 0x05, 0x0f, 0x0f, 0x0f, 0x0f, 0x0f, 0x0f, 0x0f, 0x0f, 0x0f, 0x0a, 0x10, 0x0c, 0x7d, 0x08,
    0x0f, 0x0f, 0x0f, 0x0f, 0x0f, 0x0f, 0x0f, 0x0f, 0x0f, 0x0f, 0x07, 0x19, 0x04, 0x08, 0x08, 0x08,
    0x08, 0x0f, 0x0f, 0x08, 0x08, 0x08, 0x08, 0x04, 0xb8, 0x0e, 0x0e, 0x1a, 0x0e, 0x0e, 0x1a, 0x0e,
    0x0e, 0x1a, 0x0e, 0x0e, 0x1a, 0x0e, 0x0e, 0x1a, 0x0e, 0x0e, 0x1a, 0x0e, 0x0e, 0x1a, 0x0e, 0x0e,
    0x1a, 0x0e, 0x0e, 0x1a, 0x0e, 0x0e, 0x1a, 0x0e, 0x0e, 0x1a, 0x0e, 0x0e, 0x10, 0x0c, 0x7d, 0x09,
    0x0f, 0x09, 0x9d, 0x08, 0x0f, 0x09, 0x19, 0x01, 0x0e, 0x0f, 0x02, 0x37, 0x02, 0x0f, 0x0e, 0x01,
    0x2c, 0x07, 0x0f, 0x09, 0x37, 0x09, 0x0f, 0x07, 0xc2, 0x0d, 0x0f, 0x02, 0x51, 0x02, 0x0f, 0x0d,
    0x22, 0x05, 0x0f, 0x0a, 0x51, 0x0a, 0x0f, 0x05, 0xb8, 0x0c, 0x0f, 0x03, 0x03, 0x0f, 0x0b, 0xdd,
    0x03, 0x0f, 0x0b, 0x0b, 0x0f, 0x03, 0x28, 0x0a, 0x0f, 0x0f, 0x0a, 0x00, 0x28, 0x02, 0x0f, 0x0f,
    0x02, 0xdf, 0x0e, 0x0e, 0x1a, 0x0e, 0x0e, 0x1a, 0x0e, 0x0e, 0x1a, 0x0e, 0x0e, 0x1a, 0x0e, 0x0e,
    0x10, 0x0e, 0x51, 0xfc, 0x0b, 0x0f, 0x02, 0xdf, 0x0b, 0x0f, 0x02, 0xdd, 0x06, 0x0b, 0x0e, 0x0f,
    0x0f, 0x0f, 0x0d, 0x08, 0x01, 0x55, 0x0b, 0x0f, 0x0d, 0x09, 0x0d, 0x0f, 0x0a, 0x0b, 0x0f, 0x0e,
    0x03, 0x19, 0x08, 0x0f, 0x09, 0x51, 0x0b, 0x0f, 0x02, 0x00, 0x04, 0x0e, 0x0e, 0x01, 0x66, 0x01,
    0x0e, 0x0d, 0x38, 0x0b, 0x0f, 0x02, 0x51, 0x08, 0x0f, 0x06, 0x66, 0x03, 0x0f, 0x0a, 0x38, 0x0b,
    0x0f, 0x02, 0x51, 0x04, 0x0f, 0x09, 0x66, 0x03, 0x0f, 0x0a, 0x38, 0x0b, 0x0f, 0x02, 0x51, 0x04,
    0x0f, 0x09, 0x66, 0x01, 0x0f, 0x0d, 0x38, 0x0b, 0x0f, 0x02, 0x51, 0x08, 0x0f, 0x06, 0x41, 0x09,
    0x0f, 0x09, 0x51, 0x0b, 0x0f, 0x02, 0x00, 0x04, 0x0e, 0x0e, 0x01, 0x41, 0x01, 0x0b, 0x0f, 0x0d,
    0x09, 0x0d, 0x0f, 0x0a, 0x0b, 0x0f, 0x0e, 0x04, 0x55, 0x06, 0x0b, 0x0e, 0x0f, 0x0f, 0x0f, 0x0d,
    0x08, 0x02, 0xdd, 0x0b, 0x0f, 0x02, 0xdf, 0x0b, 0x0f, 0x02, 0x10, 0x0d, 0x7d, 0x01, 0x0e, 0x0f,
    0x03, 0x18, 0x09, 0x0f, 0x09, 0x2c, 0x05, 0x0f, 0x0c, 0x37, 0x04, 0x0f, 0x0d, 0x01, 0x55, 0x0b,
    0x0f, 0x07, 0x38, 0x0d, 0x0f, 0x04, 0xc2, 0x02, 0x0e, 0x0f, 0x02, 0x00, 0x08, 0x0f, 0x0a, 0xb8,
    0x06, 0x0f, 0x0b, 0x03, 0x0f, 0x0e, 0x01, 0xdd, 0x0b, 0x0f, 0x0e, 0x0f, 0x05, 0x28, 0x02, 0x0f,
    0x0f, 0x0a, 0x00, 0x28, 0x03, 0x0f, 0x0f, 0x0b, 0x00, 0x28, 0x0c, 0x0f, 0x0d, 0x0f, 0x06, 0xdd,
    0x08, 0x0f, 0x0a, 0x02, 0x0e, 0x0e, 0x02, 0x22, 0x03, 0x0f, 0x0e, 0x01, 0x00, 0x07, 0x0f, 0x0b,
    0x22, 0x0c, 0x0f, 0x06, 0x38, 0x0c, 0x0f, 0x06, 0x55, 0x07, 0x0f, 0x0b, 0x37, 0x03, 0x0f, 0x0e,
    0x01, 0x19, 0x02, 0x0e, 0x0e, 0x02, 0x18, 0x08, 0x0f, 0x0a, 0x10, 0x0e, 0x7d, 0x02, 0x0f, 0x0b,
    0x51, 0x02, 0x0f, 0x0b, 0x51, 0x01, 0x0f, 0x0c, 0x41, 0x02, 0x0f, 0x0b, 0x51, 0x02, 0x0f, 0x0b,
    0x51, 0x01, 0x0f, 0x0c, 0x41, 0x02, 0x0f, 0x0b, 0x51, 0x02, 0x0f, 0x0b, 0x51, 0x01, 0x0f, 0x0c,
    0x41, 0x02, 0x0f, 0x0b, 0x51, 0x02, 0x0f, 0x0b, 0x51, 0x01, 0x0f, 0x0c, 0x41, 0x02, 0x0f, 0x0b,
    0x51, 0x02, 0x0f, 0x0b, 0x51, 0x01, 0x0f, 0x0c, 0x41, 0x02, 0x0f, 0x0c, 0x51, 0x02, 0x0f, 0x0b,
    0x51, 0x01, 0x0f, 0x0c, 0x19, 0x0e, 0x0e, 0x51, 0x02, 0x0f, 0x0b, 0x51, 0x04, 0x0f, 0x0a, 0x19,
    0x0a, 0x0f, 0x07, 0x00, 0x02, 0x0f, 0x0b, 0x51, 0x0c, 0x0f, 0x05, 0x19, 0x02, 0x0e, 0x0f, 0x08,
    0x05, 0x0f, 0x0b, 0x04, 0x0b, 0x0f, 0x0b, 0x55, 0x03, 0x0c, 0x0f, 0x0f, 0x0f, 0x0f, 0x0f, 0x0f,
    0x09, 0x01, 0x22, 0x04, 0x08, 0x0f, 0x0d, 0x06, 0x02, 0x28, 0x02, 0x0f, 0x0b, 0xdf, 0x02, 0x0f,
    0x0b, 0xdf, 0x02, 0x0f, 0x0b, 0x10, 0x0d, 0x38, 0x7d, 0x02, 0x09, 0x0e, 0x0f, 0x0e, 0x0a, 0x03,
    0x22, 0x04, 0x0e, 0x0f, 0x0b, 0x08, 0x0a, 0x0f, 0x0f, 0x05, 0x55, 0x01, 0x0e, 0x0e, 0x03, 0x38,
    0x03, 0x0e, 0x0e, 0x02, 0x2c, 0x07, 0x0f, 0x07, 0x18, 0x06, 0x0f, 0x08, 0x2c, 0x0b, 0x0f, 0x03,
    0x18, 0x01, 0x0f, 0x0d, 0x2c, 0x0d, 0x0f, 0x01, 0x9d, 0x0e, 0x0f, 0x2c, 0x0d, 0x0f, 0x4c, 0x0e,
    0x0f, 0x2c, 0x0d, 0x0f, 0x4c, 0x0e, 0x0f, 0x2c, 0x0b, 0x0f, 0x02, 0x9d, 0x0f, 0x0d, 0x2c, 0x08,
    0x0f, 0x05, 0x18, 0x03, 0x0f, 0x09, 0x2c, 0x02, 0x0f, 0x0a, 0x18, 0x08, 0x0f, 0x03, 0x55, 0x08,
    0x0f, 0x05, 0x38, 0x04, 0x0f, 0x09, 0x55, 0x07, 0x08, 0x0e, 0x0f, 0x0b, 0x00, 0x09, 0x0f, 0x0f,
    0x09, 0x07, 0x2c, 0x0d, 0x0f, 0x0f, 0x0f, 0x0f, 0x00, 0x0d, 0x0f, 0x0f, 0x0f, 0x0e, 0x10, 0x05,
    0xb6, 0x02, 0x03, 0x51, 0x02, 0x04, 0xdd, 0x0e, 0x0f, 0x01, 0x00, 0x0b, 0x0f, 0x04, 0xb8, 0x08,
    0x09, 0x51, 0x06, 0x0a, 0x01, 0x00, 0xd2, 0x03, 0x0f, 0x0a, 0xdf, 0x03, 0x0f, 0x0a, 0xdf, 0x03,
    0x0f, 0x0a, 0xdf, 0x03, 0x0f, 0x0a, 0xdf, 0x03, 0x0f, 0x0a, 0xdf, 0x03, 0x0f, 0x0a, 0xdf, 0x03,
    0x0f, 0x0a, 0xdf, 0x03, 0x0f, 0x0a, 0xdf, 0x03, 0x0f, 0x0a, 0xdf, 0x03, 0x0f, 0x0a, 0xdf, 0x03,
    0x0f, 0x0a, 0xdf, 0x03, 0x0f, 0x0a, 0xdf, 0x03, 0x0f, 0x0a, 0xdf, 0x03, 0x0f, 0x0a, 0x10, 0x0c,
    0x51, 0xaf, 0x02, 0x03, 0x51, 0x02, 0x04, 0xdd, 0x0e, 0x0f, 0x01, 0x00, 0x0b, 0x0f, 0x04, 0xb8,
    0x08, 0x09, 0x51, 0x06, 0x0a, 0x01, 0x84, 0x09, 0x0f, 0x09, 0x9d, 0x08, 0x0f, 0x09, 0x19, 0x01,
    0x0e, 0x0f, 0x02, 0x37, 0x02, 0x0f, 0x0e, 0x01, 0x2c, 0x07, 0x0f, 0x09, 0x37, 0x09, 0x0f, 0x07,
    0xc2, 0x0d, 0x0f, 0x02, 0x51, 0x02, 0x0f, 0x0d, 0x22, 0x05, 0x0f, 0x0a, 0x51, 0x0a, 0x0f, 0x05,
    0xb8, 0x0c, 0x0f, 0x03, 0x03, 0x0f, 0x0b, 0xdd, 0x03, 0x0f, 0x0b, 0x0b, 0x0f, 0x03, 0x28, 0x0a,
    0x0f, 0x0f, 0x0a, 0x00, 0x28, 0x02, 0x0f, 0x0f, 0x02, 0xdf, 0x0e, 0x0e, 0x1a, 0x0e, 0x0e, 0x1a,
    0x0e, 0x0e, 0x1a, 0x0e, 0x0e, 0x1a, 0x0e, 0x0e, 0x10, 0x0b, 0x18, 0xa4, 0x05, 0x07, 0x1a, 0x0d,
    0x0a, 0xdf, 0x01, 0x0f, 0x04, 0xdf, 0x01, 0x07, 0x51, 0xd2, 0x01, 0x0a, 0x0e, 0x0f, 0x0b, 0x03,
    0x0c, 0x0c, 0xc2, 0x01, 0x0d, 0x0f, 0x0b, 0x08, 0x0a, 0x0e, 0x0e, 0x0c, 0xc2, 0x07, 0x0f, 0x09,
    0x38, 0x07, 0x0f, 0x0c, 0xc2, 0x0c, 0x0f, 0x02, 0x37, 0x0f, 0x0c, 0xc2, 0x0e, 0x0d, 0x18, 0x0f,
    0x0c, 0xc2, 0x0f, 0x0c, 0x18, 0x0f, 0x0c, 0xc2, 0x0f, 0x0d, 0x18, 0x0f, 0x0c, 0xc2, 0x0d, 0x0f,
    0x01, 0x37, 0x0f, 0x0c, 0xc2, 0x08, 0x0f, 0x08, 0x38, 0x07, 0x0f, 0x0d, 0xc2, 0x01, 0x0d, 0x0f,
    0x0a, 0x07, 0x0a, 0x0e, 0x0d, 0x0f, 0x0b, 0xc2, 0x02, 0x0a, 0x0e, 0x0f, 0x0b, 0x03, 0x04, 0x0e,
    0x0e, 0x01, 0x10, 0x0b, 0x37, 0xa4, 0x05, 0x07, 0x1a, 0x0d, 0x0a, 0xdf, 0x01, 0x0f, 0x04, 0xdf,
    0x01, 0x07, 0xcb, 0x05, 0x0b, 0x0e, 0x0f, 0x0d, 0x09, 0x02, 0x22, 0x06, 0x0f, 0x0e, 0x09, 0x07,
    0x0a, 0x0f, 0x0e, 0x02, 0xc2, 0x0c, 0x0f, 0x02, 0x38, 0x06, 0x0f, 0x08, 0xc2, 0x0b, 0x0f, 0x01,
    0x37, 0x02, 0x01, 0xc2, 0x03, 0x0e, 0x0d, 0x08, 0x07, 0x07, 0x02, 0xb8, 0x01, 0x09, 0x0f, 0x0f,
    0x0f, 0x0f, 0x05, 0xb8, 0x0a, 0x0f, 0x06, 0x01, 0x00, 0x28, 0x0f, 0x0d, 0x18, 0x05, 0x04, 0xc2,
    0x0e, 0x0e, 0x02, 0x38, 0x05, 0x0f, 0x0a, 0xc2, 0x06, 0x0f, 0x0e, 0x09, 0x07, 0x0a, 0x0f, 0x0e,
    0x03, 0x22, 0x04, 0x0b, 0x0e, 0x0f, 0x0d, 0x09, 0x02, 0x10, 0x0b, 0x37, 0xa4, 0x08, 0x0a, 0x1a,
    0x0d, 0x08, 0xdf, 0x01, 0x0f, 0x03, 0xdf, 0x01, 0x04, 0x51, 0xd2, 0x09, 0x0f, 0x02, 0x09, 0x0e,
    0x0f, 0x0d, 0x06, 0x22, 0x09, 0x0f, 0x0d, 0x0c, 0x08, 0x09, 0x0e, 0x0f, 0x05, 0xc2, 0x09, 0x0f,
    0x09, 0x38, 0x04, 0x0f, 0x0b, 0xc2, 0x09, 0x0f, 0x04, 0x37, 0x0f, 0x0d, 0xc2, 0x09, 0x0f, 0x04,
    0x37, 0x0e, 0x0d, 0xc2, 0x09, 0x0f, 0x04, 0x37, 0x0e, 0x0d, 0xc2, 0x09, 0x0f, 0x04, 0x37, 0x0e,
    0x0d, 0xc2, 0x09, 0x0f, 0x04, 0x37, 0x0e, 0x0d, 0xc2, 0x09, 0x0f, 0x04, 0x37, 0x0e, 0x0d, 0xc2,
    0x09, 0x0f, 0x04, 0x37, 0x0e, 0x0d, 0xc2, 0x09, 0x0f, 0x04, 0x37, 0x0e, 0x0d, 0x1a, 0x0e, 0x0d,
    0x1a, 0x0e, 0x0d, 0x1a, 0x0e, 0x0d, 0x1a, 0x0e, 0x0d, 0x10, 0x06, 0x00, 0xa4, 0x05, 0x07, 0x1a,
    0x0d, 0x0a, 0xdf, 0x01, 0x0f, 0x04, 0xdf, 0x01, 0x07, 0xfa, 0x01, 0x0f, 0x0b, 0xdf, 0x01, 0x0f,
    0x0b, 0xdf, 0x01, 0x0f, 0x0b, 0xdf, 0x01, 0x0f, 0x0b, 0xdf, 0x01, 0x0f, 0x0b, 0xdf, 0x01, 0x0f,
    0x0b, 0xdf, 0x01, 0x0f, 0x0b, 0xdf, 0x01, 0x0f, 0x0b, 0xdf, 0x01, 0x0f, 0x0b, 0x1a, 0x0d, 0x0f,
    0x09, 0x07, 0x00, 0x28, 0x04, 0x0d, 0x0f, 0x0a, 0x10, 0x0b, 0xa6, 0x03, 0x08, 0x03, 0xdf, 0x07,
    0x0f, 0x03, 0xdd, 0x05, 0x08, 0x00, 0x09, 0x0d, 0x01, 0x08, 0x04, 0x22, 0x0d, 0x0f, 0x03, 0x05,
    0x05, 0x05, 0x0f, 0x0b, 0x22, 0x04, 0x06, 0x38, 0x01, 0x07, 0x03, 0x3a, 0x09, 0x0f, 0x03, 0x38,
    0x0e, 0x0e, 0x01, 0xc2, 0x09, 0x0f, 0x03, 0x38, 0x09, 0x0f, 0x05, 0xc2, 0x09, 0x0f, 0x03, 0x38,
    0x04, 0x0f, 0x09, 0xc2, 0x09, 0x0f, 0x03, 0x38, 0x01, 0x0f, 0x0c, 0xc2, 0x09, 0x0f, 0x03, 0x37,
    0x0e, 0x0d, 0xc2, 0x09, 0x0f, 0x03, 0x37, 0x0e, 0x0d, 0xc2, 0x09, 0x0f, 0x03, 0x38, 0x01, 0x0f,
    0x0c, 0xc2, 0x08, 0x0f, 0x04, 0x38, 0x05, 0x0f, 0x09, 0xc2, 0x05, 0x0f, 0x09, 0x51, 0x01, 0x0d,
    0x0f, 0x03, 0x22, 0x0d, 0x0f, 0x0a, 0x08, 0x0d, 0x0f, 0x08, 0xb8, 0x02, 0x0a, 0x0e, 0x0f, 0x0d,
    0x06, 0x10, 0x0b, 0x38, 0x7e, 0x01, 0x0a, 0x0e, 0x0f, 0x0b, 0x03, 0x0c, 0x0c, 0xc2, 0x01, 0x0d,
    0x0f, 0x0b, 0x08, 0x0a, 0x0e, 0x0e, 0x0c, 0xc2, 0x07, 0x0f, 0x09, 0x38, 0x07, 0x0f, 0x0c, 0xc2,
    0x0c, 0x0f, 0x02, 0x37, 0x0f, 0x0c, 0xc2, 0x0e, 0x0d, 0x18, 0x0f, 0x0c, 0xc2, 0x0f, 0x0c, 0x18,
    0x0f, 0x0c, 0xc2, 0x0f, 0x0d, 0x18, 0x0f, 0x0c, 0xc2, 0x0d, 0x0f, 0x01, 0x37, 0x0f, 0x0c, 0xc2,
    0x08, 0x0f, 0x08, 0x38, 0x07, 0x0f, 0x0d, 0xc2, 0x01, 0x0d, 0x0f, 0x0a, 0x07, 0x0a, 0x0e, 0x0d,
    0x0f, 0x0b, 0xc2, 0x02, 0x0a, 0x0e, 0x0f, 0x0b, 0x03, 0x04, 0x0e, 0x0e, 0x01, 0x10, 0x0c, 0x38,
    0x7d, 0x05, 0x0c, 0x0f, 0x0e, 0x0c, 0x05, 0xb8, 0x07, 0x0f, 0x0d, 0x08, 0x08, 0x0e, 0x0f, 0x06,
    0xc2, 0x02, 0x0f, 0x0c, 0x01, 0x51, 0x02, 0x0e, 0x0e, 0xc2, 0x06, 0x0f, 0x06, 0x37, 0x0b, 0x0f,
    0x01, 0x55, 0x06, 0x0f, 0x06, 0x38, 0x01, 0x0e, 0x0d, 0xc2, 0x06, 0x0f, 0x06, 0x00, 0x07, 0x08,
    0x0d, 0x0e, 0x04, 0xc2, 0x06, 0x0f, 0x06, 0x00, 0x0f, 0x0f, 0x0f, 0x0c, 0x03, 0xc2, 0x06, 0x0f,
    0x06, 0x38, 0x04, 0x0e, 0x0e, 0x02, 0x55, 0x06, 0x0f, 0x06, 0x37, 0x05, 0x0f, 0x09, 0x55, 0x06,
    0x0f, 0x06, 0x37, 0x01, 0x0f, 0x0b, 0x55, 0x06, 0x0f, 0x06, 0x37, 0x02, 0x0f, 0x0b, 0x55, 0x06,
    0x0f, 0x09, 0x37, 0x09, 0x0f, 0x07, 0x55, 0x06, 0x0f, 0x0f, 0x0c, 0x08, 0x08, 0x0c, 0x0f, 0x0c,
    0x01, 0x55, 0x06, 0x0f, 0x08, 0x0a, 0x0e, 0x0f, 0x0d, 0x08, 0x01, 0xc2, 0x06, 0x0f, 0x06, 0xdf,
    0x06, 0x0f, 0x06, 0xdf, 0x06, 0x0f, 0x06, 0xdf, 0x06, 0x0f, 0x06, 0x10, 0x0a, 0x00, 0x7e, 0x05,
    0x0f, 0x07, 0x37, 0x05, 0x0f, 0x08, 0x55, 0x01, 0x0e, 0x0d, 0x37, 0x0a, 0x0f, 0x02, 0xc2, 0x0a,
    0x0f, 0x03, 0x51, 0x01, 0x0f, 0x0c, 0x22, 0x04, 0x0f, 0x08, 0x51, 0x05, 0x0f, 0x06, 0xb8, 0x0e,
    0x0d, 0x51, 0x0a, 0x0f, 0x01, 0xb8, 0x08, 0x0f, 0x03, 0x01, 0x0f, 0x0a, 0xdd, 0x03, 0x0f, 0x09,
    0x06, 0x0f, 0x05, 0x28, 0x0c, 0x0e, 0x0b, 0x0e, 0x00, 0x28, 0x07, 0x0f, 0x0f, 0x09, 0x00, 0x28,
    0x02, 0x0f, 0x0f, 0x04, 0xdf, 0x0d, 0x0f, 0x1a, 0x0c, 0x0f, 0x1a, 0x0c, 0x0f, 0x1a, 0x0c, 0x0f,
    0x1a, 0x0c, 0x0f, 0x10, 0x0b, 0x97, 0x07, 0x0d, 0x0f, 0x0e, 0x0c, 0x04, 0xb8, 0x07, 0x0f, 0x0d,
    0x08, 0x09, 0x0c, 0x07, 0xb8, 0x0c, 0x0f, 0x01, 0xdf, 0x0b, 0x0f, 0x06, 0xdf, 0x03, 0x0e, 0x0f,
    0x0b, 0x06, 0x01, 0x28, 0x06, 0x0f, 0x0f, 0x0f, 0x0e, 0x04, 0xb8, 0x0a, 0x0e, 0x07, 0x03, 0x07,
    0x0f, 0x0f, 0x05, 0xc2, 0x07, 0x0f, 0x05, 0x38, 0x04, 0x0f, 0x0e, 0xc2, 0x0d, 0x0e, 0x18, 0x0a,
    0x0f, 0x04, 0x55, 0x0f, 0x0c, 0x18, 0x07, 0x0f, 0x06, 0x55, 0x0f, 0x0c, 0x18, 0x07, 0x0f, 0x05,
    0x55, 0x0d, 0x0e, 0x01, 0x37, 0x0a, 0x0f, 0x03, 0x55, 0x08, 0x0f, 0x08, 0x38, 0x03, 0x0f, 0x0c,
    0xc2, 0x01, 0x0c, 0x0f, 0x0b, 0x08, 0x09, 0x0f, 0x0e, 0x03, 0x22, 0x01, 0x08, 0x0d, 0x0f, 0x0e,
    0x0a, 0x03, 0x10, 0x0b, 0x38, 0x7e, 0x05, 0x0b, 0x0e, 0x0f, 0x0d, 0x09, 0x02, 0x22, 0x06, 0x0f,
    0x0e, 0x09, 0x07, 0x0a, 0x0f, 0x0e, 0x02, 0xc2, 0x0c, 0x0f, 0x02, 0x38, 0x06, 0x0f, 0x08, 0xc2,
    0x0b, 0x0f, 0x01, 0x37, 0x02, 0x01, 0xc2, 0x03, 0x0e, 0x0d, 0x08, 0x07, 0x07, 0x02, 0xb8, 0x01,
    0x09, 0x0f, 0x0f, 0x0f, 0x0f, 0x05, 0xb8, 0x0a, 0x0f, 0x06, 0x01, 0x00, 0x28, 0x0f, 0x0d, 0x18,
    0x05, 0x04, 0xc2, 0x0e, 0x0e, 0x02, 0x38, 0x05, 0x0f, 0x0a, 0xc2, 0x06, 0x0f, 0x0e, 0x09, 0x07,
    0x0a, 0x0f, 0x0e, 0x03, 0x22, 0x04, 0x0b, 0x0e, 0x0f, 0x0d, 0x09, 0x02, 0x10, 0x0a, 0x00, 0x7d,
    0x0e, 0x0f, 0x0f, 0x0f, 0x0f, 0x0f, 0x0f, 0x0f, 0x06, 0xc2, 0x07, 0x07, 0x07, 0x07, 0x07, 0x07,
    0x0e, 0x0e, 0x03, 0x00, 0x28, 0x09, 0x0f, 0x05, 0x00, 0x28, 0x07, 0x0f, 0x08, 0x00, 0x28, 0x05,
    0x0f, 0x0a, 0x00, 0x28, 0x03, 0x0f, 0x0c, 0x01, 0x00, 0x28, 0x0c, 0x0e, 0x02, 0x00, 0x28, 0x05,
    0x0f, 0x07, 0xdf, 0x0b, 0x0e, 0x01, 0x00, 0x28, 0x01, 0x0f, 0x0b, 0xdf, 0x02, 0x0f, 0x0a, 0xdf,
    0x01, 0x0f, 0x0d, 0x1a, 0x0b, 0x0f, 0x0b, 0x05, 0x01, 0x28, 0x01, 0x09, 0x0e, 0x0f, 0x0f, 0x0b,
    0x04, 0x28, 0x01, 0x04, 0x09, 0x0f, 0x0e, 0x1a, 0x0c, 0x0e, 0xdf, 0x03, 0x0f, 0x08, 0xdf, 0x05,
    0x0b, 0x10, 0x0b, 0x51, 0x7e, 0x09, 0x0f, 0x02, 0x09, 0x0e, 0x0f, 0x0d, 0x06, 0x22, 0x09, 0x0f,
    0x0d, 0x0c, 0x08, 0x09, 0x0e, 0x0f, 0x05, 0xc2, 0x09, 0x0f, 0x09, 0x38, 0x04, 0x0f, 0x0b, 0xc2,
    0x09, 0x0f, 0x04, 0x37, 0x0f, 0x0d, 0xc2, 0x09, 0x0f, 0x04, 0x37, 0x0e, 0x0d, 0xc2, 0x09, 0x0f,
    0x04, 0x37, 0x0e, 0x0d, 0xc2, 0x09, 0x0f, 0x04, 0x37, 0x0e, 0x0d, 0xc2, 0x09, 0x0f, 0x04, 0x37,
    0x0e, 0x0d, 0xc2, 0x09, 0x0f, 0x04, 0x37, 0x0e, 0x0d, 0xc2, 0x09, 0x0f, 0x04, 0x37, 0x0e, 0x0d,
    0xc2, 0x09, 0x0f, 0x04, 0x37, 0x0e, 0x0d, 0x1a, 0x0e, 0x0d, 0x1a, 0x0e, 0x0d, 0x1a, 0x0e, 0x0d,
    0x1a, 0x0e, 0x0d, 0x10, 0x0b, 0x38, 0x7d, 0x07, 0x0d, 0x0f, 0x0e, 0x0a, 0x02, 0xb8, 0x08, 0x0f,
    0x0c, 0x08, 0x0a, 0x0f, 0x0d, 0x01, 0xc2, 0x03, 0x0f, 0x0c, 0x38, 0x07, 0x0f, 0x08, 0xc2, 0x08,
    0x0f, 0x05, 0x37, 0x0e, 0x0d, 0xc2, 0x0b, 0x0f, 0x02, 0x37, 0x0b, 0x0f, 0x01, 0x55, 0x0c, 0x0f,
    0x01, 0x37, 0x0a, 0x0f, 0x02, 0x55, 0x0c, 0x0f, 0x08, 0x08, 0x08, 0x08, 0x08, 0x0c, 0x0f, 0x03,
    0x55, 0x0c, 0x0f, 0x0f, 0x0f, 0x0f, 0x0f, 0x0f, 0x0f, 0x0f, 0x03, 0x55, 0x0c, 0x0f, 0x18, 0x0a,
    0x0f, 0x02, 0x55, 0x0a, 0x0f, 0x01, 0x37, 0x0b, 0x0f, 0x01, 0x55, 0x07, 0x0f, 0x05, 0x37, 0x0e,
    0x0d, 0xc2, 0x02, 0x0f, 0x0c, 0x38, 0x06, 0x0f, 0x08, 0x22, 0x08, 0x0f, 0x0c, 0x08, 0x0a, 0x0f,
    0x0d, 0x01, 0xb8, 0x06, 0x0c, 0x0f, 0x0e, 0x09, 0x01, 0x10, 0x06, 0x51, 0x7e, 0x01, 0x0f, 0x0b,
    0xdf, 0x01, 0x0f, 0x0b, 0xdf, 0x01, 0x0f, 0x0b, 0xdf, 0x01, 0x0f, 0x0b, 0xdf, 0x01, 0x0f, 0x0b,
    0xdf, 0x01, 0x0f, 0x0b, 0xdf, 0x01, 0x0f, 0x0b, 0xdf, 0x01, 0x0f, 0x0b, 0xdf, 0x01, 0x0f, 0x0b,
    0x1a, 0x0d, 0x0f, 0x09, 0x07, 0x00, 0x28, 0x04, 0x0d, 0x0f, 0x0a, 0x10, 0x0b, 0x51, 0x7e, 0x07,
    0x0f, 0x05, 0x38, 0x05, 0x0f, 0x0c, 0x01, 0x55, 0x07, 0x0f, 0x05, 0x51, 0x04, 0x0f, 0x0d, 0x01,
    0xc2, 0x07, 0x0f, 0x05, 0x00, 0x02, 0x0e, 0x0e, 0x02, 0x22, 0x07, 0x0f, 0x05, 0x01, 0x0d, 0x0f,
    0x04, 0xb8, 0x07, 0x0f, 0x0b, 0x0c, 0x0f, 0x05, 0xdd, 0x07, 0x0f, 0x0f, 0x0f, 0x0f, 0x03, 0xdd,
    0x07, 0x0f, 0x05, 0x04, 0x0f, 0x0d, 0x01, 0xb8, 0x07, 0x0f, 0x05, 0x00, 0x07, 0x0f, 0x0c, 0xb8,
    0x07, 0x0f, 0x05, 0x51, 0x0a, 0x0f, 0x09, 0x22, 0x07, 0x0f, 0x05, 0x51, 0x01, 0x0c, 0x0f, 0x06,
    0xc2, 0x07, 0x0f, 0x05, 0x38, 0x02, 0x0e, 0x0f, 0x04, 0x10, 0x0b, 0x4c, 0x4a, 0x05, 0x0f, 0x0d,
    0x04, 0x00, 0x28, 0x03, 0x09, 0x0f, 0x0e, 0x1a, 0x0b, 0x0f, 0x05, 0xdf, 0x05, 0x0f, 0x0b, 0x1a,
    0x0e, 0x0f, 0x02, 0x00, 0x28, 0x01, 0x0f, 0x0f, 0x07, 0x00, 0x28, 0x06, 0x0f, 0x0f, 0x0d, 0x00,
    0x28, 0x0c, 0x0f, 0x0c, 0x0f, 0x04, 0xdd, 0x03, 0x0f, 0x0b, 0x05, 0x0f, 0x0a, 0xdd, 0x08, 0x0f,
    0x06, 0x00, 0x0e, 0x0e, 0x01, 0xb8, 0x0e, 0x0e, 0x01, 0x00, 0x09, 0x0f, 0x06, 0x22, 0x05, 0x0f,
    0x0a, 0x51, 0x03, 0x0f, 0x0c, 0x22, 0x0a, 0x0f, 0x04, 0x38, 0x0c, 0x0f, 0x03, 0x55, 0x01, 0x0f,
    0x0e, 0x37, 0x06, 0x0f, 0x0d, 0x05, 0x2c, 0x07, 0x0f, 0x08, 0x18, 0x0a, 0x0f, 0x08, 0x10, 0x0b,
    0x51, 0x7e, 0x07, 0x0f, 0x05, 0x37, 0x0f, 0x0c, 0xc2, 0x07, 0x0f, 0x05, 0x37, 0x0f, 0x0c, 0xc2,
    0x07, 0x0f, 0x05, 0x37, 0x0f, 0x0c, 0xc2, 0x07, 0x0f, 0x05, 0x37, 0x0f, 0x0c, 0xc2, 0x07, 0x0f,
    0x05, 0x37, 0x0f, 0x0c, 0xc2, 0x07, 0x0f, 0x05, 0x37, 0x0f, 0x0c, 0xc2, 0x07, 0x0f, 0x05, 0x37,
    0x0f, 0x0c, 0xc2, 0x07, 0x0f, 0x07, 0x37, 0x0f, 0x0c, 0xc2, 0x07, 0x0f, 0x0b, 0x38, 0x04, 0x0f,
    0x0c, 0xc2, 0x07, 0x0f, 0x0f, 0x0b, 0x07, 0x09, 0x0e, 0x0f, 0x0c, 0xc2, 0x07, 0x0f, 0x0a, 0x0d,
    0x0f, 0x0d, 0x05, 0x0d, 0x0c, 0xc2, 0x07, 0x0f, 0x05, 0xdf, 0x07, 0x0f, 0x05, 0xdf, 0x07, 0x0f,
    0x05, 0xdf, 0x07, 0x0f, 0x05, 0x10, 0x0a, 0x00, 0x7e, 0x08, 0x0f, 0x05, 0x37, 0x0a, 0x0f, 0x02,
    0x55, 0x02, 0x0f, 0x0a, 0x37, 0x0e, 0x0c, 0x22, 0x0c, 0x0e, 0x38, 0x04, 0x0f, 0x07, 0x22, 0x07,
    0x0f, 0x04, 0x51, 0x09, 0x0f, 0x02, 0x22, 0x02, 0x0f, 0x09, 0x51, 0x0e, 0x0c, 0xdd, 0x0b, 0x0e,
    0x00, 0x03, 0x0f, 0x06, 0xdd, 0x06, 0x0f, 0x04, 0x08, 0x0f, 0x01, 0xdd, 0x01, 0x0f, 0x09, 0x0d,
    0x0b, 0x00, 0x28, 0x0b, 0x0e, 0x0f, 0x06, 0x00, 0x28, 0x06, 0x0f, 0x0f, 0x01, 0x00, 0x28, 0x01,
    0x0f, 0x0b, 0x10, 0x0a, 0x38, 0x7d, 0x06, 0x0c, 0x0e, 0x0f, 0x0e, 0x09, 0xb8, 0x0b, 0x0f, 0x0d,
    0x08, 0x08, 0x09, 0x08, 0x22, 0x04, 0x0f, 0x0b, 0xdf, 0x05, 0x0f, 0x07, 0xdf, 0x02, 0x0f, 0x0c,
    0x01, 0xdf, 0x05, 0x0e, 0x0d, 0x09, 0x07, 0x07, 0xdd, 0x01, 0x09, 0x0f, 0x0f, 0x0f, 0x0f, 0xb8,
    0x02, 0x0e, 0x0e, 0x06, 0x01, 0x28, 0x0b, 0x0f, 0x03, 0xdf, 0x0e, 0x0d, 0x1a, 0x0f, 0x0d, 0x1a,
    0x0c, 0x0f, 0x04, 0xdf, 0x04, 0x0f, 0x0e, 0x07, 0x02, 0x00, 0x28, 0x03, 0x0b, 0x0f, 0x0f, 0x0d,
    0x09, 0x02, 0x28, 0x02, 0x05, 0x09, 0x0f, 0x0e, 0x01, 0xdf, 0x09, 0x0f, 0x02, 0x00, 0x28, 0x02,
    0x0e, 0x0b, 0xdf, 0x04, 0x0c, 0x01, 0x10, 0x0b, 0x37, 0x7e, 0x07, 0x0d, 0x0f, 0x0e, 0x0a, 0x02,
    0xb8, 0x0b, 0x0f, 0x0c, 0x08, 0x09, 0x0f, 0x0e, 0x03, 0xc2, 0x06, 0x0f, 0x09, 0x38, 0x04, 0x0f,
    0x0d, 0xc2, 0x0d, 0x0f, 0x01, 0x37, 0x0a, 0x0f, 0x04, 0x2c, 0x01, 0x0f, 0x0c, 0x18, 0x06, 0x0f,
    0x07, 0x2c, 0x01, 0x0f, 0x0b, 0x18, 0x05, 0x0f, 0x08, 0x2c, 0x01, 0x0f, 0x0c, 0x18, 0x06, 0x0f,
    0x07, 0x55, 0x0d, 0x0f, 0x01, 0x37, 0x09, 0x0f, 0x04, 0x55, 0x07, 0x0f, 0x09, 0x38, 0x03, 0x0f,
    0x0d, 0x22, 0x0b, 0x0f, 0x0c, 0x08, 0x09, 0x0f, 0x0e, 0x03, 0xb8, 0x07, 0x0d, 0x0f, 0x0e, 0x0a,
    0x02, 0x10, 0x0c, 0x00, 0x7e, 0x09, 0x0f, 0x0f, 0x0f, 0x0f, 0x0f, 0x0f, 0x0f, 0x0f, 0x0f, 0x0f,
    0x02, 0x19, 0x04, 0x07, 0x0f, 0x0e, 0x07, 0x07, 0x07, 0x09, 0x0f, 0x0c, 0x07, 0x01, 0x55, 0x0e,
    0x0d, 0x38, 0x03, 0x0f, 0x09, 0x22, 0x0e, 0x0d, 0x38, 0x03, 0x0f, 0x09, 0x22, 0x0e, 0x0d, 0x38,
    0x03, 0x0f, 0x09, 0x22, 0x0e, 0x0d, 0x38, 0x03, 0x0f, 0x09, 0x22, 0x0e, 0x0d, 0x38, 0x03, 0x0f,
    0x09, 0x22, 0x0e, 0x0d, 0x38, 0x03, 0x0f, 0x09, 0x22, 0x0e, 0x0d, 0x38, 0x03, 0x0f, 0x0a, 0x22,
    0x0e, 0x0d, 0x38, 0x01, 0x0e, 0x0f, 0x09, 0x06, 0x55, 0x0e, 0x0d, 0x37, 0x05, 0x0d, 0x0f, 0x08,
    0x10, 0x0b, 0x37, 0x7e, 0x05, 0x0c, 0x0f, 0x0e, 0x0a, 0x02, 0xb8, 0x06, 0x0f, 0x0d, 0x08, 0x09,
    0x0f, 0x0e, 0x02, 0xc2, 0x01, 0x0e, 0x0e, 0x01, 0x51, 0x05, 0x0f, 0x0a, 0xc2, 0x06, 0x0f, 0x08,
    0x37, 0x0c, 0x0f, 0x01, 0x55, 0x08, 0x0f, 0x05, 0x37, 0x09, 0x0f, 0x04, 0x55, 0x09, 0x0f, 0x04,
    0x37, 0x08, 0x0f, 0x05, 0x55, 0x09, 0x0f, 0x04, 0x37, 0x08, 0x0f, 0x04, 0x55, 0x09, 0x0f, 0x04,
    0x37, 0x0b, 0x0f, 0x02, 0x55, 0x09, 0x0f, 0x09, 0x38, 0x04, 0x0f, 0x0d, 0xc2, 0x09, 0x0f, 0x0f,
    0x0b, 0x08, 0x09, 0x0f, 0x0f, 0x04, 0xc2, 0x09, 0x0f, 0x05, 0x0a, 0x0e, 0x0f, 0x0c, 0x05, 0x22,
    0x09, 0x0f, 0x04, 0xdf, 0x09, 0x0f, 0x04, 0xdf, 0x09, 0x0f, 0x04, 0xdf, 0x09, 0x0f, 0x04, 0x10,
    0x0b, 0x37, 0x7e, 0x07, 0x0d, 0x0f, 0x0e, 0x09, 0x01, 0xb8, 0x0a, 0x0f, 0x0b, 0x08, 0x0a, 0x0f,
    0x0d, 0x01, 0xc2, 0x05, 0x0f, 0x0a, 0x38, 0x07, 0x0f, 0x07, 0xc2, 0x0b, 0x0f, 0x02, 0x38, 0x01,
    0x0f, 0x0a, 0xc2, 0x0e, 0x0d, 0x1a, 0x0f, 0x0c, 0x1a, 0x0f, 0x0d, 0x1a, 0x0c, 0x0f, 0x03, 0xdf,
    0x06, 0x0f, 0x0d, 0x02, 0xdf, 0x09, 0x0f, 0x0f, 0x09, 0x04, 0x00, 0x28, 0x05, 0x0c, 0x0f, 0x0f,
    0x0e, 0x05, 0x00, 0x28, 0x02, 0x07, 0x0f, 0x0e, 0x1a, 0x0c, 0x0d, 0xdf, 0x03, 0x0f, 0x07, 0xdf,
    0x05, 0x0a, 0x10, 0x0b, 0x37, 0x7e, 0x08, 0x0d, 0x0f, 0x0f, 0x0f, 0x0f, 0x0f, 0x0f, 0x03, 0x55,
    0x0b, 0x0f, 0x0b, 0x08, 0x09, 0x0f, 0x0d, 0x07, 0x07, 0x02, 0x2c, 0x07, 0x0f, 0x09, 0x38, 0x04,
    0x0f, 0x06, 0xc2, 0x0c, 0x0f, 0x01, 0x37, 0x0b, 0x0e, 0x01, 0x55, 0x0f, 0x0c, 0x18, 0x07, 0x0f,
    0x04, 0x2c, 0x01, 0x0f, 0x0b, 0x18, 0x07, 0x0f, 0x06, 0x55, 0x0f, 0x0d, 0x18, 0x08, 0x0f, 0x05,
    0x55, 0x0c, 0x0f, 0x01, 0x37, 0x0b, 0x0f, 0x02, 0x55, 0x06, 0x0f, 0x0a, 0x38, 0x05, 0x0f, 0x0b,
    0x22, 0x0b, 0x0f, 0x0c, 0x08, 0x0a, 0x0f, 0x0e, 0x02, 0xb8, 0x07, 0x0d, 0x0f, 0x0e, 0x09, 0x02,
    0x10, 0x0a, 0x00, 0x7e, 0x03, 0x0f, 0x0f, 0x0f, 0x0f, 0x0f, 0x0f, 0x0f, 0x0f, 0x09, 0x55, 0x01,
    0x07, 0x07, 0x07, 0x0e, 0x0f, 0x07, 0x07, 0x07, 0x04, 0xdd, 0x0c, 0x0f, 0x1a, 0x0c, 0x0f, 0x1a,
    0x0c, 0x0f, 0x1a, 0x0c, 0x0f, 0x1a, 0x0c, 0x0f, 0x1a, 0x0c, 0x0f, 0x1a, 0x0c, 0x0f, 0x01, 0xdf,
    0x09, 0x0f, 0x0b, 0x0a, 0x01, 0x28, 0x02, 0x0c, 0x0f, 0x0d, 0x02, 0x10, 0x0b, 0x51, 0x7e, 0x09,
    0x0f, 0x03, 0x38, 0x0e, 0x0e, 0x01, 0xc2, 0x09, 0x0f, 0x03, 0x38, 0x09, 0x0f, 0x05, 0xc2, 0x09,
    0x0f, 0x03, 0x38, 0x04, 0x0f, 0x09, 0xc2, 0x09, 0x0f, 0x03, 0x38, 0x01, 0x0f, 0x0c, 0xc2, 0x09,
    0x0f, 0x03, 0x37, 0x0e, 0x0d, 0xc2, 0x09, 0x0f, 0x03, 0x37, 0x0e, 0x0d, 0xc2, 0x09, 0x0f, 0x03,
    0x38, 0x01, 0x0f, 0x0c, 0xc2, 0x08, 0x0f, 0x04, 0x38, 0x05, 0x0f, 0x09, 0xc2, 0x05, 0x0f, 0x09,
    0x51, 0x01, 0x0d, 0x0f, 0x03, 0x22, 0x0d, 0x0f, 0x0a, 0x08, 0x0d, 0x0f, 0x08, 0xb8, 0x02, 0x0a,
    0x0e, 0x0f, 0x0d, 0x06, 0x10, 0x0e, 0x38, 0x7e, 0x04, 0x0a, 0x51, 0x02, 0x0c, 0x0f, 0x0d, 0x08,
    0x55, 0x02, 0x0e, 0x0e, 0x02, 0x00, 0x0c, 0x0f, 0x08, 0x0b, 0x0f, 0x0c, 0x2c, 0x0a, 0x0f, 0x06,
    0x51, 0x0e, 0x0d, 0x51, 0x08, 0x0f, 0x08, 0x19, 0x0e, 0x0e, 0x38, 0x0e, 0x0d, 0x38, 0x0e, 0x0e,
    0x41, 0x02, 0x0f, 0x0b, 0x38, 0x0e, 0x0d, 0x38, 0x0a, 0x0f, 0x03, 0x66, 0x02, 0x0f, 0x0a, 0x38,
    0x0e, 0x0d, 0x38, 0x09, 0x0f, 0x04, 0x41, 0x0f, 0x0d, 0x38, 0x0e, 0x0d, 0x38, 0x0b, 0x0f, 0x02,
    0x41, 0x0b, 0x0f, 0x03, 0x51, 0x0e, 0x0d, 0x51, 0x02, 0x0f, 0x0d, 0x19, 0x04, 0x0f, 0x0d, 0x02,
    0x00, 0x0e, 0x0d, 0x00, 0x02, 0x0c, 0x0f, 0x06, 0x2c, 0x07, 0x0f, 0x0f, 0x0a, 0x0f, 0x0e, 0x0a,
    0x0f, 0x0f, 0x08, 0xc2, 0x03, 0x0a, 0x0d, 0x0f, 0x0f, 0x0d, 0x0a, 0x04, 0x28, 0x0e, 0x0d, 0x1a,
    0x0e, 0x0d, 0x1a, 0x0e, 0x0d, 0x1a, 0x0e, 0x0d, 0x1a, 0x0e, 0x0d, 0x10, 0x0b, 0x00, 0x7e, 0x02,
    0x0e, 0x0e, 0x06, 0x37, 0x0c, 0x0e, 0x01, 0x2c, 0x01, 0x09, 0x0d, 0x0f, 0x04, 0x51, 0x05, 0x0f,
    0x08, 0x22, 0x02, 0x0f, 0x0b, 0x51, 0x0c, 0x0e, 0x01, 0xb8, 0x09, 0x0f, 0x03, 0x04, 0x0f, 0x08,
    0xdd, 0x03, 0x0f, 0x09, 0x0b, 0x0f, 0x02, 0x28, 0x0b, 0x0f, 0x0f, 0x09, 0x00, 0x28, 0x05, 0x0f,
    0x0f, 0x02, 0x00, 0x28, 0x03, 0x0f, 0x0e, 0xdf, 0x0a, 0x0f, 0x0f, 0x06, 0x28, 0x03, 0x0f, 0x0b,
    0x0e, 0x0c, 0x28, 0x0a, 0x0f, 0x03, 0x09, 0x0f, 0x04, 0xb8, 0x02, 0x0f, 0x0b, 0x00, 0x02, 0x0f,
    0x0a, 0xb8, 0x09, 0x0f, 0x04, 0x51, 0x0b, 0x0f, 0x03, 0xc2, 0x02, 0x0f, 0x0c, 0x38, 0x03, 0x0f,
    0x0e, 0x0a, 0x55, 0x09, 0x0f, 0x05, 0x37, 0x06, 0x0e, 0x0b, 0x10, 0x0e, 0x00, 0x7e, 0x01, 0x0f,
    0x0b, 0x38, 0x0f, 0x0c, 0x51, 0x0b, 0x0f, 0x04, 0x41, 0x01, 0x0f, 0x0b, 0x38, 0x0f, 0x0c, 0x51,
    0x05, 0x0f, 0x09, 0x41, 0x01, 0x0f, 0x0b, 0x38, 0x0f, 0x0c, 0x51, 0x01, 0x0f, 0x0d, 0x41, 0x01,
    0x0f, 0x0b, 0x38, 0x0f, 0x0c, 0x38, 0x0c, 0x0f, 0x01, 0x66, 0x01, 0x0f, 0x0b, 0x38, 0x0f, 0x0c,
    0x38, 0x0b, 0x0f, 0x02, 0x66, 0x01, 0x0f, 0x0c, 0x38, 0x0f, 0x0c, 0x38, 0x0a, 0x0f, 0x02, 0x41,
    0x0e, 0x0e, 0x38, 0x0f, 0x0c, 0x38, 0x0d, 0x0f, 0x01, 0x41, 0x0a, 0x0f, 0x04, 0x51, 0x0f, 0x0c,
    0x51, 0x04, 0x0f, 0x0b, 0x19, 0x03, 0x0f, 0x0d, 0x02, 0x00, 0x0f, 0x0c, 0x00, 0x03, 0x0d, 0x0f,
    0x04, 0x2c, 0x07, 0x0f, 0x0f, 0x0a, 0x0f, 0x0e, 0x0b, 0x0f, 0x0f, 0x07, 0xc2, 0x03, 0x0a, 0x0d,
    0x0f, 0x0f, 0x0d, 0x0a, 0x03, 0x28, 0x0f, 0x0c, 0x1a, 0x0f, 0x0c, 0x1a, 0x0f, 0x0c, 0x1a, 0x0f,
    0x0c, 0x1a, 0x0f, 0x0c, 0x10, 0x10, 0x38, 0x7e, 0x0b, 0x0f, 0x03, 0x4c, 0x0b, 0x0f, 0x03, 0x66,
    0x02, 0x0f, 0x0c, 0x52, 0x05, 0x0f, 0x09, 0x66, 0x07, 0x0f, 0x07, 0x52, 0x01, 0x0f, 0x0e, 0x66,
    0x0a, 0x0f, 0x03, 0x38, 0x08, 0x0b, 0x01, 0x38, 0x0b, 0x0f, 0x02, 0x00, 0x3f, 0x0c, 0x0f, 0x01,
    0x38, 0x0a, 0x0f, 0x02, 0x38, 0x09, 0x0f, 0x03, 0x00, 0x3f, 0x0c, 0x0f, 0x37, 0x0a, 0x0f, 0x02,
    0x38, 0x09, 0x0f, 0x04, 0x00, 0x3f, 0x0b, 0x0f, 0x01, 0x38, 0x0b, 0x0f, 0x02, 0x38, 0x0a, 0x0f,
    0x02, 0x00, 0x3f, 0x09, 0x0f, 0x04, 0x38, 0x0c, 0x0f, 0x04, 0x38, 0x0c, 0x0f, 0x66, 0x04, 0x0f,
    0x0a, 0x51, 0x03, 0x0f, 0x0e, 0x09, 0x51, 0x03, 0x0f, 0x0b, 0x41, 0x0b, 0x0f, 0x0a, 0x08, 0x0e,
    0x0c, 0x06, 0x0f, 0x0a, 0x08, 0x0e, 0x0f, 0x03, 0x41, 0x01, 0x0a, 0x0e, 0x0e, 0x0a, 0x01, 0x00,
    0x06, 0x0d, 0x0f, 0x0c, 0x04, 0x10, 0x06, 0x9d, 0x4a, 0x06, 0x06, 0x51, 0x04, 0x08, 0x01, 0xb8,
    0x0f, 0x0f, 0x01, 0x00, 0x0b, 0x0f, 0x04, 0xb8, 0x05, 0x06, 0x51, 0x03, 0x07, 0x51, 0xd2, 0x01,
    0x0f, 0x0b, 0xdf, 0x01, 0x0f, 0x0b, 0xdf, 0x01, 0x0f, 0x0b, 0xdf, 0x01, 0x0f, 0x0b, 0xdf, 0x01,
    0x0f, 0x0b, 0xdf, 0x01, 0x0f, 0x0b, 0xdf, 0x01, 0x0f, 0x0b, 0xdf, 0x01, 0x0f, 0x0b, 0xdf, 0x01,
    0x0f, 0x0b, 0x1a, 0x0d, 0x0f, 0x09, 0x07, 0x00, 0x28, 0x04, 0x0d, 0x0f, 0x0a, 0x10, 0x0b, 0x52,
    0x4a, 0x06, 0x06, 0x51, 0x04, 0x08, 0x01, 0xb8, 0x0f, 0x0f, 0x01, 0x00, 0x0b, 0x0f, 0x04, 0xb8,
    0x05, 0x06, 0x51, 0x03, 0x07, 0xd2, 0x09, 0x0f, 0x03, 0x38, 0x0e, 0x0e, 0x01, 0xc2, 0x09, 0x0f,
    0x03, 0x38, 0x09, 0x0f, 0x05, 0xc2, 0x09, 0x0f, 0x03, 0x38, 0x04, 0x0f, 0x09, 0xc2, 0x09, 0x0f,
    0x03, 0x38, 0x01, 0x0f, 0x0c, 0xc2, 0x09, 0x0f, 0x03, 0x37, 0x0e, 0x0d, 0xc2, 0x09, 0x0f, 0x03,
    0x37, 0x0e, 0x0d, 0xc2, 0x09, 0x0f, 0x03, 0x38, 0x01, 0x0f, 0x0c, 0xc2, 0x08, 0x0f, 0x04, 0x38,
    0x05, 0x0f, 0x09, 0xc2, 0x05, 0x0f, 0x09, 0x51, 0x01, 0x0d, 0x0f, 0x03, 0x22, 0x0d, 0x0f, 0x0a,
    0x08, 0x0d, 0x0f, 0x08, 0xb8, 0x02, 0x0a, 0x0e, 0x0f, 0x0d, 0x06, 0x10, 0x0b, 0x37, 0xa4, 0x05,
    0x07, 0x1a, 0x0d, 0x0a, 0xdf, 0x01, 0x0f, 0x04, 0xdf, 0x01, 0x07, 0x1f, 0x07, 0x0d, 0x0f, 0x0e,
    0x0a, 0x02, 0xb8, 0x0b, 0x0f, 0x0c, 0x08, 0x09, 0x0f, 0x0e, 0x03, 0xc2, 0x06, 0x0f, 0x09, 0x38,
    0x04, 0x0f, 0x0d, 0xc2, 0x0d, 0x0f, 0x01, 0x37, 0x0a, 0x0f, 0x04, 0x2c, 0x01, 0x0f, 0x0c, 0x18,
    0x06, 0x0f, 0x07, 0x2c, 0x01, 0x0f, 0x0b, 0x18, 0x05, 0x0f, 0x08, 0x2c, 0x01, 0x0f, 0x0c, 0x18,
    0x06, 0x0f, 0x07, 0x55, 0x0d, 0x0f, 0x01, 0x37, 0x09, 0x0f, 0x04, 0x55, 0x07, 0x0f, 0x09, 0x38,
    0x03, 0x0f, 0x0d, 0x22, 0x0b, 0x0f, 0x0c, 0x08, 0x09, 0x0f, 0x0e, 0x03, 0xb8, 0x07, 0x0d, 0x0f,
    0x0e, 0x0a, 0x02, 0x10, 0x0b, 0x37, 0xa4, 0x05, 0x07, 0x1a, 0x0d, 0x0a, 0xdf, 0x01, 0x0f, 0x04,
    0xdf, 0x01, 0x07, 0x51, 0xd2, 0x09, 0x0f, 0x03, 0x38, 0x0e, 0x0e, 0x01, 0xc2, 0x09, 0x0f, 0x03,
    0x38, 0x09, 0x0f, 0x05, 0xc2, 0x09, 0x0f, 0x03, 0x38, 0x04, 0x0f, 0x09, 0xc2, 0x09, 0x0f, 0x03,
    0x38, 0x01, 0x0f, 0x0c, 0xc2, 0x09, 0x0f, 0x03, 0x37, 0x0e, 0x0d, 0xc2, 0x09, 0x0f, 0x03, 0x37,
    0x0e, 0x0d, 0xc2, 0x09, 0x0f, 0x03, 0x38, 0x01, 0x0f, 0x0c, 0xc2, 0x08, 0x0f, 0x04, 0x38, 0x05,
    0x0f, 0x09, 0xc2, 0x05, 0x0f, 0x09, 0x51, 0x01, 0x0d, 0x0f, 0x03, 0x22, 0x0d, 0x0f, 0x0a, 0x08,
    0x0d, 0x0f, 0x08, 0xb8, 0x02, 0x0a, 0x0e, 0x0f, 0x0d, 0x06, 0x10, 0x10, 0x3e, 0x05, 0x07, 0x1a,
    0x0d, 0x0a, 0xdf, 0x01, 0x0f, 0x04, 0xdf, 0x01, 0x07, 0xd2, 0x0b, 0x0f, 0x03, 0x4c, 0x0b, 0x0f,
    0x03, 0x66, 0x02, 0x0f, 0x0c, 0x52, 0x05, 0x0f, 0x09, 0x66, 0x07, 0x0f, 0x07, 0x52, 0x01, 0x0f,
    0x0e, 0x66, 0x0a, 0x0f, 0x03, 0x38, 0x08, 0x0b, 0x01, 0x38, 0x0b, 0x0f, 0x02, 0x00, 0x3f, 0x0c,
    0x0f, 0x01, 0x38, 0x0a, 0x0f, 0x02, 0x38, 0x09, 0x0f, 0x03, 0x00, 0x3f, 0x0c, 0x0f, 0x37, 0x0a,
    0x0f, 0x02, 0x38, 0x09, 0x0f, 0x04, 0x00, 0x3f, 0x0b, 0x0f, 0x01, 0x38, 0x0b, 0x0f, 0x02, 0x38,
    0x0a, 0x0f, 0x02, 0x00, 0x3f, 0x09, 0x0f, 0x04, 0x38, 0x0c, 0x0f, 0x04, 0x38, 0x0c, 0x0f, 0x66,
    0x04, 0x0f, 0x0a, 0x51, 0x03, 0x0f, 0x0e, 0x09, 0x51, 0x03, 0x0f, 0x0b, 0x41, 0x0b, 0x0f, 0x0a,
    0x08, 0x0e, 0x0c, 0x06, 0x0f, 0x0a, 0x08, 0x0e, 0x0f, 0x03, 0x41, 0x01, 0x0a, 0x0e, 0x0e, 0x0a,
    0x01, 0x00, 0x06, 0x0d, 0x0f, 0x0c, 0x04, 0x10, 0x0c, 0xfc, 0x06, 0x0d, 0x0f, 0x0d, 0x06, 0xdd,
    0x05, 0x0f, 0x0d, 0x08, 0x0d, 0x0f, 0x05, 0xb8, 0x0a, 0x0f, 0x03, 0x00, 0x03, 0x0f, 0x0a, 0xb8,
    0x0b, 0x0f, 0x01, 0x51, 0x0f, 0x0c, 0xb8, 0x08, 0x0f, 0x05, 0x51, 0x0f, 0x0c, 0xb8, 0x02, 0x0f,
    0x0e, 0x04, 0x00, 0x0f, 0x0c, 0xc2, 0x0c, 0x0f, 0x00, 0x05, 0x0e, 0x0f, 0x0c, 0x0f, 0x0e, 0x0a,
    0x02, 0x2c, 0x0c, 0x0f, 0x51, 0x02, 0x08, 0x0c, 0x0f, 0x0f, 0x0d, 0x02, 0x2c, 0x0c, 0x0f, 0x18,
    0x0f, 0x0c, 0xc2, 0x0c, 0x0f, 0x18, 0x0f, 0x0c, 0xc2, 0x0b, 0x0f, 0x02, 0x38, 0x01, 0x0f, 0x0b,
    0xc2, 0x06, 0x0f, 0x09, 0x38, 0x07, 0x0f, 0x07, 0x22, 0x0c, 0x0f, 0x0c, 0x08, 0x0b, 0x0f, 0x0d,
    0x01, 0x22, 0x01, 0x08, 0x0d, 0x0f, 0x0e, 0x09, 0x02, 0x10, 0x0b, 0x00, 0xa8, 0x04, 0x0e, 0x0e,
    0x05, 0x18, 0x08, 0x0e, 0x0e, 0x19, 0x01, 0x0a, 0x0f, 0x0e, 0x02, 0x38, 0x05, 0x0f, 0x0d, 0x08,
    0x55, 0x06, 0x0f, 0x08, 0x38, 0x0c, 0x0f, 0x02, 0xc2, 0x01, 0x0e, 0x0e, 0x01, 0x00, 0x04, 0x0f,
    0x0a, 0xb8, 0x07, 0x0f, 0x07, 0x00, 0x0b, 0x0f, 0x03, 0xb8, 0x01, 0x0e, 0x0d, 0x03, 0x0f, 0x0a,
    0x28, 0x08, 0x0f, 0x0d, 0x0f, 0x03, 0x28, 0x01, 0x0e, 0x0f, 0x0b, 0xdf, 0x0a, 0x0f, 0x05, 0xdf,
    0x09, 0x0f, 0x04, 0xdf, 0x09, 0x0f, 0x04, 0xdf, 0x09, 0x0f, 0x04, 0xdf, 0x09, 0x0f, 0x04, 0xdf,
    0x09, 0x0f, 0x04, 0x10, 0x10, 0x00, 0x7e, 0x04, 0x0f, 0x0f, 0x0f, 0x0f, 0x0f, 0x0f, 0x0f, 0x0f,
    0x0f, 0x0f, 0x0f, 0x0f, 0x0f, 0x0f, 0x04, 0x3f, 0x02, 0x09, 0x0f, 0x0d, 0x07, 0x07, 0x07, 0x07,
    0x07, 0x07, 0x07, 0x07, 0x0f, 0x0f, 0x07, 0x02, 0x00, 0x3f, 0x06, 0x0f, 0x08, 0x52, 0x0b, 0x0f,
    0x03, 0x66, 0x0a, 0x0f, 0x04, 0x38, 0x04, 0x03, 0x38, 0x07, 0x0f, 0x06, 0x66, 0x0b, 0x0f, 0x01,
    0x38, 0x0f, 0x0c, 0x38, 0x05, 0x0f, 0x08, 0x66, 0x0b, 0x0f, 0x01, 0x38, 0x0f, 0x0c, 0x38, 0x04,
    0x0f, 0x08, 0x66, 0x0a, 0x0f, 0x02, 0x38, 0x0f, 0x0c, 0x38, 0x05, 0x0f, 0x07, 0x66, 0x08, 0x0f,
    0x04, 0x51, 0x02, 0x0f, 0x0e, 0x38, 0x07, 0x0f, 0x05, 0x66, 0x04, 0x0f, 0x09, 0x51, 0x07, 0x0e,
    0x0f, 0x04, 0x51, 0x0c, 0x0f, 0x01, 0x41, 0x0c, 0x0f, 0x09, 0x09, 0x0f, 0x07, 0x0a, 0x0e, 0x09,
    0x0a, 0x0f, 0x09, 0x19, 0x02, 0x0b, 0x0f, 0x0e, 0x08, 0x00, 0x01, 0x09, 0x0e, 0x0e, 0x09, 0x01,
    0x10,
};

static const uint16_t mf_rlefont_Roboto_Regular20_glyph_offsets_11[83] PROGMEM = {
    0x0000, 0x000d, 0x0029, 0x00a2, 0x00af, 0x011f, 0x01a6, 0x01ee,
    0x01ef, 0x01ee, 0x0271, 0x02d2, 0x0354, 0x03a7, 0x0413, 0x0497,
    0x04e0, 0x0557, 0x05ba, 0x0623, 0x06a0, 0x0723, 0x075e, 0x07d8,
    0x0841, 0x0905, 0x0998, 0x09d9, 0x0a52, 0x0acf, 0x01ee, 0x0b39,
    0x0b9d, 0x0bdd, 0x0c31, 0x0cbb, 0x0d2b, 0x0db6, 0x0e2f, 0x0e7f,
    0x0ee9, 0x0f53, 0x0fba, 0x102a, 0x1069, 0x10e2, 0x113e, 0x11cc,
    0x1224, 0x1293, 0x12ed, 0x1352, 0x13b4, 0x142a, 0x145c, 0x14ba,
    0x151f, 0x1586, 0x15d3, 0x1637, 0x1692, 0x16f1, 0x1760, 0x17b3,
    0x1811, 0x184c, 0x18a5, 0x192c, 0x199b, 0x1a25, 0x1aa6, 0x1aee,
    0x1b5c, 0x1bc4, 0x1c2b, 0x01ee, 0x01ee, 0x1cb8, 0x1d2a, 0x01ee,
    0x01ee, 0x01ee, 0x1d84,
};

static const uint8_t mf_rlefont_Roboto_Regular20_glyph_data_12[31897] PROGMEM = {
    0x0b, 0x00, 0xaf, 0x02, 0x0e, 0x0e, 0x02, 0xdf, 0x03, 0x0f, 0x0a, 0x1a, 0x05, 0x0f, 0x05, 0x00,
    0xd2, 0x05, 0x0f, 0x0f, 0x0f, 0x0f, 0x0f, 0x0f, 0x0f, 0x0f, 0x09, 0x55, 0x05, 0x0f, 0x0c, 0x08,
    0x08, 0x08, 0x08, 0x08, 0x08, 0x05, 0x55, 0x05, 0x0f, 0x08, 0xdf, 0x05, 0x0f, 0x08, 0xdf, 0x05,
    0x0f, 0x08, 0xdf, 0x05, 0x0f, 0x08, 0xdf, 0x05, 0x0f, 0x0c, 0x08, 0x08, 0x08, 0x08, 0x08, 0x06,
    0xc2, 0x05, 0x0f, 0x0f, 0x0f, 0x0f, 0x0f, 0x0f, 0x0f, 0x0a, 0xc2, 0x05, 0x0f, 0x08, 0xdf, 0x05,
    0x0f, 0x08, 0xdf, 0x05, 0x0f, 0x08, 0xdf, 0x05, 0x0f, 0x08, 0xdf, 0x05, 0x0f, 0x0c, 0x08, 0x08,
    0x08, 0x08, 0x08, 0x08, 0x06, 0x55, 0x05, 0x0f, 0x0f, 0x0f, 0x0f, 0x0f, 0x0f, 0x0f, 0x0f, 0x0a,
    0x10, 0x0b, 0x51, 0xaf, 0x02, 0x03, 0x51, 0x02, 0x04, 0xdd, 0x0e, 0x0f, 0x01, 0x00, 0x0b, 0x0f,
    0x04, 0xb8, 0x08, 0x09, 0x51, 0x06, 0x0a, 0x01, 0x2e, 0x05, 0x0f, 0x0f, 0x0f, 0x0f, 0x0f, 0x0f,
    0x0f, 0x0f, 0x09, 0x55, 0x05, 0x0f, 0x0c, 0x08, 0x08, 0x08, 0x08, 0x08, 0x08, 0x05, 0x55, 0x05,
    0x0f, 0x08, 0xdf, 0x05, 0x0f, 0x08, 0xdf, 0x05, 0x0f, 0x08, 0xdf, 0x05, 0x0f, 0x08, 0xdf, 0x05,
    0x0f, 0x0c, 0x08, 0x08, 0x08, 0x08, 0x08, 0x06, 0xc2, 0x05, 0x0f, 0x0f, 0x0f, 0x0f, 0x0f, 0x0f,
    0x0f, 0x0a, 0xc2, 0x05, 0x0f, 0x08, 0xdf, 0x05, 0x0f, 0x08, 0xdf, 0x05, 0x0f, 0x08, 0xdf, 0x05,
    0x0f, 0x08, 0xdf, 0x05, 0x0f, 0x0c, 0x08, 0x08, 0x08, 0x08, 0x08, 0x08, 0x06, 0x55, 0x05, 0x0f,
    0x0f, 0x0f, 0x0f, 0x0f, 0x0f, 0x0f, 0x0f, 0x0a, 0x10, 0x0f, 0x7d, 0x09, 0x0f, 0x0f, 0x0f, 0x0f,
    0x0f, 0x0f, 0x0f, 0x0f, 0x0f, 0x0f, 0x07, 0x19, 0x05, 0x08, 0x08, 0x08, 0x0c, 0x0f, 0x0b, 0x08,
    0x08, 0x08, 0x08, 0x04, 0x22, 0x08, 0x0f, 0x05, 0xdf, 0x08, 0x0f, 0x05, 0xdf, 0x08, 0x0f, 0x05,
    0xdf, 0x08, 0x0f, 0x0b, 0x0c, 0x0e, 0x0f, 0x0d, 0x09, 0x02, 0xc2, 0x08, 0x0f, 0x0f, 0x0c, 0x0a,
    0x0a, 0x0d, 0x0f, 0x0e, 0x03, 0x55, 0x08, 0x0f, 0x06, 0x37, 0x06, 0x0f, 0x0c, 0x55, 0x08, 0x0f,
    0x05, 0x18, 0x0c, 0x0f, 0x02, 0x2c, 0x08, 0x0f, 0x05, 0x18, 0x0a, 0x0f, 0x03, 0x2c, 0x08, 0x0f,
    0x05, 0x18, 0x0b, 0x0f, 0x02, 0x2c, 0x08, 0x0f, 0x05, 0x37, 0x03, 0x0f, 0x0d, 0x55, 0x08, 0x0f,
    0x05, 0x51, 0x05, 0x0a, 0x0f, 0x0f, 0x05, 0x55, 0x08, 0x0f, 0x05, 0x51, 0x09, 0x0e, 0x0a, 0x03,
    0x10, 0x0b, 0xe3, 0x03, 0x0f, 0x0c, 0x01, 0x00, 0x28, 0x0c, 0x0d, 0x01, 0x00, 0x28, 0x07, 0x0e,
    0x02, 0xd2, 0x04, 0x0f, 0x0f, 0x0f, 0x0f, 0x0f, 0x0f, 0x0f, 0x0f, 0x07, 0x55, 0x04, 0x0f, 0x0c,
    0x08, 0x08, 0x08, 0x08, 0x08, 0x08, 0x04, 0x55, 0x04, 0x0f, 0x09, 0xdf, 0x04, 0x0f, 0x09, 0xdf,
    0x04, 0x0f, 0x09, 0xdf, 0x04, 0x0f, 0x09, 0xdf, 0x04, 0x0f, 0x09, 0xdf, 0x04, 0x0f, 0x09, 0xdf,
    0x04, 0x0f, 0x09, 0xdf, 0x04, 0x0f, 0x09, 0xdf, 0x04, 0x0f, 0x09, 0xdf, 0x04, 0x0f, 0x09, 0xdf,
    0x04, 0x0f, 0x09, 0xdf, 0x04, 0x0f, 0x09, 0x10, 0x0d, 0x38, 0x7d, 0x01, 0x08, 0x0d, 0x0f, 0x0f,
    0x0c, 0x06, 0x22, 0x02, 0x0d, 0x0f, 0x0c, 0x09, 0x09, 0x0d, 0x0f, 0x0b, 0xc2, 0x0c, 0x0f, 0x07,
    0x37, 0x0a, 0x0f, 0x06, 0x2c, 0x05, 0x0f, 0x0b, 0x18, 0x02, 0x0f, 0x0d, 0x2c, 0x09, 0x0f, 0x05,
    0x9d, 0x0c, 0x0f, 0x01, 0x19, 0x0b, 0x0f, 0x02, 0xdf, 0x0c, 0x0f, 0x09, 0x08, 0x08, 0x08, 0x08,
    0x05, 0x22, 0x0c, 0x0f, 0x0f, 0x0f, 0x0f, 0x0f, 0x0f, 0x0a, 0x22, 0x0b, 0x0f, 0x02, 0xdf, 0x09,
    0x0f, 0x05, 0x9d, 0x0c, 0x0f, 0x01, 0x19, 0x05, 0x0f, 0x0a, 0x18, 0x02, 0x0f, 0x0d, 0x55, 0x0c,
    0x0f, 0x06, 0x37, 0x0a, 0x0f, 0x06, 0x55, 0x02, 0x0d, 0x0f, 0x0c, 0x09, 0x09, 0x0d, 0x0f, 0x0a,
    0x22, 0x01, 0x08, 0x0d, 0x0f, 0x0e, 0x0c, 0x06, 0x10, 0x0c, 0x51, 0x7d, 0x01, 0x07, 0x0c, 0x0f,
    0x0f, 0x0d, 0x08, 0x01, 0xc2, 0x01, 0x0c, 0x0f, 0x0c, 0x09, 0x09, 0x0b, 0x0f, 0x0d, 0x02, 0x55,
    0x08, 0x0f, 0x09, 0x37, 0x05, 0x0f, 0x0b, 0x55, 0x0b, 0x0f, 0x02, 0x18, 0x0d, 0x0f, 0x55, 0x0a,
    0x0f, 0x05, 0xdf, 0x03, 0x0f, 0x0f, 0x08, 0x02, 0x00, 0x28, 0x03, 0x0c, 0x0f, 0x0f, 0x0c, 0x07,
    0x02, 0x28, 0x04, 0x09, 0x0d, 0x0f, 0x0f, 0x08, 0xdf, 0x04, 0x0c, 0x0f, 0x09, 0xdf, 0x01, 0x0e,
    0x0f, 0x01, 0x19, 0x02, 0x0f, 0x0b, 0x9d, 0x0c, 0x0f, 0x02, 0x2c, 0x0d, 0x0f, 0x05, 0x37, 0x03,
    0x0f, 0x0e, 0x55, 0x03, 0x0e, 0x0f, 0x0c, 0x09, 0x08, 0x0b, 0x0f, 0x0f, 0x05, 0xc2, 0x01, 0x08,
    0x0c, 0x0e, 0x0f, 0x0d, 0x0a, 0x03, 0x10, 0x05, 0x00, 0x7d, 0x03, 0x0f, 0x0a, 0xdf, 0x03, 0x0f,
    0x0a, 0xdf, 0x03, 0x0f, 0x0a, 0xdf, 0x03, 0x0f, 0x0a, 0xdf, 0x03, 0x0f, 0x0a, 0xdf, 0x03, 0x0f,
    0x0a, 0xdf, 0x03, 0x0f, 0x0a, 0xdf, 0x03, 0x0f, 0x0a, 0xdf, 0x03, 0x0f, 0x0a, 0xdf, 0x03, 0x0f,
    0x0a, 0xdf, 0x03, 0x0f, 0x0a, 0xdf, 0x03, 0x0f, 0x0a, 0xdf, 0x03, 0x0f, 0x0a, 0xdf, 0x03, 0x0f,
    0x0a, 0x10, 0x05, 0xb6, 0x02, 0x03, 0x51, 0x02, 0x04, 0xdd, 0x0e, 0x0f, 0x01, 0x00, 0x0b, 0x0f,
    0x04, 0xb8, 0x08, 0x09, 0x51, 0x06, 0x0a, 0x01, 0x00, 0xd2, 0x03, 0x0f, 0x0a, 0xdf, 0x03, 0x0f,
    0x0a, 0xdf, 0x03, 0x0f, 0x0a, 0xdf, 0x03, 0x0f, 0x0a, 0xdf, 0x03, 0x0f, 0x0a, 0xdf, 0x03, 0x0f,
    0x0a, 0xdf, 0x03, 0x0f, 0x0a, 0xdf, 0x03, 0x0f, 0x0a, 0xdf, 0x03, 0x0f, 0x0a, 0xdf, 0x03, 0x0f,
    0x0a, 0xdf, 0x03, 0x0f, 0x0a, 0xdf, 0x03, 0x0f, 0x0a, 0xdf, 0x03, 0x0f, 0x0a, 0xdf, 0x03, 0x0f,
    0x0a, 0x10, 0x0b, 0x38, 0xfc, 0x06, 0x0f, 0x08, 0xdf, 0x06, 0x0f, 0x08, 0xdf, 0x06, 0x0f, 0x08,
    0xdf, 0x06, 0x0f, 0x08, 0xdf, 0x06, 0x0f, 0x08, 0xdf, 0x06, 0x0f, 0x08, 0xdf, 0x06, 0x0f, 0x08,
    0xdf, 0x06, 0x0f, 0x08, 0xdf, 0x06, 0x0f, 0x08, 0xdf, 0x06, 0x0f, 0x08, 0x55, 0x07, 0x0f, 0x07,
    0x37, 0x07, 0x0f, 0x07, 0x55, 0x04, 0x0f, 0x0c, 0x01, 0x51, 0x01, 0x0d, 0x0f, 0x03, 0xc2, 0x0a,
    0x0f, 0x0d, 0x09, 0x09, 0x0e, 0x0f, 0x09, 0xb8, 0x07, 0x0c, 0x0f, 0x0f, 0x0c, 0x06, 0x10, 0x15,
    0x38, 0x7d, 0x05, 0x0f, 0x0f, 0x0f, 0x0f, 0x0f, 0x0f, 0x0f, 0x0f, 0x05, 0x55, 0x06, 0x0f, 0x0b,
    0x08, 0x08, 0x08, 0x08, 0x0c, 0x0f, 0x05, 0x55, 0x07, 0x0f, 0x06, 0x37, 0x08, 0x0f, 0x05, 0x55,
    0x07, 0x0f, 0x06, 0x37, 0x08, 0x0f, 0x05, 0x55, 0x08, 0x0f, 0x05, 0x37, 0x08, 0x0f, 0x05, 0x55,
    0x09, 0x0f, 0x04, 0x37, 0x08, 0x0f, 0x0f, 0x0f, 0x0f, 0x0f, 0x0e, 0x0b, 0x05, 0x3f, 0x09, 0x0f,
    0x04, 0x37, 0x08, 0x0f, 0x0b, 0x08, 0x08, 0x08, 0x09, 0x0e, 0x0f, 0x08, 0x4b, 0x0a, 0x0f, 0x03,
    0x37, 0x08, 0x0f, 0x05, 0x37, 0x02, 0x0d, 0x0f, 0x02, 0x64, 0x0b, 0x0f, 0x01, 0x37, 0x08, 0x0f,
    0x05, 0x18, 0x07, 0x0f, 0x07, 0x64, 0x0d, 0x0f, 0x18, 0x08, 0x0f, 0x05, 0x18, 0x04, 0x0f, 0x09,
    0x2d, 0x01, 0x0f, 0x0c, 0x18, 0x08, 0x0f, 0x05, 0x18, 0x07, 0x0f, 0x07, 0x2d, 0x08, 0x0f, 0x08,
    0x18, 0x08, 0x0f, 0x05, 0x37, 0x01, 0x0d, 0x0f, 0x03, 0x74, 0x04, 0x0b, 0x0f, 0x0e, 0x02, 0x18,
    0x08, 0x0f, 0x0a, 0x08, 0x08, 0x08, 0x09, 0x0e, 0x0f, 0x08, 0x44, 0x08, 0x0f, 0x0b, 0x03, 0x9d,
    0x08, 0x0f, 0x0f, 0x0f, 0x0f, 0x0f, 0x0e, 0x0b, 0x05, 0x10, 0x16, 0x00, 0x7d, 0x04, 0x0f, 0x09,
    0x9d, 0x06, 0x0f, 0x08, 0x19, 0x04, 0x0f, 0x09, 0x9d, 0x06, 0x0f, 0x08, 0x19, 0x04, 0x0f, 0x09,
    0x9d, 0x06, 0x0f, 0x08, 0x19, 0x04, 0x0f, 0x09, 0x9d, 0x06, 0x0f, 0x08, 0x19, 0x04, 0x0f, 0x09,
    0x9d, 0x06, 0x0f, 0x08, 0x19, 0x04, 0x0f, 0x09, 0x9d, 0x06, 0x0f, 0x08, 0x19, 0x04, 0x0f, 0x0c,
    0x08, 0x08, 0x08, 0x08, 0x08, 0x08, 0x0b, 0x0f, 0x0c, 0x08, 0x08, 0x08, 0x08, 0x06, 0x01, 0x64,
    0x04, 0x0f, 0x0f, 0x0f, 0x0f, 0x0f, 0x0f, 0x0f, 0x0f, 0x0f, 0x0f, 0x0f, 0x0f, 0x0f, 0x0f, 0x0f,
    0x0f, 0x0f, 0x07, 0x2d, 0x04, 0x0f, 0x09, 0x9d, 0x06, 0x0f, 0x08, 0x38, 0x01, 0x04, 0x0d, 0x0f,
    0x05, 0x44, 0x04, 0x0f, 0x09, 0x9d, 0x06, 0x0f, 0x08, 0x18, 0x04, 0x0f, 0x0a, 0x44, 0x04, 0x0f,
    0x09, 0x9d, 0x06, 0x0f, 0x08, 0x18, 0x02, 0x0f, 0x0b, 0x44, 0x04, 0x0f, 0x09, 0x9d, 0x06, 0x0f,
    0x08, 0x18, 0x0a, 0x0f, 0x08, 0x44, 0x04, 0x0f, 0x09, 0x9d, 0x06, 0x0f, 0x0c, 0x09, 0x09, 0x09,
    0x0a, 0x0d, 0x0f, 0x0d, 0x01, 0x44, 0x04, 0x0f, 0x09, 0x9d, 0x06, 0x0f, 0x0f, 0x0f, 0x0f, 0x0f,
    0x0f, 0x0d, 0x08, 0x01, 0x10, 0x10, 0x7d, 0x06, 0x0f, 0x0f, 0x0f, 0x0f, 0x0f, 0x0f, 0x0f, 0x0f,
    0x0f, 0x0f, 0x09, 0x19, 0x03, 0x08, 0x08, 0x08, 0x0b, 0x0f, 0x0c, 0x08, 0x08, 0x08, 0x08, 0x05,
    0x22, 0x06, 0x0f, 0x07, 0xdf, 0x06, 0x0f, 0x07, 0xdf, 0x06, 0x0f, 0x07, 0xdf, 0x06, 0x0f, 0x0d,
    0x0d, 0x0e, 0x0f, 0x0e, 0x0c, 0x07, 0xc2, 0x06, 0x0f, 0x0e, 0x0b, 0x09, 0x08, 0x09, 0x0d, 0x0f,
    0x0b, 0x55, 0x06, 0x0f, 0x07, 0x18, 0x0b, 0x0f, 0x04, 0x2c, 0x06, 0x0f, 0x07, 0x18, 0x06, 0x0f,
    0x08, 0x2c, 0x06, 0x0f, 0x07, 0x18, 0x05, 0x0f, 0x09, 0x2c, 0x06, 0x0f, 0x07, 0x18, 0x04, 0x0f,
    0x09, 0x2c, 0x06, 0x0f, 0x07, 0x18, 0x04, 0x0f, 0x09, 0x2c, 0x06, 0x0f, 0x07, 0x18, 0x04, 0x0f,
    0x09, 0x2c, 0x06, 0x0f, 0x07, 0x18, 0x04, 0x0f, 0x09, 0x10, 0x0d, 0xe3, 0x03, 0x0f, 0x0c, 0x01,
    0x00, 0x28, 0x0c, 0x0d, 0x01, 0x00, 0x28, 0x07, 0x0e, 0x02, 0xd2, 0x05, 0x0f, 0x08, 0x18, 0x09,
    0x0f, 0x0a, 0x2c, 0x05, 0x0f, 0x08, 0x37, 0x08, 0x0f, 0x0b, 0x55, 0x05, 0x0f, 0x08, 0x38, 0x06,
    0x0f, 0x0c, 0x01, 0x55, 0x05, 0x0f, 0x08, 0x51, 0x05, 0x0f, 0x0d, 0x01, 0xc2, 0x05, 0x0f, 0x08,
    0x00, 0x04, 0x0f, 0x0e, 0x02, 0x22, 0x05, 0x0f, 0x08, 0x03, 0x0e, 0x0e, 0x03, 0xb8, 0x05, 0x0f,
    0x0b, 0x0e, 0x0f, 0x0c, 0xdd, 0x05, 0x0f, 0x0f, 0x0f, 0x0c, 0x0f, 0x08, 0xb8, 0x05, 0x0f, 0x0f,
    0x05, 0x01, 0x0d, 0x0f, 0x05, 0x22, 0x05, 0x0f, 0x09, 0x51, 0x03, 0x0f, 0x0e, 0x02, 0xc2, 0x05,
    0x0f, 0x08, 0x38, 0x06, 0x0f, 0x0c, 0x01, 0x55, 0x05, 0x0f, 0x08, 0x37, 0x09, 0x0f, 0x09, 0x55,
    0x05, 0x0f, 0x08, 0x37, 0x01, 0x0c, 0x0f, 0x06, 0x2c, 0x05, 0x0f, 0x08, 0x18, 0x02, 0x0e, 0x0f,
    0x03, 0x10, 0x0e, 0xd5, 0x02, 0x0e, 0x0e, 0x02, 0xdf, 0x03, 0x0f, 0x0a, 0x1a, 0x05, 0x0f, 0x05,
    0x3a, 0x04, 0x0f, 0x09, 0x9d, 0x0b, 0x0f, 0x08, 0x19, 0x04, 0x0f, 0x09, 0x18, 0x06, 0x0f, 0x0f,
    0x08, 0x19, 0x04, 0x0f, 0x09, 0x37, 0x01, 0x0e, 0x0f, 0x0f, 0x08, 0x19, 0x04, 0x0f, 0x09, 0x37,
    0x0a, 0x0f, 0x0c, 0x0f, 0x08, 0x19, 0x04, 0x0f, 0x09, 0x38, 0x05, 0x0f, 0x0b, 0x06, 0x0f, 0x08,
    0x19, 0x04, 0x0f, 0x09, 0x51, 0x01, 0x0d, 0x0f, 0x02, 0x06, 0x0f, 0x08, 0x19, 0x04, 0x0f, 0x09,
    0x51, 0x09, 0x0f, 0x07, 0x00, 0x06, 0x0f, 0x08, 0x19, 0x04, 0x0f, 0x09, 0x00, 0x04, 0x0f, 0x0c,
    0x51, 0x06, 0x0f, 0x08, 0x19, 0x04, 0x0f, 0x09, 0x01, 0x0d, 0x0f, 0x03, 0x51, 0x06, 0x0f, 0x08,
    0x19, 0x04, 0x0f, 0x09, 0x08, 0x0f, 0x08, 0x38, 0x06, 0x0f, 0x08, 0x19, 0x04, 0x0f, 0x0c, 0x0f,
    0x0d, 0x37, 0x06, 0x0f, 0x08, 0x19, 0x04, 0x0f, 0x0f, 0x0f, 0x04, 0x37, 0x06, 0x0f, 0x08, 0x19,
    0x04, 0x0f, 0x0f, 0x09, 0x18, 0x06, 0x0f, 0x08, 0x19, 0x04, 0x0f, 0x0d, 0x01, 0x18, 0x06, 0x0f,
    0x08, 0x10, 0x0d, 0x51, 0xaf, 0x0a, 0x0c, 0x51, 0x06, 0x0f, 0x01, 0xb8, 0x06, 0x0f, 0x05, 0x03,
    0x0c, 0x0b, 0x28, 0x08, 0x0e, 0x0f, 0x0b, 0x02, 0x2e, 0x01, 0x0e, 0x0f, 0x02, 0x18, 0x06, 0x0f,
    0x0b, 0x2c, 0x08, 0x0f, 0x08, 0x18, 0x0c, 0x0f, 0x05, 0x2c, 0x01, 0x0f, 0x0e, 0x01, 0x38, 0x03,
    0x0f, 0x0d, 0xc2, 0x09, 0x0f, 0x07, 0x38, 0x09, 0x0f, 0x07, 0xc2, 0x02, 0x0f, 0x0e, 0x51, 0x01,
    0x0e, 0x0e, 0x01, 0x22, 0x0a, 0x0f, 0x06, 0x00, 0x06, 0x0f, 0x09, 0xb8, 0x02, 0x0f, 0x0d, 0x00,
    0x0d, 0x0f, 0x02, 0xdd, 0x0a, 0x0f, 0x08, 0x0f, 0x0b, 0x28, 0x03, 0x0f, 0x0f, 0x0f, 0x04, 0x00,
    0x28, 0x0b, 0x0f, 0x0c, 0xdf, 0x09, 0x0f, 0x06, 0x00, 0x28, 0x01, 0x0e, 0x0e, 0x28, 0x04, 0x08,
    0x0d, 0x0f, 0x06, 0x28, 0x07, 0x0f, 0x0d, 0x07, 0x10, 0x0e, 0x00, 0x7d, 0x04, 0x0f, 0x09, 0x9d,
    0x06, 0x0f, 0x08, 0x19, 0x04, 0x0f, 0x09, 0x9d, 0x06, 0x0f, 0x08, 0x19, 0x04, 0x0f, 0x09, 0x9d,
    0x06, 0x0f, 0x08, 0x19, 0x04, 0x0f, 0x09, 0x9d, 0x06, 0x0f, 0x08, 0x19, 0x04, 0x0f, 0x09, 0x9d,
    0x06, 0x0f, 0x08, 0x19, 0x04, 0x0f, 0x09, 0x9d, 0x06, 0x0f, 0x08, 0x19, 0x04, 0x0f, 0x09, 0x9d,
    0x06, 0x0f, 0x08, 0x19, 0x04, 0x0f, 0x09, 0x9d, 0x06, 0x0f, 0x08, 0x19, 0x04, 0x0f, 0x09, 0x9d,
    0x06, 0x0f, 0x08, 0x19, 0x04, 0x0f, 0x09, 0x9d, 0x06, 0x0f, 0x08, 0x19, 0x04, 0x0f, 0x09, 0x9d,
    0x06, 0x0f, 0x08, 0x19, 0x04, 0x0f, 0x09, 0x9d, 0x06, 0x0f, 0x08, 0x19, 0x04, 0x0f, 0x0c, 0x08,
    0x08, 0x08, 0x08, 0x08, 0x08, 0x0b, 0x0f, 0x08, 0x19, 0x04, 0x0f, 0x0f, 0x0f, 0x0f, 0x0f, 0x0f,
    0x0f, 0x0f, 0x0f, 0x0f, 0x08, 0xb8, 0x0c, 0x0f, 0x02, 0xdf, 0x0c, 0x0f, 0x02, 0xdf, 0x0c, 0x0f,
    0x02, 0xdf, 0x0c, 0x0f, 0x02, 0x10, 0x0d, 0x00, 0xfc, 0x07, 0x0f, 0x08, 0xdf, 0x0d, 0x0f, 0x0e,
    0x00, 0x28, 0x04, 0x0f, 0x0c, 0x0f, 0x05, 0x28, 0x0a, 0x0f, 0x02, 0x0e, 0x0b, 0xdd, 0x01, 0x0f,
    0x0b, 0x00, 0x0a, 0x0f, 0x02, 0xb8, 0x06, 0x0f, 0x05, 0x00, 0x04, 0x0f, 0x07, 0xb8, 0x0c, 0x0e,
    0x38, 0x0d, 0x0d, 0x22, 0x03, 0x0f, 0x09, 0x38, 0x08, 0x0f, 0x04, 0xc2, 0x09, 0x0f, 0x0b, 0x08,
    0x08, 0x08, 0x0a, 0x0f, 0x0a, 0x55, 0x01, 0x0e, 0x0f, 0x0f, 0x0f, 0x0f, 0x0f, 0x0f, 0x0f, 0x0f,
    0x01, 0x2c, 0x05, 0x0f, 0x07, 0x18, 0x06, 0x0f, 0x07, 0x2c, 0x0b, 0x0f, 0x02, 0x18, 0x01, 0x0f,
    0x0c, 0x19, 0x02, 0x0f, 0x0b, 0x4c, 0x0a, 0x0f, 0x03, 0x41, 0x08, 0x0f, 0x06, 0x4c, 0x05, 0x0f,
    0x09, 0x10, 0x0d, 0x00, 0x7d, 0x08, 0x0f, 0x0f, 0x0f, 0x0f, 0x0f, 0x0f, 0x0f, 0x0f, 0x05, 0x55,
    0x08, 0x0f, 0x0c, 0x08, 0x08, 0x08, 0x08, 0x08, 0x08, 0x03, 0x55, 0x08, 0x0f, 0x08, 0xdf, 0x08,
    0x0f, 0x08, 0xdf, 0x08, 0x0f, 0x08, 0xdf, 0x08, 0x0f, 0x0c, 0x08, 0x08, 0x08, 0x08, 0x05, 0x01,
    0xc2, 0x08, 0x0f, 0x0f, 0x0f, 0x0f, 0x0f, 0x0f, 0x0f, 0x0e, 0x05, 0x55, 0x08, 0x0f, 0x08, 0x38,
    0x01, 0x05, 0x0e, 0x0f, 0x03, 0x2c, 0x08, 0x0f, 0x08, 0x18, 0x06, 0x0f, 0x09, 0x2c, 0x08, 0x0f,
    0x08, 0x18, 0x02, 0x0f, 0x0b, 0x2c, 0x08, 0x0f, 0x08, 0x18, 0x04, 0x0f, 0x0a, 0x2c, 0x08, 0x0f,
    0x08, 0x18, 0x0b, 0x0f, 0x06, 0x2c, 0x08, 0x0f, 0x0c, 0x08, 0x08, 0x08, 0x09, 0x0d, 0x0f, 0x0b,
    0x55, 0x08, 0x0f, 0x0f, 0x0f, 0x0f, 0x0f, 0x0f, 0x0c, 0x07, 0x10, 0x0c, 0x00, 0x7d, 0x05, 0x0f,
    0x0f, 0x0f, 0x0f, 0x0f, 0x0e, 0x0b, 0x04, 0xc2, 0x05, 0x0f, 0x0c, 0x08, 0x08, 0x08, 0x0a, 0x0e,
    0x0f, 0x05, 0x55, 0x05, 0x0f, 0x08, 0x37, 0x03, 0x0f, 0x0c, 0x55, 0x05, 0x0f, 0x08, 0x18, 0x0e,
    0x0e, 0x55, 0x05, 0x0f, 0x08, 0x37, 0x04, 0x0f, 0x0b, 0x55, 0x05, 0x0f, 0x0c, 0x08, 0x08, 0x08,
    0x0a, 0x0f, 0x0d, 0x02, 0x55, 0x05, 0x0f, 0x0f, 0x0f, 0x0f, 0x0f, 0x0f, 0x0f, 0x09, 0x01, 0x55,
    0x05, 0x0f, 0x08, 0x38, 0x01, 0x08, 0x0f, 0x0a, 0x55, 0x05, 0x0f, 0x08, 0x18, 0x0c, 0x0f, 0x02,
    0x2c, 0x05, 0x0f, 0x08, 0x18, 0x08, 0x0f, 0x05, 0x2c, 0x05, 0x0f, 0x08, 0x18, 0x0a, 0x0f, 0x04,
    0x2c, 0x05, 0x0f, 0x08, 0x37, 0x02, 0x0e, 0x0e, 0x01, 0x2c, 0x05, 0x0f, 0x0c, 0x08, 0x08, 0x08,
    0x0a, 0x0e, 0x0f, 0x06, 0x55, 0x05, 0x0f, 0x0f, 0x0f, 0x0f, 0x0f, 0x0e, 0x0b, 0x04, 0x10, 0x0b,
    0x00, 0x7d, 0x04, 0x0f, 0x0f, 0x0f, 0x0f, 0x0f, 0x0f, 0x0f, 0x0f, 0x07, 0x55, 0x04, 0x0f, 0x0c,
    0x08, 0x08, 0x08, 0x08, 0x08, 0x08, 0x04, 0x55, 0x04, 0x0f, 0x09, 0xdf, 0x04, 0x0f, 0x09, 0xdf,
    0x04, 0x0f, 0x09, 0xdf, 0x04, 0x0f, 0x09, 0xdf, 0x04, 0x0f, 0x09, 0xdf, 0x04, 0x0f, 0x09, 0xdf,
    0x04, 0x0f, 0x09, 0xdf, 0x04, 0x0f, 0x09, 0xdf, 0x04, 0x0f, 0x09, 0xdf, 0x04, 0x0f, 0x09, 0xdf,
    0x04, 0x0f, 0x09, 0xdf, 0x04, 0x0f, 0x09, 0x10, 0x0f, 0xfc, 0x0e, 0x0f, 0x0f, 0x0f, 0x0f, 0x0f,
    0x0f, 0x0f, 0x09, 0xc2, 0x0f, 0x0f, 0x08, 0x08, 0x08, 0x08, 0x0a, 0x0f, 0x09, 0xc2, 0x0f, 0x0d,
    0x37, 0x04, 0x0f, 0x09, 0x55, 0x01, 0x0f, 0x0c, 0x37, 0x04, 0x0f, 0x09, 0x55, 0x02, 0x0f, 0x0b,
    0x37, 0x04, 0x0f, 0x09, 0x55, 0x03, 0x0f, 0x0b, 0x37, 0x04, 0x0f, 0x09, 0x55, 0x04, 0x0f, 0x0a,
    0x37, 0x04, 0x0f, 0x09, 0x55, 0x06, 0x0f, 0x08, 0x37, 0x04, 0x0f, 0x09, 0x55, 0x08, 0x0f, 0x05,
    0x37, 0x04, 0x0f, 0x09, 0x55, 0x0c, 0x0f, 0x02, 0x37, 0x04, 0x0f, 0x09, 0x2c, 0x03, 0x0f, 0x0c,
    0x18, 0x04, 0x0f, 0x09, 0x2c, 0x0a, 0x0f, 0x06, 0x18, 0x04, 0x0f, 0x09, 0x41, 0x04, 0x09, 0x0f,
    0x0f, 0x08, 0x08, 0x08, 0x08, 0x08, 0x08, 0x0a, 0x0f, 0x0c, 0x08, 0x04, 0x00, 0x3f, 0x08, 0x0f,
    0x0f, 0x0f, 0x0f, 0x0f, 0x0f, 0x0f, 0x0f, 0x0f, 0x0f, 0x0f, 0x0f, 0x0f, 0x07, 0x00, 0x3f, 0x08,
    0x0f, 0x06, 0x3c, 0x06, 0x0f, 0x07, 0x00, 0x3f, 0x07, 0x0f, 0x06, 0x3c, 0x06, 0x0f, 0x07, 0x00,
    0x3f, 0x07, 0x0f, 0x06, 0x3c, 0x06, 0x0f, 0x07, 0x00, 0x3f, 0x07, 0x0f, 0x06, 0x3c, 0x06, 0x0f,
    0x07, 0x10, 0x0b, 0x00, 0x7d, 0x05, 0x0f, 0x0f, 0x0f, 0x0f, 0x0f, 0x0f, 0x0f, 0x0f, 0x09, 0x55,
    0x05, 0x0f, 0x0c, 0x08, 0x08, 0x08, 0x08, 0x08, 0x08, 0x05, 0x55, 0x05, 0x0f, 0x08, 0xdf, 0x05,
    0x0f, 0x08, 0xdf, 0x05, 0x0f, 0x08, 0xdf, 0x05, 0x0f, 0x08, 0xdf, 0x05, 0x0f, 0x0c, 0x08, 0x08,
    0x08, 0x08, 0x08, 0x06, 0xc2, 0x05, 0x0f, 0x0f, 0x0f, 0x0f, 0x0f, 0x0f, 0x0f, 0x0a, 0xc2, 0x05,
    0x0f, 0x08, 0xdf, 0x05, 0x0f, 0x08, 0xdf, 0x05, 0x0f, 0x08, 0xdf, 0x05, 0x0f, 0x08, 0xdf, 0x05,
    0x0f, 0x0c, 0x08, 0x08, 0x08, 0x08, 0x08, 0x08, 0x06, 0x55, 0x05, 0x0f, 0x0f, 0x0f, 0x0f, 0x0f,
    0x0f, 0x0f, 0x0f, 0x0a, 0x10, 0x12, 0x7d, 0x01, 0x0e, 0x0f, 0x03, 0x37, 0x0b, 0x0f, 0x02, 0x38,
    0x01, 0x0d, 0x0f, 0x04, 0x4b, 0x04, 0x0f, 0x0d, 0x01, 0x38, 0x0b, 0x0f, 0x02, 0x38, 0x09, 0x0f,
    0x09, 0x00, 0x3f, 0x08, 0x0f, 0x09, 0x38, 0x0b, 0x0f, 0x02, 0x51, 0x05, 0x0f, 0x0c, 0x41, 0x0c,
    0x0f, 0x04, 0x51, 0x0b, 0x0f, 0x02, 0x00, 0x01, 0x0e, 0x0e, 0x02, 0x41, 0x02, 0x0e, 0x0e, 0x01,
    0x00, 0x0b, 0x0f, 0x02, 0x00, 0x0a, 0x0f, 0x06, 0x2c, 0x06, 0x0f, 0x0c, 0x08, 0x0d, 0x0f, 0x09,
    0x0a, 0x0f, 0x0a, 0x55, 0x03, 0x0f, 0x0f, 0x0f, 0x0f, 0x0f, 0x0f, 0x0f, 0x0f, 0x08, 0x55, 0x0c,
    0x0f, 0x06, 0x00, 0x0b, 0x0f, 0x02, 0x02, 0x0f, 0x0f, 0x02, 0x19, 0x06, 0x0f, 0x0c, 0x51, 0x0b,
    0x0f, 0x02, 0x00, 0x08, 0x0f, 0x0b, 0x41, 0x01, 0x0e, 0x0f, 0x04, 0x51, 0x0b, 0x0f, 0x02, 0x00,
    0x01, 0x0e, 0x0f, 0x05, 0x66, 0x09, 0x0f, 0x0a, 0x38, 0x0b, 0x0f, 0x02, 0x51, 0x05, 0x0f, 0x0d,
    0x01, 0x3f, 0x04, 0x0f, 0x0e, 0x02, 0x38, 0x0b, 0x0f, 0x02, 0x38, 0x0c, 0x0f, 0x08, 0x3f, 0x0c,
    0x0f, 0x07, 0x37, 0x0b, 0x0f, 0x02, 0x38, 0x03, 0x0f, 0x0f, 0x02, 0x64, 0x06, 0x0f, 0x0d, 0x01,
    0x37, 0x0b, 0x0f, 0x02, 0x37, 0x09, 0x0f, 0x0b, 0x10, 0x0c, 0x51, 0x7d, 0x01, 0x08, 0x0d, 0x0f,
    0x0f, 0x0c, 0x08, 0x01, 0xc2, 0x02, 0x0d, 0x0f, 0x0c, 0x09, 0x09, 0x0d, 0x0f, 0x0d, 0x01, 0x55,
    0x0a, 0x0f, 0x07, 0x37, 0x0a, 0x0f, 0x08, 0x55, 0x0f, 0x0e, 0x18, 0x02, 0x0f, 0x0c, 0xdf, 0x01,
    0x0f, 0x0c, 0xdf, 0x08, 0x0f, 0x06, 0xb8, 0x06, 0x08, 0x09, 0x0c, 0x0f, 0x08, 0xdd, 0x0b, 0x0f,
    0x0f, 0x0f, 0x0e, 0x06, 0xdf, 0x03, 0x0b, 0x0f, 0x08, 0xdf, 0x01, 0x0e, 0x0e, 0x2c, 0x03, 0x0f,
    0x0b, 0x9d, 0x0d, 0x0f, 0x55, 0x0e, 0x0f, 0x05, 0x37, 0x06, 0x0f, 0x0c, 0x55, 0x04, 0x0f, 0x0f,
    0x0b, 0x08, 0x09, 0x0c, 0x0f, 0x0e, 0x03, 0xc2, 0x02, 0x09, 0x0d, 0x0f, 0x0e, 0x0c, 0x08, 0x02,
    0x10, 0x0e, 0x00, 0x7d, 0x04, 0x0f, 0x09, 0x9d, 0x0b, 0x0f, 0x08, 0x19, 0x04, 0x0f, 0x09, 0x18,
    0x06, 0x0f, 0x0f, 0x08, 0x19, 0x04, 0x0f, 0x09, 0x37, 0x01, 0x0e, 0x0f, 0x0f, 0x08, 0x19, 0x04,
    0x0f, 0x09, 0x37, 0x0a, 0x0f, 0x0c, 0x0f, 0x08, 0x19, 0x04, 0x0f, 0x09, 0x38, 0x05, 0x0f, 0x0b,
    0x06, 0x0f, 0x08, 0x19, 0x04, 0x0f, 0x09, 0x51, 0x01, 0x0d, 0x0f, 0x02, 0x06, 0x0f, 0x08, 0x19,
    0x04, 0x0f, 0x09, 0x51, 0x09, 0x0f, 0x07, 0x00, 0x06, 0x0f, 0x08, 0x19, 0x04, 0x0f, 0x09, 0x00,
    0x04, 0x0f, 0x0c, 0x51, 0x06, 0x0f, 0x08, 0x19, 0x04, 0x0f, 0x09, 0x01, 0x0d, 0x0f, 0x03, 0x51,
    0x06, 0x0f, 0x08, 0x19, 0x04, 0x0f, 0x09, 0x08, 0x0f, 0x08, 0x38, 0x06, 0x0f, 0x08, 0x19, 0x04,
    0x0f, 0x0c, 0x0f, 0x0d, 0x37, 0x06, 0x0f, 0x08, 0x19, 0x04, 0x0f, 0x0f, 0x0f, 0x04, 0x37, 0x06,
    0x0f, 0x08, 0x19, 0x04, 0x0f, 0x0f, 0x09, 0x18, 0x06, 0x0f, 0x08, 0x19, 0x04, 0x0f, 0x0d, 0x01,
    0x18, 0x06, 0x0f, 0x08, 0x10, 0x0e, 0xd5, 0x0a, 0x0c, 0x51, 0x06, 0x0f, 0x01, 0xb8, 0x06, 0x0f,
    0x05, 0x03, 0x0c, 0x0b, 0x28, 0x08, 0x0e, 0x0f, 0x0b, 0x02, 0x2e, 0x04, 0x0f, 0x09, 0x9d, 0x0b,
    0x0f, 0x08, 0x19, 0x04, 0x0f, 0x09, 0x18, 0x06, 0x0f, 0x0f, 0x08, 0x19, 0x04, 0x0f, 0x09, 0x37,
    0x01, 0x0e, 0x0f, 0x0f, 0x08, 0x19, 0x04, 0x0f, 0x09, 0x37, 0x0a, 0x0f, 0x0c, 0x0f, 0x08, 0x19,
    0x04, 0x0f, 0x09, 0x38, 0x05, 0x0f, 0x0b, 0x06, 0x0f, 0x08, 0x19, 0x04, 0x0f, 0x09, 0x51, 0x01,
    0x0d, 0x0f, 0x02, 0x06, 0x0f, 0x08, 0x19, 0x04, 0x0f, 0x09, 0x51, 0x09, 0x0f, 0x07, 0x00, 0x06,
    0x0f, 0x08, 0x19, 0x04, 0x0f, 0x09, 0x00, 0x04, 0x0f, 0x0c, 0x51, 0x06, 0x0f, 0x08, 0x19, 0x04,
    0x0f, 0x09, 0x01, 0x0d, 0x0f, 0x03, 0x51, 0x06, 0x0f, 0x08, 0x19, 0x04, 0x0f, 0x09, 0x08, 0x0f,
    0x08, 0x38, 0x06, 0x0f, 0x08, 0x19, 0x04, 0x0f, 0x0c, 0x0f, 0x0d, 0x37, 0x06, 0x0f, 0x08, 0x19,
    0x04, 0x0f, 0x0f, 0x0f, 0x04, 0x37, 0x06, 0x0f, 0x08, 0x19, 0x04, 0x0f, 0x0f, 0x09, 0x18, 0x06,
    0x0f, 0x08, 0x19, 0x04, 0x0f, 0x0d, 0x01, 0x18, 0x06, 0x0f, 0x08, 0x10, 0x0d, 0x00, 0x7d, 0x04,
    0x0f, 0x09, 0x18, 0x05, 0x0f, 0x0e, 0x01, 0x19, 0x04, 0x0f, 0x09, 0x37, 0x02, 0x0e, 0x0f, 0x04,
    0x2c, 0x04, 0x0f, 0x09, 0x38, 0x01, 0x0d, 0x0f, 0x07, 0x55, 0x04, 0x0f, 0x09, 0x38, 0x0a, 0x0f,
    0x0a, 0xc2, 0x04, 0x0f, 0x09, 0x51, 0x06, 0x0f, 0x0d, 0x01, 0xc2, 0x04, 0x0f, 0x09, 0x00, 0x03,
    0x0f, 0x0f, 0x03, 0x22, 0x04, 0x0f, 0x0d, 0x08, 0x0d, 0x0f, 0x06, 0xb8, 0x04, 0x0f, 0x0f, 0x0f,
    0x0f, 0x0f, 0x06, 0xb8, 0x04, 0x0f, 0x09, 0x00, 0x04, 0x0f, 0x0f, 0x04, 0x22, 0x04, 0x0f, 0x09,
    0x51, 0x05, 0x0f, 0x0e, 0x02, 0xc2, 0x04, 0x0f, 0x09, 0x38, 0x08, 0x0f, 0x0c, 0x01, 0x55, 0x04,
    0x0f, 0x09, 0x37, 0x0a, 0x0f, 0x0b, 0x55, 0x04, 0x0f, 0x09, 0x18, 0x0c, 0x0f, 0x08, 0x2c, 0x04,
    0x0f, 0x09, 0x18, 0x01, 0x0d, 0x0f, 0x06, 0x10, 0x0e, 0x38, 0x7d, 0x06, 0x0f, 0x0f, 0x0f, 0x0f,
    0x0f, 0x0f, 0x0f, 0x0f, 0x06, 0x55, 0x06, 0x0f, 0x0b, 0x08, 0x08, 0x08, 0x08, 0x0c, 0x0f, 0x06,
    0x55, 0x07, 0x0f, 0x06, 0x37, 0x07, 0x0f, 0x06, 0x55, 0x08, 0x0f, 0x05, 0x37, 0x07, 0x0f, 0x06,
    0x55, 0x08, 0x0f, 0x05, 0x37, 0x07, 0x0f, 0x06, 0x55, 0x09, 0x0f, 0x04, 0x37, 0x07, 0x0f, 0x06,
    0x55, 0x09, 0x0f, 0x03, 0x37, 0x07, 0x0f, 0x06, 0x55, 0x0a, 0x0f, 0x02, 0x37, 0x07, 0x0f, 0x06,
    0x55, 0x0b, 0x0f, 0x01, 0x37, 0x07, 0x0f, 0x06, 0x55, 0x0d, 0x0e, 0x18, 0x07, 0x0f, 0x06, 0x2c,
    0x01, 0x0f, 0x0c, 0x18, 0x07, 0x0f, 0x06, 0x2c, 0x08, 0x0f, 0x08, 0x18, 0x07, 0x0f, 0x06, 0x41,
    0x04, 0x0b, 0x0f, 0x0e, 0x01, 0x18, 0x07, 0x0f, 0x06, 0x41, 0x08, 0x0f, 0x0b, 0x03, 0x9d, 0x07,
    0x0f, 0x06, 0x10, 0x11, 0x00, 0x7d, 0x05, 0x0f, 0x0f, 0x04, 0x52, 0x0c, 0x0f, 0x0c, 0x00, 0x3f,
    0x05, 0x0f, 0x0f, 0x0a, 0x4c, 0x04, 0x0f, 0x0f, 0x0c, 0x00, 0x3f, 0x05, 0x0f, 0x0f, 0x0f, 0x02,
    0x9d, 0x0a, 0x0f, 0x0f, 0x0c, 0x00, 0x3f, 0x05, 0x0f, 0x0a, 0x0f, 0x08, 0x18, 0x01, 0x0f, 0x0c,
    0x0e, 0x0c, 0x00, 0x3f, 0x05, 0x0f, 0x06, 0x0d, 0x0e, 0x18, 0x07, 0x0f, 0x05, 0x0e, 0x0c, 0x00,
    0x3f, 0x05, 0x0f, 0x07, 0x07, 0x0f, 0x05, 0x37, 0x0d, 0x0e, 0x00, 0x0f, 0x0c, 0x00, 0x3f, 0x05,
    0x0f, 0x07, 0x01, 0x0f, 0x0b, 0x38, 0x04, 0x0f, 0x08, 0x00, 0x0f, 0x0c, 0x00, 0x3f, 0x05, 0x0f,
    0x08, 0x00, 0x0a, 0x0f, 0x02, 0x51, 0x0a, 0x0f, 0x02, 0x01, 0x0f, 0x0c, 0x00, 0x3f, 0x05, 0x0f,
    0x08, 0x00, 0x04, 0x0f, 0x08, 0x00, 0x02, 0x0f, 0x0b, 0x00, 0x01, 0x0f, 0x0c, 0x00, 0x3f, 0x05,
    0x0f, 0x08, 0x51, 0x0d, 0x0e, 0x00, 0x07, 0x0f, 0x04, 0x00, 0x01, 0x0f, 0x0c, 0x00, 0x3f, 0x05,
    0x0f, 0x08, 0x51, 0x06, 0x0f, 0x06, 0x0d, 0x0d, 0x51, 0x01, 0x0f, 0x0c, 0x00, 0x3f, 0x05, 0x0f,
    0x08, 0x51, 0x01, 0x0e, 0x0e, 0x0f, 0x07, 0x51, 0x01, 0x0f, 0x0c, 0x00, 0x3f, 0x05, 0x0f, 0x08,
    0x38, 0x09, 0x0f, 0x0f, 0x01, 0x51, 0x01, 0x0f, 0x0c, 0x00, 0x3f, 0x05, 0x0f, 0x08, 0x38, 0x03,
    0x0f, 0x0a, 0x38, 0x01, 0x0f, 0x0c, 0x10, 0x0e, 0x00, 0x7d, 0x05, 0x0f, 0x08, 0x9d, 0x04, 0x0f,
    0x09, 0x19, 0x05, 0x0f, 0x08, 0x9d, 0x04, 0x0f, 0x09, 0x19, 0x05, 0x0f, 0x08, 0x9d, 0x04, 0x0f,
    0x09, 0x19, 0x05, 0x0f, 0x08, 0x9d, 0x04, 0x0f, 0x09, 0x19, 0x05, 0x0f, 0x08, 0x9d, 0x04, 0x0f,
    0x09, 0x19, 0x05, 0x0f, 0x08, 0x9d, 0x04, 0x0f, 0x09, 0x19, 0x05, 0x0f, 0x0c, 0x08, 0x08, 0x08,
    0x08, 0x08, 0x08, 0x0a, 0x0f, 0x09, 0x19, 0x05, 0x0f, 0x0f, 0x0f, 0x0f, 0x0f, 0x0f, 0x0f, 0x0f,
    0x0f, 0x0f, 0x09, 0x19, 0x05, 0x0f, 0x08, 0x9d, 0x04, 0x0f, 0x09, 0x19, 0x05, 0x0f, 0x08, 0x9d,
    0x04, 0x0f, 0x09, 0x19, 0x05, 0x0f, 0x08, 0x9d, 0x04, 0x0f, 0x09, 0x19, 0x05, 0x0f, 0x08, 0x9d,
    0x04, 0x0f, 0x09, 0x19, 0x05, 0x0f, 0x08, 0x9d, 0x04, 0x0f, 0x09, 0x19, 0x05, 0x0f, 0x08, 0x9d,
    0x04, 0x0f, 0x09, 0x10, 0x0e, 0x38, 0x7d, 0x01, 0x08, 0x0d, 0x0f, 0x0e, 0x0c, 0x06, 0x22, 0x02,
    0x0d, 0x0f, 0x0d, 0x0a, 0x0a, 0x0e, 0x0f, 0x0b, 0xc2, 0x0c, 0x0f, 0x07, 0x38, 0x01, 0x0a, 0x0f,
    0x08, 0x2c, 0x04, 0x0f, 0x0a, 0x9d, 0x0d, 0x0f, 0x01, 0x19, 0x09, 0x0f, 0x05, 0x9d, 0x08, 0x0f,
    0x06, 0x19, 0x0c, 0x0f, 0x02, 0x9d, 0x05, 0x0f, 0x08, 0x19, 0x0d, 0x0f, 0x01, 0x9d, 0x04, 0x0f,
    0x09, 0x19, 0x0d, 0x0f, 0x01, 0x9d, 0x04, 0x0f, 0x09, 0x19, 0x0c, 0x0f, 0x02, 0x9d, 0x05, 0x0f,
    0x08, 0x19, 0x09, 0x0f, 0x04, 0x9d, 0x08, 0x0f, 0x06, 0x19, 0x04, 0x0f, 0x0a, 0x9d, 0x0d, 0x0f,
    0x01, 0x2c, 0x0c, 0x0f, 0x07, 0x37, 0x09, 0x0f, 0x09, 0x55, 0x02, 0x0d, 0x0f, 0x0d, 0x09, 0x0a,
    0x0e, 0x0f, 0x0b, 0x01, 0xc2, 0x01, 0x08, 0x0d, 0x0f, 0x0e, 0x0c, 0x06, 0x10, 0x0e, 0x00, 0x7d,
    0x04, 0x0f, 0x0f, 0x0f, 0x0f, 0x0f, 0x0f, 0x0f, 0x0f, 0x0f, 0x0f, 0x08, 0x19, 0x04, 0x0f, 0x0d,
    0x08, 0x08, 0x08, 0x08, 0x08, 0x08, 0x0b, 0x0f, 0x08, 0x19, 0x04, 0x0f, 0x09, 0x9d, 0x05, 0x0f,
    0x08, 0x19, 0x04, 0x0f, 0x09, 0x9d, 0x05, 0x0f, 0x08, 0x19, 0x04, 0x0f, 0x09, 0x9d, 0x05, 0x0f,
    0x08, 0x19, 0x04, 0x0f, 0x09, 0x9d, 0x05, 0x0f, 0x08, 0x19, 0x04, 0x0f, 0x09, 0x9d, 0x05, 0x0f,
    0x08, 0x19, 0x04, 0x0f, 0x09, 0x9d, 0x05, 0x0f, 0x08, 0x19, 0x04, 0x0f, 0x09, 0x9d, 0x05, 0x0f,
    0x08, 0x19, 0x04, 0x0f, 0x09, 0x9d, 0x05, 0x0f, 0x08, 0x19, 0x04, 0x0f, 0x09, 0x9d, 0x05, 0x0f,
    0x08, 0x19, 0x04, 0x0f, 0x09, 0x9d, 0x05, 0x0f, 0x08, 0x19, 0x04, 0x0f, 0x09, 0x9d, 0x05, 0x0f,
    0x08, 0x19, 0x04, 0x0f, 0x09, 0x9d, 0x05, 0x0f, 0x08, 0x10, 0x0d, 0x00, 0x7d, 0x05, 0x0f, 0x0f,
    0x0f, 0x0f, 0x0f, 0x0f, 0x0c, 0x07, 0xc2, 0x05, 0x0f, 0x0c, 0x08, 0x08, 0x08, 0x09, 0x0d, 0x0f,
    0x0b, 0x55, 0x05, 0x0f, 0x08, 0x18, 0x0b, 0x0f, 0x07, 0x2c, 0x05, 0x0f, 0x08, 0x18, 0x03, 0x0f,
    0x0c, 0x2c, 0x05, 0x0f, 0x08, 0x9d, 0x0f, 0x0d, 0x2c, 0x05, 0x0f, 0x08, 0x18, 0x02, 0x0f, 0x0c,
    0x2c, 0x05, 0x0f, 0x08, 0x18, 0x0a, 0x0f, 0x08, 0x2c, 0x05, 0x0f, 0x0c, 0x08, 0x08, 0x08, 0x09,
    0x0d, 0x0f, 0x0d, 0x01, 0x2c, 0x05, 0x0f, 0x0f, 0x0f, 0x0f, 0x0f, 0x0f, 0x0c, 0x08, 0x01, 0x55,
    0x05, 0x0f, 0x08, 0xdf, 0x05, 0x0f, 0x08, 0xdf, 0x05, 0x0f, 0x08, 0xdf, 0x05, 0x0f, 0x08, 0xdf,
    0x05, 0x0f, 0x08, 0x10, 0x0d, 0x38, 0x7d, 0x01, 0x08, 0x0d, 0x0f, 0x0e, 0x0c, 0x06, 0x22, 0x02,
    0x0d, 0x0f, 0x0c, 0x09, 0x09, 0x0d, 0x0f, 0x0a, 0xc2, 0x0c, 0x0f, 0x06, 0x37, 0x0b, 0x0f, 0x06,
    0x2c, 0x05, 0x0f, 0x0a, 0x18, 0x02, 0x0f, 0x0c, 0x2c, 0x0a, 0x0f, 0x04, 0x9d, 0x0d, 0x0f, 0x01,
    0x19, 0x0c, 0x0f, 0x02, 0xdf, 0x0c, 0x0f, 0x01, 0xdf, 0x0c, 0x0f, 0x01, 0xdf, 0x0c, 0x0f, 0x02,
    0xdf, 0x0a, 0x0f, 0x04, 0x9d, 0x0d, 0x0f, 0x01, 0x19, 0x05, 0x0f, 0x0a, 0x18, 0x02, 0x0f, 0x0c,
    0x55, 0x0d, 0x0f, 0x05, 0x37, 0x0b, 0x0f, 0x05, 0x55, 0x02, 0x0e, 0x0f, 0x0b, 0x08, 0x09, 0x0d,
    0x0f, 0x09, 0x22, 0x01, 0x09, 0x0d, 0x0f, 0x0e, 0x0c, 0x05, 0x10, 0x0c, 0x7d, 0x08, 0x0f, 0x0f,
    0x0f, 0x0f, 0x0f, 0x0f, 0x0f, 0x0f, 0x0f, 0x0f, 0x07, 0x19, 0x04, 0x08, 0x08, 0x08, 0x08, 0x0f,
    0x0f, 0x08, 0x08, 0x08, 0x08, 0x04, 0xb8, 0x0e, 0x0e, 0x1a, 0x0e, 0x0e, 0x1a, 0x0e, 0x0e, 0x1a,
    0x0e, 0x0e, 0x1a, 0x0e, 0x0e, 0x1a, 0x0e, 0x0e, 0x1a, 0x0e, 0x0e, 0x1a, 0x0e, 0x0e, 0x1a, 0x0e,
    0x0e, 0x1a, 0x0e, 0x0e, 0x1a, 0x0e, 0x0e, 0x1a, 0x0e, 0x0e, 0x10, 0x0d, 0x7d, 0x01, 0x0e, 0x0f,
    0x02, 0x18, 0x06, 0x0f, 0x0b, 0x2c, 0x08, 0x0f, 0x08, 0x18, 0x0c, 0x0f, 0x05, 0x2c, 0x01, 0x0f,
    0x0e, 0x01, 0x38, 0x03, 0x0f, 0x0d, 0xc2, 0x09, 0x0f, 0x07, 0x38, 0x09, 0x0f, 0x07, 0xc2, 0x02,
    0x0f, 0x0e, 0x51, 0x01, 0x0e, 0x0e, 0x01, 0x22, 0x0a, 0x0f, 0x06, 0x00, 0x06, 0x0f, 0x09, 0xb8,
    0x02, 0x0f, 0x0d, 0x00, 0x0d, 0x0f, 0x02, 0xdd, 0x0a, 0x0f, 0x08, 0x0f, 0x0b, 0x28, 0x03, 0x0f,
    0x0f, 0x0f, 0x04, 0x00, 0x28, 0x0b, 0x0f, 0x0c, 0xdf, 0x09, 0x0f, 0x06, 0x00, 0x28, 0x01, 0x0e,
    0x0e, 0x28, 0x04, 0x08, 0x0d, 0x0f, 0x06, 0x28, 0x07, 0x0f, 0x0d, 0x07, 0x10, 0x0f, 0x51, 0xfc,
    0x02, 0x0f, 0x0a, 0xdf, 0x02, 0x0f, 0x0a, 0xdd, 0x03, 0x0a, 0x0e, 0x0f, 0x0f, 0x0f, 0x0f, 0x0c,
    0x07, 0x01, 0x2c, 0x07, 0x0f, 0x0e, 0x09, 0x09, 0x0f, 0x0d, 0x08, 0x0b, 0x0f, 0x0d, 0x02, 0x41,
    0x05, 0x0f, 0x0b, 0x01, 0x00, 0x02, 0x0f, 0x0a, 0x51, 0x04, 0x0f, 0x0c, 0x41, 0x0c, 0x0e, 0x01,
    0x51, 0x02, 0x0f, 0x0a, 0x38, 0x08, 0x0f, 0x05, 0x00, 0x3f, 0x01, 0x0f, 0x0b, 0x38, 0x02, 0x0f,
    0x0a, 0x38, 0x03, 0x0f, 0x09, 0x00, 0x3f, 0x02, 0x0f, 0x09, 0x38, 0x02, 0x0f, 0x0a, 0x38, 0x01,
    0x0f, 0x0b, 0x00, 0x3f, 0x01, 0x0f, 0x0b, 0x38, 0x02, 0x0f, 0x0a, 0x38, 0x03, 0x0f, 0x09, 0x66,
    0x0c, 0x0e, 0x01, 0x51, 0x02, 0x0f, 0x0a, 0x38, 0x08, 0x0f, 0x05, 0x66, 0x05, 0x0f, 0x0b, 0x01,
    0x00, 0x02, 0x0f, 0x0a, 0x51, 0x04, 0x0f, 0x0c, 0x19, 0x07, 0x0f, 0x0e, 0x09, 0x08, 0x0f, 0x0c,
    0x08, 0x0b, 0x0f, 0x0d, 0x02, 0x2c, 0x03, 0x0a, 0x0e, 0x0f, 0x0f, 0x0f, 0x0f, 0x0c, 0x07, 0x01,
    0xb8, 0x02, 0x0f, 0x0a, 0xdf, 0x02, 0x0f, 0x0a, 0x10, 0x0d, 0x7d, 0x01, 0x0e, 0x0f, 0x03, 0x18,
    0x09, 0x0f, 0x09, 0x2c, 0x05, 0x0f, 0x0c, 0x37, 0x04, 0x0f, 0x0d, 0x01, 0x55, 0x0b, 0x0f, 0x07,
    0x38, 0x0d, 0x0f, 0x04, 0xc2, 0x02, 0x0e, 0x0f, 0x02, 0x00, 0x08, 0x0f, 0x0a, 0xb8, 0x06, 0x0f,
    0x0b, 0x03, 0x0f, 0x0e, 0x01, 0xdd, 0x0b, 0x0f, 0x0e, 0x0f, 0x05, 0x28, 0x02, 0x0f, 0x0f, 0x0a,
    0x00, 0x28, 0x03, 0x0f, 0x0f, 0x0b, 0x00, 0x28, 0x0c, 0x0f, 0x0d, 0x0f, 0x06, 0xdd, 0x08, 0x0f,
    0x0a, 0x02, 0x0e, 0x0e, 0x02, 0x22, 0x03, 0x0f, 0x0e, 0x01, 0x00, 0x07, 0x0f, 0x0b, 0x22, 0x0c,
    0x0f, 0x06, 0x38, 0x0c, 0x0f, 0x06, 0x55, 0x07, 0x0f, 0x0b, 0x37, 0x03, 0x0f, 0x0e, 0x01, 0x19,
    0x02, 0x0e, 0x0e, 0x02, 0x18, 0x08, 0x0f, 0x0a, 0x10, 0x0f, 0x00, 0x7d, 0x04, 0x0f, 0x09, 0x9d,
    0x06, 0x0f, 0x07, 0x19, 0x04, 0x0f, 0x09, 0x9d, 0x06, 0x0f, 0x07, 0x19, 0x04, 0x0f, 0x09, 0x9d,
    0x06, 0x0f, 0x07, 0x19, 0x04, 0x0f, 0x09, 0x9d, 0x06, 0x0f, 0x07, 0x19, 0x04, 0x0f, 0x09, 0x9d,
    0x06, 0x0f, 0x07, 0x19, 0x04, 0x0f, 0x09, 0x9d, 0x06, 0x0f, 0x07, 0x19, 0x04, 0x0f, 0x09, 0x9d,
    0x06, 0x0f, 0x07, 0x19, 0x04, 0x0f, 0x09, 0x9d, 0x06, 0x0f, 0x07, 0x19, 0x04, 0x0f, 0x09, 0x9d,
    0x06, 0x0f, 0x07, 0x19, 0x04, 0x0f, 0x09, 0x9d, 0x06, 0x0f, 0x07, 0x19, 0x04, 0x0f, 0x09, 0x9d,
    0x06, 0x0f, 0x07, 0x19, 0x04, 0x0f, 0x09, 0x9d, 0x06, 0x0f, 0x07, 0x19, 0x04, 0x0f, 0x0c, 0x08,
    0x08, 0x08, 0x08, 0x08, 0x08, 0x0b, 0x0f, 0x0c, 0x08, 0x41, 0x04, 0x0f, 0x0f, 0x0f, 0x0f, 0x0f,
    0x0f, 0x0f, 0x0f, 0x0f, 0x0f, 0x0f, 0x0e, 0x1a, 0x0d, 0x0e, 0x1a, 0x0d, 0x0d, 0x1a, 0x0d, 0x0c,
    0x10, 0x0e, 0x00, 0x7d, 0x08, 0x0f, 0x05, 0x9d, 0x0e, 0x0f, 0x2c, 0x08, 0x0f, 0x05, 0x9d, 0x0e,
    0x0f, 0x2c, 0x08, 0x0f, 0x05, 0x9d, 0x0e, 0x0f, 0x2c, 0x08, 0x0f, 0x05, 0x9d, 0x0e, 0x0f, 0x2c,
    0x08, 0x0f, 0x05, 0x9d, 0x0e, 0x0f, 0x2c, 0x07, 0x0f, 0x07, 0x9d, 0x0e, 0x0f, 0x2c, 0x03, 0x0f,
    0x0c, 0x9d, 0x0e, 0x0f, 0x55, 0x0a, 0x0f, 0x0d, 0x09, 0x08, 0x09, 0x0b, 0x0e, 0x0f, 0x0f, 0xc2,
    0x07, 0x0c, 0x0e, 0x0f, 0x0e, 0x0d, 0x09, 0x0e, 0x0f, 0x1a, 0x0e, 0x0f, 0x1a, 0x0e, 0x0f, 0x1a,
    0x0e, 0x0f, 0x1a, 0x0e, 0x0f, 0x1a, 0x0e, 0x0f, 0x10, 0x13, 0x00, 0x7d, 0x04, 0x0f, 0x09, 0x37,
    0x08, 0x0f, 0x06, 0x37, 0x0c, 0x0f, 0x02, 0x4b, 0x04, 0x0f, 0x09, 0x37, 0x08, 0x0f, 0x06, 0x37,
    0x0c, 0x0f, 0x02, 0x4b, 0x04, 0x0f, 0x09, 0x37, 0x08, 0x0f, 0x06, 0x37, 0x0c, 0x0f, 0x02, 0x4b,
    0x04, 0x0f, 0x09, 0x37, 0x08, 0x0f, 0x06, 0x37, 0x0c, 0x0f, 0x02, 0x4b, 0x04, 0x0f, 0x09, 0x37,
    0x08, 0x0f, 0x06, 0x37, 0x0c, 0x0f, 0x02, 0x4b, 0x04, 0x0f, 0x09, 0x37, 0x08, 0x0f, 0x06, 0x37,
    0x0c, 0x0f, 0x02, 0x4b, 0x04, 0x0f, 0x09, 0x37, 0x08, 0x0f, 0x06, 0x37, 0x0c, 0x0f, 0x02, 0x4b,
    0x04, 0x0f, 0x09, 0x37, 0x08, 0x0f, 0x06, 0x37, 0x0c, 0x0f, 0x02, 0x4b, 0x04, 0x0f, 0x09, 0x37,
    0x08, 0x0f, 0x06, 0x37, 0x0c, 0x0f, 0x02, 0x4b, 0x04, 0x0f, 0x09, 0x37, 0x08, 0x0f, 0x06, 0x37,
    0x0c, 0x0f, 0x02, 0x4b, 0x04, 0x0f, 0x09, 0x37, 0x08, 0x0f, 0x06, 0x37, 0x0c, 0x0f, 0x02, 0x4b,
    0x04, 0x0f, 0x09, 0x37, 0x08, 0x0f, 0x06, 0x37, 0x0c, 0x0f, 0x02, 0x4b, 0x04, 0x0f, 0x0c, 0x08,
    0x08, 0x08, 0x08, 0x0c, 0x0f, 0x0b, 0x08, 0x08, 0x08, 0x08, 0x0e, 0x0f, 0x02, 0x4b, 0x04, 0x0f,
    0x0f, 0x0f, 0x0f, 0x0f, 0x0f, 0x0f, 0x0f, 0x0f, 0x0f, 0x0f, 0x0f, 0x0f, 0x0f, 0x0f, 0x02, 0x10,
    0x13, 0x00, 0x7d, 0x04, 0x0f, 0x09, 0x37, 0x08, 0x0f, 0x06, 0x37, 0x0c, 0x0f, 0x02, 0x4b, 0x04,
    0x0f, 0x09, 0x37, 0x08, 0x0f, 0x06, 0x37, 0x0c, 0x0f, 0x02, 0x4b, 0x04, 0x0f, 0x09, 0x37, 0x08,
    0x0f, 0x06, 0x37, 0x0c, 0x0f, 0x02, 0x4b, 0x04, 0x0f, 0x09, 0x37, 0x08, 0x0f, 0x06, 0x37, 0x0c,
    0x0f, 0x02, 0x4b, 0x04, 0x0f, 0x09, 0x37, 0x08, 0x0f, 0x06, 0x37, 0x0c, 0x0f, 0x02, 0x4b, 0x04,
    0x0f, 0x09, 0x37, 0x08, 0x0f, 0x06, 0x37, 0x0c, 0x0f, 0x02, 0x4b, 0x04, 0x0f, 0x09, 0x37, 0x08,
    0x0f, 0x06, 0x37, 0x0c, 0x0f, 0x02, 0x4b, 0x04, 0x0f, 0x09, 0x37, 0x08, 0x0f, 0x06, 0x37, 0x0c,
    0x0f, 0x02, 0x4b, 0x04, 0x0f, 0x09, 0x37, 0x08, 0x0f, 0x06, 0x37, 0x0c, 0x0f, 0x02, 0x4b, 0x04,
    0x0f, 0x09, 0x37, 0x08, 0x0f, 0x06, 0x37, 0x0c, 0x0f, 0x02, 0x4b, 0x04, 0x0f, 0x09, 0x37, 0x08,
    0x0f, 0x06, 0x37, 0x0c, 0x0f, 0x02, 0x4b, 0x04, 0x0f, 0x09, 0x37, 0x08, 0x0f, 0x06, 0x37, 0x0c,
    0x0f, 0x02, 0x4b, 0x04, 0x0f, 0x0c, 0x08, 0x08, 0x08, 0x08, 0x0c, 0x0f, 0x0b, 0x08, 0x08, 0x08,
    0x08, 0x0e, 0x0f, 0x08, 0x04, 0x64, 0x04, 0x0f, 0x0f, 0x0f, 0x0f, 0x0f, 0x0f, 0x0f, 0x0f, 0x0f,
    0x0f, 0x0f, 0x0f, 0x0f, 0x0f, 0x0f, 0x0f, 0x08, 0xdf, 0x04, 0x0f, 0x07, 0xdf, 0x04, 0x0f, 0x07,
    0xdf, 0x04, 0x0f, 0x06, 0x10, 0x0f, 0x7d, 0x0c, 0x0f, 0x0f, 0x0f, 0x0f, 0x0f, 0x01, 0xb8, 0x06,
    0x07, 0x07, 0x07, 0x0e, 0x0f, 0x01, 0xdf, 0x0c, 0x0f, 0x01, 0xdf, 0x0c, 0x0f, 0x01, 0xdf, 0x0c,
    0x0f, 0x01, 0xdf, 0x0c, 0x0f, 0x08, 0x08, 0x08, 0x08, 0x07, 0x03, 0x22, 0x0c, 0x0f, 0x0f, 0x0f,
    0x0f, 0x0f, 0x0f, 0x0f, 0x0b, 0x01, 0x55, 0x0c, 0x0f, 0x01, 0x38, 0x02, 0x0a, 0x0f, 0x0b, 0x55,
    0x0c, 0x0f, 0x01, 0x18, 0x0c, 0x0f, 0x02, 0x2c, 0x0c, 0x0f, 0x01, 0x18, 0x09, 0x0f, 0x04, 0x2c,
    0x0c, 0x0f, 0x01, 0x18, 0x0b, 0x0f, 0x04, 0x2c, 0x0c, 0x0f, 0x01, 0x37, 0x03, 0x0f, 0x0e, 0x55,
    0x0c, 0x0f, 0x08, 0x08, 0x08, 0x08, 0x0a, 0x0f, 0x0f, 0x05, 0x55, 0x0c, 0x0f, 0x0f, 0x0f, 0x0f,
    0x0f, 0x0e, 0x0a, 0x03, 0x10, 0x11, 0x00, 0x7d, 0x04, 0x0f, 0x09, 0x3c, 0x06, 0x0f, 0x07, 0x00,
    0x3f, 0x04, 0x0f, 0x09, 0x3c, 0x06, 0x0f, 0x07, 0x00, 0x3f, 0x04, 0x0f, 0x09, 0x3c, 0x06, 0x0f,
    0x07, 0x00, 0x3f, 0x04, 0x0f, 0x09, 0x3c, 0x06, 0x0f, 0x07, 0x00, 0x3f, 0x04, 0x0f, 0x09, 0x3c,
    0x06, 0x0f, 0x07, 0x00, 0x3f, 0x04, 0x0f, 0x0c, 0x08, 0x08, 0x08, 0x08, 0x06, 0x01, 0x38, 0x06,
    0x0f, 0x07, 0x00, 0x3f, 0x04, 0x0f, 0x0f, 0x0f, 0x0f, 0x0f, 0x0f, 0x0f, 0x0f, 0x07, 0x51, 0x06,
    0x0f, 0x07, 0x00, 0x3f, 0x04, 0x0f, 0x09, 0x37, 0x04, 0x0d, 0x0f, 0x05, 0x00, 0x06, 0x0f, 0x07,
    0x00, 0x3f, 0x04, 0x0f, 0x09, 0x18, 0x04, 0x0f, 0x0b, 0x00, 0x06, 0x0f, 0x07, 0x00, 0x3f, 0x04,
    0x0f, 0x09, 0x9d, 0x0f, 0x0d, 0x00, 0x06, 0x0f, 0x07, 0x00, 0x3f, 0x04, 0x0f, 0x09, 0x18, 0x02,
    0x0f, 0x0c, 0x00, 0x06, 0x0f, 0x07, 0x00, 0x3f, 0x04, 0x0f, 0x09, 0x18, 0x09, 0x0f, 0x08, 0x00,
    0x06, 0x0f, 0x07, 0x00, 0x3f, 0x04, 0x0f, 0x0c, 0x08, 0x08, 0x08, 0x08, 0x0c, 0x0f, 0x0d, 0x01,
    0x00, 0x06, 0x0f, 0x07, 0x00, 0x3f, 0x04, 0x0f, 0x0f, 0x0f, 0x0f, 0x0f, 0x0f, 0x0d, 0x08, 0x01,
    0x51, 0x06, 0x0f, 0x07, 0x10, 0x0d, 0x00, 0x7d, 0x06, 0x0f, 0x07, 0xdf, 0x06, 0x0f, 0x07, 0xdf,
    0x06, 0x0f, 0x07, 0xdf, 0x06, 0x0f, 0x07, 0xdf, 0x06, 0x0f, 0x07, 0xdf, 0x06, 0x0f, 0x0b, 0x08,
    0x08, 0x08, 0x08, 0x05, 0x01, 0xc2, 0x06, 0x0f, 0x0f, 0x0f, 0x0f, 0x0f, 0x0f, 0x0f, 0x0e, 0x05,
    0x55, 0x06, 0x0f, 0x07, 0x38, 0x01, 0x05, 0x0e, 0x0f, 0x03, 0x2c, 0x06, 0x0f, 0x07, 0x18, 0x06,
    0x0f, 0x09, 0x2c, 0x06, 0x0f, 0x07, 0x18, 0x02, 0x0f, 0x0b, 0x2c, 0x06, 0x0f, 0x07, 0x18, 0x04,
    0x0f, 0x0a, 0x2c, 0x06, 0x0f, 0x07, 0x18, 0x0b, 0x0f, 0x06, 0x2c, 0x06, 0x0f, 0x0b, 0x08, 0x08,
    0x08, 0x09, 0x0d, 0x0f, 0x0b, 0x55, 0x06, 0x0f, 0x0f, 0x0f, 0x0f, 0x0f, 0x0f, 0x0c, 0x07, 0x10,
    0x0d, 0x38, 0x7d, 0x02, 0x09, 0x0d, 0x0f, 0x0e, 0x0b, 0x05, 0x22, 0x03, 0x0e, 0x0f, 0x0b, 0x08,
    0x0a, 0x0e, 0x0f, 0x09, 0xc2, 0x0c, 0x0f, 0x05, 0x38, 0x01, 0x0c, 0x0f, 0x06, 0x2c, 0x04, 0x0f,
    0x0b, 0x18, 0x02, 0x0f, 0x0d, 0x2c, 0x07, 0x0f, 0x06, 0x9d, 0x0b, 0x0f, 0x03, 0xdf, 0x08, 0x0f,
    0x05, 0xc2, 0x01, 0x08, 0x08, 0x08, 0x08, 0x08, 0x0c, 0x0f, 0x06, 0xc2, 0x01, 0x0f, 0x0f, 0x0f,
    0x0f, 0x0f, 0x0f, 0x0f, 0x06, 0xdf, 0x08, 0x0f, 0x05, 0x19, 0x07, 0x0f, 0x06, 0x9d, 0x0b, 0x0f,
    0x03, 0x19, 0x03, 0x0f, 0x0b, 0x18, 0x02, 0x0f, 0x0d, 0x55, 0x0c, 0x0f, 0x05, 0x38, 0x01, 0x0b,
    0x0f, 0x06, 0x55, 0x02, 0x0e, 0x0f, 0x0b, 0x09, 0x09, 0x0e, 0x0f, 0x09, 0x22, 0x01, 0x09, 0x0d,
    0x0f, 0x0e, 0x0b, 0x05, 0x10, 0x12, 0x00, 0x7d, 0x03, 0x0f, 0x0a, 0x37, 0x03, 0x0a, 0x0e, 0x0f,
    0x0e, 0x0a, 0x03, 0x66, 0x03, 0x0f, 0x0a, 0x38, 0x07, 0x0f, 0x0f, 0x0b, 0x09, 0x0b, 0x0f, 0x0f,
    0x05, 0x00, 0x3f, 0x03, 0x0f, 0x0a, 0x51, 0x04, 0x0f, 0x0d, 0x02, 0x38, 0x03, 0x0e, 0x0f, 0x02,
    0x3f, 0x03, 0x0f, 0x0a, 0x51, 0x0b, 0x0f, 0x04, 0x18, 0x06, 0x0f, 0x09, 0x3f, 0x03, 0x0f, 0x0a,
    0x00, 0x01, 0x0f, 0x0c, 0x4c, 0x0e, 0x0e, 0x3f, 0x03, 0x0f, 0x0a, 0x00, 0x03, 0x0f, 0x0a, 0x4c,
    0x0c, 0x0f, 0x01, 0x4b, 0x03, 0x0f, 0x0d, 0x07, 0x0a, 0x0f, 0x09, 0x4c, 0x0b, 0x0f, 0x02, 0x4b,
    0x03, 0x0f, 0x0f, 0x0f, 0x0f, 0x0f, 0x09, 0x4c, 0x0b, 0x0f, 0x02, 0x4b, 0x03, 0x0f, 0x0a, 0x00,
    0x03, 0x0f, 0x0a, 0x4c, 0x0c, 0x0f, 0x01, 0x4b, 0x03, 0x0f, 0x0a, 0x00, 0x01, 0x0f, 0x0c, 0x4c,
    0x0e, 0x0e, 0x3f, 0x03, 0x0f, 0x0a, 0x51, 0x0b, 0x0f, 0x03, 0x18, 0x05, 0x0f, 0x09, 0x3f, 0x03,
    0x0f, 0x0a, 0x51, 0x04, 0x0f, 0x0d, 0x02, 0x38, 0x03, 0x0e, 0x0f, 0x02, 0x3f, 0x03, 0x0f, 0x0a,
    0x38, 0x06, 0x0f, 0x0f, 0x0b, 0x09, 0x0b, 0x0f, 0x0f, 0x05, 0x00, 0x3f, 0x03, 0x0f, 0x0a, 0x37,
    0x03, 0x0a, 0x0e, 0x0f, 0x0e, 0x0a, 0x03, 0x10, 0x0d, 0x38, 0x7d, 0x05, 0x0b, 0x0e, 0x0f, 0x0f,
    0x0f, 0x0f, 0x0f, 0xc2, 0x08, 0x0f, 0x0e, 0x0a, 0x08, 0x08, 0x08, 0x0e, 0x0f, 0x55, 0x03, 0x0f,
    0x0d, 0x02, 0x37, 0x0d, 0x0f, 0x55, 0x07, 0x0f, 0x07, 0x18, 0x0d, 0x0f, 0x55, 0x08, 0x0f, 0x05,
    0x18, 0x0d, 0x0f, 0x55, 0x07, 0x0f, 0x07, 0x18, 0x0d, 0x0f, 0x55, 0x02, 0x0e, 0x0e, 0x02, 0x37,
    0x0d, 0x0f, 0xc2, 0x05, 0x0f, 0x0e, 0x0a, 0x08, 0x08, 0x08, 0x0e, 0x0f, 0x22, 0x02, 0x0f, 0x0f,
    0x0f, 0x0f, 0x0f, 0x0f, 0x0f, 0x22, 0x07, 0x0f, 0x07, 0x38, 0x0d, 0x0f, 0xc2, 0x01, 0x0e, 0x0d,
    0x01, 0x38, 0x0d, 0x0f, 0xc2, 0x0a, 0x0f, 0x05, 0x37, 0x0d, 0x0f, 0x55, 0x04, 0x0f, 0x0b, 0x18,
    0x0d, 0x0f, 0x55, 0x0c, 0x0f, 0x03, 0x18, 0x0d, 0x0f, 0x10, 0x0b, 0x38, 0x7e, 0x02, 0x09, 0x0e,
    0x0f, 0x0e, 0x09, 0x01, 0x22, 0x02, 0x0e, 0x0f, 0x09, 0x07, 0x0b, 0x0f, 0x0c, 0x22, 0x09, 0x0f,
    0x05, 0x38, 0x0a, 0x0f, 0x04, 0xc2, 0x01, 0x02, 0x37, 0x06, 0x0f, 0x06, 0x22, 0x03, 0x0a, 0x0d,
    0x0f, 0x0f, 0x0f, 0x0f, 0x06, 0xc2, 0x04, 0x0f, 0x0e, 0x07, 0x05, 0x04, 0x08, 0x0f, 0x06, 0xc2,
    0x0b, 0x0f, 0x02, 0x38, 0x06, 0x0f, 0x06, 0xc2, 0x0e, 0x0e, 0x37, 0x07, 0x0f, 0x06, 0xc2, 0x0c,
    0x0f, 0x03, 0x51, 0x02, 0x0d, 0x0f, 0x06, 0xc2, 0x06, 0x0f, 0x0e, 0x0a, 0x0a, 0x0e, 0x0e, 0x0f,
    0x07, 0x22, 0x06, 0x0d, 0x0f, 0x0e, 0x08, 0x04, 0x0f, 0x0a, 0x10, 0x0b, 0x00, 0x65, 0x01, 0x0e,
    0x09, 0xdd, 0x01, 0x05, 0x09, 0x0e, 0x0f, 0x05, 0xb8, 0x07, 0x0e, 0x0f, 0x0f, 0x0c, 0x06, 0xb8,
    0x07, 0x0f, 0x0b, 0x05, 0x01, 0xdd, 0x02, 0x0f, 0x09, 0xdf, 0x08, 0x0d, 0x04, 0x0b, 0x0f, 0x0f,
    0x0c, 0x04, 0x22, 0x0c, 0x0d, 0x0f, 0x0b, 0x08, 0x09, 0x0e, 0x0f, 0x05, 0xc2, 0x0e, 0x0f, 0x07,
    0x38, 0x03, 0x0e, 0x0e, 0x01, 0x55, 0x0f, 0x0e, 0x18, 0x09, 0x0f, 0x04, 0x2c, 0x01, 0x0f, 0x0c,
    0x18, 0x07, 0x0f, 0x06, 0x55, 0x0f, 0x0c, 0x18, 0x07, 0x0f, 0x06, 0x55, 0x0d, 0x0f, 0x01, 0x37,
    0x0a, 0x0f, 0x03, 0x55, 0x07, 0x0f, 0x08, 0x38, 0x03, 0x0f, 0x0c, 0x22, 0x0c, 0x0f, 0x0b, 0x08,
    0x09, 0x0f, 0x0e, 0x03, 0x22, 0x01, 0x08, 0x0d, 0x0f, 0x0e, 0x0a, 0x03, 0x10, 0x0b, 0x51, 0x7e,
    0x07, 0x0f, 0x0f, 0x0f, 0x0f, 0x0e, 0x0c, 0x07, 0x22, 0x07, 0x0f, 0x0a, 0x07, 0x07, 0x08, 0x0c,
    0x0f, 0x09, 0xc2, 0x07, 0x0f, 0x05, 0x37, 0x0d, 0x0f, 0xc2, 0x07, 0x0f, 0x05, 0x37, 0x0d, 0x0e,
    0xc2, 0x07, 0x0f, 0x0a, 0x08, 0x08, 0x08, 0x0c, 0x0f, 0x06, 0xc2, 0x07, 0x0f, 0x0f, 0x0f, 0x0f,
    0x0f, 0x0f, 0x0c, 0x03, 0xc2, 0x07, 0x0f, 0x05, 0x38, 0x03, 0x0d, 0x0e, 0x01, 0x55, 0x07, 0x0f,
    0x05, 0x37, 0x07, 0x0f, 0x06, 0x55, 0x07, 0x0f, 0x05, 0x37, 0x09, 0x0f, 0x05, 0x55, 0x07, 0x0f,
    0x0a, 0x07, 0x07, 0x07, 0x0a, 0x0f, 0x0d, 0x01, 0x55, 0x07, 0x0f, 0x0f, 0x0f, 0x0f, 0x0f, 0x0d,
    0x09, 0x02, 0x10, 0x08, 0x51, 0x7e, 0x07, 0x0f, 0x0f, 0x0f, 0x0f, 0x0f, 0x0f, 0x03, 0x22, 0x07,
    0x0f, 0x0a, 0x07, 0x07, 0x07, 0x07, 0x01, 0x22, 0x07, 0x0f, 0x05, 0xdf, 0x07, 0x0f, 0x05, 0xdf,
    0x07, 0x0f, 0x05, 0xdf, 0x07, 0x0f, 0x05, 0xdf, 0x07, 0x0f, 0x05, 0xdf, 0x07, 0x0f, 0x05, 0xdf,
    0x07, 0x0f, 0x05, 0xdf, 0x07, 0x0f, 0x05, 0xdf, 0x07, 0x0f, 0x05, 0x10, 0x0c, 0x37, 0x7e, 0x0b,
    0x0f, 0x0f, 0x0f, 0x0f, 0x0f, 0x0f, 0x01, 0x22, 0x0c, 0x0f, 0x0a, 0x0a, 0x0a, 0x0e, 0x0f, 0x01,
    0x22, 0x0c, 0x0f, 0x38, 0x0b, 0x0f, 0x01, 0x22, 0x0d, 0x0e, 0x38, 0x0b, 0x0f, 0x01, 0x22, 0x0e,
    0x0e, 0x38, 0x0b, 0x0f, 0x01, 0x22, 0x0f, 0x0c, 0x38, 0x0b, 0x0f, 0x01, 0xc2, 0x03, 0x0f, 0x0a,
    0x38, 0x0b, 0x0f, 0x01, 0xc2, 0x07, 0x0f, 0x06, 0x38, 0x0b, 0x0f, 0x01, 0x55, 0x01, 0x0e, 0x0e,
    0x01, 0x38, 0x0b, 0x0f, 0x01, 0x2c, 0x04, 0x0b, 0x0f, 0x0c, 0x07, 0x07, 0x07, 0x07, 0x0d, 0x0f,
    0x08, 0x03, 0x19, 0x08, 0x0f, 0x0f, 0x0f, 0x0f, 0x0f, 0x0f, 0x0f, 0x0f, 0x0f, 0x0f, 0x07, 0x19,
    0x08, 0x0f, 0x04, 0x9d, 0x05, 0x0f, 0x07, 0x19, 0x08, 0x0f, 0x04, 0x9d, 0x05, 0x0f, 0x07, 0x19,
    0x08, 0x0f, 0x04, 0x9d, 0x05, 0x0f, 0x07, 0x10, 0x0b, 0x37, 0x7e, 0x07, 0x0d, 0x0f, 0x0e, 0x09,
    0x01, 0xb8, 0x0a, 0x0f, 0x0b, 0x08, 0x0a, 0x0f, 0x0c, 0x22, 0x06, 0x0f, 0x08, 0x38, 0x08, 0x0f,
    0x06, 0xc2, 0x0c, 0x0f, 0x01, 0x38, 0x01, 0x0f, 0x0a, 0x55, 0x01, 0x0f, 0x0e, 0x07, 0x07, 0x07,
    0x07, 0x07, 0x0f, 0x0d, 0x55, 0x01, 0x0f, 0x0f, 0x0f, 0x0f, 0x0f, 0x0f, 0x0f, 0x0f, 0x0d, 0x55,
    0x01, 0x0f, 0x0c, 0x1a, 0x0d, 0x0f, 0x01, 0xdf, 0x07, 0x0f, 0x09, 0x38, 0x01, 0x0a, 0x04, 0x22,
    0x0c, 0x0f, 0x0c, 0x08, 0x08, 0x0d, 0x0f, 0x04, 0xb8, 0x07, 0x0d, 0x0f, 0x0e, 0x0b, 0x03, 0x10,
    0x0f, 0x00, 0x7e, 0x02, 0x0e, 0x0e, 0x02, 0x51, 0x04, 0x0f, 0x08, 0x38, 0x0c, 0x0f, 0x05, 0x66,
    0x06, 0x0f, 0x0a, 0x51, 0x04, 0x0f, 0x08, 0x51, 0x07, 0x0f, 0x0a, 0x19, 0x0b, 0x0f, 0x05, 0x00,
    0x04, 0x0f, 0x08, 0x00, 0x02, 0x0e, 0x0e, 0x01, 0x19, 0x02, 0x0e, 0x0d, 0x01, 0x04, 0x0f, 0x08,
    0x00, 0x0a, 0x0f, 0x05, 0x55, 0x06, 0x0f, 0x0b, 0x0b, 0x0f, 0x0c, 0x0a, 0x0f, 0x0a, 0xc2, 0x04,
    0x0f, 0x0f, 0x0f, 0x0f, 0x0f, 0x0f, 0x0f, 0x08, 0xc2, 0x0d, 0x0f, 0x03, 0x04, 0x0f, 0x08, 0x01,
    0x0d, 0x0f, 0x02, 0x2c, 0x08, 0x0f, 0x09, 0x00, 0x04, 0x0f, 0x08, 0x00, 0x05, 0x0f, 0x0c, 0x19,
    0x03, 0x0f, 0x0e, 0x01, 0x00, 0x04, 0x0f, 0x08, 0x51, 0x0b, 0x0f, 0x06, 0x41, 0x0c, 0x0f, 0x06,
    0x51, 0x04, 0x0f, 0x08, 0x51, 0x02, 0x0f, 0x0e, 0x02, 0x00, 0x3f, 0x07, 0x0f, 0x0c, 0x38, 0x04,
    0x0f, 0x08, 0x38, 0x08, 0x0f, 0x0b, 0x10, 0x0a, 0x38, 0x7e, 0x05, 0x0c, 0x0e, 0x0f, 0x0d, 0x07,
    0xb8, 0x07, 0x0f, 0x0d, 0x08, 0x08, 0x0c, 0x0f, 0x09, 0x22, 0x0e, 0x0e, 0x01, 0x38, 0x0e, 0x0e,
    0x1a, 0x0e, 0x0e, 0xdd, 0x05, 0x08, 0x08, 0x0c, 0x0f, 0x05, 0xdd, 0x0b, 0x0f, 0x0f, 0x0f, 0x0c,
    0x02, 0xdf, 0x04, 0x0e, 0x0d, 0x1a, 0x0a, 0x0f, 0x02, 0x55, 0x01, 0x0f, 0x0d, 0x37, 0x0d, 0x0f,
    0x01, 0xc2, 0x0a, 0x0f, 0x0d, 0x08, 0x08, 0x0c, 0x0f, 0x09, 0xb8, 0x06, 0x0c, 0x0f, 0x0f, 0x0c,
    0x07, 0x10, 0x0c, 0x51, 0x7e, 0x07, 0x0f, 0x05, 0x38, 0x02, 0x0f, 0x0f, 0xc2, 0x07, 0x0f, 0x05,
    0x38, 0x0b, 0x0f, 0x0f, 0xc2, 0x07, 0x0f, 0x05, 0x51, 0x05, 0x0f, 0x0f, 0x0f, 0xc2, 0x07, 0x0f,
    0x05, 0x00, 0x01, 0x0d, 0x0d, 0x0c, 0x0f, 0xc2, 0x07, 0x0f, 0x05, 0x00, 0x08, 0x0f, 0x04, 0x0c,
    0x0f, 0xc2, 0x07, 0x0f, 0x05, 0x02, 0x0f, 0x0a, 0x00, 0x0c, 0x0f, 0xc2, 0x07, 0x0f, 0x05, 0x0b,
    0x0e, 0x02, 0x00, 0x0c, 0x0f, 0xc2, 0x07, 0x0f, 0x0a, 0x0f, 0x07, 0x51, 0x0c, 0x0f, 0xc2, 0x07,
    0x0f, 0x0f, 0x0c, 0x38, 0x0c, 0x0f, 0xc2, 0x07, 0x0f, 0x0f, 0x04, 0x38, 0x0c, 0x0f, 0xc2, 0x07,
    0x0f, 0x0a, 0x37, 0x0c, 0x0f, 0x10, 0x0c, 0x51, 0xa4, 0x03, 0x03, 0x51, 0x01, 0x04, 0xdd, 0x0a,
    0x0d, 0x51, 0x07, 0x0f, 0x01, 0xb8, 0x04, 0x0f, 0x09, 0x07, 0x0e, 0x09, 0x28, 0x04, 0x0a, 0x0b,
    0x07, 0xd2, 0x07, 0x0f, 0x05, 0x38, 0x02, 0x0f, 0x0f, 0xc2, 0x07, 0x0f, 0x05, 0x38, 0x0b, 0x0f,
    0x0f, 0xc2, 0x07, 0x0f, 0x05, 0x51, 0x05, 0x0f, 0x0f, 0x0f, 0xc2, 0x07, 0x0f, 0x05, 0x00, 0x01,
    0x0d, 0x0d, 0x0c, 0x0f, 0xc2, 0x07, 0x0f, 0x05, 0x00, 0x08, 0x0f, 0x04, 0x0c, 0x0f, 0xc2, 0x07,
    0x0f, 0x05, 0x02, 0x0f, 0x0a, 0x00, 0x0c, 0x0f, 0xc2, 0x07, 0x0f, 0x05, 0x0b, 0x0e, 0x02, 0x00,
    0x0c, 0x0f, 0xc2, 0x07, 0x0f, 0x0a, 0x0f, 0x07, 0x51, 0x0c, 0x0f, 0xc2, 0x07, 0x0f, 0x0f, 0x0c,
    0x38, 0x0c, 0x0f, 0xc2, 0x07, 0x0f, 0x0f, 0x04, 0x38, 0x0c, 0x0f, 0xc2, 0x07, 0x0f, 0x0a, 0x37,
    0x0c, 0x0f, 0x10, 0x0b, 0x51, 0x7e, 0x07, 0x0f, 0x05, 0x38, 0x05, 0x0f, 0x0c, 0x01, 0x55, 0x07,
    0x0f, 0x05, 0x51, 0x03, 0x0e, 0x0e, 0x02, 0xc2, 0x07, 0x0f, 0x05, 0x00, 0x01, 0x0d, 0x0f, 0x03,
    0x22, 0x07, 0x0f, 0x05, 0x00, 0x0b, 0x0f, 0x05, 0xb8, 0x07, 0x0f, 0x0b, 0x0b, 0x0f, 0x08, 0xdd,
    0x07, 0x0f, 0x0f, 0x0f, 0x0f, 0x07, 0xdd, 0x07, 0x0f, 0x05, 0x01, 0x0e, 0x0f, 0x03, 0xb8, 0x07,
    0x0f, 0x05, 0x00, 0x04, 0x0f, 0x0d, 0x01, 0x22, 0x07, 0x0f, 0x05, 0x51, 0x08, 0x0f, 0x0b, 0x22,
    0x07, 0x0f, 0x05, 0x38, 0x0c, 0x0f, 0x07, 0xc2, 0x07, 0x0f, 0x05, 0x38, 0x02, 0x0e, 0x0f, 0x04,
    0x10, 0x0c, 0x38, 0x7e, 0x02, 0x0f, 0x0f, 0x0f, 0x0f, 0x0f, 0x0f, 0x0f, 0x22, 0x03, 0x0f, 0x0c,
    0x07, 0x07, 0x07, 0x0d, 0x0f, 0x22, 0x03, 0x0f, 0x09, 0x38, 0x0c, 0x0f, 0x22, 0x04, 0x0f, 0x08,
    0x38, 0x0c, 0x0f, 0x22, 0x04, 0x0f, 0x07, 0x38, 0x0c, 0x0f, 0x22, 0x05, 0x0f, 0x06, 0x38, 0x0c,
    0x0f, 0x22, 0x06, 0x0f, 0x05, 0x38, 0x0c, 0x0f, 0x22, 0x09, 0x0f, 0x03, 0x38, 0x0c, 0x0f, 0x22,
    0x0d, 0x0e, 0x37, 0x0c, 0x0f, 0x55, 0x05, 0x0c, 0x0f, 0x09, 0x37, 0x0c, 0x0f, 0x55, 0x08, 0x0e,
    0x0a, 0x01, 0x37, 0x0c, 0x0f, 0x10, 0x0f, 0x51, 0x7e, 0x07, 0x0f, 0x0f, 0x02, 0x18, 0x03, 0x0f,
    0x0f, 0x05, 0x41, 0x07, 0x0f, 0x0f, 0x08, 0x18, 0x09, 0x0f, 0x0f, 0x05, 0x41, 0x07, 0x0f, 0x0f,
    0x0e, 0x37, 0x01, 0x0e, 0x0f, 0x0f, 0x05, 0x41, 0x07, 0x0f, 0x0b, 0x0f, 0x05, 0x38, 0x07, 0x0f,
    0x0c, 0x0f, 0x05, 0x41, 0x07, 0x0f, 0x06, 0x0e, 0x0c, 0x38, 0x0d, 0x0d, 0x08, 0x0f, 0x05, 0x41,
    0x07, 0x0f, 0x05, 0x08, 0x0f, 0x03, 0x00, 0x04, 0x0f, 0x07, 0x08, 0x0f, 0x05, 0x41, 0x07, 0x0f,
    0x05, 0x02, 0x0f, 0x09, 0x00, 0x0b, 0x0e, 0x01, 0x08, 0x0f, 0x05, 0x41, 0x07, 0x0f, 0x05, 0x00,
    0x0a, 0x0e, 0x03, 0x0f, 0x09, 0x00, 0x08, 0x0f, 0x05, 0x41, 0x07, 0x0f, 0x05, 0x00, 0x04, 0x0f,
    0x0d, 0x0f, 0x02, 0x00, 0x08, 0x0f, 0x05, 0x41, 0x07, 0x0f, 0x05, 0x51, 0x0c, 0x0f, 0x0b, 0x51,
    0x08, 0x0f, 0x05, 0x41, 0x07, 0x0f, 0x05, 0x51, 0x06, 0x0f, 0x04, 0x51, 0x08, 0x0f, 0x05, 0x10,
    0x0c, 0x51, 0x7e, 0x07, 0x0f, 0x05, 0x37, 0x0c, 0x0f, 0xc2, 0x07, 0x0f, 0x05, 0x37, 0x0c, 0x0f,
    0xc2, 0x07, 0x0f, 0x05, 0x37, 0x0c, 0x0f, 0xc2, 0x07, 0x0f, 0x05, 0x37, 0x0c, 0x0f, 0xc2, 0x07,
    0x0f, 0x0a, 0x07, 0x07, 0x07, 0x07, 0x0e, 0x0f, 0xc2, 0x07, 0x0f, 0x0f, 0x0f, 0x0f, 0x0f, 0x0f,
    0x0f, 0x0f, 0xc2, 0x07, 0x0f, 0x05, 0x37, 0x0c, 0x0f, 0xc2, 0x07, 0x0f, 0x05, 0x37, 0x0c, 0x0f,
    0xc2, 0x07, 0x0f, 0x05, 0x37, 0x0c, 0x0f, 0xc2, 0x07, 0x0f, 0x05, 0x37, 0x0c, 0x0f, 0xc2, 0x07,
    0x0f, 0x05, 0x37, 0x0c, 0x0f, 0x10, 0x0b, 0x37, 0x7e, 0x07, 0x0d, 0x0f, 0x0e, 0x0a, 0x02, 0xb8,
    0x0b, 0x0f, 0x0c, 0x08, 0x09, 0x0f, 0x0e, 0x03, 0xc2, 0x06, 0x0f, 0x09, 0x38, 0x04, 0x0f, 0x0d,
    0xc2, 0x0d, 0x0f, 0x01, 0x37, 0x0a, 0x0f, 0x04, 0x2c, 0x01, 0x0f, 0x0c, 0x18, 0x06, 0x0f, 0x07,
    0x2c, 0x01, 0x0f, 0x0b, 0x18, 0x05, 0x0f, 0x08, 0x2c, 0x01, 0x0f, 0x0c, 0x18, 0x06, 0x0f, 0x07,
    0x55, 0x0d, 0x0f, 0x01, 0x37, 0x09, 0x0f, 0x04, 0x55, 0x07, 0x0f, 0x09, 0x38, 0x03, 0x0f, 0x0d,
    0x22, 0x0b, 0x0f, 0x0c, 0x08, 0x09, 0x0f, 0x0e, 0x03, 0xb8, 0x07, 0x0d, 0x0f, 0x0e, 0x0a, 0x02,
    0x10, 0x0c, 0x51, 0x7e, 0x07, 0x0f, 0x0f, 0x0f, 0x0f, 0x0f, 0x0f, 0x0f, 0x0f, 0xc2, 0x07, 0x0f,
    0x0a, 0x07, 0x07, 0x07, 0x07, 0x0e, 0x0f, 0xc2, 0x07, 0x0f, 0x05, 0x37, 0x0c, 0x0f, 0xc2, 0x07,
    0x0f, 0x05, 0x37, 0x0c, 0x0f, 0xc2, 0x07, 0x0f, 0x05, 0x37, 0x0c, 0x0f, 0xc2, 0x07, 0x0f, 0x05,
    0x37, 0x0c, 0x0f, 0xc2, 0x07, 0x0f, 0x05, 0x37, 0x0c, 0x0f, 0xc2, 0x07, 0x0f, 0x05, 0x37, 0x0c,
    0x0f, 0xc2, 0x07, 0x0f, 0x05, 0x37, 0x0c, 0x0f, 0xc2, 0x07, 0x0f, 0x05, 0x37, 0x0c, 0x0f, 0xc2,
    0x07, 0x0f, 0x05, 0x37, 0x0c, 0x0f, 0x10, 0x0b, 0x51, 0x7e, 0x09, 0x0f, 0x03, 0x0a, 0x0e, 0x0f,
    0x0c, 0x04, 0x22, 0x09, 0x0f, 0x0e, 0x0c, 0x08, 0x0a, 0x0f, 0x0f, 0x04, 0xc2, 0x09, 0x0f, 0x08,
    0x38, 0x05, 0x0f, 0x0c, 0xc2, 0x09, 0x0f, 0x03, 0x37, 0x0c, 0x0f, 0x01, 0x55, 0x09, 0x0f, 0x03,
    0x37, 0x09, 0x0f, 0x04, 0x55, 0x09, 0x0f, 0x03, 0x37, 0x08, 0x0f, 0x04, 0x55, 0x09, 0x0f, 0x03,
    0x37, 0x09, 0x0f, 0x04, 0x55, 0x09, 0x0f, 0x03, 0x37, 0x0c, 0x0f, 0x01, 0x55, 0x09, 0x0f, 0x08,
    0x38, 0x05, 0x0f, 0x0b, 0xc2, 0x09, 0x0f, 0x0f, 0x0b, 0x08, 0x0a, 0x0f, 0x0f, 0x03, 0xc2, 0x09,
    0x0f, 0x05, 0x0a, 0x0e, 0x0f, 0x0c, 0x04, 0x22, 0x09, 0x0f, 0x03, 0xdf, 0x09, 0x0f, 0x03, 0xdf,
    0x09, 0x0f, 0x03, 0xdf, 0x09, 0x0f, 0x03, 0x10, 0x0a, 0x38, 0x7e, 0x01, 0x08, 0x0d, 0x0f, 0x0e,
    0x09, 0x01, 0x22, 0x01, 0x0c, 0x0f, 0x0b, 0x08, 0x0a, 0x0f, 0x0d, 0x01, 0xc2, 0x07, 0x0f, 0x08,
    0x38, 0x06, 0x0f, 0x08, 0xc2, 0x0d, 0x0e, 0x01, 0x37, 0x0c, 0x0a, 0x55, 0x01, 0x0f, 0x0c, 0xdf,
    0x01, 0x0f, 0x0b, 0xdf, 0x01, 0x0f, 0x0c, 0x1a, 0x0d, 0x0e, 0x18, 0x08, 0x06, 0xc2, 0x07, 0x0f,
    0x07, 0x38, 0x05, 0x0f, 0x08, 0xc2, 0x01, 0x0c, 0x0f, 0x0b, 0x08, 0x0a, 0x0f, 0x0d, 0x01, 0x22,
    0x01, 0x08, 0x0d, 0x0f, 0x0e, 0x09, 0x01, 0x10, 0x0a, 0x00, 0x7e, 0x09, 0x0f, 0x0f, 0x0f, 0x0f,
    0x0f, 0x0f, 0x0f, 0x0f, 0x04, 0x55, 0x04, 0x07, 0x07, 0x08, 0x0f, 0x0d, 0x07, 0x07, 0x07, 0x02,
    0xb8, 0x02, 0x0f, 0x0a, 0xdf, 0x02, 0x0f, 0x0a, 0xdf, 0x02, 0x0f, 0x0a, 0xdf, 0x02, 0x0f, 0x0a,
    0xdf, 0x02, 0x0f, 0x0a, 0xdf, 0x02, 0x0f, 0x0a, 0xdf, 0x02, 0x0f, 0x0a, 0xdf, 0x02, 0x0f, 0x0a,
    0xdf, 0x02, 0x0f, 0x0a, 0x10, 0x09, 0x00, 0x7e, 0x09, 0x0f, 0x05, 0x37, 0x0d, 0x0f, 0x01, 0x55,
    0x04, 0x0f, 0x0a, 0x38, 0x03, 0x0f, 0x0b, 0x22, 0x0d, 0x0f, 0x01, 0x51, 0x07, 0x0f, 0x05, 0x22,
    0x08, 0x0f, 0x05, 0x51, 0x0c, 0x0f, 0x01, 0x22, 0x03, 0x0f, 0x0a, 0x00, 0x02, 0x0f, 0x0a, 0xdd,
    0x0c, 0x0f, 0x01, 0x06, 0x0f, 0x05, 0xdd, 0x07, 0x0f, 0x05, 0x0b, 0x0e, 0x01, 0xdd, 0x02, 0x0f,
    0x0b, 0x0f, 0x0a, 0x00, 0x28, 0x0b, 0x0f, 0x0f, 0x04, 0x00, 0x28, 0x06, 0x0f, 0x0e, 0xdf, 0x02,
    0x0f, 0x09, 0xdf, 0x05, 0x0f, 0x04, 0xdf, 0x0c, 0x0d, 0x28, 0x02, 0x09, 0x0d, 0x0f, 0x06, 0x28,
    0x02, 0x0e, 0x0e, 0x07, 0x10, 0x0f, 0x65, 0x0b, 0x0f, 0x01, 0xdf, 0x0b, 0x0f, 0x01, 0xdf, 0x0b,
    0x0f, 0x01, 0xdf, 0x0b, 0x0f, 0x01, 0xb8, 0x02, 0x0b, 0x0f, 0x0e, 0x0e, 0x0f, 0x0d, 0x0f, 0x0d,
    0x07, 0x2c, 0x01, 0x0d, 0x0f, 0x0a, 0x08, 0x0d, 0x0f, 0x09, 0x08, 0x0d, 0x0f, 0x07, 0x19, 0x07,
    0x0f, 0x08, 0x51, 0x0b, 0x0f, 0x01, 0x00, 0x02, 0x0e, 0x0e, 0x01, 0x41, 0x0c, 0x0f, 0x01, 0x51,
    0x0b, 0x0f, 0x02, 0x51, 0x09, 0x0f, 0x04, 0x41, 0x0e, 0x0d, 0x38, 0x0b, 0x0f, 0x02, 0x51, 0x06,
    0x0f, 0x07, 0x41, 0x0f, 0x0c, 0x38, 0x0b, 0x0f, 0x02, 0x51, 0x04, 0x0f, 0x08, 0x41, 0x0f, 0x0d,
    0x38, 0x0b, 0x0f, 0x02, 0x51, 0x05, 0x0f, 0x07, 0x41, 0x0d, 0x0f, 0x38, 0x0b, 0x0f, 0x02, 0x51,
    0x07, 0x0f, 0x06, 0x41, 0x09, 0x0f, 0x06, 0x51, 0x0b, 0x0f, 0x01, 0x00, 0x01, 0x0d, 0x0f, 0x01,
    0x41, 0x02, 0x0e, 0x0f, 0x09, 0x08, 0x0e, 0x0f, 0x09, 0x08, 0x0d, 0x0f, 0x09, 0x2c, 0x03, 0x0b,
    0x0f, 0x0e, 0x0e, 0x0f, 0x0d, 0x0f, 0x0e, 0x08, 0xdd, 0x0b, 0x0f, 0x01, 0xdf, 0x0b, 0x0f, 0x01,
    0xdf, 0x0b, 0x0f, 0x01, 0xdf, 0x0b, 0x0f, 0x01, 0x10, 0x0a, 0x00, 0x7e, 0x03, 0x0f, 0x0d, 0x38,
    0x01, 0x0e, 0x0e, 0x02, 0xc2, 0x08, 0x0f, 0x07, 0x51, 0x09, 0x0f, 0x06, 0x22, 0x01, 0x0d, 0x0e,
    0x01, 0x03, 0x0f, 0x0c, 0xdd, 0x04, 0x0f, 0x09, 0x0c, 0x0f, 0x03, 0x28, 0x09, 0x0f, 0x0f, 0x08,
    0x00, 0x28, 0x03, 0x0f, 0x0f, 0x01, 0x00, 0x28, 0x0b, 0x0f, 0x0f, 0x09, 0x28, 0x05, 0x0f, 0x09,
    0x0a, 0x0f, 0x04, 0xb8, 0x01, 0x0e, 0x0e, 0x01, 0x02, 0x0e, 0x0d, 0xb8, 0x0a, 0x0f, 0x06, 0x51,
    0x07, 0x0f, 0x08, 0xc2, 0x04, 0x0f, 0x0c, 0x38, 0x01, 0x0d, 0x0f, 0x03, 0x10, 0x0c, 0x51, 0x7e,
    0x07, 0x0f, 0x05, 0x37, 0x0c, 0x0f, 0xc2, 0x07, 0x0f, 0x05, 0x37, 0x0c, 0x0f, 0xc2, 0x07, 0x0f,
    0x05, 0x37, 0x0c, 0x0f, 0xc2, 0x07, 0x0f, 0x05, 0x37, 0x0c, 0x0f, 0xc2, 0x07, 0x0f, 0x05, 0x37,
    0x0c, 0x0f, 0xc2, 0x07, 0x0f, 0x05, 0x37, 0x0c, 0x0f, 0xc2, 0x07, 0x0f, 0x05, 0x37, 0x0c, 0x0f,
    0xc2, 0x07, 0x0f, 0x05, 0x37, 0x0c, 0x0f, 0xc2, 0x07, 0x0f, 0x05, 0x37, 0x0c, 0x0f, 0xc2, 0x07,
    0x0f, 0x0a, 0x07, 0x07, 0x07, 0x07, 0x0e, 0x0f, 0x07, 0x02, 0x2c, 0x07, 0x0f, 0x0f, 0x0f, 0x0f,
    0x0f, 0x0f, 0x0f, 0x0f, 0x0f, 0x03, 0xdf, 0x08, 0x0f, 0x03, 0xdf, 0x08, 0x0f, 0x02, 0xdf, 0x08,
    0x0f, 0x02, 0x10, 0x0b, 0x51, 0x7e, 0x0f, 0x0c, 0x37, 0x07, 0x0f, 0x05, 0xc2, 0x0f, 0x0c, 0x37,
    0x07, 0x0f, 0x05, 0xc2, 0x0f, 0x0c, 0x37, 0x07, 0x0f, 0x05, 0xc2, 0x0e, 0x0d, 0x37, 0x07, 0x0f,
    0x05, 0xc2, 0x0c, 0x0f, 0x02, 0x38, 0x07, 0x0f, 0x05, 0xc2, 0x05, 0x0f, 0x0e, 0x09, 0x08, 0x09,
    0x0d, 0x0f, 0x05, 0x22, 0x05, 0x0c, 0x0e, 0x0f, 0x0d, 0x0d, 0x0f, 0x05, 0xdf, 0x07, 0x0f, 0x05,
    0xdf, 0x07, 0x0f, 0x05, 0xdf, 0x07, 0x0f, 0x05, 0xdf, 0x07, 0x0f, 0x05, 0x10, 0x10, 0x51, 0x7e,
    0x07, 0x0f, 0x05, 0x38, 0x0c, 0x0f, 0x38, 0x02, 0x0f, 0x0a, 0x66, 0x07, 0x0f, 0x05, 0x38, 0x0c,
    0x0f, 0x38, 0x02, 0x0f, 0x0a, 0x66, 0x07, 0x0f, 0x05, 0x38, 0x0c, 0x0f, 0x38, 0x02, 0x0f, 0x0a,
    0x66, 0x07, 0x0f, 0x05, 0x38, 0x0c, 0x0f, 0x38, 0x02, 0x0f, 0x0a, 0x66, 0x07, 0x0f, 0x05, 0x38,
    0x0c, 0x0f, 0x38, 0x02, 0x0f, 0x0a, 0x66, 0x07, 0x0f, 0x05, 0x38, 0x0c, 0x0f, 0x38, 0x02, 0x0f,
    0x0a, 0x66, 0x07, 0x0f, 0x05, 0x38, 0x0c, 0x0f, 0x38, 0x02, 0x0f, 0x0a, 0x66, 0x07, 0x0f, 0x05,
    0x38, 0x0c, 0x0f, 0x38, 0x02, 0x0f, 0x0a, 0x66, 0x07, 0x0f, 0x05, 0x38, 0x0c, 0x0f, 0x38, 0x02,
    0x0f, 0x0a, 0x66, 0x07, 0x0f, 0x0a, 0x07, 0x07, 0x07, 0x0d, 0x0f, 0x08, 0x07, 0x07, 0x08, 0x0f,
    0x0a, 0x66, 0x07, 0x0f, 0x0f, 0x0f, 0x0f, 0x0f, 0x0f, 0x0f, 0x0f, 0x0f, 0x0f, 0x0f, 0x0f, 0x0a,
    0x10, 0x11, 0x51, 0x7e, 0x09, 0x0f, 0x04, 0x38, 0x0e, 0x0e, 0x38, 0x03, 0x0f, 0x09, 0x66, 0x09,
    0x0f, 0x04, 0x38, 0x0e, 0x0e, 0x38, 0x03, 0x0f, 0x09, 0x66, 0x09, 0x0f, 0x04, 0x38, 0x0e, 0x0e,
    0x38, 0x03, 0x0f, 0x09, 0x66, 0x09, 0x0f, 0x04, 0x38, 0x0e, 0x0e, 0x38, 0x03, 0x0f, 0x09, 0x66,
    0x09, 0x0f, 0x04, 0x38, 0x0e, 0x0e, 0x38, 0x03, 0x0f, 0x09, 0x66, 0x09, 0x0f, 0x04, 0x38, 0x0e,
    0x0e, 0x38, 0x03, 0x0f, 0x09, 0x66, 0x09, 0x0f, 0x04, 0x38, 0x0e, 0x0e, 0x38, 0x03, 0x0f, 0x09,
    0x66, 0x09, 0x0f, 0x04, 0x38, 0x0e, 0x0e, 0x38, 0x03, 0x0f, 0x09, 0x66, 0x09, 0x0f, 0x04, 0x38,
    0x0e, 0x0e, 0x38, 0x03, 0x0f, 0x09, 0x66, 0x09, 0x0f, 0x09, 0x07, 0x07, 0x07, 0x0e, 0x0e, 0x07,
    0x07, 0x07, 0x09, 0x0f, 0x0c, 0x07, 0x00, 0x3f, 0x09, 0x0f, 0x0f, 0x0f, 0x0f, 0x0f, 0x0f, 0x0f,
    0x0f, 0x0f, 0x0f, 0x0f, 0x0f, 0x0f, 0x0f, 0x1a, 0x0b, 0x0f, 0x1a, 0x0b, 0x0e, 0x1a, 0x0b, 0x0e,
    0x10, 0x0c, 0x00, 0x7e, 0x0b, 0x0f, 0x0f, 0x0f, 0x0f, 0x04, 0xdd, 0x05, 0x07, 0x07, 0x0c, 0x0f,
    0x04, 0xdf, 0x09, 0x0f, 0x04, 0xdf, 0x09, 0x0f, 0x04, 0xdf, 0x09, 0x0f, 0x0f, 0x0f, 0x0f, 0x0e,
    0x0c, 0x04, 0x22, 0x09, 0x0f, 0x09, 0x07, 0x07, 0x08, 0x0e, 0x0f, 0x04, 0xc2, 0x09, 0x0f, 0x04,
    0x38, 0x03, 0x0f, 0x0b, 0xc2, 0x09, 0x0f, 0x04, 0x37, 0x0f, 0x0d, 0xc2, 0x09, 0x0f, 0x04, 0x38,
    0x03, 0x0f, 0x0b, 0xc2, 0x09, 0x0f, 0x09, 0x07, 0x07, 0x08, 0x0e, 0x0f, 0x04, 0xc2, 0x09, 0x0f,
    0x0f, 0x0f, 0x0f, 0x0f, 0x0b, 0x04, 0x10, 0x10, 0x51, 0x7e, 0x07, 0x0f, 0x05, 0x4c, 0x01, 0x0f,
    0x0b, 0x41, 0x07, 0x0f, 0x05, 0x4c, 0x01, 0x0f, 0x0b, 0x41, 0x07, 0x0f, 0x05, 0x4c, 0x01, 0x0f,
    0x0b, 0x41, 0x07, 0x0f, 0x05, 0x4c, 0x01, 0x0f, 0x0b, 0x41, 0x07, 0x0f, 0x0f, 0x0f, 0x0f, 0x0f,
    0x0c, 0x05, 0x51, 0x01, 0x0f, 0x0b, 0x41, 0x07, 0x0f, 0x0a, 0x07, 0x07, 0x08, 0x0d, 0x0f, 0x06,
    0x00, 0x01, 0x0f, 0x0b, 0x41, 0x07, 0x0f, 0x05, 0x38, 0x02, 0x0f, 0x0d, 0x00, 0x01, 0x0f, 0x0b,
    0x41, 0x07, 0x0f, 0x05, 0x37, 0x0d, 0x0f, 0x00, 0x01, 0x0f, 0x0b, 0x41, 0x07, 0x0f, 0x05, 0x38,
    0x02, 0x0f, 0x0c, 0x00, 0x01, 0x0f, 0x0b, 0x41, 0x07, 0x0f, 0x0a, 0x07, 0x07, 0x08, 0x0d, 0x0f,
    0x05, 0x00, 0x01, 0x0f, 0x0b, 0x41, 0x07, 0x0f, 0x0f, 0x0f, 0x0f, 0x0f, 0x0c, 0x05, 0x51, 0x01,
    0x0f, 0x0b, 0x10, 0x0b, 0x51, 0x7e, 0x07, 0x0f, 0x05, 0xdf, 0x07, 0x0f, 0x05, 0xdf, 0x07, 0x0f,
    0x05, 0xdf, 0x07, 0x0f, 0x05, 0xdf, 0x07, 0x0f, 0x0f, 0x0f, 0x0f, 0x0f, 0x0c, 0x05, 0x22, 0x07,
    0x0f, 0x0a, 0x07, 0x07, 0x08, 0x0d, 0x0f, 0x06, 0xc2, 0x07, 0x0f, 0x05, 0x38, 0x02, 0x0f, 0x0d,
    0xc2, 0x07, 0x0f, 0x05, 0x37, 0x0d, 0x0f, 0xc2, 0x07, 0x0f, 0x05, 0x38, 0x02, 0x0f, 0x0c, 0xc2,
    0x07, 0x0f, 0x0a, 0x07, 0x07, 0x08, 0x0d, 0x0f, 0x05, 0xc2, 0x07, 0x0f, 0x0f, 0x0f, 0x0f, 0x0f,
    0x0c, 0x05, 0x10, 0x0b, 0x38, 0x7e, 0x02, 0x0a, 0x0e, 0x0f, 0x0c, 0x05, 0xb8, 0x02, 0x0d, 0x0f,
    0x09, 0x08, 0x0d, 0x0f, 0x06, 0x22, 0x0a, 0x0f, 0x04, 0x51, 0x01, 0x0d, 0x0f, 0x02, 0xc2, 0x0e,
    0x0c, 0x37, 0x06, 0x0f, 0x07, 0xb8, 0x01, 0x07, 0x07, 0x07, 0x09, 0x0f, 0x0a, 0xb8, 0x02, 0x0f,
    0x0f, 0x0f, 0x0f, 0x0f, 0x0b, 0xdf, 0x03, 0x0f, 0x0a, 0xc2, 0x0f, 0x0c, 0x37, 0x06, 0x0f, 0x07,
    0xc2, 0x0b, 0x0f, 0x03, 0x51, 0x01, 0x0d, 0x0e, 0x01, 0xc2, 0x03, 0x0e, 0x0e, 0x09, 0x08, 0x0d,
    0x0f, 0x06, 0xb8, 0x03, 0x0b, 0x0e, 0x0f, 0x0c, 0x05, 0x10, 0x10, 0x51, 0x7e, 0x07, 0x0f, 0x05,
    0x37, 0x07, 0x0d, 0x0f, 0x0e, 0x0a, 0x02, 0x41, 0x07, 0x0f, 0x05, 0x38, 0x0b, 0x0f, 0x0b, 0x08,
    0x09, 0x0f, 0x0e, 0x03, 0x66, 0x07, 0x0f, 0x05, 0x51, 0x07, 0x0f, 0x09, 0x38, 0x04, 0x0f, 0x0c,
    0x66, 0x07, 0x0f, 0x05, 0x51, 0x0d, 0x0e, 0x01, 0x37, 0x0a, 0x0f, 0x03, 0x00, 0x3f, 0x07, 0x0f,
    0x0a, 0x07, 0x08, 0x0f, 0x0b, 0x18, 0x06, 0x0f, 0x06, 0x00, 0x3f, 0x07, 0x0f, 0x0f, 0x0f, 0x0f,
    0x0f, 0x0a, 0x18, 0x05, 0x0f, 0x07, 0x00, 0x3f, 0x07, 0x0f, 0x05, 0x00, 0x01, 0x0f, 0x0b, 0x18,
    0x06, 0x0f, 0x06, 0x00, 0x3f, 0x07, 0x0f, 0x05, 0x51, 0x0d, 0x0e, 0x01, 0x37, 0x0a, 0x0f, 0x03,
    0x00, 0x3f, 0x07, 0x0f, 0x05, 0x51, 0x07, 0x0f, 0x09, 0x38, 0x04, 0x0f, 0x0c, 0x66, 0x07, 0x0f,
    0x05, 0x38, 0x0b, 0x0f, 0x0c, 0x08, 0x09, 0x0f, 0x0e, 0x03, 0x66, 0x07, 0x0f, 0x05, 0x37, 0x07,
    0x0d, 0x0f, 0x0e, 0x0a, 0x02, 0x10, 0x0b, 0x38, 0x7e, 0x05, 0x0c, 0x0f, 0x0f, 0x0f, 0x0f, 0x0f,
    0x07, 0xc2, 0x05, 0x0f, 0x0d, 0x08, 0x07, 0x07, 0x0a, 0x0f, 0x07, 0xc2, 0x0d, 0x0f, 0x02, 0x38,
    0x05, 0x0f, 0x07, 0xc2, 0x0f, 0x0d, 0x37, 0x05, 0x0f, 0x07, 0xc2, 0x0d, 0x0f, 0x02, 0x38, 0x05,
    0x0f, 0x07, 0xc2, 0x06, 0x0f, 0x0d, 0x08, 0x07, 0x07, 0x0a, 0x0f, 0x07, 0x22, 0x05, 0x0f, 0x0f,
    0x0f, 0x0f, 0x0f, 0x0f, 0x07, 0x22, 0x06, 0x0f, 0x09, 0x51, 0x05, 0x0f, 0x07, 0xc2, 0x01, 0x0e,
    0x0e, 0x01, 0x51, 0x05, 0x0f, 0x07, 0xc2, 0x09, 0x0f, 0x05, 0x38, 0x05, 0x0f, 0x07, 0x55, 0x04,
    0x0f, 0x0b, 0x37, 0x05, 0x0f, 0x07, 0x10, 0x0b, 0x00, 0xa4, 0x02, 0x08, 0x07, 0x1a, 0x09, 0x0f,
    0x06, 0x1a, 0x0b, 0x0e, 0x01, 0xdf, 0x01, 0x07, 0x04, 0xcb, 0x07, 0x0d, 0x0f, 0x0e, 0x09, 0x01,
    0xb8, 0x0a, 0x0f, 0x0b, 0x08, 0x0a, 0x0f, 0x0c, 0x22, 0x06, 0x0f, 0x08, 0x38, 0x08, 0x0f, 0x06,
    0xc2, 0x0c, 0x0f, 0x01, 0x38, 0x01, 0x0f, 0x0a, 0x55, 0x01, 0x0f, 0x0e, 0x07, 0x07, 0x07, 0x07,
    0x07, 0x0f, 0x0d, 0x55, 0x01, 0x0f, 0x0f, 0x0f, 0x0f, 0x0f, 0x0f, 0x0f, 0x0f, 0x0d, 0x55, 0x01,
    0x0f, 0x0c, 0x1a, 0x0d, 0x0f, 0x01, 0xdf, 0x07, 0x0f, 0x09, 0x38, 0x01, 0x0a, 0x04, 0x22, 0x0c,
    0x0f, 0x0c, 0x08, 0x08, 0x0d, 0x0f, 0x04, 0xb8, 0x07, 0x0d, 0x0f, 0x0e, 0x0b, 0x03, 0x10, 0x0b,
    0x52, 0x4a, 0x06, 0x06, 0x51, 0x04, 0x08, 0x01, 0xb8, 0x0f, 0x0f, 0x01, 0x00, 0x0b, 0x0f, 0x04,
    0xb8, 0x05, 0x06, 0x51, 0x03, 0x07, 0x51, 0xd2, 0x07, 0x0d, 0x0f, 0x0e, 0x09, 0x01, 0xb8, 0x0a,
    0x0f, 0x0b, 0x08, 0x0a, 0x0f, 0x0c, 0x22, 0x06, 0x0f, 0x08, 0x38, 0x08, 0x0f, 0x06, 0xc2, 0x0c,
    0x0f, 0x01, 0x38, 0x01, 0x0f, 0x0a, 0x55, 0x01, 0x0f, 0x0e, 0x07, 0x07, 0x07, 0x07, 0x07, 0x0f,
    0x0d, 0x55, 0x01, 0x0f, 0x0f, 0x0f, 0x0f, 0x0f, 0x0f, 0x0f, 0x0f, 0x0d, 0x55, 0x01, 0x0f, 0x0c,
    0x1a, 0x0d, 0x0f, 0x01, 0xdf, 0x07, 0x0f, 0x09, 0x38, 0x01, 0x0a, 0x04, 0x22, 0x0c, 0x0f, 0x0c,
    0x08, 0x08, 0x0d, 0x0f, 0x04, 0xb8, 0x07, 0x0d, 0x0f, 0x0e, 0x0b, 0x03, 0x10, 0x0b, 0x4c, 0x4a,
    0x09, 0x0f, 0x03, 0x28, 0x02, 0x07, 0x0c, 0x0f, 0x09, 0x07, 0x07, 0xb8, 0x04, 0x0f, 0x0f, 0x0f,
    0x0f, 0x0f, 0x0f, 0x28, 0x09, 0x0f, 0x03, 0xdf, 0x09, 0x0f, 0x04, 0x09, 0x0e, 0x0f, 0x0c, 0x05,
    0x22, 0x09, 0x0f, 0x0e, 0x0d, 0x09, 0x0a, 0x0f, 0x0f, 0x03, 0xc2, 0x09, 0x0f, 0x0a, 0x38, 0x06,
    0x0f, 0x08, 0xc2, 0x09, 0x0f, 0x03, 0x38, 0x02, 0x0f, 0x0a, 0xc2, 0x09, 0x0f, 0x03, 0x38, 0x02,
    0x0f, 0x0a, 0xc2, 0x09, 0x0f, 0x03, 0x38, 0x02, 0x0f, 0x0a, 0xc2, 0x09, 0x0f, 0x03, 0x38, 0x03,
    0x0f, 0x0b, 0xc2, 0x09, 0x0f, 0x03, 0x38, 0x04, 0x0f, 0x0b, 0xc2, 0x09, 0x0f, 0x03, 0x38, 0x04,
    0x0f, 0x0b, 0xc2, 0x09, 0x0f, 0x03, 0x38, 0x04, 0x0f, 0x0b, 0xc2, 0x09, 0x0f, 0x03, 0x38, 0x03,
    0x0f, 0x0b, 0xdf, 0x02, 0x0f, 0x0a, 0xdf, 0x04, 0x0f, 0x09, 0x28, 0x04, 0x08, 0x0d, 0x0f, 0x04,
    0x28, 0x07, 0x0f, 0x0d, 0x06, 0x10, 0x08, 0x37, 0xa4, 0x04, 0x04, 0x01, 0x00, 0x28, 0x06, 0x0f,
    0x09, 0x00, 0x28, 0x01, 0x0e, 0x0b, 0xdf, 0x06, 0x0a, 0x01, 0x51, 0xd2, 0x07, 0x0f, 0x0f, 0x0f,
    0x0f, 0x0f, 0x0f, 0x03, 0x22, 0x07, 0x0f, 0x0a, 0x07, 0x07, 0x07, 0x07, 0x01, 0x22, 0x07, 0x0f,
    0x05, 0xdf, 0x07, 0x0f, 0x05, 0xdf, 0x07, 0x0f, 0x05, 0xdf, 0x07, 0x0f, 0x05, 0xdf, 0x07, 0x0f,
    0x05, 0xdf, 0x07, 0x0f, 0x05, 0xdf, 0x07, 0x0f, 0x05, 0xdf, 0x07, 0x0f, 0x05, 0xdf, 0x07, 0x0f,
    0x05, 0x10, 0x0b, 0x37, 0x7e, 0x07, 0x0d, 0x0f, 0x0e, 0x0a, 0x02, 0xb8, 0x0b, 0x0f, 0x0b, 0x08,
    0x09, 0x0f, 0x0e, 0x02, 0xc2, 0x06, 0x0f, 0x09, 0x38, 0x05, 0x0f, 0x09, 0xc2, 0x0c, 0x0f, 0x01,
    0x37, 0x0b, 0x0b, 0xc2, 0x0e, 0x0e, 0x07, 0x07, 0x07, 0x06, 0xdd, 0x0f, 0x0f, 0x0f, 0x0f, 0x0f,
    0x0c, 0xdd, 0x0e, 0x0d, 0x1a, 0x0c, 0x0f, 0x01, 0x37, 0x07, 0x07, 0xc2, 0x06, 0x0f, 0x09, 0x38,
    0x04, 0x0f, 0x0a, 0x22, 0x0b, 0x0f, 0x0b, 0x08, 0x09, 0x0f, 0x0d, 0x02, 0xb8, 0x07, 0x0d, 0x0f,
    0x0e, 0x09, 0x02, 0x10, 0x0a, 0x38, 0x7e, 0x03, 0x0b, 0x0e, 0x0f, 0x0d, 0x07, 0xb8, 0x03, 0x0e,
    0x0e, 0x09, 0x08, 0x0c, 0x0f, 0x09, 0x22, 0x09, 0x0f, 0x04, 0x38, 0x0c, 0x0f, 0x02, 0xc2, 0x0a,
    0x0f, 0x04, 0x38, 0x03, 0x04, 0x01, 0xc2, 0x04, 0x0f, 0x0e, 0x09, 0x05, 0x01, 0x28, 0x03, 0x0a,
    0x0f, 0x0f, 0x0f, 0x0a, 0x02, 0x28, 0x01, 0x04, 0x09, 0x0f, 0x0e, 0x01, 0xc2, 0x07, 0x06, 0x37,
    0x09, 0x0f, 0x05, 0xc2, 0x0d, 0x0e, 0x02, 0x38, 0x09, 0x0f, 0x04, 0xc2, 0x05, 0x0f, 0x0e, 0x09,
    0x08, 0x0b, 0x0f, 0x0c, 0xb8, 0x04, 0x0b, 0x0e, 0x0f, 0x0d, 0x08, 0x01, 0x10, 0x05, 0x4c, 0x4a,
    0x07, 0x0f, 0x05, 0xdf, 0x06, 0x0f, 0x05, 0xea, 0x07, 0x0f, 0x05, 0xdf, 0x07, 0x0f, 0x05, 0xdf,
    0x07, 0x0f, 0x05, 0xdf, 0x07, 0x0f, 0x05, 0xdf, 0x07, 0x0f, 0x05, 0xdf, 0x07, 0x0f, 0x05, 0xdf,
    0x07, 0x0f, 0x05, 0xdf, 0x07, 0x0f, 0x05, 0xdf, 0x07, 0x0f, 0x05, 0xdf, 0x07, 0x0f, 0x05, 0xdf,
    0x07, 0x0f, 0x05, 0x10, 0x05, 0x18, 0x4a, 0x09, 0x0a, 0x51, 0x07, 0x0b, 0x02, 0xb8, 0x0e, 0x0f,
    0x01, 0x00, 0x0b, 0x0f, 0x04, 0xb8, 0x02, 0x02, 0x51, 0x01, 0x03, 0xcb, 0x07, 0x0f, 0x05, 0xdf,
    0x07, 0x0f, 0x05, 0xdf, 0x07, 0x0f, 0x05, 0xdf, 0x07, 0x0f, 0x05, 0xdf, 0x07, 0x0f, 0x05, 0xdf,
    0x07, 0x0f, 0x05, 0xdf, 0x07, 0x0f, 0x05, 0xdf, 0x07, 0x0f, 0x05, 0xdf, 0x07, 0x0f, 0x05, 0xdf,
    0x07, 0x0f, 0x05, 0xdf, 0x07, 0x0f, 0x05, 0x10, 0x05, 0x00, 0xa4, 0x01, 0x1a, 0x09, 0x0f, 0x03,
    0xdf, 0x08, 0x0e, 0x03, 0xea, 0x09, 0x0f, 0x04, 0xdf, 0x09, 0x0f, 0x04, 0xdf, 0x09, 0x0f, 0x04,
    0xdf, 0x09, 0x0f, 0x04, 0xdf, 0x09, 0x0f, 0x04, 0xdf, 0x09, 0x0f, 0x04, 0xdf, 0x09, 0x0f, 0x04,
    0xdf, 0x09, 0x0f, 0x04, 0xdf, 0x09, 0x0f, 0x04, 0xdf, 0x09, 0x0f, 0x04, 0xdf, 0x09, 0x0f, 0x04,
    0xdf, 0x09, 0x0f, 0x04, 0xdf, 0x0a, 0x0f, 0x03, 0x28, 0x06, 0x09, 0x0f, 0x0e, 0x01, 0x28, 0x09,
    0x0f, 0x0d, 0x04, 0x10, 0x11, 0x38, 0x7e, 0x02, 0x0f, 0x0f, 0x0f, 0x0f, 0x0f, 0x0f, 0x0a, 0x22,
    0x03, 0x0f, 0x0c, 0x07, 0x07, 0x08, 0x0f, 0x0a, 0x22, 0x04, 0x0f, 0x08, 0x51, 0x02, 0x0f, 0x0a,
    0x22, 0x04, 0x0f, 0x07, 0x51, 0x02, 0x0f, 0x0a, 0x22, 0x05, 0x0f, 0x06, 0x51, 0x02, 0x0f, 0x0d,
    0x07, 0x07, 0x07, 0x06, 0x01, 0x41, 0x06, 0x0f, 0x06, 0x51, 0x02, 0x0f, 0x0f, 0x0f, 0x0f, 0x0f,
    0x0f, 0x0f, 0x05, 0x66, 0x07, 0x0f, 0x04, 0x51, 0x02, 0x0f, 0x0a, 0x38, 0x04, 0x0e, 0x0f, 0x01,
    0x00, 0x3f, 0x09, 0x0f, 0x02, 0x51, 0x02, 0x0f, 0x0a, 0x37, 0x08, 0x0f, 0x04, 0x3f, 0x01, 0x0e,
    0x0e, 0x38, 0x02, 0x0f, 0x0a, 0x37, 0x0b, 0x0f, 0x03, 0x4b, 0x06, 0x0d, 0x0f, 0x08, 0x38, 0x02,
    0x0f, 0x0c, 0x07, 0x07, 0x07, 0x0b, 0x0f, 0x0b, 0x3f, 0x09, 0x0e, 0x09, 0x01, 0x38, 0x02, 0x0f,
    0x0f, 0x0f, 0x0f, 0x0f, 0x0d, 0x08, 0x01, 0x10, 0x11, 0x51, 0x7e, 0x07, 0x0f, 0x05, 0x37, 0x0c,
    0x0f, 0xc2, 0x07, 0x0f, 0x05, 0x37, 0x0c, 0x0f, 0xc2, 0x07, 0x0f, 0x05, 0x37, 0x0c, 0x0f, 0xc2,
    0x07, 0x0f, 0x05, 0x37, 0x0c, 0x0f, 0xc2, 0x07, 0x0f, 0x0a, 0x07, 0x07, 0x07, 0x07, 0x0e, 0x0f,
    0x07, 0x07, 0x07, 0x06, 0x02, 0x66, 0x07, 0x0f, 0x0f, 0x0f, 0x0f, 0x0f, 0x0f, 0x0f, 0x0f, 0x0f,
    0x0f, 0x0f, 0x0f, 0x0f, 0x09, 0x00, 0x3f, 0x07, 0x0f, 0x05, 0x37, 0x0c, 0x0f, 0x01, 0x01, 0x01,
    0x02, 0x0b, 0x0f, 0x06, 0x3f, 0x07, 0x0f, 0x05, 0x37, 0x0c, 0x0f, 0x37, 0x04, 0x0f, 0x09, 0x3f,
    0x07, 0x0f, 0x05, 0x37, 0x0c, 0x0f, 0x37, 0x06, 0x0f, 0x08, 0x3f, 0x07, 0x0f, 0x05, 0x37, 0x0c,
    0x0f, 0x07, 0x07, 0x07, 0x09, 0x0f, 0x0e, 0x02, 0x3f, 0x07, 0x0f, 0x05, 0x37, 0x0c, 0x0f, 0x0f,
    0x0f, 0x0f, 0x0e, 0x0a, 0x03, 0x10, 0x0b, 0x4c, 0x4a, 0x09, 0x0f, 0x03, 0x00, 0x28, 0x07, 0x0c,
    0x0f, 0x09, 0x07, 0x07, 0x01, 0xb8, 0x0f, 0x0f, 0x0f, 0x0f, 0x0f, 0x0f, 0x03, 0xdd, 0x09, 0x0f,
    0x03, 0xdf, 0x09, 0x0f, 0x04, 0x09, 0x0e, 0x0f, 0x0c, 0x05, 0x22, 0x09, 0x0f, 0x0e, 0x0d, 0x09,
    0x0a, 0x0f, 0x0f, 0x03, 0xc2, 0x09, 0x0f, 0x0a, 0x38, 0x06, 0x0f, 0x08, 0xc2, 0x09, 0x0f, 0x03,
    0x38, 0x02, 0x0f, 0x0a, 0xc2, 0x09, 0x0f, 0x03, 0x38, 0x02, 0x0f, 0x0a, 0xc2, 0x09, 0x0f, 0x03,
    0x38, 0x02, 0x0f, 0x0a, 0xc2, 0x09, 0x0f, 0x03, 0x38, 0x02, 0x0f, 0x0a, 0xc2, 0x09, 0x0f, 0x03,
    0x38, 0x02, 0x0f, 0x0a, 0xc2, 0x09, 0x0f, 0x03, 0x38, 0x02, 0x0f, 0x0a, 0xc2, 0x09, 0x0f, 0x03,
    0x38, 0x02, 0x0f, 0x0a, 0xc2, 0x09, 0x0f, 0x03, 0x38, 0x02, 0x0f, 0x0a, 0x10, 0x0b, 0x18, 0xa4,
    0x04, 0x04, 0x01, 0x00, 0x28, 0x06, 0x0f, 0x09, 0x00, 0x28, 0x01, 0x0e, 0x0b, 0xdf, 0x06, 0x0a,
    0x01, 0x00, 0xd2, 0x07, 0x0f, 0x05, 0x38, 0x05, 0x0f, 0x0c, 0x01, 0x55, 0x07, 0x0f, 0x05, 0x51,
    0x03, 0x0e, 0x0e, 0x02, 0xc2, 0x07, 0x0f, 0x05, 0x00, 0x01, 0x0d, 0x0f, 0x03, 0x22, 0x07, 0x0f,
    0x05, 0x00, 0x0b, 0x0f, 0x05, 0xb8, 0x07, 0x0f, 0x0b, 0x0b, 0x0f, 0x08, 0xdd, 0x07, 0x0f, 0x0f,
    0x0f, 0x0f, 0x07, 0xdd, 0x07, 0x0f, 0x05, 0x01, 0x0e, 0x0f, 0x03, 0xb8, 0x07, 0x0f, 0x05, 0x00,
    0x04, 0x0f, 0x0d, 0x01, 0x22, 0x07, 0x0f, 0x05, 0x51, 0x08, 0x0f, 0x0b, 0x22, 0x07, 0x0f, 0x05,
    0x38, 0x0c, 0x0f, 0x07, 0xc2, 0x07, 0x0f, 0x05, 0x38, 0x02, 0x0e, 0x0f, 0x04, 0x10, 0x0c, 0x00,
    0xa4, 0x01, 0x04, 0x03, 0x1a, 0x0c, 0x0f, 0x03, 0xdf, 0x01, 0x0d, 0x0c, 0x1a, 0x03, 0x0b, 0x04,
    0x00, 0xd2, 0x07, 0x0f, 0x05, 0x38, 0x02, 0x0f, 0x0f, 0xc2, 0x07, 0x0f, 0x05, 0x38, 0x0b, 0x0f,
    0x0f, 0xc2, 0x07, 0x0f, 0x05, 0x51, 0x05, 0x0f, 0x0f, 0x0f, 0xc2, 0x07, 0x0f, 0x05, 0x00, 0x01,
    0x0d, 0x0d, 0x0c, 0x0f, 0xc2, 0x07, 0x0f, 0x05, 0x00, 0x08, 0x0f, 0x04, 0x0c, 0x0f, 0xc2, 0x07,
    0x0f, 0x05, 0x02, 0x0f, 0x0a, 0x00, 0x0c, 0x0f, 0xc2, 0x07, 0x0f, 0x05, 0x0b, 0x0e, 0x02, 0x00,
    0x0c, 0x0f, 0xc2, 0x07, 0x0f, 0x0a, 0x0f, 0x07, 0x51, 0x0c, 0x0f, 0xc2, 0x07, 0x0f, 0x0f, 0x0c,
    0x38, 0x0c, 0x0f, 0xc2, 0x07, 0x0f, 0x0f, 0x04, 0x38, 0x0c, 0x0f, 0xc2, 0x07, 0x0f, 0x0a, 0x37,
    0x0c, 0x0f, 0x10, 0x09, 0x00, 0xa4, 0x05, 0x06, 0x51, 0x03, 0x08, 0x01, 0xb8, 0x09, 0x0e, 0x01,
    0x00, 0x09, 0x0e, 0xdd, 0x02, 0x0e, 0x0c, 0x0b, 0x0f, 0x06, 0x28, 0x01, 0x06, 0x07, 0x03, 0xd2,
    0x09, 0x0f, 0x05, 0x37, 0x0d, 0x0f, 0x01, 0x55, 0x04, 0x0f, 0x0a, 0x38, 0x03, 0x0f, 0x0b, 0x22,
    0x0d, 0x0f, 0x01, 0x51, 0x07, 0x0f, 0x05, 0x22, 0x08, 0x0f, 0x05, 0x51, 0x0c, 0x0f, 0x01, 0x22,
    0x03, 0x0f, 0x0a, 0x00, 0x02, 0x0f, 0x0a, 0xdd, 0x0c, 0x0f, 0x01, 0x06, 0x0f, 0x05, 0xdd, 0x07,
    0x0f, 0x05, 0x0b, 0x0e, 0x01, 0xdd, 0x02, 0x0f, 0x0b, 0x0f, 0x0a, 0x00, 0x28, 0x0b, 0x0f, 0x0f,
    0x04, 0x00, 0x28, 0x06, 0x0f, 0x0e, 0xdf, 0x02, 0x0f, 0x09, 0xdf, 0x05, 0x0f, 0x04, 0xdf, 0x0c,
    0x0d, 0x28, 0x02, 0x09, 0x0d, 0x0f, 0x06, 0x28, 0x02, 0x0e, 0x0e, 0x07, 0x10, 0x0c, 0x51, 0x7e,
    0x07, 0x0f, 0x05, 0x37, 0x0c, 0x0f, 0xc2, 0x07, 0x0f, 0x05, 0x37, 0x0c, 0x0f, 0xc2, 0x07, 0x0f,
    0x05, 0x37, 0x0c, 0x0f, 0xc2, 0x07, 0x0f, 0x05, 0x37, 0x0c, 0x0f, 0xc2, 0x07, 0x0f, 0x05, 0x37,
    0x0c, 0x0f, 0xc2, 0x07, 0x0f, 0x05, 0x37, 0x0c, 0x0f, 0xc2, 0x07, 0x0f, 0x05, 0x37, 0x0c, 0x0f,
    0xc2, 0x07, 0x0f, 0x05, 0x37, 0x0c, 0x0f, 0xc2, 0x07, 0x0f, 0x05, 0x37, 0x0c, 0x0f, 0xc2, 0x07,
    0x0f, 0x0a, 0x07, 0x08, 0x07, 0x07, 0x0d, 0x0f, 0xc2, 0x07, 0x0f, 0x0f, 0x0f, 0x0f, 0x0f, 0x0f,
    0x0f, 0x0f, 0xdd, 0x02, 0x0f, 0x0b, 0xdf, 0x02, 0x0f, 0x0b, 0xdf, 0x02, 0x0f, 0x0b, 0x10, 0x12,
    0x00, 0x7d, 0x07, 0x0f, 0x06, 0x38, 0x02, 0x0f, 0x0c, 0x37, 0x0b, 0x0f, 0x02, 0x3f, 0x07, 0x0f,
    0x06, 0x38, 0x02, 0x0f, 0x0c, 0x37, 0x0b, 0x0f, 0x02, 0x3f, 0x07, 0x0f, 0x06, 0x38, 0x02, 0x0f,
    0x0c, 0x37, 0x0b, 0x0f, 0x02, 0x3f, 0x07, 0x0f, 0x06, 0x38, 0x02, 0x0f, 0x0c, 0x37, 0x0b, 0x0f,
    0x02, 0x3f, 0x07, 0x0f, 0x06, 0x38, 0x02, 0x0f, 0x0c, 0x37, 0x0b, 0x0f, 0x02, 0x3f, 0x07, 0x0f,
    0x06, 0x38, 0x02, 0x0f, 0x0c, 0x37, 0x0b, 0x0f, 0x02, 0x3f, 0x07, 0x0f, 0x06, 0x38, 0x02, 0x0f,
    0x0c, 0x37, 0x0b, 0x0f, 0x02, 0x3f, 0x07, 0x0f, 0x06, 0x38, 0x02, 0x0f, 0x0c, 0x37, 0x0b, 0x0f,
    0x02, 0x3f, 0x07, 0x0f, 0x06, 0x38, 0x02, 0x0f, 0x0c, 0x37, 0x0b, 0x0f, 0x02, 0x3f, 0x07, 0x0f,
    0x06, 0x38, 0x02, 0x0f, 0x0c, 0x37, 0x0b, 0x0f, 0x02, 0x3f, 0x07, 0x0f, 0x07, 0x38, 0x03, 0x0f,
    0x0d, 0x37, 0x0c, 0x0f, 0x02, 0x3f, 0x04, 0x0f, 0x0c, 0x38, 0x08, 0x0f, 0x0f, 0x03, 0x51, 0x02,
    0x0f, 0x0e, 0x66, 0x0b, 0x0f, 0x0c, 0x08, 0x0b, 0x0f, 0x0b, 0x0e, 0x0e, 0x09, 0x09, 0x0e, 0x0f,
    0x06, 0x66, 0x01, 0x08, 0x0d, 0x0f, 0x0d, 0x08, 0x00, 0x02, 0x0b, 0x0e, 0x0f, 0x0c, 0x05, 0x10,
    0x0f, 0x51, 0x7e, 0x0b, 0x0f, 0x01, 0x51, 0x03, 0x0f, 0x0a, 0x38, 0x09, 0x0f, 0x03, 0x66, 0x0b,
    0x0f, 0x01, 0x51, 0x03, 0x0f, 0x0a, 0x38, 0x09, 0x0f, 0x03, 0x66, 0x0b, 0x0f, 0x01, 0x51, 0x03,
    0x0f, 0x0a, 0x38, 0x09, 0x0f, 0x03, 0x66, 0x0b, 0x0f, 0x01, 0x51, 0x03, 0x0f, 0x0a, 0x38, 0x09,
    0x0f, 0x03, 0x66, 0x0b, 0x0f, 0x01, 0x51, 0x03, 0x0f, 0x0a, 0x38, 0x09, 0x0f, 0x03, 0x66, 0x0b,
    0x0f, 0x01, 0x51, 0x03, 0x0f, 0x0a, 0x38, 0x09, 0x0f, 0x03, 0x66, 0x0b, 0x0f, 0x01, 0x51, 0x03,
    0x0f, 0x0a, 0x38, 0x09, 0x0f, 0x03, 0x66, 0x0b, 0x0f, 0x01, 0x51, 0x03, 0x0f, 0x0a, 0x38, 0x09,
    0x0f, 0x03, 0x66, 0x09, 0x0f, 0x05, 0x51, 0x07, 0x0f, 0x0d, 0x38, 0x0d, 0x0f, 0x01, 0x66, 0x03,
    0x0f, 0x0e, 0x08, 0x09, 0x0f, 0x0d, 0x0f, 0x0c, 0x08, 0x0c, 0x0f, 0x09, 0x19, 0x04, 0x0c, 0x0f,
    0x0e, 0x09, 0x01, 0x05, 0x0d, 0x0f, 0x0d, 0x08, 0x10, 0x0d, 0x00, 0x7d, 0x06, 0x0f, 0x07, 0xdf,
    0x06, 0x0f, 0x07, 0x28, 0x03, 0x07, 0x0a, 0x0f, 0x0b, 0x07, 0x06, 0xb8, 0x07, 0x0f, 0x0f, 0x0f,
    0x0f, 0x0f, 0x0c, 0x28, 0x06, 0x0f, 0x07, 0xdf, 0x06, 0x0f, 0x07, 0xdf, 0x06, 0x0f, 0x0f, 0x0f,
    0x0f, 0x0f, 0x0f, 0x0d, 0x08, 0x01, 0x55, 0x06, 0x0f, 0x0b, 0x08, 0x08, 0x08, 0x09, 0x0c, 0x0f,
    0x0c, 0x01, 0x2c, 0x06, 0x0f, 0x07, 0x18, 0x0a, 0x0f, 0x07, 0x2c, 0x06, 0x0f, 0x07, 0x18, 0x03,
    0x0f, 0x0a, 0x2c, 0x06, 0x0f, 0x07, 0x18, 0x03, 0x0f, 0x0a, 0x2c, 0x06, 0x0f, 0x07, 0x18, 0x0a,
    0x0f, 0x07, 0x2c, 0x06, 0x0f, 0x0b, 0x08, 0x08, 0x08, 0x09, 0x0d, 0x0f, 0x0c, 0x01, 0x2c, 0x06,
    0x0f, 0x0f, 0x0f, 0x0f, 0x0f, 0x0f, 0x0c, 0x07, 0x01, 0x10, 0x0b, 0x4c, 0x4a, 0x07, 0x0f, 0x05,
    0xdf, 0x07, 0x0f, 0x05, 0xdf, 0x07, 0x0f, 0x05, 0x28, 0x05, 0x0f, 0x0f, 0x0f, 0x0f, 0x0f, 0x0f,
    0x07, 0x22, 0x03, 0x07, 0x0b, 0x0f, 0x0a, 0x07, 0x07, 0x03, 0xdd, 0x07, 0x0f, 0x05, 0xdf, 0x07,
    0x0f, 0x05, 0xdf, 0x07, 0x0f, 0x0a, 0x07, 0x07, 0x07, 0x04, 0xb8, 0x07, 0x0f, 0x0f, 0x0f, 0x0f,
    0x0f, 0x0f, 0x0b, 0x01, 0xc2, 0x07, 0x0f, 0x05, 0x51, 0x01, 0x09, 0x0f, 0x09, 0xc2, 0x07, 0x0f,
    0x05, 0x37, 0x0f, 0x0e, 0xc2, 0x07, 0x0f, 0x05, 0x37, 0x0d, 0x0e, 0xc2, 0x07, 0x0f, 0x05, 0x38,
    0x02, 0x0f, 0x0b, 0xc2, 0x07, 0x0f, 0x0a, 0x07, 0x07, 0x08, 0x0e, 0x0f, 0x04, 0xc2, 0x07, 0x0f,
    0x0f, 0x0f, 0x0f, 0x0f, 0x0c, 0x04, 0x10, 0x12, 0x00, 0x7d, 0x03, 0x0f, 0x0a, 0x37, 0x05, 0x0b,
    0x0e, 0x0f, 0x0d, 0x09, 0x02, 0x66, 0x03, 0x0f, 0x0a, 0x38, 0x09, 0x0f, 0x0e, 0x0a, 0x08, 0x0b,
    0x0f, 0x0e, 0x03, 0x00, 0x3f, 0x03, 0x0f, 0x0a, 0x51, 0x06, 0x0f, 0x0c, 0x01, 0x38, 0x04, 0x0f,
    0x0d, 0x00, 0x3f, 0x03, 0x0f, 0x0a, 0x51, 0x0d, 0x0f, 0x02, 0x18, 0x09, 0x0f, 0x05, 0x3f, 0x03,
    0x0f, 0x0a, 0x00, 0x03, 0x0f, 0x0b, 0x9d, 0x04, 0x0b, 0x06, 0x3f, 0x03, 0x0f, 0x0d, 0x07, 0x0a,
    0x0f, 0x0c, 0x07, 0x07, 0x07, 0x07, 0x06, 0x19, 0x03, 0x0f, 0x0f, 0x0f, 0x0f, 0x0f, 0x0f, 0x0f,
    0x0f, 0x0f, 0x0f, 0x0c, 0x19, 0x03, 0x0f, 0x0a, 0x00, 0x06, 0x0f, 0x08, 0xb8, 0x03, 0x0f, 0x0a,
    0x00, 0x05, 0x0f, 0x09, 0xb8, 0x03, 0x0f, 0x0a, 0x00, 0x03, 0x0f, 0x0b, 0x9d, 0x04, 0x0b, 0x06,
    0x3f, 0x03, 0x0f, 0x0a, 0x51, 0x0d, 0x0f, 0x02, 0x18, 0x0a, 0x0f, 0x05, 0x3f, 0x03, 0x0f, 0x0a,
    0x51, 0x06, 0x0f, 0x0b, 0x01, 0x38, 0x04, 0x0f, 0x0d, 0x00, 0x3f, 0x03, 0x0f, 0x0a, 0x38, 0x09,
    0x0f, 0x0e, 0x09, 0x08, 0x0b, 0x0f, 0x0e, 0x03, 0x00, 0x3f, 0x03, 0x0f, 0x0a, 0x37, 0x05, 0x0b,
    0x0e, 0x0f, 0x0d, 0x09, 0x02, 0x10, 0x0f, 0x51, 0x7e, 0x08, 0x0f, 0x05, 0x38, 0x06, 0x0c, 0x0f,
    0x0e, 0x0b, 0x03, 0x19, 0x08, 0x0f, 0x05, 0x51, 0x09, 0x0f, 0x0c, 0x08, 0x09, 0x0e, 0x0e, 0x03,
    0x41, 0x08, 0x0f, 0x05, 0x00, 0x03, 0x0f, 0x0b, 0x38, 0x03, 0x0f, 0x0b, 0x41, 0x08, 0x0f, 0x05,
    0x00, 0x09, 0x0f, 0x04, 0x37, 0x0b, 0x0f, 0x41, 0x08, 0x0f, 0x0a, 0x07, 0x0d, 0x0f, 0x08, 0x07,
    0x07, 0x07, 0x02, 0x2c, 0x08, 0x0f, 0x0f, 0x0f, 0x0f, 0x0f, 0x0f, 0x0f, 0x0f, 0x0f, 0x04, 0x2c,
    0x08, 0x0f, 0x05, 0x00, 0x0c, 0x0f, 0x01, 0xb8, 0x08, 0x0f, 0x05, 0x00, 0x09, 0x0f, 0x04, 0x37,
    0x0b, 0x0f, 0x41, 0x08, 0x0f, 0x05, 0x00, 0x03, 0x0f, 0x0b, 0x38, 0x04, 0x0f, 0x0a, 0x41, 0x08,
    0x0f, 0x05, 0x51, 0x09, 0x0f, 0x0c, 0x08, 0x09, 0x0f, 0x0e, 0x02, 0x41, 0x08, 0x0f, 0x05, 0x38,
    0x06, 0x0c, 0x0f, 0x0e, 0x0a, 0x02, 0x10, 0x0c, 0x00, 0xfc, 0x0a, 0x0f, 0x06, 0x00, 0x28, 0x01,
    0x0f, 0x0f, 0x0b, 0x00, 0x28, 0x06, 0x0f, 0x0e, 0x0f, 0x02, 0x28, 0x0c, 0x0f, 0x06, 0x0f, 0x07,
    0xdd, 0x02, 0x0f, 0x0a, 0x01, 0x0e, 0x0c, 0xdd, 0x08, 0x0f, 0x05, 0x00, 0x0a, 0x0f, 0x03, 0xb8,
    0x0d, 0x0e, 0x51, 0x04, 0x0f, 0x08, 0x22, 0x04, 0x0f, 0x09, 0x38, 0x0e, 0x0d, 0x22, 0x09, 0x0f,
    0x0b, 0x09, 0x09, 0x09, 0x0d, 0x0f, 0x04, 0xc2, 0x0e, 0x0f, 0x0f, 0x0f, 0x0f, 0x0f, 0x0f, 0x0f,
    0x09, 0x55, 0x05, 0x0f, 0x09, 0x00, 0x0a, 0x0f, 0x03, 0x00, 0x0e, 0x0e, 0x01, 0x2c, 0x0a, 0x0f,
    0x03, 0x00, 0x0a, 0x0f, 0x03, 0x00, 0x09, 0x0f, 0x05, 0x19, 0x01, 0x0f, 0x0d, 0x51, 0x0a, 0x0f,
    0x03, 0x00, 0x03, 0x0f, 0x0a, 0x19, 0x06, 0x0f, 0x08, 0x51, 0x0a, 0x0f, 0x03, 0x51, 0x0d, 0x0f,
    0x01, 0x10, 0x0b, 0x18, 0x7e, 0x0b, 0x0f, 0x03, 0x00, 0x28, 0x02, 0x0f, 0x0f, 0x09, 0x00, 0x28,
    0x08, 0x0f, 0x0d, 0x0e, 0x01, 0x28, 0x0d, 0x0d, 0x07, 0x0f, 0x06, 0xdd, 0x05, 0x0f, 0x07, 0x01,
    0x0f, 0x0c, 0xdd, 0x0a, 0x0f, 0x02, 0x00, 0x0a, 0x0f, 0x03, 0x22, 0x02, 0x0f, 0x0e, 0x07, 0x07,
    0x0a, 0x0f, 0x09, 0x22, 0x07, 0x0f, 0x0f, 0x0f, 0x0f, 0x0f, 0x0f, 0x0e, 0x01, 0xc2, 0x0d, 0x0e,
    0x00, 0x09, 0x0f, 0x03, 0x07, 0x0f, 0x06, 0x55, 0x04, 0x0f, 0x09, 0x00, 0x09, 0x0f, 0x03, 0x01,
    0x0f, 0x0c, 0x55, 0x0a, 0x0f, 0x03, 0x00, 0x09, 0x0f, 0x03, 0x00, 0x0a, 0x0f, 0x02, 0x10, 0x12,
    0x51, 0x7d, 0x0f, 0x0d, 0x9d, 0x08, 0x0f, 0x08, 0x2c, 0x0f, 0x0d, 0x9d, 0x0d, 0x0f, 0x0d, 0x2c,
    0x0f, 0x0d, 0x18, 0x03, 0x0f, 0x0e, 0x0f, 0x04, 0x19, 0x0f, 0x0d, 0x18, 0x09, 0x0f, 0x05, 0x0f,
    0x09, 0x19, 0x0f, 0x0d, 0x18, 0x0e, 0x0d, 0x00, 0x0c, 0x0e, 0x01, 0x41, 0x0f, 0x0d, 0x37, 0x05,
    0x0f, 0x07, 0x00, 0x07, 0x0f, 0x05, 0x41, 0x0f, 0x0d, 0x37, 0x0a, 0x0f, 0x02, 0x00, 0x02, 0x0f,
    0x0b, 0x41, 0x0f, 0x0d, 0x38, 0x01, 0x0f, 0x0c, 0x38, 0x0c, 0x0f, 0x01, 0x66, 0x0f, 0x0e, 0x08,
    0x08, 0x08, 0x0b, 0x0f, 0x0c, 0x08, 0x08, 0x08, 0x0c, 0x0f, 0x06, 0x66, 0x0f, 0x0f, 0x0f, 0x0f,
    0x0f, 0x0f, 0x0f, 0x0f, 0x0f, 0x0f, 0x0f, 0x0f, 0x0f, 0x0c, 0x66, 0x0f, 0x0d, 0x51, 0x02, 0x0f,
    0x0b, 0x00, 0x08, 0x0f, 0x06, 0x00, 0x0b, 0x0f, 0x02, 0x00, 0x3f, 0x0f, 0x0d, 0x51, 0x08, 0x0f,
    0x06, 0x00, 0x07, 0x0f, 0x05, 0x00, 0x06, 0x0f, 0x08, 0x00, 0x3f, 0x0f, 0x0d, 0x51, 0x0d, 0x0e,
    0x01, 0x00, 0x07, 0x0f, 0x05, 0x00, 0x01, 0x0f, 0x0d, 0x00, 0x3f, 0x0f, 0x0d, 0x00, 0x04, 0x0f,
    0x0a, 0x51, 0x07, 0x0f, 0x05, 0x51, 0x0b, 0x0f, 0x03, 0x10, 0x0f, 0x51, 0x7e, 0x02, 0x0f, 0x0a,
    0x37, 0x05, 0x0f, 0x09, 0x55, 0x02, 0x0f, 0x0a, 0x37, 0x0b, 0x0f, 0x0e, 0x01, 0x2c, 0x02, 0x0f,
    0x0a, 0x38, 0x02, 0x0f, 0x0d, 0x0f, 0x06, 0x2c, 0x02, 0x0f, 0x0a, 0x38, 0x08, 0x0f, 0x05, 0x0f,
    0x0c, 0x2c, 0x02, 0x0f, 0x0a, 0x38, 0x0e, 0x0d, 0x00, 0x0a, 0x0f, 0x03, 0x19, 0x02, 0x0f, 0x0a,
    0x51, 0x05, 0x0f, 0x07, 0x00, 0x04, 0x0f, 0x08, 0x19, 0x02, 0x0f, 0x0c, 0x07, 0x07, 0x0c, 0x0f,
    0x09, 0x07, 0x07, 0x0f, 0x0e, 0x19, 0x02, 0x0f, 0x0f, 0x0f, 0x0f, 0x0f, 0x0f, 0x0f, 0x0f, 0x0f,
    0x0f, 0x0f, 0x05, 0x41, 0x02, 0x0f, 0x0a, 0x00, 0x08, 0x0f, 0x05, 0x04, 0x0f, 0x08, 0x02, 0x0f,
    0x0b, 0x41, 0x02, 0x0f, 0x0a, 0x00, 0x0d, 0x0e, 0x00, 0x04, 0x0f, 0x08, 0x00, 0x0b, 0x0f, 0x02,
    0x66, 0x02, 0x0f, 0x0a, 0x04, 0x0f, 0x08, 0x00, 0x04, 0x0f, 0x08, 0x00, 0x05, 0x0f, 0x08, 0x10,
    0x11, 0x51, 0x7d, 0x01, 0x0e, 0x0f, 0x0f, 0x0f, 0x0f, 0x0f, 0x0f, 0x0f, 0x0f, 0x0f, 0x0f, 0x03,
    0x19, 0x06, 0x0f, 0x0e, 0x08, 0x08, 0x08, 0x08, 0x08, 0x0d, 0x0f, 0x09, 0x55, 0x0c, 0x0f, 0x04,
    0x38, 0x02, 0x0f, 0x0e, 0x01, 0x55, 0x03, 0x0f, 0x0d, 0x38, 0x0a, 0x0f, 0x06, 0x22, 0x09, 0x0f,
    0x06, 0x00, 0x03, 0x0f, 0x0c, 0xb8, 0x01, 0x0e, 0x0e, 0x01, 0x0c, 0x0f, 0x03, 0xc2, 0x01, 0x06,
    0x08, 0x0c, 0x0f, 0x0d, 0x0f, 0x0e, 0x08, 0x06, 0x02, 0x19, 0x06, 0x0f, 0x0f, 0x0f, 0x0f, 0x0f,
    0x0f, 0x0f, 0x0f, 0x0f, 0x0f, 0x0f, 0x07, 0x66, 0x02, 0x0f, 0x0e, 0x05, 0x01, 0x00, 0x06, 0x0f,
    0x08, 0x00, 0x01, 0x04, 0x0d, 0x0f, 0x03, 0x00, 0x3f, 0x07, 0x0f, 0x07, 0x38, 0x06, 0x0f, 0x08,
    0x38, 0x06, 0x0f, 0x08, 0x00, 0x3f, 0x08, 0x0f, 0x05, 0x38, 0x06, 0x0f, 0x08, 0x38, 0x04, 0x0f,
    0x09, 0x00, 0x3f, 0x08, 0x0f, 0x05, 0x38, 0x06, 0x0f, 0x08, 0x38, 0x04, 0x0f, 0x09, 0x00, 0x3f,
    0x08, 0x0f, 0x05, 0x38, 0x06, 0x0f, 0x08, 0x38, 0x04, 0x0f, 0x09, 0x00, 0x3f, 0x08, 0x0f, 0x05,
    0x38, 0x06, 0x0f, 0x08, 0x38, 0x04, 0x0f, 0x09, 0x10, 0x0f, 0x38, 0x7e, 0x01, 0x0e, 0x0f, 0x0f,
    0x0f, 0x0f, 0x0f, 0x0f, 0x0f, 0x0c, 0xc2, 0x05, 0x0f, 0x0d, 0x07, 0x07, 0x07, 0x0e, 0x0f, 0x03,
    0x22, 0x0b, 0x0f, 0x03, 0x00, 0x06, 0x0f, 0x08, 0xb8, 0x02, 0x0f, 0x0c, 0x01, 0x0d, 0x0d, 0x01,
    0x22, 0x01, 0x05, 0x0c, 0x0f, 0x0c, 0x0f, 0x0b, 0x04, 0xc2, 0x04, 0x0e, 0x0f, 0x0f, 0x0f, 0x0f,
    0x0f, 0x0f, 0x0f, 0x0d, 0x02, 0x19, 0x01, 0x0e, 0x0e, 0x04, 0x00, 0x08, 0x0f, 0x05, 0x01, 0x07,
    0x0f, 0x0b, 0x19, 0x05, 0x0f, 0x07, 0x51, 0x08, 0x0f, 0x04, 0x51, 0x0c, 0x0f, 0x01, 0x41, 0x07,
    0x0f, 0x05, 0x51, 0x08, 0x0f, 0x04, 0x51, 0x09, 0x0f, 0x03, 0x41, 0x08, 0x0f, 0x04, 0x51, 0x08,
    0x0f, 0x04, 0x51, 0x09, 0x0f, 0x04, 0x41, 0x08, 0x0f, 0x04, 0x51, 0x08, 0x0f, 0x04, 0x51, 0x09,
    0x0f, 0x04, 0x10, 0x17, 0x00, 0x7d, 0x03, 0x0f, 0x0a, 0x37, 0x07, 0x0f, 0x0f, 0x0f, 0x0f, 0x0f,
    0x0f, 0x0f, 0x0f, 0x0f, 0x0f, 0x0a, 0x2d, 0x03, 0x0f, 0x0a, 0x18, 0x0d, 0x0f, 0x0b, 0x08, 0x08,
    0x08, 0x08, 0x09, 0x0f, 0x0e, 0x02, 0x2d, 0x03, 0x0f, 0x0a, 0x18, 0x05, 0x0f, 0x0c, 0x37, 0x09,
    0x0f, 0x07, 0x64, 0x03, 0x0f, 0x0a, 0x9d, 0x0b, 0x0f, 0x05, 0x51, 0x02, 0x0f, 0x0d, 0x01, 0x64,
    0x03, 0x0f, 0x0a, 0x9d, 0x02, 0x0f, 0x0d, 0x51, 0x0b, 0x0f, 0x05, 0x4b, 0x03, 0x0f, 0x0a, 0x4c,
    0x08, 0x0f, 0x07, 0x04, 0x0f, 0x0b, 0x3f, 0x03, 0x0f, 0x0d, 0x07, 0x07, 0x07, 0x07, 0x07, 0x07,
    0x08, 0x08, 0x0f, 0x0e, 0x0d, 0x0f, 0x09, 0x06, 0x03, 0x64, 0x03, 0x0f, 0x0f, 0x0f, 0x0f, 0x0f,
    0x0f, 0x0f, 0x0f, 0x0f, 0x0f, 0x0f, 0x0f, 0x0f, 0x0f, 0x0f, 0x0f, 0x0f, 0x0c, 0x01, 0x44, 0x03,
    0x0f, 0x0a, 0x38, 0x09, 0x0f, 0x0a, 0x03, 0x01, 0x01, 0x0e, 0x0f, 0x02, 0x01, 0x03, 0x0a, 0x0f,
    0x0a, 0x44, 0x03, 0x0f, 0x0a, 0x38, 0x0e, 0x0e, 0x01, 0x38, 0x0d, 0x0f, 0x37, 0x0e, 0x0f, 0x44,
    0x03, 0x0f, 0x0a, 0x51, 0x01, 0x0f, 0x0c, 0x37, 0x0d, 0x0f, 0x37, 0x0c, 0x0f, 0x01, 0x74, 0x03,
    0x0f, 0x0a, 0x51, 0x01, 0x0f, 0x0c, 0x37, 0x0d, 0x0f, 0x37, 0x0c, 0x0f, 0x02, 0x74, 0x03, 0x0f,
    0x0a, 0x51, 0x01, 0x0f, 0x0c, 0x37, 0x0d, 0x0f, 0x37, 0x0c, 0x0f, 0x02, 0x74, 0x03, 0x0f, 0x0a,
    0x51, 0x01, 0x0f, 0x0c, 0x37, 0x0d, 0x0f, 0x37, 0x0c, 0x0f, 0x02, 0x10, 0x14, 0x51, 0x7e, 0x07,
    0x0f, 0x05, 0x38, 0x02, 0x0f, 0x0f, 0x0f, 0x0f, 0x0f, 0x0f, 0x0f, 0x0f, 0x0a, 0x3f, 0x07, 0x0f,
    0x05, 0x37, 0x08, 0x0f, 0x0c, 0x07, 0x07, 0x08, 0x0f, 0x0e, 0x01, 0x3f, 0x07, 0x0f, 0x05, 0x18,
    0x0d, 0x0e, 0x01, 0x00, 0x08, 0x0f, 0x06, 0x00, 0x3f, 0x07, 0x0f, 0x05, 0x18, 0x04, 0x0f, 0x09,
    0x02, 0x0f, 0x0c, 0x66, 0x07, 0x0f, 0x0a, 0x07, 0x07, 0x07, 0x07, 0x07, 0x08, 0x0e, 0x0f, 0x0c,
    0x0f, 0x09, 0x03, 0x00, 0x3f, 0x07, 0x0f, 0x0f, 0x0f, 0x0f, 0x0f, 0x0f, 0x0f, 0x0f, 0x0f, 0x0f,
    0x0f, 0x0f, 0x0f, 0x0f, 0x0b, 0x01, 0x4b, 0x07, 0x0f, 0x05, 0x51, 0x02, 0x0f, 0x0d, 0x03, 0x00,
    0x0a, 0x0f, 0x03, 0x01, 0x09, 0x0f, 0x08, 0x4b, 0x07, 0x0f, 0x05, 0x51, 0x08, 0x0f, 0x05, 0x51,
    0x0a, 0x0f, 0x02, 0x51, 0x0e, 0x0d, 0x4b, 0x07, 0x0f, 0x05, 0x51, 0x0a, 0x0f, 0x02, 0x51, 0x0a,
    0x0f, 0x02, 0x51, 0x0c, 0x0f, 0x01, 0x64, 0x07, 0x0f, 0x05, 0x51, 0x0a, 0x0f, 0x02, 0x51, 0x0a,
    0x0f, 0x02, 0x51, 0x0b, 0x0f, 0x01, 0x64, 0x07, 0x0f, 0x05, 0x51, 0x0a, 0x0f, 0x02, 0x51, 0x0a,
    0x0f, 0x02, 0x51, 0x0b, 0x0f, 0x01, 0x10, 0x0a, 0x2f, 0x05, 0x0f, 0x04, 0x00, 0x0a, 0x0d, 0x02,
    0xdd, 0x08, 0x0e, 0x08, 0x0e, 0x03, 0x00, 0x28, 0x0a, 0x0f, 0x05, 0x90, 0x0b, 0x0f, 0x0f, 0x0f,
    0x0d, 0x0a, 0x03, 0xb8, 0x05, 0x07, 0x07, 0x07, 0x0a, 0x0e, 0x0f, 0x04, 0xdf, 0x03, 0x0f, 0x0c,
    0x1a, 0x0e, 0x0e, 0xdf, 0x03, 0x0f, 0x0b, 0xb8, 0x02, 0x07, 0x07, 0x0a, 0x0e, 0x0c, 0x01, 0xb8,
    0x05, 0x0f, 0x0f, 0x0f, 0x0e, 0x05, 0xdf, 0x03, 0x0a, 0x0f, 0x07, 0x1a, 0x0d, 0x0e, 0x1a, 0x0a,
    0x0f, 0x02, 0xdf, 0x0c, 0x0f, 0x01, 0x00, 0x28, 0x06, 0x0f, 0x0b, 0x22, 0x01, 0x07, 0x0a, 0x0a,
    0x0d, 0x0f, 0x0e, 0x02, 0x22, 0x0c, 0x0f, 0x0e, 0x0d, 0x0b, 0x07, 0x01, 0x22, 0x03, 0x0f, 0x0a,
    0xdf, 0x02, 0x0f, 0x09, 0x1a, 0x09, 0x0f, 0x08, 0x1a, 0x08, 0x09, 0x10, 0x0a, 0xa4, 0x03, 0x0e,
    0x07, 0x00, 0x06, 0x0f, 0x04, 0xdd, 0x05, 0x0f, 0x08, 0x0f, 0x06, 0x00, 0x28, 0x07, 0x0f, 0x08,
    0xce, 0x0b, 0x0f, 0x0f, 0x0f, 0x0d, 0x09, 0x01, 0xb8, 0x05, 0x07, 0x07, 0x08, 0x0a, 0x0f, 0x0d,
    0x01, 0xdf, 0x08, 0x0f, 0x06, 0xdf, 0x08, 0x0f, 0x05, 0xb8, 0x03, 0x07, 0x08, 0x0a, 0x0f, 0x0a,
    0xdd, 0x07, 0x0f, 0x0f, 0x0f, 0x0e, 0x05, 0xdf, 0x03, 0x0b, 0x0f, 0x05, 0xdf, 0x03, 0x0f, 0x0a,
    0xdf, 0x08, 0x0f, 0x08, 0x22, 0x01, 0x07, 0x0a, 0x0b, 0x0d, 0x0f, 0x0d, 0x01, 0x22, 0x0d, 0x0f,
    0x0d, 0x0c, 0x0b, 0x07, 0x01, 0x22, 0x03, 0x0f, 0x09, 0xdf, 0x02, 0x0f, 0x09, 0x1a, 0x0a, 0x0f,
    0x08, 0x1a, 0x08, 0x09, 0x10, 0x0e, 0x7d, 0x02, 0x0f, 0x0b, 0x51, 0x02, 0x0f, 0x0b, 0x51, 0x01,
    0x0f, 0x0c, 0x41, 0x02, 0x0f, 0x0b, 0x51, 0x02, 0x0f, 0x0b, 0x51, 0x01, 0x0f, 0x0c, 0x41, 0x02,
    0x0f, 0x0b, 0x51, 0x02, 0x0f, 0x0b, 0x51, 0x01, 0x0f, 0x0c, 0x41, 0x02, 0x0f, 0x0b, 0x51, 0x02,
    0x0f, 0x0b, 0x51, 0x01, 0x0f, 0x0c, 0x41, 0x02, 0x0f, 0x0b, 0x51, 0x02, 0x0f, 0x0b, 0x51, 0x01,
    0x0f, 0x0c, 0x41, 0x02, 0x0f, 0x0c, 0x51, 0x02, 0x0f, 0x0b, 0x51, 0x01, 0x0f, 0x0c, 0x19, 0x0e,
    0x0e, 0x51, 0x02, 0x0f, 0x0b, 0x51, 0x04, 0x0f, 0x0a, 0x19, 0x0a, 0x0f, 0x07, 0x00, 0x02, 0x0f,
    0x0b, 0x51, 0x0c, 0x0f, 0x05, 0x19, 0x02, 0x0e, 0x0f, 0x08, 0x05, 0x0f, 0x0b, 0x04, 0x0b, 0x0f,
    0x0b, 0x55, 0x03, 0x0c, 0x0f, 0x0f, 0x0f, 0x0f, 0x0f, 0x0f, 0x09, 0x01, 0x22, 0x04, 0x08, 0x0f,
    0x0d, 0x06, 0x02, 0x28, 0x02, 0x0f, 0x0b, 0xdf, 0x02, 0x0f, 0x0b, 0xdf, 0x02, 0x0f, 0x0b, 0x10,
    0x0e, 0x00, 0x7e, 0x01, 0x0f, 0x0b, 0x38, 0x0f, 0x0c, 0x51, 0x0b, 0x0f, 0x04, 0x41, 0x01, 0x0f,
    0x0b, 0x38, 0x0f, 0x0c, 0x51, 0x05, 0x0f, 0x09, 0x41, 0x01, 0x0f, 0x0b, 0x38, 0x0f, 0x0c, 0x51,
    0x01, 0x0f, 0x0d, 0x41, 0x01, 0x0f, 0x0b, 0x38, 0x0f, 0x0c, 0x38, 0x0c, 0x0f, 0x01, 0x66, 0x01,
    0x0f, 0x0b, 0x38, 0x0f, 0x0c, 0x38, 0x0b, 0x0f, 0x02, 0x66, 0x01, 0x0f, 0x0c, 0x38, 0x0f, 0x0c,
    0x38, 0x0a, 0x0f, 0x02, 0x41, 0x0e, 0x0e, 0x38, 0x0f, 0x0c, 0x38, 0x0d, 0x0f, 0x01, 0x41, 0x0a,
    0x0f, 0x04, 0x51, 0x0f, 0x0c, 0x51, 0x04, 0x0f, 0x0b, 0x19, 0x03, 0x0f, 0x0d, 0x02, 0x00, 0x0f,
    0x0c, 0x00, 0x03, 0x0d, 0x0f, 0x04, 0x2c, 0x07, 0x0f, 0x0f, 0x0a, 0x0f, 0x0e, 0x0b, 0x0f, 0x0f,
    0x07, 0xc2, 0x03, 0x0a, 0x0d, 0x0f, 0x0f, 0x0d, 0x0a, 0x03, 0x28, 0x0f, 0x0c, 0x1a, 0x0f, 0x0c,
    0x1a, 0x0f, 0x0c, 0x1a, 0x0f, 0x0c, 0x1a, 0x0f, 0x0c, 0x10, 0x0e, 0x38, 0x7d, 0x02, 0x09, 0x0d,
    0x0f, 0x0e, 0x0b, 0x05, 0x22, 0x03, 0x0e, 0x0f, 0x0b, 0x08, 0x09, 0x0d, 0x0f, 0x09, 0x55, 0x01,
    0x0d, 0x0f, 0x04, 0x38, 0x01, 0x0b, 0x0f, 0x06, 0x2c, 0x07, 0x0f, 0x08, 0x18, 0x01, 0x0f, 0x0d,
    0x2c, 0x0b, 0x0f, 0x02, 0x9d, 0x0a, 0x0f, 0x03, 0x19, 0x0e, 0x0e, 0x4c, 0x08, 0x0f, 0x06, 0x19,
    0x0f, 0x0e, 0x08, 0x08, 0x08, 0x08, 0x08, 0x08, 0x08, 0x0b, 0x0f, 0x07, 0x19, 0x0f, 0x0f, 0x0f,
    0x0f, 0x0f, 0x0f, 0x0f, 0x0f, 0x0f, 0x0f, 0x0f, 0x07, 0x19, 0x0e, 0x0e, 0x4c, 0x07, 0x0f, 0x06,
    0x19, 0x0b, 0x0f, 0x02, 0x9d, 0x0a, 0x0f, 0x03, 0x19, 0x07, 0x0f, 0x07, 0x18, 0x01, 0x0e, 0x0e,
    0x2c, 0x01, 0x0d, 0x0e, 0x04, 0x37, 0x0a, 0x0f, 0x06, 0x55, 0x03, 0x0e, 0x0f, 0x0b, 0x08, 0x09,
    0x0d, 0x0f, 0x09, 0x22, 0x01, 0x09, 0x0d, 0x0f, 0x0e, 0x0b, 0x05, 0x10, 0x0b, 0x37, 0x7e, 0x07,
    0x0d, 0x0f, 0x0e, 0x0a, 0x02, 0xb8, 0x0b, 0x0f, 0x0c, 0x08, 0x0a, 0x0f, 0x0e, 0x03, 0xc2, 0x06,
    0x0f, 0x09, 0x38, 0x03, 0x0f, 0x0d, 0xc2, 0x0d, 0x0e, 0x01, 0x37, 0x09, 0x0f, 0x04, 0x2c, 0x01,
    0x0f, 0x0e, 0x08, 0x08, 0x08, 0x08, 0x08, 0x0a, 0x0f, 0x07, 0x2c, 0x01, 0x0f, 0x0f, 0x0f, 0x0f,
    0x0f, 0x0f, 0x0f, 0x0f, 0x0f, 0x08, 0x2c, 0x01, 0x0f, 0x0c, 0x18, 0x06, 0x0f, 0x07, 0x55, 0x0d,
    0x0f, 0x01, 0x37, 0x0a, 0x0f, 0x04, 0x55, 0x07, 0x0f, 0x0a, 0x38, 0x04, 0x0f, 0x0d, 0x22, 0x0b,
    0x0f, 0x0c, 0x08, 0x09, 0x0f, 0x0e, 0x03, 0xb8, 0x07, 0x0d, 0x0f, 0x0e, 0x0a, 0x02, 0x10, 0x0d,
    0x7d, 0x09, 0x0f, 0x06, 0x9d, 0x01, 0x0b, 0x0f, 0x02, 0x41, 0x04, 0x0f, 0x0b, 0x9d, 0x0a, 0x0f,
    0x0c, 0x02, 0x19, 0x0d, 0x0f, 0x01, 0x37, 0x01, 0x0f, 0x0d, 0x55, 0x08, 0x0f, 0x06, 0x37, 0x06,
    0x0f, 0x07, 0x55, 0x03, 0x0f, 0x0b, 0x37, 0x0b, 0x0f, 0x02, 0xc2, 0x0d, 0x0f, 0x01, 0x51, 0x01,
    0x0f, 0x0b, 0x22, 0x07, 0x0f, 0x06, 0x51, 0x06, 0x0f, 0x06, 0x22, 0x02, 0x0f, 0x0b, 0x51, 0x0b,
    0x0f, 0x01, 0xb8, 0x0c, 0x0f, 0x01, 0x01, 0x0f, 0x0b, 0xdd, 0x06, 0x0f, 0x05, 0x06, 0x0f, 0x06,
    0xdd, 0x01, 0x0f, 0x0a, 0x0a, 0x0f, 0x01, 0x28, 0x0b, 0x0e, 0x0e, 0x0a, 0x00, 0x28, 0x06, 0x0f,
    0x0f, 0x05, 0x00, 0x28, 0x01, 0x0f, 0x0e, 0x01, 0x10, 0x0a, 0x00, 0x7e, 0x06, 0x0f, 0x07, 0x37,
    0x04, 0x0d, 0x0e, 0x01, 0x2c, 0x01, 0x0f, 0x0b, 0x38, 0x01, 0x0e, 0x0f, 0x09, 0xc2, 0x0b, 0x0f,
    0x01, 0x51, 0x05, 0x0f, 0x07, 0x22, 0x05, 0x0f, 0x06, 0x51, 0x0a, 0x0f, 0x02, 0x22, 0x01, 0x0f,
    0x0a, 0x51, 0x0e, 0x0c, 0xdd, 0x0a, 0x0e, 0x00, 0x03, 0x0f, 0x07, 0xdd, 0x05, 0x0f, 0x04, 0x08,
    0x0f, 0x02, 0xdd, 0x01, 0x0f, 0x09, 0x0c, 0x0b, 0x00, 0x28, 0x0a, 0x0d, 0x0f, 0x06, 0x00, 0x28,
    0x05, 0x0f, 0x0f, 0x01, 0x00, 0x28, 0x01, 0x0e, 0x0b, 0x10, 0x0d, 0xaf, 0x03, 0x0e, 0x0d, 0x02,
    0x0d, 0x0e, 0x01, 0xdd, 0x03, 0x0e, 0x0c, 0x03, 0x0e, 0x0a, 0x28, 0x03, 0x0e, 0x09, 0x05, 0x0f,
    0x04, 0x2e, 0x09, 0x0f, 0x06, 0x9d, 0x01, 0x0b, 0x0f, 0x02, 0x41, 0x04, 0x0f, 0x0b, 0x9d, 0x0a,
    0x0f, 0x0c, 0x02, 0x19, 0x0d, 0x0f, 0x01, 0x37, 0x01, 0x0f, 0x0d, 0x55, 0x08, 0x0f, 0x06, 0x37,
    0x06, 0x0f, 0x07, 0x55, 0x03, 0x0f, 0x0b, 0x37, 0x0b, 0x0f, 0x02, 0xc2, 0x0d, 0x0f, 0x01, 0x51,
    0x01, 0x0f, 0x0b, 0x22, 0x07, 0x0f, 0x06, 0x51, 0x06, 0x0f, 0x06, 0x22, 0x02, 0x0f, 0x0b, 0x51,
    0x0b, 0x0f, 0x01, 0xb8, 0x0c, 0x0f, 0x01, 0x01, 0x0f, 0x0b, 0xdd, 0x06, 0x0f, 0x05, 0x06, 0x0f,
    0x06, 0xdd, 0x01, 0x0f, 0x0a, 0x0a, 0x0f, 0x01, 0x28, 0x0b, 0x0e, 0x0e, 0x0a, 0x00, 0x28, 0x06,
    0x0f, 0x0f, 0x05, 0x00, 0x28, 0x01, 0x0f, 0x0e, 0x01, 0x10, 0x0a, 0x6a, 0x02, 0x04, 0x03, 0x01,
    0x04, 0x03, 0xdd, 0x01, 0x0c, 0x0f, 0x03, 0x0b, 0x0f, 0x03, 0xdd, 0x01, 0x0c, 0x0d, 0x02, 0x0d,
    0x0c, 0x28, 0x01, 0x0a, 0x08, 0x02, 0x0b, 0x04, 0x3a, 0x06, 0x0f, 0x07, 0x37, 0x04, 0x0d, 0x0e,
    0x01, 0x2c, 0x01, 0x0f, 0x0b, 0x38, 0x01, 0x0e, 0x0f, 0x09, 0xc2, 0x0b, 0x0f, 0x01, 0x51, 0x05,
    0x0f, 0x07, 0x22, 0x05, 0x0f, 0x06, 0x51, 0x0a, 0x0f, 0x02, 0x22, 0x01, 0x0f, 0x0a, 0x51, 0x0e,
    0x0c, 0xdd, 0x0a, 0x0e, 0x00, 0x03, 0x0f, 0x07, 0xdd, 0x05, 0x0f, 0x04, 0x08, 0x0f, 0x02, 0xdd,
    0x01, 0x0f, 0x09, 0x0c, 0x0b, 0x00, 0x28, 0x0a, 0x0d, 0x0f, 0x06, 0x00, 0x28, 0x05, 0x0f, 0x0f,
    0x01, 0x00, 0x28, 0x01, 0x0e, 0x0b, 0x10, 0x17, 0x38, 0x7d, 0x01, 0x08, 0x0d, 0x0f, 0x0e, 0x0c,
    0x06, 0x22, 0x02, 0x0d, 0x0f, 0x0d, 0x0a, 0x0a, 0x0e, 0x0f, 0x0b, 0xc2, 0x0c, 0x0f, 0x07, 0x38,
    0x01, 0x0a, 0x0f, 0x08, 0x2c, 0x04, 0x0f, 0x0a, 0x9d, 0x0d, 0x0f, 0x01, 0x00, 0x09, 0x0f, 0x05,
    0x37, 0x0d, 0x0f, 0x01, 0x70, 0x09, 0x0f, 0x05, 0x9d, 0x08, 0x0f, 0x06, 0x00, 0x04, 0x0f, 0x0a,
    0x38, 0x03, 0x0f, 0x0b, 0x71, 0x0c, 0x0f, 0x02, 0x9d, 0x05, 0x0f, 0x08, 0x51, 0x0d, 0x0f, 0x01,
    0x51, 0x07, 0x0f, 0x05, 0x71, 0x0d, 0x0f, 0x01, 0x9d, 0x04, 0x0f, 0x09, 0x51, 0x08, 0x0f, 0x05,
    0x51, 0x0c, 0x0f, 0x01, 0x71, 0x0d, 0x0f, 0x01, 0x9d, 0x04, 0x0f, 0x09, 0x51, 0x03, 0x0f, 0x0a,
    0x00, 0x02, 0x0f, 0x0a, 0x74, 0x0c, 0x0f, 0x02, 0x9d, 0x05, 0x0f, 0x08, 0x38, 0x0c, 0x0f, 0x01,
    0x06, 0x0f, 0x05, 0x74, 0x09, 0x0f, 0x04, 0x9d, 0x08, 0x0f, 0x06, 0x38, 0x07, 0x0f, 0x05, 0x0b,
    0x0e, 0x01, 0x74, 0x04, 0x0f, 0x0a, 0x9d, 0x0d, 0x0f, 0x01, 0x38, 0x02, 0x0f, 0x0b, 0x0f, 0x0a,
    0x2d, 0x0c, 0x0f, 0x07, 0x37, 0x09, 0x0f, 0x09, 0x18, 0x0b, 0x0f, 0x0f, 0x04, 0x2d, 0x02, 0x0d,
    0x0f, 0x0d, 0x09, 0x0a, 0x0e, 0x0f, 0x0b, 0x01, 0x18, 0x06, 0x0f, 0x0e, 0x4b, 0x01, 0x08, 0x0d,
    0x0f, 0x0e, 0x0c, 0x06, 0x4c, 0x02, 0x0f, 0x09, 0xdf, 0x05, 0x0f, 0x04, 0xdf, 0x0c, 0x0d, 0x28,
    0x02, 0x09, 0x0d, 0x0f, 0x06, 0x28, 0x02, 0x0e, 0x0e, 0x07, 0x10, 0x15, 0x37, 0x7e, 0x07, 0x0d,
    0x0f, 0x0e, 0x0a, 0x02, 0x51, 0x09, 0x0f, 0x05, 0x37, 0x0d, 0x0f, 0x01, 0x2d, 0x0b, 0x0f, 0x0c,
    0x08, 0x09, 0x0f, 0x0e, 0x03, 0x00, 0x04, 0x0f, 0x0a, 0x38, 0x03, 0x0f, 0x0b, 0x2d, 0x06, 0x0f,
    0x09, 0x38, 0x04, 0x0f, 0x0d, 0x51, 0x0d, 0x0f, 0x01, 0x51, 0x07, 0x0f, 0x05, 0x2d, 0x0d, 0x0f,
    0x01, 0x37, 0x0a, 0x0f, 0x04, 0x00, 0x08, 0x0f, 0x05, 0x51, 0x0c, 0x0f, 0x01, 0x44, 0x01, 0x0f,
    0x0c, 0x18, 0x06, 0x0f, 0x07, 0x00, 0x03, 0x0f, 0x0a, 0x00, 0x02, 0x0f, 0x0a, 0x2d, 0x01, 0x0f,
    0x0b, 0x18, 0x05, 0x0f, 0x08, 0x51, 0x0c, 0x0f, 0x01, 0x06, 0x0f, 0x05, 0x2d, 0x01, 0x0f, 0x0c,
    0x18, 0x06, 0x0f, 0x07, 0x51, 0x07, 0x0f, 0x05, 0x0b, 0x0e, 0x01, 0x64, 0x0d, 0x0f, 0x01, 0x37,
    0x09, 0x0f, 0x04, 0x51, 0x02, 0x0f, 0x0b, 0x0f, 0x0a, 0x4b, 0x07, 0x0f, 0x09, 0x38, 0x03, 0x0f,
    0x0d, 0x37, 0x0b, 0x0f, 0x0f, 0x04, 0x3f, 0x0b, 0x0f, 0x0c, 0x08, 0x09, 0x0f, 0x0e, 0x03, 0x37,
    0x06, 0x0f, 0x0e, 0x66, 0x07, 0x0d, 0x0f, 0x0e, 0x0a, 0x02, 0x18, 0x02, 0x0f, 0x09, 0xdf, 0x05,
    0x0f, 0x04, 0xdf, 0x0c, 0x0d, 0x28, 0x02, 0x09, 0x0d, 0x0f, 0x06, 0x28, 0x02, 0x0e, 0x0e, 0x07,
    0x10, 0x0e, 0x4d, 0x01, 0x0f, 0x0b, 0x28, 0x02, 0x09, 0x0d, 0x0f, 0x0f, 0x0b, 0x05, 0x22, 0x03,
    0x0e, 0x0f, 0x0d, 0x0f, 0x0e, 0x0e, 0x0f, 0x09, 0x55, 0x01, 0x0d, 0x0f, 0x05, 0x01, 0x0f, 0x0b,
    0x01, 0x0c, 0x0f, 0x06, 0x2c, 0x07, 0x0f, 0x08, 0x18, 0x02, 0x0f, 0x0d, 0x2c, 0x0b, 0x0f, 0x02,
    0x9d, 0x0a, 0x0f, 0x03, 0x19, 0x0e, 0x0e, 0x4c, 0x07, 0x0f, 0x06, 0x19, 0x0f, 0x0d, 0x4c, 0x06,
    0x0f, 0x07, 0x19, 0x0f, 0x0d, 0x4c, 0x06, 0x0f, 0x07, 0x19, 0x0e, 0x0e, 0x4c, 0x07, 0x0f, 0x06,
    0x19, 0x0b, 0x0f, 0x02, 0x9d, 0x0a, 0x0f, 0x03, 0x19, 0x07, 0x0f, 0x08, 0x18, 0x01, 0x0e, 0x0e,
    0x2c, 0x01, 0x0d, 0x0f, 0x05, 0x01, 0x0f, 0x0b, 0x01, 0x0b, 0x0f, 0x06, 0x55, 0x03, 0x0e, 0x0f,
    0x0d, 0x0f, 0x0e, 0x0e, 0x0f, 0x09, 0x22, 0x01, 0x09, 0x0d, 0x0f, 0x0f, 0x0b, 0x05, 0x28, 0x01,
    0x0f, 0x0b, 0x10, 0x0b, 0x38, 0x39, 0x04, 0x0f, 0x09, 0x00, 0x28, 0x07, 0x0d, 0x0f, 0x0f, 0x0a,
    0x02, 0xb8, 0x0b, 0x0f, 0x0d, 0x0f, 0x0d, 0x0f, 0x0e, 0x03, 0xc2, 0x06, 0x0f, 0x09, 0x04, 0x0f,
    0x09, 0x04, 0x0f, 0x0d, 0xc2, 0x0d, 0x0f, 0x01, 0x37, 0x0a, 0x0f, 0x04, 0x2c, 0x01, 0x0f, 0x0c,
    0x18, 0x06, 0x0f, 0x07, 0x2c, 0x01, 0x0f, 0x0b, 0x18, 0x05, 0x0f, 0x08, 0x2c, 0x01, 0x0f, 0x0c,
    0x18, 0x06, 0x0f, 0x07, 0x55, 0x0d, 0x0f, 0x01, 0x37, 0x09, 0x0f, 0x04, 0x55, 0x07, 0x0f, 0x09,
    0x04, 0x0f, 0x09, 0x03, 0x0f, 0x0d, 0x22, 0x0b, 0x0f, 0x0d, 0x0f, 0x0d, 0x0f, 0x0e, 0x03, 0xb8,
    0x07, 0x0d, 0x0f, 0x0f, 0x0a, 0x02, 0x28, 0x04, 0x0f, 0x09, 0x10, 0x12, 0x24, 0x01, 0x06, 0x06,
    0x02, 0x00, 0x28, 0x0d, 0x0e, 0x0d, 0x0f, 0x0b, 0x06, 0x03, 0x22, 0x03, 0x0f, 0x02, 0x00, 0x03,
    0x09, 0x0d, 0x0f, 0x02, 0xdd, 0x09, 0x0e, 0x1a, 0x0b, 0x0c, 0xb8, 0x08, 0x0d, 0x07, 0x00, 0x01,
    0x0c, 0x03, 0x51, 0x0d, 0x0c, 0x04, 0x41, 0x0a, 0x0f, 0x0c, 0x04, 0x9d, 0x08, 0x0e, 0x0f, 0x05,
    0x00, 0x3f, 0x03, 0x0f, 0x0c, 0x3c, 0x04, 0x0f, 0x0c, 0x00, 0x3f, 0x06, 0x0f, 0x07, 0xa5, 0x0d,
    0x0f, 0x00, 0x3f, 0x07, 0x0f, 0x06, 0xa5, 0x0c, 0x0f, 0x01, 0x3f, 0x07, 0x0f, 0x06, 0xa5, 0x0c,
    0x0f, 0x01, 0x3f, 0x07, 0x0f, 0x06, 0x38, 0x02, 0x0f, 0x0b, 0x37, 0x0c, 0x0f, 0x01, 0x3f, 0x07,
    0x0f, 0x06, 0x38, 0x02, 0x0f, 0x0b, 0x37, 0x0c, 0x0f, 0x01, 0x3f, 0x07, 0x0f, 0x06, 0x38, 0x02,
    0x0f, 0x0b, 0x37, 0x0c, 0x0f, 0x01, 0x3f, 0x07, 0x0f, 0x06, 0x38, 0x02, 0x0f, 0x0b, 0x37, 0x0c,
    0x0f, 0x01, 0x3f, 0x06, 0x0f, 0x08, 0x38, 0x03, 0x0f, 0x0c, 0x37, 0x0d, 0x0f, 0x00, 0x3f, 0x03,
    0x0f, 0x0c, 0x38, 0x08, 0x0f, 0x0f, 0x03, 0x51, 0x04, 0x0f, 0x0c, 0x66, 0x0a, 0x0f, 0x0c, 0x08,
    0x0b, 0x0f, 0x0c, 0x0e, 0x0e, 0x09, 0x09, 0x0e, 0x0f, 0x05, 0x41, 0x08, 0x0d, 0x0f, 0x0d, 0x08,
    0x01, 0x03, 0x0b, 0x0e, 0x0f, 0x0c, 0x05, 0x10, 0x0f, 0x37, 0xa4, 0x01, 0x06, 0x08, 0x04, 0x00,
    0x28, 0x0c, 0x0e, 0x0b, 0x0e, 0x0d, 0x08, 0x05, 0x01, 0xc2, 0x01, 0x0e, 0x04, 0x00, 0x01, 0x07,
    0x0c, 0x0e, 0x04, 0xdd, 0x07, 0x0f, 0x01, 0xdf, 0x09, 0x0e, 0xb8, 0x04, 0x0c, 0x0b, 0x51, 0x0c,
    0x04, 0x00, 0x05, 0x0d, 0x08, 0x19, 0x02, 0x0f, 0x0e, 0x06, 0x18, 0x03, 0x0c, 0x0f, 0x08, 0x41,
    0x08, 0x0f, 0x05, 0x4c, 0x01, 0x0e, 0x0e, 0x41, 0x0b, 0x0f, 0x01, 0x52, 0x0a, 0x0f, 0x02, 0x66,
    0x0c, 0x0f, 0x01, 0x52, 0x0a, 0x0f, 0x02, 0x66, 0x0c, 0x0f, 0x01, 0x51, 0x03, 0x0f, 0x09, 0x38,
    0x0a, 0x0f, 0x02, 0x66, 0x0c, 0x0f, 0x01, 0x51, 0x03, 0x0f, 0x09, 0x38, 0x0a, 0x0f, 0x02, 0x66,
    0x0b, 0x0f, 0x01, 0x51, 0x03, 0x0f, 0x09, 0x38, 0x0a, 0x0f, 0x02, 0x66, 0x08, 0x0f, 0x05, 0x51,
    0x07, 0x0f, 0x0d, 0x51, 0x01, 0x0e, 0x0e, 0x41, 0x02, 0x0f, 0x0e, 0x08, 0x0a, 0x0f, 0x0d, 0x0f,
    0x0c, 0x08, 0x0c, 0x0f, 0x08, 0x19, 0x04, 0x0c, 0x0f, 0x0e, 0x09, 0x01, 0x05, 0x0d, 0x0f, 0x0d,
    0x08, 0x10, 0x12, 0x31, 0x01, 0x01, 0x01, 0x01, 0x01, 0x01, 0x01, 0x01, 0xc2, 0x01, 0x0f, 0x0f,
    0x0f, 0x0f, 0x0f, 0x0f, 0x0f, 0x0d, 0x28, 0x0f, 0x09, 0x00, 0xd6, 0x07, 0x0f, 0x06, 0x38, 0x02,
    0x0f, 0x0c, 0x37, 0x0b, 0x0f, 0x02, 0x3f, 0x07, 0x0f, 0x06, 0x38, 0x02, 0x0f, 0x0c, 0x37, 0x0b,
    0x0f, 0x02, 0x3f, 0x07, 0x0f, 0x06, 0x38, 0x02, 0x0f, 0x0c, 0x37, 0x0b, 0x0f, 0x02, 0x3f, 0x07,
    0x0f, 0x06, 0x38, 0x02, 0x0f, 0x0c, 0x37, 0x0b, 0x0f, 0x02, 0x3f, 0x07, 0x0f, 0x06, 0x38, 0x02,
    0x0f, 0x0c, 0x37, 0x0b, 0x0f, 0x02, 0x3f, 0x07, 0x0f, 0x06, 0x38, 0x02, 0x0f, 0x0c, 0x37, 0x0b,
    0x0f, 0x02, 0x3f, 0x07, 0x0f, 0x06, 0x38, 0x02, 0x0f, 0x0c, 0x37, 0x0b, 0x0f, 0x02, 0x3f, 0x07,
    0x0f, 0x06, 0x38, 0x02, 0x0f, 0x0c, 0x37, 0x0b, 0x0f, 0x02, 0x3f, 0x07, 0x0f, 0x06, 0x38, 0x02,
    0x0f, 0x0c, 0x37, 0x0b, 0x0f, 0x02, 0x3f, 0x07, 0x0f, 0x06, 0x38, 0x02, 0x0f, 0x0c, 0x37, 0x0b,
    0x0f, 0x02, 0x3f, 0x07, 0x0f, 0x07, 0x38, 0x03, 0x0f, 0x0d, 0x37, 0x0c, 0x0f, 0x02, 0x3f, 0x04,
    0x0f, 0x0c, 0x38, 0x08, 0x0f, 0x0f, 0x03, 0x51, 0x02, 0x0f, 0x0e, 0x66, 0x0b, 0x0f, 0x0c, 0x08,
    0x0b, 0x0f, 0x0b, 0x0e, 0x0e, 0x09, 0x09, 0x0e, 0x0f, 0x06, 0x66, 0x01, 0x08, 0x0d, 0x0f, 0x0d,
    0x08, 0x00, 0x02, 0x0b, 0x0e, 0x0f, 0x0c, 0x05, 0x10, 0x0f, 0x38, 0xa4, 0x01, 0x01, 0x01, 0x01,
    0x01, 0x01, 0x01, 0x01, 0xc2, 0x03, 0x0f, 0x0f, 0x0f, 0x0f, 0x0f, 0x0f, 0x0f, 0x0c, 0xdd, 0x02,
    0x0f, 0x08, 0x5e, 0x0b, 0x0f, 0x01, 0x51, 0x03, 0x0f, 0x0a, 0x38, 0x09, 0x0f, 0x03, 0x66, 0x0b,
    0x0f, 0x01, 0x51, 0x03, 0x0f, 0x0a, 0x38, 0x09, 0x0f, 0x03, 0x66, 0x0b, 0x0f, 0x01, 0x51, 0x03,
    0x0f, 0x0a, 0x38, 0x09, 0x0f, 0x03, 0x66, 0x0b, 0x0f, 0x01, 0x51, 0x03, 0x0f, 0x0a, 0x38, 0x09,
    0x0f, 0x03, 0x66, 0x0b, 0x0f, 0x01, 0x51, 0x03, 0x0f, 0x0a, 0x38, 0x09, 0x0f, 0x03, 0x66, 0x0b,
    0x0f, 0x01, 0x51, 0x03, 0x0f, 0x0a, 0x38, 0x09, 0x0f, 0x03, 0x66, 0x0b, 0x0f, 0x01, 0x51, 0x03,
    0x0f, 0x0a, 0x38, 0x09, 0x0f, 0x03, 0x66, 0x0b, 0x0f, 0x01, 0x51, 0x03, 0x0f, 0x0a, 0x38, 0x09,
    0x0f, 0x03, 0x66, 0x09, 0x0f, 0x05, 0x51, 0x07, 0x0f, 0x0d, 0x38, 0x0d, 0x0f, 0x01, 0x66, 0x03,
    0x0f, 0x0e, 0x08, 0x09, 0x0f, 0x0d, 0x0f, 0x0c, 0x08, 0x0c, 0x0f, 0x09, 0x19, 0x04, 0x0c, 0x0f,
    0x0e, 0x09, 0x01, 0x05, 0x0d, 0x0f, 0x0d, 0x08, 0x10, 0x0d, 0x38, 0x7d, 0x02, 0x09, 0x0d, 0x0f,
    0x0e, 0x0b, 0x04, 0x22, 0x03, 0x0e, 0x0f, 0x0b, 0x08, 0x0a, 0x0e, 0x0f, 0x08, 0x55, 0x01, 0x0d,
    0x0f, 0x05, 0x38, 0x01, 0x0d, 0x0f, 0x04, 0x2c, 0x07, 0x0f, 0x09, 0x18, 0x05, 0x0f, 0x0a, 0x2c,
    0x0b, 0x0f, 0x03, 0x18, 0x01, 0x0f, 0x0c, 0x2c, 0x0d, 0x0f, 0x01, 0xdf, 0x0d, 0x0f, 0x1a, 0x0d,
    0x0f, 0x1a, 0x0c, 0x0f, 0x01, 0xdf, 0x0b, 0x0f, 0x03, 0xdf, 0x07, 0x0f, 0x08, 0xdf, 0x01, 0x0e,
    0x0f, 0x05, 0xdf, 0x03, 0x0e, 0x0f, 0x0b, 0x09, 0x06, 0x28, 0x02, 0x09, 0x0e, 0x0f, 0x0b, 0xdf,
    0x03, 0x0f, 0x0b, 0xdf, 0x03, 0x0f, 0x0b, 0xdf, 0x03, 0x0f, 0x0b, 0xdf, 0x03, 0x0f, 0x0b, 0x10,
    0x0b, 0x37, 0x7e, 0x07, 0x0d, 0x0f, 0x0e, 0x09, 0x01, 0xb8, 0x0b, 0x0f, 0x0b, 0x08, 0x0a, 0x0f,
    0x0c, 0x22, 0x06, 0x0f, 0x09, 0x38, 0x08, 0x0f, 0x06, 0xc2, 0x0c, 0x0f, 0x02, 0x38, 0x01, 0x0f,
    0x0a, 0xc2, 0x0f, 0x0d, 0x1a, 0x0f, 0x0c, 0x1a, 0x0e, 0x0d, 0x1a, 0x0c, 0x0f, 0x01, 0xdf, 0x06,
    0x0f, 0x09, 0x1a, 0x0b, 0x0f, 0x0b, 0x08, 0x04, 0x00, 0x28, 0x07, 0x0d, 0x0f, 0x09, 0xdf, 0x03,
    0x0f, 0x09, 0xdf, 0x03, 0x0f, 0x09, 0xdf, 0x03, 0x0f, 0x09, 0xdf, 0x03, 0x0f, 0x09, 0x10, 0x0c,
    0x38, 0x6d, 0x02, 0x0f, 0x08, 0xb8, 0x03, 0x38, 0x0a, 0x0e, 0x01, 0x22, 0x01, 0x0e, 0x0d, 0x04,
    0x04, 0x0f, 0x06, 0xdd, 0x03, 0x0b, 0x0f, 0x0e, 0x0c, 0xdf, 0x09, 0x0f, 0x0f, 0x08, 0x01, 0xdd,
    0x01, 0x0e, 0x0a, 0x08, 0x0f, 0x0d, 0x03, 0x2c, 0x04, 0x04, 0x51, 0x08, 0x0f, 0x02, 0x00, 0x02,
    0x09, 0x55, 0x09, 0x0f, 0x0b, 0x04, 0x0f, 0x08, 0x28, 0x04, 0x0d, 0x0f, 0x0f, 0x02, 0x00, 0x28,
    0x04, 0x0f, 0x0f, 0x0e, 0x05, 0x28, 0x0c, 0x0c, 0x02, 0x0a, 0x0f, 0x07, 0xb8, 0x06, 0x0f, 0x04,
    0x51, 0x04, 0x01, 0x22, 0x01, 0x0e, 0x0a, 0x10, 0x00, 0xd9, 0x0b, 0x0d, 0xb8, 0x01, 0x01, 0x01,
    0x01, 0x01, 0x0b, 0x0d, 0xb8, 0x0f, 0x0f, 0x0f, 0x0f, 0x0f, 0x0f, 0x0d, 0xb8, 0x0f, 0x09, 0x10,
    0x00, 0x9a, 0x03, 0x05, 0x07, 0x0b, 0x0e, 0x0f, 0x0b, 0x01, 0x22, 0x0d, 0x0e, 0x0c, 0x08, 0x05,
    0x05, 0x0e, 0x07, 0x10, 0x00, 0x6e, 0x08, 0x0f, 0x04, 0xdf, 0x04, 0x0f, 0x06, 0x1a, 0x06, 0x08,
    0x10, 0x00, 0x7c, 0x05, 0x0f, 0x06, 0xdf, 0x07, 0x0e, 0x03, 0xdf, 0x09, 0x04, 0x10, 0x00, 0x00,
    0x4a, 0x03, 0x01, 0x00, 0x28, 0x02, 0x0d, 0x0a, 0x0d, 0x04, 0x28, 0x04, 0x07, 0x00, 0x05, 0x06,
    0x55, 0x01, 0x06, 0x07, 0x01, 0x52, 0x05, 0x07, 0x04, 0x00, 0x3f, 0x0c, 0x09, 0x08, 0x0d, 0x4c,
    0x07, 0x0c, 0x06, 0x0e, 0x04, 0x3f, 0x05, 0x01, 0x00, 0x05, 0x4c, 0x03, 0x02, 0x00, 0x03, 0x02,
    0x80, 0x07, 0x09, 0x04, 0x3b, 0x01, 0x07, 0x08, 0x03, 0x2d, 0x09, 0x0a, 0x05, 0x0e, 0x03, 0xa5,
    0x0a, 0x09, 0x05, 0x0e, 0x02, 0x44, 0x03, 0x01, 0x00, 0x03, 0x01, 0xa5, 0x03, 0x01, 0x00, 0x03,
    0x01, 0x24, 0x02, 0x07, 0x07, 0x01, 0x52, 0x06, 0x08, 0x03, 0x00, 0x3f, 0x0d, 0x07, 0x09, 0x0c,
    0x4c, 0x08, 0x0b, 0x06, 0x0e, 0x02, 0x4b, 0x01, 0x05, 0x00, 0x01, 0x05, 0x4c, 0x04, 0x02, 0x00,
    0x04, 0x02, 0x55, 0x06, 0x0b, 0x09, 0x01, 0x28, 0x04, 0x0d, 0x02, 0x09, 0x09, 0x28, 0x01, 0x01,
    0x00, 0x01, 0x01, 0x10, 0x00, 0x4a, 0x03, 0x03, 0x1a, 0x0b, 0x06, 0x22, 0x01, 0x37, 0x01, 0x0f,
    0x03, 0x22, 0x0a, 0x05, 0x38, 0x07, 0x0f, 0x18, 0x03, 0x01, 0x66, 0x05, 0x0e, 0x01, 0x4c, 0x04,
    0x0b, 0x0e, 0x04, 0x41, 0x0d, 0x08, 0x9d, 0x01, 0x0c, 0x0a, 0x01, 0x19, 0x04, 0x01, 0x4c, 0x01,
    0x34, 0x02, 0x01, 0x4f, 0x02, 0x3f, 0x07, 0x0f, 0x0d, 0x08, 0x3b, 0x0c, 0x0c, 0x07, 0x01, 0x64,
    0x01, 0x07, 0x09, 0x3b, 0x03, 0x07, 0x0a, 0x07, 0x90, 0x01, 0x04, 0x19, 0x01, 0x0b, 0x0c, 0x01,
    0x9d, 0x09, 0x0c, 0x41, 0x04, 0x0e, 0x0b, 0x04, 0x38, 0x06, 0x03, 0x51, 0x02, 0x0e, 0x04, 0x66,
    0x02, 0x03, 0x37, 0x01, 0x0f, 0x04, 0x38, 0x06, 0x0a, 0x22, 0x04, 0x0e, 0x18, 0x01, 0x22, 0x07,
    0x08, 0x10, 0x0f, 0xd5, 0x0a, 0x0c, 0x51, 0x06, 0x0f, 0x01, 0xb8, 0x06, 0x0f, 0x05, 0x03, 0x0c,
    0x0b, 0x28, 0x08, 0x0e, 0x0f, 0x0b, 0x02, 0x2e, 0x04, 0x0f, 0x09, 0x9d, 0x0b, 0x0f, 0x08, 0x19,
    0x04, 0x0f, 0x09, 0x18, 0x06, 0x0f, 0x0f, 0x08, 0x19, 0x04, 0x0f, 0x09, 0x37, 0x01, 0x0e, 0x0f,
    0x0f, 0x08, 0x19, 0x04, 0x0f, 0x09, 0x37, 0x0a, 0x0f, 0x0c, 0x0f, 0x08, 0x19, 0x04, 0x0f, 0x09,
    0x38, 0x05, 0x0f, 0x0b, 0x06, 0x0f, 0x08, 0x19, 0x04, 0x0f, 0x09, 0x51, 0x01, 0x0d, 0x0f, 0x02,
    0x06, 0x0f, 0x08, 0x19, 0x04, 0x0f, 0x09, 0x51, 0x09, 0x0f, 0x07, 0x00, 0x06, 0x0f, 0x08, 0x19,
    0x04, 0x0f, 0x09, 0x00, 0x04, 0x0f, 0x0c, 0x51, 0x06, 0x0f, 0x08, 0x19, 0x04, 0x0f, 0x09, 0x01,
    0x0d, 0x0f, 0x03, 0x51, 0x06, 0x0f, 0x08, 0x19, 0x04, 0x0f, 0x09, 0x08, 0x0f, 0x08, 0x38, 0x06,
    0x0f, 0x08, 0x19, 0x04, 0x0f, 0x0c, 0x0f, 0x0d, 0x37, 0x06, 0x0f, 0x08, 0x19, 0x04, 0x0f, 0x0f,
    0x0f, 0x04, 0x37, 0x06, 0x0f, 0x08, 0x19, 0x04, 0x0f, 0x0f, 0x09, 0x18, 0x06, 0x0f, 0x09, 0x04,
    0x41, 0x04, 0x0f, 0x0d, 0x01, 0x18, 0x06, 0x0f, 0x0f, 0x0f, 0x1a, 0x0c, 0x0f, 0x1a, 0x0e, 0x0c,
    0xdf, 0x06, 0x0f, 0x05, 0xdf, 0x03, 0x07, 0x10, 0x0c, 0x51, 0xa4, 0x03, 0x03, 0x51, 0x01, 0x04,
    0xdd, 0x0a, 0x0d, 0x51, 0x07, 0x0f, 0x01, 0xb8, 0x04, 0x0f, 0x09, 0x07, 0x0e, 0x09, 0x28, 0x04,
    0x0a, 0x0b, 0x07, 0xd2, 0x07, 0x0f, 0x05, 0x38, 0x02, 0x0f, 0x0f, 0xc2, 0x07, 0x0f, 0x05, 0x38,
    0x0b, 0x0f, 0x0f, 0xc2, 0x07, 0x0f, 0x05, 0x51, 0x05, 0x0f, 0x0f, 0x0f, 0xc2, 0x07, 0x0f, 0x05,
    0x00, 0x01, 0x0d, 0x0d, 0x0c, 0x0f, 0xc2, 0x07, 0x0f, 0x05, 0x00, 0x08, 0x0f, 0x04, 0x0c, 0x0f,
    0xc2, 0x07, 0x0f, 0x05, 0x02, 0x0f, 0x0a, 0x00, 0x0c, 0x0f, 0xc2, 0x07, 0x0f, 0x05, 0x0b, 0x0e,
    0x02, 0x00, 0x0c, 0x0f, 0xc2, 0x07, 0x0f, 0x0a, 0x0f, 0x07, 0x51, 0x0c, 0x0f, 0xc2, 0x07, 0x0f,
    0x0f, 0x0c, 0x38, 0x0c, 0x0f, 0xc2, 0x07, 0x0f, 0x0f, 0x04, 0x38, 0x0c, 0x0f, 0x06, 0x08, 0x2c,
    0x07, 0x0f, 0x0a, 0x37, 0x0c, 0x0f, 0x0c, 0x0f, 0x1a, 0x0c, 0x0e, 0xdf, 0x01, 0x0f, 0x0a, 0xdf,
    0x07, 0x0f, 0x03, 0xdf, 0x01, 0x04, 0x10, 0x0b, 0xa4, 0x07, 0x0f, 0x05, 0xdf, 0x07, 0x0f, 0x05,
    0x28, 0x05, 0x0f, 0x0f, 0x0f, 0x0f, 0x0f, 0x0f, 0x07, 0x22, 0x03, 0x07, 0x0b, 0x0f, 0x0a, 0x07,
    0x07, 0x03, 0xdd, 0x07, 0x0f, 0x05, 0xdf, 0x07, 0x0f, 0x05, 0xdf, 0x07, 0x0f, 0x05, 0xdf, 0x07,
    0x0f, 0x05, 0xdf, 0x07, 0x0f, 0x0a, 0x07, 0x07, 0x07, 0x04, 0xb8, 0x07, 0x0f, 0x0f, 0x0f, 0x0f,
    0x0f, 0x0f, 0x0b, 0x01, 0xc2, 0x07, 0x0f, 0x05, 0x51, 0x01, 0x09, 0x0f, 0x09, 0xc2, 0x07, 0x0f,
    0x05, 0x37, 0x0f, 0x0e, 0xc2, 0x07, 0x0f, 0x05, 0x37, 0x0d, 0x0e, 0xc2, 0x07, 0x0f, 0x05, 0x38,
    0x02, 0x0f, 0x0b, 0xc2, 0x07, 0x0f, 0x0a, 0x07, 0x07, 0x08, 0x0e, 0x0f, 0x04, 0xc2, 0x07, 0x0f,
    0x0f, 0x0f, 0x0f, 0x0f, 0x0c, 0x04, 0x10, 0x0d, 0x00, 0x7d, 0x05, 0x0f, 0x0f, 0x0f, 0x0f, 0x0f,
    0x0f, 0x0c, 0x07, 0xc2, 0x05, 0x0f, 0x0c, 0x08, 0x08, 0x08, 0x09, 0x0d, 0x0f, 0x0b, 0x55, 0x05,
    0x0f, 0x08, 0x18, 0x0b, 0x0f, 0x07, 0x2c, 0x05, 0x0f, 0x08, 0x18, 0x03, 0x0f, 0x0c, 0x2c, 0x05,
    0x0f, 0x08, 0x9d, 0x0f, 0x0d, 0x2c, 0x05, 0x0f, 0x08, 0x38, 0x02, 0x0b, 0x04, 0x0f, 0x0c, 0x2c,
    0x05, 0x0f, 0x08, 0x38, 0x03, 0x0e, 0x0f, 0x0f, 0x08, 0x2c, 0x05, 0x0f, 0x0c, 0x08, 0x08, 0x08,
    0x09, 0x0d, 0x0f, 0x0f, 0x01, 0x2c, 0x05, 0x0f, 0x0f, 0x0f, 0x0f, 0x0f, 0x0f, 0x0c, 0x09, 0x0f,
    0x0a, 0x2c, 0x05, 0x0f, 0x08, 0x9d, 0x06, 0x08, 0x2c, 0x05, 0x0f, 0x08, 0xdf, 0x05, 0x0f, 0x08,
    0xdf, 0x05, 0x0f, 0x08, 0xdf, 0x05, 0x0f, 0x08, 0x10, 0x0b, 0x51, 0x7e, 0x09, 0x0f, 0x03, 0x0a,
    0x0e, 0x0f, 0x0c, 0x04, 0x22, 0x09, 0x0f, 0x0e, 0x0c, 0x08, 0x0a, 0x0f, 0x0f, 0x04, 0xc2, 0x09,
    0x0f, 0x08, 0x38, 0x05, 0x0f, 0x0c, 0xc2, 0x09, 0x0f, 0x03, 0x37, 0x0c, 0x0f, 0x01, 0x55, 0x09,
    0x0f, 0x03, 0x37, 0x09, 0x0f, 0x04, 0x55, 0x09, 0x0f, 0x03, 0x37, 0x08, 0x0f, 0x04, 0x55, 0x09,
    0x0f, 0x03, 0x37, 0x09, 0x0f, 0x04, 0x55, 0x09, 0x0f, 0x03, 0x51, 0x06, 0x08, 0x0c, 0x0f, 0x01,
    0x55, 0x09, 0x0f, 0x08, 0x51, 0x08, 0x0f, 0x0f, 0x0b, 0xc2, 0x09, 0x0f, 0x0f, 0x0b, 0x08, 0x0a,
    0x0f, 0x0f, 0x07, 0xc2, 0x09, 0x0f, 0x05, 0x0a, 0x0e, 0x0f, 0x0c, 0x0b, 0x0f, 0x02, 0x55, 0x09,
    0x0f, 0x03, 0x37, 0x01, 0x06, 0xc2, 0x09, 0x0f, 0x03, 0xdf, 0x09, 0x0f, 0x03, 0xdf, 0x09, 0x0f,
    0x03, 0x10, 0x0b, 0xdb, 0x07, 0x0f, 0x05, 0xdf, 0x07, 0x0f, 0x05, 0xdf, 0x07, 0x0f, 0x05, 0x55,
    0x06, 0x0f, 0x0f, 0x0f, 0x0f, 0x0f, 0x0f, 0x0f, 0x0f, 0x07, 0x55, 0x06, 0x0f, 0x0b, 0x08, 0x08,
    0x08, 0x08, 0x08, 0x08, 0x04, 0x55, 0x06, 0x0f, 0x07, 0xdf, 0x06, 0x0f, 0x07, 0xdf, 0x06, 0x0f,
    0x07, 0xdf, 0x06, 0x0f, 0x07, 0xdf, 0x06, 0x0f, 0x07, 0xdf, 0x06, 0x0f, 0x07, 0xdf, 0x06, 0x0f,
    0x07, 0xdf, 0x06, 0x0f, 0x07, 0xdf, 0x06, 0x0f, 0x07, 0xdf, 0x06, 0x0f, 0x07, 0xdf, 0x06, 0x0f,
    0x07, 0xdf, 0x06, 0x0f, 0x07, 0x10, 0x09, 0x51, 0xfc, 0x0a, 0x0f, 0x02, 0xdf, 0x0a, 0x0f, 0x02,
    0xdf, 0x0a, 0x0f, 0x02, 0x22, 0x09, 0x0f, 0x0f, 0x0f, 0x0f, 0x0f, 0x0f, 0x04, 0x22, 0x09, 0x0f,
    0x09, 0x07, 0x07, 0x07, 0x08, 0x02, 0x22, 0x09, 0x0f, 0x04, 0xdf, 0x09, 0x0f, 0x04, 0xdf, 0x09,
    0x0f, 0x04, 0xdf, 0x09, 0x0f, 0x04, 0xdf, 0x09, 0x0f, 0x04, 0xdf, 0x09, 0x0f, 0x04, 0xdf, 0x09,
    0x0f, 0x04, 0xdf, 0x09, 0x0f, 0x04, 0xdf, 0x09, 0x0f, 0x04, 0x10, 0x0b, 0x00, 0x7d, 0x04, 0x0f,
    0x0f, 0x0f, 0x0f, 0x0f, 0x0f, 0x0f, 0x0f, 0x07, 0x55, 0x04, 0x0f, 0x0c, 0x08, 0x08, 0x08, 0x08,
    0x08, 0x08, 0x04, 0x55, 0x04, 0x0f, 0x09, 0xdf, 0x04, 0x0f, 0x09, 0xdf, 0x04, 0x0f, 0x09, 0x00,
    0x28, 0x07, 0x09, 0x0f, 0x0c, 0x07, 0x07, 0x02, 0xb8, 0x0f, 0x0f, 0x0f, 0x0f, 0x0f, 0x0f, 0x04,
    0xdd, 0x04, 0x0f, 0x09, 0xdf, 0x04, 0x0f, 0x09, 0xdf, 0x04, 0x0f, 0x09, 0xdf, 0x04, 0x0f, 0x09,
    0xdf, 0x04, 0x0f, 0x09, 0xdf, 0x04, 0x0f, 0x09, 0xdf, 0x04, 0x0f, 0x09, 0x10, 0x08, 0x51, 0x7e,
    0x07, 0x0f, 0x0f, 0x0f, 0x0f, 0x0f, 0x0f, 0x03, 0x22, 0x07, 0x0f, 0x0a, 0x07, 0x07, 0x07, 0x07,
    0x01, 0x22, 0x07, 0x0f, 0x05, 0xdf, 0x07, 0x0f, 0x05, 0x00, 0x28, 0x07, 0x0b, 0x0f, 0x0a, 0x07,
    0x07, 0x01, 0xb8, 0x0f, 0x0f, 0x0f, 0x0f, 0x0f, 0x0f, 0x03, 0xdd, 0x07, 0x0f, 0x05, 0xdf, 0x07,
    0x0f, 0x05, 0xdf, 0x07, 0x0f, 0x05, 0xdf, 0x07, 0x0f, 0x05, 0xdf, 0x07, 0x0f, 0x05, 0x10, 0x0c,
    0x00, 0x7d, 0x04, 0x0f, 0x0f, 0x0f, 0x0f, 0x0f, 0x0f, 0x0f, 0x0f, 0x07, 0x55, 0x04, 0x0f, 0x0c,
    0x08, 0x08, 0x08, 0x08, 0x08, 0x08, 0x04, 0x55, 0x04, 0x0f, 0x09, 0xdf, 0x04, 0x0f, 0x09, 0xdf,
    0x04, 0x0f, 0x09, 0xdf, 0x04, 0x0f, 0x09, 0xdf, 0x04, 0x0f, 0x0f, 0x0f, 0x0f, 0x0e, 0x0b, 0x05,
    0x22, 0x04, 0x0f, 0x0d, 0x09, 0x09, 0x0a, 0x0e, 0x0f, 0x0a, 0xc2, 0x04, 0x0f, 0x09, 0x38, 0x01,
    0x0b, 0x0f, 0x07, 0x55, 0x04, 0x0f, 0x09, 0x37, 0x01, 0x0f, 0x0d, 0x55, 0x04, 0x0f, 0x09, 0x18,
    0x0b, 0x0f, 0x02, 0x2c, 0x04, 0x0f, 0x09, 0x18, 0x09, 0x0f, 0x03, 0x2c, 0x04, 0x0f, 0x09, 0x18,
    0x0a, 0x0f, 0x03, 0x2c, 0x04, 0x0f, 0x09, 0x18, 0x0c, 0x0f, 0x01, 0x00, 0x28, 0x04, 0x0f, 0x0a,
    0x28, 0x03, 0x09, 0x0f, 0x0e, 0x02, 0x28, 0x06, 0x0e, 0x0a, 0x02, 0x10, 0x0a, 0x51, 0x7e, 0x09,
    0x0f, 0x0f, 0x0f, 0x0f, 0x0f, 0x0f, 0x02, 0x22, 0x09, 0x0f, 0x09, 0x07, 0x07, 0x07, 0x07, 0x01,
    0x22, 0x09, 0x0f, 0x04, 0xdf, 0x09, 0x0f, 0x04, 0xdf, 0x09, 0x0f, 0x0f, 0x0f, 0x0d, 0x09, 0x01,
    0xb8, 0x09, 0x0f, 0x0a, 0x09, 0x0c, 0x0f, 0x0e, 0x02, 0x22, 0x09, 0x0f, 0x04, 0x51, 0x06, 0x0f,
    0x0b, 0x22, 0x09, 0x0f, 0x04, 0x38, 0x0b, 0x0f, 0x02, 0xc2, 0x09, 0x0f, 0x04, 0x38, 0x08, 0x0f,
    0x05, 0xc2, 0x09, 0x0f, 0x04, 0x38, 0x07, 0x0f, 0x05, 0xc2, 0x09, 0x0f, 0x04, 0x38, 0x0a, 0x0f,
    0x02, 0x00, 0x28, 0x03, 0x0f, 0x0b, 0x00, 0x28, 0x07, 0x0f, 0x0e, 0x02, 0x00, 0x28, 0x08, 0x0b,
    0x02, 0x10, 0x13, 0x7d, 0x01, 0x0e, 0x0f, 0x03, 0x37, 0x0b, 0x0f, 0x02, 0x38, 0x01, 0x0d, 0x0f,
    0x04, 0x4b, 0x04, 0x0f, 0x0d, 0x01, 0x38, 0x0b, 0x0f, 0x02, 0x38, 0x09, 0x0f, 0x09, 0x00, 0x3f,
    0x08, 0x0f, 0x09, 0x38, 0x0b, 0x0f, 0x02, 0x51, 0x05, 0x0f, 0x0c, 0x41, 0x0c, 0x0f, 0x04, 0x51,
    0x0b, 0x0f, 0x02, 0x00, 0x01, 0x0e, 0x0e, 0x02, 0x41, 0x02, 0x0e, 0x0e, 0x01, 0x00, 0x0b, 0x0f,
    0x02, 0x00, 0x0a, 0x0f, 0x06, 0x2c, 0x06, 0x0f, 0x0c, 0x08, 0x0d, 0x0f, 0x09, 0x0a, 0x0f, 0x0a,
    0x55, 0x03, 0x0f, 0x0f, 0x0f, 0x0f, 0x0f, 0x0f, 0x0f, 0x0f, 0x08, 0x55, 0x0c, 0x0f, 0x06, 0x00,
    0x0b, 0x0f, 0x02, 0x02, 0x0f, 0x0f, 0x02, 0x19, 0x06, 0x0f, 0x0c, 0x51, 0x0b, 0x0f, 0x02, 0x00,
    0x08, 0x0f, 0x0b, 0x41, 0x01, 0x0e, 0x0f, 0x04, 0x51, 0x0b, 0x0f, 0x02, 0x00, 0x01, 0x0e, 0x0f,
    0x05, 0x66, 0x09, 0x0f, 0x0a, 0x38, 0x0b, 0x0f, 0x02, 0x51, 0x05, 0x0f, 0x0d, 0x01, 0x3f, 0x04,
    0x0f, 0x0e, 0x02, 0x38, 0x0b, 0x0f, 0x02, 0x38, 0x0c, 0x0f, 0x08, 0x3f, 0x0c, 0x0f, 0x07, 0x37,
    0x0b, 0x0f, 0x02, 0x38, 0x03, 0x0f, 0x0f, 0x08, 0x06, 0x2d, 0x06, 0x0f, 0x0d, 0x01, 0x37, 0x0b,
    0x0f, 0x02, 0x37, 0x09, 0x0f, 0x0f, 0x0c, 0x1a, 0x0f, 0x0c, 0x1a, 0x0f, 0x0c, 0x1a, 0x0f, 0x0c,
    0x1a, 0x07, 0x06, 0x10, 0x10, 0x00, 0x7e, 0x02, 0x0e, 0x0e, 0x02, 0x51, 0x04, 0x0f, 0x08, 0x38,
    0x0c, 0x0f, 0x05, 0x66, 0x06, 0x0f, 0x0a, 0x51, 0x04, 0x0f, 0x08, 0x51, 0x07, 0x0f, 0x0a, 0x19,
    0x0b, 0x0f, 0x05, 0x00, 0x04, 0x0f, 0x08, 0x00, 0x02, 0x0e, 0x0e, 0x01, 0x19, 0x02, 0x0e, 0x0d,
    0x01, 0x04, 0x0f, 0x08, 0x00, 0x0a, 0x0f, 0x05, 0x55, 0x06, 0x0f, 0x0b, 0x0b, 0x0f, 0x0c, 0x0a,
    0x0f, 0x0a, 0xc2, 0x04, 0x0f, 0x0f, 0x0f, 0x0f, 0x0f, 0x0f, 0x0f, 0x08, 0xc2, 0x0d, 0x0f, 0x03,
    0x04, 0x0f, 0x08, 0x01, 0x0d, 0x0f, 0x02, 0x2c, 0x08, 0x0f, 0x09, 0x00, 0x04, 0x0f, 0x08, 0x00,
    0x05, 0x0f, 0x0c, 0x19, 0x03, 0x0f, 0x0e, 0x01, 0x00, 0x04, 0x0f, 0x08, 0x51, 0x0b, 0x0f, 0x06,
    0x41, 0x0c, 0x0f, 0x06, 0x51, 0x04, 0x0f, 0x08, 0x51, 0x02, 0x0f, 0x0e, 0x08, 0x06, 0x3f, 0x07,
    0x0f, 0x0c, 0x38, 0x04, 0x0f, 0x08, 0x38, 0x08, 0x0f, 0x0f, 0x0c, 0x1a, 0x0f, 0x0c, 0x1a, 0x0f,
    0x0c, 0x1a, 0x0f, 0x0c, 0x1a, 0x07, 0x06, 0x10, 0x0c, 0x51, 0x7d, 0x01, 0x08, 0x0d, 0x0f, 0x0f,
    0x0c, 0x08, 0x01, 0xc2, 0x02, 0x0d, 0x0f, 0x0c, 0x09, 0x09, 0x0d, 0x0f, 0x0d, 0x01, 0x55, 0x0a,
    0x0f, 0x07, 0x37, 0x0a, 0x0f, 0x08, 0x55, 0x0f, 0x0e, 0x18, 0x02, 0x0f, 0x0c, 0xdf, 0x01, 0x0f,
    0x0c, 0xdf, 0x08, 0x0f, 0x06, 0xb8, 0x06, 0x08, 0x09, 0x0c, 0x0f, 0x08, 0xdd, 0x0b, 0x0f, 0x0f,
    0x0f, 0x0e, 0x06, 0xdf, 0x03, 0x0b, 0x0f, 0x08, 0xdf, 0x01, 0x0e, 0x0e, 0x2c, 0x03, 0x0f, 0x0b,
    0x9d, 0x0d, 0x0f, 0x55, 0x0e, 0x0f, 0x05, 0x37, 0x06, 0x0f, 0x0c, 0x55, 0x04, 0x0f, 0x0f, 0x0b,
    0x08, 0x09, 0x0c, 0x0f, 0x0e, 0x03, 0xc2, 0x02, 0x09, 0x0d, 0x0f, 0x0f, 0x0c, 0x08, 0x02, 0x28,
    0x0f, 0x0c, 0x1a, 0x0f, 0x0c, 0x1a, 0x0f, 0x0c, 0x1a, 0x0f, 0x0c, 0x1a, 0x04, 0x03, 0x10, 0x0a,
    0x38, 0x7e, 0x05, 0x0c, 0x0e, 0x0f, 0x0d, 0x07, 0xb8, 0x07, 0x0f, 0x0d, 0x08, 0x08, 0x0c, 0x0f,
    0x09, 0x22, 0x0e, 0x0e, 0x01, 0x38, 0x0e, 0x0e, 0x1a, 0x0e, 0x0e, 0xdd, 0x05, 0x08, 0x08, 0x0c,
    0x0f, 0x05, 0xdd, 0x0b, 0x0f, 0x0f, 0x0f, 0x0c, 0x02, 0xdf, 0x04, 0x0e, 0x0d, 0x1a, 0x0a, 0x0f,
    0x02, 0x55, 0x01, 0x0f, 0x0d, 0x37, 0x0d, 0x0f, 0x01, 0xc2, 0x0a, 0x0f, 0x0d, 0x08, 0x08, 0x0c,
    0x0f, 0x09, 0xb8, 0x06, 0x0c, 0x0f, 0x0f, 0x0c, 0x07, 0x00, 0x28, 0x0f, 0x0c, 0x1a, 0x0f, 0x0c,
    0x1a, 0x0f, 0x0c, 0x1a, 0x0f, 0x0c, 0x1a, 0x04, 0x03, 0x10, 0x0e, 0x00, 0x7d, 0x04, 0x0f, 0x09,
    0x18, 0x05, 0x0f, 0x0e, 0x01, 0x19, 0x04, 0x0f, 0x09, 0x37, 0x02, 0x0e, 0x0f, 0x04, 0x2c, 0x04,
    0x0f, 0x09, 0x38, 0x01, 0x0d, 0x0f, 0x07, 0x55, 0x04, 0x0f, 0x09, 0x38, 0x0a, 0x0f, 0x0a, 0xc2,
    0x04, 0x0f, 0x09, 0x51, 0x06, 0x0f, 0x0d, 0x01, 0xc2, 0x04, 0x0f, 0x09, 0x00, 0x03, 0x0f, 0x0f,
    0x03, 0x22, 0x04, 0x0f, 0x0d, 0x08, 0x0d, 0x0f, 0x06, 0xb8, 0x04, 0x0f, 0x0f, 0x0f, 0x0f, 0x0f,
    0x06, 0xb8, 0x04, 0x0f, 0x09, 0x00, 0x04, 0x0f, 0x0f, 0x04, 0x22, 0x04, 0x0f, 0x09, 0x51, 0x05,
    0x0f, 0x0e, 0x02, 0xc2, 0x04, 0x0f, 0x09, 0x38, 0x08, 0x0f, 0x0c, 0x01, 0x55, 0x04, 0x0f, 0x09,
    0x37, 0x0a, 0x0f, 0x0b, 0x55, 0x04, 0x0f, 0x09, 0x18, 0x0c, 0x0f, 0x0f, 0x0c, 0x19, 0x04, 0x0f,
    0x09, 0x18, 0x01, 0x0d, 0x0f, 0x0c, 0x1a, 0x0f, 0x0c, 0x1a, 0x0f, 0x0c, 0x1a, 0x0f, 0x0c, 0x10,
    0x0c, 0x51, 0x7e, 0x07, 0x0f, 0x05, 0x38, 0x05, 0x0f, 0x0c, 0x01, 0x55, 0x07, 0x0f, 0x05, 0x51,
    0x03, 0x0e, 0x0e, 0x02, 0xc2, 0x07, 0x0f, 0x05, 0x00, 0x01, 0x0d, 0x0f, 0x03, 0x22, 0x07, 0x0f,
    0x05, 0x00, 0x0b, 0x0f, 0x05, 0xb8, 0x07, 0x0f, 0x0b, 0x0b, 0x0f, 0x08, 0xdd, 0x07, 0x0f, 0x0f,
    0x0f, 0x0f, 0x07, 0xdd, 0x07, 0x0f, 0x05, 0x01, 0x0e, 0x0f, 0x03, 0xb8, 0x07, 0x0f, 0x05, 0x00,
    0x04, 0x0f, 0x0d, 0x01, 0x22, 0x07, 0x0f, 0x05, 0x51, 0x08, 0x0f, 0x0b, 0x22, 0x07, 0x0f, 0x05,
    0x38, 0x0c, 0x0f, 0x0a, 0x06, 0x55, 0x07, 0x0f, 0x05, 0x38, 0x02, 0x0e, 0x0f, 0x0c, 0x1a, 0x0f,
    0x0c, 0x1a, 0x0f, 0x0c, 0x1a, 0x0f, 0x0c, 0x1a, 0x07, 0x06, 0x10, 0x0d, 0x00, 0x7d, 0x06, 0x0f,
    0x07, 0x18, 0x06, 0x0f, 0x0c, 0x2c, 0x06, 0x0f, 0x07, 0x18, 0x0d, 0x0f, 0x03, 0x2c, 0x06, 0x0f,
    0x07, 0x37, 0x06, 0x0f, 0x0a, 0x55, 0x06, 0x0f, 0x07, 0x37, 0x0d, 0x0e, 0x02, 0x55, 0x06, 0x0f,
    0x07, 0x08, 0x0e, 0x00, 0x05, 0x0f, 0x08, 0xc2, 0x06, 0x0f, 0x07, 0x08, 0x0e, 0x00, 0x0d, 0x0d,
    0x01, 0xc2, 0x06, 0x0f, 0x0c, 0x0c, 0x0f, 0x0a, 0x0f, 0x06, 0x22, 0x06, 0x0f, 0x0f, 0x0f, 0x0f,
    0x0f, 0x0f, 0x08, 0x22, 0x06, 0x0f, 0x07, 0x08, 0x0e, 0x01, 0x0e, 0x0f, 0x02, 0xc2, 0x06, 0x0f,
    0x07, 0x08, 0x0e, 0x00, 0x06, 0x0f, 0x0b, 0xc2, 0x06, 0x0f, 0x07, 0x37, 0x0c, 0x0f, 0x05, 0x55,
    0x06, 0x0f, 0x07, 0x37, 0x04, 0x0f, 0x0e, 0x01, 0x2c, 0x06, 0x0f, 0x07, 0x18, 0x0b, 0x0f, 0x09,
    0x2c, 0x06, 0x0f, 0x07, 0x18, 0x02, 0x0f, 0x0f, 0x03, 0x10, 0x0b, 0x51, 0x7e, 0x07, 0x0f, 0x05,
    0x37, 0x09, 0x0f, 0x08, 0x55, 0x07, 0x0f, 0x05, 0x38, 0x03, 0x0f, 0x0d, 0x01, 0x55, 0x07, 0x0f,
    0x05, 0x0a, 0x0c, 0x00, 0x0b, 0x0f, 0x04, 0xc2, 0x07, 0x0f, 0x05, 0x0a, 0x0c, 0x05, 0x0f, 0x08,
    0x22, 0x07, 0x0f, 0x0b, 0x0d, 0x0e, 0x0d, 0x0d, 0x01, 0x22, 0x07, 0x0f, 0x0f, 0x0f, 0x0f, 0x0f,
    0x0d, 0xb8, 0x07, 0x0f, 0x05, 0x0a, 0x0c, 0x08, 0x0f, 0x08, 0x22, 0x07, 0x0f, 0x05, 0x0a, 0x0c,
    0x01, 0x0e, 0x0f, 0x02, 0xc2, 0x07, 0x0f, 0x05, 0x38, 0x06, 0x0f, 0x0b, 0xc2, 0x07, 0x0f, 0x05,
    0x37, 0x0d, 0x0f, 0x05, 0x55, 0x07, 0x0f, 0x05, 0x37, 0x05, 0x0f, 0x0d, 0x01, 0x10, 0x0d, 0x00,
    0x7d, 0x01, 0x0f, 0x0c, 0x18, 0x03, 0x0e, 0x0f, 0x03, 0x19, 0x01, 0x0f, 0x0c, 0x37, 0x01, 0x0d,
    0x0f, 0x06, 0x19, 0x0d, 0x0f, 0x0f, 0x0f, 0x0f, 0x0f, 0x05, 0x00, 0x0a, 0x0f, 0x0a, 0x2c, 0x06,
    0x08, 0x0f, 0x0e, 0x07, 0x07, 0x02, 0x07, 0x0f, 0x0d, 0x01, 0x55, 0x01, 0x0f, 0x0c, 0x51, 0x04,
    0x0f, 0x0e, 0x02, 0xc2, 0x01, 0x0f, 0x0c, 0x00, 0x01, 0x0e, 0x0f, 0x05, 0x22, 0x01, 0x0f, 0x0e,
    0x08, 0x0c, 0x0f, 0x09, 0xb8, 0x01, 0x0f, 0x0f, 0x0f, 0x0f, 0x0f, 0x09, 0xb8, 0x01, 0x0f, 0x0c,
    0x00, 0x02, 0x0e, 0x0f, 0x06, 0x22, 0x01, 0x0f, 0x0c, 0x51, 0x03, 0x0e, 0x0f, 0x04, 0xc2, 0x01,
    0x0f, 0x0c, 0x38, 0x05, 0x0f, 0x0e, 0x02, 0x55, 0x01, 0x0f, 0x0c, 0x37, 0x07, 0x0f, 0x0d, 0x01,
    0x2c, 0x01, 0x0f, 0x0c, 0x18, 0x09, 0x0f, 0x0b, 0x2c, 0x01, 0x0f, 0x0c, 0x9d, 0x0b, 0x0f, 0x09,
    0x10, 0x0a, 0x4c, 0x4a, 0x06, 0x0f, 0x07, 0xdf, 0x06, 0x0f, 0x07, 0x28, 0x07, 0x0f, 0x0f, 0x0f,
    0x0f, 0x0f, 0x0c, 0xb8, 0x03, 0x07, 0x0a, 0x0f, 0x0b, 0x07, 0x06, 0x28, 0x06, 0x0f, 0x07, 0x38,
    0x09, 0x0f, 0x08, 0xc2, 0x06, 0x0f, 0x07, 0x51, 0x04, 0x0f, 0x0c, 0x22, 0x06, 0x0f, 0x07, 0x00,
    0x01, 0x0d, 0x0e, 0x02, 0x22, 0x06, 0x0f, 0x07, 0x00, 0x0a, 0x0f, 0x05, 0xb8, 0x06, 0x0f, 0x0b,
    0x09, 0x0f, 0x0a, 0xdd, 0x06, 0x0f, 0x0f, 0x0f, 0x0f, 0x07, 0xdd, 0x06, 0x0f, 0x07, 0x01, 0x0d,
    0x0f, 0x03, 0xb8, 0x06, 0x0f, 0x07, 0x00, 0x04, 0x0f, 0x0d, 0x01, 0x22, 0x06, 0x0f, 0x07, 0x51,
    0x08, 0x0f, 0x09, 0x22, 0x06, 0x0f, 0x07, 0x38, 0x0c, 0x0f, 0x05, 0xc2, 0x06, 0x0f, 0x07, 0x38,
    0x02, 0x0e, 0x0e, 0x02, 0x10, 0x10, 0x7d, 0x05, 0x0f, 0x0f, 0x0f, 0x0f, 0x0f, 0x0f, 0x03, 0x18,
    0x0b, 0x0f, 0x09, 0x3f, 0x02, 0x07, 0x07, 0x07, 0x07, 0x0d, 0x0f, 0x03, 0x37, 0x08, 0x0f, 0x0c,
    0x55, 0x0a, 0x0f, 0x03, 0x38, 0x05, 0x0f, 0x0e, 0x02, 0x55, 0x0a, 0x0f, 0x03, 0x51, 0x02, 0x0e,
    0x0f, 0x04, 0xc2, 0x0a, 0x0f, 0x03, 0x00, 0x01, 0x0c, 0x0f, 0x07, 0x22, 0x0a, 0x0f, 0x03, 0x00,
    0x09, 0x0f, 0x0b, 0xb8, 0x0a, 0x0f, 0x0a, 0x0a, 0x0f, 0x0d, 0x01, 0xb8, 0x0a, 0x0f, 0x0f, 0x0f,
    0x0f, 0x0d, 0x01, 0xb8, 0x0a, 0x0f, 0x03, 0x00, 0x0a, 0x0f, 0x0b, 0xb8, 0x0a, 0x0f, 0x03, 0x51,
    0x0b, 0x0f, 0x09, 0x22, 0x0a, 0x0f, 0x03, 0x51, 0x01, 0x0d, 0x0f, 0x07, 0xc2, 0x0a, 0x0f, 0x03,
    0x38, 0x02, 0x0e, 0x0f, 0x04, 0x55, 0x0a, 0x0f, 0x03, 0x37, 0x04, 0x0f, 0x0e, 0x03, 0x2c, 0x0a,
    0x0f, 0x03, 0x18, 0x06, 0x0f, 0x0d, 0x01, 0x10, 0x0e, 0x00, 0x7e, 0x06, 0x0f, 0x0f, 0x0f, 0x0f,
    0x0f, 0x07, 0x38, 0x04, 0x0f, 0x0d, 0x01, 0x66, 0x03, 0x07, 0x07, 0x07, 0x0a, 0x0f, 0x07, 0x51,
    0x02, 0x0e, 0x0e, 0x03, 0xc2, 0x06, 0x0f, 0x07, 0x00, 0x01, 0x0c, 0x0f, 0x05, 0x22, 0x06, 0x0f,
    0x07, 0x00, 0x0a, 0x0f, 0x07, 0xb8, 0x06, 0x0f, 0x0c, 0x0a, 0x0f, 0x09, 0xdd, 0x06, 0x0f, 0x0f,
    0x0f, 0x0f, 0x08, 0xdd, 0x06, 0x0f, 0x07, 0x01, 0x0d, 0x0f, 0x04, 0xb8, 0x06, 0x0f, 0x07, 0x00,
    0x03, 0x0f, 0x0e, 0x02, 0x22, 0x06, 0x0f, 0x07, 0x51, 0x06, 0x0f, 0x0c, 0x22, 0x06, 0x0f, 0x07,
    0x38, 0x0a, 0x0f, 0x09, 0xc2, 0x06, 0x0f, 0x07, 0x38, 0x01, 0x0d, 0x0f, 0x05, 0x10, 0x0f, 0x00,
    0x7d, 0x05, 0x0f, 0x08, 0x9d, 0x04, 0x0f, 0x09, 0x19, 0x05, 0x0f, 0x08, 0x9d, 0x04, 0x0f, 0x09,
    0x19, 0x05, 0x0f, 0x08, 0x9d, 0x04, 0x0f, 0x09, 0x19, 0x05, 0x0f, 0x08, 0x9d, 0x04, 0x0f, 0x09,
    0x19, 0x05, 0x0f, 0x08, 0x9d, 0x04, 0x0f, 0x09, 0x19, 0x05, 0x0f, 0x08, 0x9d, 0x04, 0x0f, 0x09,
    0x19, 0x05, 0x0f, 0x0c, 0x08, 0x08, 0x08, 0x08, 0x08, 0x08, 0x0a, 0x0f, 0x09, 0x19, 0x05, 0x0f,
    0x0f, 0x0f, 0x0f, 0x0f, 0x0f, 0x0f, 0x0f, 0x0f, 0x0f, 0x09, 0x19, 0x05, 0x0f, 0x08, 0x9d, 0x04,
    0x0f, 0x09, 0x19, 0x05, 0x0f, 0x08, 0x9d, 0x04, 0x0f, 0x09, 0x19, 0x05, 0x0f, 0x08, 0x9d, 0x04,
    0x0f, 0x09, 0x19, 0x05, 0x0f, 0x08, 0x9d, 0x04, 0x0f, 0x09, 0x19, 0x05, 0x0f, 0x08, 0x9d, 0x04,
    0x0f, 0x0c, 0x06, 0x41, 0x05, 0x0f, 0x08, 0x9d, 0x04, 0x0f, 0x0f, 0x0c, 0x1a, 0x0f, 0x0c, 0x1a,
    0x0f, 0x0c, 0x1a, 0x0f, 0x0c, 0x1a, 0x07, 0x06, 0x10, 0x0c, 0x51, 0x7e, 0x07, 0x0f, 0x05, 0x37,
    0x0c, 0x0f, 0xc2, 0x07, 0x0f, 0x05, 0x37, 0x0c, 0x0f, 0xc2, 0x07, 0x0f, 0x05, 0x37, 0x0c, 0x0f,
    0xc2, 0x07, 0x0f, 0x05, 0x37, 0x0c, 0x0f, 0xc2, 0x07, 0x0f, 0x0a, 0x07, 0x07, 0x07, 0x07, 0x0e,
    0x0f, 0xc2, 0x07, 0x0f, 0x0f, 0x0f, 0x0f, 0x0f, 0x0f, 0x0f, 0x0f, 0xc2, 0x07, 0x0f, 0x05, 0x37,
    0x0c, 0x0f, 0xc2, 0x07, 0x0f, 0x05, 0x37, 0x0c, 0x0f, 0xc2, 0x07, 0x0f, 0x05, 0x37, 0x0c, 0x0f,
    0xc2, 0x07, 0x0f, 0x05, 0x37, 0x0c, 0x0f, 0x08, 0x06, 0x2c, 0x07, 0x0f, 0x05, 0x37, 0x0c, 0x0f,
    0x0f, 0x0c, 0x1a, 0x0f, 0x0c, 0x1a, 0x0f, 0x0c, 0x1a, 0x0f, 0x0c, 0x1a, 0x07, 0x06, 0x10, 0x14,
    0x00, 0x7d, 0x05, 0x0f, 0x08, 0x9d, 0x05, 0x0f, 0x0f, 0x0f, 0x0f, 0x0f, 0x0f, 0x0f, 0x0c, 0x64,
    0x05, 0x0f, 0x08, 0x9d, 0x05, 0x0f, 0x0c, 0x07, 0x07, 0x07, 0x07, 0x07, 0x06, 0x64, 0x05, 0x0f,
    0x08, 0x9d, 0x05, 0x0f, 0x09, 0x19, 0x05, 0x0f, 0x08, 0x9d, 0x05, 0x0f, 0x09, 0x19, 0x05, 0x0f,
    0x08, 0x9d, 0x05, 0x0f, 0x09, 0x19, 0x05, 0x0f, 0x08, 0x9d, 0x05, 0x0f, 0x09, 0x19, 0x05, 0x0f,
    0x0c, 0x08, 0x08, 0x08, 0x08, 0x08, 0x08, 0x0a, 0x0f, 0x09, 0x19, 0x05, 0x0f, 0x0f, 0x0f, 0x0f,
    0x0f, 0x0f, 0x0f, 0x0f, 0x0f, 0x0f, 0x09, 0x19, 0x05, 0x0f, 0x08, 0x9d, 0x05, 0x0f, 0x09, 0x19,
    0x05, 0x0f, 0x08, 0x9d, 0x05, 0x0f, 0x09, 0x19, 0x05, 0x0f, 0x08, 0x9d, 0x05, 0x0f, 0x09, 0x19,
    0x05, 0x0f, 0x08, 0x9d, 0x05, 0x0f, 0x09, 0x19, 0x05, 0x0f, 0x08, 0x9d, 0x05, 0x0f, 0x09, 0x19,
    0x05, 0x0f, 0x08, 0x9d, 0x05, 0x0f, 0x09, 0x10, 0x0e, 0x51, 0x7e, 0x09, 0x0f, 0x04, 0x37, 0x0e,
    0x0f, 0x0f, 0x0f, 0x0f, 0x08, 0x41, 0x09, 0x0f, 0x04, 0x37, 0x0e, 0x0e, 0x07, 0x07, 0x07, 0x04,
    0x41, 0x09, 0x0f, 0x04, 0x37, 0x0e, 0x0e, 0xc2, 0x09, 0x0f, 0x04, 0x37, 0x0e, 0x0e, 0xc2, 0x09,
    0x0f, 0x09, 0x07, 0x07, 0x07, 0x07, 0x0e, 0x0e, 0xc2, 0x09, 0x0f, 0x0f, 0x0f, 0x0f, 0x0f, 0x0f,
    0x0f, 0x0e, 0xc2, 0x09, 0x0f, 0x04, 0x37, 0x0e, 0x0e, 0xc2, 0x09, 0x0f, 0x04, 0x37, 0x0e, 0x0e,
    0xc2, 0x09, 0x0f, 0x04, 0x37, 0x0e, 0x0e, 0xc2, 0x09, 0x0f, 0x04, 0x37, 0x0e, 0x0e, 0xc2, 0x09,
    0x0f, 0x04, 0x37, 0x0e, 0x0e, 0x10, 0x14, 0x00, 0x7d, 0x04, 0x0f, 0x0f, 0x0f, 0x0f, 0x0f, 0x0f,
    0x0f, 0x0f, 0x0f, 0x0f, 0x07, 0x19, 0x04, 0x0f, 0x0c, 0x08, 0x08, 0x08, 0x08, 0x08, 0x08, 0x0b,
    0x0f, 0x07, 0x19, 0x04, 0x0f, 0x09, 0x9d, 0x06, 0x0f, 0x07, 0x19, 0x04, 0x0f, 0x09, 0x9d, 0x06,
    0x0f, 0x07, 0x19, 0x04, 0x0f, 0x09, 0x9d, 0x06, 0x0f, 0x07, 0x19, 0x04, 0x0f, 0x09, 0x9d, 0x06,
    0x0f, 0x07, 0x19, 0x04, 0x0f, 0x09, 0x9d, 0x06, 0x0f, 0x0f, 0x0f, 0x0e, 0x0c, 0x07, 0x01, 0x4b,
    0x04, 0x0f, 0x09, 0x9d, 0x06, 0x0f, 0x0c, 0x09, 0x0a, 0x0d, 0x0f, 0x0d, 0x01, 0x64, 0x04, 0x0f,
    0x09, 0x9d, 0x06, 0x0f, 0x07, 0x38, 0x08, 0x0f, 0x0b, 0x64, 0x04, 0x0f, 0x09, 0x9d, 0x06, 0x0f,
    0x07, 0x37, 0x0b, 0x0f, 0x03, 0x2d, 0x04, 0x0f, 0x09, 0x9d, 0x06, 0x0f, 0x07, 0x37, 0x06, 0x0f,
    0x06, 0x2d, 0x04, 0x0f, 0x09, 0x9d, 0x06, 0x0f, 0x07, 0x37, 0x05, 0x0f, 0x07, 0x2d, 0x04, 0x0f,
    0x09, 0x9d, 0x06, 0x0f, 0x07, 0x37, 0x05, 0x0f, 0x07, 0x2d, 0x04, 0x0f, 0x09, 0x9d, 0x06, 0x0f,
    0x07, 0x37, 0x08, 0x0f, 0x05, 0x00, 0x28, 0x01, 0x0e, 0x0e, 0x01, 0xdd, 0x01, 0x08, 0x0d, 0x0f,
    0x06, 0x28, 0x02, 0x0e, 0x0c, 0x05, 0x10, 0x11, 0x51, 0x7e, 0x09, 0x0f, 0x0f, 0x0f, 0x0f, 0x0f,
    0x0f, 0x0f, 0x0e, 0xc2, 0x09, 0x0f, 0x09, 0x07, 0x07, 0x07, 0x07, 0x0e, 0x0e, 0xc2, 0x09, 0x0f,
    0x04, 0x37, 0x0e, 0x0e, 0xc2, 0x09, 0x0f, 0x04, 0x37, 0x0e, 0x0e, 0xc2, 0x09, 0x0f, 0x04, 0x37,
    0x0e, 0x0f, 0x0f, 0x0f, 0x0e, 0x0a, 0x03, 0x66, 0x09, 0x0f, 0x04, 0x37, 0x0e, 0x0f, 0x09, 0x09,
    0x0b, 0x0f, 0x0f, 0x06, 0x00, 0x3f, 0x09, 0x0f, 0x04, 0x37, 0x0e, 0x0e, 0x38, 0x02, 0x0e, 0x0f,
    0x02, 0x3f, 0x09, 0x0f, 0x04, 0x37, 0x0e, 0x0e, 0x37, 0x06, 0x0f, 0x08, 0x3f, 0x09, 0x0f, 0x04,
    0x37, 0x0e, 0x0e, 0x37, 0x02, 0x0f, 0x0a, 0x3f, 0x09, 0x0f, 0x04, 0x37, 0x0e, 0x0e, 0x37, 0x02,
    0x0f, 0x0a, 0x3f, 0x09, 0x0f, 0x04, 0x37, 0x0e, 0x0e, 0x37, 0x05, 0x0f, 0x07, 0x00, 0x28, 0x01,
    0x0c, 0x0f, 0x02, 0x28, 0x04, 0x0d, 0x0f, 0x07, 0x00, 0x28, 0x03, 0x0d, 0x05, 0x10, 0x0f, 0x38,
    0x7d, 0x06, 0x0d, 0x09, 0x00, 0x02, 0x0a, 0x0e, 0x0e, 0x09, 0x01, 0x2c, 0x07, 0x0f, 0x0d, 0x06,
    0x01, 0x0d, 0x0f, 0x0b, 0x0b, 0x0f, 0x0c, 0x01, 0x41, 0x02, 0x0f, 0x0d, 0x01, 0x00, 0x08, 0x0f,
    0x08, 0x51, 0x09, 0x0f, 0x07, 0x41, 0x08, 0x0f, 0x06, 0x51, 0x0d, 0x0f, 0x01, 0x51, 0x02, 0x0f,
    0x0c, 0x41, 0x0c, 0x0f, 0x02, 0x51, 0x0f, 0x0d, 0x37, 0x0e, 0x0e, 0x41, 0x0d, 0x0f, 0x01, 0x00,
    0x01, 0x0f, 0x0c, 0x37, 0x0e, 0x0f, 0x41, 0x0d, 0x0f, 0x51, 0x01, 0x0f, 0x0c, 0x37, 0x0e, 0x0f,
    0x41, 0x0d, 0x0f, 0x51, 0x01, 0x0f, 0x0c, 0x37, 0x0e, 0x0e, 0x41, 0x0c, 0x0f, 0x01, 0x51, 0x0e,
    0x0e, 0x37, 0x0f, 0x0d, 0x41, 0x09, 0x0f, 0x05, 0x51, 0x0a, 0x0f, 0x04, 0x51, 0x04, 0x0f, 0x0a,
    0x41, 0x04, 0x0f, 0x0c, 0x51, 0x03, 0x0f, 0x0d, 0x01, 0x00, 0x0c, 0x0f, 0x04, 0x19, 0x0b, 0x0f,
    0x09, 0x01, 0x00, 0x07, 0x0f, 0x0d, 0x0b, 0x0f, 0x0a, 0x2c, 0x01, 0x0c, 0x0f, 0x0e, 0x0a, 0x09,
    0x0e, 0x0f, 0x0f, 0x0f, 0x0a, 0x08, 0x01, 0x2c, 0x06, 0x0c, 0x0e, 0x0f, 0x0d, 0x0a, 0x08, 0x0c,
    0x0e, 0x0f, 0x01, 0x1a, 0x01, 0x10, 0x0c, 0x38, 0x7e, 0x03, 0x0c, 0x08, 0x00, 0x08, 0x0e, 0x0e,
    0x07, 0xc2, 0x02, 0x0e, 0x0e, 0x04, 0x07, 0x0f, 0x0b, 0x0c, 0x0f, 0x05, 0x55, 0x08, 0x0f, 0x05,
    0x00, 0x0e, 0x0e, 0x00, 0x01, 0x0f, 0x0c, 0x55, 0x0c, 0x0f, 0x00, 0x01, 0x0f, 0x0b, 0x51, 0x0c,
    0x0f, 0x55, 0x0e, 0x0d, 0x00, 0x02, 0x0f, 0x0a, 0x51, 0x0b, 0x0f, 0x01, 0x2c, 0x0e, 0x0e, 0x00,
    0x02, 0x0f, 0x0a, 0x51, 0x0b, 0x0f, 0x01, 0x2c, 0x0c, 0x0f, 0x51, 0x0f, 0x0d, 0x51, 0x0d, 0x0e,
    0x55, 0x09, 0x0f, 0x05, 0x00, 0x0a, 0x0f, 0x05, 0x03, 0x0f, 0x0b, 0x55, 0x02, 0x0f, 0x0d, 0x01,
    0x02, 0x0e, 0x0e, 0x0d, 0x0f, 0x04, 0xc2, 0x07, 0x0f, 0x0e, 0x09, 0x0c, 0x0f, 0x0f, 0x0e, 0x09,
    0x04, 0xc2, 0x05, 0x0c, 0x0f, 0x0e, 0x0b, 0x08, 0x0b, 0x0e, 0x08, 0x10, 0x0d, 0x38, 0x7d, 0x01,
    0x08, 0x0d, 0x0f, 0x0e, 0x0c, 0x06, 0x22, 0x02, 0x0d, 0x0f, 0x0c, 0x09, 0x09, 0x0d, 0x0f, 0x0a,
    0xc2, 0x0c, 0x0f, 0x06, 0x37, 0x0b, 0x0f, 0x06, 0x2c, 0x05, 0x0f, 0x0a, 0x18, 0x02, 0x0f, 0x0c,
    0x2c, 0x0a, 0x0f, 0x04, 0x9d, 0x0d, 0x0f, 0x01, 0x19, 0x0c, 0x0f, 0x02, 0xdf, 0x0c, 0x0f, 0x01,
    0xdf, 0x0c, 0x0f, 0x01, 0xdf, 0x0c, 0x0f, 0x02, 0xdf, 0x0a, 0x0f, 0x04, 0x9d, 0x0d, 0x0f, 0x01,
    0x19, 0x05, 0x0f, 0x0a, 0x18, 0x02, 0x0f, 0x0c, 0x55, 0x0d, 0x0f, 0x05, 0x37, 0x0b, 0x0f, 0x05,
    0x55, 0x02, 0x0e, 0x0f, 0x0b, 0x08, 0x09, 0x0d, 0x0f, 0x09, 0x22, 0x01, 0x09, 0x0d, 0x0f, 0x0f,
    0x0c, 0x05, 0x00, 0x28, 0x0f, 0x0c, 0x1a, 0x0f, 0x0c, 0x1a, 0x0f, 0x0c, 0x1a, 0x0f, 0x0c, 0x1a,
    0x04, 0x03, 0x10, 0x0a, 0x38, 0x7e, 0x01, 0x08, 0x0d, 0x0f, 0x0e, 0x09, 0x01, 0x22, 0x01, 0x0c,
    0x0f, 0x0b, 0x08, 0x0a, 0x0f, 0x0d, 0x01, 0xc2, 0x07, 0x0f, 0x08, 0x38, 0x07, 0x0f, 0x07, 0xc2,
    0x0d, 0x0e, 0x01, 0x37, 0x0f, 0x0b, 0x55, 0x01, 0x0f, 0x0c, 0xdf, 0x01, 0x0f, 0x0b, 0xdf, 0x01,
    0x0f, 0x0c, 0x1a, 0x0d, 0x0e, 0x18, 0x0f, 0x0b, 0xc2, 0x07, 0x0f, 0x07, 0x38, 0x07, 0x0f, 0x06,
    0xc2, 0x01, 0x0c, 0x0f, 0x0b, 0x08, 0x0b, 0x0f, 0x0b, 0xb8, 0x01, 0x08, 0x0f, 0x0f, 0x0d, 0x08,
    0x01, 0x28, 0x0f, 0x0c, 0x1a, 0x0f, 0x0c, 0x1a, 0x0f, 0x0c, 0x1a, 0x0f, 0x0c, 0x1a, 0x04, 0x03,
    0x10, 0x0c, 0x7d, 0x08, 0x0f, 0x0f, 0x0f, 0x0f, 0x0f, 0x0f, 0x0f, 0x0f, 0x0f, 0x0f, 0x07, 0x19,
    0x04, 0x08, 0x08, 0x08, 0x08, 0x0f, 0x0f, 0x08, 0x08, 0x08, 0x08, 0x04, 0xb8, 0x0e, 0x0e, 0x1a,
    0x0e, 0x0e, 0x1a, 0x0e, 0x0e, 0x1a, 0x0e, 0x0e, 0x1a, 0x0e, 0x0e, 0x1a, 0x0e, 0x0e, 0x1a, 0x0e,
    0x0e, 0x1a, 0x0e, 0x0e, 0x1a, 0x0e, 0x0e, 0x1a, 0x0e, 0x0e, 0x1a, 0x0e, 0x0e, 0x07, 0x06, 0x00,
    0x28, 0x0e, 0x0e, 0x0f, 0x0c, 0x1a, 0x0f, 0x0c, 0x1a, 0x0f, 0x0c, 0x1a, 0x0f, 0x0c, 0x1a, 0x07,
    0x06, 0x10, 0x0a, 0x00, 0x7e, 0x09, 0x0f, 0x0f, 0x0f, 0x0f, 0x0f, 0x0f, 0x0f, 0x0f, 0x04, 0x55,
    0x04, 0x07, 0x07, 0x08, 0x0f, 0x0d, 0x07, 0x07, 0x07, 0x02, 0xb8, 0x02, 0x0f, 0x0a, 0xdf, 0x02,
    0x0f, 0x0a, 0xdf, 0x02, 0x0f, 0x0a, 0xdf, 0x02, 0x0f, 0x0a, 0xdf, 0x02, 0x0f, 0x0a, 0xdf, 0x02,
    0x0f, 0x0a, 0xdf, 0x02, 0x0f, 0x0a, 0xdf, 0x02, 0x0f, 0x0d, 0x06, 0x00, 0x28, 0x02, 0x0f, 0x0f,
    0x0c, 0x1a, 0x0f, 0x0c, 0x1a, 0x0f, 0x0c, 0x1a, 0x0f, 0x0c, 0x1a, 0x07, 0x06, 0x10, 0x0c, 0x7d,
    0x09, 0x0f, 0x09, 0x9d, 0x08, 0x0f, 0x09, 0x19, 0x01, 0x0e, 0x0f, 0x02, 0x37, 0x02, 0x0f, 0x0e,
    0x01, 0x2c, 0x07, 0x0f, 0x09, 0x37, 0x09, 0x0f, 0x07, 0xc2, 0x0d, 0x0f, 0x02, 0x51, 0x02, 0x0f,
    0x0d, 0x22, 0x05, 0x0f, 0x0a, 0x51, 0x0a, 0x0f, 0x05, 0xb8, 0x0c, 0x0f, 0x03, 0x03, 0x0f, 0x0b,
    0xdd, 0x03, 0x0f, 0x0b, 0x0b, 0x0f, 0x03, 0x28, 0x0a, 0x0f, 0x0f, 0x0a, 0x00, 0x28, 0x02, 0x0f,
    0x0f, 0x02, 0xdf, 0x0e, 0x0e, 0x1a, 0x0e, 0x0e, 0x1a, 0x0e, 0x0e, 0x1a, 0x0e, 0x0e, 0x1a, 0x0e,
    0x0e, 0x10, 0x0a, 0x00, 0x7e, 0x05, 0x0f, 0x07, 0x37, 0x05, 0x0f, 0x08, 0x55, 0x01, 0x0e, 0x0d,
    0x37, 0x0a, 0x0f, 0x02, 0xc2, 0x0a, 0x0f, 0x03, 0x51, 0x01, 0x0f, 0x0c, 0x22, 0x04, 0x0f, 0x08,
    0x51, 0x05, 0x0f, 0x06, 0xb8, 0x0e, 0x0d, 0x51, 0x0a, 0x0f, 0x01, 0xb8, 0x08, 0x0f, 0x03, 0x01,
    0x0f, 0x0a, 0xdd, 0x03, 0x0f, 0x09, 0x06, 0x0f, 0x05, 0x28, 0x0c, 0x0e, 0x0b, 0x0e, 0x00, 0x28,
    0x07, 0x0f, 0x0f, 0x09, 0x00, 0x28, 0x02, 0x0f, 0x0f, 0x04, 0xdf, 0x0d, 0x0f, 0x1a, 0x0c, 0x0f,
    0x1a, 0x0c, 0x0f, 0x1a, 0x0c, 0x0f, 0x1a, 0x0c, 0x0f, 0x10, 0x0c, 0x7d, 0x09, 0x0f, 0x09, 0x9d,
    0x08, 0x0f, 0x09, 0x19, 0x01, 0x0e, 0x0f, 0x02, 0x37, 0x02, 0x0f, 0x0e, 0x01, 0x2c, 0x07, 0x0f,
    0x09, 0x37, 0x09, 0x0f, 0x07, 0xc2, 0x0d, 0x0f, 0x02, 0x51, 0x02, 0x0f, 0x0d, 0x22, 0x05, 0x0f,
    0x0a, 0x51, 0x0a, 0x0f, 0x05, 0xb8, 0x0c, 0x0f, 0x03, 0x03, 0x0f, 0x0b, 0xdd, 0x03, 0x0f, 0x0b,
    0x0b, 0x0f, 0x03, 0xb8, 0x01, 0x07, 0x0e, 0x0f, 0x0f, 0x0d, 0x07, 0x01, 0x22, 0x01, 0x0f, 0x0f,
    0x0f, 0x0f, 0x0f, 0x0f, 0x02, 0x28, 0x0e, 0x0e, 0x1a, 0x0e, 0x0e, 0x1a, 0x0e, 0x0e, 0x1a, 0x0e,
    0x0e, 0x1a, 0x0e, 0x0e, 0x10, 0x0a, 0x00, 0x7e, 0x05, 0x0f, 0x07, 0x37, 0x05, 0x0f, 0x08, 0x55,
    0x01, 0x0e, 0x0d, 0x37, 0x0a, 0x0f, 0x02, 0xc2, 0x09, 0x0f, 0x03, 0x51, 0x01, 0x0f, 0x0b, 0x22,
    0x04, 0x0f, 0x08, 0x51, 0x06, 0x0f, 0x06, 0xb8, 0x0d, 0x0e, 0x51, 0x0b, 0x0e, 0x01, 0xb8, 0x08,
    0x0f, 0x04, 0x01, 0x0f, 0x0a, 0xdd, 0x02, 0x0f, 0x09, 0x06, 0x0f, 0x04, 0x28, 0x0b, 0x0e, 0x0c,
    0x0d, 0x00, 0x28, 0x06, 0x0f, 0x0f, 0x08, 0x28, 0x07, 0x08, 0x0f, 0x0f, 0x09, 0x08, 0x02, 0xb8,
    0x0f, 0x0f, 0x0f, 0x0f, 0x0f, 0x0f, 0x04, 0x28, 0x0c, 0x0f, 0x1a, 0x0c, 0x0f, 0x1a, 0x0c, 0x0f,
    0x1a, 0x0c, 0x0f, 0x10, 0x0d, 0x7d, 0x01, 0x0e, 0x0f, 0x03, 0x18, 0x09, 0x0f, 0x09, 0x2c, 0x05,
    0x0f, 0x0c, 0x37, 0x04, 0x0f, 0x0d, 0x01, 0x55, 0x0b, 0x0f, 0x07, 0x38, 0x0d, 0x0f, 0x04, 0xc2,
    0x02, 0x0e, 0x0f, 0x02, 0x00, 0x08, 0x0f, 0x0a, 0xb8, 0x06, 0x0f, 0x0b, 0x03, 0x0f, 0x0e, 0x01,
    0xdd, 0x0b, 0x0f, 0x0e, 0x0f, 0x05, 0x28, 0x02, 0x0f, 0x0f, 0x0a, 0x00, 0x28, 0x03, 0x0f, 0x0f,
    0x0b, 0x00, 0x28, 0x0c, 0x0f, 0x0d, 0x0f, 0x06, 0xdd, 0x08, 0x0f, 0x0a, 0x02, 0x0e, 0x0e, 0x02,
    0x22, 0x03, 0x0f, 0x0e, 0x01, 0x00, 0x07, 0x0f, 0x0b, 0x22, 0x0c, 0x0f, 0x06, 0x38, 0x0c, 0x0f,
    0x06, 0x55, 0x07, 0x0f, 0x0b, 0x37, 0x03, 0x0f, 0x0e, 0x08, 0x06, 0x41, 0x02, 0x0e, 0x0e, 0x02,
    0x18, 0x08, 0x0f, 0x0f, 0x0c, 0x1a, 0x0f, 0x0c, 0x1a, 0x0f, 0x0c, 0x1a, 0x0f, 0x0c, 0x1a, 0x07,
    0x06, 0x10, 0x0a, 0x00, 0x7e, 0x03, 0x0f, 0x0d, 0x38, 0x01, 0x0e, 0x0e, 0x02, 0xc2, 0x08, 0x0f,
    0x07, 0x51, 0x09, 0x0f, 0x06, 0x22, 0x01, 0x0d, 0x0e, 0x01, 0x03, 0x0f, 0x0c, 0xdd, 0x04, 0x0f,
    0x09, 0x0c, 0x0f, 0x03, 0x28, 0x09, 0x0f, 0x0f, 0x08, 0x00, 0x28, 0x03, 0x0f, 0x0f, 0x01, 0x00,
    0x28, 0x0b, 0x0f, 0x0f, 0x09, 0x28, 0x05, 0x0f, 0x09, 0x0a, 0x0f, 0x04, 0xb8, 0x01, 0x0e, 0x0e,
    0x01, 0x02, 0x0e, 0x0d, 0xb8, 0x0a, 0x0f, 0x06, 0x51, 0x07, 0x0f, 0x0a, 0x06, 0x55, 0x04, 0x0f,
    0x0c, 0x38, 0x01, 0x0d, 0x0f, 0x0c, 0x1a, 0x0f, 0x0c, 0x1a, 0x0f, 0x0c, 0x1a, 0x0f, 0x0c, 0x1a,
    0x07, 0x06, 0x10, 0x12, 0x7d, 0x07, 0x0f, 0x0f, 0x0f, 0x0f, 0x0f, 0x0f, 0x0f, 0x0f, 0x0c, 0x38,
    0x0e, 0x0e, 0x00, 0x3f, 0x04, 0x07, 0x07, 0x07, 0x0e, 0x0f, 0x08, 0x07, 0x07, 0x06, 0x38, 0x0e,
    0x0e, 0x2c, 0x0c, 0x0f, 0x01, 0x9d, 0x0e, 0x0e, 0x2c, 0x0c, 0x0f, 0x01, 0x9d, 0x0e, 0x0e, 0x2c,
    0x0c, 0x0f, 0x01, 0x9d, 0x0e, 0x0e, 0x2c, 0x0c, 0x0f, 0x01, 0x9d, 0x0e, 0x0e, 0x2c, 0x0c, 0x0f,
    0x01, 0x9d, 0x0e, 0x0e, 0x2c, 0x0c, 0x0f, 0x01, 0x9d, 0x0e, 0x0e, 0x2c, 0x0c, 0x0f, 0x01, 0x9d,
    0x0e, 0x0e, 0x2c, 0x0c, 0x0f, 0x01, 0x9d, 0x0e, 0x0e, 0x2c, 0x0c, 0x0f, 0x01, 0x9d, 0x0e, 0x0e,
    0x2c, 0x0c, 0x0f, 0x01, 0x9d, 0x0e, 0x0e, 0x2c, 0x0c, 0x0f, 0x08, 0x08, 0x08, 0x08, 0x08, 0x08,
    0x08, 0x0f, 0x0f, 0x09, 0x04, 0x41, 0x0c, 0x0f, 0x0f, 0x0f, 0x0f, 0x0f, 0x0f, 0x0f, 0x0f, 0x0f,
    0x0f, 0x0f, 0x06, 0xdf, 0x06, 0x0f, 0x06, 0xdf, 0x06, 0x0f, 0x05, 0xdf, 0x06, 0x0f, 0x04, 0x10,
    0x0d, 0x00, 0x7e, 0x0b, 0x0f, 0x0f, 0x0f, 0x0f, 0x0f, 0x0f, 0x03, 0x00, 0x05, 0x0f, 0x07, 0x19,
    0x05, 0x07, 0x07, 0x0f, 0x0e, 0x07, 0x07, 0x02, 0x00, 0x05, 0x0f, 0x07, 0xc2, 0x0f, 0x0c, 0x37,
    0x05, 0x0f, 0x07, 0xc2, 0x0f, 0x0c, 0x37, 0x05, 0x0f, 0x07, 0xc2, 0x0f, 0x0c, 0x37, 0x05, 0x0f,
    0x07, 0xc2, 0x0f, 0x0c, 0x37, 0x05, 0x0f, 0x07, 0xc2, 0x0f, 0x0c, 0x37, 0x05, 0x0f, 0x07, 0xc2,
    0x0f, 0x0c, 0x37, 0x05, 0x0f, 0x07, 0xc2, 0x0f, 0x0c, 0x37, 0x05, 0x0f, 0x07, 0xc2, 0x0f, 0x0d,
    0x07, 0x07, 0x07, 0x07, 0x0a, 0x0f, 0x0b, 0x05, 0x55, 0x0f, 0x0f, 0x0f, 0x0f, 0x0f, 0x0f, 0x0f,
    0x0f, 0x0f, 0x0a, 0xdf, 0x01, 0x0f, 0x0a, 0xdf, 0x01, 0x0f, 0x09, 0xdf, 0x01, 0x0f, 0x09, 0x10,
    0x0e, 0x00, 0x7d, 0x08, 0x0f, 0x05, 0x9d, 0x0e, 0x0f, 0x2c, 0x08, 0x0f, 0x05, 0x9d, 0x0e, 0x0f,
    0x2c, 0x08, 0x0f, 0x05, 0x9d, 0x0e, 0x0f, 0x2c, 0x08, 0x0f, 0x05, 0x9d, 0x0e, 0x0f, 0x2c, 0x08,
    0x0f, 0x05, 0x9d, 0x0e, 0x0f, 0x2c, 0x07, 0x0f, 0x07, 0x9d, 0x0e, 0x0f, 0x2c, 0x03, 0x0f, 0x0c,
    0x9d, 0x0e, 0x0f, 0x55, 0x0a, 0x0f, 0x0d, 0x09, 0x08, 0x09, 0x0b, 0x0e, 0x0f, 0x0f, 0xc2, 0x07,
    0x0c, 0x0e, 0x0f, 0x0e, 0x0d, 0x09, 0x0e, 0x0f, 0x1a, 0x0e, 0x0f, 0x1a, 0x0e, 0x0f, 0x1a, 0x0e,
    0x0f, 0x1a, 0x0e, 0x0f, 0x07, 0x06, 0x00, 0x28, 0x0e, 0x0f, 0x0f, 0x0c, 0x1a, 0x0f, 0x0c, 0x1a,
    0x0f, 0x0c, 0x1a, 0x0f, 0x0c, 0x1a, 0x07, 0x06, 0x10, 0x0b, 0x51, 0x7e, 0x0f, 0x0c, 0x37, 0x07,
    0x0f, 0x05, 0xc2, 0x0f, 0x0c, 0x37, 0x07, 0x0f, 0x05, 0xc2, 0x0f, 0x0c, 0x37, 0x07, 0x0f, 0x05,
    0xc2, 0x0e, 0x0d, 0x37, 0x07, 0x0f, 0x05, 0xc2, 0x0c, 0x0f, 0x02, 0x38, 0x07, 0x0f, 0x05, 0xc2,
    0x05, 0x0f, 0x0e, 0x09, 0x08, 0x09, 0x0d, 0x0f, 0x05, 0x22, 0x05, 0x0c, 0x0e, 0x0f, 0x0d, 0x0d,
    0x0f, 0x05, 0xdf, 0x07, 0x0f, 0x05, 0xdf, 0x07, 0x0f, 0x05, 0xdf, 0x07, 0x0f, 0x0a, 0x06, 0x00,
    0x28, 0x07, 0x0f, 0x0f, 0x0c, 0x1a, 0x0f, 0x0c, 0x1a, 0x0f, 0x0c, 0x1a, 0x0f, 0x0c, 0x1a, 0x07,
    0x06, 0x10, 0x0e, 0x00, 0x7d, 0x08, 0x0f, 0x05, 0x9d, 0x0e, 0x0f, 0x2c, 0x08, 0x0f, 0x05, 0x9d,
    0x0e, 0x0f, 0x2c, 0x08, 0x0f, 0x05, 0x9d, 0x0e, 0x0f, 0x2c, 0x08, 0x0f, 0x05, 0x9d, 0x0e, 0x0f,
    0x2c, 0x08, 0x0f, 0x05, 0x51, 0x0b, 0x0b, 0x51, 0x0e, 0x0f, 0x2c, 0x07, 0x0f, 0x07, 0x51, 0x0b,
    0x0b, 0x51, 0x0e, 0x0f, 0x2c, 0x03, 0x0f, 0x0c, 0x51, 0x0b, 0x0b, 0x51, 0x0e, 0x0f, 0x55, 0x0a,
    0x0f, 0x0d, 0x09, 0x0d, 0x0e, 0x0b, 0x0e, 0x0f, 0x0f, 0xc2, 0x07, 0x0c, 0x0e, 0x0f, 0x0f, 0x0d,
    0x09, 0x0e, 0x0f, 0xdd, 0x0b, 0x0b, 0x51, 0x0e, 0x0f, 0xdd, 0x0b, 0x0b, 0x51, 0x0e, 0x0f, 0x1a,
    0x0e, 0x0f, 0x1a, 0x0e, 0x0f, 0x1a, 0x0e, 0x0f, 0x10, 0x0b, 0x51, 0x7e, 0x0b, 0x0f, 0x01, 0x38,
    0x03, 0x0f, 0x09, 0xc2, 0x0b, 0x0f, 0x01, 0x38, 0x03, 0x0f, 0x09, 0xc2, 0x0b, 0x0f, 0x01, 0x38,
    0x03, 0x0f, 0x09, 0xc2, 0x0a, 0x0f, 0x02, 0x02, 0x0f, 0x05, 0x03, 0x0f, 0x09, 0xc2, 0x08, 0x0f,
    0x06, 0x02, 0x0f, 0x05, 0x03, 0x0f, 0x09, 0xc2, 0x02, 0x0e, 0x0f, 0x0b, 0x0f, 0x0b, 0x0c, 0x0f,
    0x09, 0x22, 0x02, 0x0a, 0x0e, 0x0f, 0x0e, 0x0c, 0x0f, 0x09, 0xdd, 0x02, 0x0f, 0x05, 0x03, 0x0f,
    0x09, 0xdd, 0x02, 0x0f, 0x05, 0x03, 0x0f, 0x09, 0xdf, 0x03, 0x0f, 0x09, 0xdf, 0x03, 0x0f, 0x09,
    0x10, 0x0e, 0x00, 0x7d, 0x0a, 0x0f, 0x03, 0xdf, 0x0a, 0x0f, 0x03, 0xdf, 0x0a, 0x0f, 0x03, 0xdf,
    0x0a, 0x0f, 0x03, 0xdf, 0x0a, 0x0f, 0x03, 0xdf, 0x0a, 0x0f, 0x0a, 0x0c, 0x0e, 0x0f, 0x0f, 0x0d,
    0x09, 0x01, 0x55, 0x0a, 0x0f, 0x0f, 0x0c, 0x0a, 0x08, 0x08, 0x0b, 0x0f, 0x0d, 0x01, 0x2c, 0x0a,
    0x0f, 0x04, 0x18, 0x08, 0x0f, 0x08, 0x2c, 0x0a, 0x0f, 0x03, 0x18, 0x02, 0x0f, 0x0b, 0x2c, 0x0a,
    0x0f, 0x03, 0x18, 0x01, 0x0f, 0x0c, 0x2c, 0x0a, 0x0f, 0x03, 0x18, 0x01, 0x0f, 0x0c, 0x2c, 0x0a,
    0x0f, 0x03, 0x18, 0x01, 0x0f, 0x0c, 0x2c, 0x0a, 0x0f, 0x03, 0x18, 0x01, 0x0f, 0x0c, 0x2c, 0x0a,
    0x0f, 0x03, 0x18, 0x01, 0x0f, 0x0c, 0x10, 0x0b, 0x4c, 0x4a, 0x09, 0x0f, 0x03, 0xdf, 0x09, 0x0f,
    0x03, 0xdf, 0x09, 0x0f, 0x03, 0xdf, 0x09, 0x0f, 0x03, 0xdf, 0x09, 0x0f, 0x04, 0x09, 0x0e, 0x0f,
    0x0c, 0x05, 0x22, 0x09, 0x0f, 0x0e, 0x0d, 0x09, 0x0a, 0x0f, 0x0f, 0x03, 0xc2, 0x09, 0x0f, 0x0a,
    0x38, 0x06, 0x0f, 0x08, 0xc2, 0x09, 0x0f, 0x03, 0x38, 0x02, 0x0f, 0x0a, 0xc2, 0x09, 0x0f, 0x03,
    0x38, 0x02, 0x0f, 0x0a, 0xc2, 0x09, 0x0f, 0x03, 0x38, 0x02, 0x0f, 0x0a, 0xc2, 0x09, 0x0f, 0x03,
    0x38, 0x02, 0x0f, 0x0a, 0xc2, 0x09, 0x0f, 0x03, 0x38, 0x02, 0x0f, 0x0a, 0xc2, 0x09, 0x0f, 0x03,
    0x38, 0x02, 0x0f, 0x0a, 0xc2, 0x09, 0x0f, 0x03, 0x38, 0x02, 0x0f, 0x0a, 0xc2, 0x09, 0x0f, 0x03,
    0x38, 0x02, 0x0f, 0x0a, 0x10, 0x0f, 0x51, 0xfc, 0x05, 0x0c, 0x0f, 0x0f, 0x0d, 0x07, 0x01, 0x22,
    0x08, 0x0f, 0x0e, 0x09, 0x09, 0x0c, 0x0f, 0x0c, 0x01, 0x55, 0x05, 0x0f, 0x0c, 0x01, 0x38, 0x07,
    0x0f, 0x09, 0x66, 0x05, 0x0f, 0x02, 0x00, 0x0d, 0x0f, 0x02, 0x18, 0x0d, 0x0f, 0x01, 0x00, 0x3f,
    0x03, 0x0f, 0x07, 0x02, 0x0f, 0x0c, 0x9d, 0x09, 0x0f, 0x04, 0x66, 0x0a, 0x0f, 0x0b, 0x0f, 0x0c,
    0x05, 0x05, 0x05, 0x05, 0x05, 0x05, 0x0b, 0x0f, 0x05, 0x66, 0x01, 0x08, 0x0e, 0x0f, 0x0f, 0x0f,
    0x0f, 0x0f, 0x0f, 0x0f, 0x0f, 0x0f, 0x0f, 0x05, 0x19, 0x04, 0x0f, 0x09, 0xdf, 0x04, 0x0f, 0x0a,
    0xdf, 0x02, 0x0f, 0x0c, 0x1a, 0x0d, 0x0f, 0x02, 0xdf, 0x05, 0x0f, 0x0c, 0x02, 0x37, 0x02, 0x01,
    0xc2, 0x08, 0x0f, 0x0f, 0x0a, 0x08, 0x09, 0x0b, 0x0f, 0x07, 0x22, 0x04, 0x0a, 0x0e, 0x0f, 0x0f,
    0x0d, 0x08, 0x02, 0x10, 0x0c, 0x18, 0x7e, 0x06, 0x0d, 0x0f, 0x0e, 0x09, 0x01, 0xb8, 0x09, 0x0f,
    0x0b, 0x08, 0x0a, 0x0f, 0x0d, 0x01, 0x19, 0x05, 0x0f, 0x02, 0x05, 0x0f, 0x0a, 0x38, 0x06, 0x0f,
    0x07, 0x19, 0x02, 0x0f, 0x07, 0x0b, 0x0f, 0x02, 0x37, 0x0f, 0x0c, 0x2c, 0x0a, 0x0f, 0x0f, 0x0f,
    0x07, 0x07, 0x07, 0x07, 0x07, 0x0e, 0x0e, 0x55, 0x07, 0x0f, 0x0f, 0x0f, 0x0f, 0x0f, 0x0f, 0x0f,
    0x0f, 0x0f, 0xc2, 0x0e, 0x0d, 0x1a, 0x0c, 0x0f, 0x02, 0xdf, 0x06, 0x0f, 0x0b, 0x37, 0x09, 0x05,
    0x22, 0x0a, 0x0f, 0x0d, 0x08, 0x08, 0x0d, 0x0f, 0x06, 0xb8, 0x07, 0x0c, 0x0f, 0x0e, 0x0b, 0x04,
    0x10, 0x0f, 0x51, 0xfc, 0x05, 0x0c, 0x0f, 0x0f, 0x0d, 0x07, 0x01, 0x22, 0x08, 0x0f, 0x0e, 0x09,
    0x09, 0x0c, 0x0f, 0x0c, 0x01, 0x55, 0x05, 0x0f, 0x0c, 0x01, 0x38, 0x07, 0x0f, 0x09, 0x66, 0x05,
    0x0f, 0x02, 0x00, 0x0d, 0x0f, 0x02, 0x18, 0x0d, 0x0f, 0x01, 0x00, 0x3f, 0x03, 0x0f, 0x07, 0x02,
    0x0f, 0x0c, 0x9d, 0x09, 0x0f, 0x04, 0x66, 0x0a, 0x0f, 0x0b, 0x0f, 0x0c, 0x05, 0x05, 0x05, 0x05,
    0x05, 0x05, 0x0b, 0x0f, 0x05, 0x66, 0x01, 0x08, 0x0e, 0x0f, 0x0f, 0x0f, 0x0f, 0x0f, 0x0f, 0x0f,
    0x0f, 0x0f, 0x0f, 0x05, 0x19, 0x04, 0x0f, 0x09, 0xdf, 0x04, 0x0f, 0x0a, 0xdf, 0x02, 0x0f, 0x0c,
    0x1a, 0x0d, 0x0f, 0x02, 0xdf, 0x05, 0x0f, 0x0c, 0x02, 0x37, 0x02, 0x01, 0xc2, 0x08, 0x0f, 0x0f,
    0x0a, 0x08, 0x09, 0x0b, 0x0f, 0x07, 0x22, 0x04, 0x0a, 0x0e, 0x0f, 0x0f, 0x0d, 0x08, 0x02, 0x28,
    0x0f, 0x0c, 0x1a, 0x0f, 0x0c, 0x1a, 0x0f, 0x0c, 0x1a, 0x0f, 0x0c, 0x10, 0x0c, 0x18, 0x7e, 0x06,
    0x0d, 0x0f, 0x0e, 0x09, 0x01, 0xb8, 0x09, 0x0f, 0x0b, 0x08, 0x0a, 0x0f, 0x0d, 0x01, 0x19, 0x05,
    0x0f, 0x02, 0x05, 0x0f, 0x0a, 0x38, 0x06, 0x0f, 0x07, 0x19, 0x02, 0x0f, 0x07, 0x0b, 0x0f, 0x02,
    0x37, 0x0f, 0x0c, 0x2c, 0x0a, 0x0f, 0x0f, 0x0f, 0x07, 0x07, 0x07, 0x07, 0x07, 0x0e, 0x0e, 0x55,
    0x07, 0x0f, 0x0f, 0x0f, 0x0f, 0x0f, 0x0f, 0x0f, 0x0f, 0x0f, 0xc2, 0x0e, 0x0d, 0x1a, 0x0c, 0x0f,
    0x02, 0xdf, 0x06, 0x0f, 0x0b, 0x37, 0x09, 0x05, 0x22, 0x0a, 0x0f, 0x0d, 0x08, 0x08, 0x0d, 0x0f,
    0x06, 0xb8, 0x07, 0x0c, 0x0f, 0x0f, 0x0b, 0x04, 0x00, 0x28, 0x0f, 0x0c, 0x1a, 0x0f, 0x0c, 0x1a,
    0x0f, 0x0c, 0x1a, 0x0f, 0x0c, 0x10, 0x12, 0xe3, 0x0a, 0x0c, 0x51, 0x06, 0x0f, 0x01, 0xb8, 0x06,
    0x0f, 0x05, 0x03, 0x0c, 0x0b, 0x28, 0x08, 0x0e, 0x0f, 0x0b, 0x02, 0x5b, 0x01, 0x0e, 0x0f, 0x03,
    0x37, 0x0b, 0x0f, 0x02, 0x38, 0x01, 0x0d, 0x0f, 0x04, 0x4b, 0x04, 0x0f, 0x0d, 0x01, 0x38, 0x0b,
    0x0f, 0x02, 0x38, 0x09, 0x0f, 0x09, 0x00, 0x3f, 0x08, 0x0f, 0x09, 0x38, 0x0b, 0x0f, 0x02, 0x51,
    0x05, 0x0f, 0x0c, 0x41, 0x0c, 0x0f, 0x04, 0x51, 0x0b, 0x0f, 0x02, 0x00, 0x01, 0x0e, 0x0e, 0x02,
    0x41, 0x02, 0x0e, 0x0e, 0x01, 0x00, 0x0b, 0x0f, 0x02, 0x00, 0x0a, 0x0f, 0x06, 0x2c, 0x06, 0x0f,
    0x0c, 0x08, 0x0d, 0x0f, 0x09, 0x0a, 0x0f, 0x0a, 0x55, 0x03, 0x0f, 0x0f, 0x0f, 0x0f, 0x0f, 0x0f,
    0x0f, 0x0f, 0x08, 0x55, 0x0c, 0x0f, 0x06, 0x00, 0x0b, 0x0f, 0x02, 0x02, 0x0f, 0x0f, 0x02, 0x19,
    0x06, 0x0f, 0x0c, 0x51, 0x0b, 0x0f, 0x02, 0x00, 0x08, 0x0f, 0x0b, 0x41, 0x01, 0x0e, 0x0f, 0x04,
    0x51, 0x0b, 0x0f, 0x02, 0x00, 0x01, 0x0e, 0x0f, 0x05, 0x66, 0x09, 0x0f, 0x0a, 0x38, 0x0b, 0x0f,
    0x02, 0x51, 0x05, 0x0f, 0x0d, 0x01, 0x3f, 0x04, 0x0f, 0x0e, 0x02, 0x38, 0x0b, 0x0f, 0x02, 0x38,
    0x0c, 0x0f, 0x08, 0x3f, 0x0c, 0x0f, 0x07, 0x37, 0x0b, 0x0f, 0x02, 0x38, 0x03, 0x0f, 0x0f, 0x02,
    0x64, 0x06, 0x0f, 0x0d, 0x01, 0x37, 0x0b, 0x0f, 0x02, 0x37, 0x09, 0x0f, 0x0b, 0x10, 0x0f, 0x38,
    0xa4, 0x03, 0x03, 0x51, 0x01, 0x04, 0xdd, 0x0a, 0x0d, 0x51, 0x07, 0x0f, 0x01, 0xb8, 0x04, 0x0f,
    0x09, 0x07, 0x0e, 0x09, 0x28, 0x04, 0x0a, 0x0b, 0x07, 0x2e, 0x02, 0x0e, 0x0e, 0x02, 0x51, 0x04,
    0x0f, 0x08, 0x38, 0x0c, 0x0f, 0x05, 0x66, 0x06, 0x0f, 0x0a, 0x51, 0x04, 0x0f, 0x08, 0x51, 0x07,
    0x0f, 0x0a, 0x19, 0x0b, 0x0f, 0x05, 0x00, 0x04, 0x0f, 0x08, 0x00, 0x02, 0x0e, 0x0e, 0x01, 0x19,
    0x02, 0x0e, 0x0d, 0x01, 0x04, 0x0f, 0x08, 0x00, 0x0a, 0x0f, 0x05, 0x55, 0x06, 0x0f, 0x0b, 0x0b,
    0x0f, 0x0c, 0x0a, 0x0f, 0x0a, 0xc2, 0x04, 0x0f, 0x0f, 0x0f, 0x0f, 0x0f, 0x0f, 0x0f, 0x08, 0xc2,
    0x0d, 0x0f, 0x03, 0x04, 0x0f, 0x08, 0x01, 0x0d, 0x0f, 0x02, 0x2c, 0x08, 0x0f, 0x09, 0x00, 0x04,
    0x0f, 0x08, 0x00, 0x05, 0x0f, 0x0c, 0x19, 0x03, 0x0f, 0x0e, 0x01, 0x00, 0x04, 0x0f, 0x08, 0x51,
    0x0b, 0x0f, 0x06, 0x41, 0x0c, 0x0f, 0x06, 0x51, 0x04, 0x0f, 0x08, 0x51, 0x02, 0x0f, 0x0e, 0x02,
    0x00, 0x3f, 0x07, 0x0f, 0x0c, 0x38, 0x04, 0x0f, 0x08, 0x38, 0x08, 0x0f, 0x0b, 0x10, 0x0d, 0x00,
    0x7d, 0x06, 0x0f, 0x07, 0x18, 0x09, 0x0f, 0x09, 0x2c, 0x06, 0x0f, 0x07, 0x37, 0x07, 0x0f, 0x0b,
    0x55, 0x06, 0x0f, 0x07, 0x38, 0x05, 0x0f, 0x0d, 0x01, 0x55, 0x06, 0x0f, 0x07, 0x51, 0x03, 0x0e,
    0x0e, 0x02, 0xc2, 0x06, 0x0f, 0x07, 0x00, 0x01, 0x0d, 0x0f, 0x04, 0x22, 0x06, 0x0f, 0x07, 0x00,
    0x0c, 0x0f, 0x06, 0xb8, 0x06, 0x0f, 0x0f, 0x0f, 0x0f, 0x0f, 0x0d, 0x09, 0x03, 0xc2, 0x06, 0x0f,
    0x0c, 0x0b, 0x0b, 0x0a, 0x0c, 0x0f, 0x0f, 0x06, 0x55, 0x06, 0x0f, 0x07, 0x37, 0x04, 0x0e, 0x0f,
    0x03, 0x2c, 0x06, 0x0f, 0x07, 0x18, 0x06, 0x0f, 0x0a, 0x2c, 0x06, 0x0f, 0x07, 0x18, 0x01, 0x0f,
    0x0d, 0x2c, 0x06, 0x0f, 0x07, 0x9d, 0x0e, 0x0e, 0x2c, 0x06, 0x0f, 0x07, 0x9d, 0x0e, 0x0e, 0x2c,
    0x06, 0x0f, 0x07, 0x18, 0x02, 0x0f, 0x0b, 0xdf, 0x09, 0x0f, 0x07, 0x28, 0x05, 0x0b, 0x0f, 0x0c,
    0x00, 0x28, 0x0a, 0x0d, 0x08, 0x01, 0x10, 0x0b, 0x51, 0x7e, 0x07, 0x0f, 0x05, 0x38, 0x05, 0x0f,
    0x0c, 0x01, 0x55, 0x07, 0x0f, 0x05, 0x51, 0x02, 0x0e, 0x0e, 0x02, 0xc2, 0x07, 0x0f, 0x05, 0x00,
    0x01, 0x0c, 0x0f, 0x04, 0x22, 0x07, 0x0f, 0x05, 0x00, 0x0a, 0x0f, 0x06, 0xb8, 0x07, 0x0f, 0x05,
    0x06, 0x0f, 0x09, 0xdd, 0x07, 0x0f, 0x0f, 0x0f, 0x0f, 0x0d, 0x08, 0x01, 0x22, 0x07, 0x0f, 0x0b,
    0x09, 0x09, 0x0c, 0x0f, 0x0e, 0x02, 0xc2, 0x07, 0x0f, 0x05, 0x38, 0x06, 0x0f, 0x0b, 0xc2, 0x07,
    0x0f, 0x05, 0x37, 0x0c, 0x0f, 0x01, 0x55, 0x07, 0x0f, 0x05, 0x37, 0x0a, 0x0f, 0x02, 0x55, 0x07,
    0x0f, 0x05, 0x37, 0x0c, 0x0f, 0x01, 0x00, 0x28, 0x04, 0x0f, 0x0a, 0x00, 0x28, 0x09, 0x0f, 0x0e,
    0x02, 0x00, 0x28, 0x0b, 0x0a, 0x02, 0x10, 0x0f, 0x38, 0x7d, 0x06, 0x0f, 0x0f, 0x0f, 0x0f, 0x0f,
    0x0f, 0x0f, 0x0f, 0x06, 0x55, 0x06, 0x0f, 0x0b, 0x08, 0x08, 0x08, 0x08, 0x0c, 0x0f, 0x06, 0x55,
    0x07, 0x0f, 0x06, 0x37, 0x07, 0x0f, 0x06, 0x55, 0x08, 0x0f, 0x05, 0x37, 0x07, 0x0f, 0x06, 0x55,
    0x08, 0x0f, 0x05, 0x37, 0x07, 0x0f, 0x06, 0x55, 0x09, 0x0f, 0x04, 0x37, 0x07, 0x0f, 0x06, 0x55,
    0x09, 0x0f, 0x03, 0x37, 0x07, 0x0f, 0x06, 0x55, 0x0a, 0x0f, 0x02, 0x37, 0x07, 0x0f, 0x06, 0x55,
    0x0b, 0x0f, 0x01, 0x37, 0x07, 0x0f, 0x06, 0x55, 0x0d, 0x0e, 0x18, 0x07, 0x0f, 0x06, 0x2c, 0x01,
    0x0f, 0x0c, 0x18, 0x07, 0x0f, 0x06, 0x2c, 0x08, 0x0f, 0x08, 0x18, 0x07, 0x0f, 0x06, 0x41, 0x04,
    0x0b, 0x0f, 0x0e, 0x01, 0x18, 0x07, 0x0f, 0x08, 0x04, 0x66, 0x08, 0x0f, 0x0b, 0x03, 0x9d, 0x07,
    0x0f, 0x0f, 0x0f, 0x1a, 0x0c, 0x0f, 0x1a, 0x0e, 0x0c, 0xdf, 0x06, 0x0f, 0x05, 0xdf, 0x03, 0x07,
    0x10, 0x0c, 0x38, 0x7e, 0x02, 0x0f, 0x0f, 0x0f, 0x0f, 0x0f, 0x0f, 0x0f, 0x22, 0x03, 0x0f, 0x0c,
    0x07, 0x07, 0x07, 0x0d, 0x0f, 0x22, 0x03, 0x0f, 0x09, 0x38, 0x0c, 0x0f, 0x22, 0x04, 0x0f, 0x08,
    0x38, 0x0c, 0x0f, 0x22, 0x04, 0x0f, 0x07, 0x38, 0x0c, 0x0f, 0x22, 0x05, 0x0f, 0x06, 0x38, 0x0c,
    0x0f, 0x22, 0x06, 0x0f, 0x05, 0x38, 0x0c, 0x0f, 0x22, 0x09, 0x0f, 0x03, 0x38, 0x0c, 0x0f, 0x22,
    0x0d, 0x0e, 0x37, 0x0c, 0x0f, 0x55, 0x05, 0x0c, 0x0f, 0x09, 0x37, 0x0c, 0x0f, 0x06, 0x08, 0x19,
    0x08, 0x0e, 0x0a, 0x01, 0x37, 0x0c, 0x0f, 0x0c, 0x0f, 0x1a, 0x0c, 0x0e, 0xdf, 0x01, 0x0f, 0x0a,
    0xdf, 0x07, 0x0f, 0x03, 0xdf, 0x01, 0x04, 0x10, 0x0e, 0x00, 0x7d, 0x04, 0x0f, 0x09, 0x9d, 0x06,
    0x0f, 0x07, 0x19, 0x04, 0x0f, 0x09, 0x9d, 0x06, 0x0f, 0x07, 0x19, 0x04, 0x0f, 0x09, 0x9d, 0x06,
    0x0f, 0x07, 0x19, 0x04, 0x0f, 0x09, 0x9d, 0x06, 0x0f, 0x07, 0x19, 0x04, 0x0f, 0x09, 0x9d, 0x06,
    0x0f, 0x07, 0x19, 0x04, 0x0f, 0x09, 0x9d, 0x06, 0x0f, 0x07, 0x19, 0x04, 0x0f, 0x0f, 0x0f, 0x0f,
    0x0f, 0x0f, 0x0f, 0x0f, 0x0f, 0x0f, 0x07, 0x19, 0x04, 0x0f, 0x0c, 0x08, 0x08, 0x08, 0x08, 0x08,
    0x08, 0x0b, 0x0f, 0x07, 0x19, 0x04, 0x0f, 0x09, 0x9d, 0x06, 0x0f, 0x07, 0x19, 0x04, 0x0f, 0x09,
    0x9d, 0x06, 0x0f, 0x07, 0x19, 0x04, 0x0f, 0x09, 0x9d, 0x06, 0x0f, 0x07, 0x19, 0x04, 0x0f, 0x09,
    0x9d, 0x06, 0x0f, 0x07, 0x19, 0x04, 0x0f, 0x09, 0x9d, 0x06, 0x0f, 0x07, 0x19, 0x04, 0x0f, 0x09,
    0x9d, 0x06, 0x0f, 0x07, 0xdf, 0x06, 0x0f, 0x07, 0xdf, 0x08, 0x0f, 0x06, 0x28, 0x06, 0x09, 0x0f,
    0x0e, 0x02, 0x28, 0x0b, 0x0f, 0x0c, 0x04, 0x10, 0x0b, 0x51, 0x7e, 0x09, 0x0f, 0x04, 0x37, 0x0e,
    0x0e, 0xc2, 0x09, 0x0f, 0x04, 0x37, 0x0e, 0x0e, 0xc2, 0x09, 0x0f, 0x04, 0x37, 0x0e, 0x0e, 0xc2,
    0x09, 0x0f, 0x04, 0x37, 0x0e, 0x0e, 0xc2, 0x09, 0x0f, 0x04, 0x37, 0x0e, 0x0e, 0xc2, 0x09, 0x0f,
    0x0f, 0x0f, 0x0f, 0x0f, 0x0f, 0x0f, 0x0e, 0xc2, 0x09, 0x0f, 0x09, 0x07, 0x07, 0x07, 0x07, 0x0e,
    0x0e, 0xc2, 0x09, 0x0f, 0x04, 0x37, 0x0e, 0x0e, 0xc2, 0x09, 0x0f, 0x04, 0x37, 0x0e, 0x0e, 0xc2,
    0x09, 0x0f, 0x04, 0x37, 0x0e, 0x0e, 0xc2, 0x09, 0x0f, 0x04, 0x37, 0x0e, 0x0e, 0x1a, 0x0e, 0x0e,
    0xdf, 0x01, 0x0f, 0x0c, 0x28, 0x02, 0x08, 0x0c, 0x0f, 0x07, 0x28, 0x04, 0x0f, 0x0e, 0x08, 0x10,
    0x0f, 0x00, 0x7d, 0x05, 0x0f, 0x08, 0x9d, 0x04, 0x0f, 0x09, 0x19, 0x05, 0x0f, 0x08, 0x9d, 0x04,
    0x0f, 0x09, 0x19, 0x05, 0x0f, 0x08, 0x9d, 0x04, 0x0f, 0x09, 0x19, 0x05, 0x0f, 0x08, 0x9d, 0x04,
    0x0f, 0x09, 0x19, 0x05, 0x0f, 0x08, 0x9d, 0x04, 0x0f, 0x09, 0x19, 0x05, 0x0f, 0x08, 0x9d, 0x04,
    0x0f, 0x09, 0x19, 0x05, 0x0f, 0x0c, 0x08, 0x08, 0x08, 0x08, 0x08, 0x08, 0x0a, 0x0f, 0x09, 0x19,
    0x05, 0x0f, 0x0f, 0x0f, 0x0f, 0x0f, 0x0f, 0x0f, 0x0f, 0x0f, 0x0f, 0x09, 0x19, 0x05, 0x0f, 0x08,
    0x9d, 0x04, 0x0f, 0x09, 0x19, 0x05, 0x0f, 0x08, 0x9d, 0x04, 0x0f, 0x09, 0x19, 0x05, 0x0f, 0x08,
    0x9d, 0x04, 0x0f, 0x09, 0x19, 0x05, 0x0f, 0x08, 0x9d, 0x04, 0x0f, 0x09, 0x19, 0x05, 0x0f, 0x08,
    0x9d, 0x04, 0x0f, 0x0c, 0x08, 0x41, 0x05, 0x0f, 0x08, 0x9d, 0x04, 0x0f, 0x0f, 0x0f, 0x1a, 0x0c,
    0x0e, 0xdf, 0x01, 0x0f, 0x0a, 0xdf, 0x07, 0x0f, 0x03, 0xdf, 0x01, 0x04, 0x10, 0x0c, 0x51, 0x7e,
    0x07, 0x0f, 0x05, 0x37, 0x0c, 0x0f, 0xc2, 0x07, 0x0f, 0x05, 0x37, 0x0c, 0x0f, 0xc2, 0x07, 0x0f,
    0x05, 0x37, 0x0c, 0x0f, 0xc2, 0x07, 0x0f, 0x05, 0x37, 0x0c, 0x0f, 0xc2, 0x07, 0x0f, 0x0a, 0x07,
    0x07, 0x07, 0x07, 0x0e, 0x0f, 0xc2, 0x07, 0x0f, 0x0f, 0x0f, 0x0f, 0x0f, 0x0f, 0x0f, 0x0f, 0xc2,
    0x07, 0x0f, 0x05, 0x37, 0x0c, 0x0f, 0xc2, 0x07, 0x0f, 0x05, 0x37, 0x0c, 0x0f, 0xc2, 0x07, 0x0f,
    0x05, 0x37, 0x0c, 0x0f, 0xc2, 0x07, 0x0f, 0x05, 0x37, 0x0c, 0x0f, 0x06, 0x08, 0x2c, 0x07, 0x0f,
    0x05, 0x37, 0x0c, 0x0f, 0x0c, 0x0f, 0x1a, 0x0c, 0x0e, 0xdf, 0x01, 0x0f, 0x0a, 0xdf, 0x07, 0x0f,
    0x03, 0xdf, 0x01, 0x04, 0x10, 0x0e, 0x00, 0x7d, 0x08, 0x0f, 0x05, 0x9d, 0x0e, 0x0f, 0x2c, 0x08,
    0x0f, 0x05, 0x9d, 0x0e, 0x0f, 0x2c, 0x08, 0x0f, 0x05, 0x9d, 0x0e, 0x0f, 0x2c, 0x08, 0x0f, 0x05,
    0x9d, 0x0e, 0x0f, 0x2c, 0x08, 0x0f, 0x05, 0x9d, 0x0e, 0x0f, 0x2c, 0x07, 0x0f, 0x07, 0x9d, 0x0e,
    0x0f, 0x2c, 0x03, 0x0f, 0x0c, 0x9d, 0x0e, 0x0f, 0x55, 0x0a, 0x0f, 0x0d, 0x09, 0x08, 0x09, 0x0b,
    0x0e, 0x0f, 0x0f, 0xc2, 0x07, 0x0c, 0x0e, 0x0f, 0x0e, 0x0d, 0x09, 0x0e, 0x0f, 0x1a, 0x0e, 0x0f,
    0x1a, 0x0e, 0x0f, 0x1a, 0x0e, 0x0f, 0x00, 0x28, 0x07, 0x06, 0x0e, 0x0f, 0x00, 0x28, 0x0f, 0x0c,
    0x0e, 0x0f, 0x00, 0x28, 0x0f, 0x0c, 0x1a, 0x0f, 0x0c, 0x1a, 0x0f, 0x0c, 0x1a, 0x07, 0x06, 0x10,
    0x0b, 0x51, 0x7e, 0x0f, 0x0c, 0x37, 0x07, 0x0f, 0x05, 0xc2, 0x0f, 0x0c, 0x37, 0x07, 0x0f, 0x05,
    0xc2, 0x0f, 0x0c, 0x37, 0x07, 0x0f, 0x05, 0xc2, 0x0e, 0x0d, 0x37, 0x07, 0x0f, 0x05, 0xc2, 0x0c,
    0x0f, 0x02, 0x38, 0x07, 0x0f, 0x05, 0xc2, 0x05, 0x0f, 0x0e, 0x09, 0x08, 0x09, 0x0d, 0x0f, 0x05,
    0x22, 0x05, 0x0c, 0x0e, 0x0f, 0x0d, 0x0d, 0x0f, 0x05, 0xdf, 0x07, 0x0f, 0x05, 0xdf, 0x07, 0x0f,
    0x05, 0x00, 0x28, 0x07, 0x0b, 0x0f, 0x05, 0x00, 0x28, 0x0f, 0x0f, 0x0f, 0x05, 0x00, 0x28, 0x0f,
    0x0c, 0x1a, 0x0f, 0x0c, 0x1a, 0x0f, 0x0c, 0x1a, 0x07, 0x06, 0x10, 0x12, 0x00, 0x7d, 0x05, 0x0f,
    0x0f, 0x04, 0x52, 0x0c, 0x0f, 0x0c, 0x00, 0x3f, 0x05, 0x0f, 0x0f, 0x0a, 0x4c, 0x04, 0x0f, 0x0f,
    0x0c, 0x00, 0x3f, 0x05, 0x0f, 0x0f, 0x0f, 0x02, 0x9d, 0x0a, 0x0f, 0x0f, 0x0c, 0x00, 0x3f, 0x05,
    0x0f, 0x0a, 0x0f, 0x08, 0x18, 0x01, 0x0f, 0x0c, 0x0e, 0x0c, 0x00, 0x3f, 0x05, 0x0f, 0x06, 0x0d,
    0x0e, 0x18, 0x07, 0x0f, 0x05, 0x0e, 0x0c, 0x00, 0x3f, 0x05, 0x0f, 0x07, 0x07, 0x0f, 0x05, 0x37,
    0x0d, 0x0e, 0x00, 0x0f, 0x0c, 0x00, 0x3f, 0x05, 0x0f, 0x07, 0x01, 0x0f, 0x0b, 0x38, 0x04, 0x0f,
    0x08, 0x00, 0x0f, 0x0c, 0x00, 0x3f, 0x05, 0x0f, 0x08, 0x00, 0x0a, 0x0f, 0x02, 0x51, 0x0a, 0x0f,
    0x02, 0x01, 0x0f, 0x0c, 0x00, 0x3f, 0x05, 0x0f, 0x08, 0x00, 0x04, 0x0f, 0x08, 0x00, 0x02, 0x0f,
    0x0b, 0x00, 0x01, 0x0f, 0x0c, 0x00, 0x3f, 0x05, 0x0f, 0x08, 0x51, 0x0d, 0x0e, 0x00, 0x07, 0x0f,
    0x04, 0x00, 0x01, 0x0f, 0x0c, 0x00, 0x3f, 0x05, 0x0f, 0x08, 0x51, 0x06, 0x0f, 0x06, 0x0d, 0x0d,
    0x51, 0x01, 0x0f, 0x0c, 0x00, 0x3f, 0x05, 0x0f, 0x08, 0x51, 0x01, 0x0e, 0x0e, 0x0f, 0x07, 0x51,
    0x01, 0x0f, 0x0c, 0x00, 0x3f, 0x05, 0x0f, 0x08, 0x38, 0x09, 0x0f, 0x0f, 0x01, 0x51, 0x01, 0x0f,
    0x0d, 0x04, 0x3f, 0x05, 0x0f, 0x08, 0x38, 0x03, 0x0f, 0x0a, 0x38, 0x01, 0x0f, 0x0f, 0x0f, 0x1a,
    0x0c, 0x0f, 0x1a, 0x0e, 0x0c, 0xdf, 0x06, 0x0f, 0x05, 0xdf, 0x03, 0x07, 0x10, 0x10, 0x51, 0x7e,
    0x07, 0x0f, 0x0f, 0x02, 0x18, 0x03, 0x0f, 0x0f, 0x05, 0x41, 0x07, 0x0f, 0x0f, 0x08, 0x18, 0x09,
    0x0f, 0x0f, 0x05, 0x41, 0x07, 0x0f, 0x0f, 0x0e, 0x37, 0x01, 0x0e, 0x0f, 0x0f, 0x05, 0x41, 0x07,
    0x0f, 0x0b, 0x0f, 0x05, 0x38, 0x07, 0x0f, 0x0c, 0x0f, 0x05, 0x41, 0x07, 0x0f, 0x06, 0x0e, 0x0c,
    0x38, 0x0d, 0x0d, 0x08, 0x0f, 0x05, 0x41, 0x07, 0x0f, 0x05, 0x08, 0x0f, 0x03, 0x00, 0x04, 0x0f,
    0x07, 0x08, 0x0f, 0x05, 0x41, 0x07, 0x0f, 0x05, 0x02, 0x0f, 0x09, 0x00, 0x0b, 0x0e, 0x01, 0x08,
    0x0f, 0x05, 0x41, 0x07, 0x0f, 0x05, 0x00, 0x0a, 0x0e, 0x03, 0x0f, 0x09, 0x00, 0x08, 0x0f, 0x05,
    0x41, 0x07, 0x0f, 0x05, 0x00, 0x04, 0x0f, 0x0d, 0x0f, 0x02, 0x00, 0x08, 0x0f, 0x05, 0x41, 0x07,
    0x0f, 0x05, 0x51, 0x0c, 0x0f, 0x0b, 0x51, 0x08, 0x0f, 0x0a, 0x08, 0x66, 0x07, 0x0f, 0x05, 0x51,
    0x06, 0x0f, 0x04, 0x51, 0x08, 0x0f, 0x0f, 0x0f, 0x1a, 0x0c, 0x0e, 0xdf, 0x01, 0x0f, 0x0a, 0xdf,
    0x07, 0x0f, 0x03, 0xdf, 0x01, 0x04, 0x10, 0x0d, 0x51, 0xaf, 0x0a, 0x0c, 0x51, 0x06, 0x0f, 0x01,
    0xb8, 0x06, 0x0f, 0x05, 0x03, 0x0c, 0x0b, 0x28, 0x08, 0x0e, 0x0f, 0x0b, 0x02, 0xcb, 0x07, 0x0f,
    0x08, 0xdf, 0x0d, 0x0f, 0x0e, 0x00, 0x28, 0x04, 0x0f, 0x0c, 0x0f, 0x05, 0x28, 0x0a, 0x0f, 0x02,
    0x0e, 0x0b, 0xdd, 0x01, 0x0f, 0x0b, 0x00, 0x0a, 0x0f, 0x02, 0xb8, 0x06, 0x0f, 0x05, 0x00, 0x04,
    0x0f, 0x07, 0xb8, 0x0c, 0x0e, 0x38, 0x0d, 0x0d, 0x22, 0x03, 0x0f, 0x09, 0x38, 0x08, 0x0f, 0x04,
    0xc2, 0x09, 0x0f, 0x0b, 0x08, 0x08, 0x08, 0x0a, 0x0f, 0x0a, 0x55, 0x01, 0x0e, 0x0f, 0x0f, 0x0f,
    0x0f, 0x0f, 0x0f, 0x0f, 0x0f, 0x01, 0x2c, 0x05, 0x0f, 0x07, 0x18, 0x06, 0x0f, 0x07, 0x2c, 0x0b,
    0x0f, 0x02, 0x18, 0x01, 0x0f, 0x0c, 0x19, 0x02, 0x0f, 0x0b, 0x4c, 0x0a, 0x0f, 0x03, 0x41, 0x08,
    0x0f, 0x06, 0x4c, 0x05, 0x0f, 0x09, 0x10, 0x0b, 0x51, 0xa4, 0x03, 0x03, 0x51, 0x01, 0x04, 0xdd,
    0x0a, 0x0d, 0x51, 0x07, 0x0f, 0x01, 0xb8, 0x04, 0x0f, 0x09, 0x07, 0x0e, 0x09, 0x28, 0x04, 0x0a,
    0x0b, 0x07, 0x00, 0xd2, 0x02, 0x09, 0x0e, 0x0f, 0x0e, 0x09, 0x01, 0x22, 0x02, 0x0e, 0x0f, 0x09,
    0x07, 0x0b, 0x0f, 0x0c, 0x22, 0x09, 0x0f, 0x05, 0x38, 0x0a, 0x0f, 0x04, 0xc2, 0x01, 0x02, 0x37,
    0x06, 0x0f, 0x06, 0x22, 0x03, 0x0a, 0x0d, 0x0f, 0x0f, 0x0f, 0x0f, 0x06, 0xc2, 0x04, 0x0f, 0x0e,
    0x07, 0x05, 0x04, 0x08, 0x0f, 0x06, 0xc2, 0x0b, 0x0f, 0x02, 0x38, 0x06, 0x0f, 0x06, 0xc2, 0x0e,
    0x0e, 0x37, 0x07, 0x0f, 0x06, 0xc2, 0x0c, 0x0f, 0x03, 0x51, 0x02, 0x0d, 0x0f, 0x06, 0xc2, 0x06,
    0x0f, 0x0e, 0x0a, 0x0a, 0x0e, 0x0e, 0x0f, 0x07, 0x22, 0x06, 0x0d, 0x0f, 0x0e, 0x08, 0x04, 0x0f,
    0x0a, 0x10, 0x0d, 0x51, 0xaf, 0x02, 0x03, 0x51, 0x02, 0x04, 0xdd, 0x0e, 0x0f, 0x01, 0x00, 0x0b,
    0x0f, 0x04, 0xb8, 0x08, 0x09, 0x51, 0x06, 0x0a, 0x01, 0x51, 0xd2, 0x07, 0x0f, 0x08, 0xdf, 0x0d,
    0x0f, 0x0e, 0x00, 0x28, 0x04, 0x0f, 0x0c, 0x0f, 0x05, 0x28, 0x0a, 0x0f, 0x02, 0x0e, 0x0b, 0xdd,
    0x01, 0x0f, 0x0b, 0x00, 0x0a, 0x0f, 0x02, 0xb8, 0x06, 0x0f, 0x05, 0x00, 0x04, 0x0f, 0x07, 0xb8,
    0x0c, 0x0e, 0x38, 0x0d, 0x0d, 0x22, 0x03, 0x0f, 0x09, 0x38, 0x08, 0x0f, 0x04, 0xc2, 0x09, 0x0f,
    0x0b, 0x08, 0x08, 0x08, 0x0a, 0x0f, 0x0a, 0x55, 0x01, 0x0e, 0x0f, 0x0f, 0x0f, 0x0f, 0x0f, 0x0f,
    0x0f, 0x0f, 0x01, 0x2c, 0x05, 0x0f, 0x07, 0x18, 0x06, 0x0f, 0x07, 0x2c, 0x0b, 0x0f, 0x02, 0x18,
    0x01, 0x0f, 0x0c, 0x19, 0x02, 0x0f, 0x0b, 0x4c, 0x0a, 0x0f, 0x03, 0x41, 0x08, 0x0f, 0x06, 0x4c,
    0x05, 0x0f, 0x09, 0x10, 0x0b, 0x97, 0x06, 0x06, 0x51, 0x04, 0x08, 0x01, 0xb8, 0x0f, 0x0f, 0x01,
    0x00, 0x0b, 0x0f, 0x04, 0xb8, 0x05, 0x06, 0x51, 0x03, 0x07, 0xd2, 0x02, 0x09, 0x0e, 0x0f, 0x0e,
    0x09, 0x01, 0x22, 0x02, 0x0e, 0x0f, 0x09, 0x07, 0x0b, 0x0f, 0x0c, 0x22, 0x09, 0x0f, 0x05, 0x38,
    0x0a, 0x0f, 0x04, 0xc2, 0x01, 0x02, 0x37, 0x06, 0x0f, 0x06, 0x22, 0x03, 0x0a, 0x0d, 0x0f, 0x0f,
    0x0f, 0x0f, 0x06, 0xc2, 0x04, 0x0f, 0x0e, 0x07, 0x05, 0x04, 0x08, 0x0f, 0x06, 0xc2, 0x0b, 0x0f,
    0x02, 0x38, 0x06, 0x0f, 0x06, 0xc2, 0x0e, 0x0e, 0x37, 0x07, 0x0f, 0x06, 0xc2, 0x0c, 0x0f, 0x03,
    0x51, 0x02, 0x0d, 0x0f, 0x06, 0xc2, 0x06, 0x0f, 0x0e, 0x0a, 0x0a, 0x0e, 0x0e, 0x0f, 0x07, 0x22,
    0x06, 0x0d, 0x0f, 0x0e, 0x08, 0x04, 0x0f, 0x0a, 0x10, 0x13, 0x77, 0x0d, 0x0f, 0x0f, 0x0f, 0x0f,
    0x0f, 0x0f, 0x0f, 0x0f, 0x0b, 0x2c, 0x07, 0x0f, 0x0f, 0x0f, 0x08, 0x07, 0x07, 0x07, 0x07, 0x07,
    0x05, 0x19, 0x02, 0x0e, 0x0d, 0x0c, 0x0f, 0x01, 0xdd, 0x0a, 0x0f, 0x04, 0x0b, 0x0f, 0x01, 0xb8,
    0x05, 0x0f, 0x0a, 0x00, 0x0a, 0x0f, 0x02, 0x22, 0x01, 0x0d, 0x0e, 0x02, 0x00, 0x0a, 0x0f, 0x09,
    0x07, 0x07, 0x07, 0x07, 0x07, 0x41, 0x08, 0x0f, 0x07, 0x51, 0x09, 0x0f, 0x0f, 0x0f, 0x0f, 0x0f,
    0x0f, 0x0f, 0x66, 0x03, 0x0f, 0x0d, 0x01, 0x51, 0x08, 0x0f, 0x04, 0xc2, 0x0c, 0x0f, 0x05, 0x38,
    0x08, 0x0f, 0x05, 0x55, 0x06, 0x0f, 0x0f, 0x0b, 0x0b, 0x0b, 0x0b, 0x0d, 0x0f, 0x05, 0x2c, 0x01,
    0x0e, 0x0f, 0x0f, 0x0f, 0x0f, 0x0f, 0x0f, 0x0f, 0x0f, 0x06, 0x2c, 0x09, 0x0f, 0x08, 0x18, 0x06,
    0x0f, 0x07, 0x19, 0x03, 0x0f, 0x0e, 0x01, 0x18, 0x05, 0x0f, 0x0b, 0x07, 0x07, 0x07, 0x07, 0x07,
    0x07, 0x03, 0x2d, 0x0c, 0x0f, 0x06, 0x9d, 0x04, 0x0f, 0x0f, 0x0f, 0x0f, 0x0f, 0x0f, 0x0f, 0x0f,
    0x05, 0x10, 0x11, 0x38, 0x7e, 0x04, 0x0b, 0x0e, 0x0f, 0x0d, 0x06, 0x00, 0x04, 0x0b, 0x0f, 0x0e,
    0x0b, 0x04, 0x66, 0x05, 0x0f, 0x0e, 0x09, 0x08, 0x0d, 0x0f, 0x0a, 0x0f, 0x0d, 0x08, 0x08, 0x0e,
    0x0f, 0x04, 0x00, 0x3f, 0x0d, 0x0f, 0x02, 0x51, 0x01, 0x0e, 0x0f, 0x0d, 0x01, 0x51, 0x02, 0x0e,
    0x0c, 0x00, 0x3f, 0x03, 0x04, 0x37, 0x0b, 0x0f, 0x06, 0x37, 0x0a, 0x0f, 0x01, 0x66, 0x03, 0x05,
    0x06, 0x06, 0x0c, 0x0f, 0x08, 0x06, 0x06, 0x06, 0x06, 0x0b, 0x0f, 0x03, 0x3f, 0x03, 0x0d, 0x0f,
    0x0f, 0x0f, 0x0f, 0x0f, 0x0f, 0x0f, 0x0f, 0x0f, 0x0f, 0x0f, 0x0f, 0x0f, 0x03, 0x3f, 0x0e, 0x0f,
    0x06, 0x01, 0x51, 0x0b, 0x0f, 0x04, 0x55, 0x03, 0x0f, 0x0a, 0x37, 0x0a, 0x0f, 0x06, 0x55, 0x03,
    0x0f, 0x0b, 0x38, 0x02, 0x0d, 0x0f, 0x0d, 0x02, 0x38, 0x01, 0x03, 0x00, 0x3f, 0x0c, 0x0f, 0x0b,
    0x07, 0x09, 0x0e, 0x0e, 0x08, 0x0f, 0x0e, 0x09, 0x08, 0x09, 0x0e, 0x0d, 0x00, 0x3f, 0x02, 0x0a,
    0x0e, 0x0f, 0x0d, 0x09, 0x02, 0x00, 0x03, 0x0b, 0x0e, 0x0f, 0x0e, 0x0a, 0x03, 0x10, 0x0b, 0x51,
    0xaf, 0x0a, 0x0c, 0x51, 0x06, 0x0f, 0x01, 0xb8, 0x06, 0x0f, 0x05, 0x03, 0x0c, 0x0b, 0x28, 0x08,
    0x0e, 0x0f, 0x0b, 0x02, 0x3a, 0x05, 0x0f, 0x0f, 0x0f, 0x0f, 0x0f, 0x0f, 0x0f, 0x0f, 0x09, 0x55,
    0x05, 0x0f, 0x0c, 0x08, 0x08, 0x08, 0x08, 0x08, 0x08, 0x05, 0x55, 0x05, 0x0f, 0x08, 0xdf, 0x05,
    0x0f, 0x08, 0xdf, 0x05, 0x0f, 0x08, 0xdf, 0x05, 0x0f, 0x08, 0xdf, 0x05, 0x0f, 0x0c, 0x08, 0x08,
    0x08, 0x08, 0x08, 0x06, 0xc2, 0x05, 0x0f, 0x0f, 0x0f, 0x0f, 0x0f, 0x0f, 0x0f, 0x0a, 0xc2, 0x05,
    0x0f, 0x08, 0xdf, 0x05, 0x0f, 0x08, 0xdf, 0x05, 0x0f, 0x08, 0xdf, 0x05, 0x0f, 0x08, 0xdf, 0x05,
    0x0f, 0x0c, 0x08, 0x08, 0x08, 0x08, 0x08, 0x08, 0x06, 0x55, 0x05, 0x0f, 0x0f, 0x0f, 0x0f, 0x0f,
    0x0f, 0x0f, 0x0f, 0x0a, 0x10, 0x0b, 0x00, 0xa4, 0x03, 0x03, 0x51, 0x01, 0x04, 0xdd, 0x0a, 0x0d,
    0x51, 0x07, 0x0f, 0x01, 0xb8, 0x04, 0x0f, 0x09, 0x07, 0x0e, 0x09, 0x28, 0x04, 0x0a, 0x0b, 0x07,
    0xcb, 0x07, 0x0d, 0x0f, 0x0e, 0x09, 0x01, 0xb8, 0x0a, 0x0f, 0x0b, 0x08, 0x0a, 0x0f, 0x0c, 0x22,
    0x06, 0x0f, 0x08, 0x38, 0x08, 0x0f, 0x06, 0xc2, 0x0c, 0x0f, 0x01, 0x38, 0x01, 0x0f, 0x0a, 0x55,
    0x01, 0x0f, 0x0e, 0x07, 0x07, 0x07, 0x07, 0x07, 0x0f, 0x0d, 0x55, 0x01, 0x0f, 0x0f, 0x0f, 0x0f,
    0x0f, 0x0f, 0x0f, 0x0f, 0x0d, 0x55, 0x01, 0x0f, 0x0c, 0x1a, 0x0d, 0x0f, 0x01, 0xdf, 0x07, 0x0f,
    0x09, 0x38, 0x01, 0x0a, 0x04, 0x22, 0x0c, 0x0f, 0x0c, 0x08, 0x08, 0x0d, 0x0f, 0x04, 0xb8, 0x07,
    0x0d, 0x0f, 0x0e, 0x0b, 0x03, 0x10, 0x0e, 0x51, 0x7d, 0x03, 0x09, 0x0d, 0x0f, 0x0f, 0x0e, 0x0a,
    0x04, 0x22, 0x09, 0x0f, 0x0b, 0x09, 0x09, 0x0a, 0x0e, 0x0f, 0x09, 0xc2, 0x02, 0x01, 0x37, 0x01,
    0x0b, 0x0f, 0x08, 0xdf, 0x01, 0x0e, 0x0f, 0x02, 0xdf, 0x08, 0x0f, 0x06, 0xdf, 0x04, 0x0f, 0x09,
    0x41, 0x01, 0x07, 0x07, 0x07, 0x07, 0x07, 0x07, 0x07, 0x07, 0x07, 0x09, 0x0f, 0x0a, 0x41, 0x01,
    0x0f, 0x0f, 0x0f, 0x0f, 0x0f, 0x0f, 0x0f, 0x0f, 0x0f, 0x0f, 0x0f, 0x0a, 0x41, 0x01, 0x0f, 0x0c,
    0x4c, 0x04, 0x0f, 0x09, 0x19, 0x0e, 0x0e, 0x4c, 0x08, 0x0f, 0x06, 0x19, 0x0a, 0x0f, 0x04, 0x18,
    0x01, 0x0e, 0x0f, 0x01, 0x19, 0x03, 0x0f, 0x0d, 0x02, 0x38, 0x01, 0x0b, 0x0f, 0x07, 0x55, 0x06,
    0x0f, 0x0f, 0x0b, 0x09, 0x0a, 0x0e, 0x0f, 0x09, 0x22, 0x03, 0x0a, 0x0d, 0x0f, 0x0e, 0x0b, 0x05,
    0x10, 0x0b, 0x51, 0x7e, 0x01, 0x07, 0x0d, 0x0f, 0x0f, 0x0c, 0x05, 0xb8, 0x08, 0x0f, 0x0b, 0x08,
    0x08, 0x0d, 0x0f, 0x07, 0x22, 0x01, 0x03, 0x38, 0x01, 0x0d, 0x0f, 0x02, 0xdf, 0x05, 0x0f, 0x08,
    0xdf, 0x02, 0x0f, 0x0b, 0xc2, 0x07, 0x07, 0x07, 0x07, 0x07, 0x07, 0x08, 0x0f, 0x0c, 0xc2, 0x0f,
    0x0f, 0x0f, 0x0f, 0x0f, 0x0f, 0x0f, 0x0f, 0x0b, 0xc2, 0x0e, 0x0c, 0x37, 0x05, 0x0f, 0x08, 0xc2,
    0x0b, 0x0f, 0x03, 0x51, 0x01, 0x0d, 0x0f, 0x02, 0xc2, 0x03, 0x0f, 0x0e, 0x09, 0x08, 0x0d, 0x0f,
    0x06, 0xb8, 0x03, 0x0b, 0x0e, 0x0f, 0x0c, 0x05, 0x10, 0x0e, 0x83, 0x0d, 0x0e, 0x01, 0x00, 0x0a,
    0x0f, 0x03, 0xb8, 0x0c, 0x0d, 0x01, 0x00, 0x09, 0x0e, 0x03, 0x3a, 0x03, 0x09, 0x0d, 0x0f, 0x0f,
    0x0e, 0x0a, 0x04, 0x22, 0x09, 0x0f, 0x0b, 0x09, 0x09, 0x0a, 0x0e, 0x0f, 0x09, 0xc2, 0x02, 0x01,
    0x37, 0x01, 0x0b, 0x0f, 0x08, 0xdf, 0x01, 0x0e, 0x0f, 0x02, 0xdf, 0x08, 0x0f, 0x06, 0xdf, 0x04,
    0x0f, 0x09, 0x41, 0x01, 0x07, 0x07, 0x07, 0x07, 0x07, 0x07, 0x07, 0x07, 0x07, 0x09, 0x0f, 0x0a,
    0x41, 0x01, 0x0f, 0x0f, 0x0f, 0x0f, 0x0f, 0x0f, 0x0f, 0x0f, 0x0f, 0x0f, 0x0f, 0x0a, 0x41, 0x01,
    0x0f, 0x0c, 0x4c, 0x04, 0x0f, 0x09, 0x19, 0x0e, 0x0e, 0x4c, 0x08, 0x0f, 0x06, 0x19, 0x0a, 0x0f,
    0x04, 0x18, 0x01, 0x0e, 0x0f, 0x01, 0x19, 0x03, 0x0f, 0x0d, 0x02, 0x38, 0x01, 0x0b, 0x0f, 0x07,
    0x55, 0x06, 0x0f, 0x0f, 0x0b, 0x09, 0x0a, 0x0e, 0x0f, 0x09, 0x22, 0x03, 0x0a, 0x0d, 0x0f, 0x0e,
    0x0b, 0x05, 0x10, 0x0b, 0x52, 0x4a, 0x06, 0x06, 0x51, 0x04, 0x08, 0x01, 0xb8, 0x0f, 0x0f, 0x01,
    0x00, 0x0b, 0x0f, 0x04, 0xb8, 0x05, 0x06, 0x51, 0x03, 0x07, 0xd2, 0x01, 0x07, 0x0d, 0x0f, 0x0f,
    0x0c, 0x05, 0xb8, 0x08, 0x0f, 0x0b, 0x08, 0x08, 0x0d, 0x0f, 0x07, 0x22, 0x01, 0x03, 0x38, 0x01,
    0x0d, 0x0f, 0x02, 0xdf, 0x05, 0x0f, 0x08, 0xdf, 0x02, 0x0f, 0x0b, 0xc2, 0x07, 0x07, 0x07, 0x07,
    0x07, 0x07, 0x08, 0x0f, 0x0c, 0xc2, 0x0f, 0x0f, 0x0f, 0x0f, 0x0f, 0x0f, 0x0f, 0x0f, 0x0b, 0xc2,
    0x0e, 0x0c, 0x37, 0x05, 0x0f, 0x08, 0xc2, 0x0b, 0x0f, 0x03, 0x51, 0x01, 0x0d, 0x0f, 0x02, 0xc2,
    0x03, 0x0f, 0x0e, 0x09, 0x08, 0x0d, 0x0f, 0x06, 0xb8, 0x03, 0x0b, 0x0e, 0x0f, 0x0c, 0x05, 0x10,
    0x12, 0xe3, 0x02, 0x03, 0x51, 0x02, 0x04, 0xdd, 0x0e, 0x0f, 0x01, 0x00, 0x0b, 0x0f, 0x04, 0xb8,
    0x08, 0x09, 0x51, 0x06, 0x0a, 0x01, 0x96, 0x01, 0x0e, 0x0f, 0x03, 0x37, 0x0b, 0x0f, 0x02, 0x38,
    0x01, 0x0d, 0x0f, 0x04, 0x4b, 0x04, 0x0f, 0x0d, 0x01, 0x38, 0x0b, 0x0f, 0x02, 0x38, 0x09, 0x0f,
    0x09, 0x00, 0x3f, 0x08, 0x0f, 0x09, 0x38, 0x0b, 0x0f, 0x02, 0x51, 0x05, 0x0f, 0x0c, 0x41, 0x0c,
    0x0f, 0x04, 0x51, 0x0b, 0x0f, 0x02, 0x00, 0x01, 0x0e, 0x0e, 0x02, 0x41, 0x02, 0x0e, 0x0e, 0x01,
    0x00, 0x0b, 0x0f, 0x02, 0x00, 0x0a, 0x0f, 0x06, 0x2c, 0x06, 0x0f, 0x0c, 0x08, 0x0d, 0x0f, 0x09,
    0x0a, 0x0f, 0x0a, 0x55, 0x03, 0x0f, 0x0f, 0x0f, 0x0f, 0x0f, 0x0f, 0x0f, 0x0f, 0x08, 0x55, 0x0c,
    0x0f, 0x06, 0x00, 0x0b, 0x0f, 0x02, 0x02, 0x0f, 0x0f, 0x02, 0x19, 0x06, 0x0f, 0x0c, 0x51, 0x0b,
    0x0f, 0x02, 0x00, 0x08, 0x0f, 0x0b, 0x41, 0x01, 0x0e, 0x0f, 0x04, 0x51, 0x0b, 0x0f, 0x02, 0x00,
    0x01, 0x0e, 0x0f, 0x05, 0x66, 0x09, 0x0f, 0x0a, 0x38, 0x0b, 0x0f, 0x02, 0x51, 0x05, 0x0f, 0x0d,
    0x01, 0x3f, 0x04, 0x0f, 0x0e, 0x02, 0x38, 0x0b, 0x0f, 0x02, 0x38, 0x0c, 0x0f, 0x08, 0x3f, 0x0c,
    0x0f, 0x07, 0x37, 0x0b, 0x0f, 0x02, 0x38, 0x03, 0x0f, 0x0f, 0x02, 0x64, 0x06, 0x0f, 0x0d, 0x01,
    0x37, 0x0b, 0x0f, 0x02, 0x37, 0x09, 0x0f, 0x0b, 0x10, 0x0f, 0x00, 0x97, 0x06, 0x06, 0x51, 0x04,
    0x08, 0x01, 0xb8, 0x0f, 0x0f, 0x01, 0x00, 0x0b, 0x0f, 0x04, 0xb8, 0x05, 0x06, 0x51, 0x03, 0x07,
    0x84, 0x02, 0x0e, 0x0e, 0x02, 0x51, 0x04, 0x0f, 0x08, 0x38, 0x0c, 0x0f, 0x05, 0x66, 0x06, 0x0f,
    0x0a, 0x51, 0x04, 0x0f, 0x08, 0x51, 0x07, 0x0f, 0x0a, 0x19, 0x0b, 0x0f, 0x05, 0x00, 0x04, 0x0f,
    0x08, 0x00, 0x02, 0x0e, 0x0e, 0x01, 0x19, 0x02, 0x0e, 0x0d, 0x01, 0x04, 0x0f, 0x08, 0x00, 0x0a,
    0x0f, 0x05, 0x55, 0x06, 0x0f, 0x0b, 0x0b, 0x0f, 0x0c, 0x0a, 0x0f, 0x0a, 0xc2, 0x04, 0x0f, 0x0f,
    0x0f, 0x0f, 0x0f, 0x0f, 0x0f, 0x08, 0xc2, 0x0d, 0x0f, 0x03, 0x04, 0x0f, 0x08, 0x01, 0x0d, 0x0f,
    0x02, 0x2c, 0x08, 0x0f, 0x09, 0x00, 0x04, 0x0f, 0x08, 0x00, 0x05, 0x0f, 0x0c, 0x19, 0x03, 0x0f,
    0x0e, 0x01, 0x00, 0x04, 0x0f, 0x08, 0x51, 0x0b, 0x0f, 0x06, 0x41, 0x0c, 0x0f, 0x06, 0x51, 0x04,
    0x0f, 0x08, 0x51, 0x02, 0x0f, 0x0e, 0x02, 0x00, 0x3f, 0x07, 0x0f, 0x0c, 0x38, 0x04, 0x0f, 0x08,
    0x38, 0x08, 0x0f, 0x0b, 0x10, 0x0c, 0x51, 0xaf, 0x02, 0x03, 0x51, 0x02, 0x04, 0xdd, 0x0e, 0x0f,
    0x01, 0x00, 0x0b, 0x0f, 0x04, 0xb8, 0x08, 0x09, 0x51, 0x06, 0x0a, 0x01, 0x3a, 0x01, 0x08, 0x0d,
    0x0f, 0x0f, 0x0c, 0x08, 0x01, 0xc2, 0x02, 0x0d, 0x0f, 0x0c, 0x09, 0x09, 0x0d, 0x0f, 0x0d, 0x01,
    0x55, 0x0a, 0x0f, 0x07, 0x37, 0x0a, 0x0f, 0x08, 0x55, 0x0f, 0x0e, 0x18, 0x02, 0x0f, 0x0c, 0xdf,
    0x01, 0x0f, 0x0c, 0xdf, 0x08, 0x0f, 0x06, 0xb8, 0x06, 0x08, 0x09, 0x0c, 0x0f, 0x08, 0xdd, 0x0b,
    0x0f, 0x0f, 0x0f, 0x0e, 0x06, 0xdf, 0x03, 0x0b, 0x0f, 0x08, 0xdf, 0x01, 0x0e, 0x0e, 0x2c, 0x03,
    0x0f, 0x0b, 0x9d, 0x0d, 0x0f, 0x55, 0x0e, 0x0f, 0x05, 0x37, 0x06, 0x0f, 0x0c, 0x55, 0x04, 0x0f,
    0x0f, 0x0b, 0x08, 0x09, 0x0c, 0x0f, 0x0e, 0x03, 0xc2, 0x02, 0x09, 0x0d, 0x0f, 0x0e, 0x0c, 0x08,
    0x02, 0x10, 0x0a, 0x52, 0x4a, 0x06, 0x06, 0x51, 0x04, 0x08, 0x01, 0xb8, 0x0f, 0x0f, 0x01, 0x00,
    0x0b, 0x0f, 0x04, 0xb8, 0x05, 0x06, 0x51, 0x03, 0x07, 0x00, 0xd2, 0x05, 0x0c, 0x0e, 0x0f, 0x0d,
    0x07, 0xb8, 0x07, 0x0f, 0x0d, 0x08, 0x08, 0x0c, 0x0f, 0x09, 0x22, 0x0e, 0x0e, 0x01, 0x38, 0x0e,
    0x0e, 0x1a, 0x0e, 0x0e, 0xdd, 0x05, 0x08, 0x08, 0x0c, 0x0f, 0x05, 0xdd, 0x0b, 0x0f, 0x0f, 0x0f,
    0x0c, 0x02, 0xdf, 0x04, 0x0e, 0x0d, 0x1a, 0x0a, 0x0f, 0x02, 0x55, 0x01, 0x0f, 0x0d, 0x37, 0x0d,
    0x0f, 0x01, 0xc2, 0x0a, 0x0f, 0x0d, 0x08, 0x08, 0x0c, 0x0f, 0x09, 0xb8, 0x06, 0x0c, 0x0f, 0x0f,
    0x0c, 0x07, 0x10, 0x0c, 0x00, 0x7d, 0x08, 0x0f, 0x0f, 0x0f, 0x0f, 0x0f, 0x0f, 0x0f, 0x0f, 0xc2,
    0x05, 0x08, 0x08, 0x08, 0x08, 0x08, 0x0b, 0x0f, 0x0b, 0x00, 0x28, 0x03, 0x0e, 0x0c, 0x01, 0x28,
    0x02, 0x0d, 0x0d, 0x02, 0x28, 0x01, 0x0d, 0x0e, 0x03, 0x00, 0x28, 0x0c, 0x0f, 0x08, 0x01, 0x00,
    0x28, 0x0f, 0x0f, 0x0f, 0x0f, 0x0a, 0x01, 0xdd, 0x02, 0x02, 0x04, 0x0a, 0x0f, 0x0b, 0x1a, 0x0b,
    0x0f, 0x03, 0x55, 0x02, 0x02, 0x18, 0x07, 0x0f, 0x06, 0x55, 0x0e, 0x0f, 0x18, 0x08, 0x0f, 0x06,
    0x55, 0x0a, 0x0f, 0x08, 0x38, 0x02, 0x0e, 0x0f, 0x02, 0x55, 0x02, 0x0e, 0x0f, 0x0c, 0x08, 0x0a,
    0x0e, 0x0f, 0x07, 0x22, 0x02, 0x09, 0x0d, 0x0f, 0x0e, 0x0b, 0x04, 0x10, 0x0c, 0x51, 0x7e, 0x08,
    0x0f, 0x0f, 0x0f, 0x0f, 0x0f, 0x0f, 0x0f, 0x0e, 0xc2, 0x04, 0x07, 0x07, 0x07, 0x07, 0x07, 0x0c,
    0x0f, 0x0b, 0x00, 0x28, 0x02, 0x0e, 0x0e, 0x02, 0x00, 0x28, 0x0c, 0x0f, 0x04, 0x00, 0x28, 0x08,
    0x0f, 0x08, 0x00, 0x28, 0x04, 0x0f, 0x0c, 0xdf, 0x0e, 0x0f, 0x07, 0x02, 0x00, 0x28, 0x0f, 0x0f,
    0x0f, 0x0f, 0x0b, 0x01, 0x00, 0x28, 0x02, 0x08, 0x0f, 0x0c, 0x1a, 0x0a, 0x0f, 0x03, 0xdf, 0x07,
    0x0f, 0x06, 0x55, 0x0e, 0x0e, 0x18, 0x08, 0x0f, 0x05, 0x55, 0x0a, 0x0f, 0x06, 0x38, 0x01, 0x0d,
    0x0f, 0x02, 0x55, 0x02, 0x0e, 0x0f, 0x0a, 0x08, 0x09, 0x0e, 0x0f, 0x07, 0x22, 0x02, 0x09, 0x0d,
    0x0f, 0x0e, 0x0b, 0x04, 0x10, 0x0e, 0xd5, 0x01, 0x02, 0x02, 0x02, 0x02, 0x02, 0x02, 0xb8, 0x09,
    0x0f, 0x0f, 0x0f, 0x0f, 0x0f, 0x0e, 0xb8, 0x02, 0x04, 0x04, 0x04, 0x04, 0x04, 0x04, 0x84, 0x04,
    0x0f, 0x09, 0x9d, 0x0b, 0x0f, 0x08, 0x19, 0x04, 0x0f, 0x09, 0x18, 0x06, 0x0f, 0x0f, 0x08, 0x19,
    0x04, 0x0f, 0x09, 0x37, 0x01, 0x0e, 0x0f, 0x0f, 0x08, 0x19, 0x04, 0x0f, 0x09, 0x37, 0x0a, 0x0f,
    0x0c, 0x0f, 0x08, 0x19, 0x04, 0x0f, 0x09, 0x38, 0x05, 0x0f, 0x0b, 0x06, 0x0f, 0x08, 0x19, 0x04,
    0x0f, 0x09, 0x51, 0x01, 0x0d, 0x0f, 0x02, 0x06, 0x0f, 0x08, 0x19, 0x04, 0x0f, 0x09, 0x51, 0x09,
    0x0f, 0x07, 0x00, 0x06, 0x0f, 0x08, 0x19, 0x04, 0x0f, 0x09, 0x00, 0x04, 0x0f, 0x0c, 0x51, 0x06,
    0x0f, 0x08, 0x19, 0x04, 0x0f, 0x09, 0x01, 0x0d, 0x0f, 0x03, 0x51, 0x06, 0x0f, 0x08, 0x19, 0x04,
    0x0f, 0x09, 0x08, 0x0f, 0x08, 0x38, 0x06, 0x0f, 0x08, 0x19, 0x04, 0x0f, 0x0c, 0x0f, 0x0d, 0x37,
    0x06, 0x0f, 0x08, 0x19, 0x04, 0x0f, 0x0f, 0x0f, 0x04, 0x37, 0x06, 0x0f, 0x08, 0x19, 0x04, 0x0f,
    0x0f, 0x09, 0x18, 0x06, 0x0f, 0x08, 0x19, 0x04, 0x0f, 0x0d, 0x01, 0x18, 0x06, 0x0f, 0x08, 0x10,
    0x0c, 0x52, 0x4a, 0x04, 0x06, 0x06, 0x06, 0x06, 0x06, 0x06, 0xb8, 0x09, 0x0f, 0x0f, 0x0f, 0x0f,
    0x0f, 0x0e, 0x5e, 0x07, 0x0f, 0x05, 0x38, 0x02, 0x0f, 0x0f, 0xc2, 0x07, 0x0f, 0x05, 0x38, 0x0b,
    0x0f, 0x0f, 0xc2, 0x07, 0x0f, 0x05, 0x51, 0x05, 0x0f, 0x0f, 0x0f, 0xc2, 0x07, 0x0f, 0x05, 0x00,
    0x01, 0x0d, 0x0d, 0x0c, 0x0f, 0xc2, 0x07, 0x0f, 0x05, 0x00, 0x08, 0x0f, 0x04, 0x0c, 0x0f, 0xc2,
    0x07, 0x0f, 0x05, 0x02, 0x0f, 0x0a, 0x00, 0x0c, 0x0f, 0xc2, 0x07, 0x0f, 0x05, 0x0b, 0x0e, 0x02,
    0x00, 0x0c, 0x0f, 0xc2, 0x07, 0x0f, 0x0a, 0x0f, 0x07, 0x51, 0x0c, 0x0f, 0xc2, 0x07, 0x0f, 0x0f,
    0x0c, 0x38, 0x0c, 0x0f, 0xc2, 0x07, 0x0f, 0x0f, 0x04, 0x38, 0x0c, 0x0f, 0xc2, 0x07, 0x0f, 0x0a,
    0x37, 0x0c, 0x0f, 0x10, 0x0e, 0xd5, 0x02, 0x03, 0x51, 0x02, 0x04, 0xdd, 0x0e, 0x0f, 0x01, 0x00,
    0x0b, 0x0f, 0x04, 0xb8, 0x08, 0x09, 0x51, 0x06, 0x0a, 0x01, 0x84, 0x04, 0x0f, 0x09, 0x9d, 0x0b,
    0x0f, 0x08, 0x19, 0x04, 0x0f, 0x09, 0x18, 0x06, 0x0f, 0x0f, 0x08, 0x19, 0x04, 0x0f, 0x09, 0x37,
    0x01, 0x0e, 0x0f, 0x0f, 0x08, 0x19, 0x04, 0x0f, 0x09, 0x37, 0x0a, 0x0f, 0x0c, 0x0f, 0x08, 0x19,
    0x04, 0x0f, 0x09, 0x38, 0x05, 0x0f, 0x0b, 0x06, 0x0f, 0x08, 0x19, 0x04, 0x0f, 0x09, 0x51, 0x01,
    0x0d, 0x0f, 0x02, 0x06, 0x0f, 0x08, 0x19, 0x04, 0x0f, 0x09, 0x51, 0x09, 0x0f, 0x07, 0x00, 0x06,
    0x0f, 0x08, 0x19, 0x04, 0x0f, 0x09, 0x00, 0x04, 0x0f, 0x0c, 0x51, 0x06, 0x0f, 0x08, 0x19, 0x04,
    0x0f, 0x09, 0x01, 0x0d, 0x0f, 0x03, 0x51, 0x06, 0x0f, 0x08, 0x19, 0x04, 0x0f, 0x09, 0x08, 0x0f,
    0x08, 0x38, 0x06, 0x0f, 0x08, 0x19, 0x04, 0x0f, 0x0c, 0x0f, 0x0d, 0x37, 0x06, 0x0f, 0x08, 0x19,
    0x04, 0x0f, 0x0f, 0x0f, 0x04, 0x37, 0x06, 0x0f, 0x08, 0x19, 0x04, 0x0f, 0x0f, 0x09, 0x18, 0x06,
    0x0f, 0x08, 0x19, 0x04, 0x0f, 0x0d, 0x01, 0x18, 0x06, 0x0f, 0x08, 0x10, 0x0c, 0x97, 0x06, 0x06,
    0x51, 0x04, 0x08, 0x01, 0xb8, 0x0f, 0x0f, 0x01, 0x00, 0x0b, 0x0f, 0x04, 0xb8, 0x05, 0x06, 0x51,
    0x03, 0x07, 0x3a, 0x07, 0x0f, 0x05, 0x38, 0x02, 0x0f, 0x0f, 0xc2, 0x07, 0x0f, 0x05, 0x38, 0x0b,
    0x0f, 0x0f, 0xc2, 0x07, 0x0f, 0x05, 0x51, 0x05, 0x0f, 0x0f, 0x0f, 0xc2, 0x07, 0x0f, 0x05, 0x00,
    0x01, 0x0d, 0x0d, 0x0c, 0x0f, 0xc2, 0x07, 0x0f, 0x05, 0x00, 0x08, 0x0f, 0x04, 0x0c, 0x0f, 0xc2,
    0x07, 0x0f, 0x05, 0x02, 0x0f, 0x0a, 0x00, 0x0c, 0x0f, 0xc2, 0x07, 0x0f, 0x05, 0x0b, 0x0e, 0x02,
    0x00, 0x0c, 0x0f, 0xc2, 0x07, 0x0f, 0x0a, 0x0f, 0x07, 0x51, 0x0c, 0x0f, 0xc2, 0x07, 0x0f, 0x0f,
    0x0c, 0x38, 0x0c, 0x0f, 0xc2, 0x07, 0x0f, 0x0f, 0x04, 0x38, 0x0c, 0x0f, 0xc2, 0x07, 0x0f, 0x0a,
    0x37, 0x0c, 0x0f, 0x10, 0x0e, 0xa6, 0x0d, 0x0e, 0x01, 0x00, 0x0a, 0x0f, 0x03, 0xb8, 0x0c, 0x0d,
    0x01, 0x00, 0x09, 0x0e, 0x03, 0x3a, 0x01, 0x08, 0x0d, 0x0f, 0x0e, 0x0c, 0x06, 0x22, 0x02, 0x0d,
    0x0f, 0x0d, 0x0a, 0x0a, 0x0e, 0x0f, 0x0b, 0xc2, 0x0c, 0x0f, 0x07, 0x38, 0x01, 0x0a, 0x0f, 0x08,
    0x2c, 0x04, 0x0f, 0x0a, 0x9d, 0x0d, 0x0f, 0x01, 0x19, 0x09, 0x0f, 0x05, 0x9d, 0x08, 0x0f, 0x06,
    0x19, 0x0c, 0x0f, 0x02, 0x9d, 0x05, 0x0f, 0x08, 0x19, 0x0d, 0x0f, 0x01, 0x9d, 0x04, 0x0f, 0x09,
    0x19, 0x0d, 0x0f, 0x01, 0x9d, 0x04, 0x0f, 0x09, 0x19, 0x0c, 0x0f, 0x02, 0x9d, 0x05, 0x0f, 0x08,
    0x19, 0x09, 0x0f, 0x04, 0x9d, 0x08, 0x0f, 0x06, 0x19, 0x04, 0x0f, 0x0a, 0x9d, 0x0d, 0x0f, 0x01,
    0x2c, 0x0c, 0x0f, 0x07, 0x37, 0x09, 0x0f, 0x09, 0x55, 0x02, 0x0d, 0x0f, 0x0d, 0x09, 0x0a, 0x0e,
    0x0f, 0x0b, 0x01, 0xc2, 0x01, 0x08, 0x0d, 0x0f, 0x0e, 0x0c, 0x06, 0x10, 0x0b, 0x52, 0x4a, 0x06,
    0x06, 0x51, 0x04, 0x08, 0x01, 0xb8, 0x0f, 0x0f, 0x01, 0x00, 0x0b, 0x0f, 0x04, 0xb8, 0x05, 0x06,
    0x51, 0x03, 0x07, 0x51, 0xd2, 0x07, 0x0d, 0x0f, 0x0e, 0x0a, 0x02, 0xb8, 0x0b, 0x0f, 0x0c, 0x08,
    0x09, 0x0f, 0x0e, 0x03, 0xc2, 0x06, 0x0f, 0x09, 0x38, 0x04, 0x0f, 0x0d, 0xc2, 0x0d, 0x0f, 0x01,
    0x37, 0x0a, 0x0f, 0x04, 0x2c, 0x01, 0x0f, 0x0c, 0x18, 0x06, 0x0f, 0x07, 0x2c, 0x01, 0x0f, 0x0b,
    0x18, 0x05, 0x0f, 0x08, 0x2c, 0x01, 0x0f, 0x0c, 0x18, 0x06, 0x0f, 0x07, 0x55, 0x0d, 0x0f, 0x01,
    0x37, 0x09, 0x0f, 0x04, 0x55, 0x07, 0x0f, 0x09, 0x38, 0x03, 0x0f, 0x0d, 0x22, 0x0b, 0x0f, 0x0c,
    0x08, 0x09, 0x0f, 0x0e, 0x03, 0xb8, 0x07, 0x0d, 0x0f, 0x0e, 0x0a, 0x02, 0x10, 0x0e, 0xa6, 0x0d,
    0x0e, 0x01, 0x00, 0x0a, 0x0f, 0x03, 0xb8, 0x0c, 0x0d, 0x01, 0x00, 0x09, 0x0e, 0x03, 0x3a, 0x02,
    0x09, 0x0d, 0x0f, 0x0e, 0x0b, 0x05, 0x22, 0x03, 0x0e, 0x0f, 0x0b, 0x08, 0x09, 0x0d, 0x0f, 0x09,
    0x55, 0x01, 0x0d, 0x0f, 0x04, 0x38, 0x01, 0x0b, 0x0f, 0x06, 0x2c, 0x07, 0x0f, 0x08, 0x18, 0x01,
    0x0f, 0x0d, 0x2c, 0x0b, 0x0f, 0x02, 0x9d, 0x0a, 0x0f, 0x03, 0x19, 0x0e, 0x0e, 0x4c, 0x08, 0x0f,
    0x06, 0x19, 0x0f, 0x0e, 0x08, 0x08, 0x08, 0x08, 0x08, 0x08, 0x08, 0x0b, 0x0f, 0x07, 0x19, 0x0f,
    0x0f, 0x0f, 0x0f, 0x0f, 0x0f, 0x0f, 0x0f, 0x0f, 0x0f, 0x0f, 0x07, 0x19, 0x0e, 0x0e, 0x4c, 0x07,
    0x0f, 0x06, 0x19, 0x0b, 0x0f, 0x02, 0x9d, 0x0a, 0x0f, 0x03, 0x19, 0x07, 0x0f, 0x07, 0x18, 0x01,
    0x0e, 0x0e, 0x2c, 0x01, 0x0d, 0x0e, 0x04, 0x37, 0x0a, 0x0f, 0x06, 0x55, 0x03, 0x0e, 0x0f, 0x0b,
    0x08, 0x09, 0x0d, 0x0f, 0x09, 0x22, 0x01, 0x09, 0x0d, 0x0f, 0x0e, 0x0b, 0x05, 0x10, 0x0b, 0x52,
    0x4a, 0x06, 0x06, 0x51, 0x04, 0x08, 0x01, 0xb8, 0x0f, 0x0f, 0x01, 0x00, 0x0b, 0x0f, 0x04, 0xb8,
    0x05, 0x06, 0x51, 0x03, 0x07, 0x51, 0xd2, 0x07, 0x0d, 0x0f, 0x0e, 0x0a, 0x02, 0xb8, 0x0b, 0x0f,
    0x0c, 0x08, 0x0a, 0x0f, 0x0e, 0x03, 0xc2, 0x06, 0x0f, 0x09, 0x38, 0x03, 0x0f, 0x0d, 0xc2, 0x0d,
    0x0e, 0x01, 0x37, 0x09, 0x0f, 0x04, 0x2c, 0x01, 0x0f, 0x0e, 0x08, 0x08, 0x08, 0x08, 0x08, 0x0a,
    0x0f, 0x07, 0x2c, 0x01, 0x0f, 0x0f, 0x0f, 0x0f, 0x0f, 0x0f, 0x0f, 0x0f, 0x0f, 0x08, 0x2c, 0x01,
    0x0f, 0x0c, 0x18, 0x06, 0x0f, 0x07, 0x55, 0x0d, 0x0f, 0x01, 0x37, 0x0a, 0x0f, 0x04, 0x55, 0x07,
    0x0f, 0x0a, 0x38, 0x04, 0x0f, 0x0d, 0x22, 0x0b, 0x0f, 0x0c, 0x08, 0x09, 0x0f, 0x0e, 0x03, 0xb8,
    0x07, 0x0d, 0x0f, 0x0e, 0x0a, 0x02, 0x10, 0x0d, 0xd5, 0x02, 0x03, 0x51, 0x02, 0x04, 0xdd, 0x0e,
    0x0f, 0x01, 0x00, 0x0b, 0x0f, 0x04, 0xb8, 0x08, 0x09, 0x51, 0x06, 0x0a, 0x01, 0x3a, 0x02, 0x09,
    0x0d, 0x0f, 0x0e, 0x0b, 0x05, 0x22, 0x03, 0x0e, 0x0f, 0x0b, 0x08, 0x0a, 0x0e, 0x0f, 0x09, 0xc2,
    0x0c, 0x0f, 0x05, 0x38, 0x01, 0x0c, 0x0f, 0x06, 0x2c, 0x04, 0x0f, 0x0b, 0x18, 0x02, 0x0f, 0x0d,
    0x2c, 0x07, 0x0f, 0x06, 0x9d, 0x0b, 0x0f, 0x03, 0xdf, 0x08, 0x0f, 0x05, 0xc2, 0x01, 0x08, 0x08,
    0x08, 0x08, 0x08, 0x0c, 0x0f, 0x06, 0xc2, 0x01, 0x0f, 0x0f, 0x0f, 0x0f, 0x0f, 0x0f, 0x0f, 0x06,
    0xdf, 0x08, 0x0f, 0x05, 0x19, 0x07, 0x0f, 0x06, 0x9d, 0x0b, 0x0f, 0x03, 0x19, 0x03, 0x0f, 0x0b,
    0x18, 0x02, 0x0f, 0x0d, 0x55, 0x0c, 0x0f, 0x05, 0x38, 0x01, 0x0b, 0x0f, 0x06, 0x55, 0x02, 0x0e,
    0x0f, 0x0b, 0x09, 0x09, 0x0e, 0x0f, 0x09, 0x22, 0x01, 0x09, 0x0d, 0x0f, 0x0e, 0x0b, 0x05, 0x10,
    0x0b, 0x52, 0x4a, 0x06, 0x06, 0x51, 0x04, 0x08, 0x01, 0xb8, 0x0f, 0x0f, 0x01, 0x00, 0x0b, 0x0f,
    0x04, 0xb8, 0x05, 0x06, 0x51, 0x03, 0x07, 0x00, 0xd2, 0x02, 0x0a, 0x0e, 0x0f, 0x0c, 0x05, 0xb8,
    0x02, 0x0d, 0x0f, 0x09, 0x08, 0x0d, 0x0f, 0x06, 0x22, 0x0a, 0x0f, 0x04, 0x51, 0x01, 0x0d, 0x0f,
    0x02, 0xc2, 0x0e, 0x0c, 0x37, 0x06, 0x0f, 0x07, 0xb8, 0x01, 0x07, 0x07, 0x07, 0x09, 0x0f, 0x0a,
    0xb8, 0x02, 0x0f, 0x0f, 0x0f, 0x0f, 0x0f, 0x0b, 0xdf, 0x03, 0x0f, 0x0a, 0xc2, 0x0f, 0x0c, 0x37,
    0x06, 0x0f, 0x07, 0xc2, 0x0b, 0x0f, 0x03, 0x51, 0x01, 0x0d, 0x0e, 0x01, 0xc2, 0x03, 0x0e, 0x0e,
    0x09, 0x08, 0x0d, 0x0f, 0x06, 0xb8, 0x03, 0x0b, 0x0e, 0x0f, 0x0c, 0x05, 0x10, 0x0d, 0x51, 0xaf,
    0x01, 0x02, 0x02, 0x02, 0x02, 0x02, 0x02, 0xb8, 0x09, 0x0f, 0x0f, 0x0f, 0x0f, 0x0f, 0x0e, 0xb8,
    0x02, 0x04, 0x04, 0x04, 0x04, 0x04, 0x04, 0x84, 0x01, 0x0e, 0x0f, 0x02, 0x18, 0x06, 0x0f, 0x0b,
    0x2c, 0x08, 0x0f, 0x08, 0x18, 0x0c, 0x0f, 0x05, 0x2c, 0x01, 0x0f, 0x0e, 0x01, 0x38, 0x03, 0x0f,
    0x0d, 0xc2, 0x09, 0x0f, 0x07, 0x38, 0x09, 0x0f, 0x07, 0xc2, 0x02, 0x0f, 0x0e, 0x51, 0x01, 0x0e,
    0x0e, 0x01, 0x22, 0x0a, 0x0f, 0x06, 0x00, 0x06, 0x0f, 0x09, 0xb8, 0x02, 0x0f, 0x0d, 0x00, 0x0d,
    0x0f, 0x02, 0xdd, 0x0a, 0x0f, 0x08, 0x0f, 0x0b, 0x28, 0x03, 0x0f, 0x0f, 0x0f, 0x04, 0x00, 0x28,
    0x0b, 0x0f, 0x0c, 0xdf, 0x09, 0x0f, 0x06, 0x00, 0x28, 0x01, 0x0e, 0x0e, 0x28, 0x04, 0x08, 0x0d,
    0x0f, 0x06, 0x28, 0x07, 0x0f, 0x0d, 0x07, 0x10, 0x09, 0x4c, 0x4a, 0x06, 0x0a, 0x0a, 0x0a, 0x0a,
    0x0a, 0x09, 0xb8, 0x07, 0x0b, 0x0b, 0x0b, 0x0b, 0x0b, 0x0b, 0x5e, 0x09, 0x0f, 0x05, 0x37, 0x0d,
    0x0f, 0x01, 0x55, 0x04, 0x0f, 0x0a, 0x38, 0x03, 0x0f, 0x0b, 0x22, 0x0d, 0x0f, 0x01, 0x51, 0x07,
    0x0f, 0x05, 0x22, 0x08, 0x0f, 0x05, 0x51, 0x0c, 0x0f, 0x01, 0x22, 0x03, 0x0f, 0x0a, 0x00, 0x02,
    0x0f, 0x0a, 0xdd, 0x0c, 0x0f, 0x01, 0x06, 0x0f, 0x05, 0xdd, 0x07, 0x0f, 0x05, 0x0b, 0x0e, 0x01,
    0xdd, 0x02, 0x0f, 0x0b, 0x0f, 0x0a, 0x00, 0x28, 0x0b, 0x0f, 0x0f, 0x04, 0x00, 0x28, 0x06, 0x0f,
    0x0e, 0xdf, 0x02, 0x0f, 0x09, 0xdf, 0x05, 0x0f, 0x04, 0xdf, 0x0c, 0x0d, 0x28, 0x02, 0x09, 0x0d,
    0x0f, 0x06, 0x28, 0x02, 0x0e, 0x0e, 0x07, 0x10, 0x0d, 0x51, 0xaf, 0x02, 0x03, 0x51, 0x02, 0x04,
    0xdd, 0x0e, 0x0f, 0x01, 0x00, 0x0b, 0x0f, 0x04, 0xb8, 0x08, 0x09, 0x51, 0x06, 0x0a, 0x01, 0x84,
    0x01, 0x0e, 0x0f, 0x02, 0x18, 0x06, 0x0f, 0x0b, 0x2c, 0x08, 0x0f, 0x08, 0x18, 0x0c, 0x0f, 0x05,
    0x2c, 0x01, 0x0f, 0x0e, 0x01, 0x38, 0x03, 0x0f, 0x0d, 0xc2, 0x09, 0x0f, 0x07, 0x38, 0x09, 0x0f,
    0x07, 0xc2, 0x02, 0x0f, 0x0e, 0x51, 0x01, 0x0e, 0x0e, 0x01, 0x22, 0x0a, 0x0f, 0x06, 0x00, 0x06,
    0x0f, 0x09, 0xb8, 0x02, 0x0f, 0x0d, 0x00, 0x0d, 0x0f, 0x02, 0xdd, 0x0a, 0x0f, 0x08, 0x0f, 0x0b,
    0x28, 0x03, 0x0f, 0x0f, 0x0f, 0x04, 0x00, 0x28, 0x0b, 0x0f, 0x0c, 0xdf, 0x09, 0x0f, 0x06, 0x00,
    0x28, 0x01, 0x0e, 0x0e, 0x28, 0x04, 0x08, 0x0d, 0x0f, 0x06, 0x28, 0x07, 0x0f, 0x0d, 0x07, 0x10,
    0x09, 0x52, 0x4a, 0x09, 0x0a, 0x51, 0x07, 0x0b, 0x02, 0xb8, 0x0e, 0x0f, 0x01, 0x00, 0x0b, 0x0f,
    0x04, 0xb8, 0x02, 0x02, 0x51, 0x01, 0x03, 0x3a, 0x09, 0x0f, 0x05, 0x37, 0x0d, 0x0f, 0x01, 0x55,
    0x04, 0x0f, 0x0a, 0x38, 0x03, 0x0f, 0x0b, 0x22, 0x0d, 0x0f, 0x01, 0x51, 0x07, 0x0f, 0x05, 0x22,
    0x08, 0x0f, 0x05, 0x51, 0x0c, 0x0f, 0x01, 0x22, 0x03, 0x0f, 0x0a, 0x00, 0x02, 0x0f, 0x0a, 0xdd,
    0x0c, 0x0f, 0x01, 0x06, 0x0f, 0x05, 0xdd, 0x07, 0x0f, 0x05, 0x0b, 0x0e, 0x01, 0xdd, 0x02, 0x0f,
    0x0b, 0x0f, 0x0a, 0x00, 0x28, 0x0b, 0x0f, 0x0f, 0x04, 0x00, 0x28, 0x06, 0x0f, 0x0e, 0xdf, 0x02,
    0x0f, 0x09, 0xdf, 0x05, 0x0f, 0x04, 0xdf, 0x0c, 0x0d, 0x28, 0x02, 0x09, 0x0d, 0x0f, 0x06, 0x28,
    0x02, 0x0e, 0x0e, 0x07, 0x10, 0x0d, 0xa9, 0x0a, 0x0f, 0x03, 0x07, 0x0f, 0x08, 0xb8, 0x04, 0x0f,
    0x07, 0x04, 0x0f, 0x09, 0xdd, 0x0c, 0x0b, 0x01, 0x0d, 0x0b, 0x2e, 0x01, 0x0e, 0x0f, 0x02, 0x18,
    0x06, 0x0f, 0x0b, 0x2c, 0x08, 0x0f, 0x08, 0x18, 0x0c, 0x0f, 0x05, 0x2c, 0x01, 0x0f, 0x0e, 0x01,
    0x38, 0x03, 0x0f, 0x0d, 0xc2, 0x09, 0x0f, 0x07, 0x38, 0x09, 0x0f, 0x07, 0xc2, 0x02, 0x0f, 0x0e,
    0x51, 0x01, 0x0e, 0x0e, 0x01, 0x22, 0x0a, 0x0f, 0x06, 0x00, 0x06, 0x0f, 0x09, 0xb8, 0x02, 0x0f,
    0x0d, 0x00, 0x0d, 0x0f, 0x02, 0xdd, 0x0a, 0x0f, 0x08, 0x0f, 0x0b, 0x28, 0x03, 0x0f, 0x0f, 0x0f,
    0x04, 0x00, 0x28, 0x0b, 0x0f, 0x0c, 0xdf, 0x09, 0x0f, 0x06, 0x00, 0x28, 0x01, 0x0e, 0x0e, 0x28,
    0x04, 0x08, 0x0d, 0x0f, 0x06, 0x28, 0x07, 0x0f, 0x0d, 0x07, 0x10, 0x09, 0x38, 0xa4, 0x04, 0x08,
    0x03, 0x02, 0x08, 0x05, 0xb8, 0x01, 0x0e, 0x0c, 0x01, 0x0c, 0x0e, 0x02, 0xb8, 0x08, 0x0e, 0x02,
    0x09, 0x0f, 0x03, 0xdd, 0x07, 0x04, 0x01, 0x08, 0x04, 0x3a, 0x09, 0x0f, 0x05, 0x37, 0x0d, 0x0f,
    0x01, 0x55, 0x04, 0x0f, 0x0a, 0x38, 0x03, 0x0f, 0x0b, 0x22, 0x0d, 0x0f, 0x01, 0x51, 0x07, 0x0f,
    0x05, 0x22, 0x08, 0x0f, 0x05, 0x51, 0x0c, 0x0f, 0x01, 0x22, 0x03, 0x0f, 0x0a, 0x00, 0x02, 0x0f,
    0x0a, 0xdd, 0x0c, 0x0f, 0x01, 0x06, 0x0f, 0x05, 0xdd, 0x07, 0x0f, 0x05, 0x0b, 0x0e, 0x01, 0xdd,
    0x02, 0x0f, 0x0b, 0x0f, 0x0a, 0x00, 0x28, 0x0b, 0x0f, 0x0f, 0x04, 0x00, 0x28, 0x06, 0x0f, 0x0e,
    0xdf, 0x02, 0x0f, 0x09, 0xdf, 0x05, 0x0f, 0x04, 0xdf, 0x0c, 0x0d, 0x28, 0x02, 0x09, 0x0d, 0x0f,
    0x06, 0x28, 0x02, 0x0e, 0x0e, 0x07, 0x10, 0x0e, 0xd5, 0x02, 0x03, 0x51, 0x02, 0x04, 0xdd, 0x0e,
    0x0f, 0x01, 0x00, 0x0b, 0x0f, 0x04, 0xb8, 0x08, 0x09, 0x51, 0x06, 0x0a, 0x01, 0x84, 0x08, 0x0f,
    0x05, 0x9d, 0x0e, 0x0f, 0x2c, 0x08, 0x0f, 0x05, 0x9d, 0x0e, 0x0f, 0x2c, 0x08, 0x0f, 0x05, 0x9d,
    0x0e, 0x0f, 0x2c, 0x08, 0x0f, 0x05, 0x9d, 0x0e, 0x0f, 0x2c, 0x08, 0x0f, 0x05, 0x9d, 0x0e, 0x0f,
    0x2c, 0x07, 0x0f, 0x07, 0x9d, 0x0e, 0x0f, 0x2c, 0x03, 0x0f, 0x0c, 0x9d, 0x0e, 0x0f, 0x55, 0x0a,
    0x0f, 0x0d, 0x09, 0x08, 0x09, 0x0b, 0x0e, 0x0f, 0x0f, 0xc2, 0x07, 0x0c, 0x0e, 0x0f, 0x0e, 0x0d,
    0x09, 0x0e, 0x0f, 0x1a, 0x0e, 0x0f, 0x1a, 0x0e, 0x0f, 0x1a, 0x0e, 0x0f, 0x1a, 0x0e, 0x0f, 0x1a,
    0x0e, 0x0f, 0x10, 0x0b, 0x52, 0x4a, 0x06, 0x06, 0x51, 0x04, 0x08, 0x01, 0xb8, 0x0f, 0x0f, 0x01,
    0x00, 0x0b, 0x0f, 0x04, 0xb8, 0x05, 0x06, 0x51, 0x03, 0x07, 0xd2, 0x0f, 0x0c, 0x37, 0x07, 0x0f,
    0x05, 0xc2, 0x0f, 0x0c, 0x37, 0x07, 0x0f, 0x05, 0xc2, 0x0f, 0x0c, 0x37, 0x07, 0x0f, 0x05, 0xc2,
    0x0e, 0x0d, 0x37, 0x07, 0x0f, 0x05, 0xc2, 0x0c, 0x0f, 0x02, 0x38, 0x07, 0x0f, 0x05, 0xc2, 0x05,
    0x0f, 0x0e, 0x09, 0x08, 0x09, 0x0d, 0x0f, 0x05, 0x22, 0x05, 0x0c, 0x0e, 0x0f, 0x0d, 0x0d, 0x0f,
    0x05, 0xdf, 0x07, 0x0f, 0x05, 0xdf, 0x07, 0x0f, 0x05, 0xdf, 0x07, 0x0f, 0x05, 0xdf, 0x07, 0x0f,
    0x05, 0x10, 0x0b, 0x00, 0x7d, 0x04, 0x0f, 0x0f, 0x0f, 0x0f, 0x0f, 0x0f, 0x0f, 0x0f, 0x07, 0x55,
    0x04, 0x0f, 0x0c, 0x08, 0x08, 0x08, 0x08, 0x08, 0x08, 0x04, 0x55, 0x04, 0x0f, 0x09, 0xdf, 0x04,
    0x0f, 0x09, 0xdf, 0x04, 0x0f, 0x09, 0xdf, 0x04, 0x0f, 0x09, 0xdf, 0x04, 0x0f, 0x09, 0xdf, 0x04,
    0x0f, 0x09, 0xdf, 0x04, 0x0f, 0x09, 0xdf, 0x04, 0x0f, 0x09, 0xdf, 0x04, 0x0f, 0x09, 0xdf, 0x04,
    0x0f, 0x09, 0xdf, 0x04, 0x0f, 0x0c, 0x06, 0x00, 0x28, 0x04, 0x0f, 0x0f, 0x0c, 0x1a, 0x0f, 0x0c,
    0x1a, 0x0f, 0x0c, 0x1a, 0x0f, 0x0c, 0x1a, 0x07, 0x06, 0x10, 0x08, 0x51, 0x7e, 0x07, 0x0f, 0x0f,
    0x0f, 0x0f, 0x0f, 0x0f, 0x03, 0x22, 0x07, 0x0f, 0x0a, 0x07, 0x07, 0x07, 0x07, 0x01, 0x22, 0x07,
    0x0f, 0x05, 0xdf, 0x07, 0x0f, 0x05, 0xdf, 0x07, 0x0f, 0x05, 0xdf, 0x07, 0x0f, 0x05, 0xdf, 0x07,
    0x0f, 0x05, 0xdf, 0x07, 0x0f, 0x05, 0xdf, 0x07, 0x0f, 0x05, 0xdf, 0x07, 0x0f, 0x0a, 0x06, 0x00,
    0x28, 0x07, 0x0f, 0x0f, 0x0c, 0x1a, 0x0f, 0x0c, 0x1a, 0x0f, 0x0c, 0x1a, 0x0f, 0x0c, 0x1a, 0x07,
    0x06, 0x10, 0x11, 0xe3, 0x02, 0x03, 0x51, 0x02, 0x04, 0xdd, 0x0e, 0x0f, 0x01, 0x00, 0x0b, 0x0f,
    0x04, 0xb8, 0x08, 0x09, 0x51, 0x06, 0x0a, 0x01, 0x5b, 0x04, 0x0f, 0x09, 0x3c, 0x06, 0x0f, 0x07,
    0x00, 0x3f, 0x04, 0x0f, 0x09, 0x3c, 0x06, 0x0f, 0x07, 0x00, 0x3f, 0x04, 0x0f, 0x09, 0x3c, 0x06,
    0x0f, 0x07, 0x00, 0x3f, 0x04, 0x0f, 0x09, 0x3c, 0x06, 0x0f, 0x07, 0x00, 0x3f, 0x04, 0x0f, 0x09,
    0x3c, 0x06, 0x0f, 0x07, 0x00, 0x3f, 0x04, 0x0f, 0x0c, 0x08, 0x08, 0x08, 0x08, 0x06, 0x01, 0x38,
    0x06, 0x0f, 0x07, 0x00, 0x3f, 0x04, 0x0f, 0x0f, 0x0f, 0x0f, 0x0f, 0x0f, 0x0f, 0x0f, 0x07, 0x51,
    0x06, 0x0f, 0x07, 0x00, 0x3f, 0x04, 0x0f, 0x09, 0x37, 0x04, 0x0d, 0x0f, 0x05, 0x00, 0x06, 0x0f,
    0x07, 0x00, 0x3f, 0x04, 0x0f, 0x09, 0x18, 0x04, 0x0f, 0x0b, 0x00, 0x06, 0x0f, 0x07, 0x00, 0x3f,
    0x04, 0x0f, 0x09, 0x9d, 0x0f, 0x0d, 0x00, 0x06, 0x0f, 0x07, 0x00, 0x3f, 0x04, 0x0f, 0x09, 0x18,
    0x02, 0x0f, 0x0c, 0x00, 0x06, 0x0f, 0x07, 0x00, 0x3f, 0x04, 0x0f, 0x09, 0x18, 0x09, 0x0f, 0x08,
    0x00, 0x06, 0x0f, 0x07, 0x00, 0x3f, 0x04, 0x0f, 0x0c, 0x08, 0x08, 0x08, 0x08, 0x0c, 0x0f, 0x0d,
    0x01, 0x00, 0x06, 0x0f, 0x07, 0x00, 0x3f, 0x04, 0x0f, 0x0f, 0x0f, 0x0f, 0x0f, 0x0f, 0x0d, 0x08,
    0x01, 0x51, 0x06, 0x0f, 0x07, 0x10, 0x10, 0x4d, 0x06, 0x06, 0x51, 0x04, 0x08, 0x01, 0xb8, 0x0f,
    0x0f, 0x01, 0x00, 0x0b, 0x0f, 0x04, 0xb8, 0x05, 0x06, 0x51, 0x03, 0x07, 0x84, 0x07, 0x0f, 0x05,
    0x4c, 0x01, 0x0f, 0x0b, 0x41, 0x07, 0x0f, 0x05, 0x4c, 0x01, 0x0f, 0x0b, 0x41, 0x07, 0x0f, 0x05,
    0x4c, 0x01, 0x0f, 0x0b, 0x41, 0x07, 0x0f, 0x05, 0x4c, 0x01, 0x0f, 0x0b, 0x41, 0x07, 0x0f, 0x0f,
    0x0f, 0x0f, 0x0f, 0x0c, 0x05, 0x51, 0x01, 0x0f, 0x0b, 0x41, 0x07, 0x0f, 0x0a, 0x07, 0x07, 0x08,
    0x0d, 0x0f, 0x06, 0x00, 0x01, 0x0f, 0x0b, 0x41, 0x07, 0x0f, 0x05, 0x38, 0x02, 0x0f, 0x0d, 0x00,
    0x01, 0x0f, 0x0b, 0x41, 0x07, 0x0f, 0x05, 0x37, 0x0d, 0x0f, 0x00, 0x01, 0x0f, 0x0b, 0x41, 0x07,
    0x0f, 0x05, 0x38, 0x02, 0x0f, 0x0c, 0x00, 0x01, 0x0f, 0x0b, 0x41, 0x07, 0x0f, 0x0a, 0x07, 0x07,
    0x08, 0x0d, 0x0f, 0x05, 0x00, 0x01, 0x0f, 0x0b, 0x41, 0x07, 0x0f, 0x0f, 0x0f, 0x0f, 0x0f, 0x0c,
    0x05, 0x51, 0x01, 0x0f, 0x0b, 0x10, 0x0c, 0x51, 0x7d, 0x04, 0x0f, 0x0f, 0x0f, 0x0f, 0x0f, 0x0f,
    0x0f, 0x0f, 0x07, 0x55, 0x04, 0x0f, 0x0c, 0x08, 0x08, 0x08, 0x08, 0x08, 0x08, 0x04, 0x55, 0x04,
    0x0f, 0x09, 0xdf, 0x04, 0x0f, 0x09, 0xdf, 0x04, 0x0f, 0x09, 0x28, 0x04, 0x07, 0x09, 0x0f, 0x0c,
    0x07, 0x05, 0xb8, 0x09, 0x0f, 0x0f, 0x0f, 0x0f, 0x0f, 0x09, 0x28, 0x04, 0x0f, 0x09, 0xdf, 0x04,
    0x0f, 0x09, 0xdf, 0x04, 0x0f, 0x09, 0xdf, 0x04, 0x0f, 0x09, 0xdf, 0x04, 0x0f, 0x09, 0xdf, 0x04,
    0x0f, 0x0f, 0x08, 0x00, 0x28, 0x04, 0x0f, 0x0f, 0x08, 0xdf, 0x05, 0x0f, 0x08, 0xdf, 0x07, 0x0f,
    0x06, 0x28, 0x06, 0x09, 0x0e, 0x0e, 0x02, 0x28, 0x0a, 0x0f, 0x0c, 0x04, 0x10, 0x09, 0x38, 0x7e,
    0x07, 0x0f, 0x0f, 0x0f, 0x0f, 0x0f, 0x0f, 0x03, 0x22, 0x07, 0x0f, 0x0a, 0x07, 0x07, 0x07, 0x07,
    0x01, 0x22, 0x07, 0x0f, 0x05, 0xdf, 0x07, 0x0f, 0x05, 0x28, 0x04, 0x07, 0x0b, 0x0f, 0x0a, 0x07,
    0x05, 0xb8, 0x09, 0x0f, 0x0f, 0x0f, 0x0f, 0x0f, 0x09, 0x28, 0x07, 0x0f, 0x05, 0xdf, 0x07, 0x0f,
    0x05, 0xdf, 0x07, 0x0f, 0x05, 0xdf, 0x07, 0x0f, 0x0f, 0x08, 0x00, 0x28, 0x07, 0x0f, 0x0f, 0x08,
    0xdf, 0x05, 0x0f, 0x08, 0xdf, 0x07, 0x0f, 0x06, 0x28, 0x06, 0x09, 0x0e, 0x0e, 0x02, 0x28, 0x0a,
    0x0f, 0x0c, 0x04, 0x10, 0x0d, 0x7d, 0x01, 0x0e, 0x0f, 0x03, 0x18, 0x09, 0x0f, 0x09, 0x2c, 0x05,
    0x0f, 0x0c, 0x37, 0x04, 0x0f, 0x0d, 0x01, 0x55, 0x0b, 0x0f, 0x07, 0x38, 0x0d, 0x0f, 0x04, 0xc2,
    0x02, 0x0e, 0x0f, 0x02, 0x00, 0x08, 0x0f, 0x0a, 0xb8, 0x06, 0x0f, 0x0b, 0x03, 0x0f, 0x0e, 0x01,
    0xdd, 0x0b, 0x0f, 0x0e, 0x0f, 0x05, 0x28, 0x02, 0x0f, 0x0f, 0x0a, 0x00, 0x28, 0x03, 0x0f, 0x0f,
    0x0b, 0x00, 0x28, 0x0c, 0x0f, 0x0d, 0x0f, 0x06, 0xdd, 0x08, 0x0f, 0x0a, 0x02, 0x0e, 0x0e, 0x02,
    0x22, 0x03, 0x0f, 0x0e, 0x01, 0x00, 0x07, 0x0f, 0x0b, 0x22, 0x0c, 0x0f, 0x06, 0x38, 0x0c, 0x0f,
    0x06, 0x55, 0x07, 0x0f, 0x0b, 0x37, 0x03, 0x0f, 0x0f, 0x0f, 0x08, 0x41, 0x02, 0x0e, 0x0e, 0x02,
    0x18, 0x08, 0x0f, 0x0f, 0x08, 0xdf, 0x05, 0x0f, 0x08, 0xdf, 0x07, 0x0f, 0x06, 0x28, 0x06, 0x09,
    0x0e, 0x0e, 0x02, 0x28, 0x0a, 0x0f, 0x0c, 0x04, 0x10, 0x0b, 0x00, 0x7e, 0x03, 0x0f, 0x0d, 0x38,
    0x01, 0x0e, 0x0e, 0x02, 0xc2, 0x08, 0x0f, 0x07, 0x51, 0x09, 0x0f, 0x06, 0x22, 0x01, 0x0d, 0x0e,
    0x01, 0x03, 0x0f, 0x0c, 0xdd, 0x04, 0x0f, 0x09, 0x0c, 0x0f, 0x03, 0x28, 0x09, 0x0f, 0x0f, 0x08,
    0x00, 0x28, 0x03, 0x0f, 0x0f, 0x01, 0x00, 0x28, 0x0b, 0x0f, 0x0f, 0x09, 0x28, 0x05, 0x0f, 0x09,
    0x0a, 0x0f, 0x04, 0xb8, 0x01, 0x0e, 0x0e, 0x01, 0x02, 0x0e, 0x0d, 0xb8, 0x0a, 0x0f, 0x06, 0x51,
    0x07, 0x0f, 0x0c, 0x0f, 0x08, 0x2c, 0x04, 0x0f, 0x0c, 0x38, 0x01, 0x0d, 0x0f, 0x0f, 0x08, 0xdf,
    0x05, 0x0f, 0x08, 0xdf, 0x07, 0x0f, 0x06, 0x28, 0x06, 0x09, 0x0e, 0x0e, 0x02, 0x28, 0x0a, 0x0f,
    0x0c, 0x04, 0x10, 0x0d, 0x7d, 0x01, 0x0e, 0x0f, 0x03, 0x18, 0x09, 0x0f, 0x09, 0x2c, 0x06, 0x0f,
    0x0c, 0x37, 0x03, 0x0f, 0x0e, 0x01, 0x55, 0x0c, 0x0f, 0x06, 0x38, 0x0c, 0x0f, 0x06, 0xc2, 0x03,
    0x0f, 0x0e, 0x01, 0x00, 0x06, 0x0f, 0x0b, 0xb8, 0x08, 0x0f, 0x09, 0x01, 0x0e, 0x0f, 0x02, 0xb8,
    0x01, 0x0d, 0x0f, 0x0b, 0x0f, 0x08, 0xdd, 0x06, 0x0b, 0x0f, 0x0f, 0x0f, 0x08, 0x03, 0xb8, 0x0c,
    0x0f, 0x0f, 0x0f, 0x0f, 0x0f, 0x07, 0xdd, 0x0a, 0x0f, 0x0f, 0x0f, 0x03, 0xdd, 0x05, 0x0f, 0x0d,
    0x05, 0x0f, 0x0d, 0x01, 0x22, 0x01, 0x0e, 0x0f, 0x03, 0x00, 0x09, 0x0f, 0x09, 0x22, 0x0b, 0x0f,
    0x08, 0x51, 0x01, 0x0d, 0x0f, 0x04, 0x55, 0x06, 0x0f, 0x0c, 0x37, 0x04, 0x0f, 0x0e, 0x01, 0x19,
    0x02, 0x0e, 0x0f, 0x02, 0x18, 0x08, 0x0f, 0x0a, 0x10, 0x0a, 0x00, 0x7e, 0x03, 0x0f, 0x0d, 0x38,
    0x02, 0x0e, 0x0e, 0x02, 0xc2, 0x08, 0x0f, 0x07, 0x51, 0x0a, 0x0f, 0x06, 0xb8, 0x0d, 0x0e, 0x02,
    0x04, 0x0f, 0x0b, 0xdd, 0x03, 0x0f, 0x0a, 0x0c, 0x0e, 0x02, 0xb8, 0x01, 0x07, 0x0d, 0x0f, 0x0f,
    0x0c, 0x07, 0x01, 0x22, 0x02, 0x0f, 0x0f, 0x0f, 0x0f, 0x0f, 0x0f, 0x01, 0xdd, 0x0b, 0x0f, 0x0f,
    0x0a, 0x28, 0x06, 0x0f, 0x08, 0x09, 0x0f, 0x04, 0xb8, 0x01, 0x0e, 0x0e, 0x01, 0x02, 0x0e, 0x0d,
    0x01, 0x22, 0x0a, 0x0f, 0x06, 0x51, 0x07, 0x0f, 0x08, 0xc2, 0x04, 0x0f, 0x0c, 0x37, 0x0d, 0x0f,
    0x03, 0x10, 0x0c, 0x00, 0x77, 0x0d, 0x0f, 0x1a, 0x0d, 0x0f, 0x1a, 0x0d, 0x0f, 0x1a, 0x0d, 0x0f,
    0x1a, 0x0d, 0x0f, 0x1a, 0x0d, 0x0f, 0xc2, 0x03, 0x0a, 0x0e, 0x0f, 0x0f, 0x0f, 0x0f, 0x0f, 0x0f,
    0x55, 0x04, 0x0f, 0x0f, 0x0b, 0x08, 0x08, 0x08, 0x08, 0x0e, 0x0f, 0x55, 0x0d, 0x0f, 0x04, 0x18,
    0x0d, 0x0f, 0x2c, 0x02, 0x0f, 0x0c, 0x9d, 0x0d, 0x0f, 0x2c, 0x02, 0x0f, 0x0c, 0x9d, 0x0d, 0x0f,
    0x55, 0x0d, 0x0f, 0x05, 0x18, 0x0d, 0x0f, 0x55, 0x04, 0x0f, 0x0f, 0x0b, 0x08, 0x08, 0x08, 0x08,
    0x0e, 0x0f, 0xc2, 0x03, 0x0a, 0x0e, 0x0f, 0x0f, 0x0f, 0x0f, 0x0f, 0x0f, 0x10, 0x0b, 0x51, 0x65,
    0x0f, 0x0d, 0x1a, 0x0f, 0x0d, 0x1a, 0x0f, 0x0d, 0x1a, 0x0f, 0x0d, 0x22, 0x01, 0x0a, 0x0e, 0x0f,
    0x0c, 0x04, 0x0f, 0x0d, 0xc2, 0x01, 0x0d, 0x0f, 0x0b, 0x08, 0x0b, 0x0f, 0x0f, 0x0d, 0xc2, 0x08,
    0x0f, 0x09, 0x38, 0x05, 0x0f, 0x0d, 0xc2, 0x0d, 0x0f, 0x01, 0x37, 0x0f, 0x0d, 0xc2, 0x0f, 0x0c,
    0x18, 0x0f, 0x0d, 0x55, 0x01, 0x0f, 0x0b, 0x18, 0x0f, 0x0d, 0xc2, 0x0f, 0x0c, 0x18, 0x0f, 0x0d,
    0xc2, 0x0d, 0x0f, 0x01, 0x37, 0x0f, 0x0d, 0xc2, 0x07, 0x0f, 0x09, 0x38, 0x06, 0x0f, 0x0d, 0xc2,
    0x01, 0x0d, 0x0f, 0x0c, 0x08, 0x0b, 0x0f, 0x0f, 0x0d, 0x22, 0x01, 0x0a, 0x0e, 0x0f, 0x0c, 0x04,
    0x0d, 0x0d, 0x10, 0x10, 0x00, 0x77, 0x0d, 0x0f, 0x1a, 0x0d, 0x0f, 0x1a, 0x0d, 0x0f, 0x1a, 0x0d,
    0x0f, 0x1a, 0x0d, 0x0f, 0x1a, 0x0d, 0x0f, 0xc2, 0x03, 0x0a, 0x0e, 0x0f, 0x0f, 0x0f, 0x0f, 0x0f,
    0x0f, 0x55, 0x04, 0x0f, 0x0f, 0x0b, 0x08, 0x08, 0x08, 0x08, 0x0e, 0x0f, 0x51, 0x05, 0x0f, 0x08,
    0x00, 0x3f, 0x0d, 0x0f, 0x05, 0x18, 0x0d, 0x0f, 0x51, 0x01, 0x0f, 0x0c, 0x3f, 0x01, 0x0f, 0x0d,
    0x9d, 0x0d, 0x0f, 0x38, 0x0e, 0x0e, 0x3f, 0x01, 0x0f, 0x0d, 0x9d, 0x0d, 0x0f, 0x38, 0x0e, 0x0e,
    0x00, 0x3f, 0x0c, 0x0f, 0x05, 0x18, 0x0d, 0x0f, 0x51, 0x05, 0x0f, 0x0b, 0x00, 0x3f, 0x03, 0x0e,
    0x0f, 0x0b, 0x08, 0x08, 0x08, 0x08, 0x0e, 0x0f, 0x08, 0x09, 0x0f, 0x0f, 0x03, 0x66, 0x02, 0x0a,
    0x0e, 0x0f, 0x0f, 0x0f, 0x0f, 0x0f, 0x0f, 0x0f, 0x0e, 0x0b, 0x03, 0x10, 0x11, 0x00, 0x65, 0x01,
    0x0f, 0x0b, 0xdf, 0x01, 0x0f, 0x0b, 0xdf, 0x01, 0x0f, 0x0b, 0xdf, 0x01, 0x0f, 0x0b, 0x22, 0x01,
    0x0a, 0x0e, 0x0f, 0x0b, 0x04, 0x0f, 0x0b, 0xc2, 0x01, 0x0d, 0x0f, 0x0c, 0x08, 0x0b, 0x0e, 0x0f,
    0x0b, 0xc2, 0x07, 0x0f, 0x09, 0x38, 0x06, 0x0f, 0x0b, 0x38, 0x03, 0x0f, 0x08, 0x00, 0x3f, 0x0c,
    0x0f, 0x02, 0x38, 0x01, 0x0f, 0x0b, 0x37, 0x0e, 0x0c, 0x00, 0x3f, 0x0e, 0x0d, 0x37, 0x01, 0x0f,
    0x0b, 0x37, 0x0c, 0x0e, 0x00, 0x3f, 0x0f, 0x0c, 0x37, 0x01, 0x0f, 0x0b, 0x37, 0x0b, 0x0f, 0x01,
    0x3f, 0x0f, 0x0d, 0x37, 0x01, 0x0f, 0x0b, 0x37, 0x0c, 0x0f, 0x00, 0x3f, 0x0d, 0x0f, 0x01, 0x38,
    0x01, 0x0f, 0x0b, 0x38, 0x01, 0x0f, 0x0d, 0x00, 0x3f, 0x08, 0x0f, 0x08, 0x38, 0x06, 0x0f, 0x0e,
    0x01, 0x51, 0x08, 0x0f, 0x07, 0x00, 0x3f, 0x01, 0x0d, 0x0f, 0x0b, 0x08, 0x0a, 0x0e, 0x0a, 0x0f,
    0x0c, 0x08, 0x0b, 0x0f, 0x0c, 0x01, 0x66, 0x02, 0x0a, 0x0e, 0x0f, 0x0b, 0x03, 0x01, 0x09, 0x0e,
    0x0f, 0x0d, 0x08, 0x01, 0x10, 0x10, 0x7d, 0x07, 0x0f, 0x0f, 0x0f, 0x0f, 0x0d, 0x09, 0x02, 0x22,
    0x04, 0x08, 0x08, 0x08, 0x09, 0x0c, 0x0f, 0x0e, 0x02, 0xdf, 0x07, 0x0f, 0x09, 0xdf, 0x01, 0x0f,
    0x0d, 0xdf, 0x01, 0x0f, 0x0c, 0xdf, 0x07, 0x0f, 0x08, 0x38, 0x0c, 0x0f, 0x01, 0x41, 0x04, 0x08,
    0x08, 0x0b, 0x0f, 0x0a, 0x37, 0x08, 0x0f, 0x04, 0x41, 0x08, 0x0f, 0x0f, 0x0f, 0x0e, 0x06, 0x37,
    0x06, 0x0f, 0x07, 0x55, 0x03, 0x0d, 0x0f, 0x05, 0x38, 0x05, 0x0f, 0x08, 0xc2, 0x05, 0x0f, 0x0a,
    0x38, 0x06, 0x0f, 0x08, 0xc2, 0x02, 0x0f, 0x0b, 0x38, 0x09, 0x0f, 0x05, 0xc2, 0x01, 0x0f, 0x0d,
    0x51, 0x02, 0x0e, 0x0e, 0x01, 0x22, 0x0c, 0x0f, 0x0b, 0x09, 0x0e, 0x0f, 0x05, 0xb8, 0x02, 0x0b,
    0x0e, 0x0f, 0x0c, 0x04, 0x10, 0x0d, 0x00, 0x7e, 0x08, 0x0f, 0x0f, 0x0f, 0x0d, 0x09, 0x01, 0xb8,
    0x03, 0x07, 0x07, 0x07, 0x0b, 0x0f, 0x0c, 0x1a, 0x0a, 0x0f, 0x03, 0xdf, 0x0a, 0x0f, 0x03, 0xb8,
    0x05, 0x07, 0x07, 0x0a, 0x0f, 0x08, 0x51, 0x01, 0x0e, 0x0b, 0x2c, 0x0a, 0x0f, 0x0f, 0x0f, 0x0d,
    0x04, 0x38, 0x0b, 0x0f, 0x01, 0xc2, 0x03, 0x0e, 0x0e, 0x01, 0x51, 0x08, 0x0f, 0x03, 0x22, 0x09,
    0x0f, 0x04, 0x51, 0x09, 0x0f, 0x03, 0x22, 0x08, 0x0f, 0x04, 0x00, 0x01, 0x0e, 0x0e, 0xb8, 0x05,
    0x0f, 0x0b, 0x08, 0x0d, 0x0f, 0x06, 0xdd, 0x09, 0x0e, 0x0f, 0x0c, 0x05, 0x10, 0x0b, 0x7d, 0x03,
    0x0f, 0x0f, 0x0f, 0x0e, 0x0b, 0x06, 0xb8, 0x01, 0x07, 0x07, 0x07, 0x09, 0x0d, 0x0f, 0x08, 0xdf,
    0x01, 0x0d, 0x0f, 0x01, 0xdf, 0x08, 0x0f, 0x04, 0xdf, 0x0a, 0x0f, 0x03, 0x28, 0x02, 0x07, 0x0f,
    0x0b, 0xb8, 0x04, 0x0f, 0x0f, 0x0f, 0x0f, 0x0a, 0xdd, 0x02, 0x07, 0x07, 0x09, 0x0e, 0x0f, 0x05,
    0xdf, 0x02, 0x0e, 0x0e, 0x1a, 0x0a, 0x0f, 0x03, 0xdf, 0x08, 0x0f, 0x04, 0xdf, 0x08, 0x0f, 0x05,
    0x01, 0x00, 0x28, 0x08, 0x0f, 0x0f, 0x0e, 0x00, 0x28, 0x04, 0x0f, 0x0f, 0x0d, 0x1a, 0x0f, 0x0b,
    0xdf, 0x06, 0x0f, 0x05, 0xdf, 0x07, 0x0a, 0x10, 0x0a, 0x51, 0x7e, 0x0c, 0x0f, 0x0f, 0x0e, 0x0c,
    0x06, 0xdd, 0x06, 0x07, 0x07, 0x08, 0x0c, 0x0f, 0x08, 0xdf, 0x01, 0x0e, 0x0f, 0x1a, 0x0b, 0x0f,
    0x02, 0xdf, 0x0d, 0x0e, 0xb8, 0x01, 0x07, 0x07, 0x07, 0x0c, 0x0e, 0x04, 0xb8, 0x02, 0x0f, 0x0f,
    0x0f, 0x0f, 0x0c, 0x03, 0xdf, 0x04, 0x0e, 0x0e, 0x1a, 0x0b, 0x0f, 0x02, 0xdf, 0x0a, 0x0f, 0x0e,
    0x09, 0x00, 0x28, 0x07, 0x0f, 0x0f, 0x09, 0xdf, 0x04, 0x0f, 0x07, 0xdf, 0x0a, 0x0f, 0x02, 0xdf,
    0x0b, 0x06, 0x10, 0x13, 0x38, 0x7d, 0x03, 0x0f, 0x0f, 0x0f, 0x0f, 0x0f, 0x0f, 0x0f, 0x0f, 0x04,
    0x55, 0x03, 0x0f, 0x0d, 0x08, 0x08, 0x08, 0x08, 0x0c, 0x0f, 0x04, 0x55, 0x04, 0x0f, 0x09, 0x37,
    0x09, 0x0f, 0x04, 0x55, 0x04, 0x0f, 0x08, 0x37, 0x09, 0x0f, 0x04, 0x55, 0x05, 0x0f, 0x08, 0x37,
    0x09, 0x0f, 0x04, 0x55, 0x06, 0x0f, 0x07, 0x37, 0x09, 0x0f, 0x04, 0x38, 0x0b, 0x0f, 0x01, 0x3f,
    0x06, 0x0f, 0x06, 0x37, 0x09, 0x0f, 0x04, 0x38, 0x08, 0x0f, 0x05, 0x3f, 0x07, 0x0f, 0x06, 0x37,
    0x09, 0x0f, 0x04, 0x38, 0x06, 0x0f, 0x07, 0x3f, 0x08, 0x0f, 0x04, 0x37, 0x09, 0x0f, 0x04, 0x38,
    0x05, 0x0f, 0x09, 0x3f, 0x0a, 0x0f, 0x03, 0x37, 0x09, 0x0f, 0x04, 0x38, 0x05, 0x0f, 0x08, 0x3f,
    0x0d, 0x0f, 0x18, 0x09, 0x0f, 0x04, 0x38, 0x09, 0x0f, 0x05, 0x4b, 0x05, 0x0f, 0x0b, 0x18, 0x08,
    0x0f, 0x08, 0x51, 0x02, 0x0e, 0x0e, 0x01, 0x2d, 0x03, 0x0a, 0x0f, 0x0f, 0x04, 0x18, 0x03, 0x0f,
    0x0f, 0x09, 0x09, 0x0e, 0x0f, 0x05, 0x64, 0x05, 0x0f, 0x0c, 0x05, 0x4c, 0x04, 0x0c, 0x0f, 0x0e,
    0x0b, 0x04, 0x10, 0x10, 0x37, 0x7e, 0x0e, 0x0f, 0x0f, 0x0f, 0x0f, 0x0f, 0x0c, 0xb8, 0x0f, 0x0e,
    0x07, 0x07, 0x07, 0x0f, 0x0c, 0xb8, 0x0f, 0x0c, 0x38, 0x0f, 0x0c, 0x38, 0x0b, 0x0f, 0x01, 0x66,
    0x01, 0x0f, 0x0b, 0x38, 0x0f, 0x0c, 0x38, 0x08, 0x0f, 0x04, 0x66, 0x01, 0x0f, 0x0a, 0x38, 0x0f,
    0x0c, 0x38, 0x05, 0x0f, 0x07, 0x66, 0x02, 0x0f, 0x09, 0x38, 0x0f, 0x0c, 0x38, 0x04, 0x0f, 0x08,
    0x66, 0x03, 0x0f, 0x08, 0x38, 0x0f, 0x0c, 0x38, 0x05, 0x0f, 0x08, 0x66, 0x06, 0x0f, 0x06, 0x38,
    0x0f, 0x0c, 0x38, 0x07, 0x0f, 0x05, 0x66, 0x0b, 0x0f, 0x03, 0x38, 0x0e, 0x0e, 0x01, 0x00, 0x01,
    0x0d, 0x0f, 0x01, 0x3f, 0x04, 0x0c, 0x0f, 0x0c, 0x37, 0x08, 0x0f, 0x0c, 0x08, 0x0c, 0x0f, 0x07,
    0x00, 0x3f, 0x06, 0x0f, 0x0b, 0x02, 0x18, 0x08, 0x0e, 0x0f, 0x0d, 0x06, 0x10, 0x14, 0x00, 0x7d,
    0x05, 0x0f, 0x08, 0x9d, 0x09, 0x0f, 0x04, 0x19, 0x05, 0x0f, 0x08, 0x9d, 0x09, 0x0f, 0x04, 0x19,
    0x05, 0x0f, 0x08, 0x9d, 0x09, 0x0f, 0x04, 0x19, 0x05, 0x0f, 0x08, 0x9d, 0x09, 0x0f, 0x04, 0x19,
    0x05, 0x0f, 0x08, 0x9d, 0x09, 0x0f, 0x04, 0x19, 0x05, 0x0f, 0x08, 0x9d, 0x09, 0x0f, 0x04, 0x38,
    0x0b, 0x0f, 0x01, 0x64, 0x05, 0x0f, 0x0c, 0x08, 0x08, 0x08, 0x08, 0x08, 0x08, 0x0c, 0x0f, 0x04,
    0x38, 0x08, 0x0f, 0x04, 0x64, 0x05, 0x0f, 0x0f, 0x0f, 0x0f, 0x0f, 0x0f, 0x0f, 0x0f, 0x0f, 0x0f,
    0x04, 0x38, 0x05, 0x0f, 0x07, 0x64, 0x05, 0x0f, 0x08, 0x9d, 0x09, 0x0f, 0x04, 0x38, 0x05, 0x0f,
    0x09, 0x64, 0x05, 0x0f, 0x08, 0x9d, 0x09, 0x0f, 0x04, 0x38, 0x05, 0x0f, 0x08, 0x64, 0x05, 0x0f,
    0x08, 0x9d, 0x09, 0x0f, 0x04, 0x38, 0x09, 0x0f, 0x05, 0x64, 0x05, 0x0f, 0x08, 0x9d, 0x07, 0x0f,
    0x08, 0x51, 0x02, 0x0e, 0x0e, 0x01, 0x64, 0x05, 0x0f, 0x08, 0x9d, 0x02, 0x0f, 0x0f, 0x09, 0x09,
    0x0e, 0x0f, 0x05, 0x4b, 0x05, 0x0f, 0x08, 0x4c, 0x04, 0x0c, 0x0f, 0x0e, 0x0b, 0x04, 0x10, 0x11,
    0x51, 0x7e, 0x09, 0x0f, 0x03, 0x37, 0x0d, 0x0f, 0xc2, 0x09, 0x0f, 0x03, 0x37, 0x0d, 0x0f, 0xc2,
    0x09, 0x0f, 0x03, 0x37, 0x0d, 0x0f, 0x38, 0x08, 0x0f, 0x03, 0x00, 0x3f, 0x09, 0x0f, 0x03, 0x37,
    0x0d, 0x0f, 0x38, 0x05, 0x0f, 0x07, 0x00, 0x3f, 0x09, 0x0f, 0x09, 0x07, 0x07, 0x07, 0x07, 0x0e,
    0x0f, 0x38, 0x02, 0x0f, 0x0a, 0x00, 0x3f, 0x09, 0x0f, 0x0f, 0x0f, 0x0f, 0x0f, 0x0f, 0x0f, 0x0f,
    0x38, 0x01, 0x0f, 0x0b, 0x00, 0x3f, 0x09, 0x0f, 0x03, 0x37, 0x0d, 0x0f, 0x38, 0x02, 0x0f, 0x0a,
    0x00, 0x3f, 0x09, 0x0f, 0x03, 0x37, 0x0c, 0x0f, 0x38, 0x04, 0x0f, 0x08, 0x00, 0x3f, 0x09, 0x0f,
    0x03, 0x37, 0x0a, 0x0f, 0x03, 0x51, 0x0b, 0x0f, 0x03, 0x00, 0x3f, 0x09, 0x0f, 0x03, 0x37, 0x05,
    0x0f, 0x0d, 0x08, 0x0b, 0x0f, 0x0a, 0x66, 0x09, 0x0f, 0x03, 0x18, 0x06, 0x0d, 0x0f, 0x0d, 0x08,
    0x10, 0x0c, 0x38, 0x7d, 0x01, 0x08, 0x0d, 0x0f, 0x0f, 0x0d, 0x08, 0x01, 0xc2, 0x03, 0x0e, 0x0f,
    0x0c, 0x09, 0x09, 0x0b, 0x0e, 0x01, 0x55, 0x01, 0x0d, 0x0f, 0x06, 0x37, 0x01, 0xc2, 0x06, 0x0f,
    0x09, 0xdf, 0x0b, 0x0f, 0x03, 0xdf, 0x0d, 0x0f, 0x01, 0xdf, 0x0d, 0x0f, 0x9d, 0x0a, 0x0f, 0x02,
    0x2c, 0x0d, 0x0f, 0x9d, 0x07, 0x0f, 0x05, 0x2c, 0x0d, 0x0f, 0x01, 0x18, 0x06, 0x0f, 0x07, 0x2c,
    0x0b, 0x0f, 0x03, 0x18, 0x05, 0x0f, 0x08, 0x2c, 0x06, 0x0f, 0x09, 0x18, 0x07, 0x0f, 0x07, 0x2c,
    0x01, 0x0d, 0x0f, 0x06, 0x38, 0x01, 0x0d, 0x0f, 0x02, 0x55, 0x03, 0x0e, 0x0f, 0x0c, 0x08, 0x09,
    0x0e, 0x0f, 0x08, 0x22, 0x01, 0x08, 0x0d, 0x0f, 0x0e, 0x0b, 0x05, 0x10, 0x0a, 0x37, 0x7e, 0x07,
    0x0d, 0x0f, 0x0e, 0x0b, 0x02, 0xb8, 0x0a, 0x0f, 0x0b, 0x08, 0x09, 0x0d, 0x01, 0x22, 0x06, 0x0f,
    0x0a, 0xdf, 0x0b, 0x0f, 0x02, 0xdf, 0x0e, 0x0d, 0x1a, 0x0f, 0x0c, 0x1a, 0x0e, 0x0d, 0x37, 0x07,
    0x0f, 0x04, 0xc2, 0x0b, 0x0f, 0x02, 0x38, 0x06, 0x0f, 0x06, 0xc2, 0x05, 0x0f, 0x0a, 0x38, 0x07,
    0x0f, 0x06, 0x22, 0x0a, 0x0f, 0x0c, 0x08, 0x09, 0x0e, 0x0e, 0x02, 0xb8, 0x06, 0x0c, 0x0f, 0x0e,
    0x0b, 0x03, 0x10, 0x0e, 0x7d, 0x0a, 0x0f, 0x0f, 0x0f, 0x0f, 0x0f, 0x0f, 0x0f, 0x0f, 0x0f, 0x0f,
    0x09, 0x19, 0x05, 0x08, 0x08, 0x08, 0x08, 0x0f, 0x0e, 0x08, 0x08, 0x08, 0x08, 0x05, 0xb8, 0x0f,
    0x0d, 0x1a, 0x0f, 0x0d, 0x1a, 0x0f, 0x0d, 0x1a, 0x0f, 0x0d, 0x38, 0x03, 0x0f, 0x0a, 0x22, 0x0f,
    0x0d, 0x37, 0x0e, 0x0d, 0x22, 0x0f, 0x0d, 0x37, 0x0c, 0x0f, 0x01, 0xc2, 0x0f, 0x0d, 0x37, 0x0b,
    0x0f, 0x02, 0xc2, 0x0f, 0x0d, 0x37, 0x0c, 0x0f, 0x02, 0xc2, 0x0f, 0x0d, 0x38, 0x01, 0x0e, 0x0e,
    0x22, 0x0d, 0x0f, 0x02, 0x51, 0x08, 0x0f, 0x09, 0x22, 0x08, 0x0f, 0x0d, 0x08, 0x0b, 0x0f, 0x0d,
    0x01, 0xb8, 0x08, 0x0e, 0x0f, 0x0d, 0x09, 0x01, 0x10, 0x0d, 0x00, 0x7e, 0x05, 0x0f, 0x0f, 0x0f,
    0x0f, 0x0f, 0x0f, 0x0f, 0x0f, 0x08, 0x55, 0x02, 0x07, 0x07, 0x07, 0x0e, 0x0f, 0x07, 0x07, 0x07,
    0x04, 0xdd, 0x0c, 0x0f, 0x1a, 0x0c, 0x0f, 0x38, 0x07, 0x0f, 0x04, 0x22, 0x0c, 0x0f, 0x38, 0x04,
    0x0f, 0x08, 0x22, 0x0c, 0x0f, 0x38, 0x01, 0x0f, 0x0b, 0x22, 0x0c, 0x0f, 0x38, 0x01, 0x0f, 0x0c,
    0x22, 0x0c, 0x0f, 0x38, 0x02, 0x0f, 0x0a, 0x22, 0x0a, 0x0f, 0x04, 0x51, 0x09, 0x0f, 0x06, 0x22,
    0x04, 0x0f, 0x0e, 0x08, 0x0a, 0x0f, 0x0c, 0xdd, 0x06, 0x0d, 0x0f, 0x0e, 0x09, 0x01, 0x10, 0x0d,
    0x38, 0x7d, 0x03, 0x09, 0x0d, 0x0f, 0x0f, 0x0d, 0x09, 0x02, 0xc2, 0x05, 0x0f, 0x0f, 0x0b, 0x09,
    0x09, 0x0c, 0x0f, 0x0e, 0x04, 0x2c, 0x01, 0x0e, 0x0f, 0x04, 0x37, 0x05, 0x0f, 0x0e, 0x01, 0x19,
    0x04, 0x0f, 0x0a, 0x9d, 0x0a, 0x0f, 0x04, 0x19, 0x04, 0x0f, 0x0a, 0x1a, 0x0d, 0x0e, 0x03, 0xdf,
    0x02, 0x0c, 0x0f, 0x0b, 0x09, 0x08, 0x07, 0xb8, 0x02, 0x09, 0x0f, 0x0f, 0x0f, 0x0f, 0x0c, 0x22,
    0x01, 0x0d, 0x0f, 0x07, 0x02, 0x28, 0x07, 0x0f, 0x08, 0xdf, 0x08, 0x0f, 0x06, 0x9d, 0x07, 0x0f,
    0x07, 0x19, 0x04, 0x0f, 0x0d, 0x02, 0x37, 0x03, 0x0e, 0x0f, 0x03, 0x2c, 0x08, 0x0f, 0x0f, 0x0b,
    0x09, 0x08, 0x0b, 0x0f, 0x0f, 0x07, 0xc2, 0x04, 0x0a, 0x0d, 0x0f, 0x0f, 0x0d, 0x09, 0x03, 0x10,
    0x0b, 0x38, 0x7e, 0x05, 0x0b, 0x0e, 0x0f, 0x0d, 0x09, 0x02, 0x22, 0x06, 0x0f, 0x0e, 0x09, 0x07,
    0x0a, 0x0f, 0x0e, 0x02, 0xc2, 0x0c, 0x0f, 0x02, 0x38, 0x06, 0x0f, 0x08, 0xc2, 0x0b, 0x0f, 0x01,
    0x37, 0x02, 0x01, 0xc2, 0x03, 0x0e, 0x0d, 0x08, 0x07, 0x07, 0x02, 0xb8, 0x01, 0x09, 0x0f, 0x0f,
    0x0f, 0x0f, 0x05, 0xb8, 0x0a, 0x0f, 0x06, 0x01, 0x00, 0x28, 0x0f, 0x0d, 0x18, 0x05, 0x04, 0xc2,
    0x0e, 0x0e, 0x02, 0x38, 0x05, 0x0f, 0x0a, 0xc2, 0x06, 0x0f, 0x0e, 0x09, 0x07, 0x0a, 0x0f, 0x0e,
    0x03, 0x22, 0x04, 0x0b, 0x0e, 0x0f, 0x0d, 0x09, 0x02, 0x10, 0x0f, 0x38, 0x7d, 0x06, 0x0f, 0x0f,
    0x0f, 0x0f, 0x0f, 0x0f, 0x0f, 0x0f, 0x06, 0x55, 0x06, 0x0f, 0x0b, 0x08, 0x08, 0x08, 0x08, 0x0c,
    0x0f, 0x06, 0x55, 0x07, 0x0f, 0x06, 0x37, 0x07, 0x0f, 0x06, 0x55, 0x08, 0x0f, 0x05, 0x37, 0x07,
    0x0f, 0x06, 0x55, 0x08, 0x0f, 0x05, 0x37, 0x07, 0x0f, 0x06, 0x55, 0x09, 0x0f, 0x04, 0x37, 0x07,
    0x0f, 0x06, 0x55, 0x09, 0x0f, 0x03, 0x37, 0x07, 0x0f, 0x06, 0x55, 0x0a, 0x0f, 0x02, 0x37, 0x07,
    0x0f, 0x06, 0x55, 0x0b, 0x0f, 0x01, 0x37, 0x07, 0x0f, 0x06, 0x55, 0x0d, 0x0e, 0x18, 0x07, 0x0f,
    0x06, 0x2c, 0x01, 0x0f, 0x0c, 0x18, 0x07, 0x0f, 0x06, 0x2c, 0x08, 0x0f, 0x08, 0x18, 0x07, 0x0f,
    0x06, 0x41, 0x04, 0x0b, 0x0f, 0x0e, 0x01, 0x18, 0x07, 0x0f, 0x0b, 0x0f, 0x08, 0x00, 0x3f, 0x08,
    0x0f, 0x0b, 0x03, 0x9d, 0x07, 0x0f, 0x0b, 0x0f, 0x08, 0xdf, 0x05, 0x0f, 0x08, 0xdf, 0x07, 0x0f,
    0x06, 0x28, 0x06, 0x09, 0x0e, 0x0e, 0x02, 0x28, 0x0a, 0x0f, 0x0c, 0x04, 0x10, 0x0c, 0x38, 0x7e,
    0x02, 0x0f, 0x0f, 0x0f, 0x0f, 0x0f, 0x0f, 0x0f, 0x22, 0x03, 0x0f, 0x0c, 0x07, 0x07, 0x07, 0x0d,
    0x0f, 0x22, 0x03, 0x0f, 0x09, 0x38, 0x0c, 0x0f, 0x22, 0x04, 0x0f, 0x08, 0x38, 0x0c, 0x0f, 0x22,
    0x04, 0x0f, 0x07, 0x38, 0x0c, 0x0f, 0x22, 0x05, 0x0f, 0x06, 0x38, 0x0c, 0x0f, 0x22, 0x06, 0x0f,
    0x05, 0x38, 0x0c, 0x0f, 0x22, 0x09, 0x0f, 0x03, 0x38, 0x0c, 0x0f, 0x22, 0x0d, 0x0e, 0x37, 0x0c,
    0x0f, 0x55, 0x05, 0x0c, 0x0f, 0x09, 0x37, 0x0c, 0x0f, 0x0f, 0x08, 0x19, 0x08, 0x0e, 0x0a, 0x01,
    0x37, 0x0c, 0x0f, 0x0f, 0x08, 0xdf, 0x05, 0x0f, 0x08, 0xdf, 0x07, 0x0f, 0x06, 0x28, 0x06, 0x09,
    0x0e, 0x0e, 0x02, 0x28, 0x0a, 0x0f, 0x0c, 0x04, 0x10,
};

static const uint16_t mf_rlefont_Roboto_Regular20_glyph_offsets_12[276] PROGMEM = {
    0x0000, 0x0071, 0x00e9, 0x0161, 0x01b8, 0x0229, 0x0297, 0x02d2,
    0x0322, 0x036f, 0x041a, 0x04c5, 0x053a, 0x05c2, 0x0662, 0x06d9,
    0x0766, 0x07d2, 0x084b, 0x08cf, 0x0918, 0x09c2, 0x0a25, 0x0ad9,
    0x0b41, 0x0bd5, 0x0c7c, 0x0cf8, 0x0d73, 0x0e37, 0x0eb4, 0x0f2d,
    0x0faa, 0x1014, 0x107b, 0x10bb, 0x111d, 0x11b9, 0x1229, 0x12b1,
    0x1309, 0x13c0, 0x1485, 0x14f5, 0x15a5, 0x1610, 0x1685, 0x1738,
    0x17aa, 0x180b, 0x187d, 0x18e3, 0x191c, 0x1998, 0x19f0, 0x1a77,
    0x1ac2, 0x1b26, 0x1ba3, 0x1c01, 0x1c56, 0x1ce0, 0x1d36, 0x1d91,
    0x1de7, 0x1e58, 0x1ea8, 0x1ee5, 0x1f45, 0x1fe9, 0x203d, 0x20a3,
    0x20ed, 0x2171, 0x2201, 0x2257, 0x22d3, 0x2323, 0x237a, 0x2406,
    0x2467, 0x24cf, 0x253d, 0x25c6, 0x2612, 0x2664, 0x26bd, 0x26f4,
    0x2738, 0x2784, 0x2808, 0x2886, 0x28fd, 0x296e, 0x29e3, 0x2a5d,
    0x2abf, 0x2b70, 0x2bf9, 0x2c6a, 0x2cd7, 0x2d86, 0x2e07, 0x2e82,
    0x2edf, 0x2f8a, 0x3010, 0x30b9, 0x3133, 0x320c, 0x32b7, 0x332c,
    0x3395, 0x3420, 0x34aa, 0x352c, 0x358f, 0x35f9, 0x364a, 0x36ca,
    0x3737, 0x380b, 0x38c1, 0x3943, 0x39ab, 0x3a68, 0x3b02, 0x3bc9,
    0x3c69, 0x3cd0, 0x3d1f, 0x3d78, 0x3d90, 0x3da4, 0x3db1, 0x3dbe,
    0x3dbf, 0x3e44, 0x3eb2, 0x3f68, 0x2bf9, 0x3ff7, 0x4067, 0x40d9,
    0x4152, 0x41a6, 0x41eb, 0x423d, 0x427f, 0x42fc, 0x4362, 0x4424,
    0x44b8, 0x452f, 0x458a, 0x4610, 0x467b, 0x46fa, 0x475e, 0x47e1,
    0x4855, 0x48d8, 0x493e, 0x49c9, 0x4a2f, 0x4ab8, 0x4b16, 0x4bc7,
    0x4c4e, 0x4cf6, 0x4d6c, 0x4de3, 0x4e41, 0x4e92, 0x4ede, 0x4f32,
    0x4f8a, 0x4fe5, 0x5044, 0x50c2, 0x5123, 0x51b0, 0x5220, 0x5289,
    0x52e2, 0x5349, 0x53a1, 0x5407, 0x5475, 0x54f4, 0x5551, 0x55dc,
    0x0297, 0x5646, 0x570e, 0x57ae, 0x5837, 0x58a7, 0x5931, 0x5998,
    0x5a28, 0x5a90, 0x5b1d, 0x5b85, 0x5bf0, 0x5c4b, 0x5d1d, 0x0297,
    0x5db7, 0x5e37, 0x5eb2, 0x5f34, 0x5fa9, 0x6042, 0x60de, 0x6155,
    0x61c6, 0x6241, 0x6299, 0x6323, 0x6390, 0x6459, 0x64f5, 0x6572,
    0x65d3, 0x663c, 0x66a5, 0x6750, 0x67c4, 0x686c, 0x68e4, 0x696c,
    0x34aa, 0x352c, 0x69dd, 0x6a6e, 0x6ae7, 0x6b70, 0x6bdd, 0x6c58,
    0x6cc8, 0x6d40, 0x6db5, 0x6e2b, 0x6ea7, 0x6f13, 0x6f72, 0x6fca,
    0x7012, 0x70d6, 0x7166, 0x71cd, 0x7224, 0x72a9, 0x7313, 0x7389,
    0x73e2, 0x743d, 0x74a3, 0x751c, 0x75b5, 0x7625, 0x767d, 0x76d8,
    0x7723, 0x77c3, 0x783d, 0x78df, 0x7961, 0x79cc, 0x7a13, 0x7a79,
    0x7acf, 0x7b40, 0x7b9a, 0x7c2d,
};

static const uint8_t mf_rlefont_Roboto_Regular20_glyph_data_13[239] PROGMEM = {
    0x0d, 0x00, 0xfc, 0x07, 0x0f, 0x08, 0xdf, 0x0d, 0x0f, 0x0e, 0x00, 0x28, 0x04, 0x0f, 0x0c, 0x0f,
    0x05, 0x28, 0x0a, 0x0f, 0x02, 0x0e, 0x0b, 0xdd, 0x01, 0x0f, 0x0b, 0x00, 0x0a, 0x0f, 0x02, 0xb8,
    0x06, 0x0f, 0x05, 0x00, 0x04, 0x0f, 0x07, 0xb8, 0x0c, 0x0e, 0x38, 0x0d, 0x0d, 0x22, 0x03, 0x0f,
    0x09, 0x38, 0x08, 0x0f, 0x04, 0xc2, 0x09, 0x0f, 0x0b, 0x08, 0x08, 0x08, 0x0a, 0x0f, 0x0a, 0x55,
    0x01, 0x0e, 0x0f, 0x0f, 0x0f, 0x0f, 0x0f, 0x0f, 0x0f, 0x0f, 0x01, 0x2c, 0x05, 0x0f, 0x07, 0x18,
    0x06, 0x0f, 0x07, 0x2c, 0x0b, 0x0f, 0x02, 0x18, 0x01, 0x0f, 0x0c, 0x19, 0x02, 0x0f, 0x0b, 0x4c,
    0x0a, 0x0f, 0x03, 0x41, 0x08, 0x0f, 0x06, 0x4c, 0x05, 0x0f, 0x09, 0x3a, 0x05, 0x0c, 0x0c, 0x03,
    0x00, 0x28, 0x0b, 0x03, 0x05, 0x08, 0x00, 0x28, 0x05, 0x0d, 0x0c, 0x03, 0x10, 0x0b, 0x38, 0x7e,
    0x02, 0x09, 0x0e, 0x0f, 0x0e, 0x09, 0x01, 0x22, 0x02, 0x0e, 0x0f, 0x09, 0x07, 0x0b, 0x0f, 0x0c,
    0x22, 0x09, 0x0f, 0x05, 0x38, 0x0a, 0x0f, 0x04, 0xc2, 0x01, 0x02, 0x37, 0x06, 0x0f, 0x06, 0x22,
    0x03, 0x0a, 0x0d, 0x0f, 0x0f, 0x0f, 0x0f, 0x06, 0xc2, 0x04, 0x0f, 0x0e, 0x07, 0x05, 0x04, 0x08,
    0x0f, 0x06, 0xc2, 0x0b, 0x0f, 0x02, 0x38, 0x06, 0x0f, 0x06, 0xc2, 0x0e, 0x0e, 0x37, 0x07, 0x0f,
    0x06, 0xc2, 0x0c, 0x0f, 0x03, 0x51, 0x02, 0x0d, 0x0f, 0x06, 0xc2, 0x06, 0x0f, 0x0e, 0x0a, 0x0a,
    0x0e, 0x0e, 0x0f, 0x07, 0x22, 0x06, 0x0d, 0x0f, 0x0e, 0x08, 0x04, 0x0f, 0x0a, 0xd2, 0x05, 0x0c,
    0x0c, 0x03, 0x00, 0x28, 0x0b, 0x03, 0x05, 0x08, 0x00, 0x28, 0x05, 0x0d, 0x0c, 0x03, 0x10,
};

static const uint16_t mf_rlefont_Roboto_Regular20_glyph_offsets_13[2] PROGMEM = {
    0x0000, 0x007d,
};

static const uint8_t mf_rlefont_Roboto_Regular20_glyph_data_14[375] PROGMEM = {
    0x11, 0x45, 0x03, 0x0f, 0x0c, 0x01, 0x00, 0x28, 0x0c, 0x0d, 0x01, 0x00, 0x28, 0x07, 0x0e, 0x02,
    0x84, 0x05, 0x0f, 0x0f, 0x04, 0x52, 0x0c, 0x0f, 0x0c, 0x00, 0x3f, 0x05, 0x0f, 0x0f, 0x0a, 0x4c,
    0x04, 0x0f, 0x0f, 0x0c, 0x00, 0x3f, 0x05, 0x0f, 0x0f, 0x0f, 0x02, 0x9d, 0x0a, 0x0f, 0x0f, 0x0c,
    0x00, 0x3f, 0x05, 0x0f, 0x0a, 0x0f, 0x08, 0x18, 0x01, 0x0f, 0x0c, 0x0e, 0x0c, 0x00, 0x3f, 0x05,
    0x0f, 0x06, 0x0d, 0x0e, 0x18, 0x07, 0x0f, 0x05, 0x0e, 0x0c, 0x00, 0x3f, 0x05, 0x0f, 0x07, 0x07,
    0x0f, 0x05, 0x37, 0x0d, 0x0e, 0x00, 0x0f, 0x0c, 0x00, 0x3f, 0x05, 0x0f, 0x07, 0x01, 0x0f, 0x0b,
    0x38, 0x04, 0x0f, 0x08, 0x00, 0x0f, 0x0c, 0x00, 0x3f, 0x05, 0x0f, 0x08, 0x00, 0x0a, 0x0f, 0x02,
    0x51, 0x0a, 0x0f, 0x02, 0x01, 0x0f, 0x0c, 0x00, 0x3f, 0x05, 0x0f, 0x08, 0x00, 0x04, 0x0f, 0x08,
    0x00, 0x02, 0x0f, 0x0b, 0x00, 0x01, 0x0f, 0x0c, 0x00, 0x3f, 0x05, 0x0f, 0x08, 0x51, 0x0d, 0x0e,
    0x00, 0x07, 0x0f, 0x04, 0x00, 0x01, 0x0f, 0x0c, 0x00, 0x3f, 0x05, 0x0f, 0x08, 0x51, 0x06, 0x0f,
    0x06, 0x0d, 0x0d, 0x51, 0x01, 0x0f, 0x0c, 0x00, 0x3f, 0x05, 0x0f, 0x08, 0x51, 0x01, 0x0e, 0x0e,
    0x0f, 0x07, 0x51, 0x01, 0x0f, 0x0c, 0x00, 0x3f, 0x05, 0x0f, 0x08, 0x38, 0x09, 0x0f, 0x0f, 0x01,
    0x51, 0x01, 0x0f, 0x0c, 0x00, 0x3f, 0x05, 0x0f, 0x08, 0x38, 0x03, 0x0f, 0x0a, 0x38, 0x01, 0x0f,
    0x0c, 0x10, 0x12, 0x00, 0x3e, 0x01, 0x07, 0x07, 0x01, 0x00, 0x28, 0x08, 0x0f, 0x06, 0x00, 0x28,
    0x03, 0x0f, 0x08, 0xdf, 0x05, 0x07, 0x2e, 0x0a, 0x0f, 0x03, 0x0a, 0x0e, 0x0f, 0x0c, 0x04, 0x00,
    0x06, 0x0d, 0x0f, 0x0e, 0x09, 0x01, 0x00, 0x3f, 0x0a, 0x0f, 0x0e, 0x0b, 0x08, 0x0a, 0x0f, 0x0f,
    0x0a, 0x0e, 0x09, 0x09, 0x0d, 0x0f, 0x0a, 0x00, 0x3f, 0x0a, 0x0f, 0x08, 0x38, 0x07, 0x0f, 0x0f,
    0x03, 0x51, 0x01, 0x0d, 0x0f, 0x01, 0x3f, 0x0a, 0x0f, 0x03, 0x38, 0x03, 0x0f, 0x0c, 0x37, 0x0a,
    0x0f, 0x03, 0x3f, 0x0a, 0x0f, 0x03, 0x38, 0x02, 0x0f, 0x0a, 0x37, 0x0a, 0x0f, 0x03, 0x3f, 0x0a,
    0x0f, 0x03, 0x38, 0x02, 0x0f, 0x0a, 0x37, 0x0a, 0x0f, 0x03, 0x3f, 0x0a, 0x0f, 0x03, 0x38, 0x02,
    0x0f, 0x0a, 0x37, 0x0a, 0x0f, 0x03, 0x3f, 0x0a, 0x0f, 0x03, 0x38, 0x02, 0x0f, 0x0a, 0x37, 0x0a,
    0x0f, 0x03, 0x3f, 0x0a, 0x0f, 0x03, 0x38, 0x02, 0x0f, 0x0a, 0x37, 0x0a, 0x0f, 0x03, 0x3f, 0x0a,
    0x0f, 0x03, 0x38, 0x02, 0x0f, 0x0a, 0x37, 0x0a, 0x0f, 0x03, 0x3f, 0x0a, 0x0f, 0x03, 0x38, 0x02,
    0x0f, 0x0a, 0x37, 0x0a, 0x0f, 0x03, 0x10,
};

static const uint16_t mf_rlefont_Roboto_Regular20_glyph_offsets_14[2] PROGMEM = {
    0x0000, 0x00d2,
};

static const uint8_t mf_rlefont_Roboto_Regular20_glyph_data_15[1007] PROGMEM = {
    0x12, 0xa9, 0x02, 0x0e, 0x0e, 0x02, 0xdf, 0x03, 0x0f, 0x0a, 0x1a, 0x05, 0x0f, 0x05, 0x84, 0x04,
    0x0f, 0x09, 0x18, 0x0e, 0x0e, 0x18, 0x0a, 0x0f, 0x03, 0x64, 0x01, 0x0f, 0x0c, 0x37, 0x03, 0x0f,
    0x0f, 0x03, 0x37, 0x0e, 0x0e, 0x3f, 0x0c, 0x0f, 0x01, 0x38, 0x08, 0x0f, 0x0f, 0x07, 0x38, 0x02,
    0x0f, 0x0b, 0x3f, 0x08, 0x0f, 0x04, 0x38, 0x0c, 0x0d, 0x0c, 0x0c, 0x38, 0x06, 0x0f, 0x07, 0x3f,
    0x04, 0x0f, 0x08, 0x51, 0x01, 0x0f, 0x09, 0x08, 0x0f, 0x01, 0x51, 0x09, 0x0f, 0x03, 0x3f, 0x01,
    0x0f, 0x0b, 0x51, 0x06, 0x0f, 0x04, 0x04, 0x0f, 0x05, 0x51, 0x0c, 0x0e, 0x66, 0x0c, 0x0f, 0x51,
    0x0a, 0x0e, 0x51, 0x0e, 0x09, 0x00, 0x01, 0x0f, 0x0b, 0x66, 0x08, 0x0f, 0x03, 0x00, 0x0e, 0x0a,
    0x51, 0x0b, 0x0d, 0x00, 0x04, 0x0f, 0x07, 0x66, 0x05, 0x0f, 0x07, 0x04, 0x0f, 0x06, 0x51, 0x06,
    0x0f, 0x03, 0x08, 0x0f, 0x03, 0x66, 0x01, 0x0f, 0x0a, 0x08, 0x0f, 0x01, 0x51, 0x02, 0x0f, 0x07,
    0x0b, 0x0e, 0x19, 0x0c, 0x0d, 0x0c, 0x0c, 0x37, 0x0d, 0x0b, 0x0e, 0x0b, 0x19, 0x09, 0x0f, 0x0f,
    0x07, 0x37, 0x08, 0x0e, 0x0f, 0x07, 0x19, 0x05, 0x0f, 0x0f, 0x03, 0x37, 0x04, 0x0f, 0x0f, 0x04,
    0x19, 0x01, 0x0f, 0x0d, 0x9d, 0x0e, 0x0f, 0x10, 0x0f, 0x38, 0xa4, 0x02, 0x08, 0x07, 0x1a, 0x09,
    0x0f, 0x06, 0x1a, 0x0b, 0x0e, 0x01, 0xdf, 0x01, 0x07, 0x04, 0x2e, 0x07, 0x0f, 0x05, 0x38, 0x06,
    0x0f, 0x06, 0x38, 0x05, 0x0f, 0x06, 0x00, 0x3f, 0x02, 0x0f, 0x09, 0x38, 0x0a, 0x0f, 0x0a, 0x38,
    0x09, 0x0f, 0x02, 0x66, 0x0d, 0x0d, 0x38, 0x0e, 0x0f, 0x0e, 0x38, 0x0d, 0x0d, 0x41, 0x09, 0x0f,
    0x02, 0x00, 0x04, 0x0f, 0x07, 0x0f, 0x04, 0x00, 0x01, 0x0f, 0x09, 0x41, 0x05, 0x0f, 0x06, 0x00,
    0x09, 0x0e, 0x01, 0x0e, 0x08, 0x00, 0x05, 0x0f, 0x05, 0x41, 0x01, 0x0f, 0x09, 0x00, 0x0d, 0x09,
    0x00, 0x0a, 0x0d, 0x00, 0x09, 0x0f, 0x01, 0x19, 0x0c, 0x0d, 0x03, 0x0f, 0x05, 0x00, 0x05, 0x0f,
    0x02, 0x0c, 0x0b, 0x2c, 0x07, 0x0f, 0x09, 0x0f, 0x01, 0x00, 0x01, 0x0f, 0x08, 0x0f, 0x07, 0x2c,
    0x03, 0x0f, 0x0f, 0x0b, 0x38, 0x0b, 0x0e, 0x0f, 0x03, 0x55, 0x0e, 0x0f, 0x06, 0x38, 0x06, 0x0f,
    0x0e, 0xc2, 0x0a, 0x0f, 0x02, 0x38, 0x02, 0x0f, 0x0a, 0x10, 0x12, 0x45, 0x03, 0x0f, 0x0c, 0x01,
    0x00, 0x28, 0x0c, 0x0d, 0x01, 0x00, 0x28, 0x07, 0x0e, 0x02, 0x43, 0x04, 0x0f, 0x09, 0x18, 0x0e,
    0x0e, 0x18, 0x0a, 0x0f, 0x03, 0x64, 0x01, 0x0f, 0x0c, 0x37, 0x03, 0x0f, 0x0f, 0x03, 0x37, 0x0e,
    0x0e, 0x3f, 0x0c, 0x0f, 0x01, 0x38, 0x08, 0x0f, 0x0f, 0x07, 0x38, 0x02, 0x0f, 0x0b, 0x3f, 0x08,
    0x0f, 0x04, 0x38, 0x0c, 0x0d, 0x0c, 0x0c, 0x38, 0x06, 0x0f, 0x07, 0x3f, 0x04, 0x0f, 0x08, 0x51,
    0x01, 0x0f, 0x09, 0x08, 0x0f, 0x01, 0x51, 0x09, 0x0f, 0x03, 0x3f, 0x01, 0x0f, 0x0b, 0x51, 0x06,
    0x0f, 0x04, 0x04, 0x0f, 0x05, 0x51, 0x0c, 0x0e, 0x66, 0x0c, 0x0f, 0x51, 0x0a, 0x0e, 0x51, 0x0e,
    0x09, 0x00, 0x01, 0x0f, 0x0b, 0x66, 0x08, 0x0f, 0x03, 0x00, 0x0e, 0x0a, 0x51, 0x0b, 0x0d, 0x00,
    0x04, 0x0f, 0x07, 0x66, 0x05, 0x0f, 0x07, 0x04, 0x0f, 0x06, 0x51, 0x06, 0x0f, 0x03, 0x08, 0x0f,
    0x03, 0x66, 0x01, 0x0f, 0x0a, 0x08, 0x0f, 0x01, 0x51, 0x02, 0x0f, 0x07, 0x0b, 0x0e, 0x19, 0x0c,
    0x0d, 0x0c, 0x0c, 0x37, 0x0d, 0x0b, 0x0e, 0x0b, 0x19, 0x09, 0x0f, 0x0f, 0x07, 0x37, 0x08, 0x0e,
    0x0f, 0x07, 0x19, 0x05, 0x0f, 0x0f, 0x03, 0x37, 0x04, 0x0f, 0x0f, 0x04, 0x19, 0x01, 0x0f, 0x0d,
    0x9d, 0x0e, 0x0f, 0x10, 0x0f, 0x9d, 0xa4, 0x01, 0x07, 0x07, 0x01, 0x00, 0x28, 0x08, 0x0f, 0x06,
    0x00, 0x28, 0x03, 0x0f, 0x08, 0xdf, 0x05, 0x07, 0x3a, 0x07, 0x0f, 0x05, 0x38, 0x06, 0x0f, 0x06,
    0x38, 0x05, 0x0f, 0x06, 0x00, 0x3f, 0x02, 0x0f, 0x09, 0x38, 0x0a, 0x0f, 0x0a, 0x38, 0x09, 0x0f,
    0x02, 0x66, 0x0d, 0x0d, 0x38, 0x0e, 0x0f, 0x0e, 0x38, 0x0d, 0x0d, 0x41, 0x09, 0x0f, 0x02, 0x00,
    0x04, 0x0f, 0x07, 0x0f, 0x04, 0x00, 0x01, 0x0f, 0x09, 0x41, 0x05, 0x0f, 0x06, 0x00, 0x09, 0x0e,
    0x01, 0x0e, 0x08, 0x00, 0x05, 0x0f, 0x05, 0x41, 0x01, 0x0f, 0x09, 0x00, 0x0d, 0x09, 0x00, 0x0a,
    0x0d, 0x00, 0x09, 0x0f, 0x01, 0x19, 0x0c, 0x0d, 0x03, 0x0f, 0x05, 0x00, 0x05, 0x0f, 0x02, 0x0c,
    0x0b, 0x2c, 0x07, 0x0f, 0x09, 0x0f, 0x01, 0x00, 0x01, 0x0f, 0x08, 0x0f, 0x07, 0x2c, 0x03, 0x0f,
    0x0f, 0x0b, 0x38, 0x0b, 0x0e, 0x0f, 0x03, 0x55, 0x0e, 0x0f, 0x06, 0x38, 0x06, 0x0f, 0x0e, 0xc2,
    0x0a, 0x0f, 0x02, 0x38, 0x02, 0x0f, 0x0a, 0x10, 0x12, 0xe3, 0x02, 0x03, 0x51, 0x02, 0x04, 0xdd,
    0x0e, 0x0f, 0x01, 0x00, 0x0b, 0x0f, 0x04, 0xb8, 0x08, 0x09, 0x51, 0x06, 0x0a, 0x01, 0x96, 0x04,
    0x0f, 0x09, 0x18, 0x0e, 0x0e, 0x18, 0x0a, 0x0f, 0x03, 0x64, 0x01, 0x0f, 0x0c, 0x37, 0x03, 0x0f,
    0x0f, 0x03, 0x37, 0x0e, 0x0e, 0x3f, 0x0c, 0x0f, 0x01, 0x38, 0x08, 0x0f, 0x0f, 0x07, 0x38, 0x02,
    0x0f, 0x0b, 0x3f, 0x08, 0x0f, 0x04, 0x38, 0x0c, 0x0d, 0x0c, 0x0c, 0x38, 0x06, 0x0f, 0x07, 0x3f,
    0x04, 0x0f, 0x08, 0x51, 0x01, 0x0f, 0x09, 0x08, 0x0f, 0x01, 0x51, 0x09, 0x0f, 0x03, 0x3f, 0x01,
    0x0f, 0x0b, 0x51, 0x06, 0x0f, 0x04, 0x04, 0x0f, 0x05, 0x51, 0x0c, 0x0e, 0x66, 0x0c, 0x0f, 0x51,
    0x0a, 0x0e, 0x51, 0x0e, 0x09, 0x00, 0x01, 0x0f, 0x0b, 0x66, 0x08, 0x0f, 0x03, 0x00, 0x0e, 0x0a,
    0x51, 0x0b, 0x0d, 0x00, 0x04, 0x0f, 0x07, 0x66, 0x05, 0x0f, 0x07, 0x04, 0x0f, 0x06, 0x51, 0x06,
    0x0f, 0x03, 0x08, 0x0f, 0x03, 0x66, 0x01, 0x0f, 0x0a, 0x08, 0x0f, 0x01, 0x51, 0x02, 0x0f, 0x07,
    0x0b, 0x0e, 0x19, 0x0c, 0x0d, 0x0c, 0x0c, 0x37, 0x0d, 0x0b, 0x0e, 0x0b, 0x19, 0x09, 0x0f, 0x0f,
    0x07, 0x37, 0x08, 0x0e, 0x0f, 0x07, 0x19, 0x05, 0x0f, 0x0f, 0x03, 0x37, 0x04, 0x0f, 0x0f, 0x04,
    0x19, 0x01, 0x0f, 0x0d, 0x9d, 0x0e, 0x0f, 0x10, 0x0f, 0x00, 0x97, 0x09, 0x0a, 0x51, 0x07, 0x0b,
    0x02, 0xb8, 0x0e, 0x0f, 0x01, 0x00, 0x0b, 0x0f, 0x04, 0xb8, 0x02, 0x02, 0x51, 0x01, 0x03, 0x84,
    0x07, 0x0f, 0x05, 0x38, 0x06, 0x0f, 0x06, 0x38, 0x05, 0x0f, 0x06, 0x00, 0x3f, 0x02, 0x0f, 0x09,
    0x38, 0x0a, 0x0f, 0x0a, 0x38, 0x09, 0x0f, 0x02, 0x66, 0x0d, 0x0d, 0x38, 0x0e, 0x0f, 0x0e, 0x38,
    0x0d, 0x0d, 0x41, 0x09, 0x0f, 0x02, 0x00, 0x04, 0x0f, 0x07, 0x0f, 0x04, 0x00, 0x01, 0x0f, 0x09,
    0x41, 0x05, 0x0f, 0x06, 0x00, 0x09, 0x0e, 0x01, 0x0e, 0x08, 0x00, 0x05, 0x0f, 0x05, 0x41, 0x01,
    0x0f, 0x09, 0x00, 0x0d, 0x09, 0x00, 0x0a, 0x0d, 0x00, 0x09, 0x0f, 0x01, 0x19, 0x0c, 0x0d, 0x03,
    0x0f, 0x05, 0x00, 0x05, 0x0f, 0x02, 0x0c, 0x0b, 0x2c, 0x07, 0x0f, 0x09, 0x0f, 0x01, 0x00, 0x01,
    0x0f, 0x08, 0x0f, 0x07, 0x2c, 0x03, 0x0f, 0x0f, 0x0b, 0x38, 0x0b, 0x0e, 0x0f, 0x03, 0x55, 0x0e,
    0x0f, 0x06, 0x38, 0x06, 0x0f, 0x0e, 0xc2, 0x0a, 0x0f, 0x02, 0x38, 0x02, 0x0f, 0x0a, 0x10,
};

static const uint16_t mf_rlefont_Roboto_Regular20_glyph_offsets_15[6] PROGMEM = {
    0x0000, 0x00b8, 0x014a, 0x0204, 0x0298, 0x0358,
};

static const uint8_t mf_rlefont_Roboto_Regular20_glyph_data_16[11376] PROGMEM = {
    0x0d, 0x00, 0xfc, 0x07, 0x0f, 0x08, 0xdf, 0x0d, 0x0f, 0x0e, 0x00, 0x28, 0x04, 0x0f, 0x0c, 0x0f,
    0x05, 0x28, 0x0a, 0x0f, 0x02, 0x0e, 0x0b, 0xdd, 0x01, 0x0f, 0x0b, 0x00, 0x0a, 0x0f, 0x02, 0xb8,
    0x06, 0x0f, 0x05, 0x00, 0x04, 0x0f, 0x07, 0xb8, 0x0c, 0x0e, 0x38, 0x0d, 0x0d, 0x22, 0x03, 0x0f,
    0x09, 0x38, 0x08, 0x0f, 0x04, 0xc2, 0x09, 0x0f, 0x0b, 0x08, 0x08, 0x08, 0x0a, 0x0f, 0x0a, 0x55,
    0x01, 0x0e, 0x0f, 0x0f, 0x0f, 0x0f, 0x0f, 0x0f, 0x0f, 0x0f, 0x01, 0x2c, 0x05, 0x0f, 0x07, 0x18,
    0x06, 0x0f, 0x07, 0x2c, 0x0b, 0x0f, 0x02, 0x18, 0x01, 0x0f, 0x0c, 0x19, 0x02, 0x0f, 0x0b, 0x4c,
    0x0a, 0x0f, 0x03, 0x41, 0x08, 0x0f, 0x06, 0x4c, 0x05, 0x0f, 0x09, 0xd2, 0x08, 0x0a, 0x1a, 0x0e,
    0x0f, 0x02, 0xdf, 0x02, 0x03, 0x10, 0x0b, 0x38, 0x7e, 0x02, 0x09, 0x0e, 0x0f, 0x0e, 0x09, 0x01,
    0x22, 0x02, 0x0e, 0x0f, 0x09, 0x07, 0x0b, 0x0f, 0x0c, 0x22, 0x09, 0x0f, 0x05, 0x38, 0x0a, 0x0f,
    0x04, 0xc2, 0x01, 0x02, 0x37, 0x06, 0x0f, 0x06, 0x22, 0x03, 0x0a, 0x0d, 0x0f, 0x0f, 0x0f, 0x0f,
    0x06, 0xc2, 0x04, 0x0f, 0x0e, 0x07, 0x05, 0x04, 0x08, 0x0f, 0x06, 0xc2, 0x0b, 0x0f, 0x02, 0x38,
    0x06, 0x0f, 0x06, 0xc2, 0x0e, 0x0e, 0x37, 0x07, 0x0f, 0x06, 0xc2, 0x0c, 0x0f, 0x03, 0x51, 0x02,
    0x0d, 0x0f, 0x06, 0xc2, 0x06, 0x0f, 0x0e, 0x0a, 0x0a, 0x0e, 0x0e, 0x0f, 0x07, 0x22, 0x06, 0x0d,
    0x0f, 0x0e, 0x08, 0x04, 0x0f, 0x0a, 0x00, 0xd2, 0x08, 0x0a, 0x1a, 0x0e, 0x0f, 0x02, 0xdf, 0x02,
    0x03, 0x10, 0x0d, 0x31, 0x08, 0x0e, 0x09, 0xdf, 0x01, 0x04, 0x0f, 0x05, 0x00, 0x28, 0x03, 0x0a,
    0x0f, 0x04, 0x00, 0x28, 0x06, 0x0e, 0x02, 0x1f, 0x07, 0x0f, 0x08, 0xdf, 0x0d, 0x0f, 0x0e, 0x00,
    0x28, 0x04, 0x0f, 0x0c, 0x0f, 0x05, 0x28, 0x0a, 0x0f, 0x02, 0x0e, 0x0b, 0xdd, 0x01, 0x0f, 0x0b,
    0x00, 0x0a, 0x0f, 0x02, 0xb8, 0x06, 0x0f, 0x05, 0x00, 0x04, 0x0f, 0x07, 0xb8, 0x0c, 0x0e, 0x38,
    0x0d, 0x0d, 0x22, 0x03, 0x0f, 0x09, 0x38, 0x08, 0x0f, 0x04, 0xc2, 0x09, 0x0f, 0x0b, 0x08, 0x08,
    0x08, 0x0a, 0x0f, 0x0a, 0x55, 0x01, 0x0e, 0x0f, 0x0f, 0x0f, 0x0f, 0x0f, 0x0f, 0x0f, 0x0f, 0x01,
    0x2c, 0x05, 0x0f, 0x07, 0x18, 0x06, 0x0f, 0x07, 0x2c, 0x0b, 0x0f, 0x02, 0x18, 0x01, 0x0f, 0x0c,
    0x19, 0x02, 0x0f, 0x0b, 0x4c, 0x0a, 0x0f, 0x03, 0x41, 0x08, 0x0f, 0x06, 0x4c, 0x05, 0x0f, 0x09,
    0x10, 0x0b, 0xa6, 0x04, 0x06, 0x02, 0xdf, 0x05, 0x0b, 0x0e, 0x03, 0xdf, 0x02, 0x0f, 0x06, 0x00,
    0x28, 0x06, 0x0f, 0x0a, 0x01, 0x00, 0x28, 0x03, 0x07, 0xcb, 0x02, 0x09, 0x0e, 0x0f, 0x0e, 0x09,
    0x01, 0x22, 0x02, 0x0e, 0x0f, 0x09, 0x07, 0x0b, 0x0f, 0x0c, 0x22, 0x09, 0x0f, 0x05, 0x38, 0x0a,
    0x0f, 0x04, 0xc2, 0x01, 0x02, 0x37, 0x06, 0x0f, 0x06, 0x22, 0x03, 0x0a, 0x0d, 0x0f, 0x0f, 0x0f,
    0x0f, 0x06, 0xc2, 0x04, 0x0f, 0x0e, 0x07, 0x05, 0x04, 0x08, 0x0f, 0x06, 0xc2, 0x0b, 0x0f, 0x02,
    0x38, 0x06, 0x0f, 0x06, 0xc2, 0x0e, 0x0e, 0x37, 0x07, 0x0f, 0x06, 0xc2, 0x0c, 0x0f, 0x03, 0x51,
    0x02, 0x0d, 0x0f, 0x06, 0xc2, 0x06, 0x0f, 0x0e, 0x0a, 0x0a, 0x0e, 0x0e, 0x0f, 0x07, 0x22, 0x06,
    0x0d, 0x0f, 0x0e, 0x08, 0x04, 0x0f, 0x0a, 0x10, 0x0d, 0x34, 0x05, 0x0f, 0x08, 0xdf, 0x0c, 0x0d,
    0xb8, 0x08, 0x0f, 0x0c, 0x01, 0x04, 0x0f, 0x03, 0x22, 0x08, 0x0f, 0x07, 0x0e, 0x0c, 0x01, 0xb8,
    0x07, 0x0f, 0x07, 0x00, 0x03, 0x0e, 0x0b, 0x51, 0xd2, 0x07, 0x0f, 0x08, 0xdf, 0x0d, 0x0f, 0x0e,
    0x00, 0x28, 0x04, 0x0f, 0x0c, 0x0f, 0x05, 0x28, 0x0a, 0x0f, 0x02, 0x0e, 0x0b, 0xdd, 0x01, 0x0f,
    0x0b, 0x00, 0x0a, 0x0f, 0x02, 0xb8, 0x06, 0x0f, 0x05, 0x00, 0x04, 0x0f, 0x07, 0xb8, 0x0c, 0x0e,
    0x38, 0x0d, 0x0d, 0x22, 0x03, 0x0f, 0x09, 0x38, 0x08, 0x0f, 0x04, 0xc2, 0x09, 0x0f, 0x0b, 0x08,
    0x08, 0x08, 0x0a, 0x0f, 0x0a, 0x55, 0x01, 0x0e, 0x0f, 0x0f, 0x0f, 0x0f, 0x0f, 0x0f, 0x0f, 0x0f,
    0x01, 0x2c, 0x05, 0x0f, 0x07, 0x18, 0x06, 0x0f, 0x07, 0x2c, 0x0b, 0x0f, 0x02, 0x18, 0x01, 0x0f,
    0x0c, 0x19, 0x02, 0x0f, 0x0b, 0x4c, 0x0a, 0x0f, 0x03, 0x41, 0x08, 0x0f, 0x06, 0x4c, 0x05, 0x0f,
    0x09, 0x10, 0x0b, 0x45, 0x02, 0x08, 0x05, 0xdf, 0x08, 0x0f, 0x03, 0x22, 0x02, 0x08, 0x05, 0x00,
    0x01, 0x0e, 0x08, 0x22, 0x02, 0x0d, 0x0e, 0x0f, 0x05, 0x03, 0x07, 0x01, 0xc2, 0x02, 0x0d, 0x0d,
    0x01, 0x09, 0x0f, 0x05, 0xb8, 0x05, 0x08, 0x02, 0x51, 0x07, 0x07, 0xd2, 0x02, 0x09, 0x0e, 0x0f,
    0x0e, 0x09, 0x01, 0x22, 0x02, 0x0e, 0x0f, 0x09, 0x07, 0x0b, 0x0f, 0x0c, 0x22, 0x09, 0x0f, 0x05,
    0x38, 0x0a, 0x0f, 0x04, 0xc2, 0x01, 0x02, 0x37, 0x06, 0x0f, 0x06, 0x22, 0x03, 0x0a, 0x0d, 0x0f,
    0x0f, 0x0f, 0x0f, 0x06, 0xc2, 0x04, 0x0f, 0x0e, 0x07, 0x05, 0x04, 0x08, 0x0f, 0x06, 0xc2, 0x0b,
    0x0f, 0x02, 0x38, 0x06, 0x0f, 0x06, 0xc2, 0x0e, 0x0e, 0x37, 0x07, 0x0f, 0x06, 0xc2, 0x0c, 0x0f,
    0x03, 0x51, 0x02, 0x0d, 0x0f, 0x06, 0xc2, 0x06, 0x0f, 0x0e, 0x0a, 0x0a, 0x0e, 0x0e, 0x0f, 0x07,
    0x22, 0x06, 0x0d, 0x0f, 0x0e, 0x08, 0x04, 0x0f, 0x0a, 0x10, 0x0d, 0xad, 0x04, 0x0f, 0x09, 0x1a,
    0x09, 0x0f, 0x01, 0xdf, 0x01, 0x0d, 0x08, 0x00, 0x09, 0x0f, 0x0c, 0x01, 0x28, 0x08, 0x0f, 0x07,
    0x0e, 0x0b, 0xdd, 0x07, 0x0f, 0x06, 0x00, 0x03, 0x0e, 0x0a, 0x51, 0xd2, 0x07, 0x0f, 0x08, 0xdf,
    0x0d, 0x0f, 0x0e, 0x00, 0x28, 0x04, 0x0f, 0x0c, 0x0f, 0x05, 0x28, 0x0a, 0x0f, 0x02, 0x0e, 0x0b,
    0xdd, 0x01, 0x0f, 0x0b, 0x00, 0x0a, 0x0f, 0x02, 0xb8, 0x06, 0x0f, 0x05, 0x00, 0x04, 0x0f, 0x07,
    0xb8, 0x0c, 0x0e, 0x38, 0x0d, 0x0d, 0x22, 0x03, 0x0f, 0x09, 0x38, 0x08, 0x0f, 0x04, 0xc2, 0x09,
    0x0f, 0x0b, 0x08, 0x08, 0x08, 0x0a, 0x0f, 0x0a, 0x55, 0x01, 0x0e, 0x0f, 0x0f, 0x0f, 0x0f, 0x0f,
    0x0f, 0x0f, 0x0f, 0x01, 0x2c, 0x05, 0x0f, 0x07, 0x18, 0x06, 0x0f, 0x07, 0x2c, 0x0b, 0x0f, 0x02,
    0x18, 0x01, 0x0f, 0x0c, 0x19, 0x02, 0x0f, 0x0b, 0x4c, 0x0a, 0x0f, 0x03, 0x41, 0x08, 0x0f, 0x06,
    0x4c, 0x05, 0x0f, 0x09, 0x10, 0x0b, 0x46, 0x02, 0x04, 0x02, 0xdf, 0x02, 0x0e, 0x0b, 0x1a, 0x07,
    0x0f, 0x03, 0x00, 0x01, 0x04, 0x02, 0xdd, 0x0a, 0x06, 0x01, 0x0c, 0x0f, 0x0e, 0x02, 0xdd, 0x01,
    0x0b, 0x0e, 0x03, 0x0c, 0x0d, 0x02, 0xb8, 0x07, 0x0b, 0x03, 0x00, 0x01, 0x0b, 0x09, 0xd2, 0x02,
    0x09, 0x0e, 0x0f, 0x0e, 0x09, 0x01, 0x22, 0x02, 0x0e, 0x0f, 0x09, 0x07, 0x0b, 0x0f, 0x0c, 0x22,
    0x09, 0x0f, 0x05, 0x38, 0x0a, 0x0f, 0x04, 0xc2, 0x01, 0x02, 0x37, 0x06, 0x0f, 0x06, 0x22, 0x03,
    0x0a, 0x0d, 0x0f, 0x0f, 0x0f, 0x0f, 0x06, 0xc2, 0x04, 0x0f, 0x0e, 0x07, 0x05, 0x04, 0x08, 0x0f,
    0x06, 0xc2, 0x0b, 0x0f, 0x02, 0x38, 0x06, 0x0f, 0x06, 0xc2, 0x0e, 0x0e, 0x37, 0x07, 0x0f, 0x06,
    0xc2, 0x0c, 0x0f, 0x03, 0x51, 0x02, 0x0d, 0x0f, 0x06, 0xc2, 0x06, 0x0f, 0x0e, 0x0a, 0x0a, 0x0e,
    0x0e, 0x0f, 0x07, 0x22, 0x06, 0x0d, 0x0f, 0x0e, 0x08, 0x04, 0x0f, 0x0a, 0x10, 0x0d, 0x78, 0x04,
    0x03, 0x1a, 0x07, 0x0d, 0x09, 0xb8, 0x0b, 0x0f, 0x0d, 0x01, 0x06, 0x0d, 0x09, 0x22, 0x0a, 0x0e,
    0x03, 0x0c, 0x0c, 0x07, 0x05, 0x22, 0x08, 0x0e, 0x03, 0x00, 0x01, 0x0d, 0x0b, 0x51, 0xd2, 0x07,
    0x0f, 0x08, 0xdf, 0x0d, 0x0f, 0x0e, 0x00, 0x28, 0x04, 0x0f, 0x0c, 0x0f, 0x05, 0x28, 0x0a, 0x0f,
    0x02, 0x0e, 0x0b, 0xdd, 0x01, 0x0f, 0x0b, 0x00, 0x0a, 0x0f, 0x02, 0xb8, 0x06, 0x0f, 0x05, 0x00,
    0x04, 0x0f, 0x07, 0xb8, 0x0c, 0x0e, 0x38, 0x0d, 0x0d, 0x22, 0x03, 0x0f, 0x09, 0x38, 0x08, 0x0f,
    0x04, 0xc2, 0x09, 0x0f, 0x0b, 0x08, 0x08, 0x08, 0x0a, 0x0f, 0x0a, 0x55, 0x01, 0x0e, 0x0f, 0x0f,
    0x0f, 0x0f, 0x0f, 0x0f, 0x0f, 0x0f, 0x01, 0x2c, 0x05, 0x0f, 0x07, 0x18, 0x06, 0x0f, 0x07, 0x2c,
    0x0b, 0x0f, 0x02, 0x18, 0x01, 0x0f, 0x0c, 0x19, 0x02, 0x0f, 0x0b, 0x4c, 0x0a, 0x0f, 0x03, 0x41,
    0x08, 0x0f, 0x06, 0x4c, 0x05, 0x0f, 0x09, 0x10, 0x0b, 0xdb, 0x07, 0x07, 0x01, 0xb8, 0x02, 0x04,
    0x02, 0x00, 0x04, 0x0b, 0x0b, 0x22, 0x02, 0x0d, 0x0d, 0x0e, 0x03, 0x09, 0x0d, 0x06, 0xc2, 0x01,
    0x0c, 0x0c, 0x01, 0x09, 0x0e, 0x06, 0x03, 0x22, 0x07, 0x0a, 0x01, 0x51, 0x09, 0x09, 0xd2, 0x02,
    0x09, 0x0e, 0x0f, 0x0e, 0x09, 0x01, 0x22, 0x02, 0x0e, 0x0f, 0x09, 0x07, 0x0b, 0x0f, 0x0c, 0x22,
    0x09, 0x0f, 0x05, 0x38, 0x0a, 0x0f, 0x04, 0xc2, 0x01, 0x02, 0x37, 0x06, 0x0f, 0x06, 0x22, 0x03,
    0x0a, 0x0d, 0x0f, 0x0f, 0x0f, 0x0f, 0x06, 0xc2, 0x04, 0x0f, 0x0e, 0x07, 0x05, 0x04, 0x08, 0x0f,
    0x06, 0xc2, 0x0b, 0x0f, 0x02, 0x38, 0x06, 0x0f, 0x06, 0xc2, 0x0e, 0x0e, 0x37, 0x07, 0x0f, 0x06,
    0xc2, 0x0c, 0x0f, 0x03, 0x51, 0x02, 0x0d, 0x0f, 0x06, 0xc2, 0x06, 0x0f, 0x0e, 0x0a, 0x0a, 0x0e,
    0x0e, 0x0f, 0x07, 0x22, 0x06, 0x0d, 0x0f, 0x0e, 0x08, 0x04, 0x0f, 0x0a, 0x10, 0x0d, 0x91, 0x03,
    0x0a, 0x05, 0x00, 0x07, 0x01, 0xdd, 0x0c, 0x06, 0x0b, 0x0c, 0x0c, 0x28, 0x03, 0x51, 0x04, 0x01,
    0x28, 0x01, 0x0a, 0x0d, 0x0c, 0x03, 0xdd, 0x05, 0x0d, 0x07, 0x00, 0x05, 0x0d, 0x07, 0x51, 0xd2,
    0x07, 0x0f, 0x08, 0xdf, 0x0d, 0x0f, 0x0e, 0x00, 0x28, 0x04, 0x0f, 0x0c, 0x0f, 0x05, 0x28, 0x0a,
    0x0f, 0x02, 0x0e, 0x0b, 0xdd, 0x01, 0x0f, 0x0b, 0x00, 0x0a, 0x0f, 0x02, 0xb8, 0x06, 0x0f, 0x05,
    0x00, 0x04, 0x0f, 0x07, 0xb8, 0x0c, 0x0e, 0x38, 0x0d, 0x0d, 0x22, 0x03, 0x0f, 0x09, 0x38, 0x08,
    0x0f, 0x04, 0xc2, 0x09, 0x0f, 0x0b, 0x08, 0x08, 0x08, 0x0a, 0x0f, 0x0a, 0x55, 0x01, 0x0e, 0x0f,
    0x0f, 0x0f, 0x0f, 0x0f, 0x0f, 0x0f, 0x0f, 0x01, 0x2c, 0x05, 0x0f, 0x07, 0x18, 0x06, 0x0f, 0x07,
    0x2c, 0x0b, 0x0f, 0x02, 0x18, 0x01, 0x0f, 0x0c, 0x19, 0x02, 0x0f, 0x0b, 0x4c, 0x0a, 0x0f, 0x03,
    0x41, 0x08, 0x0f, 0x06, 0x4c, 0x05, 0x0f, 0x09, 0x10, 0x0b, 0x83, 0x03, 0x0a, 0x05, 0x00, 0x07,
    0x01, 0xdd, 0x0c, 0x06, 0x0b, 0x0c, 0x0c, 0x28, 0x03, 0x51, 0x04, 0x01, 0x28, 0x01, 0x0a, 0x0d,
    0x0c, 0x03, 0xdd, 0x05, 0x0d, 0x07, 0x00, 0x05, 0x0d, 0x07, 0xd2, 0x02, 0x09, 0x0e, 0x0f, 0x0e,
    0x09, 0x01, 0x22, 0x02, 0x0e, 0x0f, 0x09, 0x07, 0x0b, 0x0f, 0x0c, 0x22, 0x09, 0x0f, 0x05, 0x38,
    0x0a, 0x0f, 0x04, 0xc2, 0x01, 0x02, 0x37, 0x06, 0x0f, 0x06, 0x22, 0x03, 0x0a, 0x0d, 0x0f, 0x0f,
    0x0f, 0x0f, 0x06, 0xc2, 0x04, 0x0f, 0x0e, 0x07, 0x05, 0x04, 0x08, 0x0f, 0x06, 0xc2, 0x0b, 0x0f,
    0x02, 0x38, 0x06, 0x0f, 0x06, 0xc2, 0x0e, 0x0e, 0x37, 0x07, 0x0f, 0x06, 0xc2, 0x0c, 0x0f, 0x03,
    0x51, 0x02, 0x0d, 0x0f, 0x06, 0xc2, 0x06, 0x0f, 0x0e, 0x0a, 0x0a, 0x0e, 0x0e, 0x0f, 0x07, 0x22,
    0x06, 0x0d, 0x0f, 0x0e, 0x08, 0x04, 0x0f, 0x0a, 0x10, 0x0d, 0xa9, 0x06, 0x0f, 0x08, 0x00, 0x28,
    0x03, 0x0f, 0x08, 0x0f, 0x06, 0xdd, 0x02, 0x0e, 0x08, 0x00, 0x05, 0x0f, 0x04, 0x51, 0xd2, 0x07,
    0x0f, 0x08, 0xdf, 0x0d, 0x0f, 0x0e, 0x00, 0x28, 0x04, 0x0f, 0x0c, 0x0f, 0x05, 0x28, 0x0a, 0x0f,
    0x02, 0x0e, 0x0b, 0xdd, 0x01, 0x0f, 0x0b, 0x00, 0x0a, 0x0f, 0x02, 0xb8, 0x06, 0x0f, 0x05, 0x00,
    0x04, 0x0f, 0x07, 0xb8, 0x0c, 0x0e, 0x38, 0x0d, 0x0d, 0x22, 0x03, 0x0f, 0x09, 0x38, 0x08, 0x0f,
    0x04, 0xc2, 0x09, 0x0f, 0x0b, 0x08, 0x08, 0x08, 0x0a, 0x0f, 0x0a, 0x55, 0x01, 0x0e, 0x0f, 0x0f,
    0x0f, 0x0f, 0x0f, 0x0f, 0x0f, 0x0f, 0x01, 0x2c, 0x05, 0x0f, 0x07, 0x18, 0x06, 0x0f, 0x07, 0x2c,
    0x0b, 0x0f, 0x02, 0x18, 0x01, 0x0f, 0x0c, 0x19, 0x02, 0x0f, 0x0b, 0x4c, 0x0a, 0x0f, 0x03, 0x41,
    0x08, 0x0f, 0x06, 0x4c, 0x05, 0x0f, 0x09, 0xd2, 0x08, 0x0a, 0x1a, 0x0e, 0x0f, 0x02, 0xdf, 0x02,
    0x03, 0x10, 0x0b, 0x38, 0xa4, 0x01, 0x08, 0x03, 0xdf, 0x0b, 0x0e, 0x0d, 0x01, 0x28, 0x09, 0x0d,
    0x01, 0x0b, 0x0c, 0xdd, 0x02, 0x08, 0x03, 0x00, 0x01, 0x07, 0x03, 0xd2, 0x02, 0x09, 0x0e, 0x0f,
    0x0e, 0x09, 0x01, 0x22, 0x02, 0x0e, 0x0f, 0x09, 0x07, 0x0b, 0x0f, 0x0c, 0x22, 0x09, 0x0f, 0x05,
    0x38, 0x0a, 0x0f, 0x04, 0xc2, 0x01, 0x02, 0x37, 0x06, 0x0f, 0x06, 0x22, 0x03, 0x0a, 0x0d, 0x0f,
    0x0f, 0x0f, 0x0f, 0x06, 0xc2, 0x04, 0x0f, 0x0e, 0x07, 0x05, 0x04, 0x08, 0x0f, 0x06, 0xc2, 0x0b,
    0x0f, 0x02, 0x38, 0x06, 0x0f, 0x06, 0xc2, 0x0e, 0x0e, 0x37, 0x07, 0x0f, 0x06, 0xc2, 0x0c, 0x0f,
    0x03, 0x51, 0x02, 0x0d, 0x0f, 0x06, 0xc2, 0x06, 0x0f, 0x0e, 0x0a, 0x0a, 0x0e, 0x0e, 0x0f, 0x07,
    0x22, 0x06, 0x0d, 0x0f, 0x0e, 0x08, 0x04, 0x0f, 0x0a, 0x00, 0xd2, 0x08, 0x0a, 0x1a, 0x0e, 0x0f,
    0x02, 0xdf, 0x02, 0x03, 0x10, 0x0d, 0x56, 0x08, 0x0c, 0x01, 0x00, 0x28, 0x02, 0x0d, 0x02, 0x28,
    0x0a, 0x0c, 0x51, 0x05, 0x0f, 0x02, 0xb8, 0x06, 0x0f, 0x03, 0x00, 0x0b, 0x0c, 0x28, 0x07, 0x0e,
    0x0e, 0x0b, 0x02, 0xcb, 0x07, 0x0f, 0x08, 0xdf, 0x0d, 0x0f, 0x0e, 0x00, 0x28, 0x04, 0x0f, 0x0c,
    0x0f, 0x05, 0x28, 0x0a, 0x0f, 0x02, 0x0e, 0x0b, 0xdd, 0x01, 0x0f, 0x0b, 0x00, 0x0a, 0x0f, 0x02,
    0xb8, 0x06, 0x0f, 0x05, 0x00, 0x04, 0x0f, 0x07, 0xb8, 0x0c, 0x0e, 0x38, 0x0d, 0x0d, 0x22, 0x03,
    0x0f, 0x09, 0x38, 0x08, 0x0f, 0x04, 0xc2, 0x09, 0x0f, 0x0b, 0x08, 0x08, 0x08, 0x0a, 0x0f, 0x0a,
    0x55, 0x01, 0x0e, 0x0f, 0x0f, 0x0f, 0x0f, 0x0f, 0x0f, 0x0f, 0x0f, 0x01, 0x2c, 0x05, 0x0f, 0x07,
    0x18, 0x06, 0x0f, 0x07, 0x2c, 0x0b, 0x0f, 0x02, 0x18, 0x01, 0x0f, 0x0c, 0x19, 0x02, 0x0f, 0x0b,
    0x4c, 0x0a, 0x0f, 0x03, 0x41, 0x08, 0x0f, 0x06, 0x4c, 0x05, 0x0f, 0x09, 0x10, 0x0b, 0xa9, 0x01,
    0x04, 0x01, 0xdf, 0x0a, 0x0a, 0x28, 0x03, 0x03, 0x02, 0x0a, 0x02, 0x04, 0x01, 0xb8, 0x0a, 0x0d,
    0x51, 0x06, 0x0f, 0x01, 0xb8, 0x03, 0x0f, 0x06, 0x03, 0x0d, 0x0a, 0x28, 0x04, 0x0a, 0x0b, 0x07,
    0x01, 0x00, 0xd2, 0x02, 0x09, 0x0e, 0x0f, 0x0e, 0x09, 0x01, 0x22, 0x02, 0x0e, 0x0f, 0x09, 0x07,
    0x0b, 0x0f, 0x0c, 0x22, 0x09, 0x0f, 0x05, 0x38, 0x0a, 0x0f, 0x04, 0xc2, 0x01, 0x02, 0x37, 0x06,
    0x0f, 0x06, 0x22, 0x03, 0x0a, 0x0d, 0x0f, 0x0f, 0x0f, 0x0f, 0x06, 0xc2, 0x04, 0x0f, 0x0e, 0x07,
    0x05, 0x04, 0x08, 0x0f, 0x06, 0xc2, 0x0b, 0x0f, 0x02, 0x38, 0x06, 0x0f, 0x06, 0xc2, 0x0e, 0x0e,
    0x37, 0x07, 0x0f, 0x06, 0xc2, 0x0c, 0x0f, 0x03, 0x51, 0x02, 0x0d, 0x0f, 0x06, 0xc2, 0x06, 0x0f,
    0x0e, 0x0a, 0x0a, 0x0e, 0x0e, 0x0f, 0x07, 0x22, 0x06, 0x0d, 0x0f, 0x0e, 0x08, 0x04, 0x0f, 0x0a,
    0x10, 0x0d, 0x44, 0x04, 0x0e, 0x02, 0x1a, 0x07, 0x0a, 0xcb, 0x0a, 0x0c, 0x51, 0x05, 0x0f, 0x02,
    0xb8, 0x06, 0x0f, 0x03, 0x00, 0x0b, 0x0c, 0x28, 0x07, 0x0e, 0x0e, 0x0b, 0x02, 0xcb, 0x07, 0x0f,
    0x08, 0xdf, 0x0d, 0x0f, 0x0e, 0x00, 0x28, 0x04, 0x0f, 0x0c, 0x0f, 0x05, 0x28, 0x0a, 0x0f, 0x02,
    0x0e, 0x0b, 0xdd, 0x01, 0x0f, 0x0b, 0x00, 0x0a, 0x0f, 0x02, 0xb8, 0x06, 0x0f, 0x05, 0x00, 0x04,
    0x0f, 0x07, 0xb8, 0x0c, 0x0e, 0x38, 0x0d, 0x0d, 0x22, 0x03, 0x0f, 0x09, 0x38, 0x08, 0x0f, 0x04,
    0xc2, 0x09, 0x0f, 0x0b, 0x08, 0x08, 0x08, 0x0a, 0x0f, 0x0a, 0x55, 0x01, 0x0e, 0x0f, 0x0f, 0x0f,
    0x0f, 0x0f, 0x0f, 0x0f, 0x0f, 0x01, 0x2c, 0x05, 0x0f, 0x07, 0x18, 0x06, 0x0f, 0x07, 0x2c, 0x0b,
    0x0f, 0x02, 0x18, 0x01, 0x0f, 0x0c, 0x19, 0x02, 0x0f, 0x0b, 0x4c, 0x0a, 0x0f, 0x03, 0x41, 0x08,
    0x0f, 0x06, 0x4c, 0x05, 0x0f, 0x09, 0x10, 0x0b, 0x94, 0x02, 0x03, 0x1a, 0x02, 0x0e, 0x03, 0x1a,
    0x04, 0x08, 0x00, 0x28, 0x03, 0x03, 0x51, 0x01, 0x04, 0x01, 0xb8, 0x0a, 0x0d, 0x51, 0x06, 0x0f,
    0x01, 0xb8, 0x03, 0x0f, 0x06, 0x03, 0x0d, 0x0a, 0x28, 0x04, 0x0a, 0x0b, 0x07, 0x01, 0x00, 0xd2,
    0x02, 0x09, 0x0e, 0x0f, 0x0e, 0x09, 0x01, 0x22, 0x02, 0x0e, 0x0f, 0x09, 0x07, 0x0b, 0x0f, 0x0c,
    0x22, 0x09, 0x0f, 0x05, 0x38, 0x0a, 0x0f, 0x04, 0xc2, 0x01, 0x02, 0x37, 0x06, 0x0f, 0x06, 0x22,
    0x03, 0x0a, 0x0d, 0x0f, 0x0f, 0x0f, 0x0f, 0x06, 0xc2, 0x04, 0x0f, 0x0e, 0x07, 0x05, 0x04, 0x08,
    0x0f, 0x06, 0xc2, 0x0b, 0x0f, 0x02, 0x38, 0x06, 0x0f, 0x06, 0xc2, 0x0e, 0x0e, 0x37, 0x07, 0x0f,
    0x06, 0xc2, 0x0c, 0x0f, 0x03, 0x51, 0x02, 0x0d, 0x0f, 0x06, 0xc2, 0x06, 0x0f, 0x0e, 0x0a, 0x0a,
    0x0e, 0x0e, 0x0f, 0x07, 0x22, 0x06, 0x0d, 0x0f, 0x0e, 0x08, 0x04, 0x0f, 0x0a, 0x10, 0x0d, 0x2d,
    0x07, 0x0d, 0x09, 0x01, 0x00, 0x28, 0x01, 0x06, 0x0f, 0x03, 0x00, 0x28, 0x06, 0x0e, 0x03, 0x28,
    0x0a, 0x0b, 0x51, 0x08, 0x0e, 0xdd, 0x06, 0x0f, 0x02, 0x01, 0x0c, 0x0a, 0x28, 0x08, 0x0e, 0x0e,
    0x0a, 0x01, 0xcb, 0x07, 0x0f, 0x08, 0xdf, 0x0d, 0x0f, 0x0e, 0x00, 0x28, 0x04, 0x0f, 0x0c, 0x0f,
    0x05, 0x28, 0x0a, 0x0f, 0x02, 0x0e, 0x0b, 0xdd, 0x01, 0x0f, 0x0b, 0x00, 0x0a, 0x0f, 0x02, 0xb8,
    0x06, 0x0f, 0x05, 0x00, 0x04, 0x0f, 0x07, 0xb8, 0x0c, 0x0e, 0x38, 0x0d, 0x0d, 0x22, 0x03, 0x0f,
    0x09, 0x38, 0x08, 0x0f, 0x04, 0xc2, 0x09, 0x0f, 0x0b, 0x08, 0x08, 0x08, 0x0a, 0x0f, 0x0a, 0x55,
    0x01, 0x0e, 0x0f, 0x0f, 0x0f, 0x0f, 0x0f, 0x0f, 0x0f, 0x0f, 0x01, 0x2c, 0x05, 0x0f, 0x07, 0x18,
    0x06, 0x0f, 0x07, 0x2c, 0x0b, 0x0f, 0x02, 0x18, 0x01, 0x0f, 0x0c, 0x19, 0x02, 0x0f, 0x0b, 0x4c,
    0x0a, 0x0f, 0x03, 0x41, 0x08, 0x0f, 0x06, 0x4c, 0x05, 0x0f, 0x09, 0x10, 0x0b, 0x9f, 0x04, 0x06,
    0x02, 0xdf, 0x03, 0x07, 0x0f, 0x03, 0x00, 0x28, 0x05, 0x0c, 0x0b, 0x01, 0xdd, 0x05, 0x05, 0x03,
    0x06, 0x03, 0x07, 0xdd, 0x09, 0x0d, 0x51, 0x09, 0x0d, 0xdd, 0x02, 0x0e, 0x09, 0x07, 0x0e, 0x05,
    0x28, 0x01, 0x06, 0x07, 0x03, 0x51, 0xd2, 0x02, 0x09, 0x0e, 0x0f, 0x0e, 0x09, 0x01, 0x22, 0x02,
    0x0e, 0x0f, 0x09, 0x07, 0x0b, 0x0f, 0x0c, 0x22, 0x09, 0x0f, 0x05, 0x38, 0x0a, 0x0f, 0x04, 0xc2,
    0x01, 0x02, 0x37, 0x06, 0x0f, 0x06, 0x22, 0x03, 0x0a, 0x0d, 0x0f, 0x0f, 0x0f, 0x0f, 0x06, 0xc2,
    0x04, 0x0f, 0x0e, 0x07, 0x05, 0x04, 0x08, 0x0f, 0x06, 0xc2, 0x0b, 0x0f, 0x02, 0x38, 0x06, 0x0f,
    0x06, 0xc2, 0x0e, 0x0e, 0x37, 0x07, 0x0f, 0x06, 0xc2, 0x0c, 0x0f, 0x03, 0x51, 0x02, 0x0d, 0x0f,
    0x06, 0xc2, 0x06, 0x0f, 0x0e, 0x0a, 0x0a, 0x0e, 0x0e, 0x0f, 0x07, 0x22, 0x06, 0x0d, 0x0f, 0x0e,
    0x08, 0x04, 0x0f, 0x0a, 0x10, 0x0d, 0x73, 0x01, 0x0c, 0x0e, 0x07, 0x03, 0x0d, 0xdd, 0x05, 0x09,
    0x03, 0x0b, 0x0e, 0x06, 0x00, 0xd2, 0x09, 0x0d, 0x01, 0x00, 0x09, 0x0e, 0xdd, 0x01, 0x0a, 0x0e,
    0x0e, 0x0c, 0x04, 0xcb, 0x07, 0x0f, 0x08, 0xdf, 0x0d, 0x0f, 0x0e, 0x00, 0x28, 0x04, 0x0f, 0x0c,
    0x0f, 0x05, 0x28, 0x0a, 0x0f, 0x02, 0x0e, 0x0b, 0xdd, 0x01, 0x0f, 0x0b, 0x00, 0x0a, 0x0f, 0x02,
    0xb8, 0x06, 0x0f, 0x05, 0x00, 0x04, 0x0f, 0x07, 0xb8, 0x0c, 0x0e, 0x38, 0x0d, 0x0d, 0x22, 0x03,
    0x0f, 0x09, 0x38, 0x08, 0x0f, 0x04, 0xc2, 0x09, 0x0f, 0x0b, 0x08, 0x08, 0x08, 0x0a, 0x0f, 0x0a,
    0x55, 0x01, 0x0e, 0x0f, 0x0f, 0x0f, 0x0f, 0x0f, 0x0f, 0x0f, 0x0f, 0x01, 0x2c, 0x05, 0x0f, 0x07,
    0x18, 0x06, 0x0f, 0x07, 0x2c, 0x0b, 0x0f, 0x02, 0x18, 0x01, 0x0f, 0x0c, 0x19, 0x02, 0x0f, 0x0b,
    0x4c, 0x0a, 0x0f, 0x03, 0x41, 0x08, 0x0f, 0x06, 0x4c, 0x05, 0x0f, 0x09, 0x10, 0x0b, 0x51, 0xaf,
    0x04, 0x07, 0x01, 0x00, 0x07, 0xdd, 0x03, 0x0d, 0x0a, 0x0d, 0x0b, 0x0b, 0xdd, 0x03, 0x04, 0x00,
    0x04, 0x07, 0x01, 0xdd, 0x05, 0x06, 0x51, 0x03, 0x08, 0xdd, 0x05, 0x0f, 0x08, 0x07, 0x0d, 0x0a,
    0x28, 0x03, 0x07, 0x07, 0x05, 0x51, 0xd2, 0x02, 0x09, 0x0e, 0x0f, 0x0e, 0x09, 0x01, 0x22, 0x02,
    0x0e, 0x0f, 0x09, 0x07, 0x0b, 0x0f, 0x0c, 0x22, 0x09, 0x0f, 0x05, 0x38, 0x0a, 0x0f, 0x04, 0xc2,
    0x01, 0x02, 0x37, 0x06, 0x0f, 0x06, 0x22, 0x03, 0x0a, 0x0d, 0x0f, 0x0f, 0x0f, 0x0f, 0x06, 0xc2,
    0x04, 0x0f, 0x0e, 0x07, 0x05, 0x04, 0x08, 0x0f, 0x06, 0xc2, 0x0b, 0x0f, 0x02, 0x38, 0x06, 0x0f,
    0x06, 0xc2, 0x0e, 0x0e, 0x37, 0x07, 0x0f, 0x06, 0xc2, 0x0c, 0x0f, 0x03, 0x51, 0x02, 0x0d, 0x0f,
    0x06, 0xc2, 0x06, 0x0f, 0x0e, 0x0a, 0x0a, 0x0e, 0x0e, 0x0f, 0x07, 0x22, 0x06, 0x0d, 0x0f, 0x0e,
    0x08, 0x04, 0x0f, 0x0a, 0x10, 0x0d, 0x51, 0xaf, 0x0a, 0x0c, 0x51, 0x06, 0x0f, 0x01, 0xb8, 0x06,
    0x0f, 0x05, 0x03, 0x0c, 0x0b, 0x28, 0x08, 0x0e, 0x0f, 0x0b, 0x02, 0xcb, 0x07, 0x0f, 0x08, 0xdf,
    0x0d, 0x0f, 0x0e, 0x00, 0x28, 0x04, 0x0f, 0x0c, 0x0f, 0x05, 0x28, 0x0a, 0x0f, 0x02, 0x0e, 0x0b,
    0xdd, 0x01, 0x0f, 0x0b, 0x00, 0x0a, 0x0f, 0x02, 0xb8, 0x06, 0x0f, 0x05, 0x00, 0x04, 0x0f, 0x07,
    0xb8, 0x0c, 0x0e, 0x38, 0x0d, 0x0d, 0x22, 0x03, 0x0f, 0x09, 0x38, 0x08, 0x0f, 0x04, 0xc2, 0x09,
    0x0f, 0x0b, 0x08, 0x08, 0x08, 0x0a, 0x0f, 0x0a, 0x55, 0x01, 0x0e, 0x0f, 0x0f, 0x0f, 0x0f, 0x0f,
    0x0f, 0x0f, 0x0f, 0x01, 0x2c, 0x05, 0x0f, 0x07, 0x18, 0x06, 0x0f, 0x07, 0x2c, 0x0b, 0x0f, 0x02,
    0x18, 0x01, 0x0f, 0x0c, 0x19, 0x02, 0x0f, 0x0b, 0x4c, 0x0a, 0x0f, 0x03, 0x41, 0x08, 0x0f, 0x06,
    0x4c, 0x05, 0x0f, 0x09, 0xd2, 0x08, 0x0a, 0x1a, 0x0e, 0x0f, 0x02, 0xdf, 0x02, 0x03, 0x10, 0x0b,
    0x51, 0xa4, 0x03, 0x03, 0x51, 0x01, 0x04, 0xdd, 0x0a, 0x0d, 0x51, 0x07, 0x0f, 0x01, 0xb8, 0x04,
    0x0f, 0x09, 0x07, 0x0e, 0x09, 0x28, 0x04, 0x0a, 0x0b, 0x07, 0x00, 0xd2, 0x02, 0x09, 0x0e, 0x0f,
    0x0e, 0x09, 0x01, 0x22, 0x02, 0x0e, 0x0f, 0x09, 0x07, 0x0b, 0x0f, 0x0c, 0x22, 0x09, 0x0f, 0x05,
    0x38, 0x0a, 0x0f, 0x04, 0xc2, 0x01, 0x02, 0x37, 0x06, 0x0f, 0x06, 0x22, 0x03, 0x0a, 0x0d, 0x0f,
    0x0f, 0x0f, 0x0f, 0x06, 0xc2, 0x04, 0x0f, 0x0e, 0x07, 0x05, 0x04, 0x08, 0x0f, 0x06, 0xc2, 0x0b,
    0x0f, 0x02, 0x38, 0x06, 0x0f, 0x06, 0xc2, 0x0e, 0x0e, 0x37, 0x07, 0x0f, 0x06, 0xc2, 0x0c, 0x0f,
    0x03, 0x51, 0x02, 0x0d, 0x0f, 0x06, 0xc2, 0x06, 0x0f, 0x0e, 0x0a, 0x0a, 0x0e, 0x0e, 0x0f, 0x07,
    0x22, 0x06, 0x0d, 0x0f, 0x0e, 0x08, 0x04, 0x0f, 0x0a, 0x00, 0xd2, 0x08, 0x0a, 0x1a, 0x0e, 0x0f,
    0x02, 0xdf, 0x02, 0x03, 0x10, 0x0b, 0x00, 0x7d, 0x05, 0x0f, 0x0f, 0x0f, 0x0f, 0x0f, 0x0f, 0x0f,
    0x0f, 0x09, 0x55, 0x05, 0x0f, 0x0c, 0x08, 0x08, 0x08, 0x08, 0x08, 0x08, 0x05, 0x55, 0x05, 0x0f,
    0x08, 0xdf, 0x05, 0x0f, 0x08, 0xdf, 0x05, 0x0f, 0x08, 0xdf, 0x05, 0x0f, 0x08, 0xdf, 0x05, 0x0f,
    0x0c, 0x08, 0x08, 0x08, 0x08, 0x08, 0x06, 0xc2, 0x05, 0x0f, 0x0f, 0x0f, 0x0f, 0x0f, 0x0f, 0x0f,
    0x0a, 0xc2, 0x05, 0x0f, 0x08, 0xdf, 0x05, 0x0f, 0x08, 0xdf, 0x05, 0x0f, 0x08, 0xdf, 0x05, 0x0f,
    0x08, 0xdf, 0x05, 0x0f, 0x0c, 0x08, 0x08, 0x08, 0x08, 0x08, 0x08, 0x06, 0x55, 0x05, 0x0f, 0x0f,
    0x0f, 0x0f, 0x0f, 0x0f, 0x0f, 0x0f, 0x0a, 0x00, 0xd2, 0x08, 0x0a, 0x1a, 0x0e, 0x0f, 0x02, 0xdf,
    0x02, 0x03, 0x10, 0x0b, 0x37, 0x7e, 0x07, 0x0d, 0x0f, 0x0e, 0x09, 0x01, 0xb8, 0x0a, 0x0f, 0x0b,
    0x08, 0x0a, 0x0f, 0x0c, 0x22, 0x06, 0x0f, 0x08, 0x38, 0x08, 0x0f, 0x06, 0xc2, 0x0c, 0x0f, 0x01,
    0x38, 0x01, 0x0f, 0x0a, 0x55, 0x01, 0x0f, 0x0e, 0x07, 0x07, 0x07, 0x07, 0x07, 0x0f, 0x0d, 0x55,
    0x01, 0x0f, 0x0f, 0x0f, 0x0f, 0x0f, 0x0f, 0x0f, 0x0f, 0x0d, 0x55, 0x01, 0x0f, 0x0c, 0x1a, 0x0d,
    0x0f, 0x01, 0xdf, 0x07, 0x0f, 0x09, 0x38, 0x01, 0x0a, 0x04, 0x22, 0x0c, 0x0f, 0x0c, 0x08, 0x08,
    0x0d, 0x0f, 0x04, 0xb8, 0x07, 0x0d, 0x0f, 0x0e, 0x0b, 0x03, 0x51, 0xd2, 0x08, 0x0a, 0x1a, 0x0e,
    0x0f, 0x02, 0xdf, 0x02, 0x03, 0x10, 0x0b, 0xab, 0x02, 0x02, 0x1a, 0x07, 0x0e, 0x0c, 0x01, 0xdf,
    0x01, 0x0f, 0x06, 0x00, 0x28, 0x04, 0x0d, 0x0d, 0x02, 0x00, 0x28, 0x04, 0x0b, 0x00, 0xd2, 0x05,
    0x0f, 0x0f, 0x0f, 0x0f, 0x0f, 0x0f, 0x0f, 0x0f, 0x09, 0x55, 0x05, 0x0f, 0x0c, 0x08, 0x08, 0x08,
    0x08, 0x08, 0x08, 0x05, 0x55, 0x05, 0x0f, 0x08, 0xdf, 0x05, 0x0f, 0x08, 0xdf, 0x05, 0x0f, 0x08,
    0xdf, 0x05, 0x0f, 0x08, 0xdf, 0x05, 0x0f, 0x0c, 0x08, 0x08, 0x08, 0x08, 0x08, 0x06, 0xc2, 0x05,
    0x0f, 0x0f, 0x0f, 0x0f, 0x0f, 0x0f, 0x0f, 0x0a, 0xc2, 0x05, 0x0f, 0x08, 0xdf, 0x05, 0x0f, 0x08,
    0xdf, 0x05, 0x0f, 0x08, 0xdf, 0x05, 0x0f, 0x08, 0xdf, 0x05, 0x0f, 0x0c, 0x08, 0x08, 0x08, 0x08,
    0x08, 0x08, 0x06, 0x55, 0x05, 0x0f, 0x0f, 0x0f, 0x0f, 0x0f, 0x0f, 0x0f, 0x0f, 0x0a, 0x10, 0x0b,
    0xa6, 0x04, 0x06, 0x02, 0xdf, 0x05, 0x0b, 0x0e, 0x03, 0xdf, 0x02, 0x0f, 0x06, 0x00, 0x28, 0x06,
    0x0f, 0x0a, 0x01, 0x00, 0x28, 0x03, 0x07, 0x1f, 0x07, 0x0d, 0x0f, 0x0e, 0x09, 0x01, 0xb8, 0x0a,
    0x0f, 0x0b, 0x08, 0x0a, 0x0f, 0x0c, 0x22, 0x06, 0x0f, 0x08, 0x38, 0x08, 0x0f, 0x06, 0xc2, 0x0c,
    0x0f, 0x01, 0x38, 0x01, 0x0f, 0x0a, 0x55, 0x01, 0x0f, 0x0e, 0x07, 0x07, 0x07, 0x07, 0x07, 0x0f,
    0x0d, 0x55, 0x01, 0x0f, 0x0f, 0x0f, 0x0f, 0x0f, 0x0f, 0x0f, 0x0f, 0x0d, 0x55, 0x01, 0x0f, 0x0c,
    0x1a, 0x0d, 0x0f, 0x01, 0xdf, 0x07, 0x0f, 0x09, 0x38, 0x01, 0x0a, 0x04, 0x22, 0x0c, 0x0f, 0x0c,
    0x08, 0x08, 0x0d, 0x0f, 0x04, 0xb8, 0x07, 0x0d, 0x0f, 0x0e, 0x0b, 0x03, 0x10, 0x0b, 0x94, 0x01,
    0x03, 0x38, 0x04, 0xb8, 0x02, 0x0e, 0x0f, 0x09, 0x00, 0x04, 0x0f, 0x01, 0x22, 0x09, 0x0c, 0x03,
    0x0c, 0x0c, 0x0d, 0x0b, 0xb8, 0x09, 0x05, 0x00, 0x01, 0x09, 0x0a, 0x02, 0x3a, 0x05, 0x0f, 0x0f,
    0x0f, 0x0f, 0x0f, 0x0f, 0x0f, 0x0f, 0x09, 0x55, 0x05, 0x0f, 0x0c, 0x08, 0x08, 0x08, 0x08, 0x08,
    0x08, 0x05, 0x55, 0x05, 0x0f, 0x08, 0xdf, 0x05, 0x0f, 0x08, 0xdf, 0x05, 0x0f, 0x08, 0xdf, 0x05,
    0x0f, 0x08, 0xdf, 0x05, 0x0f, 0x0c, 0x08, 0x08, 0x08, 0x08, 0x08, 0x06, 0xc2, 0x05, 0x0f, 0x0f,
    0x0f, 0x0f, 0x0f, 0x0f, 0x0f, 0x0a, 0xc2, 0x05, 0x0f, 0x08, 0xdf, 0x05, 0x0f, 0x08, 0xdf, 0x05,
    0x0f, 0x08, 0xdf, 0x05, 0x0f, 0x08, 0xdf, 0x05, 0x0f, 0x0c, 0x08, 0x08, 0x08, 0x08, 0x08, 0x08,
    0x06, 0x55, 0x05, 0x0f, 0x0f, 0x0f, 0x0f, 0x0f, 0x0f, 0x0f, 0x0f, 0x0a, 0x10, 0x0b, 0x51, 0xa4,
    0x04, 0x07, 0x01, 0x00, 0x01, 0x08, 0x01, 0x22, 0x04, 0x0f, 0x0e, 0x0c, 0x01, 0x05, 0x0f, 0xb8,
    0x0a, 0x0a, 0x00, 0x09, 0x0e, 0x0f, 0x09, 0xb8, 0x06, 0x03, 0x51, 0x06, 0x06, 0x51, 0xd2, 0x07,
    0x0d, 0x0f, 0x0e, 0x09, 0x01, 0xb8, 0x0a, 0x0f, 0x0b, 0x08, 0x0a, 0x0f, 0x0c, 0x22, 0x06, 0x0f,
    0x08, 0x38, 0x08, 0x0f, 0x06, 0xc2, 0x0c, 0x0f, 0x01, 0x38, 0x01, 0x0f, 0x0a, 0x55, 0x01, 0x0f,
    0x0e, 0x07, 0x07, 0x07, 0x07, 0x07, 0x0f, 0x0d, 0x55, 0x01, 0x0f, 0x0f, 0x0f, 0x0f, 0x0f, 0x0f,
    0x0f, 0x0f, 0x0d, 0x55, 0x01, 0x0f, 0x0c, 0x1a, 0x0d, 0x0f, 0x01, 0xdf, 0x07, 0x0f, 0x09, 0x38,
    0x01, 0x0a, 0x04, 0x22, 0x0c, 0x0f, 0x0c, 0x08, 0x08, 0x0d, 0x0f, 0x04, 0xb8, 0x07, 0x0d, 0x0f,
    0x0e, 0x0b, 0x03, 0x10, 0x0b, 0x78, 0x05, 0x0f, 0x08, 0xdf, 0x0c, 0x0d, 0xb8, 0x08, 0x0f, 0x0c,
    0x01, 0x04, 0x0f, 0x03, 0x22, 0x08, 0x0f, 0x07, 0x0e, 0x0c, 0x01, 0xb8, 0x07, 0x0f, 0x07, 0x00,
    0x03, 0x0e, 0x0b, 0x3a, 0x05, 0x0f, 0x0f, 0x0f, 0x0f, 0x0f, 0x0f, 0x0f, 0x0f, 0x09, 0x55, 0x05,
    0x0f, 0x0c, 0x08, 0x08, 0x08, 0x08, 0x08, 0x08, 0x05, 0x55, 0x05, 0x0f, 0x08, 0xdf, 0x05, 0x0f,
    0x08, 0xdf, 0x05, 0x0f, 0x08, 0xdf, 0x05, 0x0f, 0x08, 0xdf, 0x05, 0x0f, 0x0c, 0x08, 0x08, 0x08,
    0x08, 0x08, 0x06, 0xc2, 0x05, 0x0f, 0x0f, 0x0f, 0x0f, 0x0f, 0x0f, 0x0f, 0x0a, 0xc2, 0x05, 0x0f,
    0x08, 0xdf, 0x05, 0x0f, 0x08, 0xdf, 0x05, 0x0f, 0x08, 0xdf, 0x05, 0x0f, 0x08, 0xdf, 0x05, 0x0f,
    0x0c, 0x08, 0x08, 0x08, 0x08, 0x08, 0x08, 0x06, 0x55, 0x05, 0x0f, 0x0f, 0x0f, 0x0f, 0x0f, 0x0f,
    0x0f, 0x0f, 0x0a, 0x10, 0x0b, 0x45, 0x02, 0x08, 0x05, 0xdf, 0x08, 0x0f, 0x03, 0x22, 0x02, 0x08,
    0x05, 0x00, 0x01, 0x0e, 0x08, 0x22, 0x02, 0x0d, 0x0e, 0x0f, 0x05, 0x03, 0x07, 0x01, 0xc2, 0x02,
    0x0d, 0x0d, 0x01, 0x09, 0x0f, 0x05, 0xb8, 0x05, 0x08, 0x02, 0x51, 0x07, 0x07, 0x00, 0xd2, 0x07,
    0x0d, 0x0f, 0x0e, 0x09, 0x01, 0xb8, 0x0a, 0x0f, 0x0b, 0x08, 0x0a, 0x0f, 0x0c, 0x22, 0x06, 0x0f,
    0x08, 0x38, 0x08, 0x0f, 0x06, 0xc2, 0x0c, 0x0f, 0x01, 0x38, 0x01, 0x0f, 0x0a, 0x55, 0x01, 0x0f,
    0x0e, 0x07, 0x07, 0x07, 0x07, 0x07, 0x0f, 0x0d, 0x55, 0x01, 0x0f, 0x0f, 0x0f, 0x0f, 0x0f, 0x0f,
    0x0f, 0x0f, 0x0d, 0x55, 0x01, 0x0f, 0x0c, 0x1a, 0x0d, 0x0f, 0x01, 0xdf, 0x07, 0x0f, 0x09, 0x38,
    0x01, 0x0a, 0x04, 0x22, 0x0c, 0x0f, 0x0c, 0x08, 0x08, 0x0d, 0x0f, 0x04, 0xb8, 0x07, 0x0d, 0x0f,
    0x0e, 0x0b, 0x03, 0x10, 0x0b, 0xb5, 0x04, 0x0f, 0x09, 0x1a, 0x09, 0x0f, 0x01, 0xdf, 0x01, 0x0d,
    0x08, 0x00, 0x09, 0x0f, 0x0c, 0x01, 0x28, 0x08, 0x0f, 0x07, 0x0e, 0x0b, 0xdd, 0x07, 0x0f, 0x06,
    0x00, 0x03, 0x0e, 0x0a, 0x3a, 0x05, 0x0f, 0x0f, 0x0f, 0x0f, 0x0f, 0x0f, 0x0f, 0x0f, 0x09, 0x55,
    0x05, 0x0f, 0x0c, 0x08, 0x08, 0x08, 0x08, 0x08, 0x08, 0x05, 0x55, 0x05, 0x0f, 0x08, 0xdf, 0x05,
    0x0f, 0x08, 0xdf, 0x05, 0x0f, 0x08, 0xdf, 0x05, 0x0f, 0x08, 0xdf, 0x05, 0x0f, 0x0c, 0x08, 0x08,
    0x08, 0x08, 0x08, 0x06, 0xc2, 0x05, 0x0f, 0x0f, 0x0f, 0x0f, 0x0f, 0x0f, 0x0f, 0x0a, 0xc2, 0x05,
    0x0f, 0x08, 0xdf, 0x05, 0x0f, 0x08, 0xdf, 0x05, 0x0f, 0x08, 0xdf, 0x05, 0x0f, 0x08, 0xdf, 0x05,
    0x0f, 0x0c, 0x08, 0x08, 0x08, 0x08, 0x08, 0x08, 0x06, 0x55, 0x05, 0x0f, 0x0f, 0x0f, 0x0f, 0x0f,
    0x0f, 0x0f, 0x0f, 0x0a, 0x10, 0x0b, 0x46, 0x02, 0x04, 0x02, 0xdf, 0x02, 0x0e, 0x0b, 0x1a, 0x07,
    0x0f, 0x03, 0x00, 0x01, 0x04, 0x02, 0xdd, 0x0a, 0x06, 0x01, 0x0c, 0x0f, 0x0e, 0x02, 0xdd, 0x01,
    0x0b, 0x0e, 0x03, 0x0c, 0x0d, 0x02, 0xb8, 0x07, 0x0b, 0x03, 0x00, 0x01, 0x0b, 0x09, 0x00, 0xd2,
    0x07, 0x0d, 0x0f, 0x0e, 0x09, 0x01, 0xb8, 0x0a, 0x0f, 0x0b, 0x08, 0x0a, 0x0f, 0x0c, 0x22, 0x06,
    0x0f, 0x08, 0x38, 0x08, 0x0f, 0x06, 0xc2, 0x0c, 0x0f, 0x01, 0x38, 0x01, 0x0f, 0x0a, 0x55, 0x01,
    0x0f, 0x0e, 0x07, 0x07, 0x07, 0x07, 0x07, 0x0f, 0x0d, 0x55, 0x01, 0x0f, 0x0f, 0x0f, 0x0f, 0x0f,
    0x0f, 0x0f, 0x0f, 0x0d, 0x55, 0x01, 0x0f, 0x0c, 0x1a, 0x0d, 0x0f, 0x01, 0xdf, 0x07, 0x0f, 0x09,
    0x38, 0x01, 0x0a, 0x04, 0x22, 0x0c, 0x0f, 0x0c, 0x08, 0x08, 0x0d, 0x0f, 0x04, 0xb8, 0x07, 0x0d,
    0x0f, 0x0e, 0x0b, 0x03, 0x10, 0x0b, 0xb3, 0x04, 0x03, 0x1a, 0x07, 0x0d, 0x09, 0xb8, 0x0b, 0x0f,
    0x0d, 0x01, 0x06, 0x0d, 0x09, 0x22, 0x0a, 0x0e, 0x03, 0x0c, 0x0c, 0x07, 0x05, 0x22, 0x08, 0x0e,
    0x03, 0x00, 0x01, 0x0d, 0x0b, 0x3a, 0x05, 0x0f, 0x0f, 0x0f, 0x0f, 0x0f, 0x0f, 0x0f, 0x0f, 0x09,
    0x55, 0x05, 0x0f, 0x0c, 0x08, 0x08, 0x08, 0x08, 0x08, 0x08, 0x05, 0x55, 0x05, 0x0f, 0x08, 0xdf,
    0x05, 0x0f, 0x08, 0xdf, 0x05, 0x0f, 0x08, 0xdf, 0x05, 0x0f, 0x08, 0xdf, 0x05, 0x0f, 0x0c, 0x08,
    0x08, 0x08, 0x08, 0x08, 0x06, 0xc2, 0x05, 0x0f, 0x0f, 0x0f, 0x0f, 0x0f, 0x0f, 0x0f, 0x0a, 0xc2,
    0x05, 0x0f, 0x08, 0xdf, 0x05, 0x0f, 0x08, 0xdf, 0x05, 0x0f, 0x08, 0xdf, 0x05, 0x0f, 0x08, 0xdf,
    0x05, 0x0f, 0x0c, 0x08, 0x08, 0x08, 0x08, 0x08, 0x08, 0x06, 0x55, 0x05, 0x0f, 0x0f, 0x0f, 0x0f,
    0x0f, 0x0f, 0x0f, 0x0f, 0x0a, 0x10, 0x0b, 0xdb, 0x07, 0x07, 0x01, 0xb8, 0x02, 0x04, 0x02, 0x00,
    0x04, 0x0b, 0x0b, 0x22, 0x02, 0x0d, 0x0d, 0x0e, 0x03, 0x09, 0x0d, 0x06, 0xc2, 0x01, 0x0c, 0x0c,
    0x01, 0x09, 0x0e, 0x06, 0x03, 0x22, 0x07, 0x0a, 0x01, 0x51, 0x09, 0x09, 0x00, 0xd2, 0x07, 0x0d,
    0x0f, 0x0e, 0x09, 0x01, 0xb8, 0x0a, 0x0f, 0x0b, 0x08, 0x0a, 0x0f, 0x0c, 0x22, 0x06, 0x0f, 0x08,
    0x38, 0x08, 0x0f, 0x06, 0xc2, 0x0c, 0x0f, 0x01, 0x38, 0x01, 0x0f, 0x0a, 0x55, 0x01, 0x0f, 0x0e,
    0x07, 0x07, 0x07, 0x07, 0x07, 0x0f, 0x0d, 0x55, 0x01, 0x0f, 0x0f, 0x0f, 0x0f, 0x0f, 0x0f, 0x0f,
    0x0f, 0x0d, 0x55, 0x01, 0x0f, 0x0c, 0x1a, 0x0d, 0x0f, 0x01, 0xdf, 0x07, 0x0f, 0x09, 0x38, 0x01,
    0x0a, 0x04, 0x22, 0x0c, 0x0f, 0x0c, 0x08, 0x08, 0x0d, 0x0f, 0x04, 0xb8, 0x07, 0x0d, 0x0f, 0x0e,
    0x0b, 0x03, 0x10, 0x0b, 0x73, 0x03, 0x0a, 0x05, 0x00, 0x07, 0x01, 0xdd, 0x0c, 0x06, 0x0b, 0x0c,
    0x0c, 0x28, 0x03, 0x51, 0x04, 0x01, 0x28, 0x01, 0x0a, 0x0d, 0x0c, 0x03, 0xdd, 0x05, 0x0d, 0x07,
    0x00, 0x05, 0x0d, 0x07, 0x3a, 0x05, 0x0f, 0x0f, 0x0f, 0x0f, 0x0f, 0x0f, 0x0f, 0x0f, 0x09, 0x55,
    0x05, 0x0f, 0x0c, 0x08, 0x08, 0x08, 0x08, 0x08, 0x08, 0x05, 0x55, 0x05, 0x0f, 0x08, 0xdf, 0x05,
    0x0f, 0x08, 0xdf, 0x05, 0x0f, 0x08, 0xdf, 0x05, 0x0f, 0x08, 0xdf, 0x05, 0x0f, 0x0c, 0x08, 0x08,
    0x08, 0x08, 0x08, 0x06, 0xc2, 0x05, 0x0f, 0x0f, 0x0f, 0x0f, 0x0f, 0x0f, 0x0f, 0x0a, 0xc2, 0x05,
    0x0f, 0x08, 0xdf, 0x05, 0x0f, 0x08, 0xdf, 0x05, 0x0f, 0x08, 0xdf, 0x05, 0x0f, 0x08, 0xdf, 0x05,
    0x0f, 0x0c, 0x08, 0x08, 0x08, 0x08, 0x08, 0x08, 0x06, 0x55, 0x05, 0x0f, 0x0f, 0x0f, 0x0f, 0x0f,
    0x0f, 0x0f, 0x0f, 0x0a, 0x10, 0x0b, 0x83, 0x03, 0x0a, 0x05, 0x00, 0x07, 0x01, 0xdd, 0x0c, 0x06,
    0x0b, 0x0c, 0x0c, 0x28, 0x03, 0x51, 0x04, 0x01, 0x28, 0x01, 0x0a, 0x0d, 0x0c, 0x03, 0xdd, 0x05,
    0x0d, 0x07, 0x00, 0x05, 0x0d, 0x07, 0x00, 0xd2, 0x07, 0x0d, 0x0f, 0x0e, 0x09, 0x01, 0xb8, 0x0a,
    0x0f, 0x0b, 0x08, 0x0a, 0x0f, 0x0c, 0x22, 0x06, 0x0f, 0x08, 0x38, 0x08, 0x0f, 0x06, 0xc2, 0x0c,
    0x0f, 0x01, 0x38, 0x01, 0x0f, 0x0a, 0x55, 0x01, 0x0f, 0x0e, 0x07, 0x07, 0x07, 0x07, 0x07, 0x0f,
    0x0d, 0x55, 0x01, 0x0f, 0x0f, 0x0f, 0x0f, 0x0f, 0x0f, 0x0f, 0x0f, 0x0d, 0x55, 0x01, 0x0f, 0x0c,
    0x1a, 0x0d, 0x0f, 0x01, 0xdf, 0x07, 0x0f, 0x09, 0x38, 0x01, 0x0a, 0x04, 0x22, 0x0c, 0x0f, 0x0c,
    0x08, 0x08, 0x0d, 0x0f, 0x04, 0xb8, 0x07, 0x0d, 0x0f, 0x0e, 0x0b, 0x03, 0x10, 0x0b, 0x31, 0x04,
    0x01, 0xdf, 0x09, 0x0f, 0x0b, 0x00, 0x28, 0x06, 0x0e, 0x04, 0x0d, 0x09, 0xdd, 0x02, 0x0b, 0x05,
    0x00, 0x03, 0x0b, 0x04, 0x3a, 0x05, 0x0f, 0x0f, 0x0f, 0x0f, 0x0f, 0x0f, 0x0f, 0x0f, 0x09, 0x55,
    0x05, 0x0f, 0x0c, 0x08, 0x08, 0x08, 0x08, 0x08, 0x08, 0x05, 0x55, 0x05, 0x0f, 0x08, 0xdf, 0x05,
    0x0f, 0x08, 0xdf, 0x05, 0x0f, 0x08, 0xdf, 0x05, 0x0f, 0x08, 0xdf, 0x05, 0x0f, 0x0c, 0x08, 0x08,
    0x08, 0x08, 0x08, 0x06, 0xc2, 0x05, 0x0f, 0x0f, 0x0f, 0x0f, 0x0f, 0x0f, 0x0f, 0x0a, 0xc2, 0x05,
    0x0f, 0x08, 0xdf, 0x05, 0x0f, 0x08, 0xdf, 0x05, 0x0f, 0x08, 0xdf, 0x05, 0x0f, 0x08, 0xdf, 0x05,
    0x0f, 0x0c, 0x08, 0x08, 0x08, 0x08, 0x08, 0x08, 0x06, 0x55, 0x05, 0x0f, 0x0f, 0x0f, 0x0f, 0x0f,
    0x0f, 0x0f, 0x0f, 0x0a, 0x00, 0xd2, 0x08, 0x0a, 0x1a, 0x0e, 0x0f, 0x02, 0xdf, 0x02, 0x03, 0x10,
    0x0b, 0x38, 0xa4, 0x01, 0x08, 0x03, 0xdf, 0x0b, 0x0e, 0x0d, 0x01, 0x28, 0x09, 0x0d, 0x01, 0x0b,
    0x0c, 0xdd, 0x02, 0x08, 0x03, 0x00, 0x01, 0x07, 0x03, 0x00, 0xd2, 0x07, 0x0d, 0x0f, 0x0e, 0x09,
    0x01, 0xb8, 0x0a, 0x0f, 0x0b, 0x08, 0x0a, 0x0f, 0x0c, 0x22, 0x06, 0x0f, 0x08, 0x38, 0x08, 0x0f,
    0x06, 0xc2, 0x0c, 0x0f, 0x01, 0x38, 0x01, 0x0f, 0x0a, 0x55, 0x01, 0x0f, 0x0e, 0x07, 0x07, 0x07,
    0x07, 0x07, 0x0f, 0x0d, 0x55, 0x01, 0x0f, 0x0f, 0x0f, 0x0f, 0x0f, 0x0f, 0x0f, 0x0f, 0x0d, 0x55,
    0x01, 0x0f, 0x0c, 0x1a, 0x0d, 0x0f, 0x01, 0xdf, 0x07, 0x0f, 0x09, 0x38, 0x01, 0x0a, 0x04, 0x22,
    0x0c, 0x0f, 0x0c, 0x08, 0x08, 0x0d, 0x0f, 0x04, 0xb8, 0x07, 0x0d, 0x0f, 0x0e, 0x0b, 0x03, 0x51,
    0xd2, 0x08, 0x0a, 0x1a, 0x0e, 0x0f, 0x02, 0xdf, 0x02, 0x03, 0x10, 0x05, 0xbd, 0x02, 0x02, 0x1a,
    0x07, 0x0e, 0x0c, 0x01, 0xdf, 0x01, 0x0f, 0x06, 0x00, 0x28, 0x04, 0x0d, 0x0d, 0x02, 0x00, 0x28,
    0x04, 0x0b, 0xfa, 0x03, 0x0f, 0x0a, 0xdf, 0x03, 0x0f, 0x0a, 0xdf, 0x03, 0x0f, 0x0a, 0xdf, 0x03,
    0x0f, 0x0a, 0xdf, 0x03, 0x0f, 0x0a, 0xdf, 0x03, 0x0f, 0x0a, 0xdf, 0x03, 0x0f, 0x0a, 0xdf, 0x03,
    0x0f, 0x0a, 0xdf, 0x03, 0x0f, 0x0a, 0xdf, 0x03, 0x0f, 0x0a, 0xdf, 0x03, 0x0f, 0x0a, 0xdf, 0x03,
    0x0f, 0x0a, 0xdf, 0x03, 0x0f, 0x0a, 0xdf, 0x03, 0x0f, 0x0a, 0x10, 0x05, 0xf7, 0x06, 0x0a, 0x05,
    0xdf, 0x03, 0x07, 0x0f, 0x04, 0x00, 0x28, 0x02, 0x06, 0x0f, 0x05, 0x00, 0x28, 0x06, 0x0f, 0x06,
    0xdf, 0x01, 0x03, 0xfa, 0x07, 0x0f, 0x05, 0xdf, 0x07, 0x0f, 0x05, 0xdf, 0x07, 0x0f, 0x05, 0xdf,
    0x07, 0x0f, 0x05, 0xdf, 0x07, 0x0f, 0x05, 0xdf, 0x07, 0x0f, 0x05, 0xdf, 0x07, 0x0f, 0x05, 0xdf,
    0x07, 0x0f, 0x05, 0xdf, 0x07, 0x0f, 0x05, 0xdf, 0x07, 0x0f, 0x05, 0xdf, 0x07, 0x0f, 0x05, 0x10,
    0x05, 0x00, 0x7d, 0x03, 0x0f, 0x0a, 0xdf, 0x03, 0x0f, 0x0a, 0xdf, 0x03, 0x0f, 0x0a, 0xdf, 0x03,
    0x0f, 0x0a, 0xdf, 0x03, 0x0f, 0x0a, 0xdf, 0x03, 0x0f, 0x0a, 0xdf, 0x03, 0x0f, 0x0a, 0xdf, 0x03,
    0x0f, 0x0a, 0xdf, 0x03, 0x0f, 0x0a, 0xdf, 0x03, 0x0f, 0x0a, 0xdf, 0x03, 0x0f, 0x0a, 0xdf, 0x03,
    0x0f, 0x0a, 0xdf, 0x03, 0x0f, 0x0a, 0xdf, 0x03, 0x0f, 0x0a, 0xfa, 0x08, 0x0a, 0x1a, 0x0e, 0x0f,
    0x02, 0xdf, 0x02, 0x03, 0x10, 0x05, 0x4c, 0x4a, 0x07, 0x0f, 0x05, 0xdf, 0x06, 0x0f, 0x05, 0xea,
    0x07, 0x0f, 0x05, 0xdf, 0x07, 0x0f, 0x05, 0xdf, 0x07, 0x0f, 0x05, 0xdf, 0x07, 0x0f, 0x05, 0xdf,
    0x07, 0x0f, 0x05, 0xdf, 0x07, 0x0f, 0x05, 0xdf, 0x07, 0x0f, 0x05, 0xdf, 0x07, 0x0f, 0x05, 0xdf,
    0x07, 0x0f, 0x05, 0xdf, 0x07, 0x0f, 0x05, 0xdf, 0x07, 0x0f, 0x05, 0x1f, 0x08, 0x0a, 0x1a, 0x0e,
    0x0f, 0x02, 0xdf, 0x02, 0x03, 0x10, 0x0e, 0x38, 0x7d, 0x01, 0x08, 0x0d, 0x0f, 0x0e, 0x0c, 0x06,
    0x22, 0x02, 0x0d, 0x0f, 0x0d, 0x0a, 0x0a, 0x0e, 0x0f, 0x0b, 0xc2, 0x0c, 0x0f, 0x07, 0x38, 0x01,
    0x0a, 0x0f, 0x08, 0x2c, 0x04, 0x0f, 0x0a, 0x9d, 0x0d, 0x0f, 0x01, 0x19, 0x09, 0x0f, 0x05, 0x9d,
    0x08, 0x0f, 0x06, 0x19, 0x0c, 0x0f, 0x02, 0x9d, 0x05, 0x0f, 0x08, 0x19, 0x0d, 0x0f, 0x01, 0x9d,
    0x04, 0x0f, 0x09, 0x19, 0x0d, 0x0f, 0x01, 0x9d, 0x04, 0x0f, 0x09, 0x19, 0x0c, 0x0f, 0x02, 0x9d,
    0x05, 0x0f, 0x08, 0x19, 0x09, 0x0f, 0x04, 0x9d, 0x08, 0x0f, 0x06, 0x19, 0x04, 0x0f, 0x0a, 0x9d,
    0x0d, 0x0f, 0x01, 0x2c, 0x0c, 0x0f, 0x07, 0x37, 0x09, 0x0f, 0x09, 0x55, 0x02, 0x0d, 0x0f, 0x0d,
    0x09, 0x0a, 0x0e, 0x0f, 0x0b, 0x01, 0xc2, 0x01, 0x08, 0x0d, 0x0f, 0x0e, 0x0c, 0x06, 0xcb, 0x08,
    0x0a, 0x1a, 0x0e, 0x0f, 0x02, 0xdf, 0x02, 0x03, 0x10, 0x0b, 0x37, 0x7e, 0x07, 0x0d, 0x0f, 0x0e,
    0x0a, 0x02, 0xb8, 0x0b, 0x0f, 0x0c, 0x08, 0x09, 0x0f, 0x0e, 0x03, 0xc2, 0x06, 0x0f, 0x09, 0x38,
    0x04, 0x0f, 0x0d, 0xc2, 0x0d, 0x0f, 0x01, 0x37, 0x0a, 0x0f, 0x04, 0x2c, 0x01, 0x0f, 0x0c, 0x18,
    0x06, 0x0f, 0x07, 0x2c, 0x01, 0x0f, 0x0b, 0x18, 0x05, 0x0f, 0x08, 0x2c, 0x01, 0x0f, 0x0c, 0x18,
    0x06, 0x0f, 0x07, 0x55, 0x0d, 0x0f, 0x01, 0x37, 0x09, 0x0f, 0x04, 0x55, 0x07, 0x0f, 0x09, 0x38,
    0x03, 0x0f, 0x0d, 0x22, 0x0b, 0x0f, 0x0c, 0x08, 0x09, 0x0f, 0x0e, 0x03, 0xb8, 0x07, 0x0d, 0x0f,
    0x0e, 0x0a, 0x02, 0xcb, 0x08, 0x0a, 0x1a, 0x0e, 0x0f, 0x02, 0xdf, 0x02, 0x03, 0x10, 0x0e, 0x24,
    0x08, 0x0e, 0x09, 0xdf, 0x01, 0x04, 0x0f, 0x05, 0x00, 0x28, 0x03, 0x0a, 0x0f, 0x04, 0x00, 0x28,
    0x06, 0x0e, 0x02, 0x00, 0xd2, 0x01, 0x08, 0x0d, 0x0f, 0x0e, 0x0c, 0x06, 0x22, 0x02, 0x0d, 0x0f,
    0x0d, 0x0a, 0x0a, 0x0e, 0x0f, 0x0b, 0xc2, 0x0c, 0x0f, 0x07, 0x38, 0x01, 0x0a, 0x0f, 0x08, 0x2c,
    0x04, 0x0f, 0x0a, 0x9d, 0x0d, 0x0f, 0x01, 0x19, 0x09, 0x0f, 0x05, 0x9d, 0x08, 0x0f, 0x06, 0x19,
    0x0c, 0x0f, 0x02, 0x9d, 0x05, 0x0f, 0x08, 0x19, 0x0d, 0x0f, 0x01, 0x9d, 0x04, 0x0f, 0x09, 0x19,
    0x0d, 0x0f, 0x01, 0x9d, 0x04, 0x0f, 0x09, 0x19, 0x0c, 0x0f, 0x02, 0x9d, 0x05, 0x0f, 0x08, 0x19,
    0x09, 0x0f, 0x04, 0x9d, 0x08, 0x0f, 0x06, 0x19, 0x04, 0x0f, 0x0a, 0x9d, 0x0d, 0x0f, 0x01, 0x2c,
    0x0c, 0x0f, 0x07, 0x37, 0x09, 0x0f, 0x09, 0x55, 0x02, 0x0d, 0x0f, 0x0d, 0x09, 0x0a, 0x0e, 0x0f,
    0x0b, 0x01, 0xc2, 0x01, 0x08, 0x0d, 0x0f, 0x0e, 0x0c, 0x06, 0x10, 0x0b, 0xa6, 0x04, 0x06, 0x02,
    0xdf, 0x05, 0x0b, 0x0e, 0x03, 0xdf, 0x02, 0x0f, 0x06, 0x00, 0x28, 0x06, 0x0f, 0x0a, 0x01, 0x00,
    0x28, 0x03, 0x07, 0x1f, 0x07, 0x0d, 0x0f, 0x0e, 0x0a, 0x02, 0xb8, 0x0b, 0x0f, 0x0c, 0x08, 0x09,
    0x0f, 0x0e, 0x03, 0xc2, 0x06, 0x0f, 0x09, 0x38, 0x04, 0x0f, 0x0d, 0xc2, 0x0d, 0x0f, 0x01, 0x37,
    0x0a, 0x0f, 0x04, 0x2c, 0x01, 0x0f, 0x0c, 0x18, 0x06, 0x0f, 0x07, 0x2c, 0x01, 0x0f, 0x0b, 0x18,
    0x05, 0x0f, 0x08, 0x2c, 0x01, 0x0f, 0x0c, 0x18, 0x06, 0x0f, 0x07, 0x55, 0x0d, 0x0f, 0x01, 0x37,
    0x09, 0x0f, 0x04, 0x55, 0x07, 0x0f, 0x09, 0x38, 0x03, 0x0f, 0x0d, 0x22, 0x0b, 0x0f, 0x0c, 0x08,
    0x09, 0x0f, 0x0e, 0x03, 0xb8, 0x07, 0x0d, 0x0f, 0x0e, 0x0a, 0x02, 0x10, 0x0e, 0x34, 0x05, 0x0f,
    0x08, 0xdf, 0x0c, 0x0d, 0xb8, 0x08, 0x0f, 0x0c, 0x01, 0x04, 0x0f, 0x03, 0x22, 0x08, 0x0f, 0x07,
    0x0e, 0x0c, 0x01, 0xb8, 0x07, 0x0f, 0x07, 0x00, 0x03, 0x0e, 0x0b, 0xd2, 0x01, 0x08, 0x0d, 0x0f,
    0x0e, 0x0c, 0x06, 0x22, 0x02, 0x0d, 0x0f, 0x0d, 0x0a, 0x0a, 0x0e, 0x0f, 0x0b, 0xc2, 0x0c, 0x0f,
    0x07, 0x38, 0x01, 0x0a, 0x0f, 0x08, 0x2c, 0x04, 0x0f, 0x0a, 0x9d, 0x0d, 0x0f, 0x01, 0x19, 0x09,
    0x0f, 0x05, 0x9d, 0x08, 0x0f, 0x06, 0x19, 0x0c, 0x0f, 0x02, 0x9d, 0x05, 0x0f, 0x08, 0x19, 0x0d,
    0x0f, 0x01, 0x9d, 0x04, 0x0f, 0x09, 0x19, 0x0d, 0x0f, 0x01, 0x9d, 0x04, 0x0f, 0x09, 0x19, 0x0c,
    0x0f, 0x02, 0x9d, 0x05, 0x0f, 0x08, 0x19, 0x09, 0x0f, 0x04, 0x9d, 0x08, 0x0f, 0x06, 0x19, 0x04,
    0x0f, 0x0a, 0x9d, 0x0d, 0x0f, 0x01, 0x2c, 0x0c, 0x0f, 0x07, 0x37, 0x09, 0x0f, 0x09, 0x55, 0x02,
    0x0d, 0x0f, 0x0d, 0x09, 0x0a, 0x0e, 0x0f, 0x0b, 0x01, 0xc2, 0x01, 0x08, 0x0d, 0x0f, 0x0e, 0x0c,
    0x06, 0x10, 0x0b, 0x45, 0x02, 0x08, 0x05, 0xdf, 0x08, 0x0f, 0x03, 0x22, 0x02, 0x08, 0x05, 0x00,
    0x01, 0x0e, 0x08, 0x22, 0x02, 0x0d, 0x0e, 0x0f, 0x05, 0x03, 0x07, 0x01, 0xc2, 0x02, 0x0d, 0x0d,
    0x01, 0x09, 0x0f, 0x05, 0xb8, 0x05, 0x08, 0x02, 0x51, 0x07, 0x07, 0x00, 0xd2, 0x07, 0x0d, 0x0f,
    0x0e, 0x0a, 0x02, 0xb8, 0x0b, 0x0f, 0x0c, 0x08, 0x09, 0x0f, 0x0e, 0x03, 0xc2, 0x06, 0x0f, 0x09,
    0x38, 0x04, 0x0f, 0x0d, 0xc2, 0x0d, 0x0f, 0x01, 0x37, 0x0a, 0x0f, 0x04, 0x2c, 0x01, 0x0f, 0x0c,
    0x18, 0x06, 0x0f, 0x07, 0x2c, 0x01, 0x0f, 0x0b, 0x18, 0x05, 0x0f, 0x08, 0x2c, 0x01, 0x0f, 0x0c,
    0x18, 0x06, 0x0f, 0x07, 0x55, 0x0d, 0x0f, 0x01, 0x37, 0x09, 0x0f, 0x04, 0x55, 0x07, 0x0f, 0x09,
    0x38, 0x03, 0x0f, 0x0d, 0x22, 0x0b, 0x0f, 0x0c, 0x08, 0x09, 0x0f, 0x0e, 0x03, 0xb8, 0x07, 0x0d,
    0x0f, 0x0e, 0x0a, 0x02, 0x10, 0x0e, 0xad, 0x04, 0x0f, 0x09, 0x1a, 0x09, 0x0f, 0x01, 0xdf, 0x01,
    0x0d, 0x08, 0x00, 0x09, 0x0f, 0x0c, 0x01, 0x28, 0x08, 0x0f, 0x07, 0x0e, 0x0b, 0xdd, 0x07, 0x0f,
    0x06, 0x00, 0x03, 0x0e, 0x0a, 0xd2, 0x01, 0x08, 0x0d, 0x0f, 0x0e, 0x0c, 0x06, 0x22, 0x02, 0x0d,
    0x0f, 0x0d, 0x0a, 0x0a, 0x0e, 0x0f, 0x0b, 0xc2, 0x0c, 0x0f, 0x07, 0x38, 0x01, 0x0a, 0x0f, 0x08,
    0x2c, 0x04, 0x0f, 0x0a, 0x9d, 0x0d, 0x0f, 0x01, 0x19, 0x09, 0x0f, 0x05, 0x9d, 0x08, 0x0f, 0x06,
    0x19, 0x0c, 0x0f, 0x02, 0x9d, 0x05, 0x0f, 0x08, 0x19, 0x0d, 0x0f, 0x01, 0x9d, 0x04, 0x0f, 0x09,
    0x19, 0x0d, 0x0f, 0x01, 0x9d, 0x04, 0x0f, 0x09, 0x19, 0x0c, 0x0f, 0x02, 0x9d, 0x05, 0x0f, 0x08,
    0x19, 0x09, 0x0f, 0x04, 0x9d, 0x08, 0x0f, 0x06, 0x19, 0x04, 0x0f, 0x0a, 0x9d, 0x0d, 0x0f, 0x01,
    0x2c, 0x0c, 0x0f, 0x07, 0x37, 0x09, 0x0f, 0x09, 0x55, 0x02, 0x0d, 0x0f, 0x0d, 0x09, 0x0a, 0x0e,
    0x0f, 0x0b, 0x01, 0xc2, 0x01, 0x08, 0x0d, 0x0f, 0x0e, 0x0c, 0x06, 0x10, 0x0b, 0x46, 0x02, 0x04,
    0x02, 0xdf, 0x02, 0x0e, 0x0b, 0x1a, 0x07, 0x0f, 0x03, 0x00, 0x01, 0x04, 0x02, 0xdd, 0x0a, 0x06,
    0x01, 0x0c, 0x0f, 0x0e, 0x02, 0xdd, 0x01, 0x0b, 0x0e, 0x03, 0x0c, 0x0d, 0x02, 0xb8, 0x07, 0x0b,
    0x03, 0x00, 0x01, 0x0b, 0x09, 0x00, 0xd2, 0x07, 0x0d, 0x0f, 0x0e, 0x0a, 0x02, 0xb8, 0x0b, 0x0f,
    0x0c, 0x08, 0x09, 0x0f, 0x0e, 0x03, 0xc2, 0x06, 0x0f, 0x09, 0x38, 0x04, 0x0f, 0x0d, 0xc2, 0x0d,
    0x0f, 0x01, 0x37, 0x0a, 0x0f, 0x04, 0x2c, 0x01, 0x0f, 0x0c, 0x18, 0x06, 0x0f, 0x07, 0x2c, 0x01,
    0x0f, 0x0b, 0x18, 0x05, 0x0f, 0x08, 0x2c, 0x01, 0x0f, 0x0c, 0x18, 0x06, 0x0f, 0x07, 0x55, 0x0d,
    0x0f, 0x01, 0x37, 0x09, 0x0f, 0x04, 0x55, 0x07, 0x0f, 0x09, 0x38, 0x03, 0x0f, 0x0d, 0x22, 0x0b,
    0x0f, 0x0c, 0x08, 0x09, 0x0f, 0x0e, 0x03, 0xb8, 0x07, 0x0d, 0x0f, 0x0e, 0x0a, 0x02, 0x10, 0x0e,
    0x78, 0x04, 0x03, 0x1a, 0x07, 0x0d, 0x09, 0xb8, 0x0b, 0x0f, 0x0d, 0x01, 0x06, 0x0d, 0x09, 0x22,
    0x0a, 0x0e, 0x03, 0x0c, 0x0c, 0x07, 0x05, 0x22, 0x08, 0x0e, 0x03, 0x00, 0x01, 0x0d, 0x0b, 0xd2,
    0x01, 0x08, 0x0d, 0x0f, 0x0e, 0x0c, 0x06, 0x22, 0x02, 0x0d, 0x0f, 0x0d, 0x0a, 0x0a, 0x0e, 0x0f,
    0x0b, 0xc2, 0x0c, 0x0f, 0x07, 0x38, 0x01, 0x0a, 0x0f, 0x08, 0x2c, 0x04, 0x0f, 0x0a, 0x9d, 0x0d,
    0x0f, 0x01, 0x19, 0x09, 0x0f, 0x05, 0x9d, 0x08, 0x0f, 0x06, 0x19, 0x0c, 0x0f, 0x02, 0x9d, 0x05,
    0x0f, 0x08, 0x19, 0x0d, 0x0f, 0x01, 0x9d, 0x04, 0x0f, 0x09, 0x19, 0x0d, 0x0f, 0x01, 0x9d, 0x04,
    0x0f, 0x09, 0x19, 0x0c, 0x0f, 0x02, 0x9d, 0x05, 0x0f, 0x08, 0x19, 0x09, 0x0f, 0x04, 0x9d, 0x08,
    0x0f, 0x06, 0x19, 0x04, 0x0f, 0x0a, 0x9d, 0x0d, 0x0f, 0x01, 0x2c, 0x0c, 0x0f, 0x07, 0x37, 0x09,
    0x0f, 0x09, 0x55, 0x02, 0x0d, 0x0f, 0x0d, 0x09, 0x0a, 0x0e, 0x0f, 0x0b, 0x01, 0xc2, 0x01, 0x08,
    0x0d, 0x0f, 0x0e, 0x0c, 0x06, 0x10, 0x0b, 0xdb, 0x07, 0x07, 0x01, 0xb8, 0x02, 0x04, 0x02, 0x00,
    0x04, 0x0b, 0x0b, 0x22, 0x02, 0x0d, 0x0d, 0x0e, 0x03, 0x09, 0x0d, 0x06, 0xc2, 0x01, 0x0c, 0x0c,
    0x01, 0x09, 0x0e, 0x06, 0x03, 0x22, 0x07, 0x0a, 0x01, 0x51, 0x09, 0x09, 0x00, 0xd2, 0x07, 0x0d,
    0x0f, 0x0e, 0x0a, 0x02, 0xb8, 0x0b, 0x0f, 0x0c, 0x08, 0x09, 0x0f, 0x0e, 0x03, 0xc2, 0x06, 0x0f,
    0x09, 0x38, 0x04, 0x0f, 0x0d, 0xc2, 0x0d, 0x0f, 0x01, 0x37, 0x0a, 0x0f, 0x04, 0x2c, 0x01, 0x0f,
    0x0c, 0x18, 0x06, 0x0f, 0x07, 0x2c, 0x01, 0x0f, 0x0b, 0x18, 0x05, 0x0f, 0x08, 0x2c, 0x01, 0x0f,
    0x0c, 0x18, 0x06, 0x0f, 0x07, 0x55, 0x0d, 0x0f, 0x01, 0x37, 0x09, 0x0f, 0x04, 0x55, 0x07, 0x0f,
    0x09, 0x38, 0x03, 0x0f, 0x0d, 0x22, 0x0b, 0x0f, 0x0c, 0x08, 0x09, 0x0f, 0x0e, 0x03, 0xb8, 0x07,
    0x0d, 0x0f, 0x0e, 0x0a, 0x02, 0x10, 0x0e, 0x91, 0x03, 0x0a, 0x05, 0x00, 0x07, 0x01, 0xdd, 0x0c,
    0x06, 0x0b, 0x0c, 0x0c, 0x28, 0x03, 0x51, 0x04, 0x01, 0x28, 0x01, 0x0a, 0x0d, 0x0c, 0x03, 0xdd,
    0x05, 0x0d, 0x07, 0x00, 0x05, 0x0d, 0x07, 0xd2, 0x01, 0x08, 0x0d, 0x0f, 0x0e, 0x0c, 0x06, 0x22,
    0x02, 0x0d, 0x0f, 0x0d, 0x0a, 0x0a, 0x0e, 0x0f, 0x0b, 0xc2, 0x0c, 0x0f, 0x07, 0x38, 0x01, 0x0a,
    0x0f, 0x08, 0x2c, 0x04, 0x0f, 0x0a, 0x9d, 0x0d, 0x0f, 0x01, 0x19, 0x09, 0x0f, 0x05, 0x9d, 0x08,
    0x0f, 0x06, 0x19, 0x0c, 0x0f, 0x02, 0x9d, 0x05, 0x0f, 0x08, 0x19, 0x0d, 0x0f, 0x01, 0x9d, 0x04,
    0x0f, 0x09, 0x19, 0x0d, 0x0f, 0x01, 0x9d, 0x04, 0x0f, 0x09, 0x19, 0x0c, 0x0f, 0x02, 0x9d, 0x05,
    0x0f, 0x08, 0x19, 0x09, 0x0f, 0x04, 0x9d, 0x08, 0x0f, 0x06, 0x19, 0x04, 0x0f, 0x0a, 0x9d, 0x0d,
    0x0f, 0x01, 0x2c, 0x0c, 0x0f, 0x07, 0x37, 0x09, 0x0f, 0x09, 0x55, 0x02, 0x0d, 0x0f, 0x0d, 0x09,
    0x0a, 0x0e, 0x0f, 0x0b, 0x01, 0xc2, 0x01, 0x08, 0x0d, 0x0f, 0x0e, 0x0c, 0x06, 0x10, 0x0b, 0x83,
    0x03, 0x0a, 0x05, 0x00, 0x07, 0x01, 0xdd, 0x0c, 0x06, 0x0b, 0x0c, 0x0c, 0x28, 0x03, 0x51, 0x04,
    0x01, 0x28, 0x01, 0x0a, 0x0d, 0x0c, 0x03, 0xdd, 0x05, 0x0d, 0x07, 0x00, 0x05, 0x0d, 0x07, 0x00,
    0xd2, 0x07, 0x0d, 0x0f, 0x0e, 0x0a, 0x02, 0xb8, 0x0b, 0x0f, 0x0c, 0x08, 0x09, 0x0f, 0x0e, 0x03,
    0xc2, 0x06, 0x0f, 0x09, 0x38, 0x04, 0x0f, 0x0d, 0xc2, 0x0d, 0x0f, 0x01, 0x37, 0x0a, 0x0f, 0x04,
    0x2c, 0x01, 0x0f, 0x0c, 0x18, 0x06, 0x0f, 0x07, 0x2c, 0x01, 0x0f, 0x0b, 0x18, 0x05, 0x0f, 0x08,
    0x2c, 0x01, 0x0f, 0x0c, 0x18, 0x06, 0x0f, 0x07, 0x55, 0x0d, 0x0f, 0x01, 0x37, 0x09, 0x0f, 0x04,
    0x55, 0x07, 0x0f, 0x09, 0x38, 0x03, 0x0f, 0x0d, 0x22, 0x0b, 0x0f, 0x0c, 0x08, 0x09, 0x0f, 0x0e,
    0x03, 0xb8, 0x07, 0x0d, 0x0f, 0x0e, 0x0a, 0x02, 0x10, 0x0e, 0xa9, 0x06, 0x0f, 0x08, 0x00, 0x28,
    0x03, 0x0f, 0x08, 0x0f, 0x06, 0xdd, 0x02, 0x0e, 0x08, 0x00, 0x05, 0x0f, 0x04, 0xd2, 0x01, 0x08,
    0x0d, 0x0f, 0x0e, 0x0c, 0x06, 0x22, 0x02, 0x0d, 0x0f, 0x0d, 0x0a, 0x0a, 0x0e, 0x0f, 0x0b, 0xc2,
    0x0c, 0x0f, 0x07, 0x38, 0x01, 0x0a, 0x0f, 0x08, 0x2c, 0x04, 0x0f, 0x0a, 0x9d, 0x0d, 0x0f, 0x01,
    0x19, 0x09, 0x0f, 0x05, 0x9d, 0x08, 0x0f, 0x06, 0x19, 0x0c, 0x0f, 0x02, 0x9d, 0x05, 0x0f, 0x08,
    0x19, 0x0d, 0x0f, 0x01, 0x9d, 0x04, 0x0f, 0x09, 0x19, 0x0d, 0x0f, 0x01, 0x9d, 0x04, 0x0f, 0x09,
    0x19, 0x0c, 0x0f, 0x02, 0x9d, 0x05, 0x0f, 0x08, 0x19, 0x09, 0x0f, 0x04, 0x9d, 0x08, 0x0f, 0x06,
    0x19, 0x04, 0x0f, 0x0a, 0x9d, 0x0d, 0x0f, 0x01, 0x2c, 0x0c, 0x0f, 0x07, 0x37, 0x09, 0x0f, 0x09,
    0x55, 0x02, 0x0d, 0x0f, 0x0d, 0x09, 0x0a, 0x0e, 0x0f, 0x0b, 0x01, 0xc2, 0x01, 0x08, 0x0d, 0x0f,
    0x0e, 0x0c, 0x06, 0xcb, 0x08, 0x0a, 0x1a, 0x0e, 0x0f, 0x02, 0xdf, 0x02, 0x03, 0x10, 0x0b, 0x38,
    0xa4, 0x01, 0x08, 0x03, 0xdf, 0x0b, 0x0e, 0x0d, 0x01, 0x28, 0x09, 0x0d, 0x01, 0x0b, 0x0c, 0xdd,
    0x02, 0x08, 0x03, 0x00, 0x01, 0x07, 0x03, 0x00, 0xd2, 0x07, 0x0d, 0x0f, 0x0e, 0x0a, 0x02, 0xb8,
    0x0b, 0x0f, 0x0c, 0x08, 0x09, 0x0f, 0x0e, 0x03, 0xc2, 0x06, 0x0f, 0x09, 0x38, 0x04, 0x0f, 0x0d,
    0xc2, 0x0d, 0x0f, 0x01, 0x37, 0x0a, 0x0f, 0x04, 0x2c, 0x01, 0x0f, 0x0c, 0x18, 0x06, 0x0f, 0x07,
    0x2c, 0x01, 0x0f, 0x0b, 0x18, 0x05, 0x0f, 0x08, 0x2c, 0x01, 0x0f, 0x0c, 0x18, 0x06, 0x0f, 0x07,
    0x55, 0x0d, 0x0f, 0x01, 0x37, 0x09, 0x0f, 0x04, 0x55, 0x07, 0x0f, 0x09, 0x38, 0x03, 0x0f, 0x0d,
    0x22, 0x0b, 0x0f, 0x0c, 0x08, 0x09, 0x0f, 0x0e, 0x03, 0xb8, 0x07, 0x0d, 0x0f, 0x0e, 0x0a, 0x02,
    0xcb, 0x08, 0x0a, 0x1a, 0x0e, 0x0f, 0x02, 0xdf, 0x02, 0x03, 0x10, 0x0e, 0xae, 0x03, 0x0f, 0x0c,
    0x01, 0x00, 0x28, 0x0c, 0x0d, 0x01, 0x00, 0x28, 0x07, 0x0e, 0x02, 0x29, 0x0a, 0x0f, 0x2c, 0x02,
    0x09, 0x0d, 0x0f, 0x0e, 0x0b, 0x05, 0x51, 0x0d, 0x0c, 0x19, 0x03, 0x0e, 0x0f, 0x0c, 0x09, 0x0b,
    0x0e, 0x0f, 0x0a, 0x0c, 0x0f, 0x05, 0x41, 0x01, 0x0e, 0x0f, 0x05, 0x38, 0x01, 0x0c, 0x0f, 0x0d,
    0x04, 0x19, 0x07, 0x0f, 0x08, 0x18, 0x02, 0x0f, 0x0d, 0x2c, 0x0b, 0x0f, 0x02, 0x9d, 0x0a, 0x0f,
    0x03, 0x19, 0x0e, 0x0e, 0x4c, 0x08, 0x0f, 0x06, 0x19, 0x0f, 0x0d, 0x4c, 0x07, 0x0f, 0x07, 0x19,
    0x0f, 0x0d, 0x4c, 0x07, 0x0f, 0x07, 0x19, 0x0e, 0x0e, 0x4c, 0x08, 0x0f, 0x06, 0x19, 0x0c, 0x0f,
    0x02, 0x9d, 0x0a, 0x0f, 0x03, 0x19, 0x07, 0x0f, 0x08, 0x18, 0x01, 0x0e, 0x0d, 0x2c, 0x01, 0x0d,
    0x0f, 0x05, 0x38, 0x01, 0x0b, 0x0f, 0x06, 0x55, 0x03, 0x0e, 0x0f, 0x0c, 0x09, 0x0a, 0x0e, 0x0f,
    0x09, 0x22, 0x02, 0x09, 0x0d, 0x0f, 0x0e, 0x0b, 0x05, 0x10, 0x0b, 0x37, 0xa4, 0x01, 0x07, 0x07,
    0x01, 0x00, 0x28, 0x08, 0x0f, 0x06, 0x00, 0x28, 0x03, 0x0f, 0x08, 0xdf, 0x05, 0x07, 0x8c, 0x0a,
    0x0c, 0xc2, 0x07, 0x0d, 0x0f, 0x0e, 0x0a, 0x02, 0x00, 0x0d, 0x09, 0x55, 0x0b, 0x0f, 0x0c, 0x08,
    0x09, 0x0f, 0x0e, 0x0d, 0x0e, 0x03, 0x2c, 0x06, 0x0f, 0x09, 0x38, 0x04, 0x0f, 0x0e, 0x02, 0x55,
    0x0d, 0x0f, 0x01, 0x37, 0x0a, 0x0f, 0x04, 0x2c, 0x01, 0x0f, 0x0c, 0x18, 0x06, 0x0f, 0x07, 0x2c,
    0x01, 0x0f, 0x0b, 0x18, 0x05, 0x0f, 0x08, 0x2c, 0x01, 0x0f, 0x0c, 0x18, 0x06, 0x0f, 0x07, 0x55,
    0x0d, 0x0f, 0x01, 0x37, 0x09, 0x0f, 0x04, 0x55, 0x07, 0x0f, 0x09, 0x38, 0x03, 0x0f, 0x0d, 0x22,
    0x0b, 0x0f, 0x0c, 0x08, 0x09, 0x0f, 0x0e, 0x03, 0xb8, 0x07, 0x0d, 0x0f, 0x0e, 0x0a, 0x02, 0x10,
    0x0e, 0x51, 0xaf, 0x02, 0x0e, 0x0e, 0x02, 0xdf, 0x03, 0x0f, 0x0a, 0x1a, 0x05, 0x0f, 0x05, 0x8c,
    0x0a, 0x0f, 0x2c, 0x02, 0x09, 0x0d, 0x0f, 0x0e, 0x0b, 0x05, 0x51, 0x0d, 0x0c, 0x19, 0x03, 0x0e,
    0x0f, 0x0c, 0x09, 0x0b, 0x0e, 0x0f, 0x0a, 0x0c, 0x0f, 0x05, 0x41, 0x01, 0x0e, 0x0f, 0x05, 0x38,
    0x01, 0x0c, 0x0f, 0x0d, 0x04, 0x19, 0x07, 0x0f, 0x08, 0x18, 0x02, 0x0f, 0x0d, 0x2c, 0x0b, 0x0f,
    0x02, 0x9d, 0x0a, 0x0f, 0x03, 0x19, 0x0e, 0x0e, 0x4c, 0x08, 0x0f, 0x06, 0x19, 0x0f, 0x0d, 0x4c,
    0x07, 0x0f, 0x07, 0x19, 0x0f, 0x0d, 0x4c, 0x07, 0x0f, 0x07, 0x19, 0x0e, 0x0e, 0x4c, 0x08, 0x0f,
    0x06, 0x19, 0x0c, 0x0f, 0x02, 0x9d, 0x0a, 0x0f, 0x03, 0x19, 0x07, 0x0f, 0x08, 0x18, 0x01, 0x0e,
    0x0d, 0x2c, 0x01, 0x0d, 0x0f, 0x05, 0x38, 0x01, 0x0b, 0x0f, 0x06, 0x55, 0x03, 0x0e, 0x0f, 0x0c,
    0x09, 0x0a, 0x0e, 0x0f, 0x09, 0x22, 0x02, 0x09, 0x0d, 0x0f, 0x0e, 0x0b, 0x05, 0x10, 0x0b, 0x00,
    0xa4, 0x02, 0x08, 0x07, 0x1a, 0x09, 0x0f, 0x06, 0x1a, 0x0b, 0x0e, 0x01, 0xdf, 0x01, 0x07, 0x04,
    0x29, 0x0a, 0x0c, 0xc2, 0x07, 0x0d, 0x0f, 0x0e, 0x0a, 0x02, 0x00, 0x0d, 0x09, 0x55, 0x0b, 0x0f,
    0x0c, 0x08, 0x09, 0x0f, 0x0e, 0x0d, 0x0e, 0x03, 0x2c, 0x06, 0x0f, 0x09, 0x38, 0x04, 0x0f, 0x0e,
    0x02, 0x55, 0x0d, 0x0f, 0x01, 0x37, 0x0a, 0x0f, 0x04, 0x2c, 0x01, 0x0f, 0x0c, 0x18, 0x06, 0x0f,
    0x07, 0x2c, 0x01, 0x0f, 0x0b, 0x18, 0x05, 0x0f, 0x08, 0x2c, 0x01, 0x0f, 0x0c, 0x18, 0x06, 0x0f,
    0x07, 0x55, 0x0d, 0x0f, 0x01, 0x37, 0x09, 0x0f, 0x04, 0x55, 0x07, 0x0f, 0x09, 0x38, 0x03, 0x0f,
    0x0d, 0x22, 0x0b, 0x0f, 0x0c, 0x08, 0x09, 0x0f, 0x0e, 0x03, 0xb8, 0x07, 0x0d, 0x0f, 0x0e, 0x0a,
    0x02, 0x10, 0x0e, 0x24, 0x08, 0x0e, 0x09, 0xdf, 0x01, 0x04, 0x0f, 0x05, 0x00, 0x28, 0x03, 0x0a,
    0x0f, 0x04, 0x00, 0x28, 0x06, 0x0e, 0x02, 0x29, 0x0a, 0x0f, 0x2c, 0x02, 0x09, 0x0d, 0x0f, 0x0e,
    0x0b, 0x05, 0x51, 0x0d, 0x0c, 0x19, 0x03, 0x0e, 0x0f, 0x0c, 0x09, 0x0b, 0x0e, 0x0f, 0x0a, 0x0c,
    0x0f, 0x05, 0x41, 0x01, 0x0e, 0x0f, 0x05, 0x38, 0x01, 0x0c, 0x0f, 0x0d, 0x04, 0x19, 0x07, 0x0f,
    0x08, 0x18, 0x02, 0x0f, 0x0d, 0x2c, 0x0b, 0x0f, 0x02, 0x9d, 0x0a, 0x0f, 0x03, 0x19, 0x0e, 0x0e,
    0x4c, 0x08, 0x0f, 0x06, 0x19, 0x0f, 0x0d, 0x4c, 0x07, 0x0f, 0x07, 0x19, 0x0f, 0x0d, 0x4c, 0x07,
    0x0f, 0x07, 0x19, 0x0e, 0x0e, 0x4c, 0x08, 0x0f, 0x06, 0x19, 0x0c, 0x0f, 0x02, 0x9d, 0x0a, 0x0f,
    0x03, 0x19, 0x07, 0x0f, 0x08, 0x18, 0x01, 0x0e, 0x0d, 0x2c, 0x01, 0x0d, 0x0f, 0x05, 0x38, 0x01,
    0x0b, 0x0f, 0x06, 0x55, 0x03, 0x0e, 0x0f, 0x0c, 0x09, 0x0a, 0x0e, 0x0f, 0x09, 0x22, 0x02, 0x09,
    0x0d, 0x0f, 0x0e, 0x0b, 0x05, 0x10, 0x0b, 0xa6, 0x04, 0x06, 0x02, 0xdf, 0x05, 0x0b, 0x0e, 0x03,
    0xdf, 0x02, 0x0f, 0x06, 0x00, 0x28, 0x06, 0x0f, 0x0a, 0x01, 0x00, 0x28, 0x03, 0x07, 0x8c, 0x0a,
    0x0c, 0xc2, 0x07, 0x0d, 0x0f, 0x0e, 0x0a, 0x02, 0x00, 0x0d, 0x09, 0x55, 0x0b, 0x0f, 0x0c, 0x08,
    0x09, 0x0f, 0x0e, 0x0d, 0x0e, 0x03, 0x2c, 0x06, 0x0f, 0x09, 0x38, 0x04, 0x0f, 0x0e, 0x02, 0x55,
    0x0d, 0x0f, 0x01, 0x37, 0x0a, 0x0f, 0x04, 0x2c, 0x01, 0x0f, 0x0c, 0x18, 0x06, 0x0f, 0x07, 0x2c,
    0x01, 0x0f, 0x0b, 0x18, 0x05, 0x0f, 0x08, 0x2c, 0x01, 0x0f, 0x0c, 0x18, 0x06, 0x0f, 0x07, 0x55,
    0x0d, 0x0f, 0x01, 0x37, 0x09, 0x0f, 0x04, 0x55, 0x07, 0x0f, 0x09, 0x38, 0x03, 0x0f, 0x0d, 0x22,
    0x0b, 0x0f, 0x0c, 0x08, 0x09, 0x0f, 0x0e, 0x03, 0xb8, 0x07, 0x0d, 0x0f, 0x0e, 0x0a, 0x02, 0x10,
    0x0e, 0x51, 0xaf, 0x01, 0x0b, 0x0e, 0x05, 0x00, 0x03, 0x0f, 0x01, 0x22, 0x08, 0x0d, 0x07, 0x0d,
    0x08, 0x0b, 0x0d, 0xb8, 0x0b, 0x07, 0x00, 0x03, 0x0d, 0x0e, 0x04, 0xf2, 0x0a, 0x0f, 0x2c, 0x02,
    0x09, 0x0d, 0x0f, 0x0e, 0x0b, 0x05, 0x51, 0x0d, 0x0c, 0x19, 0x03, 0x0e, 0x0f, 0x0c, 0x09, 0x0b,
    0x0e, 0x0f, 0x0a, 0x0c, 0x0f, 0x05, 0x41, 0x01, 0x0e, 0x0f, 0x05, 0x38, 0x01, 0x0c, 0x0f, 0x0d,
    0x04, 0x19, 0x07, 0x0f, 0x08, 0x18, 0x02, 0x0f, 0x0d, 0x2c, 0x0b, 0x0f, 0x02, 0x9d, 0x0a, 0x0f,
    0x03, 0x19, 0x0e, 0x0e, 0x4c, 0x08, 0x0f, 0x06, 0x19, 0x0f, 0x0d, 0x4c, 0x07, 0x0f, 0x07, 0x19,
    0x0f, 0x0d, 0x4c, 0x07, 0x0f, 0x07, 0x19, 0x0e, 0x0e, 0x4c, 0x08, 0x0f, 0x06, 0x19, 0x0c, 0x0f,
    0x02, 0x9d, 0x0a, 0x0f, 0x03, 0x19, 0x07, 0x0f, 0x08, 0x18, 0x01, 0x0e, 0x0d, 0x2c, 0x01, 0x0d,
    0x0f, 0x05, 0x38, 0x01, 0x0b, 0x0f, 0x06, 0x55, 0x03, 0x0e, 0x0f, 0x0c, 0x09, 0x0a, 0x0e, 0x0f,
    0x09, 0x22, 0x02, 0x09, 0x0d, 0x0f, 0x0e, 0x0b, 0x05, 0x10, 0x0b, 0x51, 0xa4, 0x04, 0x07, 0x01,
    0x00, 0x01, 0x08, 0x01, 0x22, 0x04, 0x0f, 0x0e, 0x0c, 0x01, 0x05, 0x0f, 0xb8, 0x0a, 0x0a, 0x00,
    0x09, 0x0e, 0x0f, 0x09, 0xb8, 0x06, 0x03, 0x51, 0x06, 0x06, 0xf2, 0x0a, 0x0c, 0xc2, 0x07, 0x0d,
    0x0f, 0x0e, 0x0a, 0x02, 0x00, 0x0d, 0x09, 0x55, 0x0b, 0x0f, 0x0c, 0x08, 0x09, 0x0f, 0x0e, 0x0d,
    0x0e, 0x03, 0x2c, 0x06, 0x0f, 0x09, 0x38, 0x04, 0x0f, 0x0e, 0x02, 0x55, 0x0d, 0x0f, 0x01, 0x37,
    0x0a, 0x0f, 0x04, 0x2c, 0x01, 0x0f, 0x0c, 0x18, 0x06, 0x0f, 0x07, 0x2c, 0x01, 0x0f, 0x0b, 0x18,
    0x05, 0x0f, 0x08, 0x2c, 0x01, 0x0f, 0x0c, 0x18, 0x06, 0x0f, 0x07, 0x55, 0x0d, 0x0f, 0x01, 0x37,
    0x09, 0x0f, 0x04, 0x55, 0x07, 0x0f, 0x09, 0x38, 0x03, 0x0f, 0x0d, 0x22, 0x0b, 0x0f, 0x0c, 0x08,
    0x09, 0x0f, 0x0e, 0x03, 0xb8, 0x07, 0x0d, 0x0f, 0x0e, 0x0a, 0x02, 0x10, 0x0e, 0x00, 0xd3, 0x0a,
    0x0f, 0x2c, 0x02, 0x09, 0x0d, 0x0f, 0x0e, 0x0b, 0x05, 0x51, 0x0d, 0x0c, 0x19, 0x03, 0x0e, 0x0f,
    0x0c, 0x09, 0x0b, 0x0e, 0x0f, 0x0a, 0x0c, 0x0f, 0x05, 0x41, 0x01, 0x0e, 0x0f, 0x05, 0x38, 0x01,
    0x0c, 0x0f, 0x0d, 0x04, 0x19, 0x07, 0x0f, 0x08, 0x18, 0x02, 0x0f, 0x0d, 0x2c, 0x0b, 0x0f, 0x02,
    0x9d, 0x0a, 0x0f, 0x03, 0x19, 0x0e, 0x0e, 0x4c, 0x08, 0x0f, 0x06, 0x19, 0x0f, 0x0d, 0x4c, 0x07,
    0x0f, 0x07, 0x19, 0x0f, 0x0d, 0x4c, 0x07, 0x0f, 0x07, 0x19, 0x0e, 0x0e, 0x4c, 0x08, 0x0f, 0x06,
    0x19, 0x0c, 0x0f, 0x02, 0x9d, 0x0a, 0x0f, 0x03, 0x19, 0x07, 0x0f, 0x08, 0x18, 0x01, 0x0e, 0x0d,
    0x2c, 0x01, 0x0d, 0x0f, 0x05, 0x38, 0x01, 0x0b, 0x0f, 0x06, 0x55, 0x03, 0x0e, 0x0f, 0x0c, 0x09,
    0x0a, 0x0e, 0x0f, 0x09, 0x22, 0x02, 0x09, 0x0d, 0x0f, 0x0e, 0x0b, 0x05, 0xcb, 0x08, 0x0a, 0x1a,
    0x0e, 0x0f, 0x02, 0xdf, 0x02, 0x03, 0x10, 0x0b, 0x37, 0xb9, 0x0a, 0x0c, 0xc2, 0x07, 0x0d, 0x0f,
    0x0e, 0x0a, 0x02, 0x00, 0x0d, 0x09, 0x55, 0x0b, 0x0f, 0x0c, 0x08, 0x09, 0x0f, 0x0e, 0x0d, 0x0e,
    0x03, 0x2c, 0x06, 0x0f, 0x09, 0x38, 0x04, 0x0f, 0x0e, 0x02, 0x55, 0x0d, 0x0f, 0x01, 0x37, 0x0a,
    0x0f, 0x04, 0x2c, 0x01, 0x0f, 0x0c, 0x18, 0x06, 0x0f, 0x07, 0x2c, 0x01, 0x0f, 0x0b, 0x18, 0x05,
    0x0f, 0x08, 0x2c, 0x01, 0x0f, 0x0c, 0x18, 0x06, 0x0f, 0x07, 0x55, 0x0d, 0x0f, 0x01, 0x37, 0x09,
    0x0f, 0x04, 0x55, 0x07, 0x0f, 0x09, 0x38, 0x03, 0x0f, 0x0d, 0x22, 0x0b, 0x0f, 0x0c, 0x08, 0x09,
    0x0f, 0x0e, 0x03, 0xb8, 0x07, 0x0d, 0x0f, 0x0e, 0x0a, 0x02, 0xcb, 0x08, 0x0a, 0x1a, 0x0e, 0x0f,
    0x02, 0xdf, 0x02, 0x03, 0x10, 0x0d, 0x00, 0x7d, 0x09, 0x0f, 0x04, 0x18, 0x03, 0x0f, 0x0a, 0x2c,
    0x09, 0x0f, 0x04, 0x18, 0x03, 0x0f, 0x0a, 0x2c, 0x09, 0x0f, 0x04, 0x18, 0x03, 0x0f, 0x0a, 0x2c,
    0x09, 0x0f, 0x04, 0x18, 0x03, 0x0f, 0x0a, 0x2c, 0x09, 0x0f, 0x04, 0x18, 0x03, 0x0f, 0x0a, 0x2c,
    0x09, 0x0f, 0x04, 0x18, 0x03, 0x0f, 0x0a, 0x2c, 0x09, 0x0f, 0x04, 0x18, 0x03, 0x0f, 0x0a, 0x2c,
    0x09, 0x0f, 0x04, 0x18, 0x03, 0x0f, 0x0a, 0x2c, 0x09, 0x0f, 0x04, 0x18, 0x03, 0x0f, 0x0a, 0x2c,
    0x09, 0x0f, 0x04, 0x18, 0x03, 0x0f, 0x0a, 0x2c, 0x08, 0x0f, 0x06, 0x18, 0x06, 0x0f, 0x08, 0x2c,
    0x03, 0x0f, 0x0d, 0x02, 0x38, 0x02, 0x0d, 0x0f, 0x03, 0x55, 0x07, 0x0f, 0x0e, 0x0a, 0x08, 0x0a,
    0x0e, 0x0f, 0x07, 0x22, 0x04, 0x0b, 0x0e, 0x0f, 0x0e, 0x0a, 0x04, 0x51, 0xd2, 0x08, 0x0a, 0x1a,
    0x0e, 0x0f, 0x02, 0xdf, 0x02, 0x03, 0x10, 0x0b, 0x51, 0x7e, 0x0a, 0x0f, 0x02, 0x38, 0x02, 0x0f,
    0x0a, 0xc2, 0x0a, 0x0f, 0x02, 0x38, 0x02, 0x0f, 0x0a, 0xc2, 0x0a, 0x0f, 0x02, 0x38, 0x02, 0x0f,
    0x0a, 0xc2, 0x0a, 0x0f, 0x02, 0x38, 0x02, 0x0f, 0x0a, 0xc2, 0x0a, 0x0f, 0x02, 0x38, 0x02, 0x0f,
    0x0a, 0xc2, 0x0a, 0x0f, 0x02, 0x38, 0x02, 0x0f, 0x0a, 0xc2, 0x0a, 0x0f, 0x02, 0x38, 0x02, 0x0f,
    0x0a, 0xc2, 0x0a, 0x0f, 0x03, 0x38, 0x03, 0x0f, 0x0a, 0xc2, 0x07, 0x0f, 0x07, 0x38, 0x08, 0x0f,
    0x0a, 0xc2, 0x02, 0x0f, 0x0f, 0x0a, 0x09, 0x0c, 0x0f, 0x0f, 0x0a, 0x22, 0x04, 0x0c, 0x0f, 0x0e,
    0x0b, 0x04, 0x0f, 0x0a, 0x00, 0xd2, 0x08, 0x0a, 0x1a, 0x0e, 0x0f, 0x02, 0xdf, 0x02, 0x03, 0x10,
    0x0d, 0x31, 0x08, 0x0e, 0x09, 0xdf, 0x01, 0x04, 0x0f, 0x05, 0x00, 0x28, 0x03, 0x0a, 0x0f, 0x04,
    0x00, 0x28, 0x06, 0x0e, 0x02, 0xd2, 0x09, 0x0f, 0x04, 0x18, 0x03, 0x0f, 0x0a, 0x2c, 0x09, 0x0f,
    0x04, 0x18, 0x03, 0x0f, 0x0a, 0x2c, 0x09, 0x0f, 0x04, 0x18, 0x03, 0x0f, 0x0a, 0x2c, 0x09, 0x0f,
    0x04, 0x18, 0x03, 0x0f, 0x0a, 0x2c, 0x09, 0x0f, 0x04, 0x18, 0x03, 0x0f, 0x0a, 0x2c, 0x09, 0x0f,
    0x04, 0x18, 0x03, 0x0f, 0x0a, 0x2c, 0x09, 0x0f, 0x04, 0x18, 0x03, 0x0f, 0x0a, 0x2c, 0x09, 0x0f,
    0x04, 0x18, 0x03, 0x0f, 0x0a, 0x2c, 0x09, 0x0f, 0x04, 0x18, 0x03, 0x0f, 0x0a, 0x2c, 0x09, 0x0f,
    0x04, 0x18, 0x03, 0x0f, 0x0a, 0x2c, 0x08, 0x0f, 0x06, 0x18, 0x06, 0x0f, 0x08, 0x2c, 0x03, 0x0f,
    0x0d, 0x02, 0x38, 0x02, 0x0d, 0x0f, 0x03, 0x55, 0x07, 0x0f, 0x0e, 0x0a, 0x08, 0x0a, 0x0e, 0x0f,
    0x07, 0x22, 0x04, 0x0b, 0x0e, 0x0f, 0x0e, 0x0a, 0x04, 0x10, 0x0b, 0xa6, 0x06, 0x0a, 0x05, 0xdf,
    0x03, 0x07, 0x0f, 0x04, 0x00, 0x28, 0x02, 0x06, 0x0f, 0x05, 0x00, 0x28, 0x06, 0x0f, 0x06, 0xdf,
    0x01, 0x03, 0x51, 0xd2, 0x0a, 0x0f, 0x02, 0x38, 0x02, 0x0f, 0x0a, 0xc2, 0x0a, 0x0f, 0x02, 0x38,
    0x02, 0x0f, 0x0a, 0xc2, 0x0a, 0x0f, 0x02, 0x38, 0x02, 0x0f, 0x0a, 0xc2, 0x0a, 0x0f, 0x02, 0x38,
    0x02, 0x0f, 0x0a, 0xc2, 0x0a, 0x0f, 0x02, 0x38, 0x02, 0x0f, 0x0a, 0xc2, 0x0a, 0x0f, 0x02, 0x38,
    0x02, 0x0f, 0x0a, 0xc2, 0x0a, 0x0f, 0x02, 0x38, 0x02, 0x0f, 0x0a, 0xc2, 0x0a, 0x0f, 0x03, 0x38,
    0x03, 0x0f, 0x0a, 0xc2, 0x07, 0x0f, 0x07, 0x38, 0x08, 0x0f, 0x0a, 0xc2, 0x02, 0x0f, 0x0f, 0x0a,
    0x09, 0x0c, 0x0f, 0x0f, 0x0a, 0x22, 0x04, 0x0c, 0x0f, 0x0e, 0x0b, 0x04, 0x0f, 0x0a, 0x10, 0x0e,
    0xae, 0x03, 0x0f, 0x0c, 0x01, 0x00, 0x28, 0x0c, 0x0d, 0x01, 0x00, 0x28, 0x07, 0x0e, 0x02, 0x8c,
    0x04, 0x0f, 0x04, 0x00, 0x3f, 0x09, 0x0f, 0x04, 0x18, 0x03, 0x0f, 0x0a, 0x00, 0x07, 0x0f, 0x02,
    0x00, 0x3f, 0x09, 0x0f, 0x04, 0x18, 0x03, 0x0f, 0x0a, 0x03, 0x0d, 0x0c, 0x66, 0x09, 0x0f, 0x04,
    0x18, 0x03, 0x0f, 0x0f, 0x0f, 0x0d, 0x03, 0x66, 0x09, 0x0f, 0x04, 0x18, 0x03, 0x0f, 0x0c, 0x04,
    0x19, 0x09, 0x0f, 0x04, 0x18, 0x03, 0x0f, 0x0a, 0x2c, 0x09, 0x0f, 0x04, 0x18, 0x03, 0x0f, 0x0a,
    0x2c, 0x09, 0x0f, 0x04, 0x18, 0x03, 0x0f, 0x0a, 0x2c, 0x09, 0x0f, 0x04, 0x18, 0x03, 0x0f, 0x0a,
    0x2c, 0x09, 0x0f, 0x04, 0x18, 0x03, 0x0f, 0x0a, 0x2c, 0x09, 0x0f, 0x04, 0x18, 0x03, 0x0f, 0x0a,
    0x2c, 0x08, 0x0f, 0x06, 0x18, 0x06, 0x0f, 0x08, 0x2c, 0x03, 0x0f, 0x0d, 0x02, 0x38, 0x02, 0x0d,
    0x0f, 0x03, 0x55, 0x07, 0x0f, 0x0e, 0x0a, 0x08, 0x0a, 0x0e, 0x0f, 0x07, 0x22, 0x04, 0x0b, 0x0e,
    0x0f, 0x0e, 0x0a, 0x04, 0x10, 0x0c, 0x18, 0xa4, 0x04, 0x04, 0x01, 0x00, 0x28, 0x06, 0x0f, 0x09,
    0x00, 0x28, 0x01, 0x0e, 0x0b, 0xdf, 0x06, 0x0a, 0x01, 0x8c, 0x0b, 0x0a, 0x19, 0x0a, 0x0f, 0x02,
    0x38, 0x02, 0x0f, 0x0a, 0x01, 0x0e, 0x07, 0x19, 0x0a, 0x0f, 0x02, 0x38, 0x02, 0x0f, 0x0e, 0x0e,
    0x0d, 0x01, 0x19, 0x0a, 0x0f, 0x02, 0x38, 0x02, 0x0f, 0x0c, 0x04, 0x01, 0x2c, 0x0a, 0x0f, 0x02,
    0x38, 0x02, 0x0f, 0x0a, 0xc2, 0x0a, 0x0f, 0x02, 0x38, 0x02, 0x0f, 0x0a, 0xc2, 0x0a, 0x0f, 0x02,
    0x38, 0x02, 0x0f, 0x0a, 0xc2, 0x0a, 0x0f, 0x02, 0x38, 0x02, 0x0f, 0x0a, 0xc2, 0x0a, 0x0f, 0x03,
    0x38, 0x03, 0x0f, 0x0a, 0xc2, 0x07, 0x0f, 0x07, 0x38, 0x08, 0x0f, 0x0a, 0xc2, 0x02, 0x0f, 0x0f,
    0x0a, 0x09, 0x0c, 0x0f, 0x0f, 0x0a, 0x22, 0x04, 0x0c, 0x0f, 0x0e, 0x0b, 0x04, 0x0f, 0x0a, 0x10,
    0x0e, 0x51, 0xaf, 0x02, 0x0e, 0x0e, 0x02, 0xdf, 0x03, 0x0f, 0x0a, 0x1a, 0x05, 0x0f, 0x05, 0xd8,
    0x04, 0x0f, 0x04, 0x00, 0x3f, 0x09, 0x0f, 0x04, 0x18, 0x03, 0x0f, 0x0a, 0x00, 0x07, 0x0f, 0x02,
    0x00, 0x3f, 0x09, 0x0f, 0x04, 0x18, 0x03, 0x0f, 0x0a, 0x03, 0x0d, 0x0c, 0x66, 0x09, 0x0f, 0x04,
    0x18, 0x03, 0x0f, 0x0f, 0x0f, 0x0d, 0x03, 0x66, 0x09, 0x0f, 0x04, 0x18, 0x03, 0x0f, 0x0c, 0x04,
    0x19, 0x09, 0x0f, 0x04, 0x18, 0x03, 0x0f, 0x0a, 0x2c, 0x09, 0x0f, 0x04, 0x18, 0x03, 0x0f, 0x0a,
    0x2c, 0x09, 0x0f, 0x04, 0x18, 0x03, 0x0f, 0x0a, 0x2c, 0x09, 0x0f, 0x04, 0x18, 0x03, 0x0f, 0x0a,
    0x2c, 0x09, 0x0f, 0x04, 0x18, 0x03, 0x0f, 0x0a, 0x2c, 0x09, 0x0f, 0x04, 0x18, 0x03, 0x0f, 0x0a,
    0x2c, 0x08, 0x0f, 0x06, 0x18, 0x06, 0x0f, 0x08, 0x2c, 0x03, 0x0f, 0x0d, 0x02, 0x38, 0x02, 0x0d,
    0x0f, 0x03, 0x55, 0x07, 0x0f, 0x0e, 0x0a, 0x08, 0x0a, 0x0e, 0x0f, 0x07, 0x22, 0x04, 0x0b, 0x0e,
    0x0f, 0x0e, 0x0a, 0x04, 0x10, 0x0c, 0x00, 0xa4, 0x01, 0x04, 0x03, 0x1a, 0x0c, 0x0f, 0x03, 0xdf,
    0x01, 0x0d, 0x0c, 0x1a, 0x03, 0x0b, 0x04, 0x8c, 0x0b, 0x0a, 0x19, 0x0a, 0x0f, 0x02, 0x38, 0x02,
    0x0f, 0x0a, 0x01, 0x0e, 0x07, 0x19, 0x0a, 0x0f, 0x02, 0x38, 0x02, 0x0f, 0x0e, 0x0e, 0x0d, 0x01,
    0x19, 0x0a, 0x0f, 0x02, 0x38, 0x02, 0x0f, 0x0c, 0x04, 0x01, 0x2c, 0x0a, 0x0f, 0x02, 0x38, 0x02,
    0x0f, 0x0a, 0xc2, 0x0a, 0x0f, 0x02, 0x38, 0x02, 0x0f, 0x0a, 0xc2, 0x0a, 0x0f, 0x02, 0x38, 0x02,
    0x0f, 0x0a, 0xc2, 0x0a, 0x0f, 0x02, 0x38, 0x02, 0x0f, 0x0a, 0xc2, 0x0a, 0x0f, 0x03, 0x38, 0x03,
    0x0f, 0x0a, 0xc2, 0x07, 0x0f, 0x07, 0x38, 0x08, 0x0f, 0x0a, 0xc2, 0x02, 0x0f, 0x0f, 0x0a, 0x09,
    0x0c, 0x0f, 0x0f, 0x0a, 0x22, 0x04, 0x0c, 0x0f, 0x0e, 0x0b, 0x04, 0x0f, 0x0a, 0x10, 0x0e, 0x56,
    0x02, 0x02, 0x1a, 0x07, 0x0e, 0x0c, 0x01, 0xdf, 0x01, 0x0f, 0x06, 0x00, 0x28, 0x04, 0x0d, 0x0d,
    0x02, 0x00, 0x28, 0x04, 0x0b, 0xd8, 0x04, 0x0f, 0x04, 0x00, 0x3f, 0x09, 0x0f, 0x04, 0x18, 0x03,
    0x0f, 0x0a, 0x00, 0x07, 0x0f, 0x02, 0x00, 0x3f, 0x09, 0x0f, 0x04, 0x18, 0x03, 0x0f, 0x0a, 0x03,
    0x0d, 0x0c, 0x66, 0x09, 0x0f, 0x04, 0x18, 0x03, 0x0f, 0x0f, 0x0f, 0x0d, 0x03, 0x66, 0x09, 0x0f,
    0x04, 0x18, 0x03, 0x0f, 0x0c, 0x04, 0x19, 0x09, 0x0f, 0x04, 0x18, 0x03, 0x0f, 0x0a, 0x2c, 0x09,
    0x0f, 0x04, 0x18, 0x03, 0x0f, 0x0a, 0x2c, 0x09, 0x0f, 0x04, 0x18, 0x03, 0x0f, 0x0a, 0x2c, 0x09,
    0x0f, 0x04, 0x18, 0x03, 0x0f, 0x0a, 0x2c, 0x09, 0x0f, 0x04, 0x18, 0x03, 0x0f, 0x0a, 0x2c, 0x09,
    0x0f, 0x04, 0x18, 0x03, 0x0f, 0x0a, 0x2c, 0x08, 0x0f, 0x06, 0x18, 0x06, 0x0f, 0x08, 0x2c, 0x03,
    0x0f, 0x0d, 0x02, 0x38, 0x02, 0x0d, 0x0f, 0x03, 0x55, 0x07, 0x0f, 0x0e, 0x0a, 0x08, 0x0a, 0x0e,
    0x0f, 0x07, 0x22, 0x04, 0x0b, 0x0e, 0x0f, 0x0e, 0x0a, 0x04, 0x10, 0x0c, 0xa6, 0x04, 0x06, 0x02,
    0xdf, 0x05, 0x0b, 0x0e, 0x03, 0xdf, 0x02, 0x0f, 0x06, 0x00, 0x28, 0x06, 0x0f, 0x0a, 0x01, 0x00,
    0x28, 0x03, 0x07, 0xd8, 0x0b, 0x0a, 0x19, 0x0a, 0x0f, 0x02, 0x38, 0x02, 0x0f, 0x0a, 0x01, 0x0e,
    0x07, 0x19, 0x0a, 0x0f, 0x02, 0x38, 0x02, 0x0f, 0x0e, 0x0e, 0x0d, 0x01, 0x19, 0x0a, 0x0f, 0x02,
    0x38, 0x02, 0x0f, 0x0c, 0x04, 0x01, 0x2c, 0x0a, 0x0f, 0x02, 0x38, 0x02, 0x0f, 0x0a, 0xc2, 0x0a,
    0x0f, 0x02, 0x38, 0x02, 0x0f, 0x0a, 0xc2, 0x0a, 0x0f, 0x02, 0x38, 0x02, 0x0f, 0x0a, 0xc2, 0x0a,
    0x0f, 0x02, 0x38, 0x02, 0x0f, 0x0a, 0xc2, 0x0a, 0x0f, 0x03, 0x38, 0x03, 0x0f, 0x0a, 0xc2, 0x07,
    0x0f, 0x07, 0x38, 0x08, 0x0f, 0x0a, 0xc2, 0x02, 0x0f, 0x0f, 0x0a, 0x09, 0x0c, 0x0f, 0x0f, 0x0a,
    0x22, 0x04, 0x0c, 0x0f, 0x0e, 0x0b, 0x04, 0x0f, 0x0a, 0x10, 0x0e, 0x9f, 0x01, 0x03, 0x38, 0x04,
    0xb8, 0x02, 0x0e, 0x0f, 0x09, 0x00, 0x04, 0x0f, 0x01, 0x22, 0x09, 0x0c, 0x03, 0x0c, 0x0c, 0x0d,
    0x0b, 0xb8, 0x09, 0x05, 0x00, 0x01, 0x09, 0x0a, 0x02, 0x29, 0x04, 0x0f, 0x04, 0x00, 0x3f, 0x09,
    0x0f, 0x04, 0x18, 0x03, 0x0f, 0x0a, 0x00, 0x07, 0x0f, 0x02, 0x00, 0x3f, 0x09, 0x0f, 0x04, 0x18,
    0x03, 0x0f, 0x0a, 0x03, 0x0d, 0x0c, 0x66, 0x09, 0x0f, 0x04, 0x18, 0x03, 0x0f, 0x0f, 0x0f, 0x0d,
    0x03, 0x66, 0x09, 0x0f, 0x04, 0x18, 0x03, 0x0f, 0x0c, 0x04, 0x19, 0x09, 0x0f, 0x04, 0x18, 0x03,
    0x0f, 0x0a, 0x2c, 0x09, 0x0f, 0x04, 0x18, 0x03, 0x0f, 0x0a, 0x2c, 0x09, 0x0f, 0x04, 0x18, 0x03,
    0x0f, 0x0a, 0x2c, 0x09, 0x0f, 0x04, 0x18, 0x03, 0x0f, 0x0a, 0x2c, 0x09, 0x0f, 0x04, 0x18, 0x03,
    0x0f, 0x0a, 0x2c, 0x09, 0x0f, 0x04, 0x18, 0x03, 0x0f, 0x0a, 0x2c, 0x08, 0x0f, 0x06, 0x18, 0x06,
    0x0f, 0x08, 0x2c, 0x03, 0x0f, 0x0d, 0x02, 0x38, 0x02, 0x0d, 0x0f, 0x03, 0x55, 0x07, 0x0f, 0x0e,
    0x0a, 0x08, 0x0a, 0x0e, 0x0f, 0x07, 0x22, 0x04, 0x0b, 0x0e, 0x0f, 0x0e, 0x0a, 0x04, 0x10, 0x0c,
    0x51, 0xa4, 0x04, 0x07, 0x01, 0x00, 0x01, 0x08, 0x01, 0x22, 0x04, 0x0f, 0x0e, 0x0c, 0x01, 0x05,
    0x0f, 0xb8, 0x0a, 0x0a, 0x00, 0x09, 0x0e, 0x0f, 0x09, 0xb8, 0x06, 0x03, 0x51, 0x06, 0x06, 0x29,
    0x0b, 0x0a, 0x19, 0x0a, 0x0f, 0x02, 0x38, 0x02, 0x0f, 0x0a, 0x01, 0x0e, 0x07, 0x19, 0x0a, 0x0f,
    0x02, 0x38, 0x02, 0x0f, 0x0e, 0x0e, 0x0d, 0x01, 0x19, 0x0a, 0x0f, 0x02, 0x38, 0x02, 0x0f, 0x0c,
    0x04, 0x01, 0x2c, 0x0a, 0x0f, 0x02, 0x38, 0x02, 0x0f, 0x0a, 0xc2, 0x0a, 0x0f, 0x02, 0x38, 0x02,
    0x0f, 0x0a, 0xc2, 0x0a, 0x0f, 0x02, 0x38, 0x02, 0x0f, 0x0a, 0xc2, 0x0a, 0x0f, 0x02, 0x38, 0x02,
    0x0f, 0x0a, 0xc2, 0x0a, 0x0f, 0x03, 0x38, 0x03, 0x0f, 0x0a, 0xc2, 0x07, 0x0f, 0x07, 0x38, 0x08,
    0x0f, 0x0a, 0xc2, 0x02, 0x0f, 0x0f, 0x0a, 0x09, 0x0c, 0x0f, 0x0f, 0x0a, 0x22, 0x04, 0x0c, 0x0f,
    0x0e, 0x0b, 0x04, 0x0f, 0x0a, 0x10, 0x0e, 0x51, 0xd3, 0x04, 0x0f, 0x04, 0x00, 0x3f, 0x09, 0x0f,
    0x04, 0x18, 0x03, 0x0f, 0x0a, 0x00, 0x07, 0x0f, 0x02, 0x00, 0x3f, 0x09, 0x0f, 0x04, 0x18, 0x03,
    0x0f, 0x0a, 0x03, 0x0d, 0x0c, 0x66, 0x09, 0x0f, 0x04, 0x18, 0x03, 0x0f, 0x0f, 0x0f, 0x0d, 0x03,
    0x66, 0x09, 0x0f, 0x04, 0x18, 0x03, 0x0f, 0x0c, 0x04, 0x19, 0x09, 0x0f, 0x04, 0x18, 0x03, 0x0f,
    0x0a, 0x2c, 0x09, 0x0f, 0x04, 0x18, 0x03, 0x0f, 0x0a, 0x2c, 0x09, 0x0f, 0x04, 0x18, 0x03, 0x0f,
    0x0a, 0x2c, 0x09, 0x0f, 0x04, 0x18, 0x03, 0x0f, 0x0a, 0x2c, 0x09, 0x0f, 0x04, 0x18, 0x03, 0x0f,
    0x0a, 0x2c, 0x09, 0x0f, 0x04, 0x18, 0x03, 0x0f, 0x0a, 0x2c, 0x08, 0x0f, 0x06, 0x18, 0x06, 0x0f,
    0x08, 0x2c, 0x03, 0x0f, 0x0d, 0x02, 0x38, 0x02, 0x0d, 0x0f, 0x03, 0x55, 0x07, 0x0f, 0x0e, 0x0a,
    0x08, 0x0a, 0x0e, 0x0f, 0x07, 0x22, 0x04, 0x0b, 0x0e, 0x0f, 0x0e, 0x0a, 0x04, 0xcb, 0x08, 0x0a,
    0x1a, 0x0e, 0x0f, 0x02, 0xdf, 0x02, 0x03, 0x10, 0x0c, 0xfd, 0x0b, 0x0a, 0x19, 0x0a, 0x0f, 0x02,
    0x38, 0x02, 0x0f, 0x0a, 0x01, 0x0e, 0x07, 0x19, 0x0a, 0x0f, 0x02, 0x38, 0x02, 0x0f, 0x0e, 0x0e,
    0x0d, 0x01, 0x19, 0x0a, 0x0f, 0x02, 0x38, 0x02, 0x0f, 0x0c, 0x04, 0x01, 0x2c, 0x0a, 0x0f, 0x02,
    0x38, 0x02, 0x0f, 0x0a, 0xc2, 0x0a, 0x0f, 0x02, 0x38, 0x02, 0x0f, 0x0a, 0xc2, 0x0a, 0x0f, 0x02,
    0x38, 0x02, 0x0f, 0x0a, 0xc2, 0x0a, 0x0f, 0x02, 0x38, 0x02, 0x0f, 0x0a, 0xc2, 0x0a, 0x0f, 0x03,
    0x38, 0x03, 0x0f, 0x0a, 0xc2, 0x07, 0x0f, 0x07, 0x38, 0x08, 0x0f, 0x0a, 0xc2, 0x02, 0x0f, 0x0f,
    0x0a, 0x09, 0x0c, 0x0f, 0x0f, 0x0a, 0x22, 0x04, 0x0c, 0x0f, 0x0e, 0x0b, 0x04, 0x0f, 0x0a, 0x00,
    0xd2, 0x08, 0x0a, 0x1a, 0x0e, 0x0f, 0x02, 0xdf, 0x02, 0x03, 0x10, 0x0c, 0x00, 0xaf, 0x02, 0x0e,
    0x0e, 0x02, 0xdf, 0x03, 0x0f, 0x0a, 0x1a, 0x05, 0x0f, 0x05, 0xd2, 0x09, 0x0f, 0x09, 0x9d, 0x08,
    0x0f, 0x09, 0x19, 0x01, 0x0e, 0x0f, 0x02, 0x37, 0x02, 0x0f, 0x0e, 0x01, 0x2c, 0x07, 0x0f, 0x09,
    0x37, 0x09, 0x0f, 0x07, 0xc2, 0x0d, 0x0f, 0x02, 0x51, 0x02, 0x0f, 0x0d, 0x22, 0x05, 0x0f, 0x0a,
    0x51, 0x0a, 0x0f, 0x05, 0xb8, 0x0c, 0x0f, 0x03, 0x03, 0x0f, 0x0b, 0xdd, 0x03, 0x0f, 0x0b, 0x0b,
    0x0f, 0x03, 0x28, 0x0a, 0x0f, 0x0f, 0x0a, 0x00, 0x28, 0x02, 0x0f, 0x0f, 0x02, 0xdf, 0x0e, 0x0e,
    0x1a, 0x0e, 0x0e, 0x1a, 0x0e, 0x0e, 0x1a, 0x0e, 0x0e, 0x1a, 0x0e, 0x0e, 0x10, 0x09, 0xa4, 0x02,
    0x08, 0x07, 0x1a, 0x09, 0x0f, 0x06, 0x1a, 0x0b, 0x0e, 0x01, 0xdf, 0x01, 0x07, 0x04, 0x00, 0xd2,
    0x09, 0x0f, 0x05, 0x37, 0x0d, 0x0f, 0x01, 0x55, 0x04, 0x0f, 0x0a, 0x38, 0x03, 0x0f, 0x0b, 0x22,
    0x0d, 0x0f, 0x01, 0x51, 0x07, 0x0f, 0x05, 0x22, 0x08, 0x0f, 0x05, 0x51, 0x0c, 0x0f, 0x01, 0x22,
    0x03, 0x0f, 0x0a, 0x00, 0x02, 0x0f, 0x0a, 0xdd, 0x0c, 0x0f, 0x01, 0x06, 0x0f, 0x05, 0xdd, 0x07,
    0x0f, 0x05, 0x0b, 0x0e, 0x01, 0xdd, 0x02, 0x0f, 0x0b, 0x0f, 0x0a, 0x00, 0x28, 0x0b, 0x0f, 0x0f,
    0x04, 0x00, 0x28, 0x06, 0x0f, 0x0e, 0xdf, 0x02, 0x0f, 0x09, 0xdf, 0x05, 0x0f, 0x04, 0xdf, 0x0c,
    0x0d, 0x28, 0x02, 0x09, 0x0d, 0x0f, 0x06, 0x28, 0x02, 0x0e, 0x0e, 0x07, 0x10, 0x0c, 0x7d, 0x09,
    0x0f, 0x09, 0x9d, 0x08, 0x0f, 0x09, 0x19, 0x01, 0x0e, 0x0f, 0x02, 0x37, 0x02, 0x0f, 0x0e, 0x01,
    0x2c, 0x07, 0x0f, 0x09, 0x37, 0x09, 0x0f, 0x07, 0xc2, 0x0d, 0x0f, 0x02, 0x51, 0x02, 0x0f, 0x0d,
    0x22, 0x05, 0x0f, 0x0a, 0x51, 0x0a, 0x0f, 0x05, 0xb8, 0x0c, 0x0f, 0x03, 0x03, 0x0f, 0x0b, 0xdd,
    0x03, 0x0f, 0x0b, 0x0b, 0x0f, 0x03, 0x28, 0x0a, 0x0f, 0x0f, 0x0a, 0x00, 0x28, 0x02, 0x0f, 0x0f,
    0x02, 0xdf, 0x0e, 0x0e, 0x1a, 0x0e, 0x0e, 0x1a, 0x0e, 0x0e, 0x1a, 0x0e, 0x0e, 0x1a, 0x0e, 0x0e,
    0xfa, 0x08, 0x0a, 0x1a, 0x0e, 0x0f, 0x02, 0xdf, 0x02, 0x03, 0x10, 0x09, 0x00, 0x7e, 0x09, 0x0f,
    0x05, 0x37, 0x0d, 0x0f, 0x01, 0x55, 0x04, 0x0f, 0x0a, 0x38, 0x03, 0x0f, 0x0b, 0x22, 0x0d, 0x0f,
    0x01, 0x51, 0x07, 0x0f, 0x05, 0x22, 0x08, 0x0f, 0x05, 0x51, 0x0c, 0x0f, 0x01, 0x22, 0x03, 0x0f,
    0x0a, 0x00, 0x02, 0x0f, 0x0a, 0xdd, 0x0c, 0x0f, 0x01, 0x06, 0x0f, 0x05, 0xdd, 0x07, 0x0f, 0x05,
    0x0b, 0x0e, 0x01, 0xdd, 0x02, 0x0f, 0x0b, 0x0f, 0x0a, 0x00, 0x28, 0x0b, 0x0f, 0x0f, 0x04, 0x00,
    0x28, 0x06, 0x0f, 0x0e, 0xdf, 0x02, 0x0f, 0x09, 0xdf, 0x05, 0x0f, 0x04, 0xdf, 0x0c, 0x0d, 0x28,
    0x02, 0x09, 0x0d, 0x0f, 0x06, 0x00, 0x05, 0x07, 0x22, 0x02, 0x0e, 0x0e, 0x07, 0x51, 0x0e, 0x0f,
    0x02, 0xdf, 0x04, 0x06, 0x10, 0x0c, 0x31, 0x08, 0x0e, 0x09, 0xdf, 0x01, 0x04, 0x0f, 0x05, 0x00,
    0x28, 0x03, 0x0a, 0x0f, 0x04, 0x00, 0x28, 0x06, 0x0e, 0x02, 0x3a, 0x09, 0x0f, 0x09, 0x9d, 0x08,
    0x0f, 0x09, 0x19, 0x01, 0x0e, 0x0f, 0x02, 0x37, 0x02, 0x0f, 0x0e, 0x01, 0x2c, 0x07, 0x0f, 0x09,
    0x37, 0x09, 0x0f, 0x07, 0xc2, 0x0d, 0x0f, 0x02, 0x51, 0x02, 0x0f, 0x0d, 0x22, 0x05, 0x0f, 0x0a,
    0x51, 0x0a, 0x0f, 0x05, 0xb8, 0x0c, 0x0f, 0x03, 0x03, 0x0f, 0x0b, 0xdd, 0x03, 0x0f, 0x0b, 0x0b,
    0x0f, 0x03, 0x28, 0x0a, 0x0f, 0x0f, 0x0a, 0x00, 0x28, 0x02, 0x0f, 0x0f, 0x02, 0xdf, 0x0e, 0x0e,
    0x1a, 0x0e, 0x0e, 0x1a, 0x0e, 0x0e, 0x1a, 0x0e, 0x0e, 0x1a, 0x0e, 0x0e, 0x10, 0x09, 0xa6, 0x06,
    0x0a, 0x05, 0xdf, 0x03, 0x07, 0x0f, 0x04, 0x00, 0x28, 0x02, 0x06, 0x0f, 0x05, 0x00, 0x28, 0x06,
    0x0f, 0x06, 0xdf, 0x01, 0x03, 0x00, 0xd2, 0x09, 0x0f, 0x05, 0x37, 0x0d, 0x0f, 0x01, 0x55, 0x04,
    0x0f, 0x0a, 0x38, 0x03, 0x0f, 0x0b, 0x22, 0x0d, 0x0f, 0x01, 0x51, 0x07, 0x0f, 0x05, 0x22, 0x08,
    0x0f, 0x05, 0x51, 0x0c, 0x0f, 0x01, 0x22, 0x03, 0x0f, 0x0a, 0x00, 0x02, 0x0f, 0x0a, 0xdd, 0x0c,
    0x0f, 0x01, 0x06, 0x0f, 0x05, 0xdd, 0x07, 0x0f, 0x05, 0x0b, 0x0e, 0x01, 0xdd, 0x02, 0x0f, 0x0b,
    0x0f, 0x0a, 0x00, 0x28, 0x0b, 0x0f, 0x0f, 0x04, 0x00, 0x28, 0x06, 0x0f, 0x0e, 0xdf, 0x02, 0x0f,
    0x09, 0xdf, 0x05, 0x0f, 0x04, 0xdf, 0x0c, 0x0d, 0x28, 0x02, 0x09, 0x0d, 0x0f, 0x06, 0x28, 0x02,
    0x0e, 0x0e, 0x07, 0x10, 0x0c, 0x00, 0xaf, 0x01, 0x0b, 0x0e, 0x05, 0x00, 0x03, 0x0f, 0x01, 0x22,
    0x08, 0x0d, 0x07, 0x0d, 0x08, 0x0b, 0x0d, 0xb8, 0x0b, 0x07, 0x00, 0x03, 0x0d, 0x0e, 0x04, 0x2e,
    0x09, 0x0f, 0x09, 0x9d, 0x08, 0x0f, 0x09, 0x19, 0x01, 0x0e, 0x0f, 0x02, 0x37, 0x02, 0x0f, 0x0e,
    0x01, 0x2c, 0x07, 0x0f, 0x09, 0x37, 0x09, 0x0f, 0x07, 0xc2, 0x0d, 0x0f, 0x02, 0x51, 0x02, 0x0f,
    0x0d, 0x22, 0x05, 0x0f, 0x0a, 0x51, 0x0a, 0x0f, 0x05, 0xb8, 0x0c, 0x0f, 0x03, 0x03, 0x0f, 0x0b,
    0xdd, 0x03, 0x0f, 0x0b, 0x0b, 0x0f, 0x03, 0x28, 0x0a, 0x0f, 0x0f, 0x0a, 0x00, 0x28, 0x02, 0x0f,
    0x0f, 0x02, 0xdf, 0x0e, 0x0e, 0x1a, 0x0e, 0x0e, 0x1a, 0x0e, 0x0e, 0x1a, 0x0e, 0x0e, 0x1a, 0x0e,
    0x0e, 0x10, 0x09, 0x00, 0xa4, 0x07, 0x0a, 0x03, 0x00, 0x02, 0x0b, 0x01, 0x22, 0x06, 0x0f, 0x0a,
    0x0d, 0x04, 0x08, 0x0e, 0xb8, 0x0b, 0x08, 0x00, 0x05, 0x0f, 0x0f, 0x06, 0xb8, 0x03, 0x02, 0x51,
    0x02, 0x02, 0xd2, 0x09, 0x0f, 0x05, 0x37, 0x0d, 0x0f, 0x01, 0x55, 0x04, 0x0f, 0x0a, 0x38, 0x03,
    0x0f, 0x0b, 0x22, 0x0d, 0x0f, 0x01, 0x51, 0x07, 0x0f, 0x05, 0x22, 0x08, 0x0f, 0x05, 0x51, 0x0c,
    0x0f, 0x01, 0x22, 0x03, 0x0f, 0x0a, 0x00, 0x02, 0x0f, 0x0a, 0xdd, 0x0c, 0x0f, 0x01, 0x06, 0x0f,
    0x05, 0xdd, 0x07, 0x0f, 0x05, 0x0b, 0x0e, 0x01, 0xdd, 0x02, 0x0f, 0x0b, 0x0f, 0x0a, 0x00, 0x28,
    0x0b, 0x0f, 0x0f, 0x04, 0x00, 0x28, 0x06, 0x0f, 0x0e, 0xdf, 0x02, 0x0f, 0x09, 0xdf, 0x05, 0x0f,
    0x04, 0xdf, 0x0c, 0x0d, 0x28, 0x02, 0x09, 0x0d, 0x0f, 0x06, 0x28, 0x02, 0x0e, 0x0e, 0x07, 0x10,
};

static const uint16_t mf_rlefont_Roboto_Regular20_glyph_offsets_16[90] PROGMEM = {
    0x0000, 0x0076, 0x00e2, 0x0161, 0x01d8, 0x0262, 0x02ea, 0x0375,
    0x03fd, 0x0488, 0x050d, 0x0599, 0x0619, 0x06a2, 0x0725, 0x07ad,
    0x0831, 0x08b7, 0x093e, 0x09cc, 0x0a55, 0x0add, 0x0b65, 0x0bef,
    0x0c75, 0x0ce3, 0x0d46, 0x0dbf, 0x0e2d, 0x0ead, 0x0f24, 0x0fa4,
    0x1024, 0x10a5, 0x1125, 0x11a6, 0x1223, 0x12a5, 0x131d, 0x13a0,
    0x141b, 0x146b, 0x14b0, 0x14f5, 0x1536, 0x15b9, 0x161e, 0x16ab,
    0x171c, 0x17b2, 0x1835, 0x18cc, 0x194f, 0x19e6, 0x1a66, 0x1afe,
    0x1b79, 0x1c0e, 0x1c8b, 0x1d1a, 0x1d90, 0x1e1e, 0x1e92, 0x1f26,
    0x1fa0, 0x203a, 0x20bc, 0x2147, 0x21b5, 0x2237, 0x22a0, 0x232a,
    0x239f, 0x2435, 0x24b0, 0x2545, 0x25be, 0x265b, 0x26da, 0x277f,
    0x2806, 0x2898, 0x290b, 0x296d, 0x29dd, 0x2a3b, 0x2aa5, 0x2b0d,
    0x2b84, 0x2bf2,
};

static const uint8_t mf_rlefont_Roboto_Regular20_glyph_data_17[148] PROGMEM = {
    0x0e, 0x51, 0x99, 0x0e, 0x0b, 0x00, 0x01, 0x0f, 0x0c, 0x51, 0x01, 0x08, 0x0d, 0x0f, 0x0e, 0x0c,
    0x06, 0x00, 0x3f, 0x0d, 0x0c, 0x00, 0x06, 0x0f, 0x04, 0x00, 0x02, 0x0d, 0x0f, 0x0d, 0x0a, 0x0a,
    0x0e, 0x0f, 0x0b, 0x3f, 0x08, 0x0f, 0x01, 0x0a, 0x0a, 0x51, 0x0c, 0x0f, 0x07, 0x38, 0x01, 0x0a,
    0x0f, 0x08, 0x4b, 0x01, 0x0b, 0x05, 0x0e, 0x02, 0x00, 0x04, 0x0f, 0x0a, 0x9d, 0x0d, 0x0f, 0x01,
    0x19, 0x09, 0x0f, 0x05, 0x9d, 0x08, 0x0f, 0x06, 0x19, 0x0c, 0x0f, 0x02, 0x9d, 0x05, 0x0f, 0x08,
    0x19, 0x0d, 0x0f, 0x01, 0x9d, 0x04, 0x0f, 0x09, 0x19, 0x0d, 0x0f, 0x01, 0x9d, 0x04, 0x0f, 0x09,
    0x19, 0x0c, 0x0f, 0x02, 0x9d, 0x05, 0x0f, 0x08, 0x19, 0x09, 0x0f, 0x04, 0x9d, 0x08, 0x0f, 0x06,
    0x19, 0x04, 0x0f, 0x0a, 0x9d, 0x0d, 0x0f, 0x01, 0x2c, 0x0c, 0x0f, 0x07, 0x37, 0x09, 0x0f, 0x09,
    0x55, 0x02, 0x0d, 0x0f, 0x0d, 0x09, 0x0a, 0x0e, 0x0f, 0x0b, 0x01, 0xc2, 0x01, 0x08, 0x0d, 0x0f,
    0x0e, 0x0c, 0x06, 0x10,
};

static const uint16_t mf_rlefont_Roboto_Regular20_glyph_offsets_17[1] PROGMEM = {
    0x0000,
};

static const uint8_t mf_rlefont_Roboto_Regular20_glyph_data_18[1043] PROGMEM = {
    0x0a, 0x00, 0x10, 0x14, 0x00, 0x10, 0x07, 0x00, 0x10, 0x05, 0x00, 0x10, 0x03, 0x00, 0x10, 0x0b,
    0x00, 0x10, 0x04, 0x00, 0x10, 0x02, 0x00, 0x10, 0x00, 0x00, 0x10, 0x00, 0x06, 0x2a, 0x54, 0x05,
    0x07, 0x07, 0x07, 0x07, 0x01, 0xdd, 0x09, 0x0f, 0x0f, 0x0f, 0x0f, 0x02, 0x10, 0x0d, 0x3c, 0x54,
    0x03, 0x07, 0x07, 0x07, 0x07, 0x07, 0x07, 0x07, 0x07, 0x07, 0x03, 0x2c, 0x06, 0x0f, 0x0f, 0x0f,
    0x0f, 0x0f, 0x0f, 0x0f, 0x0f, 0x0f, 0x06, 0x10, 0x10, 0x3c, 0x54, 0x04, 0x07, 0x07, 0x07, 0x07,
    0x07, 0x07, 0x07, 0x07, 0x07, 0x07, 0x07, 0x07, 0x03, 0x66, 0x09, 0x0f, 0x0f, 0x0f, 0x0f, 0x0f,
    0x0f, 0x0f, 0x0f, 0x0f, 0x0f, 0x0f, 0x0f, 0x07, 0x10, 0x09, 0xaa, 0xb0, 0x0d, 0x0f, 0x0f, 0x0f,
    0x0f, 0x0f, 0x0f, 0x0f, 0x0f, 0x01, 0x55, 0x06, 0x07, 0x07, 0x07, 0x07, 0x07, 0x07, 0x07, 0x07,
    0x01, 0x55, 0x0d, 0x0f, 0x0f, 0x0f, 0x0f, 0x0f, 0x0f, 0x0f, 0x0f, 0x01, 0x55, 0x06, 0x07, 0x07,
    0x07, 0x07, 0x07, 0x07, 0x07, 0x07, 0x01, 0x10, 0x04, 0x52, 0x4a, 0x0b, 0x05, 0xdf, 0x07, 0x0f,
    0x04, 0xdf, 0x0d, 0x0d, 0x1a, 0x0f, 0x0b, 0xdf, 0x01, 0x0f, 0x0b, 0x10, 0x04, 0x4c, 0x4a, 0x09,
    0x0f, 0x03, 0xdf, 0x09, 0x0f, 0x03, 0xdf, 0x0b, 0x0f, 0x01, 0x00, 0x28, 0x02, 0x0f, 0x09, 0xdf,
    0x03, 0x0c, 0x01, 0x10, 0x04, 0xf0, 0xb0, 0x0b, 0x0f, 0x01, 0xdf, 0x0b, 0x0f, 0x01, 0xdf, 0x0d,
    0x0d, 0xdf, 0x04, 0x0f, 0x07, 0xdf, 0x04, 0x0b, 0x10, 0x04, 0x9d, 0x4a, 0x04, 0x0f, 0x08, 0xdf,
    0x03, 0x0f, 0x09, 0xdf, 0x01, 0x0f, 0x0b, 0x1a, 0x0a, 0x0f, 0x02, 0xdf, 0x02, 0x0c, 0x03, 0x10,
    0x07, 0x52, 0x4a, 0x0b, 0x05, 0x00, 0x0b, 0x05, 0xdd, 0x07, 0x0f, 0x04, 0x07, 0x0f, 0x04, 0xdd,
    0x0d, 0x0d, 0x00, 0x0d, 0x0d, 0x28, 0x0f, 0x0b, 0x00, 0x0f, 0x0b, 0xdd, 0x01, 0x0f, 0x0b, 0x01,
    0x0f, 0x0b, 0x10, 0x07, 0x4c, 0x4a, 0x09, 0x0f, 0x03, 0x09, 0x0f, 0x03, 0xdd, 0x09, 0x0f, 0x03,
    0x09, 0x0f, 0x03, 0xdd, 0x0b, 0x0f, 0x01, 0x0b, 0x0f, 0x01, 0xb8, 0x02, 0x0f, 0x09, 0x02, 0x0f,
    0x09, 0xdd, 0x03, 0x0c, 0x01, 0x03, 0x0c, 0x01, 0x10, 0x07, 0xf0, 0xb0, 0x0b, 0x0f, 0x01, 0x0c,
    0x0f, 0x28, 0x0b, 0x0f, 0x01, 0x0d, 0x0f, 0x28, 0x0d, 0x0e, 0x00, 0x0e, 0x0d, 0xdd, 0x03, 0x0f,
    0x08, 0x04, 0x0f, 0x07, 0xdd, 0x05, 0x0c, 0x01, 0x06, 0x0b, 0x10, 0x0b, 0xfc, 0x06, 0x0f, 0x06,
    0xdf, 0x06, 0x0f, 0x06, 0xdf, 0x06, 0x0f, 0x06, 0xdf, 0x06, 0x0f, 0x06, 0xb8, 0x05, 0x0f, 0x0f,
    0x0f, 0x0f, 0x0f, 0x0f, 0x0f, 0x0f, 0x0f, 0x05, 0x2c, 0x02, 0x07, 0x07, 0x07, 0x0a, 0x0f, 0x0a,
    0x07, 0x07, 0x07, 0x03, 0xb8, 0x06, 0x0f, 0x06, 0xdf, 0x06, 0x0f, 0x06, 0xdf, 0x06, 0x0f, 0x06,
    0xdf, 0x06, 0x0f, 0x06, 0xdf, 0x06, 0x0f, 0x06, 0xdf, 0x06, 0x0f, 0x06, 0xdf, 0x06, 0x0f, 0x06,
    0xdf, 0x06, 0x0f, 0x06, 0x10, 0x0b, 0xfc, 0x04, 0x0f, 0x08, 0xdf, 0x04, 0x0f, 0x08, 0xdf, 0x04,
    0x0f, 0x08, 0xdf, 0x04, 0x0f, 0x08, 0xb8, 0x02, 0x0f, 0x0f, 0x0f, 0x0f, 0x0f, 0x0f, 0x0f, 0x0f,
    0x0f, 0x08, 0x2c, 0x01, 0x07, 0x07, 0x07, 0x09, 0x0f, 0x0c, 0x07, 0x07, 0x07, 0x04, 0xb8, 0x04,
    0x0f, 0x08, 0xdf, 0x04, 0x0f, 0x08, 0xdf, 0x04, 0x0f, 0x08, 0xdf, 0x04, 0x0f, 0x08, 0xdf, 0x04,
    0x0f, 0x08, 0xdf, 0x04, 0x0f, 0x08, 0xb8, 0x01, 0x07, 0x07, 0x07, 0x09, 0x0f, 0x0c, 0x07, 0x07,
    0x07, 0x04, 0x2c, 0x02, 0x0f, 0x0f, 0x0f, 0x0f, 0x0f, 0x0f, 0x0f, 0x0f, 0x0f, 0x08, 0xb8, 0x04,
    0x0f, 0x08, 0xdf, 0x04, 0x0f, 0x08, 0xdf, 0x04, 0x0f, 0x08, 0xdf, 0x04, 0x0f, 0x08, 0x10, 0x07,
    0x4c, 0xc3, 0x02, 0x0c, 0x0f, 0x0a, 0x00, 0x28, 0x09, 0x0f, 0x0f, 0x0f, 0x04, 0x28, 0x09, 0x0f,
    0x0f, 0x0f, 0x04, 0x28, 0x02, 0x0c, 0x0f, 0x0a, 0x10, 0x09, 0x90, 0xb0, 0x02, 0x38, 0x02, 0xdd,
    0x07, 0x0f, 0x08, 0x00, 0x07, 0x0f, 0x08, 0xb8, 0x06, 0x0f, 0x06, 0x00, 0x06, 0x0f, 0x06, 0x10,
    0x0d, 0x90, 0xb0, 0x02, 0x38, 0x02, 0x38, 0x02, 0x55, 0x07, 0x0f, 0x08, 0x00, 0x07, 0x0f, 0x08,
    0x00, 0x07, 0x0f, 0x08, 0x2c, 0x06, 0x0f, 0x06, 0x00, 0x06, 0x0f, 0x06, 0x00, 0x06, 0x0f, 0x06,
    0x10, 0x04, 0x2a, 0x54, 0x01, 0x0e, 0x0b, 0xdf, 0x01, 0x0e, 0x0b, 0x10, 0x13, 0x00, 0x7d, 0x03,
    0x0c, 0x0f, 0x0d, 0x04, 0x28, 0x0d, 0x0a, 0x03, 0x08, 0x0f, 0x02, 0x51, 0x02, 0x09, 0x2c, 0x04,
    0x0f, 0x02, 0x51, 0x0e, 0x07, 0x51, 0x0b, 0x0b, 0x2c, 0x05, 0x0f, 0x38, 0x0d, 0x08, 0x00, 0x05,
    0x0e, 0x02, 0x2c, 0x04, 0x0f, 0x02, 0x51, 0x0e, 0x07, 0x01, 0x0e, 0x07, 0xc2, 0x0d, 0x0a, 0x03,
    0x08, 0x0f, 0x02, 0x09, 0x0c, 0x22, 0x03, 0x0c, 0x0f, 0x0d, 0x04, 0x03, 0x0f, 0x03, 0xdf, 0x0c,
    0x09, 0x01, 0x09, 0x0e, 0x0e, 0x07, 0x03, 0x0c, 0x0f, 0x0c, 0x03, 0x41, 0x07, 0x0e, 0x01, 0x09,
    0x0e, 0x04, 0x05, 0x0e, 0x0e, 0x08, 0x03, 0x0a, 0x0e, 0x01, 0x00, 0x3f, 0x02, 0x0e, 0x05, 0x00,
    0x0e, 0x07, 0x51, 0x09, 0x0e, 0x51, 0x01, 0x0f, 0x04, 0x00, 0x3f, 0x0b, 0x0b, 0x51, 0x0f, 0x06,
    0x51, 0x08, 0x0d, 0x38, 0x0f, 0x05, 0x3f, 0x05, 0x0e, 0x02, 0x51, 0x0e, 0x07, 0x51, 0x09, 0x0e,
    0x51, 0x01, 0x0f, 0x04, 0x3f, 0x06, 0x07, 0x38, 0x08, 0x0e, 0x04, 0x05, 0x0e, 0x0e, 0x09, 0x03,
    0x0a, 0x0e, 0x01, 0x55, 0x09, 0x0e, 0x0e, 0x07, 0x03, 0x0c, 0x0f, 0x0c, 0x03, 0x10, 0x04, 0x4c,
    0x4a, 0x0f, 0x07, 0x1a, 0x0f, 0x07, 0x1a, 0x0f, 0x06, 0x1a, 0x0f, 0x05, 0x1a, 0x0f, 0x05, 0x10,
    0x06, 0x4c, 0x4a, 0x0a, 0x0b, 0x00, 0x0f, 0x05, 0x28, 0x0a, 0x0b, 0x00, 0x0f, 0x05, 0x28, 0x0a,
    0x09, 0x00, 0x0f, 0x04, 0x28, 0x0a, 0x08, 0x00, 0x0f, 0x03, 0x28, 0x0a, 0x07, 0x00, 0x0f, 0x02,
    0x10, 0x06, 0x3c, 0xc3, 0x07, 0x0d, 0x01, 0x00, 0x28, 0x05, 0x0f, 0x04, 0x00, 0x28, 0x03, 0x0f,
    0x08, 0xdf, 0x0c, 0x0e, 0x01, 0xdf, 0x03, 0x0e, 0x08, 0x1a, 0x05, 0x0f, 0x04, 0x1a, 0x07, 0x0d,
    0x01, 0x10, 0x06, 0x4c, 0xc3, 0x0c, 0x0a, 0x1a, 0x03, 0x0f, 0x06, 0x1a, 0x08, 0x0e, 0x02, 0xdf,
    0x01, 0x0d, 0x0c, 0x01, 0x00, 0x28, 0x02, 0x0e, 0x0a, 0x00, 0x28, 0x01, 0x0d, 0x0b, 0xdf, 0x0b,
    0x0b, 0x10, 0x0a, 0x00, 0x7d, 0x06, 0x0f, 0x08, 0x51, 0x06, 0x0f, 0x08, 0x22, 0x05, 0x0f, 0x08,
    0x51, 0x05, 0x0f, 0x08, 0x22, 0x05, 0x0f, 0x08, 0x51, 0x05, 0x0f, 0x08, 0x22, 0x05, 0x0f, 0x07,
    0x51, 0x05, 0x0f, 0x07, 0x22, 0x05, 0x0f, 0x07, 0x51, 0x05, 0x0f, 0x07, 0x22, 0x04, 0x0f, 0x07,
    0x51, 0x04, 0x0f, 0x07, 0x22, 0x04, 0x0f, 0x07, 0x51, 0x04, 0x0f, 0x07, 0x22, 0x04, 0x0f, 0x07,
    0x51, 0x04, 0x0f, 0x07, 0x22, 0x04, 0x0f, 0x06, 0x51, 0x04, 0x0f, 0x06, 0x22, 0x04, 0x0f, 0x06,
    0x51, 0x04, 0x0f, 0x06, 0x5e, 0x04, 0x0f, 0x08, 0x51, 0x04, 0x0f, 0x08, 0x22, 0x04, 0x0f, 0x08,
    0x51, 0x04, 0x0f, 0x08, 0x10, 0x09, 0x51, 0x6d, 0x0b, 0x04, 0xdf, 0x07, 0x0e, 0x01, 0x00, 0x28,
    0x03, 0x0f, 0x05, 0xdf, 0x0c, 0x09, 0xdf, 0x07, 0x0d, 0x01, 0x00, 0x28, 0x03, 0x0f, 0x04, 0xdf,
    0x0c, 0x09, 0xdf, 0x08, 0x0d, 0x01, 0x00, 0x28, 0x03, 0x0f, 0x04, 0xdf, 0x0c, 0x09, 0xdf, 0x02,
    0x0b, 0x01, 0x10,
};

static const uint16_t mf_rlefont_Roboto_Regular20_glyph_offsets_18[69] PROGMEM = {
    0x0000, 0x0003, 0x0000, 0x0003, 0x0006, 0x0009, 0x000c, 0x000f,
    0x0009, 0x0012, 0x0015, 0x0018, 0x001b, 0x001b, 0x001b, 0x001b,
    0x001c, 0x001c, 0x001b, 0x002d, 0x0048, 0x0048, 0x001b, 0x0069,
    0x0098, 0x00ac, 0x00c4, 0x00d9, 0x00f0, 0x0113, 0x0139, 0x001b,
    0x015b, 0x01a5, 0x020f, 0x001b, 0x001b, 0x0229, 0x0240, 0x0261,
    0x001b, 0x001b, 0x001b, 0x001b, 0x001b, 0x001b, 0x001b, 0x001b,
    0x026c, 0x001b, 0x030e, 0x0320, 0x001b, 0x001b, 0x001b, 0x001b,
    0x001b, 0x0341, 0x0362, 0x001b, 0x0382, 0x001b, 0x001b, 0x001b,
    0x001b, 0x001b, 0x001b, 0x001b, 0x03e5,
};

static const uint8_t mf_rlefont_Roboto_Regular20_glyph_data_19[1297] PROGMEM = {
    0x07, 0x4c, 0x4a, 0x03, 0x0c, 0x0f, 0x0d, 0x06, 0x28, 0x0d, 0x0d, 0x05, 0x0a, 0x0f, 0x03, 0xb8,
    0x02, 0x0f, 0x06, 0x00, 0x01, 0x0f, 0x07, 0xb8, 0x03, 0x0f, 0x05, 0x51, 0x0f, 0x08, 0xb8, 0x03,
    0x0f, 0x05, 0x51, 0x0f, 0x08, 0xb8, 0x02, 0x0f, 0x06, 0x00, 0x01, 0x0f, 0x07, 0xdd, 0x0d, 0x0d,
    0x05, 0x09, 0x0f, 0x03, 0xdd, 0x03, 0x0c, 0x0f, 0x0d, 0x06, 0x10, 0x00, 0x07, 0x97, 0x03, 0x0f,
    0x0c, 0x00, 0x28, 0x01, 0x0d, 0x0f, 0x0c, 0x00, 0x28, 0x09, 0x0d, 0x0c, 0x0c, 0x28, 0x05, 0x0e,
    0x02, 0x0b, 0x0c, 0xdd, 0x02, 0x0e, 0x08, 0x04, 0x0c, 0x0d, 0x04, 0xb8, 0x07, 0x0f, 0x0f, 0x0f,
    0x0f, 0x0f, 0x0d, 0xdf, 0x0b, 0x0c, 0x1a, 0x0b, 0x0c, 0x10, 0x07, 0x4c, 0x4a, 0x07, 0x0f, 0x0f,
    0x0f, 0x0f, 0x04, 0xdd, 0x09, 0x0d, 0x04, 0x04, 0x04, 0x01, 0xdd, 0x0b, 0x0b, 0x1a, 0x0c, 0x0e,
    0x0e, 0x0e, 0x09, 0x28, 0x05, 0x06, 0x02, 0x06, 0x0f, 0x07, 0xdd, 0x03, 0x01, 0x51, 0x0e, 0x09,
    0xdd, 0x0e, 0x0c, 0x04, 0x07, 0x0f, 0x06, 0xdd, 0x03, 0x0b, 0x0f, 0x0e, 0x08, 0x10, 0x07, 0x52,
    0x4a, 0x04, 0x0b, 0x0e, 0x06, 0x28, 0x05, 0x0f, 0x0a, 0x05, 0x02, 0x28, 0x0d, 0x0a, 0xdf, 0x01,
    0x0f, 0x0b, 0x0d, 0x0f, 0x0a, 0x01, 0xb8, 0x02, 0x0f, 0x0c, 0x05, 0x07, 0x0f, 0x08, 0xb8, 0x01,
    0x0f, 0x07, 0x51, 0x0d, 0x0a, 0xdd, 0x0c, 0x0d, 0x05, 0x07, 0x0f, 0x07, 0xdd, 0x02, 0x0b, 0x0f,
    0x0e, 0x08, 0x10, 0x07, 0x9d, 0x4a, 0x06, 0x0f, 0x0f, 0x0f, 0x0f, 0x0f, 0x09, 0xb8, 0x02, 0x04,
    0x04, 0x04, 0x06, 0x0f, 0x05, 0xdf, 0x0a, 0x0d, 0xdf, 0x02, 0x0f, 0x05, 0xdf, 0x0a, 0x0d, 0xdf,
    0x02, 0x0f, 0x06, 0xdf, 0x0a, 0x0d, 0xdf, 0x03, 0x0f, 0x07, 0x10, 0x07, 0x4c, 0x4a, 0x03, 0x0c,
    0x0f, 0x0d, 0x06, 0x28, 0x0d, 0x0d, 0x04, 0x0a, 0x0f, 0x03, 0xdd, 0x0f, 0x08, 0x00, 0x03, 0x0f,
    0x05, 0xdd, 0x0b, 0x0d, 0x05, 0x0a, 0x0e, 0x02, 0xdd, 0x05, 0x0f, 0x0f, 0x0f, 0x0a, 0xdd, 0x02,
    0x0f, 0x08, 0x00, 0x03, 0x0f, 0x07, 0xb8, 0x02, 0x0f, 0x0a, 0x04, 0x07, 0x0f, 0x07, 0xdd, 0x06,
    0x0d, 0x0f, 0x0e, 0x09, 0x01, 0x10, 0x07, 0x4c, 0x4a, 0x04, 0x0c, 0x0f, 0x0d, 0x05, 0xdd, 0x01,
    0x0e, 0x0b, 0x05, 0x0a, 0x0f, 0x02, 0xb8, 0x04, 0x0f, 0x04, 0x00, 0x02, 0x0f, 0x06, 0xb8, 0x02,
    0x0f, 0x0a, 0x03, 0x08, 0x0f, 0x07, 0xdd, 0x06, 0x0e, 0x0f, 0x0b, 0x0f, 0x06, 0xdf, 0x04, 0x0f,
    0x03, 0x28, 0x04, 0x06, 0x0e, 0x0b, 0x00, 0x28, 0x0e, 0x0d, 0x08, 0x01, 0x10, 0x08, 0x52, 0xf6,
    0x09, 0x0a, 0x1a, 0x09, 0x0a, 0x1a, 0x09, 0x0a, 0x28, 0x03, 0x0f, 0x0f, 0x0f, 0x0f, 0x0f, 0x0f,
    0x04, 0x22, 0x01, 0x04, 0x04, 0x0b, 0x0b, 0x04, 0x04, 0x01, 0x28, 0x09, 0x0a, 0x1a, 0x09, 0x0a,
    0x1a, 0x09, 0x0a, 0x10, 0x07, 0x00, 0x7e, 0x01, 0x04, 0x04, 0x04, 0x04, 0x04, 0x03, 0xb8, 0x03,
    0x0f, 0x0f, 0x0f, 0x0f, 0x0f, 0x0a, 0x10, 0x07, 0x37, 0xf4, 0x01, 0x04, 0x04, 0x04, 0x04, 0x04,
    0x03, 0xb8, 0x03, 0x0f, 0x0f, 0x0f, 0x0f, 0x0f, 0x0a, 0xd2, 0x03, 0x0f, 0x0f, 0x0f, 0x0f, 0x0f,
    0x0a, 0xb8, 0x01, 0x04, 0x04, 0x04, 0x04, 0x04, 0x03, 0x10, 0x05, 0x00, 0xa4, 0x02, 0x0a, 0xdf,
    0x01, 0x0d, 0x0b, 0xdf, 0x07, 0x0f, 0x02, 0xdf, 0x0d, 0x0b, 0xdf, 0x01, 0x0f, 0x08, 0xdf, 0x02,
    0x0f, 0x06, 0xdf, 0x02, 0x0f, 0x06, 0xdf, 0x01, 0x0f, 0x07, 0x1a, 0x0d, 0x0b, 0x1a, 0x07, 0x0f,
    0x02, 0xdf, 0x01, 0x0d, 0x0b, 0x1a, 0x03, 0x0a, 0x10, 0x05, 0xa4, 0x0b, 0x01, 0xdf, 0x01, 0x0d,
    0x0b, 0x1a, 0x04, 0x0f, 0x05, 0x1a, 0x0d, 0x0a, 0x1a, 0x0a, 0x0e, 0x1a, 0x08, 0x0f, 0x1a, 0x08,
    0x0f, 0x1a, 0x0a, 0x0e, 0x1a, 0x0d, 0x0b, 0xdf, 0x03, 0x0f, 0x05, 0x00, 0x28, 0x01, 0x0c, 0x0b,
    0xdf, 0x01, 0x0b, 0x01, 0x10, 0x08, 0x00, 0x7d, 0x0c, 0x09, 0x08, 0x0e, 0x0e, 0x07, 0xdd, 0x0c,
    0x0e, 0x0a, 0x07, 0x0d, 0x0f, 0x03, 0xb8, 0x0c, 0x0e, 0x51, 0x05, 0x0f, 0x06, 0xb8, 0x0c, 0x0d,
    0x51, 0x04, 0x0f, 0x07, 0xb8, 0x0c, 0x0d, 0x51, 0x04, 0x0f, 0x07, 0xb8, 0x0c, 0x0d, 0x51, 0x04,
    0x0f, 0x07, 0xb8, 0x0c, 0x0d, 0x51, 0x04, 0x0f, 0x07, 0xb8, 0x0c, 0x0d, 0x51, 0x04, 0x0f, 0x07,
    0x10, 0x07, 0xd2, 0xb0, 0x03, 0x0c, 0x0f, 0x0d, 0x06, 0x28, 0x0d, 0x0d, 0x05, 0x0a, 0x0f, 0x03,
    0xb8, 0x02, 0x0f, 0x06, 0x00, 0x01, 0x0f, 0x07, 0xb8, 0x03, 0x0f, 0x05, 0x51, 0x0f, 0x08, 0xb8,
    0x03, 0x0f, 0x05, 0x51, 0x0f, 0x08, 0xb8, 0x02, 0x0f, 0x06, 0x00, 0x01, 0x0f, 0x07, 0xdd, 0x0d,
    0x0d, 0x05, 0x09, 0x0f, 0x03, 0xdd, 0x03, 0x0c, 0x0f, 0x0d, 0x06, 0x10, 0x07, 0x30, 0xfe, 0x05,
    0x09, 0x0b, 0x00, 0x28, 0x0c, 0x0f, 0x0e, 0x0c, 0x00, 0x28, 0x03, 0x01, 0x0a, 0x0c, 0x1a, 0x0a,
    0x0c, 0x1a, 0x0a, 0x0c, 0x1a, 0x0a, 0x0c, 0x1a, 0x0a, 0x0c, 0x1a, 0x0a, 0x0c, 0x10, 0x07, 0xd2,
    0xb0, 0x05, 0x0d, 0x0f, 0x0d, 0x06, 0xdd, 0x02, 0x0f, 0x0a, 0x04, 0x0a, 0x0f, 0x03, 0xb8, 0x03,
    0x08, 0x02, 0x00, 0x04, 0x0f, 0x05, 0xdf, 0x0b, 0x0e, 0x01, 0x00, 0x28, 0x0a, 0x0f, 0x04, 0x00,
    0x28, 0x0a, 0x0e, 0x04, 0x00, 0x28, 0x0b, 0x0f, 0x07, 0x04, 0x04, 0x03, 0xb8, 0x03, 0x0f, 0x0f,
    0x0f, 0x0f, 0x0f, 0x0a, 0x10, 0x07, 0xd2, 0xb0, 0x05, 0x0d, 0x0f, 0x0d, 0x08, 0xdd, 0x02, 0x0f,
    0x0a, 0x04, 0x08, 0x0f, 0x04, 0xb8, 0x01, 0x02, 0x01, 0x02, 0x07, 0x0f, 0x03, 0x28, 0x07, 0x0f,
    0x0f, 0x09, 0x1a, 0x06, 0x0f, 0x05, 0xb8, 0x02, 0x04, 0x01, 0x00, 0x01, 0x0f, 0x08, 0xb8, 0x03,
    0x0f, 0x0a, 0x04, 0x09, 0x0f, 0x04, 0xdd, 0x06, 0x0d, 0x0f, 0x0d, 0x06, 0x10, 0x07, 0x35, 0xfe,
    0x03, 0x0f, 0x0c, 0x00, 0x28, 0x01, 0x0d, 0x0f, 0x0c, 0x00, 0x28, 0x09, 0x0d, 0x0c, 0x0c, 0x28,
    0x05, 0x0e, 0x02, 0x0b, 0x0c, 0xdd, 0x02, 0x0e, 0x08, 0x04, 0x0c, 0x0d, 0x04, 0xb8, 0x07, 0x0f,
    0x0f, 0x0f, 0x0f, 0x0f, 0x0d, 0xdf, 0x0b, 0x0c, 0x1a, 0x0b, 0x0c, 0x10, 0x07, 0xd2, 0xb0, 0x07,
    0x0f, 0x0f, 0x0f, 0x0f, 0x04, 0xdd, 0x09, 0x0d, 0x04, 0x04, 0x04, 0x01, 0xdd, 0x0b, 0x0b, 0x1a,
    0x0c, 0x0e, 0x0e, 0x0e, 0x09, 0x28, 0x05, 0x06, 0x02, 0x06, 0x0f, 0x07, 0xdd, 0x03, 0x01, 0x51,
    0x0e, 0x09, 0xdd, 0x0e, 0x0c, 0x04, 0x07, 0x0f, 0x06, 0xdd, 0x03, 0x0b, 0x0f, 0x0e, 0x08, 0x10,
    0x07, 0x30, 0xfe, 0x04, 0x0b, 0x0e, 0x06, 0x28, 0x05, 0x0f, 0x0a, 0x05, 0x02, 0x28, 0x0d, 0x0a,
    0xdf, 0x01, 0x0f, 0x0b, 0x0d, 0x0f, 0x0a, 0x01, 0xb8, 0x02, 0x0f, 0x0c, 0x05, 0x07, 0x0f, 0x08,
    0xb8, 0x01, 0x0f, 0x07, 0x51, 0x0d, 0x0a, 0xdd, 0x0c, 0x0d, 0x05, 0x07, 0x0f, 0x07, 0xdd, 0x02,
    0x0b, 0x0f, 0x0e, 0x08, 0x10, 0x07, 0x3a, 0xb0, 0x06, 0x0f, 0x0f, 0x0f, 0x0f, 0x0f, 0x09, 0xb8,
    0x02, 0x04, 0x04, 0x04, 0x06, 0x0f, 0x05, 0xdf, 0x0a, 0x0d, 0xdf, 0x02, 0x0f, 0x05, 0xdf, 0x0a,
    0x0d, 0xdf, 0x02, 0x0f, 0x06, 0xdf, 0x0a, 0x0d, 0xdf, 0x03, 0x0f, 0x07, 0x10, 0x07, 0xd2, 0xb0,
    0x03, 0x0c, 0x0f, 0x0d, 0x06, 0x28, 0x0d, 0x0d, 0x04, 0x0a, 0x0f, 0x03, 0xdd, 0x0f, 0x08, 0x00,
    0x03, 0x0f, 0x05, 0xdd, 0x0b, 0x0d, 0x05, 0x0a, 0x0e, 0x02, 0xdd, 0x05, 0x0f, 0x0f, 0x0f, 0x0a,
    0xdd, 0x02, 0x0f, 0x08, 0x00, 0x03, 0x0f, 0x07, 0xb8, 0x02, 0x0f, 0x0a, 0x04, 0x07, 0x0f, 0x07,
    0xdd, 0x06, 0x0d, 0x0f, 0x0e, 0x09, 0x01, 0x10, 0x07, 0xd2, 0xb0, 0x04, 0x0c, 0x0f, 0x0d, 0x05,
    0xdd, 0x01, 0x0e, 0x0b, 0x05, 0x0a, 0x0f, 0x02, 0xb8, 0x04, 0x0f, 0x04, 0x00, 0x02, 0x0f, 0x06,
    0xb8, 0x02, 0x0f, 0x0a, 0x03, 0x08, 0x0f, 0x07, 0xdd, 0x06, 0x0e, 0x0f, 0x0b, 0x0f, 0x06, 0xdf,
    0x04, 0x0f, 0x03, 0x28, 0x04, 0x06, 0x0e, 0x0b, 0x00, 0x28, 0x0e, 0x0d, 0x08, 0x01, 0x10, 0x08,
    0xce, 0xb0, 0x09, 0x0a, 0x1a, 0x09, 0x0a, 0x1a, 0x09, 0x0a, 0x28, 0x03, 0x0f, 0x0f, 0x0f, 0x0f,
    0x0f, 0x0f, 0x04, 0x22, 0x01, 0x04, 0x04, 0x0b, 0x0b, 0x04, 0x04, 0x01, 0x28, 0x09, 0x0a, 0x1a,
    0x09, 0x0a, 0x1a, 0x09, 0x0a, 0x10, 0x07, 0x7f, 0xb0, 0x01, 0x04, 0x04, 0x04, 0x04, 0x04, 0x03,
    0xb8, 0x03, 0x0f, 0x0f, 0x0f, 0x0f, 0x0f, 0x0a, 0x10, 0x07, 0xed, 0xa7, 0x01, 0x04, 0x04, 0x04,
    0x04, 0x04, 0x03, 0xb8, 0x03, 0x0f, 0x0f, 0x0f, 0x0f, 0x0f, 0x0a, 0xd2, 0x03, 0x0f, 0x0f, 0x0f,
    0x0f, 0x0f, 0x0a, 0xb8, 0x01, 0x04, 0x04, 0x04, 0x04, 0x04, 0x03, 0x10, 0x05, 0xa7, 0x03, 0x0a,
    0xdf, 0x01, 0x0e, 0x0a, 0xdf, 0x09, 0x0e, 0x01, 0xdf, 0x0e, 0x0a, 0xdf, 0x02, 0x0f, 0x07, 0xdf,
    0x02, 0x0f, 0x06, 0xdf, 0x02, 0x0f, 0x07, 0x1a, 0x0e, 0x09, 0x1a, 0x08, 0x0e, 0x01, 0xdf, 0x01,
    0x0e, 0x0a, 0x1a, 0x03, 0x0b, 0x10, 0x05, 0x4b, 0xfe, 0x0b, 0x02, 0xdf, 0x01, 0x0c, 0x0d, 0x01,
    0xdf, 0x02, 0x0f, 0x07, 0x1a, 0x0c, 0x0c, 0x1a, 0x09, 0x0f, 0x1a, 0x08, 0x0f, 0x1a, 0x09, 0x0f,
    0x1a, 0x0c, 0x0c, 0xdf, 0x02, 0x0f, 0x06, 0x00, 0x28, 0x01, 0x0c, 0x0c, 0xdf, 0x01, 0x0b, 0x02,
    0x10,
};

static const uint16_t mf_rlefont_Roboto_Regular20_glyph_offsets_19[31] PROGMEM = {
    0x0000, 0x003b, 0x003b, 0x003b, 0x003c, 0x006a, 0x009e, 0x00d3,
    0x00fb, 0x0136, 0x016d, 0x0194, 0x01a7, 0x01ca, 0x01f9, 0x0225,
    0x0261, 0x029c, 0x02be, 0x02f5, 0x032d, 0x035c, 0x0390, 0x03c5,
    0x03ed, 0x0428, 0x045f, 0x0486, 0x0499, 0x04bc, 0x04e6,
};

static const uint8_t mf_rlefont_Roboto_Regular20_glyph_data_20[1873] PROGMEM = {
    0x0b, 0x00, 0x7d, 0x05, 0x0f, 0x0f, 0x0f, 0x0f, 0x0f, 0x0f, 0x0f, 0x0f, 0x07, 0x55, 0x05, 0x0f,
    0x0c, 0x08, 0x08, 0x08, 0x08, 0x08, 0x08, 0x04, 0x55, 0x05, 0x0f, 0x08, 0xdf, 0x05, 0x0f, 0x08,
    0xdf, 0x05, 0x0f, 0x08, 0xdf, 0x05, 0x0f, 0x08, 0xdf, 0x05, 0x0f, 0x0c, 0x08, 0x08, 0x08, 0x08,
    0x08, 0x04, 0xc2, 0x05, 0x0f, 0x0f, 0x0f, 0x0f, 0x0f, 0x0f, 0x0f, 0x08, 0xc2, 0x05, 0x0f, 0x08,
    0x00, 0x28, 0x02, 0x08, 0x0f, 0x0a, 0x04, 0x04, 0x02, 0xb8, 0x09, 0x0f, 0x0f, 0x0f, 0x0f, 0x0f,
    0x09, 0xb8, 0x02, 0x08, 0x0f, 0x0a, 0x04, 0x04, 0x02, 0xdd, 0x05, 0x0f, 0x08, 0xdf, 0x05, 0x0f,
    0x08, 0x10, 0x0c, 0xfc, 0x07, 0x0d, 0x0f, 0x0e, 0x0a, 0x02, 0xb8, 0x0b, 0x0f, 0x0c, 0x09, 0x0b,
    0x0f, 0x0e, 0x01, 0xc2, 0x05, 0x0f, 0x0b, 0x38, 0x08, 0x0f, 0x08, 0xc2, 0x09, 0x0f, 0x05, 0x38,
    0x03, 0x0f, 0x0b, 0xc2, 0x09, 0x0f, 0x04, 0x00, 0x28, 0x03, 0x0a, 0x0f, 0x07, 0x03, 0x03, 0x02,
    0x22, 0x02, 0x0f, 0x0f, 0x0f, 0x0f, 0x0f, 0x0f, 0x0b, 0xdd, 0x08, 0x0f, 0x06, 0x28, 0x02, 0x0f,
    0x0f, 0x0f, 0x0f, 0x0f, 0x0f, 0x0b, 0xb8, 0x03, 0x08, 0x0f, 0x09, 0x03, 0x03, 0x02, 0xdd, 0x07,
    0x0f, 0x07, 0xdf, 0x09, 0x0f, 0x04, 0x28, 0x01, 0x08, 0x0f, 0x0f, 0x08, 0x08, 0x08, 0x08, 0x08,
    0x08, 0x08, 0x2c, 0x01, 0x0f, 0x0f, 0x0f, 0x0f, 0x0f, 0x0f, 0x0f, 0x0f, 0x0f, 0x0f, 0x10, 0x00,
    0x10, 0x51, 0x7d, 0x09, 0x0f, 0x0a, 0x9d, 0x08, 0x0f, 0x05, 0x19, 0x09, 0x0f, 0x0f, 0x05, 0x18,
    0x08, 0x0f, 0x05, 0x19, 0x09, 0x0f, 0x0f, 0x0d, 0x01, 0x37, 0x08, 0x0f, 0x05, 0x19, 0x09, 0x0f,
    0x0c, 0x0f, 0x09, 0x37, 0x08, 0x0f, 0x05, 0x19, 0x09, 0x0f, 0x05, 0x0d, 0x0f, 0x04, 0x38, 0x08,
    0x0f, 0x05, 0x66, 0x05, 0x07, 0x0c, 0x0f, 0x0a, 0x0a, 0x0f, 0x0d, 0x07, 0x07, 0x07, 0x0b, 0x0f,
    0x0a, 0x07, 0x04, 0x3f, 0x0b, 0x0f, 0x0f, 0x0f, 0x0f, 0x0f, 0x0f, 0x0f, 0x0f, 0x0f, 0x0f, 0x0f,
    0x0f, 0x0f, 0x0f, 0x08, 0x66, 0x09, 0x0f, 0x05, 0x51, 0x0d, 0x0f, 0x04, 0x00, 0x08, 0x0f, 0x05,
    0x66, 0x0b, 0x0f, 0x0f, 0x0f, 0x0f, 0x0f, 0x0f, 0x0f, 0x0f, 0x0f, 0x0f, 0x0f, 0x0f, 0x0f, 0x0f,
    0x08, 0x3f, 0x05, 0x07, 0x0c, 0x0f, 0x0a, 0x07, 0x07, 0x07, 0x0a, 0x0f, 0x0d, 0x0b, 0x0f, 0x0a,
    0x07, 0x04, 0x66, 0x09, 0x0f, 0x05, 0x37, 0x0d, 0x0f, 0x0b, 0x0f, 0x05, 0x19, 0x09, 0x0f, 0x05,
    0x37, 0x03, 0x0f, 0x0f, 0x0f, 0x05, 0x19, 0x09, 0x0f, 0x05, 0x18, 0x08, 0x0f, 0x0f, 0x05, 0x19,
    0x09, 0x0f, 0x05, 0x9d, 0x0d, 0x0f, 0x05, 0x10, 0x10, 0x00, 0x7d, 0x06, 0x0f, 0x0f, 0x0f, 0x0f,
    0x0d, 0x09, 0x01, 0x51, 0x0c, 0x0f, 0x19, 0x06, 0x0f, 0x0b, 0x07, 0x07, 0x0a, 0x0f, 0x0d, 0x01,
    0x00, 0x0c, 0x0f, 0x19, 0x06, 0x0f, 0x07, 0x38, 0x07, 0x0f, 0x07, 0x00, 0x0c, 0x0f, 0x19, 0x06,
    0x0f, 0x07, 0x38, 0x01, 0x0f, 0x0f, 0x0f, 0x0f, 0x0f, 0x0f, 0x0f, 0x66, 0x06, 0x0f, 0x07, 0x37,
    0x0f, 0x0e, 0x06, 0x0d, 0x0f, 0x06, 0x06, 0x66, 0x06, 0x0f, 0x07, 0x38, 0x01, 0x0f, 0x0b, 0x00,
    0x0c, 0x0f, 0x19, 0x06, 0x0f, 0x07, 0x38, 0x07, 0x0f, 0x07, 0x00, 0x0c, 0x0f, 0x19, 0x06, 0x0f,
    0x0b, 0x07, 0x07, 0x0a, 0x0f, 0x0d, 0x01, 0x00, 0x0c, 0x0f, 0x19, 0x06, 0x0f, 0x0f, 0x0f, 0x0f,
    0x0d, 0x09, 0x01, 0x51, 0x0c, 0x0f, 0x19, 0x06, 0x0f, 0x07, 0x4c, 0x0c, 0x0f, 0x19, 0x06, 0x0f,
    0x07, 0x4c, 0x0c, 0x0f, 0x19, 0x06, 0x0f, 0x07, 0x4c, 0x0c, 0x0f, 0x01, 0x41, 0x06, 0x0f, 0x07,
    0x4c, 0x09, 0x0f, 0x0c, 0x09, 0x66, 0x06, 0x0f, 0x07, 0x4c, 0x01, 0x0b, 0x0f, 0x0e, 0x10, 0x15,
    0x00, 0x7d, 0x05, 0x0f, 0x0f, 0x0f, 0x0f, 0x0f, 0x0e, 0x0b, 0x05, 0xc2, 0x05, 0x0f, 0x0c, 0x08,
    0x08, 0x08, 0x0a, 0x0e, 0x0f, 0x07, 0x55, 0x05, 0x0f, 0x08, 0x37, 0x02, 0x0e, 0x0f, 0x01, 0x2c,
    0x05, 0x0f, 0x08, 0x18, 0x09, 0x0f, 0x05, 0x00, 0x03, 0x0b, 0x0e, 0x0f, 0x0d, 0x07, 0x64, 0x05,
    0x0f, 0x08, 0x18, 0x09, 0x0f, 0x05, 0x03, 0x0e, 0x0e, 0x09, 0x08, 0x0c, 0x0f, 0x09, 0x2d, 0x05,
    0x0f, 0x08, 0x37, 0x02, 0x0e, 0x0e, 0x01, 0x09, 0x0f, 0x04, 0x38, 0x0c, 0x0f, 0x02, 0x44, 0x05,
    0x0f, 0x0c, 0x08, 0x08, 0x08, 0x0a, 0x0f, 0x0f, 0x06, 0x00, 0x0a, 0x0f, 0x04, 0x38, 0x03, 0x04,
    0x01, 0x44, 0x05, 0x0f, 0x0f, 0x0f, 0x0f, 0x0f, 0x0f, 0x0d, 0x03, 0x51, 0x04, 0x0f, 0x0e, 0x09,
    0x05, 0x01, 0x4b, 0x05, 0x0f, 0x08, 0x38, 0x0d, 0x0f, 0x02, 0x38, 0x03, 0x0a, 0x0f, 0x0f, 0x0f,
    0x0a, 0x02, 0x2d, 0x05, 0x0f, 0x08, 0x38, 0x06, 0x0f, 0x0a, 0x18, 0x01, 0x04, 0x09, 0x0f, 0x0e,
    0x01, 0x44, 0x05, 0x0f, 0x08, 0x37, 0x0d, 0x0f, 0x03, 0x00, 0x07, 0x06, 0x37, 0x09, 0x0f, 0x05,
    0x44, 0x05, 0x0f, 0x08, 0x37, 0x05, 0x0f, 0x0b, 0x00, 0x0d, 0x0e, 0x02, 0x38, 0x09, 0x0f, 0x04,
    0x44, 0x05, 0x0f, 0x08, 0x18, 0x0c, 0x0f, 0x04, 0x05, 0x0f, 0x0e, 0x09, 0x08, 0x0b, 0x0f, 0x0c,
    0x2d, 0x05, 0x0f, 0x08, 0x18, 0x04, 0x0f, 0x0b, 0x00, 0x04, 0x0b, 0x0e, 0x0f, 0x0d, 0x08, 0x01,
    0x10, 0x0f, 0x7d, 0x04, 0x0f, 0x09, 0x38, 0x08, 0x0f, 0x06, 0x38, 0x0c, 0x0f, 0x01, 0x00, 0x3f,
    0x01, 0x0f, 0x0b, 0x38, 0x0b, 0x0f, 0x09, 0x38, 0x0f, 0x0d, 0x41, 0x0d, 0x0e, 0x38, 0x0e, 0x0f,
    0x0b, 0x51, 0x03, 0x0f, 0x0a, 0x41, 0x0a, 0x0f, 0x02, 0x00, 0x01, 0x0f, 0x0c, 0x0e, 0x51, 0x06,
    0x0f, 0x06, 0x66, 0x05, 0x0b, 0x0f, 0x0a, 0x07, 0x09, 0x0f, 0x0c, 0x0f, 0x08, 0x07, 0x0b, 0x0f,
    0x09, 0x04, 0x00, 0x3f, 0x0b, 0x0f, 0x0f, 0x0f, 0x0f, 0x0f, 0x0f, 0x0f, 0x0f, 0x0f, 0x0f, 0x0f,
    0x0f, 0x0f, 0x08, 0x41, 0x0f, 0x0b, 0x00, 0x0a, 0x0c, 0x00, 0x0f, 0x07, 0x00, 0x0e, 0x0c, 0x2c,
    0x0c, 0x0e, 0x00, 0x0c, 0x09, 0x00, 0x0c, 0x0a, 0x02, 0x0f, 0x08, 0x41, 0x0b, 0x0f, 0x0f, 0x0f,
    0x0f, 0x0f, 0x0f, 0x0f, 0x0f, 0x0f, 0x0f, 0x0f, 0x0f, 0x0f, 0x08, 0x00, 0x3f, 0x05, 0x07, 0x0a,
    0x0f, 0x0c, 0x0f, 0x09, 0x07, 0x0a, 0x0f, 0x0c, 0x0f, 0x08, 0x07, 0x04, 0x41, 0x02, 0x0f, 0x0b,
    0x0f, 0x01, 0x00, 0x04, 0x0f, 0x0c, 0x0e, 0xc2, 0x0e, 0x0f, 0x0d, 0x51, 0x02, 0x0f, 0x0f, 0x0a,
    0xc2, 0x0b, 0x0f, 0x0a, 0x38, 0x0e, 0x0f, 0x07, 0xc2, 0x08, 0x0f, 0x07, 0x38, 0x0b, 0x0f, 0x04,
    0x10, 0x0f, 0x51, 0x7e, 0x09, 0x0f, 0x0f, 0x0f, 0x0f, 0x0f, 0x0e, 0x0a, 0x01, 0x51, 0x0b, 0x0f,
    0x01, 0x66, 0x09, 0x0f, 0x09, 0x07, 0x07, 0x08, 0x0c, 0x0f, 0x0b, 0x51, 0x0b, 0x0f, 0x01, 0x66,
    0x09, 0x0f, 0x03, 0x37, 0x0d, 0x0f, 0x01, 0x00, 0x0b, 0x0f, 0x01, 0x66, 0x09, 0x0f, 0x03, 0x37,
    0x09, 0x0f, 0x03, 0x00, 0x0b, 0x0f, 0x01, 0x66, 0x09, 0x0f, 0x03, 0x00, 0x0c, 0x0f, 0x00, 0x09,
    0x0f, 0x03, 0x00, 0x0b, 0x0f, 0x01, 0x66, 0x09, 0x0f, 0x03, 0x00, 0x0c, 0x0f, 0x00, 0x09, 0x0f,
    0x03, 0x00, 0x0b, 0x0f, 0x01, 0x66, 0x09, 0x0f, 0x03, 0x00, 0x0c, 0x0f, 0x00, 0x09, 0x0f, 0x03,
    0x00, 0x0b, 0x0f, 0x01, 0x66, 0x09, 0x0f, 0x03, 0x00, 0x0c, 0x0f, 0x18, 0x0c, 0x0f, 0x41, 0x09,
    0x0f, 0x03, 0x00, 0x0c, 0x0f, 0x37, 0x01, 0x0e, 0x0d, 0x41, 0x09, 0x0f, 0x03, 0x00, 0x0c, 0x0f,
    0x07, 0x07, 0x07, 0x08, 0x0d, 0x0f, 0x08, 0x41, 0x09, 0x0f, 0x03, 0x00, 0x0c, 0x0f, 0x0f, 0x0f,
    0x0f, 0x0f, 0x0e, 0x08, 0x10, 0x0c, 0x51, 0x65, 0x0f, 0x0d, 0x28, 0x07, 0x0b, 0x0b, 0x0f, 0x0f,
    0x0b, 0x07, 0xb8, 0x07, 0x0b, 0x0b, 0x0f, 0x0f, 0x0b, 0x07, 0x00, 0x28, 0x0f, 0x0d, 0x22, 0x01,
    0x0a, 0x0e, 0x0f, 0x0c, 0x04, 0x0f, 0x0d, 0xc2, 0x01, 0x0d, 0x0f, 0x0b, 0x08, 0x0b, 0x0f, 0x0f,
    0x0d, 0xc2, 0x08, 0x0f, 0x09, 0x38, 0x05, 0x0f, 0x0d, 0xc2, 0x0d, 0x0f, 0x01, 0x37, 0x0f, 0x0d,
    0xc2, 0x0f, 0x0c, 0x18, 0x0f, 0x0d, 0x55, 0x01, 0x0f, 0x0b, 0x18, 0x0f, 0x0d, 0xc2, 0x0f, 0x0c,
    0x18, 0x0f, 0x0d, 0xc2, 0x0d, 0x0f, 0x01, 0x37, 0x0f, 0x0d, 0xc2, 0x07, 0x0f, 0x09, 0x38, 0x06,
    0x0f, 0x0d, 0xc2, 0x01, 0x0d, 0x0f, 0x0c, 0x08, 0x0b, 0x0f, 0x0f, 0x0d, 0x22, 0x01, 0x0a, 0x0e,
    0x0f, 0x0c, 0x04, 0x0d, 0x0d, 0x3a, 0x0b, 0x0b, 0x0b, 0x0b, 0x0b, 0x0b, 0x0b, 0x0b, 0x0b, 0xc2,
    0x0b, 0x0b, 0x0b, 0x0b, 0x0b, 0x0b, 0x0b, 0x0b, 0x0b, 0x10, 0x0b, 0xfc, 0x01, 0x08, 0x0d, 0x0f,
    0x0f, 0x0d, 0x03, 0x22, 0x02, 0x0d, 0x0f, 0x0d, 0x09, 0x09, 0x0b, 0x02, 0x22, 0x0a, 0x0f, 0x08,
    0x00, 0x28, 0x01, 0x0f, 0x0d, 0x00, 0x28, 0x03, 0x06, 0x0f, 0x0b, 0x03, 0x03, 0x03, 0x01, 0xc2,
    0x01, 0x0f, 0x0f, 0x0f, 0x0f, 0x0f, 0x0f, 0x0f, 0x04, 0xb8, 0x05, 0x0f, 0x08, 0x28, 0x01, 0x0f,
    0x0f, 0x0f, 0x0f, 0x0f, 0x0f, 0x0f, 0x04, 0x22, 0x03, 0x07, 0x0f, 0x0a, 0x03, 0x03, 0x03, 0x01,
    0xb8, 0x04, 0x0f, 0x09, 0xdf, 0x01, 0x0f, 0x0d, 0x1a, 0x0a, 0x0f, 0x08, 0xdf, 0x01, 0x0d, 0x0f,
    0x0c, 0x09, 0x08, 0x0b, 0x02, 0xb8, 0x01, 0x08, 0x0d, 0x0f, 0x0f, 0x0d, 0x03, 0x10, 0x0f, 0x51,
    0x7d, 0x0c, 0x0f, 0x0f, 0x0f, 0x0f, 0x0f, 0x0e, 0x0b, 0x04, 0xc2, 0x0c, 0x0f, 0x09, 0x08, 0x08,
    0x08, 0x0a, 0x0f, 0x0f, 0x07, 0x19, 0x05, 0x07, 0x0d, 0x0f, 0x08, 0x07, 0x07, 0x07, 0x07, 0x0a,
    0x0f, 0x0f, 0x08, 0x07, 0x03, 0x00, 0x3f, 0x0b, 0x0f, 0x0f, 0x0f, 0x0f, 0x0f, 0x0f, 0x0f, 0x0f,
    0x0f, 0x0f, 0x0f, 0x0f, 0x0f, 0x05, 0x41, 0x0c, 0x0f, 0x02, 0x18, 0x06, 0x0f, 0x07, 0x41, 0x0b,
    0x0f, 0x0f, 0x0f, 0x0f, 0x0f, 0x0f, 0x0f, 0x0f, 0x0f, 0x0f, 0x0f, 0x0f, 0x0f, 0x05, 0x00, 0x3f,
    0x05, 0x07, 0x0d, 0x0f, 0x08, 0x07, 0x07, 0x07, 0x09, 0x0e, 0x0f, 0x0d, 0x07, 0x07, 0x03, 0x41,
    0x0c, 0x0f, 0x0f, 0x0f, 0x0f, 0x0f, 0x0f, 0x0f, 0x0d, 0x03, 0x55, 0x0c, 0x0f, 0x09, 0x08, 0x08,
    0x08, 0x07, 0x04, 0x22, 0x0c, 0x0f, 0x02, 0xdf, 0x0c, 0x0f, 0x02, 0xdf, 0x0c, 0x0f, 0x02, 0xdf,
    0x0c, 0x0f, 0x02, 0xdf, 0x0c, 0x0f, 0x02, 0x10, 0x0a, 0x7d, 0x04, 0x0f, 0x0f, 0x0f, 0x0f, 0x0f,
    0x0f, 0x0f, 0x0f, 0x0c, 0x55, 0x04, 0x08, 0x09, 0x09, 0x0c, 0x0f, 0x0f, 0x0a, 0x08, 0x05, 0x28,
    0x08, 0x0f, 0x0a, 0x22, 0x02, 0x08, 0x08, 0x08, 0x08, 0x09, 0x0f, 0x0e, 0x08, 0x07, 0x55, 0x07,
    0x0f, 0x0f, 0x0f, 0x0f, 0x0f, 0x0f, 0x0f, 0x0f, 0x09, 0x00, 0x28, 0x0e, 0x0e, 0xdf, 0x08, 0x0f,
    0x0b, 0x22, 0x03, 0x08, 0x08, 0x09, 0x0c, 0x0f, 0x0e, 0x03, 0x22, 0x04, 0x0f, 0x0f, 0x0f, 0x0e,
    0x0a, 0x03, 0xdd, 0x07, 0x0f, 0x0b, 0x01, 0xdf, 0x08, 0x0f, 0x0b, 0x1a, 0x08, 0x0f, 0x0b, 0x1a,
    0x09, 0x0f, 0x0b, 0x1a, 0x09, 0x0f, 0x0a, 0x10, 0x0b, 0x51, 0x7d, 0x04, 0x0f, 0x09, 0xdf, 0x04,
    0x0f, 0x09, 0x02, 0x09, 0x28, 0x04, 0x0f, 0x0e, 0x0f, 0x0f, 0xdd, 0x05, 0x0c, 0x0f, 0x0f, 0x09,
    0x02, 0xb8, 0x09, 0x0f, 0x0f, 0x0f, 0x09, 0x00, 0x05, 0xb8, 0x08, 0x07, 0x05, 0x0f, 0x0c, 0x0d,
    0x0f, 0xdd, 0x01, 0x09, 0x0f, 0x0f, 0x0c, 0x06, 0x00, 0x09, 0x0f, 0x04, 0x2c, 0x07, 0x0f, 0x0f,
    0x0f, 0x0a, 0x38, 0x09, 0x0f, 0x04, 0x2c, 0x0a, 0x0a, 0x07, 0x0f, 0x09, 0x38, 0x0b, 0x0f, 0x02,
    0x2c, 0x01, 0x00, 0x04, 0x0f, 0x09, 0x38, 0x0e, 0x0e, 0x22, 0x04, 0x0f, 0x09, 0x51, 0x05, 0x0f,
    0x09, 0x22, 0x04, 0x0f, 0x09, 0x00, 0x03, 0x0e, 0x0f, 0x02, 0x22, 0x04, 0x0f, 0x0d, 0x0b, 0x0f,
    0x0f, 0x05, 0xb8, 0x04, 0x0f, 0x0f, 0x0e, 0x0a, 0x03, 0x10, 0x0d, 0x68, 0x05, 0x0f, 0x08, 0xdf,
    0x05, 0x0f, 0x08, 0x28, 0x02, 0x09, 0x0e, 0x0f, 0x0e, 0x0a, 0x03, 0x22, 0x03, 0x0e, 0x0f, 0x0d,
    0x0f, 0x0d, 0x0f, 0x0f, 0x06, 0x55, 0x01, 0x0d, 0x0f, 0x04, 0x05, 0x0f, 0x08, 0x02, 0x0d, 0x0f,
    0x03, 0x2c, 0x07, 0x0f, 0x07, 0x00, 0x05, 0x0f, 0x08, 0x00, 0x04, 0x0f, 0x0a, 0x2c, 0x0c, 0x0f,
    0x01, 0x00, 0x05, 0x0f, 0x08, 0x51, 0x0d, 0x0e, 0x2c, 0x0f, 0x0d, 0x51, 0x05, 0x0f, 0x08, 0x51,
    0x09, 0x0f, 0x03, 0x41, 0x01, 0x0f, 0x0b, 0x51, 0x05, 0x0f, 0x08, 0x51, 0x08, 0x0f, 0x04, 0x41,
    0x01, 0x0f, 0x0b, 0x51, 0x05, 0x0f, 0x08, 0x51, 0x08, 0x0f, 0x04, 0x41, 0x01, 0x0f, 0x0b, 0x51,
    0x05, 0x0f, 0x08, 0x51, 0x08, 0x0f, 0x04, 0x10, 0x0d, 0x51, 0x7d, 0x0a, 0x0f, 0x0f, 0x0f, 0x0f,
    0x0f, 0x0e, 0x0b, 0x04, 0xc2, 0x0a, 0x0f, 0x0a, 0x08, 0x08, 0x08, 0x0a, 0x0e, 0x0f, 0x07, 0x55,
    0x0a, 0x0f, 0x03, 0x37, 0x02, 0x0e, 0x0f, 0x02, 0x2c, 0x0a, 0x0f, 0x03, 0x18, 0x08, 0x0f, 0x07,
    0x2c, 0x0a, 0x0f, 0x03, 0x18, 0x05, 0x0f, 0x08, 0x2c, 0x0a, 0x0f, 0x03, 0x18, 0x07, 0x0f, 0x07,
    0x2c, 0x0a, 0x0f, 0x03, 0x37, 0x01, 0x0d, 0x0f, 0x02, 0x41, 0x06, 0x08, 0x0d, 0x0f, 0x0a, 0x08,
    0x08, 0x08, 0x09, 0x0e, 0x0f, 0x08, 0x19, 0x0b, 0x0f, 0x0f, 0x0f, 0x0f, 0x0f, 0x0f, 0x0f, 0x0e,
    0x0b, 0x05, 0xc2, 0x0a, 0x0f, 0x03, 0x28, 0x0b, 0x0f, 0x0f, 0x0f, 0x0f, 0x0f, 0x0f, 0x07, 0x22,
    0x06, 0x08, 0x0d, 0x0f, 0x0a, 0x08, 0x08, 0x04, 0xdd, 0x0a, 0x0f, 0x03, 0xdf, 0x0a, 0x0f, 0x03,
    0x10,
};

static const uint16_t mf_rlefont_Roboto_Regular20_glyph_offsets_20[27] PROGMEM = {
    0x0000, 0x0062, 0x00cf, 0x00d0, 0x0178, 0x020f, 0x02e1, 0x0391,
    0x0425, 0x04aa, 0x00cf, 0x00cf, 0x00cf, 0x00cf, 0x050e, 0x00cf,
    0x00cf, 0x00cf, 0x00cf, 0x00cf, 0x00cf, 0x00cf, 0x0598, 0x05f8,
    0x00cf, 0x066a, 0x06d8,
};

static const uint8_t mf_rlefont_Roboto_Regular20_glyph_data_21[686] PROGMEM = {
    0x0f, 0x51, 0x7d, 0x08, 0x0e, 0x0e, 0x08, 0x28, 0x06, 0x0e, 0x05, 0x05, 0x0e, 0x06, 0xdd, 0x0b,
    0x0a, 0x51, 0x06, 0x05, 0x51, 0x02, 0x0c, 0x01, 0x2c, 0x0c, 0x08, 0x9d, 0x0b, 0x0b, 0x55, 0x0b,
    0x0a, 0x51, 0x05, 0x05, 0x00, 0x06, 0x0e, 0x02, 0x55, 0x06, 0x0e, 0x05, 0x05, 0x0e, 0x06, 0x02,
    0x0e, 0x06, 0x22, 0x08, 0x0e, 0x0e, 0x09, 0x00, 0x0b, 0x0b, 0xdf, 0x06, 0x0e, 0x02, 0x0a, 0x0f,
    0x0e, 0x08, 0x22, 0x02, 0x0e, 0x05, 0x0a, 0x0d, 0x04, 0x05, 0x0f, 0x06, 0xc2, 0x0b, 0x0a, 0x00,
    0x0f, 0x06, 0x51, 0x0a, 0x0b, 0x55, 0x06, 0x0e, 0x01, 0x01, 0x0f, 0x05, 0x51, 0x08, 0x0c, 0x2c,
    0x02, 0x0e, 0x05, 0x51, 0x0f, 0x06, 0x51, 0x0a, 0x0b, 0x2c, 0x05, 0x0a, 0x38, 0x0a, 0x0d, 0x04,
    0x05, 0x0f, 0x06, 0xdd, 0x01, 0x0a, 0x0e, 0x0e, 0x08, 0x10, 0x00, 0x0a, 0x00, 0x97, 0x09, 0x0e,
    0x0e, 0x06, 0x28, 0x08, 0x0f, 0x0b, 0x0d, 0x0f, 0x03, 0xdd, 0x0d, 0x0e, 0x00, 0x05, 0x0f, 0x07,
    0xdd, 0x0e, 0x0d, 0x00, 0x04, 0x0f, 0x08, 0xdd, 0x0e, 0x0d, 0x00, 0x06, 0x0f, 0x07, 0xdd, 0x0e,
    0x0d, 0x00, 0x0a, 0x0f, 0x03, 0xdd, 0x0e, 0x0d, 0x02, 0x0f, 0x0d, 0x28, 0x0e, 0x0d, 0x0c, 0x0f,
    0x04, 0x28, 0x0f, 0x0f, 0x0f, 0x08, 0xdd, 0x0b, 0x0d, 0x0f, 0x0f, 0x07, 0x28, 0x0e, 0x0d, 0x0f,
    0x0d, 0x1a, 0x0d, 0x0e, 0x1a, 0x0a, 0x0f, 0x04, 0xdf, 0x03, 0x0f, 0x0e, 0x09, 0xdf, 0x04, 0x0c,
    0x0f, 0x10, 0x15, 0x00, 0x7d, 0x06, 0x0f, 0x0d, 0x18, 0x09, 0x0f, 0x03, 0x00, 0x01, 0x0a, 0x0e,
    0x0f, 0x0b, 0x02, 0x64, 0x06, 0x0f, 0x0f, 0x06, 0x37, 0x09, 0x0f, 0x03, 0x00, 0x0b, 0x0f, 0x07,
    0x06, 0x0d, 0x0d, 0x01, 0x2d, 0x06, 0x0f, 0x0f, 0x0d, 0x37, 0x09, 0x0f, 0x03, 0x02, 0x0f, 0x08,
    0x51, 0x05, 0x0f, 0x05, 0x2d, 0x06, 0x0f, 0x0c, 0x0f, 0x07, 0x38, 0x09, 0x0f, 0x03, 0x04, 0x0f,
    0x05, 0x51, 0x02, 0x0f, 0x07, 0x2d, 0x06, 0x0f, 0x06, 0x0d, 0x0e, 0x01, 0x51, 0x09, 0x0f, 0x03,
    0x04, 0x0f, 0x05, 0x51, 0x02, 0x0f, 0x07, 0x2d, 0x06, 0x0f, 0x06, 0x05, 0x0f, 0x08, 0x51, 0x09,
    0x0f, 0x03, 0x02, 0x0f, 0x08, 0x51, 0x05, 0x0f, 0x05, 0x2d, 0x06, 0x0f, 0x06, 0x00, 0x0c, 0x0e,
    0x01, 0x00, 0x09, 0x0f, 0x03, 0x00, 0x0b, 0x0f, 0x07, 0x06, 0x0d, 0x0d, 0x01, 0x2d, 0x06, 0x0f,
    0x06, 0x00, 0x04, 0x0f, 0x08, 0x00, 0x09, 0x0f, 0x03, 0x00, 0x01, 0x09, 0x0e, 0x0f, 0x0b, 0x02,
    0x64, 0x06, 0x0f, 0x06, 0x51, 0x0b, 0x0f, 0x02, 0x09, 0x0f, 0x03, 0x2c, 0x06, 0x0f, 0x06, 0x51,
    0x03, 0x0f, 0x09, 0x09, 0x0f, 0x03, 0x00, 0x0e, 0x0f, 0x0f, 0x0f, 0x0f, 0x0f, 0x02, 0x2d, 0x06,
    0x0f, 0x06, 0x38, 0x0a, 0x0f, 0x0c, 0x0f, 0x03, 0x00, 0x05, 0x06, 0x06, 0x06, 0x06, 0x06, 0x01,
    0x2d, 0x06, 0x0f, 0x06, 0x38, 0x02, 0x0f, 0x0f, 0x0f, 0x03, 0x2c, 0x06, 0x0f, 0x06, 0x37, 0x09,
    0x0f, 0x0f, 0x03, 0x2c, 0x06, 0x0f, 0x06, 0x37, 0x02, 0x0f, 0x0f, 0x03, 0x10, 0x0d, 0x00, 0x7d,
    0x0c, 0x0e, 0x0d, 0x09, 0x07, 0x0d, 0x51, 0x0b, 0x08, 0xc2, 0x08, 0x05, 0x00, 0x07, 0x0e, 0x03,
    0x02, 0x0e, 0x08, 0xc2, 0x08, 0x05, 0x00, 0x07, 0x09, 0x09, 0x07, 0x08, 0x08, 0xc2, 0x08, 0x05,
    0x00, 0x07, 0x07, 0x0b, 0x0b, 0x05, 0x08, 0xc2, 0x08, 0x05, 0x00, 0x07, 0x07, 0x06, 0x08, 0x05,
    0x08, 0x10, 0x0d, 0x38, 0x7d, 0x02, 0x09, 0x0e, 0x0f, 0x0e, 0x0a, 0x03, 0x22, 0x04, 0x0e, 0x0f,
    0x0b, 0x08, 0x0a, 0x0f, 0x0f, 0x05, 0x55, 0x01, 0x0e, 0x0e, 0x03, 0x38, 0x03, 0x0e, 0x0e, 0x02,
    0x2c, 0x07, 0x0f, 0x07, 0x18, 0x06, 0x0f, 0x08, 0x2c, 0x0b, 0x0f, 0x03, 0x18, 0x01, 0x0f, 0x0d,
    0x2c, 0x0d, 0x0f, 0x01, 0x9d, 0x0e, 0x0f, 0x2c, 0x0d, 0x0f, 0x4c, 0x0e, 0x0f, 0x2c, 0x0d, 0x0f,
    0x4c, 0x0e, 0x0f, 0x2c, 0x0b, 0x0f, 0x02, 0x9d, 0x0f, 0x0d, 0x2c, 0x08, 0x0f, 0x05, 0x18, 0x03,
    0x0f, 0x09, 0x2c, 0x02, 0x0f, 0x0a, 0x18, 0x08, 0x0f, 0x03, 0x55, 0x08, 0x0f, 0x05, 0x38, 0x04,
    0x0f, 0x09, 0x55, 0x07, 0x08, 0x0e, 0x0f, 0x0b, 0x00, 0x09, 0x0f, 0x0f, 0x09, 0x07, 0x2c, 0x0d,
    0x0f, 0x0f, 0x0f, 0x0f, 0x00, 0x0d, 0x0f, 0x0f, 0x0f, 0x0e, 0x10, 0x0d, 0x18, 0x7e, 0x07, 0x0d,
    0x0e, 0x0d, 0x08, 0x01, 0x22, 0x01, 0x0b, 0x0b, 0x02, 0x00, 0x01, 0x08, 0x0d, 0x01, 0xc2, 0x09,
    0x0e, 0x18, 0x0c, 0x0a, 0x55, 0x02, 0x0f, 0x0e, 0x18, 0x0c, 0x0f, 0x02, 0x2c, 0x06, 0x0f, 0x0e,
    0x18, 0x0c, 0x0f, 0x05, 0x2c, 0x08, 0x0f, 0x0f, 0x0e, 0x0e, 0x0e, 0x0e, 0x0e, 0x0f, 0x0f, 0x07,
    0x2c, 0x06, 0x0f, 0x0e, 0xdf, 0x02, 0x0f, 0x0e, 0x1a, 0x0a, 0x0e, 0x1a, 0x01, 0x0c, 0x09, 0x02,
    0x00, 0x01, 0x04, 0x0b, 0x03, 0x22, 0x01, 0x08, 0x0d, 0x0e, 0x0e, 0x0a, 0x04, 0x10,
};

static const uint16_t mf_rlefont_Roboto_Regular20_glyph_offsets_21[42] PROGMEM = {
    0x0000, 0x007a, 0x007a, 0x007a, 0x007a, 0x007a, 0x007a, 0x007a,
    0x007a, 0x007a, 0x007a, 0x007a, 0x007a, 0x007a, 0x007b, 0x007a,
    0x007a, 0x00d2, 0x007a, 0x007a, 0x007a, 0x007a, 0x007a, 0x007a,
    0x007a, 0x007a, 0x007a, 0x007a, 0x007a, 0x01ad, 0x007a, 0x007a,
    0x007a, 0x01e2, 0x007a, 0x007a, 0x007a, 0x007a, 0x007a, 0x007a,
    0x007a, 0x025b,
};

static const uint8_t mf_rlefont_Roboto_Regular20_glyph_data_22[557] PROGMEM = {
    0x0f, 0x51, 0x7d, 0x05, 0x09, 0x0b, 0x00, 0x28, 0x0c, 0x0f, 0x0e, 0x0c, 0x37, 0x0b, 0x04, 0x55,
    0x03, 0x01, 0x0a, 0x0c, 0x38, 0x07, 0x0e, 0x01, 0x22, 0x0a, 0x0c, 0x51, 0x03, 0x0f, 0x05, 0xb8,
    0x0a, 0x0c, 0x51, 0x0c, 0x09, 0xdd, 0x0a, 0x0c, 0x00, 0x07, 0x0d, 0x01, 0xdd, 0x0a, 0x0c, 0x03,
    0x0f, 0x04, 0x00, 0x03, 0x0c, 0x0f, 0x0d, 0x06, 0x2c, 0x0a, 0x0d, 0x0c, 0x09, 0x51, 0x0d, 0x0d,
    0x04, 0x0a, 0x0f, 0x03, 0x2c, 0x08, 0x0d, 0x01, 0x51, 0x0f, 0x08, 0x00, 0x03, 0x0f, 0x05, 0x19,
    0x03, 0x0f, 0x04, 0x38, 0x0b, 0x0d, 0x05, 0x0a, 0x0e, 0x02, 0x19, 0x0c, 0x09, 0x37, 0x05, 0x0f,
    0x0f, 0x0f, 0x0a, 0x19, 0x02, 0x0b, 0x01, 0x38, 0x02, 0x0f, 0x08, 0x00, 0x03, 0x0f, 0x07, 0xb8,
    0x02, 0x0f, 0x0a, 0x04, 0x07, 0x0f, 0x07, 0xdd, 0x06, 0x0d, 0x0f, 0x0e, 0x09, 0x01, 0x10, 0x11,
    0x00, 0x7d, 0x05, 0x0d, 0x0f, 0x0d, 0x08, 0xdd, 0x02, 0x0f, 0x0a, 0x04, 0x08, 0x0f, 0x04, 0x37,
    0x0b, 0x04, 0x41, 0x01, 0x02, 0x01, 0x02, 0x07, 0x0f, 0x03, 0x38, 0x07, 0x0e, 0x01, 0x2c, 0x07,
    0x0f, 0x0f, 0x09, 0x38, 0x03, 0x0f, 0x05, 0x22, 0x06, 0x0f, 0x05, 0x51, 0x0c, 0x09, 0x2c, 0x02,
    0x04, 0x01, 0x00, 0x01, 0x0f, 0x08, 0x00, 0x07, 0x0d, 0x01, 0x2c, 0x03, 0x0f, 0x0a, 0x04, 0x09,
    0x0f, 0x04, 0x03, 0x0f, 0x04, 0x03, 0x0c, 0x0f, 0x0d, 0x06, 0x66, 0x06, 0x0d, 0x0f, 0x0d, 0x06,
    0x00, 0x0c, 0x09, 0x00, 0x0d, 0x0d, 0x04, 0x0a, 0x0f, 0x03, 0x55, 0x08, 0x0d, 0x01, 0x00, 0x0f,
    0x08, 0x00, 0x03, 0x0f, 0x05, 0x2c, 0x03, 0x0f, 0x04, 0x51, 0x0b, 0x0d, 0x05, 0x0a, 0x0e, 0x02,
    0x2c, 0x0c, 0x09, 0x38, 0x05, 0x0f, 0x0f, 0x0f, 0x0a, 0x2c, 0x02, 0x0b, 0x01, 0x51, 0x02, 0x0f,
    0x08, 0x00, 0x03, 0x0f, 0x07, 0xb8, 0x02, 0x0f, 0x0a, 0x04, 0x07, 0x0f, 0x07, 0xdd, 0x06, 0x0d,
    0x0f, 0x0e, 0x09, 0x01, 0x10, 0x11, 0x00, 0x7d, 0x07, 0x0f, 0x0f, 0x0f, 0x0f, 0x04, 0xdd, 0x09,
    0x0d, 0x04, 0x04, 0x04, 0x01, 0x37, 0x0b, 0x04, 0x19, 0x0b, 0x0b, 0x4c, 0x07, 0x0e, 0x01, 0x19,
    0x0c, 0x0e, 0x0e, 0x0e, 0x09, 0x38, 0x03, 0x0f, 0x05, 0x2c, 0x05, 0x06, 0x02, 0x06, 0x0f, 0x07,
    0x51, 0x0c, 0x09, 0x55, 0x03, 0x01, 0x51, 0x0e, 0x09, 0x00, 0x07, 0x0d, 0x01, 0x55, 0x0e, 0x0c,
    0x04, 0x07, 0x0f, 0x06, 0x03, 0x0f, 0x04, 0x03, 0x0c, 0x0f, 0x0d, 0x06, 0x66, 0x03, 0x0b, 0x0f,
    0x0e, 0x08, 0x00, 0x0c, 0x09, 0x00, 0x0d, 0x0d, 0x04, 0x0a, 0x0f, 0x03, 0x55, 0x08, 0x0d, 0x01,
    0x00, 0x0f, 0x08, 0x00, 0x03, 0x0f, 0x05, 0x2c, 0x03, 0x0f, 0x04, 0x51, 0x0b, 0x0d, 0x05, 0x0a,
    0x0e, 0x02, 0x2c, 0x0c, 0x09, 0x38, 0x05, 0x0f, 0x0f, 0x0f, 0x0a, 0x2c, 0x02, 0x0b, 0x01, 0x51,
    0x02, 0x0f, 0x08, 0x00, 0x03, 0x0f, 0x07, 0xb8, 0x02, 0x0f, 0x0a, 0x04, 0x07, 0x0f, 0x07, 0xdd,
    0x06, 0x0d, 0x0f, 0x0e, 0x09, 0x01, 0x10, 0x10, 0x7d, 0x06, 0x0f, 0x0f, 0x0f, 0x0f, 0x0f, 0x09,
    0xb8, 0x02, 0x04, 0x04, 0x04, 0x06, 0x0f, 0x05, 0x38, 0x0b, 0x04, 0x22, 0x0a, 0x0d, 0x38, 0x07,
    0x0e, 0x01, 0xc2, 0x02, 0x0f, 0x05, 0x51, 0x03, 0x0f, 0x05, 0x22, 0x0a, 0x0d, 0x38, 0x0c, 0x09,
    0x22, 0x02, 0x0f, 0x06, 0x51, 0x07, 0x0d, 0x01, 0x22, 0x0a, 0x0d, 0x51, 0x03, 0x0f, 0x04, 0x03,
    0x0c, 0x0f, 0x0d, 0x06, 0x41, 0x03, 0x0f, 0x07, 0x51, 0x0c, 0x09, 0x00, 0x0d, 0x0d, 0x04, 0x0a,
    0x0f, 0x03, 0x55, 0x08, 0x0d, 0x01, 0x00, 0x0f, 0x08, 0x00, 0x03, 0x0f, 0x05, 0x2c, 0x03, 0x0f,
    0x04, 0x51, 0x0b, 0x0d, 0x05, 0x0a, 0x0e, 0x02, 0x2c, 0x0c, 0x09, 0x38, 0x05, 0x0f, 0x0f, 0x0f,
    0x0a, 0x2c, 0x02, 0x0b, 0x01, 0x51, 0x02, 0x0f, 0x08, 0x00, 0x03, 0x0f, 0x07, 0xb8, 0x02, 0x0f,
    0x0a, 0x04, 0x07, 0x0f, 0x07, 0xdd, 0x06, 0x0d, 0x0f, 0x0e, 0x09, 0x01, 0x10,
};

static const uint16_t mf_rlefont_Roboto_Regular20_glyph_offsets_22[4] PROGMEM = {
    0x0000, 0x007f, 0x0115, 0x01a7,
};

static const uint8_t mf_rlefont_Roboto_Regular20_glyph_data_23[840] PROGMEM = {
    0x0b, 0x52, 0x4a, 0x08, 0x0c, 0x0f, 0x0f, 0x0c, 0x06, 0xdd, 0x0d, 0x0b, 0x09, 0x0a, 0x0e, 0x0f,
    0x09, 0xdf, 0x02, 0x0d, 0x0f, 0x05, 0xdf, 0x03, 0x0f, 0x0c, 0x1a, 0x0b, 0x0f, 0x01, 0xc2, 0x01,
    0x08, 0x0d, 0x0f, 0x0d, 0x08, 0x07, 0x0f, 0x04, 0x55, 0x01, 0x0c, 0x0f, 0x0b, 0x08, 0x09, 0x0e,
    0x0e, 0x0f, 0x06, 0x55, 0x08, 0x0f, 0x09, 0x38, 0x01, 0x0c, 0x0f, 0x07, 0x55, 0x0c, 0x0f, 0x01,
    0x37, 0x05, 0x0f, 0x07, 0x55, 0x0e, 0x0d, 0x18, 0x05, 0x0f, 0x07, 0x55, 0x0e, 0x0e, 0x18, 0x06,
    0x0f, 0x05, 0x55, 0x0c, 0x0f, 0x02, 0x37, 0x0a, 0x0f, 0x01, 0x55, 0x06, 0x0f, 0x0a, 0x38, 0x03,
    0x0f, 0x0a, 0x22, 0x0b, 0x0f, 0x0c, 0x08, 0x09, 0x0e, 0x0d, 0x01, 0xb8, 0x07, 0x0d, 0x0f, 0x0e,
    0x09, 0x01, 0x10, 0x00, 0x0e, 0x51, 0xfc, 0x0d, 0x0f, 0x03, 0x00, 0x28, 0x05, 0x0f, 0x0f, 0x09,
    0x00, 0x28, 0x0b, 0x0e, 0x0c, 0x0e, 0x01, 0xdd, 0x03, 0x0f, 0x09, 0x06, 0x0f, 0x06, 0xdd, 0x09,
    0x0f, 0x03, 0x01, 0x0e, 0x0c, 0xb8, 0x01, 0x0f, 0x0c, 0x51, 0x09, 0x0f, 0x03, 0x22, 0x07, 0x0f,
    0x06, 0x51, 0x03, 0x0f, 0x09, 0x22, 0x0d, 0x0e, 0x37, 0x0d, 0x0e, 0x01, 0x55, 0x05, 0x0f, 0x08,
    0x37, 0x07, 0x0f, 0x06, 0x55, 0x0b, 0x0f, 0x02, 0x37, 0x01, 0x0f, 0x0c, 0x2c, 0x03, 0x0f, 0x0b,
    0x9d, 0x0a, 0x0f, 0x03, 0x19, 0x09, 0x0f, 0x04, 0x9d, 0x04, 0x0f, 0x09, 0x41, 0x01, 0x0f, 0x0f,
    0x08, 0x08, 0x08, 0x08, 0x08, 0x08, 0x08, 0x08, 0x0f, 0x0f, 0x01, 0x66, 0x07, 0x0f, 0x0f, 0x0f,
    0x0f, 0x0f, 0x0f, 0x0f, 0x0f, 0x0f, 0x0f, 0x0f, 0x0f, 0x07, 0x10, 0x0e, 0x00, 0x7d, 0x05, 0x0f,
    0x0f, 0x0f, 0x0f, 0x0f, 0x0f, 0x0f, 0x0f, 0x0f, 0x0f, 0x04, 0x19, 0x05, 0x0f, 0x0b, 0x07, 0x07,
    0x07, 0x07, 0x07, 0x07, 0x0c, 0x0f, 0x04, 0x19, 0x05, 0x0f, 0x07, 0x9d, 0x08, 0x0f, 0x04, 0x19,
    0x05, 0x0f, 0x07, 0x9d, 0x08, 0x0f, 0x04, 0x19, 0x05, 0x0f, 0x07, 0x9d, 0x08, 0x0f, 0x04, 0x19,
    0x05, 0x0f, 0x07, 0x9d, 0x08, 0x0f, 0x04, 0x19, 0x05, 0x0f, 0x07, 0x9d, 0x08, 0x0f, 0x04, 0x19,
    0x05, 0x0f, 0x07, 0x9d, 0x08, 0x0f, 0x04, 0x19, 0x05, 0x0f, 0x07, 0x9d, 0x08, 0x0f, 0x04, 0x19,
    0x05, 0x0f, 0x07, 0x9d, 0x08, 0x0f, 0x04, 0x19, 0x05, 0x0f, 0x07, 0x9d, 0x08, 0x0f, 0x04, 0x19,
    0x05, 0x0f, 0x07, 0x9d, 0x08, 0x0f, 0x04, 0x19, 0x05, 0x0f, 0x07, 0x9d, 0x08, 0x0f, 0x04, 0x19,
    0x05, 0x0f, 0x07, 0x9d, 0x08, 0x0f, 0x04, 0x19, 0x05, 0x0f, 0x07, 0x9d, 0x08, 0x0f, 0x04, 0x19,
    0x05, 0x0f, 0x07, 0x9d, 0x08, 0x0f, 0x04, 0x10, 0x0c, 0x7d, 0x05, 0x0f, 0x0f, 0x0f, 0x0f, 0x0f,
    0x0f, 0x0f, 0x0f, 0x0f, 0x0e, 0x2c, 0x03, 0x0f, 0x0f, 0x08, 0x07, 0x07, 0x07, 0x07, 0x07, 0x07,
    0x07, 0x55, 0x06, 0x0f, 0x0a, 0x1a, 0x08, 0x0f, 0x08, 0x1a, 0x0b, 0x0f, 0x05, 0xdf, 0x01, 0x0d,
    0x0e, 0x03, 0xdf, 0x02, 0x0e, 0x0d, 0x01, 0xdf, 0x04, 0x0f, 0x0c, 0x1a, 0x09, 0x0f, 0x06, 0x00,
    0x28, 0x03, 0x0f, 0x0c, 0x01, 0x28, 0x02, 0x0e, 0x0e, 0x02, 0x28, 0x01, 0x0c, 0x0f, 0x03, 0x00,
    0x28, 0x0a, 0x0f, 0x06, 0x00, 0x28, 0x08, 0x0f, 0x08, 0x00, 0x28, 0x06, 0x0f, 0x0b, 0x00, 0x28,
    0x03, 0x0f, 0x0f, 0x08, 0x07, 0x07, 0x07, 0x07, 0x07, 0x07, 0x07, 0x05, 0x19, 0x05, 0x0f, 0x0f,
    0x0f, 0x0f, 0x0f, 0x0f, 0x0f, 0x0f, 0x0f, 0x0f, 0x0a, 0x10, 0x0b, 0x3c, 0x54, 0x03, 0x07, 0x07,
    0x07, 0x07, 0x07, 0x07, 0x07, 0x06, 0xc2, 0x05, 0x0f, 0x0f, 0x0f, 0x0f, 0x0f, 0x0f, 0x0f, 0x0c,
    0x10, 0x0c, 0x00, 0x77, 0x08, 0x0f, 0x05, 0xdf, 0x0e, 0x0e, 0xdf, 0x04, 0x0f, 0x08, 0xdf, 0x0a,
    0x0f, 0x03, 0x00, 0x28, 0x01, 0x0f, 0x0c, 0xdf, 0x06, 0x0f, 0x06, 0x55, 0x03, 0x08, 0x08, 0x06,
    0x38, 0x0c, 0x0f, 0x01, 0x55, 0x06, 0x0f, 0x0f, 0x0f, 0x01, 0x00, 0x02, 0x0f, 0x0a, 0xb8, 0x05,
    0x0f, 0x07, 0x00, 0x08, 0x0f, 0x04, 0xdd, 0x0e, 0x0c, 0x00, 0x0d, 0x0d, 0x28, 0x09, 0x0f, 0x06,
    0x0f, 0x08, 0x28, 0x03, 0x0f, 0x0f, 0x0f, 0x02, 0x00, 0x28, 0x0c, 0x0f, 0x0c, 0xdf, 0x06, 0x0f,
    0x06, 0x10, 0x15, 0x37, 0x7e, 0x06, 0x0d, 0x0f, 0x0e, 0x09, 0x01, 0x38, 0x05, 0x0c, 0x0f, 0x0e,
    0x0a, 0x02, 0x3f, 0x09, 0x0f, 0x0c, 0x08, 0x0a, 0x0f, 0x0d, 0x01, 0x00, 0x07, 0x0f, 0x0c, 0x08,
    0x09, 0x0f, 0x0e, 0x02, 0x64, 0x05, 0x0f, 0x0a, 0x38, 0x04, 0x0f, 0x0a, 0x03, 0x0f, 0x0a, 0x38,
    0x04, 0x0f, 0x0c, 0x64, 0x0b, 0x0f, 0x02, 0x37, 0x07, 0x0f, 0x0d, 0x0d, 0x01, 0x37, 0x0a, 0x0f,
    0x03, 0x2d, 0x0e, 0x0d, 0x18, 0x01, 0x0e, 0x0f, 0x07, 0x18, 0x06, 0x0f, 0x07, 0x2d, 0x0f, 0x0c,
    0x9d, 0x0b, 0x0f, 0x03, 0x18, 0x05, 0x0f, 0x07, 0x2d, 0x0e, 0x0d, 0x18, 0x01, 0x0e, 0x0f, 0x07,
    0x18, 0x06, 0x0f, 0x07, 0x2d, 0x0b, 0x0f, 0x02, 0x37, 0x07, 0x0f, 0x0d, 0x0d, 0x01, 0x37, 0x0a,
    0x0f, 0x03, 0x2d, 0x05, 0x0f, 0x0a, 0x38, 0x04, 0x0f, 0x0a, 0x03, 0x0f, 0x0a, 0x38, 0x04, 0x0f,
    0x0c, 0x4b, 0x09, 0x0f, 0x0c, 0x08, 0x09, 0x0f, 0x0d, 0x01, 0x00, 0x07, 0x0f, 0x0c, 0x08, 0x09,
    0x0f, 0x0e, 0x02, 0x3f, 0x06, 0x0c, 0x0f, 0x0e, 0x09, 0x01, 0x38, 0x05, 0x0c, 0x0f, 0x0e, 0x0a,
    0x02, 0x10, 0x05, 0x52, 0x4a, 0x02, 0x0b, 0x0f, 0x0e, 0x04, 0x28, 0x0d, 0x0f, 0x0a, 0x08, 0x02,
    0xdd, 0x03, 0x0f, 0x0a, 0xdf, 0x05, 0x0f, 0x08, 0xdf, 0x05, 0x0f, 0x08, 0xdf, 0x05, 0x0f, 0x08,
    0xdf, 0x05, 0x0f, 0x08, 0xdf, 0x05, 0x0f, 0x08, 0xdf, 0x05, 0x0f, 0x08, 0xdf, 0x05, 0x0f, 0x08,
    0xdf, 0x05, 0x0f, 0x08, 0xdf, 0x05, 0x0f, 0x08, 0xdf, 0x05, 0x0f, 0x08, 0xdf, 0x05, 0x0f, 0x08,
    0xdf, 0x05, 0x0f, 0x08, 0xdf, 0x05, 0x0f, 0x08, 0xdf, 0x07, 0x0f, 0x07, 0x28, 0x05, 0x08, 0x0e,
    0x0f, 0x03, 0x28, 0x0a, 0x0f, 0x0d, 0x05, 0x10,
};

static const uint16_t mf_rlefont_Roboto_Regular20_glyph_offsets_23[42] PROGMEM = {
    0x0000, 0x0073, 0x0073, 0x0073, 0x0074, 0x0073, 0x0073, 0x0073,
    0x0073, 0x0073, 0x0073, 0x0073, 0x0073, 0x00eb, 0x0073, 0x0178,
    0x01ea, 0x0073, 0x0073, 0x0073, 0x0073, 0x0073, 0x0073, 0x0073,
    0x0201, 0x0073, 0x0073, 0x0073, 0x0252, 0x0073, 0x0073, 0x0073,
    0x0073, 0x0073, 0x0073, 0x0073, 0x0073, 0x0073, 0x0073, 0x0073,
    0x0073, 0x02f2,
};

static const uint8_t mf_rlefont_Roboto_Regular20_glyph_data_24[59] PROGMEM = {
    0x0b, 0x3b, 0x40, 0x05, 0x0d, 0x0f, 0x0d, 0x06, 0x38, 0x05, 0x01, 0x55, 0x0f, 0x0d, 0x0a, 0x0d,
    0x0f, 0x0e, 0x0a, 0x0c, 0x0f, 0x02, 0x55, 0x07, 0x38, 0x04, 0x0b, 0x0f, 0x0d, 0x06, 0x2e, 0x05,
    0x0d, 0x0f, 0x0d, 0x06, 0x38, 0x05, 0x01, 0x55, 0x0f, 0x0d, 0x0a, 0x0c, 0x0f, 0x0e, 0x0a, 0x0c,
    0x0f, 0x02, 0x55, 0x06, 0x38, 0x04, 0x0b, 0x0f, 0x0d, 0x06, 0x10,
};

static const uint16_t mf_rlefont_Roboto_Regular20_glyph_offsets_24[1] PROGMEM = {
    0x0000,
};

static const uint8_t mf_rlefont_Roboto_Regular20_glyph_data_25[209] PROGMEM = {
    0x0b, 0x51, 0x68, 0x06, 0x0a, 0xdf, 0x01, 0x0e, 0x04, 0x22, 0x04, 0x08, 0x08, 0x08, 0x08, 0x0c,
    0x0e, 0x08, 0x05, 0xc2, 0x08, 0x0f, 0x0f, 0x0f, 0x0f, 0x0f, 0x0f, 0x0f, 0x09, 0x28, 0x0d, 0x06,
    0xdf, 0x07, 0x0c, 0x28, 0x08, 0x0f, 0x0f, 0x0f, 0x0f, 0x0f, 0x0f, 0x0f, 0x09, 0xc2, 0x04, 0x09,
    0x0e, 0x0b, 0x09, 0x09, 0x09, 0x09, 0x05, 0x22, 0x05, 0x0d, 0x01, 0xdf, 0x08, 0x05, 0x10, 0x00,
    0x0a, 0xb9, 0x02, 0x08, 0x09, 0x28, 0x04, 0x0a, 0x0f, 0x0f, 0x09, 0x22, 0x01, 0x06, 0x0c, 0x0f,
    0x0e, 0x08, 0x03, 0x22, 0x03, 0x0e, 0x0f, 0x0a, 0x05, 0x28, 0x03, 0x0e, 0x0f, 0x0a, 0x04, 0x00,
    0x28, 0x01, 0x06, 0x0c, 0x0f, 0x0d, 0x08, 0x03, 0x00, 0x28, 0x04, 0x0a, 0x0f, 0x0f, 0x09, 0xdf,
    0x02, 0x08, 0x09, 0x00, 0xd6, 0x03, 0x07, 0x07, 0x07, 0x07, 0x07, 0x07, 0x07, 0x05, 0xc2, 0x06,
    0x0f, 0x0f, 0x0f, 0x0f, 0x0f, 0x0f, 0x0f, 0x0b, 0x10, 0x0a, 0x39, 0x09, 0x08, 0x02, 0xdf, 0x08,
    0x0f, 0x0f, 0x0b, 0x05, 0x00, 0x28, 0x02, 0x07, 0x0c, 0x0f, 0x0e, 0x08, 0x02, 0x00, 0x28, 0x02,
    0x08, 0x0d, 0x0f, 0x09, 0x28, 0x03, 0x08, 0x0e, 0x0f, 0x08, 0x22, 0x02, 0x07, 0x0d, 0x0f, 0x0e,
    0x08, 0x02, 0x22, 0x08, 0x0f, 0x0f, 0x0b, 0x05, 0x28, 0x09, 0x08, 0x02, 0xea, 0x05, 0x07, 0x07,
    0x07, 0x07, 0x07, 0x07, 0x07, 0x03, 0xc2, 0x0b, 0x0f, 0x0f, 0x0f, 0x0f, 0x0f, 0x0f, 0x0f, 0x07,
    0x10,
};

static const uint16_t mf_rlefont_Roboto_Regular20_glyph_offsets_25[6] PROGMEM = {
    0x0000, 0x003f, 0x003f, 0x003f, 0x0040, 0x0089,
};

static const uint8_t mf_rlefont_Roboto_Regular20_glyph_data_26[101] PROGMEM = {
    0x0a, 0x38, 0x7d, 0x01, 0x0d, 0x0e, 0x01, 0x00, 0x28, 0x07, 0x0f, 0x0f, 0x08, 0x28, 0x01, 0x0e,
    0x0b, 0x0a, 0x0f, 0x02, 0xdd, 0x09, 0x0f, 0x03, 0x02, 0x0f, 0x0a, 0xb8, 0x03, 0x0f, 0x0a, 0x51,
    0x09, 0x0f, 0x04, 0x22, 0x0b, 0x0f, 0x02, 0x51, 0x01, 0x0e, 0x0c, 0xc2, 0x04, 0x0f, 0x08, 0x37,
    0x07, 0x0f, 0x06, 0x55, 0x04, 0x0f, 0x08, 0x37, 0x07, 0x0f, 0x06, 0xc2, 0x0b, 0x0f, 0x02, 0x51,
    0x01, 0x0e, 0x0c, 0x22, 0x03, 0x0f, 0x0a, 0x51, 0x08, 0x0f, 0x04, 0xb8, 0x09, 0x0f, 0x03, 0x02,
    0x0f, 0x0b, 0xdd, 0x01, 0x0e, 0x0c, 0x0a, 0x0f, 0x02, 0x28, 0x07, 0x0f, 0x0f, 0x09, 0x00, 0x28,
    0x01, 0x0d, 0x0e, 0x01, 0x10,
};

static const uint16_t mf_rlefont_Roboto_Regular20_glyph_offsets_26[1] PROGMEM = {
    0x0000,
};

static const uint8_t mf_rlefont_Roboto_Regular20_glyph_data_27[57] PROGMEM = {
    0x06, 0x4c, 0xf6, 0x02, 0x1a, 0x07, 0x0f, 0x08, 0xdf, 0x06, 0x0f, 0x06, 0x38, 0x8d, 0x02, 0x1a,
    0x07, 0x0f, 0x08, 0xdf, 0x06, 0x0f, 0x06, 0x10, 0x06, 0x51, 0x7e, 0x0e, 0x07, 0x00, 0x0d, 0x08,
    0x28, 0x0e, 0x07, 0x00, 0x0d, 0x08, 0x28, 0x0e, 0x07, 0x00, 0x0d, 0x08, 0x28, 0x0e, 0x07, 0x00,
    0x0d, 0x08, 0x28, 0x05, 0x03, 0x00, 0x05, 0x03, 0x10,
};

static const uint16_t mf_rlefont_Roboto_Regular20_glyph_offsets_27[2] PROGMEM = {
    0x0000, 0x0018,
};

static const uint8_t mf_rlefont_Roboto_Regular20_glyph_data_28[18] PROGMEM = {
    0x05, 0xf0, 0xb0, 0x06, 0x0f, 0x05, 0xdf, 0x07, 0x0f, 0x04, 0xdf, 0x0b, 0x0e, 0x01, 0xdf, 0x0a,
    0x06, 0x10,
};

static const uint16_t mf_rlefont_Roboto_Regular20_glyph_offsets_28[1] PROGMEM = {
    0x0000,
};

static const uint8_t mf_rlefont_Roboto_Regular20_glyph_data_29[590] PROGMEM = {
    0x0b, 0x97, 0x06, 0x0c, 0x0f, 0x0e, 0x0b, 0x04, 0xb8, 0x06, 0x0f, 0x0e, 0x0a, 0x0a, 0x0d, 0x07,
    0xb8, 0x0d, 0x0f, 0x02, 0xdf, 0x0f, 0x0c, 0x00, 0x28, 0x0a, 0x0f, 0x0f, 0x0f, 0x0f, 0x0e, 0x00,
    0x04, 0x0f, 0x08, 0x55, 0x04, 0x06, 0x0f, 0x0d, 0x06, 0x05, 0x00, 0x04, 0x0f, 0x08, 0x22, 0x0f,
    0x0c, 0x38, 0x04, 0x0f, 0x08, 0x22, 0x0f, 0x0c, 0x38, 0x04, 0x0f, 0x08, 0x22, 0x0f, 0x0c, 0x38,
    0x04, 0x0f, 0x08, 0x22, 0x0f, 0x0c, 0x38, 0x04, 0x0f, 0x08, 0x22, 0x0f, 0x0c, 0x38, 0x04, 0x0f,
    0x08, 0x22, 0x0f, 0x0c, 0x38, 0x04, 0x0f, 0x08, 0x22, 0x0f, 0x0c, 0x38, 0x04, 0x0f, 0x08, 0x22,
    0x0f, 0x0c, 0x38, 0x04, 0x0f, 0x08, 0x22, 0x0f, 0x0c, 0x38, 0x04, 0x0f, 0x08, 0x10, 0x0b, 0x97,
    0x05, 0x0c, 0x0f, 0x0e, 0x0d, 0x0f, 0x0c, 0x22, 0x04, 0x0f, 0x0e, 0x09, 0x09, 0x0a, 0x0f, 0x0c,
    0x22, 0x09, 0x0f, 0x05, 0x38, 0x0f, 0x0c, 0x22, 0x0b, 0x0f, 0x01, 0x38, 0x0f, 0x0c, 0x55, 0x06,
    0x0f, 0x0f, 0x0f, 0x0f, 0x0f, 0x05, 0x00, 0x0f, 0x0c, 0x55, 0x02, 0x06, 0x0d, 0x0f, 0x07, 0x06,
    0x02, 0x00, 0x0f, 0x0c, 0x22, 0x0b, 0x0f, 0x01, 0x38, 0x0f, 0x0c, 0x22, 0x0b, 0x0f, 0x01, 0x38,
    0x0f, 0x0c, 0x22, 0x0b, 0x0f, 0x01, 0x38, 0x0f, 0x0c, 0x22, 0x0b, 0x0f, 0x01, 0x38, 0x0f, 0x0c,
    0x22, 0x0b, 0x0f, 0x01, 0x38, 0x0f, 0x0c, 0x22, 0x0b, 0x0f, 0x01, 0x38, 0x0f, 0x0c, 0x22, 0x0b,
    0x0f, 0x01, 0x38, 0x0f, 0x0c, 0x22, 0x0b, 0x0f, 0x01, 0x38, 0x0f, 0x0c, 0x22, 0x0b, 0x0f, 0x01,
    0x38, 0x0f, 0x0c, 0x10, 0x11, 0x97, 0x05, 0x0c, 0x0f, 0x0d, 0x51, 0x06, 0x0c, 0x0f, 0x0e, 0x0b,
    0x04, 0x41, 0x04, 0x0f, 0x0e, 0x09, 0x08, 0x00, 0x06, 0x0f, 0x0e, 0x0a, 0x0a, 0x0d, 0x06, 0x41,
    0x09, 0x0f, 0x05, 0x38, 0x0d, 0x0f, 0x02, 0xc2, 0x0b, 0x0f, 0x01, 0x38, 0x0f, 0x0c, 0x55, 0x06,
    0x0f, 0x0f, 0x0f, 0x0f, 0x0f, 0x0f, 0x0f, 0x0f, 0x0f, 0x0f, 0x0e, 0x00, 0x05, 0x0f, 0x08, 0x3f,
    0x02, 0x06, 0x0d, 0x0f, 0x07, 0x06, 0x06, 0x06, 0x0f, 0x0d, 0x06, 0x05, 0x00, 0x05, 0x0f, 0x08,
    0x66, 0x0b, 0x0f, 0x01, 0x38, 0x0f, 0x0c, 0x38, 0x05, 0x0f, 0x08, 0x66, 0x0b, 0x0f, 0x01, 0x38,
    0x0f, 0x0c, 0x38, 0x05, 0x0f, 0x08, 0x66, 0x0b, 0x0f, 0x01, 0x38, 0x0f, 0x0c, 0x38, 0x05, 0x0f,
    0x08, 0x66, 0x0b, 0x0f, 0x01, 0x38, 0x0f, 0x0c, 0x38, 0x05, 0x0f, 0x08, 0x66, 0x0b, 0x0f, 0x01,
    0x38, 0x0f, 0x0c, 0x38, 0x05, 0x0f, 0x08, 0x66, 0x0b, 0x0f, 0x01, 0x38, 0x0f, 0x0c, 0x38, 0x05,
    0x0f, 0x08, 0x66, 0x0b, 0x0f, 0x01, 0x38, 0x0f, 0x0c, 0x38, 0x05, 0x0f, 0x08, 0x66, 0x0b, 0x0f,
    0x01, 0x38, 0x0f, 0x0c, 0x38, 0x05, 0x0f, 0x08, 0x66, 0x0b, 0x0f, 0x01, 0x38, 0x0f, 0x0c, 0x38,
    0x05, 0x0f, 0x08, 0x10, 0x11, 0x97, 0x05, 0x0c, 0x0f, 0x0d, 0x51, 0x08, 0x0d, 0x0f, 0x0e, 0x0d,
    0x0f, 0x08, 0x66, 0x04, 0x0f, 0x0e, 0x09, 0x08, 0x00, 0x08, 0x0f, 0x0d, 0x09, 0x09, 0x0c, 0x0f,
    0x08, 0x66, 0x09, 0x0f, 0x05, 0x38, 0x0e, 0x0e, 0x01, 0x51, 0x05, 0x0f, 0x08, 0x66, 0x0b, 0x0f,
    0x01, 0x38, 0x0f, 0x0c, 0x38, 0x05, 0x0f, 0x08, 0x3f, 0x06, 0x0f, 0x0f, 0x0f, 0x0f, 0x0f, 0x0f,
    0x0f, 0x0f, 0x0f, 0x0f, 0x0f, 0x00, 0x05, 0x0f, 0x08, 0x3f, 0x02, 0x06, 0x0d, 0x0f, 0x07, 0x06,
    0x06, 0x06, 0x0f, 0x0d, 0x06, 0x06, 0x00, 0x05, 0x0f, 0x08, 0x66, 0x0b, 0x0f, 0x01, 0x38, 0x0f,
    0x0c, 0x38, 0x05, 0x0f, 0x08, 0x66, 0x0b, 0x0f, 0x01, 0x38, 0x0f, 0x0c, 0x38, 0x05, 0x0f, 0x08,
    0x66, 0x0b, 0x0f, 0x01, 0x38, 0x0f, 0x0c, 0x38, 0x05, 0x0f, 0x08, 0x66, 0x0b, 0x0f, 0x01, 0x38,
    0x0f, 0x0c, 0x38, 0x05, 0x0f, 0x08, 0x66, 0x0b, 0x0f, 0x01, 0x38, 0x0f, 0x0c, 0x38, 0x05, 0x0f,
    0x08, 0x66, 0x0b, 0x0f, 0x01, 0x38, 0x0f, 0x0c, 0x38, 0x05, 0x0f, 0x08, 0x66, 0x0b, 0x0f, 0x01,
    0x38, 0x0f, 0x0c, 0x38, 0x05, 0x0f, 0x08, 0x66, 0x0b, 0x0f, 0x01, 0x38, 0x0f, 0x0c, 0x38, 0x05,
    0x0f, 0x08, 0x66, 0x0b, 0x0f, 0x01, 0x38, 0x0f, 0x0c, 0x38, 0x05, 0x0f, 0x08, 0x10,
};

static const uint16_t mf_rlefont_Roboto_Regular20_glyph_offsets_29[4] PROGMEM = {
    0x0000, 0x006e, 0x00e4, 0x0194,
};

static const uint8_t mf_rlefont_Roboto_Regular20_glyph_data_30[3] PROGMEM = {
    0x00, 0x00, 0x10,
};

static const uint16_t mf_rlefont_Roboto_Regular20_glyph_offsets_30[1] PROGMEM = {
    0x0000,
};

static const uint8_t mf_rlefont_Roboto_Regular20_glyph_data_31[480] PROGMEM = {
    0x15, 0x4c, 0x4a, 0x03, 0x03, 0x03, 0x00, 0x03, 0x03, 0x02, 0x00, 0x03, 0x03, 0x02, 0x00, 0x03,
    0x03, 0x02, 0x01, 0x03, 0x03, 0x03, 0x44, 0x02, 0x0f, 0x0e, 0x0d, 0x00, 0x0d, 0x0e, 0x0b, 0x00,
    0x0e, 0x0e, 0x0a, 0x01, 0x0e, 0x0e, 0x09, 0x03, 0x0e, 0x0e, 0x0c, 0x44, 0x02, 0x0f, 0x70, 0x04,
    0x0c, 0x44, 0x01, 0x09, 0x70, 0x02, 0x07, 0x2d, 0x03, 0x70, 0x01, 0x03, 0x44, 0x02, 0x0f, 0x70,
    0x04, 0x0c, 0x44, 0x02, 0x0f, 0x70, 0x04, 0x0c, 0x2d, 0x04, 0x51, 0x06, 0x0b, 0x0a, 0x03, 0x04,
    0x0c, 0x0c, 0x0a, 0x02, 0x38, 0x07, 0x05, 0x01, 0x03, 0x44, 0x01, 0x08, 0x00, 0x04, 0x0b, 0x00,
    0x02, 0x0d, 0x04, 0x0a, 0x00, 0x06, 0x09, 0x38, 0x08, 0x06, 0x02, 0x07, 0x44, 0x02, 0x0f, 0x00,
    0x07, 0x07, 0x51, 0x0d, 0x05, 0x0d, 0x09, 0x0c, 0x04, 0x38, 0x08, 0x06, 0x04, 0x0c, 0x44, 0x02,
    0x0e, 0x00, 0x06, 0x07, 0x51, 0x0d, 0x05, 0x0b, 0x04, 0x07, 0x09, 0x00, 0x01, 0x00, 0x08, 0x06,
    0x04, 0x0c, 0x4b, 0x02, 0x0c, 0x03, 0x05, 0x0b, 0x04, 0x0b, 0x03, 0x07, 0x0a, 0x04, 0x0c, 0x03,
    0x0c, 0x03, 0x64, 0x01, 0x0c, 0x51, 0x03, 0x08, 0x07, 0x01, 0x02, 0x08, 0x08, 0x07, 0x01, 0x00,
    0x04, 0x07, 0x04, 0x00, 0x03, 0x0a, 0x44, 0x02, 0x0f, 0x70, 0x04, 0x0c, 0x44, 0x01, 0x09, 0x70,
    0x02, 0x07, 0x2d, 0x03, 0x70, 0x01, 0x02, 0x44, 0x02, 0x0f, 0x70, 0x04, 0x0c, 0x44, 0x02, 0x0f,
    0x03, 0x03, 0x00, 0x03, 0x03, 0x03, 0x00, 0x03, 0x03, 0x02, 0x00, 0x03, 0x03, 0x02, 0x01, 0x03,
    0x06, 0x0c, 0x44, 0x01, 0x0d, 0x0d, 0x0c, 0x00, 0x0c, 0x0d, 0x0b, 0x00, 0x0d, 0x0d, 0x09, 0x01,
    0x0d, 0x0d, 0x08, 0x03, 0x0d, 0x0d, 0x0b, 0x10, 0x15, 0x00, 0x3e, 0x02, 0x07, 0xdf, 0x02, 0x0d,
    0x0f, 0x08, 0x28, 0x02, 0x0d, 0x0f, 0x0f, 0x0f, 0x07, 0xb8, 0x02, 0x0d, 0x0f, 0x0f, 0x0f, 0x0f,
    0x0f, 0x07, 0xc2, 0x02, 0x0d, 0x0f, 0x0f, 0x0f, 0x0f, 0x0f, 0x0f, 0x0f, 0x07, 0x2c, 0x02, 0x0d,
    0x0f, 0x0f, 0x0e, 0x0a, 0x09, 0x0c, 0x0f, 0x0f, 0x0f, 0x07, 0x41, 0x01, 0x0d, 0x0f, 0x0f, 0x0c,
    0x01, 0x38, 0x05, 0x0f, 0x0f, 0x0f, 0x06, 0x00, 0x3f, 0x01, 0x0d, 0x0f, 0x0f, 0x0f, 0x05, 0x00,
    0x07, 0x0c, 0x02, 0x00, 0x0c, 0x0f, 0x0f, 0x0f, 0x06, 0x4b, 0x01, 0x0c, 0x0f, 0x0f, 0x0f, 0x0f,
    0x0d, 0x0d, 0x0f, 0x0f, 0x04, 0x00, 0x0b, 0x0f, 0x0f, 0x0f, 0x0f, 0x06, 0x64, 0x0c, 0x0f, 0x0f,
    0x0f, 0x0f, 0x0f, 0x0f, 0x0f, 0x0f, 0x0b, 0x00, 0x02, 0x0e, 0x0f, 0x0f, 0x0f, 0x0f, 0x0f, 0x05,
    0x2d, 0x05, 0x0f, 0x0f, 0x0f, 0x0f, 0x0f, 0x0f, 0x0f, 0x09, 0x00, 0x03, 0x0d, 0x0f, 0x0f, 0x0f,
    0x0f, 0x0f, 0x0c, 0x01, 0x64, 0x05, 0x0f, 0x0f, 0x0f, 0x0f, 0x0f, 0x0f, 0x02, 0x00, 0x0d, 0x0f,
    0x0f, 0x0f, 0x0f, 0x0f, 0x0c, 0x01, 0x3f, 0x06, 0x0f, 0x0f, 0x0f, 0x0f, 0x0f, 0x0e, 0x0d, 0x0f,
    0x0f, 0x0f, 0x0f, 0x0f, 0x0c, 0x01, 0x66, 0x06, 0x0f, 0x0f, 0x0f, 0x0f, 0x01, 0x00, 0x0e, 0x0f,
    0x0f, 0x0f, 0x0c, 0x01, 0x19, 0x06, 0x0f, 0x0f, 0x0f, 0x06, 0x06, 0x0f, 0x0f, 0x0f, 0x0c, 0x01,
    0x55, 0x07, 0x0f, 0x0f, 0x0f, 0x0f, 0x0f, 0x0f, 0x0d, 0x01, 0x22, 0x07, 0x0f, 0x0f, 0x0f, 0x0f,
    0x0d, 0x01, 0xdd, 0x07, 0x0f, 0x0f, 0x0d, 0x02, 0x00, 0x28, 0x08, 0x0d, 0x02, 0x1a, 0x01, 0x10,
};

static const uint16_t mf_rlefont_Roboto_Regular20_glyph_offsets_31[2] PROGMEM = {
    0x0000, 0x00f8,
};

static const struct mf_rlefont_char_range_s mf_rlefont_Roboto_Regular20_char_ranges[] = {
    {0, 14, mf_rlefont_Roboto_Regular20_glyph_offsets_0, mf_rlefont_Roboto_Regular20_glyph_data_0},
    {32, 95, mf_rlefont_Roboto_Regular20_glyph_offsets_1, mf_rlefont_Roboto_Regular20_glyph_data_1},
    {160, 224, mf_rlefont_Roboto_Regular20_glyph_offsets_2, mf_rlefont_Roboto_Regular20_glyph_data_2},
    {399, 34, mf_rlefont_Roboto_Regular20_glyph_offsets_3, mf_rlefont_Roboto_Regular20_glyph_data_3},
    {496, 16, mf_rlefont_Roboto_Regular20_glyph_offsets_4, mf_rlefont_Roboto_Regular20_glyph_data_4},
    {536, 4, mf_rlefont_Roboto_Regular20_glyph_offsets_5, mf_rlefont_Roboto_Regular20_glyph_data_5},
    {567, 1, mf_rlefont_Roboto_Regular20_glyph_offsets_6, mf_rlefont_Roboto_Regular20_glyph_data_6},
    {601, 1, mf_rlefont_Roboto_Regular20_glyph_offsets_7, mf_rlefont_Roboto_Regular20_glyph_data_7},
    {700, 34, mf_rlefont_Roboto_Regular20_glyph_offsets_8, mf_rlefont_Roboto_Regular20_glyph_data_8},
    {755, 29, mf_rlefont_Roboto_Regular20_glyph_offsets_9, mf_rlefont_Roboto_Regular20_glyph_data_9},
    {803, 1, mf_rlefont_Roboto_Regular20_glyph_offsets_10, mf_rlefont_Roboto_Regular20_glyph_data_10},
    {900, 83, mf_rlefont_Roboto_Regular20_glyph_offsets_11, mf_rlefont_Roboto_Regular20_glyph_data_11},
    {1024, 276, mf_rlefont_Roboto_Regular20_glyph_offsets_12, mf_rlefont_Roboto_Regular20_glyph_data_12},
    {7680, 2, mf_rlefont_Roboto_Regular20_glyph_offsets_13, mf_rlefont_Roboto_Regular20_glyph_data_13},
    {7742, 2, mf_rlefont_Roboto_Regular20_glyph_offsets_14, mf_rlefont_Roboto_Regular20_glyph_data_14},
    {7808, 6, mf_rlefont_Roboto_Regular20_glyph_offsets_15, mf_rlefont_Roboto_Regular20_glyph_data_15},
    {7840, 90, mf_rlefont_Roboto_Regular20_glyph_offsets_16, mf_rlefont_Roboto_Regular20_glyph_data_16},
    {8013, 1, mf_rlefont_Roboto_Regular20_glyph_offsets_17, mf_rlefont_Roboto_Regular20_glyph_data_17},
    {8192, 69, mf_rlefont_Roboto_Regular20_glyph_offsets_18, mf_rlefont_Roboto_Regular20_glyph_data_18},
    {8304, 31, mf_rlefont_Roboto_Regular20_glyph_offsets_19, mf_rlefont_Roboto_Regular20_glyph_data_19},
    {8355, 27, mf_rlefont_Roboto_Regular20_glyph_offsets_20, mf_rlefont_Roboto_Regular20_glyph_data_20},
    {8453, 42, mf_rlefont_Roboto_Regular20_glyph_offsets_21, mf_rlefont_Roboto_Regular20_glyph_data_21},
    {8539, 4, mf_rlefont_Roboto_Regular20_glyph_offsets_22, mf_rlefont_Roboto_Regular20_glyph_data_22},
    {8706, 42, mf_rlefont_Roboto_Regular20_glyph_offsets_23, mf_rlefont_Roboto_Regular20_glyph_data_23},
    {8776, 1, mf_rlefont_Roboto_Regular20_glyph_offsets_24, mf_rlefont_Roboto_Regular20_glyph_data_24},
    {8800, 6, mf_rlefont_Roboto_Regular20_glyph_offsets_25, mf_rlefont_Roboto_Regular20_glyph_data_25},
    {9674, 1, mf_rlefont_Roboto_Regular20_glyph_offsets_26, mf_rlefont_Roboto_Regular20_glyph_data_26},
    {60929, 2, mf_rlefont_Roboto_Regular20_glyph_offsets_27, mf_rlefont_Roboto_Regular20_glyph_data_27},
    {63171, 1, mf_rlefont_Roboto_Regular20_glyph_offsets_28, mf_rlefont_Roboto_Regular20_glyph_data_28},
    {64257, 4, mf_rlefont_Roboto_Regular20_glyph_offsets_29, mf_rlefont_Roboto_Regular20_glyph_data_29},
    {65279, 1, mf_rlefont_Roboto_Regular20_glyph_offsets_30, mf_rlefont_Roboto_Regular20_glyph_data_30},
    {65532, 2, mf_rlefont_Roboto_Regular20_glyph_offsets_31, mf_rlefont_Roboto_Regular20_glyph_data_31},
};

const struct mf_rlefont_s mf_rlefont_Roboto_Regular20 = {
    {
    "Roboto Regular 20",
    "Roboto_Regular20",
    39, /* width */
    27, /* height */
    0, /* min x advance */
    23, /* max x advance */
    15, /* baseline x */
    21, /* baseline y */
    23, /* line height */
    0, /* flags */
    65533, /* fallback character */
    &mf_rlefont_character_width,
    &mf_rlefont_render_character,
    },
    4, /* version */
    mf_rlefont_Roboto_Regular20_dictionary_data,
    mf_rlefont_Roboto_Regular20_dictionary_offsets,
    232, /* rle dict count */
    232, /* total dict count */
    32, /* char range count */
    mf_rlefont_Roboto_Regular20_char_ranges,
};

#ifdef MF_INCLUDED_FONTS
/* List entry for searching fonts by name. */
static const struct mf_font_list_s mf_rlefont_Roboto_Regular20_listentry = {
    MF_INCLUDED_FONTS,
    (struct mf_font_s*)&mf_rlefont_Roboto_Regular20
};
#undef MF_INCLUDED_FONTS
#define MF_INCLUDED_FONTS (&mf_rlefont_Roboto_Regular20_listentry)
#endif


/* End of automatically generated font definition for Roboto_Regular20. */

