

/* Start of automatically generated font definition for Roboto_Regular40bw. */

#ifndef MF_BWFONT_INTERNALS
#define MF_BWFONT_INTERNALS
#endif
#include "mf_bwfont.h"

#ifndef MF_BWFONT_VERSION_4_SUPPORTED
#error The font file is not compatible with this version of mcufont.
#endif

static const uint8_t mf_bwfont_Roboto_Regular40bw_glyph_data_0[0] PROGMEM = {
    
};

static const uint16_t mf_bwfont_Roboto_Regular40bw_glyph_offsets_0[15] PROGMEM = {
    0x0000, 0x0000, 0x0000, 0x0000, 0x0000, 0x0000, 0x0000, 0x0000,
    0x0000, 0x0000, 0x0000, 0x0000, 0x0000, 0x0000, 0x0000,
};

static const uint8_t mf_bwfont_Roboto_Regular40bw_glyph_widths_0[14] PROGMEM = {
    0x00, 0x00, 0x00, 0x00, 0x00, 0x00, 0x00, 0x00, 0x00, 0x00, 0x00, 0x00, 0x00, 0x0a,
};

static const uint8_t mf_bwfont_Roboto_Regular40bw_glyph_data_1[11094] PROGMEM = {
    0x00, 0x00, 0x00, 0x00, 0x00, 0x00, 0x00, 0x00, 0x00, 0x00, 0x00, 0x00, 0x00, 0x00, 0x00, 0x00,
    0x00, 0x00, 0x00, 0x00, 0x00, 0x00, 0x00, 0x00, 0xe0, 0xff, 0x7f, 0xc0, 0x00, 0x00, 0xe0, 0xff,
    0xff, 0xe1, 0x01, 0x00, 0xe0, 0xff, 0xff, 0xe1, 0x01, 0x00, 0xe0, 0xff, 0xff, 0xe1, 0x01, 0x00,
    0x00, 0x00, 0x00, 0x00, 0x00, 0x00, 0x00, 0x00, 0x00, 0x00, 0x00, 0x00, 0x00, 0x00, 0x00, 0x00,
    0x00, 0x00, 0x00, 0x00, 0x00, 0x00, 0x00, 0x00, 0xf8, 0x1f, 0x00, 0x00, 0x00, 0x00, 0xf8, 0x1f,
    0x00, 0x00, 0x00, 0x00, 0x00, 0x00, 0x00, 0x00, 0x00, 0x00, 0x00, 0x00, 0x00, 0x00, 0x00, 0x00,
    0x00, 0x00, 0x00, 0x00, 0x00, 0x00, 0xf8, 0x1f, 0x00, 0x00, 0x00, 0x00, 0xf8, 0x1f, 0x00, 0x00,
    0x00, 0x00, 0xf8, 0x01, 0x00, 0x00, 0x00, 0x00, 0x00, 0x00, 0x00, 0x00, 0x00, 0x00, 0x00, 0x00,
    0x00, 0x00, 0x00, 0x00, 0x00, 0x00, 0x00, 0x00, 0x00, 0x00, 0x00, 0x00, 0xc0, 0x01, 0x00, 0x00,
    0x00, 0x00, 0xc0, 0x01, 0x00, 0x00, 0x00, 0xe0, 0xc0, 0x01, 0x00, 0x00, 0x00, 0xe0, 0xc0, 0x01,
    0x00, 0x00, 0x00, 0xe0, 0xc0, 0xf1, 0x01, 0x00, 0x00, 0xe0, 0xc0, 0xff, 0x01, 0x00, 0x00, 0xe0,
    0xfe, 0xff, 0x00, 0x00, 0x00, 0xf0, 0xff, 0x07, 0x00, 0x00, 0x80, 0xff, 0xff, 0x01, 0x00, 0x00,
    0xe0, 0xff, 0xc1, 0x01, 0x00, 0x00, 0xe0, 0xef, 0xc0, 0x01, 0x00, 0x00, 0x60, 0xe0, 0xc0, 0x01,
    0x01, 0x00, 0x00, 0xe0, 0xc0, 0xf9, 0x01, 0x00, 0x00, 0xe0, 0xc0, 0xff, 0x01, 0x00, 0x00, 0xe0,
    0xfe, 0xff, 0x00, 0x00, 0x00, 0xf0, 0xff, 0x03, 0x00, 0x00, 0x80, 0xff, 0xdf, 0x01, 0x00, 0x00,
    0xe0, 0xff, 0xc0, 0x01, 0x00, 0x00, 0xe0, 0xe7, 0xc0, 0x01, 0x00, 0x00, 0x20, 0xe0, 0xc0, 0x01,
    0x00, 0x00, 0x00, 0xe0, 0xc0, 0x01, 0x00, 0x00, 0x00, 0xe0, 0x00, 0x00, 0x00, 0x00, 0x00, 0x00,
    0x00, 0x00, 0x00, 0x00, 0x00, 0x00, 0x00, 0x00, 0x00, 0x00, 0x00, 0x00, 0x00, 0x00, 0x00, 0x00,
    0x00, 0x00, 0x00, 0x07, 0x00, 0x00, 0x00, 0x7c, 0x00, 0x1f, 0x00, 0x00, 0x00, 0xff, 0x01, 0x7f,
    0x00, 0x00, 0x80, 0xff, 0x03, 0x7f, 0x00, 0x00, 0xc0, 0xff, 0x07, 0xf8, 0x00, 0x00, 0xc0, 0x83,
    0x07, 0xe0, 0x00, 0x00, 0xe0, 0x01, 0x0f, 0xe0, 0x01, 0x00, 0xe0, 0x00, 0x0f, 0xc0, 0x01, 0x00,
    0xfe, 0x00, 0x0e, 0xc0, 0x1f, 0x00, 0xfe, 0x00, 0x1e, 0xc0, 0x1f, 0x00, 0xfe, 0x00, 0x1e, 0xc0,
    0x1f, 0x00, 0xe0, 0x01, 0x1c, 0xc0, 0x01, 0x00, 0xe0, 0x01, 0x3c, 0xe0, 0x01, 0x00, 0xc0, 0x03,
    0x78, 0xf0, 0x00, 0x00, 0xc0, 0x3f, 0xf8, 0xf8, 0x00, 0x00, 0x80, 0x3f, 0xf0, 0x7f, 0x00, 0x00,
    0x00, 0x3f, 0xe0, 0x3f, 0x00, 0x00, 0x00, 0x3c, 0xc0, 0x1f, 0x00, 0x00, 0x00, 0x00, 0x00, 0x00,
    0x00, 0x00, 0x00, 0x00, 0x00, 0x00, 0x00, 0x00, 0x00, 0x00, 0x00, 0x00, 0x00, 0x00, 0x00, 0x7f,
    0x00, 0x00, 0x00, 0x00, 0x80, 0xff, 0x00, 0x00, 0x00, 0x00, 0xc0, 0xff, 0x01, 0x00, 0x00, 0x00,
    0xe0, 0x80, 0x03, 0x00, 0x00, 0x00, 0xe0, 0x80, 0x03, 0x00, 0x00, 0x00, 0x60, 0x00, 0x03, 0x30,
    0x00, 0x00, 0x60, 0x00, 0x03, 0x3c, 0x00, 0x00, 0xe0, 0x80, 0x03, 0x1e, 0x00, 0x00, 0xc0, 0xc1,
    0x81, 0x0f, 0x00, 0x00, 0xc0, 0xff, 0xc1, 0x03, 0x00, 0x00, 0x80, 0xff, 0xf0, 0x01, 0x00, 0x00,
    0x00, 0x3e, 0x78, 0x00, 0x00, 0x00, 0x00, 0x00, 0x3e, 0x00, 0x00, 0x00, 0x00, 0x00, 0x0f, 0x00,
    0x00, 0x00, 0x00, 0xc0, 0x87, 0x3f, 0x00, 0x00, 0x00, 0xe0, 0xc1, 0x7f, 0x00, 0x00, 0x00, 0xf8,
    0xe0, 0xff, 0x00, 0x00, 0x00, 0x3c, 0x70, 0xc0, 0x01, 0x00, 0x00, 0x1f, 0x70, 0xc0, 0x01, 0x00,
    0x00, 0x06, 0x30, 0x80, 0x01, 0x00, 0x00, 0x02, 0x30, 0x80, 0x01, 0x00, 0x00, 0x00, 0x70, 0xc0,
    0x01, 0x00, 0x00, 0x00, 0xe0, 0xe0, 0x00, 0x00, 0x00, 0x00, 0xe0, 0xff, 0x00, 0x00, 0x00, 0x00,
    0xc0, 0x7f, 0x00, 0x00, 0x00, 0x00, 0x00, 0x0e, 0x00, 0x00, 0x00, 0x00, 0x00, 0x00, 0x00, 0x00,
    0x00, 0x00, 0x00, 0x00, 0x00, 0x00, 0x00, 0x00, 0x00, 0x00, 0x00, 0x00, 0x00, 0x00, 0x80, 0x0f,
    0x00, 0x00, 0x00, 0x00, 0xe0, 0x3f, 0x00, 0x00, 0x00, 0x1c, 0xf0, 0x7f, 0x00, 0x00, 0x00, 0x7f,
    0xf8, 0xff, 0x00, 0x00, 0xc0, 0xff, 0x79, 0xf0, 0x00, 0x00, 0xc0, 0xff, 0x3f, 0xe0, 0x01, 0x00,
    0xe0, 0xc1, 0x1f, 0xc0, 0x01, 0x00, 0xe0, 0x80, 0x0f, 0xc0, 0x01, 0x00, 0xe0, 0x00, 0x1f, 0xc0,
    0x01, 0x00, 0xe0, 0x80, 0x3f, 0xc0, 0x01, 0x00, 0xe0, 0xc0, 0xfb, 0xc0, 0x01, 0x00, 0xe0, 0xc1,
    0xf1, 0xc1, 0x01, 0x00, 0xc0, 0xf3, 0xe1, 0xe3, 0x00, 0x00, 0xc0, 0xff, 0xc0, 0xe7, 0x00, 0x00,
    0x80, 0x7f, 0x80, 0xff, 0x00, 0x00, 0x00, 0x3f, 0x00, 0x7f, 0x00, 0x00, 0x00, 0x00, 0x00, 0x7e,
    0x00, 0x00, 0x00, 0x00, 0xc0, 0xff, 0x00, 0x00, 0x00, 0x00, 0xf8, 0xff, 0x01, 0x00, 0x00, 0x00,
    0xf8, 0xe3, 0x01, 0x00, 0x00, 0x00, 0xf8, 0xc0, 0x01, 0x00, 0x00, 0x00, 0x00, 0x00, 0x01, 0x00,
    0x00, 0x00, 0x00, 0x00, 0x00, 0x00, 0x00, 0x00, 0x00, 0x00, 0x00, 0x00, 0x00, 0x00, 0x00, 0x00,
    0x00, 0x00, 0xf8, 0x0f, 0x00, 0x00, 0x00, 0x00, 0xf8, 0x0f, 0x00, 0x00, 0x00, 0x00, 0xf8, 0x0f,
    0x00, 0x00, 0x00, 0x00, 0x00, 0x00, 0x00, 0x00, 0x00, 0x00, 0x00, 0x00, 0x00, 0x00, 0x00, 0x00,
    0x00, 0x00, 0x00, 0x00, 0x00, 0x00, 0x00, 0x00, 0x00, 0x00, 0x00, 0x00, 0x00, 0xc0, 0xff, 0x1f,
    0x00, 0x00, 0x00, 0xf8, 0xff, 0xff, 0x00, 0x00, 0x00, 0xfe, 0xff, 0xff, 0x03, 0x00, 0x80, 0xff,
    0x01, 0xfc, 0x0f, 0x00, 0xe0, 0x0f, 0x00, 0x80, 0x3f, 0x00, 0xf0, 0x01, 0x00, 0x00, 0x7c, 0x00,
    0x78, 0x00, 0x00, 0x00, 0xf0, 0x00, 0x3c, 0x00, 0x00, 0x00, 0xe0, 0x01, 0x1e, 0x00, 0x00, 0x00,
    0xc0, 0x03, 0x0c, 0x00, 0x00, 0x00, 0x80, 0x01, 0x00, 0x00, 0x00, 0x00, 0x00, 0x00, 0x00, 0x00,
    0x00, 0x00, 0x00, 0x00, 0x0e, 0x00, 0x00, 0x00, 0x80, 0x03, 0x1c, 0x00, 0x00, 0x00, 0xc0, 0x01,
    0x3c, 0x00, 0x00, 0x00, 0xe0, 0x01, 0xf8, 0x00, 0x00, 0x00, 0xf8, 0x00, 0xe0, 0x03, 0x00, 0x00,
    0x3e, 0x00, 0xc0, 0x3f, 0x00, 0xc0, 0x1f, 0x00, 0x80, 0xff, 0xff, 0xff, 0x0f, 0x00, 0x00, 0xfe,
    0xff, 0xff, 0x03, 0x00, 0x00, 0xf0, 0xff, 0x7f, 0x00, 0x00, 0x00, 0x80, 0xff, 0x0f, 0x00, 0x00,
    0x00, 0x00, 0x00, 0x00, 0x00, 0x00, 0x00, 0x00, 0x00, 0x00, 0x00, 0x00, 0x00, 0x1c, 0x00, 0x00,
    0x00, 0x00, 0x00, 0x1c, 0x00, 0x00, 0x00, 0x00, 0x00, 0x3c, 0x18, 0x00, 0x00, 0x00, 0x00, 0x38,
    0x3e, 0x00, 0x00, 0x00, 0x00, 0x38, 0x1f, 0x00, 0x00, 0x00, 0x00, 0xf0, 0x07, 0x00, 0x00, 0x00,
    0xe0, 0xff, 0x03, 0x00, 0x00, 0x00, 0xe0, 0xff, 0x00, 0x00, 0x00, 0x00, 0xe0, 0xff, 0x03, 0x00,
    0x00, 0x00, 0x00, 0xf0, 0x07, 0x00, 0x00, 0x00, 0x00, 0x38, 0x1f, 0x00, 0x00, 0x00, 0x00, 0x38,
    0x3e, 0x00, 0x00, 0x00, 0x00, 0x38, 0x18, 0x00, 0x00, 0x00, 0x00, 0x3c, 0x00, 0x00, 0x00, 0x00,
    0x00, 0x1c, 0x00, 0x00, 0x00, 0x00, 0x00, 0x10, 0x00, 0x00, 0x00, 0x00, 0x00, 0x00, 0x00, 0x00,
    0x00, 0x00, 0x00, 0x00, 0x00, 0x00, 0x00, 0x00, 0x00, 0x00, 0x00, 0x00, 0x00, 0x00, 0x00, 0x00,
    0x1c, 0x00, 0x00, 0x00, 0x00, 0x00, 0x1c, 0x00, 0x00, 0x00, 0x00, 0x00, 0x1c, 0x00, 0x00, 0x00,
    0x00, 0x00, 0x1c, 0x00, 0x00, 0x00, 0x00, 0x00, 0x1c, 0x00, 0x00, 0x00, 0x00, 0x00, 0x1c, 0x00,
    0x00, 0x00, 0x00, 0x00, 0x1c, 0x00, 0x00, 0x00, 0x00, 0xfc, 0xff, 0x3f, 0x00, 0x00, 0x00, 0xfc,
    0xff, 0x3f, 0x00, 0x00, 0x00, 0xfc, 0xff, 0x3f, 0x00, 0x00, 0x00, 0xfc, 0xff, 0x3f, 0x00, 0x00,
    0x00, 0x00, 0x1c, 0x00, 0x00, 0x00, 0x00, 0x00, 0x1c, 0x00, 0x00, 0x00, 0x00, 0x00, 0x1c, 0x00,
    0x00, 0x00, 0x00, 0x00, 0x1c, 0x00, 0x00, 0x00, 0x00, 0x00, 0x1c, 0x00, 0x00, 0x00, 0x00, 0x00,
    0x1c, 0x00, 0x00, 0x00, 0x00, 0x00, 0x1c, 0x00, 0x00, 0x00, 0x00, 0x00, 0x1c, 0x00, 0x00, 0x00,
    0x00, 0x00, 0x00, 0x00, 0x00, 0x00, 0x00, 0x00, 0x00, 0x00, 0x00, 0x00, 0x00, 0x00, 0x00, 0x00,
    0x30, 0x00, 0x00, 0x00, 0x00, 0xe0, 0x7f, 0x00, 0x00, 0x00, 0x00, 0xe0, 0x3f, 0x00, 0x00, 0x00,
    0x00, 0xe0, 0x1f, 0x00, 0x00, 0x00, 0x00, 0xe0, 0x07, 0x00, 0x00, 0x00, 0x00, 0x00, 0x00, 0x00,
    0x00, 0x00, 0x00, 0x00, 0x00, 0x00, 0x00, 0x00, 0x38, 0x00, 0x00, 0x00, 0x00, 0x00, 0x38, 0x00,
    0x00, 0x00, 0x00, 0x00, 0x38, 0x00, 0x00, 0x00, 0x00, 0x00, 0x38, 0x00, 0x00, 0x00, 0x00, 0x00,
    0x38, 0x00, 0x00, 0x00, 0x00, 0x00, 0x38, 0x00, 0x00, 0x00, 0x00, 0x00, 0x38, 0x00, 0x00, 0x00,
    0x00, 0x00, 0x38, 0x00, 0x00, 0x00, 0x00, 0x00, 0x38, 0x00, 0x00, 0x00, 0x00, 0x00, 0x00, 0x00,
    0x00, 0x00, 0x00, 0x00, 0x00, 0x00, 0x00, 0x00, 0x00, 0x00, 0x00, 0x00, 0x00, 0x00, 0x00, 0x00,
    0x00, 0x00, 0x00, 0x00, 0x00, 0x00, 0x00, 0xe0, 0x00, 0x00, 0x00, 0x00, 0x00, 0xe0, 0x01, 0x00,
    0x00, 0x00, 0x00, 0xe0, 0x01, 0x00, 0x00, 0x00, 0x00, 0xe0, 0x01, 0x00, 0x00, 0x00, 0x00, 0x00,
    0x00, 0x00, 0x00, 0x00, 0x00, 0x00, 0x00, 0x00, 0x00, 0x00, 0x00, 0x00, 0x07, 0x00, 0x00, 0x00,
    0x00, 0xc0, 0x07, 0x00, 0x00, 0x00, 0x00, 0xf8, 0x07, 0x00, 0x00, 0x00, 0x00, 0xfe, 0x00, 0x00,
    0x00, 0x00, 0xc0, 0x3f, 0x00, 0x00, 0x00, 0x00, 0xf8, 0x07, 0x00, 0x00, 0x00, 0x00, 0xfe, 0x01,
    0x00, 0x00, 0x00, 0xc0, 0x3f, 0x00, 0x00, 0x00, 0x00, 0xf0, 0x0f, 0x00, 0x00, 0x00, 0x00, 0xfe,
    0x01, 0x00, 0x00, 0x00, 0x80, 0x7f, 0x00, 0x00, 0x00, 0x00, 0xe0, 0x0f, 0x00, 0x00, 0x00, 0x00,
    0xe0, 0x03, 0x00, 0x00, 0x00, 0x00, 0x60, 0x00, 0x00, 0x00, 0x00, 0x00, 0x00, 0x00, 0x00, 0x00,
    0x00, 0x00, 0x00, 0x00, 0x00, 0x00, 0x00, 0x00, 0x00, 0x00, 0x00, 0x00, 0x00, 0x00, 0x00, 0xe0,
    0xff, 0x01, 0x00, 0x00, 0x00, 0xfe, 0xff, 0x0f, 0x00, 0x00, 0x00, 0xff, 0xff, 0x3f, 0x00, 0x00,
    0x80, 0xff, 0xff, 0x7f, 0x00, 0x00, 0xc0, 0x07, 0x00, 0xfc, 0x00, 0x00, 0xc0, 0x03, 0x00, 0xf0,
    0x00, 0x00, 0xe0, 0x01, 0x00, 0xe0, 0x01, 0x00, 0xe0, 0x00, 0x00, 0xc0, 0x01, 0x00, 0xe0, 0x00,
    0x00, 0xc0, 0x01, 0x00, 0xe0, 0x00, 0x00, 0xc0, 0x01, 0x00, 0xe0, 0x00, 0x00, 0xc0, 0x01, 0x00,
    0xe0, 0x00, 0x00, 0xc0, 0x01, 0x00, 0xe0, 0x01, 0x00, 0xe0, 0x01, 0x00, 0xc0, 0x03, 0x00, 0xf0,
    0x00, 0x00, 0xc0, 0x7f, 0x80, 0xff, 0x00, 0x00, 0x80, 0xff, 0xff, 0x7f, 0x00, 0x00, 0x00, 0xfe,
    0xff, 0x1f, 0x00, 0x00, 0x00, 0xf8, 0xff, 0x07, 0x00, 0x00, 0x00, 0x00, 0x00, 0x00, 0x00, 0x00,
    0x00, 0x00, 0x00, 0x00, 0x00, 0x00, 0x00, 0x00, 0x00, 0x00, 0x00, 0x00, 0x00, 0x00, 0x00, 0x00,
    0x00, 0x00, 0x00, 0x0e, 0x00, 0x00, 0x00, 0x00, 0x00, 0x0f, 0x00, 0x00, 0x00, 0x00, 0x00, 0x07,
    0x00, 0x00, 0x00, 0x00, 0x00, 0x07, 0x00, 0x00, 0x00, 0x00, 0x80, 0x07, 0x00, 0x00, 0x00, 0x00,
    0x80, 0x03, 0x00, 0x00, 0x00, 0x00, 0x80, 0x03, 0x00, 0x00, 0x00, 0x00, 0xc0, 0x01, 0x00, 0x00,
    0x00, 0x00, 0xc0, 0xff, 0xff, 0xff, 0x01, 0x00, 0xe0, 0xff, 0xff, 0xff, 0x01, 0x00, 0xe0, 0xff,
    0xff, 0xff, 0x01, 0x00, 0x00, 0x00, 0x00, 0x00, 0x00, 0x00, 0x00, 0x00, 0x00, 0x00, 0x00, 0x00,
    0x00, 0x00, 0x00, 0x00, 0x00, 0x00, 0x00, 0x3c, 0x00, 0xc0, 0x01, 0x00, 0x00, 0x3f, 0x00, 0xe0,
    0x01, 0x00, 0x80, 0x3f, 0x00, 0xf0, 0x01, 0x00, 0x80, 0x1f, 0x00, 0xf8, 0x01, 0x00, 0xc0, 0x03,
    0x00, 0xfc, 0x01, 0x00, 0xc0, 0x01, 0x00, 0xde, 0x01, 0x00, 0xe0, 0x00, 0x00, 0xcf, 0x01, 0x00,
    0xe0, 0x00, 0x80, 0xc7, 0x01, 0x00, 0xe0, 0x00, 0xc0, 0xc3, 0x01, 0x00, 0xe0, 0x00, 0xe0, 0xc1,
    0x01, 0x00, 0xe0, 0x00, 0xf0, 0xc0, 0x01, 0x00, 0xe0, 0x00, 0x7c, 0xc0, 0x01, 0x00, 0xe0, 0x01,
    0x3e, 0xc0, 0x01, 0x00, 0xc0, 0x83, 0x1f, 0xc0, 0x01, 0x00, 0xc0, 0xff, 0x0f, 0xc0, 0x01, 0x00,
    0x80, 0xff, 0x03, 0xc0, 0x01, 0x00, 0x00, 0xff, 0x01, 0xc0, 0x01, 0x00, 0x00, 0x38, 0x00, 0xc0,
    0x01, 0x00, 0x00, 0x00, 0x00, 0xc0, 0x01, 0x00, 0x00, 0x00, 0x00, 0x00, 0x00, 0x00, 0x00, 0x00,
    0x00, 0x00, 0x00, 0x00, 0x00, 0x00, 0x00, 0x00, 0x00, 0x00, 0x00, 0x1c, 0x00, 0x0e, 0x00, 0x00,
    0x00, 0x1f, 0x00, 0x3e, 0x00, 0x00, 0x80, 0x1f, 0x00, 0x7e, 0x00, 0x00, 0x80, 0x1f, 0x00, 0xfc,
    0x00, 0x00, 0xc0, 0x03, 0x00, 0xf0, 0x00, 0x00, 0xc0, 0x01, 0x00, 0xe0, 0x01, 0x00, 0xe0, 0x00,
    0x0e, 0xc0, 0x01, 0x00, 0xe0, 0x00, 0x0e, 0xc0, 0x01, 0x00, 0xe0, 0x00, 0x0e, 0xc0, 0x01, 0x00,
    0xe0, 0x00, 0x0e, 0xc0, 0x01, 0x00, 0xe0, 0x00, 0x0e, 0xc0, 0x01, 0x00, 0xe0, 0x00, 0x1f, 0xc0,
    0x01, 0x00, 0xc0, 0x01, 0x1f, 0xe0, 0x00, 0x00, 0xc0, 0xc7, 0x3b, 0xf0, 0x00, 0x00, 0xc0, 0xff,
    0xfb, 0x7f, 0x00, 0x00, 0x80, 0xff, 0xf1, 0x7f, 0x00, 0x00, 0x00, 0xfe, 0xe0, 0x3f, 0x00, 0x00,
    0x00, 0x00, 0xc0, 0x0f, 0x00, 0x00, 0x00, 0x00, 0x00, 0x00, 0x00, 0x00, 0x00, 0x00, 0x00, 0x00,
    0x00, 0x00, 0x00, 0x00, 0x80, 0x03, 0x00, 0x00, 0x00, 0x00, 0xc0, 0x03, 0x00, 0x00, 0x00, 0x00,
    0xf0, 0x03, 0x00, 0x00, 0x00, 0x00, 0xf8, 0x03, 0x00, 0x00, 0x00, 0x00, 0xfe, 0x03, 0x00, 0x00,
    0x00, 0x00, 0x9f, 0x03, 0x00, 0x00, 0x00, 0xc0, 0x8f, 0x03, 0x00, 0x00, 0x00, 0xe0, 0x83, 0x03,
    0x00, 0x00, 0x00, 0xf8, 0x81, 0x03, 0x00, 0x00, 0x00, 0x7c, 0x80, 0x03, 0x00, 0x00, 0x00, 0x3f,
    0x80, 0x03, 0x00, 0x00, 0x80, 0x0f, 0x80, 0x03, 0x00, 0x00, 0xe0, 0x07, 0x80, 0x03, 0x00, 0x00,
    0xe0, 0xff, 0xff, 0xff, 0x01, 0x00, 0xe0, 0xff, 0xff, 0xff, 0x01, 0x00, 0xe0, 0xff, 0xff, 0xff,
    0x01, 0x00, 0xe0, 0xff, 0xff, 0xff, 0x01, 0x00, 0x00, 0x00, 0x80, 0x03, 0x00, 0x00, 0x00, 0x00,
    0x80, 0x03, 0x00, 0x00, 0x00, 0x00, 0x80, 0x03, 0x00, 0x00, 0x00, 0x00, 0x80, 0x03, 0x00, 0x00,
    0x00, 0x00, 0x00, 0x00, 0x00, 0x00, 0x00, 0x00, 0x00, 0x00, 0x00, 0x00, 0x00, 0x00, 0x00, 0x00,
    0x00, 0x00, 0x00, 0x00, 0x00, 0x00, 0x00, 0x00, 0x00, 0x00, 0x00, 0x0e, 0x00, 0x00, 0x00, 0x80,
    0x07, 0x3e, 0x00, 0x00, 0xe0, 0xff, 0x0f, 0x7e, 0x00, 0x00, 0xe0, 0xff, 0x0f, 0x7e, 0x00, 0x00,
    0xe0, 0xff, 0x0f, 0xf0, 0x00, 0x00, 0xe0, 0x01, 0x07, 0xe0, 0x00, 0x00, 0xe0, 0x80, 0x03, 0xc0,
    0x01, 0x00, 0xe0, 0x80, 0x03, 0xc0, 0x01, 0x00, 0xe0, 0x80, 0x03, 0xc0, 0x01, 0x00, 0xe0, 0x80,
    0x03, 0xc0, 0x01, 0x00, 0xe0, 0x80, 0x07, 0xc0, 0x01, 0x00, 0xe0, 0x80, 0x07, 0xe0, 0x01, 0x00,
    0xe0, 0x80, 0x0f, 0xe0, 0x01, 0x00, 0xe0, 0x00, 0x1f, 0xf8, 0x00, 0x00, 0xe0, 0x00, 0xff, 0xff,
    0x00, 0x00, 0xe0, 0x00, 0xfe, 0x7f, 0x00, 0x00, 0xe0, 0x00, 0xf8, 0x1f, 0x00, 0x00, 0x00, 0x00,
    0xe0, 0x07, 0x00, 0x00, 0x00, 0x00, 0x00, 0x00, 0x00, 0x00, 0x00, 0x00, 0x00, 0x00, 0x00, 0x00,
    0x00, 0x00, 0x00, 0x00, 0x00, 0x00, 0x00, 0x00, 0x00, 0x00, 0x00, 0x00, 0x00, 0xc0, 0xff, 0x07,
    0x00, 0x00, 0x00, 0xf8, 0xff, 0x1f, 0x00, 0x00, 0x00, 0xfc, 0xff, 0x3f, 0x00, 0x00, 0x00, 0xff,
    0x1e, 0x7e, 0x00, 0x00, 0x00, 0x1f, 0x0f, 0xf8, 0x00, 0x00, 0x80, 0x07, 0x07, 0xe0, 0x00, 0x00,
    0xc0, 0x83, 0x07, 0xe0, 0x01, 0x00, 0xc0, 0x81, 0x03, 0xc0, 0x01, 0x00, 0xc0, 0x81, 0x03, 0xc0,
    0x01, 0x00, 0xe0, 0x81, 0x03, 0xc0, 0x01, 0x00, 0xe0, 0x80, 0x03, 0xc0, 0x01, 0x00, 0xe0, 0x80,
    0x07, 0xe0, 0x01, 0x00, 0xe0, 0x00, 0x0f, 0xf0, 0x00, 0x00, 0xe0, 0x00, 0x1f, 0xf8, 0x00, 0x00,
    0x00, 0x00, 0xfe, 0x7f, 0x00, 0x00, 0x00, 0x00, 0xfc, 0x3f, 0x00, 0x00, 0x00, 0x00, 0xf8, 0x1f,
    0x00, 0x00, 0x00, 0x00, 0x80, 0x01, 0x00, 0x00, 0x00, 0x00, 0x00, 0x00, 0x00, 0x00, 0x00, 0x00,
    0x00, 0x00, 0x00, 0x00, 0x00, 0x00, 0x00, 0x00, 0x00, 0x00, 0xe0, 0x00, 0x00, 0x00, 0x00, 0x00,
    0xe0, 0x00, 0x00, 0x00, 0x00, 0x00, 0xe0, 0x00, 0x00, 0x00, 0x00, 0x00, 0xe0, 0x00, 0x00, 0x00,
    0x01, 0x00, 0xe0, 0x00, 0x00, 0xc0, 0x01, 0x00, 0xe0, 0x00, 0x00, 0xf0, 0x01, 0x00, 0xe0, 0x00,
    0x00, 0xfc, 0x01, 0x00, 0xe0, 0x00, 0x00, 0xff, 0x00, 0x00, 0xe0, 0x00, 0xc0, 0x3f, 0x00, 0x00,
    0xe0, 0x00, 0xf8, 0x07, 0x00, 0x00, 0xe0, 0x00, 0xfe, 0x01, 0x00, 0x00, 0xe0, 0x80, 0x7f, 0x00,
    0x00, 0x00, 0xe0, 0xe0, 0x1f, 0x00, 0x00, 0x00, 0xe0, 0xf8, 0x07, 0x00, 0x00, 0x00, 0xe0, 0xfe,
    0x00, 0x00, 0x00, 0x00, 0xe0, 0x3f, 0x00, 0x00, 0x00, 0x00, 0xe0, 0x0f, 0x00, 0x00, 0x00, 0x00,
    0xe0, 0x03, 0x00, 0x00, 0x00, 0x00, 0xe0, 0x00, 0x00, 0x00, 0x00, 0x00, 0x00, 0x00, 0x00, 0x00,
    0x00, 0x00, 0x00, 0x00, 0x00, 0x00, 0x00, 0x00, 0x00, 0x00, 0x00, 0x00, 0x00, 0x00, 0x00, 0x00,
    0x80, 0x0f, 0x00, 0x00, 0x00, 0x7e, 0xe0, 0x3f, 0x00, 0x00, 0x00, 0xff, 0xf1, 0x7f, 0x00, 0x00,
    0x80, 0xff, 0xfb, 0xff, 0x00, 0x00, 0xc0, 0xef, 0x3b, 0xf0, 0x00, 0x00, 0xc0, 0x81, 0x1f, 0xe0,
    0x00, 0x00, 0xe0, 0x01, 0x1f, 0xc0, 0x01, 0x00, 0xe0, 0x00, 0x0e, 0xc0, 0x01, 0x00, 0xe0, 0x00,
    0x0e, 0xc0, 0x01, 0x00, 0xe0, 0x00, 0x0e, 0xc0, 0x01, 0x00, 0xe0, 0x00, 0x0e, 0xc0, 0x01, 0x00,
    0xe0, 0x00, 0x0e, 0xc0, 0x01, 0x00, 0xe0, 0x01, 0x1f, 0xe0, 0x01, 0x00, 0xc0, 0x83, 0x3f, 0xf0,
    0x00, 0x00, 0xc0, 0xff, 0xfb, 0xfc, 0x00, 0x00, 0x80, 0xff, 0xf1, 0x7f, 0x00, 0x00, 0x00, 0xff,
    0xe0, 0x3f, 0x00, 0x00, 0x00, 0x38, 0xc0, 0x1f, 0x00, 0x00, 0x00, 0x00, 0x00, 0x00, 0x00, 0x00,
    0x00, 0x00, 0x00, 0x00, 0x00, 0x00, 0x00, 0x00, 0x00, 0x00, 0x00, 0x00, 0x00, 0xf8, 0x03, 0x00,
    0x00, 0x00, 0x00, 0xfe, 0x1f, 0x00, 0x00, 0x00, 0x80, 0xff, 0x3f, 0x00, 0x00, 0x00, 0x80, 0xff,
    0x7f, 0x00, 0x00, 0x00, 0xc0, 0x03, 0x78, 0xc0, 0x01, 0x00, 0xc0, 0x01, 0xf0, 0xc0, 0x01, 0x00,
    0xe0, 0x01, 0xf0, 0xc0, 0x01, 0x00, 0xe0, 0x00, 0xe0, 0xc0, 0x01, 0x00, 0xe0, 0x00, 0xe0, 0xe0,
    0x01, 0x00, 0xe0, 0x00, 0xe0, 0xe0, 0x00, 0x00, 0xe0, 0x00, 0xe0, 0xf0, 0x00, 0x00, 0xe0, 0x01,
    0x70, 0xf0, 0x00, 0x00, 0xc0, 0x03, 0x78, 0x78, 0x00, 0x00, 0xc0, 0x0f, 0x3c, 0x3e, 0x00, 0x00,
    0x80, 0xff, 0xff, 0x1f, 0x00, 0x00, 0x00, 0xff, 0xff, 0x0f, 0x00, 0x00, 0x00, 0xfc, 0xff, 0x03,
    0x00, 0x00, 0x00, 0xe0, 0x3f, 0x00, 0x00, 0x00, 0x00, 0x00, 0x00, 0x00, 0x00, 0x00, 0x00, 0x00,
    0x00, 0x00, 0x00, 0x00, 0x00, 0x00, 0x00, 0x00, 0x00, 0x00, 0x00, 0x00, 0x00, 0x00, 0x00, 0x00,
    0x00, 0x70, 0x00, 0xe0, 0x00, 0x00, 0x00, 0xf0, 0x00, 0xe0, 0x01, 0x00, 0x00, 0xf0, 0x00, 0xe0,
    0x01, 0x00, 0x00, 0xf0, 0x00, 0xe0, 0x01, 0x00, 0x00, 0x00, 0x00, 0x00, 0x00, 0x00, 0x00, 0x00,
    0x00, 0x00, 0x00, 0x00, 0x00, 0x00, 0x00, 0x00, 0x30, 0x00, 0x00, 0x70, 0x00, 0xe0, 0x7f, 0x00,
    0x00, 0xf0, 0x00, 0xe0, 0x3f, 0x00, 0x00, 0xf0, 0x00, 0xe0, 0x1f, 0x00, 0x00, 0xf0, 0x00, 0xe0,
    0x07, 0x00, 0x00, 0x00, 0x00, 0x00, 0x00, 0x00, 0x00, 0x00, 0x00, 0x00, 0x00, 0x00, 0x00, 0x00,
    0x38, 0x00, 0x00, 0x00, 0x00, 0x00, 0x38, 0x00, 0x00, 0x00, 0x00, 0x00, 0x7c, 0x00, 0x00, 0x00,
    0x00, 0x00, 0x7c, 0x00, 0x00, 0x00, 0x00, 0x00, 0xee, 0x00, 0x00, 0x00, 0x00, 0x00, 0xee, 0x00,
    0x00, 0x00, 0x00, 0x00, 0xef, 0x01, 0x00, 0x00, 0x00, 0x00, 0xc7, 0x01, 0x00, 0x00, 0x00, 0x00,
    0xc7, 0x01, 0x00, 0x00, 0x00, 0x80, 0x83, 0x03, 0x00, 0x00, 0x00, 0x80, 0x83, 0x03, 0x00, 0x00,
    0x00, 0xc0, 0x83, 0x07, 0x00, 0x00, 0x00, 0xc0, 0x01, 0x07, 0x00, 0x00, 0x00, 0xe0, 0x01, 0x0f,
    0x00, 0x00, 0x00, 0xe0, 0x00, 0x0e, 0x00, 0x00, 0x00, 0xf0, 0x00, 0x1e, 0x00, 0x00, 0x00, 0x00,
    0x00, 0x00, 0x00, 0x00, 0x00, 0x00, 0x00, 0x00, 0x00, 0x00, 0x00, 0x00, 0x00, 0x00, 0x00, 0x00,
    0x00, 0x00, 0x00, 0x00, 0x00, 0x00, 0x00, 0xc0, 0xc1, 0x01, 0x00, 0x00, 0x00, 0xc0, 0xc1, 0x01,
    0x00, 0x00, 0x00, 0xc0, 0xc1, 0x01, 0x00, 0x00, 0x00, 0xc0, 0xc1, 0x01, 0x00, 0x00, 0x00, 0xc0,
    0xc1, 0x01, 0x00, 0x00, 0x00, 0xc0, 0xc1, 0x01, 0x00, 0x00, 0x00, 0xc0, 0xc1, 0x01, 0x00, 0x00,
    0x00, 0xc0, 0xc1, 0x01, 0x00, 0x00, 0x00, 0xc0, 0xc1, 0x01, 0x00, 0x00, 0x00, 0xc0, 0xc1, 0x01,
    0x00, 0x00, 0x00, 0xc0, 0xc1, 0x01, 0x00, 0x00, 0x00, 0xc0, 0xc1, 0x01, 0x00, 0x00, 0x00, 0xc0,
    0xc1, 0x01, 0x00, 0x00, 0x00, 0xc0, 0xc1, 0x01, 0x00, 0x00, 0x00, 0xc0, 0xc1, 0x01, 0x00, 0x00,
    0x00, 0xc0, 0xc1, 0x01, 0x00, 0x00, 0x00, 0x00, 0x00, 0x00, 0x00, 0x00, 0x00, 0x00, 0x00, 0x00,
    0x00, 0x00, 0x00, 0x00, 0x00, 0x00, 0x00, 0x00, 0x00, 0x00, 0x00, 0x00, 0x00, 0x00, 0x00, 0xf0,
    0x00, 0x1e, 0x00, 0x00, 0x00, 0xe0, 0x00, 0x0e, 0x00, 0x00, 0x00, 0xe0, 0x01, 0x0f, 0x00, 0x00,
    0x00, 0xc0, 0x01, 0x07, 0x00, 0x00, 0x00, 0xc0, 0x01, 0x07, 0x00, 0x00, 0x00, 0xc0, 0x83, 0x03,
    0x00, 0x00, 0x00, 0x80, 0x83, 0x03, 0x00, 0x00, 0x00, 0x80, 0xc7, 0x03, 0x00, 0x00, 0x00, 0x00,
    0xc7, 0x01, 0x00, 0x00, 0x00, 0x00, 0xc7, 0x01, 0x00, 0x00, 0x00, 0x00, 0xee, 0x00, 0x00, 0x00,
    0x00, 0x00, 0xee, 0x00, 0x00, 0x00, 0x00, 0x00, 0x7e, 0x00, 0x00, 0x00, 0x00, 0x00, 0x7c, 0x00,
    0x00, 0x00, 0x00, 0x00, 0x7c, 0x00, 0x00, 0x00, 0x00, 0x00, 0x38, 0x00, 0x00, 0x00, 0x00, 0x00,
    0x00, 0x00, 0x00, 0x00, 0x00, 0x00, 0x00, 0x00, 0x00, 0x00, 0x00, 0x08, 0x00, 0x00, 0x00, 0x00,
    0x00, 0x0f, 0x00, 0x00, 0x00, 0x00, 0x80, 0x0f, 0x00, 0x00, 0x00, 0x00, 0xc0, 0x0f, 0x00, 0x00,
    0x00, 0x00, 0xc0, 0x03, 0x00, 0x00, 0x00, 0x00, 0xe0, 0x01, 0x00, 0x00, 0x00, 0x00, 0xe0, 0x01,
    0xe0, 0xe1, 0x01, 0x00, 0xe0, 0x00, 0xf0, 0xe1, 0x01, 0x00, 0xe0, 0x00, 0xf8, 0xe1, 0x01, 0x00,
    0xe0, 0x00, 0xfc, 0xe1, 0x00, 0x00, 0xe0, 0x01, 0x1e, 0x00, 0x00, 0x00, 0xe0, 0x01, 0x0f, 0x00,
    0x00, 0x00, 0xc0, 0xc7, 0x07, 0x00, 0x00, 0x00, 0xc0, 0xff, 0x03, 0x00, 0x00, 0x00, 0x80, 0xff,
    0x01, 0x00, 0x00, 0x00, 0x00, 0x7f, 0x00, 0x00, 0x00, 0x00, 0x00, 0x00, 0x00, 0x00, 0x00, 0x00,
    0x00, 0x00, 0x00, 0x00, 0x00, 0x00, 0x00, 0x00, 0x00, 0x00, 0x00, 0x00, 0x00, 0x00, 0xe0, 0x1f,
    0x00, 0x00, 0x00, 0x00, 0xfe, 0xff, 0x01, 0x00, 0x00, 0xc0, 0xff, 0xff, 0x07, 0x00, 0x00, 0xf0,
    0x0f, 0xc0, 0x1f, 0x00, 0x00, 0xf8, 0x00, 0x00, 0x3e, 0x00, 0x00, 0x3c, 0x00, 0x00, 0x78, 0x00,
    0x00, 0x1e, 0x00, 0x00, 0x70, 0x00, 0x00, 0x0f, 0x00, 0x00, 0xe0, 0x00, 0x80, 0x07, 0x00, 0x00,
    0xc0, 0x01, 0x80, 0x03, 0xe0, 0x3f, 0xc0, 0x01, 0xc0, 0x01, 0xf8, 0xff, 0x80, 0x01, 0xc0, 0x01,
    0xfe, 0xff, 0x80, 0x03, 0xc0, 0x00, 0x1f, 0xe0, 0x81, 0x03, 0xe0, 0x80, 0x07, 0xc0, 0x81, 0x03,
    0xe0, 0x80, 0x03, 0xc0, 0x01, 0x03, 0xe0, 0xc0, 0x01, 0xc0, 0x01, 0x03, 0xe0, 0xc0, 0x01, 0xc0,
    0x00, 0x03, 0xe0, 0xc0, 0x01, 0xe0, 0x80, 0x03, 0xe0, 0xc0, 0x01, 0x78, 0x80, 0x03, 0xe0, 0xc0,
    0xe1, 0x7f, 0x80, 0x03, 0xe0, 0x80, 0xff, 0xff, 0x80, 0x01, 0xc0, 0x80, 0xff, 0xff, 0xc1, 0x01,
    0xc0, 0x01, 0x0f, 0xc0, 0x01, 0x00, 0xc0, 0x01, 0x00, 0x80, 0x01, 0x00, 0x80, 0x03, 0x00, 0x80,
    0x01, 0x00, 0x80, 0x03, 0x00, 0xc0, 0x01, 0x00, 0x00, 0x07, 0x00, 0xc0, 0x01, 0x00, 0x00, 0x1e,
    0x00, 0xe0, 0x00, 0x00, 0x00, 0x7c, 0x00, 0x78, 0x00, 0x00, 0x00, 0xf8, 0xff, 0x3f, 0x00, 0x00,
    0x00, 0xe0, 0xff, 0x1f, 0x00, 0x00, 0x00, 0x00, 0xfe, 0x03, 0x00, 0x00, 0x00, 0x00, 0x00, 0x00,
    0x00, 0x00, 0x00, 0x00, 0x00, 0x00, 0x00, 0x00, 0x00, 0x00, 0x00, 0x80, 0x01, 0x00, 0x00, 0x00,
    0x00, 0xf0, 0x01, 0x00, 0x00, 0x00, 0x00, 0xfe, 0x01, 0x00, 0x00, 0x00, 0x80, 0xff, 0x01, 0x00,
    0x00, 0x00, 0xf0, 0x3f, 0x00, 0x00, 0x00, 0x00, 0xfc, 0x07, 0x00, 0x00, 0x00, 0x80, 0xff, 0x03,
    0x00, 0x00, 0x00, 0xf0, 0xbf, 0x03, 0x00, 0x00, 0x00, 0xfc, 0x87, 0x03, 0x00, 0x00, 0x80, 0xff,
    0x81, 0x03, 0x00, 0x00, 0xe0, 0x3f, 0x80, 0x03, 0x00, 0x00, 0xe0, 0x07, 0x80, 0x03, 0x00, 0x00,
    0xe0, 0x07, 0x80, 0x03, 0x00, 0x00, 0xe0, 0x3f, 0x80, 0x03, 0x00, 0x00, 0x80, 0xff, 0x80, 0x03,
    0x00, 0x00, 0x00, 0xfc, 0x87, 0x03, 0x00, 0x00, 0x00, 0xf0, 0xbf, 0x03, 0x00, 0x00, 0x00, 0x80,
    0xff, 0x03, 0x00, 0x00, 0x00, 0x00, 0xfe, 0x07, 0x00, 0x00, 0x00, 0x00, 0xf0, 0x3f, 0x00, 0x00,
    0x00, 0x00, 0xc0, 0xff, 0x00, 0x00, 0x00, 0x00, 0x00, 0xfe, 0x01, 0x00, 0x00, 0x00, 0x00, 0xf0,
    0x01, 0x00, 0x00, 0x00, 0x00, 0xc0, 0x01, 0x00, 0x00, 0x00, 0x00, 0x00, 0x00, 0x00, 0x00, 0x00,
    0x00, 0x00, 0x00, 0x00, 0x00, 0x00, 0x00, 0x00, 0x00, 0x00, 0x00, 0x00, 0x00, 0x00, 0x00, 0x00,
    0xe0, 0xff, 0xff, 0xff, 0x01, 0x00, 0xe0, 0xff, 0xff, 0xff, 0x01, 0x00, 0xe0, 0xff, 0xff, 0xff,
    0x01, 0x00, 0xe0, 0xff, 0xff, 0xff, 0x01, 0x00, 0xe0, 0x00, 0x0e, 0xc0, 0x01, 0x00, 0xe0, 0x00,
    0x0e, 0xc0, 0x01, 0x00, 0xe0, 0x00, 0x0e, 0xc0, 0x01, 0x00, 0xe0, 0x00, 0x0e, 0xc0, 0x01, 0x00,
    0xe0, 0x00, 0x0e, 0xc0, 0x01, 0x00, 0xe0, 0x00, 0x0e, 0xc0, 0x01, 0x00, 0xe0, 0x00, 0x0e, 0xc0,
    0x01, 0x00, 0xe0, 0x00, 0x0e, 0xc0, 0x01, 0x00, 0xe0, 0x00, 0x0f, 0xc0, 0x01, 0x00, 0xe0, 0x01,
    0x1f, 0xe0, 0x01, 0x00, 0xc0, 0x83, 0x1f, 0xf0, 0x00, 0x00, 0xc0, 0xff, 0x7b, 0xf8, 0x00, 0x00,
    0x80, 0xff, 0xf9, 0x7f, 0x00, 0x00, 0x00, 0xff, 0xf0, 0x7f, 0x00, 0x00, 0x00, 0x7c, 0xe0, 0x1f,
    0x00, 0x00, 0x00, 0x00, 0x80, 0x07, 0x00, 0x00, 0x00, 0x00, 0x00, 0x00, 0x00, 0x00, 0x00, 0x00,
    0x00, 0x00, 0x00, 0x00, 0x00, 0x00, 0x00, 0x00, 0x00, 0x00, 0x00, 0x80, 0x7f, 0x00, 0x00, 0x00,
    0x00, 0xf8, 0xff, 0x07, 0x00, 0x00, 0x00, 0xfc, 0xff, 0x0f, 0x00, 0x00, 0x00, 0xff, 0xff, 0x3f,
    0x00, 0x00, 0x80, 0x3f, 0x00, 0x7f, 0x00, 0x00, 0x80, 0x07, 0x00, 0x78, 0x00, 0x00, 0xc0, 0x03,
    0x00, 0xf0, 0x00, 0x00, 0xc0, 0x01, 0x00, 0xe0, 0x00, 0x00, 0xe0, 0x01, 0x00, 0xe0, 0x01, 0x00,
    0xe0, 0x00, 0x00, 0xc0, 0x01, 0x00, 0xe0, 0x00, 0x00, 0xc0, 0x01, 0x00, 0xe0, 0x00, 0x00, 0xc0,
    0x01, 0x00, 0xe0, 0x00, 0x00, 0xc0, 0x01, 0x00, 0xe0, 0x00, 0x00, 0xc0, 0x01, 0x00, 0xe0, 0x01,
    0x00, 0xc0, 0x01, 0x00, 0xc0, 0x01, 0x00, 0xe0, 0x00, 0x00, 0xc0, 0x03, 0x00, 0xf0, 0x00, 0x00,
    0xc0, 0x07, 0x00, 0xf8, 0x00, 0x00, 0x80, 0x7f, 0x00, 0x7f, 0x00, 0x00, 0x00, 0x7f, 0x00, 0x3f,
    0x00, 0x00, 0x00, 0x7e, 0x00, 0x1f, 0x00, 0x00, 0x00, 0x70, 0x00, 0x07, 0x00, 0x00, 0x00, 0x00,
    0x00, 0x00, 0x00, 0x00, 0x00, 0x00, 0x00, 0x00, 0x00, 0x00, 0x00, 0x00, 0x00, 0x00, 0x00, 0x00,
    0x00, 0x00, 0x00, 0x00, 0x00, 0x00, 0xe0, 0xff, 0xff, 0xff, 0x01, 0x00, 0xe0, 0xff, 0xff, 0xff,
    0x01, 0x00, 0xe0, 0xff, 0xff, 0xff, 0x01, 0x00, 0xe0, 0xff, 0xff, 0xff, 0x01, 0x00, 0xe0, 0x00,
    0x00, 0xc0, 0x01, 0x00, 0xe0, 0x00, 0x00, 0xc0, 0x01, 0x00, 0xe0, 0x00, 0x00, 0xc0, 0x01, 0x00,
    0xe0, 0x00, 0x00, 0xc0, 0x01, 0x00, 0xe0, 0x00, 0x00, 0xc0, 0x01, 0x00, 0xe0, 0x00, 0x00, 0xc0,
    0x01, 0x00, 0xe0, 0x00, 0x00, 0xc0, 0x01, 0x00, 0xe0, 0x01, 0x00, 0xe0, 0x01, 0x00, 0xc0, 0x01,
    0x00, 0xe0, 0x00, 0x00, 0xc0, 0x03, 0x00, 0xf0, 0x00, 0x00, 0xc0, 0x03, 0x00, 0xf0, 0x00, 0x00,
    0x80, 0x0f, 0x00, 0x7c, 0x00, 0x00, 0x00, 0x3f, 0x00, 0x3f, 0x00, 0x00, 0x00, 0xfe, 0xff, 0x1f,
    0x00, 0x00, 0x00, 0xfc, 0xff, 0x0f, 0x00, 0x00, 0x00, 0xf0, 0xff, 0x07, 0x00, 0x00, 0x00, 0xc0,
    0xff, 0x00, 0x00, 0x00, 0x00, 0x00, 0x00, 0x00, 0x00, 0x00, 0x00, 0x00, 0x00, 0x00, 0x00, 0x00,
    0x00, 0x00, 0x00, 0x00, 0x00, 0x00, 0x00, 0x00, 0x00, 0x00, 0x00, 0x00, 0xe0, 0xff, 0xff, 0xff,
    0x01, 0x00, 0xe0, 0xff, 0xff, 0xff, 0x01, 0x00, 0xe0, 0xff, 0xff, 0xff, 0x01, 0x00, 0xe0, 0xff,
    0xff, 0xff, 0x01, 0x00, 0xe0, 0x00, 0x0e, 0xc0, 0x01, 0x00, 0xe0, 0x00, 0x0e, 0xc0, 0x01, 0x00,
    0xe0, 0x00, 0x0e, 0xc0, 0x01, 0x00, 0xe0, 0x00, 0x0e, 0xc0, 0x01, 0x00, 0xe0, 0x00, 0x0e, 0xc0,
    0x01, 0x00, 0xe0, 0x00, 0x0e, 0xc0, 0x01, 0x00, 0xe0, 0x00, 0x0e, 0xc0, 0x01, 0x00, 0xe0, 0x00,
    0x0e, 0xc0, 0x01, 0x00, 0xe0, 0x00, 0x0e, 0xc0, 0x01, 0x00, 0xe0, 0x00, 0x0e, 0xc0, 0x01, 0x00,
    0xe0, 0x00, 0x0e, 0xc0, 0x01, 0x00, 0xe0, 0x00, 0x0e, 0xc0, 0x01, 0x00, 0xe0, 0x00, 0x00, 0xc0,
    0x01, 0x00, 0xe0, 0x00, 0x00, 0xc0, 0x01, 0x00, 0x00, 0x00, 0x00, 0x00, 0x00, 0x00, 0x00, 0x00,
    0x00, 0x00, 0x00, 0x00, 0x00, 0x00, 0x00, 0x00, 0x00, 0x00, 0x00, 0x00, 0x00, 0x00, 0x00, 0x00,
    0xe0, 0xff, 0xff, 0xff, 0x01, 0x00, 0xe0, 0xff, 0xff, 0xff, 0x01, 0x00, 0xe0, 0xff, 0xff, 0xff,
    0x01, 0x00, 0xe0, 0xff, 0xff, 0xff, 0x01, 0x00, 0xe0, 0x00, 0x1c, 0x00, 0x00, 0x00, 0xe0, 0x00,
    0x1c, 0x00, 0x00, 0x00, 0xe0, 0x00, 0x1c, 0x00, 0x00, 0x00, 0xe0, 0x00, 0x1c, 0x00, 0x00, 0x00,
    0xe0, 0x00, 0x1c, 0x00, 0x00, 0x00, 0xe0, 0x00, 0x1c, 0x00, 0x00, 0x00, 0xe0, 0x00, 0x1c, 0x00,
    0x00, 0x00, 0xe0, 0x00, 0x1c, 0x00, 0x00, 0x00, 0xe0, 0x00, 0x1c, 0x00, 0x00, 0x00, 0xe0, 0x00,
    0x1c, 0x00, 0x00, 0x00, 0xe0, 0x00, 0x1c, 0x00, 0x00, 0x00, 0xe0, 0x00, 0x1c, 0x00, 0x00, 0x00,
    0xe0, 0x00, 0x00, 0x00, 0x00, 0x00, 0xe0, 0x00, 0x00, 0x00, 0x00, 0x00, 0x00, 0x00, 0x00, 0x00,
    0x00, 0x00, 0x00, 0x00, 0x00, 0x00, 0x00, 0x00, 0x00, 0x00, 0x00, 0x00, 0x00, 0x00, 0x00, 0x00,
    0x3f, 0x00, 0x00, 0x00, 0x00, 0xf8, 0xff, 0x03, 0x00, 0x00, 0x00, 0xfc, 0xff, 0x0f, 0x00, 0x00,
    0x00, 0xff, 0xff, 0x1f, 0x00, 0x00, 0x80, 0x3f, 0x80, 0x3f, 0x00, 0x00, 0x80, 0x0f, 0x00, 0x7c,
    0x00, 0x00, 0xc0, 0x03, 0x00, 0xf8, 0x00, 0x00, 0xc0, 0x01, 0x00, 0xf0, 0x00, 0x00, 0xe0, 0x01,
    0x00, 0xe0, 0x01, 0x00, 0xe0, 0x00, 0x00, 0xe0, 0x01, 0x00, 0xe0, 0x00, 0x00, 0xc0, 0x01, 0x00,
    0xe0, 0x00, 0x00, 0xc0, 0x01, 0x00, 0xe0, 0x00, 0x38, 0xc0, 0x01, 0x00, 0xe0, 0x00, 0x38, 0xc0,
    0x01, 0x00, 0xe0, 0x00, 0x38, 0xc0, 0x01, 0x00, 0xe0, 0x01, 0x38, 0xc0, 0x01, 0x00, 0xc0, 0x03,
    0x38, 0xe0, 0x01, 0x00, 0xc0, 0x07, 0x38, 0xe0, 0x00, 0x00, 0x80, 0x3f, 0x38, 0xf0, 0x00, 0x00,
    0x00, 0x3f, 0xf8, 0x7f, 0x00, 0x00, 0x00, 0x3e, 0xf8, 0x7f, 0x00, 0x00, 0x00, 0x38, 0xf8, 0x3f,
    0x00, 0x00, 0x00, 0x00, 0x00, 0x00, 0x00, 0x00, 0x00, 0x00, 0x00, 0x00, 0x00, 0x00, 0x00, 0x00,
    0x00, 0x00, 0x00, 0x00, 0x00, 0x00, 0x00, 0x00, 0x00, 0x00, 0xe0, 0xff, 0xff, 0xff, 0x01, 0x00,
    0xe0, 0xff, 0xff, 0xff, 0x01, 0x00, 0xe0, 0xff, 0xff, 0xff, 0x01, 0x00, 0xe0, 0xff, 0xff, 0xff,
    0x01, 0x00, 0x00, 0x00, 0x0e, 0x00, 0x00, 0x00, 0x00, 0x00, 0x0e, 0x00, 0x00, 0x00, 0x00, 0x00,
    0x0e, 0x00, 0x00, 0x00, 0x00, 0x00, 0x0e, 0x00, 0x00, 0x00, 0x00, 0x00, 0x0e, 0x00, 0x00, 0x00,
    0x00, 0x00, 0x0e, 0x00, 0x00, 0x00, 0x00, 0x00, 0x0e, 0x00, 0x00, 0x00, 0x00, 0x00, 0x0e, 0x00,
    0x00, 0x00, 0x00, 0x00, 0x0e, 0x00, 0x00, 0x00, 0x00, 0x00, 0x0e, 0x00, 0x00, 0x00, 0x00, 0x00,
    0x0e, 0x00, 0x00, 0x00, 0x00, 0x00, 0x0e, 0x00, 0x00, 0x00, 0x00, 0x00, 0x0e, 0x00, 0x00, 0x00,
    0x00, 0x00, 0x0e, 0x00, 0x00, 0x00, 0xe0, 0xff, 0xff, 0xff, 0x01, 0x00, 0xe0, 0xff, 0xff, 0xff,
    0x01, 0x00, 0xe0, 0xff, 0xff, 0xff, 0x01, 0x00, 0xe0, 0xff, 0xff, 0xff, 0x01, 0x00, 0x00, 0x00,
    0x00, 0x00, 0x00, 0x00, 0x00, 0x00, 0x00, 0x00, 0x00, 0x00, 0x00, 0x00, 0x00, 0x00, 0x00, 0x00,
    0x00, 0x00, 0x00, 0x00, 0x00, 0x00, 0x00, 0x00, 0x00, 0x00, 0x00, 0x00, 0xe0, 0xff, 0xff, 0xff,
    0x01, 0x00, 0xe0, 0xff, 0xff, 0xff, 0x01, 0x00, 0xe0, 0xff, 0xff, 0xff, 0x01, 0x00, 0x00, 0x00,
    0x00, 0x00, 0x00, 0x00, 0x00, 0x00, 0x00, 0x00, 0x00, 0x00, 0x00, 0x00, 0x00, 0x0e, 0x00, 0x00,
    0x00, 0x00, 0x00, 0x3e, 0x00, 0x00, 0x00, 0x00, 0x00, 0x7e, 0x00, 0x00, 0x00, 0x00, 0x00, 0xfe,
    0x00, 0x00, 0x00, 0x00, 0x00, 0xf0, 0x00, 0x00, 0x00, 0x00, 0x00, 0xe0, 0x01, 0x00, 0x00, 0x00,
    0x00, 0xe0, 0x01, 0x00, 0x00, 0x00, 0x00, 0xc0, 0x01, 0x00, 0x00, 0x00, 0x00, 0xc0, 0x01, 0x00,
    0x00, 0x00, 0x00, 0xc0, 0x01, 0x00, 0x00, 0x00, 0x00, 0xc0, 0x01, 0x00, 0x00, 0x00, 0x00, 0xe0,
    0x01, 0x00, 0x00, 0x00, 0x00, 0xe0, 0x00, 0x00, 0x00, 0x00, 0x00, 0xf0, 0x00, 0x00, 0xe0, 0xff,
    0xff, 0xff, 0x00, 0x00, 0xe0, 0xff, 0xff, 0x7f, 0x00, 0x00, 0xe0, 0xff, 0xff, 0x3f, 0x00, 0x00,
    0xe0, 0xff, 0xff, 0x0f, 0x00, 0x00, 0x00, 0x00, 0x00, 0x00, 0x00, 0x00, 0x00, 0x00, 0x00, 0x00,
    0x00, 0x00, 0x00, 0x00, 0x00, 0x00, 0x00, 0x00, 0x00, 0x00, 0x00, 0x00, 0x00, 0x00, 0xe0, 0xff,
    0xff, 0xff, 0x01, 0x00, 0xe0, 0xff, 0xff, 0xff, 0x01, 0x00, 0xe0, 0xff, 0xff, 0xff, 0x01, 0x00,
    0xe0, 0xff, 0xff, 0xff, 0x01, 0x00, 0x00, 0x00, 0x7c, 0x00, 0x00, 0x00, 0x00, 0x00, 0x3e, 0x00,
    0x00, 0x00, 0x00, 0x00, 0x1f, 0x00, 0x00, 0x00, 0x00, 0x80, 0x0f, 0x00, 0x00, 0x00, 0x00, 0xc0,
    0x1f, 0x00, 0x00, 0x00, 0x00, 0xe0, 0x3f, 0x00, 0x00, 0x00, 0x00, 0xf0, 0xfd, 0x00, 0x00, 0x00,
    0x00, 0xf8, 0xf8, 0x01, 0x00, 0x00, 0x00, 0x7c, 0xe0, 0x03, 0x00, 0x00, 0x00, 0x3f, 0xc0, 0x0f,
    0x00, 0x00, 0x80, 0x0f, 0x80, 0x1f, 0x00, 0x00, 0xc0, 0x07, 0x00, 0x3f, 0x00, 0x00, 0xe0, 0x03,
    0x00, 0xfc, 0x00, 0x00, 0xe0, 0x01, 0x00, 0xf8, 0x01, 0x00, 0xe0, 0x00, 0x00, 0xf0, 0x01, 0x00,
    0x60, 0x00, 0x00, 0xc0, 0x01, 0x00, 0x20, 0x00, 0x00, 0x80, 0x01, 0x00, 0x00, 0x00, 0x00, 0x00,
    0x01, 0x00, 0x00, 0x00, 0x00, 0x00, 0x00, 0x00, 0x00, 0x00, 0x00, 0x00, 0x00, 0x00, 0x00, 0x00,
    0x00, 0x00, 0x00, 0x00, 0x00, 0x00, 0x00, 0x00, 0x00, 0x00, 0xe0, 0xff, 0xff, 0xff, 0x01, 0x00,
    0xe0, 0xff, 0xff, 0xff, 0x01, 0x00, 0xe0, 0xff, 0xff, 0xff, 0x01, 0x00, 0xe0, 0xff, 0xff, 0xff,
    0x01, 0x00, 0x00, 0x00, 0x00, 0xc0, 0x01, 0x00, 0x00, 0x00, 0x00, 0xc0, 0x01, 0x00, 0x00, 0x00,
    0x00, 0xc0, 0x01, 0x00, 0x00, 0x00, 0x00, 0xc0, 0x01, 0x00, 0x00, 0x00, 0x00, 0xc0, 0x01, 0x00,
    0x00, 0x00, 0x00, 0xc0, 0x01, 0x00, 0x00, 0x00, 0x00, 0xc0, 0x01, 0x00, 0x00, 0x00, 0x00, 0xc0,
    0x01, 0x00, 0x00, 0x00, 0x00, 0xc0, 0x01, 0x00, 0x00, 0x00, 0x00, 0xc0, 0x01, 0x00, 0x00, 0x00,
    0x00, 0xc0, 0x01, 0x00, 0x00, 0x00, 0x00, 0xc0, 0x01, 0x00, 0x00, 0x00, 0x00, 0xc0, 0x01, 0x00,
    0x00, 0x00, 0x00, 0xc0, 0x01, 0x00, 0x00, 0x00, 0x00, 0x00, 0x00, 0x00, 0x00, 0x00, 0x00, 0x00,
    0x00, 0x00, 0x00, 0x00, 0x00, 0x00, 0x00, 0x00, 0x00, 0x00, 0x00, 0x00, 0x00, 0x00, 0xe0, 0xff,
    0xff, 0xff, 0x01, 0x00, 0xe0, 0xff, 0xff, 0xff, 0x01, 0x00, 0xe0, 0xff, 0xff, 0xff, 0x01, 0x00,
    0xe0, 0xff, 0xff, 0xff, 0x01, 0x00, 0xe0, 0x0f, 0x00, 0x00, 0x00, 0x00, 0xc0, 0x7f, 0x00, 0x00,
    0x00, 0x00, 0x00, 0xff, 0x01, 0x00, 0x00, 0x00, 0x00, 0xf8, 0x0f, 0x00, 0x00, 0x00, 0x00, 0xe0,
    0x3f, 0x00, 0x00, 0x00, 0x00, 0x00, 0xff, 0x00, 0x00, 0x00, 0x00, 0x00, 0xfc, 0x07, 0x00, 0x00,
    0x00, 0x00, 0xe0, 0x1f, 0x00, 0x00, 0x00, 0x00, 0x80, 0xff, 0x00, 0x00, 0x00, 0x00, 0x00, 0xfe,
    0x01, 0x00, 0x00, 0x00, 0x00, 0xf0, 0x01, 0x00, 0x00, 0x00, 0x00, 0xfe, 0x01, 0x00, 0x00, 0x00,
    0x80, 0xff, 0x00, 0x00, 0x00, 0x00, 0xf0, 0x1f, 0x00, 0x00, 0x00, 0x00, 0xfc, 0x07, 0x00, 0x00,
    0x00, 0x80, 0xff, 0x00, 0x00, 0x00, 0x00, 0xe0, 0x3f, 0x00, 0x00, 0x00, 0x00, 0xf8, 0x07, 0x00,
    0x00, 0x00, 0x00, 0xff, 0x01, 0x00, 0x00, 0x00, 0xc0, 0x7f, 0x00, 0x00, 0x00, 0x00, 0xe0, 0x0f,
    0x00, 0x00, 0x00, 0x00, 0xe0, 0xff, 0xff, 0xff, 0x01, 0x00, 0xe0, 0xff, 0xff, 0xff, 0x01, 0x00,
    0xe0, 0xff, 0xff, 0xff, 0x01, 0x00, 0xe0, 0xff, 0xff, 0xff, 0x01, 0x00, 0x00, 0x00, 0x00, 0x00,
    0x00, 0x00, 0x00, 0x00, 0x00, 0x00, 0x00, 0x00, 0x00, 0x00, 0x00, 0x00, 0x00, 0x00, 0x00, 0x00,
    0x00, 0x00, 0x00, 0x00, 0xe0, 0xff, 0xff, 0xff, 0x01, 0x00, 0xe0, 0xff, 0xff, 0xff, 0x01, 0x00,
    0xe0, 0xff, 0xff, 0xff, 0x01, 0x00, 0xe0, 0xff, 0xff, 0xff, 0x01, 0x00, 0xc0, 0x0f, 0x00, 0x00,
    0x00, 0x00, 0x80, 0x3f, 0x00, 0x00, 0x00, 0x00, 0x00, 0x7e, 0x00, 0x00, 0x00, 0x00, 0x00, 0xfc,
    0x01, 0x00, 0x00, 0x00, 0x00, 0xf0, 0x03, 0x00, 0x00, 0x00, 0x00, 0xe0, 0x0f, 0x00, 0x00, 0x00,
    0x00, 0x80, 0x1f, 0x00, 0x00, 0x00, 0x00, 0x00, 0x7f, 0x00, 0x00, 0x00, 0x00, 0x00, 0xfc, 0x00,
    0x00, 0x00, 0x00, 0x00, 0xf8, 0x03, 0x00, 0x00, 0x00, 0x00, 0xe0, 0x07, 0x00, 0x00, 0x00, 0x00,
    0xc0, 0x1f, 0x00, 0x00, 0x00, 0x00, 0x00, 0x3f, 0x00, 0x00, 0x00, 0x00, 0x00, 0xfe, 0x00, 0x00,
    0xe0, 0xff, 0xff, 0xff, 0x01, 0x00, 0xe0, 0xff, 0xff, 0xff, 0x01, 0x00, 0xe0, 0xff, 0xff, 0xff,
    0x01, 0x00, 0xe0, 0xff, 0xff, 0xff, 0x01, 0x00, 0x00, 0x00, 0x00, 0x00, 0x00, 0x00, 0x00, 0x00,
    0x00, 0x00, 0x00, 0x00, 0x00, 0x00, 0x00, 0x00, 0x00, 0x00, 0x00, 0x80, 0x7f, 0x00, 0x00, 0x00,
    0x00, 0xf0, 0xff, 0x03, 0x00, 0x00, 0x00, 0xfc, 0xff, 0x0f, 0x00, 0x00, 0x00, 0xfe, 0xff, 0x1f,
    0x00, 0x00, 0x00, 0x3f, 0x00, 0x3f, 0x00, 0x00, 0x80, 0x0f, 0x00, 0x7c, 0x00, 0x00, 0xc0, 0x03,
    0x00, 0xf0, 0x00, 0x00, 0xc0, 0x03, 0x00, 0xf0, 0x00, 0x00, 0xe0, 0x01, 0x00, 0xe0, 0x01, 0x00,
    0xe0, 0x00, 0x00, 0xe0, 0x01, 0x00, 0xe0, 0x00, 0x00, 0xc0, 0x01, 0x00, 0xe0, 0x00, 0x00, 0xc0,
    0x01, 0x00, 0xe0, 0x00, 0x00, 0xc0, 0x01, 0x00, 0xe0, 0x00, 0x00, 0xc0, 0x01, 0x00, 0xe0, 0x01,
    0x00, 0xe0, 0x01, 0x00, 0xc0, 0x01, 0x00, 0xe0, 0x01, 0x00, 0xc0, 0x03, 0x00, 0xf0, 0x00, 0x00,
    0xc0, 0x07, 0x00, 0xf8, 0x00, 0x00, 0x80, 0x1f, 0x00, 0x7e, 0x00, 0x00, 0x00, 0xff, 0xff, 0x3f,
    0x00, 0x00, 0x00, 0xfe, 0xff, 0x1f, 0x00, 0x00, 0x00, 0xf8, 0xff, 0x0f, 0x00, 0x00, 0x00, 0xe0,
    0xff, 0x01, 0x00, 0x00, 0x00, 0x00, 0x00, 0x00, 0x00, 0x00, 0x00, 0x00, 0x00, 0x00, 0x00, 0x00,
    0x00, 0x00, 0x00, 0x00, 0x00, 0x00, 0x00, 0x00, 0x00, 0x00, 0x00, 0x00, 0xe0, 0xff, 0xff, 0xff,
    0x01, 0x00, 0xe0, 0xff, 0xff, 0xff, 0x01, 0x00, 0xe0, 0xff, 0xff, 0xff, 0x01, 0x00, 0xe0, 0xff,
    0xff, 0xff, 0x01, 0x00, 0xe0, 0x00, 0x38, 0x00, 0x00, 0x00, 0xe0, 0x00, 0x38, 0x00, 0x00, 0x00,
    0xe0, 0x00, 0x38, 0x00, 0x00, 0x00, 0xe0, 0x00, 0x38, 0x00, 0x00, 0x00, 0xe0, 0x00, 0x38, 0x00,
    0x00, 0x00, 0xe0, 0x00, 0x38, 0x00, 0x00, 0x00, 0xe0, 0x00, 0x38, 0x00, 0x00, 0x00, 0xe0, 0x00,
    0x38, 0x00, 0x00, 0x00, 0xe0, 0x00, 0x38, 0x00, 0x00, 0x00, 0xe0, 0x00, 0x38, 0x00, 0x00, 0x00,
    0xe0, 0x01, 0x3c, 0x00, 0x00, 0x00, 0xc0, 0x03, 0x1e, 0x00, 0x00, 0x00, 0xc0, 0x07, 0x1f, 0x00,
    0x00, 0x00, 0x80, 0xff, 0x0f, 0x00, 0x00, 0x00, 0x00, 0xff, 0x07, 0x00, 0x00, 0x00, 0x00, 0xfe,
    0x03, 0x00, 0x00, 0x00, 0x00, 0xf8, 0x00, 0x00, 0x00, 0x00, 0x00, 0x00, 0x00, 0x00, 0x00, 0x00,
    0x00, 0x00, 0x00, 0x00, 0x00, 0x00, 0x00, 0x00, 0x00, 0x00, 0x00, 0x00, 0x00, 0xc0, 0xff, 0x00,
    0x00, 0x00, 0x00, 0xf8, 0xff, 0x07, 0x00, 0x00, 0x00, 0xfc, 0xff, 0x0f, 0x00, 0x00, 0x00, 0xff,
    0xff, 0x3f, 0x00, 0x00, 0x80, 0x3f, 0x00, 0x7f, 0x00, 0x00, 0x80, 0x07, 0x00, 0x78, 0x00, 0x00,
    0xc0, 0x03, 0x00, 0xf0, 0x00, 0x00, 0xc0, 0x01, 0x00, 0xe0, 0x00, 0x00, 0xe0, 0x01, 0x00, 0xe0,
    0x01, 0x00, 0xe0, 0x00, 0x00, 0xc0, 0x01, 0x00, 0xe0, 0x00, 0x00, 0xc0, 0x01, 0x00, 0xe0, 0x00,
    0x00, 0xc0, 0x01, 0x00, 0xe0, 0x00, 0x00, 0xc0, 0x01, 0x00, 0xe0, 0x00, 0x00, 0xc0, 0x01, 0x00,
    0xe0, 0x01, 0x00, 0xe0, 0x01, 0x00, 0xc0, 0x01, 0x00, 0xe0, 0x03, 0x00, 0xc0, 0x03, 0x00, 0xf0,
    0x03, 0x00, 0x80, 0x07, 0x00, 0xf8, 0x07, 0x00, 0x80, 0x1f, 0x00, 0x7e, 0x0f, 0x00, 0x00, 0xff,
    0xff, 0x3f, 0x1f, 0x00, 0x00, 0xfe, 0xff, 0x1f, 0x3e, 0x00, 0x00, 0xf8, 0xff, 0x07, 0x1c, 0x00,
    0x00, 0xc0, 0xff, 0x00, 0x08, 0x00, 0x00, 0x00, 0x00, 0x00, 0x00, 0x00, 0x00, 0x00, 0x00, 0x00,
    0x00, 0x00, 0x00, 0x00, 0x00, 0x00, 0x00, 0x00, 0x00, 0x00, 0x00, 0x00, 0x00, 0x00, 0xe0, 0xff,
    0xff, 0xff, 0x01, 0x00, 0xe0, 0xff, 0xff, 0xff, 0x01, 0x00, 0xe0, 0xff, 0xff, 0xff, 0x01, 0x00,
    0xe0, 0xff, 0xff, 0xff, 0x01, 0x00, 0xe0, 0x00, 0x38, 0x00, 0x00, 0x00, 0xe0, 0x00, 0x38, 0x00,
    0x00, 0x00, 0xe0, 0x00, 0x38, 0x00, 0x00, 0x00, 0xe0, 0x00, 0x38, 0x00, 0x00, 0x00, 0xe0, 0x00,
    0x38, 0x00, 0x00, 0x00, 0xe0, 0x00, 0x38, 0x00, 0x00, 0x00, 0xe0, 0x00, 0x38, 0x00, 0x00, 0x00,
    0xe0, 0x00, 0x78, 0x00, 0x00, 0x00, 0xe0, 0x00, 0xf8, 0x01, 0x00, 0x00, 0xe0, 0x01, 0xfc, 0x07,
    0x00, 0x00, 0xc0, 0x03, 0xde, 0x1f, 0x00, 0x00, 0xc0, 0x07, 0x9f, 0x3f, 0x00, 0x00, 0x80, 0xff,
    0x0f, 0xfe, 0x00, 0x00, 0x00, 0xff, 0x07, 0xf8, 0x01, 0x00, 0x00, 0xfe, 0x03, 0xf0, 0x01, 0x00,
    0x00, 0x70, 0x00, 0xc0, 0x01, 0x00, 0x00, 0x00, 0x00, 0x00, 0x01, 0x00, 0x00, 0x00, 0x00, 0x00,
    0x00, 0x00, 0x00, 0x00, 0x00, 0x00, 0x00, 0x00, 0x00, 0x00, 0x00, 0x00, 0x00, 0x00, 0x00, 0x10,
    0x00, 0x0f, 0x00, 0x00, 0x00, 0xfe, 0x00, 0x1f, 0x00, 0x00, 0x00, 0xff, 0x01, 0x3f, 0x00, 0x00,
    0x80, 0xff, 0x03, 0x7c, 0x00, 0x00, 0xc0, 0xc7, 0x03, 0xf0, 0x00, 0x00, 0xc0, 0x81, 0x07, 0xe0,
    0x00, 0x00, 0xe0, 0x01, 0x07, 0xe0, 0x00, 0x00, 0xe0, 0x00, 0x0f, 0xc0, 0x01, 0x00, 0xe0, 0x00,
    0x0e, 0xc0, 0x01, 0x00, 0xe0, 0x00, 0x0e, 0xc0, 0x01, 0x00, 0xe0, 0x00, 0x1e, 0xc0, 0x01, 0x00,
    0xe0, 0x00, 0x1c, 0xc0, 0x01, 0x00, 0xe0, 0x00, 0x1c, 0xc0, 0x01, 0x00, 0xe0, 0x01, 0x3c, 0xe0,
    0x01, 0x00, 0xc0, 0x01, 0x38, 0xe0, 0x00, 0x00, 0xc0, 0x07, 0x78, 0xf0, 0x00, 0x00, 0x80, 0x3f,
    0xf0, 0xff, 0x00, 0x00, 0x00, 0x3f, 0xf0, 0x7f, 0x00, 0x00, 0x00, 0x3e, 0xe0, 0x3f, 0x00, 0x00,
    0x00, 0x38, 0xc0, 0x1f, 0x00, 0x00, 0x00, 0x00, 0x00, 0x00, 0x00, 0x00, 0x00, 0x00, 0x00, 0x00,
    0x00, 0x00, 0xe0, 0x00, 0x00, 0x00, 0x00, 0x00, 0xe0, 0x00, 0x00, 0x00, 0x00, 0x00, 0xe0, 0x00,
    0x00, 0x00, 0x00, 0x00, 0xe0, 0x00, 0x00, 0x00, 0x00, 0x00, 0xe0, 0x00, 0x00, 0x00, 0x00, 0x00,
    0xe0, 0x00, 0x00, 0x00, 0x00, 0x00, 0xe0, 0x00, 0x00, 0x00, 0x00, 0x00, 0xe0, 0x00, 0x00, 0x00,
    0x00, 0x00, 0xe0, 0x00, 0x00, 0x00, 0x00, 0x00, 0xe0, 0xff, 0xff, 0xff, 0x01, 0x00, 0xe0, 0xff,
    0xff, 0xff, 0x01, 0x00, 0xe0, 0xff, 0xff, 0xff, 0x01, 0x00, 0xe0, 0xff, 0xff, 0xff, 0x01, 0x00,
    0xe0, 0x00, 0x00, 0x00, 0x00, 0x00, 0xe0, 0x00, 0x00, 0x00, 0x00, 0x00, 0xe0, 0x00, 0x00, 0x00,
    0x00, 0x00, 0xe0, 0x00, 0x00, 0x00, 0x00, 0x00, 0xe0, 0x00, 0x00, 0x00, 0x00, 0x00, 0xe0, 0x00,
    0x00, 0x00, 0x00, 0x00, 0xe0, 0x00, 0x00, 0x00, 0x00, 0x00, 0xe0, 0x00, 0x00, 0x00, 0x00, 0x00,
    0xe0, 0x00, 0x00, 0x00, 0x00, 0x00, 0x00, 0x00, 0x00, 0x00, 0x00, 0x00, 0x00, 0x00, 0x00, 0x00,
    0x00, 0x00, 0x00, 0x00, 0x00, 0x00, 0x00, 0x00, 0x00, 0x00, 0x00, 0x00, 0x00, 0x00, 0xe0, 0xff,
    0xff, 0x0f, 0x00, 0x00, 0xe0, 0xff, 0xff, 0x1f, 0x00, 0x00, 0xe0, 0xff, 0xff, 0x7f, 0x00, 0x00,
    0x00, 0x00, 0x00, 0x7f, 0x00, 0x00, 0x00, 0x00, 0x00, 0xf0, 0x00, 0x00, 0x00, 0x00, 0x00, 0xe0,
    0x00, 0x00, 0x00, 0x00, 0x00, 0xe0, 0x01, 0x00, 0x00, 0x00, 0x00, 0xc0, 0x01, 0x00, 0x00, 0x00,
    0x00, 0xc0, 0x01, 0x00, 0x00, 0x00, 0x00, 0xc0, 0x01, 0x00, 0x00, 0x00, 0x00, 0xc0, 0x01, 0x00,
    0x00, 0x00, 0x00, 0xc0, 0x01, 0x00, 0x00, 0x00, 0x00, 0xc0, 0x01, 0x00, 0x00, 0x00, 0x00, 0xe0,
    0x01, 0x00, 0x00, 0x00, 0x00, 0xe0, 0x00, 0x00, 0x00, 0x00, 0x00, 0xf0, 0x00, 0x00, 0x00, 0x00,
    0x00, 0x7e, 0x00, 0x00, 0xe0, 0xff, 0xff, 0x3f, 0x00, 0x00, 0xe0, 0xff, 0xff, 0x1f, 0x00, 0x00,
    0xe0, 0xff, 0xff, 0x0f, 0x00, 0x00, 0x00, 0x00, 0x00, 0x00, 0x00, 0x00, 0x00, 0x00, 0x00, 0x00,
    0x00, 0x00, 0xe0, 0x00, 0x00, 0x00, 0x00, 0x00, 0xe0, 0x03, 0x00, 0x00, 0x00, 0x00, 0xe0, 0x1f,
    0x00, 0x00, 0x00, 0x00, 0xe0, 0xff, 0x00, 0x00, 0x00, 0x00, 0x80, 0xff, 0x03, 0x00, 0x00, 0x00,
    0x00, 0xfc, 0x1f, 0x00, 0x00, 0x00, 0x00, 0xe0, 0x7f, 0x00, 0x00, 0x00, 0x00, 0x00, 0xff, 0x03,
    0x00, 0x00, 0x00, 0x00, 0xf8, 0x1f, 0x00, 0x00, 0x00, 0x00, 0xc0, 0x7f, 0x00, 0x00, 0x00, 0x00,
    0x00, 0xfe, 0x01, 0x00, 0x00, 0x00, 0x00, 0xf8, 0x01, 0x00, 0x00, 0x00, 0x00, 0xfc, 0x01, 0x00,
    0x00, 0x00, 0x80, 0xff, 0x01, 0x00, 0x00, 0x00, 0xf0, 0x3f, 0x00, 0x00, 0x00, 0x00, 0xfe, 0x0f,
    0x00, 0x00, 0x00, 0xc0, 0xff, 0x01, 0x00, 0x00, 0x00, 0xf0, 0x3f, 0x00, 0x00, 0x00, 0x00, 0xfe,
    0x0f, 0x00, 0x00, 0x00, 0xc0, 0xff, 0x01, 0x00, 0x00, 0x00, 0xe0, 0x3f, 0x00, 0x00, 0x00, 0x00,
    0xe0, 0x0f, 0x00, 0x00, 0x00, 0x00, 0xe0, 0x01, 0x00, 0x00, 0x00, 0x00, 0x20, 0x00, 0x00, 0x00,
    0x00, 0x00, 0x00, 0x00, 0x00, 0x00, 0x00, 0x00, 0x00, 0x00, 0x00, 0x00, 0x00, 0x00, 0x20, 0x00,
    0x00, 0x00, 0x00, 0x00, 0xe0, 0x03, 0x00, 0x00, 0x00, 0x00, 0xe0, 0x3f, 0x00, 0x00, 0x00, 0x00,
    0xe0, 0xff, 0x03, 0x00, 0x00, 0x00, 0x80, 0xff, 0x3f, 0x00, 0x00, 0x00, 0x00, 0xf0, 0xff, 0x07,
    0x00, 0x00, 0x00, 0x00, 0xff, 0x7f, 0x00, 0x00, 0x00, 0x00, 0xf0, 0xff, 0x01, 0x00, 0x00, 0x00,
    0x00, 0xfe, 0x01, 0x00, 0x00, 0x00, 0x00, 0xfc, 0x01, 0x00, 0x00, 0x00, 0xc0, 0xff, 0x01, 0x00,
    0x00, 0x00, 0xf8, 0x3f, 0x00, 0x00, 0x00, 0x80, 0xff, 0x03, 0x00, 0x00, 0x00, 0xf0, 0x7f, 0x00,
    0x00, 0x00, 0x00, 0xff, 0x0f, 0x00, 0x00, 0x00, 0xe0, 0xff, 0x00, 0x00, 0x00, 0x00, 0xe0, 0x1f,
    0x00, 0x00, 0x00, 0x00, 0xe0, 0x1f, 0x00, 0x00, 0x00, 0x00, 0xe0, 0xff, 0x00, 0x00, 0x00, 0x00,
    0x00, 0xff, 0x0f, 0x00, 0x00, 0x00, 0x00, 0xf0, 0x7f, 0x00, 0x00, 0x00, 0x00, 0x80, 0xff, 0x07,
    0x00, 0x00, 0x00, 0x00, 0xf8, 0x3f, 0x00, 0x00, 0x00, 0x00, 0x80, 0xff, 0x01, 0x00, 0x00, 0x00,
    0x00, 0xfc, 0x01, 0x00, 0x00, 0x00, 0x00, 0xff, 0x01, 0x00, 0x00, 0x00, 0xf0, 0xff, 0x01, 0x00,
    0x00, 0x80, 0xff, 0x3f, 0x00, 0x00, 0x00, 0xf8, 0xff, 0x03, 0x00, 0x00, 0xc0, 0xff, 0x3f, 0x00,
    0x00, 0x00, 0xe0, 0xff, 0x03, 0x00, 0x00, 0x00, 0xe0, 0x3f, 0x00, 0x00, 0x00, 0x00, 0xe0, 0x03,
    0x00, 0x00, 0x00, 0x00, 0x20, 0x00, 0x00, 0x00, 0x00, 0x00, 0x00, 0x00, 0x00, 0x00, 0x00, 0x00,
    0x00, 0x00, 0x00, 0x00, 0x00, 0x00, 0x00, 0x00, 0x00, 0x00, 0x01, 0x00, 0x60, 0x00, 0x00, 0x80,
    0x01, 0x00, 0xe0, 0x00, 0x00, 0xe0, 0x01, 0x00, 0xe0, 0x03, 0x00, 0xf0, 0x01, 0x00, 0xe0, 0x07,
    0x00, 0xfc, 0x01, 0x00, 0xc0, 0x1f, 0x00, 0xfe, 0x00, 0x00, 0x00, 0x7f, 0x80, 0x3f, 0x00, 0x00,
    0x00, 0xfe, 0xc0, 0x0f, 0x00, 0x00, 0x00, 0xf8, 0xf3, 0x07, 0x00, 0x00, 0x00, 0xf0, 0xff, 0x01,
    0x00, 0x00, 0x00, 0xc0, 0xff, 0x00, 0x00, 0x00, 0x00, 0x00, 0x3f, 0x00, 0x00, 0x00, 0x00, 0xc0,
    0xff, 0x00, 0x00, 0x00, 0x00, 0xe0, 0xff, 0x01, 0x00, 0x00, 0x00, 0xf8, 0xf3, 0x07, 0x00, 0x00,
    0x00, 0xfc, 0xe0, 0x0f, 0x00, 0x00, 0x00, 0x7f, 0x80, 0x3f, 0x00, 0x00, 0xc0, 0x1f, 0x00, 0x7f,
    0x00, 0x00, 0xe0, 0x0f, 0x00, 0xfc, 0x01, 0x00, 0xe0, 0x03, 0x00, 0xf0, 0x01, 0x00, 0xe0, 0x01,
    0x00, 0xe0, 0x01, 0x00, 0x60, 0x00, 0x00, 0x80, 0x01, 0x00, 0x20, 0x00, 0x00, 0x00, 0x01, 0x00,
    0x00, 0x00, 0x00, 0x00, 0x00, 0x00, 0x00, 0x00, 0x00, 0x00, 0x00, 0x00, 0x60, 0x00, 0x00, 0x00,
    0x00, 0x00, 0xe0, 0x01, 0x00, 0x00, 0x00, 0x00, 0xe0, 0x07, 0x00, 0x00, 0x00, 0x00, 0xe0, 0x1f,
    0x00, 0x00, 0x00, 0x00, 0x80, 0x3f, 0x00, 0x00, 0x00, 0x00, 0x00, 0xfe, 0x00, 0x00, 0x00, 0x00,
    0x00, 0xfc, 0x03, 0x00, 0x00, 0x00, 0x00, 0xf0, 0x0f, 0x00, 0x00, 0x00, 0x00, 0xc0, 0x1f, 0x00,
    0x00, 0x00, 0x00, 0x00, 0xff, 0xff, 0x01, 0x00, 0x00, 0x00, 0xfc, 0xff, 0x01, 0x00, 0x00, 0x00,
    0xfc, 0xff, 0x01, 0x00, 0x00, 0x00, 0xff, 0xff, 0x01, 0x00, 0x00, 0xc0, 0x1f, 0x00, 0x00, 0x00,
    0x00, 0xf0, 0x0f, 0x00, 0x00, 0x00, 0x00, 0xfc, 0x03, 0x00, 0x00, 0x00, 0x00, 0xfe, 0x00, 0x00,
    0x00, 0x00, 0x80, 0x3f, 0x00, 0x00, 0x00, 0x00, 0xe0, 0x0f, 0x00, 0x00, 0x00, 0x00, 0xe0, 0x07,
    0x00, 0x00, 0x00, 0x00, 0xe0, 0x01, 0x00, 0x00, 0x00, 0x00, 0x60, 0x00, 0x00, 0x00, 0x00, 0x00,
    0x00, 0x00, 0x00, 0x00, 0x00, 0x00, 0x00, 0x00, 0x00, 0x00, 0x00, 0x00, 0x00, 0x00, 0x00, 0x00,
    0x00, 0x00, 0xe0, 0x00, 0x00, 0xe0, 0x01, 0x00, 0xe0, 0x00, 0x00, 0xf0, 0x01, 0x00, 0xe0, 0x00,
    0x00, 0xfc, 0x01, 0x00, 0xe0, 0x00, 0x00, 0xfe, 0x01, 0x00, 0xe0, 0x00, 0x80, 0xff, 0x01, 0x00,
    0xe0, 0x00, 0xc0, 0xcf, 0x01, 0x00, 0xe0, 0x00, 0xe0, 0xc7, 0x01, 0x00, 0xe0, 0x00, 0xf8, 0xc1,
    0x01, 0x00, 0xe0, 0x00, 0xfc, 0xc0, 0x01, 0x00, 0xe0, 0x00, 0x3f, 0xc0, 0x01, 0x00, 0xe0, 0x80,
    0x1f, 0xc0, 0x01, 0x00, 0xe0, 0xe0, 0x0f, 0xc0, 0x01, 0x00, 0xe0, 0xf0, 0x03, 0xc0, 0x01, 0x00,
    0xe0, 0xf8, 0x01, 0xc0, 0x01, 0x00, 0xe0, 0x7e, 0x00, 0xc0, 0x01, 0x00, 0xe0, 0x3f, 0x00, 0xc0,
    0x01, 0x00, 0xe0, 0x0f, 0x00, 0xc0, 0x01, 0x00, 0xe0, 0x07, 0x00, 0xc0, 0x01, 0x00, 0xe0, 0x03,
    0x00, 0xc0, 0x01, 0x00, 0xe0, 0x00, 0x00, 0xc0, 0x01, 0x00, 0x00, 0x00, 0x00, 0x00, 0x00, 0x00,
    0x00, 0x00, 0x00, 0x00, 0x00, 0x00, 0x00, 0x00, 0x00, 0x00, 0x00, 0x00, 0x00, 0x00, 0x00, 0x00,
    0x00, 0x00, 0xff, 0xff, 0xff, 0xff, 0x7f, 0x00, 0xff, 0xff, 0xff, 0xff, 0x7f, 0x00, 0xff, 0xff,
    0xff, 0xff, 0x7f, 0x00, 0x07, 0x00, 0x00, 0x00, 0x70, 0x00, 0x07, 0x00, 0x00, 0x00, 0x70, 0x00,
    0x07, 0x00, 0x00, 0x00, 0x70, 0x00, 0x07, 0x00, 0x00, 0x00, 0x70, 0x00, 0x00, 0x00, 0x00, 0x00,
    0x00, 0x00, 0x00, 0x00, 0x00, 0x00, 0x00, 0x00, 0x60, 0x00, 0x00, 0x00, 0x00, 0x00, 0xe0, 0x01,
    0x00, 0x00, 0x00, 0x00, 0xe0, 0x0f, 0x00, 0x00, 0x00, 0x00, 0xc0, 0x3f, 0x00, 0x00, 0x00, 0x00,
    0x00, 0xff, 0x01, 0x00, 0x00, 0x00, 0x00, 0xf8, 0x07, 0x00, 0x00, 0x00, 0x00, 0xe0, 0x3f, 0x00,
    0x00, 0x00, 0x00, 0x00, 0xff, 0x00, 0x00, 0x00, 0x00, 0x00, 0xfc, 0x07, 0x00, 0x00, 0x00, 0x00,
    0xe0, 0x3f, 0x00, 0x00, 0x00, 0x00, 0x80, 0xff, 0x00, 0x00, 0x00, 0x00, 0x00, 0xfc, 0x07, 0x00,
    0x00, 0x00, 0x00, 0xf0, 0x07, 0x00, 0x00, 0x00, 0x00, 0x80, 0x07, 0x00, 0x00, 0x00, 0x00, 0x00,
    0x06, 0x00, 0x00, 0x00, 0x00, 0x00, 0x00, 0x00, 0x07, 0x00, 0x00, 0x00, 0x70, 0x00, 0x07, 0x00,
    0x00, 0x00, 0x70, 0x00, 0x07, 0x00, 0x00, 0x00, 0x70, 0x00, 0x07, 0x00, 0x00, 0x00, 0x70, 0x00,
    0xff, 0xff, 0xff, 0xff, 0x7f, 0x00, 0xff, 0xff, 0xff, 0xff, 0x7f, 0x00, 0xff, 0xff, 0xff, 0xff,
    0x7f, 0x00, 0xff, 0xff, 0xff, 0xff, 0x7f, 0x00, 0x00, 0x00, 0x00, 0x00, 0x00, 0x00, 0x00, 0x00,
    0x00, 0x00, 0x00, 0x00, 0x00, 0x00, 0x04, 0x00, 0x00, 0x00, 0x00, 0x00, 0x07, 0x00, 0x00, 0x00,
    0x00, 0xc0, 0x07, 0x00, 0x00, 0x00, 0x00, 0xf8, 0x07, 0x00, 0x00, 0x00, 0x00, 0xfe, 0x01, 0x00,
    0x00, 0x00, 0xc0, 0x3f, 0x00, 0x00, 0x00, 0x00, 0xe0, 0x0f, 0x00, 0x00, 0x00, 0x00, 0xe0, 0x03,
    0x00, 0x00, 0x00, 0x00, 0xe0, 0x1f, 0x00, 0x00, 0x00, 0x00, 0x80, 0x7f, 0x00, 0x00, 0x00, 0x00,
    0x00, 0xfc, 0x03, 0x00, 0x00, 0x00, 0x00, 0xf0, 0x07, 0x00, 0x00, 0x00, 0x00, 0xc0, 0x07, 0x00,
    0x00, 0x00, 0x00, 0x00, 0x06, 0x00, 0x00, 0x00, 0x00, 0x00, 0x00, 0x00, 0x00, 0x00, 0x00, 0x00,
    0x00, 0x00, 0x0e, 0x00, 0x00, 0x00, 0x00, 0x00, 0x0e, 0x00, 0x00, 0x00, 0x00, 0x00, 0x0e, 0x00,
    0x00, 0x00, 0x00, 0x00, 0x0e, 0x00, 0x00, 0x00, 0x00, 0x00, 0x0e, 0x00, 0x00, 0x00, 0x00, 0x00,
    0x0e, 0x00, 0x00, 0x00, 0x00, 0x00, 0x0e, 0x00, 0x00, 0x00, 0x00, 0x00, 0x0e, 0x00, 0x00, 0x00,
    0x00, 0x00, 0x0e, 0x00, 0x00, 0x00, 0x00, 0x00, 0x0e, 0x00, 0x00, 0x00, 0x00, 0x00, 0x0e, 0x00,
    0x00, 0x00, 0x00, 0x00, 0x0e, 0x00, 0x00, 0x00, 0x00, 0x00, 0x0e, 0x00, 0x00, 0x00, 0x00, 0x00,
    0x0e, 0x00, 0x00, 0x00, 0x00, 0x00, 0x0e, 0x00, 0x00, 0x00, 0x00, 0x00, 0x0e, 0x00, 0x00, 0x00,
    0x00, 0x00, 0x0e, 0x00, 0x00, 0x00, 0x00, 0x00, 0x0e, 0x00, 0x00, 0x00, 0x00, 0x00, 0x00, 0x00,
    0x00, 0x00, 0x00, 0x00, 0x00, 0x00, 0x00, 0x00, 0x00, 0x00, 0x00, 0x00, 0x18, 0x00, 0x00, 0x00,
    0x00, 0x00, 0x38, 0x00, 0x00, 0x00, 0x00, 0x00, 0x78, 0x00, 0x00, 0x00, 0x00, 0x00, 0xf8, 0x00,
    0x00, 0x00, 0x00, 0x00, 0xe0, 0x01, 0x00, 0x00, 0x00, 0x00, 0xc0, 0x01, 0x00, 0x00, 0x00, 0x00,
    0x00, 0x01, 0x00, 0x00, 0x00, 0x00, 0x00, 0x00, 0x00, 0x00, 0x00, 0x00, 0x00, 0x00, 0x00, 0x00,
    0x00, 0x00, 0x00, 0x00, 0x00, 0x00, 0x00, 0x00, 0x00, 0x00, 0x00, 0x1f, 0x00, 0x00, 0x00, 0x80,
    0x83, 0x7f, 0x00, 0x00, 0x00, 0xc0, 0xc3, 0xff, 0x00, 0x00, 0x00, 0xe0, 0xe3, 0xff, 0x00, 0x00,
    0x00, 0xe0, 0xe1, 0xf0, 0x01, 0x00, 0x00, 0xe0, 0x70, 0xe0, 0x01, 0x00, 0x00, 0x70, 0x70, 0xc0,
    0x01, 0x00, 0x00, 0x70, 0x70, 0xc0, 0x01, 0x00, 0x00, 0x70, 0x70, 0xc0, 0x01, 0x00, 0x00, 0x70,
    0x70, 0xc0, 0x01, 0x00, 0x00, 0x70, 0x70, 0xe0, 0x00, 0x00, 0x00, 0xf0, 0x70, 0xe0, 0x00, 0x00,
    0x00, 0xe0, 0x71, 0x70, 0x00, 0x00, 0x00, 0xe0, 0xff, 0xff, 0x00, 0x00, 0x00, 0xc0, 0xff, 0xff,
    0x01, 0x00, 0x00, 0x80, 0xff, 0xff, 0x01, 0x00, 0x00, 0x00, 0xfe, 0xff, 0x01, 0x00, 0x00, 0x00,
    0x00, 0x00, 0x01, 0x00, 0x00, 0x00, 0x00, 0x00, 0x00, 0x00, 0x00, 0x00, 0x00, 0x00, 0x00, 0x00,
    0x00, 0x00, 0x00, 0x00, 0x00, 0x00, 0x00, 0x00, 0x00, 0x00, 0x00, 0x00, 0xf8, 0xff, 0xff, 0xff,
    0x01, 0x00, 0xf8, 0xff, 0xff, 0xff, 0x01, 0x00, 0xf8, 0xff, 0xff, 0xff, 0x01, 0x00, 0x00, 0xc0,
    0x03, 0x78, 0x00, 0x00, 0x00, 0xe0, 0x01, 0xf0, 0x00, 0x00, 0x00, 0xe0, 0x00, 0xe0, 0x00, 0x00,
    0x00, 0x70, 0x00, 0xc0, 0x01, 0x00, 0x00, 0x70, 0x00, 0xc0, 0x01, 0x00, 0x00, 0x70, 0x00, 0xc0,
    0x01, 0x00, 0x00, 0x70, 0x00, 0xc0, 0x01, 0x00, 0x00, 0x70, 0x00, 0xc0, 0x01, 0x00, 0x00, 0xf0,
    0x00, 0xe0, 0x01, 0x00, 0x00, 0xe0, 0x01, 0xf0, 0x00, 0x00, 0x00, 0xe0, 0x07, 0xfc, 0x00, 0x00,
    0x00, 0xc0, 0xff, 0x7f, 0x00, 0x00, 0x00, 0x80, 0xff, 0x3f, 0x00, 0x00, 0x00, 0x00, 0xff, 0x0f,
    0x00, 0x00, 0x00, 0x00, 0xf0, 0x01, 0x00, 0x00, 0x00, 0x00, 0x00, 0x00, 0x00, 0x00, 0x00, 0x00,
    0x00, 0x00, 0x00, 0x00, 0x00, 0x00, 0x00, 0x00, 0x00, 0x00, 0x00, 0x00, 0xfc, 0x07, 0x00, 0x00,
    0x00, 0x00, 0xff, 0x1f, 0x00, 0x00, 0x00, 0x80, 0xff, 0x3f, 0x00, 0x00, 0x00, 0xc0, 0x1f, 0x7f,
    0x00, 0x00, 0x00, 0xe0, 0x01, 0xf0, 0x00, 0x00, 0x00, 0xe0, 0x00, 0xe0, 0x00, 0x00, 0x00, 0xf0,
    0x00, 0xe0, 0x01, 0x00, 0x00, 0x70, 0x00, 0xc0, 0x01, 0x00, 0x00, 0x70, 0x00, 0xc0, 0x01, 0x00,
    0x00, 0x70, 0x00, 0xc0, 0x01, 0x00, 0x00, 0x70, 0x00, 0xc0, 0x01, 0x00, 0x00, 0xf0, 0x00, 0xc0,
    0x01, 0x00, 0x00, 0xe0, 0x00, 0xe0, 0x00, 0x00, 0x00, 0xe0, 0x03, 0xf0, 0x00, 0x00, 0x00, 0xc0,
    0x0f, 0x7c, 0x00, 0x00, 0x00, 0x80, 0x0f, 0x3c, 0x00, 0x00, 0x00, 0x00, 0x0f, 0x1c, 0x00, 0x00,
    0x00, 0x00, 0x08, 0x04, 0x00, 0x00, 0x00, 0x00, 0x00, 0x00, 0x00, 0x00, 0x00, 0x00, 0x00, 0x00,
    0x00, 0x00, 0x00, 0x00, 0x00, 0x00, 0x00, 0x00, 0x00, 0x00, 0xfc, 0x07, 0x00, 0x00, 0x00, 0x00,
    0xff, 0x1f, 0x00, 0x00, 0x00, 0xc0, 0xff, 0x7f, 0x00, 0x00, 0x00, 0xc0, 0xbf, 0x7f, 0x00, 0x00,
    0x00, 0xe0, 0x03, 0xf8, 0x00, 0x00, 0x00, 0xf0, 0x00, 0xe0, 0x01, 0x00, 0x00, 0xf0, 0x00, 0xe0,
    0x01, 0x00, 0x00, 0x70, 0x00, 0xc0, 0x01, 0x00, 0x00, 0x70, 0x00, 0xc0, 0x01, 0x00, 0x00, 0x70,
    0x00, 0xc0, 0x01, 0x00, 0x00, 0x70, 0x00, 0xc0, 0x01, 0x00, 0x00, 0xe0, 0x00, 0xe0, 0x00, 0x00,
    0x00, 0xe0, 0x00, 0xe0, 0x00, 0x00, 0x00, 0xc0, 0x01, 0x70, 0x00, 0x00, 0xf8, 0xff, 0xff, 0xff,
    0x01, 0x00, 0xf8, 0xff, 0xff, 0xff, 0x01, 0x00, 0xf8, 0xff, 0xff, 0xff, 0x01, 0x00, 0xf8, 0xff,
    0xff, 0xff, 0x01, 0x00, 0x00, 0x00, 0x00, 0x00, 0x00, 0x00, 0x00, 0x00, 0x00, 0x00, 0x00, 0x00,
    0x00, 0x00, 0x00, 0x00, 0x00, 0x00, 0x00, 0x00, 0xfc, 0x07, 0x00, 0x00, 0x00, 0x00, 0xff, 0x1f,
    0x00, 0x00, 0x00, 0x80, 0xff, 0x3f, 0x00, 0x00, 0x00, 0xc0, 0x7f, 0x7f, 0x00, 0x00, 0x00, 0xe0,
    0x73, 0xf8, 0x00, 0x00, 0x00, 0xe0, 0x70, 0xf0, 0x00, 0x00, 0x00, 0xf0, 0x70, 0xe0, 0x01, 0x00,
    0x00, 0x70, 0x70, 0xc0, 0x01, 0x00, 0x00, 0x70, 0x70, 0xc0, 0x01, 0x00, 0x00, 0x70, 0x70, 0xc0,
    0x01, 0x00, 0x00, 0x70, 0x70, 0xc0, 0x01, 0x00, 0x00, 0x70, 0x70, 0xc0, 0x01, 0x00, 0x00, 0xe0,
    0x70, 0xe0, 0x01, 0x00, 0x00, 0xe0, 0x71, 0xe0, 0x00, 0x00, 0x00, 0xc0, 0x7f, 0xf0, 0x00, 0x00,
    0x00, 0x80, 0x7f, 0x78, 0x00, 0x00, 0x00, 0x00, 0x7f, 0x30, 0x00, 0x00, 0x00, 0x00, 0x78, 0x00,
    0x00, 0x00, 0x00, 0x00, 0x00, 0x00, 0x00, 0x00, 0x00, 0x00, 0x00, 0x00, 0x00, 0x00, 0x00, 0x70,
    0x00, 0x00, 0x00, 0x00, 0x00, 0x70, 0x00, 0x00, 0x00, 0x00, 0x00, 0x70, 0x00, 0x00, 0x00, 0x00,
    0x00, 0x70, 0x00, 0x00, 0x00, 0x00, 0xc0, 0xff, 0xff, 0xff, 0x01, 0x00, 0xe0, 0xff, 0xff, 0xff,
    0x01, 0x00, 0xf0, 0xff, 0xff, 0xff, 0x01, 0x00, 0xf8, 0x70, 0x00, 0x00, 0x00, 0x00, 0x78, 0x70,
    0x00, 0x00, 0x00, 0x00, 0x38, 0x70, 0x00, 0x00, 0x00, 0x00, 0x38, 0x70, 0x00, 0x00, 0x00, 0x00,
    0x38, 0x70, 0x00, 0x00, 0x00, 0x00, 0x38, 0x00, 0x00, 0x00, 0x00, 0x00, 0x00, 0x00, 0x00, 0x00,
    0x00, 0x00, 0x00, 0x00, 0x00, 0x00, 0x00, 0x00, 0x00, 0x00, 0x00, 0x00, 0x00, 0x00, 0x00, 0x00,
    0xfc, 0x07, 0x00, 0x00, 0x00, 0x00, 0xff, 0x1f, 0x20, 0x00, 0x00, 0xc0, 0xff, 0x7f, 0x70, 0x00,
    0x00, 0xc0, 0xff, 0x7f, 0xf0, 0x00, 0x00, 0xe0, 0x03, 0xf8, 0xe0, 0x00, 0x00, 0xf0, 0x00, 0xe0,
    0xe1, 0x00, 0x00, 0xf0, 0x00, 0xe0, 0xc1, 0x01, 0x00, 0x70, 0x00, 0xc0, 0xc1, 0x01, 0x00, 0x70,
    0x00, 0xc0, 0xc1, 0x01, 0x00, 0x70, 0x00, 0xc0, 0xc1, 0x01, 0x00, 0x70, 0x00, 0xc0, 0xc1, 0x01,
    0x00, 0xe0, 0x00, 0xe0, 0xe0, 0x01, 0x00, 0xe0, 0x00, 0xe0, 0xe0, 0x00, 0x00, 0xc0, 0x01, 0x70,
    0xf8, 0x00, 0x00, 0xf0, 0xff, 0xff, 0x7f, 0x00, 0x00, 0xf0, 0xff, 0xff, 0x3f, 0x00, 0x00, 0xf0,
    0xff, 0xff, 0x1f, 0x00, 0x00, 0xf0, 0xff, 0xff, 0x07, 0x00, 0x00, 0x00, 0x00, 0x00, 0x00, 0x00,
    0x00, 0x00, 0x00, 0x00, 0x00, 0x00, 0x00, 0x00, 0x00, 0x00, 0x00, 0x00, 0x00, 0x00, 0x00, 0x00,
    0x00, 0x00, 0xf8, 0xff, 0xff, 0xff, 0x01, 0x00, 0xf8, 0xff, 0xff, 0xff, 0x01, 0x00, 0xf8, 0xff,
    0xff, 0xff, 0x01, 0x00, 0x00, 0x80, 0x03, 0x00, 0x00, 0x00, 0x00, 0xc0, 0x01, 0x00, 0x00, 0x00,
    0x00, 0xe0, 0x00, 0x00, 0x00, 0x00, 0x00, 0x60, 0x00, 0x00, 0x00, 0x00, 0x00, 0x70, 0x00, 0x00,
    0x00, 0x00, 0x00, 0x70, 0x00, 0x00, 0x00, 0x00, 0x00, 0x70, 0x00, 0x00, 0x00, 0x00, 0x00, 0x70,
    0x00, 0x00, 0x00, 0x00, 0x00, 0xf0, 0x00, 0x00, 0x00, 0x00, 0x00, 0xf0, 0x03, 0x00, 0x00, 0x00,
    0x00, 0xe0, 0xff, 0xff, 0x01, 0x00, 0x00, 0xc0, 0xff, 0xff, 0x01, 0x00, 0x00, 0x80, 0xff, 0xff,
    0x01, 0x00, 0x00, 0x00, 0x00, 0x00, 0x00, 0x00, 0x00, 0x00, 0x00, 0x00, 0x00, 0x00, 0x00, 0x00,
    0x00, 0x00, 0x00, 0x00, 0x00, 0x00, 0x00, 0x00, 0x00, 0x00, 0xf0, 0xf0, 0xff, 0xff, 0x01, 0x00,
    0xf0, 0xf0, 0xff, 0xff, 0x01, 0x00, 0xf0, 0xf0, 0xff, 0xff, 0x01, 0x00, 0x70, 0xf0, 0xff, 0xff,
    0x01, 0x00, 0x00, 0x00, 0x00, 0x00, 0xc0, 0x01, 0x00, 0x00, 0x00, 0x00, 0xc0, 0x01, 0x00, 0x00,
    0x00, 0x00, 0xc0, 0x01, 0x00, 0x00, 0x00, 0x00, 0xe0, 0x01, 0xf0, 0xf0, 0xff, 0xff, 0xff, 0x01,
    0xf0, 0xf0, 0xff, 0xff, 0xff, 0x00, 0xf0, 0xf0, 0xff, 0xff, 0x7f, 0x00, 0x60, 0x00, 0x00, 0x00,
    0x00, 0x00, 0x00, 0x00, 0x00, 0x00, 0x00, 0x00, 0x00, 0x00, 0x00, 0x00, 0x00, 0x00, 0x00, 0x00,
    0x00, 0x00, 0x00, 0x00, 0x00, 0x00, 0x00, 0x00, 0x00, 0x00, 0xf8, 0xff, 0xff, 0xff, 0x01, 0x00,
    0xf8, 0xff, 0xff, 0xff, 0x01, 0x00, 0xf8, 0xff, 0xff, 0xff, 0x01, 0x00, 0x00, 0x00, 0xe0, 0x03,
    0x00, 0x00, 0x00, 0x00, 0xf0, 0x00, 0x00, 0x00, 0x00, 0x00, 0x78, 0x00, 0x00, 0x00, 0x00, 0x00,
    0xfc, 0x00, 0x00, 0x00, 0x00, 0x00, 0xfe, 0x03, 0x00, 0x00, 0x00, 0x00, 0xef, 0x07, 0x00, 0x00,
    0x00, 0xc0, 0x87, 0x0f, 0x00, 0x00, 0x00, 0xe0, 0x03, 0x3f, 0x00, 0x00, 0x00, 0xf0, 0x01, 0x7e,
    0x00, 0x00, 0x00, 0xf0, 0x00, 0xf8, 0x00, 0x00, 0x00, 0x70, 0x00, 0xf0, 0x01, 0x00, 0x00, 0x30,
    0x00, 0xe0, 0x01, 0x00, 0x00, 0x10, 0x00, 0x80, 0x01, 0x00, 0x00, 0x00, 0x00, 0x00, 0x01, 0x00,
    0x00, 0x00, 0x00, 0x00, 0x00, 0x00, 0x00, 0x00, 0x00, 0x00, 0x00, 0x00, 0x00, 0x00, 0x00, 0x00,
    0x00, 0x00, 0x00, 0x00, 0x00, 0x00, 0x00, 0x00, 0xf8, 0xff, 0xff, 0xff, 0x01, 0x00, 0xf8, 0xff,
    0xff, 0xff, 0x01, 0x00, 0xf8, 0xff, 0xff, 0xff, 0x01, 0x00, 0xf8, 0xff, 0xff, 0xff, 0x01, 0x00,
    0x00, 0x00, 0x00, 0x00, 0x00, 0x00, 0x00, 0x00, 0x00, 0x00, 0x00, 0x00, 0x00, 0x00, 0x00, 0x00,
    0x00, 0x00, 0x00, 0x00, 0x00, 0x00, 0x00, 0x00, 0x00, 0xf0, 0xff, 0xff, 0x01, 0x00, 0x00, 0xf0,
    0xff, 0xff, 0x01, 0x00, 0x00, 0xf0, 0xff, 0xff, 0x01, 0x00, 0x00, 0xc0, 0x03, 0x00, 0x00, 0x00,
    0x00, 0xe0, 0x00, 0x00, 0x00, 0x00, 0x00, 0xe0, 0x00, 0x00, 0x00, 0x00, 0x00, 0x70, 0x00, 0x00,
    0x00, 0x00, 0x00, 0x70, 0x00, 0x00, 0x00, 0x00, 0x00, 0x70, 0x00, 0x00, 0x00, 0x00, 0x00, 0x70,
    0x00, 0x00, 0x00, 0x00, 0x00, 0x70, 0x00, 0x00, 0x00, 0x00, 0x00, 0xf0, 0x00, 0x00, 0x00, 0x00,
    0x00, 0xf0, 0x03, 0x00, 0x00, 0x00, 0x00, 0xe0, 0xff, 0xff, 0x01, 0x00, 0x00, 0xc0, 0xff, 0xff,
    0x01, 0x00, 0x00, 0x80, 0xff, 0xff, 0x01, 0x00, 0x00, 0xc0, 0x07, 0x00, 0x00, 0x00, 0x00, 0xe0,
    0x01, 0x00, 0x00, 0x00, 0x00, 0xe0, 0x00, 0x00, 0x00, 0x00, 0x00, 0x70, 0x00, 0x00, 0x00, 0x00,
    0x00, 0x70, 0x00, 0x00, 0x00, 0x00, 0x00, 0x70, 0x00, 0x00, 0x00, 0x00, 0x00, 0x70, 0x00, 0x00,
    0x00, 0x00, 0x00, 0x70, 0x00, 0x00, 0x00, 0x00, 0x00, 0xf0, 0x00, 0x00, 0x00, 0x00, 0x00, 0xe0,
    0x03, 0x00, 0x00, 0x00, 0x00, 0xe0, 0xff, 0xff, 0x01, 0x00, 0x00, 0xc0, 0xff, 0xff, 0x01, 0x00,
    0x00, 0x80, 0xff, 0xff, 0x01, 0x00, 0x00, 0x00, 0x00, 0x00, 0x00, 0x00, 0x00, 0x00, 0x00, 0x00,
    0x00, 0x00, 0x00, 0x00, 0x00, 0x00, 0x00, 0x00, 0x00, 0x00, 0x00, 0x00, 0x00, 0x00, 0x00, 0xf0,
    0xff, 0xff, 0x01, 0x00, 0x00, 0xf0, 0xff, 0xff, 0x01, 0x00, 0x00, 0xf0, 0xff, 0xff, 0x01, 0x00,
    0x00, 0x80, 0x03, 0x00, 0x00, 0x00, 0x00, 0xc0, 0x01, 0x00, 0x00, 0x00, 0x00, 0xe0, 0x00, 0x00,
    0x00, 0x00, 0x00, 0x60, 0x00, 0x00, 0x00, 0x00, 0x00, 0x70, 0x00, 0x00, 0x00, 0x00, 0x00, 0x70,
    0x00, 0x00, 0x00, 0x00, 0x00, 0x70, 0x00, 0x00, 0x00, 0x00, 0x00, 0x70, 0x00, 0x00, 0x00, 0x00,
    0x00, 0xf0, 0x00, 0x00, 0x00, 0x00, 0x00, 0xf0, 0x03, 0x00, 0x00, 0x00, 0x00, 0xe0, 0xff, 0xff,
    0x01, 0x00, 0x00, 0xc0, 0xff, 0xff, 0x01, 0x00, 0x00, 0x80, 0xff, 0xff, 0x01, 0x00, 0x00, 0x00,
    0x00, 0x00, 0x00, 0x00, 0x00, 0x00, 0x00, 0x00, 0x00, 0x00, 0x00, 0x00, 0x00, 0x00, 0x00, 0x00,
    0x00, 0x00, 0xfc, 0x07, 0x00, 0x00, 0x00, 0x00, 0xff, 0x1f, 0x00, 0x00, 0x00, 0x80, 0xff, 0x3f,
    0x00, 0x00, 0x00, 0xc0, 0x1f, 0x7f, 0x00, 0x00, 0x00, 0xe0, 0x03, 0xf8, 0x00, 0x00, 0x00, 0xe0,
    0x00, 0xe0, 0x00, 0x00, 0x00, 0xf0, 0x00, 0xe0, 0x01, 0x00, 0x00, 0x70, 0x00, 0xc0, 0x01, 0x00,
    0x00, 0x70, 0x00, 0xc0, 0x01, 0x00, 0x00, 0x70, 0x00, 0xc0, 0x01, 0x00, 0x00, 0x70, 0x00, 0xc0,
    0x01, 0x00, 0x00, 0x70, 0x00, 0xc0, 0x01, 0x00, 0x00, 0xf0, 0x00, 0xe0, 0x01, 0x00, 0x00, 0xe0,
    0x01, 0xf0, 0x00, 0x00, 0x00, 0xe0, 0x03, 0xf8, 0x00, 0x00, 0x00, 0xc0, 0xff, 0x7f, 0x00, 0x00,
    0x00, 0x80, 0xff, 0x3f, 0x00, 0x00, 0x00, 0x00, 0xff, 0x1f, 0x00, 0x00, 0x00, 0x00, 0xf8, 0x03,
    0x00, 0x00, 0x00, 0x00, 0x00, 0x00, 0x00, 0x00, 0x00, 0x00, 0x00, 0x00, 0x00, 0x00, 0x00, 0x00,
    0x00, 0x00, 0x00, 0x00, 0x00, 0x00, 0x00, 0x00, 0x00, 0x00, 0x00, 0xf0, 0xff, 0xff, 0xff, 0x01,
    0x00, 0xf0, 0xff, 0xff, 0xff, 0x01, 0x00, 0xf0, 0xff, 0xff, 0xff, 0x01, 0x00, 0xc0, 0x03, 0x70,
    0x00, 0x00, 0x00, 0xe0, 0x00, 0xe0, 0x00, 0x00, 0x00, 0xe0, 0x00, 0xe0, 0x00, 0x00, 0x00, 0x70,
    0x00, 0xc0, 0x01, 0x00, 0x00, 0x70, 0x00, 0xc0, 0x01, 0x00, 0x00, 0x70, 0x00, 0xc0, 0x01, 0x00,
    0x00, 0x70, 0x00, 0xc0, 0x01, 0x00, 0x00, 0x70, 0x00, 0xc0, 0x01, 0x00, 0x00, 0xf0, 0x00, 0xe0,
    0x01, 0x00, 0x00, 0xe0, 0x01, 0xf0, 0x00, 0x00, 0x00, 0xe0, 0x07, 0xfc, 0x00, 0x00, 0x00, 0xc0,
    0xff, 0x7f, 0x00, 0x00, 0x00, 0x80, 0xff, 0x3f, 0x00, 0x00, 0x00, 0x00, 0xfe, 0x0f, 0x00, 0x00,
    0x00, 0x00, 0xf0, 0x00, 0x00, 0x00, 0x00, 0x00, 0x00, 0x00, 0x00, 0x00, 0x00, 0x00, 0x00, 0x00,
    0x00, 0x00, 0x00, 0x00, 0x00, 0x00, 0x00, 0x00, 0x00, 0x00, 0xfc, 0x07, 0x00, 0x00, 0x00, 0x00,
    0xff, 0x1f, 0x00, 0x00, 0x00, 0xc0, 0xff, 0x7f, 0x00, 0x00, 0x00, 0xe0, 0xbf, 0xff, 0x00, 0x00,
    0x00, 0xe0, 0x03, 0xf8, 0x00, 0x00, 0x00, 0xf0, 0x00, 0xe0, 0x01, 0x00, 0x00, 0xf0, 0x00, 0xe0,
    0x01, 0x00, 0x00, 0x70, 0x00, 0xc0, 0x01, 0x00, 0x00, 0x70, 0x00, 0xc0, 0x01, 0x00, 0x00, 0x70,
    0x00, 0xc0, 0x01, 0x00, 0x00, 0x70, 0x00, 0xc0, 0x01, 0x00, 0x00, 0x60, 0x00, 0xc0, 0x00, 0x00,
    0x00, 0xe0, 0x00, 0xe0, 0x00, 0x00, 0x00, 0xc0, 0x01, 0x70, 0x00, 0x00, 0x00, 0xf0, 0xff, 0xff,
    0xff, 0x01, 0x00, 0xf0, 0xff, 0xff, 0xff, 0x01, 0x00, 0xf0, 0xff, 0xff, 0xff, 0x01, 0x00, 0xf0,
    0xff, 0xff, 0xff, 0x01, 0x00, 0x00, 0x00, 0x00, 0x00, 0x00, 0x00, 0x00, 0x00, 0x00, 0x00, 0x00,
    0x00, 0x00, 0x00, 0x00, 0x00, 0x00, 0x00, 0x00, 0x00, 0x00, 0x00, 0x00, 0x00, 0xf0, 0xff, 0xff,
    0x01, 0x00, 0x00, 0xf0, 0xff, 0xff, 0x01, 0x00, 0x00, 0xf0, 0xff, 0xff, 0x01, 0x00, 0x00, 0x80,
    0x03, 0x00, 0x00, 0x00, 0x00, 0xe0, 0x01, 0x00, 0x00, 0x00, 0x00, 0xe0, 0x00, 0x00, 0x00, 0x00,
    0x00, 0xf0, 0x00, 0x00, 0x00, 0x00, 0x00, 0xf0, 0x00, 0x00, 0x00, 0x00, 0x00, 0x70, 0x00, 0x00,
    0x00, 0x00, 0x00, 0xf0, 0x00, 0x00, 0x00, 0x00, 0x00, 0x00, 0x00, 0x00, 0x00, 0x00, 0x00, 0x00,
    0x00, 0x00, 0x00, 0x00, 0x00, 0x00, 0x00, 0x00, 0x00, 0x00, 0x00, 0x00, 0x00, 0x1c, 0x00, 0x00,
    0x00, 0x80, 0x1f, 0x3c, 0x00, 0x00, 0x00, 0xc0, 0x3f, 0x7c, 0x00, 0x00, 0x00, 0xe0, 0x3f, 0xfc,
    0x00, 0x00, 0x00, 0xe0, 0x79, 0xe0, 0x00, 0x00, 0x00, 0xf0, 0x70, 0xe0, 0x01, 0x00, 0x00, 0x70,
    0x70, 0xc0, 0x01, 0x00, 0x00, 0x70, 0xe0, 0xc0, 0x01, 0x00, 0x00, 0x70, 0xe0, 0xc0, 0x01, 0x00,
    0x00, 0x70, 0xe0, 0xc0, 0x01, 0x00, 0x00, 0x70, 0xe0, 0xc0, 0x01, 0x00, 0x00, 0xf0, 0xc0, 0xe1,
    0x01, 0x00, 0x00, 0xe0, 0xc1, 0xe3, 0x00, 0x00, 0x00, 0xe0, 0xc7, 0xff, 0x00, 0x00, 0x00, 0xc0,
    0x87, 0x7f, 0x00, 0x00, 0x00, 0x80, 0x07, 0x3f, 0x00, 0x00, 0x00, 0x00, 0x00, 0x0c, 0x00, 0x00,
    0x00, 0x00, 0x00, 0x00, 0x00, 0x00, 0x00, 0x70, 0x00, 0x00, 0x00, 0x00, 0x00, 0x70, 0x00, 0x00,
    0x00, 0x00, 0x00, 0x70, 0x00, 0x00, 0x00, 0x00, 0x00, 0x70, 0x00, 0x00, 0x00, 0x00, 0x80, 0xff,
    0xff, 0x3f, 0x00, 0x00, 0x80, 0xff, 0xff, 0xff, 0x00, 0x00, 0x80, 0xff, 0xff, 0xff, 0x01, 0x00,
    0x80, 0xff, 0xff, 0xff, 0x01, 0x00, 0x00, 0x70, 0x00, 0xc0, 0x01, 0x00, 0x00, 0x70, 0x00, 0xc0,
    0x01, 0x00, 0x00, 0x70, 0x00, 0xc0, 0x01, 0x00, 0x00, 0x70, 0x00, 0xc0, 0x01, 0x00, 0x00, 0x00,
    0x00, 0x00, 0x00, 0x00, 0x00, 0x00, 0x00, 0x00, 0x00, 0x00, 0x00, 0x00, 0x00, 0x00, 0x00, 0x00,
    0x00, 0x00, 0x00, 0x00, 0x00, 0x00, 0x00, 0xf0, 0xff, 0x3f, 0x00, 0x00, 0x00, 0xf0, 0xff, 0x7f,
    0x00, 0x00, 0x00, 0xf0, 0xff, 0xff, 0x00, 0x00, 0x00, 0x00, 0x00, 0xf8, 0x00, 0x00, 0x00, 0x00,
    0x00, 0xe0, 0x01, 0x00, 0x00, 0x00, 0x00, 0xc0, 0x01, 0x00, 0x00, 0x00, 0x00, 0xc0, 0x01, 0x00,
    0x00, 0x00, 0x00, 0xc0, 0x01, 0x00, 0x00, 0x00, 0x00, 0xc0, 0x01, 0x00, 0x00, 0x00, 0x00, 0xc0,
    0x01, 0x00, 0x00, 0x00, 0x00, 0xe0, 0x00, 0x00, 0x00, 0x00, 0x00, 0xe0, 0x00, 0x00, 0x00, 0x00,
    0x00, 0x78, 0x00, 0x00, 0x00, 0xf0, 0xff, 0xff, 0x01, 0x00, 0x00, 0xf0, 0xff, 0xff, 0x01, 0x00,
    0x00, 0xf0, 0xff, 0xff, 0x01, 0x00, 0x00, 0x00, 0x00, 0x00, 0x00, 0x00, 0x00, 0x00, 0x00, 0x00,
    0x00, 0x00, 0x00, 0x30, 0x00, 0x00, 0x00, 0x00, 0x00, 0xf0, 0x01, 0x00, 0x00, 0x00, 0x00, 0xf0,
    0x0f, 0x00, 0x00, 0x00, 0x00, 0xf0, 0x7f, 0x00, 0x00, 0x00, 0x00, 0x80, 0xff, 0x01, 0x00, 0x00,
    0x00, 0x00, 0xfc, 0x0f, 0x00, 0x00, 0x00, 0x00, 0xe0, 0x7f, 0x00, 0x00, 0x00, 0x00, 0x00, 0xff,
    0x01, 0x00, 0x00, 0x00, 0x00, 0xf8, 0x01, 0x00, 0x00, 0x00, 0x00, 0xfc, 0x01, 0x00, 0x00, 0x00,
    0x80, 0xff, 0x00, 0x00, 0x00, 0x00, 0xf0, 0x1f, 0x00, 0x00, 0x00, 0x00, 0xff, 0x03, 0x00, 0x00,
    0x00, 0xe0, 0xff, 0x00, 0x00, 0x00, 0x00, 0xf0, 0x1f, 0x00, 0x00, 0x00, 0x00, 0xf0, 0x03, 0x00,
    0x00, 0x00, 0x00, 0x70, 0x00, 0x00, 0x00, 0x00, 0x00, 0x00, 0x00, 0x00, 0x00, 0x00, 0x00, 0x00,
    0x00, 0x00, 0x00, 0x00, 0x00, 0x30, 0x00, 0x00, 0x00, 0x00, 0x00, 0xf0, 0x03, 0x00, 0x00, 0x00,
    0x00, 0xf0, 0x1f, 0x00, 0x00, 0x00, 0x00, 0xf0, 0xff, 0x01, 0x00, 0x00, 0x00, 0x00, 0xff, 0x0f,
    0x00, 0x00, 0x00, 0x00, 0xf0, 0x7f, 0x00, 0x00, 0x00, 0x00, 0x80, 0xff, 0x01, 0x00, 0x00, 0x00,
    0x00, 0xf8, 0x01, 0x00, 0x00, 0x00, 0x00, 0xfe, 0x01, 0x00, 0x00, 0x00, 0xc0, 0x7f, 0x00, 0x00,
    0x00, 0x00, 0xfc, 0x0f, 0x00, 0x00, 0x00, 0x80, 0xff, 0x01, 0x00, 0x00, 0x00, 0xf0, 0x3f, 0x00,
    0x00, 0x00, 0x00, 0xf0, 0x07, 0x00, 0x00, 0x00, 0x00, 0xf0, 0x07, 0x00, 0x00, 0x00, 0x00, 0xf0,
    0x3f, 0x00, 0x00, 0x00, 0x00, 0x80, 0xff, 0x01, 0x00, 0x00, 0x00, 0x00, 0xf8, 0x0f, 0x00, 0x00,
    0x00, 0x00, 0xc0, 0x7f, 0x00, 0x00, 0x00, 0x00, 0x00, 0xfe, 0x01, 0x00, 0x00, 0x00, 0x00, 0xf0,
    0x01, 0x00, 0x00, 0x00, 0x00, 0xff, 0x01, 0x00, 0x00, 0x00, 0xf0, 0x7f, 0x00, 0x00, 0x00, 0x00,
    0xff, 0x0f, 0x00, 0x00, 0x00, 0xf0, 0xff, 0x00, 0x00, 0x00, 0x00, 0xf0, 0x1f, 0x00, 0x00, 0x00,
    0x00, 0xf0, 0x03, 0x00, 0x00, 0x00, 0x00, 0x30, 0x00, 0x00, 0x00, 0x00, 0x00, 0x00, 0x00, 0x00,
    0x00, 0x00, 0x00, 0x00, 0x00, 0x00, 0x00, 0x00, 0x00, 0x10, 0x00, 0x00, 0x01, 0x00, 0x00, 0x30,
    0x00, 0xc0, 0x01, 0x00, 0x00, 0xf0, 0x00, 0xe0, 0x01, 0x00, 0x00, 0xf0, 0x01, 0xf8, 0x01, 0x00,
    0x00, 0xf0, 0x07, 0xfc, 0x00, 0x00, 0x00, 0xc0, 0x0f, 0x7f, 0x00, 0x00, 0x00, 0x00, 0xbf, 0x1f,
    0x00, 0x00, 0x00, 0x00, 0xfe, 0x07, 0x00, 0x00, 0x00, 0x00, 0xf8, 0x03, 0x00, 0x00, 0x00, 0x00,
    0xf8, 0x03, 0x00, 0x00, 0x00, 0x00, 0xfe, 0x0f, 0x00, 0x00, 0x00, 0x80, 0x9f, 0x1f, 0x00, 0x00,
    0x00, 0xc0, 0x0f, 0x7e, 0x00, 0x00, 0x00, 0xf0, 0x03, 0xfc, 0x01, 0x00, 0x00, 0xf0, 0x01, 0xf0,
    0x01, 0x00, 0x00, 0x70, 0x00, 0xe0, 0x01, 0x00, 0x00, 0x30, 0x00, 0x80, 0x01, 0x00, 0x00, 0x00,
    0x00, 0x00, 0x01, 0x00, 0x00, 0x00, 0x00, 0x00, 0x00, 0x00, 0x00, 0x00, 0x00, 0x00, 0x00, 0x00,
    0x00, 0x70, 0x00, 0x00, 0x00, 0x00, 0x00, 0xf0, 0x03, 0x00, 0xc0, 0x01, 0x00, 0xf0, 0x0f, 0x00,
    0xc0, 0x01, 0x00, 0xf0, 0x7f, 0x00, 0xc0, 0x01, 0x00, 0x80, 0xff, 0x03, 0xe0, 0x01, 0x00, 0x00,
    0xfc, 0x0f, 0xf0, 0x00, 0x00, 0x00, 0xe0, 0x7f, 0xfc, 0x00, 0x00, 0x00, 0x00, 0xff, 0x7f, 0x00,
    0x00, 0x00, 0x00, 0xf8, 0x1f, 0x00, 0x00, 0x00, 0x00, 0xfe, 0x03, 0x00, 0x00, 0x00, 0xc0, 0xff,
    0x00, 0x00, 0x00, 0x00, 0xfc, 0x1f, 0x00, 0x00, 0x00, 0x80, 0xff, 0x03, 0x00, 0x00, 0x00, 0xf0,
    0x7f, 0x00, 0x00, 0x00, 0x00, 0xf0, 0x0f, 0x00, 0x00, 0x00, 0x00, 0xf0, 0x01, 0x00, 0x00, 0x00,
    0x00, 0x70, 0x00, 0x00, 0x00, 0x00, 0x00, 0x00, 0x00, 0x00, 0x00, 0x00, 0x00, 0x00, 0x00, 0x00,
    0x00, 0x00, 0x00, 0x00, 0x00, 0x00, 0x00, 0x00, 0x00, 0x70, 0x00, 0xe0, 0x01, 0x00, 0x00, 0x70,
    0x00, 0xf0, 0x01, 0x00, 0x00, 0x70, 0x00, 0xf8, 0x01, 0x00, 0x00, 0x70, 0x00, 0xfe, 0x01, 0x00,
    0x00, 0x70, 0x00, 0xff, 0x01, 0x00, 0x00, 0x70, 0x80, 0xcf, 0x01, 0x00, 0x00, 0x70, 0xe0, 0xc7,
    0x01, 0x00, 0x00, 0x70, 0xf0, 0xc3, 0x01, 0x00, 0x00, 0x70, 0xf8, 0xc0, 0x01, 0x00, 0x00, 0x70,
    0x7e, 0xc0, 0x01, 0x00, 0x00, 0x70, 0x3f, 0xc0, 0x01, 0x00, 0x00, 0xf0, 0x0f, 0xc0, 0x01, 0x00,
    0x00, 0xf0, 0x07, 0xc0, 0x01, 0x00, 0x00, 0xf0, 0x03, 0xc0, 0x01, 0x00, 0x00, 0xf0, 0x00, 0xc0,
    0x01, 0x00, 0x00, 0x70, 0x00, 0xc0, 0x01, 0x00, 0x00, 0x00, 0x00, 0xc0, 0x01, 0x00, 0x00, 0x00,
    0x00, 0x00, 0x00, 0x00, 0x00, 0x00, 0x00, 0x00, 0x00, 0x00, 0x00, 0x00, 0x38, 0x00, 0x00, 0x00,
    0x00, 0x00, 0x38, 0x00, 0x00, 0x00, 0x00, 0x00, 0x78, 0x00, 0x00, 0x00, 0x00, 0x00, 0x7c, 0x00,
    0x00, 0x00, 0x00, 0xfe, 0xff, 0xff, 0x01, 0x00, 0xc0, 0xff, 0xef, 0xff, 0x0f, 0x00, 0xe0, 0xff,
    0xc7, 0xff, 0x1f, 0x00, 0xf0, 0xff, 0x03, 0xff, 0x3f, 0x00, 0xf8, 0x00, 0x00, 0x00, 0x7c, 0x00,
    0x38, 0x00, 0x00, 0x00, 0x70, 0x00, 0x1c, 0x00, 0x00, 0x00, 0xe0, 0x00, 0x0c, 0x00, 0x00, 0x00,
    0xc0, 0x00, 0x00, 0x00, 0x00, 0x00, 0x00, 0x00, 0x00, 0x00, 0x00, 0x00, 0x00, 0x00, 0x00, 0x00,
    0x00, 0x00, 0x00, 0x00, 0x00, 0x00, 0x00, 0x00, 0x00, 0x00, 0xe0, 0xff, 0xff, 0xff, 0x3f, 0x00,
    0xe0, 0xff, 0xff, 0xff, 0x3f, 0x00, 0xe0, 0xff, 0xff, 0xff, 0x3f, 0x00, 0x00, 0x00, 0x00, 0x00,
    0x00, 0x00, 0x00, 0x00, 0x00, 0x00, 0x00, 0x00, 0x1c, 0x00, 0x00, 0x00, 0xe0, 0x00, 0x1c, 0x00,
    0x00, 0x00, 0xe0, 0x00, 0x78, 0x00, 0x00, 0x00, 0x78, 0x00, 0xf8, 0xff, 0x00, 0xfc, 0x7f, 0x00,
    0xf0, 0xff, 0x87, 0xff, 0x3f, 0x00, 0xe0, 0xff, 0xcf, 0xff, 0x1f, 0x00, 0x80, 0xff, 0xef, 0xff,
    0x07, 0x00, 0x00, 0x00, 0xfe, 0x00, 0x00, 0x00, 0x00, 0x00, 0x7c, 0x00, 0x00, 0x00, 0x00, 0x00,
    0x38, 0x00, 0x00, 0x00, 0x00, 0x00, 0x38, 0x00, 0x00, 0x00, 0x00, 0x00, 0x00, 0x00, 0x00, 0x00,
    0x00, 0x00, 0x00, 0x00, 0x00, 0x00, 0x00, 0x00, 0x00, 0x00, 0x00, 0x00, 0x00, 0x00, 0x00, 0x00,
    0x00, 0x00, 0x00, 0x00, 0xf0, 0x00, 0x00, 0x00, 0x00, 0x00, 0xf8, 0x00, 0x00, 0x00, 0x00, 0x00,
    0xfc, 0x00, 0x00, 0x00, 0x00, 0x00, 0x1e, 0x00, 0x00, 0x00, 0x00, 0x00, 0x0e, 0x00, 0x00, 0x00,
    0x00, 0x00, 0x0e, 0x00, 0x00, 0x00, 0x00, 0x00, 0x0e, 0x00, 0x00, 0x00, 0x00, 0x00, 0x1e, 0x00,
    0x00, 0x00, 0x00, 0x00, 0x1c, 0x00, 0x00, 0x00, 0x00, 0x00, 0x3c, 0x00, 0x00, 0x00, 0x00, 0x00,
    0x78, 0x00, 0x00, 0x00, 0x00, 0x00, 0xf0, 0x00, 0x00, 0x00, 0x00, 0x00, 0xe0, 0x00, 0x00, 0x00,
    0x00, 0x00, 0xe0, 0x01, 0x00, 0x00, 0x00, 0x00, 0xc0, 0x01, 0x00, 0x00, 0x00, 0x00, 0xc0, 0x01,
    0x00, 0x00, 0x00, 0x00, 0xc0, 0x01, 0x00, 0x00, 0x00, 0x00, 0xe0, 0x01, 0x00, 0x00, 0x00, 0x00,
    0xf8, 0x00, 0x00, 0x00, 0x00, 0x00, 0x7c, 0x00, 0x00, 0x00, 0x00, 0x00, 0x3c, 0x00, 0x00, 0x00,
    0x00, 0x00, 0x0c, 0x00, 0x00, 0x00,
};

static const uint16_t mf_bwfont_Roboto_Regular40bw_glyph_offsets_1[96] PROGMEM = {
    0x0000, 0x0000, 0x0008, 0x0014, 0x002d, 0x0042, 0x005f, 0x0078,
    0x007e, 0x008c, 0x0098, 0x00aa, 0x00c0, 0x00c7, 0x00d2, 0x00da,
    0x00ea, 0x00ff, 0x010e, 0x0124, 0x0139, 0x0150, 0x0166, 0x017c,
    0x0192, 0x01a7, 0x01bc, 0x01c4, 0x01cb, 0x01dd, 0x01f1, 0x0205,
    0x0217, 0x023a, 0x0254, 0x026c, 0x0285, 0x029e, 0x02b4, 0x02ca,
    0x02e3, 0x02fd, 0x0305, 0x0319, 0x0333, 0x0349, 0x036a, 0x0384,
    0x039e, 0x03b7, 0x03d1, 0x03ea, 0x0401, 0x0419, 0x0431, 0x044b,
    0x046f, 0x0488, 0x04a0, 0x04b7, 0x04c2, 0x04d3, 0x04dc, 0x04ec,
    0x04ff, 0x0509, 0x051e, 0x0534, 0x0549, 0x055e, 0x0573, 0x0582,
    0x0597, 0x05ab, 0x05b3, 0x05bb, 0x05d0, 0x05d8, 0x05f9, 0x060d,
    0x0623, 0x0639, 0x064e, 0x065c, 0x0670, 0x067d, 0x0691, 0x06a4,
    0x06c2, 0x06d6, 0x06e9, 0x06fd, 0x070b, 0x0712, 0x071f, 0x0739,
};

static const uint8_t mf_bwfont_Roboto_Regular40bw_glyph_widths_1[95] PROGMEM = {
    0x0a, 0x0a, 0x0d, 0x19, 0x16, 0x1d, 0x19, 0x07, 0x0e, 0x0e, 0x11, 0x17, 0x08, 0x0b, 0x0b, 0x11,
    0x16, 0x16, 0x16, 0x16, 0x16, 0x16, 0x16, 0x16, 0x16, 0x16, 0x0a, 0x08, 0x14, 0x16, 0x15, 0x13,
    0x24, 0x1a, 0x19, 0x1a, 0x1a, 0x17, 0x16, 0x1b, 0x1d, 0x0b, 0x16, 0x19, 0x16, 0x23, 0x1d, 0x1c,
    0x19, 0x1c, 0x19, 0x18, 0x18, 0x1a, 0x19, 0x23, 0x19, 0x18, 0x18, 0x0b, 0x10, 0x0b, 0x11, 0x12,
    0x0c, 0x16, 0x16, 0x15, 0x17, 0x15, 0x0e, 0x16, 0x16, 0x0a, 0x0a, 0x14, 0x0a, 0x23, 0x16, 0x17,
    0x16, 0x17, 0x0e, 0x15, 0x0d, 0x16, 0x13, 0x1e, 0x14, 0x13, 0x14, 0x0e, 0x0a, 0x0e, 0x1b,
};

static const uint8_t mf_bwfont_Roboto_Regular40bw_glyph_data_2[15612] PROGMEM = {
    0x00, 0x00, 0x00, 0x00, 0x00, 0x00, 0x00, 0x00, 0x00, 0x00, 0x00, 0x00, 0x00, 0x00, 0x00, 0x00,
    0x00, 0x00, 0x00, 0x00, 0x00, 0x00, 0x00, 0x00, 0x00, 0x80, 0x87, 0xff, 0xff, 0x0f, 0x00, 0x80,
    0x87, 0xff, 0xff, 0x0f, 0x00, 0x80, 0x87, 0xff, 0xff, 0x0f, 0x00, 0x00, 0x83, 0xff, 0xff, 0x0f,
    0x00, 0x00, 0x00, 0x00, 0x00, 0x00, 0x00, 0x00, 0x00, 0x00, 0x00, 0x00, 0x00, 0x00, 0x00, 0x00,
    0x00, 0x00, 0x00, 0x00, 0x80, 0x3f, 0x00, 0x00, 0x00, 0x00, 0xf0, 0xff, 0x01, 0x00, 0x00, 0x00,
    0xf8, 0xff, 0x03, 0x00, 0x00, 0x00, 0xfc, 0xff, 0x07, 0x00, 0x00, 0x00, 0x3e, 0x80, 0x0f, 0x00,
    0x00, 0x00, 0x0e, 0x00, 0x0e, 0x00, 0x00, 0x00, 0x0f, 0x00, 0x1e, 0x00, 0x00, 0xf0, 0x07, 0x00,
    0xfc, 0x01, 0x00, 0xf0, 0x07, 0x00, 0xfc, 0x01, 0x00, 0xf0, 0x07, 0x00, 0xfc, 0x01, 0x00, 0xf0,
    0x07, 0x00, 0xfc, 0x01, 0x00, 0x00, 0x07, 0x00, 0x1c, 0x00, 0x00, 0x00, 0x0f, 0x00, 0x0e, 0x00,
    0x00, 0x00, 0x1e, 0x00, 0x0f, 0x00, 0x00, 0x00, 0xfe, 0xc0, 0x0f, 0x00, 0x00, 0x00, 0xfc, 0xc0,
    0x07, 0x00, 0x00, 0x00, 0xf0, 0xc0, 0x03, 0x00, 0x00, 0x00, 0xc0, 0xc0, 0x00, 0x00, 0x00, 0x00,
    0x00, 0x00, 0x00, 0x00, 0x00, 0x00, 0x00, 0x00, 0x00, 0x00, 0x00, 0x00, 0x00, 0x00, 0x00, 0x00,
    0x00, 0x00, 0xc0, 0x01, 0x1c, 0x00, 0x00, 0x00, 0xc0, 0x01, 0x1c, 0x00, 0x00, 0x00, 0xc0, 0x01,
    0x1e, 0x00, 0x00, 0xc0, 0xff, 0xff, 0x1f, 0x00, 0x00, 0xf0, 0xff, 0xff, 0x1f, 0x00, 0x00, 0xf8,
    0xff, 0xff, 0x1f, 0x00, 0x00, 0xfc, 0xff, 0xff, 0x1c, 0x00, 0x00, 0x3c, 0xc0, 0x01, 0x1c, 0x00,
    0x00, 0x1e, 0xc0, 0x01, 0x1c, 0x00, 0x00, 0x0e, 0xc0, 0x01, 0x1c, 0x00, 0x00, 0x0e, 0xc0, 0x01,
    0x1c, 0x00, 0x00, 0x0e, 0xc0, 0x01, 0x1c, 0x00, 0x00, 0x0e, 0xc0, 0x01, 0x1c, 0x00, 0x00, 0x1e,
    0x00, 0x00, 0x1c, 0x00, 0x00, 0x1e, 0x00, 0x00, 0x1c, 0x00, 0x00, 0x7c, 0x00, 0x00, 0x1c, 0x00,
    0x00, 0xfc, 0x01, 0x00, 0x1c, 0x00, 0x00, 0xf8, 0x01, 0x00, 0x1c, 0x00, 0x00, 0xe0, 0x01, 0x00,
    0x1c, 0x00, 0x00, 0x00, 0x00, 0x00, 0x1c, 0x00, 0x00, 0x00, 0x00, 0x00, 0x00, 0x00, 0x00, 0x00,
    0x00, 0x00, 0x00, 0x00, 0x00, 0x00, 0x00, 0x00, 0x00, 0x00, 0x00, 0x40, 0x00, 0x00, 0x04, 0x00,
    0x00, 0xe0, 0xe0, 0x1f, 0x0e, 0x00, 0x00, 0xf0, 0xf9, 0x7f, 0x1f, 0x00, 0x00, 0xe0, 0xff, 0xff,
    0x1f, 0x00, 0x00, 0xc0, 0x3f, 0xf0, 0x0f, 0x00, 0x00, 0x80, 0x0f, 0xc0, 0x07, 0x00, 0x00, 0x80,
    0x07, 0x80, 0x07, 0x00, 0x00, 0xc0, 0x03, 0x00, 0x0f, 0x00, 0x00, 0xc0, 0x01, 0x00, 0x0e, 0x00,
    0x00, 0xe0, 0x01, 0x00, 0x1e, 0x00, 0x00, 0xe0, 0x01, 0x00, 0x1e, 0x00, 0x00, 0xe0, 0x00, 0x00,
    0x1c, 0x00, 0x00, 0xe0, 0x00, 0x00, 0x1c, 0x00, 0x00, 0xe0, 0x00, 0x00, 0x1c, 0x00, 0x00, 0xe0,
    0x01, 0x00, 0x1e, 0x00, 0x00, 0xe0, 0x01, 0x00, 0x1e, 0x00, 0x00, 0xc0, 0x03, 0x00, 0x0f, 0x00,
    0x00, 0xc0, 0x03, 0x00, 0x0f, 0x00, 0x00, 0x80, 0x07, 0x80, 0x07, 0x00, 0x00, 0x80, 0x1f, 0xe0,
    0x07, 0x00, 0x00, 0xc0, 0xff, 0xfc, 0x0f, 0x00, 0x00, 0xe0, 0xff, 0xff, 0x1f, 0x00, 0x00, 0xe0,
    0xf9, 0x7f, 0x1e, 0x00, 0x00, 0xc0, 0xe0, 0x0f, 0x0c, 0x00, 0x00, 0x00, 0x00, 0x00, 0x00, 0x00,
    0x00, 0x00, 0x00, 0x00, 0x00, 0x00, 0x00, 0x06, 0x00, 0x00, 0x00, 0x00, 0x00, 0x1e, 0x80, 0x31,
    0x00, 0x00, 0x00, 0x7e, 0x80, 0x31, 0x00, 0x00, 0x00, 0xfe, 0x81, 0x31, 0x00, 0x00, 0x00, 0xf8,
    0x87, 0x31, 0x00, 0x00, 0x00, 0xe0, 0x9f, 0x31, 0x00, 0x00, 0x00, 0x80, 0xff, 0x31, 0x00, 0x00,
    0x00, 0x00, 0xfe, 0x31, 0x00, 0x00, 0x00, 0x00, 0xf8, 0xff, 0x1f, 0x00, 0x00, 0x00, 0xe0, 0xff,
    0x1f, 0x00, 0x00, 0x00, 0xf8, 0xff, 0x1f, 0x00, 0x00, 0x00, 0xfe, 0x31, 0x00, 0x00, 0x00, 0x80,
    0xff, 0x31, 0x00, 0x00, 0x00, 0xe0, 0x9f, 0x31, 0x00, 0x00, 0x00, 0xf8, 0x87, 0x31, 0x00, 0x00,
    0x00, 0xfe, 0x81, 0x31, 0x00, 0x00, 0x00, 0x7e, 0x80, 0x31, 0x00, 0x00, 0x00, 0x1e, 0x80, 0x31,
    0x00, 0x00, 0x00, 0x06, 0x00, 0x00, 0x00, 0x00, 0x00, 0x00, 0x00, 0x00, 0x00, 0x00, 0x00, 0x00,
    0x00, 0x00, 0x00, 0x00, 0x00, 0x00, 0x00, 0x00, 0x00, 0x00, 0x00, 0x00, 0x00, 0x00, 0x00, 0x00,
    0x00, 0xfe, 0xff, 0xf8, 0xff, 0x03, 0x00, 0xfe, 0xff, 0xf8, 0xff, 0x03, 0x00, 0xfe, 0xff, 0xf8,
    0xff, 0x03, 0x00, 0xfe, 0xff, 0xf8, 0xff, 0x03, 0x00, 0x00, 0x00, 0x00, 0x00, 0x00, 0x00, 0x00,
    0x00, 0x00, 0x00, 0x00, 0x00, 0x00, 0x00, 0x00, 0x00, 0x00, 0x00, 0x00, 0x00, 0x3f, 0x80, 0x03,
    0x00, 0xe0, 0x87, 0x7f, 0x80, 0x0f, 0x00, 0xf0, 0xdf, 0xff, 0x80, 0x1f, 0x00, 0xf8, 0xff, 0xff,
    0x01, 0x3f, 0x00, 0x7c, 0xfe, 0xe0, 0x03, 0x3c, 0x00, 0x1c, 0xf8, 0xc0, 0x03, 0x38, 0x00, 0x1e,
    0x78, 0x80, 0x03, 0x78, 0x00, 0x0e, 0x70, 0x80, 0x07, 0x70, 0x00, 0x0e, 0xf0, 0x80, 0x07, 0x70,
    0x00, 0x0e, 0xf0, 0x00, 0x07, 0x70, 0x00, 0x0e, 0xe0, 0x00, 0x0f, 0x70, 0x00, 0x0e, 0xe0, 0x01,
    0x0f, 0x70, 0x00, 0x0e, 0xe0, 0x01, 0x0e, 0x70, 0x00, 0x1e, 0xc0, 0x01, 0x1e, 0x78, 0x00, 0x1c,
    0xc0, 0x03, 0x1e, 0x38, 0x00, 0x7c, 0xc0, 0x07, 0x3f, 0x3e, 0x00, 0xf8, 0x81, 0xcf, 0xff, 0x1f,
    0x00, 0xf8, 0x01, 0xff, 0xfb, 0x1f, 0x00, 0xf0, 0x01, 0xff, 0xf1, 0x07, 0x00, 0xc0, 0x01, 0xfc,
    0x00, 0x00, 0x00, 0x00, 0x00, 0x00, 0x00, 0x00, 0x00, 0x00, 0x00, 0x00, 0x00, 0x00, 0x00, 0x00,
    0x00, 0x00, 0x00, 0x00, 0x00, 0x07, 0x00, 0x00, 0x00, 0x00, 0x00, 0x0f, 0x00, 0x00, 0x00, 0x00,
    0x00, 0x0f, 0x00, 0x00, 0x00, 0x00, 0x00, 0x0f, 0x00, 0x00, 0x00, 0x00, 0x00, 0x00, 0x00, 0x00,
    0x00, 0x00, 0x00, 0x00, 0x00, 0x00, 0x00, 0x00, 0x00, 0x00, 0x00, 0x00, 0x00, 0x00, 0x00, 0x00,
    0x00, 0x00, 0x00, 0x00, 0x00, 0x06, 0x00, 0x00, 0x00, 0x00, 0x00, 0x0f, 0x00, 0x00, 0x00, 0x00,
    0x00, 0x0f, 0x00, 0x00, 0x00, 0x00, 0x00, 0x0f, 0x00, 0x00, 0x00, 0x00, 0x00, 0x06, 0x00, 0x00,
    0x00, 0x00, 0x00, 0x00, 0x00, 0x00, 0x00, 0x00, 0x00, 0x00, 0x00, 0x00, 0x00, 0x00, 0x00, 0x00,
    0x00, 0x00, 0x00, 0x00, 0x00, 0x00, 0xfc, 0x0f, 0x00, 0x00, 0x00, 0x00, 0xff, 0x3f, 0x00, 0x00,
    0x00, 0x80, 0x0f, 0x7c, 0x00, 0x00, 0x00, 0xe0, 0x01, 0xe0, 0x01, 0x00, 0x00, 0xf0, 0x00, 0xc0,
    0x03, 0x00, 0x00, 0x70, 0x00, 0x80, 0x03, 0x00, 0x00, 0x38, 0x00, 0x00, 0x07, 0x00, 0x00, 0x1c,
    0xfc, 0x0f, 0x0e, 0x00, 0x00, 0x1c, 0xfe, 0x1f, 0x0e, 0x00, 0x00, 0x0c, 0x1f, 0x3e, 0x0c, 0x00,
    0x00, 0x8e, 0x07, 0x78, 0x1c, 0x00, 0x00, 0x8e, 0x03, 0x70, 0x1c, 0x00, 0x00, 0x86, 0x01, 0x70,
    0x18, 0x00, 0x00, 0x86, 0x01, 0x60, 0x18, 0x00, 0x00, 0x86, 0x03, 0x70, 0x18, 0x00, 0x00, 0x86,
    0x03, 0x70, 0x18, 0x00, 0x00, 0x8e, 0x07, 0x38, 0x1c, 0x00, 0x00, 0x0c, 0x1f, 0x3e, 0x1c, 0x00,
    0x00, 0x0c, 0x1e, 0x1e, 0x0c, 0x00, 0x00, 0x1c, 0x1c, 0x06, 0x0e, 0x00, 0x00, 0x38, 0x00, 0x00,
    0x07, 0x00, 0x00, 0x38, 0x00, 0x00, 0x07, 0x00, 0x00, 0x70, 0x00, 0x80, 0x03, 0x00, 0x00, 0xe0,
    0x01, 0xe0, 0x01, 0x00, 0x00, 0xc0, 0x07, 0xf8, 0x00, 0x00, 0x00, 0x00, 0xff, 0x3f, 0x00, 0x00,
    0x00, 0x00, 0xfc, 0x0f, 0x00, 0x00, 0x00, 0x00, 0x40, 0x00, 0x00, 0x00, 0x00, 0x00, 0x00, 0x00,
    0x00, 0x00, 0x00, 0x00, 0x00, 0x00, 0x00, 0x00, 0x00, 0x00, 0x00, 0x00, 0x00, 0x00, 0x00, 0x00,
    0x00, 0x00, 0x00, 0x00, 0x00, 0x30, 0x3e, 0x00, 0x00, 0x00, 0x00, 0x38, 0x7f, 0x00, 0x00, 0x00,
    0x00, 0x3c, 0xff, 0x00, 0x00, 0x00, 0x00, 0x9e, 0xe3, 0x00, 0x00, 0x00, 0x00, 0x8e, 0xe1, 0x00,
    0x00, 0x00, 0x00, 0x8e, 0xe1, 0x00, 0x00, 0x00, 0x00, 0x8e, 0xe1, 0x00, 0x00, 0x00, 0x00, 0x8e,
    0x61, 0x00, 0x00, 0x00, 0x00, 0x9e, 0x71, 0x00, 0x00, 0x00, 0x00, 0xfc, 0xff, 0x00, 0x00, 0x00,
    0x00, 0xf8, 0xff, 0x00, 0x00, 0x00, 0x00, 0xf0, 0xff, 0x00, 0x00, 0x00, 0x00, 0x00, 0x00, 0x00,
    0x00, 0x00, 0x00, 0x00, 0x00, 0x00, 0x00, 0x00, 0x00, 0x00, 0x00, 0x00, 0x00, 0x00, 0x00, 0x00,
    0x00, 0x06, 0x00, 0x00, 0x00, 0x00, 0x00, 0x0f, 0x00, 0x00, 0x00, 0x00, 0x80, 0x1f, 0x00, 0x00,
    0x00, 0x00, 0xe0, 0x7f, 0x00, 0x00, 0x00, 0x00, 0xf0, 0xf9, 0x00, 0x00, 0x00, 0x00, 0x7c, 0xe0,
    0x03, 0x00, 0x00, 0x00, 0x1c, 0x86, 0x03, 0x00, 0x00, 0x00, 0x0c, 0x0f, 0x03, 0x00, 0x00, 0x00,
    0x80, 0x1f, 0x00, 0x00, 0x00, 0x00, 0xe0, 0x7f, 0x00, 0x00, 0x00, 0x00, 0xf0, 0xf9, 0x00, 0x00,
    0x00, 0x00, 0x7c, 0xe0, 0x03, 0x00, 0x00, 0x00, 0x1c, 0x80, 0x03, 0x00, 0x00, 0x00, 0x0c, 0x00,
    0x03, 0x00, 0x00, 0x00, 0x00, 0x00, 0x00, 0x00, 0x00, 0x00, 0x00, 0x00, 0x00, 0x00, 0x00, 0x00,
    0x00, 0x00, 0x00, 0x00, 0x00, 0x00, 0xe0, 0x00, 0x00, 0x00, 0x00, 0x00, 0xe0, 0x00, 0x00, 0x00,
    0x00, 0x00, 0xe0, 0x00, 0x00, 0x00, 0x00, 0x00, 0xe0, 0x00, 0x00, 0x00, 0x00, 0x00, 0xe0, 0x00,
    0x00, 0x00, 0x00, 0x00, 0xe0, 0x00, 0x00, 0x00, 0x00, 0x00, 0xe0, 0x00, 0x00, 0x00, 0x00, 0x00,
    0xe0, 0x00, 0x00, 0x00, 0x00, 0x00, 0xe0, 0x00, 0x00, 0x00, 0x00, 0x00, 0xe0, 0x00, 0x00, 0x00,
    0x00, 0x00, 0xe0, 0x00, 0x00, 0x00, 0x00, 0x00, 0xe0, 0x00, 0x00, 0x00, 0x00, 0x00, 0xe0, 0x00,
    0x00, 0x00, 0x00, 0x00, 0xe0, 0x1f, 0x00, 0x00, 0x00, 0x00, 0xe0, 0x1f, 0x00, 0x00, 0x00, 0x00,
    0xe0, 0x1f, 0x00, 0x00, 0x00, 0x00, 0xe0, 0x1f, 0x00, 0x00, 0x00, 0x00, 0x00, 0x00, 0x00, 0x00,
    0x00, 0x00, 0x00, 0x00, 0x00, 0x00, 0x00, 0x00, 0x80, 0x03, 0x00, 0x00, 0x00, 0x00, 0x80, 0x03,
    0x00, 0x00, 0x00, 0x00, 0x80, 0x03, 0x00, 0x00, 0x00, 0x00, 0x80, 0x03, 0x00, 0x00, 0x00, 0x00,
    0x80, 0x03, 0x00, 0x00, 0x00, 0x00, 0x80, 0x03, 0x00, 0x00, 0x00, 0x00, 0x80, 0x03, 0x00, 0x00,
    0x00, 0x00, 0x80, 0x03, 0x00, 0x00, 0x00, 0x00, 0x80, 0x03, 0x00, 0x00, 0x00, 0x00, 0x00, 0x00,
    0x00, 0x00, 0x00, 0x00, 0x00, 0x00, 0x00, 0x00, 0x00, 0x00, 0x00, 0x00, 0x00, 0x00, 0x00, 0x00,
    0xfc, 0x0f, 0x00, 0x00, 0x00, 0x00, 0xff, 0x3f, 0x00, 0x00, 0x00, 0x80, 0x07, 0x7c, 0x00, 0x00,
    0x00, 0xe0, 0x01, 0xe0, 0x01, 0x00, 0x00, 0xf0, 0x00, 0xc0, 0x03, 0x00, 0x00, 0x70, 0x00, 0x80,
    0x03, 0x00, 0x00, 0x38, 0x00, 0x00, 0x07, 0x00, 0x00, 0x1c, 0x00, 0x00, 0x0e, 0x00, 0x00, 0x8c,
    0xff, 0x3f, 0x0e, 0x00, 0x00, 0x8c, 0xff, 0x3f, 0x0c, 0x00, 0x00, 0x8e, 0xff, 0x3f, 0x1c, 0x00,
    0x00, 0x8e, 0xc1, 0x01, 0x1c, 0x00, 0x00, 0x86, 0xc1, 0x01, 0x18, 0x00, 0x00, 0x86, 0xc1, 0x01,
    0x18, 0x00, 0x00, 0x86, 0xc3, 0x01, 0x18, 0x00, 0x00, 0x86, 0xc3, 0x01, 0x18, 0x00, 0x00, 0x8e,
    0xe3, 0x03, 0x1c, 0x00, 0x00, 0x0c, 0x7f, 0x3f, 0x1c, 0x00, 0x00, 0x0c, 0x7e, 0x3f, 0x0c, 0x00,
    0x00, 0x1c, 0x1c, 0x3c, 0x0e, 0x00, 0x00, 0x38, 0x00, 0x00, 0x07, 0x00, 0x00, 0x38, 0x00, 0x00,
    0x07, 0x00, 0x00, 0x70, 0x00, 0x80, 0x03, 0x00, 0x00, 0xe0, 0x01, 0xe0, 0x01, 0x00, 0x00, 0xc0,
    0x07, 0xf8, 0x00, 0x00, 0x00, 0x00, 0xff, 0x3f, 0x00, 0x00, 0x00, 0x00, 0xfc, 0x0f, 0x00, 0x00,
    0x00, 0x00, 0x00, 0x00, 0x00, 0x00, 0x00, 0x00, 0x00, 0x00, 0x00, 0x00, 0x00, 0x00, 0x00, 0x00,
    0x00, 0x00, 0x00, 0x00, 0x00, 0x00, 0x00, 0x00, 0x00, 0x0e, 0x00, 0x00, 0x00, 0x00, 0x00, 0x0e,
    0x00, 0x00, 0x00, 0x00, 0x00, 0x0e, 0x00, 0x00, 0x00, 0x00, 0x00, 0x0e, 0x00, 0x00, 0x00, 0x00,
    0x00, 0x0e, 0x00, 0x00, 0x00, 0x00, 0x00, 0x0e, 0x00, 0x00, 0x00, 0x00, 0x00, 0x0e, 0x00, 0x00,
    0x00, 0x00, 0x00, 0x0e, 0x00, 0x00, 0x00, 0x00, 0x00, 0x0e, 0x00, 0x00, 0x00, 0x00, 0x00, 0x0e,
    0x00, 0x00, 0x00, 0x00, 0x00, 0x0e, 0x00, 0x00, 0x00, 0x00, 0x00, 0x0e, 0x00, 0x00, 0x00, 0x00,
    0x00, 0x0e, 0x00, 0x00, 0x00, 0x00, 0x00, 0x00, 0x00, 0x00, 0x00, 0x00, 0x00, 0x00, 0x00, 0x00,
    0x00, 0x00, 0x00, 0x00, 0x00, 0x00, 0x00, 0x00, 0x00, 0x00, 0x00, 0x00, 0x00, 0x00, 0x00, 0xf8,
    0x01, 0x00, 0x00, 0x00, 0x00, 0xfc, 0x03, 0x00, 0x00, 0x00, 0x00, 0x9e, 0x07, 0x00, 0x00, 0x00,
    0x00, 0x0e, 0x07, 0x00, 0x00, 0x00, 0x00, 0x0e, 0x07, 0x00, 0x00, 0x00, 0x00, 0x0e, 0x07, 0x00,
    0x00, 0x00, 0x00, 0x1e, 0x07, 0x00, 0x00, 0x00, 0x00, 0xfc, 0x03, 0x00, 0x00, 0x00, 0x00, 0xf8,
    0x01, 0x00, 0x00, 0x00, 0x00, 0x00, 0x00, 0x00, 0x00, 0x00, 0x00, 0x00, 0x00, 0x00, 0x00, 0x00,
    0x00, 0x00, 0x00, 0x00, 0x00, 0x00, 0x00, 0x00, 0x70, 0x00, 0x00, 0x00, 0x00, 0x00, 0x70, 0x00,
    0x1c, 0x00, 0x00, 0x00, 0x70, 0x00, 0x1c, 0x00, 0x00, 0x00, 0x70, 0x00, 0x1c, 0x00, 0x00, 0x00,
    0x70, 0x00, 0x1c, 0x00, 0x00, 0x00, 0x70, 0x00, 0x1c, 0x00, 0x00, 0x00, 0x70, 0x00, 0x1c, 0x00,
    0x00, 0xf0, 0xff, 0x7f, 0x1c, 0x00, 0x00, 0xf0, 0xff, 0x7f, 0x1c, 0x00, 0x00, 0xf0, 0xff, 0x7f,
    0x1c, 0x00, 0x00, 0xf0, 0xff, 0x7f, 0x1c, 0x00, 0x00, 0x00, 0x70, 0x00, 0x1c, 0x00, 0x00, 0x00,
    0x70, 0x00, 0x1c, 0x00, 0x00, 0x00, 0x70, 0x00, 0x1c, 0x00, 0x00, 0x00, 0x70, 0x00, 0x1c, 0x00,
    0x00, 0x00, 0x70, 0x00, 0x1c, 0x00, 0x00, 0x00, 0x70, 0x00, 0x1c, 0x00, 0x00, 0x00, 0x70, 0x00,
    0x00, 0x00, 0x00, 0x00, 0x00, 0x00, 0x00, 0x00, 0x00, 0x00, 0x00, 0x00, 0x00, 0x00, 0x00, 0x20,
    0x00, 0x00, 0x00, 0x00, 0x00, 0x38, 0xc0, 0x01, 0x00, 0x00, 0x00, 0x3c, 0xe0, 0x01, 0x00, 0x00,
    0x00, 0x1e, 0xf0, 0x01, 0x00, 0x00, 0x00, 0x0e, 0xf8, 0x01, 0x00, 0x00, 0x00, 0x0e, 0xfc, 0x01,
    0x00, 0x00, 0x00, 0x0e, 0xde, 0x01, 0x00, 0x00, 0x00, 0x0e, 0xcf, 0x01, 0x00, 0x00, 0x00, 0xde,
    0xc7, 0x01, 0x00, 0x00, 0x00, 0xfc, 0xc3, 0x01, 0x00, 0x00, 0x00, 0xf8, 0xc1, 0x01, 0x00, 0x00,
    0x00, 0x70, 0xc0, 0x01, 0x00, 0x00, 0x00, 0x00, 0x00, 0x00, 0x00, 0x00, 0x00, 0x00, 0x00, 0x00,
    0x00, 0x00, 0x00, 0x10, 0x30, 0x00, 0x00, 0x00, 0x00, 0x18, 0x70, 0x00, 0x00, 0x00, 0x00, 0x1c,
    0xf0, 0x00, 0x00, 0x00, 0x00, 0x1e, 0xe0, 0x01, 0x00, 0x00, 0x00, 0x0e, 0xc3, 0x01, 0x00, 0x00,
    0x00, 0x0e, 0xc3, 0x01, 0x00, 0x00, 0x00, 0x0e, 0xc3, 0x01, 0x00, 0x00, 0x00, 0x8e, 0xc3, 0x01,
    0x00, 0x00, 0x00, 0xde, 0xc7, 0x01, 0x00, 0x00, 0x00, 0xfc, 0xff, 0x00, 0x00, 0x00, 0x00, 0xfc,
    0xfe, 0x00, 0x00, 0x00, 0x00, 0x70, 0x7c, 0x00, 0x00, 0x00, 0x00, 0x00, 0x00, 0x00, 0x00, 0x00,
    0x00, 0x00, 0x00, 0x00, 0x00, 0x00, 0x00, 0x00, 0x00, 0x00, 0x00, 0x00, 0x00, 0x00, 0x00, 0x00,
    0x00, 0x00, 0x00, 0x18, 0x00, 0x00, 0x00, 0x00, 0x00, 0x1c, 0x00, 0x00, 0x00, 0x00, 0x00, 0x1f,
    0x00, 0x00, 0x00, 0x00, 0x80, 0x0f, 0x00, 0x00, 0x00, 0x00, 0x80, 0x07, 0x00, 0x00, 0x00, 0x00,
    0x80, 0x01, 0x00, 0x00, 0x00, 0x00, 0x80, 0x00, 0x00, 0x00, 0x00, 0x00, 0x00, 0x00, 0x00, 0x00,
    0x00, 0x00, 0x00, 0x00, 0x00, 0x00, 0x00, 0x00, 0x00, 0x00, 0x00, 0x00, 0x00, 0x00, 0x00, 0x00,
    0x00, 0x00, 0x00, 0x00, 0x00, 0x00, 0xff, 0xff, 0xff, 0x1f, 0x00, 0x00, 0xff, 0xff, 0xff, 0x1f,
    0x00, 0x00, 0xff, 0xff, 0xff, 0x1f, 0x00, 0x00, 0xff, 0xff, 0xff, 0x1f, 0x00, 0x00, 0x00, 0x00,
    0x0f, 0x00, 0x00, 0x00, 0x00, 0x00, 0x1e, 0x00, 0x00, 0x00, 0x00, 0x00, 0x1c, 0x00, 0x00, 0x00,
    0x00, 0x00, 0x1c, 0x00, 0x00, 0x00, 0x00, 0x00, 0x1c, 0x00, 0x00, 0x00, 0x00, 0x00, 0x1c, 0x00,
    0x00, 0x00, 0x00, 0x00, 0x1c, 0x00, 0x00, 0x00, 0x00, 0x00, 0x0e, 0x00, 0x00, 0x00, 0x00, 0x00,
    0x07, 0x00, 0x00, 0x00, 0xff, 0xff, 0x1f, 0x00, 0x00, 0x00, 0xff, 0xff, 0x1f, 0x00, 0x00, 0x00,
    0xff, 0xff, 0x1f, 0x00, 0x00, 0x00, 0xff, 0xff, 0x1f, 0x00, 0x00, 0x00, 0x00, 0x00, 0x00, 0x00,
    0x00, 0x00, 0x00, 0x00, 0x00, 0x00, 0x00, 0x00, 0x0f, 0x00, 0x00, 0x00, 0x00, 0xe0, 0x7f, 0x00,
    0x00, 0x00, 0x00, 0xf0, 0xff, 0x00, 0x00, 0x00, 0x00, 0xf8, 0xff, 0x01, 0x00, 0x00, 0x00, 0xfc,
    0xff, 0x03, 0x00, 0x00, 0x00, 0xfc, 0xff, 0x03, 0x00, 0x00, 0x00, 0xfe, 0xff, 0x07, 0x00, 0x00,
    0x00, 0xfe, 0xff, 0x07, 0x00, 0x00, 0x00, 0xfe, 0xff, 0x07, 0x00, 0x00, 0x00, 0xfe, 0xff, 0x07,
    0x00, 0x00, 0x00, 0xfe, 0xff, 0x07, 0x00, 0x00, 0x00, 0xfe, 0xff, 0x07, 0x00, 0x00, 0x00, 0xfe,
    0xff, 0xff, 0x1f, 0x00, 0x00, 0xfe, 0xff, 0xff, 0x1f, 0x00, 0x00, 0xfe, 0xff, 0xff, 0x1f, 0x00,
    0x00, 0x00, 0x00, 0x00, 0x00, 0x00, 0x00, 0x00, 0x00, 0x00, 0x00, 0x00, 0x00, 0x00, 0x00, 0x00,
    0x00, 0x00, 0x00, 0x00, 0x00, 0x00, 0x00, 0x00, 0x00, 0x00, 0xe0, 0x00, 0x00, 0x00, 0x00, 0x00,
    0xe0, 0x01, 0x00, 0x00, 0x00, 0x00, 0xe0, 0x01, 0x00, 0x00, 0x00, 0x00, 0xe0, 0x01, 0x00, 0x00,
    0x00, 0x00, 0x00, 0x00, 0x00, 0x00, 0x00, 0x00, 0x00, 0x00, 0x00, 0x00, 0x00, 0x00, 0x00, 0x00,
    0x00, 0x00, 0x00, 0x00, 0x00, 0x00, 0x80, 0x30, 0x00, 0x00, 0x00, 0x00, 0xe0, 0x30, 0x00, 0x00,
    0x00, 0x00, 0xe0, 0x38, 0x00, 0x00, 0x00, 0x00, 0xc0, 0x3f, 0x00, 0x00, 0x00, 0x00, 0xc0, 0x1f,
    0x00, 0x00, 0x00, 0x00, 0x80, 0x0f, 0x00, 0x00, 0x00, 0x00, 0x00, 0x00, 0x00, 0x00, 0x00, 0x00,
    0x00, 0x00, 0x00, 0x00, 0x00, 0x00, 0x00, 0x00, 0x00, 0x38, 0x00, 0x00, 0x00, 0x00, 0x00, 0x18,
    0x00, 0x00, 0x00, 0x00, 0x00, 0x18, 0x00, 0x00, 0x00, 0x00, 0x00, 0x1c, 0x00, 0x00, 0x00, 0x00,
    0x00, 0x1c, 0x00, 0x00, 0x00, 0x00, 0x00, 0xfc, 0xff, 0x00, 0x00, 0x00, 0x00, 0xfe, 0xff, 0x00,
    0x00, 0x00, 0x00, 0xfe, 0xff, 0x00, 0x00, 0x00, 0x00, 0x00, 0x00, 0x00, 0x00, 0x00, 0x00, 0x00,
    0x00, 0x00, 0x00, 0x00, 0x00, 0x00, 0x00, 0x00, 0x00, 0x00, 0x00, 0xc0, 0x03, 0x00, 0x00, 0x00,
    0x00, 0xf0, 0x0f, 0x00, 0x00, 0x00, 0x00, 0xfc, 0x3f, 0x00, 0x00, 0x00, 0x00, 0xfc, 0x3f, 0x00,
    0x00, 0x00, 0x00, 0x1e, 0x78, 0x00, 0x00, 0x00, 0x00, 0x0e, 0x70, 0x00, 0x00, 0x00, 0x00, 0x0e,
    0x70, 0x00, 0x00, 0x00, 0x00, 0x0e, 0x70, 0x00, 0x00, 0x00, 0x00, 0x0e, 0x70, 0x00, 0x00, 0x00,
    0x00, 0x1e, 0x78, 0x00, 0x00, 0x00, 0x00, 0x7c, 0x3c, 0x00, 0x00, 0x00, 0x00, 0xfc, 0x3f, 0x00,
    0x00, 0x00, 0x00, 0xf8, 0x1f, 0x00, 0x00, 0x00, 0x00, 0xe0, 0x07, 0x00, 0x00, 0x00, 0x00, 0x00,
    0x00, 0x00, 0x00, 0x00, 0x00, 0x00, 0x00, 0x00, 0x00, 0x00, 0x00, 0x00, 0x00, 0x00, 0x00, 0x00,
    0x00, 0x00, 0x04, 0x00, 0x02, 0x00, 0x00, 0x00, 0x1c, 0x80, 0x03, 0x00, 0x00, 0x00, 0x3c, 0xc0,
    0x03, 0x00, 0x00, 0x00, 0xf8, 0xf0, 0x01, 0x00, 0x00, 0x00, 0xe0, 0x7d, 0x00, 0x00, 0x00, 0x00,
    0xc0, 0x3f, 0x00, 0x00, 0x00, 0x00, 0x80, 0x1f, 0x00, 0x00, 0x00, 0x00, 0x04, 0x06, 0x02, 0x00,
    0x00, 0x00, 0x1c, 0x80, 0x03, 0x00, 0x00, 0x00, 0x3c, 0xc0, 0x03, 0x00, 0x00, 0x00, 0xf8, 0xf0,
    0x01, 0x00, 0x00, 0x00, 0xe0, 0x7d, 0x00, 0x00, 0x00, 0x00, 0xc0, 0x3f, 0x00, 0x00, 0x00, 0x00,
    0x80, 0x1f, 0x00, 0x00, 0x00, 0x00, 0x00, 0x06, 0x00, 0x00, 0x00, 0x00, 0x00, 0x00, 0x00, 0x00,
    0x00, 0x00, 0x00, 0x00, 0x00, 0x00, 0x00, 0x38, 0x00, 0x00, 0x00, 0x00, 0x00, 0x18, 0x00, 0x00,
    0x00, 0x00, 0x00, 0x18, 0x00, 0x00, 0x00, 0x00, 0x00, 0x1c, 0x00, 0x00, 0x00, 0x00, 0x00, 0x1c,
    0x00, 0x00, 0x00, 0x00, 0x00, 0xfc, 0xff, 0x00, 0x01, 0x00, 0x00, 0xfe, 0xff, 0x80, 0x03, 0x00,
    0x00, 0xfe, 0xff, 0xe0, 0x03, 0x00, 0x00, 0x00, 0x00, 0xf8, 0x00, 0x00, 0x00, 0x00, 0x00, 0x3c,
    0x00, 0x00, 0x00, 0x00, 0x00, 0x1f, 0x00, 0x00, 0x00, 0x00, 0x80, 0x07, 0x00, 0x00, 0x00, 0x00,
    0xe0, 0x03, 0x00, 0x00, 0x00, 0x00, 0xf0, 0x00, 0x00, 0x00, 0x00, 0x00, 0x7c, 0x80, 0x03, 0x00,
    0x00, 0x00, 0x1e, 0xc0, 0x03, 0x00, 0x00, 0x80, 0x07, 0xe0, 0x03, 0x00, 0x00, 0xe0, 0x03, 0xf8,
    0x03, 0x00, 0x00, 0xf0, 0x00, 0xbc, 0x03, 0x00, 0x00, 0x78, 0x00, 0x9e, 0x03, 0x00, 0x00, 0x10,
    0x80, 0x87, 0x03, 0x00, 0x00, 0x00, 0xc0, 0xff, 0x1f, 0x00, 0x00, 0x00, 0xc0, 0xff, 0x1f, 0x00,
    0x00, 0x00, 0xc0, 0xff, 0x1f, 0x00, 0x00, 0x00, 0xc0, 0xff, 0x1f, 0x00, 0x00, 0x00, 0x00, 0x80,
    0x03, 0x00, 0x00, 0x00, 0x00, 0x80, 0x03, 0x00, 0x00, 0x00, 0x00, 0x00, 0x00, 0x00, 0x00, 0x00,
    0x00, 0x00, 0x00, 0x00, 0x00, 0x38, 0x00, 0x00, 0x00, 0x00, 0x00, 0x18, 0x00, 0x00, 0x00, 0x00,
    0x00, 0x18, 0x00, 0x00, 0x00, 0x00, 0x00, 0x1c, 0x00, 0x00, 0x00, 0x00, 0x00, 0x1c, 0x00, 0x00,
    0x00, 0x00, 0x00, 0xfc, 0xff, 0x00, 0x01, 0x00, 0x00, 0xfe, 0xff, 0x80, 0x03, 0x00, 0x00, 0xfe,
    0xff, 0xe0, 0x03, 0x00, 0x00, 0x00, 0x00, 0xf8, 0x00, 0x00, 0x00, 0x00, 0x00, 0x3c, 0x00, 0x00,
    0x00, 0x00, 0x00, 0x1f, 0x00, 0x00, 0x00, 0x00, 0x80, 0x07, 0x00, 0x00, 0x00, 0x00, 0xe0, 0x03,
    0x00, 0x00, 0x00, 0x00, 0xf0, 0x00, 0x00, 0x00, 0x00, 0x00, 0x7c, 0x00, 0x00, 0x00, 0x00, 0x00,
    0x1e, 0x00, 0x00, 0x00, 0x00, 0x80, 0x07, 0x02, 0x00, 0x00, 0x00, 0xe0, 0x83, 0x03, 0x1c, 0x00,
    0x00, 0xf0, 0xc0, 0x03, 0x1e, 0x00, 0x00, 0x78, 0xe0, 0x01, 0x1f, 0x00, 0x00, 0x10, 0xe0, 0x80,
    0x1f, 0x00, 0x00, 0x00, 0xe0, 0xc0, 0x1f, 0x00, 0x00, 0x00, 0xe0, 0xe0, 0x1d, 0x00, 0x00, 0x00,
    0xe0, 0xf0, 0x1c, 0x00, 0x00, 0x00, 0xe0, 0x7d, 0x1c, 0x00, 0x00, 0x00, 0xc0, 0x3f, 0x1c, 0x00,
    0x00, 0x00, 0x80, 0x1f, 0x1c, 0x00, 0x00, 0x00, 0x00, 0x07, 0x1c, 0x00, 0x00, 0x00, 0x00, 0x00,
    0x00, 0x00, 0x00, 0x00, 0x00, 0x00, 0x00, 0x00, 0x00, 0x00, 0x00, 0x00, 0x00, 0x00, 0x00, 0x00,
    0x18, 0x00, 0x00, 0x00, 0x00, 0x0c, 0x78, 0x00, 0x00, 0x00, 0x00, 0x0e, 0x78, 0x00, 0x00, 0x00,
    0x00, 0x0f, 0xf0, 0x00, 0x00, 0x00, 0x00, 0x87, 0xe1, 0x00, 0x00, 0x00, 0x00, 0x87, 0xe1, 0x00,
    0x00, 0x00, 0x00, 0x87, 0xe1, 0x00, 0x00, 0x00, 0x00, 0xc7, 0xe1, 0x00, 0x01, 0x00, 0x00, 0xef,
    0xe3, 0x80, 0x03, 0x00, 0x00, 0xfe, 0x7f, 0xe0, 0x03, 0x00, 0x00, 0x7e, 0x7f, 0xf8, 0x00, 0x00,
    0x00, 0x38, 0x3e, 0x3c, 0x00, 0x00, 0x00, 0x00, 0x00, 0x1f, 0x00, 0x00, 0x00, 0x00, 0x80, 0x07,
    0x00, 0x00, 0x00, 0x00, 0xe0, 0x03, 0x00, 0x00, 0x00, 0x00, 0xf0, 0x80, 0x03, 0x00, 0x00, 0x00,
    0x7c, 0xc0, 0x03, 0x00, 0x00, 0x00, 0x1e, 0xe0, 0x03, 0x00, 0x00, 0x80, 0x07, 0xf8, 0x03, 0x00,
    0x00, 0xe0, 0x03, 0xbc, 0x03, 0x00, 0x00, 0xf0, 0x00, 0x9e, 0x03, 0x00, 0x00, 0x78, 0x80, 0x87,
    0x03, 0x00, 0x00, 0x10, 0xc0, 0xff, 0x1f, 0x00, 0x00, 0x00, 0xc0, 0xff, 0x1f, 0x00, 0x00, 0x00,
    0xc0, 0xff, 0x1f, 0x00, 0x00, 0x00, 0xc0, 0xff, 0x1f, 0x00, 0x00, 0x00, 0x00, 0x80, 0x03, 0x00,
    0x00, 0x00, 0x00, 0x80, 0x03, 0x00, 0x00, 0x00, 0x00, 0x00, 0x00, 0x00, 0x00, 0x00, 0x00, 0x00,
    0x00, 0x00, 0x00, 0x00, 0x00, 0x00, 0x78, 0x00, 0x00, 0x00, 0x00, 0x00, 0xfe, 0x03, 0x00, 0x00,
    0x00, 0x80, 0xff, 0x07, 0x00, 0x00, 0x00, 0xc0, 0xff, 0x0f, 0x00, 0x00, 0x00, 0xe0, 0x07, 0x0f,
    0x00, 0x00, 0x00, 0xf0, 0x01, 0x1e, 0x00, 0x00, 0x03, 0xfc, 0x00, 0x1c, 0x00, 0x80, 0x87, 0x7f,
    0x00, 0x1c, 0x00, 0x80, 0x87, 0x1f, 0x00, 0x1c, 0x00, 0x80, 0x87, 0x0f, 0x00, 0x1c, 0x00, 0x00,
    0x03, 0x00, 0x00, 0x1e, 0x00, 0x00, 0x00, 0x00, 0x00, 0x1e, 0x00, 0x00, 0x00, 0x00, 0x80, 0x0f,
    0x00, 0x00, 0x00, 0x00, 0xc0, 0x0f, 0x00, 0x00, 0x00, 0x00, 0xc0, 0x07, 0x00, 0x00, 0x00, 0x00,
    0xc0, 0x01, 0x00, 0x00, 0x00, 0x00, 0x00, 0x00, 0x00, 0x00, 0x00, 0x00, 0x00, 0x00, 0x00, 0x00,
    0x00, 0x00, 0x18, 0x00, 0x00, 0x00, 0x00, 0x00, 0x1f, 0x00, 0x00, 0x00, 0x00, 0xe0, 0x1f, 0x00,
    0x00, 0x00, 0x00, 0xf8, 0x1f, 0x00, 0x00, 0x00, 0x00, 0xff, 0x03, 0x00, 0x00, 0x00, 0xc0, 0x7f,
    0x00, 0x00, 0x00, 0x00, 0xf8, 0x3f, 0x00, 0x00, 0x06, 0x00, 0xff, 0x3b, 0x00, 0x00, 0x0e, 0xc0,
    0x7f, 0x38, 0x00, 0x00, 0x1e, 0xf8, 0x1f, 0x38, 0x00, 0x00, 0x3e, 0xfe, 0x03, 0x38, 0x00, 0x00,
    0x78, 0x7e, 0x00, 0x38, 0x00, 0x00, 0x70, 0x7e, 0x00, 0x38, 0x00, 0x00, 0x40, 0xfe, 0x03, 0x38,
    0x00, 0x00, 0x00, 0xf8, 0x0f, 0x38, 0x00, 0x00, 0x00, 0xc0, 0x7f, 0x38, 0x00, 0x00, 0x00, 0x00,
    0xff, 0x3b, 0x00, 0x00, 0x00, 0x00, 0xf8, 0x3f, 0x00, 0x00, 0x00, 0x00, 0xe0, 0x7f, 0x00, 0x00,
    0x00, 0x00, 0x00, 0xff, 0x03, 0x00, 0x00, 0x00, 0x00, 0xfc, 0x0f, 0x00, 0x00, 0x00, 0x00, 0xe0,
    0x1f, 0x00, 0x00, 0x00, 0x00, 0x00, 0x1f, 0x00, 0x00, 0x00, 0x00, 0x00, 0x1c, 0x00, 0x00, 0x00,
    0x00, 0x00, 0x00, 0x00, 0x00, 0x00, 0x00, 0x00, 0x00, 0x00, 0x00, 0x00, 0x00, 0x00, 0x18, 0x00,
    0x00, 0x00, 0x00, 0x00, 0x1f, 0x00, 0x00, 0x00, 0x00, 0xe0, 0x1f, 0x00, 0x00, 0x00, 0x00, 0xf8,
    0x1f, 0x00, 0x00, 0x00, 0x00, 0xff, 0x03, 0x00, 0x00, 0x00, 0xc0, 0x7f, 0x00, 0x00, 0x00, 0x00,
    0xf8, 0x3f, 0x00, 0x00, 0x00, 0x00, 0xff, 0x3b, 0x00, 0x00, 0x00, 0xc0, 0x7f, 0x38, 0x00, 0x00,
    0x00, 0xf8, 0x1f, 0x38, 0x00, 0x00, 0x00, 0xfe, 0x03, 0x38, 0x00, 0x00, 0x60, 0x7e, 0x00, 0x38,
    0x00, 0x00, 0x70, 0x7e, 0x00, 0x38, 0x00, 0x00, 0x7c, 0xfe, 0x03, 0x38, 0x00, 0x00, 0x3e, 0xf8,
    0x0f, 0x38, 0x00, 0x00, 0x1e, 0xc0, 0x7f, 0x38, 0x00, 0x00, 0x06, 0x00, 0xff, 0x3b, 0x00, 0x00,
    0x02, 0x00, 0xf8, 0x3f, 0x00, 0x00, 0x00, 0x00, 0xe0, 0x7f, 0x00, 0x00, 0x00, 0x00, 0x00, 0xff,
    0x03, 0x00, 0x00, 0x00, 0x00, 0xfc, 0x0f, 0x00, 0x00, 0x00, 0x00, 0xe0, 0x1f, 0x00, 0x00, 0x00,
    0x00, 0x00, 0x1f, 0x00, 0x00, 0x00, 0x00, 0x00, 0x1c, 0x00, 0x00, 0x00, 0x00, 0x00, 0x00, 0x00,
    0x00, 0x00, 0x00, 0x00, 0x00, 0x00, 0x00, 0x00, 0x00, 0x00, 0x18, 0x00, 0x00, 0x00, 0x00, 0x00,
    0x1f, 0x00, 0x00, 0x00, 0x00, 0xe0, 0x1f, 0x00, 0x00, 0x00, 0x00, 0xf8, 0x1f, 0x00, 0x00, 0x00,
    0x00, 0xff, 0x03, 0x00, 0x00, 0x00, 0xc0, 0x7f, 0x00, 0x00, 0x00, 0x00, 0xf8, 0x3f, 0x00, 0x00,
    0x60, 0x00, 0xff, 0x3b, 0x00, 0x00, 0x70, 0xc0, 0x7f, 0x38, 0x00, 0x00, 0x78, 0xf8, 0x1f, 0x38,
    0x00, 0x00, 0x3c, 0xfe, 0x03, 0x38, 0x00, 0x00, 0x0e, 0x7e, 0x00, 0x38, 0x00, 0x00, 0x0e, 0x7e,
    0x00, 0x38, 0x00, 0x00, 0x1e, 0xfe, 0x03, 0x38, 0x00, 0x00, 0x3c, 0xf8, 0x0f, 0x38, 0x00, 0x00,
    0x70, 0xc0, 0x7f, 0x38, 0x00, 0x00, 0x60, 0x00, 0xff, 0x3b, 0x00, 0x00, 0x40, 0x00, 0xf8, 0x3f,
    0x00, 0x00, 0x00, 0x00, 0xe0, 0x7f, 0x00, 0x00, 0x00, 0x00, 0x00, 0xff, 0x03, 0x00, 0x00, 0x00,
    0x00, 0xfc, 0x0f, 0x00, 0x00, 0x00, 0x00, 0xe0, 0x1f, 0x00, 0x00, 0x00, 0x00, 0x00, 0x1f, 0x00,
    0x00, 0x00, 0x00, 0x00, 0x1c, 0x00, 0x00, 0x00, 0x00, 0x00, 0x00, 0x00, 0x00, 0x00, 0x00, 0x00,
    0x00, 0x00, 0x00, 0x00, 0x00, 0x00, 0x18, 0x00, 0x00, 0x00, 0x00, 0x00, 0x1f, 0x00, 0x00, 0x00,
    0x00, 0xe0, 0x1f, 0x00, 0x00, 0x00, 0x00, 0xf8, 0x1f, 0x00, 0x00, 0x00, 0x00, 0xff, 0x03, 0x00,
    0x40, 0x00, 0xc0, 0x7f, 0x00, 0x00, 0x70, 0x00, 0xf8, 0x3f, 0x00, 0x00, 0x78, 0x00, 0xff, 0x3b,
    0x00, 0x00, 0x1c, 0xc0, 0x7f, 0x38, 0x00, 0x00, 0x1c, 0xf8, 0x1f, 0x38, 0x00, 0x00, 0x1c, 0xfe,
    0x03, 0x38, 0x00, 0x00, 0x18, 0x7e, 0x00, 0x38, 0x00, 0x00, 0x38, 0x7e, 0x00, 0x38, 0x00, 0x00,
    0x70, 0xfe, 0x03, 0x38, 0x00, 0x00, 0x70, 0xf8, 0x0f, 0x38, 0x00, 0x00, 0x70, 0xc0, 0x7f, 0x38,
    0x00, 0x00, 0x78, 0x00, 0xff, 0x3b, 0x00, 0x00, 0x3c, 0x00, 0xf8, 0x3f, 0x00, 0x00, 0x1c, 0x00,
    0xe0, 0x7f, 0x00, 0x00, 0x00, 0x00, 0x00, 0xff, 0x03, 0x00, 0x00, 0x00, 0x00, 0xfc, 0x0f, 0x00,
    0x00, 0x00, 0x00, 0xe0, 0x1f, 0x00, 0x00, 0x00, 0x00, 0x00, 0x1f, 0x00, 0x00, 0x00, 0x00, 0x00,
    0x1c, 0x00, 0x00, 0x00, 0x00, 0x00, 0x00, 0x00, 0x00, 0x00, 0x00, 0x00, 0x00, 0x00, 0x00, 0x00,
    0x00, 0x00, 0x18, 0x00, 0x00, 0x00, 0x00, 0x00, 0x1f, 0x00, 0x00, 0x00, 0x00, 0xe0, 0x1f, 0x00,
    0x00, 0x00, 0x00, 0xf8, 0x1f, 0x00, 0x00, 0x00, 0x00, 0xff, 0x03, 0x00, 0x00, 0x00, 0xc0, 0x7f,
    0x00, 0x00, 0x38, 0x00, 0xf8, 0x3f, 0x00, 0x00, 0x78, 0x00, 0xff, 0x3b, 0x00, 0x00, 0x78, 0xc0,
    0x7f, 0x38, 0x00, 0x00, 0x78, 0xf8, 0x1f, 0x38, 0x00, 0x00, 0x00, 0xfe, 0x03, 0x38, 0x00, 0x00,
    0x00, 0x7e, 0x00, 0x38, 0x00, 0x00, 0x00, 0x7e, 0x00, 0x38, 0x00, 0x00, 0x00, 0xfe, 0x03, 0x38,
    0x00, 0x00, 0x30, 0xf8, 0x0f, 0x38, 0x00, 0x00, 0x78, 0xc0, 0x7f, 0x38, 0x00, 0x00, 0x78, 0x00,
    0xff, 0x3b, 0x00, 0x00, 0x78, 0x00, 0xf8, 0x3f, 0x00, 0x00, 0x30, 0x00, 0xe0, 0x7f, 0x00, 0x00,
    0x00, 0x00, 0x00, 0xff, 0x03, 0x00, 0x00, 0x00, 0x00, 0xfc, 0x0f, 0x00, 0x00, 0x00, 0x00, 0xe0,
    0x1f, 0x00, 0x00, 0x00, 0x00, 0x00, 0x1f, 0x00, 0x00, 0x00, 0x00, 0x00, 0x1c, 0x00, 0x00, 0x00,
    0x00, 0x00, 0x00, 0x00, 0x00, 0x00, 0x00, 0x00, 0x00, 0x00, 0x00, 0x00, 0x00, 0x00, 0x18, 0x00,
    0x00, 0x00, 0x00, 0x00, 0x1f, 0x00, 0x00, 0x00, 0x00, 0xe0, 0x1f, 0x00, 0x00, 0x00, 0x00, 0xf8,
    0x1f, 0x00, 0x00, 0x00, 0x00, 0xff, 0x03, 0x00, 0x00, 0x00, 0xc0, 0x7f, 0x00, 0x00, 0x00, 0x00,
    0xf8, 0x3f, 0x00, 0x00, 0x00, 0x00, 0xff, 0x3b, 0x00, 0x00, 0x18, 0xc0, 0x7f, 0x38, 0x00, 0x00,
    0x7e, 0xf8, 0x1f, 0x38, 0x00, 0x00, 0xe7, 0xfe, 0x03, 0x38, 0x00, 0x00, 0xc3, 0x7e, 0x00, 0x38,
    0x00, 0x00, 0xc3, 0x7e, 0x00, 0x38, 0x00, 0x00, 0xc3, 0xfe, 0x03, 0x38, 0x00, 0x00, 0xe7, 0xf8,
    0x0f, 0x38, 0x00, 0x00, 0x7e, 0xc0, 0x7f, 0x38, 0x00, 0x00, 0x38, 0x00, 0xff, 0x3b, 0x00, 0x00,
    0x00, 0x00, 0xf8, 0x3f, 0x00, 0x00, 0x00, 0x00, 0xe0, 0x7f, 0x00, 0x00, 0x00, 0x00, 0x00, 0xff,
    0x03, 0x00, 0x00, 0x00, 0x00, 0xfc, 0x0f, 0x00, 0x00, 0x00, 0x00, 0xe0, 0x1f, 0x00, 0x00, 0x00,
    0x00, 0x00, 0x1f, 0x00, 0x00, 0x00, 0x00, 0x00, 0x1c, 0x00, 0x00, 0x00, 0x00, 0x00, 0x00, 0x00,
    0x00, 0x00, 0x00, 0x00, 0x10, 0x00, 0x00, 0x00, 0x00, 0x00, 0x1c, 0x00, 0x00, 0x00, 0x00, 0x00,
    0x1f, 0x00, 0x00, 0x00, 0x00, 0x80, 0x1f, 0x00, 0x00, 0x00, 0x00, 0xe0, 0x0f, 0x00, 0x00, 0x00,
    0x00, 0xf0, 0x07, 0x00, 0x00, 0x00, 0x00, 0xfc, 0x01, 0x00, 0x00, 0x00, 0x00, 0x7f, 0x00, 0x00,
    0x00, 0x00, 0x80, 0x3f, 0x00, 0x00, 0x00, 0x00, 0xe0, 0x3f, 0x00, 0x00, 0x00, 0x00, 0xf8, 0x3b,
    0x00, 0x00, 0x00, 0x00, 0xfc, 0x39, 0x00, 0x00, 0x00, 0x00, 0x7f, 0x38, 0x00, 0x00, 0x00, 0x80,
    0x1f, 0x38, 0x00, 0x00, 0x00, 0xe0, 0x07, 0x38, 0x00, 0x00, 0x00, 0xf8, 0x03, 0x38, 0x00, 0x00,
    0x00, 0xfc, 0x00, 0x38, 0x00, 0x00, 0x00, 0x3e, 0x00, 0x38, 0x00, 0x00, 0x00, 0x7e, 0x00, 0x38,
    0x00, 0x00, 0x00, 0xfe, 0xff, 0xff, 0x1f, 0x00, 0x00, 0xfe, 0xff, 0xff, 0x1f, 0x00, 0x00, 0xfe,
    0xff, 0xff, 0x1f, 0x00, 0x00, 0x0e, 0xe0, 0xff, 0x1f, 0x00, 0x00, 0x0e, 0xe0, 0x00, 0x1c, 0x00,
    0x00, 0x0e, 0xe0, 0x00, 0x1c, 0x00, 0x00, 0x0e, 0xe0, 0x00, 0x1c, 0x00, 0x00, 0x0e, 0xe0, 0x00,
    0x1c, 0x00, 0x00, 0x0e, 0xe0, 0x00, 0x1c, 0x00, 0x00, 0x0e, 0xe0, 0x00, 0x1c, 0x00, 0x00, 0x0e,
    0xe0, 0x00, 0x1c, 0x00, 0x00, 0x0e, 0xe0, 0x00, 0x1c, 0x00, 0x00, 0x0e, 0xe0, 0x00, 0x1c, 0x00,
    0x00, 0x0e, 0xe0, 0x00, 0x1c, 0x00, 0x00, 0x0e, 0xe0, 0x00, 0x1c, 0x00, 0x00, 0x0e, 0x00, 0x00,
    0x1c, 0x00, 0x00, 0x0e, 0x00, 0x00, 0x1c, 0x00, 0x00, 0x00, 0x00, 0x00, 0x1c, 0x00, 0x00, 0x00,
    0x00, 0x00, 0x00, 0x00, 0x00, 0x00, 0x00, 0x00, 0x00, 0x00, 0x00, 0x00, 0x00, 0x00, 0x00, 0x00,
    0x00, 0x00, 0xf8, 0x07, 0x00, 0x00, 0x00, 0x80, 0xff, 0x7f, 0x00, 0x00, 0x00, 0xc0, 0xff, 0xff,
    0x00, 0x00, 0x00, 0xf0, 0xff, 0xff, 0x03, 0x00, 0x00, 0xf8, 0x03, 0xf0, 0x07, 0x00, 0x00, 0x78,
    0x00, 0x80, 0x07, 0x00, 0x00, 0x3c, 0x00, 0x00, 0x0f, 0x00, 0x00, 0x1c, 0x00, 0x00, 0x0e, 0x00,
    0x00, 0x1e, 0x00, 0x00, 0x1e, 0x00, 0x00, 0x0e, 0x00, 0x00, 0x9c, 0x30, 0x00, 0x0e, 0x00, 0x00,
    0xfc, 0x30, 0x00, 0x0e, 0x00, 0x00, 0xfc, 0x38, 0x00, 0x0e, 0x00, 0x00, 0xdc, 0x3f, 0x00, 0x0e,
    0x00, 0x00, 0xdc, 0x1f, 0x00, 0x1e, 0x00, 0x00, 0x9c, 0x0f, 0x00, 0x1c, 0x00, 0x00, 0x0e, 0x00,
    0x00, 0x3c, 0x00, 0x00, 0x0f, 0x00, 0x00, 0x7c, 0x00, 0x80, 0x0f, 0x00, 0x00, 0xf8, 0x07, 0xf0,
    0x07, 0x00, 0x00, 0xf0, 0x07, 0xf0, 0x03, 0x00, 0x00, 0xe0, 0x07, 0xf0, 0x01, 0x00, 0x00, 0x00,
    0x07, 0x70, 0x00, 0x00, 0x00, 0x00, 0x00, 0x00, 0x00, 0x00, 0x00, 0x00, 0x00, 0x00, 0x00, 0x00,
    0x00, 0x00, 0x00, 0x00, 0x00, 0x00, 0x00, 0x00, 0x00, 0x00, 0x00, 0x00, 0x00, 0xfe, 0xff, 0xff,
    0x1f, 0x00, 0x00, 0xfe, 0xff, 0xff, 0x1f, 0x00, 0x00, 0xfe, 0xff, 0xff, 0x1f, 0x00, 0x00, 0xfe,
    0xff, 0xff, 0x1f, 0x00, 0x06, 0x0e, 0xe0, 0x00, 0x1c, 0x00, 0x0e, 0x0e, 0xe0, 0x00, 0x1c, 0x00,
    0x1e, 0x0e, 0xe0, 0x00, 0x1c, 0x00, 0x3e, 0x0e, 0xe0, 0x00, 0x1c, 0x00, 0x78, 0x0e, 0xe0, 0x00,
    0x1c, 0x00, 0x70, 0x0e, 0xe0, 0x00, 0x1c, 0x00, 0x40, 0x0e, 0xe0, 0x00, 0x1c, 0x00, 0x00, 0x0e,
    0xe0, 0x00, 0x1c, 0x00, 0x00, 0x0e, 0xe0, 0x00, 0x1c, 0x00, 0x00, 0x0e, 0xe0, 0x00, 0x1c, 0x00,
    0x00, 0x0e, 0xe0, 0x00, 0x1c, 0x00, 0x00, 0x0e, 0xe0, 0x00, 0x1c, 0x00, 0x00, 0x0e, 0x00, 0x00,
    0x1c, 0x00, 0x00, 0x0e, 0x00, 0x00, 0x1c, 0x00, 0x00, 0x00, 0x00, 0x00, 0x00, 0x00, 0x00, 0x00,
    0x00, 0x00, 0x00, 0x00, 0x00, 0x00, 0x00, 0x00, 0x00, 0x00, 0x00, 0x00, 0x00, 0x00, 0x00, 0x00,
    0x00, 0xfe, 0xff, 0xff, 0x1f, 0x00, 0x00, 0xfe, 0xff, 0xff, 0x1f, 0x00, 0x00, 0xfe, 0xff, 0xff,
    0x1f, 0x00, 0x00, 0xfe, 0xff, 0xff, 0x1f, 0x00, 0x00, 0x0e, 0xe0, 0x00, 0x1c, 0x00, 0x00, 0x0e,
    0xe0, 0x00, 0x1c, 0x00, 0x00, 0x0e, 0xe0, 0x00, 0x1c, 0x00, 0x00, 0x0e, 0xe0, 0x00, 0x1c, 0x00,
    0x60, 0x0e, 0xe0, 0x00, 0x1c, 0x00, 0x70, 0x0e, 0xe0, 0x00, 0x1c, 0x00, 0x7c, 0x0e, 0xe0, 0x00,
    0x1c, 0x00, 0x3e, 0x0e, 0xe0, 0x00, 0x1c, 0x00, 0x1e, 0x0e, 0xe0, 0x00, 0x1c, 0x00, 0x06, 0x0e,
    0xe0, 0x00, 0x1c, 0x00, 0x02, 0x0e, 0xe0, 0x00, 0x1c, 0x00, 0x00, 0x0e, 0xe0, 0x00, 0x1c, 0x00,
    0x00, 0x0e, 0x00, 0x00, 0x1c, 0x00, 0x00, 0x0e, 0x00, 0x00, 0x1c, 0x00, 0x00, 0x00, 0x00, 0x00,
    0x00, 0x00, 0x00, 0x00, 0x00, 0x00, 0x00, 0x00, 0x00, 0x00, 0x00, 0x00, 0x00, 0x00, 0x00, 0x00,
    0x00, 0x00, 0x00, 0x00, 0x00, 0xfe, 0xff, 0xff, 0x1f, 0x00, 0x00, 0xfe, 0xff, 0xff, 0x1f, 0x00,
    0x00, 0xfe, 0xff, 0xff, 0x1f, 0x00, 0x00, 0xfe, 0xff, 0xff, 0x1f, 0x00, 0x60, 0x0e, 0xe0, 0x00,
    0x1c, 0x00, 0x70, 0x0e, 0xe0, 0x00, 0x1c, 0x00, 0x78, 0x0e, 0xe0, 0x00, 0x1c, 0x00, 0x3c, 0x0e,
    0xe0, 0x00, 0x1c, 0x00, 0x0e, 0x0e, 0xe0, 0x00, 0x1c, 0x00, 0x0e, 0x0e, 0xe0, 0x00, 0x1c, 0x00,
    0x1e, 0x0e, 0xe0, 0x00, 0x1c, 0x00, 0x3c, 0x0e, 0xe0, 0x00, 0x1c, 0x00, 0x70, 0x0e, 0xe0, 0x00,
    0x1c, 0x00, 0x60, 0x0e, 0xe0, 0x00, 0x1c, 0x00, 0x40, 0x0e, 0xe0, 0x00, 0x1c, 0x00, 0x00, 0x0e,
    0xe0, 0x00, 0x1c, 0x00, 0x00, 0x0e, 0x00, 0x00, 0x1c, 0x00, 0x00, 0x0e, 0x00, 0x00, 0x1c, 0x00,
    0x00, 0x00, 0x00, 0x00, 0x00, 0x00, 0x00, 0x00, 0x00, 0x00, 0x00, 0x00, 0x00, 0x00, 0x00, 0x00,
    0x00, 0x00, 0x00, 0x00, 0x00, 0x00, 0x00, 0x00, 0x00, 0xfe, 0xff, 0xff, 0x1f, 0x00, 0x00, 0xfe,
    0xff, 0xff, 0x1f, 0x00, 0x00, 0xfe, 0xff, 0xff, 0x1f, 0x00, 0x1c, 0xfe, 0xff, 0xff, 0x1f, 0x00,
    0x3c, 0x0e, 0xe0, 0x00, 0x1c, 0x00, 0x3c, 0x0e, 0xe0, 0x00, 0x1c, 0x00, 0x3c, 0x0e, 0xe0, 0x00,
    0x1c, 0x00, 0x00, 0x0e, 0xe0, 0x00, 0x1c, 0x00, 0x00, 0x0e, 0xe0, 0x00, 0x1c, 0x00, 0x00, 0x0e,
    0xe0, 0x00, 0x1c, 0x00, 0x00, 0x0e, 0xe0, 0x00, 0x1c, 0x00, 0x18, 0x0e, 0xe0, 0x00, 0x1c, 0x00,
    0x3c, 0x0e, 0xe0, 0x00, 0x1c, 0x00, 0x3c, 0x0e, 0xe0, 0x00, 0x1c, 0x00, 0x3c, 0x0e, 0xe0, 0x00,
    0x1c, 0x00, 0x18, 0x0e, 0xe0, 0x00, 0x1c, 0x00, 0x00, 0x0e, 0x00, 0x00, 0x1c, 0x00, 0x00, 0x0e,
    0x00, 0x00, 0x1c, 0x00, 0x00, 0x00, 0x00, 0x00, 0x00, 0x00, 0x06, 0x00, 0x00, 0x00, 0x00, 0x00,
    0x0e, 0x00, 0x00, 0x00, 0x00, 0x00, 0x1e, 0x00, 0x00, 0x00, 0x00, 0x00, 0x3e, 0x00, 0x00, 0x00,
    0x00, 0x00, 0x78, 0xfe, 0xff, 0xff, 0x1f, 0x00, 0x70, 0xfe, 0xff, 0xff, 0x1f, 0x00, 0x40, 0xfe,
    0xff, 0xff, 0x1f, 0x00, 0x00, 0x00, 0x00, 0x00, 0x00, 0x00, 0x00, 0x00, 0x00, 0x00, 0x00, 0x00,
    0x00, 0x00, 0x00, 0x00, 0x00, 0x00, 0x00, 0x00, 0x00, 0x00, 0x00, 0x00, 0x00, 0x00, 0x00, 0x00,
    0x00, 0x00, 0x60, 0xfe, 0xff, 0xff, 0x1f, 0x00, 0x70, 0xfe, 0xff, 0xff, 0x1f, 0x00, 0x7c, 0xfe,
    0xff, 0xff, 0x1f, 0x00, 0x3e, 0x00, 0x00, 0x00, 0x00, 0x00, 0x1e, 0x00, 0x00, 0x00, 0x00, 0x00,
    0x06, 0x00, 0x00, 0x00, 0x00, 0x00, 0x02, 0x00, 0x00, 0x00, 0x00, 0x00, 0x00, 0x00, 0x00, 0x00,
    0x00, 0x00, 0x60, 0x00, 0x00, 0x00, 0x00, 0x00, 0x70, 0x00, 0x00, 0x00, 0x00, 0x00, 0x78, 0x00,
    0x00, 0x00, 0x00, 0x00, 0x3c, 0x00, 0x00, 0x00, 0x00, 0x00, 0x0e, 0xfe, 0xff, 0xff, 0x1f, 0x00,
    0x0e, 0xfe, 0xff, 0xff, 0x1f, 0x00, 0x1e, 0xfe, 0xff, 0xff, 0x1f, 0x00, 0x3c, 0x00, 0x00, 0x00,
    0x00, 0x00, 0x70, 0x00, 0x00, 0x00, 0x00, 0x00, 0x60, 0x00, 0x00, 0x00, 0x00, 0x00, 0x40, 0x00,
    0x00, 0x00, 0x00, 0x00, 0x1c, 0x00, 0x00, 0x00, 0x00, 0x00, 0x3c, 0x00, 0x00, 0x00, 0x00, 0x00,
    0x3c, 0x00, 0x00, 0x00, 0x00, 0x00, 0x3c, 0x00, 0x00, 0x00, 0x00, 0x00, 0x00, 0x00, 0x00, 0x00,
    0x00, 0x00, 0x00, 0xfe, 0xff, 0xff, 0x1f, 0x00, 0x00, 0xfe, 0xff, 0xff, 0x1f, 0x00, 0x00, 0xfe,
    0xff, 0xff, 0x1f, 0x00, 0x18, 0x00, 0x00, 0x00, 0x00, 0x00, 0x3c, 0x00, 0x00, 0x00, 0x00, 0x00,
    0x3c, 0x00, 0x00, 0x00, 0x00, 0x00, 0x3c, 0x00, 0x00, 0x00, 0x00, 0x00, 0x18, 0x00, 0x00, 0x00,
    0x00, 0x00, 0x00, 0x00, 0x00, 0x00, 0x00, 0x00, 0x00, 0x00, 0x00, 0x00, 0x00, 0x00, 0x00, 0x00,
    0xe0, 0x00, 0x00, 0x00, 0x00, 0x00, 0xe0, 0x00, 0x00, 0x00, 0x00, 0x00, 0xe0, 0x00, 0x00, 0x00,
    0x00, 0xfe, 0xff, 0xff, 0x1f, 0x00, 0x00, 0xfe, 0xff, 0xff, 0x1f, 0x00, 0x00, 0xfe, 0xff, 0xff,
    0x1f, 0x00, 0x00, 0xfe, 0xff, 0xff, 0x1f, 0x00, 0x00, 0x0e, 0xe0, 0x00, 0x1c, 0x00, 0x00, 0x0e,
    0xe0, 0x00, 0x1c, 0x00, 0x00, 0x0e, 0xe0, 0x00, 0x1c, 0x00, 0x00, 0x0e, 0xe0, 0x00, 0x1c, 0x00,
    0x00, 0x0e, 0xe0, 0x00, 0x1c, 0x00, 0x00, 0x0e, 0x00, 0x00, 0x1c, 0x00, 0x00, 0x0e, 0x00, 0x00,
    0x1c, 0x00, 0x00, 0x1e, 0x00, 0x00, 0x1e, 0x00, 0x00, 0x1c, 0x00, 0x00, 0x0e, 0x00, 0x00, 0x3c,
    0x00, 0x00, 0x0f, 0x00, 0x00, 0x78, 0x00, 0x80, 0x07, 0x00, 0x00, 0xf8, 0x00, 0xc0, 0x07, 0x00,
    0x00, 0xf0, 0x07, 0xf8, 0x03, 0x00, 0x00, 0xe0, 0xff, 0xff, 0x01, 0x00, 0x00, 0xc0, 0xff, 0xff,
    0x00, 0x00, 0x00, 0x00, 0xfe, 0x1f, 0x00, 0x00, 0x00, 0x00, 0x00, 0x00, 0x00, 0x00, 0x00, 0x00,
    0x00, 0x00, 0x00, 0x00, 0x00, 0x00, 0x00, 0x00, 0x00, 0x00, 0x00, 0x00, 0x00, 0x00, 0x00, 0x00,
    0x00, 0xfe, 0xff, 0xff, 0x1f, 0x00, 0x00, 0xfe, 0xff, 0xff, 0x1f, 0x00, 0x00, 0xfe, 0xff, 0xff,
    0x1f, 0x00, 0x00, 0xfe, 0xff, 0xff, 0x1f, 0x00, 0x40, 0xfc, 0x00, 0x00, 0x00, 0x00, 0x70, 0xf8,
    0x03, 0x00, 0x00, 0x00, 0x78, 0xe0, 0x07, 0x00, 0x00, 0x00, 0x1c, 0xc0, 0x1f, 0x00, 0x00, 0x00,
    0x1c, 0x00, 0x3f, 0x00, 0x00, 0x00, 0x1c, 0x00, 0xfe, 0x00, 0x00, 0x00, 0x18, 0x00, 0xf8, 0x01,
    0x00, 0x00, 0x38, 0x00, 0xf0, 0x07, 0x00, 0x00, 0x70, 0x00, 0xc0, 0x0f, 0x00, 0x00, 0x70, 0x00,
    0x80, 0x3f, 0x00, 0x00, 0x70, 0x00, 0x00, 0x7e, 0x00, 0x00, 0x78, 0x00, 0x00, 0xfc, 0x01, 0x00,
    0x3c, 0x00, 0x00, 0xf0, 0x03, 0x00, 0x1c, 0x00, 0x00, 0xe0, 0x0f, 0x00, 0x00, 0xfe, 0xff, 0xff,
    0x1f, 0x00, 0x00, 0xfe, 0xff, 0xff, 0x1f, 0x00, 0x00, 0xfe, 0xff, 0xff, 0x1f, 0x00, 0x00, 0xfe,
    0xff, 0xff, 0x1f, 0x00, 0x00, 0x00, 0x00, 0x00, 0x00, 0x00, 0x00, 0x00, 0x00, 0x00, 0x00, 0x00,
    0x00, 0x00, 0x00, 0x00, 0x00, 0x00, 0x00, 0x00, 0xf8, 0x07, 0x00, 0x00, 0x00, 0x00, 0xff, 0x3f,
    0x00, 0x00, 0x00, 0xc0, 0xff, 0xff, 0x00, 0x00, 0x00, 0xe0, 0xff, 0xff, 0x01, 0x00, 0x00, 0xf0,
    0x03, 0xf0, 0x03, 0x00, 0x00, 0xf8, 0x00, 0xc0, 0x07, 0x00, 0x00, 0x3c, 0x00, 0x00, 0x0f, 0x00,
    0x06, 0x3c, 0x00, 0x00, 0x0f, 0x00, 0x0e, 0x1e, 0x00, 0x00, 0x1e, 0x00, 0x1e, 0x0e, 0x00, 0x00,
    0x1e, 0x00, 0x3e, 0x0e, 0x00, 0x00, 0x1c, 0x00, 0x78, 0x0e, 0x00, 0x00, 0x1c, 0x00, 0x70, 0x0e,
    0x00, 0x00, 0x1c, 0x00, 0x40, 0x0e, 0x00, 0x00, 0x1c, 0x00, 0x00, 0x1e, 0x00, 0x00, 0x1e, 0x00,
    0x00, 0x1c, 0x00, 0x00, 0x1e, 0x00, 0x00, 0x3c, 0x00, 0x00, 0x0f, 0x00, 0x00, 0x7c, 0x00, 0x80,
    0x0f, 0x00, 0x00, 0xf8, 0x01, 0xe0, 0x07, 0x00, 0x00, 0xf0, 0xff, 0xff, 0x03, 0x00, 0x00, 0xe0,
    0xff, 0xff, 0x01, 0x00, 0x00, 0x80, 0xff, 0xff, 0x00, 0x00, 0x00, 0x00, 0xfe, 0x1f, 0x00, 0x00,
    0x00, 0x00, 0x00, 0x00, 0x00, 0x00, 0x00, 0x00, 0x00, 0x00, 0x00, 0x00, 0x00, 0x00, 0x00, 0x00,
    0x00, 0x00, 0x00, 0x00, 0xf8, 0x07, 0x00, 0x00, 0x00, 0x00, 0xff, 0x3f, 0x00, 0x00, 0x00, 0xc0,
    0xff, 0xff, 0x00, 0x00, 0x00, 0xe0, 0xff, 0xff, 0x01, 0x00, 0x00, 0xf0, 0x03, 0xf0, 0x03, 0x00,
    0x00, 0xf8, 0x00, 0xc0, 0x07, 0x00, 0x00, 0x3c, 0x00, 0x00, 0x0f, 0x00, 0x00, 0x3c, 0x00, 0x00,
    0x0f, 0x00, 0x00, 0x1e, 0x00, 0x00, 0x1e, 0x00, 0x00, 0x0e, 0x00, 0x00, 0x1e, 0x00, 0x60, 0x0e,
    0x00, 0x00, 0x1c, 0x00, 0x70, 0x0e, 0x00, 0x00, 0x1c, 0x00, 0x7c, 0x0e, 0x00, 0x00, 0x1c, 0x00,
    0x3e, 0x0e, 0x00, 0x00, 0x1c, 0x00, 0x1e, 0x1e, 0x00, 0x00, 0x1e, 0x00, 0x06, 0x1c, 0x00, 0x00,
    0x1e, 0x00, 0x02, 0x3c, 0x00, 0x00, 0x0f, 0x00, 0x00, 0x7c, 0x00, 0x80, 0x0f, 0x00, 0x00, 0xf8,
    0x01, 0xe0, 0x07, 0x00, 0x00, 0xf0, 0xff, 0xff, 0x03, 0x00, 0x00, 0xe0, 0xff, 0xff, 0x01, 0x00,
    0x00, 0x80, 0xff, 0xff, 0x00, 0x00, 0x00, 0x00, 0xfe, 0x1f, 0x00, 0x00, 0x00, 0x00, 0x00, 0x00,
    0x00, 0x00, 0x00, 0x00, 0x00, 0x00, 0x00, 0x00, 0x00, 0x00, 0x00, 0x00, 0x00, 0x00, 0x00, 0x00,
    0xf8, 0x07, 0x00, 0x00, 0x00, 0x00, 0xff, 0x3f, 0x00, 0x00, 0x00, 0xc0, 0xff, 0xff, 0x00, 0x00,
    0x00, 0xe0, 0xff, 0xff, 0x01, 0x00, 0x00, 0xf0, 0x03, 0xf0, 0x03, 0x00, 0x00, 0xf8, 0x00, 0xc0,
    0x07, 0x00, 0x00, 0x3c, 0x00, 0x00, 0x0f, 0x00, 0x60, 0x3c, 0x00, 0x00, 0x0f, 0x00, 0x70, 0x1e,
    0x00, 0x00, 0x1e, 0x00, 0x78, 0x0e, 0x00, 0x00, 0x1e, 0x00, 0x3c, 0x0e, 0x00, 0x00, 0x1c, 0x00,
    0x0e, 0x0e, 0x00, 0x00, 0x1c, 0x00, 0x0e, 0x0e, 0x00, 0x00, 0x1c, 0x00, 0x1e, 0x0e, 0x00, 0x00,
    0x1c, 0x00, 0x3c, 0x1e, 0x00, 0x00, 0x1e, 0x00, 0x70, 0x1c, 0x00, 0x00, 0x1e, 0x00, 0x60, 0x3c,
    0x00, 0x00, 0x0f, 0x00, 0x40, 0x7c, 0x00, 0x80, 0x0f, 0x00, 0x00, 0xf8, 0x01, 0xe0, 0x07, 0x00,
    0x00, 0xf0, 0xff, 0xff, 0x03, 0x00, 0x00, 0xe0, 0xff, 0xff, 0x01, 0x00, 0x00, 0x80, 0xff, 0xff,
    0x00, 0x00, 0x00, 0x00, 0xfe, 0x1f, 0x00, 0x00, 0x00, 0x00, 0x00, 0x00, 0x00, 0x00, 0x00, 0x00,
    0x00, 0x00, 0x00, 0x00, 0x00, 0x00, 0x00, 0x00, 0x00, 0x00, 0x00, 0x00, 0xf8, 0x07, 0x00, 0x00,
    0x00, 0x00, 0xff, 0x3f, 0x00, 0x00, 0x00, 0xc0, 0xff, 0xff, 0x00, 0x00, 0x00, 0xe0, 0xff, 0xff,
    0x01, 0x00, 0x00, 0xf0, 0x03, 0xf0, 0x03, 0x00, 0x40, 0xf8, 0x00, 0xc0, 0x07, 0x00, 0x70, 0x3c,
    0x00, 0x00, 0x0f, 0x00, 0x78, 0x3c, 0x00, 0x00, 0x0f, 0x00, 0x1c, 0x1e, 0x00, 0x00, 0x1e, 0x00,
    0x1c, 0x0e, 0x00, 0x00, 0x1e, 0x00, 0x1c, 0x0e, 0x00, 0x00, 0x1c, 0x00, 0x18, 0x0e, 0x00, 0x00,
    0x1c, 0x00, 0x38, 0x0e, 0x00, 0x00, 0x1c, 0x00, 0x70, 0x0e, 0x00, 0x00, 0x1c, 0x00, 0x70, 0x1e,
    0x00, 0x00, 0x1e, 0x00, 0x70, 0x1c, 0x00, 0x00, 0x1e, 0x00, 0x78, 0x3c, 0x00, 0x00, 0x0f, 0x00,
    0x3c, 0x7c, 0x00, 0x80, 0x0f, 0x00, 0x1c, 0xf8, 0x01, 0xe0, 0x07, 0x00, 0x00, 0xf0, 0xff, 0xff,
    0x03, 0x00, 0x00, 0xe0, 0xff, 0xff, 0x01, 0x00, 0x00, 0x80, 0xff, 0xff, 0x00, 0x00, 0x00, 0x00,
    0xfe, 0x1f, 0x00, 0x00, 0x00, 0x00, 0x00, 0x00, 0x00, 0x00, 0x00, 0x00, 0x00, 0x00, 0x00, 0x00,
    0x00, 0x00, 0x00, 0x00, 0x00, 0x00, 0x00, 0x00, 0xf8, 0x07, 0x00, 0x00, 0x00, 0x00, 0xff, 0x3f,
    0x00, 0x00, 0x00, 0xc0, 0xff, 0xff, 0x00, 0x00, 0x00, 0xe0, 0xff, 0xff, 0x01, 0x00, 0x00, 0xf0,
    0x03, 0xf0, 0x03, 0x00, 0x00, 0xf8, 0x00, 0xc0, 0x07, 0x00, 0x38, 0x3c, 0x00, 0x00, 0x0f, 0x00,
    0x78, 0x3c, 0x00, 0x00, 0x0f, 0x00, 0x78, 0x1e, 0x00, 0x00, 0x1e, 0x00, 0x78, 0x0e, 0x00, 0x00,
    0x1e, 0x00, 0x00, 0x0e, 0x00, 0x00, 0x1c, 0x00, 0x00, 0x0e, 0x00, 0x00, 0x1c, 0x00, 0x00, 0x0e,
    0x00, 0x00, 0x1c, 0x00, 0x00, 0x0e, 0x00, 0x00, 0x1c, 0x00, 0x30, 0x1e, 0x00, 0x00, 0x1e, 0x00,
    0x78, 0x1c, 0x00, 0x00, 0x1e, 0x00, 0x78, 0x3c, 0x00, 0x00, 0x0f, 0x00, 0x78, 0x7c, 0x00, 0x80,
    0x0f, 0x00, 0x30, 0xf8, 0x01, 0xe0, 0x07, 0x00, 0x00, 0xf0, 0xff, 0xff, 0x03, 0x00, 0x00, 0xe0,
    0xff, 0xff, 0x01, 0x00, 0x00, 0x80, 0xff, 0xff, 0x00, 0x00, 0x00, 0x00, 0xfe, 0x1f, 0x00, 0x00,
    0x00, 0x00, 0x00, 0x00, 0x00, 0x00, 0x00, 0x00, 0x00, 0x00, 0x00, 0x00, 0x00, 0x00, 0x00, 0x00,
    0x00, 0x00, 0x00, 0x00, 0x02, 0x40, 0x00, 0x00, 0x00, 0x00, 0x07, 0xe0, 0x00, 0x00, 0x00, 0x80,
    0x0f, 0xf0, 0x01, 0x00, 0x00, 0x00, 0x1f, 0xf8, 0x00, 0x00, 0x00, 0x00, 0x3e, 0x7c, 0x00, 0x00,
    0x00, 0x00, 0x7c, 0x3e, 0x00, 0x00, 0x00, 0x00, 0xf8, 0x0f, 0x00, 0x00, 0x00, 0x00, 0xf0, 0x07,
    0x00, 0x00, 0x00, 0x00, 0xc0, 0x03, 0x00, 0x00, 0x00, 0x00, 0xe0, 0x07, 0x00, 0x00, 0x00, 0x00,
    0xf0, 0x0f, 0x00, 0x00, 0x00, 0x00, 0x78, 0x1e, 0x00, 0x00, 0x00, 0x00, 0x3e, 0x3c, 0x00, 0x00,
    0x00, 0x00, 0x1f, 0x78, 0x00, 0x00, 0x00, 0x80, 0x0f, 0xf0, 0x00, 0x00, 0x00, 0x00, 0x07, 0xe0,
    0x01, 0x00, 0x00, 0x00, 0x02, 0x40, 0x00, 0x00, 0x00, 0x00, 0x00, 0x00, 0x00, 0x00, 0x00, 0x00,
    0x00, 0x00, 0x00, 0x00, 0x00, 0x00, 0x00, 0x00, 0x00, 0x00, 0x00, 0x00, 0xf8, 0x07, 0x00, 0x00,
    0x00, 0x00, 0xff, 0x3f, 0x00, 0x00, 0x00, 0xc0, 0xff, 0xff, 0x30, 0x00, 0x00, 0xe0, 0xff, 0xff,
    0x39, 0x00, 0x00, 0xf0, 0x03, 0xf0, 0x3f, 0x00, 0x00, 0xf8, 0x00, 0xc0, 0x0f, 0x00, 0x00, 0x3c,
    0x00, 0xc0, 0x0f, 0x00, 0x00, 0x3c, 0x00, 0xe0, 0x0f, 0x00, 0x00, 0x1e, 0x00, 0x78, 0x1e, 0x00,
    0x00, 0x0e, 0x00, 0x3c, 0x1e, 0x00, 0x00, 0x0e, 0x00, 0x0f, 0x1c, 0x00, 0x00, 0x0e, 0x80, 0x07,
    0x1c, 0x00, 0x00, 0x0e, 0xe0, 0x01, 0x1c, 0x00, 0x00, 0x0e, 0xf8, 0x00, 0x1c, 0x00, 0x00, 0x1e,
    0x3c, 0x00, 0x1e, 0x00, 0x00, 0x1c, 0x1f, 0x00, 0x1e, 0x00, 0x00, 0xbc, 0x07, 0x00, 0x0f, 0x00,
    0x00, 0xfc, 0x03, 0x80, 0x0f, 0x00, 0x00, 0xf8, 0x01, 0xe0, 0x07, 0x00, 0x00, 0xfc, 0xff, 0xff,
    0x03, 0x00, 0x00, 0xfe, 0xff, 0xff, 0x01, 0x00, 0x00, 0x87, 0xff, 0xff, 0x00, 0x00, 0x00, 0x03,
    0xfe, 0x1f, 0x00, 0x00, 0x00, 0x00, 0x00, 0x00, 0x00, 0x00, 0x00, 0x00, 0x00, 0x00, 0x00, 0x00,
    0x00, 0x00, 0x00, 0x00, 0x00, 0x00, 0x00, 0x00, 0x00, 0x00, 0x00, 0x00, 0x00, 0xfe, 0xff, 0xff,
    0x00, 0x00, 0x00, 0xfe, 0xff, 0xff, 0x01, 0x00, 0x00, 0xfe, 0xff, 0xff, 0x07, 0x00, 0x00, 0x00,
    0x00, 0xf0, 0x07, 0x00, 0x00, 0x00, 0x00, 0x00, 0x0f, 0x00, 0x06, 0x00, 0x00, 0x00, 0x0e, 0x00,
    0x0e, 0x00, 0x00, 0x00, 0x1e, 0x00, 0x1e, 0x00, 0x00, 0x00, 0x1c, 0x00, 0x3e, 0x00, 0x00, 0x00,
    0x1c, 0x00, 0x78, 0x00, 0x00, 0x00, 0x1c, 0x00, 0x70, 0x00, 0x00, 0x00, 0x1c, 0x00, 0x40, 0x00,
    0x00, 0x00, 0x1c, 0x00, 0x00, 0x00, 0x00, 0x00, 0x1c, 0x00, 0x00, 0x00, 0x00, 0x00, 0x1e, 0x00,
    0x00, 0x00, 0x00, 0x00, 0x0e, 0x00, 0x00, 0x00, 0x00, 0x00, 0x0f, 0x00, 0x00, 0x00, 0x00, 0xe0,
    0x07, 0x00, 0x00, 0xfe, 0xff, 0xff, 0x03, 0x00, 0x00, 0xfe, 0xff, 0xff, 0x01, 0x00, 0x00, 0xfe,
    0xff, 0xff, 0x00, 0x00, 0x00, 0x00, 0x00, 0x00, 0x00, 0x00, 0x00, 0x00, 0x00, 0x00, 0x00, 0x00,
    0x00, 0x00, 0x00, 0x00, 0x00, 0x00, 0x00, 0x00, 0x00, 0x00, 0x00, 0x00, 0x00, 0xfe, 0xff, 0xff,
    0x00, 0x00, 0x00, 0xfe, 0xff, 0xff, 0x01, 0x00, 0x00, 0xfe, 0xff, 0xff, 0x07, 0x00, 0x00, 0x00,
    0x00, 0xf0, 0x07, 0x00, 0x00, 0x00, 0x00, 0x00, 0x0f, 0x00, 0x00, 0x00, 0x00, 0x00, 0x0e, 0x00,
    0x00, 0x00, 0x00, 0x00, 0x1e, 0x00, 0x00, 0x00, 0x00, 0x00, 0x1c, 0x00, 0x00, 0x00, 0x00, 0x00,
    0x1c, 0x00, 0x60, 0x00, 0x00, 0x00, 0x1c, 0x00, 0x70, 0x00, 0x00, 0x00, 0x1c, 0x00, 0x7c, 0x00,
    0x00, 0x00, 0x1c, 0x00, 0x3e, 0x00, 0x00, 0x00, 0x1c, 0x00, 0x1e, 0x00, 0x00, 0x00, 0x1e, 0x00,
    0x06, 0x00, 0x00, 0x00, 0x0e, 0x00, 0x02, 0x00, 0x00, 0x00, 0x0f, 0x00, 0x00, 0x00, 0x00, 0xe0,
    0x07, 0x00, 0x00, 0xfe, 0xff, 0xff, 0x03, 0x00, 0x00, 0xfe, 0xff, 0xff, 0x01, 0x00, 0x00, 0xfe,
    0xff, 0xff, 0x00, 0x00, 0x00, 0x00, 0x00, 0x00, 0x00, 0x00, 0x00, 0x00, 0x00, 0x00, 0x00, 0x00,
    0x00, 0x00, 0x00, 0x00, 0x00, 0x00, 0x00, 0x00, 0x00, 0x00, 0x00, 0x00, 0x00, 0xfe, 0xff, 0xff,
    0x00, 0x00, 0x00, 0xfe, 0xff, 0xff, 0x01, 0x00, 0x00, 0xfe, 0xff, 0xff, 0x07, 0x00, 0x00, 0x00,
    0x00, 0xf0, 0x07, 0x00, 0x00, 0x00, 0x00, 0x00, 0x0f, 0x00, 0x60, 0x00, 0x00, 0x00, 0x0e, 0x00,
    0x70, 0x00, 0x00, 0x00, 0x1e, 0x00, 0x78, 0x00, 0x00, 0x00, 0x1c, 0x00, 0x3c, 0x00, 0x00, 0x00,
    0x1c, 0x00, 0x0e, 0x00, 0x00, 0x00, 0x1c, 0x00, 0x0e, 0x00, 0x00, 0x00, 0x1c, 0x00, 0x1e, 0x00,
    0x00, 0x00, 0x1c, 0x00, 0x3c, 0x00, 0x00, 0x00, 0x1c, 0x00, 0x70, 0x00, 0x00, 0x00, 0x1e, 0x00,
    0x60, 0x00, 0x00, 0x00, 0x0e, 0x00, 0x40, 0x00, 0x00, 0x00, 0x0f, 0x00, 0x00, 0x00, 0x00, 0xe0,
    0x07, 0x00, 0x00, 0xfe, 0xff, 0xff, 0x03, 0x00, 0x00, 0xfe, 0xff, 0xff, 0x01, 0x00, 0x00, 0xfe,
    0xff, 0xff, 0x00, 0x00, 0x00, 0x00, 0x00, 0x00, 0x00, 0x00, 0x00, 0x00, 0x00, 0x00, 0x00, 0x00,
    0x00, 0x00, 0x00, 0x00, 0x00, 0x00, 0x00, 0x00, 0x00, 0x00, 0x00, 0x00, 0x00, 0xfe, 0xff, 0xff,
    0x00, 0x00, 0x00, 0xfe, 0xff, 0xff, 0x01, 0x00, 0x00, 0xfe, 0xff, 0xff, 0x07, 0x00, 0x00, 0x00,
    0x00, 0xf0, 0x07, 0x00, 0x38, 0x00, 0x00, 0x00, 0x0f, 0x00, 0x78, 0x00, 0x00, 0x00, 0x0e, 0x00,
    0x78, 0x00, 0x00, 0x00, 0x1e, 0x00, 0x78, 0x00, 0x00, 0x00, 0x1c, 0x00, 0x00, 0x00, 0x00, 0x00,
    0x1c, 0x00, 0x00, 0x00, 0x00, 0x00, 0x1c, 0x00, 0x00, 0x00, 0x00, 0x00, 0x1c, 0x00, 0x00, 0x00,
    0x00, 0x00, 0x1c, 0x00, 0x30, 0x00, 0x00, 0x00, 0x1c, 0x00, 0x78, 0x00, 0x00, 0x00, 0x1e, 0x00,
    0x78, 0x00, 0x00, 0x00, 0x0e, 0x00, 0x78, 0x00, 0x00, 0x00, 0x0f, 0x00, 0x30, 0x00, 0x00, 0xe0,
    0x07, 0x00, 0x00, 0xfe, 0xff, 0xff, 0x03, 0x00, 0x00, 0xfe, 0xff, 0xff, 0x01, 0x00, 0x00, 0xfe,
    0xff, 0xff, 0x00, 0x00, 0x00, 0x00, 0x00, 0x00, 0x00, 0x00, 0x00, 0x00, 0x00, 0x00, 0x00, 0x00,
    0x00, 0x06, 0x00, 0x00, 0x00, 0x00, 0x00, 0x1e, 0x00, 0x00, 0x00, 0x00, 0x00, 0x7e, 0x00, 0x00,
    0x00, 0x00, 0x00, 0xfe, 0x01, 0x00, 0x00, 0x00, 0x00, 0xf8, 0x03, 0x00, 0x00, 0x00, 0x00, 0xe0,
    0x0f, 0x00, 0x00, 0x00, 0x00, 0xc0, 0x3f, 0x00, 0x00, 0x00, 0x00, 0x00, 0xff, 0x00, 0x00, 0x00,
    0x00, 0x00, 0xfc, 0x01, 0x00, 0x00, 0x00, 0x00, 0xf0, 0xff, 0x1f, 0x00, 0x60, 0x00, 0xc0, 0xff,
    0x1f, 0x00, 0x70, 0x00, 0xc0, 0xff, 0x1f, 0x00, 0x7c, 0x00, 0xf0, 0xff, 0x1f, 0x00, 0x3e, 0x00,
    0xfc, 0x01, 0x00, 0x00, 0x1e, 0x00, 0xff, 0x00, 0x00, 0x00, 0x06, 0xc0, 0x3f, 0x00, 0x00, 0x00,
    0x02, 0xe0, 0x0f, 0x00, 0x00, 0x00, 0x00, 0xf8, 0x03, 0x00, 0x00, 0x00, 0x00, 0xfe, 0x00, 0x00,
    0x00, 0x00, 0x00, 0x7e, 0x00, 0x00, 0x00, 0x00, 0x00, 0x1e, 0x00, 0x00, 0x00, 0x00, 0x00, 0x06,
    0x00, 0x00, 0x00, 0x00, 0x00, 0x00, 0x00, 0x00, 0x00, 0x00, 0x00, 0x00, 0x00, 0x00, 0x00, 0x00,
    0x00, 0x00, 0x00, 0x00, 0x00, 0x00, 0x00, 0x00, 0x00, 0x00, 0x00, 0x00, 0x00, 0xfe, 0xff, 0xff,
    0x1f, 0x00, 0x00, 0xfe, 0xff, 0xff, 0x1f, 0x00, 0x00, 0xfe, 0xff, 0xff, 0x1f, 0x00, 0x00, 0xfe,
    0xff, 0xff, 0x1f, 0x00, 0x00, 0x80, 0x03, 0x70, 0x00, 0x00, 0x00, 0x80, 0x03, 0x70, 0x00, 0x00,
    0x00, 0x80, 0x03, 0x70, 0x00, 0x00, 0x00, 0x80, 0x03, 0x70, 0x00, 0x00, 0x00, 0x80, 0x03, 0x70,
    0x00, 0x00, 0x00, 0x80, 0x03, 0x70, 0x00, 0x00, 0x00, 0x80, 0x03, 0x70, 0x00, 0x00, 0x00, 0x80,
    0x03, 0x70, 0x00, 0x00, 0x00, 0x80, 0x07, 0x78, 0x00, 0x00, 0x00, 0x00, 0x07, 0x38, 0x00, 0x00,
    0x00, 0x00, 0x0f, 0x3c, 0x00, 0x00, 0x00, 0x00, 0xfe, 0x1f, 0x00, 0x00, 0x00, 0x00, 0xfe, 0x1f,
    0x00, 0x00, 0x00, 0x00, 0xf8, 0x07, 0x00, 0x00, 0x00, 0x00, 0xe0, 0x01, 0x00, 0x00, 0x00, 0x00,
    0x00, 0x00, 0x00, 0x00, 0x00, 0x00, 0x00, 0x00, 0x00, 0x00, 0x00, 0x00, 0x00, 0x00, 0x00, 0x00,
    0x00, 0x00, 0x00, 0x00, 0x00, 0x00, 0x00, 0xf8, 0xff, 0xff, 0x1f, 0x00, 0x00, 0xfc, 0xff, 0xff,
    0x1f, 0x00, 0x00, 0xfe, 0xff, 0xff, 0x1f, 0x00, 0x00, 0x3f, 0x00, 0x00, 0x00, 0x00, 0x80, 0x07,
    0x00, 0x00, 0x00, 0x00, 0x80, 0x03, 0x00, 0x00, 0x00, 0x00, 0x80, 0x03, 0x00, 0x00, 0x0e, 0x00,
    0x80, 0x03, 0x00, 0x00, 0x0e, 0x00, 0x80, 0x03, 0x00, 0x00, 0x1c, 0x00, 0x80, 0x03, 0xfc, 0x00,
    0x1c, 0x00, 0x80, 0x07, 0xff, 0x01, 0x1c, 0x00, 0x00, 0xff, 0xff, 0x03, 0x1c, 0x00, 0x00, 0xff,
    0xcf, 0x07, 0x1c, 0x00, 0x00, 0xfe, 0x83, 0x0f, 0x1c, 0x00, 0x00, 0xf8, 0x00, 0x1f, 0x1e, 0x00,
    0x00, 0x00, 0x00, 0xfe, 0x0f, 0x00, 0x00, 0x00, 0x00, 0xfc, 0x0f, 0x00, 0x00, 0x00, 0x00, 0xf8,
    0x07, 0x00, 0x00, 0x00, 0x00, 0xf0, 0x01, 0x00, 0x00, 0x00, 0x00, 0x00, 0x00, 0x00, 0x00, 0x00,
    0x00, 0x00, 0x00, 0x00, 0x00, 0x00, 0x00, 0x00, 0x00, 0x00, 0x00, 0x00, 0x00, 0xf0, 0x01, 0x00,
    0x00, 0x00, 0x38, 0xf8, 0x07, 0x00, 0x00, 0x00, 0x3c, 0xfc, 0x0f, 0x00, 0x00, 0x00, 0x3e, 0xfe,
    0x0f, 0x00, 0x80, 0x01, 0x1e, 0x0e, 0x1f, 0x00, 0x80, 0x03, 0x0e, 0x07, 0x1e, 0x00, 0x80, 0x07,
    0x07, 0x07, 0x1c, 0x00, 0x80, 0x0f, 0x07, 0x07, 0x1c, 0x00, 0x00, 0x1e, 0x07, 0x07, 0x1c, 0x00,
    0x00, 0x1c, 0x07, 0x07, 0x1c, 0x00, 0x00, 0x10, 0x07, 0x07, 0x0e, 0x00, 0x00, 0x00, 0x0f, 0x07,
    0x0e, 0x00, 0x00, 0x00, 0x1e, 0x07, 0x07, 0x00, 0x00, 0x00, 0xfe, 0xff, 0x0f, 0x00, 0x00, 0x00,
    0xfc, 0xff, 0x1f, 0x00, 0x00, 0x00, 0xf8, 0xff, 0x1f, 0x00, 0x00, 0x00, 0xe0, 0xff, 0x1f, 0x00,
    0x00, 0x00, 0x00, 0x00, 0x10, 0x00, 0x00, 0x00, 0x00, 0x00, 0x00, 0x00, 0x00, 0x00, 0x00, 0x00,
    0x00, 0x00, 0x00, 0x00, 0x00, 0x00, 0x00, 0x00, 0x00, 0x00, 0x00, 0xf0, 0x01, 0x00, 0x00, 0x00,
    0x38, 0xf8, 0x07, 0x00, 0x00, 0x00, 0x3c, 0xfc, 0x0f, 0x00, 0x00, 0x00, 0x3e, 0xfe, 0x0f, 0x00,
    0x00, 0x00, 0x1e, 0x0e, 0x1f, 0x00, 0x00, 0x00, 0x0e, 0x07, 0x1e, 0x00, 0x00, 0x00, 0x07, 0x07,
    0x1c, 0x00, 0x00, 0x00, 0x07, 0x07, 0x1c, 0x00, 0x00, 0x18, 0x07, 0x07, 0x1c, 0x00, 0x00, 0x1c,
    0x07, 0x07, 0x1c, 0x00, 0x00, 0x1f, 0x07, 0x07, 0x0e, 0x00, 0x80, 0x0f, 0x0f, 0x07, 0x0e, 0x00,
    0x80, 0x07, 0x1e, 0x07, 0x07, 0x00, 0x80, 0x01, 0xfe, 0xff, 0x0f, 0x00, 0x80, 0x00, 0xfc, 0xff,
    0x1f, 0x00, 0x00, 0x00, 0xf8, 0xff, 0x1f, 0x00, 0x00, 0x00, 0xe0, 0xff, 0x1f, 0x00, 0x00, 0x00,
    0x00, 0x00, 0x10, 0x00, 0x00, 0x00, 0x00, 0x00, 0x00, 0x00, 0x00, 0x00, 0x00, 0x00, 0x00, 0x00,
    0x00, 0x00, 0x00, 0x00, 0x00, 0x00, 0x00, 0x00, 0x00, 0xf0, 0x01, 0x00, 0x00, 0x00, 0x38, 0xf8,
    0x07, 0x00, 0x00, 0x00, 0x3c, 0xfc, 0x0f, 0x00, 0x00, 0x00, 0x3e, 0xfe, 0x0f, 0x00, 0x00, 0x18,
    0x1e, 0x0e, 0x1f, 0x00, 0x00, 0x1c, 0x0e, 0x07, 0x1e, 0x00, 0x00, 0x1e, 0x07, 0x07, 0x1c, 0x00,
    0x00, 0x0f, 0x07, 0x07, 0x1c, 0x00, 0x80, 0x03, 0x07, 0x07, 0x1c, 0x00, 0x80, 0x03, 0x07, 0x07,
    0x1c, 0x00, 0x80, 0x07, 0x07, 0x07, 0x0e, 0x00, 0x00, 0x0f, 0x0f, 0x07, 0x0e, 0x00, 0x00, 0x1c,
    0x1e, 0x07, 0x07, 0x00, 0x00, 0x18, 0xfe, 0xff, 0x0f, 0x00, 0x00, 0x10, 0xfc, 0xff, 0x1f, 0x00,
    0x00, 0x00, 0xf8, 0xff, 0x1f, 0x00, 0x00, 0x00, 0xe0, 0xff, 0x1f, 0x00, 0x00, 0x00, 0x00, 0x00,
    0x10, 0x00, 0x00, 0x00, 0x00, 0x00, 0x00, 0x00, 0x00, 0x00, 0x00, 0x00, 0x00, 0x00, 0x00, 0x00,
    0x00, 0x00, 0x00, 0x00, 0x00, 0x00, 0x00, 0xf0, 0x01, 0x00, 0x00, 0x00, 0x38, 0xf8, 0x07, 0x00,
    0x00, 0x10, 0x3c, 0xfc, 0x0f, 0x00, 0x00, 0x1c, 0x3e, 0xfe, 0x0f, 0x00, 0x00, 0x1e, 0x1e, 0x0e,
    0x1f, 0x00, 0x00, 0x07, 0x0e, 0x07, 0x1e, 0x00, 0x00, 0x07, 0x07, 0x07, 0x1c, 0x00, 0x00, 0x07,
    0x07, 0x07, 0x1c, 0x00, 0x00, 0x06, 0x07, 0x07, 0x1c, 0x00, 0x00, 0x0e, 0x07, 0x07, 0x1c, 0x00,
    0x00, 0x1c, 0x07, 0x07, 0x0e, 0x00, 0x00, 0x1c, 0x0f, 0x07, 0x0e, 0x00, 0x00, 0x1c, 0x1e, 0x07,
    0x07, 0x00, 0x00, 0x1e, 0xfe, 0xff, 0x0f, 0x00, 0x00, 0x0f, 0xfc, 0xff, 0x1f, 0x00, 0x00, 0x07,
    0xf8, 0xff, 0x1f, 0x00, 0x00, 0x00, 0xe0, 0xff, 0x1f, 0x00, 0x00, 0x00, 0x00, 0x00, 0x10, 0x00,
    0x00, 0x00, 0x00, 0x00, 0x00, 0x00, 0x00, 0x00, 0x00, 0x00, 0x00, 0x00, 0x00, 0x00, 0x00, 0x00,
    0x00, 0x00, 0x00, 0x00, 0x00, 0xf0, 0x01, 0x00, 0x00, 0x00, 0x38, 0xf8, 0x07, 0x00, 0x00, 0x00,
    0x3c, 0xfc, 0x0f, 0x00, 0x00, 0x0e, 0x3e, 0xfe, 0x0f, 0x00, 0x00, 0x1e, 0x1e, 0x0e, 0x1f, 0x00,
    0x00, 0x1e, 0x0e, 0x07, 0x1e, 0x00, 0x00, 0x1e, 0x07, 0x07, 0x1c, 0x00, 0x00, 0x00, 0x07, 0x07,
    0x1c, 0x00, 0x00, 0x00, 0x07, 0x07, 0x1c, 0x00, 0x00, 0x00, 0x07, 0x07, 0x1c, 0x00, 0x00, 0x00,
    0x07, 0x07, 0x0e, 0x00, 0x00, 0x0c, 0x0f, 0x07, 0x0e, 0x00, 0x00, 0x1e, 0x1e, 0x07, 0x07, 0x00,
    0x00, 0x1e, 0xfe, 0xff, 0x0f, 0x00, 0x00, 0x1e, 0xfc, 0xff, 0x1f, 0x00, 0x00, 0x0c, 0xf8, 0xff,
    0x1f, 0x00, 0x00, 0x00, 0xe0, 0xff, 0x1f, 0x00, 0x00, 0x00, 0x00, 0x00, 0x10, 0x00, 0x00, 0x00,
    0x00, 0x00, 0x00, 0x00, 0x00, 0x00, 0x00, 0x00, 0x00, 0x00, 0x00, 0x00, 0x00, 0x00, 0x00, 0x00,
    0x00, 0x00, 0x00, 0xf0, 0x01, 0x00, 0x00, 0x00, 0x38, 0xf8, 0x07, 0x00, 0x00, 0x00, 0x3c, 0xfc,
    0x0f, 0x00, 0x00, 0x00, 0x3e, 0xfe, 0x0f, 0x00, 0x00, 0x00, 0x1e, 0x0e, 0x1f, 0x00, 0x00, 0x06,
    0x0e, 0x07, 0x1e, 0x00, 0x80, 0x1f, 0x07, 0x07, 0x1c, 0x00, 0xc0, 0x39, 0x07, 0x07, 0x1c, 0x00,
    0xc0, 0x30, 0x07, 0x07, 0x1c, 0x00, 0xc0, 0x30, 0x07, 0x07, 0x1c, 0x00, 0xc0, 0x30, 0x07, 0x07,
    0x0e, 0x00, 0xc0, 0x39, 0x0f, 0x07, 0x0e, 0x00, 0x80, 0x1f, 0x1e, 0x07, 0x07, 0x00, 0x00, 0x0e,
    0xfe, 0xff, 0x0f, 0x00, 0x00, 0x00, 0xfc, 0xff, 0x1f, 0x00, 0x00, 0x00, 0xf8, 0xff, 0x1f, 0x00,
    0x00, 0x00, 0xe0, 0xff, 0x1f, 0x00, 0x00, 0x00, 0x00, 0x00, 0x10, 0x00, 0x00, 0x00, 0x00, 0x00,
    0x00, 0x00, 0x00, 0x00, 0x00, 0x00, 0x00, 0x00, 0x00, 0x00, 0x00, 0x00, 0x00, 0x00, 0x00, 0x00,
    0x30, 0xf8, 0x03, 0x00, 0x00, 0x00, 0x38, 0xfc, 0x07, 0x00, 0x00, 0x00, 0x7c, 0xfe, 0x0f, 0x00,
    0x00, 0x00, 0x7e, 0x1e, 0x1f, 0x00, 0x00, 0x00, 0x1e, 0x0e, 0x1e, 0x00, 0x00, 0x00, 0x0f, 0x0f,
    0x1c, 0x00, 0x00, 0x00, 0x07, 0x07, 0x1c, 0x00, 0x00, 0x00, 0x07, 0x07, 0x1c, 0x00, 0x00, 0x00,
    0x07, 0x07, 0x1c, 0x00, 0x00, 0x00, 0x07, 0x07, 0x1c, 0x00, 0x00, 0x00, 0x07, 0x07, 0x0e, 0x00,
    0x00, 0x00, 0x0f, 0x07, 0x0e, 0x00, 0x00, 0x00, 0x3e, 0x07, 0x0f, 0x00, 0x00, 0x00, 0xfe, 0xff,
    0x07, 0x00, 0x00, 0x00, 0xfc, 0xff, 0x03, 0x00, 0x00, 0x00, 0xf8, 0xff, 0x03, 0x00, 0x00, 0x00,
    0xfc, 0xe7, 0x07, 0x00, 0x00, 0x00, 0x1e, 0x07, 0x0f, 0x00, 0x00, 0x00, 0x0e, 0x07, 0x0e, 0x00,
    0x00, 0x00, 0x0f, 0x07, 0x1e, 0x00, 0x00, 0x00, 0x07, 0x07, 0x1c, 0x00, 0x00, 0x00, 0x07, 0x07,
    0x1c, 0x00, 0x00, 0x00, 0x07, 0x07, 0x1c, 0x00, 0x00, 0x00, 0x07, 0x07, 0x1c, 0x00, 0x00, 0x00,
    0x0f, 0x07, 0x1c, 0x00, 0x00, 0x00, 0x0e, 0x07, 0x1c, 0x00, 0x00, 0x00, 0x3e, 0x07, 0x0e, 0x00,
    0x00, 0x00, 0xfc, 0x07, 0x0e, 0x00, 0x00, 0x00, 0xf8, 0x07, 0x0f, 0x00, 0x00, 0x00, 0xf0, 0x07,
    0x06, 0x00, 0x00, 0x00, 0x00, 0x00, 0x00, 0x00, 0x00, 0x00, 0x00, 0x00, 0x00, 0x00, 0x00, 0x00,
    0x00, 0x00, 0x00, 0x00, 0x00, 0x00, 0xc0, 0x7f, 0x00, 0x00, 0x00, 0x00, 0xf0, 0xff, 0x01, 0x00,
    0x00, 0x00, 0xf8, 0xff, 0x03, 0x00, 0x00, 0x00, 0xfc, 0xf1, 0x07, 0x00, 0x00, 0x00, 0x1e, 0x00,
    0x0f, 0x00, 0x00, 0x00, 0x0e, 0x00, 0x0e, 0x00, 0x00, 0x00, 0x0f, 0x00, 0x9e, 0x30, 0x00, 0x00,
    0x07, 0x00, 0xfc, 0x30, 0x00, 0x00, 0x07, 0x00, 0xfc, 0x38, 0x00, 0x00, 0x07, 0x00, 0xdc, 0x3f,
    0x00, 0x00, 0x07, 0x00, 0xdc, 0x1f, 0x00, 0x00, 0x0f, 0x00, 0x9c, 0x0f, 0x00, 0x00, 0x0e, 0x00,
    0x0e, 0x00, 0x00, 0x00, 0x3e, 0x00, 0x0f, 0x00, 0x00, 0x00, 0xfc, 0xc0, 0x07, 0x00, 0x00, 0x00,
    0xf8, 0xc0, 0x03, 0x00, 0x00, 0x00, 0xf0, 0xc0, 0x01, 0x00, 0x00, 0x00, 0x80, 0x40, 0x00, 0x00,
    0x00, 0x00, 0x00, 0x00, 0x00, 0x00, 0x00, 0x00, 0x00, 0x00, 0x00, 0x00, 0x00, 0x00, 0x00, 0x00,
    0x00, 0x00, 0x00, 0x00, 0xc0, 0x7f, 0x00, 0x00, 0x00, 0x00, 0xf0, 0xff, 0x01, 0x00, 0x00, 0x00,
    0xf8, 0xff, 0x03, 0x00, 0x00, 0x00, 0xfc, 0xf7, 0x07, 0x00, 0x80, 0x01, 0x3e, 0x87, 0x0f, 0x00,
    0x80, 0x03, 0x0e, 0x07, 0x0f, 0x00, 0x80, 0x07, 0x0f, 0x07, 0x1e, 0x00, 0x80, 0x0f, 0x07, 0x07,
    0x1c, 0x00, 0x00, 0x1e, 0x07, 0x07, 0x1c, 0x00, 0x00, 0x1c, 0x07, 0x07, 0x1c, 0x00, 0x00, 0x10,
    0x07, 0x07, 0x1c, 0x00, 0x00, 0x00, 0x07, 0x07, 0x1c, 0x00, 0x00, 0x00, 0x0e, 0x07, 0x1e, 0x00,
    0x00, 0x00, 0x1e, 0x07, 0x0e, 0x00, 0x00, 0x00, 0xfc, 0x07, 0x0f, 0x00, 0x00, 0x00, 0xf8, 0x87,
    0x07, 0x00, 0x00, 0x00, 0xf0, 0x07, 0x03, 0x00, 0x00, 0x00, 0x80, 0x07, 0x00, 0x00, 0x00, 0x00,
    0x00, 0x00, 0x00, 0x00, 0x00, 0x00, 0x00, 0x00, 0x00, 0x00, 0x00, 0x00, 0x00, 0x00, 0x00, 0x00,
    0x00, 0x00, 0xc0, 0x7f, 0x00, 0x00, 0x00, 0x00, 0xf0, 0xff, 0x01, 0x00, 0x00, 0x00, 0xf8, 0xff,
    0x03, 0x00, 0x00, 0x00, 0xfc, 0xf7, 0x07, 0x00, 0x00, 0x00, 0x3e, 0x87, 0x0f, 0x00, 0x00, 0x00,
    0x0e, 0x07, 0x0f, 0x00, 0x00, 0x00, 0x0f, 0x07, 0x1e, 0x00, 0x00, 0x00, 0x07, 0x07, 0x1c, 0x00,
    0x00, 0x18, 0x07, 0x07, 0x1c, 0x00, 0x00, 0x1c, 0x07, 0x07, 0x1c, 0x00, 0x00, 0x1f, 0x07, 0x07,
    0x1c, 0x00, 0x80, 0x0f, 0x07, 0x07, 0x1c, 0x00, 0x80, 0x07, 0x0e, 0x07, 0x1e, 0x00, 0x80, 0x01,
    0x1e, 0x07, 0x0e, 0x00, 0x80, 0x00, 0xfc, 0x07, 0x0f, 0x00, 0x00, 0x00, 0xf8, 0x87, 0x07, 0x00,
    0x00, 0x00, 0xf0, 0x07, 0x03, 0x00, 0x00, 0x00, 0x80, 0x07, 0x00, 0x00, 0x00, 0x00, 0x00, 0x00,
    0x00, 0x00, 0x00, 0x00, 0x00, 0x00, 0x00, 0x00, 0x00, 0x00, 0x00, 0x00, 0x00, 0x00, 0x00, 0x00,
    0xc0, 0x7f, 0x00, 0x00, 0x00, 0x00, 0xf0, 0xff, 0x01, 0x00, 0x00, 0x00, 0xf8, 0xff, 0x03, 0x00,
    0x00, 0x00, 0xfc, 0xf7, 0x07, 0x00, 0x00, 0x18, 0x3e, 0x87, 0x0f, 0x00, 0x00, 0x1c, 0x0e, 0x07,
    0x0f, 0x00, 0x00, 0x1e, 0x0f, 0x07, 0x1e, 0x00, 0x00, 0x0f, 0x07, 0x07, 0x1c, 0x00, 0x80, 0x03,
    0x07, 0x07, 0x1c, 0x00, 0x80, 0x03, 0x07, 0x07, 0x1c, 0x00, 0x80, 0x07, 0x07, 0x07, 0x1c, 0x00,
    0x00, 0x0f, 0x07, 0x07, 0x1c, 0x00, 0x00, 0x1c, 0x0e, 0x07, 0x1e, 0x00, 0x00, 0x18, 0x1e, 0x07,
    0x0e, 0x00, 0x00, 0x10, 0xfc, 0x07, 0x0f, 0x00, 0x00, 0x00, 0xf8, 0x87, 0x07, 0x00, 0x00, 0x00,
    0xf0, 0x07, 0x03, 0x00, 0x00, 0x00, 0x80, 0x07, 0x00, 0x00, 0x00, 0x00, 0x00, 0x00, 0x00, 0x00,
    0x00, 0x00, 0x00, 0x00, 0x00, 0x00, 0x00, 0x00, 0x00, 0x00, 0x00, 0x00, 0x00, 0x00, 0xc0, 0x7f,
    0x00, 0x00, 0x00, 0x00, 0xf0, 0xff, 0x01, 0x00, 0x00, 0x00, 0xf8, 0xff, 0x03, 0x00, 0x00, 0x0e,
    0xfc, 0xf7, 0x07, 0x00, 0x00, 0x1e, 0x3e, 0x87, 0x0f, 0x00, 0x00, 0x1e, 0x0e, 0x07, 0x0f, 0x00,
    0x00, 0x1e, 0x0f, 0x07, 0x1e, 0x00, 0x00, 0x00, 0x07, 0x07, 0x1c, 0x00, 0x00, 0x00, 0x07, 0x07,
    0x1c, 0x00, 0x00, 0x00, 0x07, 0x07, 0x1c, 0x00, 0x00, 0x00, 0x07, 0x07, 0x1c, 0x00, 0x00, 0x0c,
    0x07, 0x07, 0x1c, 0x00, 0x00, 0x1e, 0x0e, 0x07, 0x1e, 0x00, 0x00, 0x1e, 0x1e, 0x07, 0x0e, 0x00,
    0x00, 0x1e, 0xfc, 0x07, 0x0f, 0x00, 0x00, 0x0c, 0xf8, 0x87, 0x07, 0x00, 0x00, 0x00, 0xf0, 0x07,
    0x03, 0x00, 0x00, 0x00, 0x80, 0x07, 0x00, 0x00, 0x00, 0x00, 0x00, 0x00, 0x00, 0x00, 0x80, 0x01,
    0x00, 0x00, 0x00, 0x00, 0x80, 0x03, 0x00, 0x00, 0x00, 0x00, 0x80, 0x07, 0x00, 0x00, 0x00, 0x00,
    0x80, 0x0f, 0xff, 0xff, 0x1f, 0x00, 0x00, 0x1e, 0xff, 0xff, 0x1f, 0x00, 0x00, 0x1c, 0xff, 0xff,
    0x1f, 0x00, 0x00, 0x10, 0xff, 0xff, 0x1f, 0x00, 0x00, 0x00, 0x00, 0x00, 0x00, 0x00, 0x00, 0x00,
    0x00, 0x00, 0x00, 0x00, 0x00, 0x00, 0x00, 0x00, 0x00, 0x00, 0x00, 0x00, 0x00, 0x00, 0x00, 0x00,
    0x00, 0x00, 0xff, 0xff, 0x1f, 0x00, 0x00, 0x18, 0xff, 0xff, 0x1f, 0x00, 0x00, 0x1c, 0xff, 0xff,
    0x1f, 0x00, 0x00, 0x1f, 0xff, 0xff, 0x1f, 0x00, 0x80, 0x0f, 0x00, 0x00, 0x00, 0x00, 0x80, 0x07,
    0x00, 0x00, 0x00, 0x00, 0x80, 0x01, 0x00, 0x00, 0x00, 0x00, 0x80, 0x00, 0x00, 0x00, 0x00, 0x00,
    0x00, 0x00, 0x00, 0x00, 0x00, 0x00, 0x00, 0x18, 0x00, 0x00, 0x00, 0x00, 0x00, 0x1c, 0x00, 0x00,
    0x00, 0x00, 0x00, 0x1e, 0x00, 0x00, 0x00, 0x00, 0x00, 0x0f, 0xff, 0xff, 0x1f, 0x00, 0x80, 0x03,
    0xff, 0xff, 0x1f, 0x00, 0x80, 0x03, 0xff, 0xff, 0x1f, 0x00, 0x80, 0x07, 0xff, 0xff, 0x1f, 0x00,
    0x00, 0x0f, 0x00, 0x00, 0x00, 0x00, 0x00, 0x1c, 0x00, 0x00, 0x00, 0x00, 0x00, 0x18, 0x00, 0x00,
    0x00, 0x00, 0x00, 0x10, 0x00, 0x00, 0x00, 0x00, 0x00, 0x07, 0x00, 0x00, 0x00, 0x00, 0x00, 0x0f,
    0x00, 0x00, 0x00, 0x00, 0x00, 0x0f, 0x00, 0x00, 0x00, 0x00, 0x00, 0x0f, 0x00, 0x00, 0x00, 0x00,
    0x00, 0x00, 0xff, 0xff, 0x1f, 0x00, 0x00, 0x00, 0xff, 0xff, 0x1f, 0x00, 0x00, 0x00, 0xff, 0xff,
    0x1f, 0x00, 0x00, 0x00, 0xff, 0xff, 0x1f, 0x00, 0x00, 0x06, 0x00, 0x00, 0x00, 0x00, 0x00, 0x0f,
    0x00, 0x00, 0x00, 0x00, 0x00, 0x0f, 0x00, 0x00, 0x00, 0x00, 0x00, 0x0f, 0x00, 0x00, 0x00, 0x00,
    0x00, 0x06, 0x00, 0x00, 0x00, 0x00, 0x00, 0x00, 0x00, 0x00, 0x00, 0x00, 0x00, 0x00, 0x00, 0x00,
    0x00, 0x00, 0x00, 0x00, 0x00, 0x00, 0x00, 0x00, 0x00, 0x00, 0x00, 0x18, 0x00, 0x00, 0x00, 0x00,
    0x80, 0xff, 0x00, 0x00, 0x00, 0x00, 0xe0, 0xff, 0x03, 0x00, 0x00, 0x01, 0xf0, 0xff, 0x07, 0x00,
    0xc0, 0x03, 0xf8, 0xc1, 0x0f, 0x00, 0xc0, 0x43, 0x78, 0x00, 0x0f, 0x00, 0x80, 0xc3, 0x3c, 0x00,
    0x0e, 0x00, 0x80, 0xe7, 0x1c, 0x00, 0x1c, 0x00, 0x80, 0x77, 0x1c, 0x00, 0x1c, 0x00, 0x00, 0x7f,
    0x1c, 0x00, 0x1c, 0x00, 0x00, 0x3e, 0x1c, 0x00, 0x1c, 0x00, 0x00, 0x3e, 0x1c, 0x00, 0x1c, 0x00,
    0x00, 0x7c, 0x18, 0x00, 0x1e, 0x00, 0x00, 0xfe, 0x39, 0x00, 0x0f, 0x00, 0x00, 0xf7, 0x77, 0xc0,
    0x0f, 0x00, 0x00, 0xe7, 0xff, 0xff, 0x07, 0x00, 0x00, 0x83, 0xff, 0xff, 0x03, 0x00, 0x00, 0x00,
    0xfe, 0xff, 0x00, 0x00, 0x00, 0x00, 0xf0, 0x3f, 0x00, 0x00, 0x00, 0x00, 0x00, 0x00, 0x00, 0x00,
    0x00, 0x00, 0x00, 0x00, 0x00, 0x00, 0x00, 0x00, 0x00, 0x00, 0x00, 0x00, 0x00, 0x00, 0x00, 0x00,
    0x00, 0x00, 0x00, 0x00, 0xff, 0xff, 0x1f, 0x00, 0x00, 0x10, 0xff, 0xff, 0x1f, 0x00, 0x00, 0x1c,
    0xff, 0xff, 0x1f, 0x00, 0x00, 0x1e, 0x38, 0x00, 0x00, 0x00, 0x00, 0x07, 0x1c, 0x00, 0x00, 0x00,
    0x00, 0x07, 0x0e, 0x00, 0x00, 0x00, 0x00, 0x07, 0x06, 0x00, 0x00, 0x00, 0x00, 0x06, 0x07, 0x00,
    0x00, 0x00, 0x00, 0x0e, 0x07, 0x00, 0x00, 0x00, 0x00, 0x1c, 0x07, 0x00, 0x00, 0x00, 0x00, 0x1c,
    0x07, 0x00, 0x00, 0x00, 0x00, 0x1c, 0x0f, 0x00, 0x00, 0x00, 0x00, 0x1e, 0x3f, 0x00, 0x00, 0x00,
    0x00, 0x0f, 0xfe, 0xff, 0x1f, 0x00, 0x00, 0x07, 0xfc, 0xff, 0x1f, 0x00, 0x00, 0x00, 0xf8, 0xff,
    0x1f, 0x00, 0x00, 0x00, 0x00, 0x00, 0x00, 0x00, 0x00, 0x00, 0x00, 0x00, 0x00, 0x00, 0x00, 0x00,
    0x00, 0x00, 0x00, 0x00, 0x00, 0x00, 0xc0, 0x7f, 0x00, 0x00, 0x00, 0x00, 0xf0, 0xff, 0x01, 0x00,
    0x00, 0x00, 0xf8, 0xff, 0x03, 0x00, 0x00, 0x00, 0xfc, 0xf1, 0x07, 0x00, 0x80, 0x01, 0x3e, 0x80,
    0x0f, 0x00, 0x80, 0x03, 0x0e, 0x00, 0x0e, 0x00, 0x80, 0x07, 0x0f, 0x00, 0x1e, 0x00, 0x80, 0x0f,
    0x07, 0x00, 0x1c, 0x00, 0x00, 0x1e, 0x07, 0x00, 0x1c, 0x00, 0x00, 0x1c, 0x07, 0x00, 0x1c, 0x00,
    0x00, 0x10, 0x07, 0x00, 0x1c, 0x00, 0x00, 0x00, 0x07, 0x00, 0x1c, 0x00, 0x00, 0x00, 0x0f, 0x00,
    0x1e, 0x00, 0x00, 0x00, 0x1e, 0x00, 0x0f, 0x00, 0x00, 0x00, 0x3e, 0x80, 0x0f, 0x00, 0x00, 0x00,
    0xfc, 0xff, 0x07, 0x00, 0x00, 0x00, 0xf8, 0xff, 0x03, 0x00, 0x00, 0x00, 0xf0, 0xff, 0x01, 0x00,
    0x00, 0x00, 0x80, 0x3f, 0x00, 0x00, 0x00, 0x00, 0x00, 0x00, 0x00, 0x00, 0x00, 0x00, 0x00, 0x00,
    0x00, 0x00, 0x00, 0x00, 0x00, 0x00, 0x00, 0x00, 0x00, 0x00, 0xc0, 0x7f, 0x00, 0x00, 0x00, 0x00,
    0xf0, 0xff, 0x01, 0x00, 0x00, 0x00, 0xf8, 0xff, 0x03, 0x00, 0x00, 0x00, 0xfc, 0xf1, 0x07, 0x00,
    0x00, 0x00, 0x3e, 0x80, 0x0f, 0x00, 0x00, 0x00, 0x0e, 0x00, 0x0e, 0x00, 0x00, 0x00, 0x0f, 0x00,
    0x1e, 0x00, 0x00, 0x00, 0x07, 0x00, 0x1c, 0x00, 0x00, 0x18, 0x07, 0x00, 0x1c, 0x00, 0x00, 0x1c,
    0x07, 0x00, 0x1c, 0x00, 0x00, 0x1f, 0x07, 0x00, 0x1c, 0x00, 0x80, 0x0f, 0x07, 0x00, 0x1c, 0x00,
    0x80, 0x07, 0x0f, 0x00, 0x1e, 0x00, 0x80, 0x01, 0x1e, 0x00, 0x0f, 0x00, 0x80, 0x00, 0x3e, 0x80,
    0x0f, 0x00, 0x00, 0x00, 0xfc, 0xff, 0x07, 0x00, 0x00, 0x00, 0xf8, 0xff, 0x03, 0x00, 0x00, 0x00,
    0xf0, 0xff, 0x01, 0x00, 0x00, 0x00, 0x80, 0x3f, 0x00, 0x00, 0x00, 0x00, 0x00, 0x00, 0x00, 0x00,
    0x00, 0x00, 0x00, 0x00, 0x00, 0x00, 0x00, 0x00, 0x00, 0x00, 0x00, 0x00, 0x00, 0x00, 0xc0, 0x7f,
    0x00, 0x00, 0x00, 0x00, 0xf0, 0xff, 0x01, 0x00, 0x00, 0x00, 0xf8, 0xff, 0x03, 0x00, 0x00, 0x00,
    0xfc, 0xf1, 0x07, 0x00, 0x00, 0x18, 0x3e, 0x80, 0x0f, 0x00, 0x00, 0x1c, 0x0e, 0x00, 0x0e, 0x00,
    0x00, 0x1e, 0x0f, 0x00, 0x1e, 0x00, 0x00, 0x0f, 0x07, 0x00, 0x1c, 0x00, 0x80, 0x03, 0x07, 0x00,
    0x1c, 0x00, 0x80, 0x03, 0x07, 0x00, 0x1c, 0x00, 0x80, 0x07, 0x07, 0x00, 0x1c, 0x00, 0x00, 0x0f,
    0x07, 0x00, 0x1c, 0x00, 0x00, 0x1c, 0x0f, 0x00, 0x1e, 0x00, 0x00, 0x18, 0x1e, 0x00, 0x0f, 0x00,
    0x00, 0x10, 0x3e, 0x80, 0x0f, 0x00, 0x00, 0x00, 0xfc, 0xff, 0x07, 0x00, 0x00, 0x00, 0xf8, 0xff,
    0x03, 0x00, 0x00, 0x00, 0xf0, 0xff, 0x01, 0x00, 0x00, 0x00, 0x80, 0x3f, 0x00, 0x00, 0x00, 0x00,
    0x00, 0x00, 0x00, 0x00, 0x00, 0x00, 0x00, 0x00, 0x00, 0x00, 0x00, 0x00, 0x00, 0x00, 0x00, 0x00,
    0x00, 0x00, 0xc0, 0x7f, 0x00, 0x00, 0x00, 0x00, 0xf0, 0xff, 0x01, 0x00, 0x00, 0x10, 0xf8, 0xff,
    0x03, 0x00, 0x00, 0x1c, 0xfc, 0xf1, 0x07, 0x00, 0x00, 0x1e, 0x3e, 0x80, 0x0f, 0x00, 0x00, 0x07,
    0x0e, 0x00, 0x0e, 0x00, 0x00, 0x07, 0x0f, 0x00, 0x1e, 0x00, 0x00, 0x07, 0x07, 0x00, 0x1c, 0x00,
    0x00, 0x06, 0x07, 0x00, 0x1c, 0x00, 0x00, 0x0e, 0x07, 0x00, 0x1c, 0x00, 0x00, 0x1c, 0x07, 0x00,
    0x1c, 0x00, 0x00, 0x1c, 0x07, 0x00, 0x1c, 0x00, 0x00, 0x1c, 0x0f, 0x00, 0x1e, 0x00, 0x00, 0x1e,
    0x1e, 0x00, 0x0f, 0x00, 0x00, 0x0f, 0x3e, 0x80, 0x0f, 0x00, 0x00, 0x07, 0xfc, 0xff, 0x07, 0x00,
    0x00, 0x00, 0xf8, 0xff, 0x03, 0x00, 0x00, 0x00, 0xf0, 0xff, 0x01, 0x00, 0x00, 0x00, 0x80, 0x3f,
    0x00, 0x00, 0x00, 0x00, 0x00, 0x00, 0x00, 0x00, 0x00, 0x00, 0x00, 0x00, 0x00, 0x00, 0x00, 0x00,
    0x00, 0x00, 0x00, 0x00, 0x00, 0x00, 0xc0, 0x7f, 0x00, 0x00, 0x00, 0x00, 0xf0, 0xff, 0x01, 0x00,
    0x00, 0x00, 0xf8, 0xff, 0x03, 0x00, 0x00, 0x0e, 0xfc, 0xf1, 0x07, 0x00, 0x00, 0x1e, 0x3e, 0x80,
    0x0f, 0x00, 0x00, 0x1e, 0x0e, 0x00, 0x0e, 0x00, 0x00, 0x1e, 0x0f, 0x00, 0x1e, 0x00, 0x00, 0x00,
    0x07, 0x00, 0x1c, 0x00, 0x00, 0x00, 0x07, 0x00, 0x1c, 0x00, 0x00, 0x00, 0x07, 0x00, 0x1c, 0x00,
    0x00, 0x00, 0x07, 0x00, 0x1c, 0x00, 0x00, 0x0c, 0x07, 0x00, 0x1c, 0x00, 0x00, 0x1e, 0x0f, 0x00,
    0x1e, 0x00, 0x00, 0x1e, 0x1e, 0x00, 0x0f, 0x00, 0x00, 0x1e, 0x3e, 0x80, 0x0f, 0x00, 0x00, 0x0c,
    0xfc, 0xff, 0x07, 0x00, 0x00, 0x00, 0xf8, 0xff, 0x03, 0x00, 0x00, 0x00, 0xf0, 0xff, 0x01, 0x00,
    0x00, 0x00, 0x80, 0x3f, 0x00, 0x00, 0x00, 0x00, 0x00, 0x00, 0x00, 0x00, 0x00, 0x00, 0x00, 0x00,
    0x00, 0x00, 0x00, 0x00, 0xe0, 0x01, 0x00, 0x00, 0x00, 0x00, 0xe0, 0x01, 0x00, 0x00, 0x00, 0x00,
    0xe0, 0x01, 0x00, 0x00, 0x00, 0x00, 0xe0, 0x01, 0x00, 0x00, 0x00, 0x00, 0xe0, 0x01, 0x00, 0x00,
    0x00, 0x00, 0xe0, 0x01, 0x00, 0x00, 0x00, 0x00, 0xe0, 0x01, 0x00, 0x00, 0x00, 0x00, 0xe0, 0x01,
    0x00, 0x00, 0x00, 0xe0, 0xe0, 0xc1, 0x01, 0x00, 0x00, 0xe0, 0xe1, 0xe1, 0x01, 0x00, 0x00, 0xe0,
    0xe1, 0xe1, 0x01, 0x00, 0x00, 0xe0, 0xe1, 0xe1, 0x01, 0x00, 0x00, 0x00, 0xe0, 0x01, 0x00, 0x00,
    0x00, 0x00, 0xe0, 0x01, 0x00, 0x00, 0x00, 0x00, 0xe0, 0x01, 0x00, 0x00, 0x00, 0x00, 0xe0, 0x01,
    0x00, 0x00, 0x00, 0x00, 0xe0, 0x01, 0x00, 0x00, 0x00, 0x00, 0xe0, 0x01, 0x00, 0x00, 0x00, 0x00,
    0xe0, 0x01, 0x00, 0x00, 0x00, 0x00, 0xe0, 0x01, 0x00, 0x00, 0x00, 0x00, 0x00, 0x00, 0x00, 0x00,
    0x00, 0x00, 0x00, 0x00, 0x00, 0x00, 0x00, 0x00, 0x00, 0x00, 0x00, 0x00, 0x00, 0x00, 0xc0, 0x7f,
    0x00, 0x00, 0x00, 0x00, 0xf0, 0xff, 0x01, 0x00, 0x00, 0x00, 0xf8, 0xff, 0x43, 0x00, 0x00, 0x00,
    0xfc, 0xf1, 0x77, 0x00, 0x00, 0x00, 0x3e, 0x80, 0x7f, 0x00, 0x00, 0x00, 0x0e, 0x00, 0x1f, 0x00,
    0x00, 0x00, 0x0f, 0xc0, 0x1f, 0x00, 0x00, 0x00, 0x07, 0xf0, 0x1d, 0x00, 0x00, 0x00, 0x07, 0x7c,
    0x1c, 0x00, 0x00, 0x00, 0x07, 0x1f, 0x1c, 0x00, 0x00, 0x00, 0xc7, 0x07, 0x1c, 0x00, 0x00, 0x00,
    0xf7, 0x01, 0x1c, 0x00, 0x00, 0x00, 0x7f, 0x00, 0x1e, 0x00, 0x00, 0x00, 0x1f, 0x00, 0x0f, 0x00,
    0x00, 0x80, 0x3f, 0x80, 0x0f, 0x00, 0x00, 0xc0, 0xfd, 0xff, 0x07, 0x00, 0x00, 0x40, 0xf8, 0xff,
    0x03, 0x00, 0x00, 0x00, 0xf0, 0xff, 0x01, 0x00, 0x00, 0x00, 0x80, 0x3f, 0x00, 0x00, 0x00, 0x00,
    0x00, 0x00, 0x00, 0x00, 0x00, 0x00, 0x00, 0x00, 0x00, 0x00, 0x00, 0x00, 0x00, 0x00, 0x00, 0x00,
    0x00, 0x00, 0x00, 0x00, 0x00, 0x00, 0x00, 0x00, 0xff, 0xff, 0x03, 0x00, 0x00, 0x00, 0xff, 0xff,
    0x07, 0x00, 0x00, 0x00, 0xff, 0xff, 0x0f, 0x00, 0x80, 0x01, 0x00, 0x80, 0x0f, 0x00, 0x80, 0x03,
    0x00, 0x00, 0x1e, 0x00, 0x80, 0x07, 0x00, 0x00, 0x1c, 0x00, 0x80, 0x0f, 0x00, 0x00, 0x1c, 0x00,
    0x00, 0x1e, 0x00, 0x00, 0x1c, 0x00, 0x00, 0x1c, 0x00, 0x00, 0x1c, 0x00, 0x00, 0x10, 0x00, 0x00,
    0x1c, 0x00, 0x00, 0x00, 0x00, 0x00, 0x0e, 0x00, 0x00, 0x00, 0x00, 0x00, 0x0e, 0x00, 0x00, 0x00,
    0x00, 0x80, 0x07, 0x00, 0x00, 0x00, 0xff, 0xff, 0x1f, 0x00, 0x00, 0x00, 0xff, 0xff, 0x1f, 0x00,
    0x00, 0x00, 0xff, 0xff, 0x1f, 0x00, 0x00, 0x00, 0x00, 0x00, 0x00, 0x00, 0x00, 0x00, 0x00, 0x00,
    0x00, 0x00, 0x00, 0x00, 0x00, 0x00, 0x00, 0x00, 0x00, 0x00, 0x00, 0x00, 0x00, 0x00, 0x00, 0x00,
    0xff, 0xff, 0x03, 0x00, 0x00, 0x00, 0xff, 0xff, 0x07, 0x00, 0x00, 0x00, 0xff, 0xff, 0x0f, 0x00,
    0x00, 0x00, 0x00, 0x80, 0x0f, 0x00, 0x00, 0x00, 0x00, 0x00, 0x1e, 0x00, 0x00, 0x00, 0x00, 0x00,
    0x1c, 0x00, 0x00, 0x00, 0x00, 0x00, 0x1c, 0x00, 0x00, 0x18, 0x00, 0x00, 0x1c, 0x00, 0x00, 0x1c,
    0x00, 0x00, 0x1c, 0x00, 0x00, 0x1f, 0x00, 0x00, 0x1c, 0x00, 0x80, 0x0f, 0x00, 0x00, 0x0e, 0x00,
    0x80, 0x07, 0x00, 0x00, 0x0e, 0x00, 0x80, 0x01, 0x00, 0x80, 0x07, 0x00, 0x80, 0x00, 0xff, 0xff,
    0x1f, 0x00, 0x00, 0x00, 0xff, 0xff, 0x1f, 0x00, 0x00, 0x00, 0xff, 0xff, 0x1f, 0x00, 0x00, 0x00,
    0x00, 0x00, 0x00, 0x00, 0x00, 0x00, 0x00, 0x00, 0x00, 0x00, 0x00, 0x00, 0x00, 0x00, 0x00, 0x00,
    0x00, 0x00, 0x00, 0x00, 0x00, 0x00, 0x00, 0x00, 0xff, 0xff, 0x03, 0x00, 0x00, 0x00, 0xff, 0xff,
    0x07, 0x00, 0x00, 0x00, 0xff, 0xff, 0x0f, 0x00, 0x00, 0x18, 0x00, 0x80, 0x0f, 0x00, 0x00, 0x1c,
    0x00, 0x00, 0x1e, 0x00, 0x00, 0x1e, 0x00, 0x00, 0x1c, 0x00, 0x00, 0x0f, 0x00, 0x00, 0x1c, 0x00,
    0x80, 0x03, 0x00, 0x00, 0x1c, 0x00, 0x80, 0x03, 0x00, 0x00, 0x1c, 0x00, 0x80, 0x07, 0x00, 0x00,
    0x1c, 0x00, 0x00, 0x0f, 0x00, 0x00, 0x0e, 0x00, 0x00, 0x1c, 0x00, 0x00, 0x0e, 0x00, 0x00, 0x18,
    0x00, 0x80, 0x07, 0x00, 0x00, 0x10, 0xff, 0xff, 0x1f, 0x00, 0x00, 0x00, 0xff, 0xff, 0x1f, 0x00,
    0x00, 0x00, 0xff, 0xff, 0x1f, 0x00, 0x00, 0x00, 0x00, 0x00, 0x00, 0x00, 0x00, 0x00, 0x00, 0x00,
    0x00, 0x00, 0x00, 0x00, 0x00, 0x00, 0x00, 0x00, 0x00, 0x00, 0x00, 0x00, 0x00, 0x00, 0x00, 0x00,
    0xff, 0xff, 0x03, 0x00, 0x00, 0x00, 0xff, 0xff, 0x07, 0x00, 0x00, 0x07, 0xff, 0xff, 0x0f, 0x00,
    0x00, 0x0f, 0x00, 0x80, 0x0f, 0x00, 0x00, 0x0f, 0x00, 0x00, 0x1e, 0x00, 0x00, 0x0f, 0x00, 0x00,
    0x1c, 0x00, 0x00, 0x00, 0x00, 0x00, 0x1c, 0x00, 0x00, 0x00, 0x00, 0x00, 0x1c, 0x00, 0x00, 0x00,
    0x00, 0x00, 0x1c, 0x00, 0x00, 0x00, 0x00, 0x00, 0x1c, 0x00, 0x00, 0x06, 0x00, 0x00, 0x0e, 0x00,
    0x00, 0x0f, 0x00, 0x00, 0x0e, 0x00, 0x00, 0x0f, 0x00, 0x80, 0x07, 0x00, 0x00, 0x0f, 0xff, 0xff,
    0x1f, 0x00, 0x00, 0x06, 0xff, 0xff, 0x1f, 0x00, 0x00, 0x00, 0xff, 0xff, 0x1f, 0x00, 0x00, 0x00,
    0x00, 0x00, 0x00, 0x00, 0x00, 0x00, 0x00, 0x00, 0x00, 0x00, 0x00, 0x00, 0x07, 0x00, 0x00, 0x00,
    0x00, 0x00, 0x3f, 0x00, 0x00, 0x1c, 0x00, 0x00, 0xff, 0x00, 0x00, 0x1c, 0x00, 0x00, 0xff, 0x07,
    0x00, 0x1c, 0x00, 0x00, 0xf8, 0x3f, 0x00, 0x1e, 0x00, 0x00, 0xc0, 0xff, 0x00, 0x0f, 0x00, 0x00,
    0x00, 0xfe, 0xc7, 0x0f, 0x00, 0x00, 0x00, 0xf0, 0xff, 0x07, 0x00, 0x18, 0x00, 0x80, 0xff, 0x01,
    0x00, 0x1c, 0x00, 0xe0, 0x3f, 0x00, 0x00, 0x1f, 0x00, 0xfc, 0x0f, 0x00, 0x80, 0x0f, 0xc0, 0xff,
    0x01, 0x00, 0x80, 0x07, 0xf8, 0x3f, 0x00, 0x00, 0x80, 0x01, 0xff, 0x07, 0x00, 0x00, 0x80, 0x00,
    0xff, 0x00, 0x00, 0x00, 0x00, 0x00, 0x1f, 0x00, 0x00, 0x00, 0x00, 0x00, 0x07, 0x00, 0x00, 0x00,
    0x00, 0x00, 0x00, 0x00, 0x00, 0x00, 0x00, 0x00, 0x00, 0x00, 0x00, 0x00, 0x00, 0x00, 0x00, 0x00,
    0x00, 0x00, 0x00, 0x00, 0x00, 0x00, 0x00, 0x00, 0x80, 0xff, 0xff, 0xff, 0xff, 0x1f, 0x80, 0xff,
    0xff, 0xff, 0xff, 0x1f, 0x80, 0xff, 0xff, 0xff, 0xff, 0x1f, 0x80, 0xff, 0xff, 0xff, 0xff, 0x1f,
    0x00, 0x00, 0x1c, 0x00, 0x0e, 0x00, 0x00, 0x00, 0x0e, 0x00, 0x0e, 0x00, 0x00, 0x00, 0x07, 0x00,
    0x1c, 0x00, 0x00, 0x00, 0x07, 0x00, 0x1c, 0x00, 0x00, 0x00, 0x07, 0x00, 0x1c, 0x00, 0x00, 0x00,
    0x07, 0x00, 0x1c, 0x00, 0x00, 0x00, 0x07, 0x00, 0x1c, 0x00, 0x00, 0x00, 0x0f, 0x00, 0x1e, 0x00,
    0x00, 0x00, 0x1e, 0x00, 0x1f, 0x00, 0x00, 0x00, 0x7e, 0xc0, 0x0f, 0x00, 0x00, 0x00, 0xfc, 0xff,
    0x07, 0x00, 0x00, 0x00, 0xf8, 0xff, 0x03, 0x00, 0x00, 0x00, 0xf0, 0xff, 0x01, 0x00, 0x00, 0x00,
    0x80, 0x3f, 0x00, 0x00, 0x00, 0x00, 0x00, 0x00, 0x00, 0x00, 0x00, 0x00, 0x00, 0x00, 0x00, 0x00,
    0x00, 0x00, 0x07, 0x00, 0x00, 0x00, 0x00, 0x00, 0x3f, 0x00, 0x00, 0x1c, 0x00, 0x00, 0xff, 0x00,
    0x00, 0x1c, 0x00, 0x07, 0xff, 0x07, 0x00, 0x1c, 0x00, 0x0f, 0xf8, 0x3f, 0x00, 0x1e, 0x00, 0x0f,
    0xc0, 0xff, 0x00, 0x0f, 0x00, 0x0f, 0x00, 0xfe, 0xc7, 0x0f, 0x00, 0x00, 0x00, 0xf0, 0xff, 0x07,
    0x00, 0x00, 0x00, 0x80, 0xff, 0x01, 0x00, 0x00, 0x00, 0xe0, 0x3f, 0x00, 0x00, 0x00, 0x00, 0xfc,
    0x0f, 0x00, 0x00, 0x06, 0xc0, 0xff, 0x01, 0x00, 0x00, 0x0f, 0xf8, 0x3f, 0x00, 0x00, 0x00, 0x0f,
    0xff, 0x07, 0x00, 0x00, 0x00, 0x0f, 0xff, 0x00, 0x00, 0x00, 0x00, 0x06, 0x1f, 0x00, 0x00, 0x00,
    0x00, 0x00, 0x07, 0x00, 0x00, 0x00, 0x00, 0x00, 0x00, 0x00, 0x00, 0x00, 0x00, 0x00, 0x00, 0x00,
    0x00, 0x00, 0x00, 0x00, 0x00, 0x00, 0x18, 0x00, 0x00, 0x00, 0x00, 0x00, 0x1f, 0x00, 0x00, 0x00,
    0x00, 0xe0, 0x1f, 0x00, 0x00, 0x00, 0x00, 0xf8, 0x1f, 0x00, 0x00, 0x00, 0x00, 0xff, 0x03, 0x00,
    0x00, 0x00, 0xc0, 0x7f, 0x00, 0x00, 0x38, 0x00, 0xf8, 0x3f, 0x00, 0x00, 0x38, 0x00, 0xff, 0x3b,
    0x00, 0x00, 0x38, 0xc0, 0x7f, 0x38, 0x00, 0x00, 0x38, 0xf8, 0x1f, 0x38, 0x00, 0x00, 0x38, 0xfe,
    0x03, 0x38, 0x00, 0x00, 0x38, 0x7e, 0x00, 0x38, 0x00, 0x00, 0x38, 0x7e, 0x00, 0x38, 0x00, 0x00,
    0x38, 0xfe, 0x03, 0x38, 0x00, 0x00, 0x38, 0xf8, 0x0f, 0x38, 0x00, 0x00, 0x38, 0xc0, 0x7f, 0x38,
    0x00, 0x00, 0x38, 0x00, 0xff, 0x3b, 0x00, 0x00, 0x38, 0x00, 0xf8, 0x3f, 0x00, 0x00, 0x38, 0x00,
    0xe0, 0x7f, 0x00, 0x00, 0x00, 0x00, 0x00, 0xff, 0x03, 0x00, 0x00, 0x00, 0x00, 0xfc, 0x0f, 0x00,
    0x00, 0x00, 0x00, 0xe0, 0x1f, 0x00, 0x00, 0x00, 0x00, 0x00, 0x1f, 0x00, 0x00, 0x00, 0x00, 0x00,
    0x1c, 0x00, 0x00, 0x00, 0x00, 0x00, 0x00, 0x00, 0x00, 0x00, 0x00, 0x00, 0x00, 0x00, 0x00, 0x00,
    0x00, 0x00, 0x00, 0x00, 0x00, 0x00, 0x00, 0xf0, 0x01, 0x00, 0x00, 0x00, 0x38, 0xf8, 0x07, 0x00,
    0x00, 0x00, 0x3c, 0xfc, 0x0f, 0x00, 0x00, 0x0e, 0x3e, 0xfe, 0x0f, 0x00, 0x00, 0x0e, 0x1e, 0x0e,
    0x1f, 0x00, 0x00, 0x0e, 0x0e, 0x07, 0x1e, 0x00, 0x00, 0x0e, 0x07, 0x07, 0x1c, 0x00, 0x00, 0x0e,
    0x07, 0x07, 0x1c, 0x00, 0x00, 0x0e, 0x07, 0x07, 0x1c, 0x00, 0x00, 0x0e, 0x07, 0x07, 0x1c, 0x00,
    0x00, 0x0e, 0x07, 0x07, 0x0e, 0x00, 0x00, 0x0e, 0x0f, 0x07, 0x0e, 0x00, 0x00, 0x0e, 0x1e, 0x07,
    0x07, 0x00, 0x00, 0x0e, 0xfe, 0xff, 0x0f, 0x00, 0x00, 0x0e, 0xfc, 0xff, 0x1f, 0x00, 0x00, 0x0e,
    0xf8, 0xff, 0x1f, 0x00, 0x00, 0x00, 0xe0, 0xff, 0x1f, 0x00, 0x00, 0x00, 0x00, 0x00, 0x10, 0x00,
    0x00, 0x00, 0x00, 0x00, 0x00, 0x00, 0x00, 0x00, 0x00, 0x00, 0x00, 0x00, 0x00, 0x00, 0x00, 0x00,
    0x18, 0x00, 0x00, 0x00, 0x00, 0x00, 0x1f, 0x00, 0x00, 0x00, 0x00, 0xe0, 0x1f, 0x00, 0x00, 0x00,
    0x00, 0xf8, 0x1f, 0x00, 0x00, 0x00, 0x00, 0xff, 0x03, 0x00, 0x00, 0x00, 0xc0, 0x7f, 0x00, 0x00,
    0x00, 0x00, 0xf8, 0x3f, 0x00, 0x00, 0x1c, 0x00, 0xff, 0x3b, 0x00, 0x00, 0x3c, 0xc0, 0x7f, 0x38,
    0x00, 0x00, 0x7c, 0xf8, 0x1f, 0x38, 0x00, 0x00, 0x70, 0xfe, 0x03, 0x38, 0x00, 0x00, 0x60, 0x7e,
    0x00, 0x38, 0x00, 0x00, 0x60, 0x7e, 0x00, 0x38, 0x00, 0x00, 0x60, 0xfe, 0x03, 0x38, 0x00, 0x00,
    0x70, 0xf8, 0x0f, 0x38, 0x00, 0x00, 0x3c, 0xc0, 0x7f, 0x38, 0x00, 0x00, 0x3c, 0x00, 0xff, 0x3b,
    0x00, 0x00, 0x1c, 0x00, 0xf8, 0x3f, 0x00, 0x00, 0x00, 0x00, 0xe0, 0x7f, 0x00, 0x00, 0x00, 0x00,
    0x00, 0xff, 0x03, 0x00, 0x00, 0x00, 0x00, 0xfc, 0x0f, 0x00, 0x00, 0x00, 0x00, 0xe0, 0x1f, 0x00,
    0x00, 0x00, 0x00, 0x00, 0x1f, 0x00, 0x00, 0x00, 0x00, 0x00, 0x1c, 0x00, 0x00, 0x00, 0x00, 0x00,
    0x00, 0x00, 0x00, 0x00, 0x00, 0x00, 0x00, 0x00, 0x00, 0x00, 0x00, 0x00, 0x00, 0x00, 0x00, 0x00,
    0x00, 0xf0, 0x01, 0x00, 0x00, 0x00, 0x38, 0xf8, 0x07, 0x00, 0x00, 0x00, 0x3c, 0xfc, 0x0f, 0x00,
    0x00, 0x00, 0x3e, 0xfe, 0x0f, 0x00, 0x00, 0x0e, 0x1e, 0x0e, 0x1f, 0x00, 0x00, 0x1e, 0x0e, 0x07,
    0x1e, 0x00, 0x00, 0x3e, 0x07, 0x07, 0x1c, 0x00, 0x00, 0x38, 0x07, 0x07, 0x1c, 0x00, 0x00, 0x30,
    0x07, 0x07, 0x1c, 0x00, 0x00, 0x30, 0x07, 0x07, 0x1c, 0x00, 0x00, 0x30, 0x07, 0x07, 0x0e, 0x00,
    0x00, 0x38, 0x0f, 0x07, 0x0e, 0x00, 0x00, 0x1e, 0x1e, 0x07, 0x07, 0x00, 0x00, 0x1e, 0xfe, 0xff,
    0x0f, 0x00, 0x00, 0x0e, 0xfc, 0xff, 0x1f, 0x00, 0x00, 0x00, 0xf8, 0xff, 0x1f, 0x00, 0x00, 0x00,
    0xe0, 0xff, 0x1f, 0x00, 0x00, 0x00, 0x00, 0x00, 0x10, 0x00, 0x00, 0x00, 0x00, 0x00, 0x00, 0x00,
    0x00, 0x00, 0x00, 0x00, 0x00, 0x00, 0x00, 0x00, 0x00, 0x00, 0x18, 0x00, 0x00, 0x00, 0x00, 0x00,
    0x1f, 0x00, 0x00, 0x00, 0x00, 0xe0, 0x1f, 0x00, 0x00, 0x00, 0x00, 0xf8, 0x1f, 0x00, 0x00, 0x00,
    0x00, 0xff, 0x03, 0x00, 0x00, 0x00, 0xc0, 0x7f, 0x00, 0x00, 0x00, 0x00, 0xf8, 0x1f, 0x00, 0x00,
    0x00, 0x00, 0xff, 0x1f, 0x00, 0x00, 0x00, 0xc0, 0x7f, 0x1c, 0x00, 0x00, 0x00, 0xf8, 0x1f, 0x1c,
    0x00, 0x00, 0x00, 0xfe, 0x03, 0x1c, 0x00, 0x00, 0x00, 0x7e, 0x00, 0x1c, 0x00, 0x00, 0x00, 0x7e,
    0x00, 0x1c, 0x00, 0x00, 0x00, 0xfe, 0x01, 0x1c, 0x00, 0x00, 0x00, 0xf8, 0x0f, 0x1c, 0x00, 0x00,
    0x00, 0xc0, 0x7f, 0x1c, 0x00, 0x00, 0x00, 0x00, 0xff, 0x1f, 0x00, 0x00, 0x00, 0x00, 0xf8, 0x1f,
    0x00, 0x07, 0x00, 0x00, 0xe0, 0x7f, 0x80, 0x0f, 0x00, 0x00, 0x00, 0xff, 0xc3, 0x1f, 0x00, 0x00,
    0x00, 0xfc, 0xef, 0x1f, 0x00, 0x00, 0x00, 0xe0, 0x7f, 0x1c, 0x00, 0x00, 0x00, 0x00, 0x3f, 0x1c,
    0x00, 0x00, 0x00, 0x00, 0x1c, 0x1c, 0x00, 0x00, 0x00, 0x00, 0x00, 0x00, 0x00, 0x00, 0x00, 0x00,
    0x00, 0x00, 0x00, 0x00, 0x00, 0x00, 0x00, 0x00, 0x00, 0x00, 0x00, 0xf0, 0x01, 0x00, 0x00, 0x00,
    0x38, 0xf8, 0x07, 0x00, 0x00, 0x00, 0x3c, 0xfc, 0x0f, 0x00, 0x00, 0x00, 0x3e, 0xfe, 0x0f, 0x00,
    0x00, 0x00, 0x1e, 0x0e, 0x1f, 0x00, 0x00, 0x00, 0x0e, 0x07, 0x1e, 0x00, 0x00, 0x00, 0x07, 0x07,
    0x1c, 0x00, 0x00, 0x00, 0x07, 0x07, 0x1c, 0x00, 0x00, 0x00, 0x07, 0x07, 0x1c, 0x00, 0x00, 0x00,
    0x07, 0x07, 0x1c, 0x00, 0x00, 0x00, 0x07, 0x07, 0x0e, 0x02, 0x00, 0x00, 0x0f, 0x07, 0x8e, 0x0f,
    0x00, 0x00, 0x1e, 0x07, 0xc7, 0x1f, 0x00, 0x00, 0xfe, 0xff, 0xef, 0x1f, 0x00, 0x00, 0xfc, 0xff,
    0x7f, 0x1c, 0x00, 0x00, 0xf8, 0xff, 0x3f, 0x1c, 0x00, 0x00, 0xe0, 0xff, 0x1f, 0x1c, 0x00, 0x00,
    0x00, 0x00, 0x10, 0x00, 0x00, 0x00, 0x00, 0x00, 0x00, 0x00, 0x00, 0x00, 0x00, 0x00, 0x00, 0x00,
    0x00, 0x00, 0x00, 0x00, 0x00, 0x00, 0x00, 0x00, 0xf8, 0x07, 0x00, 0x00, 0x00, 0x80, 0xff, 0x7f,
    0x00, 0x00, 0x00, 0xc0, 0xff, 0xff, 0x00, 0x00, 0x00, 0xf0, 0xff, 0xff, 0x03, 0x00, 0x00, 0xf8,
    0x03, 0xf0, 0x07, 0x00, 0x00, 0x78, 0x00, 0x80, 0x07, 0x00, 0x00, 0x3c, 0x00, 0x00, 0x0f, 0x00,
    0x00, 0x1c, 0x00, 0x00, 0x0e, 0x00, 0x00, 0x1e, 0x00, 0x00, 0x1e, 0x00, 0x00, 0x0e, 0x00, 0x00,
    0x1c, 0x00, 0x60, 0x0e, 0x00, 0x00, 0x1c, 0x00, 0x70, 0x0e, 0x00, 0x00, 0x1c, 0x00, 0x7c, 0x0e,
    0x00, 0x00, 0x1c, 0x00, 0x3e, 0x0e, 0x00, 0x00, 0x1c, 0x00, 0x1e, 0x1e, 0x00, 0x00, 0x1c, 0x00,
    0x06, 0x1c, 0x00, 0x00, 0x0e, 0x00, 0x02, 0x3c, 0x00, 0x00, 0x0f, 0x00, 0x00, 0x7c, 0x00, 0x80,
    0x0f, 0x00, 0x00, 0xf8, 0x07, 0xf0, 0x07, 0x00, 0x00, 0xf0, 0x07, 0xf0, 0x03, 0x00, 0x00, 0xe0,
    0x07, 0xf0, 0x01, 0x00, 0x00, 0x00, 0x07, 0x70, 0x00, 0x00, 0x00, 0x00, 0x00, 0x00, 0x00, 0x00,
    0x00, 0x00, 0x00, 0x00, 0x00, 0x00, 0x00, 0x00, 0x00, 0x00, 0x00, 0x00, 0x00, 0x00, 0xc0, 0x7f,
    0x00, 0x00, 0x00, 0x00, 0xf0, 0xff, 0x01, 0x00, 0x00, 0x00, 0xf8, 0xff, 0x03, 0x00, 0x00, 0x00,
    0xfc, 0xf1, 0x07, 0x00, 0x00, 0x00, 0x1e, 0x00, 0x0f, 0x00, 0x00, 0x00, 0x0e, 0x00, 0x0e, 0x00,
    0x00, 0x00, 0x0f, 0x00, 0x1e, 0x00, 0x00, 0x18, 0x07, 0x00, 0x1c, 0x00, 0x00, 0x1c, 0x07, 0x00,
    0x1c, 0x00, 0x00, 0x1f, 0x07, 0x00, 0x1c, 0x00, 0x80, 0x0f, 0x07, 0x00, 0x1c, 0x00, 0x80, 0x07,
    0x0f, 0x00, 0x1c, 0x00, 0x80, 0x01, 0x0e, 0x00, 0x0e, 0x00, 0x80, 0x00, 0x3e, 0x00, 0x0f, 0x00,
    0x00, 0x00, 0xfc, 0xc0, 0x07, 0x00, 0x00, 0x00, 0xf8, 0xc0, 0x03, 0x00, 0x00, 0x00, 0xf0, 0xc0,
    0x01, 0x00, 0x00, 0x00, 0x80, 0x40, 0x00, 0x00, 0x00, 0x00, 0x00, 0x00, 0x00, 0x00, 0x00, 0x00,
    0x00, 0x00, 0x00, 0x00, 0x00, 0x00, 0x00, 0x00, 0x00, 0x00, 0x00, 0x00, 0xf8, 0x07, 0x00, 0x00,
    0x00, 0x80, 0xff, 0x7f, 0x00, 0x00, 0x00, 0xc0, 0xff, 0xff, 0x00, 0x00, 0x00, 0xf0, 0xff, 0xff,
    0x03, 0x00, 0x00, 0xf8, 0x03, 0xf0, 0x07, 0x00, 0x00, 0x78, 0x00, 0x80, 0x07, 0x00, 0x60, 0x3c,
    0x00, 0x00, 0x0f, 0x00, 0x70, 0x1c, 0x00, 0x00, 0x0e, 0x00, 0x78, 0x1e, 0x00, 0x00, 0x1e, 0x00,
    0x3c, 0x0e, 0x00, 0x00, 0x1c, 0x00, 0x0e, 0x0e, 0x00, 0x00, 0x1c, 0x00, 0x0e, 0x0e, 0x00, 0x00,
    0x1c, 0x00, 0x1e, 0x0e, 0x00, 0x00, 0x1c, 0x00, 0x3c, 0x0e, 0x00, 0x00, 0x1c, 0x00, 0x70, 0x1e,
    0x00, 0x00, 0x1c, 0x00, 0x60, 0x1c, 0x00, 0x00, 0x0e, 0x00, 0x40, 0x3c, 0x00, 0x00, 0x0f, 0x00,
    0x00, 0x7c, 0x00, 0x80, 0x0f, 0x00, 0x00, 0xf8, 0x07, 0xf0, 0x07, 0x00, 0x00, 0xf0, 0x07, 0xf0,
    0x03, 0x00, 0x00, 0xe0, 0x07, 0xf0, 0x01, 0x00, 0x00, 0x00, 0x07, 0x70, 0x00, 0x00, 0x00, 0x00,
    0x00, 0x00, 0x00, 0x00, 0x00, 0x00, 0x00, 0x00, 0x00, 0x00, 0x00, 0x00, 0x00, 0x00, 0x00, 0x00,
    0x00, 0x00, 0xc0, 0x7f, 0x00, 0x00, 0x00, 0x00, 0xf0, 0xff, 0x01, 0x00, 0x00, 0x00, 0xf8, 0xff,
    0x03, 0x00, 0x00, 0x18, 0xfc, 0xf1, 0x07, 0x00, 0x00, 0x1c, 0x1e, 0x00, 0x0f, 0x00, 0x00, 0x1e,
    0x0e, 0x00, 0x0e, 0x00, 0x00, 0x0f, 0x0f, 0x00, 0x1e, 0x00, 0x80, 0x03, 0x07, 0x00, 0x1c, 0x00,
    0x80, 0x03, 0x07, 0x00, 0x1c, 0x00, 0x80, 0x07, 0x07, 0x00, 0x1c, 0x00, 0x00, 0x0f, 0x07, 0x00,
    0x1c, 0x00, 0x00, 0x1c, 0x0f, 0x00, 0x1c, 0x00, 0x00, 0x18, 0x0e, 0x00, 0x0e, 0x00, 0x00, 0x10,
    0x3e, 0x00, 0x0f, 0x00, 0x00, 0x00, 0xfc, 0xc0, 0x07, 0x00, 0x00, 0x00, 0xf8, 0xc0, 0x03, 0x00,
    0x00, 0x00, 0xf0, 0xc0, 0x01, 0x00, 0x00, 0x00, 0x80, 0x40, 0x00, 0x00, 0x00, 0x00, 0x00, 0x00,
    0x00, 0x00, 0x00, 0x00, 0x00, 0x00, 0x00, 0x00, 0x00, 0x00, 0x00, 0x00, 0x00, 0x00, 0x00, 0x00,
    0xf8, 0x07, 0x00, 0x00, 0x00, 0x80, 0xff, 0x7f, 0x00, 0x00, 0x00, 0xc0, 0xff, 0xff, 0x00, 0x00,
    0x00, 0xf0, 0xff, 0xff, 0x03, 0x00, 0x00, 0xf8, 0x03, 0xf0, 0x07, 0x00, 0x00, 0x78, 0x00, 0x80,
    0x07, 0x00, 0x00, 0x3c, 0x00, 0x00, 0x0f, 0x00, 0x00, 0x1c, 0x00, 0x00, 0x0e, 0x00, 0x00, 0x1e,
    0x00, 0x00, 0x1e, 0x00, 0x3c, 0x0e, 0x00, 0x00, 0x1c, 0x00, 0x3c, 0x0e, 0x00, 0x00, 0x1c, 0x00,
    0x3c, 0x0e, 0x00, 0x00, 0x1c, 0x00, 0x1c, 0x0e, 0x00, 0x00, 0x1c, 0x00, 0x00, 0x0e, 0x00, 0x00,
    0x1c, 0x00, 0x00, 0x1e, 0x00, 0x00, 0x1c, 0x00, 0x00, 0x1c, 0x00, 0x00, 0x0e, 0x00, 0x00, 0x3c,
    0x00, 0x00, 0x0f, 0x00, 0x00, 0x7c, 0x00, 0x80, 0x0f, 0x00, 0x00, 0xf8, 0x07, 0xf0, 0x07, 0x00,
    0x00, 0xf0, 0x07, 0xf0, 0x03, 0x00, 0x00, 0xe0, 0x07, 0xf0, 0x01, 0x00, 0x00, 0x00, 0x07, 0x70,
    0x00, 0x00, 0x00, 0x00, 0x00, 0x00, 0x00, 0x00, 0x00, 0x00, 0x00, 0x00, 0x00, 0x00, 0x00, 0x00,
    0x00, 0x00, 0x00, 0x00, 0x00, 0x00, 0xc0, 0x7f, 0x00, 0x00, 0x00, 0x00, 0xf0, 0xff, 0x01, 0x00,
    0x00, 0x00, 0xf8, 0xff, 0x03, 0x00, 0x00, 0x00, 0xfc, 0xf1, 0x07, 0x00, 0x00, 0x00, 0x1e, 0x00,
    0x0f, 0x00, 0x00, 0x00, 0x0e, 0x00, 0x0e, 0x00, 0x00, 0x00, 0x0f, 0x00, 0x1e, 0x00, 0x00, 0x1e,
    0x07, 0x00, 0x1c, 0x00, 0x00, 0x1e, 0x07, 0x00, 0x1c, 0x00, 0x00, 0x1e, 0x07, 0x00, 0x1c, 0x00,
    0x00, 0x0e, 0x07, 0x00, 0x1c, 0x00, 0x00, 0x00, 0x0f, 0x00, 0x1c, 0x00, 0x00, 0x00, 0x0e, 0x00,
    0x0e, 0x00, 0x00, 0x00, 0x3e, 0x00, 0x0f, 0x00, 0x00, 0x00, 0xfc, 0xc0, 0x07, 0x00, 0x00, 0x00,
    0xf8, 0xc0, 0x03, 0x00, 0x00, 0x00, 0xf0, 0xc0, 0x01, 0x00, 0x00, 0x00, 0x80, 0x40, 0x00, 0x00,
    0x00, 0x00, 0x00, 0x00, 0x00, 0x00, 0x00, 0x00, 0x00, 0x00, 0x00, 0x00, 0x00, 0x00, 0x00, 0x00,
    0x00, 0x00, 0x00, 0x00, 0xf8, 0x07, 0x00, 0x00, 0x00, 0x80, 0xff, 0x7f, 0x00, 0x00, 0x00, 0xc0,
    0xff, 0xff, 0x00, 0x00, 0x00, 0xf0, 0xff, 0xff, 0x03, 0x00, 0x00, 0xf8, 0x03, 0xf0, 0x07, 0x00,
    0x00, 0x78, 0x00, 0x80, 0x07, 0x00, 0x02, 0x3c, 0x00, 0x00, 0x0f, 0x00, 0x06, 0x1c, 0x00, 0x00,
    0x0e, 0x00, 0x0e, 0x1e, 0x00, 0x00, 0x1e, 0x00, 0x3c, 0x0e, 0x00, 0x00, 0x1c, 0x00, 0x78, 0x0e,
    0x00, 0x00, 0x1c, 0x00, 0x70, 0x0e, 0x00, 0x00, 0x1c, 0x00, 0x70, 0x0e, 0x00, 0x00, 0x1c, 0x00,
    0x3c, 0x0e, 0x00, 0x00, 0x1c, 0x00, 0x1e, 0x1e, 0x00, 0x00, 0x1c, 0x00, 0x0e, 0x1c, 0x00, 0x00,
    0x0e, 0x00, 0x06, 0x3c, 0x00, 0x00, 0x0f, 0x00, 0x02, 0x7c, 0x00, 0x80, 0x0f, 0x00, 0x00, 0xf8,
    0x07, 0xf0, 0x07, 0x00, 0x00, 0xf0, 0x07, 0xf0, 0x03, 0x00, 0x00, 0xe0, 0x07, 0xf0, 0x01, 0x00,
    0x00, 0x00, 0x07, 0x70, 0x00, 0x00, 0x00, 0x00, 0x00, 0x00, 0x00, 0x00, 0x00, 0x00, 0x00, 0x00,
    0x00, 0x00, 0x00, 0x00, 0x00, 0x00, 0x00, 0x00, 0x00, 0x00, 0xc0, 0x7f, 0x00, 0x00, 0x00, 0x00,
    0xf0, 0xff, 0x01, 0x00, 0x00, 0x00, 0xf8, 0xff, 0x03, 0x00, 0x80, 0x00, 0xfc, 0xf1, 0x07, 0x00,
    0x80, 0x01, 0x1e, 0x00, 0x0f, 0x00, 0x80, 0x03, 0x0e, 0x00, 0x0e, 0x00, 0x00, 0x0f, 0x0f, 0x00,
    0x1e, 0x00, 0x00, 0x1e, 0x07, 0x00, 0x1c, 0x00, 0x00, 0x1c, 0x07, 0x00, 0x1c, 0x00, 0x00, 0x1c,
    0x07, 0x00, 0x1c, 0x00, 0x00, 0x0f, 0x07, 0x00, 0x1c, 0x00, 0x80, 0x07, 0x0f, 0x00, 0x1c, 0x00,
    0x80, 0x03, 0x0e, 0x00, 0x0e, 0x00, 0x80, 0x01, 0x3e, 0x00, 0x0f, 0x00, 0x80, 0x00, 0xfc, 0xc0,
    0x07, 0x00, 0x00, 0x00, 0xf8, 0xc0, 0x03, 0x00, 0x00, 0x00, 0xf0, 0xc0, 0x01, 0x00, 0x00, 0x00,
    0x80, 0x40, 0x00, 0x00, 0x00, 0x00, 0x00, 0x00, 0x00, 0x00, 0x00, 0x00, 0x00, 0x00, 0x00, 0x00,
    0x00, 0x00, 0x00, 0x00, 0x00, 0x00, 0x00, 0x00, 0x00, 0x00, 0x00, 0x00, 0x00, 0xfe, 0xff, 0xff,
    0x1f, 0x00, 0x00, 0xfe, 0xff, 0xff, 0x1f, 0x00, 0x00, 0xfe, 0xff, 0xff, 0x1f, 0x00, 0x02, 0xfe,
    0xff, 0xff, 0x1f, 0x00, 0x06, 0x0e, 0x00, 0x00, 0x1c, 0x00, 0x0e, 0x0e, 0x00, 0x00, 0x1c, 0x00,
    0x3c, 0x0e, 0x00, 0x00, 0x1c, 0x00, 0x78, 0x0e, 0x00, 0x00, 0x1c, 0x00, 0x70, 0x0e, 0x00, 0x00,
    0x1c, 0x00, 0x70, 0x0e, 0x00, 0x00, 0x1c, 0x00, 0x3c, 0x0e, 0x00, 0x00, 0x1c, 0x00, 0x1e, 0x1e,
    0x00, 0x00, 0x1e, 0x00, 0x0e, 0x1c, 0x00, 0x00, 0x0e, 0x00, 0x06, 0x3c, 0x00, 0x00, 0x0f, 0x00,
    0x02, 0x3c, 0x00, 0x00, 0x0f, 0x00, 0x00, 0xf8, 0x00, 0xc0, 0x07, 0x00, 0x00, 0xf0, 0x03, 0xf0,
    0x03, 0x00, 0x00, 0xe0, 0xff, 0xff, 0x01, 0x00, 0x00, 0xc0, 0xff, 0xff, 0x00, 0x00, 0x00, 0x00,
    0xff, 0x7f, 0x00, 0x00, 0x00, 0x00, 0xfc, 0x0f, 0x00, 0x00, 0x00, 0x00, 0x00, 0x00, 0x00, 0x00,
    0x00, 0x00, 0x00, 0x00, 0x00, 0x00, 0x00, 0x00, 0x00, 0x00, 0x00, 0x00, 0x00, 0x00, 0xc0, 0x7f,
    0x00, 0x00, 0x00, 0x00, 0xf0, 0xff, 0x01, 0x00, 0x00, 0x00, 0xfc, 0xff, 0x07, 0x00, 0x00, 0x00,
    0xfc, 0xfb, 0x07, 0x00, 0x00, 0x00, 0x3e, 0x80, 0x0f, 0x00, 0x00, 0x00, 0x0f, 0x00, 0x1e, 0x00,
    0x00, 0x00, 0x0f, 0x00, 0x1e, 0x00, 0x00, 0x00, 0x07, 0x00, 0x1c, 0x00, 0x00, 0x00, 0x07, 0x00,
    0x1c, 0x00, 0x00, 0x00, 0x07, 0x00, 0x1c, 0x00, 0x00, 0x00, 0x07, 0x00, 0x1c, 0x00, 0x00, 0x00,
    0x0e, 0x00, 0x0e, 0x00, 0x00, 0x00, 0x0e, 0x00, 0x0e, 0x00, 0x00, 0x00, 0x1c, 0x00, 0x07, 0x00,
    0x80, 0xff, 0xff, 0xff, 0x1f, 0x00, 0x80, 0xff, 0xff, 0xff, 0x1f, 0x00, 0x80, 0xff, 0xff, 0xff,
    0x1f, 0x00, 0x80, 0xff, 0xff, 0xff, 0x1f, 0x00, 0x00, 0x00, 0x00, 0x00, 0x00, 0x00, 0x00, 0x30,
    0x00, 0x00, 0x00, 0x00, 0x80, 0x7f, 0x00, 0x00, 0x00, 0x00, 0x80, 0x3f, 0x00, 0x00, 0x00, 0x00,
    0x80, 0x1f, 0x00, 0x00, 0x00, 0x00, 0x80, 0x03, 0x00, 0x00, 0x00, 0x00, 0x00, 0x00, 0x00, 0x00,
    0x00, 0x00, 0x00, 0x00, 0x00, 0x00, 0x00, 0x00, 0x00, 0x00, 0xe0, 0x00, 0x00, 0x00, 0x00, 0x00,
    0xe0, 0x00, 0x00, 0x00, 0x00, 0x00, 0xe0, 0x00, 0x00, 0x00, 0x00, 0xfe, 0xff, 0xff, 0x1f, 0x00,
    0x00, 0xfe, 0xff, 0xff, 0x1f, 0x00, 0x00, 0xfe, 0xff, 0xff, 0x1f, 0x00, 0x00, 0xfe, 0xff, 0xff,
    0x1f, 0x00, 0x00, 0x0e, 0xe0, 0x00, 0x1c, 0x00, 0x00, 0x0e, 0xe0, 0x00, 0x1c, 0x00, 0x00, 0x0e,
    0xe0, 0x00, 0x1c, 0x00, 0x00, 0x0e, 0xe0, 0x00, 0x1c, 0x00, 0x00, 0x0e, 0xe0, 0x00, 0x1c, 0x00,
    0x00, 0x0e, 0x00, 0x00, 0x1c, 0x00, 0x00, 0x0e, 0x00, 0x00, 0x1c, 0x00, 0x00, 0x1e, 0x00, 0x00,
    0x1e, 0x00, 0x00, 0x1c, 0x00, 0x00, 0x0e, 0x00, 0x00, 0x3c, 0x00, 0x00, 0x0f, 0x00, 0x00, 0x78,
    0x00, 0x80, 0x07, 0x00, 0x00, 0xf8, 0x00, 0xc0, 0x07, 0x00, 0x00, 0xf0, 0x07, 0xf8, 0x03, 0x00,
    0x00, 0xe0, 0xff, 0xff, 0x01, 0x00, 0x00, 0xc0, 0xff, 0xff, 0x00, 0x00, 0x00, 0x00, 0xfe, 0x1f,
    0x00, 0x00, 0x00, 0x00, 0x00, 0x00, 0x00, 0x00, 0x00, 0x00, 0x00, 0x00, 0x00, 0x00, 0x00, 0x00,
    0x00, 0x00, 0x00, 0x00, 0x00, 0x00, 0xc0, 0x7f, 0x00, 0x00, 0x00, 0x00, 0xf0, 0xff, 0x01, 0x00,
    0x00, 0x00, 0xfc, 0xff, 0x07, 0x00, 0x00, 0x00, 0xfc, 0xfb, 0x07, 0x00, 0x00, 0x00, 0x3e, 0x80,
    0x0f, 0x00, 0x00, 0x00, 0x0f, 0x00, 0x1e, 0x00, 0x00, 0x00, 0x0f, 0x00, 0x1e, 0x00, 0x00, 0x00,
    0x07, 0x00, 0x1c, 0x00, 0x00, 0x00, 0x07, 0x00, 0x1c, 0x00, 0x00, 0x1c, 0x07, 0x00, 0x1c, 0x00,
    0x00, 0x1c, 0x07, 0x00, 0x1c, 0x00, 0x00, 0x1c, 0x0e, 0x00, 0x0e, 0x00, 0x00, 0x1c, 0x0e, 0x00,
    0x0e, 0x00, 0x00, 0x1c, 0x1c, 0x00, 0x07, 0x00, 0x80, 0xff, 0xff, 0xff, 0x1f, 0x00, 0x80, 0xff,
    0xff, 0xff, 0x1f, 0x00, 0x80, 0xff, 0xff, 0xff, 0x1f, 0x00, 0x80, 0xff, 0xff, 0xff, 0x1f, 0x00,
    0x00, 0x1c, 0x00, 0x00, 0x00, 0x00, 0x00, 0x1c, 0x00, 0x00, 0x00, 0x00, 0x00, 0x1c, 0x00, 0x00,
    0x00, 0x00, 0x00, 0x00, 0x00, 0x00, 0x00, 0x00, 0x00, 0x00, 0x00, 0x00, 0x00, 0x00, 0x00, 0x00,
    0x00, 0x00, 0x00, 0x00, 0x00, 0x00, 0x00, 0x00, 0x00, 0x00, 0x00, 0xfe, 0xff, 0xff, 0x1f, 0x00,
    0x00, 0xfe, 0xff, 0xff, 0x1f, 0x00, 0x00, 0xfe, 0xff, 0xff, 0x1f, 0x00, 0x38, 0xfe, 0xff, 0xff,
    0x1f, 0x00, 0x38, 0x0e, 0xe0, 0x00, 0x1c, 0x00, 0x38, 0x0e, 0xe0, 0x00, 0x1c, 0x00, 0x38, 0x0e,
    0xe0, 0x00, 0x1c, 0x00, 0x38, 0x0e, 0xe0, 0x00, 0x1c, 0x00, 0x38, 0x0e, 0xe0, 0x00, 0x1c, 0x00,
    0x38, 0x0e, 0xe0, 0x00, 0x1c, 0x00, 0x38, 0x0e, 0xe0, 0x00, 0x1c, 0x00, 0x38, 0x0e, 0xe0, 0x00,
    0x1c, 0x00, 0x38, 0x0e, 0xe0, 0x00, 0x1c, 0x00, 0x38, 0x0e, 0xe0, 0x00, 0x1c, 0x00, 0x38, 0x0e,
    0xe0, 0x00, 0x1c, 0x00, 0x38, 0x0e, 0xe0, 0x00, 0x1c, 0x00, 0x00, 0x0e, 0x00, 0x00, 0x1c, 0x00,
    0x00, 0x0e, 0x00, 0x00, 0x1c, 0x00, 0x00, 0x00, 0x00, 0x00, 0x00, 0x00, 0x00, 0x00, 0x00, 0x00,
    0x00, 0x00, 0x00, 0x00, 0x00, 0x00, 0x00, 0x00, 0x00, 0x00, 0xc0, 0x7f, 0x00, 0x00, 0x00, 0x00,
    0xf0, 0xff, 0x01, 0x00, 0x00, 0x00, 0xf8, 0xff, 0x03, 0x00, 0x00, 0x0e, 0xfc, 0xf7, 0x07, 0x00,
    0x00, 0x0e, 0x3e, 0x87, 0x0f, 0x00, 0x00, 0x0e, 0x0e, 0x07, 0x0f, 0x00, 0x00, 0x0e, 0x0f, 0x07,
    0x1e, 0x00, 0x00, 0x0e, 0x07, 0x07, 0x1c, 0x00, 0x00, 0x0e, 0x07, 0x07, 0x1c, 0x00, 0x00, 0x0e,
    0x07, 0x07, 0x1c, 0x00, 0x00, 0x0e, 0x07, 0x07, 0x1c, 0x00, 0x00, 0x0e, 0x07, 0x07, 0x1c, 0x00,
    0x00, 0x0e, 0x0e, 0x07, 0x1e, 0x00, 0x00, 0x0e, 0x1e, 0x07, 0x0e, 0x00, 0x00, 0x0e, 0xfc, 0x07,
    0x0f, 0x00, 0x00, 0x0e, 0xf8, 0x87, 0x07, 0x00, 0x00, 0x00, 0xf0, 0x07, 0x03, 0x00, 0x00, 0x00,
    0x80, 0x07, 0x00, 0x00, 0x00, 0x00, 0x00, 0x00, 0x00, 0x00, 0x00, 0x00, 0x00, 0x00, 0x00, 0x00,
    0x00, 0x00, 0x00, 0x00, 0x00, 0x00, 0x00, 0x00, 0x00, 0x00, 0x00, 0x00, 0x00, 0xfe, 0xff, 0xff,
    0x1f, 0x00, 0x00, 0xfe, 0xff, 0xff, 0x1f, 0x00, 0x00, 0xfe, 0xff, 0xff, 0x1f, 0x00, 0x00, 0xfe,
    0xff, 0xff, 0x1f, 0x00, 0x1c, 0x0e, 0xe0, 0x00, 0x1c, 0x00, 0x3c, 0x0e, 0xe0, 0x00, 0x1c, 0x00,
    0x7c, 0x0e, 0xe0, 0x00, 0x1c, 0x00, 0x70, 0x0e, 0xe0, 0x00, 0x1c, 0x00, 0x60, 0x0e, 0xe0, 0x00,
    0x1c, 0x00, 0x60, 0x0e, 0xe0, 0x00, 0x1c, 0x00, 0x60, 0x0e, 0xe0, 0x00, 0x1c, 0x00, 0x70, 0x0e,
    0xe0, 0x00, 0x1c, 0x00, 0x3c, 0x0e, 0xe0, 0x00, 0x1c, 0x00, 0x3c, 0x0e, 0xe0, 0x00, 0x1c, 0x00,
    0x1c, 0x0e, 0xe0, 0x00, 0x1c, 0x00, 0x00, 0x0e, 0xe0, 0x00, 0x1c, 0x00, 0x00, 0x0e, 0x00, 0x00,
    0x1c, 0x00, 0x00, 0x0e, 0x00, 0x00, 0x1c, 0x00, 0x00, 0x00, 0x00, 0x00, 0x00, 0x00, 0x00, 0x00,
    0x00, 0x00, 0x00, 0x00, 0x00, 0x00, 0x00, 0x00, 0x00, 0x00, 0x00, 0x00, 0xc0, 0x7f, 0x00, 0x00,
    0x00, 0x00, 0xf0, 0xff, 0x01, 0x00, 0x00, 0x00, 0xf8, 0xff, 0x03, 0x00, 0x00, 0x00, 0xfc, 0xf7,
    0x07, 0x00, 0x00, 0x0e, 0x3e, 0x87, 0x0f, 0x00, 0x00, 0x1e, 0x0e, 0x07, 0x0f, 0x00, 0x00, 0x3e,
    0x0f, 0x07, 0x1e, 0x00, 0x00, 0x38, 0x07, 0x07, 0x1c, 0x00, 0x00, 0x30, 0x07, 0x07, 0x1c, 0x00,
    0x00, 0x30, 0x07, 0x07, 0x1c, 0x00, 0x00, 0x30, 0x07, 0x07, 0x1c, 0x00, 0x00, 0x38, 0x07, 0x07,
    0x1c, 0x00, 0x00, 0x1e, 0x0e, 0x07, 0x1e, 0x00, 0x00, 0x1e, 0x1e, 0x07, 0x0e, 0x00, 0x00, 0x0e,
    0xfc, 0x07, 0x0f, 0x00, 0x00, 0x00, 0xf8, 0x87, 0x07, 0x00, 0x00, 0x00, 0xf0, 0x07, 0x03, 0x00,
    0x00, 0x00, 0x80, 0x07, 0x00, 0x00, 0x00, 0x00, 0x00, 0x00, 0x00, 0x00, 0x00, 0x00, 0x00, 0x00,
    0x00, 0x00, 0x00, 0x00, 0x00, 0x00, 0x00, 0x00, 0x00, 0x00, 0x00, 0x00, 0x00, 0x00, 0x00, 0xfe,
    0xff, 0xff, 0x1f, 0x00, 0x00, 0xfe, 0xff, 0xff, 0x1f, 0x00, 0x00, 0xfe, 0xff, 0xff, 0x1f, 0x00,
    0x00, 0xfe, 0xff, 0xff, 0x1f, 0x00, 0x00, 0x0e, 0xe0, 0x00, 0x1c, 0x00, 0x00, 0x0e, 0xe0, 0x00,
    0x1c, 0x00, 0x00, 0x0e, 0xe0, 0x00, 0x1c, 0x00, 0x3c, 0x0e, 0xe0, 0x00, 0x1c, 0x00, 0x3c, 0x0e,
    0xe0, 0x00, 0x1c, 0x00, 0x3c, 0x0e, 0xe0, 0x00, 0x1c, 0x00, 0x1c, 0x0e, 0xe0, 0x00, 0x1c, 0x00,
    0x00, 0x0e, 0xe0, 0x00, 0x1c, 0x00, 0x00, 0x0e, 0xe0, 0x00, 0x1c, 0x00, 0x00, 0x0e, 0xe0, 0x00,
    0x1c, 0x00, 0x00, 0x0e, 0xe0, 0x00, 0x1c, 0x00, 0x00, 0x0e, 0xe0, 0x00, 0x1c, 0x00, 0x00, 0x0e,
    0x00, 0x00, 0x1c, 0x00, 0x00, 0x0e, 0x00, 0x00, 0x1c, 0x00, 0x00, 0x00, 0x00, 0x00, 0x00, 0x00,
    0x00, 0x00, 0x00, 0x00, 0x00, 0x00, 0x00, 0x00, 0x00, 0x00, 0x00, 0x00, 0x00, 0x00, 0xc0, 0x7f,
    0x00, 0x00, 0x00, 0x00, 0xf0, 0xff, 0x01, 0x00, 0x00, 0x00, 0xf8, 0xff, 0x03, 0x00, 0x00, 0x00,
    0xfc, 0xf7, 0x07, 0x00, 0x00, 0x00, 0x3e, 0x87, 0x0f, 0x00, 0x00, 0x00, 0x0e, 0x07, 0x0f, 0x00,
    0x00, 0x00, 0x0f, 0x07, 0x1e, 0x00, 0x00, 0x1e, 0x07, 0x07, 0x1c, 0x00, 0x00, 0x1e, 0x07, 0x07,
    0x1c, 0x00, 0x00, 0x1e, 0x07, 0x07, 0x1c, 0x00, 0x00, 0x0e, 0x07, 0x07, 0x1c, 0x00, 0x00, 0x00,
    0x07, 0x07, 0x1c, 0x00, 0x00, 0x00, 0x0e, 0x07, 0x1e, 0x00, 0x00, 0x00, 0x1e, 0x07, 0x0e, 0x00,
    0x00, 0x00, 0xfc, 0x07, 0x0f, 0x00, 0x00, 0x00, 0xf8, 0x87, 0x07, 0x00, 0x00, 0x00, 0xf0, 0x07,
    0x03, 0x00, 0x00, 0x00, 0x80, 0x07, 0x00, 0x00, 0x00, 0x00, 0x00, 0x00, 0x00, 0x00, 0x00, 0x00,
    0x00, 0x00, 0x00, 0x00, 0x00, 0x00, 0x00, 0x00, 0x00, 0x00, 0x00, 0x00, 0x00, 0x00, 0x00, 0x00,
    0x00, 0xfe, 0xff, 0xff, 0x1f, 0x00, 0x00, 0xfe, 0xff, 0xff, 0x1f, 0x00, 0x00, 0xfe, 0xff, 0xff,
    0x1f, 0x00, 0x00, 0xfe, 0xff, 0xff, 0x1f, 0x00, 0x00, 0x0e, 0xe0, 0x00, 0x1c, 0x00, 0x00, 0x0e,
    0xe0, 0x00, 0x1c, 0x00, 0x00, 0x0e, 0xe0, 0x00, 0x1c, 0x00, 0x00, 0x0e, 0xe0, 0x00, 0x1c, 0x00,
    0x00, 0x0e, 0xe0, 0x00, 0x1c, 0x00, 0x00, 0x0e, 0xe0, 0x00, 0x1c, 0x00, 0x00, 0x0e, 0xe0, 0x00,
    0x1c, 0x02, 0x00, 0x0e, 0xe0, 0x00, 0x9c, 0x0f, 0x00, 0x0e, 0xe0, 0x00, 0xdc, 0x1f, 0x00, 0x0e,
    0xe0, 0x00, 0xfc, 0x1f, 0x00, 0x0e, 0xe0, 0x00, 0x7c, 0x1c, 0x00, 0x0e, 0xe0, 0x00, 0x3c, 0x1c,
    0x00, 0x0e, 0x00, 0x00, 0x1c, 0x1c, 0x00, 0x0e, 0x00, 0x00, 0x1c, 0x00, 0x00, 0x00, 0x00, 0x00,
    0x00, 0x00, 0x00, 0x00, 0x00, 0x00, 0x00, 0x00, 0x00, 0x00, 0x00, 0x00, 0x00, 0x00, 0x00, 0x00,
    0xc0, 0x7f, 0x00, 0x00, 0x00, 0x00, 0xf0, 0xff, 0x01, 0x00, 0x00, 0x00, 0xf8, 0xff, 0x03, 0x00,
    0x00, 0x00, 0xfc, 0xff, 0x07, 0x00, 0x00, 0x00, 0x3e, 0x8e, 0x0f, 0x00, 0x00, 0x00, 0x0e, 0x0e,
    0x0f, 0x00, 0x00, 0x00, 0x0f, 0x0e, 0x1e, 0x00, 0x00, 0x00, 0x07, 0x0e, 0x1c, 0x03, 0x00, 0x00,
    0x07, 0x0e, 0xdc, 0x0f, 0x00, 0x00, 0x07, 0x0e, 0xfc, 0x1f, 0x00, 0x00, 0x07, 0x0e, 0xfc, 0x1f,
    0x00, 0x00, 0x0f, 0x0e, 0x3c, 0x1c, 0x00, 0x00, 0x0e, 0x0e, 0x1e, 0x1c, 0x00, 0x00, 0x3e, 0x0e,
    0x0e, 0x1c, 0x00, 0x00, 0xfc, 0x0f, 0x0f, 0x00, 0x00, 0x00, 0xf8, 0x8f, 0x07, 0x00, 0x00, 0x00,
    0xf0, 0x0f, 0x03, 0x00, 0x00, 0x00, 0x80, 0x0f, 0x00, 0x00, 0x00, 0x00, 0x00, 0x00, 0x00, 0x00,
    0x00, 0x00, 0x00, 0x00, 0x00, 0x00, 0x00, 0x00, 0x00, 0x00, 0x00, 0x00, 0x00, 0x00, 0x00, 0x00,
    0x00, 0x00, 0x00, 0xfe, 0xff, 0xff, 0x1f, 0x00, 0x00, 0xfe, 0xff, 0xff, 0x1f, 0x00, 0x00, 0xfe,
    0xff, 0xff, 0x1f, 0x00, 0x02, 0xfe, 0xff, 0xff, 0x1f, 0x00, 0x06, 0x0e, 0xe0, 0x00, 0x1c, 0x00,
    0x0e, 0x0e, 0xe0, 0x00, 0x1c, 0x00, 0x3c, 0x0e, 0xe0, 0x00, 0x1c, 0x00, 0x78, 0x0e, 0xe0, 0x00,
    0x1c, 0x00, 0x70, 0x0e, 0xe0, 0x00, 0x1c, 0x00, 0x70, 0x0e, 0xe0, 0x00, 0x1c, 0x00, 0x3c, 0x0e,
    0xe0, 0x00, 0x1c, 0x00, 0x1e, 0x0e, 0xe0, 0x00, 0x1c, 0x00, 0x0e, 0x0e, 0xe0, 0x00, 0x1c, 0x00,
    0x06, 0x0e, 0xe0, 0x00, 0x1c, 0x00, 0x02, 0x0e, 0xe0, 0x00, 0x1c, 0x00, 0x00, 0x0e, 0xe0, 0x00,
    0x1c, 0x00, 0x00, 0x0e, 0x00, 0x00, 0x1c, 0x00, 0x00, 0x0e, 0x00, 0x00, 0x1c, 0x00, 0x00, 0x00,
    0x00, 0x00, 0x00, 0x00, 0x00, 0x00, 0x00, 0x00, 0x00, 0x00, 0x00, 0x00, 0x00, 0x00, 0x00, 0x00,
    0x00, 0x00, 0xc0, 0x7f, 0x00, 0x00, 0x00, 0x00, 0xf0, 0xff, 0x01, 0x00, 0x00, 0x00, 0xf8, 0xff,
    0x03, 0x00, 0x80, 0x00, 0xfc, 0xf7, 0x07, 0x00, 0x80, 0x01, 0x3e, 0x87, 0x0f, 0x00, 0x80, 0x03,
    0x0e, 0x07, 0x0f, 0x00, 0x00, 0x0f, 0x0f, 0x07, 0x1e, 0x00, 0x00, 0x1e, 0x07, 0x07, 0x1c, 0x00,
    0x00, 0x1c, 0x07, 0x07, 0x1c, 0x00, 0x00, 0x1c, 0x07, 0x07, 0x1c, 0x00, 0x00, 0x0f, 0x07, 0x07,
    0x1c, 0x00, 0x80, 0x07, 0x07, 0x07, 0x1c, 0x00, 0x80, 0x03, 0x0e, 0x07, 0x1e, 0x00, 0x80, 0x01,
    0x1e, 0x07, 0x0e, 0x00, 0x80, 0x00, 0xfc, 0x07, 0x0f, 0x00, 0x00, 0x00, 0xf8, 0x87, 0x07, 0x00,
    0x00, 0x00, 0xf0, 0x07, 0x03, 0x00, 0x00, 0x00, 0x80, 0x07, 0x00, 0x00,
};

static const uint16_t mf_bwfont_Roboto_Regular40bw_glyph_offsets_2[125] PROGMEM = {
    0x0000, 0x0000, 0x0008, 0x001d, 0x0034, 0x004f, 0x0064, 0x006c,
    0x0083, 0x0093, 0x00b2, 0x00c2, 0x00d3, 0x00e7, 0x00f2, 0x0110,
    0x0121, 0x012e, 0x0143, 0x0151, 0x015f, 0x016a, 0x017f, 0x0190,
    0x0198, 0x01a1, 0x01ac, 0x01bd, 0x01cf, 0x01ec, 0x020a, 0x0229,
    0x023b, 0x0255, 0x026f, 0x0289, 0x02a3, 0x02bd, 0x02d7, 0x02fd,
    0x0316, 0x032c, 0x0342, 0x0358, 0x036e, 0x0376, 0x0382, 0x038e,
    0x039b, 0x03b4, 0x03ce, 0x03e8, 0x0402, 0x041c, 0x0436, 0x0450,
    0x0464, 0x047e, 0x0496, 0x04ae, 0x04c6, 0x04de, 0x04f6, 0x050d,
    0x0524, 0x0539, 0x054e, 0x0563, 0x0578, 0x058d, 0x05a2, 0x05c3,
    0x05d8, 0x05ed, 0x0602, 0x0617, 0x062c, 0x0634, 0x0640, 0x064c,
    0x0659, 0x066f, 0x0683, 0x0699, 0x06af, 0x06c5, 0x06db, 0x06f1,
    0x0707, 0x071d, 0x0731, 0x0745, 0x0759, 0x076d, 0x0780, 0x0796,
    0x07a9, 0x07c3, 0x07d8, 0x07f2, 0x0807, 0x0821, 0x0836, 0x084f,
    0x0864, 0x087d, 0x0892, 0x08ab, 0x08c0, 0x08d9, 0x08ee, 0x0907,
    0x0922, 0x093b, 0x0953, 0x0969, 0x097e, 0x0994, 0x09a9, 0x09bf,
    0x09d4, 0x09ea, 0x09ff, 0x0a15, 0x0a2a,
};

static const uint8_t mf_bwfont_Roboto_Regular40bw_glyph_widths_2[124] PROGMEM = {
    0x0a, 0x0a, 0x16, 0x17, 0x1d, 0x15, 0x0a, 0x19, 0x11, 0x1f, 0x12, 0x13, 0x16, 0x0b, 0x1f, 0x12,
    0x0f, 0x15, 0x0f, 0x0f, 0x0d, 0x17, 0x14, 0x0a, 0x0a, 0x0f, 0x12, 0x13, 0x1d, 0x1f, 0x1f, 0x13,
    0x1a, 0x1a, 0x1a, 0x1a, 0x1a, 0x1a, 0x25, 0x1a, 0x17, 0x17, 0x17, 0x17, 0x0b, 0x0b, 0x0b, 0x0b,
    0x1b, 0x1d, 0x1c, 0x1c, 0x1c, 0x1c, 0x1c, 0x15, 0x1c, 0x1a, 0x1a, 0x1a, 0x1a, 0x18, 0x18, 0x18,
    0x16, 0x16, 0x16, 0x16, 0x16, 0x16, 0x22, 0x15, 0x15, 0x15, 0x15, 0x15, 0x0a, 0x0a, 0x0a, 0x0a,
    0x17, 0x16, 0x17, 0x17, 0x17, 0x17, 0x17, 0x17, 0x17, 0x16, 0x16, 0x16, 0x16, 0x13, 0x17, 0x13,
    0x1a, 0x16, 0x1a, 0x16, 0x1a, 0x16, 0x1a, 0x15, 0x1a, 0x15, 0x1a, 0x15, 0x1a, 0x15, 0x1a, 0x19,
    0x1b, 0x18, 0x17, 0x15, 0x17, 0x15, 0x17, 0x15, 0x17, 0x15, 0x17, 0x15,
};

static const uint8_t mf_bwfont_Roboto_Regular40bw_glyph_data_3[13068] PROGMEM = {
    0x00, 0x00, 0x00, 0x00, 0x00, 0x00, 0x00, 0x00, 0x00, 0x00, 0x00, 0x00, 0x00, 0x00, 0x00, 0x00,
    0x00, 0x00, 0x00, 0x00, 0x00, 0x00, 0x00, 0x00, 0x00, 0x00, 0xe0, 0x07, 0x00, 0x00, 0x00, 0x00,
    0xff, 0x7f, 0x00, 0x00, 0x00, 0x80, 0xff, 0xff, 0x01, 0x00, 0x00, 0xe0, 0xff, 0xff, 0x03, 0x00,
    0x00, 0xf0, 0x07, 0xf0, 0x07, 0x00, 0x00, 0xf0, 0x01, 0x80, 0x0f, 0x00, 0xc0, 0x78, 0x00, 0x00,
    0x1f, 0x00, 0xe0, 0x38, 0x00, 0x00, 0x1e, 0x00, 0xf0, 0x3c, 0x00, 0x00, 0x3c, 0x00, 0x78, 0x1c,
    0x00, 0x00, 0x3c, 0x00, 0x1c, 0x1c, 0x00, 0x00, 0x38, 0x00, 0x1c, 0x1c, 0x00, 0x00, 0x38, 0x00,
    0x3c, 0x1c, 0x00, 0x07, 0x38, 0x00, 0x78, 0x1c, 0x00, 0x07, 0x38, 0x00, 0xe0, 0x1c, 0x00, 0x07,
    0x38, 0x00, 0xc0, 0x3c, 0x00, 0x07, 0x38, 0x00, 0x80, 0x78, 0x00, 0x07, 0x3c, 0x00, 0x00, 0xf8,
    0x00, 0x07, 0x1c, 0x00, 0x00, 0xf0, 0x07, 0x07, 0x1e, 0x00, 0x00, 0xe0, 0x07, 0xff, 0x0f, 0x00,
    0x00, 0xc0, 0x07, 0xff, 0x0f, 0x00, 0x00, 0x00, 0x07, 0xff, 0x07, 0x00, 0x00, 0x00, 0x00, 0x00,
    0x00, 0x00, 0x00, 0x00, 0x00, 0x00, 0x00, 0x00, 0x00, 0x00, 0x00, 0x00, 0x00, 0x00, 0x00, 0x00,
    0x00, 0x00, 0x00, 0x00, 0x00, 0x00, 0x80, 0xff, 0x00, 0x00, 0x00, 0x00, 0xe0, 0xff, 0x03, 0x04,
    0x00, 0x00, 0xf8, 0xff, 0x0f, 0x0e, 0x00, 0x00, 0xf8, 0xff, 0x0f, 0x1e, 0x00, 0x30, 0x7c, 0x00,
    0x1f, 0x1c, 0x00, 0x38, 0x1e, 0x00, 0x3c, 0x1c, 0x00, 0x3c, 0x1e, 0x00, 0x3c, 0x38, 0x00, 0x1e,
    0x0e, 0x00, 0x38, 0x38, 0x00, 0x07, 0x0e, 0x00, 0x38, 0x38, 0x00, 0x07, 0x0e, 0x00, 0x38, 0x38,
    0x00, 0x0f, 0x0e, 0x00, 0x38, 0x38, 0x00, 0x1e, 0x1c, 0x00, 0x1c, 0x3c, 0x00, 0x38, 0x1c, 0x00,
    0x1c, 0x1c, 0x00, 0x30, 0x38, 0x00, 0x0e, 0x1f, 0x00, 0x20, 0xfe, 0xff, 0xff, 0x0f, 0x00, 0x00,
    0xfe, 0xff, 0xff, 0x07, 0x00, 0x00, 0xfe, 0xff, 0xff, 0x03, 0x00, 0x00, 0xfe, 0xff, 0xff, 0x00,
    0x00, 0x00, 0x00, 0x00, 0x00, 0x00, 0x00, 0x00, 0x00, 0x00, 0x00, 0x00, 0x00, 0x00, 0x00, 0x00,
    0x00, 0x00, 0x00, 0x00, 0x00, 0x00, 0x00, 0x00, 0x00, 0x00, 0xe0, 0x07, 0x00, 0x00, 0x00, 0x00,
    0xff, 0x7f, 0x00, 0x00, 0x00, 0x80, 0xff, 0xff, 0x01, 0x00, 0x00, 0xe0, 0xff, 0xff, 0x03, 0x00,
    0x00, 0xf0, 0x07, 0xf0, 0x07, 0x00, 0x00, 0xf0, 0x01, 0x80, 0x0f, 0x00, 0x38, 0x78, 0x00, 0x00,
    0x1f, 0x00, 0x78, 0x38, 0x00, 0x00, 0x1e, 0x00, 0xf8, 0x3c, 0x00, 0x00, 0x3c, 0x00, 0xe0, 0x1c,
    0x00, 0x00, 0x3c, 0x00, 0xc0, 0x1c, 0x00, 0x00, 0x38, 0x00, 0xc0, 0x1c, 0x00, 0x00, 0x38, 0x00,
    0xc0, 0x1c, 0x00, 0x07, 0x38, 0x00, 0xe0, 0x1c, 0x00, 0x07, 0x38, 0x00, 0x78, 0x1c, 0x00, 0x07,
    0x38, 0x00, 0x78, 0x3c, 0x00, 0x07, 0x38, 0x00, 0x38, 0x78, 0x00, 0x07, 0x3c, 0x00, 0x00, 0xf8,
    0x00, 0x07, 0x1c, 0x00, 0x00, 0xf0, 0x07, 0x07, 0x1e, 0x00, 0x00, 0xe0, 0x07, 0xff, 0x0f, 0x00,
    0x00, 0xc0, 0x07, 0xff, 0x0f, 0x00, 0x00, 0x00, 0x07, 0xff, 0x07, 0x00, 0x00, 0x00, 0x00, 0x00,
    0x00, 0x00, 0x00, 0x00, 0x00, 0x00, 0x00, 0x00, 0x00, 0x00, 0x00, 0x00, 0x00, 0x00, 0x00, 0x00,
    0x00, 0x00, 0x00, 0x00, 0x00, 0x00, 0x80, 0xff, 0x00, 0x00, 0x00, 0x00, 0xe0, 0xff, 0x03, 0x04,
    0x00, 0x00, 0xf8, 0xff, 0x0f, 0x0e, 0x00, 0x1c, 0xf8, 0xff, 0x0f, 0x1e, 0x00, 0x3c, 0x7c, 0x00,
    0x1f, 0x1c, 0x00, 0x7c, 0x1e, 0x00, 0x3c, 0x1c, 0x00, 0x70, 0x1e, 0x00, 0x3c, 0x38, 0x00, 0x60,
    0x0e, 0x00, 0x38, 0x38, 0x00, 0x60, 0x0e, 0x00, 0x38, 0x38, 0x00, 0x60, 0x0e, 0x00, 0x38, 0x38,
    0x00, 0x70, 0x0e, 0x00, 0x38, 0x38, 0x00, 0x3c, 0x1c, 0x00, 0x1c, 0x3c, 0x00, 0x3c, 0x1c, 0x00,
    0x1c, 0x1c, 0x00, 0x1c, 0x38, 0x00, 0x0e, 0x1f, 0x00, 0x00, 0xfe, 0xff, 0xff, 0x0f, 0x00, 0x00,
    0xfe, 0xff, 0xff, 0x07, 0x00, 0x00, 0xfe, 0xff, 0xff, 0x03, 0x00, 0x00, 0xfe, 0xff, 0xff, 0x00,
    0x00, 0x00, 0x00, 0x00, 0x00, 0x00, 0x00, 0x00, 0x00, 0x00, 0x00, 0x00, 0x00, 0x00, 0x00, 0x00,
    0x00, 0x00, 0x00, 0x00, 0x00, 0x00, 0x00, 0x00, 0x00, 0x00, 0xe0, 0x07, 0x00, 0x00, 0x00, 0x00,
    0xff, 0x7f, 0x00, 0x00, 0x00, 0x80, 0xff, 0xff, 0x01, 0x00, 0x00, 0xe0, 0xff, 0xff, 0x03, 0x00,
    0x00, 0xf0, 0x07, 0xf0, 0x07, 0x00, 0x00, 0xf0, 0x01, 0x80, 0x0f, 0x00, 0x00, 0x78, 0x00, 0x00,
    0x1f, 0x00, 0x00, 0x38, 0x00, 0x00, 0x1e, 0x00, 0x00, 0x3c, 0x00, 0x00, 0x3c, 0x00, 0x78, 0x1c,
    0x00, 0x00, 0x3c, 0x00, 0x78, 0x1c, 0x00, 0x00, 0x38, 0x00, 0x78, 0x1c, 0x00, 0x00, 0x38, 0x00,
    0x38, 0x1c, 0x00, 0x07, 0x38, 0x00, 0x00, 0x1c, 0x00, 0x07, 0x38, 0x00, 0x00, 0x1c, 0x00, 0x07,
    0x38, 0x00, 0x00, 0x3c, 0x00, 0x07, 0x38, 0x00, 0x00, 0x78, 0x00, 0x07, 0x3c, 0x00, 0x00, 0xf8,
    0x00, 0x07, 0x1c, 0x00, 0x00, 0xf0, 0x07, 0x07, 0x1e, 0x00, 0x00, 0xe0, 0x07, 0xff, 0x0f, 0x00,
    0x00, 0xc0, 0x07, 0xff, 0x0f, 0x00, 0x00, 0x00, 0x07, 0xff, 0x07, 0x00, 0x00, 0x00, 0x00, 0x00,
    0x00, 0x00, 0x00, 0x00, 0x00, 0x00, 0x00, 0x00, 0x00, 0x00, 0x00, 0x00, 0x00, 0x00, 0x00, 0x00,
    0x00, 0x00, 0x00, 0x00, 0x00, 0x00, 0x80, 0xff, 0x00, 0x00, 0x00, 0x00, 0xe0, 0xff, 0x03, 0x04,
    0x00, 0x00, 0xf8, 0xff, 0x0f, 0x0e, 0x00, 0x00, 0xf8, 0xff, 0x0f, 0x1e, 0x00, 0x00, 0x7c, 0x00,
    0x1f, 0x1c, 0x00, 0x00, 0x1e, 0x00, 0x3c, 0x1c, 0x00, 0x00, 0x1e, 0x00, 0x3c, 0x38, 0x00, 0x3c,
    0x0e, 0x00, 0x38, 0x38, 0x00, 0x3c, 0x0e, 0x00, 0x38, 0x38, 0x00, 0x3c, 0x0e, 0x00, 0x38, 0x38,
    0x00, 0x1c, 0x0e, 0x00, 0x38, 0x38, 0x00, 0x00, 0x1c, 0x00, 0x1c, 0x3c, 0x00, 0x00, 0x1c, 0x00,
    0x1c, 0x1c, 0x00, 0x00, 0x38, 0x00, 0x0e, 0x1f, 0x00, 0x00, 0xfe, 0xff, 0xff, 0x0f, 0x00, 0x00,
    0xfe, 0xff, 0xff, 0x07, 0x00, 0x00, 0xfe, 0xff, 0xff, 0x03, 0x00, 0x00, 0xfe, 0xff, 0xff, 0x00,
    0x00, 0x00, 0x00, 0x00, 0x00, 0x00, 0x00, 0x00, 0x00, 0x00, 0x00, 0x00, 0x00, 0x00, 0x00, 0x00,
    0x00, 0x00, 0x00, 0x00, 0x00, 0x00, 0x00, 0x00, 0x00, 0x00, 0xe0, 0x07, 0x00, 0x00, 0x00, 0x00,
    0xff, 0x7f, 0x00, 0x00, 0x00, 0x80, 0xff, 0xff, 0x01, 0x00, 0x00, 0xe0, 0xff, 0xff, 0x03, 0x00,
    0x00, 0xf0, 0x07, 0xf0, 0x07, 0x00, 0x00, 0xf0, 0x01, 0x80, 0x0f, 0x00, 0x00, 0x78, 0x00, 0x00,
    0x1f, 0x00, 0x00, 0x38, 0x00, 0x00, 0x1e, 0x00, 0x00, 0x3c, 0x00, 0x00, 0x3c, 0x00, 0x00, 0x1c,
    0x00, 0x00, 0x3c, 0x60, 0x00, 0x1c, 0x00, 0x00, 0x38, 0xff, 0x00, 0x1c, 0x00, 0x00, 0x38, 0x7f,
    0x00, 0x1c, 0x00, 0x07, 0x38, 0x3f, 0x00, 0x1c, 0x00, 0x07, 0x38, 0x07, 0x00, 0x1c, 0x00, 0x07,
    0x38, 0x00, 0x00, 0x3c, 0x00, 0x07, 0x38, 0x00, 0x00, 0x78, 0x00, 0x07, 0x3c, 0x00, 0x00, 0xf8,
    0x00, 0x07, 0x1c, 0x00, 0x00, 0xf0, 0x07, 0x07, 0x1e, 0x00, 0x00, 0xe0, 0x07, 0xff, 0x0f, 0x00,
    0x00, 0xc0, 0x07, 0xff, 0x0f, 0x00, 0x00, 0x00, 0x07, 0xff, 0x07, 0x00, 0x00, 0x00, 0x00, 0x00,
    0x00, 0x00, 0x00, 0x00, 0x00, 0x00, 0x00, 0x00, 0x00, 0x00, 0x00, 0x00, 0x00, 0x00, 0x00, 0x00,
    0x00, 0x00, 0x00, 0x00, 0x00, 0x00, 0x80, 0xff, 0x00, 0x00, 0x00, 0x00, 0xe0, 0xff, 0x03, 0x04,
    0x00, 0x00, 0xf8, 0xff, 0x0f, 0x0e, 0x00, 0x00, 0xf8, 0xff, 0x0f, 0x1e, 0x00, 0x00, 0x7c, 0x00,
    0x1f, 0x1c, 0x00, 0x00, 0x1e, 0x00, 0x3c, 0x1c, 0x00, 0x00, 0x1e, 0x00, 0x3c, 0x38, 0x00, 0x3e,
    0x0e, 0x00, 0x38, 0x38, 0x00, 0x3f, 0x0e, 0x00, 0x38, 0x38, 0xc0, 0x3f, 0x0e, 0x00, 0x38, 0x38,
    0xc0, 0x3f, 0x0e, 0x00, 0x38, 0x38, 0x80, 0x00, 0x1c, 0x00, 0x1c, 0x3c, 0x00, 0x00, 0x1c, 0x00,
    0x1c, 0x1c, 0x00, 0x00, 0x38, 0x00, 0x0e, 0x1f, 0x00, 0x00, 0xfe, 0xff, 0xff, 0x0f, 0x00, 0x00,
    0xfe, 0xff, 0xff, 0x07, 0x00, 0x00, 0xfe, 0xff, 0xff, 0x03, 0x00, 0x00, 0xfe, 0xff, 0xff, 0x00,
    0x00, 0x00, 0x00, 0x00, 0x00, 0x00, 0x00, 0x00, 0x00, 0x00, 0x00, 0x00, 0x00, 0x00, 0x00, 0x00,
    0x00, 0x00, 0x00, 0x00, 0x00, 0x00, 0x00, 0x00, 0x00, 0x00, 0x00, 0x00, 0x00, 0x00, 0x00, 0xfc,
    0xff, 0xff, 0x3f, 0x00, 0x00, 0xfc, 0xff, 0xff, 0x3f, 0x00, 0x00, 0xfc, 0xff, 0xff, 0x3f, 0x00,
    0x00, 0xfc, 0xff, 0xff, 0x3f, 0x00, 0x00, 0x00, 0xc0, 0x01, 0x00, 0x00, 0x00, 0x00, 0xc0, 0x01,
    0x00, 0x00, 0xc0, 0x00, 0xc0, 0x01, 0x00, 0x00, 0xe0, 0x00, 0xc0, 0x01, 0x00, 0x00, 0xf0, 0x00,
    0xc0, 0x01, 0x00, 0x00, 0x78, 0x00, 0xc0, 0x01, 0x00, 0x00, 0x1c, 0x00, 0xc0, 0x01, 0x00, 0x00,
    0x1c, 0x00, 0xc0, 0x01, 0x00, 0x00, 0x3c, 0x00, 0xc0, 0x01, 0x00, 0x00, 0x78, 0x00, 0xc0, 0x01,
    0x00, 0x00, 0xe0, 0x00, 0xc0, 0x01, 0x00, 0x00, 0xc0, 0x00, 0xc0, 0x01, 0x00, 0x00, 0x80, 0x00,
    0xc0, 0x01, 0x00, 0x00, 0x00, 0x00, 0xc0, 0x01, 0x00, 0x00, 0x00, 0xfc, 0xff, 0xff, 0x3f, 0x00,
    0x00, 0xfc, 0xff, 0xff, 0x3f, 0x00, 0x00, 0xfc, 0xff, 0xff, 0x3f, 0x00, 0x00, 0xfc, 0xff, 0xff,
    0x3f, 0x00, 0x00, 0x00, 0x00, 0x00, 0x00, 0x00, 0x00, 0x00, 0x00, 0x00, 0x00, 0x00, 0x00, 0x00,
    0x00, 0x00, 0x00, 0x00, 0x00, 0x00, 0x00, 0x00, 0x00, 0x00, 0x00, 0x00, 0x00, 0x00, 0x00, 0x00,
    0x00, 0xff, 0xff, 0xff, 0x3f, 0x00, 0x00, 0xff, 0xff, 0xff, 0x3f, 0x00, 0x60, 0xff, 0xff, 0xff,
    0x3f, 0x00, 0x70, 0x00, 0x70, 0x00, 0x00, 0x00, 0x78, 0x00, 0x38, 0x00, 0x00, 0x00, 0x3c, 0x00,
    0x1c, 0x00, 0x00, 0x00, 0x0e, 0x00, 0x0c, 0x00, 0x00, 0x00, 0x0e, 0x00, 0x0e, 0x00, 0x00, 0x00,
    0x1e, 0x00, 0x0e, 0x00, 0x00, 0x00, 0x3c, 0x00, 0x0e, 0x00, 0x00, 0x00, 0x70, 0x00, 0x0e, 0x00,
    0x00, 0x00, 0x60, 0x00, 0x1e, 0x00, 0x00, 0x00, 0x40, 0x00, 0x7e, 0x00, 0x00, 0x00, 0x00, 0x00,
    0xfc, 0xff, 0x3f, 0x00, 0x00, 0x00, 0xf8, 0xff, 0x3f, 0x00, 0x00, 0x00, 0xf0, 0xff, 0x3f, 0x00,
    0x00, 0x00, 0x00, 0x00, 0x00, 0x00, 0x00, 0x00, 0x00, 0x00, 0x00, 0x00, 0x00, 0x00, 0x00, 0x00,
    0x00, 0x00, 0x00, 0x80, 0x03, 0x00, 0x00, 0x00, 0x00, 0x80, 0x03, 0x00, 0x00, 0x00, 0x00, 0xfc,
    0xff, 0xff, 0x3f, 0x00, 0x00, 0xfc, 0xff, 0xff, 0x3f, 0x00, 0x00, 0xfc, 0xff, 0xff, 0x3f, 0x00,
    0x00, 0xfc, 0xff, 0xff, 0x3f, 0x00, 0x00, 0x80, 0xc3, 0x01, 0x00, 0x00, 0x00, 0x80, 0xc3, 0x01,
    0x00, 0x00, 0x00, 0x80, 0xc3, 0x01, 0x00, 0x00, 0x00, 0x80, 0xc3, 0x01, 0x00, 0x00, 0x00, 0x80,
    0xc3, 0x01, 0x00, 0x00, 0x00, 0x80, 0xc3, 0x01, 0x00, 0x00, 0x00, 0x80, 0xc3, 0x01, 0x00, 0x00,
    0x00, 0x80, 0xc3, 0x01, 0x00, 0x00, 0x00, 0x80, 0xc3, 0x01, 0x00, 0x00, 0x00, 0x80, 0xc3, 0x01,
    0x00, 0x00, 0x00, 0x80, 0xc3, 0x01, 0x00, 0x00, 0x00, 0x80, 0xc3, 0x01, 0x00, 0x00, 0x00, 0x80,
    0xc3, 0x01, 0x00, 0x00, 0x00, 0x80, 0xc3, 0x01, 0x00, 0x00, 0x00, 0xfc, 0xff, 0xff, 0x3f, 0x00,
    0x00, 0xfc, 0xff, 0xff, 0x3f, 0x00, 0x00, 0xfc, 0xff, 0xff, 0x3f, 0x00, 0x00, 0xfc, 0xff, 0xff,
    0x3f, 0x00, 0x00, 0x80, 0x03, 0x00, 0x00, 0x00, 0x00, 0x80, 0x03, 0x00, 0x00, 0x00, 0x00, 0x80,
    0x03, 0x00, 0x00, 0x00, 0x00, 0x00, 0x00, 0x00, 0x00, 0x00, 0x00, 0x00, 0x00, 0x00, 0x00, 0x00,
    0x00, 0x38, 0x00, 0x00, 0x00, 0x00, 0x00, 0x38, 0x00, 0x00, 0x00, 0x00, 0x00, 0x38, 0x00, 0x00,
    0x00, 0x00, 0x00, 0xff, 0xff, 0xff, 0x3f, 0x00, 0x00, 0xff, 0xff, 0xff, 0x3f, 0x00, 0x00, 0xff,
    0xff, 0xff, 0x3f, 0x00, 0x00, 0xff, 0xff, 0xff, 0x3f, 0x00, 0x00, 0x38, 0x78, 0x00, 0x00, 0x00,
    0x00, 0x38, 0x1c, 0x00, 0x00, 0x00, 0x00, 0x38, 0x1c, 0x00, 0x00, 0x00, 0x00, 0x38, 0x0e, 0x00,
    0x00, 0x00, 0x00, 0x38, 0x0e, 0x00, 0x00, 0x00, 0x00, 0x00, 0x0e, 0x00, 0x00, 0x00, 0x00, 0x00,
    0x0e, 0x00, 0x00, 0x00, 0x00, 0x00, 0x1e, 0x00, 0x00, 0x00, 0x00, 0x00, 0x1e, 0x00, 0x00, 0x00,
    0x00, 0x00, 0xfc, 0xff, 0x3f, 0x00, 0x00, 0x00, 0xfc, 0xff, 0x3f, 0x00, 0x00, 0x00, 0xf8, 0xff,
    0x3f, 0x00, 0x00, 0x00, 0xe0, 0xff, 0x3f, 0x00, 0x80, 0x00, 0x00, 0x00, 0x00, 0x00, 0xe0, 0x00,
    0x00, 0x00, 0x00, 0x00, 0xf0, 0x00, 0x00, 0x00, 0x00, 0x00, 0x38, 0x00, 0x00, 0x00, 0x00, 0x00,
    0x38, 0x00, 0x00, 0x00, 0x00, 0x00, 0x38, 0x00, 0x00, 0x00, 0x00, 0x00, 0x30, 0xfc, 0xff, 0xff,
    0x3f, 0x00, 0x70, 0xfc, 0xff, 0xff, 0x3f, 0x00, 0xe0, 0xfc, 0xff, 0xff, 0x3f, 0x00, 0xe0, 0x00,
    0x00, 0x00, 0x00, 0x00, 0xe0, 0x00, 0x00, 0x00, 0x00, 0x00, 0xf0, 0x00, 0x00, 0x00, 0x00, 0x00,
    0x78, 0x00, 0x00, 0x00, 0x00, 0x00, 0x38, 0x00, 0x00, 0x00, 0x00, 0x00, 0x00, 0x20, 0x00, 0x00,
    0x00, 0x00, 0x00, 0x38, 0x00, 0x00, 0x00, 0x00, 0x00, 0x3c, 0x00, 0x00, 0x00, 0x00, 0x00, 0x0e,
    0x00, 0x00, 0x00, 0x00, 0x00, 0x0e, 0x00, 0x00, 0x00, 0x00, 0x00, 0x0e, 0xfe, 0xff, 0x3f, 0x00,
    0x00, 0x0c, 0xfe, 0xff, 0x3f, 0x00, 0x00, 0x1c, 0xfe, 0xff, 0x3f, 0x00, 0x00, 0x38, 0xfe, 0xff,
    0x3f, 0x00, 0x00, 0x38, 0x00, 0x00, 0x00, 0x00, 0x00, 0x38, 0x00, 0x00, 0x00, 0x00, 0x00, 0x3c,
    0x00, 0x00, 0x00, 0x00, 0x00, 0x1e, 0x00, 0x00, 0x00, 0x00, 0x00, 0x0e, 0x00, 0x00, 0x00, 0x00,
    0x00, 0x00, 0x00, 0x00, 0x00, 0x00, 0x70, 0x00, 0x00, 0x00, 0x00, 0x00, 0x70, 0x00, 0x00, 0x00,
    0x00, 0x00, 0x70, 0x00, 0x00, 0x00, 0x00, 0x00, 0x70, 0x00, 0x00, 0x00, 0x00, 0x00, 0x70, 0x00,
    0x00, 0x00, 0x00, 0x00, 0x70, 0xfc, 0xff, 0xff, 0x3f, 0x00, 0x70, 0xfc, 0xff, 0xff, 0x3f, 0x00,
    0x70, 0xfc, 0xff, 0xff, 0x3f, 0x00, 0x70, 0x00, 0x00, 0x00, 0x00, 0x00, 0x70, 0x00, 0x00, 0x00,
    0x00, 0x00, 0x70, 0x00, 0x00, 0x00, 0x00, 0x00, 0x70, 0x00, 0x00, 0x00, 0x00, 0x00, 0x70, 0x00,
    0x00, 0x00, 0x00, 0x00, 0x00, 0x00, 0x00, 0x00, 0x00, 0x00, 0x00, 0x1c, 0x00, 0x00, 0x00, 0x00,
    0x00, 0x1c, 0x00, 0x00, 0x00, 0x00, 0x00, 0x1c, 0x00, 0x00, 0x00, 0x00, 0x00, 0x1c, 0x00, 0x00,
    0x00, 0x00, 0x00, 0x1c, 0xfe, 0xff, 0x3f, 0x00, 0x00, 0x1c, 0xfe, 0xff, 0x3f, 0x00, 0x00, 0x1c,
    0xfe, 0xff, 0x3f, 0x00, 0x00, 0x1c, 0xfe, 0xff, 0x3f, 0x00, 0x00, 0x1c, 0x00, 0x00, 0x00, 0x00,
    0x00, 0x1c, 0x00, 0x00, 0x00, 0x00, 0x00, 0x1c, 0x00, 0x00, 0x00, 0x00, 0x00, 0x1c, 0x00, 0x00,
    0x00, 0x00, 0x00, 0x1c, 0x00, 0x00, 0x00, 0x00, 0x00, 0x00, 0x00, 0x00, 0x00, 0x00, 0x00, 0x00,
    0x00, 0x00, 0x00, 0x00, 0x38, 0x00, 0x00, 0x00, 0x00, 0x00, 0x78, 0x00, 0x00, 0x00, 0x00, 0x00,
    0xf8, 0x00, 0x00, 0x00, 0x00, 0x00, 0xe0, 0x00, 0x00, 0x00, 0x00, 0x00, 0xc0, 0xfc, 0xff, 0xff,
    0x3f, 0x00, 0xc0, 0xfc, 0xff, 0xff, 0x3f, 0x00, 0xc0, 0xfc, 0xff, 0xff, 0x3f, 0x00, 0xe0, 0x00,
    0x00, 0x00, 0x00, 0x00, 0x78, 0x00, 0x00, 0x00, 0x00, 0x00, 0x78, 0x00, 0x00, 0x00, 0x00, 0x00,
    0x38, 0x00, 0x00, 0x00, 0x00, 0x00, 0x00, 0x00, 0x00, 0x00, 0x00, 0x00, 0x00, 0x00, 0x00, 0x00,
    0x00, 0x00, 0x00, 0x0e, 0x00, 0x00, 0x00, 0x00, 0x00, 0x1e, 0x00, 0x00, 0x00, 0x00, 0x00, 0x3e,
    0x00, 0x00, 0x00, 0x00, 0x00, 0x38, 0xfe, 0xff, 0x3f, 0x00, 0x00, 0x30, 0xfe, 0xff, 0x3f, 0x00,
    0x00, 0x30, 0xfe, 0xff, 0x3f, 0x00, 0x00, 0x30, 0xfe, 0xff, 0x3f, 0x00, 0x00, 0x38, 0x00, 0x00,
    0x00, 0x00, 0x00, 0x1e, 0x00, 0x00, 0x00, 0x00, 0x00, 0x1e, 0x00, 0x00, 0x00, 0x00, 0x00, 0x0e,
    0x00, 0x00, 0x00, 0x00, 0x00, 0x00, 0x00, 0x00, 0x00, 0x00, 0x00, 0x00, 0x00, 0x00, 0x00, 0x00,
    0x00, 0x00, 0x00, 0x00, 0x00, 0x1e, 0x00, 0x00, 0x00, 0x00, 0x80, 0x3f, 0x00, 0x00, 0x00, 0x00,
    0xc0, 0x7f, 0x00, 0x00, 0x00, 0x00, 0xc0, 0x71, 0x00, 0xfc, 0xff, 0xff, 0xff, 0x70, 0x00, 0xfc,
    0xff, 0xff, 0x7f, 0x70, 0x00, 0xfc, 0xff, 0xff, 0x3f, 0x30, 0x00, 0x00, 0x00, 0x00, 0x00, 0x00,
    0x00, 0x00, 0x00, 0x00, 0x00, 0x00, 0x00, 0x00, 0x00, 0x00, 0x00, 0x1e, 0x00, 0x00, 0x00, 0x00,
    0x80, 0x3f, 0x00, 0x00, 0x00, 0x00, 0xc0, 0x7f, 0x00, 0x1e, 0xfe, 0xff, 0xff, 0x71, 0x00, 0x1e,
    0xfe, 0xff, 0xff, 0x70, 0x00, 0x1e, 0xfe, 0xff, 0x7f, 0x70, 0x00, 0x0e, 0xfe, 0xff, 0x3f, 0x30,
    0x00, 0x00, 0x00, 0x00, 0x00, 0x00, 0x00, 0x00, 0x00, 0x00, 0x00, 0x00, 0x00, 0x00, 0x00, 0x00,
    0x00, 0x00, 0x00, 0x00, 0x00, 0x00, 0x00, 0x00, 0x00, 0x00, 0x00, 0x00, 0x00, 0x00, 0x00, 0x00,
    0x00, 0x00, 0x00, 0x00, 0x78, 0xfc, 0xff, 0xff, 0x3f, 0x00, 0x78, 0xfc, 0xff, 0xff, 0x3f, 0x00,
    0x78, 0xfc, 0xff, 0xff, 0x3f, 0x00, 0x38, 0x00, 0x00, 0x00, 0x00, 0x00, 0x00, 0x00, 0x00, 0x00,
    0x00, 0x00, 0x00, 0x00, 0x00, 0x00, 0x00, 0x00, 0x00, 0x00, 0x00, 0x00, 0x00, 0x00, 0x00, 0x00,
    0x00, 0x00, 0x00, 0x00, 0x00, 0x00, 0x00, 0x00, 0x00, 0x00, 0x00, 0x00, 0xfe, 0xff, 0x3f, 0x00,
    0x00, 0x00, 0xfe, 0xff, 0x3f, 0x00, 0x00, 0x00, 0xfe, 0xff, 0x3f, 0x00, 0x00, 0x00, 0xfe, 0xff,
    0x3f, 0x00, 0x00, 0x00, 0x00, 0x00, 0x00, 0x00, 0x00, 0x00, 0x00, 0x00, 0x00, 0x00, 0x00, 0x00,
    0x00, 0x00, 0x00, 0x00, 0x00, 0x00, 0x00, 0x00, 0x00, 0x00, 0x00, 0x00, 0x00, 0x00, 0x00, 0x00,
    0x00, 0x00, 0x00, 0x00, 0x00, 0x00, 0x00, 0xfc, 0xff, 0xff, 0x3f, 0x00, 0x00, 0xfc, 0xff, 0xff,
    0x3f, 0x00, 0x00, 0xfc, 0xff, 0xff, 0x3f, 0x00, 0x00, 0x00, 0x00, 0x00, 0x00, 0x00, 0x00, 0x00,
    0x00, 0x00, 0x00, 0x00, 0x00, 0x00, 0x00, 0x00, 0x00, 0x00, 0x00, 0x00, 0x00, 0x00, 0x00, 0x00,
    0x00, 0x00, 0x00, 0x00, 0x00, 0x00, 0x00, 0x00, 0x00, 0xc0, 0x01, 0x00, 0x00, 0x00, 0x00, 0xc0,
    0x07, 0x00, 0x00, 0x00, 0x00, 0xc0, 0x0f, 0x00, 0x00, 0x00, 0x00, 0xc0, 0x1f, 0x00, 0x00, 0x00,
    0x00, 0x00, 0x1e, 0x00, 0x00, 0x00, 0x00, 0x00, 0x3c, 0x00, 0x00, 0x00, 0x00, 0x00, 0x3c, 0x00,
    0x00, 0x00, 0x00, 0x00, 0x38, 0x00, 0x00, 0x00, 0x00, 0x00, 0x38, 0x00, 0x00, 0x00, 0x00, 0x00,
    0x38, 0x00, 0x00, 0x00, 0x00, 0x00, 0x38, 0x00, 0x00, 0x00, 0x00, 0x00, 0x3c, 0x00, 0x00, 0x00,
    0x00, 0x00, 0x1c, 0x00, 0x00, 0x00, 0x00, 0x00, 0x1e, 0x00, 0x00, 0xfc, 0xff, 0xff, 0x1f, 0x00,
    0x00, 0xfc, 0xff, 0xff, 0x0f, 0x00, 0x00, 0xfc, 0xff, 0xff, 0x07, 0x00, 0x00, 0xfc, 0xff, 0xff,
    0x01, 0x00, 0x00, 0x00, 0x00, 0x00, 0x00, 0x00, 0x00, 0x00, 0x00, 0x00, 0x00, 0x00, 0x00, 0x00,
    0x00, 0x00, 0x00, 0x00, 0x00, 0x00, 0x00, 0x00, 0x00, 0x00, 0x00, 0x00, 0x00, 0x00, 0x00, 0x00,
    0x00, 0x1e, 0xfe, 0xff, 0x3f, 0x00, 0x00, 0x1e, 0xfe, 0xff, 0x3f, 0x00, 0x00, 0x1e, 0xfe, 0xff,
    0x3f, 0x00, 0x00, 0x0e, 0xfe, 0xff, 0x3f, 0x00, 0x00, 0x00, 0x00, 0x00, 0x00, 0x00, 0x00, 0x00,
    0x00, 0x00, 0x00, 0x00, 0x00, 0x00, 0x00, 0x00, 0x00, 0x38, 0x00, 0x00, 0x00, 0x00, 0x00, 0x38,
    0x00, 0x00, 0x00, 0x00, 0x00, 0x38, 0x00, 0x00, 0x00, 0x00, 0x00, 0x3c, 0x00, 0x1e, 0xfe, 0xff,
    0xff, 0x3f, 0x00, 0x1e, 0xfe, 0xff, 0xff, 0x1f, 0x00, 0x1e, 0xfe, 0xff, 0xff, 0x0f, 0x00, 0x0c,
    0x00, 0x00, 0x00, 0x00, 0x00, 0x00, 0x00, 0x00, 0x00, 0x00, 0x00, 0x00, 0x00, 0x00, 0x00, 0x00,
    0x00, 0x00, 0x00, 0x00, 0x00, 0x00, 0x00, 0x00, 0x00, 0xc0, 0x01, 0x00, 0x00, 0x00, 0x00, 0xc0,
    0x07, 0x00, 0x00, 0x00, 0x00, 0xc0, 0x0f, 0x00, 0x00, 0x00, 0x00, 0xc0, 0x1f, 0x00, 0x00, 0x00,
    0x00, 0x00, 0x1e, 0x00, 0x00, 0x00, 0x00, 0x00, 0x3c, 0x00, 0x00, 0x00, 0x00, 0x00, 0x3c, 0x00,
    0x00, 0x00, 0x00, 0x00, 0x38, 0x00, 0x00, 0x00, 0x00, 0x00, 0x38, 0x00, 0x00, 0x00, 0x00, 0x00,
    0x38, 0x00, 0xc0, 0x00, 0x00, 0x00, 0x38, 0x00, 0xe0, 0x00, 0x00, 0x00, 0x3c, 0x00, 0xf0, 0x00,
    0x00, 0x00, 0x1c, 0x00, 0x78, 0x00, 0x00, 0x00, 0x1e, 0x00, 0x1c, 0xfc, 0xff, 0xff, 0x1f, 0x00,
    0x1c, 0xfc, 0xff, 0xff, 0x0f, 0x00, 0x3c, 0xfc, 0xff, 0xff, 0x07, 0x00, 0x78, 0xfc, 0xff, 0xff,
    0x01, 0x00, 0xe0, 0x00, 0x00, 0x00, 0x00, 0x00, 0xc0, 0x00, 0x00, 0x00, 0x00, 0x00, 0x80, 0x00,
    0x00, 0x00, 0x00, 0x00, 0x00, 0x00, 0x00, 0x00, 0x00, 0x00, 0x00, 0x00, 0x00, 0x00, 0x00, 0x38,
    0x00, 0x30, 0x00, 0x00, 0x00, 0x38, 0x00, 0x38, 0x00, 0x00, 0x00, 0x38, 0x00, 0x3c, 0x00, 0x00,
    0x00, 0x3c, 0x00, 0x1e, 0xfe, 0xff, 0xff, 0x1f, 0x00, 0x07, 0xfe, 0xff, 0xff, 0x1f, 0x00, 0x07,
    0xfe, 0xff, 0xff, 0x0f, 0x00, 0x0f, 0xfe, 0xff, 0xff, 0x03, 0x00, 0x1e, 0x00, 0x00, 0x00, 0x00,
    0x00, 0x38, 0x00, 0x00, 0x00, 0x00, 0x00, 0x30, 0x00, 0x00, 0x00, 0x00, 0x00, 0x20, 0x00, 0x00,
    0x00, 0x00, 0x00, 0x00, 0x00, 0x00, 0x00, 0x00, 0x00, 0x00, 0x00, 0x00, 0x00, 0x00, 0x00, 0x00,
    0x00, 0x00, 0x00, 0x00, 0x00, 0x00, 0x00, 0x00, 0x00, 0x00, 0x00, 0x00, 0x00, 0x00, 0x00, 0x00,
    0x00, 0xfc, 0xff, 0xff, 0x3f, 0x00, 0x00, 0xfc, 0xff, 0xff, 0x3f, 0x00, 0x00, 0xfc, 0xff, 0xff,
    0x3f, 0x00, 0x00, 0xfc, 0xff, 0xff, 0x3f, 0x00, 0x00, 0x00, 0x80, 0x0f, 0x00, 0x00, 0x00, 0x00,
    0xc0, 0x07, 0x00, 0x00, 0x00, 0x00, 0xe0, 0x03, 0x00, 0x00, 0x00, 0x00, 0xf0, 0x01, 0x00, 0x18,
    0x00, 0x00, 0xf8, 0x03, 0xc0, 0x3f, 0x00, 0x00, 0xfc, 0x07, 0xc0, 0x1f, 0x00, 0x00, 0xbe, 0x1f,
    0xc0, 0x0f, 0x00, 0x00, 0x1f, 0x3f, 0xc0, 0x01, 0x00, 0x80, 0x0f, 0x7c, 0x00, 0x00, 0x00, 0xe0,
    0x07, 0xf8, 0x01, 0x00, 0x00, 0xf0, 0x01, 0xf0, 0x03, 0x00, 0x00, 0xf8, 0x00, 0xe0, 0x07, 0x00,
    0x00, 0x7c, 0x00, 0x80, 0x1f, 0x00, 0x00, 0x3c, 0x00, 0x00, 0x3f, 0x00, 0x00, 0x1c, 0x00, 0x00,
    0x3e, 0x00, 0x00, 0x0c, 0x00, 0x00, 0x38, 0x00, 0x00, 0x04, 0x00, 0x00, 0x30, 0x00, 0x00, 0x00,
    0x00, 0x00, 0x20, 0x00, 0x00, 0x00, 0x00, 0x00, 0x00, 0x00, 0x00, 0x00, 0x00, 0x00, 0x00, 0x00,
    0x00, 0x00, 0x00, 0x00, 0x00, 0x00, 0x00, 0x00, 0x00, 0x00, 0x00, 0x00, 0x00, 0x00, 0x00, 0x00,
    0x00, 0x00, 0x00, 0xff, 0xff, 0xff, 0x3f, 0x00, 0x00, 0xff, 0xff, 0xff, 0x3f, 0x00, 0x00, 0xff,
    0xff, 0xff, 0x3f, 0x00, 0x00, 0x00, 0x00, 0x7c, 0x00, 0x00, 0x00, 0x00, 0x00, 0x1e, 0x00, 0x30,
    0x00, 0x00, 0x00, 0x0f, 0x80, 0x7f, 0x00, 0x00, 0x80, 0x1f, 0x80, 0x3f, 0x00, 0x00, 0xc0, 0x7f,
    0x80, 0x1f, 0x00, 0x00, 0xe0, 0xfd, 0x80, 0x03, 0x00, 0x00, 0xf8, 0xf0, 0x01, 0x00, 0x00, 0x00,
    0x7c, 0xe0, 0x07, 0x00, 0x00, 0x00, 0x3e, 0xc0, 0x0f, 0x00, 0x00, 0x00, 0x1e, 0x00, 0x1f, 0x00,
    0x00, 0x00, 0x0e, 0x00, 0x3e, 0x00, 0x00, 0x00, 0x06, 0x00, 0x3c, 0x00, 0x00, 0x00, 0x02, 0x00,
    0x30, 0x00, 0x00, 0x00, 0x00, 0x00, 0x20, 0x00, 0x00, 0x00, 0x00, 0x00, 0x00, 0x00, 0x00, 0x00,
    0x00, 0x00, 0x00, 0x00, 0x00, 0x00, 0x00, 0x00, 0x00, 0x00, 0x00, 0x00, 0x00, 0x00, 0x00, 0x00,
    0x00, 0x00, 0x00, 0x00, 0x00, 0x00, 0x00, 0x00, 0xfe, 0xff, 0x3f, 0x00, 0x00, 0x00, 0xfe, 0xff,
    0x3f, 0x00, 0x00, 0x00, 0xfe, 0xff, 0x3f, 0x00, 0x00, 0x00, 0xfe, 0xff, 0x3f, 0x00, 0x00, 0x00,
    0x00, 0x1c, 0x00, 0x00, 0x00, 0x00, 0x00, 0x1c, 0x00, 0x00, 0x00, 0x00, 0x00, 0x3e, 0x00, 0x00,
    0x00, 0x00, 0x80, 0x7f, 0x00, 0x00, 0x00, 0x00, 0xc0, 0xff, 0x00, 0x00, 0x00, 0x00, 0xe0, 0xf3,
    0x01, 0x00, 0x00, 0x00, 0xf0, 0xe1, 0x03, 0x00, 0x00, 0x00, 0xf8, 0xc0, 0x0f, 0x00, 0x00, 0x00,
    0x7c, 0x80, 0x1f, 0x00, 0x00, 0x00, 0x3e, 0x00, 0x3e, 0x00, 0x00, 0x00, 0x1e, 0x00, 0x3c, 0x00,
    0x00, 0x00, 0x06, 0x00, 0x38, 0x00, 0x00, 0x00, 0x02, 0x00, 0x30, 0x00, 0x00, 0x00, 0x00, 0x00,
    0x20, 0x00, 0x00, 0x00, 0x00, 0x00, 0x00, 0x00, 0x00, 0x00, 0x00, 0x00, 0x00, 0x00, 0x00, 0x00,
    0x00, 0x00, 0x00, 0x00, 0x00, 0x00, 0x00, 0x00, 0x00, 0x00, 0x00, 0x00, 0x00, 0x00, 0x00, 0x00,
    0x00, 0xfc, 0xff, 0xff, 0x3f, 0x00, 0xc0, 0xfc, 0xff, 0xff, 0x3f, 0x00, 0xe0, 0xfc, 0xff, 0xff,
    0x3f, 0x00, 0xf8, 0xfc, 0xff, 0xff, 0x3f, 0x00, 0x7c, 0x00, 0x00, 0x00, 0x38, 0x00, 0x3c, 0x00,
    0x00, 0x00, 0x38, 0x00, 0x0c, 0x00, 0x00, 0x00, 0x38, 0x00, 0x04, 0x00, 0x00, 0x00, 0x38, 0x00,
    0x00, 0x00, 0x00, 0x00, 0x38, 0x00, 0x00, 0x00, 0x00, 0x00, 0x38, 0x00, 0x00, 0x00, 0x00, 0x00,
    0x38, 0x00, 0x00, 0x00, 0x00, 0x00, 0x38, 0x00, 0x00, 0x00, 0x00, 0x00, 0x38, 0x00, 0x00, 0x00,
    0x00, 0x00, 0x38, 0x00, 0x00, 0x00, 0x00, 0x00, 0x38, 0x00, 0x00, 0x00, 0x00, 0x00, 0x38, 0x00,
    0x00, 0x00, 0x00, 0x00, 0x38, 0x00, 0x00, 0x00, 0x00, 0x00, 0x38, 0x00, 0x00, 0x00, 0x00, 0x00,
    0x00, 0x00, 0x00, 0x00, 0x00, 0x00, 0x00, 0x00, 0x00, 0x00, 0x00, 0x00, 0x00, 0x00, 0x00, 0x00,
    0x00, 0x00, 0x00, 0x00, 0x00, 0x00, 0x00, 0x00, 0x00, 0x00, 0x30, 0xff, 0xff, 0xff, 0x3f, 0x00,
    0x38, 0xff, 0xff, 0xff, 0x3f, 0x00, 0x3e, 0xff, 0xff, 0xff, 0x3f, 0x00, 0x1f, 0xff, 0xff, 0xff,
    0x3f, 0x00, 0x0f, 0x00, 0x00, 0x00, 0x00, 0x00, 0x03, 0x00, 0x00, 0x00, 0x00, 0x00, 0x01, 0x00,
    0x00, 0x00, 0x00, 0x00, 0x00, 0x00, 0x00, 0x00, 0x00, 0x00, 0x00, 0x00, 0x00, 0x00, 0x00, 0x00,
    0x00, 0x00, 0x00, 0x00, 0x00, 0x00, 0x00, 0x00, 0x00, 0x00, 0x00, 0x00, 0x00, 0x00, 0x00, 0x00,
    0x00, 0x00, 0x00, 0xfc, 0xff, 0xff, 0x3f, 0x00, 0x00, 0xfc, 0xff, 0xff, 0x3f, 0x00, 0x00, 0xfc,
    0xff, 0xff, 0x3f, 0x00, 0x00, 0xfc, 0xff, 0xff, 0x3f, 0x00, 0x00, 0x00, 0x00, 0x00, 0x38, 0x00,
    0x00, 0x00, 0x00, 0x00, 0x38, 0x00, 0x00, 0x00, 0x00, 0x00, 0x38, 0x60, 0x00, 0x00, 0x00, 0x00,
    0x38, 0xff, 0x00, 0x00, 0x00, 0x00, 0x38, 0x7f, 0x00, 0x00, 0x00, 0x00, 0x38, 0x3f, 0x00, 0x00,
    0x00, 0x00, 0x38, 0x07, 0x00, 0x00, 0x00, 0x00, 0x38, 0x00, 0x00, 0x00, 0x00, 0x00, 0x38, 0x00,
    0x00, 0x00, 0x00, 0x00, 0x38, 0x00, 0x00, 0x00, 0x00, 0x00, 0x38, 0x00, 0x00, 0x00, 0x00, 0x00,
    0x38, 0x00, 0x00, 0x00, 0x00, 0x00, 0x38, 0x00, 0x00, 0x00, 0x00, 0x00, 0x38, 0x00, 0x00, 0x00,
    0x00, 0x00, 0x00, 0x00, 0x00, 0x00, 0x00, 0x00, 0x00, 0x00, 0x00, 0x00, 0x00, 0x00, 0x00, 0x00,
    0x00, 0x00, 0x00, 0x00, 0x00, 0x00, 0x00, 0x00, 0x00, 0x00, 0x00, 0x60, 0x00, 0xff, 0xff, 0xff,
    0x3f, 0xff, 0x00, 0xff, 0xff, 0xff, 0x3f, 0x7f, 0x00, 0xff, 0xff, 0xff, 0x3f, 0x3f, 0x00, 0xff,
    0xff, 0xff, 0x3f, 0x07, 0x00, 0x00, 0x00, 0x00, 0x00, 0x00, 0x00, 0x00, 0x00, 0x00, 0x00, 0x00,
    0x00, 0x00, 0x00, 0x00, 0x00, 0x00, 0x00, 0x00, 0x00, 0x00, 0x00, 0x00, 0x00, 0x00, 0x00, 0x00,
    0x00, 0x00, 0x00, 0xfc, 0xff, 0xff, 0x3f, 0x00, 0x00, 0xfc, 0xff, 0xff, 0x3f, 0x00, 0x00, 0xfc,
    0xff, 0xff, 0x3f, 0x00, 0x00, 0xfc, 0xff, 0xff, 0x3f, 0x00, 0x00, 0x00, 0x00, 0x00, 0x38, 0x00,
    0x00, 0x00, 0x00, 0x00, 0x38, 0x00, 0x00, 0x00, 0x00, 0x00, 0x38, 0x00, 0x00, 0x00, 0x00, 0x00,
    0x38, 0x00, 0x00, 0x80, 0x01, 0x00, 0x38, 0x00, 0x00, 0xfc, 0x03, 0x00, 0x38, 0x00, 0x00, 0xfc,
    0x01, 0x00, 0x38, 0x00, 0x00, 0xfc, 0x00, 0x00, 0x38, 0x00, 0x00, 0x1c, 0x00, 0x00, 0x38, 0x00,
    0x00, 0x00, 0x00, 0x00, 0x38, 0x00, 0x00, 0x00, 0x00, 0x00, 0x38, 0x00, 0x00, 0x00, 0x00, 0x00,
    0x38, 0x00, 0x00, 0x00, 0x00, 0x00, 0x38, 0x00, 0x00, 0x00, 0x00, 0x00, 0x38, 0x00, 0x00, 0x00,
    0x00, 0x00, 0x00, 0x00, 0x00, 0x00, 0x00, 0x00, 0x00, 0x00, 0x00, 0x00, 0x00, 0x00, 0x00, 0x00,
    0x00, 0x00, 0x00, 0x00, 0x00, 0x00, 0x00, 0x00, 0x00, 0x00, 0x00, 0x00, 0x00, 0xff, 0xff, 0xff,
    0x3f, 0x00, 0x00, 0xff, 0xff, 0xff, 0x3f, 0x00, 0x00, 0xff, 0xff, 0xff, 0x3f, 0x00, 0x00, 0xff,
    0xff, 0xff, 0x3f, 0x00, 0x00, 0x00, 0x00, 0x00, 0x00, 0x00, 0x00, 0x00, 0x00, 0x00, 0x00, 0x00,
    0x00, 0x60, 0x00, 0x00, 0x00, 0x00, 0x00, 0xff, 0x00, 0x00, 0x00, 0x00, 0x00, 0x7f, 0x00, 0x00,
    0x00, 0x00, 0x00, 0x3f, 0x00, 0x00, 0x00, 0x00, 0x00, 0x07, 0x00, 0x00, 0x00, 0x00, 0x00, 0x00,
    0x00, 0x00, 0x00, 0x00, 0x00, 0x00, 0x00, 0x00, 0x00, 0x00, 0x00, 0x00, 0x00, 0x00, 0x00, 0x00,
    0x00, 0x00, 0x00, 0x00, 0x00, 0x00, 0x00, 0x00, 0x00, 0x00, 0x00, 0x00, 0x00, 0xfc, 0xff, 0xff,
    0x3f, 0x00, 0x00, 0xfc, 0xff, 0xff, 0x3f, 0x00, 0x00, 0xfc, 0xff, 0xff, 0x3f, 0x00, 0x00, 0xfc,
    0xff, 0xff, 0x3f, 0x00, 0x00, 0x00, 0x00, 0x00, 0x38, 0x00, 0x00, 0x00, 0x00, 0x00, 0x38, 0x00,
    0x00, 0x00, 0x00, 0x00, 0x38, 0x00, 0x00, 0x00, 0x00, 0x00, 0x38, 0x00, 0x00, 0x00, 0x00, 0x00,
    0x38, 0x00, 0x00, 0x00, 0xf0, 0x00, 0x38, 0x00, 0x00, 0x00, 0xf0, 0x00, 0x38, 0x00, 0x00, 0x00,
    0xf0, 0x00, 0x38, 0x00, 0x00, 0x00, 0x70, 0x00, 0x38, 0x00, 0x00, 0x00, 0x00, 0x00, 0x38, 0x00,
    0x00, 0x00, 0x00, 0x00, 0x38, 0x00, 0x00, 0x00, 0x00, 0x00, 0x38, 0x00, 0x00, 0x00, 0x00, 0x00,
    0x38, 0x00, 0x00, 0x00, 0x00, 0x00, 0x38, 0x00, 0x00, 0x00, 0x00, 0x00, 0x00, 0x00, 0x00, 0x00,
    0x00, 0x00, 0x00, 0x00, 0x00, 0x00, 0x00, 0x00, 0x00, 0x00, 0x00, 0x00, 0x00, 0x00, 0x00, 0x00,
    0x00, 0x00, 0x00, 0x00, 0x00, 0x00, 0x00, 0xff, 0xff, 0xff, 0x3f, 0x00, 0x00, 0xff, 0xff, 0xff,
    0x3f, 0x00, 0x00, 0xff, 0xff, 0xff, 0x3f, 0x00, 0x00, 0xff, 0xff, 0xff, 0x3f, 0x00, 0x00, 0x00,
    0x00, 0x00, 0x00, 0x00, 0x00, 0x00, 0x00, 0x00, 0x00, 0x00, 0x00, 0x00, 0xf0, 0x00, 0x00, 0x00,
    0x00, 0x00, 0xf0, 0x00, 0x00, 0x00, 0x00, 0x00, 0xf0, 0x00, 0x00, 0x00, 0x00, 0x00, 0x70, 0x00,
    0x00, 0x00, 0x00, 0x00, 0x00, 0x00, 0x00, 0x00, 0x00, 0x00, 0x00, 0x00, 0x00, 0x00, 0x00, 0x00,
    0x00, 0x00, 0x00, 0x00, 0x00, 0x00, 0x80, 0x03, 0x00, 0x00, 0x00, 0x00, 0x80, 0x01, 0x00, 0x00,
    0x00, 0xfc, 0xff, 0xff, 0x3f, 0x00, 0x00, 0xfc, 0xff, 0xff, 0x3f, 0x00, 0x00, 0xfc, 0xff, 0xff,
    0x3f, 0x00, 0x00, 0xfc, 0xff, 0xff, 0x3f, 0x00, 0x00, 0x00, 0xc0, 0x00, 0x38, 0x00, 0x00, 0x00,
    0xe0, 0x00, 0x38, 0x00, 0x00, 0x00, 0x60, 0x00, 0x38, 0x00, 0x00, 0x00, 0x60, 0x00, 0x38, 0x00,
    0x00, 0x00, 0x60, 0x00, 0x38, 0x00, 0x00, 0x00, 0x00, 0x00, 0x38, 0x00, 0x00, 0x00, 0x00, 0x00,
    0x38, 0x00, 0x00, 0x00, 0x00, 0x00, 0x38, 0x00, 0x00, 0x00, 0x00, 0x00, 0x38, 0x00, 0x00, 0x00,
    0x00, 0x00, 0x38, 0x00, 0x00, 0x00, 0x00, 0x00, 0x38, 0x00, 0x00, 0x00, 0x00, 0x00, 0x38, 0x00,
    0x00, 0x00, 0x00, 0x00, 0x38, 0x00, 0x00, 0x00, 0x00, 0x00, 0x38, 0x00, 0x00, 0x00, 0x00, 0x00,
    0x00, 0x00, 0x00, 0x00, 0x00, 0x00, 0x00, 0x00, 0x00, 0x00, 0x00, 0x00, 0x00, 0x00, 0x00, 0x00,
    0x80, 0x03, 0x00, 0x00, 0x00, 0x00, 0x80, 0x01, 0x00, 0x00, 0x00, 0xff, 0xff, 0xff, 0x3f, 0x00,
    0x00, 0xff, 0xff, 0xff, 0x3f, 0x00, 0x00, 0xff, 0xff, 0xff, 0x3f, 0x00, 0x00, 0xff, 0xff, 0xff,
    0x3f, 0x00, 0x00, 0x00, 0x60, 0x00, 0x00, 0x00, 0x00, 0x00, 0x70, 0x00, 0x00, 0x00, 0x00, 0x00,
    0x70, 0x00, 0x00, 0x00, 0x00, 0x00, 0x00, 0x00, 0x00, 0x00, 0x00, 0x00, 0x00, 0x00, 0x00, 0x00,
    0x00, 0x00, 0x00, 0x00, 0x00, 0x00, 0x00, 0x00, 0x00, 0x00, 0x00, 0x00, 0x00, 0x00, 0x00, 0x00,
    0x00, 0x00, 0x00, 0xfc, 0xff, 0xff, 0x3f, 0x00, 0x00, 0xfc, 0xff, 0xff, 0x3f, 0x00, 0x00, 0xfc,
    0xff, 0xff, 0x3f, 0x00, 0x00, 0xfc, 0xff, 0xff, 0x3f, 0x00, 0x00, 0xf8, 0x01, 0x00, 0x00, 0x00,
    0x00, 0xf0, 0x07, 0x00, 0x00, 0x00, 0x00, 0xc0, 0x0f, 0x00, 0x00, 0x00, 0x00, 0x80, 0x3f, 0x00,
    0x00, 0x00, 0x00, 0x00, 0x7e, 0x00, 0x00, 0x00, 0x00, 0x00, 0xfc, 0x01, 0x00, 0x00, 0xc0, 0x00,
    0xf0, 0x03, 0x00, 0x00, 0xe0, 0x00, 0xe0, 0x0f, 0x00, 0x00, 0xf8, 0x00, 0x80, 0x1f, 0x00, 0x00,
    0x7c, 0x00, 0x00, 0x7f, 0x00, 0x00, 0x3c, 0x00, 0x00, 0xfc, 0x00, 0x00, 0x0c, 0x00, 0x00, 0xf8,
    0x03, 0x00, 0x04, 0x00, 0x00, 0xe0, 0x07, 0x00, 0x00, 0x00, 0x00, 0xc0, 0x1f, 0x00, 0x00, 0xfc,
    0xff, 0xff, 0x3f, 0x00, 0x00, 0xfc, 0xff, 0xff, 0x3f, 0x00, 0x00, 0xfc, 0xff, 0xff, 0x3f, 0x00,
    0x00, 0xfc, 0xff, 0xff, 0x3f, 0x00, 0x00, 0x00, 0x00, 0x00, 0x00, 0x00, 0x00, 0x00, 0x00, 0x00,
    0x00, 0x00, 0x00, 0x00, 0x00, 0x00, 0x00, 0x00, 0x00, 0x00, 0x00, 0x00, 0x00, 0x00, 0x00, 0x00,
    0x00, 0x00, 0x00, 0x00, 0x00, 0x00, 0xfe, 0xff, 0x3f, 0x00, 0x00, 0x00, 0xfe, 0xff, 0x3f, 0x00,
    0x00, 0x00, 0xfe, 0xff, 0x3f, 0x00, 0x00, 0x00, 0x70, 0x00, 0x00, 0x00, 0x00, 0x00, 0x38, 0x00,
    0x00, 0x00, 0x00, 0x00, 0x1c, 0x00, 0x00, 0x00, 0x00, 0x00, 0x0c, 0x00, 0x00, 0x00, 0x00, 0x30,
    0x0e, 0x00, 0x00, 0x00, 0x00, 0x38, 0x0e, 0x00, 0x00, 0x00, 0x00, 0x3e, 0x0e, 0x00, 0x00, 0x00,
    0x00, 0x1f, 0x0e, 0x00, 0x00, 0x00, 0x00, 0x0f, 0x1e, 0x00, 0x00, 0x00, 0x00, 0x03, 0x7e, 0x00,
    0x00, 0x00, 0x00, 0x01, 0xfc, 0xff, 0x3f, 0x00, 0x00, 0x00, 0xf8, 0xff, 0x3f, 0x00, 0x00, 0x00,
    0xf0, 0xff, 0x3f, 0x00, 0x00, 0x00, 0x00, 0x00, 0x00, 0x00, 0x00, 0x00, 0x00, 0x00, 0x00, 0x00,
    0x00, 0x00, 0x00, 0x00, 0x00, 0x00, 0x00, 0x00, 0x00, 0x00, 0x00, 0x00, 0x00, 0x00, 0x00, 0x00,
    0x00, 0x00, 0x00, 0xfc, 0xff, 0xff, 0x3f, 0x00, 0x00, 0xfc, 0xff, 0xff, 0x3f, 0x00, 0x00, 0xfc,
    0xff, 0xff, 0x3f, 0x00, 0x00, 0xfc, 0xff, 0xff, 0x3f, 0x00, 0x00, 0xf8, 0x01, 0x00, 0x00, 0x00,
    0x00, 0xf0, 0x07, 0x00, 0x00, 0x00, 0x00, 0xc0, 0x0f, 0x00, 0x00, 0x00, 0x00, 0x80, 0x3f, 0x00,
    0x00, 0x00, 0x00, 0x00, 0x7e, 0x00, 0x00, 0x60, 0x00, 0x00, 0xfc, 0x01, 0x00, 0xff, 0x00, 0x00,
    0xf0, 0x03, 0x00, 0x7f, 0x00, 0x00, 0xe0, 0x0f, 0x00, 0x3f, 0x00, 0x00, 0x80, 0x1f, 0x00, 0x07,
    0x00, 0x00, 0x00, 0x7f, 0x00, 0x00, 0x00, 0x00, 0x00, 0xfc, 0x00, 0x00, 0x00, 0x00, 0x00, 0xf8,
    0x03, 0x00, 0x00, 0x00, 0x00, 0xe0, 0x07, 0x00, 0x00, 0x00, 0x00, 0xc0, 0x1f, 0x00, 0x00, 0xfc,
    0xff, 0xff, 0x3f, 0x00, 0x00, 0xfc, 0xff, 0xff, 0x3f, 0x00, 0x00, 0xfc, 0xff, 0xff, 0x3f, 0x00,
    0x00, 0xfc, 0xff, 0xff, 0x3f, 0x00, 0x00, 0x00, 0x00, 0x00, 0x00, 0x00, 0x00, 0x00, 0x00, 0x00,
    0x00, 0x00, 0x00, 0x00, 0x00, 0x00, 0x00, 0x00, 0x00, 0x00, 0x00, 0x00, 0x00, 0x00, 0x00, 0x00,
    0x00, 0x00, 0x00, 0x00, 0x00, 0x00, 0xfe, 0xff, 0x3f, 0x00, 0x00, 0x00, 0xfe, 0xff, 0x3f, 0x00,
    0x00, 0x00, 0xfe, 0xff, 0x3f, 0x00, 0x00, 0x00, 0x70, 0x00, 0x00, 0x00, 0x00, 0x00, 0x38, 0x00,
    0x00, 0x00, 0x00, 0x00, 0x1c, 0x00, 0x00, 0x60, 0x00, 0x00, 0x0c, 0x00, 0x00, 0xff, 0x00, 0x00,
    0x0e, 0x00, 0x00, 0x7f, 0x00, 0x00, 0x0e, 0x00, 0x00, 0x3f, 0x00, 0x00, 0x0e, 0x00, 0x00, 0x07,
    0x00, 0x00, 0x0e, 0x00, 0x00, 0x00, 0x00, 0x00, 0x1e, 0x00, 0x00, 0x00, 0x00, 0x00, 0x7e, 0x00,
    0x00, 0x00, 0x00, 0x00, 0xfc, 0xff, 0x3f, 0x00, 0x00, 0x00, 0xf8, 0xff, 0x3f, 0x00, 0x00, 0x00,
    0xf0, 0xff, 0x3f, 0x00, 0x00, 0x00, 0x00, 0x00, 0x00, 0x00, 0x00, 0x00, 0x00, 0x00, 0x00, 0x00,
    0x00, 0x00, 0x00, 0x00, 0x00, 0x00, 0x00, 0x00, 0x00, 0x00, 0x00, 0x00, 0x00, 0x00, 0x00, 0x00,
    0x00, 0x00, 0x00, 0xfc, 0xff, 0xff, 0x3f, 0x00, 0x00, 0xfc, 0xff, 0xff, 0x3f, 0x00, 0x00, 0xfc,
    0xff, 0xff, 0x3f, 0x00, 0x00, 0xfc, 0xff, 0xff, 0x3f, 0x00, 0x00, 0xf8, 0x01, 0x00, 0x00, 0x00,
    0x04, 0xf0, 0x07, 0x00, 0x00, 0x00, 0x0c, 0xc0, 0x0f, 0x00, 0x00, 0x00, 0x1c, 0x80, 0x3f, 0x00,
    0x00, 0x00, 0x78, 0x00, 0x7e, 0x00, 0x00, 0x00, 0xf0, 0x00, 0xfc, 0x01, 0x00, 0x00, 0xe0, 0x00,
    0xf0, 0x03, 0x00, 0x00, 0xe0, 0x00, 0xe0, 0x0f, 0x00, 0x00, 0x78, 0x00, 0x80, 0x1f, 0x00, 0x00,
    0x3c, 0x00, 0x00, 0x7f, 0x00, 0x00, 0x1c, 0x00, 0x00, 0xfc, 0x00, 0x00, 0x0c, 0x00, 0x00, 0xf8,
    0x03, 0x00, 0x04, 0x00, 0x00, 0xe0, 0x07, 0x00, 0x00, 0x00, 0x00, 0xc0, 0x1f, 0x00, 0x00, 0xfc,
    0xff, 0xff, 0x3f, 0x00, 0x00, 0xfc, 0xff, 0xff, 0x3f, 0x00, 0x00, 0xfc, 0xff, 0xff, 0x3f, 0x00,
    0x00, 0xfc, 0xff, 0xff, 0x3f, 0x00, 0x00, 0x00, 0x00, 0x00, 0x00, 0x00, 0x00, 0x00, 0x00, 0x00,
    0x00, 0x00, 0x00, 0x00, 0x00, 0x00, 0x00, 0x00, 0x00, 0x00, 0x00, 0x00, 0x00, 0x00, 0x00, 0x00,
    0x00, 0x00, 0x00, 0x00, 0x00, 0x00, 0xfe, 0xff, 0x3f, 0x00, 0x00, 0x00, 0xfe, 0xff, 0x3f, 0x00,
    0x00, 0x01, 0xfe, 0xff, 0x3f, 0x00, 0x00, 0x03, 0x70, 0x00, 0x00, 0x00, 0x00, 0x07, 0x38, 0x00,
    0x00, 0x00, 0x00, 0x1e, 0x1c, 0x00, 0x00, 0x00, 0x00, 0x3c, 0x0c, 0x00, 0x00, 0x00, 0x00, 0x38,
    0x0e, 0x00, 0x00, 0x00, 0x00, 0x38, 0x0e, 0x00, 0x00, 0x00, 0x00, 0x1e, 0x0e, 0x00, 0x00, 0x00,
    0x00, 0x0f, 0x0e, 0x00, 0x00, 0x00, 0x00, 0x07, 0x1e, 0x00, 0x00, 0x00, 0x00, 0x03, 0x7e, 0x00,
    0x00, 0x00, 0x00, 0x01, 0xfc, 0xff, 0x3f, 0x00, 0x00, 0x00, 0xf8, 0xff, 0x3f, 0x00, 0x00, 0x00,
    0xf0, 0xff, 0x3f, 0x00, 0x00, 0x00, 0x00, 0x00, 0x00, 0x00, 0x00, 0x60, 0x00, 0x00, 0x00, 0x00,
    0x00, 0xff, 0x00, 0x00, 0x00, 0x00, 0x00, 0x7f, 0x00, 0x00, 0x00, 0x00, 0x00, 0x3f, 0x00, 0x00,
    0x00, 0x00, 0x00, 0x07, 0xfe, 0xff, 0x3f, 0x00, 0x00, 0x00, 0xfe, 0xff, 0x3f, 0x00, 0x00, 0x00,
    0xfe, 0xff, 0x3f, 0x00, 0x00, 0x00, 0x70, 0x00, 0x00, 0x00, 0x00, 0x00, 0x38, 0x00, 0x00, 0x00,
    0x00, 0x00, 0x1c, 0x00, 0x00, 0x00, 0x00, 0x00, 0x0c, 0x00, 0x00, 0x00, 0x00, 0x00, 0x0e, 0x00,
    0x00, 0x00, 0x00, 0x00, 0x0e, 0x00, 0x00, 0x00, 0x00, 0x00, 0x0e, 0x00, 0x00, 0x00, 0x00, 0x00,
    0x0e, 0x00, 0x00, 0x00, 0x00, 0x00, 0x1e, 0x00, 0x00, 0x00, 0x00, 0x00, 0x7e, 0x00, 0x00, 0x00,
    0x00, 0x00, 0xfc, 0xff, 0x3f, 0x00, 0x00, 0x00, 0xf8, 0xff, 0x3f, 0x00, 0x00, 0x00, 0xf0, 0xff,
    0x3f, 0x00, 0x00, 0x00, 0x00, 0x00, 0x00, 0x00, 0x00, 0x00, 0x00, 0x00, 0x00, 0x00, 0x00, 0x00,
    0x00, 0x00, 0x00, 0x00, 0x00, 0x00, 0x00, 0x00, 0x00, 0x00, 0x00, 0x00, 0x00, 0x00, 0x00, 0x00,
    0x00, 0xfc, 0xff, 0xff, 0x3f, 0x00, 0x00, 0xfc, 0xff, 0xff, 0x3f, 0x00, 0x00, 0xfc, 0xff, 0xff,
    0x3f, 0x00, 0x00, 0xfc, 0xff, 0xff, 0x3f, 0x00, 0x00, 0xf8, 0x01, 0x00, 0x00, 0x00, 0x00, 0xf0,
    0x07, 0x00, 0x00, 0x00, 0x00, 0xc0, 0x0f, 0x00, 0x00, 0x00, 0x00, 0x00, 0x3f, 0x00, 0x00, 0x00,
    0x00, 0x00, 0x7e, 0x00, 0x00, 0x00, 0x00, 0x00, 0xf8, 0x01, 0x00, 0x00, 0x00, 0x00, 0xf0, 0x03,
    0x00, 0x00, 0x00, 0x00, 0xc0, 0x0f, 0x00, 0x00, 0x00, 0x00, 0x80, 0x3f, 0x00, 0x00, 0x00, 0x00,
    0x00, 0x7e, 0x00, 0x70, 0x00, 0x00, 0x00, 0xfc, 0x01, 0x70, 0x00, 0x00, 0x00, 0xf0, 0x03, 0x70,
    0x00, 0x00, 0x00, 0xe0, 0x0f, 0x70, 0x00, 0x00, 0x00, 0x80, 0x1f, 0x7c, 0x00, 0xfc, 0xff, 0xff,
    0xff, 0x3f, 0x00, 0xfc, 0xff, 0xff, 0xff, 0x3f, 0x00, 0xfc, 0xff, 0xff, 0xff, 0x1f, 0x00, 0xfc,
    0xff, 0xff, 0xff, 0x03, 0x00, 0x00, 0x00, 0x00, 0x00, 0x00, 0x00, 0x00, 0x00, 0x00, 0x00, 0x00,
    0x00, 0x00, 0x00, 0x00, 0x00, 0x00, 0x00, 0x00, 0x00, 0x00, 0x00, 0x00, 0x00, 0x00, 0x00, 0x00,
    0x00, 0x00, 0x00, 0x00, 0xfe, 0xff, 0x3f, 0x00, 0x00, 0x00, 0xfe, 0xff, 0x3f, 0x00, 0x00, 0x00,
    0xfe, 0xff, 0x3f, 0x00, 0x00, 0x00, 0x70, 0x00, 0x00, 0x00, 0x00, 0x00, 0x18, 0x00, 0x00, 0x00,
    0x00, 0x00, 0x1c, 0x00, 0x00, 0x00, 0x00, 0x00, 0x0c, 0x00, 0x00, 0x00, 0x00, 0x00, 0x0e, 0x00,
    0x00, 0x00, 0x00, 0x00, 0x0e, 0x00, 0x00, 0x38, 0x00, 0x00, 0x0e, 0x00, 0x00, 0x38, 0x00, 0x00,
    0x0e, 0x00, 0x00, 0x38, 0x00, 0x00, 0x1e, 0x00, 0x00, 0x38, 0x00, 0x00, 0x3e, 0x00, 0x00, 0x3c,
    0x00, 0x00, 0xfc, 0xff, 0xff, 0x1f, 0x00, 0x00, 0xf8, 0xff, 0xff, 0x1f, 0x00, 0x00, 0xf0, 0xff,
    0xff, 0x0f, 0x00, 0x00, 0xc0, 0xff, 0xff, 0x01, 0x00, 0x00, 0x00, 0x00, 0x00, 0x00, 0x00, 0x00,
    0x00, 0x00, 0x00, 0x00, 0x00, 0x00, 0x00, 0x00, 0x00, 0x00, 0x00, 0x00, 0x00, 0x00, 0x00, 0x00,
    0x00, 0x00, 0xf0, 0x0f, 0x00, 0x00, 0x00, 0x00, 0xfe, 0x7f, 0x00, 0x00, 0x00, 0x80, 0xff, 0xff,
    0x01, 0x00, 0x00, 0xc0, 0xff, 0xff, 0x03, 0x00, 0x00, 0xe0, 0x07, 0xe0, 0x07, 0x00, 0x00, 0xf0,
    0x01, 0x80, 0x0f, 0x00, 0x70, 0x78, 0x00, 0x00, 0x1e, 0x00, 0x70, 0x78, 0x00, 0x00, 0x1e, 0x00,
    0x70, 0x3c, 0x00, 0x00, 0x3c, 0x00, 0x70, 0x1c, 0x00, 0x00, 0x3c, 0x00, 0x70, 0x1c, 0x00, 0x00,
    0x38, 0x00, 0x70, 0x1c, 0x00, 0x00, 0x38, 0x00, 0x70, 0x1c, 0x00, 0x00, 0x38, 0x00, 0x70, 0x1c,
    0x00, 0x00, 0x38, 0x00, 0x70, 0x3c, 0x00, 0x00, 0x3c, 0x00, 0x70, 0x38, 0x00, 0x00, 0x3c, 0x00,
    0x70, 0x78, 0x00, 0x00, 0x1e, 0x00, 0x70, 0xf8, 0x00, 0x00, 0x1f, 0x00, 0x70, 0xf0, 0x03, 0xc0,
    0x0f, 0x00, 0x00, 0xe0, 0xff, 0xff, 0x07, 0x00, 0x00, 0xc0, 0xff, 0xff, 0x03, 0x00, 0x00, 0x00,
    0xff, 0xff, 0x01, 0x00, 0x00, 0x00, 0xfc, 0x3f, 0x00, 0x00, 0x00, 0x00, 0x00, 0x00, 0x00, 0x00,
    0x00, 0x00, 0x00, 0x00, 0x00, 0x00, 0x00, 0x00, 0x00, 0x00, 0x00, 0x00, 0x00, 0x00, 0x00, 0x00,
    0x00, 0x00, 0x00, 0x00, 0x80, 0xff, 0x00, 0x00, 0x00, 0x00, 0xe0, 0xff, 0x03, 0x00, 0x00, 0x00,
    0xf0, 0xff, 0x07, 0x00, 0x00, 0x1c, 0xf8, 0xe3, 0x0f, 0x00, 0x00, 0x1c, 0x7c, 0x00, 0x1f, 0x00,
    0x00, 0x1c, 0x1c, 0x00, 0x1c, 0x00, 0x00, 0x1c, 0x1e, 0x00, 0x3c, 0x00, 0x00, 0x1c, 0x0e, 0x00,
    0x38, 0x00, 0x00, 0x1c, 0x0e, 0x00, 0x38, 0x00, 0x00, 0x1c, 0x0e, 0x00, 0x38, 0x00, 0x00, 0x1c,
    0x0e, 0x00, 0x38, 0x00, 0x00, 0x1c, 0x0e, 0x00, 0x38, 0x00, 0x00, 0x1c, 0x1e, 0x00, 0x3c, 0x00,
    0x00, 0x1c, 0x3c, 0x00, 0x1e, 0x00, 0x00, 0x1c, 0x7c, 0x00, 0x1f, 0x00, 0x00, 0x1c, 0xf8, 0xff,
    0x0f, 0x00, 0x00, 0x00, 0xf0, 0xff, 0x07, 0x00, 0x00, 0x00, 0xe0, 0xff, 0x03, 0x00, 0x00, 0x00,
    0x00, 0x7f, 0x00, 0x00, 0x00, 0x00, 0x00, 0x00, 0x00, 0x00, 0x00, 0x00, 0x00, 0x00, 0x00, 0x00,
    0x00, 0x00, 0x00, 0x00, 0x00, 0x00, 0x00, 0x00, 0x00, 0x00, 0x00, 0x00, 0x00, 0x00, 0xf0, 0x0f,
    0x00, 0x00, 0x00, 0x00, 0xfe, 0x7f, 0x00, 0x00, 0x00, 0x80, 0xff, 0xff, 0x01, 0x00, 0x00, 0xc0,
    0xff, 0xff, 0x03, 0x00, 0x00, 0xe0, 0x07, 0xe0, 0x07, 0x00, 0x00, 0xf0, 0x01, 0x80, 0x0f, 0x00,
    0x70, 0x78, 0x00, 0x00, 0x1e, 0x00, 0xf0, 0x78, 0x00, 0x00, 0x1e, 0x00, 0xf0, 0x3d, 0x00, 0x00,
    0x3c, 0x00, 0xc0, 0x1d, 0x00, 0x00, 0x3c, 0x00, 0x80, 0x1d, 0x00, 0x00, 0x38, 0x00, 0x80, 0x1d,
    0x00, 0x00, 0x38, 0x00, 0x80, 0x1d, 0x00, 0x00, 0x38, 0x00, 0xc0, 0x1d, 0x00, 0x00, 0x38, 0x00,
    0xf0, 0x3c, 0x00, 0x00, 0x3c, 0x00, 0xf0, 0x38, 0x00, 0x00, 0x3c, 0x00, 0x70, 0x78, 0x00, 0x00,
    0x1e, 0x00, 0x00, 0xf8, 0x00, 0x00, 0x1f, 0x00, 0x00, 0xf0, 0x03, 0xc0, 0x0f, 0x00, 0x00, 0xe0,
    0xff, 0xff, 0x07, 0x00, 0x00, 0xc0, 0xff, 0xff, 0x03, 0x00, 0x00, 0x00, 0xff, 0xff, 0x01, 0x00,
    0x00, 0x00, 0xfc, 0x3f, 0x00, 0x00, 0x00, 0x00, 0x00, 0x00, 0x00, 0x00, 0x00, 0x00, 0x00, 0x00,
    0x00, 0x00, 0x00, 0x00, 0x00, 0x00, 0x00, 0x00, 0x00, 0x00, 0x00, 0x00, 0x00, 0x00, 0x00, 0x00,
    0x80, 0xff, 0x00, 0x00, 0x00, 0x00, 0xe0, 0xff, 0x03, 0x00, 0x00, 0x00, 0xf0, 0xff, 0x07, 0x00,
    0x00, 0x00, 0xf8, 0xe3, 0x0f, 0x00, 0x00, 0x1c, 0x7c, 0x00, 0x1f, 0x00, 0x00, 0x3c, 0x1c, 0x00,
    0x1c, 0x00, 0x00, 0x7c, 0x1e, 0x00, 0x3c, 0x00, 0x00, 0x70, 0x0e, 0x00, 0x38, 0x00, 0x00, 0x60,
    0x0e, 0x00, 0x38, 0x00, 0x00, 0x60, 0x0e, 0x00, 0x38, 0x00, 0x00, 0x60, 0x0e, 0x00, 0x38, 0x00,
    0x00, 0x70, 0x0e, 0x00, 0x38, 0x00, 0x00, 0x3c, 0x1e, 0x00, 0x3c, 0x00, 0x00, 0x3c, 0x3c, 0x00,
    0x1e, 0x00, 0x00, 0x1c, 0x7c, 0x00, 0x1f, 0x00, 0x00, 0x00, 0xf8, 0xff, 0x0f, 0x00, 0x00, 0x00,
    0xf0, 0xff, 0x07, 0x00, 0x00, 0x00, 0xe0, 0xff, 0x03, 0x00, 0x00, 0x00, 0x00, 0x7f, 0x00, 0x00,
    0x00, 0x00, 0x00, 0x00, 0x00, 0x00, 0x00, 0x00, 0x00, 0x00, 0x00, 0x00, 0x00, 0x00, 0x00, 0x00,
    0x00, 0x00, 0x00, 0x00, 0x00, 0x00, 0x00, 0x00, 0x00, 0x00, 0xf0, 0x0f, 0x00, 0x00, 0x00, 0x00,
    0xfe, 0x7f, 0x00, 0x00, 0x00, 0x80, 0xff, 0xff, 0x01, 0x00, 0x00, 0xc0, 0xff, 0xff, 0x03, 0x00,
    0x00, 0xe0, 0x07, 0xe0, 0x07, 0x00, 0x00, 0xf0, 0x01, 0x80, 0x0f, 0x00, 0x00, 0x78, 0x00, 0x00,
    0x1e, 0x00, 0x00, 0x79, 0x00, 0x00, 0x1e, 0x00, 0xc0, 0x3d, 0x00, 0x00, 0x3c, 0x00, 0xf0, 0x1d,
    0x00, 0x00, 0x3c, 0x00, 0xf8, 0x1c, 0x00, 0x00, 0x38, 0x00, 0x78, 0x1c, 0x00, 0x00, 0x38, 0x00,
    0x18, 0x1c, 0x00, 0x00, 0x38, 0x00, 0x88, 0x1d, 0x00, 0x00, 0x38, 0x00, 0xc0, 0x3d, 0x00, 0x00,
    0x3c, 0x00, 0xe0, 0x39, 0x00, 0x00, 0x3c, 0x00, 0xf8, 0x78, 0x00, 0x00, 0x1e, 0x00, 0x78, 0xf8,
    0x00, 0x00, 0x1f, 0x00, 0x38, 0xf0, 0x03, 0xc0, 0x0f, 0x00, 0x18, 0xe0, 0xff, 0xff, 0x07, 0x00,
    0x00, 0xc0, 0xff, 0xff, 0x03, 0x00, 0x00, 0x00, 0xff, 0xff, 0x01, 0x00, 0x00, 0x00, 0xfc, 0x3f,
    0x00, 0x00, 0x00, 0x00, 0x00, 0x00, 0x00, 0x00, 0x00, 0x00, 0x00, 0x00, 0x00, 0x00, 0x00, 0x00,
    0x00, 0x00, 0x00, 0x00, 0x00, 0x00, 0x00, 0x00, 0x00, 0x00, 0x00, 0x00, 0x80, 0xff, 0x00, 0x00,
    0x00, 0x00, 0xe0, 0xff, 0x03, 0x00, 0x00, 0x00, 0xf0, 0xff, 0x07, 0x00, 0x00, 0x00, 0xf8, 0xe3,
    0x0f, 0x00, 0x00, 0x00, 0x7c, 0x00, 0x1f, 0x00, 0x00, 0x20, 0x1c, 0x00, 0x1c, 0x00, 0x00, 0x38,
    0x1e, 0x00, 0x3c, 0x00, 0x00, 0x3e, 0x0e, 0x00, 0x38, 0x00, 0x00, 0x1f, 0x0e, 0x00, 0x38, 0x00,
    0x00, 0x0f, 0x0e, 0x00, 0x38, 0x00, 0x00, 0x03, 0x0e, 0x00, 0x38, 0x00, 0x00, 0x31, 0x0e, 0x00,
    0x38, 0x00, 0x00, 0x38, 0x1e, 0x00, 0x3c, 0x00, 0x00, 0x3c, 0x3c, 0x00, 0x1e, 0x00, 0x00, 0x1f,
    0x7c, 0x00, 0x1f, 0x00, 0x00, 0x0f, 0xf8, 0xff, 0x0f, 0x00, 0x00, 0x07, 0xf0, 0xff, 0x07, 0x00,
    0x00, 0x03, 0xe0, 0xff, 0x03, 0x00, 0x00, 0x00, 0x00, 0x7f, 0x00, 0x00, 0x00, 0x00, 0x00, 0x00,
    0x00, 0x00, 0x00, 0x00, 0x00, 0x00, 0x00, 0x00, 0x00, 0x00, 0x00, 0x00, 0x00, 0x00, 0x00, 0x00,
    0x00, 0x00, 0x00, 0x00, 0x00, 0x00, 0xfc, 0x3f, 0x00, 0x00, 0x00, 0x80, 0xff, 0xff, 0x01, 0x00,
    0x00, 0xc0, 0xff, 0xff, 0x03, 0x00, 0x00, 0xe0, 0xff, 0xff, 0x07, 0x00, 0x00, 0xf0, 0x01, 0x80,
    0x0f, 0x00, 0x00, 0x78, 0x00, 0x00, 0x1e, 0x00, 0x00, 0x38, 0x00, 0x00, 0x1c, 0x00, 0x00, 0x3c,
    0x00, 0x00, 0x3c, 0x00, 0x00, 0x1c, 0x00, 0x00, 0x38, 0x00, 0x00, 0x1c, 0x00, 0x00, 0x38, 0x00,
    0x00, 0x1c, 0x00, 0x00, 0x38, 0x00, 0x00, 0x1c, 0x00, 0x00, 0x38, 0x00, 0x00, 0x1c, 0x00, 0x00,
    0x38, 0x00, 0x00, 0x1c, 0x00, 0x00, 0x38, 0x00, 0x00, 0x1c, 0x00, 0x00, 0x38, 0x00, 0x00, 0xfc,
    0xff, 0xff, 0x3f, 0x00, 0x00, 0xfc, 0xff, 0xff, 0x3f, 0x00, 0x00, 0xfc, 0xff, 0xff, 0x3f, 0x00,
    0x00, 0xfc, 0xff, 0xff, 0x3f, 0x00, 0x00, 0x1c, 0xc0, 0x01, 0x38, 0x00, 0x00, 0x1c, 0xc0, 0x01,
    0x38, 0x00, 0x00, 0x1c, 0xc0, 0x01, 0x38, 0x00, 0x00, 0x1c, 0xc0, 0x01, 0x38, 0x00, 0x00, 0x1c,
    0xc0, 0x01, 0x38, 0x00, 0x00, 0x1c, 0xc0, 0x01, 0x38, 0x00, 0x00, 0x1c, 0xc0, 0x01, 0x38, 0x00,
    0x00, 0x1c, 0xc0, 0x01, 0x38, 0x00, 0x00, 0x1c, 0xc0, 0x01, 0x38, 0x00, 0x00, 0x1c, 0xc0, 0x01,
    0x38, 0x00, 0x00, 0x1c, 0xc0, 0x01, 0x38, 0x00, 0x00, 0x1c, 0xc0, 0x01, 0x38, 0x00, 0x00, 0x1c,
    0x00, 0x00, 0x38, 0x00, 0x00, 0x1c, 0x00, 0x00, 0x38, 0x00, 0x00, 0x00, 0x00, 0x00, 0x00, 0x00,
    0x00, 0x00, 0x00, 0x00, 0x00, 0x00, 0x00, 0x00, 0x00, 0x00, 0x00, 0x00, 0x00, 0x00, 0x00, 0x00,
    0x00, 0x00, 0x00, 0x00, 0x80, 0xff, 0x00, 0x00, 0x00, 0x00, 0xe0, 0xff, 0x03, 0x00, 0x00, 0x00,
    0xf0, 0xff, 0x07, 0x00, 0x00, 0x00, 0xf8, 0xff, 0x0f, 0x00, 0x00, 0x00, 0x7c, 0x00, 0x1f, 0x00,
    0x00, 0x00, 0x3c, 0x00, 0x1c, 0x00, 0x00, 0x00, 0x1e, 0x00, 0x3c, 0x00, 0x00, 0x00, 0x0e, 0x00,
    0x38, 0x00, 0x00, 0x00, 0x0e, 0x00, 0x38, 0x00, 0x00, 0x00, 0x0e, 0x00, 0x38, 0x00, 0x00, 0x00,
    0x0e, 0x00, 0x38, 0x00, 0x00, 0x00, 0x0e, 0x00, 0x38, 0x00, 0x00, 0x00, 0x1e, 0x00, 0x3c, 0x00,
    0x00, 0x00, 0x3c, 0x00, 0x1e, 0x00, 0x00, 0x00, 0xfc, 0x80, 0x1f, 0x00, 0x00, 0x00, 0xf8, 0xff,
    0x0f, 0x00, 0x00, 0x00, 0xf0, 0xff, 0x07, 0x00, 0x00, 0x00, 0xf0, 0xff, 0x07, 0x00, 0x00, 0x00,
    0xf8, 0xff, 0x0f, 0x00, 0x00, 0x00, 0xf8, 0x8e, 0x0f, 0x00, 0x00, 0x00, 0x3c, 0x0e, 0x1e, 0x00,
    0x00, 0x00, 0x1e, 0x0e, 0x1c, 0x00, 0x00, 0x00, 0x0e, 0x0e, 0x38, 0x00, 0x00, 0x00, 0x0e, 0x0e,
    0x38, 0x00, 0x00, 0x00, 0x0e, 0x0e, 0x38, 0x00, 0x00, 0x00, 0x0e, 0x0e, 0x38, 0x00, 0x00, 0x00,
    0x0e, 0x0e, 0x38, 0x00, 0x00, 0x00, 0x1e, 0x0e, 0x38, 0x00, 0x00, 0x00, 0x3c, 0x0e, 0x3c, 0x00,
    0x00, 0x00, 0xfc, 0x0f, 0x1c, 0x00, 0x00, 0x00, 0xf8, 0x0f, 0x1e, 0x00, 0x00, 0x00, 0xf0, 0x0f,
    0x0c, 0x00, 0x00, 0x00, 0xc0, 0x0f, 0x00, 0x00, 0x00, 0x00, 0x00, 0x00, 0x00, 0x00, 0x00, 0x00,
    0x00, 0x00, 0x00, 0x00, 0x00, 0x00, 0x00, 0x00, 0x00, 0x00, 0x00, 0x00, 0x00, 0x00, 0x00, 0x00,
    0x00, 0x00, 0x00, 0x00, 0x00, 0x00, 0x00, 0xfc, 0xff, 0xff, 0x3f, 0x00, 0x00, 0xfc, 0xff, 0xff,
    0x3f, 0x00, 0x00, 0xfc, 0xff, 0xff, 0x3f, 0x00, 0x00, 0xfc, 0xff, 0xff, 0x3f, 0x00, 0x00, 0x1c,
    0x00, 0x07, 0x00, 0x00, 0x00, 0x1c, 0x00, 0x07, 0x00, 0x00, 0x00, 0x1c, 0x00, 0x07, 0x00, 0x00,
    0x00, 0x1c, 0x00, 0x07, 0x00, 0x00, 0xc0, 0x1c, 0x00, 0x07, 0x00, 0x00, 0xe0, 0x1c, 0x00, 0x07,
    0x00, 0x00, 0xf8, 0x1c, 0x00, 0x07, 0x00, 0x00, 0x7c, 0x1c, 0x00, 0x0f, 0x00, 0x00, 0x3c, 0x1c,
    0x00, 0x3f, 0x00, 0x00, 0x0c, 0x3c, 0x80, 0xff, 0x00, 0x00, 0x04, 0x78, 0xc0, 0xfb, 0x03, 0x00,
    0x00, 0xf8, 0xe0, 0xf3, 0x07, 0x00, 0x00, 0xf0, 0xff, 0xc1, 0x1f, 0x00, 0x00, 0xe0, 0xff, 0x00,
    0x3f, 0x00, 0x00, 0xc0, 0x7f, 0x00, 0x3e, 0x00, 0x00, 0x00, 0x0e, 0x00, 0x38, 0x00, 0x00, 0x00,
    0x00, 0x00, 0x20, 0x00, 0x00, 0x00, 0x00, 0x00, 0x00, 0x00, 0x00, 0x00, 0x00, 0x00, 0x00, 0x00,
    0x00, 0x00, 0x00, 0x00, 0x00, 0x00, 0x00, 0x00, 0x00, 0x00, 0x00, 0x00, 0x00, 0x00, 0x00, 0x00,
    0x00, 0x00, 0x00, 0x00, 0xfe, 0xff, 0x3f, 0x00, 0x00, 0x00, 0xfe, 0xff, 0x3f, 0x00, 0x00, 0x00,
    0xfe, 0xff, 0x3f, 0x00, 0x00, 0x00, 0x70, 0x00, 0x00, 0x00, 0x00, 0x30, 0x3c, 0x00, 0x00, 0x00,
    0x00, 0x38, 0x1c, 0x00, 0x00, 0x00, 0x00, 0x3e, 0x1e, 0x00, 0x00, 0x00, 0x00, 0x1f, 0x1e, 0x00,
    0x00, 0x00, 0x00, 0x0f, 0x0e, 0x00, 0x00, 0x00, 0x00, 0x03, 0x1e, 0x00, 0x00, 0x00, 0x00, 0x01,
    0x00, 0x00, 0x00, 0x00, 0x00, 0x00, 0x00, 0x00, 0x00, 0x00, 0x00, 0x00, 0x00, 0x00, 0x00, 0x00,
    0x00, 0x00, 0x00, 0x00, 0x00, 0x00, 0x00, 0x00, 0x00, 0x00, 0x00, 0x00, 0x00, 0x00, 0x00, 0x00,
    0x00, 0x00, 0x00, 0xfc, 0xff, 0xff, 0x3f, 0x00, 0x00, 0xfc, 0xff, 0xff, 0x3f, 0x00, 0x00, 0xfc,
    0xff, 0xff, 0x3f, 0x00, 0x00, 0xfc, 0xff, 0xff, 0x3f, 0x00, 0x00, 0x1c, 0x00, 0x07, 0x00, 0x00,
    0x00, 0x1c, 0x00, 0x07, 0x00, 0x00, 0x00, 0x1c, 0x00, 0x07, 0x00, 0x60, 0x00, 0x1c, 0x00, 0x07,
    0x00, 0xff, 0x00, 0x1c, 0x00, 0x07, 0x00, 0x7f, 0x00, 0x1c, 0x00, 0x07, 0x00, 0x3f, 0x00, 0x1c,
    0x00, 0x07, 0x00, 0x07, 0x00, 0x1c, 0x00, 0x0f, 0x00, 0x00, 0x00, 0x1c, 0x00, 0x3f, 0x00, 0x00,
    0x00, 0x3c, 0x80, 0xff, 0x00, 0x00, 0x00, 0x78, 0xc0, 0xfb, 0x03, 0x00, 0x00, 0xf8, 0xe0, 0xf3,
    0x07, 0x00, 0x00, 0xf0, 0xff, 0xc1, 0x1f, 0x00, 0x00, 0xe0, 0xff, 0x00, 0x3f, 0x00, 0x00, 0xc0,
    0x7f, 0x00, 0x3e, 0x00, 0x00, 0x00, 0x0e, 0x00, 0x38, 0x00, 0x00, 0x00, 0x00, 0x00, 0x20, 0x00,
    0x00, 0x00, 0x00, 0x00, 0x00, 0x00, 0x00, 0x00, 0x00, 0x00, 0x00, 0x00, 0x00, 0x00, 0x00, 0x00,
    0x00, 0x00, 0x00, 0x00, 0x00, 0x00, 0x00, 0x00, 0x00, 0x00, 0x00, 0x00, 0x00, 0x60, 0x00, 0x00,
    0xfe, 0xff, 0x3f, 0xff, 0x00, 0x00, 0xfe, 0xff, 0x3f, 0x7f, 0x00, 0x00, 0xfe, 0xff, 0x3f, 0x3f,
    0x00, 0x00, 0x70, 0x00, 0x00, 0x07, 0x00, 0x00, 0x3c, 0x00, 0x00, 0x00, 0x00, 0x00, 0x1c, 0x00,
    0x00, 0x00, 0x00, 0x00, 0x1e, 0x00, 0x00, 0x00, 0x00, 0x00, 0x1e, 0x00, 0x00, 0x00, 0x00, 0x00,
    0x0e, 0x00, 0x00, 0x00, 0x00, 0x00, 0x1e, 0x00, 0x00, 0x00, 0x00, 0x00, 0x00, 0x00, 0x00, 0x00,
    0x00, 0x00, 0x00, 0x00, 0x00, 0x00, 0x00, 0x00, 0x00, 0x00, 0x00, 0x00, 0x00, 0x00, 0x00, 0x00,
    0x00, 0x00, 0x00, 0x00, 0x00, 0x00, 0x00, 0x00, 0x00, 0xfc, 0xff, 0xff, 0x3f, 0x00, 0x00, 0xfc,
    0xff, 0xff, 0x3f, 0x00, 0x00, 0xfc, 0xff, 0xff, 0x3f, 0x00, 0x04, 0xfc, 0xff, 0xff, 0x3f, 0x00,
    0x0c, 0x1c, 0x00, 0x07, 0x00, 0x00, 0x1c, 0x1c, 0x00, 0x07, 0x00, 0x00, 0x78, 0x1c, 0x00, 0x07,
    0x00, 0x00, 0xf0, 0x1c, 0x00, 0x07, 0x00, 0x00, 0xe0, 0x1c, 0x00, 0x07, 0x00, 0x00, 0xe0, 0x1c,
    0x00, 0x07, 0x00, 0x00, 0x78, 0x1c, 0x00, 0x07, 0x00, 0x00, 0x3c, 0x1c, 0x00, 0x0f, 0x00, 0x00,
    0x1c, 0x1c, 0x00, 0x3f, 0x00, 0x00, 0x0c, 0x3c, 0x80, 0xff, 0x00, 0x00, 0x04, 0x78, 0xc0, 0xfb,
    0x03, 0x00, 0x00, 0xf8, 0xe0, 0xf3, 0x07, 0x00, 0x00, 0xf0, 0xff, 0xc1, 0x1f, 0x00, 0x00, 0xe0,
    0xff, 0x00, 0x3f, 0x00, 0x00, 0xc0, 0x7f, 0x00, 0x3e, 0x00, 0x00, 0x00, 0x0e, 0x00, 0x38, 0x00,
    0x00, 0x00, 0x00, 0x00, 0x20, 0x00, 0x00, 0x00, 0x00, 0x00, 0x00, 0x00, 0x00, 0x00, 0x00, 0x00,
    0x00, 0x00, 0x00, 0x00, 0x00, 0x00, 0x00, 0x00, 0x00, 0x00, 0x00, 0x00, 0x00, 0x00, 0x00, 0x01,
    0x00, 0x00, 0x00, 0x00, 0x00, 0x03, 0xfe, 0xff, 0x3f, 0x00, 0x00, 0x07, 0xfe, 0xff, 0x3f, 0x00,
    0x00, 0x1e, 0xfe, 0xff, 0x3f, 0x00, 0x00, 0x3c, 0x70, 0x00, 0x00, 0x00, 0x00, 0x38, 0x3c, 0x00,
    0x00, 0x00, 0x00, 0x38, 0x1c, 0x00, 0x00, 0x00, 0x00, 0x1e, 0x1e, 0x00, 0x00, 0x00, 0x00, 0x0f,
    0x1e, 0x00, 0x00, 0x00, 0x00, 0x07, 0x0e, 0x00, 0x00, 0x00, 0x00, 0x03, 0x1e, 0x00, 0x00, 0x00,
    0x00, 0x01, 0x00, 0x00, 0x00, 0x00, 0x00, 0x00, 0x00, 0x00, 0x00, 0x00, 0x00, 0x00, 0x00, 0x00,
    0x00, 0x00, 0x00, 0x00, 0x00, 0x00, 0x00, 0x00, 0x00, 0x00, 0x00, 0x00, 0x00, 0x00, 0x00, 0x00,
    0x02, 0xe0, 0x01, 0x00, 0x00, 0xc0, 0x1f, 0xe0, 0x03, 0x00, 0x00, 0xe0, 0x3f, 0xe0, 0x07, 0x00,
    0x00, 0xf0, 0x7f, 0x80, 0x0f, 0x00, 0x00, 0xf8, 0x78, 0x00, 0x1e, 0x00, 0x00, 0x38, 0xf0, 0x00,
    0x1c, 0x00, 0x00, 0x3c, 0xe0, 0x00, 0x1c, 0x00, 0x00, 0x1c, 0xe0, 0x01, 0x38, 0x00, 0x00, 0x1c,
    0xc0, 0x01, 0x38, 0x00, 0xc0, 0x1c, 0xc0, 0x01, 0x38, 0x00, 0xe0, 0x1c, 0xc0, 0x03, 0x38, 0x00,
    0xf8, 0x1c, 0x80, 0x03, 0x38, 0x00, 0x7c, 0x1c, 0x80, 0x03, 0x38, 0x00, 0x3c, 0x3c, 0x80, 0x07,
    0x3c, 0x00, 0x0c, 0x38, 0x00, 0x07, 0x1c, 0x00, 0x04, 0xf8, 0x00, 0x0f, 0x1e, 0x00, 0x00, 0xf0,
    0x07, 0xfe, 0x1f, 0x00, 0x00, 0xe0, 0x07, 0xfe, 0x0f, 0x00, 0x00, 0xc0, 0x07, 0xfc, 0x07, 0x00,
    0x00, 0x00, 0x07, 0xf8, 0x03, 0x00, 0x00, 0x00, 0x00, 0x00, 0x00, 0x00, 0x00, 0x00, 0x00, 0x00,
    0x00, 0x00, 0x00, 0x00, 0x00, 0x00, 0x00, 0x00, 0x00, 0x00, 0x00, 0x00, 0x00, 0x00, 0x00, 0x00,
    0x00, 0x80, 0x03, 0x00, 0x00, 0x00, 0xf0, 0x83, 0x07, 0x00, 0x00, 0x00, 0xf8, 0x87, 0x0f, 0x00,
    0x00, 0x00, 0xfc, 0x87, 0x1f, 0x00, 0x00, 0x00, 0x3c, 0x0f, 0x1c, 0x00, 0x00, 0x00, 0x1e, 0x0e,
    0x3c, 0x00, 0x00, 0x00, 0x0e, 0x0e, 0x38, 0x00, 0x00, 0x00, 0x0e, 0x1c, 0x38, 0x00, 0x00, 0x30,
    0x0e, 0x1c, 0x38, 0x00, 0x00, 0x38, 0x0e, 0x1c, 0x38, 0x00, 0x00, 0x3e, 0x0e, 0x1c, 0x38, 0x00,
    0x00, 0x1f, 0x1e, 0x38, 0x3c, 0x00, 0x00, 0x0f, 0x3c, 0x78, 0x1c, 0x00, 0x00, 0x03, 0xfc, 0xf8,
    0x1f, 0x00, 0x00, 0x01, 0xf8, 0xf0, 0x0f, 0x00, 0x00, 0x00, 0xf0, 0xe0, 0x07, 0x00, 0x00, 0x00,
    0x00, 0x80, 0x01, 0x00, 0x00, 0x00, 0x00, 0x00, 0x00, 0x00, 0x00, 0x00, 0x00, 0x00, 0x00, 0x00,
    0x00, 0x00, 0x00, 0x00, 0x00, 0x00, 0x00, 0x00, 0x00, 0x00, 0x00, 0x00, 0x00, 0x00, 0x02, 0xe0,
    0x01, 0x00, 0x00, 0xc0, 0x1f, 0xe0, 0x03, 0x00, 0x00, 0xe0, 0x3f, 0xe0, 0x07, 0x00, 0x00, 0xf0,
    0x7f, 0x80, 0x0f, 0x00, 0x00, 0xf8, 0x78, 0x00, 0x1e, 0x00, 0xc0, 0x38, 0xf0, 0x00, 0x1c, 0x00,
    0xe0, 0x3c, 0xe0, 0x00, 0x1c, 0x00, 0xf0, 0x1c, 0xe0, 0x01, 0x38, 0x00, 0x78, 0x1c, 0xc0, 0x01,
    0x38, 0x00, 0x1c, 0x1c, 0xc0, 0x01, 0x38, 0x00, 0x1c, 0x1c, 0xc0, 0x03, 0x38, 0x00, 0x3c, 0x1c,
    0x80, 0x03, 0x38, 0x00, 0x78, 0x1c, 0x80, 0x03, 0x38, 0x00, 0xe0, 0x3c, 0x80, 0x07, 0x3c, 0x00,
    0xc0, 0x38, 0x00, 0x07, 0x1c, 0x00, 0x80, 0xf8, 0x00, 0x0f, 0x1e, 0x00, 0x00, 0xf0, 0x07, 0xfe,
    0x1f, 0x00, 0x00, 0xe0, 0x07, 0xfe, 0x0f, 0x00, 0x00, 0xc0, 0x07, 0xfc, 0x07, 0x00, 0x00, 0x00,
    0x07, 0xf8, 0x03, 0x00, 0x00, 0x00, 0x00, 0x00, 0x00, 0x00, 0x00, 0x00, 0x00, 0x00, 0x00, 0x00,
    0x00, 0x00, 0x00, 0x00, 0x00, 0x00, 0x00, 0x00, 0x00, 0x00, 0x00, 0x00, 0x00, 0x00, 0x00, 0x80,
    0x03, 0x00, 0x00, 0x00, 0xf0, 0x83, 0x07, 0x00, 0x00, 0x00, 0xf8, 0x87, 0x0f, 0x00, 0x00, 0x00,
    0xfc, 0x87, 0x1f, 0x00, 0x00, 0x30, 0x3c, 0x0f, 0x1c, 0x00, 0x00, 0x38, 0x1e, 0x0e, 0x3c, 0x00,
    0x00, 0x3c, 0x0e, 0x0e, 0x38, 0x00, 0x00, 0x1e, 0x0e, 0x1c, 0x38, 0x00, 0x00, 0x07, 0x0e, 0x1c,
    0x38, 0x00, 0x00, 0x07, 0x0e, 0x1c, 0x38, 0x00, 0x00, 0x0f, 0x0e, 0x1c, 0x38, 0x00, 0x00, 0x1e,
    0x1e, 0x38, 0x3c, 0x00, 0x00, 0x38, 0x3c, 0x78, 0x1c, 0x00, 0x00, 0x30, 0xfc, 0xf8, 0x1f, 0x00,
    0x00, 0x20, 0xf8, 0xf0, 0x0f, 0x00, 0x00, 0x00, 0xf0, 0xe0, 0x07, 0x00, 0x00, 0x00, 0x00, 0x80,
    0x01, 0x00, 0x00, 0x00, 0x00, 0x00, 0x00, 0x00, 0x00, 0x00, 0x00, 0x00, 0x00, 0x00, 0x00, 0x00,
    0x00, 0x00, 0x00, 0x00, 0x00, 0x00, 0x00, 0x00, 0x00, 0x00, 0x00, 0x00, 0x02, 0xe0, 0x01, 0x00,
    0x00, 0xc0, 0x1f, 0xe0, 0x03, 0x00, 0x00, 0xe0, 0x3f, 0xe0, 0x07, 0x00, 0x00, 0xf0, 0x7f, 0x80,
    0x0f, 0x00, 0x00, 0xf8, 0x78, 0x00, 0x1e, 0x00, 0x00, 0x38, 0xf0, 0x00, 0x1c, 0x00, 0x00, 0x3c,
    0xe0, 0x00, 0x1c, 0x00, 0x00, 0x1c, 0xe0, 0x01, 0x38, 0x00, 0x00, 0x1c, 0xc0, 0x01, 0x38, 0x61,
    0x00, 0x1c, 0xc0, 0x01, 0xf8, 0x61, 0x00, 0x1c, 0xc0, 0x03, 0xf8, 0x71, 0x00, 0x1c, 0x80, 0x03,
    0xb8, 0x7f, 0x00, 0x1c, 0x80, 0x03, 0xb8, 0x3f, 0x00, 0x3c, 0x80, 0x07, 0x3c, 0x1f, 0x00, 0x38,
    0x00, 0x07, 0x1c, 0x00, 0x00, 0xf8, 0x00, 0x0f, 0x1e, 0x00, 0x00, 0xf0, 0x07, 0xfe, 0x1f, 0x00,
    0x00, 0xe0, 0x07, 0xfe, 0x0f, 0x00, 0x00, 0xc0, 0x07, 0xfc, 0x07, 0x00, 0x00, 0x00, 0x07, 0xf8,
    0x03, 0x00, 0x00, 0x00, 0x00, 0x00, 0x00, 0x00, 0x00, 0x00, 0x00, 0x00, 0x00, 0x00, 0x00, 0x00,
    0x00, 0x00, 0x00, 0x00, 0x00, 0x00, 0x00, 0x00, 0x00, 0x00, 0x00, 0x00, 0x00, 0x80, 0x03, 0x00,
    0x00, 0x00, 0xf0, 0x83, 0x07, 0x00, 0x00, 0x00, 0xf8, 0x87, 0x0f, 0x00, 0x00, 0x00, 0xfc, 0x87,
    0x1f, 0x00, 0x00, 0x00, 0x3c, 0x0f, 0x1c, 0x00, 0x00, 0x00, 0x1e, 0x0e, 0x3c, 0x00, 0x00, 0x00,
    0x0e, 0x0e, 0x38, 0x00, 0x00, 0x00, 0x0e, 0x1c, 0x38, 0x61, 0x00, 0x00, 0x0e, 0x1c, 0xf8, 0x61,
    0x00, 0x00, 0x0e, 0x1c, 0xf8, 0x71, 0x00, 0x00, 0x0e, 0x1c, 0xb8, 0x7f, 0x00, 0x00, 0x1e, 0x38,
    0xbc, 0x3f, 0x00, 0x00, 0x3c, 0x78, 0x1c, 0x1f, 0x00, 0x00, 0xfc, 0xf8, 0x1f, 0x00, 0x00, 0x00,
    0xf8, 0xf0, 0x0f, 0x00, 0x00, 0x00, 0xf0, 0xe0, 0x07, 0x00, 0x00, 0x00, 0x00, 0x80, 0x01, 0x00,
    0x00, 0x00, 0x00, 0x00, 0x00, 0x00, 0x00, 0x00, 0x00, 0x00, 0x00, 0x00, 0x00, 0x00, 0x00, 0x00,
    0x00, 0x00, 0x00, 0x00, 0x00, 0x00, 0x00, 0x00, 0x00, 0x00, 0x02, 0xe0, 0x01, 0x00, 0x00, 0xc0,
    0x1f, 0xe0, 0x03, 0x00, 0x00, 0xe0, 0x3f, 0xe0, 0x07, 0x00, 0x00, 0xf0, 0x7f, 0x80, 0x0f, 0x00,
    0x04, 0xf8, 0x78, 0x00, 0x1e, 0x00, 0x0c, 0x38, 0xf0, 0x00, 0x1c, 0x00, 0x1c, 0x3c, 0xe0, 0x00,
    0x1c, 0x00, 0x78, 0x1c, 0xe0, 0x01, 0x38, 0x00, 0xf0, 0x1c, 0xc0, 0x01, 0x38, 0x00, 0xe0, 0x1c,
    0xc0, 0x01, 0x38, 0x00, 0xe0, 0x1c, 0xc0, 0x03, 0x38, 0x00, 0x78, 0x1c, 0x80, 0x03, 0x38, 0x00,
    0x3c, 0x1c, 0x80, 0x03, 0x38, 0x00, 0x1c, 0x3c, 0x80, 0x07, 0x3c, 0x00, 0x0c, 0x38, 0x00, 0x07,
    0x1c, 0x00, 0x04, 0xf8, 0x00, 0x0f, 0x1e, 0x00, 0x00, 0xf0, 0x07, 0xfe, 0x1f, 0x00, 0x00, 0xe0,
    0x07, 0xfe, 0x0f, 0x00, 0x00, 0xc0, 0x07, 0xfc, 0x07, 0x00, 0x00, 0x00, 0x07, 0xf8, 0x03, 0x00,
    0x00, 0x00, 0x00, 0x00, 0x00, 0x00, 0x00, 0x00, 0x00, 0x00, 0x00, 0x00, 0x00, 0x00, 0x00, 0x00,
    0x00, 0x00, 0x00, 0x00, 0x00, 0x00, 0x00, 0x00, 0x00, 0x00, 0x00, 0x80, 0x03, 0x00, 0x00, 0x00,
    0xf0, 0x83, 0x07, 0x00, 0x00, 0x00, 0xf8, 0x87, 0x0f, 0x00, 0x00, 0x01, 0xfc, 0x87, 0x1f, 0x00,
    0x00, 0x03, 0x3c, 0x0f, 0x1c, 0x00, 0x00, 0x07, 0x1e, 0x0e, 0x3c, 0x00, 0x00, 0x1e, 0x0e, 0x0e,
    0x38, 0x00, 0x00, 0x3c, 0x0e, 0x1c, 0x38, 0x00, 0x00, 0x38, 0x0e, 0x1c, 0x38, 0x00, 0x00, 0x38,
    0x0e, 0x1c, 0x38, 0x00, 0x00, 0x1e, 0x0e, 0x1c, 0x38, 0x00, 0x00, 0x0f, 0x1e, 0x38, 0x3c, 0x00,
    0x00, 0x07, 0x3c, 0x78, 0x1c, 0x00, 0x00, 0x03, 0xfc, 0xf8, 0x1f, 0x00, 0x00, 0x01, 0xf8, 0xf0,
    0x0f, 0x00, 0x00, 0x00, 0xf0, 0xe0, 0x07, 0x00, 0x00, 0x00, 0x00, 0x80, 0x01, 0x00, 0x00, 0x00,
    0x00, 0x00, 0x00, 0x00, 0x00, 0x00, 0x00, 0x00, 0x00, 0x00, 0x00, 0x00, 0x00, 0x00, 0x00, 0x00,
    0x00, 0x1c, 0x00, 0x00, 0x00, 0x00, 0x00, 0x1c, 0x00, 0x00, 0x00, 0x00, 0x00, 0x1c, 0x00, 0x00,
    0x00, 0x00, 0x00, 0x1c, 0x00, 0x00, 0x00, 0x00, 0x00, 0x1c, 0x00, 0x00, 0x00, 0x00, 0x00, 0x1c,
    0x00, 0x00, 0x00, 0x00, 0x00, 0x1c, 0x00, 0x00, 0x00, 0x00, 0x00, 0x1c, 0x00, 0x00, 0x00, 0x00,
    0x00, 0x1c, 0x00, 0x00, 0x00, 0x00, 0x00, 0xfc, 0xff, 0xff, 0x3f, 0x61, 0x00, 0xfc, 0xff, 0xff,
    0xff, 0x61, 0x00, 0xfc, 0xff, 0xff, 0xff, 0x71, 0x00, 0xfc, 0xff, 0xff, 0xbf, 0x7f, 0x00, 0x1c,
    0x00, 0x00, 0x80, 0x3f, 0x00, 0x1c, 0x00, 0x00, 0x00, 0x1f, 0x00, 0x1c, 0x00, 0x00, 0x00, 0x00,
    0x00, 0x1c, 0x00, 0x00, 0x00, 0x00, 0x00, 0x1c, 0x00, 0x00, 0x00, 0x00, 0x00, 0x1c, 0x00, 0x00,
    0x00, 0x00, 0x00, 0x1c, 0x00, 0x00, 0x00, 0x00, 0x00, 0x1c, 0x00, 0x00, 0x00, 0x00, 0x00, 0x1c,
    0x00, 0x00, 0x00, 0x00, 0x00, 0x00, 0x00, 0x00, 0x00, 0x00, 0x00, 0x00, 0x00, 0x00, 0x00, 0x00,
    0x00, 0x00, 0x0e, 0x00, 0x00, 0x00, 0x00, 0x00, 0x0e, 0x00, 0x00, 0x00, 0x00, 0x00, 0x0e, 0x00,
    0x00, 0x00, 0x00, 0x00, 0x0e, 0x00, 0x00, 0x00, 0x00, 0xf0, 0xff, 0xff, 0x07, 0x00, 0x00, 0xf0,
    0xff, 0xff, 0x1f, 0x00, 0x00, 0xf0, 0xff, 0xff, 0x3f, 0x00, 0x00, 0xf0, 0xff, 0xff, 0x3f, 0x61,
    0x00, 0x00, 0x0e, 0x00, 0xf8, 0x61, 0x00, 0x00, 0x0e, 0x00, 0xf8, 0x71, 0x00, 0x00, 0x0e, 0x00,
    0xb8, 0x7f, 0x00, 0x00, 0x0e, 0x00, 0xb8, 0x3f, 0x00, 0x00, 0x00, 0x00, 0x00, 0x1f, 0x00, 0x00,
    0x00, 0x00, 0x00, 0x00, 0x00, 0x00, 0x00, 0x00, 0x00, 0x00, 0x00, 0x00, 0x00, 0x00, 0x00, 0x00,
    0x00, 0x1c, 0x00, 0x00, 0x00, 0x00, 0x00, 0x1c, 0x00, 0x00, 0x00, 0x00, 0x00, 0x1c, 0x00, 0x00,
    0x00, 0x00, 0x00, 0x1c, 0x00, 0x00, 0x00, 0x00, 0x00, 0x1c, 0x00, 0x00, 0x00, 0x00, 0x04, 0x1c,
    0x00, 0x00, 0x00, 0x00, 0x0c, 0x1c, 0x00, 0x00, 0x00, 0x00, 0x1c, 0x1c, 0x00, 0x00, 0x00, 0x00,
    0x78, 0x1c, 0x00, 0x00, 0x00, 0x00, 0xf0, 0xfc, 0xff, 0xff, 0x3f, 0x00, 0xe0, 0xfc, 0xff, 0xff,
    0x3f, 0x00, 0xe0, 0xfc, 0xff, 0xff, 0x3f, 0x00, 0x78, 0xfc, 0xff, 0xff, 0x3f, 0x00, 0x3c, 0x1c,
    0x00, 0x00, 0x00, 0x00, 0x1c, 0x1c, 0x00, 0x00, 0x00, 0x00, 0x0c, 0x1c, 0x00, 0x00, 0x00, 0x00,
    0x04, 0x1c, 0x00, 0x00, 0x00, 0x00, 0x00, 0x1c, 0x00, 0x00, 0x00, 0x00, 0x00, 0x1c, 0x00, 0x00,
    0x00, 0x00, 0x00, 0x1c, 0x00, 0x00, 0x00, 0x00, 0x00, 0x1c, 0x00, 0x00, 0x00, 0x00, 0x00, 0x1c,
    0x00, 0x00, 0x00, 0x00, 0x00, 0x00, 0x00, 0x00, 0x00, 0x00, 0x00, 0x00, 0x00, 0x00, 0x00, 0x00,
    0x00, 0x00, 0x0e, 0x00, 0x00, 0x00, 0x00, 0x00, 0x0e, 0x00, 0x00, 0x00, 0x00, 0x00, 0x0e, 0x00,
    0x00, 0x00, 0x00, 0x00, 0x0e, 0x00, 0x00, 0x00, 0x00, 0xf0, 0xff, 0xff, 0x07, 0x00, 0x00, 0xf0,
    0xff, 0xff, 0x1f, 0x00, 0x00, 0xf0, 0xff, 0xff, 0x3f, 0x00, 0x00, 0xf0, 0xff, 0xff, 0x3f, 0x00,
    0x00, 0x00, 0x0e, 0x00, 0x38, 0x00, 0x00, 0x00, 0x0e, 0x00, 0x38, 0x00, 0x00, 0x18, 0x0e, 0x00,
    0x38, 0x00, 0xc0, 0x3f, 0x0e, 0x00, 0x38, 0x00, 0xc0, 0x1f, 0x00, 0x00, 0x00, 0x00, 0xc0, 0x0f,
    0x00, 0x00, 0x00, 0x00, 0xc0, 0x01, 0x00, 0x00, 0x00, 0x00, 0x00, 0x00, 0x00, 0x00, 0x00, 0x00,
    0x00, 0x00, 0x00, 0x00, 0x00, 0x00, 0x00, 0x00, 0x00, 0x00, 0x00, 0x00, 0x00, 0x1c, 0x00, 0x00,
    0x00, 0x00, 0x00, 0x1c, 0x00, 0x00, 0x00, 0x00, 0x00, 0x1c, 0x00, 0x00, 0x00, 0x00, 0x00, 0x1c,
    0x00, 0x00, 0x00, 0x00, 0x00, 0x1c, 0x00, 0x00, 0x00, 0x00, 0x00, 0x1c, 0x38, 0x00, 0x00, 0x00,
    0x00, 0x1c, 0x38, 0x00, 0x00, 0x00, 0x00, 0x1c, 0x38, 0x00, 0x00, 0x00, 0x00, 0x1c, 0x38, 0x00,
    0x00, 0x00, 0x00, 0xfc, 0xff, 0xff, 0x3f, 0x00, 0x00, 0xfc, 0xff, 0xff, 0x3f, 0x00, 0x00, 0xfc,
    0xff, 0xff, 0x3f, 0x00, 0x00, 0xfc, 0xff, 0xff, 0x3f, 0x00, 0x00, 0x1c, 0x38, 0x00, 0x00, 0x00,
    0x00, 0x1c, 0x38, 0x00, 0x00, 0x00, 0x00, 0x1c, 0x38, 0x00, 0x00, 0x00, 0x00, 0x1c, 0x38, 0x00,
    0x00, 0x00, 0x00, 0x1c, 0x00, 0x00, 0x00, 0x00, 0x00, 0x1c, 0x00, 0x00, 0x00, 0x00, 0x00, 0x1c,
    0x00, 0x00, 0x00, 0x00, 0x00, 0x1c, 0x00, 0x00, 0x00, 0x00, 0x00, 0x1c, 0x00, 0x00, 0x00, 0x00,
    0x00, 0x00, 0x00, 0x00, 0x00, 0x00, 0x00, 0x00, 0x00, 0x00, 0x00, 0x00, 0x00, 0x00, 0x8e, 0x03,
    0x00, 0x00, 0x00, 0x00, 0x8e, 0x03, 0x00, 0x00, 0x00, 0x00, 0x8e, 0x03, 0x00, 0x00, 0x00, 0x00,
    0x8e, 0x03, 0x00, 0x00, 0x00, 0xf0, 0xff, 0xff, 0x07, 0x00, 0x00, 0xf0, 0xff, 0xff, 0x1f, 0x00,
    0x00, 0xf0, 0xff, 0xff, 0x3f, 0x00, 0x00, 0xf0, 0xff, 0xff, 0x3f, 0x00, 0x00, 0x00, 0x8e, 0x03,
    0x38, 0x00, 0x00, 0x00, 0x8e, 0x03, 0x38, 0x00, 0x00, 0x00, 0x8e, 0x03, 0x38, 0x00, 0x00, 0x00,
    0x8e, 0x03, 0x38, 0x00, 0x00, 0x00, 0x00, 0x00, 0x00, 0x00, 0x00, 0x00, 0x00, 0x00, 0x00, 0x00,
    0x00, 0x00, 0x00, 0x00, 0x00, 0x00, 0x00, 0x00, 0x00, 0x00, 0x00, 0x00, 0x00, 0x00, 0x00, 0x00,
    0x00, 0x00, 0x00, 0xfc, 0xff, 0xff, 0x01, 0x00, 0x00, 0xfc, 0xff, 0xff, 0x03, 0x00, 0x00, 0xfc,
    0xff, 0xff, 0x0f, 0x00, 0x80, 0x00, 0x00, 0xe0, 0x0f, 0x00, 0xe0, 0x00, 0x00, 0x00, 0x1e, 0x00,
    0xf0, 0x00, 0x00, 0x00, 0x1c, 0x00, 0x38, 0x00, 0x00, 0x00, 0x3c, 0x00, 0x38, 0x00, 0x00, 0x00,
    0x38, 0x00, 0x38, 0x00, 0x00, 0x00, 0x38, 0x00, 0x30, 0x00, 0x00, 0x00, 0x38, 0x00, 0x70, 0x00,
    0x00, 0x00, 0x38, 0x00, 0xe0, 0x00, 0x00, 0x00, 0x38, 0x00, 0xe0, 0x00, 0x00, 0x00, 0x38, 0x00,
    0xe0, 0x00, 0x00, 0x00, 0x3c, 0x00, 0xf0, 0x00, 0x00, 0x00, 0x1c, 0x00, 0x78, 0x00, 0x00, 0x00,
    0x1e, 0x00, 0x38, 0x00, 0x00, 0xc0, 0x0f, 0x00, 0x00, 0xfc, 0xff, 0xff, 0x07, 0x00, 0x00, 0xfc,
    0xff, 0xff, 0x03, 0x00, 0x00, 0xfc, 0xff, 0xff, 0x01, 0x00, 0x00, 0x00, 0x00, 0x00, 0x00, 0x00,
    0x00, 0x00, 0x00, 0x00, 0x00, 0x00, 0x00, 0x00, 0x00, 0x00, 0x00, 0x00, 0x00, 0x00, 0x00, 0x00,
    0x00, 0x00, 0x00, 0x00, 0x00, 0x00, 0x00, 0x00, 0x00, 0x00, 0xfe, 0xff, 0x07, 0x00, 0x00, 0x20,
    0xfe, 0xff, 0x0f, 0x00, 0x00, 0x38, 0xfe, 0xff, 0x1f, 0x00, 0x00, 0x3c, 0x00, 0x00, 0x1f, 0x00,
    0x00, 0x0e, 0x00, 0x00, 0x3c, 0x00, 0x00, 0x0e, 0x00, 0x00, 0x38, 0x00, 0x00, 0x0e, 0x00, 0x00,
    0x38, 0x00, 0x00, 0x0c, 0x00, 0x00, 0x38, 0x00, 0x00, 0x1c, 0x00, 0x00, 0x38, 0x00, 0x00, 0x38,
    0x00, 0x00, 0x38, 0x00, 0x00, 0x38, 0x00, 0x00, 0x1c, 0x00, 0x00, 0x38, 0x00, 0x00, 0x1c, 0x00,
    0x00, 0x3c, 0x00, 0x00, 0x0f, 0x00, 0x00, 0x1e, 0xfe, 0xff, 0x3f, 0x00, 0x00, 0x0e, 0xfe, 0xff,
    0x3f, 0x00, 0x00, 0x00, 0xfe, 0xff, 0x3f, 0x00, 0x00, 0x00, 0x00, 0x00, 0x00, 0x00, 0x00, 0x00,
    0x00, 0x00, 0x00, 0x00, 0x00, 0x00, 0x00, 0x00, 0x00, 0x00, 0x00, 0x00, 0x00, 0x00, 0x00, 0x00,
    0x00, 0x00, 0x00, 0x00, 0x00, 0x00, 0x00, 0xfc, 0xff, 0xff, 0x01, 0x00, 0x00, 0xfc, 0xff, 0xff,
    0x03, 0x00, 0x00, 0xfc, 0xff, 0xff, 0x0f, 0x00, 0x00, 0x00, 0x00, 0xe0, 0x0f, 0x00, 0x70, 0x00,
    0x00, 0x00, 0x1e, 0x00, 0x70, 0x00, 0x00, 0x00, 0x1c, 0x00, 0x70, 0x00, 0x00, 0x00, 0x3c, 0x00,
    0x70, 0x00, 0x00, 0x00, 0x38, 0x00, 0x70, 0x00, 0x00, 0x00, 0x38, 0x00, 0x70, 0x00, 0x00, 0x00,
    0x38, 0x00, 0x70, 0x00, 0x00, 0x00, 0x38, 0x00, 0x70, 0x00, 0x00, 0x00, 0x38, 0x00, 0x70, 0x00,
    0x00, 0x00, 0x38, 0x00, 0x70, 0x00, 0x00, 0x00, 0x3c, 0x00, 0x70, 0x00, 0x00, 0x00, 0x1c, 0x00,
    0x70, 0x00, 0x00, 0x00, 0x1e, 0x00, 0x70, 0x00, 0x00, 0xc0, 0x0f, 0x00, 0x00, 0xfc, 0xff, 0xff,
    0x07, 0x00, 0x00, 0xfc, 0xff, 0xff, 0x03, 0x00, 0x00, 0xfc, 0xff, 0xff, 0x01, 0x00, 0x00, 0x00,
    0x00, 0x00, 0x00, 0x00, 0x00, 0x00, 0x00, 0x00, 0x00, 0x00, 0x00, 0x00, 0x00, 0x00, 0x00, 0x00,
    0x00, 0x00, 0x00, 0x00, 0x00, 0x00, 0x00, 0x00, 0x00, 0x00, 0x00, 0x00, 0x00, 0x00, 0xfe, 0xff,
    0x07, 0x00, 0x00, 0x00, 0xfe, 0xff, 0x0f, 0x00, 0x00, 0x1c, 0xfe, 0xff, 0x1f, 0x00, 0x00, 0x1c,
    0x00, 0x00, 0x1f, 0x00, 0x00, 0x1c, 0x00, 0x00, 0x3c, 0x00, 0x00, 0x1c, 0x00, 0x00, 0x38, 0x00,
    0x00, 0x1c, 0x00, 0x00, 0x38, 0x00, 0x00, 0x1c, 0x00, 0x00, 0x38, 0x00, 0x00, 0x1c, 0x00, 0x00,
    0x38, 0x00, 0x00, 0x1c, 0x00, 0x00, 0x38, 0x00, 0x00, 0x1c, 0x00, 0x00, 0x1c, 0x00, 0x00, 0x1c,
    0x00, 0x00, 0x1c, 0x00, 0x00, 0x1c, 0x00, 0x00, 0x0f, 0x00, 0x00, 0x1c, 0xfe, 0xff, 0x3f, 0x00,
    0x00, 0x1c, 0xfe, 0xff, 0x3f, 0x00, 0x00, 0x00, 0xfe, 0xff, 0x3f, 0x00, 0x00, 0x00, 0x00, 0x00,
    0x00, 0x00, 0x00, 0x00, 0x00, 0x00, 0x00, 0x00, 0x00, 0x00, 0x00, 0x00, 0x00, 0x00, 0x00, 0x00,
    0x00, 0x00, 0x00, 0x00, 0x00, 0x00, 0x00, 0x00, 0x00, 0x00, 0x00, 0xfc, 0xff, 0xff, 0x01, 0x00,
    0x00, 0xfc, 0xff, 0xff, 0x03, 0x00, 0x00, 0xfc, 0xff, 0xff, 0x0f, 0x00, 0x00, 0x00, 0x00, 0xe0,
    0x0f, 0x00, 0x00, 0x00, 0x00, 0x00, 0x1e, 0x00, 0x38, 0x00, 0x00, 0x00, 0x1c, 0x00, 0x78, 0x00,
    0x00, 0x00, 0x3c, 0x00, 0xf8, 0x00, 0x00, 0x00, 0x38, 0x00, 0xe0, 0x00, 0x00, 0x00, 0x38, 0x00,
    0xc0, 0x00, 0x00, 0x00, 0x38, 0x00, 0xc0, 0x00, 0x00, 0x00, 0x38, 0x00, 0xc0, 0x00, 0x00, 0x00,
    0x38, 0x00, 0xe0, 0x00, 0x00, 0x00, 0x38, 0x00, 0x78, 0x00, 0x00, 0x00, 0x3c, 0x00, 0x78, 0x00,
    0x00, 0x00, 0x1c, 0x00, 0x38, 0x00, 0x00, 0x00, 0x1e, 0x00, 0x00, 0x00, 0x00, 0xc0, 0x0f, 0x00,
    0x00, 0xfc, 0xff, 0xff, 0x07, 0x00, 0x00, 0xfc, 0xff, 0xff, 0x03, 0x00, 0x00, 0xfc, 0xff, 0xff,
    0x01, 0x00, 0x00, 0x00, 0x00, 0x00, 0x00, 0x00, 0x00, 0x00, 0x00, 0x00, 0x00, 0x00, 0x00, 0x00,
    0x00, 0x00, 0x00, 0x00, 0x00, 0x00, 0x00, 0x00, 0x00, 0x00, 0x00, 0x00, 0x00, 0x00, 0x00, 0x00,
    0x00, 0x00, 0xfe, 0xff, 0x07, 0x00, 0x00, 0x00, 0xfe, 0xff, 0x0f, 0x00, 0x00, 0x00, 0xfe, 0xff,
    0x1f, 0x00, 0x00, 0x0e, 0x00, 0x00, 0x1f, 0x00, 0x00, 0x1e, 0x00, 0x00, 0x3c, 0x00, 0x00, 0x3e,
    0x00, 0x00, 0x38, 0x00, 0x00, 0x38, 0x00, 0x00, 0x38, 0x00, 0x00, 0x30, 0x00, 0x00, 0x38, 0x00,
    0x00, 0x30, 0x00, 0x00, 0x38, 0x00, 0x00, 0x30, 0x00, 0x00, 0x38, 0x00, 0x00, 0x38, 0x00, 0x00,
    0x1c, 0x00, 0x00, 0x1e, 0x00, 0x00, 0x1c, 0x00, 0x00, 0x1e, 0x00, 0x00, 0x0f, 0x00, 0x00, 0x0e,
    0xfe, 0xff, 0x3f, 0x00, 0x00, 0x00, 0xfe, 0xff, 0x3f, 0x00, 0x00, 0x00, 0xfe, 0xff, 0x3f, 0x00,
    0x00, 0x00, 0x00, 0x00, 0x00, 0x00, 0x00, 0x00, 0x00, 0x00, 0x00, 0x00, 0x00, 0x00, 0x00, 0x00,
    0x00, 0x00, 0x00, 0x00, 0x00, 0x00, 0x00, 0x00, 0x00, 0x00, 0x00, 0x00, 0x00, 0x00, 0x00, 0xfc,
    0xff, 0xff, 0x01, 0x00, 0x00, 0xfc, 0xff, 0xff, 0x03, 0x00, 0x00, 0xfc, 0xff, 0xff, 0x0f, 0x00,
    0x00, 0x00, 0x00, 0xe0, 0x0f, 0x00, 0x00, 0x00, 0x00, 0x00, 0x1e, 0x00, 0x30, 0x00, 0x00, 0x00,
    0x1c, 0x00, 0xfc, 0x00, 0x00, 0x00, 0x3c, 0x00, 0xce, 0x01, 0x00, 0x00, 0x38, 0x00, 0x86, 0x01,
    0x00, 0x00, 0x38, 0x00, 0x86, 0x01, 0x00, 0x00, 0x38, 0x00, 0x86, 0x01, 0x00, 0x00, 0x38, 0x00,
    0xce, 0x01, 0x00, 0x00, 0x38, 0x00, 0xfc, 0x00, 0x00, 0x00, 0x38, 0x00, 0x70, 0x00, 0x00, 0x00,
    0x3c, 0x00, 0x00, 0x00, 0x00, 0x00, 0x1c, 0x00, 0x00, 0x00, 0x00, 0x00, 0x1e, 0x00, 0x00, 0x00,
    0x00, 0xc0, 0x0f, 0x00, 0x00, 0xfc, 0xff, 0xff, 0x07, 0x00, 0x00, 0xfc, 0xff, 0xff, 0x03, 0x00,
    0x00, 0xfc, 0xff, 0xff, 0x01, 0x00, 0x00, 0x00, 0x00, 0x00, 0x00, 0x00, 0x00, 0x00, 0x00, 0x00,
    0x00, 0x00, 0x00, 0x00, 0x00, 0x00, 0x00, 0x00, 0x00, 0x00, 0x00, 0x00, 0x00, 0x00, 0x00, 0x00,
    0x00, 0x00, 0x00, 0x00, 0x00, 0x00, 0xfe, 0xff, 0x07, 0x00, 0x00, 0x00, 0xfe, 0xff, 0x0f, 0x00,
    0x00, 0x00, 0xfe, 0xff, 0x1f, 0x00, 0x00, 0x00, 0x00, 0x00, 0x1f, 0x00, 0x00, 0x06, 0x00, 0x00,
    0x3c, 0x00, 0x80, 0x1f, 0x00, 0x00, 0x38, 0x00, 0xc0, 0x39, 0x00, 0x00, 0x38, 0x00, 0xc0, 0x30,
    0x00, 0x00, 0x38, 0x00, 0xc0, 0x30, 0x00, 0x00, 0x38, 0x00, 0xc0, 0x30, 0x00, 0x00, 0x38, 0x00,
    0xc0, 0x39, 0x00, 0x00, 0x1c, 0x00, 0x80, 0x1f, 0x00, 0x00, 0x1c, 0x00, 0x00, 0x0e, 0x00, 0x00,
    0x0f, 0x00, 0x00, 0x00, 0xfe, 0xff, 0x3f, 0x00, 0x00, 0x00, 0xfe, 0xff, 0x3f, 0x00, 0x00, 0x00,
    0xfe, 0xff, 0x3f, 0x00, 0x00, 0x00, 0x00, 0x00, 0x00, 0x00, 0x00, 0x00, 0x00, 0x00, 0x00, 0x00,
    0x00, 0x00, 0x00, 0x00, 0x00, 0x00, 0x00, 0x00, 0x00, 0x00, 0x00, 0x00, 0x00, 0x00, 0x00, 0x00,
    0x00, 0x00, 0x00, 0xfc, 0xff, 0xff, 0x01, 0x00, 0x00, 0xfc, 0xff, 0xff, 0x03, 0x00, 0x00, 0xfc,
    0xff, 0xff, 0x0f, 0x00, 0x00, 0x00, 0x00, 0xe0, 0x0f, 0x00, 0x00, 0x00, 0x00, 0x00, 0x1e, 0x00,
    0x80, 0x00, 0x00, 0x00, 0x1c, 0x00, 0xe0, 0x00, 0x00, 0x00, 0x3c, 0x00, 0xf8, 0x00, 0x00, 0x00,
    0x38, 0x00, 0x7c, 0x00, 0x00, 0x00, 0x38, 0x00, 0x3c, 0x00, 0x00, 0x00, 0x38, 0x00, 0x0c, 0x00,
    0x00, 0x00, 0x38, 0x00, 0xc4, 0x00, 0x00, 0x00, 0x38, 0x00, 0xe0, 0x00, 0x00, 0x00, 0x38, 0x00,
    0xf0, 0x00, 0x00, 0x00, 0x3c, 0x00, 0x7c, 0x00, 0x00, 0x00, 0x1c, 0x00, 0x3c, 0x00, 0x00, 0x00,
    0x1e, 0x00, 0x1c, 0x00, 0x00, 0xc0, 0x0f, 0x00, 0x0c, 0xfc, 0xff, 0xff, 0x07, 0x00, 0x00, 0xfc,
    0xff, 0xff, 0x03, 0x00, 0x00, 0xfc, 0xff, 0xff, 0x01, 0x00, 0x00, 0x00, 0x00, 0x00, 0x00, 0x00,
    0x00, 0x00, 0x00, 0x00, 0x00, 0x00, 0x00, 0x00, 0x00, 0x00, 0x00, 0x00, 0x00, 0x00, 0x00, 0x00,
    0x00, 0x00, 0x00, 0x00, 0x00, 0x00, 0x00, 0x00, 0x00, 0x00, 0xfe, 0xff, 0x07, 0x00, 0x00, 0x00,
    0xfe, 0xff, 0x0f, 0x00, 0x00, 0x00, 0xfe, 0xff, 0x1f, 0x00, 0x00, 0x20, 0x00, 0x00, 0x1f, 0x00,
    0x00, 0x38, 0x00, 0x00, 0x3c, 0x00, 0x00, 0x3e, 0x00, 0x00, 0x38, 0x00, 0x00, 0x1f, 0x00, 0x00,
    0x38, 0x00, 0x00, 0x0f, 0x00, 0x00, 0x38, 0x00, 0x00, 0x03, 0x00, 0x00, 0x38, 0x00, 0x00, 0x31,
    0x00, 0x00, 0x38, 0x00, 0x00, 0x38, 0x00, 0x00, 0x1c, 0x00, 0x00, 0x3c, 0x00, 0x00, 0x1c, 0x00,
    0x00, 0x1f, 0x00, 0x00, 0x0f, 0x00, 0x00, 0x0f, 0xfe, 0xff, 0x3f, 0x00, 0x00, 0x07, 0xfe, 0xff,
    0x3f, 0x00, 0x00, 0x03, 0xfe, 0xff, 0x3f, 0x00, 0x00, 0x00, 0x00, 0x00, 0x00, 0x00, 0x00, 0x00,
    0x00, 0x00, 0x00, 0x00, 0x00, 0x00, 0x00, 0x00, 0x00, 0x00, 0x00, 0x00, 0x00, 0x00, 0x00, 0x00,
    0x00, 0x00, 0x00, 0x00, 0x00, 0x00, 0x00, 0xfc, 0xff, 0xff, 0x01, 0x00, 0x00, 0xfc, 0xff, 0xff,
    0x03, 0x00, 0x00, 0xfc, 0xff, 0xff, 0x0f, 0x00, 0x00, 0x00, 0x00, 0xe0, 0x0f, 0x00, 0x00, 0x00,
    0x00, 0x00, 0x1e, 0x00, 0x00, 0x00, 0x00, 0x00, 0x1c, 0x00, 0x00, 0x00, 0x00, 0x00, 0x3c, 0x00,
    0x00, 0x00, 0x00, 0x00, 0x38, 0x00, 0x00, 0x00, 0x00, 0x00, 0x38, 0x00, 0x00, 0x00, 0x00, 0x00,
    0x38, 0x0f, 0x00, 0x00, 0x00, 0x00, 0xf8, 0x1f, 0x00, 0x00, 0x00, 0x00, 0xf8, 0x3f, 0x00, 0x00,
    0x00, 0x00, 0xf8, 0x38, 0x00, 0x00, 0x00, 0x00, 0x7c, 0x38, 0x00, 0x00, 0x00, 0x00, 0x3c, 0x38,
    0x00, 0x00, 0x00, 0x00, 0x1e, 0x18, 0x00, 0x00, 0x00, 0xc0, 0x0f, 0x00, 0x00, 0xfc, 0xff, 0xff,
    0x07, 0x00, 0x00, 0xfc, 0xff, 0xff, 0x03, 0x00, 0x00, 0xfc, 0xff, 0xff, 0x01, 0x00, 0x00, 0x00,
    0x00, 0x00, 0x00, 0x00, 0x00, 0x00, 0x00, 0x00, 0x00, 0x00, 0x00, 0x00, 0x00, 0x00, 0x00, 0x00,
    0x00, 0x00, 0x00, 0x00, 0x00, 0x00, 0x00, 0x00, 0x00, 0x00, 0x00, 0x00, 0x00, 0x00, 0xfe, 0xff,
    0x07, 0x00, 0x00, 0x00, 0xfe, 0xff, 0x0f, 0x00, 0x00, 0x00, 0xfe, 0xff, 0x1f, 0x00, 0x00, 0x00,
    0x00, 0x00, 0x1f, 0x00, 0x00, 0x00, 0x00, 0x00, 0x3c, 0x00, 0x00, 0x00, 0x00, 0x00, 0x38, 0x00,
    0x00, 0x00, 0x00, 0x00, 0x38, 0x00, 0x00, 0x00, 0x00, 0x00, 0x38, 0x00, 0x00, 0x00, 0x00, 0x00,
    0x38, 0x00, 0x00, 0x00, 0x00, 0x00, 0x38, 0x00, 0x00, 0x00, 0x00, 0x00, 0x1c, 0x1f, 0x00, 0x00,
    0x00, 0x00, 0x9c, 0x3f, 0x00, 0x00, 0x00, 0x00, 0xcf, 0x3f, 0x00, 0x00, 0xfe, 0xff, 0xff, 0x38,
    0x00, 0x00, 0xfe, 0xff, 0x7f, 0x38, 0x00, 0x00, 0xfe, 0xff, 0x3f, 0x38, 0x00, 0x00, 0x00, 0x00,
    0x00, 0x00, 0x00, 0x00, 0x00, 0x00, 0x00, 0x00, 0x00, 0x00, 0x00, 0x00, 0x00, 0x00, 0x00, 0x04,
    0x00, 0x00, 0x00, 0x00, 0x00, 0x7c, 0x00, 0x00, 0x00, 0x00, 0x00, 0xfc, 0x07, 0x00, 0x00, 0x00,
    0x00, 0xfc, 0x7f, 0x00, 0x00, 0x00, 0x00, 0xf0, 0xff, 0x07, 0x00, 0x00, 0x00, 0x00, 0xfe, 0xff,
    0x00, 0x00, 0x00, 0x00, 0xe0, 0xff, 0x0f, 0x00, 0x00, 0x00, 0x00, 0xfe, 0x3f, 0x00, 0x00, 0x00,
    0x00, 0xc0, 0x3f, 0x00, 0x00, 0x00, 0x00, 0x80, 0x3f, 0x00, 0x00, 0x00, 0x00, 0xf8, 0x3f, 0x00,
    0x00, 0x00, 0x00, 0xff, 0x07, 0x00, 0xc0, 0x00, 0xf0, 0x7f, 0x00, 0x00, 0xe0, 0x00, 0xfe, 0x0f,
    0x00, 0x00, 0xf0, 0xe0, 0xff, 0x01, 0x00, 0x00, 0x78, 0xfc, 0x1f, 0x00, 0x00, 0x00, 0x1c, 0xfc,
    0x03, 0x00, 0x00, 0x00, 0x1c, 0xfc, 0x03, 0x00, 0x00, 0x00, 0x3c, 0xfc, 0x1f, 0x00, 0x00, 0x00,
    0x78, 0xe0, 0xff, 0x01, 0x00, 0x00, 0xe0, 0x00, 0xfe, 0x0f, 0x00, 0x00, 0xc0, 0x00, 0xf0, 0xff,
    0x00, 0x00, 0x80, 0x00, 0x00, 0xff, 0x07, 0x00, 0x00, 0x00, 0x00, 0xf0, 0x3f, 0x00, 0x00, 0x00,
    0x00, 0x80, 0x3f, 0x00, 0x00, 0x00, 0x00, 0xe0, 0x3f, 0x00, 0x00, 0x00, 0x00, 0xfe, 0x3f, 0x00,
    0x00, 0x00, 0xf0, 0xff, 0x07, 0x00, 0x00, 0x00, 0xff, 0x7f, 0x00, 0x00, 0x00, 0xf8, 0xff, 0x07,
    0x00, 0x00, 0x00, 0xfc, 0x7f, 0x00, 0x00, 0x00, 0x00, 0xfc, 0x07, 0x00, 0x00, 0x00, 0x00, 0x7c,
    0x00, 0x00, 0x00, 0x00, 0x00, 0x04, 0x00, 0x00, 0x00, 0x00, 0x00, 0x00, 0x00, 0x00, 0x00, 0x00,
    0x00, 0x00, 0x00, 0x00, 0x00, 0x00, 0x00, 0x00, 0x00, 0x00, 0x00, 0x00, 0x00, 0x00, 0x06, 0x00,
    0x00, 0x00, 0x00, 0x00, 0x7e, 0x00, 0x00, 0x00, 0x00, 0x00, 0xfe, 0x03, 0x00, 0x00, 0x00, 0x00,
    0xfe, 0x3f, 0x00, 0x00, 0x00, 0x00, 0xe0, 0xff, 0x01, 0x00, 0x00, 0x00, 0x00, 0xfe, 0x0f, 0x00,
    0x00, 0x00, 0x00, 0xf0, 0x3f, 0x00, 0x00, 0x00, 0x00, 0x00, 0x3f, 0x00, 0x00, 0x00, 0x00, 0xc0,
    0x3f, 0x00, 0x00, 0x30, 0x00, 0xf8, 0x0f, 0x00, 0x00, 0x38, 0x80, 0xff, 0x01, 0x00, 0x00, 0x3c,
    0xf0, 0x3f, 0x00, 0x00, 0x00, 0x1e, 0xfe, 0x07, 0x00, 0x00, 0x00, 0x07, 0xfe, 0x00, 0x00, 0x00,
    0x00, 0x07, 0xfe, 0x00, 0x00, 0x00, 0x00, 0x0f, 0xfe, 0x07, 0x00, 0x00, 0x00, 0x1e, 0xf0, 0x3f,
    0x00, 0x00, 0x00, 0x38, 0x00, 0xff, 0x01, 0x00, 0x00, 0x30, 0x00, 0xf8, 0x0f, 0x00, 0x00, 0x20,
    0x00, 0xc0, 0x3f, 0x00, 0x00, 0x00, 0x00, 0x00, 0x3e, 0x00, 0x00, 0x00, 0x00, 0xe0, 0x3f, 0x00,
    0x00, 0x00, 0x00, 0xfe, 0x0f, 0x00, 0x00, 0x00, 0xe0, 0xff, 0x01, 0x00, 0x00, 0x00, 0xfe, 0x1f,
    0x00, 0x00, 0x00, 0x00, 0xfe, 0x03, 0x00, 0x00, 0x00, 0x00, 0x7e, 0x00, 0x00, 0x00, 0x00, 0x00,
    0x06, 0x00, 0x00, 0x00, 0x00, 0x00, 0x00, 0x00, 0x00, 0x00, 0x00, 0x00, 0x00, 0x00, 0x00, 0x00,
    0x00, 0x00, 0x00, 0x00, 0x00, 0x00, 0x00, 0x0c, 0x00, 0x00, 0x00, 0x00, 0x00, 0x3c, 0x00, 0x00,
    0x00, 0x00, 0x00, 0xfc, 0x00, 0x00, 0x00, 0x00, 0x00, 0xfc, 0x03, 0x00, 0x00, 0x00, 0x00, 0xf0,
    0x07, 0x00, 0x00, 0x00, 0x00, 0xc0, 0x1f, 0x00, 0x00, 0x00, 0xc0, 0x80, 0x7f, 0x00, 0x00, 0x00,
    0xe0, 0x00, 0xfe, 0x01, 0x00, 0x00, 0xf0, 0x00, 0xf8, 0x03, 0x00, 0x00, 0x78, 0x00, 0xe0, 0xff,
    0x3f, 0x00, 0x1c, 0x00, 0x80, 0xff, 0x3f, 0x00, 0x1c, 0x00, 0x80, 0xff, 0x3f, 0x00, 0x3c, 0x00,
    0xe0, 0xff, 0x3f, 0x00, 0x78, 0x00, 0xf8, 0x03, 0x00, 0x00, 0xe0, 0x00, 0xfe, 0x01, 0x00, 0x00,
    0xc0, 0x80, 0x7f, 0x00, 0x00, 0x00, 0x80, 0xc0, 0x1f, 0x00, 0x00, 0x00, 0x00, 0xf0, 0x07, 0x00,
    0x00, 0x00, 0x00, 0xfc, 0x01, 0x00, 0x00, 0x00, 0x00, 0xfc, 0x00, 0x00, 0x00, 0x00, 0x00, 0x3c,
    0x00, 0x00, 0x00, 0x00, 0x00, 0x0c, 0x00, 0x00, 0x00, 0x00, 0x00, 0x00, 0x00, 0x00, 0x00, 0x00,
    0x00, 0x00, 0x00, 0x00, 0x00, 0x00, 0x00, 0x00, 0x00, 0x00, 0x00, 0x00, 0x00, 0x00, 0x0e, 0x00,
    0x00, 0x00, 0x00, 0x00, 0x7e, 0x00, 0x00, 0x38, 0x00, 0x00, 0xfe, 0x01, 0x00, 0x38, 0x00, 0x00,
    0xfe, 0x0f, 0x00, 0x38, 0x00, 0x30, 0xf0, 0x7f, 0x00, 0x3c, 0x00, 0x38, 0x80, 0xff, 0x01, 0x1e,
    0x00, 0x3c, 0x00, 0xfc, 0x8f, 0x1f, 0x00, 0x1e, 0x00, 0xe0, 0xff, 0x0f, 0x00, 0x07, 0x00, 0x00,
    0xff, 0x03, 0x00, 0x07, 0x00, 0xc0, 0x7f, 0x00, 0x00, 0x0f, 0x00, 0xf8, 0x1f, 0x00, 0x00, 0x1e,
    0x80, 0xff, 0x03, 0x00, 0x00, 0x38, 0xf0, 0x7f, 0x00, 0x00, 0x00, 0x30, 0xfe, 0x0f, 0x00, 0x00,
    0x00, 0x20, 0xfe, 0x01, 0x00, 0x00, 0x00, 0x00, 0x3e, 0x00, 0x00, 0x00, 0x00, 0x00, 0x0e, 0x00,
    0x00, 0x00, 0x00, 0x00, 0x00, 0x00, 0x00, 0x00, 0x00, 0x00, 0x00, 0x00, 0x00, 0x00, 0x00, 0x00,
    0x00, 0x00, 0x00, 0x00, 0x00, 0x0c, 0x00, 0x00, 0x00, 0x00, 0x00, 0x3c, 0x00, 0x00, 0x00, 0x00,
    0x00, 0xfc, 0x00, 0x00, 0x00, 0x00, 0x00, 0xfc, 0x03, 0x00, 0x00, 0x00, 0x00, 0xf0, 0x07, 0x00,
    0x00, 0x00, 0x70, 0xc0, 0x1f, 0x00, 0x00, 0x00, 0xf0, 0x80, 0x7f, 0x00, 0x00, 0x00, 0xf0, 0x00,
    0xfe, 0x01, 0x00, 0x00, 0xf0, 0x00, 0xf8, 0x03, 0x00, 0x00, 0x00, 0x00, 0xe0, 0xff, 0x3f, 0x00,
    0x00, 0x00, 0x80, 0xff, 0x3f, 0x00, 0x00, 0x00, 0x80, 0xff, 0x3f, 0x00, 0x00, 0x00, 0xe0, 0xff,
    0x3f, 0x00, 0x60, 0x00, 0xf8, 0x03, 0x00, 0x00, 0xf0, 0x00, 0xfe, 0x01, 0x00, 0x00, 0xf0, 0x80,
    0x7f, 0x00, 0x00, 0x00, 0xf0, 0xc0, 0x1f, 0x00, 0x00, 0x00, 0x60, 0xf0, 0x07, 0x00, 0x00, 0x00,
    0x00, 0xfc, 0x01, 0x00, 0x00, 0x00, 0x00, 0xfc, 0x00, 0x00, 0x00, 0x00, 0x00, 0x3c, 0x00, 0x00,
    0x00, 0x00, 0x00, 0x0c, 0x00, 0x00, 0x00, 0x00, 0x00, 0x00, 0x00, 0x00, 0x00, 0x00, 0x00, 0x00,
    0x00, 0x00, 0x00, 0x00, 0x00, 0x00, 0x00, 0x00, 0x00, 0x00, 0x00, 0x00, 0x00, 0x00, 0x00, 0x00,
    0x00, 0x1c, 0x00, 0x00, 0x3c, 0x00, 0x00, 0x1c, 0x00, 0x00, 0x3e, 0x00, 0x00, 0x1c, 0x00, 0x80,
    0x3f, 0x00, 0x00, 0x1c, 0x00, 0xc0, 0x3f, 0x00, 0x00, 0x1c, 0x00, 0xf0, 0x3f, 0x00, 0x00, 0x1c,
    0x00, 0xf8, 0x39, 0x00, 0x00, 0x1c, 0x00, 0xfc, 0x38, 0x00, 0x00, 0x1c, 0x00, 0x3f, 0x38, 0x00,
    0x00, 0x1c, 0x80, 0x1f, 0x38, 0x00, 0xc0, 0x1c, 0xe0, 0x07, 0x38, 0x00, 0xe0, 0x1c, 0xf0, 0x03,
    0x38, 0x00, 0xf8, 0x1c, 0xfc, 0x01, 0x38, 0x00, 0x7c, 0x1c, 0x7e, 0x00, 0x38, 0x00, 0x3c, 0x1c,
    0x3f, 0x00, 0x38, 0x00, 0x0c, 0xdc, 0x0f, 0x00, 0x38, 0x00, 0x04, 0xfc, 0x07, 0x00, 0x38, 0x00,
    0x00, 0xfc, 0x01, 0x00, 0x38, 0x00, 0x00, 0xfc, 0x00, 0x00, 0x38, 0x00, 0x00, 0x7c, 0x00, 0x00,
    0x38, 0x00, 0x00, 0x1c, 0x00, 0x00, 0x38, 0x00, 0x00, 0x00, 0x00, 0x00, 0x00, 0x00, 0x00, 0x00,
    0x00, 0x00, 0x00, 0x00, 0x00, 0x00, 0x00, 0x00, 0x00, 0x00, 0x00, 0x00, 0x00, 0x00, 0x00, 0x00,
    0x00, 0x00, 0x0e, 0x00, 0x3c, 0x00, 0x00, 0x00, 0x0e, 0x00, 0x3e, 0x00, 0x00, 0x00, 0x0e, 0x00,
    0x3f, 0x00, 0x00, 0x00, 0x0e, 0xc0, 0x3f, 0x00, 0x00, 0x00, 0x0e, 0xe0, 0x3f, 0x00, 0x00, 0x00,
    0x0e, 0xf0, 0x39, 0x00, 0x00, 0x00, 0x0e, 0xfc, 0x38, 0x00, 0x00, 0x30, 0x0e, 0x7e, 0x38, 0x00,
    0x00, 0x38, 0x0e, 0x1f, 0x38, 0x00, 0x00, 0x3e, 0xce, 0x0f, 0x38, 0x00, 0x00, 0x1f, 0xee, 0x07,
    0x38, 0x00, 0x00, 0x0f, 0xfe, 0x01, 0x38, 0x00, 0x00, 0x03, 0xfe, 0x00, 0x38, 0x00, 0x00, 0x01,
    0x7e, 0x00, 0x38, 0x00, 0x00, 0x00, 0x1e, 0x00, 0x38, 0x00, 0x00, 0x00, 0x0e, 0x00, 0x38, 0x00,
    0x00, 0x00, 0x00, 0x00, 0x38, 0x00, 0x00, 0x00, 0x00, 0x00, 0x00, 0x00, 0x00, 0x00, 0x00, 0x00,
    0x00, 0x00, 0x00, 0x00, 0x00, 0x00, 0x00, 0x00, 0x00, 0x00, 0x00, 0x00, 0x00, 0x00, 0x00, 0x1c,
    0x00, 0x00, 0x3c, 0x00, 0x00, 0x1c, 0x00, 0x00, 0x3e, 0x00, 0x00, 0x1c, 0x00, 0x80, 0x3f, 0x00,
    0x00, 0x1c, 0x00, 0xc0, 0x3f, 0x00, 0x00, 0x1c, 0x00, 0xf0, 0x3f, 0x00, 0x00, 0x1c, 0x00, 0xf8,
    0x39, 0x00, 0x00, 0x1c, 0x00, 0xfc, 0x38, 0x00, 0x00, 0x1c, 0x00, 0x3f, 0x38, 0x00, 0xf0, 0x1c,
    0x80, 0x1f, 0x38, 0x00, 0xf0, 0x1c, 0xe0, 0x07, 0x38, 0x00, 0xf0, 0x1c, 0xf0, 0x03, 0x38, 0x00,
    0x70, 0x1c, 0xfc, 0x01, 0x38, 0x00, 0x00, 0x1c, 0x7e, 0x00, 0x38, 0x00, 0x00, 0x1c, 0x3f, 0x00,
    0x38, 0x00, 0x00, 0xdc, 0x0f, 0x00, 0x38, 0x00, 0x00, 0xfc, 0x07, 0x00, 0x38, 0x00, 0x00, 0xfc,
    0x01, 0x00, 0x38, 0x00, 0x00, 0xfc, 0x00, 0x00, 0x38, 0x00, 0x00, 0x7c, 0x00, 0x00, 0x38, 0x00,
    0x00, 0x1c, 0x00, 0x00, 0x38, 0x00, 0x00, 0x00, 0x00, 0x00, 0x00, 0x00, 0x00, 0x00, 0x00, 0x00,
    0x00, 0x00, 0x00, 0x00, 0x00, 0x00, 0x00, 0x00, 0x00, 0x00, 0x00, 0x00, 0x00, 0x00, 0x00, 0x00,
    0x0e, 0x00, 0x3c, 0x00, 0x00, 0x00, 0x0e, 0x00, 0x3e, 0x00, 0x00, 0x00, 0x0e, 0x00, 0x3f, 0x00,
    0x00, 0x00, 0x0e, 0xc0, 0x3f, 0x00, 0x00, 0x00, 0x0e, 0xe0, 0x3f, 0x00, 0x00, 0x00, 0x0e, 0xf0,
    0x39, 0x00, 0x00, 0x1e, 0x0e, 0xfc, 0x38, 0x00, 0x00, 0x1e, 0x0e, 0x7e, 0x38, 0x00, 0x00, 0x1e,
    0x0e, 0x1f, 0x38, 0x00, 0x00, 0x0e, 0xce, 0x0f, 0x38, 0x00, 0x00, 0x00, 0xee, 0x07, 0x38, 0x00,
    0x00, 0x00, 0xfe, 0x01, 0x38, 0x00, 0x00, 0x00, 0xfe, 0x00, 0x38, 0x00, 0x00, 0x00, 0x7e, 0x00,
    0x38, 0x00, 0x00, 0x00, 0x1e, 0x00, 0x38, 0x00, 0x00, 0x00, 0x0e, 0x00, 0x38, 0x00, 0x00, 0x00,
    0x00, 0x00, 0x38, 0x00, 0x00, 0x00, 0x00, 0x00, 0x00, 0x00, 0x00, 0x00, 0x00, 0x00, 0x00, 0x00,
    0x00, 0x00, 0x00, 0x00, 0x00, 0x00, 0x00, 0x00, 0x00, 0x00, 0x00, 0x00, 0x00, 0x1c, 0x00, 0x00,
    0x3c, 0x00, 0x00, 0x1c, 0x00, 0x00, 0x3e, 0x00, 0x00, 0x1c, 0x00, 0x80, 0x3f, 0x00, 0x00, 0x1c,
    0x00, 0xc0, 0x3f, 0x00, 0x04, 0x1c, 0x00, 0xf0, 0x3f, 0x00, 0x0c, 0x1c, 0x00, 0xf8, 0x39, 0x00,
    0x1c, 0x1c, 0x00, 0xfc, 0x38, 0x00, 0x78, 0x1c, 0x00, 0x3f, 0x38, 0x00, 0xf0, 0x1c, 0x80, 0x1f,
    0x38, 0x00, 0xe0, 0x1c, 0xe0, 0x07, 0x38, 0x00, 0xe0, 0x1c, 0xf0, 0x03, 0x38, 0x00, 0x78, 0x1c,
    0xfc, 0x01, 0x38, 0x00, 0x3c, 0x1c, 0x7e, 0x00, 0x38, 0x00, 0x1c, 0x1c, 0x3f, 0x00, 0x38, 0x00,
    0x0c, 0xdc, 0x0f, 0x00, 0x38, 0x00, 0x04, 0xfc, 0x07, 0x00, 0x38, 0x00, 0x00, 0xfc, 0x01, 0x00,
    0x38, 0x00, 0x00, 0xfc, 0x00, 0x00, 0x38, 0x00, 0x00, 0x7c, 0x00, 0x00, 0x38, 0x00, 0x00, 0x1c,
    0x00, 0x00, 0x38, 0x00, 0x00, 0x00, 0x00, 0x00, 0x00, 0x00, 0x00, 0x00, 0x00, 0x00, 0x00, 0x00,
    0x00, 0x00, 0x00, 0x00, 0x00, 0x00, 0x00, 0x00, 0x00, 0x00, 0x00, 0x00, 0x00, 0x00, 0x0e, 0x00,
    0x3c, 0x00, 0x00, 0x00, 0x0e, 0x00, 0x3e, 0x00, 0x00, 0x01, 0x0e, 0x00, 0x3f, 0x00, 0x00, 0x03,
    0x0e, 0xc0, 0x3f, 0x00, 0x00, 0x07, 0x0e, 0xe0, 0x3f, 0x00, 0x00, 0x1e, 0x0e, 0xf0, 0x39, 0x00,
    0x00, 0x3c, 0x0e, 0xfc, 0x38, 0x00, 0x00, 0x38, 0x0e, 0x7e, 0x38, 0x00, 0x00, 0x38, 0x0e, 0x1f,
    0x38, 0x00, 0x00, 0x1e, 0xce, 0x0f, 0x38, 0x00, 0x00, 0x0f, 0xee, 0x07, 0x38, 0x00, 0x00, 0x07,
    0xfe, 0x01, 0x38, 0x00, 0x00, 0x03, 0xfe, 0x00, 0x38, 0x00, 0x00, 0x01, 0x7e, 0x00, 0x38, 0x00,
    0x00, 0x00, 0x1e, 0x00, 0x38, 0x00, 0x00, 0x00, 0x0e, 0x00, 0x38, 0x00, 0x00, 0x00, 0x00, 0x00,
    0x38, 0x00, 0x00, 0x00, 0x00, 0x00, 0x00, 0x00, 0x00, 0x00, 0x00, 0x00, 0x00, 0x00, 0x00, 0x00,
    0x00, 0x00, 0x00, 0x00, 0x00, 0x00, 0x00, 0x00, 0x00, 0x00, 0x00, 0x00, 0x00, 0x00, 0x00, 0x00,
    0x00, 0xf0, 0xff, 0xff, 0x3f, 0x00, 0x00, 0xfc, 0xff, 0xff, 0x3f, 0x00, 0x00, 0xfe, 0xff, 0xff,
    0x3f, 0x00, 0x00, 0xfe, 0xff, 0xff, 0x3f, 0x00, 0x00, 0x0f, 0x00, 0x00, 0x00, 0x00, 0x00, 0x07,
    0x00, 0x00, 0x00, 0x00, 0x00, 0x07, 0x00, 0x00, 0x00, 0x00, 0x00, 0x07, 0x00, 0x00, 0x00, 0x00,
    0x00, 0x07, 0x00, 0x00, 0x00, 0x00, 0x00, 0x01, 0x00, 0x00, 0x00, 0x00,
};

static const uint16_t mf_bwfont_Roboto_Regular40bw_glyph_offsets_3[101] PROGMEM = {
    0x0000, 0x001a, 0x0030, 0x004a, 0x0060, 0x007a, 0x0090, 0x00aa,
    0x00c0, 0x00db, 0x00f0, 0x010e, 0x0124, 0x0132, 0x0140, 0x014e,
    0x015c, 0x0169, 0x0176, 0x017f, 0x0188, 0x0192, 0x019b, 0x01bb,
    0x01ce, 0x01e6, 0x01f3, 0x020e, 0x0224, 0x023b, 0x0252, 0x025e,
    0x0275, 0x027e, 0x0295, 0x02a5, 0x02bc, 0x02cb, 0x02e2, 0x02ee,
    0x0309, 0x031e, 0x0339, 0x034e, 0x0369, 0x037e, 0x0393, 0x03ae,
    0x03c4, 0x03df, 0x03f6, 0x0411, 0x0428, 0x0443, 0x045a, 0x047f,
    0x04a4, 0x04be, 0x04ce, 0x04e8, 0x04f7, 0x0511, 0x0521, 0x0539,
    0x054e, 0x0566, 0x057b, 0x0593, 0x05a8, 0x05c0, 0x05d5, 0x05ee,
    0x05fd, 0x0616, 0x0627, 0x0640, 0x064e, 0x0667, 0x067c, 0x0695,
    0x06aa, 0x06c3, 0x06d8, 0x06f1, 0x0706, 0x071f, 0x0734, 0x074d,
    0x0762, 0x0787, 0x07a6, 0x07bf, 0x07d3, 0x07ec, 0x0804, 0x0819,
    0x0831, 0x0846, 0x085e, 0x0873, 0x0882,
};

static const uint8_t mf_bwfont_Roboto_Regular40bw_glyph_widths_3[100] PROGMEM = {
    0x1b, 0x16, 0x1b, 0x16, 0x1b, 0x16, 0x1b, 0x16, 0x1d, 0x16, 0x1c, 0x17, 0x0b, 0x0a, 0x0b, 0x0a,
    0x0b, 0x0a, 0x0b, 0x0a, 0x0b, 0x0a, 0x21, 0x13, 0x16, 0x0a, 0x19, 0x14, 0x16, 0x16, 0x0a, 0x16,
    0x0a, 0x16, 0x0d, 0x16, 0x0e, 0x16, 0x0b, 0x1d, 0x16, 0x1d, 0x16, 0x1d, 0x16, 0x16, 0x1c, 0x17,
    0x1c, 0x17, 0x1c, 0x17, 0x1c, 0x17, 0x26, 0x24, 0x19, 0x0e, 0x19, 0x0e, 0x19, 0x0e, 0x18, 0x15,
    0x18, 0x15, 0x18, 0x15, 0x18, 0x15, 0x18, 0x0d, 0x18, 0x0e, 0x18, 0x0d, 0x1a, 0x16, 0x1a, 0x16,
    0x1a, 0x16, 0x1a, 0x16, 0x1a, 0x16, 0x1a, 0x16, 0x23, 0x1e, 0x18, 0x13, 0x18, 0x18, 0x14, 0x18,
    0x14, 0x18, 0x14, 0x0a,
};

static const uint8_t mf_bwfont_Roboto_Regular40bw_glyph_data_4[765] PROGMEM = {
    0x00, 0x00, 0x00, 0x00, 0x00, 0x00, 0x00, 0x00, 0x00, 0x00, 0x00, 0x00, 0x00, 0x00, 0x00, 0x00,
    0x80, 0x3f, 0x00, 0x00, 0x00, 0x80, 0xff, 0x01, 0x00, 0x00, 0x80, 0xff, 0x03, 0x00, 0x78, 0x80,
    0xff, 0x07, 0x00, 0x38, 0x80, 0x83, 0x0f, 0x00, 0x38, 0x80, 0x03, 0x1e, 0x00, 0x3c, 0x80, 0x03,
    0x1e, 0x00, 0x1c, 0x80, 0x03, 0x1c, 0x00, 0x1c, 0x80, 0x03, 0x3c, 0x00, 0x1c, 0x80, 0x03, 0x38,
    0x00, 0x1c, 0x80, 0x03, 0x38, 0x00, 0x1c, 0x80, 0x03, 0x38, 0x00, 0x1c, 0x80, 0x03, 0x38, 0x00,
    0x3c, 0x80, 0x03, 0x38, 0x00, 0x3c, 0x80, 0x03, 0x3c, 0x00, 0x38, 0x80, 0x03, 0x1c, 0x00, 0x78,
    0x80, 0x03, 0x1e, 0x00, 0xf0, 0x80, 0x03, 0x0f, 0x00, 0xf0, 0x83, 0xc3, 0x0f, 0x00, 0xe0, 0xbf,
    0xfb, 0x07, 0x00, 0xc0, 0xff, 0xff, 0x03, 0x00, 0x00, 0xff, 0xff, 0x00, 0x00, 0x00, 0xfc, 0x3f,
    0x00, 0x00, 0x00, 0x00, 0x00, 0x00, 0x20, 0x00, 0x00, 0x00, 0x00, 0x38, 0x00, 0x0e, 0x00, 0x00,
    0x38, 0x00, 0x0e, 0x00, 0x00, 0x38, 0x00, 0x0e, 0x00, 0x00, 0x3c, 0xe0, 0xff, 0xff, 0xff, 0x3f,
    0xfc, 0xff, 0xff, 0xff, 0x1f, 0xfe, 0xff, 0xff, 0xff, 0x0f, 0xfe, 0xff, 0xff, 0xff, 0x03, 0x0f,
    0x0e, 0x00, 0x00, 0x00, 0x07, 0x0e, 0x00, 0x00, 0x00, 0x07, 0x0e, 0x00, 0x00, 0x00, 0x07, 0x0e,
    0x00, 0x00, 0x00, 0x07, 0x00, 0x00, 0x00, 0x00, 0x03, 0x00, 0x00, 0x00, 0x00, 0x00, 0x00, 0x00,
    0x00, 0x00, 0x00, 0x00, 0x00, 0x00, 0x00, 0x00, 0x00, 0x00, 0x00, 0x00, 0x00, 0xf8, 0x1f, 0x00,
    0x00, 0x00, 0xff, 0xff, 0x00, 0x00, 0xc0, 0xff, 0xff, 0x03, 0x00, 0xe0, 0xff, 0xff, 0x07, 0x00,
    0xf0, 0x03, 0xc0, 0x0f, 0x00, 0xf0, 0x00, 0x00, 0x0f, 0x00, 0x78, 0x00, 0x00, 0x1e, 0x00, 0x38,
    0x00, 0x00, 0x1c, 0x00, 0x3c, 0x00, 0x00, 0x3c, 0x00, 0x1c, 0x00, 0x00, 0x38, 0x00, 0x1c, 0x00,
    0x00, 0x38, 0x00, 0x1c, 0x00, 0x00, 0x38, 0x00, 0x1c, 0x00, 0x00, 0x38, 0x00, 0x1c, 0x00, 0x00,
    0x38, 0x00, 0x3c, 0x00, 0x00, 0x3c, 0x00, 0x38, 0x00, 0x00, 0x1c, 0x00, 0x78, 0x00, 0x00, 0x1e,
    0x00, 0xf0, 0x00, 0x00, 0x0f, 0x00, 0xf0, 0x07, 0xc0, 0x0f, 0x00, 0xe0, 0xff, 0xff, 0x07, 0x00,
    0xe0, 0xff, 0xff, 0x03, 0x00, 0x70, 0xff, 0xff, 0x00, 0x00, 0x7c, 0xf8, 0x1f, 0x00, 0x00, 0x3f,
    0x00, 0x00, 0x00, 0x00, 0x1f, 0x00, 0x00, 0x00, 0x00, 0x07, 0x00, 0x00, 0x00, 0x00, 0x00, 0x00,
    0x00, 0x00, 0x00, 0x00, 0x00, 0x00, 0x00, 0x00, 0x00, 0x00, 0x00, 0x00, 0x00, 0x00, 0x80, 0xff,
    0x00, 0x00, 0x00, 0xe0, 0xff, 0x03, 0x00, 0x00, 0xf0, 0xff, 0x07, 0x00, 0x00, 0xf8, 0xe3, 0x0f,
    0x00, 0x00, 0x7c, 0x00, 0x1f, 0x00, 0x00, 0x1c, 0x00, 0x1c, 0x00, 0x00, 0x1e, 0x00, 0x3c, 0x00,
    0x00, 0x0e, 0x00, 0x38, 0x00, 0x00, 0x0e, 0x00, 0x38, 0x00, 0x00, 0x0e, 0x00, 0x38, 0x00, 0x00,
    0x0e, 0x00, 0x38, 0x00, 0x00, 0x0e, 0x00, 0x38, 0x00, 0x00, 0x1e, 0x00, 0x3c, 0x00, 0x00, 0x3c,
    0x00, 0x1e, 0x00, 0x00, 0x7c, 0x00, 0x1f, 0x00, 0x00, 0xf8, 0xff, 0x0f, 0x00, 0x00, 0xf0, 0xff,
    0x07, 0x00, 0x00, 0xf8, 0xff, 0x03, 0x00, 0x00, 0x1e, 0x7f, 0x00, 0x00, 0x80, 0x1f, 0x00, 0x00,
    0x00, 0x80, 0x0f, 0x00, 0x00, 0x00, 0x80, 0x01, 0x00, 0x00, 0x00, 0x00, 0x00, 0x00, 0x00, 0x00,
    0x00, 0x00, 0x00, 0x00, 0x00, 0x00, 0x00, 0x00, 0x00, 0x00, 0x00, 0x00, 0x00, 0x00, 0x00, 0xfc,
    0xff, 0xff, 0x01, 0x00, 0xfc, 0xff, 0xff, 0x03, 0x00, 0xfc, 0xff, 0xff, 0x0f, 0x00, 0x00, 0x00,
    0xe0, 0x0f, 0x00, 0x00, 0x00, 0x00, 0x1e, 0x00, 0x00, 0x00, 0x00, 0x1c, 0x00, 0x00, 0x00, 0x00,
    0x3c, 0x00, 0x00, 0x00, 0x00, 0x38, 0x00, 0x00, 0x00, 0x00, 0x38, 0x00, 0x00, 0x00, 0x00, 0x38,
    0x00, 0x00, 0x00, 0x00, 0x38, 0x00, 0x00, 0x00, 0x00, 0x38, 0x00, 0x00, 0x00, 0x00, 0x38, 0x00,
    0x00, 0x00, 0x00, 0x3c, 0x00, 0x00, 0x00, 0x00, 0x1c, 0x00, 0x00, 0x00, 0x00, 0x1e, 0x00, 0x00,
    0x00, 0xc0, 0x0f, 0x00, 0xfc, 0xff, 0xff, 0x07, 0x00, 0xfc, 0xff, 0xff, 0x03, 0x00, 0xfc, 0xff,
    0xff, 0x01, 0x00, 0xc0, 0x01, 0x00, 0x00, 0x00, 0xc0, 0x01, 0x00, 0x00, 0x00, 0xe0, 0x00, 0x00,
    0x00, 0x00, 0xf0, 0x00, 0x00, 0x00, 0x00, 0xff, 0x00, 0x00, 0x00, 0x00, 0x7f, 0x00, 0x00, 0x00,
    0x00, 0x1f, 0x00, 0x00, 0x00, 0x00, 0x01, 0x00, 0x00, 0x00, 0x00, 0x00, 0x00, 0x00, 0x00, 0x00,
    0x00, 0x00, 0x00, 0x00, 0x00, 0x00, 0x00, 0x00, 0x00, 0x00, 0x00, 0x00, 0x00, 0x00, 0x00, 0x00,
    0xfe, 0xff, 0x07, 0x00, 0x00, 0xfe, 0xff, 0x0f, 0x00, 0x00, 0xfe, 0xff, 0x1f, 0x00, 0x00, 0x00,
    0x00, 0x1f, 0x00, 0x00, 0x00, 0x00, 0x3c, 0x00, 0x00, 0x00, 0x00, 0x38, 0x00, 0x00, 0x00, 0x00,
    0x38, 0x00, 0x00, 0x00, 0x00, 0x38, 0x00, 0x00, 0x00, 0x00, 0x38, 0x00, 0x00, 0x00, 0x00, 0x38,
    0x00, 0x00, 0x00, 0x00, 0x1c, 0x00, 0x00, 0x00, 0x00, 0x1c, 0x00, 0x00, 0x00, 0x00, 0x0f, 0x00,
    0x00, 0xfe, 0xff, 0x3f, 0x00, 0x00, 0xfe, 0xff, 0x3f, 0x00, 0x00, 0xfe, 0xff, 0x3f, 0x00, 0x00,
    0x38, 0x00, 0x00, 0x00, 0x00, 0x38, 0x00, 0x00, 0x00, 0x00, 0x18, 0x00, 0x00, 0x00, 0x00, 0x1f,
    0x00, 0x00, 0x00, 0x80, 0x1f, 0x00, 0x00, 0x00, 0x80, 0x07, 0x00, 0x00, 0x00,
};

static const uint16_t mf_bwfont_Roboto_Regular40bw_glyph_offsets_4[35] PROGMEM = {
    0x0000, 0x001a, 0x001a, 0x001a, 0x0029, 0x0029, 0x0029, 0x0029,
    0x0029, 0x0029, 0x0029, 0x0029, 0x0029, 0x0029, 0x0029, 0x0029,
    0x0029, 0x0029, 0x0046, 0x005f, 0x005f, 0x005f, 0x005f, 0x005f,
    0x005f, 0x005f, 0x005f, 0x005f, 0x005f, 0x005f, 0x005f, 0x005f,
    0x005f, 0x007f, 0x0099,
};

static const uint8_t mf_bwfont_Roboto_Regular40bw_glyph_widths_4[34] PROGMEM = {
    0x1c, 0x00, 0x00, 0x0e, 0x00, 0x00, 0x00, 0x00, 0x00, 0x00, 0x00, 0x00, 0x00, 0x00, 0x00, 0x00,
    0x00, 0x1b, 0x17, 0x00, 0x00, 0x00, 0x00, 0x00, 0x00, 0x00, 0x00, 0x00, 0x00, 0x00, 0x00, 0x00,
    0x1c, 0x19,
};

static const uint8_t mf_bwfont_Roboto_Regular40bw_glyph_data_5[1068] PROGMEM = {
    0x80, 0x00, 0x00, 0x00, 0x00, 0x1c, 0x80, 0x01, 0x00, 0x00, 0x00, 0x1c, 0x80, 0x03, 0x00, 0x00,
    0x00, 0x1c, 0x00, 0x0f, 0x00, 0x00, 0x00, 0x1e, 0x00, 0x1e, 0xff, 0xff, 0xff, 0x0f, 0x00, 0x1c,
    0xff, 0xff, 0xff, 0x0f, 0x00, 0x1c, 0xff, 0xff, 0xff, 0x07, 0x00, 0x0f, 0xff, 0xff, 0xff, 0x01,
    0x80, 0x07, 0x00, 0x00, 0x00, 0x00, 0x80, 0x03, 0x00, 0x00, 0x00, 0x00, 0x80, 0x01, 0x00, 0x00,
    0x00, 0x00, 0x80, 0x00, 0x00, 0x00, 0x00, 0x00, 0x00, 0x00, 0x00, 0x00, 0x00, 0x00, 0x00, 0x00,
    0x00, 0x00, 0x00, 0x00, 0x00, 0x00, 0x00, 0x00, 0x18, 0x00, 0x00, 0x00, 0x00, 0x00, 0x1f, 0x00,
    0x00, 0x00, 0x00, 0xe0, 0x1f, 0x00, 0x00, 0x00, 0x00, 0xf8, 0x1f, 0x00, 0x00, 0x00, 0x00, 0xff,
    0x03, 0x00, 0x00, 0x00, 0xc0, 0x7f, 0x00, 0x00, 0x00, 0x00, 0xf8, 0x3f, 0x00, 0x00, 0x00, 0x00,
    0xff, 0x3b, 0x00, 0x00, 0x00, 0xc0, 0x7f, 0x38, 0x00, 0x00, 0xc0, 0xf9, 0x1f, 0x38, 0x00, 0x00,
    0xe0, 0xff, 0x03, 0x38, 0x00, 0x00, 0x20, 0x7e, 0x00, 0x38, 0x00, 0x00, 0x2c, 0x7e, 0x00, 0x38,
    0x00, 0x00, 0x6e, 0xfe, 0x03, 0x38, 0x00, 0x00, 0xe7, 0xfb, 0x0f, 0x38, 0x00, 0x00, 0xc3, 0xc1,
    0x7f, 0x38, 0x00, 0x00, 0x01, 0x00, 0xff, 0x3b, 0x00, 0x00, 0x01, 0x00, 0xf8, 0x3f, 0x00, 0x00,
    0x00, 0x00, 0xe0, 0x7f, 0x00, 0x00, 0x00, 0x00, 0x00, 0xff, 0x03, 0x00, 0x00, 0x00, 0x00, 0xfc,
    0x0f, 0x00, 0x00, 0x00, 0x00, 0xe0, 0x1f, 0x00, 0x00, 0x00, 0x00, 0x00, 0x1f, 0x00, 0x00, 0x00,
    0x00, 0x00, 0x1c, 0x00, 0x00, 0x00, 0x00, 0x00, 0x00, 0x00, 0x00, 0x00, 0x00, 0x00, 0x00, 0x00,
    0x00, 0x00, 0x00, 0x00, 0x00, 0x00, 0x00, 0x00, 0x00, 0xf0, 0x01, 0x00, 0x00, 0x00, 0x38, 0xf8,
    0x07, 0x00, 0x00, 0x00, 0x3c, 0xfc, 0x0f, 0x00, 0x00, 0x00, 0x3e, 0xfe, 0x0f, 0x00, 0x00, 0x00,
    0x1e, 0x0e, 0x1f, 0x00, 0x00, 0x00, 0x0e, 0x07, 0x1e, 0x00, 0x00, 0x38, 0x07, 0x07, 0x1c, 0x00,
    0x00, 0x7c, 0x07, 0x07, 0x1c, 0x00, 0x00, 0xc4, 0x07, 0x07, 0x1c, 0x00, 0x80, 0xc5, 0x07, 0x07,
    0x1c, 0x00, 0xc0, 0xcd, 0x07, 0x07, 0x0e, 0x00, 0xe0, 0x7c, 0x0f, 0x07, 0x0e, 0x00, 0x60, 0x38,
    0x1e, 0x07, 0x07, 0x00, 0x20, 0x00, 0xfe, 0xff, 0x0f, 0x00, 0x20, 0x00, 0xfc, 0xff, 0x1f, 0x00,
    0x00, 0x00, 0xf8, 0xff, 0x1f, 0x00, 0x00, 0x00, 0xe0, 0xff, 0x1f, 0x00, 0x00, 0x00, 0x00, 0x00,
    0x10, 0x00, 0x00, 0x00, 0x00, 0x00, 0x00, 0x00, 0x00, 0x00, 0x00, 0x00, 0x10, 0x00, 0x00, 0x00,
    0x00, 0x00, 0x1c, 0x00, 0x00, 0x00, 0x00, 0x00, 0x1f, 0x00, 0x00, 0x00, 0x00, 0x80, 0x1f, 0x00,
    0x00, 0x00, 0x00, 0xe0, 0x0f, 0x00, 0x00, 0x00, 0x00, 0xf0, 0x07, 0x00, 0x00, 0x00, 0x00, 0xfc,
    0x01, 0x00, 0x00, 0x00, 0x00, 0x7f, 0x00, 0x00, 0x00, 0x00, 0x80, 0x3f, 0x00, 0x00, 0x00, 0x00,
    0xe0, 0x3f, 0x00, 0x00, 0x00, 0x00, 0xf8, 0x3b, 0x00, 0x00, 0x00, 0x00, 0xfc, 0x39, 0x00, 0x00,
    0x00, 0x00, 0x7f, 0x38, 0x00, 0x00, 0x00, 0x80, 0x1f, 0x38, 0x00, 0x00, 0x00, 0xe0, 0x07, 0x38,
    0x00, 0x00, 0x00, 0xf8, 0x03, 0x38, 0x00, 0x00, 0x00, 0xfc, 0x00, 0x38, 0x00, 0x00, 0x60, 0x3e,
    0x00, 0x38, 0x00, 0x00, 0x70, 0x7e, 0x00, 0x38, 0x00, 0x00, 0x7c, 0xfe, 0xff, 0xff, 0x1f, 0x00,
    0x3e, 0xfe, 0xff, 0xff, 0x1f, 0x00, 0x1e, 0xfe, 0xff, 0xff, 0x1f, 0x00, 0x06, 0x0e, 0xe0, 0xff,
    0x1f, 0x00, 0x02, 0x0e, 0xe0, 0x00, 0x1c, 0x00, 0x00, 0x0e, 0xe0, 0x00, 0x1c, 0x00, 0x00, 0x0e,
    0xe0, 0x00, 0x1c, 0x00, 0x00, 0x0e, 0xe0, 0x00, 0x1c, 0x00, 0x00, 0x0e, 0xe0, 0x00, 0x1c, 0x00,
    0x00, 0x0e, 0xe0, 0x00, 0x1c, 0x00, 0x00, 0x0e, 0xe0, 0x00, 0x1c, 0x00, 0x00, 0x0e, 0xe0, 0x00,
    0x1c, 0x00, 0x00, 0x0e, 0xe0, 0x00, 0x1c, 0x00, 0x00, 0x0e, 0xe0, 0x00, 0x1c, 0x00, 0x00, 0x0e,
    0xe0, 0x00, 0x1c, 0x00, 0x00, 0x0e, 0x00, 0x00, 0x1c, 0x00, 0x00, 0x0e, 0x00, 0x00, 0x1c, 0x00,
    0x00, 0x00, 0x00, 0x00, 0x1c, 0x00, 0x00, 0x00, 0x00, 0x00, 0x00, 0x00, 0x00, 0x00, 0x00, 0x00,
    0x00, 0x00, 0x00, 0x00, 0x00, 0x00, 0x00, 0x00, 0x00, 0x00, 0x30, 0xf8, 0x03, 0x00, 0x00, 0x00,
    0x38, 0xfc, 0x07, 0x00, 0x00, 0x00, 0x7c, 0xfe, 0x0f, 0x00, 0x00, 0x00, 0x7e, 0x1e, 0x1f, 0x00,
    0x00, 0x00, 0x1e, 0x0e, 0x1e, 0x00, 0x00, 0x00, 0x0f, 0x0f, 0x1c, 0x00, 0x00, 0x00, 0x07, 0x07,
    0x1c, 0x00, 0x00, 0x00, 0x07, 0x07, 0x1c, 0x00, 0x00, 0x00, 0x07, 0x07, 0x1c, 0x00, 0x00, 0x00,
    0x07, 0x07, 0x1c, 0x00, 0x00, 0x00, 0x07, 0x07, 0x0e, 0x00, 0x00, 0x00, 0x0f, 0x07, 0x0e, 0x00,
    0x00, 0x00, 0x3e, 0x07, 0x0f, 0x00, 0x00, 0x18, 0xfe, 0xff, 0x07, 0x00, 0x00, 0x1c, 0xfc, 0xff,
    0x03, 0x00, 0x00, 0x1f, 0xf8, 0xff, 0x03, 0x00, 0x80, 0x0f, 0xfc, 0xe7, 0x07, 0x00, 0x80, 0x07,
    0x1e, 0x07, 0x0f, 0x00, 0x80, 0x01, 0x0e, 0x07, 0x0e, 0x00, 0x80, 0x00, 0x0f, 0x07, 0x1e, 0x00,
    0x00, 0x00, 0x07, 0x07, 0x1c, 0x00, 0x00, 0x00, 0x07, 0x07, 0x1c, 0x00, 0x00, 0x00, 0x07, 0x07,
    0x1c, 0x00, 0x00, 0x00, 0x07, 0x07, 0x1c, 0x00, 0x00, 0x00, 0x0f, 0x07, 0x1c, 0x00, 0x00, 0x00,
    0x0e, 0x07, 0x1c, 0x00, 0x00, 0x00, 0x3e, 0x07, 0x0e, 0x00, 0x00, 0x00, 0xfc, 0x07, 0x0e, 0x00,
    0x00, 0x00, 0xf8, 0x07, 0x0f, 0x00, 0x00, 0x00, 0xf0, 0x07, 0x06, 0x00, 0x00, 0x00, 0x00, 0x00,
    0x00, 0x00, 0x00, 0x00, 0x00, 0x00, 0x00, 0x00, 0x00, 0x00, 0x00, 0x00, 0x00, 0x00, 0x00, 0x00,
    0xf8, 0x07, 0x00, 0x00, 0x00, 0x00, 0xff, 0x3f, 0x00, 0x00, 0x00, 0xc0, 0xff, 0xff, 0x30, 0x00,
    0x00, 0xe0, 0xff, 0xff, 0x39, 0x00, 0x00, 0xf0, 0x03, 0xf0, 0x3f, 0x00, 0x00, 0xf8, 0x00, 0xc0,
    0x0f, 0x00, 0x00, 0x3c, 0x00, 0xc0, 0x0f, 0x00, 0x00, 0x3c, 0x00, 0xe0, 0x0f, 0x00, 0x00, 0x1e,
    0x00, 0x78, 0x1e, 0x00, 0x00, 0x0e, 0x00, 0x3c, 0x1e, 0x00, 0x00, 0x0e, 0x00, 0x0f, 0x1c, 0x00,
    0x30, 0x0e, 0x80, 0x07, 0x1c, 0x00, 0x38, 0x0e, 0xe0, 0x01, 0x1c, 0x00, 0x3e, 0x0e, 0xf8, 0x00,
    0x1c, 0x00, 0x1f, 0x1e, 0x3c, 0x00, 0x1e, 0x00, 0x0f, 0x1c, 0x1f, 0x00, 0x1e, 0x00, 0x03, 0xbc,
    0x07, 0x00, 0x0f, 0x00, 0x01, 0xfc, 0x03, 0x80, 0x0f, 0x00, 0x00, 0xf8, 0x01, 0xe0, 0x07, 0x00,
    0x00, 0xfc, 0xff, 0xff, 0x03, 0x00, 0x00, 0xfe, 0xff, 0xff, 0x01, 0x00, 0x00, 0x87, 0xff, 0xff,
    0x00, 0x00, 0x00, 0x03, 0xfe, 0x1f, 0x00, 0x00, 0x00, 0x00, 0x00, 0x00, 0x00, 0x00, 0x00, 0x00,
    0x00, 0x00, 0x00, 0x00, 0x00, 0x00, 0x00, 0x00, 0x00, 0x00, 0x00, 0x00, 0xc0, 0x7f, 0x00, 0x00,
    0x00, 0x00, 0xf0, 0xff, 0x01, 0x00, 0x00, 0x00, 0xf8, 0xff, 0x43, 0x00, 0x00, 0x00, 0xfc, 0xf1,
    0x77, 0x00, 0x00, 0x00, 0x3e, 0x80, 0x7f, 0x00, 0x00, 0x00, 0x0e, 0x00, 0x1f, 0x00, 0x00, 0x00,
    0x0f, 0xc0, 0x1f, 0x00, 0x00, 0x18, 0x07, 0xf0, 0x1d, 0x00, 0x00, 0x1c, 0x07, 0x7c, 0x1c, 0x00,
    0x00, 0x1f, 0x07, 0x1f, 0x1c, 0x00, 0x80, 0x0f, 0xc7, 0x07, 0x1c, 0x00, 0x80, 0x07, 0xf7, 0x01,
    0x1c, 0x00, 0x80, 0x01, 0x7f, 0x00, 0x1e, 0x00, 0x80, 0x00, 0x1f, 0x00, 0x0f, 0x00, 0x00, 0x80,
    0x3f, 0x80, 0x0f, 0x00, 0x00, 0xc0, 0xfd, 0xff, 0x07, 0x00, 0x00, 0x40, 0xf8, 0xff, 0x03, 0x00,
    0x00, 0x00, 0xf0, 0xff, 0x01, 0x00, 0x00, 0x00, 0x80, 0x3f, 0x00, 0x00,
};

static const uint16_t mf_bwfont_Roboto_Regular40bw_glyph_offsets_5[17] PROGMEM = {
    0x0000, 0x000c, 0x000c, 0x000c, 0x000c, 0x000c, 0x000c, 0x000c,
    0x000c, 0x000c, 0x000c, 0x0026, 0x003b, 0x0061, 0x0082, 0x009c,
    0x00b2,
};

static const uint8_t mf_bwfont_Roboto_Regular40bw_glyph_widths_5[16] PROGMEM = {
    0x0a, 0x00, 0x00, 0x00, 0x00, 0x00, 0x00, 0x00, 0x00, 0x00, 0x1a, 0x16, 0x25, 0x22, 0x1c, 0x17,
};

static const uint8_t mf_bwfont_Roboto_Regular40bw_glyph_data_6[380] PROGMEM = {
    0x00, 0x00, 0x00, 0x00, 0x00, 0x00, 0x00, 0x00, 0x00, 0x00, 0x80, 0x00, 0x78, 0x00, 0x00, 0xf0,
    0x07, 0xf8, 0x00, 0x00, 0xf8, 0x0f, 0xf8, 0x01, 0x00, 0xfc, 0x1f, 0xe0, 0x03, 0x00, 0x3e, 0x1e,
    0x80, 0x07, 0x00, 0x0e, 0x3c, 0x00, 0x07, 0x00, 0x0f, 0x38, 0x00, 0x07, 0x00, 0x07, 0x78, 0x00,
    0x0e, 0x18, 0x07, 0x70, 0x00, 0xce, 0x3f, 0x07, 0x70, 0x00, 0xce, 0x1f, 0x07, 0xf0, 0x00, 0xce,
    0x0f, 0x07, 0xe0, 0x00, 0xce, 0x01, 0x07, 0xe0, 0x00, 0x0e, 0x00, 0x0f, 0xe0, 0x01, 0x0f, 0x00,
    0x0e, 0xc0, 0x01, 0x07, 0x00, 0x3e, 0xc0, 0x83, 0x07, 0x00, 0xfc, 0x81, 0xff, 0x07, 0x00, 0xf8,
    0x81, 0xff, 0x03, 0x00, 0xf0, 0x01, 0xff, 0x01, 0x00, 0xc0, 0x01, 0xfe, 0x00, 0x00, 0x00, 0x00,
    0x00, 0x00, 0x00, 0x00, 0x00, 0x00, 0x00, 0x00, 0x00, 0x00, 0xe0, 0x00, 0x00, 0x00, 0xfc, 0xe0,
    0x01, 0x00, 0x00, 0xfe, 0xe1, 0x03, 0x00, 0x00, 0xff, 0xe1, 0x07, 0x00, 0x00, 0xcf, 0x03, 0x07,
    0x00, 0x80, 0x87, 0x03, 0x0f, 0x00, 0x80, 0x83, 0x03, 0x0e, 0x18, 0x80, 0x03, 0x07, 0xce, 0x3f,
    0x80, 0x03, 0x07, 0xce, 0x1f, 0x80, 0x03, 0x07, 0xce, 0x0f, 0x80, 0x03, 0x07, 0xce, 0x01, 0x80,
    0x07, 0x0e, 0x0f, 0x00, 0x00, 0x0f, 0x1e, 0x07, 0x00, 0x00, 0x3f, 0xfe, 0x07, 0x00, 0x00, 0x3e,
    0xfc, 0x03, 0x00, 0x00, 0x3c, 0xf8, 0x01, 0x00, 0x00, 0x00, 0x60, 0x00, 0x00, 0x00, 0x00, 0x00,
    0x00, 0x00, 0x07, 0x00, 0x00, 0x00, 0x00, 0x07, 0x00, 0x00, 0x00, 0x00, 0x07, 0x00, 0x00, 0x00,
    0x00, 0x07, 0x00, 0x00, 0x00, 0x00, 0x07, 0x00, 0x00, 0x00, 0x00, 0x07, 0x00, 0x00, 0x00, 0x00,
    0x07, 0x00, 0x00, 0x00, 0x00, 0x07, 0x00, 0x00, 0x00, 0x00, 0x07, 0x00, 0x00, 0x00, 0x18, 0xff,
    0xff, 0xff, 0xcf, 0x3f, 0xff, 0xff, 0xff, 0xcf, 0x1f, 0xff, 0xff, 0xff, 0xcf, 0x0f, 0xff, 0xff,
    0xff, 0xcf, 0x01, 0x07, 0x00, 0x00, 0x00, 0x00, 0x07, 0x00, 0x00, 0x00, 0x00, 0x07, 0x00, 0x00,
    0x00, 0x00, 0x07, 0x00, 0x00, 0x00, 0x00, 0x07, 0x00, 0x00, 0x00, 0x00, 0x07, 0x00, 0x00, 0x00,
    0x00, 0x07, 0x00, 0x00, 0x00, 0x00, 0x07, 0x00, 0x00, 0x00, 0x00, 0x07, 0x00, 0x00, 0x00, 0x00,
    0x80, 0x03, 0x00, 0x00, 0x00, 0x80, 0x03, 0x00, 0x00, 0x00, 0x80, 0x03, 0x00, 0x00, 0x00, 0x80,
    0x03, 0x00, 0x00, 0x00, 0xfc, 0xff, 0xff, 0x01, 0x00, 0xfc, 0xff, 0xff, 0x07, 0x00, 0xfc, 0xff,
    0xff, 0x0f, 0x18, 0xfc, 0xff, 0xff, 0xcf, 0x3f, 0x80, 0x03, 0x00, 0xce, 0x1f, 0x80, 0x03, 0x00,
    0xce, 0x0f, 0x80, 0x03, 0x00, 0xce, 0x01, 0x80, 0x03, 0x00, 0x0e, 0x00,
};

static const uint16_t mf_bwfont_Roboto_Regular40bw_glyph_offsets_6[5] PROGMEM = {
    0x0000, 0x0016, 0x0029, 0x0040, 0x004c,
};

static const uint8_t mf_bwfont_Roboto_Regular40bw_glyph_widths_6[4] PROGMEM = {
    0x18, 0x15, 0x18, 0x0d,
};

static const uint8_t mf_bwfont_Roboto_Regular40bw_glyph_data_7[32] PROGMEM = {
    0x00, 0x00, 0x00, 0x1c, 0x00, 0x00, 0x00, 0x1c, 0x00, 0x00, 0x00, 0x1c, 0x00, 0x00, 0x00, 0x1e,
    0xff, 0xff, 0xff, 0x0f, 0xff, 0xff, 0xff, 0x0f, 0xff, 0xff, 0xff, 0x07, 0xff, 0xff, 0xff, 0x01,
};

static const uint16_t mf_bwfont_Roboto_Regular40bw_glyph_offsets_7[2] PROGMEM = {
    0x0000, 0x0008,
};

static const uint8_t mf_bwfont_Roboto_Regular40bw_glyph_widths_7[1] PROGMEM = {
    0x0a,
};

static const uint8_t mf_bwfont_Roboto_Regular40bw_glyph_data_8[54] PROGMEM = {
    0x00, 0xfc, 0x00, 0x0c, 0xfc, 0x03, 0x1e, 0xfc, 0x07, 0x0e, 0xfc, 0x0f, 0x0f, 0x1c, 0x0f, 0x07,
    0x1c, 0x1e, 0x07, 0x1c, 0x1c, 0x07, 0x1c, 0x1c, 0x07, 0x1c, 0x1c, 0x07, 0x1c, 0x1c, 0x0f, 0x1c,
    0x1c, 0x0e, 0x1c, 0x1e, 0x1e, 0x1c, 0x0f, 0x7c, 0xdc, 0x07, 0xfc, 0xff, 0x07, 0xf8, 0xff, 0x01,
    0xe0, 0xff, 0x00, 0x00, 0x0e, 0x00,
};

static const uint16_t mf_bwfont_Roboto_Regular40bw_glyph_offsets_8[2] PROGMEM = {
    0x0000, 0x0012,
};

static const uint8_t mf_bwfont_Roboto_Regular40bw_glyph_widths_8[1] PROGMEM = {
    0x15,
};

static const uint8_t mf_bwfont_Roboto_Regular40bw_glyph_data_9[678] PROGMEM = {
    0x00, 0x04, 0x00, 0x00, 0x00, 0x00, 0x80, 0x0f, 0x00, 0x00, 0x00, 0x00, 0xfc, 0x0f, 0x00, 0x00,
    0x00, 0x00, 0xfc, 0x03, 0x00, 0x00, 0x00, 0x00, 0xfc, 0x01, 0x00, 0x00, 0x00, 0x00, 0x00, 0x00,
    0x00, 0x00, 0x00, 0x00, 0x00, 0x00, 0x00, 0x00, 0x00, 0x00, 0x00, 0x00, 0x00, 0x00, 0x00, 0x00,
    0xc0, 0x00, 0x00, 0x00, 0x00, 0x00, 0xe0, 0x00, 0x00, 0x00, 0x00, 0x00, 0xf0, 0x00, 0x00, 0x00,
    0x00, 0x00, 0x78, 0x00, 0x00, 0x00, 0x00, 0x00, 0x1c, 0x00, 0x00, 0x00, 0x00, 0x00, 0x1c, 0x00,
    0x00, 0x00, 0x00, 0x00, 0x3c, 0x00, 0x00, 0x00, 0x00, 0x00, 0x78, 0x00, 0x00, 0x00, 0x00, 0x00,
    0xe0, 0x00, 0x00, 0x00, 0x00, 0x00, 0xc0, 0x00, 0x00, 0x00, 0x00, 0x00, 0x80, 0x00, 0x00, 0x00,
    0x00, 0x00, 0x00, 0x00, 0x00, 0x00, 0x00, 0x00, 0x00, 0x00, 0x00, 0x00, 0x00, 0x00, 0x04, 0x00,
    0x00, 0x00, 0x00, 0x00, 0x0c, 0x00, 0x00, 0x00, 0x00, 0x00, 0x1c, 0x00, 0x00, 0x00, 0x00, 0x00,
    0x78, 0x00, 0x00, 0x00, 0x00, 0x00, 0xf0, 0x00, 0x00, 0x00, 0x00, 0x00, 0xe0, 0x00, 0x00, 0x00,
    0x00, 0x00, 0xe0, 0x00, 0x00, 0x00, 0x00, 0x00, 0x78, 0x00, 0x00, 0x00, 0x00, 0x00, 0x3c, 0x00,
    0x00, 0x00, 0x00, 0x00, 0x1c, 0x00, 0x00, 0x00, 0x00, 0x00, 0x0c, 0x00, 0x00, 0x00, 0x00, 0x00,
    0x04, 0x00, 0x00, 0x00, 0x00, 0x00, 0x00, 0x00, 0x00, 0x00, 0x00, 0x00, 0x00, 0x00, 0x00, 0x00,
    0x00, 0x00, 0x70, 0x00, 0x00, 0x00, 0x00, 0x00, 0x70, 0x00, 0x00, 0x00, 0x00, 0x00, 0x70, 0x00,
    0x00, 0x00, 0x00, 0x00, 0x70, 0x00, 0x00, 0x00, 0x00, 0x00, 0x70, 0x00, 0x00, 0x00, 0x00, 0x00,
    0x70, 0x00, 0x00, 0x00, 0x00, 0x00, 0x70, 0x00, 0x00, 0x00, 0x00, 0x00, 0x70, 0x00, 0x00, 0x00,
    0x00, 0x00, 0x70, 0x00, 0x00, 0x00, 0x00, 0x00, 0x70, 0x00, 0x00, 0x00, 0x00, 0x00, 0x70, 0x00,
    0x00, 0x00, 0x00, 0x00, 0x70, 0x00, 0x00, 0x00, 0x00, 0x00, 0x70, 0x00, 0x00, 0x00, 0x00, 0x00,
    0x00, 0x00, 0x00, 0x00, 0x00, 0x00, 0x00, 0x00, 0x00, 0x00, 0x00, 0x00, 0x38, 0x00, 0x00, 0x00,
    0x00, 0x00, 0x78, 0x00, 0x00, 0x00, 0x00, 0x00, 0xf8, 0x00, 0x00, 0x00, 0x00, 0x00, 0xe0, 0x00,
    0x00, 0x00, 0x00, 0x00, 0xc0, 0x00, 0x00, 0x00, 0x00, 0x00, 0xc0, 0x00, 0x00, 0x00, 0x00, 0x00,
    0xc0, 0x00, 0x00, 0x00, 0x00, 0x00, 0xe0, 0x00, 0x00, 0x00, 0x00, 0x00, 0x78, 0x00, 0x00, 0x00,
    0x00, 0x00, 0x78, 0x00, 0x00, 0x00, 0x00, 0x00, 0x38, 0x00, 0x00, 0x00, 0x00, 0x00, 0x00, 0x00,
    0x00, 0x00, 0x00, 0x00, 0x00, 0x00, 0x00, 0x00, 0x00, 0x00, 0x78, 0x00, 0x00, 0x00, 0x00, 0x00,
    0x78, 0x00, 0x00, 0x00, 0x00, 0x00, 0x78, 0x00, 0x00, 0x00, 0x00, 0x00, 0x38, 0x00, 0x00, 0x00,
    0x00, 0x00, 0x00, 0x00, 0x00, 0x00, 0x00, 0x00, 0x18, 0x00, 0x00, 0x00, 0x00, 0x00, 0x7e, 0x00,
    0x00, 0x00, 0x00, 0x00, 0xe7, 0x00, 0x00, 0x00, 0x00, 0x00, 0xc3, 0x00, 0x00, 0x00, 0x00, 0x00,
    0xc3, 0x00, 0x00, 0x00, 0x00, 0x00, 0xc3, 0x00, 0x00, 0x00, 0x00, 0x00, 0xe7, 0x00, 0x00, 0x00,
    0x00, 0x00, 0x7e, 0x00, 0x00, 0x00, 0x00, 0x00, 0x38, 0x00, 0x00, 0x00, 0x00, 0x00, 0x00, 0x00,
    0x00, 0x00, 0x78, 0x00, 0x00, 0x00, 0x00, 0x00, 0xfe, 0x00, 0x00, 0x00, 0x00, 0x00, 0xfe, 0x01,
    0x00, 0x00, 0x00, 0x00, 0xc7, 0x01, 0x00, 0x00, 0x00, 0x80, 0xc3, 0x01, 0x00, 0x00, 0x00, 0x80,
    0xc1, 0x01, 0x00, 0x00, 0x00, 0x00, 0xc0, 0x00, 0x00, 0x00, 0x00, 0x00, 0x00, 0x00, 0x40, 0x00,
    0x00, 0x00, 0x00, 0x00, 0x70, 0x00, 0x00, 0x00, 0x00, 0x00, 0x78, 0x00, 0x00, 0x00, 0x00, 0x00,
    0x1c, 0x00, 0x00, 0x00, 0x00, 0x00, 0x1c, 0x00, 0x00, 0x00, 0x00, 0x00, 0x1c, 0x00, 0x00, 0x00,
    0x00, 0x00, 0x18, 0x00, 0x00, 0x00, 0x00, 0x00, 0x38, 0x00, 0x00, 0x00, 0x00, 0x00, 0x70, 0x00,
    0x00, 0x00, 0x00, 0x00, 0x70, 0x00, 0x00, 0x00, 0x00, 0x00, 0x70, 0x00, 0x00, 0x00, 0x00, 0x00,
    0x78, 0x00, 0x00, 0x00, 0x00, 0x00, 0x3c, 0x00, 0x00, 0x00, 0x00, 0x00, 0x1c, 0x00, 0x00, 0x00,
    0x00, 0x00, 0x00, 0x00, 0x00, 0x00, 0x00, 0x00, 0x80, 0x00, 0x00, 0x00, 0x00, 0x00, 0xe0, 0x00,
    0x00, 0x00, 0x00, 0x00, 0xf8, 0x00, 0x00, 0x00, 0x00, 0x00, 0x7c, 0x00, 0x00, 0x00, 0x00, 0x00,
    0x3c, 0x00, 0x00, 0x00, 0x00, 0x00, 0x0c, 0x00, 0x00, 0x00, 0x00, 0x00, 0xc4, 0x00, 0x00, 0x00,
    0x00, 0x00, 0xe0, 0x00, 0x00, 0x00, 0x00, 0x00, 0xf0, 0x00, 0x00, 0x00, 0x00, 0x00, 0x7c, 0x00,
    0x00, 0x00, 0x00, 0x00, 0x3c, 0x00, 0x00, 0x00, 0x00, 0x00, 0x1c, 0x00, 0x00, 0x00, 0x00, 0x00,
    0x0c, 0x00, 0x00, 0x00, 0x00, 0x00,
};

static const uint16_t mf_bwfont_Roboto_Regular40bw_glyph_offsets_9[35] PROGMEM = {
    0x0000, 0x0005, 0x0005, 0x0005, 0x0005, 0x0005, 0x0005, 0x0005,
    0x0005, 0x0005, 0x0005, 0x0013, 0x0021, 0x0021, 0x0030, 0x0030,
    0x0030, 0x0030, 0x0030, 0x0030, 0x0030, 0x0030, 0x0030, 0x0030,
    0x0030, 0x0030, 0x0030, 0x0030, 0x0030, 0x003d, 0x0043, 0x004d,
    0x0054, 0x0063, 0x0071,
};

static const uint8_t mf_bwfont_Roboto_Regular40bw_glyph_widths_9[34] PROGMEM = {
    0x08, 0x00, 0x00, 0x00, 0x00, 0x00, 0x00, 0x00, 0x00, 0x00, 0x13, 0x12, 0x00, 0x12, 0x00, 0x00,
    0x00, 0x00, 0x00, 0x00, 0x00, 0x00, 0x00, 0x00, 0x00, 0x00, 0x00, 0x00, 0x11, 0x0a, 0x0d, 0x0b,
    0x13, 0x0f,
};

static const uint8_t mf_bwfont_Roboto_Regular40bw_glyph_data_10[465] PROGMEM = {
    0x00, 0x00, 0x00, 0x00, 0x00, 0x00, 0x00, 0x00, 0x00, 0x00, 0x00, 0x00, 0x00, 0x00, 0x00, 0x00,
    0x00, 0x00, 0x00, 0x00, 0x00, 0x00, 0x00, 0x00, 0x00, 0x00, 0x00, 0x00, 0x00, 0x00, 0x00, 0x00,
    0x00, 0x00, 0x00, 0x00, 0x00, 0x00, 0x00, 0x00, 0x00, 0x00, 0x00, 0x00, 0x00, 0x00, 0x00, 0x00,
    0x00, 0x00, 0x00, 0x00, 0x00, 0x00, 0x00, 0x00, 0x00, 0x00, 0x00, 0x00, 0x00, 0x00, 0x00, 0x00,
    0x00, 0x00, 0x00, 0x00, 0x00, 0x00, 0x00, 0x00, 0x00, 0x00, 0x00, 0x00, 0x00, 0x00, 0x00, 0x00,
    0x00, 0x00, 0x00, 0x00, 0x00, 0x00, 0x00, 0x00, 0x00, 0x00, 0x00, 0x00, 0x00, 0x00, 0x00, 0x00,
    0x00, 0x00, 0x00, 0x00, 0x00, 0x00, 0x00, 0x00, 0x00, 0x00, 0x00, 0x00, 0x00, 0x00, 0x00, 0x00,
    0x00, 0x00, 0x3c, 0x00, 0x00, 0x00, 0x00, 0x66, 0x00, 0x00, 0x00, 0x00, 0x66, 0x00, 0x00, 0x00,
    0x00, 0x66, 0x00, 0x00, 0x00, 0x00, 0x7e, 0x00, 0x00, 0x00, 0x00, 0x3c, 0x00, 0x00, 0x00, 0x00,
    0x00, 0x00, 0x00, 0x00, 0x00, 0x00, 0x00, 0x00, 0x00, 0x00, 0x00, 0x04, 0x00, 0x00, 0x00, 0x00,
    0x1c, 0x00, 0x00, 0x00, 0x00, 0x3c, 0x00, 0x00, 0x00, 0x00, 0x7c, 0x00, 0x00, 0x00, 0x00, 0xf8,
    0x00, 0x00, 0x00, 0x00, 0xe0, 0x00, 0x00, 0x00, 0x00, 0x80, 0x00, 0x00, 0x00, 0x00, 0x00, 0x00,
    0x00, 0x00, 0x00, 0x00, 0x00, 0x00, 0x00, 0x00, 0x00, 0x00, 0x00, 0x00, 0x00, 0x00, 0x00, 0x00,
    0x00, 0x00, 0x00, 0x00, 0x00, 0x00, 0x00, 0x00, 0x00, 0x00, 0x00, 0x00, 0x80, 0x00, 0x00, 0x00,
    0x00, 0xc0, 0x00, 0x00, 0x00, 0x00, 0xf0, 0x00, 0x00, 0x00, 0x00, 0xf8, 0x00, 0x00, 0x00, 0x00,
    0x3c, 0x00, 0x00, 0x00, 0x00, 0x1c, 0x00, 0x00, 0x00, 0x00, 0x0c, 0x00, 0x00, 0x00, 0x00, 0x04,
    0x00, 0x00, 0x00, 0x00, 0x00, 0x00, 0x00, 0x00, 0x00, 0x40, 0x00, 0x00, 0x00, 0x00, 0x70, 0x00,
    0x00, 0x00, 0x00, 0x78, 0x00, 0x00, 0x00, 0x00, 0x1c, 0x00, 0x00, 0x00, 0x00, 0x1c, 0x00, 0x00,
    0x00, 0x00, 0x1c, 0x00, 0x00, 0x00, 0x00, 0x18, 0x00, 0x00, 0x00, 0x00, 0x38, 0x00, 0x00, 0x00,
    0x00, 0x70, 0x00, 0x00, 0x00, 0x00, 0x70, 0x00, 0x00, 0x00, 0x00, 0x70, 0x00, 0x00, 0x00, 0x00,
    0x78, 0x00, 0x00, 0x00, 0x00, 0x3c, 0x00, 0x00, 0x00, 0x00, 0x1c, 0x00, 0x00, 0x00, 0x00, 0x00,
    0x00, 0x00, 0x00, 0x00, 0x00, 0x00, 0x00, 0x00, 0x00, 0x00, 0x00, 0x00, 0x00, 0x00, 0x00, 0x00,
    0x00, 0x00, 0x00, 0x00, 0x00, 0x00, 0x00, 0x00, 0x00, 0x00, 0x00, 0x00, 0x00, 0xe3, 0x00, 0x00,
    0x00, 0x00, 0xe3, 0x00, 0x00, 0x00, 0x00, 0xe7, 0x00, 0x00, 0x00, 0x00, 0x3e, 0x00, 0x00, 0x00,
    0x00, 0x3e, 0x00, 0x00, 0x00, 0x00, 0x1c, 0x00, 0x00, 0x00, 0x00, 0x08, 0x00, 0x00, 0x00, 0x00,
    0x08, 0x00, 0x00, 0x00, 0x00, 0x18, 0x00, 0x00, 0x00, 0x00, 0x38, 0x00, 0x00, 0x00, 0x00, 0x78,
    0x00, 0x00, 0x00, 0x00, 0xf0, 0x00, 0x00, 0x00, 0x00, 0xe0, 0x00, 0x00, 0x00, 0x00, 0xc8, 0x00,
    0x00, 0x00, 0x00, 0x98, 0x00, 0x00, 0x00, 0x00, 0x38, 0x00, 0x00, 0x00, 0x00, 0x78, 0x00, 0x00,
    0x00, 0x00, 0xf0, 0x00, 0x00, 0x00, 0x00, 0xc0, 0x00, 0x00, 0x00, 0x00, 0x80, 0x00, 0x00, 0x00,
    0x00,
};

static const uint16_t mf_bwfont_Roboto_Regular40bw_glyph_offsets_10[30] PROGMEM = {
    0x0000, 0x001c, 0x001c, 0x001c, 0x001c, 0x001c, 0x001c, 0x001c,
    0x001c, 0x001c, 0x001c, 0x001c, 0x001c, 0x001c, 0x0026, 0x0034,
    0x0034, 0x0043, 0x0043, 0x0043, 0x0043, 0x0043, 0x0043, 0x004f,
    0x004f, 0x004f, 0x004f, 0x004f, 0x004f, 0x005d,
};

static const uint8_t mf_bwfont_Roboto_Regular40bw_glyph_widths_10[29] PROGMEM = {
    0x0c, 0x00, 0x00, 0x00, 0x00, 0x00, 0x00, 0x00, 0x00, 0x00, 0x00, 0x00, 0x00, 0x00, 0x00, 0x00,
    0x00, 0x00, 0x00, 0x00, 0x00, 0x00, 0x00, 0x00, 0x00, 0x00, 0x00, 0x00, 0x00,
};

static const uint8_t mf_bwfont_Roboto_Regular40bw_glyph_data_11[4] PROGMEM = {
    0x06, 0x0f, 0x0f, 0x0f,
};

static const uint16_t mf_bwfont_Roboto_Regular40bw_glyph_offsets_11[2] PROGMEM = {
    0x0000, 0x0004,
};

static const uint8_t mf_bwfont_Roboto_Regular40bw_glyph_widths_11[1] PROGMEM = {
    0x00,
};

static const uint8_t mf_bwfont_Roboto_Regular40bw_glyph_data_12[10500] PROGMEM = {
    0x00, 0x00, 0x00, 0x00, 0x00, 0x00, 0x00, 0x00, 0x00, 0x00, 0x00, 0x00, 0x00, 0x00, 0x00, 0x00,
    0x00, 0x00, 0x00, 0x00, 0x00, 0x00, 0x00, 0x00, 0x00, 0x00, 0x00, 0x00, 0x00, 0x00, 0x00, 0x00,
    0x00, 0x00, 0x00, 0x00, 0xe0, 0x07, 0x00, 0x00, 0x00, 0x00, 0xf0, 0x07, 0x00, 0x00, 0x00, 0x00,
    0xf0, 0x01, 0x00, 0x00, 0x00, 0x00, 0x30, 0x00, 0x00, 0x00, 0x00, 0x00, 0x00, 0x00, 0x00, 0x00,
    0x00, 0x00, 0x00, 0x00, 0x00, 0x00, 0x00, 0x00, 0x00, 0x00, 0x00, 0x00, 0x00, 0x00, 0x00, 0x00,
    0x00, 0x00, 0x00, 0x00, 0x80, 0x01, 0x00, 0x00, 0x00, 0x00, 0xc0, 0x03, 0x00, 0x00, 0x00, 0x00,
    0xc0, 0x03, 0x00, 0x00, 0x00, 0x00, 0xc0, 0x03, 0x00, 0x00, 0x00, 0x00, 0x00, 0x00, 0x00, 0x00,
    0x00, 0x00, 0x00, 0x00, 0x00, 0x00, 0x00, 0x00, 0x00, 0x00, 0x00, 0x00, 0x00, 0x00, 0x7c, 0x00,
    0x00, 0x00, 0x00, 0x00, 0x7c, 0x00, 0x00, 0x00, 0x00, 0x00, 0x3c, 0x00, 0x00, 0x00, 0x00, 0x00,
    0x04, 0x00, 0x00, 0x00, 0x00, 0x00, 0x80, 0x01, 0x00, 0x00, 0x00, 0x00, 0xc0, 0x03, 0x00, 0x00,
    0x00, 0x00, 0xc0, 0x03, 0x00, 0x00, 0x00, 0x00, 0xc0, 0x03, 0x00, 0x00, 0x00, 0x00, 0x80, 0x00,
    0x00, 0x00, 0x00, 0x00, 0x00, 0x00, 0x00, 0x00, 0x00, 0x00, 0x00, 0x00, 0x00, 0x00, 0x00, 0x00,
    0x00, 0x00, 0x00, 0x00, 0x00, 0x00, 0x00, 0x00, 0x00, 0x00, 0x06, 0x00, 0x00, 0x00, 0x00, 0xc0,
    0x07, 0x00, 0x00, 0x00, 0x00, 0xf8, 0x07, 0x00, 0xf0, 0x03, 0x00, 0xfe, 0x07, 0x00, 0xf8, 0x03,
    0xc0, 0xff, 0x00, 0x00, 0xf8, 0x00, 0xf0, 0x1f, 0x00, 0x00, 0x18, 0x00, 0xfe, 0x0f, 0x00, 0x00,
    0x00, 0xc0, 0xff, 0x0e, 0x00, 0x00, 0x00, 0xf0, 0x1f, 0x0e, 0x00, 0x00, 0x00, 0xfe, 0x07, 0x0e,
    0x00, 0x00, 0x80, 0xff, 0x00, 0x0e, 0x00, 0x00, 0x80, 0x1f, 0x00, 0x0e, 0x00, 0x00, 0x80, 0x1f,
    0x00, 0x0e, 0x00, 0x00, 0x80, 0xff, 0x00, 0x0e, 0x00, 0x00, 0x00, 0xfe, 0x03, 0x0e, 0x00, 0x00,
    0x00, 0xf0, 0x1f, 0x0e, 0x00, 0x00, 0x00, 0xc0, 0xff, 0x0e, 0x00, 0x00, 0x00, 0x00, 0xfe, 0x0f,
    0x00, 0x00, 0x00, 0x00, 0xf8, 0x1f, 0x00, 0x00, 0x00, 0x00, 0xc0, 0xff, 0x00, 0x00, 0x00, 0x00,
    0x00, 0xff, 0x03, 0x00, 0x00, 0x00, 0x00, 0xf8, 0x07, 0x00, 0x00, 0x00, 0x00, 0xc0, 0x07, 0x00,
    0x00, 0x00, 0x00, 0x00, 0x07, 0x00, 0x00, 0x00, 0x00, 0x00, 0x00, 0x00, 0x00, 0x00, 0x00, 0x00,
    0x00, 0x00, 0x00, 0x00, 0x00, 0x00, 0x00, 0x00, 0x00, 0x00, 0x00, 0x00, 0x00, 0x00, 0x00, 0x00,
    0x00, 0x00, 0x00, 0x00, 0x00, 0x00, 0x38, 0x00, 0x00, 0x00, 0x00, 0x00, 0x78, 0x00, 0x00, 0x00,
    0x00, 0x00, 0x78, 0x00, 0x00, 0x00, 0x00, 0x00, 0x78, 0x00, 0x00, 0x00, 0xf0, 0x03, 0x00, 0x00,
    0x00, 0x00, 0xf8, 0x03, 0x00, 0x00, 0x00, 0x00, 0xf8, 0x00, 0x00, 0x00, 0x00, 0x00, 0x18, 0x00,
    0x00, 0x00, 0x00, 0x00, 0x00, 0x00, 0x00, 0x00, 0x00, 0x00, 0x00, 0x00, 0x00, 0x00, 0x00, 0x00,
    0x00, 0x00, 0x00, 0x00, 0x00, 0x00, 0x80, 0xff, 0xff, 0xff, 0x07, 0x00, 0x80, 0xff, 0xff, 0xff,
    0x07, 0x00, 0x80, 0xff, 0xff, 0xff, 0x07, 0x00, 0x80, 0xff, 0xff, 0xff, 0x07, 0x00, 0x80, 0x03,
    0x38, 0x00, 0x07, 0x00, 0x80, 0x03, 0x38, 0x00, 0x07, 0x00, 0x80, 0x03, 0x38, 0x00, 0x07, 0x00,
    0x80, 0x03, 0x38, 0x00, 0x07, 0x00, 0x80, 0x03, 0x38, 0x00, 0x07, 0x00, 0x80, 0x03, 0x38, 0x00,
    0x07, 0x00, 0x80, 0x03, 0x38, 0x00, 0x07, 0x00, 0x80, 0x03, 0x38, 0x00, 0x07, 0x00, 0x80, 0x03,
    0x38, 0x00, 0x07, 0x00, 0x80, 0x03, 0x38, 0x00, 0x07, 0x00, 0x80, 0x03, 0x38, 0x00, 0x07, 0x00,
    0x80, 0x03, 0x38, 0x00, 0x07, 0x00, 0x80, 0x03, 0x00, 0x00, 0x07, 0x00, 0x80, 0x03, 0x00, 0x00,
    0x07, 0x00, 0xe0, 0x07, 0x00, 0x00, 0x00, 0x00, 0xf0, 0x07, 0x00, 0x00, 0x00, 0x00, 0xf0, 0x01,
    0x00, 0x00, 0x00, 0x00, 0x30, 0x00, 0x00, 0x00, 0x00, 0x00, 0x00, 0x00, 0x00, 0x00, 0x00, 0x00,
    0x00, 0x00, 0x00, 0x00, 0x00, 0x00, 0x00, 0x00, 0x00, 0x00, 0x00, 0x00, 0x80, 0xff, 0xff, 0xff,
    0x07, 0x00, 0x80, 0xff, 0xff, 0xff, 0x07, 0x00, 0x80, 0xff, 0xff, 0xff, 0x07, 0x00, 0x80, 0xff,
    0xff, 0xff, 0x07, 0x00, 0x00, 0x00, 0x38, 0x00, 0x00, 0x00, 0x00, 0x00, 0x38, 0x00, 0x00, 0x00,
    0x00, 0x00, 0x38, 0x00, 0x00, 0x00, 0x00, 0x00, 0x38, 0x00, 0x00, 0x00, 0x00, 0x00, 0x38, 0x00,
    0x00, 0x00, 0x00, 0x00, 0x38, 0x00, 0x00, 0x00, 0x00, 0x00, 0x38, 0x00, 0x00, 0x00, 0x00, 0x00,
    0x38, 0x00, 0x00, 0x00, 0x00, 0x00, 0x38, 0x00, 0x00, 0x00, 0x00, 0x00, 0x38, 0x00, 0x00, 0x00,
    0x00, 0x00, 0x38, 0x00, 0x00, 0x00, 0x00, 0x00, 0x38, 0x00, 0x00, 0x00, 0x00, 0x00, 0x38, 0x00,
    0x00, 0x00, 0x00, 0x00, 0x38, 0x00, 0x00, 0x00, 0x80, 0xff, 0xff, 0xff, 0x07, 0x00, 0x80, 0xff,
    0xff, 0xff, 0x07, 0x00, 0x80, 0xff, 0xff, 0xff, 0x07, 0x00, 0x80, 0xff, 0xff, 0xff, 0x07, 0x00,
    0x00, 0x00, 0x00, 0x00, 0x00, 0x00, 0xf0, 0x03, 0x00, 0x00, 0x00, 0x00, 0xf8, 0x03, 0x00, 0x00,
    0x00, 0x00, 0xf8, 0x00, 0x00, 0x00, 0x00, 0x00, 0x18, 0x00, 0x00, 0x00, 0x00, 0x00, 0x00, 0x00,
    0x00, 0x00, 0x00, 0x00, 0x00, 0x00, 0x00, 0x00, 0x00, 0x00, 0x00, 0x00, 0x00, 0x00, 0x00, 0x00,
    0x80, 0xff, 0xff, 0xff, 0x07, 0x00, 0x80, 0xff, 0xff, 0xff, 0x07, 0x00, 0x80, 0xff, 0xff, 0xff,
    0x07, 0x00, 0x00, 0x00, 0x00, 0x00, 0x00, 0x00, 0x00, 0x00, 0x00, 0x00, 0x00, 0x00, 0xe0, 0x07,
    0x00, 0x00, 0x00, 0x00, 0xf0, 0x07, 0x00, 0x00, 0x00, 0x00, 0xf0, 0x01, 0xfe, 0x01, 0x00, 0x00,
    0x30, 0xc0, 0xff, 0x0f, 0x00, 0x00, 0x00, 0xf0, 0xff, 0x3f, 0x00, 0x00, 0x00, 0xf8, 0xff, 0x7f,
    0x00, 0x00, 0x00, 0xfc, 0x00, 0xfc, 0x00, 0x00, 0x00, 0x3e, 0x00, 0xf0, 0x01, 0x00, 0x00, 0x0f,
    0x00, 0xc0, 0x03, 0x00, 0x00, 0x0f, 0x00, 0xc0, 0x03, 0x00, 0x80, 0x07, 0x00, 0x80, 0x07, 0x00,
    0x80, 0x03, 0x00, 0x80, 0x07, 0x00, 0x80, 0x03, 0x00, 0x00, 0x07, 0x00, 0x80, 0x03, 0x00, 0x00,
    0x07, 0x00, 0x80, 0x03, 0x00, 0x00, 0x07, 0x00, 0x80, 0x03, 0x00, 0x00, 0x07, 0x00, 0x80, 0x07,
    0x00, 0x80, 0x07, 0x00, 0x00, 0x07, 0x00, 0x80, 0x07, 0x00, 0x00, 0x0f, 0x00, 0xc0, 0x03, 0x00,
    0x00, 0x1f, 0x00, 0xe0, 0x03, 0x00, 0x00, 0x7e, 0x00, 0xf8, 0x01, 0x00, 0x00, 0xfc, 0xff, 0xff,
    0x00, 0x00, 0x00, 0xf8, 0xff, 0x7f, 0x00, 0x00, 0x00, 0xe0, 0xff, 0x3f, 0x00, 0x00, 0x00, 0x80,
    0xff, 0x07, 0x00, 0x00, 0xc0, 0x0f, 0x00, 0x00, 0x00, 0x00, 0xe0, 0x0f, 0x00, 0x00, 0x00, 0x00,
    0xe0, 0x03, 0x00, 0x00, 0x00, 0x00, 0x60, 0x00, 0x00, 0x00, 0x00, 0x00, 0x00, 0x00, 0x00, 0x00,
    0x00, 0x00, 0x80, 0x01, 0x00, 0x00, 0x00, 0x00, 0x80, 0x07, 0x00, 0x00, 0x00, 0x00, 0x80, 0x1f,
    0x00, 0x00, 0x00, 0x00, 0x80, 0x7f, 0x00, 0x00, 0x00, 0x00, 0x00, 0xfe, 0x00, 0x00, 0x00, 0x00,
    0x00, 0xf8, 0x03, 0x00, 0x00, 0x00, 0x00, 0xf0, 0x0f, 0x00, 0x00, 0x00, 0x00, 0xc0, 0x3f, 0x00,
    0x00, 0x00, 0x00, 0x00, 0x7f, 0x00, 0x00, 0x00, 0x00, 0x00, 0xfc, 0xff, 0x07, 0x00, 0x00, 0x00,
    0xf0, 0xff, 0x07, 0x00, 0x00, 0x00, 0xf0, 0xff, 0x07, 0x00, 0x00, 0x00, 0xfc, 0xff, 0x07, 0x00,
    0x00, 0x00, 0x7f, 0x00, 0x00, 0x00, 0x00, 0xc0, 0x3f, 0x00, 0x00, 0x00, 0x00, 0xf0, 0x0f, 0x00,
    0x00, 0x00, 0x00, 0xf8, 0x03, 0x00, 0x00, 0x00, 0x00, 0xfe, 0x00, 0x00, 0x00, 0x00, 0x80, 0x3f,
    0x00, 0x00, 0x00, 0x00, 0x80, 0x1f, 0x00, 0x00, 0x00, 0x00, 0x80, 0x07, 0x00, 0x00, 0x00, 0x00,
    0x80, 0x01, 0x00, 0x00, 0x00, 0x00, 0x00, 0x00, 0x00, 0x00, 0x00, 0x00, 0x00, 0x00, 0x00, 0x00,
    0x00, 0x00, 0xe0, 0x07, 0x00, 0x00, 0x00, 0x00, 0xf0, 0x07, 0x00, 0x00, 0x00, 0x00, 0xf0, 0x01,
    0xff, 0x00, 0x07, 0x00, 0x30, 0xe0, 0xff, 0x07, 0x07, 0x00, 0x00, 0xf8, 0xff, 0x1f, 0x07, 0x00,
    0x00, 0xfc, 0xff, 0x7f, 0x07, 0x00, 0x00, 0x7e, 0x00, 0xfc, 0x07, 0x00, 0x00, 0x1f, 0x00, 0xf0,
    0x07, 0x00, 0x00, 0x0f, 0x00, 0xc0, 0x07, 0x00, 0x00, 0x07, 0x00, 0x80, 0x07, 0x00, 0x80, 0x03,
    0x00, 0x80, 0x07, 0x00, 0x80, 0x03, 0x00, 0x00, 0x07, 0x00, 0x80, 0x03, 0x00, 0x00, 0x00, 0x00,
    0x80, 0x03, 0x00, 0x00, 0x00, 0x00, 0x80, 0x03, 0x00, 0x00, 0x07, 0x00, 0x80, 0x03, 0x00, 0x80,
    0x07, 0x00, 0x80, 0x07, 0x00, 0x80, 0x07, 0x00, 0x00, 0x0f, 0x00, 0xc0, 0x07, 0x00, 0x00, 0x1f,
    0x00, 0xe0, 0x07, 0x00, 0x00, 0x7e, 0x00, 0xfc, 0x07, 0x00, 0x00, 0xfc, 0xff, 0x7f, 0x07, 0x00,
    0x00, 0xf8, 0xff, 0x3f, 0x07, 0x00, 0x00, 0xe0, 0xff, 0x0f, 0x07, 0x00, 0x00, 0x80, 0xff, 0x01,
    0x07, 0x00, 0x00, 0x03, 0x00, 0x00, 0x00, 0x00, 0x80, 0x07, 0x00, 0x00, 0x00, 0x00, 0x80, 0x07,
    0x00, 0x00, 0x00, 0x00, 0x80, 0x07, 0x00, 0x00, 0x00, 0x00, 0x00, 0x00, 0x00, 0x00, 0x00, 0x00,
    0x00, 0x00, 0x00, 0x00, 0x00, 0x00, 0x00, 0xc0, 0xff, 0xff, 0x01, 0x00, 0xf8, 0xc0, 0xff, 0xff,
    0x03, 0x00, 0xf8, 0xc0, 0xff, 0xff, 0x07, 0x00, 0x78, 0x00, 0x00, 0xc0, 0x07, 0x00, 0x08, 0x00,
    0x00, 0x00, 0x07, 0x00, 0x00, 0x03, 0x00, 0x00, 0x07, 0x00, 0x80, 0x07, 0x00, 0x00, 0x07, 0x00,
    0x80, 0x07, 0x00, 0x00, 0x00, 0x00, 0x80, 0x07, 0x00, 0x00, 0x00, 0x00, 0x00, 0x03, 0x00, 0x00,
    0x00, 0x00, 0x00, 0x00, 0x00, 0x00, 0x00, 0x00, 0x00, 0x00, 0x00, 0x00, 0x00, 0x00, 0x00, 0x00,
    0x00, 0x00, 0x00, 0x00, 0x00, 0x00, 0x00, 0x00, 0x06, 0x00, 0x00, 0x00, 0x00, 0xc0, 0x07, 0x00,
    0x00, 0x00, 0x00, 0xf8, 0x07, 0x00, 0x00, 0x00, 0x00, 0xfe, 0x07, 0x00, 0x00, 0x00, 0xc0, 0xff,
    0x00, 0x00, 0x00, 0x00, 0xf0, 0x1f, 0x00, 0x00, 0x00, 0x00, 0xfe, 0x0f, 0x00, 0x00, 0x00, 0xc0,
    0xff, 0x0e, 0x00, 0x00, 0x00, 0xf0, 0x1f, 0x0e, 0x00, 0x00, 0x00, 0xfe, 0x07, 0x0e, 0x00, 0x00,
    0x80, 0xff, 0x00, 0x0e, 0x00, 0x00, 0x80, 0x1f, 0x00, 0x0e, 0x00, 0x00, 0x80, 0x1f, 0x00, 0x0e,
    0x00, 0x00, 0x80, 0xff, 0x00, 0x0e, 0x00, 0x00, 0x00, 0xfe, 0x03, 0x0e, 0x00, 0x00, 0x00, 0xf0,
    0x1f, 0x0e, 0x00, 0x00, 0x00, 0xc0, 0xff, 0x0e, 0x00, 0x00, 0x00, 0x00, 0xfe, 0x0f, 0x00, 0x00,
    0x00, 0x00, 0xf8, 0x1f, 0x00, 0x00, 0x00, 0x00, 0xc0, 0xff, 0x00, 0x00, 0x00, 0x00, 0x00, 0xff,
    0x03, 0x00, 0x00, 0x00, 0x00, 0xf8, 0x07, 0x00, 0x00, 0x00, 0x00, 0xc0, 0x07, 0x00, 0x00, 0x00,
    0x00, 0x00, 0x07, 0x00, 0x00, 0x00, 0x00, 0x00, 0x00, 0x00, 0x00, 0x00, 0x00, 0x00, 0x00, 0x00,
    0x00, 0x00, 0x00, 0x00, 0x00, 0x00, 0x00, 0x00, 0x00, 0x00, 0x00, 0x00, 0x00, 0x00, 0x00, 0x00,
    0x00, 0x00, 0x80, 0xff, 0xff, 0xff, 0x07, 0x00, 0x80, 0xff, 0xff, 0xff, 0x07, 0x00, 0x80, 0xff,
    0xff, 0xff, 0x07, 0x00, 0x80, 0xff, 0xff, 0xff, 0x07, 0x00, 0x80, 0x03, 0x38, 0x00, 0x07, 0x00,
    0x80, 0x03, 0x38, 0x00, 0x07, 0x00, 0x80, 0x03, 0x38, 0x00, 0x07, 0x00, 0x80, 0x03, 0x38, 0x00,
    0x07, 0x00, 0x80, 0x03, 0x38, 0x00, 0x07, 0x00, 0x80, 0x03, 0x38, 0x00, 0x07, 0x00, 0x80, 0x03,
    0x38, 0x00, 0x07, 0x00, 0x80, 0x03, 0x38, 0x00, 0x07, 0x00, 0x80, 0x03, 0x3c, 0x00, 0x07, 0x00,
    0x80, 0x07, 0x7c, 0x80, 0x07, 0x00, 0x00, 0x0f, 0x7e, 0xc0, 0x03, 0x00, 0x00, 0xff, 0xef, 0xe1,
    0x03, 0x00, 0x00, 0xfe, 0xe7, 0xff, 0x01, 0x00, 0x00, 0xfc, 0xc3, 0xff, 0x01, 0x00, 0x00, 0xf0,
    0x81, 0x7f, 0x00, 0x00, 0x00, 0x00, 0x00, 0x1e, 0x00, 0x00, 0x00, 0x00, 0x00, 0x00, 0x00, 0x00,
    0x00, 0x00, 0x00, 0x00, 0x00, 0x00, 0x00, 0x00, 0x00, 0x00, 0x00, 0x00, 0x00, 0x00, 0x00, 0x00,
    0x00, 0x00, 0x00, 0x00, 0x00, 0x00, 0x00, 0x00, 0x80, 0xff, 0xff, 0xff, 0x07, 0x00, 0x80, 0xff,
    0xff, 0xff, 0x07, 0x00, 0x80, 0xff, 0xff, 0xff, 0x07, 0x00, 0x80, 0xff, 0xff, 0xff, 0x07, 0x00,
    0x80, 0x03, 0x00, 0x00, 0x00, 0x00, 0x80, 0x03, 0x00, 0x00, 0x00, 0x00, 0x80, 0x03, 0x00, 0x00,
    0x00, 0x00, 0x80, 0x03, 0x00, 0x00, 0x00, 0x00, 0x80, 0x03, 0x00, 0x00, 0x00, 0x00, 0x80, 0x03,
    0x00, 0x00, 0x00, 0x00, 0x80, 0x03, 0x00, 0x00, 0x00, 0x00, 0x80, 0x03, 0x00, 0x00, 0x00, 0x00,
    0x80, 0x03, 0x00, 0x00, 0x00, 0x00, 0x80, 0x03, 0x00, 0x00, 0x00, 0x00, 0x80, 0x03, 0x00, 0x00,
    0x00, 0x00, 0x80, 0x03, 0x00, 0x00, 0x00, 0x00, 0x80, 0x03, 0x00, 0x00, 0x00, 0x00, 0x80, 0x03,
    0x00, 0x00, 0x00, 0x00, 0x00, 0x00, 0x00, 0x00, 0x00, 0x00, 0x00, 0x00, 0x00, 0x00, 0x00, 0x00,
    0x00, 0x00, 0x00, 0x00, 0x00, 0x00, 0x00, 0x00, 0x00, 0x00, 0x06, 0x00, 0x00, 0x00, 0x00, 0x80,
    0x07, 0x00, 0x00, 0x00, 0x00, 0xf0, 0x07, 0x00, 0x00, 0x00, 0x00, 0xfc, 0x07, 0x00, 0x00, 0x00,
    0x00, 0xff, 0x07, 0x00, 0x00, 0x00, 0xe0, 0x3f, 0x07, 0x00, 0x00, 0x00, 0xf8, 0x0f, 0x07, 0x00,
    0x00, 0x00, 0xfe, 0x01, 0x07, 0x00, 0x00, 0xc0, 0x7f, 0x00, 0x07, 0x00, 0x00, 0xf0, 0x1f, 0x00,
    0x07, 0x00, 0x00, 0xfc, 0x03, 0x00, 0x07, 0x00, 0x80, 0xff, 0x00, 0x00, 0x07, 0x00, 0x80, 0x1f,
    0x00, 0x00, 0x07, 0x00, 0x80, 0x0f, 0x00, 0x00, 0x07, 0x00, 0x80, 0x7f, 0x00, 0x00, 0x07, 0x00,
    0x00, 0xff, 0x01, 0x00, 0x07, 0x00, 0x00, 0xf8, 0x0f, 0x00, 0x07, 0x00, 0x00, 0xe0, 0x3f, 0x00,
    0x07, 0x00, 0x00, 0x00, 0xff, 0x01, 0x07, 0x00, 0x00, 0x00, 0xfc, 0x0f, 0x07, 0x00, 0x00, 0x00,
    0xe0, 0x3f, 0x07, 0x00, 0x00, 0x00, 0x80, 0xff, 0x07, 0x00, 0x00, 0x00, 0x00, 0xfc, 0x07, 0x00,
    0x00, 0x00, 0x00, 0xf0, 0x07, 0x00, 0x00, 0x00, 0x00, 0x80, 0x07, 0x00, 0x00, 0x00, 0x00, 0x00,
    0x06, 0x00, 0x00, 0x00, 0x00, 0x00, 0x00, 0x00, 0x00, 0x00, 0x00, 0x00, 0x00, 0x00, 0x00, 0x00,
    0x00, 0x00, 0x00, 0x00, 0x00, 0x00, 0x00, 0x00, 0x00, 0x00, 0x00, 0x00, 0x00, 0x00, 0x00, 0x00,
    0x80, 0xff, 0xff, 0xff, 0x07, 0x00, 0x80, 0xff, 0xff, 0xff, 0x07, 0x00, 0x80, 0xff, 0xff, 0xff,
    0x07, 0x00, 0x80, 0xff, 0xff, 0xff, 0x07, 0x00, 0x80, 0x03, 0x38, 0x00, 0x07, 0x00, 0x80, 0x03,
    0x38, 0x00, 0x07, 0x00, 0x80, 0x03, 0x38, 0x00, 0x07, 0x00, 0x80, 0x03, 0x38, 0x00, 0x07, 0x00,
    0x80, 0x03, 0x38, 0x00, 0x07, 0x00, 0x80, 0x03, 0x38, 0x00, 0x07, 0x00, 0x80, 0x03, 0x38, 0x00,
    0x07, 0x00, 0x80, 0x03, 0x38, 0x00, 0x07, 0x00, 0x80, 0x03, 0x38, 0x00, 0x07, 0x00, 0x80, 0x03,
    0x38, 0x00, 0x07, 0x00, 0x80, 0x03, 0x38, 0x00, 0x07, 0x00, 0x80, 0x03, 0x38, 0x00, 0x07, 0x00,
    0x80, 0x03, 0x00, 0x00, 0x07, 0x00, 0x80, 0x03, 0x00, 0x00, 0x07, 0x00, 0x00, 0x00, 0x00, 0x00,
    0x00, 0x00, 0x00, 0x00, 0x00, 0x00, 0x00, 0x00, 0x00, 0x00, 0x00, 0x00, 0x00, 0x00, 0x00, 0x00,
    0x00, 0x00, 0x00, 0x00, 0x80, 0x03, 0x00, 0x80, 0x07, 0x00, 0x80, 0x03, 0x00, 0xc0, 0x07, 0x00,
    0x80, 0x03, 0x00, 0xf0, 0x07, 0x00, 0x80, 0x03, 0x00, 0xf8, 0x07, 0x00, 0x80, 0x03, 0x00, 0xfe,
    0x07, 0x00, 0x80, 0x03, 0x00, 0x3f, 0x07, 0x00, 0x80, 0x03, 0x80, 0x1f, 0x07, 0x00, 0x80, 0x03,
    0xe0, 0x07, 0x07, 0x00, 0x80, 0x03, 0xf0, 0x03, 0x07, 0x00, 0x80, 0x03, 0xfc, 0x00, 0x07, 0x00,
    0x80, 0x03, 0x7e, 0x00, 0x07, 0x00, 0x80, 0x83, 0x3f, 0x00, 0x07, 0x00, 0x80, 0xc3, 0x0f, 0x00,
    0x07, 0x00, 0x80, 0xe3, 0x07, 0x00, 0x07, 0x00, 0x80, 0xfb, 0x01, 0x00, 0x07, 0x00, 0x80, 0xff,
    0x00, 0x00, 0x07, 0x00, 0x80, 0x3f, 0x00, 0x00, 0x07, 0x00, 0x80, 0x1f, 0x00, 0x00, 0x07, 0x00,
    0x80, 0x0f, 0x00, 0x00, 0x07, 0x00, 0x80, 0x03, 0x00, 0x00, 0x07, 0x00, 0x00, 0x00, 0x00, 0x00,
    0x00, 0x00, 0x00, 0x00, 0x00, 0x00, 0x00, 0x00, 0x00, 0x00, 0x00, 0x00, 0x00, 0x00, 0x00, 0x00,
    0x00, 0x00, 0x00, 0x00, 0x00, 0x00, 0x00, 0x00, 0x00, 0x00, 0x80, 0xff, 0xff, 0xff, 0x07, 0x00,
    0x80, 0xff, 0xff, 0xff, 0x07, 0x00, 0x80, 0xff, 0xff, 0xff, 0x07, 0x00, 0x80, 0xff, 0xff, 0xff,
    0x07, 0x00, 0x00, 0x00, 0x38, 0x00, 0x00, 0x00, 0x00, 0x00, 0x38, 0x00, 0x00, 0x00, 0x00, 0x00,
    0x38, 0x00, 0x00, 0x00, 0x00, 0x00, 0x38, 0x00, 0x00, 0x00, 0x00, 0x00, 0x38, 0x00, 0x00, 0x00,
    0x00, 0x00, 0x38, 0x00, 0x00, 0x00, 0x00, 0x00, 0x38, 0x00, 0x00, 0x00, 0x00, 0x00, 0x38, 0x00,
    0x00, 0x00, 0x00, 0x00, 0x38, 0x00, 0x00, 0x00, 0x00, 0x00, 0x38, 0x00, 0x00, 0x00, 0x00, 0x00,
    0x38, 0x00, 0x00, 0x00, 0x00, 0x00, 0x38, 0x00, 0x00, 0x00, 0x00, 0x00, 0x38, 0x00, 0x00, 0x00,
    0x00, 0x00, 0x38, 0x00, 0x00, 0x00, 0x80, 0xff, 0xff, 0xff, 0x07, 0x00, 0x80, 0xff, 0xff, 0xff,
    0x07, 0x00, 0x80, 0xff, 0xff, 0xff, 0x07, 0x00, 0x80, 0xff, 0xff, 0xff, 0x07, 0x00, 0x00, 0x00,
    0x00, 0x00, 0x00, 0x00, 0x00, 0x00, 0x00, 0x00, 0x00, 0x00, 0x00, 0x00, 0x00, 0x00, 0x00, 0x00,
    0x00, 0x00, 0x00, 0x00, 0x00, 0x00, 0x00, 0x00, 0xff, 0x03, 0x00, 0x00, 0x00, 0xe0, 0xff, 0x1f,
    0x00, 0x00, 0x00, 0xf8, 0xff, 0x7f, 0x00, 0x00, 0x00, 0xfc, 0xff, 0xff, 0x00, 0x00, 0x00, 0x7e,
    0x00, 0xf8, 0x01, 0x00, 0x00, 0x1e, 0x00, 0xe0, 0x01, 0x00, 0x00, 0x0f, 0x00, 0xc0, 0x03, 0x00,
    0x00, 0x07, 0x38, 0x80, 0x03, 0x00, 0x80, 0x07, 0x38, 0x80, 0x07, 0x00, 0x80, 0x03, 0x38, 0x00,
    0x07, 0x00, 0x80, 0x03, 0x38, 0x00, 0x07, 0x00, 0x80, 0x03, 0x38, 0x00, 0x07, 0x00, 0x80, 0x03,
    0x38, 0x00, 0x07, 0x00, 0x80, 0x03, 0x38, 0x00, 0x07, 0x00, 0x80, 0x07, 0x38, 0x80, 0x07, 0x00,
    0x00, 0x07, 0x38, 0x80, 0x03, 0x00, 0x00, 0x0f, 0x38, 0xc0, 0x03, 0x00, 0x00, 0x1e, 0x00, 0xe0,
    0x01, 0x00, 0x00, 0xfe, 0x00, 0xf8, 0x01, 0x00, 0x00, 0xfc, 0xff, 0xff, 0x00, 0x00, 0x00, 0xf8,
    0xff, 0x7f, 0x00, 0x00, 0x00, 0xe0, 0xff, 0x1f, 0x00, 0x00, 0x00, 0x00, 0xff, 0x03, 0x00, 0x00,
    0x00, 0x00, 0x00, 0x00, 0x00, 0x00, 0x00, 0x00, 0x00, 0x00, 0x00, 0x00, 0x00, 0x00, 0x00, 0x00,
    0x00, 0x00, 0x00, 0x00, 0x00, 0x00, 0x00, 0x00, 0x00, 0x00, 0x00, 0x00, 0x00, 0x00, 0x00, 0x00,
    0x00, 0x00, 0x00, 0x00, 0x80, 0xff, 0xff, 0xff, 0x07, 0x00, 0x80, 0xff, 0xff, 0xff, 0x07, 0x00,
    0x80, 0xff, 0xff, 0xff, 0x07, 0x00, 0x00, 0x00, 0x00, 0x00, 0x00, 0x00, 0x00, 0x00, 0x00, 0x00,
    0x00, 0x00, 0x00, 0x00, 0x00, 0x00, 0x00, 0x00, 0x00, 0x00, 0x00, 0x00, 0x00, 0x00, 0x00, 0x00,
    0x00, 0x00, 0x00, 0x00, 0x80, 0xff, 0xff, 0xff, 0x07, 0x00, 0x80, 0xff, 0xff, 0xff, 0x07, 0x00,
    0x80, 0xff, 0xff, 0xff, 0x07, 0x00, 0x80, 0xff, 0xff, 0xff, 0x07, 0x00, 0x00, 0x00, 0xf0, 0x01,
    0x00, 0x00, 0x00, 0x00, 0xf8, 0x00, 0x00, 0x00, 0x00, 0x00, 0x7c, 0x00, 0x00, 0x00, 0x00, 0x00,
    0x3e, 0x00, 0x00, 0x00, 0x00, 0x00, 0x7f, 0x00, 0x00, 0x00, 0x00, 0x80, 0xff, 0x00, 0x00, 0x00,
    0x00, 0xc0, 0xf7, 0x03, 0x00, 0x00, 0x00, 0xe0, 0xe3, 0x07, 0x00, 0x00, 0x00, 0xf0, 0x81, 0x0f,
    0x00, 0x00, 0x00, 0xfc, 0x00, 0x3f, 0x00, 0x00, 0x00, 0x3e, 0x00, 0x7e, 0x00, 0x00, 0x00, 0x1f,
    0x00, 0xfc, 0x00, 0x00, 0x80, 0x0f, 0x00, 0xf0, 0x03, 0x00, 0x80, 0x07, 0x00, 0xe0, 0x07, 0x00,
    0x80, 0x03, 0x00, 0xc0, 0x07, 0x00, 0x80, 0x01, 0x00, 0x00, 0x07, 0x00, 0x80, 0x00, 0x00, 0x00,
    0x06, 0x00, 0x00, 0x00, 0x00, 0x00, 0x04, 0x00, 0x00, 0x00, 0x00, 0x00, 0x00, 0x00, 0x00, 0x00,
    0x00, 0x00, 0x00, 0x00, 0x00, 0x00, 0x00, 0x00, 0x00, 0x00, 0x00, 0x00, 0x00, 0x00, 0x04, 0x00,
    0x00, 0x00, 0x00, 0x80, 0x07, 0x00, 0x00, 0x00, 0x00, 0xf0, 0x07, 0x00, 0x00, 0x00, 0x00, 0xfe,
    0x07, 0x00, 0x00, 0x00, 0x80, 0xff, 0x03, 0x00, 0x00, 0x00, 0xf0, 0x7f, 0x00, 0x00, 0x00, 0x00,
    0xfe, 0x0f, 0x00, 0x00, 0x00, 0x80, 0xff, 0x01, 0x00, 0x00, 0x00, 0xf0, 0x7f, 0x00, 0x00, 0x00,
    0x00, 0xfe, 0x0f, 0x00, 0x00, 0x00, 0x80, 0xff, 0x01, 0x00, 0x00, 0x00, 0x80, 0x3f, 0x00, 0x00,
    0x00, 0x00, 0x80, 0x3f, 0x00, 0x00, 0x00, 0x00, 0x80, 0xff, 0x01, 0x00, 0x00, 0x00, 0x00, 0xfe,
    0x0f, 0x00, 0x00, 0x00, 0x00, 0xf0, 0x3f, 0x00, 0x00, 0x00, 0x00, 0x80, 0xff, 0x01, 0x00, 0x00,
    0x00, 0x00, 0xfe, 0x0f, 0x00, 0x00, 0x00, 0x00, 0xf0, 0x7f, 0x00, 0x00, 0x00, 0x00, 0x80, 0xff,
    0x03, 0x00, 0x00, 0x00, 0x00, 0xfe, 0x07, 0x00, 0x00, 0x00, 0x00, 0xf0, 0x07, 0x00, 0x00, 0x00,
    0x00, 0x80, 0x07, 0x00, 0x00, 0x00, 0x00, 0x00, 0x06, 0x00, 0x00, 0x00, 0x00, 0x00, 0x00, 0x00,
    0x00, 0x00, 0x00, 0x00, 0x00, 0x00, 0x00, 0x00, 0x00, 0x00, 0x00, 0x00, 0x00, 0x00, 0x00, 0x00,
    0x00, 0x00, 0x00, 0x00, 0x00, 0x00, 0x00, 0x00, 0x80, 0xff, 0xff, 0xff, 0x07, 0x00, 0x80, 0xff,
    0xff, 0xff, 0x07, 0x00, 0x80, 0xff, 0xff, 0xff, 0x07, 0x00, 0x80, 0xff, 0xff, 0xff, 0x07, 0x00,
    0x80, 0x3f, 0x00, 0x00, 0x00, 0x00, 0x00, 0xff, 0x01, 0x00, 0x00, 0x00, 0x00, 0xfc, 0x07, 0x00,
    0x00, 0x00, 0x00, 0xe0, 0x3f, 0x00, 0x00, 0x00, 0x00, 0x80, 0xff, 0x00, 0x00, 0x00, 0x00, 0x00,
    0xfc, 0x03, 0x00, 0x00, 0x00, 0x00, 0xf0, 0x1f, 0x00, 0x00, 0x00, 0x00, 0x80, 0x7f, 0x00, 0x00,
    0x00, 0x00, 0x00, 0xfe, 0x03, 0x00, 0x00, 0x00, 0x00, 0xf8, 0x07, 0x00, 0x00, 0x00, 0x00, 0xc0,
    0x07, 0x00, 0x00, 0x00, 0x00, 0xf8, 0x07, 0x00, 0x00, 0x00, 0x00, 0xfe, 0x03, 0x00, 0x00, 0x00,
    0xc0, 0x7f, 0x00, 0x00, 0x00, 0x00, 0xf0, 0x1f, 0x00, 0x00, 0x00, 0x00, 0xfe, 0x03, 0x00, 0x00,
    0x00, 0x80, 0xff, 0x00, 0x00, 0x00, 0x00, 0xe0, 0x1f, 0x00, 0x00, 0x00, 0x00, 0xfc, 0x07, 0x00,
    0x00, 0x00, 0x00, 0xff, 0x01, 0x00, 0x00, 0x00, 0x80, 0x3f, 0x00, 0x00, 0x00, 0x00, 0x80, 0xff,
    0xff, 0xff, 0x07, 0x00, 0x80, 0xff, 0xff, 0xff, 0x07, 0x00, 0x80, 0xff, 0xff, 0xff, 0x07, 0x00,
    0x80, 0xff, 0xff, 0xff, 0x07, 0x00, 0x00, 0x00, 0x00, 0x00, 0x00, 0x00, 0x00, 0x00, 0x00, 0x00,
    0x00, 0x00, 0x00, 0x00, 0x00, 0x00, 0x00, 0x00, 0x00, 0x00, 0x00, 0x00, 0x00, 0x00, 0x00, 0x00,
    0x00, 0x00, 0x00, 0x00, 0x80, 0xff, 0xff, 0xff, 0x07, 0x00, 0x80, 0xff, 0xff, 0xff, 0x07, 0x00,
    0x80, 0xff, 0xff, 0xff, 0x07, 0x00, 0x80, 0xff, 0xff, 0xff, 0x07, 0x00, 0x00, 0x3f, 0x00, 0x00,
    0x00, 0x00, 0x00, 0xfe, 0x00, 0x00, 0x00, 0x00, 0x00, 0xf8, 0x01, 0x00, 0x00, 0x00, 0x00, 0xf0,
    0x07, 0x00, 0x00, 0x00, 0x00, 0xc0, 0x0f, 0x00, 0x00, 0x00, 0x00, 0x80, 0x3f, 0x00, 0x00, 0x00,
    0x00, 0x00, 0x7e, 0x00, 0x00, 0x00, 0x00, 0x00, 0xfc, 0x01, 0x00, 0x00, 0x00, 0x00, 0xf0, 0x03,
    0x00, 0x00, 0x00, 0x00, 0xe0, 0x0f, 0x00, 0x00, 0x00, 0x00, 0x80, 0x1f, 0x00, 0x00, 0x00, 0x00,
    0x00, 0x7f, 0x00, 0x00, 0x00, 0x00, 0x00, 0xfc, 0x00, 0x00, 0x00, 0x00, 0x00, 0xf8, 0x03, 0x00,
    0x80, 0xff, 0xff, 0xff, 0x07, 0x00, 0x80, 0xff, 0xff, 0xff, 0x07, 0x00, 0x80, 0xff, 0xff, 0xff,
    0x07, 0x00, 0x80, 0xff, 0xff, 0xff, 0x07, 0x00, 0x00, 0x00, 0x00, 0x00, 0x00, 0x00, 0x00, 0x00,
    0x00, 0x00, 0x00, 0x00, 0x00, 0x00, 0x00, 0x00, 0x00, 0x00, 0x00, 0x00, 0x00, 0x00, 0x00, 0x00,
    0x80, 0x03, 0x00, 0x00, 0x07, 0x00, 0x80, 0x03, 0x00, 0x00, 0x07, 0x00, 0x80, 0x03, 0x38, 0x00,
    0x07, 0x00, 0x80, 0x03, 0x38, 0x00, 0x07, 0x00, 0x80, 0x03, 0x38, 0x00, 0x07, 0x00, 0x80, 0x03,
    0x38, 0x00, 0x07, 0x00, 0x80, 0x03, 0x38, 0x00, 0x07, 0x00, 0x80, 0x03, 0x38, 0x00, 0x07, 0x00,
    0x80, 0x03, 0x38, 0x00, 0x07, 0x00, 0x80, 0x03, 0x38, 0x00, 0x07, 0x00, 0x80, 0x03, 0x38, 0x00,
    0x07, 0x00, 0x80, 0x03, 0x38, 0x00, 0x07, 0x00, 0x80, 0x03, 0x38, 0x00, 0x07, 0x00, 0x80, 0x03,
    0x38, 0x00, 0x07, 0x00, 0x80, 0x03, 0x38, 0x00, 0x07, 0x00, 0x80, 0x03, 0x38, 0x00, 0x07, 0x00,
    0x80, 0x03, 0x38, 0x00, 0x07, 0x00, 0x80, 0x03, 0x00, 0x00, 0x07, 0x00, 0x00, 0x00, 0x00, 0x00,
    0x07, 0x00, 0x00, 0x00, 0x00, 0x00, 0x00, 0x00, 0x00, 0x00, 0x00, 0x00, 0x00, 0x00, 0x00, 0x00,
    0x00, 0x00, 0x00, 0x00, 0x00, 0x00, 0x00, 0x00, 0x00, 0x00, 0x00, 0x00, 0xfe, 0x01, 0x00, 0x00,
    0x00, 0xc0, 0xff, 0x0f, 0x00, 0x00, 0x00, 0xf0, 0xff, 0x3f, 0x00, 0x00, 0x00, 0xf8, 0xff, 0x7f,
    0x00, 0x00, 0x00, 0xfc, 0x00, 0xfc, 0x00, 0x00, 0x00, 0x3e, 0x00, 0xf0, 0x01, 0x00, 0x00, 0x0f,
    0x00, 0xc0, 0x03, 0x00, 0x00, 0x0f, 0x00, 0xc0, 0x03, 0x00, 0x80, 0x07, 0x00, 0x80, 0x07, 0x00,
    0x80, 0x03, 0x00, 0x80, 0x07, 0x00, 0x80, 0x03, 0x00, 0x00, 0x07, 0x00, 0x80, 0x03, 0x00, 0x00,
    0x07, 0x00, 0x80, 0x03, 0x00, 0x00, 0x07, 0x00, 0x80, 0x03, 0x00, 0x00, 0x07, 0x00, 0x80, 0x07,
    0x00, 0x80, 0x07, 0x00, 0x00, 0x07, 0x00, 0x80, 0x07, 0x00, 0x00, 0x0f, 0x00, 0xc0, 0x03, 0x00,
    0x00, 0x1f, 0x00, 0xe0, 0x03, 0x00, 0x00, 0x7e, 0x00, 0xf8, 0x01, 0x00, 0x00, 0xfc, 0xff, 0xff,
    0x00, 0x00, 0x00, 0xf8, 0xff, 0x7f, 0x00, 0x00, 0x00, 0xe0, 0xff, 0x3f, 0x00, 0x00, 0x00, 0x80,
    0xff, 0x07, 0x00, 0x00, 0x00, 0x00, 0x00, 0x00, 0x00, 0x00, 0x00, 0x00, 0x00, 0x00, 0x00, 0x00,
    0x00, 0x00, 0x00, 0x00, 0x00, 0x00, 0x00, 0x00, 0x00, 0x00, 0x00, 0x00, 0x00, 0x00, 0x00, 0x00,
    0x00, 0x00, 0x80, 0xff, 0xff, 0xff, 0x07, 0x00, 0x80, 0xff, 0xff, 0xff, 0x07, 0x00, 0x80, 0xff,
    0xff, 0xff, 0x07, 0x00, 0x80, 0xff, 0xff, 0xff, 0x07, 0x00, 0x80, 0x03, 0x00, 0x00, 0x00, 0x00,
    0x80, 0x03, 0x00, 0x00, 0x00, 0x00, 0x80, 0x03, 0x00, 0x00, 0x00, 0x00, 0x80, 0x03, 0x00, 0x00,
    0x00, 0x00, 0x80, 0x03, 0x00, 0x00, 0x00, 0x00, 0x80, 0x03, 0x00, 0x00, 0x00, 0x00, 0x80, 0x03,
    0x00, 0x00, 0x00, 0x00, 0x80, 0x03, 0x00, 0x00, 0x00, 0x00, 0x80, 0x03, 0x00, 0x00, 0x00, 0x00,
    0x80, 0x03, 0x00, 0x00, 0x00, 0x00, 0x80, 0x03, 0x00, 0x00, 0x00, 0x00, 0x80, 0x03, 0x00, 0x00,
    0x00, 0x00, 0x80, 0x03, 0x00, 0x00, 0x00, 0x00, 0x80, 0x03, 0x00, 0x00, 0x00, 0x00, 0x80, 0xff,
    0xff, 0xff, 0x07, 0x00, 0x80, 0xff, 0xff, 0xff, 0x07, 0x00, 0x80, 0xff, 0xff, 0xff, 0x07, 0x00,
    0x80, 0xff, 0xff, 0xff, 0x07, 0x00, 0x00, 0x00, 0x00, 0x00, 0x00, 0x00, 0x00, 0x00, 0x00, 0x00,
    0x00, 0x00, 0x00, 0x00, 0x00, 0x00, 0x00, 0x00, 0x00, 0x00, 0x00, 0x00, 0x00, 0x00, 0x00, 0x00,
    0x00, 0x00, 0x00, 0x00, 0x80, 0xff, 0xff, 0xff, 0x07, 0x00, 0x80, 0xff, 0xff, 0xff, 0x07, 0x00,
    0x80, 0xff, 0xff, 0xff, 0x07, 0x00, 0x80, 0xff, 0xff, 0xff, 0x07, 0x00, 0x80, 0x03, 0xe0, 0x00,
    0x00, 0x00, 0x80, 0x03, 0xe0, 0x00, 0x00, 0x00, 0x80, 0x03, 0xe0, 0x00, 0x00, 0x00, 0x80, 0x03,
    0xe0, 0x00, 0x00, 0x00, 0x80, 0x03, 0xe0, 0x00, 0x00, 0x00, 0x80, 0x03, 0xe0, 0x00, 0x00, 0x00,
    0x80, 0x03, 0xe0, 0x00, 0x00, 0x00, 0x80, 0x03, 0xe0, 0x00, 0x00, 0x00, 0x80, 0x03, 0xe0, 0x00,
    0x00, 0x00, 0x80, 0x03, 0xe0, 0x00, 0x00, 0x00, 0x80, 0x07, 0xf0, 0x00, 0x00, 0x00, 0x00, 0x0f,
    0x78, 0x00, 0x00, 0x00, 0x00, 0x1f, 0x7c, 0x00, 0x00, 0x00, 0x00, 0xfe, 0x3f, 0x00, 0x00, 0x00,
    0x00, 0xfc, 0x1f, 0x00, 0x00, 0x00, 0x00, 0xf8, 0x0f, 0x00, 0x00, 0x00, 0x00, 0xe0, 0x03, 0x00,
    0x00, 0x00, 0x00, 0x00, 0x00, 0x00, 0x00, 0x00, 0x00, 0x00, 0x00, 0x00, 0x00, 0x00, 0x00, 0x00,
    0x00, 0x00, 0x00, 0x00, 0x80, 0x03, 0x00, 0x00, 0x07, 0x00, 0x80, 0x07, 0x00, 0x80, 0x07, 0x00,
    0x80, 0x0f, 0x00, 0xc0, 0x07, 0x00, 0x80, 0x3f, 0x00, 0xf0, 0x07, 0x00, 0x80, 0x7f, 0x00, 0xf8,
    0x07, 0x00, 0x80, 0xfb, 0x00, 0x7c, 0x07, 0x00, 0x80, 0xf3, 0x01, 0x3e, 0x07, 0x00, 0x80, 0xe3,
    0x03, 0x1f, 0x07, 0x00, 0x80, 0xc3, 0xc7, 0x0f, 0x07, 0x00, 0x80, 0x83, 0xff, 0x03, 0x07, 0x00,
    0x80, 0x03, 0xfe, 0x01, 0x07, 0x00, 0x80, 0x03, 0xfc, 0x00, 0x07, 0x00, 0x80, 0x03, 0x78, 0x00,
    0x07, 0x00, 0x80, 0x03, 0x30, 0x00, 0x07, 0x00, 0x80, 0x03, 0x00, 0x00, 0x07, 0x00, 0x80, 0x03,
    0x00, 0x00, 0x07, 0x00, 0x80, 0x03, 0x00, 0x00, 0x07, 0x00, 0x80, 0x03, 0x00, 0x00, 0x07, 0x00,
    0x80, 0x03, 0x00, 0x00, 0x07, 0x00, 0x00, 0x00, 0x00, 0x00, 0x07, 0x00, 0x00, 0x00, 0x00, 0x00,
    0x00, 0x00, 0x00, 0x00, 0x00, 0x00, 0x00, 0x00, 0x00, 0x00, 0x00, 0x00, 0x00, 0x00, 0x80, 0x03,
    0x00, 0x00, 0x00, 0x00, 0x80, 0x03, 0x00, 0x00, 0x00, 0x00, 0x80, 0x03, 0x00, 0x00, 0x00, 0x00,
    0x80, 0x03, 0x00, 0x00, 0x00, 0x00, 0x80, 0x03, 0x00, 0x00, 0x00, 0x00, 0x80, 0x03, 0x00, 0x00,
    0x00, 0x00, 0x80, 0x03, 0x00, 0x00, 0x00, 0x00, 0x80, 0x03, 0x00, 0x00, 0x00, 0x00, 0x80, 0x03,
    0x00, 0x00, 0x00, 0x00, 0x80, 0xff, 0xff, 0xff, 0x07, 0x00, 0x80, 0xff, 0xff, 0xff, 0x07, 0x00,
    0x80, 0xff, 0xff, 0xff, 0x07, 0x00, 0x80, 0xff, 0xff, 0xff, 0x07, 0x00, 0x80, 0x03, 0x00, 0x00,
    0x00, 0x00, 0x80, 0x03, 0x00, 0x00, 0x00, 0x00, 0x80, 0x03, 0x00, 0x00, 0x00, 0x00, 0x80, 0x03,
    0x00, 0x00, 0x00, 0x00, 0x80, 0x03, 0x00, 0x00, 0x00, 0x00, 0x80, 0x03, 0x00, 0x00, 0x00, 0x00,
    0x80, 0x03, 0x00, 0x00, 0x00, 0x00, 0x80, 0x03, 0x00, 0x00, 0x00, 0x00, 0x80, 0x03, 0x00, 0x00,
    0x00, 0x00, 0x00, 0x00, 0x00, 0x00, 0x00, 0x00, 0x00, 0x00, 0x00, 0x00, 0x00, 0x00, 0x00, 0x00,
    0x00, 0x00, 0x00, 0x00, 0x80, 0x01, 0x00, 0x00, 0x00, 0x00, 0x80, 0x07, 0x00, 0x00, 0x00, 0x00,
    0x80, 0x1f, 0x00, 0x00, 0x00, 0x00, 0x80, 0x7f, 0x00, 0x00, 0x00, 0x00, 0x00, 0xfe, 0x00, 0x00,
    0x00, 0x00, 0x00, 0xf8, 0x03, 0x00, 0x00, 0x00, 0x00, 0xf0, 0x0f, 0x00, 0x00, 0x00, 0x00, 0xc0,
    0x3f, 0x00, 0x00, 0x00, 0x00, 0x00, 0x7f, 0x00, 0x00, 0x00, 0x00, 0x00, 0xfc, 0xff, 0x07, 0x00,
    0x00, 0x00, 0xf0, 0xff, 0x07, 0x00, 0x00, 0x00, 0xf0, 0xff, 0x07, 0x00, 0x00, 0x00, 0xfc, 0xff,
    0x07, 0x00, 0x00, 0x00, 0x7f, 0x00, 0x00, 0x00, 0x00, 0xc0, 0x3f, 0x00, 0x00, 0x00, 0x00, 0xf0,
    0x0f, 0x00, 0x00, 0x00, 0x00, 0xf8, 0x03, 0x00, 0x00, 0x00, 0x00, 0xfe, 0x00, 0x00, 0x00, 0x00,
    0x80, 0x3f, 0x00, 0x00, 0x00, 0x00, 0x80, 0x1f, 0x00, 0x00, 0x00, 0x00, 0x80, 0x07, 0x00, 0x00,
    0x00, 0x00, 0x80, 0x01, 0x00, 0x00, 0x00, 0x00, 0x00, 0x00, 0x00, 0x00, 0x00, 0x00, 0x00, 0x00,
    0x00, 0x00, 0x00, 0x00, 0x00, 0x00, 0x00, 0x00, 0x00, 0x00, 0x00, 0x00, 0x00, 0x00, 0x00, 0x00,
    0x00, 0x00, 0xfe, 0x03, 0x00, 0x00, 0x00, 0x80, 0xff, 0x0f, 0x00, 0x00, 0x00, 0xc0, 0xff, 0x1f,
    0x00, 0x00, 0x00, 0xe0, 0x07, 0x3f, 0x00, 0x00, 0x00, 0xe0, 0x01, 0x3c, 0x00, 0x00, 0x00, 0xf0,
    0x00, 0x78, 0x00, 0x00, 0x00, 0x70, 0x00, 0x70, 0x00, 0x00, 0x00, 0x78, 0x00, 0xf0, 0x00, 0x00,
    0x00, 0x38, 0x00, 0xe0, 0x00, 0x00, 0x00, 0x38, 0x00, 0xe0, 0x00, 0x00, 0x00, 0x38, 0x00, 0xe0,
    0x00, 0x00, 0x80, 0xff, 0xff, 0xff, 0x07, 0x00, 0x80, 0xff, 0xff, 0xff, 0x07, 0x00, 0x80, 0xff,
    0xff, 0xff, 0x07, 0x00, 0x00, 0x38, 0x00, 0xe0, 0x00, 0x00, 0x00, 0x38, 0x00, 0xe0, 0x00, 0x00,
    0x00, 0x38, 0x00, 0xe0, 0x00, 0x00, 0x00, 0x78, 0x00, 0xf0, 0x00, 0x00, 0x00, 0x70, 0x00, 0x70,
    0x00, 0x00, 0x00, 0xf0, 0x00, 0x78, 0x00, 0x00, 0x00, 0xe0, 0x01, 0x3c, 0x00, 0x00, 0x00, 0xe0,
    0xdf, 0x3f, 0x00, 0x00, 0x00, 0xc0, 0xff, 0x1f, 0x00, 0x00, 0x00, 0x00, 0xff, 0x0f, 0x00, 0x00,
    0x00, 0x00, 0xfe, 0x03, 0x00, 0x00, 0x00, 0x00, 0x00, 0x00, 0x00, 0x00, 0x00, 0x00, 0x00, 0x00,
    0x00, 0x00, 0x00, 0x00, 0x00, 0x00, 0x00, 0x00, 0x00, 0x00, 0x00, 0x00, 0x04, 0x00, 0x80, 0x01,
    0x00, 0x00, 0x06, 0x00, 0x80, 0x03, 0x00, 0x80, 0x07, 0x00, 0x80, 0x0f, 0x00, 0xc0, 0x07, 0x00,
    0x80, 0x1f, 0x00, 0xf0, 0x07, 0x00, 0x00, 0x7f, 0x00, 0xf8, 0x03, 0x00, 0x00, 0xfc, 0x01, 0xfe,
    0x00, 0x00, 0x00, 0xf8, 0x03, 0x3f, 0x00, 0x00, 0x00, 0xe0, 0xcf, 0x1f, 0x00, 0x00, 0x00, 0xc0,
    0xff, 0x07, 0x00, 0x00, 0x00, 0x00, 0xff, 0x03, 0x00, 0x00, 0x00, 0x00, 0xfc, 0x00, 0x00, 0x00,
    0x00, 0x00, 0xff, 0x03, 0x00, 0x00, 0x00, 0x80, 0xff, 0x07, 0x00, 0x00, 0x00, 0xe0, 0xcf, 0x1f,
    0x00, 0x00, 0x00, 0xf0, 0x83, 0x3f, 0x00, 0x00, 0x00, 0xfc, 0x01, 0xfe, 0x00, 0x00, 0x00, 0x7f,
    0x00, 0xfc, 0x01, 0x00, 0x80, 0x3f, 0x00, 0xf0, 0x07, 0x00, 0x80, 0x0f, 0x00, 0xc0, 0x07, 0x00,
    0x80, 0x07, 0x00, 0x80, 0x07, 0x00, 0x80, 0x01, 0x00, 0x00, 0x06, 0x00, 0x80, 0x00, 0x00, 0x00,
    0x04, 0x00, 0x00, 0x00, 0x00, 0x00, 0x00, 0x00, 0x00, 0x00, 0x00, 0x00, 0x00, 0x00, 0x00, 0x00,
    0x00, 0x00, 0x00, 0x00, 0x00, 0x00, 0x00, 0x00, 0x00, 0x00, 0x80, 0xff, 0x3f, 0x00, 0x00, 0x00,
    0x80, 0xff, 0xff, 0x00, 0x00, 0x00, 0x80, 0xff, 0xff, 0x01, 0x00, 0x00, 0x80, 0xff, 0xff, 0x03,
    0x00, 0x00, 0x00, 0x00, 0xe0, 0x03, 0x00, 0x00, 0x00, 0x00, 0x80, 0x07, 0x00, 0x00, 0x00, 0x00,
    0x00, 0x07, 0x00, 0x00, 0x00, 0x00, 0x00, 0x0f, 0x00, 0x00, 0x00, 0x00, 0x00, 0x0e, 0x00, 0x00,
    0x00, 0x00, 0x00, 0x0e, 0x00, 0x00, 0x80, 0xff, 0xff, 0xff, 0x07, 0x00, 0x80, 0xff, 0xff, 0xff,
    0x07, 0x00, 0x80, 0xff, 0xff, 0xff, 0x07, 0x00, 0x00, 0x00, 0x00, 0x0e, 0x00, 0x00, 0x00, 0x00,
    0x00, 0x0e, 0x00, 0x00, 0x00, 0x00, 0x00, 0x0f, 0x00, 0x00, 0x00, 0x00, 0x00, 0x07, 0x00, 0x00,
    0x00, 0x00, 0x80, 0x07, 0x00, 0x00, 0x00, 0x00, 0xc0, 0x07, 0x00, 0x00, 0x00, 0x00, 0xf0, 0x03,
    0x00, 0x00, 0x80, 0xff, 0xff, 0x01, 0x00, 0x00, 0x80, 0xff, 0xff, 0x00, 0x00, 0x00, 0x80, 0xff,
    0x3f, 0x00, 0x00, 0x00, 0x80, 0xff, 0x07, 0x00, 0x00, 0x00, 0x00, 0x00, 0x00, 0x00, 0x00, 0x00,
    0x00, 0x00, 0x00, 0x00, 0x00, 0x00, 0x00, 0x00, 0x00, 0x00, 0x00, 0x00, 0x00, 0x00, 0x00, 0x00,
    0x00, 0x00, 0x00, 0x00, 0xff, 0x00, 0x07, 0x00, 0x00, 0xe0, 0xff, 0x07, 0x07, 0x00, 0x00, 0xf8,
    0xff, 0x1f, 0x07, 0x00, 0x00, 0xfc, 0xff, 0x7f, 0x07, 0x00, 0x00, 0x7e, 0x00, 0xfc, 0x07, 0x00,
    0x00, 0x1f, 0x00, 0xf0, 0x07, 0x00, 0x00, 0x0f, 0x00, 0xc0, 0x07, 0x00, 0x00, 0x07, 0x00, 0x80,
    0x07, 0x00, 0x80, 0x03, 0x00, 0x80, 0x07, 0x00, 0x80, 0x03, 0x00, 0x00, 0x07, 0x00, 0x80, 0x03,
    0x00, 0x00, 0x00, 0x00, 0x80, 0x03, 0x00, 0x00, 0x00, 0x00, 0x80, 0x03, 0x00, 0x00, 0x07, 0x00,
    0x80, 0x03, 0x00, 0x80, 0x07, 0x00, 0x80, 0x07, 0x00, 0x80, 0x07, 0x00, 0x00, 0x0f, 0x00, 0xc0,
    0x07, 0x00, 0x00, 0x1f, 0x00, 0xe0, 0x07, 0x00, 0x00, 0x7e, 0x00, 0xfc, 0x07, 0x00, 0x00, 0xfc,
    0xff, 0x7f, 0x07, 0x00, 0x00, 0xf8, 0xff, 0x3f, 0x07, 0x00, 0x00, 0xe0, 0xff, 0x0f, 0x07, 0x00,
    0x00, 0x80, 0xff, 0x01, 0x07, 0x00, 0x00, 0x00, 0x00, 0x00, 0x00, 0x00, 0x07, 0x00, 0x00, 0x00,
    0x00, 0x00, 0x0f, 0x00, 0x00, 0x00, 0x00, 0x00, 0x0f, 0x00, 0x00, 0x00, 0x00, 0x00, 0x0f, 0x00,
    0x00, 0x00, 0x00, 0x00, 0x00, 0x00, 0x00, 0x00, 0x00, 0x00, 0x80, 0xff, 0xff, 0xff, 0x07, 0x00,
    0x80, 0xff, 0xff, 0xff, 0x07, 0x00, 0x80, 0xff, 0xff, 0xff, 0x07, 0x00, 0x06, 0x00, 0x00, 0x00,
    0x00, 0x00, 0x0f, 0x00, 0x00, 0x00, 0x00, 0x00, 0x0f, 0x00, 0x00, 0x00, 0x00, 0x00, 0x0f, 0x00,
    0x00, 0x00, 0x00, 0x00, 0x06, 0x00, 0x00, 0x00, 0x00, 0x00, 0x00, 0x00, 0x00, 0x00, 0x00, 0x00,
    0x00, 0x00, 0x00, 0x00, 0x00, 0x00, 0x00, 0x00, 0x00, 0x00, 0x00, 0x00, 0x80, 0x01, 0x00, 0x00,
    0x00, 0x00, 0x80, 0x07, 0x00, 0x00, 0x00, 0x00, 0x80, 0x1f, 0x00, 0x00, 0x00, 0x00, 0x80, 0x7f,
    0x00, 0x00, 0x00, 0x00, 0x00, 0xfe, 0x00, 0x00, 0x00, 0x00, 0x0e, 0xf8, 0x03, 0x00, 0x00, 0x00,
    0x1e, 0xf0, 0x0f, 0x00, 0x00, 0x00, 0x1e, 0xc0, 0x3f, 0x00, 0x00, 0x00, 0x1e, 0x00, 0x7f, 0x00,
    0x00, 0x00, 0x00, 0x00, 0xfc, 0xff, 0x07, 0x00, 0x00, 0x00, 0xf0, 0xff, 0x07, 0x00, 0x00, 0x00,
    0xf0, 0xff, 0x07, 0x00, 0x00, 0x00, 0xfc, 0xff, 0x07, 0x00, 0x0c, 0x00, 0x7f, 0x00, 0x00, 0x00,
    0x1e, 0xc0, 0x3f, 0x00, 0x00, 0x00, 0x1e, 0xf0, 0x0f, 0x00, 0x00, 0x00, 0x1e, 0xf8, 0x03, 0x00,
    0x00, 0x00, 0x0c, 0xfe, 0x00, 0x00, 0x00, 0x00, 0x80, 0x3f, 0x00, 0x00, 0x00, 0x00, 0x80, 0x1f,
    0x00, 0x00, 0x00, 0x00, 0x80, 0x07, 0x00, 0x00, 0x00, 0x00, 0x80, 0x01, 0x00, 0x00, 0x00, 0x00,
    0x00, 0x00, 0x00, 0x00, 0x00, 0x00, 0x00, 0x00, 0x00, 0x00, 0x00, 0x00, 0x00, 0x00, 0x00, 0x00,
    0x00, 0x00, 0x00, 0x00, 0x00, 0x00, 0x00, 0x00, 0x00, 0x00, 0xf0, 0x1f, 0x00, 0x00, 0x00, 0x00,
    0xfc, 0x7f, 0x00, 0x00, 0x00, 0x00, 0xfe, 0xff, 0x01, 0x00, 0x00, 0x00, 0xff, 0xff, 0x03, 0x00,
    0x00, 0x80, 0x0f, 0xe0, 0x03, 0x00, 0x00, 0xc0, 0x03, 0x80, 0x07, 0x00, 0x00, 0xc0, 0x03, 0x80,
    0x07, 0x00, 0x00, 0xc0, 0x01, 0x00, 0x07, 0x00, 0x00, 0xc0, 0x01, 0x00, 0x07, 0x00, 0xe0, 0xc7,
    0x01, 0x00, 0x07, 0x00, 0xf0, 0xc7, 0x01, 0x00, 0x07, 0x00, 0xf0, 0x81, 0x03, 0x80, 0x03, 0x00,
    0x30, 0x80, 0x03, 0x80, 0x03, 0x00, 0x00, 0x00, 0x0f, 0xc0, 0x01, 0x00, 0x00, 0x80, 0xff, 0xff,
    0x01, 0x00, 0x00, 0xc0, 0xff, 0xff, 0x03, 0x00, 0x00, 0xc0, 0xff, 0xff, 0x07, 0x00, 0x00, 0xc0,
    0xff, 0xff, 0x07, 0x00, 0x00, 0x00, 0x00, 0x00, 0x07, 0x00, 0x00, 0x00, 0x00, 0x00, 0x07, 0x00,
    0x00, 0x00, 0x00, 0x00, 0x00, 0x00, 0x00, 0x00, 0x00, 0x00, 0x00, 0x00, 0x00, 0x00, 0x00, 0x00,
    0x00, 0x00, 0x00, 0x00, 0x00, 0x00, 0x00, 0x00, 0x00, 0x00, 0x18, 0x78, 0x00, 0x00, 0x00, 0x00,
    0x7e, 0xfc, 0x01, 0x00, 0x00, 0x00, 0xff, 0xfe, 0x01, 0x00, 0x00, 0x80, 0xff, 0xfe, 0x03, 0x00,
    0x00, 0x80, 0xc3, 0x87, 0x03, 0x00, 0x00, 0xc0, 0x83, 0x83, 0x07, 0x00, 0x00, 0xc0, 0x81, 0x03,
    0x07, 0x00, 0x00, 0xc0, 0x81, 0x03, 0x07, 0x00, 0xe0, 0xc7, 0x81, 0x03, 0x07, 0x00, 0xf0, 0xc7,
    0x81, 0x03, 0x07, 0x00, 0xf0, 0xc1, 0x81, 0x03, 0x07, 0x00, 0x30, 0xc0, 0x81, 0x03, 0x07, 0x00,
    0x00, 0x80, 0x83, 0x83, 0x03, 0x00, 0x00, 0x80, 0x07, 0xc0, 0x03, 0x00, 0x00, 0x00, 0x0f, 0xf0,
    0x03, 0x00, 0x00, 0x00, 0x0f, 0xf0, 0x01, 0x00, 0x00, 0x00, 0x0e, 0xf0, 0x00, 0x00, 0x00, 0x00,
    0x00, 0x10, 0x00, 0x00, 0x00, 0x00, 0x00, 0x00, 0x00, 0x00, 0x00, 0x00, 0x00, 0x00, 0x00, 0x00,
    0x00, 0x00, 0x00, 0x00, 0x00, 0x00, 0x00, 0x00, 0x00, 0x00, 0x00, 0x00, 0x00, 0x00, 0x00, 0x00,
    0x00, 0x00, 0x00, 0xc0, 0xff, 0xff, 0x07, 0x00, 0x00, 0xc0, 0xff, 0xff, 0x07, 0x00, 0x00, 0xc0,
    0xff, 0xff, 0x07, 0x00, 0x00, 0x00, 0x0e, 0x00, 0x00, 0x00, 0x00, 0x00, 0x07, 0x00, 0x00, 0x00,
    0x00, 0x80, 0x03, 0x00, 0x00, 0x00, 0x00, 0x80, 0x01, 0x00, 0x00, 0x00, 0xe0, 0xc7, 0x01, 0x00,
    0x00, 0x00, 0xf0, 0xc7, 0x01, 0x00, 0x00, 0x00, 0xf0, 0xc1, 0x01, 0x00, 0x00, 0x00, 0x30, 0xc0,
    0x01, 0x00, 0x00, 0x00, 0x00, 0xc0, 0x03, 0x00, 0x00, 0x00, 0x00, 0xc0, 0x07, 0x00, 0x00, 0x00,
    0x00, 0x80, 0xff, 0xff, 0xff, 0x07, 0x00, 0x80, 0xff, 0xff, 0xff, 0x07, 0x00, 0x00, 0xfe, 0xff,
    0xff, 0x07, 0x00, 0x00, 0xf8, 0xff, 0xff, 0x07, 0x00, 0x00, 0x00, 0x00, 0x00, 0x00, 0x00, 0x00,
    0x00, 0x00, 0x00, 0x00, 0x00, 0x00, 0x00, 0x00, 0x00, 0x00, 0x00, 0x00, 0x00, 0x00, 0x00, 0x00,
    0x00, 0x00, 0x00, 0x00, 0x00, 0x00, 0x00, 0x00, 0x00, 0x00, 0x00, 0x00, 0x00, 0xc0, 0xff, 0xff,
    0x01, 0x00, 0xe0, 0xc7, 0xff, 0xff, 0x03, 0x00, 0xf0, 0xc7, 0xff, 0xff, 0x07, 0x00, 0xf0, 0x01,
    0x00, 0xc0, 0x07, 0x00, 0x30, 0x00, 0x00, 0x00, 0x07, 0x00, 0x00, 0x00, 0x00, 0x00, 0x07, 0x00,
    0x00, 0x00, 0x00, 0x00, 0x07, 0x00, 0x00, 0x00, 0x00, 0x00, 0x00, 0x00, 0x00, 0x00, 0x00, 0x00,
    0x00, 0x00, 0x00, 0x00, 0x00, 0x00, 0x00, 0x00, 0x00, 0x00, 0x00, 0x00, 0x00, 0x00, 0x00, 0x00,
    0x00, 0x00, 0x00, 0x00, 0x00, 0xc3, 0xff, 0x7f, 0x00, 0x00, 0x80, 0xc7, 0xff, 0xff, 0x01, 0x00,
    0x80, 0xc7, 0xff, 0xff, 0x03, 0x00, 0x80, 0x07, 0x00, 0xf0, 0x03, 0x00, 0x00, 0x00, 0x00, 0x80,
    0x07, 0x00, 0x00, 0x00, 0x00, 0x00, 0x07, 0x00, 0x00, 0x00, 0x00, 0x00, 0x07, 0x00, 0xf8, 0x00,
    0x00, 0x00, 0x07, 0x00, 0xf8, 0x00, 0x00, 0x00, 0x07, 0x00, 0x78, 0x00, 0x00, 0x00, 0x07, 0x00,
    0x08, 0x00, 0x00, 0x80, 0x07, 0x00, 0x00, 0xc3, 0x00, 0xc0, 0x03, 0x00, 0x80, 0xc7, 0x07, 0xf0,
    0x03, 0x00, 0x80, 0xc7, 0xff, 0xff, 0x01, 0x00, 0x80, 0xc7, 0xff, 0xff, 0x00, 0x00, 0x00, 0x03,
    0xff, 0x3f, 0x00, 0x00, 0x00, 0x00, 0xf0, 0x07, 0x00, 0x00, 0x00, 0x00, 0x00, 0x00, 0x00, 0x00,
    0x00, 0x00, 0x00, 0x00, 0x00, 0x00, 0x00, 0x00, 0x00, 0x00, 0x00, 0x00, 0x00, 0x00, 0x00, 0x00,
    0x00, 0x00, 0x00, 0x00, 0xf0, 0x1f, 0x00, 0x00, 0x00, 0x00, 0xfc, 0x7f, 0x00, 0x00, 0x00, 0x00,
    0xfe, 0xff, 0x01, 0x00, 0x00, 0x00, 0xff, 0xff, 0x03, 0x00, 0x00, 0x80, 0x0f, 0xe0, 0x03, 0x00,
    0x00, 0xc0, 0x03, 0x80, 0x07, 0x00, 0x00, 0xc0, 0x03, 0x80, 0x07, 0x00, 0x00, 0xc0, 0x01, 0x00,
    0x07, 0x00, 0x00, 0xc0, 0x01, 0x00, 0x07, 0x00, 0x00, 0xc0, 0x01, 0x00, 0x07, 0x00, 0x00, 0xc0,
    0x01, 0x00, 0x07, 0x00, 0x00, 0x80, 0x03, 0x80, 0x03, 0x00, 0x00, 0x80, 0x03, 0x80, 0x03, 0x00,
    0x00, 0x00, 0x0f, 0xc0, 0x01, 0x00, 0x00, 0x80, 0xff, 0xff, 0x01, 0x00, 0x00, 0xc0, 0xff, 0xff,
    0x03, 0x00, 0x00, 0xc0, 0xff, 0xff, 0x07, 0x00, 0x00, 0xc0, 0xff, 0xff, 0x07, 0x00, 0x00, 0x00,
    0x00, 0x00, 0x07, 0x00, 0x00, 0x00, 0x00, 0x00, 0x07, 0x00, 0x00, 0x00, 0x00, 0x00, 0x00, 0x00,
    0x00, 0x00, 0x00, 0x00, 0x00, 0x00, 0x00, 0x00, 0x00, 0x00, 0x00, 0x00, 0x00, 0x00, 0x00, 0x00,
    0x00, 0x00, 0x00, 0x00, 0x00, 0x00, 0x00, 0x00, 0x00, 0xe0, 0xff, 0xff, 0xff, 0x07, 0x00, 0xf8,
    0xff, 0xff, 0xff, 0x07, 0x00, 0xfe, 0xff, 0xff, 0xff, 0x07, 0x00, 0xfe, 0xff, 0xff, 0xff, 0x07,
    0x00, 0x0f, 0x00, 0x80, 0x03, 0x00, 0x00, 0x07, 0x00, 0x80, 0x03, 0x00, 0x80, 0x03, 0x00, 0x00,
    0x07, 0x00, 0x80, 0x03, 0x1c, 0x00, 0x07, 0x00, 0x80, 0x03, 0x1c, 0x00, 0x07, 0x00, 0x80, 0x03,
    0x1c, 0x00, 0x07, 0x00, 0x80, 0x03, 0x1c, 0x00, 0x07, 0x00, 0x80, 0x07, 0x1c, 0x00, 0x07, 0x00,
    0x00, 0x07, 0x3e, 0x80, 0x07, 0x00, 0x00, 0xbf, 0x7f, 0xc0, 0x03, 0x00, 0x00, 0xfe, 0xf7, 0xe0,
    0x03, 0x00, 0x00, 0xfc, 0xf3, 0xff, 0x01, 0x00, 0x00, 0xf8, 0xe1, 0xff, 0x00, 0x00, 0x00, 0x00,
    0xc0, 0x7f, 0x00, 0x00, 0x00, 0x00, 0x00, 0x04, 0x00, 0x00, 0x00, 0x00, 0x00, 0x00, 0x00, 0x00,
    0x00, 0x00, 0x00, 0x00, 0x00, 0x00, 0x00, 0x00, 0x00, 0x00, 0x00, 0x00, 0x00, 0xc0, 0x00, 0x00,
    0x00, 0x00, 0x00, 0xc0, 0x03, 0x00, 0x00, 0x00, 0x00, 0xc0, 0x1f, 0x00, 0x00, 0x00, 0x00, 0xc0,
    0xff, 0x00, 0x00, 0x00, 0x00, 0x00, 0xff, 0x03, 0x00, 0x00, 0x00, 0x00, 0xf8, 0x1f, 0x00, 0x00,
    0x00, 0x00, 0xc0, 0xff, 0x00, 0x00, 0x00, 0x00, 0x00, 0xfe, 0xff, 0x07, 0x00, 0x00, 0x00, 0xf0,
    0xff, 0x07, 0x00, 0x00, 0x00, 0xe0, 0xff, 0x07, 0x00, 0x00, 0x00, 0xfc, 0xff, 0x07, 0x00, 0x00,
    0x80, 0xff, 0x00, 0x00, 0x00, 0x00, 0xf0, 0x3f, 0x00, 0x00, 0x00, 0x00, 0xfe, 0x07, 0x00, 0x00,
    0x00, 0xc0, 0xff, 0x00, 0x00, 0x00, 0x00, 0xc0, 0x3f, 0x00, 0x00, 0x00, 0x00, 0xc0, 0x07, 0x00,
    0x00, 0x00, 0x00, 0xc0, 0x00, 0x00, 0x00, 0x00, 0x00, 0x00, 0x00, 0x00, 0x00, 0x00, 0x00, 0x00,
    0x00, 0x00, 0x00, 0x00, 0x00, 0x00, 0x00, 0x00, 0x00, 0x00, 0x00, 0x00, 0x00, 0x00, 0x00, 0x00,
    0x00, 0x00, 0xe0, 0x1f, 0x00, 0x00, 0x00, 0x00, 0xf8, 0x7f, 0x00, 0x00, 0x00, 0x0e, 0xfc, 0xff,
    0x00, 0x00, 0x80, 0x3f, 0xfe, 0xff, 0x01, 0x00, 0xc0, 0x7f, 0x0f, 0xe0, 0x03, 0x00, 0xc0, 0x7f,
    0x07, 0x80, 0x03, 0x00, 0xe0, 0xf1, 0x03, 0x80, 0x07, 0x00, 0xe0, 0xe0, 0x03, 0x00, 0x07, 0x00,
    0xe0, 0xe0, 0x01, 0x00, 0x07, 0x00, 0xe0, 0xc0, 0x01, 0x00, 0x07, 0x00, 0xe0, 0xc0, 0x03, 0x00,
    0x07, 0x00, 0xe0, 0xc0, 0x03, 0x00, 0x07, 0x00, 0xe0, 0x80, 0x07, 0x80, 0x07, 0x00, 0xc0, 0x81,
    0x0f, 0xc0, 0x03, 0x00, 0xc0, 0x01, 0x3f, 0xf0, 0x03, 0x00, 0x00, 0x00, 0xfe, 0xff, 0x01, 0x00,
    0x00, 0x00, 0xfc, 0xff, 0x00, 0x00, 0x00, 0x00, 0xf8, 0x3f, 0x00, 0x00, 0x00, 0x00, 0xc0, 0x0f,
    0x00, 0x00, 0x00, 0x00, 0x00, 0x00, 0x00, 0x00, 0x00, 0x00, 0x00, 0x00, 0x00, 0x00, 0x00, 0x00,
    0x00, 0x00, 0x00, 0x00, 0x00, 0x00, 0x00, 0x00, 0x00, 0x00, 0x00, 0x00, 0x18, 0x78, 0x00, 0x00,
    0x00, 0x00, 0x7e, 0xfc, 0x01, 0x00, 0x00, 0x00, 0xff, 0xfe, 0x01, 0x00, 0x00, 0x80, 0xff, 0xfe,
    0x03, 0x00, 0x00, 0x80, 0xc3, 0x87, 0x03, 0x00, 0x00, 0xc0, 0x83, 0x83, 0x07, 0x00, 0x00, 0xc0,
    0x81, 0x03, 0x07, 0x00, 0x00, 0xc0, 0x81, 0x03, 0x07, 0x00, 0x00, 0xc0, 0x81, 0x03, 0x07, 0x00,
    0x00, 0xc0, 0x81, 0x03, 0x07, 0x00, 0x00, 0xc0, 0x81, 0x03, 0x07, 0x00, 0x00, 0xc0, 0x81, 0x03,
    0x07, 0x00, 0x00, 0x80, 0x83, 0x83, 0x03, 0x00, 0x00, 0x80, 0x07, 0xc0, 0x03, 0x00, 0x00, 0x00,
    0x0f, 0xf0, 0x03, 0x00, 0x00, 0x00, 0x0f, 0xf0, 0x01, 0x00, 0x00, 0x00, 0x0e, 0xf0, 0x00, 0x00,
    0x00, 0x00, 0x00, 0x10, 0x00, 0x00, 0x00, 0x00, 0x00, 0x00, 0x00, 0x00, 0x00, 0x00, 0x00, 0x00,
    0x00, 0x00, 0x00, 0x00, 0x00, 0x00, 0x00, 0x00, 0x00, 0x00, 0x00, 0x00, 0x00, 0x00, 0x80, 0x03,
    0x00, 0x00, 0x00, 0x00, 0x80, 0x03, 0x00, 0x00, 0x00, 0x00, 0x80, 0x03, 0x00, 0xff, 0x00, 0x00,
    0x80, 0x03, 0xe0, 0xff, 0x01, 0x00, 0x80, 0x03, 0xf0, 0xff, 0x03, 0x00, 0x80, 0x03, 0xfc, 0xc3,
    0x03, 0x00, 0x80, 0x03, 0x7e, 0x80, 0x07, 0x00, 0x80, 0x03, 0x1f, 0x00, 0x07, 0x00, 0x80, 0x83,
    0x0f, 0x00, 0x07, 0x00, 0x80, 0xe3, 0x03, 0x00, 0x0f, 0x00, 0x80, 0xf3, 0x01, 0x00, 0x0e, 0x00,
    0x80, 0xfb, 0x00, 0x00, 0x0e, 0x03, 0x80, 0x7f, 0x00, 0x00, 0xfe, 0x07, 0x80, 0x1f, 0x00, 0x00,
    0xfc, 0x03, 0x80, 0x0f, 0x00, 0x00, 0xfc, 0x01, 0x80, 0x07, 0x00, 0x00, 0x78, 0x00, 0x80, 0x03,
    0x00, 0x00, 0x00, 0x00, 0x00, 0x00, 0x00, 0x00, 0x00, 0x00, 0x00, 0x00, 0x00, 0x00, 0x00, 0x00,
    0x00, 0x00, 0x00, 0x00, 0x00, 0x00, 0x00, 0x00, 0x00, 0x00, 0x00, 0x00, 0x00, 0x00, 0x00, 0x00,
    0x00, 0x00, 0x00, 0xc0, 0xff, 0xff, 0x07, 0x00, 0x00, 0xc0, 0xff, 0xff, 0x07, 0x00, 0x00, 0xc0,
    0xff, 0xff, 0x07, 0x00, 0x00, 0x00, 0x0e, 0x00, 0x00, 0x00, 0x00, 0x00, 0x07, 0x00, 0x00, 0x00,
    0x00, 0x80, 0x03, 0x00, 0x00, 0x00, 0x00, 0x80, 0x01, 0x00, 0x00, 0x00, 0x00, 0xc0, 0x01, 0x00,
    0x00, 0x00, 0x00, 0xc0, 0x01, 0x00, 0x00, 0x00, 0x00, 0xc0, 0x01, 0x00, 0x00, 0x00, 0x00, 0xc0,
    0x01, 0x00, 0x00, 0x00, 0x00, 0xc0, 0x03, 0x00, 0x00, 0x00, 0x00, 0xc0, 0x07, 0x00, 0x00, 0x00,
    0x00, 0x80, 0xff, 0xff, 0xff, 0x07, 0x00, 0x80, 0xff, 0xff, 0xff, 0x07, 0x00, 0x00, 0xfe, 0xff,
    0xff, 0x07, 0x00, 0x00, 0xf8, 0xff, 0xff, 0x07, 0x00, 0x00, 0x00, 0x00, 0x00, 0x00, 0x00, 0x00,
    0x00, 0x00, 0x00, 0x00, 0x00, 0x00, 0x00, 0x00, 0x00, 0x00, 0x00, 0x00, 0x00, 0x00, 0x00, 0x00,
    0x00, 0x00, 0xff, 0x01, 0x00, 0x00, 0x00, 0xf8, 0xff, 0x1f, 0x00, 0x00, 0x00, 0xfc, 0xff, 0x7f,
    0x00, 0x00, 0x00, 0xff, 0xff, 0xff, 0x01, 0x00, 0x80, 0x1f, 0x38, 0xf8, 0x03, 0x00, 0x80, 0x07,
    0x38, 0xc0, 0x03, 0x00, 0xc0, 0x03, 0x38, 0x80, 0x07, 0x00, 0xc0, 0x01, 0x38, 0x00, 0x07, 0x00,
    0xc0, 0x01, 0x38, 0x00, 0x07, 0x00, 0xc0, 0x01, 0x38, 0x00, 0x07, 0x00, 0xc0, 0x01, 0x38, 0x00,
    0x07, 0x00, 0xc0, 0x03, 0x38, 0x80, 0x07, 0x00, 0x80, 0x03, 0x38, 0x80, 0x07, 0x00, 0x80, 0x0f,
    0x38, 0xe0, 0x03, 0x00, 0x00, 0x7f, 0x38, 0xfc, 0x01, 0x00, 0x00, 0xfe, 0xff, 0xff, 0x00, 0x00,
    0x00, 0xfc, 0xff, 0x7f, 0x00, 0x00, 0x00, 0xf0, 0xff, 0x1f, 0x00, 0x00, 0x00, 0x00, 0x00, 0x00,
    0x00, 0x00, 0x00, 0x00, 0x00, 0x00, 0x00, 0x00, 0x00, 0x00, 0x00, 0x00, 0x00, 0x00, 0x00, 0x00,
    0x00, 0x00, 0x00, 0x00, 0x00, 0x00, 0x00, 0x00, 0x00, 0x00, 0x00, 0x00, 0x00, 0x00, 0x00, 0x00,
    0x00, 0xc0, 0xff, 0xff, 0x01, 0x00, 0x00, 0xc0, 0xff, 0xff, 0x03, 0x00, 0x00, 0xc0, 0xff, 0xff,
    0x07, 0x00, 0x00, 0x00, 0x00, 0xc0, 0x07, 0x00, 0x00, 0x00, 0x00, 0x00, 0x07, 0x00, 0x00, 0x00,
    0x00, 0x00, 0x07, 0x00, 0x00, 0x00, 0x00, 0x00, 0x07, 0x00, 0x00, 0x00, 0x00, 0x00, 0x00, 0x00,
    0x00, 0x00, 0x00, 0x00, 0x00, 0x00, 0x00, 0x00, 0x00, 0x00, 0x00, 0x00, 0x00, 0x00, 0x00, 0x00,
    0x00, 0x00, 0x00, 0x00, 0x00, 0x00, 0x00, 0x00, 0x00, 0xc0, 0xff, 0xff, 0x07, 0x00, 0x00, 0xc0,
    0xff, 0xff, 0x07, 0x00, 0x00, 0xc0, 0xff, 0xff, 0x07, 0x00, 0x00, 0xc0, 0xff, 0xff, 0x07, 0x00,
    0x00, 0x00, 0x80, 0x03, 0x00, 0x00, 0x00, 0x00, 0x80, 0x03, 0x00, 0x00, 0x00, 0x00, 0xc0, 0x07,
    0x00, 0x00, 0x00, 0x00, 0xf0, 0x0f, 0x00, 0x00, 0x00, 0x00, 0xf8, 0x1f, 0x00, 0x00, 0x00, 0x00,
    0x7c, 0x3e, 0x00, 0x00, 0x00, 0x00, 0x3e, 0x7c, 0x00, 0x00, 0x00, 0x00, 0x1f, 0xf8, 0x01, 0x00,
    0x00, 0x80, 0x0f, 0xf0, 0x03, 0x00, 0x00, 0xc0, 0x07, 0xc0, 0x07, 0x00, 0x00, 0xc0, 0x03, 0x80,
    0x07, 0x00, 0x00, 0xc0, 0x00, 0x00, 0x07, 0x00, 0x00, 0x40, 0x00, 0x00, 0x06, 0x00, 0x00, 0x00,
    0x00, 0x00, 0x04, 0x00, 0x00, 0x00, 0x00, 0x00, 0x00, 0x00, 0x00, 0x00, 0x00, 0x00, 0x00, 0x00,
    0x00, 0x00, 0x00, 0x00, 0x00, 0x00, 0x00, 0x00, 0x00, 0x00, 0x06, 0x00, 0x00, 0x00, 0x00, 0xc0,
    0x07, 0x00, 0xe0, 0x00, 0x00, 0xf0, 0x07, 0x00, 0xe0, 0x00, 0x00, 0xfe, 0x07, 0x00, 0xe0, 0x00,
    0xc0, 0xff, 0x01, 0x00, 0xe0, 0x03, 0xf0, 0x3f, 0x00, 0x00, 0xe0, 0x0f, 0xfe, 0x07, 0x00, 0x00,
    0xc0, 0xff, 0xff, 0x01, 0x00, 0x00, 0x80, 0xff, 0x3f, 0x00, 0x00, 0x00, 0x00, 0xfc, 0x0f, 0x00,
    0x00, 0x00, 0x00, 0xf0, 0x7f, 0x00, 0x00, 0x00, 0x00, 0x80, 0xff, 0x01, 0x00, 0x00, 0x00, 0x00,
    0xfe, 0x0f, 0x00, 0x00, 0x00, 0x00, 0xf0, 0x3f, 0x00, 0x00, 0x00, 0x00, 0x80, 0xff, 0x01, 0x00,
    0x00, 0x00, 0x00, 0xfe, 0x03, 0x00, 0x00, 0x00, 0x00, 0xf0, 0x07, 0x00, 0x00, 0x00, 0x00, 0xc0,
    0x07, 0x00, 0x00, 0x00, 0x00, 0x00, 0x07, 0x00, 0x00, 0x00, 0x00, 0x00, 0x07, 0x00, 0x00, 0x00,
    0x00, 0x00, 0x00, 0x00, 0x00, 0x00, 0x00, 0x00, 0x00, 0x00, 0x00, 0x00, 0x00, 0x00, 0x00, 0x00,
    0x00, 0x00, 0x00, 0x00, 0x00, 0x00, 0x00, 0x00, 0x00, 0x00, 0x00, 0x00, 0x00, 0xc0, 0xff, 0xff,
    0xff, 0x07, 0x00, 0xc0, 0xff, 0xff, 0xff, 0x07, 0x00, 0xc0, 0xff, 0xff, 0xff, 0x07, 0x00, 0xc0,
    0xff, 0xff, 0xff, 0x07, 0x00, 0x00, 0x00, 0xc0, 0x03, 0x00, 0x00, 0x00, 0x00, 0x80, 0x07, 0x00,
    0x00, 0x00, 0x00, 0x00, 0x07, 0x00, 0x00, 0x00, 0x00, 0x00, 0x07, 0x00, 0x00, 0x00, 0x00, 0x00,
    0x07, 0x00, 0x00, 0x00, 0x00, 0x00, 0x07, 0x00, 0x00, 0x00, 0x00, 0x00, 0x07, 0x00, 0x00, 0x00,
    0x00, 0x80, 0x03, 0x00, 0x00, 0x00, 0x00, 0xc0, 0x01, 0x00, 0x00, 0xc0, 0xff, 0xff, 0x07, 0x00,
    0x00, 0xc0, 0xff, 0xff, 0x07, 0x00, 0x00, 0xc0, 0xff, 0xff, 0x07, 0x00, 0x00, 0xc0, 0xff, 0xff,
    0x07, 0x00, 0x00, 0x00, 0x00, 0x00, 0x00, 0x00, 0x00, 0x00, 0x00, 0x00, 0x00, 0x00, 0x00, 0x00,
    0x00, 0x00, 0x00, 0x00, 0x00, 0xc0, 0x00, 0x00, 0x00, 0x00, 0x00, 0xc0, 0x07, 0x00, 0x00, 0x00,
    0x00, 0xc0, 0x3f, 0x00, 0x00, 0x00, 0x00, 0xc0, 0xff, 0x01, 0x00, 0x00, 0x00, 0x00, 0xfe, 0x07,
    0x00, 0x00, 0x00, 0x00, 0xf0, 0x3f, 0x00, 0x00, 0x00, 0x00, 0x80, 0xff, 0x01, 0x00, 0x00, 0x00,
    0x00, 0xfc, 0x07, 0x00, 0x00, 0x00, 0x00, 0xe0, 0x07, 0x00, 0x00, 0x00, 0x00, 0xf0, 0x07, 0x00,
    0x00, 0x00, 0x00, 0xfe, 0x03, 0x00, 0x00, 0x00, 0xc0, 0x7f, 0x00, 0x00, 0x00, 0x00, 0xfc, 0x0f,
    0x00, 0x00, 0x00, 0x80, 0xff, 0x03, 0x00, 0x00, 0x00, 0xc0, 0x7f, 0x00, 0x00, 0x00, 0x00, 0xc0,
    0x0f, 0x00, 0x00, 0x00, 0x00, 0xc0, 0x01, 0x00, 0x00, 0x00, 0x00, 0x00, 0x00, 0x00, 0x00, 0x00,
    0x00, 0x00, 0x00, 0x00, 0x00, 0x00, 0x00, 0x00, 0x00, 0x00, 0x00, 0x00, 0x00, 0x00, 0x00, 0x00,
    0x00, 0x00, 0x00, 0x00, 0x00, 0x3f, 0x00, 0x00, 0x00, 0x70, 0xc0, 0xff, 0x00, 0x00, 0x00, 0xfc,
    0xe1, 0xff, 0x01, 0x00, 0x00, 0xfe, 0xe3, 0xff, 0x03, 0x00, 0x00, 0xff, 0xf7, 0xc0, 0x03, 0x00,
    0x00, 0x0f, 0x77, 0x80, 0x07, 0x00, 0x00, 0x07, 0x3e, 0x00, 0x07, 0x00, 0x80, 0x03, 0x1e, 0x00,
    0x07, 0x00, 0x80, 0x03, 0x1c, 0x00, 0x0e, 0x00, 0x80, 0x03, 0x1c, 0x00, 0x0e, 0x00, 0x80, 0x03,
    0x1c, 0x00, 0x0e, 0x00, 0x80, 0x03, 0x1c, 0x00, 0x0e, 0x02, 0x80, 0x03, 0x1c, 0x00, 0x9c, 0x07,
    0x80, 0x03, 0x1c, 0x00, 0xfc, 0x03, 0x80, 0x03, 0x00, 0x00, 0xfc, 0x01, 0x00, 0x01, 0x00, 0x00,
    0xf8, 0x00, 0x00, 0x00, 0x00, 0x00, 0x00, 0x00, 0x00, 0x00, 0x00, 0x00, 0x00, 0x00, 0x00, 0x00,
    0x00, 0x00, 0x00, 0x00, 0x00, 0x00, 0x00, 0x00, 0x00, 0x00, 0x00, 0x00, 0xf0, 0x1f, 0x00, 0x00,
    0x00, 0x00, 0xfc, 0x7f, 0x00, 0x00, 0x00, 0x00, 0xfe, 0xff, 0x00, 0x00, 0x00, 0x00, 0x7f, 0xfc,
    0x01, 0x00, 0x00, 0x80, 0x0f, 0xe0, 0x03, 0x00, 0x00, 0x80, 0x03, 0x80, 0x03, 0x00, 0x00, 0xc0,
    0x03, 0x80, 0x07, 0x00, 0x00, 0xc0, 0x01, 0x00, 0x07, 0x00, 0x00, 0xc0, 0x01, 0x00, 0x07, 0x00,
    0x00, 0xc0, 0x01, 0x00, 0x07, 0x00, 0x00, 0xc0, 0x01, 0x00, 0x07, 0x00, 0x00, 0xc0, 0x01, 0x00,
    0x07, 0x00, 0x00, 0xc0, 0x03, 0x80, 0x07, 0x00, 0x00, 0x80, 0x07, 0xc0, 0x03, 0x00, 0x00, 0x80,
    0x0f, 0xe0, 0x03, 0x00, 0x00, 0x00, 0xff, 0xff, 0x01, 0x00, 0x00, 0x00, 0xfe, 0xff, 0x00, 0x00,
    0x00, 0x00, 0xfc, 0x7f, 0x00, 0x00, 0x00, 0x00, 0xe0, 0x0f, 0x00, 0x00, 0x00, 0x00, 0x00, 0x00,
    0x00, 0x00, 0x00, 0x00, 0x00, 0x00, 0x00, 0x00, 0x00, 0x00, 0x00, 0x00, 0x00, 0x00, 0x00, 0xc0,
    0x01, 0x00, 0x00, 0x00, 0x00, 0xc0, 0x01, 0x00, 0x00, 0x00, 0x00, 0xc0, 0x01, 0x00, 0x00, 0x00,
    0x00, 0xc0, 0xff, 0xff, 0x07, 0x00, 0x00, 0xc0, 0xff, 0xff, 0x07, 0x00, 0x00, 0xc0, 0xff, 0xff,
    0x07, 0x00, 0x00, 0xc0, 0xff, 0xff, 0x07, 0x00, 0x00, 0xc0, 0x01, 0x00, 0x00, 0x00, 0x00, 0xc0,
    0x01, 0x00, 0x00, 0x00, 0x00, 0xc0, 0x01, 0x00, 0x00, 0x00, 0x00, 0xc0, 0x01, 0x00, 0x00, 0x00,
    0x00, 0xc0, 0x01, 0x00, 0x00, 0x00, 0x00, 0xc0, 0x01, 0x00, 0x00, 0x00, 0x00, 0xc0, 0x01, 0x00,
    0x00, 0x00, 0x00, 0xc0, 0x01, 0x00, 0x00, 0x00, 0x00, 0xc0, 0xff, 0xff, 0x01, 0x00, 0x00, 0xc0,
    0xff, 0xff, 0x03, 0x00, 0x00, 0xc0, 0xff, 0xff, 0x07, 0x00, 0x00, 0xc0, 0x01, 0x80, 0x07, 0x00,
    0x00, 0xc0, 0x01, 0x00, 0x07, 0x00, 0x00, 0xc0, 0x01, 0x00, 0x07, 0x00, 0x00, 0x00, 0x00, 0x00,
    0x07, 0x00, 0x00, 0x00, 0x00, 0x00, 0x00, 0x00, 0x00, 0x00, 0x00, 0x00, 0x00, 0x00, 0x00, 0x00,
    0x00, 0x00, 0x00, 0x00, 0x00, 0x00, 0x00, 0x00, 0x00, 0x00, 0x00, 0x00, 0x00, 0x00, 0x00, 0x00,
    0x00, 0x00, 0xf0, 0xff, 0xff, 0x07, 0x00, 0x00, 0xfc, 0xff, 0xff, 0x07, 0x00, 0x00, 0xff, 0xff,
    0xff, 0x07, 0x00, 0x00, 0x7f, 0xe0, 0x01, 0x00, 0x00, 0x80, 0x0f, 0xc0, 0x03, 0x00, 0x00, 0x80,
    0x03, 0x80, 0x03, 0x00, 0x00, 0xc0, 0x01, 0x00, 0x07, 0x00, 0x00, 0xc0, 0x01, 0x00, 0x07, 0x00,
    0x00, 0xc0, 0x01, 0x00, 0x07, 0x00, 0x00, 0xc0, 0x01, 0x00, 0x07, 0x00, 0x00, 0xc0, 0x01, 0x00,
    0x07, 0x00, 0x00, 0xc0, 0x03, 0x80, 0x07, 0x00, 0x00, 0x80, 0x07, 0xc0, 0x03, 0x00, 0x00, 0x80,
    0x1f, 0xf0, 0x03, 0x00, 0x00, 0x00, 0xff, 0xff, 0x01, 0x00, 0x00, 0x00, 0xfe, 0xff, 0x00, 0x00,
    0x00, 0x00, 0xf8, 0x7f, 0x00, 0x00, 0x00, 0x00, 0x80, 0x07, 0x00, 0x00, 0x00, 0x00, 0x00, 0x00,
    0x00, 0x00, 0x00, 0x00, 0x00, 0x00, 0x00, 0x00, 0x00, 0x00, 0x00, 0x00, 0x00, 0x00, 0x00, 0x00,
    0x00, 0x00, 0x00, 0x00, 0x00, 0x00, 0xe0, 0x1f, 0x00, 0x00, 0x00, 0x00, 0xfc, 0x3f, 0x00, 0x00,
    0x00, 0x00, 0xfe, 0xff, 0x00, 0x00, 0x00, 0x00, 0xff, 0xff, 0x00, 0x00, 0x00, 0x80, 0x0f, 0xf0,
    0x01, 0x00, 0x00, 0x80, 0x07, 0xc0, 0x03, 0x00, 0x00, 0xc0, 0x03, 0xc0, 0x03, 0x00, 0x00, 0xc0,
    0x01, 0x80, 0x03, 0x00, 0x00, 0xc0, 0x01, 0x80, 0x07, 0x00, 0x00, 0xc0, 0x01, 0x00, 0x07, 0x00,
    0x00, 0xc0, 0x01, 0x00, 0x07, 0x00, 0x00, 0xc0, 0x01, 0x00, 0x8f, 0x01, 0x00, 0x80, 0x03, 0x00,
    0xfe, 0x03, 0x00, 0x80, 0x0f, 0x00, 0xfe, 0x01, 0x00, 0x00, 0x3f, 0x00, 0xfe, 0x00, 0x00, 0x00,
    0x3f, 0x00, 0x3c, 0x00, 0x00, 0x00, 0x3c, 0x00, 0x00, 0x00, 0x00, 0x00, 0x00, 0x00, 0x00, 0x00,
    0x00, 0x00, 0x00, 0x00, 0x00, 0x00, 0x00, 0x00, 0x00, 0x00, 0x00, 0x00, 0x00, 0x00, 0x00, 0x00,
    0x00, 0x00, 0x00, 0x00, 0xf0, 0x1f, 0x00, 0x00, 0x00, 0x00, 0xfc, 0x7f, 0x00, 0x00, 0x00, 0x00,
    0xfe, 0xff, 0x00, 0x00, 0x00, 0x00, 0xff, 0xff, 0x01, 0x00, 0x00, 0x80, 0x0f, 0xe0, 0x03, 0x00,
    0x00, 0x80, 0x03, 0xc0, 0x03, 0x00, 0x00, 0xc0, 0x03, 0x80, 0x07, 0x00, 0x00, 0xc0, 0x01, 0x00,
    0x07, 0x00, 0x00, 0xc0, 0x01, 0x00, 0x07, 0x00, 0x00, 0xc0, 0x01, 0x00, 0x07, 0x00, 0x00, 0xc0,
    0x01, 0x00, 0x07, 0x00, 0x00, 0xc0, 0x01, 0x00, 0x07, 0x00, 0x00, 0xc0, 0x03, 0x80, 0x07, 0x00,
    0x00, 0xc0, 0x07, 0xc0, 0x03, 0x00, 0x00, 0xc0, 0x1f, 0xf0, 0x03, 0x00, 0x00, 0xc0, 0xff, 0xff,
    0x01, 0x00, 0x00, 0xc0, 0xfd, 0xff, 0x00, 0x00, 0x00, 0xc0, 0xf1, 0x3f, 0x00, 0x00, 0x00, 0xc0,
    0xc1, 0x0f, 0x00, 0x00, 0x00, 0xc0, 0x01, 0x00, 0x00, 0x00, 0x00, 0x00, 0x00, 0x00, 0x00, 0x00,
    0x00, 0x00, 0x00, 0x00, 0x00, 0x00, 0x00, 0x00, 0x00, 0x00, 0x00, 0x00, 0x00, 0x00, 0x00, 0x00,
    0x00, 0x00, 0x00, 0xc0, 0x01, 0x00, 0x00, 0x00, 0x00, 0xc0, 0x01, 0x00, 0x00, 0x00, 0x00, 0xc0,
    0x01, 0x00, 0x00, 0x00, 0x00, 0xc0, 0x01, 0x00, 0x00, 0x00, 0x00, 0xc0, 0x01, 0x00, 0x00, 0x00,
    0x00, 0xc0, 0x01, 0x00, 0x00, 0x00, 0x00, 0xc0, 0xff, 0x7f, 0x00, 0x00, 0x00, 0xc0, 0xff, 0xff,
    0x03, 0x00, 0x00, 0xc0, 0xff, 0xff, 0x03, 0x00, 0x00, 0xc0, 0xff, 0xff, 0x07, 0x00, 0x00, 0xc0,
    0x01, 0x80, 0x07, 0x00, 0x00, 0xc0, 0x01, 0x00, 0x07, 0x00, 0x00, 0xc0, 0x01, 0x00, 0x07, 0x00,
    0x00, 0xc0, 0x01, 0x00, 0x07, 0x00, 0x00, 0xc0, 0x01, 0x00, 0x02, 0x00, 0x00, 0xc0, 0x01, 0x00,
    0x00, 0x00, 0x00, 0xc0, 0x01, 0x00, 0x00, 0x00, 0x00, 0x00, 0x00, 0x00, 0x00, 0x00, 0x00, 0x00,
    0x00, 0x00, 0x00, 0x00, 0x00, 0x00, 0x00, 0x00, 0x00, 0x00, 0x00, 0x00, 0x00, 0x00, 0x00, 0x00,
    0x00, 0x00, 0x00, 0x00, 0x00, 0x00, 0x00, 0xc0, 0xff, 0x7f, 0x00, 0x00, 0x00, 0xc0, 0xff, 0xff,
    0x01, 0x00, 0x00, 0xc0, 0xff, 0xff, 0x03, 0x00, 0x00, 0x00, 0x00, 0xf0, 0x03, 0x00, 0x00, 0x00,
    0x00, 0x80, 0x07, 0x00, 0x00, 0x00, 0x00, 0x00, 0x07, 0x00, 0x00, 0x00, 0x00, 0x00, 0x07, 0x00,
    0x00, 0x00, 0x00, 0x00, 0x07, 0x00, 0x00, 0x00, 0x00, 0x00, 0x07, 0x00, 0x00, 0x00, 0x00, 0x00,
    0x07, 0x00, 0x00, 0x00, 0x00, 0x80, 0x07, 0x00, 0x00, 0xc0, 0x00, 0xc0, 0x03, 0x00, 0x00, 0xc0,
    0x07, 0xf0, 0x03, 0x00, 0x00, 0xc0, 0xff, 0xff, 0x01, 0x00, 0x00, 0xc0, 0xff, 0xff, 0x00, 0x00,
    0x00, 0x00, 0xff, 0x3f, 0x00, 0x00, 0x00, 0x00, 0xf0, 0x07, 0x00, 0x00, 0x00, 0x00, 0x00, 0x00,
    0x00, 0x00, 0x00, 0x00, 0x00, 0x00, 0x00, 0x00, 0x00, 0x00, 0x00, 0x00, 0x00, 0x00, 0x00, 0x00,
    0x00, 0x00, 0x00, 0x00, 0x00, 0x00, 0xf8, 0x0f, 0x00, 0x00, 0x00, 0x00, 0xfe, 0x3f, 0x00, 0x00,
    0x00, 0x00, 0xff, 0xff, 0x00, 0x00, 0x00, 0x80, 0x3f, 0xfc, 0x01, 0x00, 0x00, 0xc0, 0x07, 0xf0,
    0x01, 0x00, 0x00, 0x80, 0x03, 0xc0, 0x03, 0x00, 0x00, 0x00, 0x01, 0x80, 0x03, 0x00, 0x00, 0x00,
    0x00, 0x80, 0x07, 0x00, 0x00, 0x00, 0x00, 0x00, 0x07, 0x00, 0x00, 0x00, 0x00, 0x00, 0x07, 0x00,
    0x00, 0x00, 0xff, 0xff, 0xff, 0x0f, 0x00, 0x80, 0xff, 0xff, 0xff, 0x0f, 0x00, 0x80, 0xff, 0xff,
    0xff, 0x0f, 0x00, 0xc0, 0xff, 0xff, 0xff, 0x0f, 0x00, 0xc0, 0x01, 0x00, 0x07, 0x00, 0x00, 0xc0,
    0x01, 0x00, 0x07, 0x00, 0x00, 0xc0, 0x01, 0x80, 0x03, 0x00, 0x00, 0xc0, 0x03, 0x80, 0x03, 0x00,
    0x00, 0x80, 0x03, 0xc0, 0x03, 0x00, 0x00, 0x80, 0x0f, 0xe0, 0x01, 0x00, 0x00, 0x00, 0x3f, 0xf8,
    0x01, 0x00, 0x00, 0x00, 0xfe, 0xff, 0x00, 0x00, 0x00, 0x00, 0xfc, 0x7f, 0x00, 0x00, 0x00, 0x00,
    0xf0, 0x1f, 0x00, 0x00, 0x00, 0x00, 0x00, 0x00, 0x00, 0x00, 0x00, 0x00, 0x00, 0x00, 0x00, 0x00,
    0x00, 0x00, 0x00, 0x00, 0x00, 0x00, 0x00, 0x00, 0x00, 0x00, 0x00, 0x00, 0x00, 0xc0, 0x01, 0x00,
    0x00, 0x00, 0x00, 0xc0, 0x01, 0x00, 0x00, 0x0c, 0x00, 0xc0, 0x03, 0x00, 0x80, 0x0f, 0x00, 0xc0,
    0x07, 0x00, 0xe0, 0x0f, 0x00, 0x80, 0x0f, 0x00, 0xf8, 0x07, 0x00, 0x00, 0x7f, 0x00, 0xfe, 0x01,
    0x00, 0x00, 0xfe, 0x81, 0x7f, 0x00, 0x00, 0x00, 0xf8, 0xe7, 0x1f, 0x00, 0x00, 0x00, 0xe0, 0xff,
    0x07, 0x00, 0x00, 0x00, 0x00, 0xff, 0x01, 0x00, 0x00, 0x00, 0x80, 0xff, 0x03, 0x00, 0x00, 0x00,
    0xe0, 0xff, 0x1f, 0x00, 0x00, 0x00, 0xf8, 0xc7, 0x7f, 0x00, 0x00, 0x00, 0xfe, 0x00, 0xfe, 0x01,
    0x00, 0x80, 0x3f, 0x00, 0xf8, 0x03, 0x00, 0xc0, 0x0f, 0x00, 0xe0, 0x07, 0x00, 0xc0, 0x03, 0x00,
    0x80, 0x0f, 0x00, 0xc0, 0x00, 0x00, 0x00, 0x0f, 0x00, 0x00, 0x00, 0x00, 0x00, 0x0e, 0x00, 0x00,
    0x00, 0x00, 0x00, 0x06, 0x00, 0x00, 0x00, 0x00, 0x00, 0x00, 0x00, 0x00, 0x00, 0x00, 0x00, 0x00,
    0x00, 0x00, 0x00, 0x00, 0x00, 0x00, 0x00, 0x00, 0x00, 0x00, 0x00, 0x00, 0x00, 0xc0, 0xff, 0x0f,
    0x00, 0x00, 0x00, 0xc0, 0xff, 0x3f, 0x00, 0x00, 0x00, 0xc0, 0xff, 0xff, 0x00, 0x00, 0x00, 0x00,
    0x00, 0xff, 0x01, 0x00, 0x00, 0x00, 0x00, 0xf0, 0x01, 0x00, 0x00, 0x00, 0x00, 0xc0, 0x03, 0x00,
    0x00, 0x00, 0x00, 0x80, 0x03, 0x00, 0x00, 0x00, 0x00, 0x80, 0x03, 0x00, 0x00, 0x00, 0x00, 0x00,
    0x07, 0x00, 0x00, 0x00, 0x00, 0x00, 0x07, 0x00, 0x00, 0xc0, 0xff, 0xff, 0xff, 0x0f, 0x00, 0xc0,
    0xff, 0xff, 0xff, 0x0f, 0x00, 0xc0, 0xff, 0xff, 0xff, 0x0f, 0x00, 0xc0, 0xff, 0xff, 0xff, 0x0f,
    0x00, 0x00, 0x00, 0x00, 0x07, 0x00, 0x00, 0x00, 0x00, 0x80, 0x07, 0x00, 0x00, 0x00, 0x00, 0x80,
    0x07, 0x00, 0x00, 0x00, 0x00, 0xc0, 0x03, 0x00, 0x00, 0x40, 0x00, 0xc0, 0x03, 0x00, 0x00, 0xc0,
    0x01, 0xf0, 0x01, 0x00, 0x00, 0xc0, 0x3f, 0xfc, 0x01, 0x00, 0x00, 0xc0, 0xff, 0xff, 0x00, 0x00,
    0x00, 0x80, 0xff, 0x3f, 0x00, 0x00, 0x00, 0x00, 0xfc, 0x0f, 0x00, 0x00, 0x00, 0x00, 0x00, 0x00,
    0x00, 0x00, 0x00, 0x00, 0x00, 0x00, 0x00, 0x00, 0x00, 0x00, 0x00, 0x00, 0x00, 0x00, 0x00, 0x00,
    0x00, 0x00, 0x00, 0x00, 0x00, 0x00, 0xc0, 0x03, 0x00, 0x00, 0x00, 0x00, 0xfe, 0x3f, 0x00, 0x00,
    0x00, 0x80, 0xff, 0xff, 0x00, 0x00, 0x00, 0xc0, 0xff, 0xff, 0x01, 0x00, 0x00, 0xc0, 0x0f, 0xf0,
    0x03, 0x00, 0x00, 0xc0, 0x01, 0x80, 0x07, 0x00, 0x00, 0x40, 0x00, 0x00, 0x07, 0x00, 0x00, 0x00,
    0x00, 0x00, 0x07, 0x00, 0x00, 0x00, 0x00, 0x00, 0x07, 0x00, 0x00, 0x00, 0x00, 0x00, 0x07, 0x00,
    0x00, 0x00, 0x00, 0x80, 0x07, 0x00, 0x00, 0x00, 0x00, 0xc0, 0x03, 0x00, 0x00, 0x00, 0x00, 0xf8,
    0x01, 0x00, 0x00, 0x00, 0xf0, 0xff, 0x00, 0x00, 0x00, 0x00, 0xf0, 0x7f, 0x00, 0x00, 0x00, 0x00,
    0xf0, 0xff, 0x00, 0x00, 0x00, 0x00, 0x00, 0xf0, 0x03, 0x00, 0x00, 0x00, 0x00, 0x80, 0x03, 0x00,
    0x00, 0x00, 0x00, 0x80, 0x07, 0x00, 0x00, 0x00, 0x00, 0x00, 0x07, 0x00, 0x00, 0x00, 0x00, 0x00,
    0x07, 0x00, 0x00, 0x00, 0x00, 0x00, 0x07, 0x00, 0x00, 0x40, 0x00, 0x80, 0x07, 0x00, 0x00, 0xc0,
    0x01, 0xc0, 0x07, 0x00, 0x00, 0xc0, 0x1f, 0xf0, 0x03, 0x00, 0x00, 0xc0, 0xff, 0xff, 0x01, 0x00,
    0x00, 0x80, 0xff, 0xff, 0x00, 0x00, 0x00, 0x00, 0xfc, 0x3f, 0x00, 0x00, 0x00, 0x00, 0x80, 0x00,
    0x00, 0x00, 0x00, 0x00, 0x00, 0x00, 0x00, 0x00, 0x80, 0x03, 0x00, 0x00, 0x00, 0x00, 0x80, 0x07,
    0x00, 0x00, 0x00, 0x00, 0x80, 0x07, 0x00, 0x00, 0x00, 0x00, 0x80, 0x07, 0x00, 0x00, 0x00, 0x00,
    0x00, 0x00, 0x00, 0x00, 0x00, 0x00, 0x00, 0xc0, 0xff, 0xff, 0x01, 0x00, 0x00, 0xc0, 0xff, 0xff,
    0x03, 0x00, 0x00, 0xc0, 0xff, 0xff, 0x07, 0x00, 0x00, 0x03, 0x00, 0xc0, 0x07, 0x00, 0x80, 0x07,
    0x00, 0x00, 0x07, 0x00, 0x80, 0x07, 0x00, 0x00, 0x07, 0x00, 0x80, 0x07, 0x00, 0x00, 0x07, 0x00,
    0x00, 0x03, 0x00, 0x00, 0x00, 0x00, 0x00, 0x00, 0x00, 0x00, 0x00, 0x00, 0x00, 0x00, 0x00, 0x00,
    0x00, 0x00, 0x00, 0x00, 0x00, 0x00, 0x00, 0x00, 0x00, 0x00, 0x00, 0x00, 0x00, 0x00, 0x00, 0x00,
    0x00, 0x00, 0x00, 0x00, 0x00, 0xc0, 0xff, 0x7f, 0x00, 0x00, 0x80, 0xc3, 0xff, 0xff, 0x01, 0x00,
    0x80, 0xc7, 0xff, 0xff, 0x03, 0x00, 0x80, 0x07, 0x00, 0xf0, 0x03, 0x00, 0x80, 0x07, 0x00, 0x80,
    0x07, 0x00, 0x00, 0x00, 0x00, 0x00, 0x07, 0x00, 0x00, 0x00, 0x00, 0x00, 0x07, 0x00, 0x00, 0x00,
    0x00, 0x00, 0x07, 0x00, 0x00, 0x00, 0x00, 0x00, 0x07, 0x00, 0x00, 0x03, 0x00, 0x00, 0x07, 0x00,
    0x80, 0x07, 0x00, 0x80, 0x07, 0x00, 0x80, 0xc7, 0x00, 0xc0, 0x03, 0x00, 0x80, 0xc7, 0x07, 0xf0,
    0x03, 0x00, 0x00, 0xc3, 0xff, 0xff, 0x01, 0x00, 0x00, 0xc0, 0xff, 0xff, 0x00, 0x00, 0x00, 0x00,
    0xff, 0x3f, 0x00, 0x00, 0x00, 0x00, 0xf0, 0x07, 0x00, 0x00, 0x00, 0x00, 0x00, 0x00, 0x00, 0x00,
    0x00, 0x00, 0x00, 0x00, 0x00, 0x00, 0x00, 0x00, 0x00, 0x00, 0x00, 0x00, 0x00, 0x00, 0x00, 0x00,
    0x00, 0x00, 0x00, 0x00, 0xf0, 0x1f, 0x00, 0x00, 0x00, 0x00, 0xfc, 0x7f, 0x00, 0x00, 0x00, 0x00,
    0xfe, 0xff, 0x00, 0x00, 0x00, 0x00, 0x7f, 0xfc, 0x01, 0x00, 0x00, 0x80, 0x0f, 0xe0, 0x03, 0x00,
    0x00, 0x80, 0x03, 0x80, 0x03, 0x00, 0x00, 0xc0, 0x03, 0x80, 0x07, 0x00, 0x00, 0xc0, 0x01, 0x00,
    0x07, 0x00, 0xe0, 0xc7, 0x01, 0x00, 0x07, 0x00, 0xf0, 0xc7, 0x01, 0x00, 0x07, 0x00, 0xf0, 0xc1,
    0x01, 0x00, 0x07, 0x00, 0x30, 0xc0, 0x01, 0x00, 0x07, 0x00, 0x00, 0xc0, 0x03, 0x80, 0x07, 0x00,
    0x00, 0x80, 0x07, 0xc0, 0x03, 0x00, 0x00, 0x80, 0x0f, 0xe0, 0x03, 0x00, 0x00, 0x00, 0xff, 0xff,
    0x01, 0x00, 0x00, 0x00, 0xfe, 0xff, 0x00, 0x00, 0x00, 0x00, 0xfc, 0x7f, 0x00, 0x00, 0x00, 0x00,
    0xe0, 0x0f, 0x00, 0x00, 0x00, 0x00, 0x00, 0x00, 0x00, 0x00, 0x00, 0x00, 0x00, 0x00, 0x00, 0x00,
    0x00, 0x00, 0x00, 0x00, 0x00, 0x00, 0x00, 0x00, 0x00, 0x00, 0x00, 0x00, 0x00, 0x00, 0x00, 0x00,
    0x00, 0x00, 0x00, 0xc0, 0xff, 0x7f, 0x00, 0x00, 0x00, 0xc0, 0xff, 0xff, 0x01, 0x00, 0x00, 0xc0,
    0xff, 0xff, 0x03, 0x00, 0x00, 0x00, 0x00, 0xf0, 0x03, 0x00, 0x00, 0x00, 0x00, 0x80, 0x07, 0x00,
    0x00, 0x00, 0x00, 0x00, 0x07, 0x00, 0x00, 0x00, 0x00, 0x00, 0x07, 0x00, 0xe0, 0x07, 0x00, 0x00,
    0x07, 0x00, 0xf0, 0x07, 0x00, 0x00, 0x07, 0x00, 0xf0, 0x01, 0x00, 0x00, 0x07, 0x00, 0x30, 0x00,
    0x00, 0x80, 0x07, 0x00, 0x00, 0xc0, 0x00, 0xc0, 0x03, 0x00, 0x00, 0xc0, 0x07, 0xf0, 0x03, 0x00,
    0x00, 0xc0, 0xff, 0xff, 0x01, 0x00, 0x00, 0xc0, 0xff, 0xff, 0x00, 0x00, 0x00, 0x00, 0xff, 0x3f,
    0x00, 0x00, 0x00, 0x00, 0xf0, 0x07, 0x00, 0x00, 0x00, 0x00, 0x00, 0x00, 0x00, 0x00, 0x00, 0x00,
    0x00, 0x00, 0x00, 0x00, 0x00, 0x00, 0x00, 0x00, 0x00, 0x00, 0x00, 0x00, 0x00, 0x00, 0x00, 0x00,
    0x00, 0x00, 0xc0, 0x03, 0x00, 0x00, 0x00, 0x00, 0xfe, 0x3f, 0x00, 0x00, 0x00, 0x80, 0xff, 0xff,
    0x00, 0x00, 0x00, 0xc0, 0xff, 0xff, 0x01, 0x00, 0x00, 0xc0, 0x0f, 0xf0, 0x03, 0x00, 0x00, 0xc0,
    0x01, 0x80, 0x07, 0x00, 0x00, 0x40, 0x00, 0x00, 0x07, 0x00, 0x00, 0x00, 0x00, 0x00, 0x07, 0x00,
    0x00, 0x00, 0x00, 0x00, 0x07, 0x00, 0x00, 0x00, 0x00, 0x00, 0x07, 0x00, 0x00, 0x00, 0x00, 0x80,
    0x07, 0x00, 0x00, 0x00, 0x00, 0xc0, 0x03, 0x00, 0x00, 0x00, 0x00, 0xf8, 0x01, 0x00, 0x00, 0x00,
    0xf0, 0xff, 0x00, 0x00, 0xe0, 0x07, 0xf0, 0x7f, 0x00, 0x00, 0xf0, 0x07, 0xf0, 0xff, 0x00, 0x00,
    0xf0, 0x01, 0x00, 0xf0, 0x03, 0x00, 0x30, 0x00, 0x00, 0x80, 0x03, 0x00, 0x00, 0x00, 0x00, 0x80,
    0x07, 0x00, 0x00, 0x00, 0x00, 0x00, 0x07, 0x00, 0x00, 0x00, 0x00, 0x00, 0x07, 0x00, 0x00, 0x00,
    0x00, 0x00, 0x07, 0x00, 0x00, 0x40, 0x00, 0x80, 0x07, 0x00, 0x00, 0xc0, 0x01, 0xc0, 0x07, 0x00,
    0x00, 0xc0, 0x1f, 0xf0, 0x03, 0x00, 0x00, 0xc0, 0xff, 0xff, 0x01, 0x00, 0x00, 0x80, 0xff, 0xff,
    0x00, 0x00, 0x00, 0x00, 0xfc, 0x3f, 0x00, 0x00, 0x00, 0x00, 0x80, 0x00, 0x00, 0x00, 0x00, 0x00,
    0x00, 0x00, 0x00, 0x00, 0x00, 0x00, 0x00, 0x00, 0x00, 0x00, 0x00, 0x00, 0x00, 0x00, 0x00, 0x00,
    0x00, 0x00, 0x00, 0x00, 0x00, 0x00, 0x00, 0x00, 0xf0, 0x0f, 0x00, 0x00, 0x00, 0x00, 0xf0, 0x7f,
    0x00, 0x00, 0x00, 0x00, 0xf0, 0xff, 0x00, 0x00, 0x00, 0x00, 0xf0, 0xff, 0x01, 0x00, 0x00, 0x30,
    0x00, 0xe0, 0x03, 0x00, 0x00, 0xfe, 0x01, 0x80, 0x03, 0x00, 0x00, 0xff, 0x07, 0x80, 0x07, 0x00,
    0x80, 0xff, 0x0f, 0x00, 0x07, 0x00, 0xc0, 0x87, 0x1f, 0x00, 0x07, 0x00, 0xc0, 0x01, 0x1e, 0x00,
    0x07, 0x00, 0xc0, 0x01, 0x3c, 0x00, 0x07, 0x00, 0xc0, 0x01, 0x38, 0x80, 0x07, 0x00, 0xc0, 0x01,
    0x78, 0x80, 0x03, 0x00, 0xc0, 0x07, 0x70, 0xe0, 0x03, 0x00, 0x80, 0xff, 0xff, 0xff, 0x01, 0x00,
    0x00, 0xff, 0xff, 0xff, 0x01, 0x00, 0x00, 0xfe, 0xff, 0x7f, 0x00, 0x00, 0x00, 0xf0, 0xff, 0x0f,
    0x00, 0x00, 0x00, 0x00, 0x70, 0x00, 0x00, 0x00, 0x00, 0x00, 0x70, 0x00, 0x00, 0x00, 0x00, 0x00,
    0x00, 0x00, 0x00, 0x00, 0x80, 0x01, 0x00, 0x00, 0x00, 0x00, 0x80, 0x03, 0x00, 0x00, 0x00, 0x00,
    0x80, 0x03, 0x00, 0x00, 0x00, 0x00, 0x80, 0x07, 0x00, 0x00, 0x00, 0x00, 0x80, 0x1f, 0x00, 0x00,
    0x00, 0x00, 0x00, 0x7f, 0x00, 0x00, 0x00, 0x00, 0x00, 0xfe, 0x01, 0x00, 0x00, 0x00, 0x00, 0xf8,
    0x07, 0x00, 0x00, 0x00, 0x00, 0xe0, 0x1f, 0x00, 0x00, 0x00, 0x00, 0x80, 0x7f, 0x00, 0x00, 0x00,
    0x00, 0x00, 0xfe, 0xff, 0x07, 0x00, 0x00, 0x00, 0xf8, 0xff, 0x07, 0x00, 0x00, 0x00, 0xfc, 0xff,
    0x07, 0x00, 0x00, 0x00, 0xff, 0xff, 0x07, 0x00, 0x00, 0xc0, 0x3f, 0x00, 0x00, 0x00, 0x00, 0xf0,
    0x0f, 0x00, 0x00, 0x00, 0x00, 0xfc, 0x03, 0x00, 0x00, 0x00, 0x00, 0xff, 0x00, 0x00, 0x00, 0x00,
    0x80, 0x3f, 0x00, 0x00, 0x00, 0x00, 0x80, 0x0f, 0x00, 0x00, 0x00, 0x00, 0x80, 0x07, 0x00, 0x00,
    0x00, 0x00, 0x80, 0x03, 0x00, 0x00, 0x00, 0x00, 0x80, 0x03, 0x00, 0x00, 0x00, 0x00, 0x00, 0x00,
    0x00, 0x00, 0x00, 0x00, 0x00, 0x00, 0x00, 0x00, 0x00, 0x00, 0x00, 0x00, 0x00, 0x00, 0x00, 0x00,
    0x00, 0xc0, 0x01, 0x00, 0x00, 0x00, 0x00, 0xc0, 0xc1, 0x03, 0x00, 0x00, 0x00, 0xc0, 0xff, 0x3f,
    0x00, 0x00, 0x00, 0xc0, 0xff, 0xff, 0x00, 0x00, 0x00, 0xc0, 0xff, 0xff, 0x03, 0x00, 0x00, 0xc0,
    0x0f, 0xf0, 0x03, 0x00, 0x00, 0xc0, 0x01, 0x80, 0x07, 0x00, 0x00, 0xc0, 0x01, 0x00, 0x07, 0x00,
    0x00, 0xc0, 0x01, 0x00, 0x07, 0x00, 0x00, 0xc0, 0x01, 0x00, 0x07, 0x00, 0x00, 0xc0, 0x01, 0x00,
    0x07, 0x00, 0x00, 0xc0, 0x01, 0x80, 0x03, 0x00, 0x00, 0xc0, 0x01, 0xe0, 0x03, 0x00, 0x00, 0xc0,
    0xf1, 0xff, 0x01, 0x00, 0x00, 0xc0, 0xf1, 0x7f, 0x00, 0x00, 0x00, 0xc0, 0xf1, 0xff, 0x00, 0x00,
    0x00, 0xc0, 0xf1, 0xff, 0x01, 0x00, 0x00, 0xc0, 0x01, 0xc0, 0x03, 0x00, 0x00, 0xc0, 0x01, 0x80,
    0x07, 0x00, 0x00, 0xc0, 0x01, 0x00, 0x07, 0x00, 0x00, 0xc0, 0x01, 0x00, 0x07, 0x00, 0x00, 0xc0,
    0x01, 0x00, 0x07, 0x00, 0x00, 0xc0, 0x01, 0x80, 0x07, 0x00, 0x00, 0xc0, 0x03, 0xc0, 0x07, 0x00,
    0x00, 0xc0, 0xff, 0xff, 0x03, 0x00, 0x00, 0xc0, 0xff, 0xff, 0x01, 0x00, 0x00, 0xc0, 0xff, 0xff,
    0x00, 0x00, 0x00, 0xc0, 0xf9, 0x1f, 0x00, 0x00, 0x00, 0xc0, 0x01, 0x00, 0x00, 0x00, 0x00, 0xc0,
    0x01, 0x00, 0x00, 0x00,
};

static const uint16_t mf_bwfont_Roboto_Regular40bw_glyph_offsets_12[84] PROGMEM = {
    0x0000, 0x000a, 0x001e, 0x0039, 0x0042, 0x005b, 0x0078, 0x0083,
    0x0083, 0x009e, 0x009e, 0x00b9, 0x00d3, 0x00e3, 0x00fe, 0x0117,
    0x012e, 0x014b, 0x0162, 0x017a, 0x0195, 0x01b0, 0x01b9, 0x01d4,
    0x01ef, 0x0211, 0x022c, 0x0243, 0x025e, 0x0279, 0x0293, 0x0293,
    0x02aa, 0x02c3, 0x02dc, 0x02f9, 0x0313, 0x032f, 0x0349, 0x0357,
    0x0370, 0x0388, 0x039e, 0x03b4, 0x03c1, 0x03d7, 0x03ef, 0x0407,
    0x041c, 0x0433, 0x0449, 0x045e, 0x0474, 0x048a, 0x0497, 0x04ae,
    0x04c5, 0x04db, 0x04ef, 0x0503, 0x051a, 0x0533, 0x054a, 0x055f,
    0x0577, 0x058c, 0x05a2, 0x05be, 0x05d6, 0x05f2, 0x0613, 0x0621,
    0x0637, 0x064e, 0x0664, 0x0685, 0x0685, 0x0685, 0x069d, 0x06b5,
    0x06b5, 0x06b5, 0x06b5, 0x06d6,
};

static const uint8_t mf_bwfont_Roboto_Regular40bw_glyph_widths_12[83] PROGMEM = {
    0x0a, 0x14, 0x1a, 0x0a, 0x19, 0x1e, 0x0d, 0x00, 0x1c, 0x00, 0x1a, 0x1b, 0x0d, 0x1a, 0x19, 0x16,
    0x1c, 0x17, 0x18, 0x1d, 0x1b, 0x0b, 0x19, 0x1a, 0x23, 0x1d, 0x17, 0x1c, 0x1d, 0x19, 0x00, 0x17,
    0x18, 0x18, 0x1d, 0x19, 0x1c, 0x1b, 0x0b, 0x18, 0x17, 0x16, 0x17, 0x0d, 0x16, 0x17, 0x18, 0x14,
    0x17, 0x16, 0x15, 0x17, 0x17, 0x0d, 0x16, 0x16, 0x17, 0x13, 0x14, 0x17, 0x18, 0x17, 0x16, 0x17,
    0x15, 0x16, 0x1c, 0x16, 0x1c, 0x21, 0x0d, 0x16, 0x17, 0x16, 0x21, 0x00, 0x00, 0x17, 0x15, 0x00,
    0x00, 0x00, 0x1f,
};

static const uint8_t mf_bwfont_Roboto_Regular40bw_glyph_data_13[18726] PROGMEM = {
    0x00, 0x00, 0x00, 0x00, 0x00, 0x00, 0x00, 0x00, 0x00, 0x00, 0x00, 0x00, 0x00, 0x00, 0x00, 0x00,
    0x00, 0x00, 0x00, 0x00, 0x00, 0x00, 0x00, 0x00, 0x00, 0xfc, 0xff, 0xff, 0x3f, 0x00, 0x00, 0xfc,
    0xff, 0xff, 0x3f, 0x00, 0x00, 0xfc, 0xff, 0xff, 0x3f, 0x00, 0x00, 0xfc, 0xff, 0xff, 0x3f, 0x00,
    0x0c, 0x1c, 0xc0, 0x01, 0x38, 0x00, 0x1c, 0x1c, 0xc0, 0x01, 0x38, 0x00, 0x3c, 0x1c, 0xc0, 0x01,
    0x38, 0x00, 0x7c, 0x1c, 0xc0, 0x01, 0x38, 0x00, 0xf0, 0x1c, 0xc0, 0x01, 0x38, 0x00, 0xe0, 0x1c,
    0xc0, 0x01, 0x38, 0x00, 0x80, 0x1c, 0xc0, 0x01, 0x38, 0x00, 0x00, 0x1c, 0xc0, 0x01, 0x38, 0x00,
    0x00, 0x1c, 0xc0, 0x01, 0x38, 0x00, 0x00, 0x1c, 0xc0, 0x01, 0x38, 0x00, 0x00, 0x1c, 0xc0, 0x01,
    0x38, 0x00, 0x00, 0x1c, 0xc0, 0x01, 0x38, 0x00, 0x00, 0x1c, 0x00, 0x00, 0x38, 0x00, 0x00, 0x1c,
    0x00, 0x00, 0x38, 0x00, 0x00, 0x00, 0x00, 0x00, 0x00, 0x00, 0x00, 0x00, 0x00, 0x00, 0x00, 0x00,
    0x00, 0x00, 0x00, 0x00, 0x00, 0x00, 0x00, 0x00, 0x00, 0x00, 0x00, 0x00, 0x00, 0xfc, 0xff, 0xff,
    0x3f, 0x00, 0x00, 0xfc, 0xff, 0xff, 0x3f, 0x00, 0x00, 0xfc, 0xff, 0xff, 0x3f, 0x00, 0x38, 0xfc,
    0xff, 0xff, 0x3f, 0x00, 0x78, 0x1c, 0xc0, 0x01, 0x38, 0x00, 0x78, 0x1c, 0xc0, 0x01, 0x38, 0x00,
    0x78, 0x1c, 0xc0, 0x01, 0x38, 0x00, 0x00, 0x1c, 0xc0, 0x01, 0x38, 0x00, 0x00, 0x1c, 0xc0, 0x01,
    0x38, 0x00, 0x00, 0x1c, 0xc0, 0x01, 0x38, 0x00, 0x00, 0x1c, 0xc0, 0x01, 0x38, 0x00, 0x30, 0x1c,
    0xc0, 0x01, 0x38, 0x00, 0x78, 0x1c, 0xc0, 0x01, 0x38, 0x00, 0x78, 0x1c, 0xc0, 0x01, 0x38, 0x00,
    0x78, 0x1c, 0xc0, 0x01, 0x38, 0x00, 0x30, 0x1c, 0xc0, 0x01, 0x38, 0x00, 0x00, 0x1c, 0x00, 0x00,
    0x38, 0x00, 0x00, 0x1c, 0x00, 0x00, 0x38, 0x00, 0x00, 0x00, 0x00, 0x00, 0x00, 0x00, 0x00, 0x00,
    0x00, 0x00, 0x00, 0x00, 0x00, 0x1c, 0x00, 0x00, 0x00, 0x00, 0x00, 0x1c, 0x00, 0x00, 0x00, 0x00,
    0x00, 0x1c, 0x00, 0x00, 0x00, 0x00, 0x00, 0x1c, 0x00, 0x00, 0x00, 0x00, 0x00, 0x1c, 0x00, 0x00,
    0x00, 0x00, 0x00, 0x1c, 0x00, 0x00, 0x00, 0x00, 0x00, 0x1c, 0x00, 0x00, 0x00, 0x00, 0x00, 0x1c,
    0x00, 0x00, 0x00, 0x00, 0x00, 0xfc, 0xff, 0xff, 0x3f, 0x00, 0x00, 0xfc, 0xff, 0xff, 0x3f, 0x00,
    0x00, 0xfc, 0xff, 0xff, 0x3f, 0x00, 0x00, 0xfc, 0xff, 0xff, 0x3f, 0x00, 0x00, 0x1c, 0xc0, 0x01,
    0x00, 0x00, 0x00, 0x1c, 0xe0, 0x01, 0x00, 0x00, 0x00, 0x1c, 0xe0, 0x00, 0x00, 0x00, 0x00, 0x1c,
    0xe0, 0x00, 0x00, 0x00, 0x00, 0x1c, 0xe0, 0x00, 0x00, 0x00, 0x00, 0x1c, 0xe0, 0x00, 0x00, 0x00,
    0x00, 0x1c, 0xe0, 0x00, 0x38, 0x00, 0x00, 0x1c, 0xe0, 0x00, 0x38, 0x00, 0x00, 0x1c, 0xe0, 0x01,
    0x38, 0x00, 0x00, 0x1c, 0xc0, 0x01, 0x3c, 0x00, 0x00, 0x00, 0xc0, 0x03, 0x1c, 0x00, 0x00, 0x00,
    0xc0, 0x8f, 0x1f, 0x00, 0x00, 0x00, 0x80, 0xff, 0x0f, 0x00, 0x00, 0x00, 0x00, 0xff, 0x07, 0x00,
    0x00, 0x00, 0x00, 0xfe, 0x03, 0x00, 0x00, 0x00, 0x00, 0x00, 0x00, 0x00, 0x00, 0x00, 0x00, 0x00,
    0x00, 0x00, 0x00, 0x00, 0x00, 0x00, 0x00, 0x00, 0x00, 0x00, 0x00, 0x00, 0x00, 0x00, 0x00, 0xfc,
    0xff, 0xff, 0x3f, 0x00, 0x00, 0xfc, 0xff, 0xff, 0x3f, 0x00, 0x00, 0xfc, 0xff, 0xff, 0x3f, 0x00,
    0x00, 0xfc, 0xff, 0xff, 0x3f, 0x00, 0x00, 0x1c, 0x00, 0x00, 0x00, 0x00, 0x00, 0x1c, 0x00, 0x00,
    0x00, 0x00, 0x00, 0x1c, 0x00, 0x00, 0x00, 0x00, 0x00, 0x1c, 0x00, 0x00, 0x00, 0x00, 0xc0, 0x1c,
    0x00, 0x00, 0x00, 0x00, 0xe0, 0x1c, 0x00, 0x00, 0x00, 0x00, 0xf8, 0x1c, 0x00, 0x00, 0x00, 0x00,
    0x7c, 0x1c, 0x00, 0x00, 0x00, 0x00, 0x3c, 0x1c, 0x00, 0x00, 0x00, 0x00, 0x0c, 0x1c, 0x00, 0x00,
    0x00, 0x00, 0x04, 0x1c, 0x00, 0x00, 0x00, 0x00, 0x00, 0x1c, 0x00, 0x00, 0x00, 0x00, 0x00, 0x1c,
    0x00, 0x00, 0x00, 0x00, 0x00, 0x1c, 0x00, 0x00, 0x00, 0x00, 0x00, 0x00, 0x00, 0x00, 0x00, 0x00,
    0x00, 0x00, 0x00, 0x00, 0x00, 0x00, 0x00, 0x00, 0x00, 0x00, 0x00, 0x00, 0x00, 0x00, 0xe0, 0x0f,
    0x00, 0x00, 0x00, 0x00, 0xfe, 0xff, 0x00, 0x00, 0x00, 0x80, 0xff, 0xff, 0x01, 0x00, 0x00, 0xe0,
    0xff, 0xff, 0x07, 0x00, 0x00, 0xf0, 0xc7, 0xf1, 0x0f, 0x00, 0x00, 0xf0, 0xc1, 0x81, 0x0f, 0x00,
    0x00, 0x78, 0xc0, 0x01, 0x1e, 0x00, 0x00, 0x38, 0xc0, 0x01, 0x1c, 0x00, 0x00, 0x3c, 0xc0, 0x01,
    0x3c, 0x00, 0x00, 0x1c, 0xc0, 0x01, 0x38, 0x00, 0x00, 0x1c, 0xc0, 0x01, 0x38, 0x00, 0x00, 0x1c,
    0xc0, 0x01, 0x38, 0x00, 0x00, 0x1c, 0xc0, 0x01, 0x38, 0x00, 0x00, 0x1c, 0xc0, 0x01, 0x38, 0x00,
    0x00, 0x3c, 0xc0, 0x01, 0x38, 0x00, 0x00, 0x3c, 0x00, 0x00, 0x1c, 0x00, 0x00, 0x78, 0x00, 0x00,
    0x1e, 0x00, 0x00, 0xf8, 0x00, 0x00, 0x1f, 0x00, 0x00, 0xf0, 0x0f, 0xe0, 0x0f, 0x00, 0x00, 0xe0,
    0x0f, 0xe0, 0x07, 0x00, 0x00, 0xc0, 0x0f, 0xe0, 0x03, 0x00, 0x00, 0x00, 0x0f, 0xe0, 0x00, 0x00,
    0x00, 0x00, 0x00, 0x00, 0x00, 0x00, 0x00, 0x00, 0x00, 0x00, 0x00, 0x00, 0x00, 0x00, 0x00, 0x00,
    0x00, 0x00, 0x00, 0x00, 0x02, 0xe0, 0x01, 0x00, 0x00, 0xc0, 0x1f, 0xe0, 0x03, 0x00, 0x00, 0xe0,
    0x3f, 0xe0, 0x07, 0x00, 0x00, 0xf0, 0x7f, 0x80, 0x0f, 0x00, 0x00, 0xf8, 0x78, 0x00, 0x1e, 0x00,
    0x00, 0x38, 0xf0, 0x00, 0x1c, 0x00, 0x00, 0x3c, 0xe0, 0x00, 0x1c, 0x00, 0x00, 0x1c, 0xe0, 0x01,
    0x38, 0x00, 0x00, 0x1c, 0xc0, 0x01, 0x38, 0x00, 0x00, 0x1c, 0xc0, 0x01, 0x38, 0x00, 0x00, 0x1c,
    0xc0, 0x03, 0x38, 0x00, 0x00, 0x1c, 0x80, 0x03, 0x38, 0x00, 0x00, 0x1c, 0x80, 0x03, 0x38, 0x00,
    0x00, 0x3c, 0x80, 0x07, 0x3c, 0x00, 0x00, 0x38, 0x00, 0x07, 0x1c, 0x00, 0x00, 0xf8, 0x00, 0x0f,
    0x1e, 0x00, 0x00, 0xf0, 0x07, 0xfe, 0x1f, 0x00, 0x00, 0xe0, 0x07, 0xfe, 0x0f, 0x00, 0x00, 0xc0,
    0x07, 0xfc, 0x07, 0x00, 0x00, 0x00, 0x07, 0xf8, 0x03, 0x00, 0x00, 0x00, 0x00, 0x00, 0x00, 0x00,
    0x00, 0x00, 0x00, 0x00, 0x00, 0x00, 0x00, 0x00, 0x00, 0x00, 0x00, 0x00, 0x00, 0x00, 0x00, 0x00,
    0x00, 0x00, 0x00, 0x00, 0x00, 0x00, 0x00, 0x00, 0x00, 0xfc, 0xff, 0xff, 0x3f, 0x00, 0x00, 0xfc,
    0xff, 0xff, 0x3f, 0x00, 0x00, 0xfc, 0xff, 0xff, 0x3f, 0x00, 0x38, 0x00, 0x00, 0x00, 0x00, 0x00,
    0x78, 0x00, 0x00, 0x00, 0x00, 0x00, 0x78, 0x00, 0x00, 0x00, 0x00, 0x00, 0x78, 0x00, 0x00, 0x00,
    0x00, 0x00, 0x00, 0x00, 0x00, 0x00, 0x00, 0x00, 0x00, 0xfc, 0xff, 0xff, 0x3f, 0x00, 0x00, 0xfc,
    0xff, 0xff, 0x3f, 0x00, 0x00, 0xfc, 0xff, 0xff, 0x3f, 0x00, 0x30, 0x00, 0x00, 0x00, 0x00, 0x00,
    0x78, 0x00, 0x00, 0x00, 0x00, 0x00, 0x78, 0x00, 0x00, 0x00, 0x00, 0x00, 0x78, 0x00, 0x00, 0x00,
    0x00, 0x00, 0x30, 0x00, 0x00, 0x00, 0x00, 0x00, 0x00, 0x00, 0x00, 0x00, 0x00, 0x00, 0x00, 0x00,
    0x00, 0x00, 0x00, 0x00, 0x00, 0x00, 0x00, 0xc0, 0x01, 0x00, 0x00, 0x00, 0x00, 0xc0, 0x07, 0x00,
    0x00, 0x00, 0x00, 0xc0, 0x0f, 0x00, 0x00, 0x00, 0x00, 0xc0, 0x1f, 0x00, 0x00, 0x00, 0x00, 0x00,
    0x1e, 0x00, 0x00, 0x00, 0x00, 0x00, 0x3c, 0x00, 0x00, 0x00, 0x00, 0x00, 0x3c, 0x00, 0x00, 0x00,
    0x00, 0x00, 0x38, 0x00, 0x00, 0x00, 0x00, 0x00, 0x38, 0x00, 0x00, 0x00, 0x00, 0x00, 0x38, 0x00,
    0x00, 0x00, 0x00, 0x00, 0x38, 0x00, 0x00, 0x00, 0x00, 0x00, 0x3c, 0x00, 0x00, 0x00, 0x00, 0x00,
    0x1c, 0x00, 0x00, 0x00, 0x00, 0x00, 0x1e, 0x00, 0x00, 0xfc, 0xff, 0xff, 0x1f, 0x00, 0x00, 0xfc,
    0xff, 0xff, 0x0f, 0x00, 0x00, 0xfc, 0xff, 0xff, 0x07, 0x00, 0x00, 0xfc, 0xff, 0xff, 0x01, 0x00,
    0x00, 0x00, 0x00, 0x00, 0x00, 0x00, 0x00, 0x00, 0x00, 0x00, 0x00, 0x00, 0x00, 0x00, 0x00, 0x00,
    0x38, 0x00, 0x00, 0x00, 0x00, 0x00, 0x38, 0x00, 0x00, 0x00, 0x00, 0x00, 0x3c, 0x00, 0x00, 0x00,
    0x00, 0x00, 0x3c, 0x00, 0x00, 0x00, 0x00, 0x00, 0x1f, 0x00, 0x00, 0x00, 0x00, 0xf8, 0x1f, 0x00,
    0x00, 0xfc, 0xff, 0xff, 0x0f, 0x00, 0x00, 0xfc, 0xff, 0xff, 0x03, 0x00, 0x00, 0xfc, 0xff, 0x7f,
    0x00, 0x00, 0x00, 0xfc, 0x7f, 0x00, 0x00, 0x00, 0x00, 0x1c, 0x00, 0x00, 0x00, 0x00, 0x00, 0x1c,
    0x00, 0x00, 0x00, 0x00, 0x00, 0x1c, 0x00, 0x00, 0x00, 0x00, 0x00, 0x1c, 0x00, 0x00, 0x00, 0x00,
    0x00, 0x1c, 0x00, 0x00, 0x00, 0x00, 0x00, 0x1c, 0x00, 0x00, 0x00, 0x00, 0x00, 0x1c, 0x00, 0x00,
    0x00, 0x00, 0x00, 0x1c, 0x00, 0x00, 0x00, 0x00, 0x00, 0x1c, 0x00, 0x00, 0x00, 0x00, 0x00, 0x1c,
    0x00, 0x00, 0x00, 0x00, 0x00, 0xfc, 0xff, 0xff, 0x3f, 0x00, 0x00, 0xfc, 0xff, 0xff, 0x3f, 0x00,
    0x00, 0xfc, 0xff, 0xff, 0x3f, 0x00, 0x00, 0xfc, 0xff, 0xff, 0x3f, 0x00, 0x00, 0x00, 0xe0, 0x00,
    0x38, 0x00, 0x00, 0x00, 0xe0, 0x00, 0x38, 0x00, 0x00, 0x00, 0xe0, 0x00, 0x38, 0x00, 0x00, 0x00,
    0xe0, 0x00, 0x38, 0x00, 0x00, 0x00, 0xe0, 0x00, 0x38, 0x00, 0x00, 0x00, 0xe0, 0x00, 0x38, 0x00,
    0x00, 0x00, 0xe0, 0x00, 0x38, 0x00, 0x00, 0x00, 0xe0, 0x00, 0x38, 0x00, 0x00, 0x00, 0xe0, 0x00,
    0x38, 0x00, 0x00, 0x00, 0xe0, 0x01, 0x3c, 0x00, 0x00, 0x00, 0xc0, 0x01, 0x1c, 0x00, 0x00, 0x00,
    0xc0, 0x03, 0x1e, 0x00, 0x00, 0x00, 0x80, 0xff, 0x1f, 0x00, 0x00, 0x00, 0x80, 0xff, 0x0f, 0x00,
    0x00, 0x00, 0x00, 0xff, 0x07, 0x00, 0x00, 0x00, 0x00, 0xfc, 0x01, 0x00, 0x00, 0x00, 0x00, 0x00,
    0x00, 0x00, 0x00, 0x00, 0x00, 0x00, 0x00, 0x00, 0x00, 0x00, 0x00, 0x00, 0x00, 0x00, 0x00, 0x00,
    0x00, 0x00, 0x00, 0x00, 0x00, 0xfc, 0xff, 0xff, 0x3f, 0x00, 0x00, 0xfc, 0xff, 0xff, 0x3f, 0x00,
    0x00, 0xfc, 0xff, 0xff, 0x3f, 0x00, 0x00, 0xfc, 0xff, 0xff, 0x3f, 0x00, 0x00, 0x00, 0xc0, 0x01,
    0x00, 0x00, 0x00, 0x00, 0xc0, 0x01, 0x00, 0x00, 0x00, 0x00, 0xc0, 0x01, 0x00, 0x00, 0x00, 0x00,
    0xc0, 0x01, 0x00, 0x00, 0x00, 0x00, 0xc0, 0x01, 0x00, 0x00, 0x00, 0x00, 0xc0, 0x01, 0x00, 0x00,
    0x00, 0x00, 0xc0, 0x01, 0x00, 0x00, 0x00, 0x00, 0xc0, 0x01, 0x00, 0x00, 0x00, 0x00, 0xc0, 0x01,
    0x00, 0x00, 0x00, 0x00, 0xc0, 0x01, 0x00, 0x00, 0x00, 0x00, 0xc0, 0x01, 0x00, 0x00, 0x00, 0x00,
    0xc0, 0x01, 0x00, 0x00, 0x00, 0x00, 0xc0, 0x01, 0x00, 0x00, 0x00, 0x00, 0xc0, 0x01, 0x00, 0x00,
    0x00, 0xfc, 0xff, 0xff, 0x3f, 0x00, 0x00, 0xfc, 0xff, 0xff, 0x3f, 0x00, 0x00, 0xfc, 0xff, 0xff,
    0x3f, 0x00, 0x00, 0xfc, 0xff, 0xff, 0x3f, 0x00, 0x00, 0x00, 0xc0, 0x01, 0x38, 0x00, 0x00, 0x00,
    0xc0, 0x01, 0x38, 0x00, 0x00, 0x00, 0xc0, 0x01, 0x38, 0x00, 0x00, 0x00, 0xc0, 0x01, 0x38, 0x00,
    0x00, 0x00, 0xc0, 0x01, 0x38, 0x00, 0x00, 0x00, 0xc0, 0x01, 0x38, 0x00, 0x00, 0x00, 0xc0, 0x01,
    0x38, 0x00, 0x00, 0x00, 0xc0, 0x01, 0x38, 0x00, 0x00, 0x00, 0xc0, 0x01, 0x38, 0x00, 0x00, 0x00,
    0xc0, 0x01, 0x3c, 0x00, 0x00, 0x00, 0xc0, 0x03, 0x3c, 0x00, 0x00, 0x00, 0x80, 0x07, 0x1e, 0x00,
    0x00, 0x00, 0x80, 0x8f, 0x1f, 0x00, 0x00, 0x00, 0x00, 0xff, 0x0f, 0x00, 0x00, 0x00, 0x00, 0xfe,
    0x07, 0x00, 0x00, 0x00, 0x00, 0xfc, 0x03, 0x00, 0x00, 0x00, 0x00, 0x00, 0x00, 0x00, 0x00, 0x00,
    0x00, 0x00, 0x00, 0x00, 0x00, 0x1c, 0x00, 0x00, 0x00, 0x00, 0x00, 0x1c, 0x00, 0x00, 0x00, 0x00,
    0x00, 0x1c, 0x00, 0x00, 0x00, 0x00, 0x00, 0x1c, 0x00, 0x00, 0x00, 0x00, 0x00, 0x1c, 0x00, 0x00,
    0x00, 0x00, 0x00, 0x1c, 0x00, 0x00, 0x00, 0x00, 0x00, 0x1c, 0x00, 0x00, 0x00, 0x00, 0x00, 0x1c,
    0x00, 0x00, 0x00, 0x00, 0x00, 0xfc, 0xff, 0xff, 0x3f, 0x00, 0x00, 0xfc, 0xff, 0xff, 0x3f, 0x00,
    0x00, 0xfc, 0xff, 0xff, 0x3f, 0x00, 0x00, 0xfc, 0xff, 0xff, 0x3f, 0x00, 0x00, 0x1c, 0xc0, 0x01,
    0x00, 0x00, 0x00, 0x1c, 0xe0, 0x01, 0x00, 0x00, 0x00, 0x1c, 0xe0, 0x00, 0x00, 0x00, 0x00, 0x1c,
    0xe0, 0x00, 0x00, 0x00, 0x00, 0x1c, 0xe0, 0x00, 0x00, 0x00, 0x00, 0x1c, 0xe0, 0x00, 0x00, 0x00,
    0x00, 0x1c, 0xe0, 0x00, 0x00, 0x00, 0x00, 0x1c, 0xe0, 0x00, 0x00, 0x00, 0x00, 0x1c, 0xe0, 0x00,
    0x00, 0x00, 0x00, 0x1c, 0xe0, 0x01, 0x00, 0x00, 0x00, 0x00, 0xe0, 0x01, 0x00, 0x00, 0x00, 0x00,
    0xc0, 0x03, 0x00, 0x00, 0x00, 0x00, 0xc0, 0xff, 0x3f, 0x00, 0x00, 0x00, 0x80, 0xff, 0x3f, 0x00,
    0x00, 0x00, 0x00, 0xff, 0x3f, 0x00, 0x00, 0x00, 0x00, 0xfc, 0x3f, 0x00, 0x00, 0x00, 0x00, 0x00,
    0x00, 0x00, 0x00, 0x00, 0x00, 0x00, 0x00, 0x00, 0x00, 0x00, 0x00, 0x00, 0x00, 0x00, 0x00, 0x00,
    0x00, 0x00, 0x00, 0x00, 0x00, 0xfc, 0xff, 0xff, 0x3f, 0x00, 0x00, 0xfc, 0xff, 0xff, 0x3f, 0x00,
    0x00, 0xfc, 0xff, 0xff, 0x3f, 0x00, 0x00, 0xfc, 0xff, 0xff, 0x3f, 0x00, 0x00, 0x00, 0x80, 0x0f,
    0x00, 0x00, 0x00, 0x00, 0xc0, 0x07, 0x00, 0x00, 0x00, 0x00, 0xe0, 0x03, 0x00, 0x00, 0xc0, 0x00,
    0xf0, 0x01, 0x00, 0x00, 0xe0, 0x00, 0xf8, 0x03, 0x00, 0x00, 0xf8, 0x00, 0xfc, 0x07, 0x00, 0x00,
    0x7c, 0x00, 0xbe, 0x1f, 0x00, 0x00, 0x3c, 0x00, 0x1f, 0x3f, 0x00, 0x00, 0x0c, 0x80, 0x0f, 0x7c,
    0x00, 0x00, 0x04, 0xe0, 0x07, 0xf8, 0x01, 0x00, 0x00, 0xf0, 0x01, 0xf0, 0x03, 0x00, 0x00, 0xf8,
    0x00, 0xe0, 0x07, 0x00, 0x00, 0x7c, 0x00, 0x80, 0x1f, 0x00, 0x00, 0x3c, 0x00, 0x00, 0x3f, 0x00,
    0x00, 0x1c, 0x00, 0x00, 0x3e, 0x00, 0x00, 0x0c, 0x00, 0x00, 0x38, 0x00, 0x00, 0x04, 0x00, 0x00,
    0x30, 0x00, 0x00, 0x00, 0x00, 0x00, 0x20, 0x00, 0x00, 0x00, 0x00, 0x00, 0x00, 0x00, 0x00, 0x00,
    0x00, 0x00, 0x00, 0x00, 0x00, 0x00, 0x00, 0x00, 0x00, 0x00, 0x00, 0x00, 0x00, 0x00, 0x00, 0x00,
    0x00, 0xfc, 0xff, 0xff, 0x3f, 0x00, 0x00, 0xfc, 0xff, 0xff, 0x3f, 0x00, 0x00, 0xfc, 0xff, 0xff,
    0x3f, 0x00, 0x00, 0xfc, 0xff, 0xff, 0x3f, 0x00, 0x00, 0x00, 0x00, 0x80, 0x3f, 0x00, 0x00, 0x00,
    0x00, 0xc0, 0x0f, 0x00, 0x0c, 0x00, 0x00, 0xf0, 0x07, 0x00, 0x1c, 0x00, 0x00, 0xf8, 0x01, 0x00,
    0x3c, 0x00, 0x00, 0x7e, 0x00, 0x00, 0x7c, 0x00, 0x80, 0x3f, 0x00, 0x00, 0xf0, 0x00, 0xc0, 0x0f,
    0x00, 0x00, 0xe0, 0x00, 0xf0, 0x07, 0x00, 0x00, 0x80, 0x00, 0xf8, 0x01, 0x00, 0x00, 0x00, 0x00,
    0xfe, 0x00, 0x00, 0x00, 0x00, 0x00, 0x3f, 0x00, 0x00, 0x00, 0x00, 0xc0, 0x1f, 0x00, 0x00, 0x00,
    0x00, 0xe0, 0x07, 0x00, 0x00, 0x00, 0x00, 0xf8, 0x03, 0x00, 0x00, 0x00, 0x00, 0xfc, 0xff, 0xff,
    0x3f, 0x00, 0x00, 0xfc, 0xff, 0xff, 0x3f, 0x00, 0x00, 0xfc, 0xff, 0xff, 0x3f, 0x00, 0x00, 0xfc,
    0xff, 0xff, 0x3f, 0x00, 0x00, 0x00, 0x00, 0x00, 0x00, 0x00, 0x00, 0x00, 0x00, 0x00, 0x00, 0x00,
    0x00, 0x00, 0x00, 0x00, 0x00, 0x00, 0x00, 0x0c, 0x00, 0x00, 0x00, 0x00, 0x00, 0x3c, 0x00, 0x00,
    0x00, 0x00, 0x00, 0xfc, 0x00, 0x00, 0x00, 0x00, 0x00, 0xfc, 0x03, 0x00, 0x38, 0x00, 0x00, 0xf0,
    0x1f, 0x00, 0x38, 0x00, 0x38, 0xc0, 0x7f, 0x00, 0x38, 0x00, 0x78, 0x00, 0xff, 0x01, 0x38, 0x00,
    0xf8, 0x00, 0xfc, 0x07, 0x3c, 0x00, 0xe0, 0x00, 0xf0, 0x1f, 0x1f, 0x00, 0xc0, 0x00, 0x80, 0xff,
    0x1f, 0x00, 0xc0, 0x00, 0x00, 0xfe, 0x0f, 0x00, 0xc0, 0x00, 0x00, 0xfe, 0x03, 0x00, 0xe0, 0x00,
    0x80, 0xff, 0x00, 0x00, 0x78, 0x00, 0xf0, 0x1f, 0x00, 0x00, 0x78, 0x00, 0xfc, 0x07, 0x00, 0x00,
    0x38, 0x80, 0xff, 0x01, 0x00, 0x00, 0x00, 0xe0, 0x7f, 0x00, 0x00, 0x00, 0x00, 0xfc, 0x0f, 0x00,
    0x00, 0x00, 0x00, 0xfc, 0x03, 0x00, 0x00, 0x00, 0x00, 0xfc, 0x00, 0x00, 0x00, 0x00, 0x00, 0x1c,
    0x00, 0x00, 0x00, 0x00, 0x00, 0x04, 0x00, 0x00, 0x00, 0x00, 0x00, 0x00, 0x00, 0x00, 0x00, 0x00,
    0x00, 0x00, 0x00, 0x00, 0x00, 0x00, 0x00, 0x00, 0x00, 0x00, 0x00, 0x00, 0x00, 0x00, 0x00, 0x00,
    0x00, 0x00, 0x00, 0xfc, 0xff, 0xff, 0x3f, 0x00, 0x00, 0xfc, 0xff, 0xff, 0x3f, 0x00, 0x00, 0xfc,
    0xff, 0xff, 0x3f, 0x00, 0x00, 0xfc, 0xff, 0xff, 0x3f, 0x00, 0x00, 0x00, 0x00, 0x00, 0x38, 0x00,
    0x00, 0x00, 0x00, 0x00, 0x38, 0x00, 0x00, 0x00, 0x00, 0x00, 0x38, 0x00, 0x00, 0x00, 0x00, 0x00,
    0x38, 0x00, 0x00, 0x00, 0x00, 0x00, 0x38, 0x00, 0x00, 0x00, 0x00, 0x00, 0xf8, 0x1f, 0x00, 0x00,
    0x00, 0x00, 0xf8, 0x1f, 0x00, 0x00, 0x00, 0x00, 0xf8, 0x1f, 0x00, 0x00, 0x00, 0x00, 0xf8, 0x1f,
    0x00, 0x00, 0x00, 0x00, 0x38, 0x00, 0x00, 0x00, 0x00, 0x00, 0x38, 0x00, 0x00, 0x00, 0x00, 0x00,
    0x38, 0x00, 0x00, 0x00, 0x00, 0x00, 0x38, 0x00, 0x00, 0x00, 0x00, 0x00, 0x38, 0x00, 0x00, 0xfc,
    0xff, 0xff, 0x3f, 0x00, 0x00, 0xfc, 0xff, 0xff, 0x3f, 0x00, 0x00, 0xfc, 0xff, 0xff, 0x3f, 0x00,
    0x00, 0xfc, 0xff, 0xff, 0x3f, 0x00, 0x00, 0x00, 0x00, 0x00, 0x00, 0x00, 0x00, 0x00, 0x00, 0x00,
    0x00, 0x00, 0x00, 0x00, 0x00, 0x00, 0x30, 0x00, 0x00, 0x00, 0x00, 0x00, 0x3e, 0x00, 0x00, 0x00,
    0x00, 0xc0, 0x3f, 0x00, 0x00, 0x00, 0x00, 0xf0, 0x3f, 0x00, 0x00, 0x00, 0x00, 0xfe, 0x07, 0x00,
    0x00, 0x00, 0x80, 0xff, 0x00, 0x00, 0x00, 0x00, 0xf0, 0x7f, 0x00, 0x00, 0x00, 0x00, 0xfe, 0x77,
    0x00, 0x00, 0x00, 0x80, 0xff, 0x70, 0x00, 0x00, 0x00, 0xf0, 0x3f, 0x70, 0x00, 0x00, 0x00, 0xfc,
    0x07, 0x70, 0x00, 0x00, 0x00, 0xfc, 0x00, 0x70, 0x00, 0x00, 0x00, 0xfc, 0x00, 0x70, 0x00, 0x00,
    0x00, 0xfc, 0x07, 0x70, 0x00, 0x00, 0x00, 0xf0, 0x1f, 0x70, 0x00, 0x00, 0x00, 0x80, 0xff, 0x70,
    0x00, 0x00, 0x00, 0x00, 0xfe, 0x77, 0x00, 0x00, 0x00, 0x00, 0xf0, 0x7f, 0x00, 0x00, 0x00, 0x00,
    0xc0, 0xff, 0x00, 0x00, 0x00, 0x00, 0x00, 0xfe, 0x07, 0x00, 0x00, 0x00, 0x00, 0xf8, 0x1f, 0x00,
    0x00, 0x00, 0x00, 0xc0, 0x3f, 0x00, 0x00, 0x00, 0x00, 0x00, 0x3e, 0x00, 0x00, 0x00, 0x00, 0x00,
    0x38, 0x00, 0x00, 0x00, 0x00, 0x00, 0x00, 0x00, 0x00, 0x00, 0x00, 0x00, 0x00, 0x00, 0x00, 0x00,
    0x00, 0x00, 0x00, 0x00, 0x00, 0x00, 0x00, 0x00, 0x00, 0x00, 0x00, 0xfc, 0xff, 0xff, 0x3f, 0x00,
    0x00, 0xfc, 0xff, 0xff, 0x3f, 0x00, 0x00, 0xfc, 0xff, 0xff, 0x3f, 0x00, 0x00, 0xfc, 0xff, 0xff,
    0x3f, 0x00, 0x00, 0x1c, 0xe0, 0x00, 0x38, 0x00, 0x00, 0x1c, 0xe0, 0x00, 0x38, 0x00, 0x00, 0x1c,
    0xe0, 0x00, 0x38, 0x00, 0x00, 0x1c, 0xe0, 0x00, 0x38, 0x00, 0x00, 0x1c, 0xe0, 0x00, 0x38, 0x00,
    0x00, 0x1c, 0xe0, 0x00, 0x38, 0x00, 0x00, 0x1c, 0xe0, 0x00, 0x38, 0x00, 0x00, 0x1c, 0xe0, 0x00,
    0x38, 0x00, 0x00, 0x1c, 0xe0, 0x00, 0x38, 0x00, 0x00, 0x1c, 0xe0, 0x00, 0x3c, 0x00, 0x00, 0x1c,
    0xe0, 0x01, 0x3c, 0x00, 0x00, 0x1c, 0xc0, 0x03, 0x1e, 0x00, 0x00, 0x1c, 0xc0, 0x8f, 0x1f, 0x00,
    0x00, 0x1c, 0x80, 0xff, 0x0f, 0x00, 0x00, 0x00, 0x00, 0xff, 0x07, 0x00, 0x00, 0x00, 0x00, 0xfe,
    0x03, 0x00, 0x00, 0x00, 0x00, 0x00, 0x00, 0x00, 0x00, 0x00, 0x00, 0x00, 0x00, 0x00, 0x00, 0x00,
    0x00, 0x00, 0x00, 0x00, 0x00, 0x00, 0x00, 0x00, 0x00, 0x00, 0x00, 0xfc, 0xff, 0xff, 0x3f, 0x00,
    0x00, 0xfc, 0xff, 0xff, 0x3f, 0x00, 0x00, 0xfc, 0xff, 0xff, 0x3f, 0x00, 0x00, 0xfc, 0xff, 0xff,
    0x3f, 0x00, 0x00, 0x1c, 0xc0, 0x01, 0x38, 0x00, 0x00, 0x1c, 0xc0, 0x01, 0x38, 0x00, 0x00, 0x1c,
    0xc0, 0x01, 0x38, 0x00, 0x00, 0x1c, 0xc0, 0x01, 0x38, 0x00, 0x00, 0x1c, 0xc0, 0x01, 0x38, 0x00,
    0x00, 0x1c, 0xc0, 0x01, 0x38, 0x00, 0x00, 0x1c, 0xc0, 0x01, 0x38, 0x00, 0x00, 0x1c, 0xc0, 0x01,
    0x38, 0x00, 0x00, 0x1c, 0xe0, 0x01, 0x38, 0x00, 0x00, 0x3c, 0xe0, 0x03, 0x3c, 0x00, 0x00, 0x78,
    0xf0, 0x03, 0x1e, 0x00, 0x00, 0xf8, 0x7f, 0x0f, 0x1f, 0x00, 0x00, 0xf0, 0x3f, 0xff, 0x0f, 0x00,
    0x00, 0xe0, 0x1f, 0xfe, 0x0f, 0x00, 0x00, 0x80, 0x0f, 0xfc, 0x03, 0x00, 0x00, 0x00, 0x00, 0xf0,
    0x00, 0x00, 0x00, 0x00, 0x00, 0x00, 0x00, 0x00, 0x00, 0x00, 0x00, 0x00, 0x00, 0x00, 0x00, 0x00,
    0x00, 0x00, 0x00, 0x00, 0x00, 0x00, 0x00, 0x00, 0x00, 0x00, 0x00, 0xfc, 0xff, 0xff, 0x3f, 0x00,
    0x00, 0xfc, 0xff, 0xff, 0x3f, 0x00, 0x00, 0xfc, 0xff, 0xff, 0x3f, 0x00, 0x00, 0xfc, 0xff, 0xff,
    0x3f, 0x00, 0x00, 0x1c, 0x00, 0x00, 0x00, 0x00, 0x00, 0x1c, 0x00, 0x00, 0x00, 0x00, 0x00, 0x1c,
    0x00, 0x00, 0x00, 0x00, 0x00, 0x1c, 0x00, 0x00, 0x00, 0x00, 0x00, 0x1c, 0x00, 0x00, 0x00, 0x00,
    0x00, 0x1c, 0x00, 0x00, 0x00, 0x00, 0x00, 0x1c, 0x00, 0x00, 0x00, 0x00, 0x00, 0x1c, 0x00, 0x00,
    0x00, 0x00, 0x00, 0x1c, 0x00, 0x00, 0x00, 0x00, 0x00, 0x1c, 0x00, 0x00, 0x00, 0x00, 0x00, 0x1c,
    0x00, 0x00, 0x00, 0x00, 0x00, 0x1c, 0x00, 0x00, 0x00, 0x00, 0x00, 0x1c, 0x00, 0x00, 0x00, 0x00,
    0x00, 0x1c, 0x00, 0x00, 0x00, 0x00, 0x00, 0x00, 0x00, 0x00, 0x00, 0x00, 0x00, 0x00, 0x00, 0x00,
    0x00, 0x00, 0x00, 0x00, 0x00, 0x00, 0xf8, 0x1f, 0x00, 0x00, 0x00, 0x00, 0xf8, 0x1f, 0x00, 0x00,
    0x00, 0x00, 0xf8, 0x1f, 0x00, 0x00, 0x00, 0x00, 0xfe, 0x1f, 0x00, 0x00, 0x00, 0x80, 0x3f, 0x00,
    0x00, 0x00, 0x00, 0xe0, 0x3f, 0x00, 0x00, 0x00, 0x80, 0xff, 0x3f, 0x00, 0x00, 0xfc, 0xff, 0xff,
    0x39, 0x00, 0x00, 0xfc, 0xff, 0x7f, 0x38, 0x00, 0x00, 0xfc, 0xff, 0x0f, 0x38, 0x00, 0x00, 0xfc,
    0x0f, 0x00, 0x38, 0x00, 0x00, 0x1c, 0x00, 0x00, 0x38, 0x00, 0x00, 0x1c, 0x00, 0x00, 0x38, 0x00,
    0x00, 0x1c, 0x00, 0x00, 0x38, 0x00, 0x00, 0x1c, 0x00, 0x00, 0x38, 0x00, 0x00, 0x1c, 0x00, 0x00,
    0x38, 0x00, 0x00, 0x1c, 0x00, 0x00, 0x38, 0x00, 0x00, 0x1c, 0x00, 0x00, 0x38, 0x00, 0x00, 0x1c,
    0x00, 0x00, 0x38, 0x00, 0x00, 0x1c, 0x00, 0x00, 0x38, 0x00, 0x00, 0xfc, 0xff, 0xff, 0x3f, 0x00,
    0x00, 0xfc, 0xff, 0xff, 0x3f, 0x00, 0x00, 0xfc, 0xff, 0xff, 0x3f, 0x00, 0x00, 0xfc, 0xff, 0xff,
    0x3f, 0x00, 0x00, 0x00, 0x00, 0x00, 0xf8, 0x1f, 0x00, 0x00, 0x00, 0x00, 0xf8, 0x1f, 0x00, 0x00,
    0x00, 0x00, 0xf8, 0x1f, 0x00, 0x00, 0x00, 0x00, 0xf8, 0x1f, 0x00, 0x00, 0x00, 0x00, 0x00, 0x00,
    0x00, 0x00, 0x00, 0x00, 0x00, 0x00, 0x00, 0x00, 0x00, 0x00, 0x00, 0x00, 0x00, 0x00, 0x00, 0x00,
    0x00, 0x00, 0x00, 0xfc, 0xff, 0xff, 0x3f, 0x00, 0x00, 0xfc, 0xff, 0xff, 0x3f, 0x00, 0x00, 0xfc,
    0xff, 0xff, 0x3f, 0x00, 0x00, 0xfc, 0xff, 0xff, 0x3f, 0x00, 0x00, 0x1c, 0xc0, 0x01, 0x38, 0x00,
    0x00, 0x1c, 0xc0, 0x01, 0x38, 0x00, 0x00, 0x1c, 0xc0, 0x01, 0x38, 0x00, 0x00, 0x1c, 0xc0, 0x01,
    0x38, 0x00, 0x00, 0x1c, 0xc0, 0x01, 0x38, 0x00, 0x00, 0x1c, 0xc0, 0x01, 0x38, 0x00, 0x00, 0x1c,
    0xc0, 0x01, 0x38, 0x00, 0x00, 0x1c, 0xc0, 0x01, 0x38, 0x00, 0x00, 0x1c, 0xc0, 0x01, 0x38, 0x00,
    0x00, 0x1c, 0xc0, 0x01, 0x38, 0x00, 0x00, 0x1c, 0xc0, 0x01, 0x38, 0x00, 0x00, 0x1c, 0xc0, 0x01,
    0x38, 0x00, 0x00, 0x1c, 0x00, 0x00, 0x38, 0x00, 0x00, 0x1c, 0x00, 0x00, 0x38, 0x00, 0x00, 0x00,
    0x00, 0x00, 0x00, 0x00, 0x00, 0x00, 0x00, 0x00, 0x00, 0x00, 0x00, 0x00, 0x00, 0x00, 0x30, 0x00,
    0x00, 0x0c, 0x00, 0x00, 0x38, 0x00, 0x00, 0x1c, 0x00, 0x00, 0x3e, 0x00, 0x00, 0x7c, 0x00, 0x00,
    0x3f, 0x00, 0x00, 0xfc, 0x00, 0xc0, 0x3f, 0x00, 0x00, 0xf8, 0x03, 0xe0, 0x0f, 0x00, 0x00, 0xe0,
    0x07, 0xf8, 0x03, 0x00, 0x00, 0xc0, 0x1f, 0xfe, 0x01, 0x00, 0x00, 0x00, 0x3f, 0x7f, 0x00, 0x00,
    0x00, 0x00, 0xfc, 0x3f, 0x00, 0x00, 0x00, 0x00, 0xf8, 0x0f, 0x00, 0x00, 0x00, 0x00, 0xe0, 0x03,
    0x00, 0x00, 0x00, 0x00, 0xc0, 0x01, 0x00, 0x00, 0x00, 0x00, 0xc0, 0x01, 0x00, 0x00, 0x00, 0x00,
    0xc0, 0x01, 0x00, 0x00, 0x00, 0xfc, 0xff, 0xff, 0x3f, 0x00, 0x00, 0xfc, 0xff, 0xff, 0x3f, 0x00,
    0x00, 0xfc, 0xff, 0xff, 0x3f, 0x00, 0x00, 0xfc, 0xff, 0xff, 0x3f, 0x00, 0x00, 0x00, 0xc0, 0x01,
    0x00, 0x00, 0x00, 0x00, 0xc0, 0x01, 0x00, 0x00, 0x00, 0x00, 0xc0, 0x01, 0x00, 0x00, 0x00, 0x00,
    0xc0, 0x01, 0x00, 0x00, 0x00, 0x00, 0xf0, 0x07, 0x00, 0x00, 0x00, 0x00, 0xfc, 0x1f, 0x00, 0x00,
    0x00, 0x00, 0xfe, 0x3f, 0x00, 0x00, 0x00, 0x80, 0x3f, 0xfe, 0x00, 0x00, 0x00, 0xc0, 0x0f, 0xfc,
    0x01, 0x00, 0x00, 0xf0, 0x07, 0xf0, 0x07, 0x00, 0x00, 0xf8, 0x01, 0xe0, 0x1f, 0x00, 0x00, 0xfc,
    0x00, 0x80, 0x3f, 0x00, 0x00, 0x3c, 0x00, 0x00, 0x3f, 0x00, 0x00, 0x1c, 0x00, 0x00, 0x3c, 0x00,
    0x00, 0x04, 0x00, 0x00, 0x30, 0x00, 0x00, 0x00, 0x00, 0x00, 0x20, 0x00, 0x00, 0x00, 0x00, 0x00,
    0x00, 0x00, 0x00, 0x00, 0x00, 0x00, 0x00, 0x00, 0x00, 0x00, 0x00, 0x00, 0x00, 0x00, 0x00, 0x80,
    0x03, 0xc0, 0x03, 0x00, 0x00, 0xe0, 0x03, 0xc0, 0x07, 0x00, 0x00, 0xf0, 0x03, 0xc0, 0x0f, 0x00,
    0x00, 0xf0, 0x03, 0x80, 0x1f, 0x00, 0x00, 0x78, 0x00, 0x00, 0x1e, 0x00, 0x00, 0x38, 0x00, 0x00,
    0x1c, 0x00, 0x00, 0x3c, 0x00, 0x00, 0x3c, 0x00, 0x00, 0x1c, 0xc0, 0x01, 0x38, 0x00, 0x00, 0x1c,
    0xc0, 0x01, 0x38, 0x00, 0x00, 0x1c, 0xc0, 0x01, 0x38, 0x00, 0x00, 0x1c, 0xc0, 0x01, 0x38, 0x00,
    0x00, 0x1c, 0xc0, 0x01, 0x38, 0x00, 0x00, 0x1c, 0xc0, 0x01, 0x38, 0x00, 0x00, 0x3c, 0xe0, 0x03,
    0x3c, 0x00, 0x00, 0x78, 0xe0, 0x03, 0x1c, 0x00, 0x00, 0xf8, 0xf8, 0x07, 0x1e, 0x00, 0x00, 0xf0,
    0x7f, 0xff, 0x0f, 0x00, 0x00, 0xf0, 0x3f, 0xfe, 0x0f, 0x00, 0x00, 0xc0, 0x1f, 0xfe, 0x07, 0x00,
    0x00, 0x00, 0x07, 0xf8, 0x01, 0x00, 0x00, 0x00, 0x00, 0x00, 0x00, 0x00, 0x00, 0x00, 0x00, 0x00,
    0x00, 0x00, 0x00, 0x00, 0x00, 0x00, 0x00, 0x00, 0x00, 0x00, 0x00, 0x00, 0x00, 0x00, 0x00, 0xfc,
    0xff, 0xff, 0x3f, 0x00, 0x00, 0xfc, 0xff, 0xff, 0x3f, 0x00, 0x00, 0xfc, 0xff, 0xff, 0x3f, 0x00,
    0x00, 0xfc, 0xff, 0xff, 0x3f, 0x00, 0x00, 0x00, 0x00, 0x80, 0x3f, 0x00, 0x00, 0x00, 0x00, 0xc0,
    0x0f, 0x00, 0x00, 0x00, 0x00, 0xf0, 0x07, 0x00, 0x00, 0x00, 0x00, 0xf8, 0x01, 0x00, 0x00, 0x00,
    0x00, 0x7e, 0x00, 0x00, 0x00, 0x00, 0x80, 0x3f, 0x00, 0x00, 0x00, 0x00, 0xc0, 0x0f, 0x00, 0x00,
    0x00, 0x00, 0xf0, 0x07, 0x00, 0x00, 0x00, 0x00, 0xf8, 0x01, 0x00, 0x00, 0x00, 0x00, 0xfe, 0x00,
    0x00, 0x00, 0x00, 0x00, 0x3f, 0x00, 0x00, 0x00, 0x00, 0xc0, 0x1f, 0x00, 0x00, 0x00, 0x00, 0xe0,
    0x07, 0x00, 0x00, 0x00, 0x00, 0xf8, 0x03, 0x00, 0x00, 0x00, 0x00, 0xfc, 0xff, 0xff, 0x3f, 0x00,
    0x00, 0xfc, 0xff, 0xff, 0x3f, 0x00, 0x00, 0xfc, 0xff, 0xff, 0x3f, 0x00, 0x00, 0xfc, 0xff, 0xff,
    0x3f, 0x00, 0x00, 0x00, 0x00, 0x00, 0x00, 0x00, 0x00, 0x00, 0x00, 0x00, 0x00, 0x00, 0x00, 0x00,
    0x00, 0x00, 0x00, 0x00, 0x00, 0x00, 0x00, 0x00, 0x00, 0x00, 0x00, 0xfc, 0xff, 0xff, 0x3f, 0x00,
    0x00, 0xfc, 0xff, 0xff, 0x3f, 0x00, 0x00, 0xfc, 0xff, 0xff, 0x3f, 0x00, 0x00, 0xfc, 0xff, 0xff,
    0x3f, 0x00, 0x00, 0x00, 0x00, 0x80, 0x3f, 0x00, 0x00, 0x00, 0x00, 0xc0, 0x0f, 0x00, 0x38, 0x00,
    0x00, 0xf0, 0x07, 0x00, 0x78, 0x00, 0x00, 0xf8, 0x01, 0x00, 0xf8, 0x00, 0x00, 0x7e, 0x00, 0x00,
    0xe0, 0x00, 0x80, 0x3f, 0x00, 0x00, 0xc0, 0x00, 0xc0, 0x0f, 0x00, 0x00, 0xc0, 0x00, 0xf0, 0x07,
    0x00, 0x00, 0xc0, 0x00, 0xf8, 0x01, 0x00, 0x00, 0xe0, 0x00, 0xfe, 0x00, 0x00, 0x00, 0x78, 0x00,
    0x3f, 0x00, 0x00, 0x00, 0x78, 0xc0, 0x1f, 0x00, 0x00, 0x00, 0x38, 0xe0, 0x07, 0x00, 0x00, 0x00,
    0x00, 0xf8, 0x03, 0x00, 0x00, 0x00, 0x00, 0xfc, 0xff, 0xff, 0x3f, 0x00, 0x00, 0xfc, 0xff, 0xff,
    0x3f, 0x00, 0x00, 0xfc, 0xff, 0xff, 0x3f, 0x00, 0x00, 0xfc, 0xff, 0xff, 0x3f, 0x00, 0x00, 0x00,
    0x00, 0x00, 0x00, 0x00, 0x00, 0x00, 0x00, 0x00, 0x00, 0x00, 0x00, 0x00, 0x00, 0x00, 0x00, 0x00,
    0x00, 0x00, 0x00, 0x00, 0x00, 0x00, 0x00, 0xfc, 0xff, 0xff, 0x3f, 0x00, 0x00, 0xfc, 0xff, 0xff,
    0x3f, 0x00, 0x00, 0xfc, 0xff, 0xff, 0x3f, 0x00, 0x00, 0xfc, 0xff, 0xff, 0x3f, 0x00, 0x00, 0x00,
    0xc0, 0x01, 0x00, 0x00, 0x00, 0x00, 0xc0, 0x01, 0x00, 0x00, 0x00, 0x00, 0xc0, 0x01, 0x00, 0x00,
    0x00, 0x00, 0xe0, 0x01, 0x00, 0x00, 0x00, 0x00, 0xf0, 0x03, 0x00, 0x00, 0x00, 0x00, 0xf8, 0x07,
    0x00, 0x00, 0x00, 0x00, 0xfc, 0x1f, 0x00, 0x00, 0x00, 0x00, 0x3e, 0x3f, 0x00, 0x00, 0x00, 0x80,
    0x1f, 0x7e, 0x00, 0x00, 0x00, 0xc0, 0x0f, 0xfc, 0x00, 0x00, 0x00, 0xe0, 0x07, 0xf0, 0x03, 0x00,
    0x00, 0xf0, 0x03, 0xe0, 0x07, 0x00, 0x00, 0xf8, 0x00, 0xc0, 0x0f, 0x00, 0x00, 0x7c, 0x00, 0x00,
    0x1f, 0x00, 0x00, 0x3c, 0x00, 0x00, 0x3e, 0x00, 0x00, 0x1c, 0x00, 0x00, 0x3c, 0x00, 0x00, 0x0c,
    0x00, 0x00, 0x38, 0x00, 0x00, 0x00, 0x00, 0x00, 0x20, 0x00, 0x00, 0x00, 0x00, 0x00, 0x00, 0x00,
    0x00, 0x00, 0x00, 0x00, 0x00, 0x00, 0x00, 0x00, 0x00, 0x00, 0x38, 0x00, 0x00, 0x00, 0x00, 0x00,
    0x38, 0x00, 0x00, 0x00, 0x00, 0x00, 0x3c, 0x00, 0x00, 0x00, 0x00, 0x00, 0x3c, 0x00, 0x00, 0x00,
    0x00, 0x00, 0x1f, 0x00, 0x00, 0x00, 0x00, 0xf8, 0x1f, 0x00, 0x00, 0xfc, 0xff, 0xff, 0x0f, 0x00,
    0x00, 0xfc, 0xff, 0xff, 0x03, 0x00, 0x00, 0xfc, 0xff, 0x7f, 0x00, 0x00, 0x00, 0xfc, 0x3f, 0x00,
    0x00, 0x00, 0x00, 0x1c, 0x00, 0x00, 0x00, 0x00, 0x00, 0x1c, 0x00, 0x00, 0x00, 0x00, 0x00, 0x1c,
    0x00, 0x00, 0x00, 0x00, 0x00, 0x1c, 0x00, 0x00, 0x00, 0x00, 0x00, 0x1c, 0x00, 0x00, 0x00, 0x00,
    0x00, 0x1c, 0x00, 0x00, 0x00, 0x00, 0x00, 0x1c, 0x00, 0x00, 0x00, 0x00, 0x00, 0x1c, 0x00, 0x00,
    0x00, 0x00, 0x00, 0x1c, 0x00, 0x00, 0x00, 0x00, 0x00, 0x1c, 0x00, 0x00, 0x00, 0x00, 0x00, 0xfc,
    0xff, 0xff, 0x3f, 0x00, 0x00, 0xfc, 0xff, 0xff, 0x3f, 0x00, 0x00, 0xfc, 0xff, 0xff, 0x3f, 0x00,
    0x00, 0xfc, 0xff, 0xff, 0x3f, 0x00, 0x00, 0x00, 0x00, 0x00, 0x00, 0x00, 0x00, 0x00, 0x00, 0x00,
    0x00, 0x00, 0x00, 0x00, 0x00, 0x00, 0x00, 0x00, 0x00, 0x00, 0x00, 0x00, 0x00, 0x00, 0x00, 0xfc,
    0xff, 0xff, 0x3f, 0x00, 0x00, 0xfc, 0xff, 0xff, 0x3f, 0x00, 0x00, 0xfc, 0xff, 0xff, 0x3f, 0x00,
    0x00, 0xfc, 0xff, 0xff, 0x3f, 0x00, 0x00, 0xfc, 0x01, 0x00, 0x00, 0x00, 0x00, 0xf8, 0x0f, 0x00,
    0x00, 0x00, 0x00, 0xe0, 0x3f, 0x00, 0x00, 0x00, 0x00, 0x00, 0xff, 0x01, 0x00, 0x00, 0x00, 0x00,
    0xfc, 0x07, 0x00, 0x00, 0x00, 0x00, 0xe0, 0x1f, 0x00, 0x00, 0x00, 0x00, 0x80, 0xff, 0x00, 0x00,
    0x00, 0x00, 0x00, 0xfc, 0x03, 0x00, 0x00, 0x00, 0x00, 0xf0, 0x1f, 0x00, 0x00, 0x00, 0x00, 0xc0,
    0x3f, 0x00, 0x00, 0x00, 0x00, 0x00, 0x3e, 0x00, 0x00, 0x00, 0x00, 0xc0, 0x3f, 0x00, 0x00, 0x00,
    0x00, 0xf0, 0x1f, 0x00, 0x00, 0x00, 0x00, 0xfe, 0x03, 0x00, 0x00, 0x00, 0x80, 0xff, 0x00, 0x00,
    0x00, 0x00, 0xf0, 0x1f, 0x00, 0x00, 0x00, 0x00, 0xfc, 0x07, 0x00, 0x00, 0x00, 0x00, 0xff, 0x00,
    0x00, 0x00, 0x00, 0xe0, 0x3f, 0x00, 0x00, 0x00, 0x00, 0xf8, 0x0f, 0x00, 0x00, 0x00, 0x00, 0xfc,
    0x01, 0x00, 0x00, 0x00, 0x00, 0xfc, 0xff, 0xff, 0x3f, 0x00, 0x00, 0xfc, 0xff, 0xff, 0x3f, 0x00,
    0x00, 0xfc, 0xff, 0xff, 0x3f, 0x00, 0x00, 0xfc, 0xff, 0xff, 0x3f, 0x00, 0x00, 0x00, 0x00, 0x00,
    0x00, 0x00, 0x00, 0x00, 0x00, 0x00, 0x00, 0x00, 0x00, 0x00, 0x00, 0x00, 0x00, 0x00, 0x00, 0x00,
    0x00, 0x00, 0x00, 0x00, 0x00, 0xfc, 0xff, 0xff, 0x3f, 0x00, 0x00, 0xfc, 0xff, 0xff, 0x3f, 0x00,
    0x00, 0xfc, 0xff, 0xff, 0x3f, 0x00, 0x00, 0xfc, 0xff, 0xff, 0x3f, 0x00, 0x00, 0x00, 0xc0, 0x01,
    0x00, 0x00, 0x00, 0x00, 0xc0, 0x01, 0x00, 0x00, 0x00, 0x00, 0xc0, 0x01, 0x00, 0x00, 0x00, 0x00,
    0xc0, 0x01, 0x00, 0x00, 0x00, 0x00, 0xc0, 0x01, 0x00, 0x00, 0x00, 0x00, 0xc0, 0x01, 0x00, 0x00,
    0x00, 0x00, 0xc0, 0x01, 0x00, 0x00, 0x00, 0x00, 0xc0, 0x01, 0x00, 0x00, 0x00, 0x00, 0xc0, 0x01,
    0x00, 0x00, 0x00, 0x00, 0xc0, 0x01, 0x00, 0x00, 0x00, 0x00, 0xc0, 0x01, 0x00, 0x00, 0x00, 0x00,
    0xc0, 0x01, 0x00, 0x00, 0x00, 0x00, 0xc0, 0x01, 0x00, 0x00, 0x00, 0x00, 0xc0, 0x01, 0x00, 0x00,
    0x00, 0xfc, 0xff, 0xff, 0x3f, 0x00, 0x00, 0xfc, 0xff, 0xff, 0x3f, 0x00, 0x00, 0xfc, 0xff, 0xff,
    0x3f, 0x00, 0x00, 0xfc, 0xff, 0xff, 0x3f, 0x00, 0x00, 0x00, 0x00, 0x00, 0x00, 0x00, 0x00, 0x00,
    0x00, 0x00, 0x00, 0x00, 0x00, 0x00, 0x00, 0x00, 0x00, 0x00, 0x00, 0x00, 0xf0, 0x0f, 0x00, 0x00,
    0x00, 0x00, 0xfe, 0x7f, 0x00, 0x00, 0x00, 0x80, 0xff, 0xff, 0x01, 0x00, 0x00, 0xc0, 0xff, 0xff,
    0x03, 0x00, 0x00, 0xe0, 0x07, 0xe0, 0x07, 0x00, 0x00, 0xf0, 0x01, 0x80, 0x0f, 0x00, 0x00, 0x78,
    0x00, 0x00, 0x1e, 0x00, 0x00, 0x78, 0x00, 0x00, 0x1e, 0x00, 0x00, 0x3c, 0x00, 0x00, 0x3c, 0x00,
    0x00, 0x1c, 0x00, 0x00, 0x3c, 0x00, 0x00, 0x1c, 0x00, 0x00, 0x38, 0x00, 0x00, 0x1c, 0x00, 0x00,
    0x38, 0x00, 0x00, 0x1c, 0x00, 0x00, 0x38, 0x00, 0x00, 0x1c, 0x00, 0x00, 0x38, 0x00, 0x00, 0x3c,
    0x00, 0x00, 0x3c, 0x00, 0x00, 0x38, 0x00, 0x00, 0x3c, 0x00, 0x00, 0x78, 0x00, 0x00, 0x1e, 0x00,
    0x00, 0xf8, 0x00, 0x00, 0x1f, 0x00, 0x00, 0xf0, 0x03, 0xc0, 0x0f, 0x00, 0x00, 0xe0, 0xff, 0xff,
    0x07, 0x00, 0x00, 0xc0, 0xff, 0xff, 0x03, 0x00, 0x00, 0x00, 0xff, 0xff, 0x01, 0x00, 0x00, 0x00,
    0xfc, 0x3f, 0x00, 0x00, 0x00, 0x00, 0x00, 0x00, 0x00, 0x00, 0x00, 0x00, 0x00, 0x00, 0x00, 0x00,
    0x00, 0x00, 0x00, 0x00, 0x00, 0x00, 0x00, 0x00, 0x00, 0x00, 0x00, 0x00, 0x00, 0xfc, 0xff, 0xff,
    0x3f, 0x00, 0x00, 0xfc, 0xff, 0xff, 0x3f, 0x00, 0x00, 0xfc, 0xff, 0xff, 0x3f, 0x00, 0x00, 0xfc,
    0xff, 0xff, 0x3f, 0x00, 0x00, 0x1c, 0x00, 0x00, 0x00, 0x00, 0x00, 0x1c, 0x00, 0x00, 0x00, 0x00,
    0x00, 0x1c, 0x00, 0x00, 0x00, 0x00, 0x00, 0x1c, 0x00, 0x00, 0x00, 0x00, 0x00, 0x1c, 0x00, 0x00,
    0x00, 0x00, 0x00, 0x1c, 0x00, 0x00, 0x00, 0x00, 0x00, 0x1c, 0x00, 0x00, 0x00, 0x00, 0x00, 0x1c,
    0x00, 0x00, 0x00, 0x00, 0x00, 0x1c, 0x00, 0x00, 0x00, 0x00, 0x00, 0x1c, 0x00, 0x00, 0x00, 0x00,
    0x00, 0x1c, 0x00, 0x00, 0x00, 0x00, 0x00, 0x1c, 0x00, 0x00, 0x00, 0x00, 0x00, 0x1c, 0x00, 0x00,
    0x00, 0x00, 0x00, 0x1c, 0x00, 0x00, 0x00, 0x00, 0x00, 0xfc, 0xff, 0xff, 0x3f, 0x00, 0x00, 0xfc,
    0xff, 0xff, 0x3f, 0x00, 0x00, 0xfc, 0xff, 0xff, 0x3f, 0x00, 0x00, 0xfc, 0xff, 0xff, 0x3f, 0x00,
    0x00, 0x00, 0x00, 0x00, 0x00, 0x00, 0x00, 0x00, 0x00, 0x00, 0x00, 0x00, 0x00, 0x00, 0x00, 0x00,
    0x00, 0x00, 0x00, 0x00, 0x00, 0x00, 0x00, 0x00, 0x00, 0xfc, 0xff, 0xff, 0x3f, 0x00, 0x00, 0xfc,
    0xff, 0xff, 0x3f, 0x00, 0x00, 0xfc, 0xff, 0xff, 0x3f, 0x00, 0x00, 0xfc, 0xff, 0xff, 0x3f, 0x00,
    0x00, 0x1c, 0x00, 0x07, 0x00, 0x00, 0x00, 0x1c, 0x00, 0x07, 0x00, 0x00, 0x00, 0x1c, 0x00, 0x07,
    0x00, 0x00, 0x00, 0x1c, 0x00, 0x07, 0x00, 0x00, 0x00, 0x1c, 0x00, 0x07, 0x00, 0x00, 0x00, 0x1c,
    0x00, 0x07, 0x00, 0x00, 0x00, 0x1c, 0x00, 0x07, 0x00, 0x00, 0x00, 0x1c, 0x00, 0x07, 0x00, 0x00,
    0x00, 0x1c, 0x00, 0x07, 0x00, 0x00, 0x00, 0x1c, 0x00, 0x07, 0x00, 0x00, 0x00, 0x3c, 0x80, 0x07,
    0x00, 0x00, 0x00, 0x78, 0xc0, 0x03, 0x00, 0x00, 0x00, 0xf8, 0xe0, 0x03, 0x00, 0x00, 0x00, 0xf0,
    0xff, 0x01, 0x00, 0x00, 0x00, 0xe0, 0xff, 0x00, 0x00, 0x00, 0x00, 0xc0, 0x7f, 0x00, 0x00, 0x00,
    0x00, 0x00, 0x1f, 0x00, 0x00, 0x00, 0x00, 0x00, 0x00, 0x00, 0x00, 0x00, 0x00, 0x00, 0x00, 0x00,
    0x00, 0x00, 0x00, 0x00, 0x00, 0x00, 0x00, 0x00, 0x00, 0x00, 0xf0, 0x0f, 0x00, 0x00, 0x00, 0x00,
    0xff, 0xff, 0x00, 0x00, 0x00, 0x80, 0xff, 0xff, 0x01, 0x00, 0x00, 0xe0, 0xff, 0xff, 0x07, 0x00,
    0x00, 0xf0, 0x07, 0xe0, 0x0f, 0x00, 0x00, 0xf0, 0x00, 0x00, 0x0f, 0x00, 0x00, 0x78, 0x00, 0x00,
    0x1e, 0x00, 0x00, 0x38, 0x00, 0x00, 0x1c, 0x00, 0x00, 0x3c, 0x00, 0x00, 0x3c, 0x00, 0x00, 0x1c,
    0x00, 0x00, 0x38, 0x00, 0x00, 0x1c, 0x00, 0x00, 0x38, 0x00, 0x00, 0x1c, 0x00, 0x00, 0x38, 0x00,
    0x00, 0x1c, 0x00, 0x00, 0x38, 0x00, 0x00, 0x1c, 0x00, 0x00, 0x38, 0x00, 0x00, 0x3c, 0x00, 0x00,
    0x38, 0x00, 0x00, 0x38, 0x00, 0x00, 0x1c, 0x00, 0x00, 0x78, 0x00, 0x00, 0x1e, 0x00, 0x00, 0xf8,
    0x00, 0x00, 0x1f, 0x00, 0x00, 0xf0, 0x0f, 0xe0, 0x0f, 0x00, 0x00, 0xe0, 0x0f, 0xe0, 0x07, 0x00,
    0x00, 0xc0, 0x0f, 0xe0, 0x03, 0x00, 0x00, 0x00, 0x0e, 0xe0, 0x00, 0x00, 0x00, 0x00, 0x00, 0x00,
    0x00, 0x00, 0x00, 0x00, 0x00, 0x00, 0x00, 0x00, 0x00, 0x1c, 0x00, 0x00, 0x00, 0x00, 0x00, 0x1c,
    0x00, 0x00, 0x00, 0x00, 0x00, 0x1c, 0x00, 0x00, 0x00, 0x00, 0x00, 0x1c, 0x00, 0x00, 0x00, 0x00,
    0x00, 0x1c, 0x00, 0x00, 0x00, 0x00, 0x00, 0x1c, 0x00, 0x00, 0x00, 0x00, 0x00, 0x1c, 0x00, 0x00,
    0x00, 0x00, 0x00, 0x1c, 0x00, 0x00, 0x00, 0x00, 0x00, 0x1c, 0x00, 0x00, 0x00, 0x00, 0x00, 0xfc,
    0xff, 0xff, 0x3f, 0x00, 0x00, 0xfc, 0xff, 0xff, 0x3f, 0x00, 0x00, 0xfc, 0xff, 0xff, 0x3f, 0x00,
    0x00, 0xfc, 0xff, 0xff, 0x3f, 0x00, 0x00, 0x1c, 0x00, 0x00, 0x00, 0x00, 0x00, 0x1c, 0x00, 0x00,
    0x00, 0x00, 0x00, 0x1c, 0x00, 0x00, 0x00, 0x00, 0x00, 0x1c, 0x00, 0x00, 0x00, 0x00, 0x00, 0x1c,
    0x00, 0x00, 0x00, 0x00, 0x00, 0x1c, 0x00, 0x00, 0x00, 0x00, 0x00, 0x1c, 0x00, 0x00, 0x00, 0x00,
    0x00, 0x1c, 0x00, 0x00, 0x00, 0x00, 0x00, 0x1c, 0x00, 0x00, 0x00, 0x00, 0x00, 0x00, 0x00, 0x00,
    0x00, 0x00, 0x00, 0x00, 0x00, 0x00, 0x00, 0x00, 0x00, 0x00, 0x00, 0x00, 0x00, 0x00, 0x00, 0x0c,
    0x00, 0x00, 0x00, 0x00, 0x00, 0x3c, 0x00, 0x00, 0x00, 0x00, 0x00, 0xfc, 0x00, 0x00, 0x00, 0x00,
    0x00, 0xfc, 0x03, 0x00, 0x38, 0x00, 0x00, 0xf0, 0x1f, 0x00, 0x38, 0x00, 0x00, 0xc0, 0x7f, 0x00,
    0x38, 0x00, 0x00, 0x00, 0xff, 0x01, 0x38, 0x00, 0x00, 0x00, 0xfc, 0x07, 0x3c, 0x00, 0x00, 0x00,
    0xf0, 0x1f, 0x1f, 0x00, 0x00, 0x00, 0x80, 0xff, 0x1f, 0x00, 0x00, 0x00, 0x00, 0xfe, 0x0f, 0x00,
    0x00, 0x00, 0x00, 0xfe, 0x03, 0x00, 0x00, 0x00, 0x80, 0xff, 0x00, 0x00, 0x00, 0x00, 0xf0, 0x1f,
    0x00, 0x00, 0x00, 0x00, 0xfc, 0x07, 0x00, 0x00, 0x00, 0x80, 0xff, 0x01, 0x00, 0x00, 0x00, 0xe0,
    0x7f, 0x00, 0x00, 0x00, 0x00, 0xfc, 0x0f, 0x00, 0x00, 0x00, 0x00, 0xfc, 0x03, 0x00, 0x00, 0x00,
    0x00, 0xfc, 0x00, 0x00, 0x00, 0x00, 0x00, 0x1c, 0x00, 0x00, 0x00, 0x00, 0x00, 0x04, 0x00, 0x00,
    0x00, 0x00, 0x00, 0x00, 0x00, 0x00, 0x00, 0x00, 0x00, 0x00, 0x00, 0x00, 0x00, 0x00, 0x00, 0x00,
    0x00, 0x00, 0x00, 0x00, 0x00, 0x00, 0xf0, 0x1f, 0x00, 0x00, 0x00, 0x00, 0xf8, 0x7f, 0x00, 0x00,
    0x00, 0x00, 0xfe, 0xff, 0x00, 0x00, 0x00, 0x00, 0x3f, 0xf8, 0x01, 0x00, 0x00, 0x00, 0x0f, 0xe0,
    0x01, 0x00, 0x00, 0x80, 0x07, 0xc0, 0x03, 0x00, 0x00, 0x80, 0x03, 0x80, 0x03, 0x00, 0x00, 0xc0,
    0x03, 0x80, 0x07, 0x00, 0x00, 0xc0, 0x01, 0x00, 0x07, 0x00, 0x00, 0xc0, 0x01, 0x00, 0x07, 0x00,
    0x00, 0xc0, 0x01, 0x00, 0x07, 0x00, 0x00, 0xc0, 0x01, 0x00, 0x07, 0x00, 0x00, 0xfc, 0xff, 0xff,
    0x7f, 0x00, 0x00, 0xfc, 0xff, 0xff, 0x7f, 0x00, 0x00, 0xfc, 0xff, 0xff, 0x7f, 0x00, 0x00, 0xc0,
    0x01, 0x00, 0x07, 0x00, 0x00, 0xc0, 0x01, 0x00, 0x07, 0x00, 0x00, 0xc0, 0x01, 0x00, 0x07, 0x00,
    0x00, 0xc0, 0x01, 0x00, 0x07, 0x00, 0x00, 0xc0, 0x03, 0x80, 0x07, 0x00, 0x00, 0x80, 0x03, 0x80,
    0x03, 0x00, 0x00, 0x80, 0x07, 0xc0, 0x03, 0x00, 0x00, 0x00, 0x0f, 0xe0, 0x01, 0x00, 0x00, 0x00,
    0x3f, 0xf8, 0x01, 0x00, 0x00, 0x00, 0xfe, 0xff, 0x00, 0x00, 0x00, 0x00, 0xfc, 0x7f, 0x00, 0x00,
    0x00, 0x00, 0xf0, 0x1f, 0x00, 0x00, 0x00, 0x00, 0x00, 0x00, 0x00, 0x00, 0x00, 0x00, 0x00, 0x00,
    0x00, 0x00, 0x00, 0x00, 0x00, 0x00, 0x20, 0x00, 0x00, 0x0c, 0x00, 0x00, 0x30, 0x00, 0x00, 0x1c,
    0x00, 0x00, 0x3c, 0x00, 0x00, 0x7c, 0x00, 0x00, 0x3e, 0x00, 0x00, 0xfc, 0x00, 0x80, 0x3f, 0x00,
    0x00, 0xf8, 0x03, 0xc0, 0x1f, 0x00, 0x00, 0xe0, 0x0f, 0xf0, 0x07, 0x00, 0x00, 0xc0, 0x1f, 0xf8,
    0x01, 0x00, 0x00, 0x00, 0x7f, 0xfe, 0x00, 0x00, 0x00, 0x00, 0xfe, 0x3f, 0x00, 0x00, 0x00, 0x00,
    0xf8, 0x1f, 0x00, 0x00, 0x00, 0x00, 0xe0, 0x07, 0x00, 0x00, 0x00, 0x00, 0xf8, 0x1f, 0x00, 0x00,
    0x00, 0x00, 0xfc, 0x3f, 0x00, 0x00, 0x00, 0x00, 0x7f, 0xfe, 0x00, 0x00, 0x00, 0x80, 0x1f, 0xfc,
    0x01, 0x00, 0x00, 0xe0, 0x0f, 0xf0, 0x07, 0x00, 0x00, 0xf8, 0x03, 0xe0, 0x0f, 0x00, 0x00, 0xfc,
    0x01, 0x80, 0x3f, 0x00, 0x00, 0x7c, 0x00, 0x00, 0x3e, 0x00, 0x00, 0x3c, 0x00, 0x00, 0x3c, 0x00,
    0x00, 0x0c, 0x00, 0x00, 0x30, 0x00, 0x00, 0x04, 0x00, 0x00, 0x20, 0x00, 0x00, 0x00, 0x00, 0x00,
    0x00, 0x00, 0x00, 0x00, 0x00, 0x00, 0x00, 0x00, 0x00, 0x00, 0x00, 0x00, 0x00, 0x00, 0x00, 0x00,
    0x00, 0x00, 0x00, 0x00, 0x00, 0xfc, 0xff, 0xff, 0x3f, 0x00, 0x00, 0xfc, 0xff, 0xff, 0x3f, 0x00,
    0x00, 0xfc, 0xff, 0xff, 0x3f, 0x00, 0x00, 0xfc, 0xff, 0xff, 0x3f, 0x00, 0x00, 0x00, 0x00, 0x00,
    0x38, 0x00, 0x00, 0x00, 0x00, 0x00, 0x38, 0x00, 0x00, 0x00, 0x00, 0x00, 0x38, 0x00, 0x00, 0x00,
    0x00, 0x00, 0x38, 0x00, 0x00, 0x00, 0x00, 0x00, 0x38, 0x00, 0x00, 0x00, 0x00, 0x00, 0x38, 0x00,
    0x00, 0x00, 0x00, 0x00, 0x38, 0x00, 0x00, 0x00, 0x00, 0x00, 0x38, 0x00, 0x00, 0x00, 0x00, 0x00,
    0x38, 0x00, 0x00, 0x00, 0x00, 0x00, 0x38, 0x00, 0x00, 0x00, 0x00, 0x00, 0x38, 0x00, 0x00, 0x00,
    0x00, 0x00, 0x38, 0x00, 0x00, 0x00, 0x00, 0x00, 0x38, 0x00, 0x00, 0x00, 0x00, 0x00, 0x38, 0x00,
    0x00, 0xfc, 0xff, 0xff, 0x3f, 0x00, 0x00, 0xfc, 0xff, 0xff, 0x3f, 0x00, 0x00, 0xfc, 0xff, 0xff,
    0x3f, 0x00, 0x00, 0xfc, 0xff, 0xff, 0xff, 0x1f, 0x00, 0x00, 0x00, 0x00, 0xf8, 0x1f, 0x00, 0x00,
    0x00, 0x00, 0xf8, 0x1f, 0x00, 0x00, 0x00, 0x00, 0xf8, 0x1f, 0x00, 0x00, 0x00, 0x00, 0x00, 0x00,
    0x00, 0x00, 0x00, 0x00, 0x00, 0x00, 0x00, 0x00, 0x00, 0x00, 0x00, 0x00, 0x00, 0x00, 0x00, 0x00,
    0x00, 0x00, 0x00, 0xfc, 0x3f, 0x00, 0x00, 0x00, 0x00, 0xfc, 0xff, 0x00, 0x00, 0x00, 0x00, 0xfc,
    0xff, 0x01, 0x00, 0x00, 0x00, 0xfc, 0xff, 0x03, 0x00, 0x00, 0x00, 0x00, 0xc0, 0x03, 0x00, 0x00,
    0x00, 0x00, 0x80, 0x07, 0x00, 0x00, 0x00, 0x00, 0x80, 0x07, 0x00, 0x00, 0x00, 0x00, 0x00, 0x07,
    0x00, 0x00, 0x00, 0x00, 0x00, 0x07, 0x00, 0x00, 0x00, 0x00, 0x00, 0x07, 0x00, 0x00, 0x00, 0x00,
    0x00, 0x07, 0x00, 0x00, 0x00, 0x00, 0x00, 0x07, 0x00, 0x00, 0x00, 0x00, 0x00, 0x07, 0x00, 0x00,
    0x00, 0x00, 0x00, 0x07, 0x00, 0x00, 0x00, 0x00, 0x80, 0x07, 0x00, 0x00, 0x00, 0x00, 0x80, 0x03,
    0x00, 0x00, 0x00, 0x00, 0x80, 0x03, 0x00, 0x00, 0x00, 0xfc, 0xff, 0xff, 0x3f, 0x00, 0x00, 0xfc,
    0xff, 0xff, 0x3f, 0x00, 0x00, 0xfc, 0xff, 0xff, 0x3f, 0x00, 0x00, 0xfc, 0xff, 0xff, 0x3f, 0x00,
    0x00, 0x00, 0x00, 0x00, 0x00, 0x00, 0x00, 0x00, 0x00, 0x00, 0x00, 0x00, 0x00, 0x00, 0x00, 0x00,
    0x00, 0x00, 0x00, 0x00, 0x00, 0x00, 0x00, 0x00, 0x00, 0xfc, 0xff, 0xff, 0x3f, 0x00, 0x00, 0xfc,
    0xff, 0xff, 0x3f, 0x00, 0x00, 0xfc, 0xff, 0xff, 0x3f, 0x00, 0x00, 0xfc, 0xff, 0xff, 0x3f, 0x00,
    0x00, 0x00, 0x00, 0x00, 0x38, 0x00, 0x00, 0x00, 0x00, 0x00, 0x38, 0x00, 0x00, 0x00, 0x00, 0x00,
    0x38, 0x00, 0x00, 0x00, 0x00, 0x00, 0x38, 0x00, 0x00, 0x00, 0x00, 0x00, 0x38, 0x00, 0x00, 0x00,
    0x00, 0x00, 0x38, 0x00, 0x00, 0x00, 0x00, 0x00, 0x38, 0x00, 0x00, 0x00, 0x00, 0x00, 0x38, 0x00,
    0x00, 0x00, 0x00, 0x00, 0x38, 0x00, 0x00, 0x00, 0x00, 0x00, 0x38, 0x00, 0x00, 0xfc, 0xff, 0xff,
    0x3f, 0x00, 0x00, 0xfc, 0xff, 0xff, 0x3f, 0x00, 0x00, 0xfc, 0xff, 0xff, 0x3f, 0x00, 0x00, 0xfc,
    0xff, 0xff, 0x3f, 0x00, 0x00, 0x00, 0x00, 0x00, 0x38, 0x00, 0x00, 0x00, 0x00, 0x00, 0x38, 0x00,
    0x00, 0x00, 0x00, 0x00, 0x38, 0x00, 0x00, 0x00, 0x00, 0x00, 0x38, 0x00, 0x00, 0x00, 0x00, 0x00,
    0x38, 0x00, 0x00, 0x00, 0x00, 0x00, 0x38, 0x00, 0x00, 0x00, 0x00, 0x00, 0x38, 0x00, 0x00, 0x00,
    0x00, 0x00, 0x38, 0x00, 0x00, 0x00, 0x00, 0x00, 0x38, 0x00, 0x00, 0xfc, 0xff, 0xff, 0x3f, 0x00,
    0x00, 0xfc, 0xff, 0xff, 0x3f, 0x00, 0x00, 0xfc, 0xff, 0xff, 0x3f, 0x00, 0x00, 0xfc, 0xff, 0xff,
    0x3f, 0x00, 0x00, 0x00, 0x00, 0x00, 0x00, 0x00, 0x00, 0x00, 0x00, 0x00, 0x00, 0x00, 0x00, 0x00,
    0x00, 0x00, 0x00, 0x00, 0x00, 0x00, 0x00, 0x00, 0x00, 0x00, 0x00, 0xfc, 0xff, 0xff, 0x3f, 0x00,
    0x00, 0xfc, 0xff, 0xff, 0x3f, 0x00, 0x00, 0xfc, 0xff, 0xff, 0x3f, 0x00, 0x00, 0xfc, 0xff, 0xff,
    0x3f, 0x00, 0x00, 0x00, 0x00, 0x00, 0x38, 0x00, 0x00, 0x00, 0x00, 0x00, 0x38, 0x00, 0x00, 0x00,
    0x00, 0x00, 0x38, 0x00, 0x00, 0x00, 0x00, 0x00, 0x38, 0x00, 0x00, 0x00, 0x00, 0x00, 0x38, 0x00,
    0x00, 0x00, 0x00, 0x00, 0x38, 0x00, 0x00, 0x00, 0x00, 0x00, 0x38, 0x00, 0x00, 0x00, 0x00, 0x00,
    0x38, 0x00, 0x00, 0x00, 0x00, 0x00, 0x38, 0x00, 0x00, 0x00, 0x00, 0x00, 0x38, 0x00, 0x00, 0xfc,
    0xff, 0xff, 0x3f, 0x00, 0x00, 0xfc, 0xff, 0xff, 0x3f, 0x00, 0x00, 0xfc, 0xff, 0xff, 0x3f, 0x00,
    0x00, 0xfc, 0xff, 0xff, 0x3f, 0x00, 0x00, 0x00, 0x00, 0x00, 0x38, 0x00, 0x00, 0x00, 0x00, 0x00,
    0x38, 0x00, 0x00, 0x00, 0x00, 0x00, 0x38, 0x00, 0x00, 0x00, 0x00, 0x00, 0x38, 0x00, 0x00, 0x00,
    0x00, 0x00, 0x38, 0x00, 0x00, 0x00, 0x00, 0x00, 0x38, 0x00, 0x00, 0x00, 0x00, 0x00, 0x38, 0x00,
    0x00, 0x00, 0x00, 0x00, 0x38, 0x00, 0x00, 0x00, 0x00, 0x00, 0x38, 0x00, 0x00, 0xfc, 0xff, 0xff,
    0x3f, 0x00, 0x00, 0xfc, 0xff, 0xff, 0x3f, 0x00, 0x00, 0xfc, 0xff, 0xff, 0x3f, 0x00, 0x00, 0xfc,
    0xff, 0xff, 0xff, 0x1f, 0x00, 0x00, 0x00, 0x00, 0xf8, 0x1f, 0x00, 0x00, 0x00, 0x00, 0xf8, 0x1f,
    0x00, 0x00, 0x00, 0x00, 0xf8, 0x1f, 0x00, 0x00, 0x00, 0x00, 0x00, 0x00, 0x00, 0x1c, 0x00, 0x00,
    0x00, 0x00, 0x00, 0x1c, 0x00, 0x00, 0x00, 0x00, 0x00, 0x1c, 0x00, 0x00, 0x00, 0x00, 0x00, 0x1c,
    0x00, 0x00, 0x00, 0x00, 0x00, 0x1c, 0x00, 0x00, 0x00, 0x00, 0x00, 0x1c, 0x00, 0x00, 0x00, 0x00,
    0x00, 0x1c, 0x00, 0x00, 0x00, 0x00, 0x00, 0x1c, 0x00, 0x00, 0x00, 0x00, 0x00, 0xfc, 0xff, 0xff,
    0x3f, 0x00, 0x00, 0xfc, 0xff, 0xff, 0x3f, 0x00, 0x00, 0xfc, 0xff, 0xff, 0x3f, 0x00, 0x00, 0xfc,
    0xff, 0xff, 0x3f, 0x00, 0x00, 0x00, 0xe0, 0x00, 0x38, 0x00, 0x00, 0x00, 0xe0, 0x00, 0x38, 0x00,
    0x00, 0x00, 0xe0, 0x00, 0x38, 0x00, 0x00, 0x00, 0xe0, 0x00, 0x38, 0x00, 0x00, 0x00, 0xe0, 0x00,
    0x38, 0x00, 0x00, 0x00, 0xe0, 0x00, 0x38, 0x00, 0x00, 0x00, 0xe0, 0x00, 0x38, 0x00, 0x00, 0x00,
    0xe0, 0x00, 0x38, 0x00, 0x00, 0x00, 0xe0, 0x00, 0x38, 0x00, 0x00, 0x00, 0xe0, 0x00, 0x38, 0x00,
    0x00, 0x00, 0xe0, 0x01, 0x3c, 0x00, 0x00, 0x00, 0xc0, 0x03, 0x1e, 0x00, 0x00, 0x00, 0xc0, 0x87,
    0x1f, 0x00, 0x00, 0x00, 0x80, 0xff, 0x0f, 0x00, 0x00, 0x00, 0x00, 0xff, 0x07, 0x00, 0x00, 0x00,
    0x00, 0xfe, 0x03, 0x00, 0x00, 0x00, 0x00, 0x70, 0x00, 0x00, 0x00, 0x00, 0x00, 0x00, 0x00, 0x00,
    0x00, 0x00, 0x00, 0x00, 0x00, 0x00, 0x00, 0x00, 0x00, 0x00, 0x00, 0x00, 0x00, 0x00, 0x00, 0x00,
    0x00, 0x00, 0x00, 0xfc, 0xff, 0xff, 0x3f, 0x00, 0x00, 0xfc, 0xff, 0xff, 0x3f, 0x00, 0x00, 0xfc,
    0xff, 0xff, 0x3f, 0x00, 0x00, 0xfc, 0xff, 0xff, 0x3f, 0x00, 0x00, 0x00, 0xe0, 0x00, 0x38, 0x00,
    0x00, 0x00, 0xe0, 0x00, 0x38, 0x00, 0x00, 0x00, 0xe0, 0x00, 0x38, 0x00, 0x00, 0x00, 0xe0, 0x00,
    0x38, 0x00, 0x00, 0x00, 0xe0, 0x00, 0x38, 0x00, 0x00, 0x00, 0xe0, 0x00, 0x38, 0x00, 0x00, 0x00,
    0xe0, 0x00, 0x38, 0x00, 0x00, 0x00, 0xe0, 0x00, 0x38, 0x00, 0x00, 0x00, 0xe0, 0x00, 0x38, 0x00,
    0x00, 0x00, 0xe0, 0x00, 0x38, 0x00, 0x00, 0x00, 0xe0, 0x01, 0x3c, 0x00, 0x00, 0x00, 0xc0, 0x01,
    0x1e, 0x00, 0x00, 0x00, 0xc0, 0x07, 0x1f, 0x00, 0x00, 0x00, 0x80, 0xff, 0x0f, 0x00, 0x00, 0x00,
    0x80, 0xff, 0x07, 0x00, 0x00, 0x00, 0x00, 0xfe, 0x03, 0x00, 0x00, 0x00, 0x00, 0xf8, 0x00, 0x00,
    0x00, 0x00, 0x00, 0x00, 0x00, 0x00, 0x00, 0x00, 0x00, 0x00, 0x00, 0x00, 0x00, 0x00, 0x00, 0x00,
    0x00, 0x00, 0x00, 0xfc, 0xff, 0xff, 0x3f, 0x00, 0x00, 0xfc, 0xff, 0xff, 0x3f, 0x00, 0x00, 0xfc,
    0xff, 0xff, 0x3f, 0x00, 0x00, 0xfc, 0xff, 0xff, 0x3f, 0x00, 0x00, 0x00, 0x00, 0x00, 0x00, 0x00,
    0x00, 0x00, 0x00, 0x00, 0x00, 0x00, 0x00, 0x00, 0x00, 0x00, 0x00, 0x00, 0x00, 0x00, 0x00, 0x00,
    0x00, 0x00, 0x00, 0xfc, 0xff, 0xff, 0x3f, 0x00, 0x00, 0xfc, 0xff, 0xff, 0x3f, 0x00, 0x00, 0xfc,
    0xff, 0xff, 0x3f, 0x00, 0x00, 0xfc, 0xff, 0xff, 0x3f, 0x00, 0x00, 0x00, 0xe0, 0x00, 0x38, 0x00,
    0x00, 0x00, 0xe0, 0x00, 0x38, 0x00, 0x00, 0x00, 0xe0, 0x00, 0x38, 0x00, 0x00, 0x00, 0xe0, 0x00,
    0x38, 0x00, 0x00, 0x00, 0xe0, 0x00, 0x38, 0x00, 0x00, 0x00, 0xe0, 0x00, 0x38, 0x00, 0x00, 0x00,
    0xe0, 0x00, 0x38, 0x00, 0x00, 0x00, 0xe0, 0x00, 0x38, 0x00, 0x00, 0x00, 0xe0, 0x00, 0x38, 0x00,
    0x00, 0x00, 0xe0, 0x00, 0x3c, 0x00, 0x00, 0x00, 0xe0, 0x01, 0x3c, 0x00, 0x00, 0x00, 0xc0, 0x03,
    0x1e, 0x00, 0x00, 0x00, 0xc0, 0x8f, 0x1f, 0x00, 0x00, 0x00, 0x80, 0xff, 0x0f, 0x00, 0x00, 0x00,
    0x00, 0xff, 0x07, 0x00, 0x00, 0x00, 0x00, 0xfe, 0x03, 0x00, 0x00, 0x00, 0x00, 0x00, 0x00, 0x00,
    0x00, 0x00, 0x00, 0x00, 0x00, 0x00, 0x00, 0x00, 0x00, 0x00, 0x00, 0x00, 0x00, 0x00, 0x00, 0x00,
    0x00, 0x00, 0x00, 0x00, 0x0e, 0xe0, 0x00, 0x00, 0x00, 0x80, 0x0f, 0xe0, 0x03, 0x00, 0x00, 0xe0,
    0x0f, 0xe0, 0x07, 0x00, 0x00, 0xf0, 0x0f, 0xe0, 0x0f, 0x00, 0x00, 0xf0, 0x01, 0x00, 0x1f, 0x00,
    0x00, 0x78, 0x00, 0x00, 0x1e, 0x00, 0x00, 0x38, 0x00, 0x00, 0x1c, 0x00, 0x00, 0x3c, 0x80, 0x03,
    0x3c, 0x00, 0x00, 0x1c, 0x80, 0x03, 0x38, 0x00, 0x00, 0x1c, 0x80, 0x03, 0x38, 0x00, 0x00, 0x1c,
    0x80, 0x03, 0x38, 0x00, 0x00, 0x1c, 0x80, 0x03, 0x38, 0x00, 0x00, 0x1c, 0x80, 0x03, 0x38, 0x00,
    0x00, 0x3c, 0x80, 0x03, 0x3c, 0x00, 0x00, 0x38, 0x80, 0x03, 0x1c, 0x00, 0x00, 0x78, 0x80, 0x03,
    0x1e, 0x00, 0x00, 0xf0, 0x80, 0x03, 0x0f, 0x00, 0x00, 0xf0, 0x87, 0xe3, 0x0f, 0x00, 0x00, 0xe0,
    0xff, 0xff, 0x07, 0x00, 0x00, 0xc0, 0xff, 0xff, 0x03, 0x00, 0x00, 0x00, 0xff, 0xff, 0x00, 0x00,
    0x00, 0x00, 0xf0, 0x0f, 0x00, 0x00, 0x00, 0x00, 0x00, 0x00, 0x00, 0x00, 0x00, 0x00, 0x00, 0x00,
    0x00, 0x00, 0x00, 0x00, 0x00, 0x00, 0x00, 0x00, 0x00, 0x00, 0x00, 0x00, 0x00, 0x00, 0x00, 0x00,
    0x00, 0x00, 0x00, 0x00, 0x00, 0xfc, 0xff, 0xff, 0x3f, 0x00, 0x00, 0xfc, 0xff, 0xff, 0x3f, 0x00,
    0x00, 0xfc, 0xff, 0xff, 0x3f, 0x00, 0x00, 0x00, 0x80, 0x03, 0x00, 0x00, 0x00, 0x00, 0x80, 0x03,
    0x00, 0x00, 0x00, 0x00, 0x80, 0x03, 0x00, 0x00, 0x00, 0x00, 0x80, 0x03, 0x00, 0x00, 0x00, 0x00,
    0xe0, 0x07, 0x00, 0x00, 0x00, 0x00, 0xfe, 0x7f, 0x00, 0x00, 0x00, 0x80, 0xff, 0xff, 0x01, 0x00,
    0x00, 0xc0, 0xff, 0xff, 0x03, 0x00, 0x00, 0xe0, 0x0f, 0xf0, 0x07, 0x00, 0x00, 0xf0, 0x01, 0x80,
    0x0f, 0x00, 0x00, 0xf8, 0x00, 0x00, 0x1e, 0x00, 0x00, 0x78, 0x00, 0x00, 0x1e, 0x00, 0x00, 0x3c,
    0x00, 0x00, 0x3c, 0x00, 0x00, 0x3c, 0x00, 0x00, 0x3c, 0x00, 0x00, 0x1c, 0x00, 0x00, 0x38, 0x00,
    0x00, 0x1c, 0x00, 0x00, 0x38, 0x00, 0x00, 0x1c, 0x00, 0x00, 0x38, 0x00, 0x00, 0x1c, 0x00, 0x00,
    0x38, 0x00, 0x00, 0x3c, 0x00, 0x00, 0x3c, 0x00, 0x00, 0x38, 0x00, 0x00, 0x1c, 0x00, 0x00, 0x78,
    0x00, 0x00, 0x1e, 0x00, 0x00, 0xf8, 0x00, 0x00, 0x1f, 0x00, 0x00, 0xf0, 0x01, 0x80, 0x0f, 0x00,
    0x00, 0xe0, 0x3f, 0xfc, 0x07, 0x00, 0x00, 0xc0, 0xff, 0xff, 0x03, 0x00, 0x00, 0x80, 0xff, 0xff,
    0x01, 0x00, 0x00, 0x00, 0xfc, 0x3f, 0x00, 0x00, 0x00, 0x00, 0x00, 0x00, 0x00, 0x00, 0x00, 0x00,
    0x00, 0x00, 0x00, 0x00, 0x00, 0x00, 0x00, 0x00, 0x00, 0x00, 0x00, 0x00, 0x00, 0x00, 0x20, 0x00,
    0x00, 0x80, 0x3f, 0x00, 0x38, 0x00, 0x00, 0xe0, 0x7f, 0x00, 0x3e, 0x00, 0x00, 0xf0, 0xff, 0x80,
    0x3f, 0x00, 0x00, 0xf8, 0xff, 0xe1, 0x1f, 0x00, 0x00, 0x78, 0xc0, 0xf3, 0x07, 0x00, 0x00, 0x38,
    0x80, 0xff, 0x01, 0x00, 0x00, 0x3c, 0x80, 0x7f, 0x00, 0x00, 0x00, 0x1c, 0x00, 0x1f, 0x00, 0x00,
    0x00, 0x1c, 0x00, 0x07, 0x00, 0x00, 0x00, 0x1c, 0x00, 0x07, 0x00, 0x00, 0x00, 0x1c, 0x00, 0x07,
    0x00, 0x00, 0x00, 0x1c, 0x00, 0x07, 0x00, 0x00, 0x00, 0x1c, 0x00, 0x07, 0x00, 0x00, 0x00, 0x1c,
    0x00, 0x07, 0x00, 0x00, 0x00, 0x1c, 0x00, 0x07, 0x00, 0x00, 0x00, 0xfc, 0xff, 0xff, 0x3f, 0x00,
    0x00, 0xfc, 0xff, 0xff, 0x3f, 0x00, 0x00, 0xfc, 0xff, 0xff, 0x3f, 0x00, 0x00, 0xfc, 0xff, 0xff,
    0x3f, 0x00, 0x00, 0x00, 0x00, 0x00, 0x00, 0x00, 0x00, 0x00, 0x00, 0x00, 0x00, 0x00, 0x00, 0x00,
    0x00, 0x00, 0x00, 0x00, 0x00, 0x00, 0x00, 0xe0, 0x03, 0x00, 0x00, 0x00, 0x70, 0xf0, 0x0f, 0x00,
    0x00, 0x00, 0x78, 0xf8, 0x1f, 0x00, 0x00, 0x00, 0x7c, 0xfc, 0x1f, 0x00, 0x00, 0x00, 0x3c, 0x1c,
    0x3e, 0x00, 0x00, 0x00, 0x1c, 0x0e, 0x3c, 0x00, 0x00, 0x00, 0x0e, 0x0e, 0x38, 0x00, 0x00, 0x00,
    0x0e, 0x0e, 0x38, 0x00, 0x00, 0x00, 0x0e, 0x0e, 0x38, 0x00, 0x00, 0x00, 0x0e, 0x0e, 0x38, 0x00,
    0x00, 0x00, 0x0e, 0x0e, 0x1c, 0x00, 0x00, 0x00, 0x1e, 0x0e, 0x1c, 0x00, 0x00, 0x00, 0x3c, 0x0e,
    0x0e, 0x00, 0x00, 0x00, 0xfc, 0xff, 0x1f, 0x00, 0x00, 0x00, 0xf8, 0xff, 0x3f, 0x00, 0x00, 0x00,
    0xf0, 0xff, 0x3f, 0x00, 0x00, 0x00, 0xc0, 0xff, 0x3f, 0x00, 0x00, 0x00, 0x00, 0x00, 0x20, 0x00,
    0x00, 0x00, 0x00, 0x00, 0x00, 0x00, 0x00, 0x00, 0x00, 0x00, 0x00, 0x00, 0x00, 0x00, 0x00, 0x00,
    0x00, 0x00, 0x00, 0x00, 0xe0, 0xff, 0x00, 0x00, 0x00, 0x00, 0xfc, 0xff, 0x03, 0x00, 0x00, 0x00,
    0xff, 0xff, 0x07, 0x00, 0x00, 0xc0, 0xef, 0xff, 0x0f, 0x00, 0x00, 0xe0, 0xf3, 0x00, 0x1f, 0x00,
    0x00, 0xe0, 0x39, 0x00, 0x1c, 0x00, 0x00, 0xf0, 0x38, 0x00, 0x3c, 0x00, 0x00, 0x70, 0x1c, 0x00,
    0x38, 0x00, 0x00, 0x78, 0x1c, 0x00, 0x38, 0x00, 0x00, 0x38, 0x1c, 0x00, 0x38, 0x00, 0x00, 0x38,
    0x1c, 0x00, 0x38, 0x00, 0x00, 0x38, 0x1c, 0x00, 0x38, 0x00, 0x00, 0x3c, 0x3c, 0x00, 0x3c, 0x00,
    0x00, 0x3c, 0x78, 0x00, 0x1e, 0x00, 0x00, 0x1f, 0xf8, 0x80, 0x1f, 0x00, 0x00, 0x1f, 0xf0, 0xff,
    0x0f, 0x00, 0x00, 0x07, 0xe0, 0xff, 0x07, 0x00, 0x00, 0x00, 0xc0, 0xff, 0x01, 0x00, 0x00, 0x00,
    0x00, 0x7e, 0x00, 0x00, 0x00, 0x00, 0x00, 0x00, 0x00, 0x00, 0x00, 0x00, 0x00, 0x00, 0x00, 0x00,
    0x00, 0x00, 0x00, 0x00, 0x00, 0x00, 0x00, 0x00, 0x00, 0x00, 0x00, 0x00, 0x00, 0x00, 0xfe, 0xff,
    0x3f, 0x00, 0x00, 0x00, 0xfe, 0xff, 0x3f, 0x00, 0x00, 0x00, 0xfe, 0xff, 0x3f, 0x00, 0x00, 0x00,
    0xfe, 0xff, 0x3f, 0x00, 0x00, 0x00, 0x0e, 0x1c, 0x38, 0x00, 0x00, 0x00, 0x0e, 0x1c, 0x38, 0x00,
    0x00, 0x00, 0x0e, 0x1c, 0x38, 0x00, 0x00, 0x00, 0x0e, 0x1c, 0x38, 0x00, 0x00, 0x00, 0x0e, 0x1c,
    0x38, 0x00, 0x00, 0x00, 0x0e, 0x1c, 0x38, 0x00, 0x00, 0x00, 0x0e, 0x1c, 0x38, 0x00, 0x00, 0x00,
    0x0e, 0x1c, 0x38, 0x00, 0x00, 0x00, 0x1e, 0x3e, 0x38, 0x00, 0x00, 0x00, 0xfc, 0x3f, 0x1c, 0x00,
    0x00, 0x00, 0xfc, 0xf7, 0x1f, 0x00, 0x00, 0x00, 0xf8, 0xf3, 0x1f, 0x00, 0x00, 0x00, 0xf0, 0xe1,
    0x0f, 0x00, 0x00, 0x00, 0x00, 0xc0, 0x03, 0x00, 0x00, 0x00, 0x00, 0x00, 0x00, 0x00, 0x00, 0x00,
    0x00, 0x00, 0x00, 0x00, 0x00, 0x00, 0x00, 0x00, 0x00, 0x00, 0x00, 0x00, 0x00, 0x00, 0x00, 0x00,
    0x00, 0x00, 0xfe, 0xff, 0x3f, 0x00, 0x00, 0x00, 0xfe, 0xff, 0x3f, 0x00, 0x00, 0x00, 0xfe, 0xff,
    0x3f, 0x00, 0x00, 0x00, 0xfe, 0xff, 0x3f, 0x00, 0x00, 0x00, 0x0e, 0x00, 0x00, 0x00, 0x00, 0x00,
    0x0e, 0x00, 0x00, 0x00, 0x00, 0x00, 0x0e, 0x00, 0x00, 0x00, 0x00, 0x00, 0x0e, 0x00, 0x00, 0x00,
    0x00, 0x00, 0x0e, 0x00, 0x00, 0x00, 0x00, 0x00, 0x0e, 0x00, 0x00, 0x00, 0x00, 0x00, 0x0e, 0x00,
    0x00, 0x00, 0x00, 0x00, 0x0e, 0x00, 0x00, 0x00, 0x00, 0x00, 0x0e, 0x00, 0x00, 0x00, 0x00, 0x00,
    0x00, 0x00, 0x00, 0x00, 0x00, 0x00, 0x00, 0x00, 0x00, 0x00, 0x00, 0x00, 0x00, 0x00, 0xf8, 0x0f,
    0x00, 0x00, 0x00, 0x00, 0xf8, 0x0f, 0x00, 0x00, 0x00, 0x00, 0xfc, 0x0f, 0x00, 0x00, 0x00, 0x00,
    0xff, 0x0f, 0x00, 0x00, 0x00, 0xc0, 0x3f, 0x00, 0x00, 0x00, 0xfc, 0xff, 0x3f, 0x00, 0x00, 0x00,
    0xfe, 0xff, 0x3b, 0x00, 0x00, 0x00, 0xfe, 0xff, 0x38, 0x00, 0x00, 0x00, 0xfe, 0x0f, 0x38, 0x00,
    0x00, 0x00, 0x0e, 0x00, 0x38, 0x00, 0x00, 0x00, 0x0e, 0x00, 0x38, 0x00, 0x00, 0x00, 0x0e, 0x00,
    0x38, 0x00, 0x00, 0x00, 0x0e, 0x00, 0x38, 0x00, 0x00, 0x00, 0x0e, 0x00, 0x38, 0x00, 0x00, 0x00,
    0x0e, 0x00, 0x38, 0x00, 0x00, 0x00, 0x0e, 0x00, 0x38, 0x00, 0x00, 0x00, 0xfe, 0xff, 0x3f, 0x00,
    0x00, 0x00, 0xfe, 0xff, 0x3f, 0x00, 0x00, 0x00, 0xfe, 0xff, 0xff, 0x0f, 0x00, 0x00, 0x00, 0x00,
    0xf8, 0x0f, 0x00, 0x00, 0x00, 0x00, 0xf8, 0x0f, 0x00, 0x00, 0x00, 0x00, 0xf8, 0x0f, 0x00, 0x00,
    0x00, 0x00, 0x00, 0x00, 0x00, 0x00, 0x00, 0x00, 0x00, 0x00, 0x00, 0x00, 0x00, 0x00, 0x00, 0x00,
    0x00, 0x00, 0x80, 0xff, 0x00, 0x00, 0x00, 0x00, 0xe0, 0xff, 0x03, 0x00, 0x00, 0x00, 0xf0, 0xff,
    0x07, 0x00, 0x00, 0x00, 0xf8, 0xef, 0x0f, 0x00, 0x00, 0x00, 0x7c, 0x0e, 0x1f, 0x00, 0x00, 0x00,
    0x1c, 0x0e, 0x1e, 0x00, 0x00, 0x00, 0x1e, 0x0e, 0x3c, 0x00, 0x00, 0x00, 0x0e, 0x0e, 0x38, 0x00,
    0x00, 0x00, 0x0e, 0x0e, 0x38, 0x00, 0x00, 0x00, 0x0e, 0x0e, 0x38, 0x00, 0x00, 0x00, 0x0e, 0x0e,
    0x38, 0x00, 0x00, 0x00, 0x0e, 0x0e, 0x38, 0x00, 0x00, 0x00, 0x1c, 0x0e, 0x3c, 0x00, 0x00, 0x00,
    0x3c, 0x0e, 0x1c, 0x00, 0x00, 0x00, 0xf8, 0x0f, 0x1e, 0x00, 0x00, 0x00, 0xf0, 0x0f, 0x0f, 0x00,
    0x00, 0x00, 0xe0, 0x0f, 0x06, 0x00, 0x00, 0x00, 0x00, 0x0f, 0x00, 0x00, 0x00, 0x00, 0x00, 0x00,
    0x00, 0x00, 0x00, 0x00, 0x00, 0x00, 0x00, 0x00, 0x00, 0x00, 0x02, 0x00, 0x30, 0x00, 0x00, 0x00,
    0x06, 0x00, 0x38, 0x00, 0x00, 0x00, 0x1e, 0x00, 0x3c, 0x00, 0x00, 0x00, 0x3e, 0x00, 0x3f, 0x00,
    0x00, 0x00, 0xfe, 0x80, 0x1f, 0x00, 0x00, 0x00, 0xf8, 0xe1, 0x0f, 0x00, 0x00, 0x00, 0xf0, 0xf7,
    0x03, 0x00, 0x00, 0x00, 0xc0, 0xff, 0x01, 0x00, 0x00, 0x00, 0x80, 0x7f, 0x00, 0x00, 0x00, 0x00,
    0x00, 0x3e, 0x00, 0x00, 0x00, 0x00, 0x00, 0x1c, 0x00, 0x00, 0x00, 0x00, 0x00, 0x1c, 0x00, 0x00,
    0x00, 0x00, 0xfe, 0xff, 0x3f, 0x00, 0x00, 0x00, 0xfe, 0xff, 0x3f, 0x00, 0x00, 0x00, 0xfe, 0xff,
    0x3f, 0x00, 0x00, 0x00, 0xfe, 0xff, 0x3f, 0x00, 0x00, 0x00, 0x00, 0x1c, 0x00, 0x00, 0x00, 0x00,
    0x00, 0x1c, 0x00, 0x00, 0x00, 0x00, 0x00, 0x1c, 0x00, 0x00, 0x00, 0x00, 0x00, 0x3f, 0x00, 0x00,
    0x00, 0x00, 0x80, 0xff, 0x00, 0x00, 0x00, 0x00, 0xe0, 0xff, 0x01, 0x00, 0x00, 0x00, 0xf8, 0xe3,
    0x07, 0x00, 0x00, 0x00, 0xfc, 0xc0, 0x0f, 0x00, 0x00, 0x00, 0x7e, 0x80, 0x3f, 0x00, 0x00, 0x00,
    0x1e, 0x00, 0x3e, 0x00, 0x00, 0x00, 0x0e, 0x00, 0x3c, 0x00, 0x00, 0x00, 0x02, 0x00, 0x30, 0x00,
    0x00, 0x00, 0x00, 0x00, 0x20, 0x00, 0x00, 0x00, 0x00, 0x00, 0x00, 0x00, 0x00, 0x00, 0x00, 0x00,
    0x00, 0x00, 0x00, 0x00, 0x00, 0x00, 0x00, 0x00, 0x00, 0x00, 0x60, 0x80, 0x03, 0x00, 0x00, 0x00,
    0x78, 0x80, 0x0f, 0x00, 0x00, 0x00, 0x78, 0x80, 0x0f, 0x00, 0x00, 0x00, 0x7c, 0x00, 0x1f, 0x00,
    0x00, 0x00, 0x1c, 0x00, 0x1c, 0x00, 0x00, 0x00, 0x0e, 0x1c, 0x3c, 0x00, 0x00, 0x00, 0x0e, 0x1c,
    0x38, 0x00, 0x00, 0x00, 0x0e, 0x1c, 0x38, 0x00, 0x00, 0x00, 0x0e, 0x1c, 0x38, 0x00, 0x00, 0x00,
    0x0e, 0x1c, 0x38, 0x00, 0x00, 0x00, 0x0e, 0x1c, 0x38, 0x00, 0x00, 0x00, 0x1e, 0x3e, 0x3c, 0x00,
    0x00, 0x00, 0xfc, 0x7f, 0x1e, 0x00, 0x00, 0x00, 0xfc, 0xf7, 0x1f, 0x00, 0x00, 0x00, 0xf8, 0xf3,
    0x0f, 0x00, 0x00, 0x00, 0xf0, 0xe1, 0x07, 0x00, 0x00, 0x00, 0x00, 0x00, 0x00, 0x00, 0x00, 0x00,
    0x00, 0x00, 0x00, 0x00, 0x00, 0x00, 0x00, 0x00, 0x00, 0x00, 0x00, 0x00, 0x00, 0x00, 0x00, 0x00,
    0x00, 0x00, 0xfe, 0xff, 0x3f, 0x00, 0x00, 0x00, 0xfe, 0xff, 0x3f, 0x00, 0x00, 0x00, 0xfe, 0xff,
    0x3f, 0x00, 0x00, 0x00, 0xfe, 0xff, 0x3f, 0x00, 0x00, 0x00, 0x00, 0x80, 0x1f, 0x00, 0x00, 0x00,
    0x00, 0xe0, 0x07, 0x00, 0x00, 0x00, 0x00, 0xf0, 0x03, 0x00, 0x00, 0x00, 0x00, 0xfc, 0x00, 0x00,
    0x00, 0x00, 0x00, 0x3e, 0x00, 0x00, 0x00, 0x00, 0x80, 0x1f, 0x00, 0x00, 0x00, 0x00, 0xc0, 0x07,
    0x00, 0x00, 0x00, 0x00, 0xf0, 0x03, 0x00, 0x00, 0x00, 0x00, 0xfc, 0x00, 0x00, 0x00, 0x00, 0x00,
    0xfe, 0xff, 0x3f, 0x00, 0x00, 0x00, 0xfe, 0xff, 0x3f, 0x00, 0x00, 0x00, 0xfe, 0xff, 0x3f, 0x00,
    0x00, 0x00, 0xfe, 0xff, 0x3f, 0x00, 0x00, 0x00, 0x00, 0x00, 0x00, 0x00, 0x00, 0x00, 0x00, 0x00,
    0x00, 0x00, 0x00, 0x00, 0x00, 0x00, 0x00, 0x00, 0x00, 0x00, 0x00, 0x00, 0x00, 0x00, 0x00, 0x00,
    0xfe, 0xff, 0x3f, 0x00, 0x00, 0x00, 0xfe, 0xff, 0x3f, 0x00, 0x00, 0x00, 0xfe, 0xff, 0x3f, 0x00,
    0x00, 0x1c, 0xfe, 0xff, 0x3f, 0x00, 0x00, 0x3c, 0x00, 0x80, 0x1f, 0x00, 0x00, 0x7c, 0x00, 0xe0,
    0x07, 0x00, 0x00, 0x70, 0x00, 0xf0, 0x03, 0x00, 0x00, 0x60, 0x00, 0xfc, 0x00, 0x00, 0x00, 0x60,
    0x00, 0x3e, 0x00, 0x00, 0x00, 0x60, 0x80, 0x1f, 0x00, 0x00, 0x00, 0x70, 0xc0, 0x07, 0x00, 0x00,
    0x00, 0x3c, 0xf0, 0x03, 0x00, 0x00, 0x00, 0x3c, 0xfc, 0x00, 0x00, 0x00, 0x00, 0x1c, 0xfe, 0xff,
    0x3f, 0x00, 0x00, 0x00, 0xfe, 0xff, 0x3f, 0x00, 0x00, 0x00, 0xfe, 0xff, 0x3f, 0x00, 0x00, 0x00,
    0xfe, 0xff, 0x3f, 0x00, 0x00, 0x00, 0x00, 0x00, 0x00, 0x00, 0x00, 0x00, 0x00, 0x00, 0x00, 0x00,
    0x00, 0x00, 0x00, 0x00, 0x00, 0x00, 0x00, 0x00, 0x00, 0x00, 0x00, 0x00, 0x00, 0x00, 0xfe, 0xff,
    0x3f, 0x00, 0x00, 0x00, 0xfe, 0xff, 0x3f, 0x00, 0x00, 0x00, 0xfe, 0xff, 0x3f, 0x00, 0x00, 0x00,
    0xfe, 0xff, 0x3f, 0x00, 0x00, 0x00, 0x00, 0x1c, 0x00, 0x00, 0x00, 0x00, 0x00, 0x1c, 0x00, 0x00,
    0x00, 0x00, 0x00, 0x1e, 0x00, 0x00, 0x00, 0x00, 0x00, 0x3f, 0x00, 0x00, 0x00, 0x00, 0x80, 0xff,
    0x00, 0x00, 0x00, 0x00, 0xc0, 0xff, 0x01, 0x00, 0x00, 0x00, 0xf0, 0xe1, 0x03, 0x00, 0x00, 0x00,
    0xf8, 0xc0, 0x07, 0x00, 0x00, 0x00, 0x7c, 0x80, 0x1f, 0x00, 0x00, 0x00, 0x3e, 0x00, 0x3f, 0x00,
    0x00, 0x00, 0x1e, 0x00, 0x3e, 0x00, 0x00, 0x00, 0x06, 0x00, 0x38, 0x00, 0x00, 0x00, 0x02, 0x00,
    0x30, 0x00, 0x00, 0x00, 0x00, 0x00, 0x20, 0x00, 0x00, 0x00, 0x00, 0x00, 0x00, 0x00, 0x00, 0x00,
    0x00, 0x00, 0x00, 0x00, 0x00, 0x00, 0x00, 0x00, 0x38, 0x00, 0x00, 0x00, 0x00, 0x00, 0x38, 0x00,
    0x00, 0x00, 0x00, 0x00, 0x3c, 0x00, 0x00, 0x00, 0x00, 0x00, 0x3e, 0x00, 0x00, 0x00, 0x80, 0xff,
    0x1f, 0x00, 0x00, 0x00, 0xfe, 0xff, 0x0f, 0x00, 0x00, 0x00, 0xfe, 0xff, 0x07, 0x00, 0x00, 0x00,
    0xfe, 0x7f, 0x00, 0x00, 0x00, 0x00, 0x0e, 0x00, 0x00, 0x00, 0x00, 0x00, 0x0e, 0x00, 0x00, 0x00,
    0x00, 0x00, 0x0e, 0x00, 0x00, 0x00, 0x00, 0x00, 0x0e, 0x00, 0x00, 0x00, 0x00, 0x00, 0x0e, 0x00,
    0x00, 0x00, 0x00, 0x00, 0x0e, 0x00, 0x00, 0x00, 0x00, 0x00, 0x0e, 0x00, 0x00, 0x00, 0x00, 0x00,
    0xfe, 0xff, 0x3f, 0x00, 0x00, 0x00, 0xfe, 0xff, 0x3f, 0x00, 0x00, 0x00, 0xfe, 0xff, 0x3f, 0x00,
    0x00, 0x00, 0xfe, 0xff, 0x3f, 0x00, 0x00, 0x00, 0x00, 0x00, 0x00, 0x00, 0x00, 0x00, 0x00, 0x00,
    0x00, 0x00, 0x00, 0x00, 0x00, 0x00, 0x00, 0x00, 0x00, 0x00, 0x00, 0x00, 0x00, 0x00, 0x00, 0x00,
    0xfe, 0xff, 0x3f, 0x00, 0x00, 0x00, 0xfe, 0xff, 0x3f, 0x00, 0x00, 0x00, 0xfe, 0xff, 0x3f, 0x00,
    0x00, 0x00, 0xfe, 0xff, 0x3f, 0x00, 0x00, 0x00, 0xfe, 0x00, 0x00, 0x00, 0x00, 0x00, 0xf8, 0x03,
    0x00, 0x00, 0x00, 0x00, 0xe0, 0x1f, 0x00, 0x00, 0x00, 0x00, 0x80, 0x7f, 0x00, 0x00, 0x00, 0x00,
    0x00, 0xfe, 0x01, 0x00, 0x00, 0x00, 0x00, 0xf0, 0x07, 0x00, 0x00, 0x00, 0x00, 0xc0, 0x3f, 0x00,
    0x00, 0x00, 0x00, 0x00, 0x3f, 0x00, 0x00, 0x00, 0x00, 0x00, 0x3f, 0x00, 0x00, 0x00, 0x00, 0xc0,
    0x1f, 0x00, 0x00, 0x00, 0x00, 0xf8, 0x07, 0x00, 0x00, 0x00, 0x00, 0xfe, 0x01, 0x00, 0x00, 0x00,
    0x80, 0x7f, 0x00, 0x00, 0x00, 0x00, 0xe0, 0x0f, 0x00, 0x00, 0x00, 0x00, 0xfc, 0x03, 0x00, 0x00,
    0x00, 0x00, 0xfe, 0x00, 0x00, 0x00, 0x00, 0x00, 0xfe, 0xff, 0x3f, 0x00, 0x00, 0x00, 0xfe, 0xff,
    0x3f, 0x00, 0x00, 0x00, 0xfe, 0xff, 0x3f, 0x00, 0x00, 0x00, 0xfe, 0xff, 0x3f, 0x00, 0x00, 0x00,
    0x00, 0x00, 0x00, 0x00, 0x00, 0x00, 0x00, 0x00, 0x00, 0x00, 0x00, 0x00, 0x00, 0x00, 0x00, 0x00,
    0x00, 0x00, 0x00, 0x00, 0x00, 0x00, 0x00, 0x00, 0xfe, 0xff, 0x3f, 0x00, 0x00, 0x00, 0xfe, 0xff,
    0x3f, 0x00, 0x00, 0x00, 0xfe, 0xff, 0x3f, 0x00, 0x00, 0x00, 0xfe, 0xff, 0x3f, 0x00, 0x00, 0x00,
    0x00, 0x1c, 0x00, 0x00, 0x00, 0x00, 0x00, 0x1c, 0x00, 0x00, 0x00, 0x00, 0x00, 0x1c, 0x00, 0x00,
    0x00, 0x00, 0x00, 0x1c, 0x00, 0x00, 0x00, 0x00, 0x00, 0x1c, 0x00, 0x00, 0x00, 0x00, 0x00, 0x1c,
    0x00, 0x00, 0x00, 0x00, 0x00, 0x1c, 0x00, 0x00, 0x00, 0x00, 0x00, 0x1c, 0x00, 0x00, 0x00, 0x00,
    0x00, 0x1c, 0x00, 0x00, 0x00, 0x00, 0xfe, 0xff, 0x3f, 0x00, 0x00, 0x00, 0xfe, 0xff, 0x3f, 0x00,
    0x00, 0x00, 0xfe, 0xff, 0x3f, 0x00, 0x00, 0x00, 0xfe, 0xff, 0x3f, 0x00, 0x00, 0x00, 0x00, 0x00,
    0x00, 0x00, 0x00, 0x00, 0x00, 0x00, 0x00, 0x00, 0x00, 0x00, 0x00, 0x00, 0x00, 0x00, 0x00, 0x00,
    0x80, 0xff, 0x00, 0x00, 0x00, 0x00, 0xe0, 0xff, 0x03, 0x00, 0x00, 0x00, 0xf0, 0xff, 0x07, 0x00,
    0x00, 0x00, 0xf8, 0xe3, 0x0f, 0x00, 0x00, 0x00, 0x7c, 0x00, 0x1f, 0x00, 0x00, 0x00, 0x1c, 0x00,
    0x1c, 0x00, 0x00, 0x00, 0x1e, 0x00, 0x3c, 0x00, 0x00, 0x00, 0x0e, 0x00, 0x38, 0x00, 0x00, 0x00,
    0x0e, 0x00, 0x38, 0x00, 0x00, 0x00, 0x0e, 0x00, 0x38, 0x00, 0x00, 0x00, 0x0e, 0x00, 0x38, 0x00,
    0x00, 0x00, 0x0e, 0x00, 0x38, 0x00, 0x00, 0x00, 0x1e, 0x00, 0x3c, 0x00, 0x00, 0x00, 0x3c, 0x00,
    0x1e, 0x00, 0x00, 0x00, 0x7c, 0x00, 0x1f, 0x00, 0x00, 0x00, 0xf8, 0xff, 0x0f, 0x00, 0x00, 0x00,
    0xf0, 0xff, 0x07, 0x00, 0x00, 0x00, 0xe0, 0xff, 0x03, 0x00, 0x00, 0x00, 0x00, 0x7f, 0x00, 0x00,
    0x00, 0x00, 0x00, 0x00, 0x00, 0x00, 0x00, 0x00, 0x00, 0x00, 0x00, 0x00, 0x00, 0x00, 0x00, 0x00,
    0x00, 0x00, 0x00, 0x00, 0x00, 0x00, 0x00, 0x00, 0x00, 0x00, 0xfe, 0xff, 0x3f, 0x00, 0x00, 0x00,
    0xfe, 0xff, 0x3f, 0x00, 0x00, 0x00, 0xfe, 0xff, 0x3f, 0x00, 0x00, 0x00, 0xfe, 0xff, 0x3f, 0x00,
    0x00, 0x00, 0x0e, 0x00, 0x00, 0x00, 0x00, 0x00, 0x0e, 0x00, 0x00, 0x00, 0x00, 0x00, 0x0e, 0x00,
    0x00, 0x00, 0x00, 0x00, 0x0e, 0x00, 0x00, 0x00, 0x00, 0x00, 0x0e, 0x00, 0x00, 0x00, 0x00, 0x00,
    0x0e, 0x00, 0x00, 0x00, 0x00, 0x00, 0x0e, 0x00, 0x00, 0x00, 0x00, 0x00, 0x0e, 0x00, 0x00, 0x00,
    0x00, 0x00, 0x0e, 0x00, 0x00, 0x00, 0x00, 0x00, 0xfe, 0xff, 0x3f, 0x00, 0x00, 0x00, 0xfe, 0xff,
    0x3f, 0x00, 0x00, 0x00, 0xfe, 0xff, 0x3f, 0x00, 0x00, 0x00, 0xfe, 0xff, 0x3f, 0x00, 0x00, 0x00,
    0x00, 0x00, 0x00, 0x00, 0x00, 0x00, 0x00, 0x00, 0x00, 0x00, 0x00, 0x00, 0x00, 0x00, 0x00, 0x00,
    0x00, 0x00, 0x00, 0x00, 0x00, 0x00, 0x00, 0x00, 0xfe, 0xff, 0xff, 0x3f, 0x00, 0x00, 0xfe, 0xff,
    0xff, 0x3f, 0x00, 0x00, 0xfe, 0xff, 0xff, 0x3f, 0x00, 0x00, 0x78, 0x00, 0x0e, 0x00, 0x00, 0x00,
    0x1c, 0x00, 0x1c, 0x00, 0x00, 0x00, 0x1c, 0x00, 0x1c, 0x00, 0x00, 0x00, 0x0e, 0x00, 0x38, 0x00,
    0x00, 0x00, 0x0e, 0x00, 0x38, 0x00, 0x00, 0x00, 0x0e, 0x00, 0x38, 0x00, 0x00, 0x00, 0x0e, 0x00,
    0x38, 0x00, 0x00, 0x00, 0x0e, 0x00, 0x38, 0x00, 0x00, 0x00, 0x1e, 0x00, 0x3c, 0x00, 0x00, 0x00,
    0x3c, 0x00, 0x1e, 0x00, 0x00, 0x00, 0xfc, 0x80, 0x1f, 0x00, 0x00, 0x00, 0xf8, 0xff, 0x0f, 0x00,
    0x00, 0x00, 0xf0, 0xff, 0x07, 0x00, 0x00, 0x00, 0xc0, 0xff, 0x01, 0x00, 0x00, 0x00, 0x00, 0x1e,
    0x00, 0x00, 0x00, 0x00, 0x00, 0x00, 0x00, 0x00, 0x00, 0x00, 0x00, 0x00, 0x00, 0x00, 0x00, 0x00,
    0x00, 0x00, 0x00, 0x00, 0x00, 0x00, 0x80, 0xff, 0x00, 0x00, 0x00, 0x00, 0xe0, 0xff, 0x03, 0x00,
    0x00, 0x00, 0xf0, 0xff, 0x07, 0x00, 0x00, 0x00, 0xf8, 0xe3, 0x0f, 0x00, 0x00, 0x00, 0x3c, 0x00,
    0x1e, 0x00, 0x00, 0x00, 0x1c, 0x00, 0x1c, 0x00, 0x00, 0x00, 0x1e, 0x00, 0x3c, 0x00, 0x00, 0x00,
    0x0e, 0x00, 0x38, 0x00, 0x00, 0x00, 0x0e, 0x00, 0x38, 0x00, 0x00, 0x00, 0x0e, 0x00, 0x38, 0x00,
    0x00, 0x00, 0x0e, 0x00, 0x38, 0x00, 0x00, 0x00, 0x1e, 0x00, 0x38, 0x00, 0x00, 0x00, 0x1c, 0x00,
    0x1c, 0x00, 0x00, 0x00, 0x3c, 0x00, 0x1e, 0x00, 0x00, 0x00, 0xf8, 0x81, 0x0f, 0x00, 0x00, 0x00,
    0xf8, 0x81, 0x07, 0x00, 0x00, 0x00, 0xe0, 0x81, 0x03, 0x00, 0x00, 0x00, 0x80, 0x81, 0x00, 0x00,
    0x00, 0x00, 0x00, 0x00, 0x00, 0x00, 0x00, 0x00, 0x00, 0x00, 0x00, 0x00, 0x00, 0x00, 0x0e, 0x00,
    0x00, 0x00, 0x00, 0x00, 0x0e, 0x00, 0x00, 0x00, 0x00, 0x00, 0x0e, 0x00, 0x00, 0x00, 0x00, 0x00,
    0x0e, 0x00, 0x00, 0x00, 0x00, 0x00, 0x0e, 0x00, 0x00, 0x00, 0x00, 0x00, 0x0e, 0x00, 0x00, 0x00,
    0x00, 0x00, 0x0e, 0x00, 0x00, 0x00, 0x00, 0x00, 0xfe, 0xff, 0x3f, 0x00, 0x00, 0x00, 0xfe, 0xff,
    0x3f, 0x00, 0x00, 0x00, 0xfe, 0xff, 0x3f, 0x00, 0x00, 0x00, 0x0e, 0x00, 0x00, 0x00, 0x00, 0x00,
    0x0e, 0x00, 0x00, 0x00, 0x00, 0x00, 0x0e, 0x00, 0x00, 0x00, 0x00, 0x00, 0x0e, 0x00, 0x00, 0x00,
    0x00, 0x00, 0x0e, 0x00, 0x00, 0x00, 0x00, 0x00, 0x0e, 0x00, 0x00, 0x00, 0x00, 0x00, 0x0e, 0x00,
    0x00, 0x00, 0x00, 0x00, 0x00, 0x00, 0x00, 0x00, 0x00, 0x00, 0x00, 0x00, 0x00, 0x00, 0x00, 0x00,
    0x0e, 0x00, 0x00, 0x00, 0x00, 0x00, 0x7e, 0x00, 0x00, 0x38, 0x00, 0x00, 0xfe, 0x01, 0x00, 0x38,
    0x00, 0x00, 0xfe, 0x0f, 0x00, 0x38, 0x00, 0x00, 0xf0, 0x7f, 0x00, 0x3c, 0x00, 0x00, 0x80, 0xff,
    0x01, 0x1e, 0x00, 0x00, 0x00, 0xfc, 0x8f, 0x1f, 0x00, 0x00, 0x00, 0xe0, 0xff, 0x0f, 0x00, 0x00,
    0x00, 0x00, 0xff, 0x03, 0x00, 0x00, 0x00, 0xc0, 0x7f, 0x00, 0x00, 0x00, 0x00, 0xf8, 0x1f, 0x00,
    0x00, 0x00, 0x80, 0xff, 0x03, 0x00, 0x00, 0x00, 0xf0, 0x7f, 0x00, 0x00, 0x00, 0x00, 0xfe, 0x0f,
    0x00, 0x00, 0x00, 0x00, 0xfe, 0x01, 0x00, 0x00, 0x00, 0x00, 0x3e, 0x00, 0x00, 0x00, 0x00, 0x00,
    0x0e, 0x00, 0x00, 0x00, 0x00, 0x00, 0x00, 0x00, 0x00, 0x00, 0x00, 0x00, 0x00, 0x00, 0x00, 0x00,
    0x00, 0x00, 0x00, 0x00, 0x00, 0x00, 0x00, 0x00, 0x80, 0xff, 0x00, 0x00, 0x00, 0x00, 0xe0, 0xff,
    0x07, 0x00, 0x00, 0x00, 0xf8, 0xff, 0x0f, 0x00, 0x00, 0x00, 0xfc, 0xff, 0x1f, 0x00, 0x00, 0x00,
    0x7c, 0x00, 0x1e, 0x00, 0x00, 0x00, 0x1e, 0x00, 0x3c, 0x00, 0x00, 0x00, 0x0e, 0x00, 0x38, 0x00,
    0x00, 0x00, 0x0e, 0x00, 0x38, 0x00, 0x00, 0x00, 0x0e, 0x00, 0x38, 0x00, 0x00, 0x00, 0x0e, 0x00,
    0x38, 0x00, 0x00, 0x00, 0x0c, 0x00, 0x38, 0x00, 0x00, 0xff, 0xff, 0xff, 0xff, 0x3f, 0x00, 0xff,
    0xff, 0xff, 0xff, 0x3f, 0x00, 0xff, 0xff, 0xff, 0xff, 0x3f, 0x00, 0x00, 0x0e, 0x00, 0x38, 0x00,
    0x00, 0x00, 0x0e, 0x00, 0x38, 0x00, 0x00, 0x00, 0x0e, 0x00, 0x38, 0x00, 0x00, 0x00, 0x0e, 0x00,
    0x38, 0x00, 0x00, 0x00, 0x1e, 0x00, 0x38, 0x00, 0x00, 0x00, 0x1e, 0x00, 0x3c, 0x00, 0x00, 0x00,
    0x7c, 0x00, 0x1e, 0x00, 0x00, 0x00, 0xfc, 0xff, 0x1f, 0x00, 0x00, 0x00, 0xf8, 0xff, 0x0f, 0x00,
    0x00, 0x00, 0xe0, 0xff, 0x07, 0x00, 0x00, 0x00, 0x80, 0xff, 0x00, 0x00, 0x00, 0x00, 0x00, 0x00,
    0x00, 0x00, 0x00, 0x00, 0x00, 0x00, 0x00, 0x00, 0x00, 0x00, 0x02, 0x00, 0x20, 0x00, 0x00, 0x00,
    0x06, 0x00, 0x38, 0x00, 0x00, 0x00, 0x1e, 0x00, 0x3c, 0x00, 0x00, 0x00, 0x3e, 0x00, 0x3f, 0x00,
    0x00, 0x00, 0xfe, 0x80, 0x1f, 0x00, 0x00, 0x00, 0xf8, 0xe1, 0x0f, 0x00, 0x00, 0x00, 0xe0, 0xf7,
    0x03, 0x00, 0x00, 0x00, 0xc0, 0xff, 0x00, 0x00, 0x00, 0x00, 0x00, 0x7f, 0x00, 0x00, 0x00, 0x00,
    0x00, 0x7f, 0x00, 0x00, 0x00, 0x00, 0xc0, 0xff, 0x01, 0x00, 0x00, 0x00, 0xf0, 0xf3, 0x03, 0x00,
    0x00, 0x00, 0xf8, 0xc1, 0x0f, 0x00, 0x00, 0x00, 0x7e, 0x80, 0x3f, 0x00, 0x00, 0x00, 0x3e, 0x00,
    0x3e, 0x00, 0x00, 0x00, 0x0e, 0x00, 0x3c, 0x00, 0x00, 0x00, 0x06, 0x00, 0x30, 0x00, 0x00, 0x00,
    0x00, 0x00, 0x20, 0x00, 0x00, 0x00, 0x00, 0x00, 0x00, 0x00, 0x00, 0x00, 0x00, 0x00, 0x00, 0x00,
    0x00, 0x00, 0x00, 0x00, 0x00, 0x00, 0x00, 0x00, 0x00, 0x00, 0x00, 0x00, 0x00, 0x00, 0xfe, 0xff,
    0x3f, 0x00, 0x00, 0x00, 0xfe, 0xff, 0x3f, 0x00, 0x00, 0x00, 0xfe, 0xff, 0x3f, 0x00, 0x00, 0x00,
    0xfe, 0xff, 0x3f, 0x00, 0x00, 0x00, 0x00, 0x00, 0x38, 0x00, 0x00, 0x00, 0x00, 0x00, 0x38, 0x00,
    0x00, 0x00, 0x00, 0x00, 0x38, 0x00, 0x00, 0x00, 0x00, 0x00, 0x38, 0x00, 0x00, 0x00, 0x00, 0x00,
    0x38, 0x00, 0x00, 0x00, 0x00, 0x00, 0x38, 0x00, 0x00, 0x00, 0x00, 0x00, 0x38, 0x00, 0x00, 0x00,
    0x00, 0x00, 0x38, 0x00, 0x00, 0x00, 0x00, 0x00, 0x38, 0x00, 0x00, 0x00, 0xfe, 0xff, 0x3f, 0x00,
    0x00, 0x00, 0xfe, 0xff, 0x3f, 0x00, 0x00, 0x00, 0xfe, 0xff, 0x3f, 0x00, 0x00, 0x00, 0xfe, 0xff,
    0xff, 0x0f, 0x00, 0x00, 0x00, 0x00, 0xf8, 0x0f, 0x00, 0x00, 0x00, 0x00, 0xf8, 0x0f, 0x00, 0x00,
    0x00, 0x00, 0x18, 0x00, 0x00, 0x00, 0x00, 0x00, 0x00, 0x00, 0x00, 0x00, 0x00, 0x00, 0x00, 0x00,
    0x00, 0x00, 0x00, 0x00, 0x00, 0x00, 0x00, 0x00, 0xfe, 0x03, 0x00, 0x00, 0x00, 0x00, 0xfe, 0x0f,
    0x00, 0x00, 0x00, 0x00, 0xfe, 0x1f, 0x00, 0x00, 0x00, 0x00, 0xfe, 0x3f, 0x00, 0x00, 0x00, 0x00,
    0x00, 0x3c, 0x00, 0x00, 0x00, 0x00, 0x00, 0x78, 0x00, 0x00, 0x00, 0x00, 0x00, 0x70, 0x00, 0x00,
    0x00, 0x00, 0x00, 0x70, 0x00, 0x00, 0x00, 0x00, 0x00, 0x70, 0x00, 0x00, 0x00, 0x00, 0x00, 0x70,
    0x00, 0x00, 0x00, 0x00, 0x00, 0x70, 0x00, 0x00, 0x00, 0x00, 0x00, 0x70, 0x00, 0x00, 0x00, 0x00,
    0x00, 0x38, 0x00, 0x00, 0x00, 0x00, 0xfe, 0xff, 0x3f, 0x00, 0x00, 0x00, 0xfe, 0xff, 0x3f, 0x00,
    0x00, 0x00, 0xfe, 0xff, 0x3f, 0x00, 0x00, 0x00, 0xfe, 0xff, 0x3f, 0x00, 0x00, 0x00, 0x00, 0x00,
    0x00, 0x00, 0x00, 0x00, 0x00, 0x00, 0x00, 0x00, 0x00, 0x00, 0x00, 0x00, 0x00, 0x00, 0x00, 0x00,
    0x00, 0x00, 0x00, 0x00, 0x00, 0x00, 0xfe, 0xff, 0x3f, 0x00, 0x00, 0x00, 0xfe, 0xff, 0x3f, 0x00,
    0x00, 0x00, 0xfe, 0xff, 0x3f, 0x00, 0x00, 0x00, 0xfe, 0xff, 0x3f, 0x00, 0x00, 0x00, 0x00, 0x00,
    0x38, 0x00, 0x00, 0x00, 0x00, 0x00, 0x38, 0x00, 0x00, 0x00, 0x00, 0x00, 0x38, 0x00, 0x00, 0x00,
    0x00, 0x00, 0x38, 0x00, 0x00, 0x00, 0x00, 0x00, 0x38, 0x00, 0x00, 0x00, 0x00, 0x00, 0x38, 0x00,
    0x00, 0x00, 0x00, 0x00, 0x38, 0x00, 0x00, 0x00, 0xfe, 0xff, 0x3f, 0x00, 0x00, 0x00, 0xfe, 0xff,
    0x3f, 0x00, 0x00, 0x00, 0xfe, 0xff, 0x3f, 0x00, 0x00, 0x00, 0xfe, 0xff, 0x3f, 0x00, 0x00, 0x00,
    0x00, 0x00, 0x38, 0x00, 0x00, 0x00, 0x00, 0x00, 0x38, 0x00, 0x00, 0x00, 0x00, 0x00, 0x38, 0x00,
    0x00, 0x00, 0x00, 0x00, 0x38, 0x00, 0x00, 0x00, 0x00, 0x00, 0x38, 0x00, 0x00, 0x00, 0x00, 0x00,
    0x38, 0x00, 0x00, 0x00, 0x00, 0x00, 0x38, 0x00, 0x00, 0x00, 0x00, 0x00, 0x38, 0x00, 0x00, 0x00,
    0xfe, 0xff, 0x3f, 0x00, 0x00, 0x00, 0xfe, 0xff, 0x3f, 0x00, 0x00, 0x00, 0xfe, 0xff, 0x3f, 0x00,
    0x00, 0x00, 0x00, 0x00, 0x00, 0x00, 0x00, 0x00, 0x00, 0x00, 0x00, 0x00, 0x00, 0x00, 0x00, 0x00,
    0x00, 0x00, 0x00, 0x00, 0x00, 0x00, 0x00, 0x00, 0x00, 0x00, 0xfe, 0xff, 0x3f, 0x00, 0x00, 0x00,
    0xfe, 0xff, 0x3f, 0x00, 0x00, 0x00, 0xfe, 0xff, 0x3f, 0x00, 0x00, 0x00, 0x00, 0x00, 0x38, 0x00,
    0x00, 0x00, 0x00, 0x00, 0x38, 0x00, 0x00, 0x00, 0x00, 0x00, 0x38, 0x00, 0x00, 0x00, 0x00, 0x00,
    0x38, 0x00, 0x00, 0x00, 0x00, 0x00, 0x38, 0x00, 0x00, 0x00, 0x00, 0x00, 0x38, 0x00, 0x00, 0x00,
    0x00, 0x00, 0x38, 0x00, 0x00, 0x00, 0x00, 0x00, 0x38, 0x00, 0x00, 0x00, 0xfe, 0xff, 0x3f, 0x00,
    0x00, 0x00, 0xfe, 0xff, 0x3f, 0x00, 0x00, 0x00, 0xfe, 0xff, 0x3f, 0x00, 0x00, 0x00, 0xfe, 0xff,
    0x3f, 0x00, 0x00, 0x00, 0x00, 0x00, 0x38, 0x00, 0x00, 0x00, 0x00, 0x00, 0x38, 0x00, 0x00, 0x00,
    0x00, 0x00, 0x38, 0x00, 0x00, 0x00, 0x00, 0x00, 0x38, 0x00, 0x00, 0x00, 0x00, 0x00, 0x38, 0x00,
    0x00, 0x00, 0x00, 0x00, 0x38, 0x00, 0x00, 0x00, 0x00, 0x00, 0x38, 0x00, 0x00, 0x00, 0x00, 0x00,
    0x38, 0x00, 0x00, 0x00, 0xfe, 0xff, 0x3f, 0x00, 0x00, 0x00, 0xfe, 0xff, 0x3f, 0x00, 0x00, 0x00,
    0xfe, 0xff, 0x3f, 0x00, 0x00, 0x00, 0x00, 0x00, 0xf8, 0x0f, 0x00, 0x00, 0x00, 0x00, 0xf8, 0x0f,
    0x00, 0x00, 0x00, 0x00, 0xf8, 0x0f, 0x00, 0x00, 0x00, 0x00, 0x00, 0x00, 0x00, 0x00, 0x00, 0x00,
    0x00, 0x00, 0x00, 0x00, 0x0e, 0x00, 0x00, 0x00, 0x00, 0x00, 0x0e, 0x00, 0x00, 0x00, 0x00, 0x00,
    0x0e, 0x00, 0x00, 0x00, 0x00, 0x00, 0x0e, 0x00, 0x00, 0x00, 0x00, 0x00, 0x0e, 0x00, 0x00, 0x00,
    0x00, 0x00, 0x0e, 0x00, 0x00, 0x00, 0x00, 0x00, 0xfe, 0xff, 0x3f, 0x00, 0x00, 0x00, 0xfe, 0xff,
    0x3f, 0x00, 0x00, 0x00, 0xfe, 0xff, 0x3f, 0x00, 0x00, 0x00, 0x00, 0x07, 0x38, 0x00, 0x00, 0x00,
    0x00, 0x07, 0x38, 0x00, 0x00, 0x00, 0x00, 0x07, 0x38, 0x00, 0x00, 0x00, 0x00, 0x07, 0x38, 0x00,
    0x00, 0x00, 0x00, 0x07, 0x38, 0x00, 0x00, 0x00, 0x00, 0x07, 0x38, 0x00, 0x00, 0x00, 0x00, 0x07,
    0x38, 0x00, 0x00, 0x00, 0x00, 0x07, 0x38, 0x00, 0x00, 0x00, 0x00, 0x0f, 0x3c, 0x00, 0x00, 0x00,
    0x00, 0x1e, 0x1e, 0x00, 0x00, 0x00, 0x00, 0xfe, 0x1f, 0x00, 0x00, 0x00, 0x00, 0xfc, 0x0f, 0x00,
    0x00, 0x00, 0x00, 0xf8, 0x07, 0x00, 0x00, 0x00, 0x00, 0xe0, 0x01, 0x00, 0x00, 0x00, 0x00, 0x00,
    0x00, 0x00, 0x00, 0x00, 0x00, 0x00, 0x00, 0x00, 0x00, 0x00, 0x00, 0x00, 0x00, 0x00, 0x00, 0x00,
    0x00, 0x00, 0x00, 0x00, 0x00, 0x00, 0xfe, 0xff, 0x3f, 0x00, 0x00, 0x00, 0xfe, 0xff, 0x3f, 0x00,
    0x00, 0x00, 0xfe, 0xff, 0x3f, 0x00, 0x00, 0x00, 0xfe, 0xff, 0x3f, 0x00, 0x00, 0x00, 0x00, 0x07,
    0x38, 0x00, 0x00, 0x00, 0x00, 0x07, 0x38, 0x00, 0x00, 0x00, 0x00, 0x07, 0x38, 0x00, 0x00, 0x00,
    0x00, 0x07, 0x38, 0x00, 0x00, 0x00, 0x00, 0x07, 0x38, 0x00, 0x00, 0x00, 0x00, 0x07, 0x38, 0x00,
    0x00, 0x00, 0x00, 0x07, 0x38, 0x00, 0x00, 0x00, 0x00, 0x0f, 0x3c, 0x00, 0x00, 0x00, 0x00, 0x0e,
    0x1c, 0x00, 0x00, 0x00, 0x00, 0xfe, 0x1f, 0x00, 0x00, 0x00, 0x00, 0xfc, 0x0f, 0x00, 0x00, 0x00,
    0x00, 0xf8, 0x07, 0x00, 0x00, 0x00, 0x00, 0xf0, 0x03, 0x00, 0x00, 0x00, 0x00, 0x00, 0x00, 0x00,
    0x00, 0x00, 0x00, 0x00, 0x00, 0x00, 0x00, 0x00, 0x00, 0x00, 0x00, 0x00, 0x00, 0x00, 0x00, 0x00,
    0x00, 0x00, 0x00, 0x00, 0xfe, 0xff, 0x3f, 0x00, 0x00, 0x00, 0xfe, 0xff, 0x3f, 0x00, 0x00, 0x00,
    0xfe, 0xff, 0x3f, 0x00, 0x00, 0x00, 0x00, 0x00, 0x00, 0x00, 0x00, 0x00, 0x00, 0x00, 0x00, 0x00,
    0x00, 0x00, 0x00, 0x00, 0x00, 0x00, 0x00, 0x00, 0x00, 0x00, 0x00, 0x00, 0x00, 0x00, 0xfe, 0xff,
    0x3f, 0x00, 0x00, 0x00, 0xfe, 0xff, 0x3f, 0x00, 0x00, 0x00, 0xfe, 0xff, 0x3f, 0x00, 0x00, 0x00,
    0xfe, 0xff, 0x3f, 0x00, 0x00, 0x00, 0x00, 0x07, 0x38, 0x00, 0x00, 0x00, 0x00, 0x07, 0x38, 0x00,
    0x00, 0x00, 0x00, 0x07, 0x38, 0x00, 0x00, 0x00, 0x00, 0x07, 0x38, 0x00, 0x00, 0x00, 0x00, 0x07,
    0x38, 0x00, 0x00, 0x00, 0x00, 0x07, 0x38, 0x00, 0x00, 0x00, 0x00, 0x07, 0x38, 0x00, 0x00, 0x00,
    0x00, 0x0f, 0x3c, 0x00, 0x00, 0x00, 0x00, 0x0e, 0x1c, 0x00, 0x00, 0x00, 0x00, 0xfe, 0x1f, 0x00,
    0x00, 0x00, 0x00, 0xfc, 0x0f, 0x00, 0x00, 0x00, 0x00, 0xf8, 0x07, 0x00, 0x00, 0x00, 0x00, 0xf0,
    0x03, 0x00, 0x00, 0x00, 0x00, 0x00, 0x00, 0x00, 0x00, 0x00, 0x00, 0x00, 0x00, 0x00, 0x00, 0x00,
    0x00, 0x00, 0x00, 0x00, 0x00, 0x00, 0xc0, 0xc0, 0x01, 0x00, 0x00, 0x00, 0xf0, 0xc0, 0x07, 0x00,
    0x00, 0x00, 0xf8, 0xc0, 0x0f, 0x00, 0x00, 0x00, 0x7c, 0x80, 0x1f, 0x00, 0x00, 0x00, 0x1c, 0x00,
    0x1e, 0x00, 0x00, 0x00, 0x1e, 0x00, 0x3c, 0x00, 0x00, 0x00, 0x0e, 0x1c, 0x38, 0x00, 0x00, 0x00,
    0x0e, 0x1c, 0x38, 0x00, 0x00, 0x00, 0x0e, 0x1c, 0x38, 0x00, 0x00, 0x00, 0x0e, 0x1c, 0x38, 0x00,
    0x00, 0x00, 0x0e, 0x1c, 0x38, 0x00, 0x00, 0x00, 0x1c, 0x1c, 0x1c, 0x00, 0x00, 0x00, 0x3c, 0x1c,
    0x1e, 0x00, 0x00, 0x00, 0xf8, 0xdd, 0x0f, 0x00, 0x00, 0x00, 0xf8, 0xff, 0x07, 0x00, 0x00, 0x00,
    0xe0, 0xff, 0x03, 0x00, 0x00, 0x00, 0xc0, 0xff, 0x00, 0x00, 0x00, 0x00, 0x00, 0x00, 0x00, 0x00,
    0x00, 0x00, 0x00, 0x00, 0x00, 0x00, 0x00, 0x00, 0x00, 0x00, 0x00, 0x00, 0x00, 0x00, 0x00, 0x00,
    0x00, 0x00, 0x00, 0x00, 0xfe, 0xff, 0x3f, 0x00, 0x00, 0x00, 0xfe, 0xff, 0x3f, 0x00, 0x00, 0x00,
    0xfe, 0xff, 0x3f, 0x00, 0x00, 0x00, 0xfe, 0xff, 0x3f, 0x00, 0x00, 0x00, 0x00, 0x1c, 0x00, 0x00,
    0x00, 0x00, 0x00, 0x1c, 0x00, 0x00, 0x00, 0x00, 0x00, 0x1c, 0x00, 0x00, 0x00, 0x00, 0x00, 0x1c,
    0x00, 0x00, 0x00, 0x00, 0x00, 0x1c, 0x00, 0x00, 0x00, 0x00, 0x80, 0xff, 0x00, 0x00, 0x00, 0x00,
    0xe0, 0xff, 0x03, 0x00, 0x00, 0x00, 0xf0, 0xff, 0x07, 0x00, 0x00, 0x00, 0xf8, 0xc1, 0x0f, 0x00,
    0x00, 0x00, 0x7c, 0x00, 0x1f, 0x00, 0x00, 0x00, 0x1c, 0x00, 0x1c, 0x00, 0x00, 0x00, 0x1e, 0x00,
    0x3c, 0x00, 0x00, 0x00, 0x0e, 0x00, 0x38, 0x00, 0x00, 0x00, 0x0e, 0x00, 0x38, 0x00, 0x00, 0x00,
    0x0e, 0x00, 0x38, 0x00, 0x00, 0x00, 0x0e, 0x00, 0x38, 0x00, 0x00, 0x00, 0x0e, 0x00, 0x38, 0x00,
    0x00, 0x00, 0x1e, 0x00, 0x3c, 0x00, 0x00, 0x00, 0x3c, 0x00, 0x1e, 0x00, 0x00, 0x00, 0x7c, 0x00,
    0x1f, 0x00, 0x00, 0x00, 0xf8, 0xff, 0x0f, 0x00, 0x00, 0x00, 0xf0, 0xff, 0x07, 0x00, 0x00, 0x00,
    0xc0, 0xff, 0x03, 0x00, 0x00, 0x00, 0x00, 0x7f, 0x00, 0x00, 0x00, 0x00, 0x00, 0x00, 0x00, 0x00,
    0x00, 0x00, 0x00, 0x00, 0x00, 0x00, 0x00, 0x00, 0x00, 0x00, 0x20, 0x00, 0x00, 0x00, 0xe0, 0x03,
    0x38, 0x00, 0x00, 0x00, 0xf8, 0x0f, 0x3c, 0x00, 0x00, 0x00, 0xf8, 0x1f, 0x3f, 0x00, 0x00, 0x00,
    0xfc, 0x9f, 0x1f, 0x00, 0x00, 0x00, 0x1c, 0xfc, 0x07, 0x00, 0x00, 0x00, 0x1e, 0xf8, 0x03, 0x00,
    0x00, 0x00, 0x0e, 0xf8, 0x00, 0x00, 0x00, 0x00, 0x0e, 0x38, 0x00, 0x00, 0x00, 0x00, 0x0e, 0x38,
    0x00, 0x00, 0x00, 0x00, 0x0e, 0x38, 0x00, 0x00, 0x00, 0x00, 0x0e, 0x38, 0x00, 0x00, 0x00, 0x00,
    0x0e, 0x38, 0x00, 0x00, 0x00, 0x00, 0x0e, 0x38, 0x00, 0x00, 0x00, 0x00, 0xfe, 0xff, 0x3f, 0x00,
    0x00, 0x00, 0xfe, 0xff, 0x3f, 0x00, 0x00, 0x00, 0xfe, 0xff, 0x3f, 0x00, 0x00, 0x00, 0xfe, 0xff,
    0x3f, 0x00, 0x00, 0x00, 0x00, 0x00, 0x00, 0x00, 0x00, 0x00, 0x00, 0x00, 0x00, 0x00, 0x00, 0x00,
    0x00, 0x00, 0x00, 0x00, 0x00, 0x00, 0x80, 0xff, 0x00, 0x00, 0x00, 0x00, 0xe0, 0xff, 0x03, 0x00,
    0x00, 0x00, 0xf0, 0xff, 0x07, 0x00, 0x00, 0x00, 0xf8, 0xef, 0x0f, 0x00, 0x00, 0x03, 0x7c, 0x0e,
    0x1f, 0x00, 0x00, 0x07, 0x1c, 0x0e, 0x1e, 0x00, 0x00, 0x0f, 0x1e, 0x0e, 0x3c, 0x00, 0x00, 0x1f,
    0x0e, 0x0e, 0x38, 0x00, 0x00, 0x3c, 0x0e, 0x0e, 0x38, 0x00, 0x00, 0x38, 0x0e, 0x0e, 0x38, 0x00,
    0x00, 0x20, 0x0e, 0x0e, 0x38, 0x00, 0x00, 0x00, 0x0e, 0x0e, 0x38, 0x00, 0x00, 0x00, 0x1c, 0x0e,
    0x3c, 0x00, 0x00, 0x00, 0x3c, 0x0e, 0x1c, 0x00, 0x00, 0x00, 0xf8, 0x0f, 0x1e, 0x00, 0x00, 0x00,
    0xf0, 0x0f, 0x0f, 0x00, 0x00, 0x00, 0xe0, 0x0f, 0x06, 0x00, 0x00, 0x00, 0x00, 0x0f, 0x00, 0x00,
    0x00, 0x00, 0x00, 0x00, 0x00, 0x00, 0x00, 0x00, 0x00, 0x00, 0x00, 0x00, 0x00, 0x00, 0x00, 0x00,
    0x00, 0x00, 0x00, 0x00, 0x80, 0xff, 0x00, 0x00, 0x00, 0x00, 0xe0, 0xff, 0x03, 0x00, 0x00, 0x00,
    0xf0, 0xff, 0x07, 0x00, 0x00, 0x1c, 0xf8, 0xef, 0x0f, 0x00, 0x00, 0x3c, 0x7c, 0x0e, 0x1f, 0x00,
    0x00, 0x3c, 0x1c, 0x0e, 0x1e, 0x00, 0x00, 0x3c, 0x1e, 0x0e, 0x3c, 0x00, 0x00, 0x00, 0x0e, 0x0e,
    0x38, 0x00, 0x00, 0x00, 0x0e, 0x0e, 0x38, 0x00, 0x00, 0x00, 0x0e, 0x0e, 0x38, 0x00, 0x00, 0x00,
    0x0e, 0x0e, 0x38, 0x00, 0x00, 0x18, 0x0e, 0x0e, 0x38, 0x00, 0x00, 0x3c, 0x1c, 0x0e, 0x3c, 0x00,
    0x00, 0x3c, 0x3c, 0x0e, 0x1c, 0x00, 0x00, 0x3c, 0xf8, 0x0f, 0x1e, 0x00, 0x00, 0x18, 0xf0, 0x0f,
    0x0f, 0x00, 0x00, 0x00, 0xe0, 0x0f, 0x06, 0x00, 0x00, 0x00, 0x00, 0x0f, 0x00, 0x00, 0x00, 0x00,
    0x00, 0x00, 0x00, 0x00, 0x00, 0x70, 0x00, 0x00, 0x00, 0x00, 0x00, 0x70, 0x00, 0x00, 0x00, 0x00,
    0x00, 0x70, 0x00, 0x00, 0x00, 0x00, 0x00, 0xff, 0xff, 0xff, 0x3f, 0x00, 0x00, 0xff, 0xff, 0xff,
    0x3f, 0x00, 0x00, 0xff, 0xff, 0xff, 0x3f, 0x00, 0x00, 0x70, 0x70, 0x00, 0x00, 0x00, 0x00, 0x70,
    0x38, 0x00, 0x00, 0x00, 0x00, 0x70, 0x1c, 0x00, 0x00, 0x00, 0x00, 0x70, 0x0c, 0x00, 0x00, 0x00,
    0x00, 0x70, 0x0e, 0x00, 0x00, 0x00, 0x00, 0x70, 0x0e, 0x00, 0x00, 0x38, 0x00, 0x00, 0x0e, 0x00,
    0x00, 0x38, 0x00, 0x00, 0x0e, 0x00, 0x00, 0x38, 0x00, 0x00, 0x1e, 0x00, 0x00, 0x38, 0x00, 0x00,
    0x7e, 0x00, 0x00, 0x3e, 0x00, 0x00, 0xfc, 0xff, 0xff, 0x1f, 0x00, 0x00, 0xf8, 0xff, 0xff, 0x1f,
    0x00, 0x00, 0xf0, 0xff, 0xff, 0x07, 0x00, 0x00, 0x00, 0x00, 0x00, 0x00, 0x00, 0x00, 0x00, 0x00,
    0x00, 0x00, 0x00, 0x00, 0x00, 0x00, 0x00, 0x00, 0x00, 0x00, 0x00, 0x00, 0x00, 0x00, 0x00, 0x00,
    0xfe, 0xff, 0x3f, 0x00, 0x00, 0x00, 0xfe, 0xff, 0x3f, 0x00, 0x00, 0x00, 0xfe, 0xff, 0x3f, 0x00,
    0x00, 0x00, 0xfe, 0xff, 0x3f, 0x00, 0x00, 0x30, 0x0e, 0x00, 0x00, 0x00, 0x00, 0x38, 0x0e, 0x00,
    0x00, 0x00, 0x00, 0x3e, 0x0e, 0x00, 0x00, 0x00, 0x00, 0x1f, 0x0e, 0x00, 0x00, 0x00, 0x00, 0x0f,
    0x0e, 0x00, 0x00, 0x00, 0x00, 0x03, 0x0e, 0x00, 0x00, 0x00, 0x00, 0x01, 0x0e, 0x00, 0x00, 0x00,
    0x00, 0x00, 0x0e, 0x00, 0x00, 0x00, 0x00, 0x00, 0x0e, 0x00, 0x00, 0x00, 0x00, 0x00, 0x00, 0x00,
    0x00, 0x00, 0x00, 0x00, 0x00, 0x00, 0x00, 0x00, 0x00, 0x00, 0x00, 0x00, 0x00, 0x00, 0x00, 0x00,
    0x00, 0xff, 0x00, 0x00, 0x00, 0x00, 0xe0, 0xff, 0x03, 0x00, 0x00, 0x00, 0xf0, 0xff, 0x07, 0x00,
    0x00, 0x00, 0xf8, 0xff, 0x0f, 0x00, 0x00, 0x00, 0x7c, 0x1c, 0x1f, 0x00, 0x00, 0x00, 0x1c, 0x1c,
    0x1c, 0x00, 0x00, 0x00, 0x1e, 0x1c, 0x3c, 0x00, 0x00, 0x00, 0x0e, 0x1c, 0x38, 0x00, 0x00, 0x00,
    0x0e, 0x1c, 0x38, 0x00, 0x00, 0x00, 0x0e, 0x1c, 0x38, 0x00, 0x00, 0x00, 0x0e, 0x1c, 0x38, 0x00,
    0x00, 0x00, 0x0e, 0x1c, 0x38, 0x00, 0x00, 0x00, 0x1e, 0x00, 0x3c, 0x00, 0x00, 0x00, 0x3c, 0x00,
    0x1e, 0x00, 0x00, 0x00, 0xfc, 0x81, 0x0f, 0x00, 0x00, 0x00, 0xf8, 0x81, 0x0f, 0x00, 0x00, 0x00,
    0xf0, 0x81, 0x03, 0x00, 0x00, 0x00, 0x80, 0x81, 0x01, 0x00, 0x00, 0x00, 0x00, 0x00, 0x00, 0x00,
    0x00, 0x00, 0x00, 0x00, 0x00, 0x00, 0x00, 0x00, 0x00, 0x00, 0x00, 0x00, 0x00, 0x00, 0x00, 0x80,
    0x03, 0x00, 0x00, 0x00, 0xf0, 0x83, 0x07, 0x00, 0x00, 0x00, 0xf8, 0x87, 0x0f, 0x00, 0x00, 0x00,
    0xfc, 0x87, 0x1f, 0x00, 0x00, 0x00, 0x3c, 0x0f, 0x1c, 0x00, 0x00, 0x00, 0x1e, 0x0e, 0x3c, 0x00,
    0x00, 0x00, 0x0e, 0x0e, 0x38, 0x00, 0x00, 0x00, 0x0e, 0x1c, 0x38, 0x00, 0x00, 0x00, 0x0e, 0x1c,
    0x38, 0x00, 0x00, 0x00, 0x0e, 0x1c, 0x38, 0x00, 0x00, 0x00, 0x0e, 0x1c, 0x38, 0x00, 0x00, 0x00,
    0x1e, 0x38, 0x3c, 0x00, 0x00, 0x00, 0x3c, 0x78, 0x1c, 0x00, 0x00, 0x00, 0xfc, 0xf8, 0x1f, 0x00,
    0x00, 0x00, 0xf8, 0xf0, 0x0f, 0x00, 0x00, 0x00, 0xf0, 0xe0, 0x07, 0x00, 0x00, 0x00, 0x00, 0x80,
    0x01, 0x00, 0x00, 0x00, 0x00, 0x00, 0x00, 0x00, 0x00, 0x00, 0x00, 0x00, 0x00, 0x00, 0x00, 0x00,
    0x00, 0x00, 0x00, 0x00, 0x00, 0x00, 0x00, 0x00, 0x00, 0x00, 0x00, 0x1e, 0xfe, 0xff, 0x3f, 0x00,
    0x00, 0x1e, 0xfe, 0xff, 0x3f, 0x00, 0x00, 0x1e, 0xfe, 0xff, 0x3f, 0x00, 0x00, 0x0e, 0xfe, 0xff,
    0x3f, 0x00, 0x00, 0x0e, 0x00, 0x00, 0x00, 0x00, 0x00, 0x1e, 0x00, 0x00, 0x00, 0x00, 0x00, 0x1e,
    0x00, 0x00, 0x00, 0x00, 0x00, 0x1e, 0x00, 0x00, 0x00, 0x00, 0x00, 0x00, 0xfe, 0xff, 0x3f, 0x00,
    0x00, 0x00, 0xfe, 0xff, 0x3f, 0x00, 0x00, 0x00, 0xfe, 0xff, 0x3f, 0x00, 0x00, 0x00, 0xfe, 0xff,
    0x3f, 0x00, 0x00, 0x0c, 0x00, 0x00, 0x00, 0x00, 0x00, 0x1e, 0x00, 0x00, 0x00, 0x00, 0x00, 0x1e,
    0x00, 0x00, 0x00, 0x00, 0x00, 0x1e, 0x00, 0x00, 0x00, 0x00, 0x00, 0x0c, 0x00, 0x00, 0x00, 0x00,
    0x00, 0x00, 0x00, 0x00, 0x00, 0x38, 0x00, 0x00, 0x00, 0x00, 0x00, 0x38, 0x00, 0x00, 0x00, 0x00,
    0x00, 0x38, 0x00, 0x00, 0x00, 0x00, 0x00, 0x3c, 0x00, 0x1e, 0xfe, 0xff, 0xff, 0x3f, 0x00, 0x1e,
    0xfe, 0xff, 0xff, 0x1f, 0x00, 0x1e, 0xfe, 0xff, 0xff, 0x0f, 0x00, 0x0c, 0x00, 0x00, 0x00, 0x00,
    0x00, 0x00, 0x00, 0x00, 0x00, 0x00, 0x00, 0x00, 0x00, 0x00, 0x00, 0x00, 0x00, 0x00, 0x00, 0x00,
    0x38, 0x00, 0x00, 0x00, 0x00, 0x00, 0x38, 0x00, 0x00, 0x00, 0x00, 0x00, 0x3c, 0x00, 0x00, 0x00,
    0x00, 0x00, 0x3f, 0x00, 0x00, 0x00, 0xe0, 0xff, 0x1f, 0x00, 0x00, 0x00, 0xfe, 0xff, 0x0f, 0x00,
    0x00, 0x00, 0xfe, 0xff, 0x03, 0x00, 0x00, 0x00, 0xfe, 0x3f, 0x00, 0x00, 0x00, 0x00, 0x0e, 0x00,
    0x00, 0x00, 0x00, 0x00, 0x0e, 0x00, 0x00, 0x00, 0x00, 0x00, 0x0e, 0x00, 0x00, 0x00, 0x00, 0x00,
    0x0e, 0x00, 0x00, 0x00, 0x00, 0x00, 0x0e, 0x00, 0x00, 0x00, 0x00, 0x00, 0x0e, 0x00, 0x00, 0x00,
    0x00, 0x00, 0x0e, 0x00, 0x00, 0x00, 0x00, 0x00, 0xfe, 0xff, 0x3f, 0x00, 0x00, 0x00, 0xfe, 0xff,
    0x3f, 0x00, 0x00, 0x00, 0xfe, 0xff, 0x3f, 0x00, 0x00, 0x00, 0x00, 0x0e, 0x38, 0x00, 0x00, 0x00,
    0x00, 0x0e, 0x38, 0x00, 0x00, 0x00, 0x00, 0x0e, 0x38, 0x00, 0x00, 0x00, 0x00, 0x0e, 0x38, 0x00,
    0x00, 0x00, 0x00, 0x0e, 0x38, 0x00, 0x00, 0x00, 0x00, 0x0e, 0x38, 0x00, 0x00, 0x00, 0x00, 0x0e,
    0x38, 0x00, 0x00, 0x00, 0x00, 0x0e, 0x38, 0x00, 0x00, 0x00, 0x00, 0x1e, 0x3c, 0x00, 0x00, 0x00,
    0x00, 0x3c, 0x1e, 0x00, 0x00, 0x00, 0x00, 0xfc, 0x1f, 0x00, 0x00, 0x00, 0x00, 0xf8, 0x0f, 0x00,
    0x00, 0x00, 0x00, 0xf0, 0x07, 0x00, 0x00, 0x00, 0x00, 0xc0, 0x01, 0x00, 0x00, 0x00, 0x00, 0x00,
    0x00, 0x00, 0x00, 0x00, 0x00, 0x00, 0x00, 0x00, 0x00, 0x00, 0x00, 0x00, 0x00, 0x00, 0x00, 0x00,
    0x00, 0x00, 0x00, 0x00, 0x00, 0x00, 0xfe, 0xff, 0x3f, 0x00, 0x00, 0x00, 0xfe, 0xff, 0x3f, 0x00,
    0x00, 0x00, 0xfe, 0xff, 0x3f, 0x00, 0x00, 0x00, 0xfe, 0xff, 0x3f, 0x00, 0x00, 0x00, 0x00, 0x0e,
    0x00, 0x00, 0x00, 0x00, 0x00, 0x0e, 0x00, 0x00, 0x00, 0x00, 0x00, 0x0e, 0x00, 0x00, 0x00, 0x00,
    0x00, 0x0e, 0x00, 0x00, 0x00, 0x00, 0x00, 0x0e, 0x00, 0x00, 0x00, 0x00, 0x00, 0x0e, 0x00, 0x00,
    0x00, 0x00, 0x00, 0x0e, 0x00, 0x00, 0x00, 0x00, 0x00, 0x0e, 0x00, 0x00, 0x00, 0x00, 0x00, 0x0e,
    0x00, 0x00, 0x00, 0x00, 0xfe, 0xff, 0x3f, 0x00, 0x00, 0x00, 0xfe, 0xff, 0x3f, 0x00, 0x00, 0x00,
    0xfe, 0xff, 0x3f, 0x00, 0x00, 0x00, 0xfe, 0xff, 0x3f, 0x00, 0x00, 0x00, 0x00, 0x0e, 0x38, 0x00,
    0x00, 0x00, 0x00, 0x0e, 0x38, 0x00, 0x00, 0x00, 0x00, 0x0e, 0x38, 0x00, 0x00, 0x00, 0x00, 0x0e,
    0x38, 0x00, 0x00, 0x00, 0x00, 0x0e, 0x38, 0x00, 0x00, 0x00, 0x00, 0x0e, 0x38, 0x00, 0x00, 0x00,
    0x00, 0x0e, 0x38, 0x00, 0x00, 0x00, 0x00, 0x0e, 0x38, 0x00, 0x00, 0x00, 0x00, 0x1e, 0x3c, 0x00,
    0x00, 0x00, 0x00, 0x7c, 0x1f, 0x00, 0x00, 0x00, 0x00, 0xfc, 0x1f, 0x00, 0x00, 0x00, 0x00, 0xf8,
    0x0f, 0x00, 0x00, 0x00, 0x00, 0xf0, 0x07, 0x00, 0x00, 0x00, 0x00, 0x00, 0x00, 0x00, 0x00, 0x70,
    0x00, 0x00, 0x00, 0x00, 0x00, 0x70, 0x00, 0x00, 0x00, 0x00, 0x00, 0x70, 0x00, 0x00, 0x00, 0x00,
    0x00, 0xff, 0xff, 0xff, 0x3f, 0x00, 0x00, 0xff, 0xff, 0xff, 0x3f, 0x00, 0x00, 0xff, 0xff, 0xff,
    0x3f, 0x00, 0x00, 0x70, 0x70, 0x00, 0x00, 0x00, 0x00, 0x70, 0x38, 0x00, 0x00, 0x00, 0x00, 0x70,
    0x1c, 0x00, 0x00, 0x00, 0x00, 0x70, 0x0c, 0x00, 0x00, 0x00, 0x00, 0x70, 0x0e, 0x00, 0x00, 0x00,
    0x00, 0x70, 0x0e, 0x00, 0x00, 0x00, 0x00, 0x00, 0x0e, 0x00, 0x00, 0x00, 0x00, 0x00, 0x0e, 0x00,
    0x00, 0x00, 0x00, 0x00, 0x1e, 0x00, 0x00, 0x00, 0x00, 0x00, 0x7e, 0x00, 0x00, 0x00, 0x00, 0x00,
    0xfc, 0xff, 0x3f, 0x00, 0x00, 0x00, 0xf8, 0xff, 0x3f, 0x00, 0x00, 0x00, 0xf0, 0xff, 0x3f, 0x00,
    0x00, 0x00, 0x00, 0x00, 0x00, 0x00, 0x00, 0x00, 0x00, 0x00, 0x00, 0x00, 0x00, 0x00, 0x00, 0x00,
    0x00, 0x00, 0x00, 0x00, 0x00, 0x00, 0x00, 0x00, 0x00, 0x00, 0xfe, 0xff, 0x3f, 0x00, 0x00, 0x00,
    0xfe, 0xff, 0x3f, 0x00, 0x00, 0x00, 0xfe, 0xff, 0x3f, 0x00, 0x00, 0x00, 0xfe, 0xff, 0x3f, 0x00,
    0x00, 0x00, 0x00, 0x1c, 0x00, 0x00, 0x00, 0x00, 0x00, 0x1c, 0x00, 0x00, 0x00, 0x30, 0x00, 0x1e,
    0x00, 0x00, 0x00, 0x38, 0x00, 0x3f, 0x00, 0x00, 0x00, 0x3e, 0x80, 0xff, 0x00, 0x00, 0x00, 0x1f,
    0xc0, 0xff, 0x01, 0x00, 0x00, 0x0f, 0xf0, 0xe1, 0x03, 0x00, 0x00, 0x03, 0xf8, 0xc0, 0x07, 0x00,
    0x00, 0x01, 0x7c, 0x80, 0x1f, 0x00, 0x00, 0x00, 0x3e, 0x00, 0x3f, 0x00, 0x00, 0x00, 0x1e, 0x00,
    0x3e, 0x00, 0x00, 0x00, 0x06, 0x00, 0x38, 0x00, 0x00, 0x00, 0x02, 0x00, 0x30, 0x00, 0x00, 0x00,
    0x00, 0x00, 0x20, 0x00, 0x00, 0x00, 0x00, 0x00, 0x00, 0x00, 0x00, 0x00, 0x00, 0x00, 0x00, 0x00,
    0x00, 0x00, 0x00, 0x00, 0x00, 0x00, 0x00, 0x00, 0x00, 0x00, 0x00, 0x00, 0x00, 0x00, 0xfe, 0xff,
    0x3f, 0x00, 0x00, 0x00, 0xfe, 0xff, 0x3f, 0x00, 0x00, 0x00, 0xfe, 0xff, 0x3f, 0x00, 0x00, 0x03,
    0xfe, 0xff, 0x3f, 0x00, 0x00, 0x07, 0x00, 0x80, 0x1f, 0x00, 0x00, 0x0f, 0x00, 0xe0, 0x07, 0x00,
    0x00, 0x1f, 0x00, 0xf0, 0x03, 0x00, 0x00, 0x3c, 0x00, 0xfc, 0x00, 0x00, 0x00, 0x38, 0x00, 0x3e,
    0x00, 0x00, 0x00, 0x20, 0x80, 0x1f, 0x00, 0x00, 0x00, 0x00, 0xc0, 0x07, 0x00, 0x00, 0x00, 0x00,
    0xf0, 0x03, 0x00, 0x00, 0x00, 0x00, 0xfc, 0x00, 0x00, 0x00, 0x00, 0x00, 0xfe, 0xff, 0x3f, 0x00,
    0x00, 0x00, 0xfe, 0xff, 0x3f, 0x00, 0x00, 0x00, 0xfe, 0xff, 0x3f, 0x00, 0x00, 0x00, 0xfe, 0xff,
    0x3f, 0x00, 0x00, 0x00, 0x00, 0x00, 0x00, 0x00, 0x00, 0x00, 0x00, 0x00, 0x00, 0x00, 0x00, 0x00,
    0x0e, 0x00, 0x00, 0x00, 0x00, 0x00, 0x7e, 0x00, 0x00, 0x38, 0x00, 0x00, 0xfe, 0x01, 0x00, 0x38,
    0x00, 0x00, 0xfe, 0x0f, 0x00, 0x38, 0x00, 0x0e, 0xf0, 0x7f, 0x00, 0x3c, 0x00, 0x1e, 0x80, 0xff,
    0x01, 0x1e, 0x00, 0x3e, 0x00, 0xfc, 0x8f, 0x1f, 0x00, 0x38, 0x00, 0xe0, 0xff, 0x0f, 0x00, 0x30,
    0x00, 0x00, 0xff, 0x03, 0x00, 0x30, 0x00, 0xc0, 0x7f, 0x00, 0x00, 0x30, 0x00, 0xf8, 0x1f, 0x00,
    0x00, 0x38, 0x80, 0xff, 0x03, 0x00, 0x00, 0x1e, 0xf0, 0x7f, 0x00, 0x00, 0x00, 0x1e, 0xfe, 0x0f,
    0x00, 0x00, 0x00, 0x0e, 0xfe, 0x01, 0x00, 0x00, 0x00, 0x00, 0x3e, 0x00, 0x00, 0x00, 0x00, 0x00,
    0x0e, 0x00, 0x00, 0x00, 0x00, 0x00, 0x00, 0x00, 0x00, 0x00, 0x00, 0x00, 0x00, 0x00, 0x00, 0x00,
    0x00, 0x00, 0x00, 0x00, 0x00, 0x00, 0x00, 0x00, 0x00, 0x00, 0x00, 0x00, 0x00, 0x00, 0xfe, 0xff,
    0x3f, 0x00, 0x00, 0x00, 0xfe, 0xff, 0x3f, 0x00, 0x00, 0x00, 0xfe, 0xff, 0x3f, 0x00, 0x00, 0x00,
    0xfe, 0xff, 0x3f, 0x00, 0x00, 0x00, 0x00, 0x00, 0x38, 0x00, 0x00, 0x00, 0x00, 0x00, 0x38, 0x00,
    0x00, 0x00, 0x00, 0x00, 0x38, 0x00, 0x00, 0x00, 0x00, 0x00, 0xf8, 0x1f, 0x00, 0x00, 0x00, 0x00,
    0xf8, 0x1f, 0x00, 0x00, 0x00, 0x00, 0xf8, 0x1f, 0x00, 0x00, 0x00, 0x00, 0x38, 0x00, 0x00, 0x00,
    0x00, 0x00, 0x38, 0x00, 0x00, 0x00, 0x00, 0x00, 0x38, 0x00, 0x00, 0x00, 0xfe, 0xff, 0x3f, 0x00,
    0x00, 0x00, 0xfe, 0xff, 0x3f, 0x00, 0x00, 0x00, 0xfe, 0xff, 0x3f, 0x00, 0x00, 0x00, 0xfe, 0xff,
    0x3f, 0x00, 0x00, 0x00, 0x00, 0x00, 0x00, 0x00, 0x00, 0x00, 0x00, 0x00, 0x00, 0x00, 0x00, 0x00,
    0x00, 0x00, 0x00, 0x00, 0x00, 0x00, 0x00, 0x00, 0x00, 0x00, 0x00, 0xfc, 0xff, 0xff, 0x01, 0x00,
    0x00, 0xfc, 0xff, 0xff, 0x07, 0x00, 0x00, 0xfc, 0xff, 0xff, 0x0f, 0x00, 0x00, 0xfc, 0xff, 0xff,
    0x1f, 0x00, 0x00, 0x00, 0x00, 0x00, 0x1e, 0x00, 0x00, 0x00, 0x00, 0x00, 0x3c, 0x00, 0x00, 0x00,
    0x00, 0x00, 0x38, 0x00, 0x00, 0x00, 0x00, 0x00, 0x38, 0x00, 0x00, 0x00, 0x00, 0x00, 0x38, 0x00,
    0x00, 0x00, 0x00, 0x00, 0x38, 0x00, 0x00, 0x00, 0x00, 0x00, 0x3c, 0x00, 0x00, 0x00, 0x00, 0x00,
    0x1c, 0x00, 0x00, 0x00, 0x00, 0x00, 0x1f, 0x00, 0x00, 0xfc, 0xff, 0xff, 0x0f, 0x00, 0x00, 0xfc,
    0xff, 0xff, 0x07, 0x00, 0x00, 0xfc, 0xff, 0xff, 0x0f, 0x00, 0x00, 0xfc, 0xff, 0xff, 0x1f, 0x00,
    0x00, 0x00, 0x00, 0x00, 0x1e, 0x00, 0x00, 0x00, 0x00, 0x00, 0x3c, 0x00, 0x00, 0x00, 0x00, 0x00,
    0x38, 0x00, 0x00, 0x00, 0x00, 0x00, 0x38, 0x00, 0x00, 0x00, 0x00, 0x00, 0x38, 0x00, 0x00, 0x00,
    0x00, 0x00, 0x38, 0x00, 0x00, 0x00, 0x00, 0x00, 0x3c, 0x00, 0x00, 0x00, 0x00, 0x00, 0x1e, 0x00,
    0x00, 0x00, 0x00, 0x80, 0x1f, 0x00, 0x00, 0xfc, 0xff, 0xff, 0x0f, 0x00, 0x00, 0xfc, 0xff, 0xff,
    0x07, 0x00, 0x00, 0xfc, 0xff, 0xff, 0x03, 0x00, 0x00, 0x00, 0x00, 0x00, 0x00, 0x00, 0x00, 0x00,
    0x00, 0x00, 0x00, 0x00, 0x00, 0x00, 0x00, 0x00, 0x00, 0x00, 0x00, 0x00, 0x00, 0x00, 0x00, 0x00,
    0x00, 0x00, 0xfe, 0xff, 0x07, 0x00, 0x00, 0x00, 0xfe, 0xff, 0x0f, 0x00, 0x00, 0x00, 0xfe, 0xff,
    0x1f, 0x00, 0x00, 0x00, 0x00, 0x00, 0x1e, 0x00, 0x00, 0x00, 0x00, 0x00, 0x3c, 0x00, 0x00, 0x00,
    0x00, 0x00, 0x38, 0x00, 0x00, 0x00, 0x00, 0x00, 0x38, 0x00, 0x00, 0x00, 0x00, 0x00, 0x38, 0x00,
    0x00, 0x00, 0x00, 0x00, 0x38, 0x00, 0x00, 0x00, 0x00, 0x00, 0x3c, 0x00, 0x00, 0x00, 0x00, 0x00,
    0x1f, 0x00, 0x00, 0x00, 0xfe, 0xff, 0x0f, 0x00, 0x00, 0x00, 0xfe, 0xff, 0x07, 0x00, 0x00, 0x00,
    0xfe, 0xff, 0x0f, 0x00, 0x00, 0x00, 0x00, 0x00, 0x1f, 0x00, 0x00, 0x00, 0x00, 0x00, 0x3c, 0x00,
    0x00, 0x00, 0x00, 0x00, 0x38, 0x00, 0x00, 0x00, 0x00, 0x00, 0x38, 0x00, 0x00, 0x00, 0x00, 0x00,
    0x38, 0x00, 0x00, 0x00, 0x00, 0x00, 0x38, 0x00, 0x00, 0x00, 0x00, 0x00, 0x3c, 0x00, 0x00, 0x00,
    0x00, 0x00, 0x1e, 0x00, 0x00, 0x00, 0xfe, 0xff, 0x1f, 0x00, 0x00, 0x00, 0xfe, 0xff, 0x0f, 0x00,
    0x00, 0x00, 0xfe, 0xff, 0x07, 0x00, 0x00, 0xe0, 0x00, 0x00, 0x00, 0x00, 0x00, 0xe0, 0x00, 0x00,
    0x00, 0x00, 0x00, 0xe0, 0x00, 0x00, 0x00, 0x00, 0x00, 0xe0, 0x00, 0x00, 0x00, 0x00, 0x00, 0xfc,
    0xff, 0xff, 0x3f, 0x00, 0x00, 0xfc, 0xff, 0xff, 0x3f, 0x00, 0x00, 0xfc, 0xff, 0xff, 0x3f, 0x00,
    0x00, 0xfc, 0xff, 0xff, 0x3f, 0x00, 0x00, 0xe0, 0xe0, 0x00, 0x38, 0x00, 0x00, 0xe0, 0xe0, 0x00,
    0x38, 0x00, 0x00, 0xe0, 0xe0, 0x00, 0x38, 0x00, 0x00, 0xe0, 0xe0, 0x00, 0x38, 0x00, 0x00, 0xe0,
    0xe0, 0x00, 0x38, 0x00, 0x00, 0x00, 0xe0, 0x00, 0x38, 0x00, 0x00, 0x00, 0xe0, 0x00, 0x38, 0x00,
    0x00, 0x00, 0xe0, 0x00, 0x38, 0x00, 0x00, 0x00, 0xe0, 0x00, 0x38, 0x00, 0x00, 0x00, 0xe0, 0x01,
    0x3c, 0x00, 0x00, 0x00, 0xe0, 0x01, 0x3c, 0x00, 0x00, 0x00, 0xc0, 0x03, 0x1e, 0x00, 0x00, 0x00,
    0xc0, 0x8f, 0x1f, 0x00, 0x00, 0x00, 0x80, 0xff, 0x0f, 0x00, 0x00, 0x00, 0x00, 0xff, 0x07, 0x00,
    0x00, 0x00, 0x00, 0xfe, 0x03, 0x00, 0x00, 0xc0, 0x01, 0x00, 0x00, 0x00, 0x00, 0xc0, 0x01, 0x00,
    0x00, 0x00, 0x00, 0xc0, 0x01, 0x00, 0x00, 0x00, 0x00, 0xc0, 0x01, 0x00, 0x00, 0x00, 0x00, 0xff,
    0xff, 0xff, 0x3f, 0x00, 0x00, 0xff, 0xff, 0xff, 0x3f, 0x00, 0x00, 0xff, 0xff, 0xff, 0x3f, 0x00,
    0x00, 0xff, 0xff, 0xff, 0x3f, 0x00, 0x00, 0xc0, 0x01, 0x07, 0x38, 0x00, 0x00, 0xc0, 0x01, 0x07,
    0x38, 0x00, 0x00, 0xc0, 0x01, 0x07, 0x38, 0x00, 0x00, 0xc0, 0x01, 0x07, 0x38, 0x00, 0x00, 0xc0,
    0x01, 0x07, 0x38, 0x00, 0x00, 0xc0, 0x01, 0x07, 0x38, 0x00, 0x00, 0x00, 0x00, 0x07, 0x38, 0x00,
    0x00, 0x00, 0x00, 0x0f, 0x3c, 0x00, 0x00, 0x00, 0x00, 0x1e, 0x1c, 0x00, 0x00, 0x00, 0x00, 0xfe,
    0x1f, 0x00, 0x00, 0x00, 0x00, 0xfc, 0x0f, 0x00, 0x00, 0x00, 0x00, 0xf8, 0x07, 0x00, 0x00, 0x00,
    0x00, 0xf0, 0x03, 0x00, 0x00, 0x00, 0x00, 0x00, 0x00, 0x00, 0x00, 0x00, 0x00, 0x00, 0x00, 0x00,
    0x00, 0x00, 0x00, 0x00, 0x00, 0x00, 0x00, 0x00, 0x00, 0x00, 0x00, 0x00, 0x00, 0x00, 0x00, 0x00,
    0x00, 0x00, 0x00, 0xfc, 0xff, 0xff, 0x3f, 0x00, 0x00, 0xfc, 0xff, 0xff, 0x3f, 0x00, 0x00, 0xfc,
    0xff, 0xff, 0x3f, 0x00, 0x00, 0x00, 0xc0, 0x01, 0x00, 0x00, 0x00, 0x00, 0xc0, 0x01, 0x00, 0x00,
    0x00, 0x00, 0xc0, 0x01, 0x00, 0x00, 0x00, 0x00, 0xc0, 0x01, 0x00, 0x00, 0x00, 0x00, 0xf0, 0x1f,
    0x00, 0x00, 0x00, 0x00, 0xff, 0xff, 0x00, 0x00, 0x00, 0xc0, 0xff, 0xff, 0x03, 0x00, 0x00, 0xe0,
    0xff, 0xff, 0x07, 0x00, 0x00, 0xf0, 0xc7, 0xe1, 0x0f, 0x00, 0x00, 0xf0, 0xc0, 0x01, 0x0f, 0x00,
    0x00, 0x78, 0xc0, 0x01, 0x1e, 0x00, 0x00, 0x38, 0xc0, 0x01, 0x1c, 0x00, 0x00, 0x3c, 0xc0, 0x01,
    0x3c, 0x00, 0x00, 0x1c, 0xc0, 0x01, 0x38, 0x00, 0x00, 0x1c, 0xc0, 0x01, 0x38, 0x00, 0x00, 0x1c,
    0xc0, 0x01, 0x38, 0x00, 0x00, 0x1c, 0xc0, 0x01, 0x38, 0x00, 0x00, 0x1c, 0xc0, 0x01, 0x38, 0x00,
    0x00, 0x3c, 0xc0, 0x01, 0x3c, 0x00, 0x00, 0x38, 0x00, 0x00, 0x1c, 0x00, 0x00, 0x78, 0x00, 0x00,
    0x1e, 0x00, 0x00, 0xf8, 0x00, 0x00, 0x0f, 0x00, 0x00, 0xf0, 0x0f, 0xe0, 0x0f, 0x00, 0x00, 0xe0,
    0x0f, 0xe0, 0x07, 0x00, 0x00, 0xc0, 0x0f, 0xe0, 0x03, 0x00, 0x00, 0x00, 0x0f, 0x60, 0x00, 0x00,
    0x00, 0x00, 0x00, 0x00, 0x00, 0x00, 0x00, 0x00, 0x00, 0x00, 0x00, 0x00, 0x00, 0x00, 0x00, 0x00,
    0x00, 0x00, 0x00, 0x00, 0x00, 0x00, 0x00, 0x00, 0x00, 0x00, 0xfe, 0xff, 0x3f, 0x00, 0x00, 0x00,
    0xfe, 0xff, 0x3f, 0x00, 0x00, 0x00, 0xfe, 0xff, 0x3f, 0x00, 0x00, 0x00, 0xfe, 0xff, 0x3f, 0x00,
    0x00, 0x00, 0x00, 0x1c, 0x00, 0x00, 0x00, 0x00, 0x00, 0x1c, 0x00, 0x00, 0x00, 0x00, 0x00, 0x1c,
    0x00, 0x00, 0x00, 0x00, 0x00, 0x3e, 0x00, 0x00, 0x00, 0x00, 0xc0, 0xff, 0x01, 0x00, 0x00, 0x00,
    0xf0, 0xff, 0x07, 0x00, 0x00, 0x00, 0xf8, 0xff, 0x0f, 0x00, 0x00, 0x00, 0xfc, 0x9c, 0x1f, 0x00,
    0x00, 0x00, 0x3c, 0x1c, 0x1e, 0x00, 0x00, 0x00, 0x1e, 0x1c, 0x3c, 0x00, 0x00, 0x00, 0x0e, 0x1c,
    0x38, 0x00, 0x00, 0x00, 0x0e, 0x1c, 0x38, 0x00, 0x00, 0x00, 0x0e, 0x1c, 0x38, 0x00, 0x00, 0x00,
    0x0e, 0x1c, 0x38, 0x00, 0x00, 0x00, 0x0e, 0x1c, 0x38, 0x00, 0x00, 0x00, 0x1e, 0x1c, 0x3c, 0x00,
    0x00, 0x00, 0x3c, 0x00, 0x1c, 0x00, 0x00, 0x00, 0xfc, 0x00, 0x1f, 0x00, 0x00, 0x00, 0xf8, 0x81,
    0x0f, 0x00, 0x00, 0x00, 0xf0, 0x81, 0x07, 0x00, 0x00, 0x00, 0xc0, 0x81, 0x01, 0x00, 0x00, 0x00,
    0x00, 0x00, 0x00, 0x00, 0x00, 0x00, 0x00, 0x00, 0x00, 0x00, 0x00, 0x00, 0x00, 0x00, 0x30, 0x00,
    0x00, 0x00, 0x00, 0x00, 0x3e, 0x00, 0x00, 0x00, 0x00, 0x80, 0x3f, 0x00, 0x00, 0x00, 0x00, 0xf0,
    0x3f, 0x00, 0x00, 0x00, 0x00, 0xfe, 0x0f, 0x00, 0x00, 0x00, 0xc0, 0xff, 0x01, 0x00, 0x00, 0x00,
    0xf0, 0x3f, 0x00, 0x00, 0x00, 0x00, 0xfe, 0x3f, 0x00, 0x00, 0x00, 0xc0, 0xff, 0x38, 0x00, 0x00,
    0x00, 0xf8, 0x3f, 0x38, 0x00, 0x00, 0x00, 0xfc, 0x07, 0xf8, 0x3f, 0x00, 0x00, 0xfc, 0x00, 0xf8,
    0x3f, 0x00, 0x00, 0xfc, 0x01, 0xf8, 0x3f, 0x00, 0x00, 0xfc, 0x0f, 0x38, 0x00, 0x00, 0x00, 0xe0,
    0x7f, 0x38, 0x00, 0x00, 0x00, 0x00, 0xff, 0x3b, 0x00, 0x00, 0x00, 0x00, 0xf8, 0x3f, 0x00, 0x00,
    0x00, 0x00, 0xe0, 0xff, 0x00, 0x00, 0x00, 0x00, 0x00, 0xff, 0x07, 0x00, 0x00, 0x00, 0x00, 0xf8,
    0x3f, 0x00, 0x00, 0x00, 0x00, 0xc0, 0x3f, 0x00, 0x00, 0x00, 0x00, 0x00, 0x3e, 0x00, 0x00, 0x00,
    0x00, 0x00, 0x38, 0x00, 0x00, 0x00, 0x00, 0x00, 0x00, 0x00, 0x00, 0x00, 0x00, 0x00, 0x20, 0x00,
    0x00, 0x00, 0x00, 0x00, 0x38, 0x00, 0x00, 0x00, 0x00, 0x00, 0x3e, 0x00, 0x00, 0x00, 0x00, 0xc0,
    0x3f, 0x00, 0x00, 0x00, 0x00, 0xf0, 0x1f, 0x00, 0x00, 0x00, 0x00, 0xfe, 0x03, 0x00, 0x00, 0x00,
    0x80, 0xff, 0x00, 0x00, 0x00, 0x00, 0xf0, 0xff, 0x00, 0x00, 0x00, 0x00, 0xfc, 0xe7, 0x00, 0x00,
    0x00, 0x00, 0xfe, 0xe0, 0x3f, 0x00, 0x00, 0x00, 0x3e, 0xe0, 0x3f, 0x00, 0x00, 0x00, 0xfe, 0xe1,
    0x3f, 0x00, 0x00, 0x00, 0xfc, 0xe7, 0x00, 0x00, 0x00, 0x00, 0xe0, 0xff, 0x00, 0x00, 0x00, 0x00,
    0x80, 0xff, 0x00, 0x00, 0x00, 0x00, 0x00, 0xfe, 0x03, 0x00, 0x00, 0x00, 0x00, 0xf0, 0x1f, 0x00,
    0x00, 0x00, 0x00, 0xc0, 0x3f, 0x00, 0x00, 0x00, 0x00, 0x00, 0x3e, 0x00, 0x00, 0x00, 0x00, 0x00,
    0x38, 0x00, 0x00, 0x00, 0x00, 0x00, 0x20, 0x00, 0x00, 0x00, 0x00, 0x00, 0x00, 0x00, 0x00, 0x00,
    0x00, 0x00, 0x00, 0x00, 0x00, 0x00, 0x00, 0x00, 0x00, 0x00, 0x00, 0x00, 0x00, 0x00, 0x00, 0x00,
    0x00, 0x00, 0x00, 0x00, 0x00, 0x00, 0x00, 0xfc, 0xff, 0xff, 0x3f, 0x00, 0x00, 0xfc, 0xff, 0xff,
    0x3f, 0x00, 0x00, 0xfc, 0xff, 0xff, 0x3f, 0x00, 0x00, 0xfc, 0xff, 0xff, 0x3f, 0x00, 0x00, 0x00,
    0x00, 0x38, 0x00, 0x00, 0x00, 0x00, 0x00, 0x38, 0x00, 0x00, 0x00, 0x00, 0x00, 0x38, 0x00, 0x00,
    0x00, 0x00, 0x00, 0x38, 0x20, 0x00, 0x00, 0x00, 0x00, 0x38, 0x3c, 0x00, 0x00, 0x00, 0x00, 0xb8,
    0x3f, 0x00, 0x00, 0x00, 0x00, 0xf8, 0x3f, 0x00, 0x00, 0x00, 0x00, 0xfc, 0x1f, 0x00, 0x00, 0x00,
    0x80, 0xff, 0x03, 0x00, 0x00, 0x00, 0xe0, 0x7f, 0x00, 0x00, 0x00, 0x00, 0xfc, 0x3f, 0x00, 0x00,
    0x00, 0x80, 0xff, 0x39, 0x00, 0x00, 0x00, 0xf0, 0x3f, 0x38, 0x00, 0x00, 0x00, 0xfc, 0x0f, 0xf8,
    0x3f, 0x00, 0x00, 0xfc, 0x01, 0xf8, 0x3f, 0x00, 0x00, 0xfc, 0x01, 0xf8, 0x3f, 0x00, 0x00, 0xfc,
    0x07, 0xf8, 0x3f, 0x00, 0x00, 0xf0, 0x3f, 0x38, 0x00, 0x00, 0x00, 0x80, 0xff, 0x39, 0x00, 0x00,
    0x00, 0x00, 0xfc, 0x3f, 0x00, 0x00, 0x00, 0x00, 0xf0, 0x7f, 0x00, 0x00, 0x00, 0x00, 0x80, 0xff,
    0x03, 0x00, 0x00, 0x00, 0x00, 0xfc, 0x1f, 0x00, 0x00, 0x00, 0x00, 0xe0, 0x3f, 0x00, 0x00, 0x00,
    0x00, 0x00, 0x3f, 0x00, 0x00, 0x00, 0x00, 0x00, 0x3c, 0x00, 0x00, 0x00, 0x00, 0x00, 0x20, 0x00,
    0x00, 0x00, 0x00, 0x00, 0x00, 0x00, 0x00, 0x00, 0x00, 0x00, 0x00, 0x00, 0x00, 0x00, 0x00, 0x00,
    0x00, 0x00, 0x00, 0x00, 0x00, 0x00, 0x00, 0x00, 0x00, 0x00, 0x00, 0x00, 0x00, 0x00, 0x00, 0x00,
    0xfe, 0xff, 0x3f, 0x00, 0x00, 0x00, 0xfe, 0xff, 0x3f, 0x00, 0x00, 0x00, 0xfe, 0xff, 0x3f, 0x00,
    0x00, 0x00, 0x00, 0xe0, 0x00, 0x00, 0x00, 0x00, 0x00, 0xe0, 0x00, 0x00, 0x00, 0x00, 0x00, 0xe0,
    0x20, 0x00, 0x00, 0x00, 0x00, 0xe0, 0x3c, 0x00, 0x00, 0x00, 0x00, 0xe0, 0x3f, 0x00, 0x00, 0x00,
    0x00, 0xe0, 0x3f, 0x00, 0x00, 0x00, 0x00, 0xf8, 0x0f, 0x00, 0x00, 0x00, 0x00, 0xfe, 0x03, 0x00,
    0x00, 0x00, 0xc0, 0xff, 0x00, 0x00, 0x00, 0x00, 0xf0, 0xff, 0x00, 0x00, 0x00, 0x00, 0xfe, 0xe3,
    0x3f, 0x00, 0x00, 0x00, 0xfe, 0xe0, 0x3f, 0x00, 0x00, 0x00, 0x7e, 0xe0, 0x3f, 0x00, 0x00, 0x00,
    0xfe, 0xe1, 0x3f, 0x00, 0x00, 0x00, 0xf8, 0xef, 0x00, 0x00, 0x00, 0x00, 0xe0, 0xff, 0x00, 0x00,
    0x00, 0x00, 0x00, 0xff, 0x01, 0x00, 0x00, 0x00, 0x00, 0xfc, 0x07, 0x00, 0x00, 0x00, 0x00, 0xf0,
    0x1f, 0x00, 0x00, 0x00, 0x00, 0x80, 0x3f, 0x00, 0x00, 0x00, 0x00, 0x00, 0x3e, 0x00, 0x00, 0x00,
    0x00, 0x00, 0x30, 0x00, 0x00, 0x00, 0x00, 0x00, 0x00, 0x00, 0x00, 0x00, 0x00, 0x00, 0x00, 0x00,
    0x00, 0x00, 0x00, 0x00, 0x00, 0x00, 0x00, 0x00, 0x00, 0x00, 0x00, 0x00, 0x00, 0x00, 0x00, 0xf8,
    0x3f, 0x00, 0x00, 0x00, 0x00, 0xfe, 0x3f, 0x00, 0x00, 0x00, 0x00, 0xff, 0x3f, 0x00, 0x00, 0x0c,
    0x80, 0xff, 0x3f, 0x00, 0x00, 0x1c, 0x80, 0x07, 0x00, 0x00, 0x00, 0x7c, 0xc0, 0x03, 0x00, 0x00,
    0x00, 0xfc, 0xc0, 0x01, 0x00, 0x00, 0x00, 0xfc, 0xc3, 0x01, 0x00, 0x00, 0x00, 0xfc, 0xcf, 0x01,
    0x00, 0x00, 0x00, 0x9c, 0xdf, 0x01, 0x00, 0x00, 0x00, 0x1c, 0xff, 0x01, 0x00, 0x00, 0x00, 0x1c,
    0xfc, 0x01, 0x00, 0x00, 0x00, 0x1c, 0xf8, 0xff, 0x3f, 0x00, 0x00, 0x1c, 0xe0, 0xff, 0x3f, 0x00,
    0x00, 0x1c, 0xc0, 0xff, 0x3f, 0x00, 0x00, 0x1c, 0xf0, 0xff, 0x3f, 0x00, 0x00, 0x1c, 0xfc, 0x01,
    0x00, 0x00, 0x00, 0x1c, 0xfe, 0x01, 0x00, 0x00, 0x00, 0x9c, 0xff, 0x01, 0x00, 0x00, 0x00, 0xdc,
    0xcf, 0x01, 0x00, 0x00, 0x00, 0xfc, 0xc7, 0x01, 0x00, 0x00, 0x00, 0xfc, 0xc1, 0x01, 0x00, 0x00,
    0x00, 0x7c, 0xc0, 0x03, 0x00, 0x00, 0x00, 0x3c, 0x80, 0x07, 0x00, 0x00, 0x00, 0x0c, 0x80, 0xff,
    0x3f, 0x00, 0x00, 0x04, 0x00, 0xff, 0x3f, 0x00, 0x00, 0x00, 0x00, 0xfe, 0x3f, 0x00, 0x00, 0x00,
    0x00, 0xfc, 0x3f, 0x00, 0x00, 0x00, 0x00, 0x00, 0x00, 0x00, 0x00, 0x00, 0x00, 0x00, 0x00, 0x00,
    0x00, 0x00, 0x00, 0x00, 0x00, 0x00, 0x00, 0x00, 0x00, 0x00, 0x00, 0x00, 0x00, 0x00, 0x00, 0x80,
    0x3f, 0x00, 0x00, 0x00, 0x00, 0xe0, 0x3f, 0x00, 0x00, 0x00, 0x00, 0xf0, 0x3f, 0x00, 0x00, 0x00,
    0x06, 0xf8, 0x3f, 0x00, 0x00, 0x00, 0x0e, 0x78, 0x00, 0x00, 0x00, 0x00, 0x3e, 0x3c, 0x00, 0x00,
    0x00, 0x00, 0xfe, 0x1c, 0x00, 0x00, 0x00, 0x00, 0xfe, 0x1d, 0x00, 0x00, 0x00, 0x00, 0xfe, 0x1f,
    0x00, 0x00, 0x00, 0x00, 0xce, 0x1f, 0x00, 0x00, 0x00, 0x00, 0x0e, 0xff, 0x3f, 0x00, 0x00, 0x00,
    0x0e, 0xfc, 0x3f, 0x00, 0x00, 0x00, 0x0e, 0xfe, 0x3f, 0x00, 0x00, 0x00, 0x8e, 0xff, 0x3f, 0x00,
    0x00, 0x00, 0xce, 0x1f, 0x00, 0x00, 0x00, 0x00, 0xfe, 0x1f, 0x00, 0x00, 0x00, 0x00, 0xfe, 0x1d,
    0x00, 0x00, 0x00, 0x00, 0x7e, 0x1c, 0x00, 0x00, 0x00, 0x00, 0x1e, 0x38, 0x00, 0x00, 0x00, 0x00,
    0x0e, 0xf8, 0x00, 0x00, 0x00, 0x00, 0x02, 0xf0, 0x3f, 0x00, 0x00, 0x00, 0x00, 0xf0, 0x3f, 0x00,
    0x00, 0x00, 0x00, 0xc0, 0x3f, 0x00, 0x00, 0x00, 0x00, 0x00, 0x00, 0x00, 0x00, 0x00, 0x00, 0x00,
    0x00, 0x00, 0x00, 0x00, 0x00, 0x00, 0x00, 0x00, 0x00, 0x00, 0x00, 0x00, 0x00, 0x00, 0x00, 0x00,
    0x00, 0x00, 0x00, 0x00, 0x00, 0xfc, 0xff, 0xff, 0x3f, 0x00, 0x00, 0xfc, 0xff, 0xff, 0x3f, 0x00,
    0x00, 0xfc, 0xff, 0xff, 0x3f, 0x00, 0x00, 0x00, 0xc0, 0x01, 0x00, 0x00, 0x00, 0x00, 0xc0, 0x01,
    0x00, 0x00, 0x00, 0x00, 0xc0, 0x01, 0x00, 0x00, 0x00, 0x00, 0xc0, 0x01, 0x00, 0x00, 0x00, 0x00,
    0xc0, 0x01, 0x00, 0x00, 0x00, 0x00, 0xc0, 0x01, 0x00, 0x00, 0x00, 0x00, 0xc0, 0x01, 0x00, 0x00,
    0x00, 0x00, 0xc0, 0xf9, 0x3f, 0x00, 0x00, 0x00, 0xc0, 0xff, 0x3f, 0x00, 0x00, 0x00, 0xc0, 0xff,
    0x3f, 0x00, 0x00, 0x0c, 0xc0, 0xff, 0x3f, 0x00, 0x00, 0x1c, 0xc0, 0x07, 0x00, 0x00, 0x00, 0x7c,
    0xc0, 0x03, 0x00, 0x00, 0x00, 0xfc, 0xc0, 0x03, 0x00, 0x00, 0x00, 0xfc, 0xc3, 0x01, 0x00, 0x00,
    0x00, 0xfc, 0xcf, 0x01, 0x00, 0x00, 0x00, 0x9c, 0xdf, 0x01, 0x00, 0x00, 0x00, 0x1c, 0xff, 0x01,
    0x00, 0x00, 0x00, 0x1c, 0xfc, 0x01, 0x00, 0x00, 0x00, 0x1c, 0xf0, 0xff, 0x3f, 0x00, 0x00, 0x1c,
    0xe0, 0xff, 0x3f, 0x00, 0x00, 0x1c, 0xc0, 0xff, 0x3f, 0x00, 0x00, 0x1c, 0xf0, 0xff, 0x3f, 0x00,
    0x00, 0x1c, 0xf8, 0x01, 0x00, 0x00, 0x00, 0x1c, 0xfe, 0x01, 0x00, 0x00, 0x00, 0x9c, 0xff, 0x01,
    0x00, 0x00, 0x00, 0xdc, 0xcf, 0x01, 0x00, 0x00, 0x00, 0xfc, 0xc7, 0x01, 0x00, 0x00, 0x00, 0xfc,
    0xc1, 0x03, 0x00, 0x00, 0x00, 0xfc, 0xc0, 0x03, 0x00, 0x00, 0x00, 0x3c, 0x80, 0x07, 0x00, 0x00,
    0x00, 0x0c, 0x80, 0xff, 0x3f, 0x00, 0x00, 0x04, 0x00, 0xff, 0x3f, 0x00, 0x00, 0x00, 0x00, 0xfe,
    0x3f, 0x00, 0x00, 0x00, 0x00, 0xfc, 0x3f, 0x00, 0x00, 0x00, 0x00, 0x00, 0x00, 0x00, 0x00, 0x00,
    0x00, 0x00, 0x00, 0x00, 0x00, 0x00, 0x00, 0x00, 0x00, 0x00, 0x00, 0x00, 0x00, 0x00, 0x00, 0x00,
    0x00, 0x00, 0xfe, 0xff, 0x3f, 0x00, 0x00, 0x00, 0xfe, 0xff, 0x3f, 0x00, 0x00, 0x00, 0xfe, 0xff,
    0x3f, 0x00, 0x00, 0x00, 0xfe, 0xff, 0x3f, 0x00, 0x00, 0x00, 0x00, 0x1c, 0x00, 0x00, 0x00, 0x00,
    0x00, 0x1c, 0x00, 0x00, 0x00, 0x00, 0x00, 0x1c, 0x00, 0x00, 0x00, 0x00, 0x00, 0x1c, 0x00, 0x00,
    0x00, 0x00, 0x00, 0x1c, 0x00, 0x00, 0x00, 0x00, 0x00, 0x1c, 0x00, 0x00, 0x00, 0x00, 0x00, 0xdc,
    0x3f, 0x00, 0x00, 0x00, 0x00, 0xfc, 0x3f, 0x00, 0x00, 0x00, 0x02, 0xfc, 0x3f, 0x00, 0x00, 0x00,
    0x06, 0xfc, 0x00, 0x00, 0x00, 0x00, 0x1e, 0x3c, 0x00, 0x00, 0x00, 0x00, 0x3e, 0x3c, 0x00, 0x00,
    0x00, 0x00, 0xfe, 0x1c, 0x00, 0x00, 0x00, 0x00, 0xfe, 0x1f, 0x00, 0x00, 0x00, 0x00, 0xee, 0x1f,
    0x00, 0x00, 0x00, 0x00, 0x8e, 0x1f, 0x00, 0x00, 0x00, 0x00, 0x0e, 0xff, 0x3f, 0x00, 0x00, 0x00,
    0x0e, 0xfc, 0x3f, 0x00, 0x00, 0x00, 0x0e, 0xfe, 0x3f, 0x00, 0x00, 0x00, 0x8e, 0x1f, 0x00, 0x00,
    0x00, 0x00, 0xee, 0x1f, 0x00, 0x00, 0x00, 0x00, 0xfe, 0x1f, 0x00, 0x00, 0x00, 0x00, 0xfe, 0x1c,
    0x00, 0x00, 0x00, 0x00, 0x7e, 0x3c, 0x00, 0x00, 0x00, 0x00, 0x1e, 0x78, 0x00, 0x00, 0x00, 0x00,
    0x06, 0xf8, 0x03, 0x00, 0x00, 0x00, 0x02, 0xf0, 0x3f, 0x00, 0x00, 0x00, 0x00, 0xe0, 0x3f, 0x00,
    0x00, 0x00, 0x00, 0xc0, 0x3f, 0x00, 0x00, 0x00, 0x00, 0x00, 0x00, 0x00, 0x00, 0x00, 0x00, 0x00,
    0x00, 0x00, 0x00, 0x00, 0x00, 0x00, 0x00, 0x00, 0x00, 0x00, 0x00, 0x00, 0xc0, 0x0f, 0x00, 0x1c,
    0x00, 0x00, 0xe0, 0x1f, 0x00, 0x1c, 0x00, 0x00, 0xf0, 0x3f, 0x01, 0x1c, 0xc0, 0x01, 0x70, 0x38,
    0x03, 0x1c, 0xc0, 0x01, 0x70, 0x70, 0x0f, 0x1c, 0xc0, 0x01, 0x70, 0x30, 0x1e, 0x1c, 0xc0, 0x01,
    0x70, 0x00, 0x3c, 0x1c, 0xc0, 0x01, 0x70, 0x00, 0x38, 0x1c, 0xc0, 0x01, 0x70, 0x00, 0x38, 0x1c,
    0xc0, 0x03, 0x38, 0x00, 0x1e, 0x38, 0xe0, 0x03, 0x38, 0x00, 0x0f, 0x78, 0x70, 0x07, 0x3c, 0x00,
    0x07, 0xf8, 0x7f, 0x1f, 0x1f, 0x00, 0x03, 0xf0, 0x3f, 0xfe, 0x1f, 0x00, 0x00, 0xe0, 0x1f, 0xfe,
    0x0f, 0x00, 0x00, 0x80, 0x0f, 0xf8, 0x03, 0x00, 0x00, 0x00, 0x00, 0x00, 0x00, 0x00, 0x00, 0x00,
    0x00, 0x00, 0x00, 0x00, 0x00, 0x00, 0x00, 0x00, 0x00, 0x01, 0x00, 0x00, 0x00, 0x00, 0xe0, 0x0f,
    0x80, 0x00, 0x0e, 0x00, 0xe0, 0x1f, 0x80, 0x01, 0x0e, 0x00, 0xf0, 0x3f, 0x80, 0x03, 0x0e, 0x1c,
    0x70, 0x38, 0x80, 0x07, 0x0e, 0x1c, 0x70, 0x70, 0x00, 0x0e, 0x0e, 0x1c, 0x70, 0x30, 0x00, 0x1c,
    0x0e, 0x1c, 0x70, 0x00, 0x00, 0x1c, 0x0e, 0x1c, 0x70, 0x00, 0x00, 0x1e, 0x0e, 0x1c, 0x78, 0x00,
    0x00, 0x07, 0x1e, 0x1e, 0x38, 0x00, 0x80, 0x03, 0x1c, 0x3e, 0x38, 0x00, 0x80, 0x01, 0xfc, 0x77,
    0x3e, 0x00, 0x80, 0x00, 0xf8, 0xf7, 0x1f, 0x00, 0x00, 0x00, 0xf8, 0xe3, 0x0f, 0x00, 0x00, 0x00,
    0xe0, 0xc1, 0x07, 0x00, 0x00, 0x00, 0x00, 0x00, 0x00, 0x00, 0x00, 0x00, 0x00, 0x00, 0x00, 0x00,
    0x00, 0x00, 0x00, 0x00, 0x00, 0x00, 0x00, 0xfc, 0xff, 0x01, 0x00, 0x00, 0x00, 0xfc, 0xff, 0x07,
    0x00, 0x00, 0x00, 0xfc, 0xff, 0x0f, 0x00, 0x00, 0x00, 0xfc, 0xff, 0x1f, 0x00, 0x00, 0x00, 0x00,
    0x00, 0x1f, 0x00, 0x00, 0x00, 0x00, 0x00, 0x3c, 0x00, 0x00, 0x00, 0x00, 0x00, 0x38, 0x00, 0x00,
    0x00, 0x00, 0x00, 0x78, 0x00, 0x00, 0x00, 0x00, 0x00, 0x70, 0x00, 0x00, 0x00, 0x00, 0x00, 0x70,
    0x00, 0x00, 0x00, 0xfc, 0xff, 0xff, 0x3f, 0x00, 0x00, 0xfc, 0xff, 0xff, 0x3f, 0x00, 0x00, 0xfc,
    0xff, 0xff, 0x3f, 0x00, 0x00, 0x00, 0x00, 0x70, 0x00, 0x00, 0x00, 0x00, 0x00, 0x70, 0x00, 0x00,
    0x00, 0x00, 0x00, 0x78, 0x00, 0x00, 0x00, 0x00, 0x00, 0x38, 0x00, 0x00, 0x00, 0x00, 0x00, 0x3c,
    0x00, 0x00, 0x00, 0x00, 0x00, 0x3e, 0x00, 0x00, 0x00, 0x00, 0x80, 0x1f, 0x00, 0x00, 0x00, 0xfc,
    0xff, 0x0f, 0x00, 0x00, 0x00, 0xfc, 0xff, 0x07, 0x00, 0x00, 0x00, 0xfc, 0xff, 0x01, 0x00, 0x00,
    0x00, 0xfc, 0x3f, 0x00, 0x00, 0x00, 0x00, 0x00, 0x00, 0x00, 0x00, 0x00, 0x00, 0x00, 0x00, 0x00,
    0x00, 0x00, 0x00, 0x00, 0x00, 0x00, 0x00, 0x00, 0x00, 0x00, 0xfe, 0x7f, 0x00, 0x00, 0x00, 0x00,
    0xfe, 0xff, 0x01, 0x00, 0x00, 0x00, 0xfe, 0xff, 0x07, 0x00, 0x00, 0x00, 0x00, 0xf8, 0x0f, 0x00,
    0x00, 0x00, 0x00, 0x80, 0x0f, 0x00, 0x00, 0x00, 0x00, 0x00, 0x1e, 0x00, 0x00, 0x00, 0x00, 0x00,
    0x1c, 0x00, 0x00, 0x00, 0x00, 0x00, 0x1c, 0x00, 0x00, 0x00, 0x00, 0x00, 0x38, 0x00, 0x00, 0x00,
    0x00, 0x00, 0x38, 0x00, 0x00, 0x00, 0xfe, 0xff, 0xff, 0x7f, 0x00, 0x00, 0xfe, 0xff, 0xff, 0x7f,
    0x00, 0x00, 0xfe, 0xff, 0xff, 0x7f, 0x00, 0x00, 0xfe, 0xff, 0xff, 0x7f, 0x00, 0x00, 0x00, 0x00,
    0x38, 0x00, 0x00, 0x00, 0x00, 0x00, 0x3c, 0x00, 0x00, 0x00, 0x00, 0x00, 0x3c, 0x00, 0x00, 0x00,
    0x00, 0x00, 0x1e, 0x00, 0x00, 0x00, 0x02, 0x00, 0x1e, 0x00, 0x00, 0x00, 0x0e, 0x80, 0x0f, 0x00,
    0x00, 0x00, 0xfe, 0xe1, 0x0f, 0x00, 0x00, 0x00, 0xfe, 0xff, 0x07, 0x00, 0x00, 0x00, 0xfc, 0xff,
    0x01, 0x00, 0x00, 0x00, 0xe0, 0x7f, 0x00, 0x00, 0x00, 0x00, 0x00, 0x00, 0x00, 0x00, 0x00, 0x00,
    0x00, 0x00, 0x00, 0x00, 0x00, 0x00, 0x00, 0x00, 0x00, 0x00, 0x00, 0x00, 0xf8, 0x1f, 0x00, 0x00,
    0x00, 0x00, 0xff, 0xff, 0x00, 0x00, 0x00, 0xc0, 0xff, 0xff, 0x03, 0x00, 0x00, 0xe0, 0xff, 0xff,
    0x07, 0x00, 0x00, 0xf0, 0x83, 0xc3, 0x0f, 0x00, 0x00, 0xf0, 0x80, 0x03, 0x0f, 0x00, 0x00, 0x78,
    0x80, 0x03, 0x1e, 0x00, 0x00, 0x38, 0x80, 0x03, 0x1c, 0x00, 0x00, 0x3c, 0x80, 0x03, 0x3c, 0x00,
    0x00, 0x1c, 0x80, 0x03, 0x38, 0x00, 0x00, 0x1c, 0x80, 0x03, 0x38, 0x00, 0x00, 0x1c, 0x80, 0x03,
    0x38, 0x00, 0x00, 0x1c, 0x80, 0x03, 0x38, 0x00, 0x00, 0x1c, 0x80, 0x03, 0x38, 0x00, 0x00, 0x3c,
    0x80, 0x03, 0x3c, 0x00, 0x00, 0x38, 0x80, 0x03, 0x1c, 0x00, 0x00, 0x78, 0x80, 0x03, 0x1e, 0x00,
    0x00, 0xf0, 0x80, 0x03, 0x0f, 0x00, 0x00, 0xf0, 0x87, 0xc3, 0x0f, 0x00, 0x00, 0xe0, 0xff, 0xff,
    0x07, 0x00, 0x00, 0xc0, 0xff, 0xff, 0x03, 0x00, 0x00, 0x00, 0xff, 0xff, 0x00, 0x00, 0x00, 0x00,
    0xf8, 0x1f, 0x00, 0x00, 0x00, 0x00, 0x00, 0x00, 0x00, 0x00, 0x00, 0x00, 0x00, 0x00, 0x00, 0x00,
    0x00, 0x00, 0x00, 0x00, 0x00, 0x00, 0x00, 0x00, 0x80, 0xff, 0x00, 0x00, 0x00, 0x00, 0xe0, 0xff,
    0x03, 0x00, 0x00, 0x00, 0xf0, 0xff, 0x07, 0x00, 0x00, 0x00, 0xf8, 0xff, 0x0f, 0x00, 0x00, 0x00,
    0x7c, 0x1c, 0x1f, 0x00, 0x00, 0x00, 0x1c, 0x1c, 0x1c, 0x00, 0x00, 0x00, 0x1e, 0x1c, 0x3c, 0x00,
    0x00, 0x00, 0x0e, 0x1c, 0x38, 0x00, 0x00, 0x00, 0x0e, 0x1c, 0x38, 0x00, 0x00, 0x00, 0x0e, 0x1c,
    0x38, 0x00, 0x00, 0x00, 0x0e, 0x1c, 0x38, 0x00, 0x00, 0x00, 0x0e, 0x1c, 0x38, 0x00, 0x00, 0x00,
    0x1e, 0x1c, 0x3c, 0x00, 0x00, 0x00, 0x3c, 0x1c, 0x1e, 0x00, 0x00, 0x00, 0x7c, 0x1c, 0x1f, 0x00,
    0x00, 0x00, 0xf8, 0xff, 0x0f, 0x00, 0x00, 0x00, 0xf0, 0xff, 0x07, 0x00, 0x00, 0x00, 0xe0, 0xff,
    0x03, 0x00, 0x00, 0x00, 0x00, 0x7f, 0x00, 0x00, 0x00, 0x00, 0x00, 0x00, 0x00, 0x00, 0x00, 0x00,
    0x00, 0x00, 0x00, 0x00, 0x00, 0x1c, 0x00, 0x00, 0x00, 0x00, 0x00, 0xfc, 0x00, 0x00, 0x00, 0x00,
    0x00, 0xfc, 0x07, 0x00, 0x00, 0x00, 0x00, 0xfc, 0x3f, 0x00, 0x00, 0x00, 0x00, 0xe0, 0xff, 0x00,
    0x00, 0x00, 0x00, 0x00, 0xff, 0x07, 0x00, 0x00, 0x00, 0x00, 0xf8, 0x3f, 0x00, 0x00, 0x00, 0x00,
    0xc0, 0xff, 0x01, 0x00, 0x00, 0x00, 0x00, 0xfe, 0x0f, 0x00, 0x00, 0x00, 0x00, 0xf0, 0x3f, 0x00,
    0x00, 0x00, 0x00, 0x80, 0x3f, 0x00, 0x00, 0x00, 0x00, 0x80, 0x3f, 0x00, 0x00, 0x00, 0x00, 0xf0,
    0x3f, 0x00, 0x00, 0x00, 0x00, 0xfe, 0x0f, 0x00, 0x00, 0x00, 0xc0, 0xff, 0x01, 0x00, 0x00, 0x00,
    0xf8, 0x3f, 0x00, 0x00, 0x00, 0x00, 0xff, 0x07, 0x00, 0x00, 0x00, 0xe0, 0xff, 0x00, 0x00, 0x00,
    0x00, 0xf0, 0x1f, 0x00, 0x00, 0x00, 0x00, 0xf8, 0x03, 0x00, 0x00, 0x00, 0x00, 0x7c, 0x00, 0x00,
    0x00, 0x00, 0x00, 0x3c, 0x00, 0x00, 0x00, 0x00, 0x00, 0x1c, 0x00, 0x00, 0x00, 0x00, 0x00, 0x00,
    0x00, 0x00, 0x00, 0x00, 0x00, 0x00, 0x00, 0x00, 0x00, 0x00, 0x00, 0x00, 0x06, 0x00, 0x00, 0x00,
    0x00, 0x00, 0x1e, 0x00, 0x00, 0x00, 0x00, 0x00, 0xfe, 0x00, 0x00, 0x00, 0x00, 0x00, 0xfe, 0x07,
    0x00, 0x00, 0x00, 0x00, 0xf0, 0x3f, 0x00, 0x00, 0x00, 0x00, 0x80, 0xff, 0x01, 0x00, 0x00, 0x00,
    0x00, 0xfc, 0x0f, 0x00, 0x00, 0x00, 0x00, 0xe0, 0x3f, 0x00, 0x00, 0x00, 0x00, 0x00, 0x3e, 0x00,
    0x00, 0x00, 0x00, 0x80, 0x3f, 0x00, 0x00, 0x00, 0x00, 0xf0, 0x1f, 0x00, 0x00, 0x00, 0x00, 0xff,
    0x03, 0x00, 0x00, 0x00, 0xe0, 0x7f, 0x00, 0x00, 0x00, 0x00, 0xf8, 0x1f, 0x00, 0x00, 0x00, 0x00,
    0xfc, 0x03, 0x00, 0x00, 0x00, 0x00, 0x7e, 0x00, 0x00, 0x00, 0x00, 0x00, 0x1e, 0x00, 0x00, 0x00,
    0x00, 0x00, 0x0e, 0x00, 0x00, 0x00, 0x00, 0x00, 0x0e, 0x00, 0x00, 0x00, 0x00, 0x00, 0x00, 0x00,
    0x00, 0x00, 0x00, 0x00, 0x00, 0x00, 0x00, 0x00, 0x00, 0x1c, 0x00, 0x00, 0x00, 0x00, 0x10, 0xfc,
    0x00, 0x00, 0x00, 0x00, 0x10, 0xfc, 0x07, 0x00, 0x00, 0x00, 0x30, 0xfc, 0x3f, 0x00, 0x00, 0x00,
    0x70, 0xe0, 0xff, 0x00, 0x00, 0x00, 0xf0, 0x00, 0xff, 0x07, 0x00, 0x00, 0xe0, 0x01, 0xf8, 0x3f,
    0x00, 0x00, 0xc0, 0x01, 0xc0, 0xff, 0x01, 0x00, 0x90, 0x01, 0x00, 0xfe, 0x0f, 0x00, 0x30, 0x01,
    0x00, 0xf0, 0x3f, 0x00, 0x70, 0x00, 0x00, 0x80, 0x3f, 0x00, 0xf0, 0x00, 0x00, 0x80, 0x3f, 0x00,
    0xe0, 0x01, 0x00, 0xf0, 0x3f, 0x00, 0x80, 0x01, 0x00, 0xfe, 0x0f, 0x00, 0x00, 0x01, 0xc0, 0xff,
    0x01, 0x00, 0x00, 0x00, 0xf8, 0x3f, 0x00, 0x00, 0x00, 0x00, 0xff, 0x07, 0x00, 0x00, 0x00, 0xe0,
    0xff, 0x00, 0x00, 0x00, 0x00, 0xf0, 0x1f, 0x00, 0x00, 0x00, 0x00, 0xf8, 0x03, 0x00, 0x00, 0x00,
    0x00, 0x7c, 0x00, 0x00, 0x00, 0x00, 0x00, 0x3c, 0x00, 0x00, 0x00, 0x00, 0x00, 0x1c, 0x00, 0x00,
    0x00, 0x00, 0x00, 0x00, 0x00, 0x00, 0x00, 0x00, 0x00, 0x04, 0x00, 0x00, 0x00, 0x00, 0x00, 0x04,
    0x06, 0x00, 0x00, 0x00, 0x00, 0x0c, 0x1e, 0x00, 0x00, 0x00, 0x00, 0x1c, 0xfe, 0x00, 0x00, 0x00,
    0x00, 0x3c, 0xfe, 0x07, 0x00, 0x00, 0x00, 0x78, 0xf0, 0x3f, 0x00, 0x00, 0x00, 0x70, 0x80, 0xff,
    0x01, 0x00, 0x00, 0x64, 0x00, 0xfc, 0x0f, 0x00, 0x00, 0x4c, 0x00, 0xe0, 0x3f, 0x00, 0x00, 0x1c,
    0x00, 0x00, 0x3e, 0x00, 0x00, 0x3c, 0x00, 0x80, 0x3f, 0x00, 0x00, 0x78, 0x00, 0xf0, 0x1f, 0x00,
    0x00, 0x60, 0x00, 0xff, 0x03, 0x00, 0x00, 0x40, 0xe0, 0x7f, 0x00, 0x00, 0x00, 0x00, 0xf8, 0x1f,
    0x00, 0x00, 0x00, 0x00, 0xfc, 0x03, 0x00, 0x00, 0x00, 0x00, 0x7e, 0x00, 0x00, 0x00, 0x00, 0x00,
    0x1e, 0x00, 0x00, 0x00, 0x00, 0x00, 0x0e, 0x00, 0x00, 0x00, 0x00, 0x00, 0x0e, 0x00, 0x00, 0x00,
    0x00, 0x00, 0x00, 0x00, 0x00, 0x00, 0x00, 0x00, 0x00, 0x00, 0x00, 0x00, 0x00, 0x00, 0x00, 0x00,
    0x00, 0x00, 0x00, 0x00, 0xf0, 0x0f, 0x00, 0x00, 0x00, 0x00, 0xfe, 0x7f, 0x00, 0x00, 0x00, 0x80,
    0xff, 0xff, 0x01, 0x00, 0x00, 0xc0, 0xff, 0xff, 0x03, 0x00, 0x00, 0xe0, 0x07, 0xe0, 0x07, 0x00,
    0x00, 0xf0, 0x01, 0x80, 0x0f, 0x00, 0x00, 0x78, 0x00, 0x00, 0x1e, 0x00, 0x00, 0x78, 0x00, 0x00,
    0x1e, 0x00, 0x00, 0x3c, 0x00, 0x00, 0x3c, 0x00, 0x00, 0x1c, 0x00, 0x00, 0x3c, 0x00, 0x00, 0x1c,
    0x00, 0x00, 0x38, 0x00, 0x00, 0x1c, 0x00, 0x00, 0x38, 0x00, 0x00, 0x1c, 0x00, 0x00, 0x38, 0x00,
    0x00, 0x1c, 0x00, 0x00, 0x38, 0x00, 0x00, 0x3c, 0x00, 0x00, 0x3c, 0x00, 0x00, 0x38, 0x00, 0x00,
    0x3c, 0x00, 0x00, 0x78, 0x00, 0x00, 0x1e, 0x00, 0x00, 0xf8, 0x00, 0x00, 0x1f, 0x00, 0x00, 0xf0,
    0x03, 0xc0, 0x0f, 0x00, 0x00, 0xe0, 0xff, 0xff, 0x07, 0x00, 0x00, 0xc0, 0xff, 0xff, 0x03, 0x00,
    0x00, 0x00, 0xff, 0xff, 0x01, 0x00, 0x00, 0x00, 0xfc, 0x3f, 0x00, 0x00, 0x00, 0x00, 0x00, 0x00,
    0x00, 0x00, 0x00, 0x00, 0x00, 0x00, 0x00, 0x00, 0x00, 0x00, 0x00, 0x00, 0x00, 0x00, 0x00, 0x00,
    0x00, 0x00, 0x00, 0x00, 0x00, 0x00, 0x0e, 0x00, 0x00, 0x00, 0x00, 0x00, 0x7e, 0x00, 0x00, 0x38,
    0x00, 0x00, 0xfe, 0x01, 0x00, 0x38, 0x00, 0x00, 0xfe, 0x0f, 0x00, 0x38, 0x00, 0x00, 0xf0, 0x7f,
    0x00, 0x3c, 0x00, 0x00, 0x80, 0xff, 0x01, 0x1e, 0x00, 0x00, 0x00, 0xfc, 0x8f, 0x1f, 0x00, 0x00,
    0x00, 0xe0, 0xff, 0x0f, 0x00, 0x00, 0x00, 0x00, 0xff, 0x03, 0x00, 0x00, 0x00, 0xc0, 0x7f, 0x00,
    0x00, 0x00, 0x00, 0xf8, 0x1f, 0x00, 0x00, 0x00, 0x80, 0xff, 0x03, 0x00, 0x00, 0x00, 0xf0, 0x7f,
    0x00, 0x00, 0x00, 0x00, 0xfe, 0x0f, 0x00, 0x00, 0x00, 0x00, 0xfe, 0x01, 0x00, 0x00, 0x00, 0x00,
    0x3e, 0x00, 0x00, 0x00, 0x00, 0x00, 0x0e, 0x00, 0x00, 0x00, 0x00, 0x00, 0x00, 0x00, 0x00, 0x00,
    0x00, 0x00, 0x00, 0x00, 0x00, 0x00, 0x00, 0x00, 0x00, 0x00, 0x00, 0x00, 0x00, 0x00, 0x80, 0xff,
    0x00, 0x00, 0x00, 0x00, 0xe0, 0xff, 0x03, 0x00, 0x00, 0x00, 0xf0, 0xff, 0x07, 0x00, 0x00, 0x00,
    0xf8, 0xe3, 0x0f, 0x00, 0x00, 0x00, 0x7c, 0x00, 0x1f, 0x00, 0x00, 0x00, 0x1c, 0x00, 0x1c, 0x00,
    0x00, 0x00, 0x1e, 0x00, 0x3c, 0x00, 0x00, 0x00, 0x0e, 0x00, 0x38, 0x00, 0x00, 0x00, 0x0e, 0x00,
    0x38, 0x00, 0x00, 0x00, 0x0e, 0x00, 0x38, 0x00, 0x00, 0x00, 0x0e, 0x00, 0x38, 0x00, 0x00, 0x00,
    0x0e, 0x00, 0x38, 0x00, 0x00, 0x00, 0x1e, 0x00, 0x3c, 0x00, 0x00, 0x00, 0x3c, 0x00, 0x1e, 0x00,
    0x00, 0x00, 0x7c, 0x00, 0x1f, 0x00, 0x00, 0x00, 0xf8, 0xff, 0x0f, 0x00, 0x00, 0x00, 0xf0, 0xff,
    0x07, 0x00, 0x00, 0x00, 0xe0, 0xff, 0x03, 0x00, 0x00, 0x00, 0x00, 0x7f, 0x00, 0x00, 0x00, 0x00,
    0x00, 0x00, 0x00, 0x00, 0x00, 0x00, 0x00, 0x00, 0x00, 0x00, 0x00, 0x00, 0x00, 0x00, 0x00, 0x00,
    0x00, 0x00, 0x0e, 0x00, 0x00, 0x00, 0x00, 0x00, 0x7e, 0x00, 0x00, 0x38, 0x00, 0x00, 0xfe, 0x01,
    0x00, 0x38, 0x00, 0x00, 0xfe, 0x0f, 0x00, 0x38, 0x00, 0x00, 0xf0, 0x7f, 0x00, 0x3c, 0x00, 0x00,
    0x80, 0xff, 0x01, 0x1e, 0x00, 0x00, 0x00, 0xfc, 0x8f, 0x1f, 0x00, 0x00, 0x00, 0xe0, 0xff, 0x0f,
    0x00, 0x00, 0x00, 0x00, 0xff, 0x03, 0x00, 0x00, 0x00, 0xc0, 0x7f, 0x00, 0x00, 0x00, 0x00, 0xf8,
    0x1f, 0x00, 0x00, 0x00, 0x80, 0xff, 0x03, 0x00, 0x00, 0x00, 0xf0, 0x7f, 0x00, 0x00, 0x00, 0x00,
    0xfe, 0x0f, 0x00, 0x00, 0x00, 0x00, 0xfe, 0x01, 0x00, 0x00, 0x00, 0x00, 0x3e, 0x00, 0x00, 0x00,
    0x00, 0x00, 0x0e, 0x00, 0x00, 0x00, 0x00, 0x00, 0x00, 0x00, 0x00, 0x00, 0x00, 0x00, 0x00, 0x00,
    0x00, 0x00, 0x00, 0x00, 0x00, 0x00, 0x00, 0x00, 0x00, 0x00, 0xf8, 0x1f, 0x00, 0x00, 0x00, 0x00,
    0xff, 0xff, 0x00, 0x00, 0x00, 0xc0, 0xff, 0xff, 0x03, 0x00, 0x00, 0xe0, 0xff, 0xff, 0x07, 0x00,
    0x00, 0xf0, 0x03, 0xc0, 0x0f, 0x00, 0x00, 0xf0, 0x00, 0x00, 0x0f, 0x00, 0x00, 0x78, 0x00, 0x00,
    0x1e, 0x00, 0x00, 0x38, 0x00, 0x00, 0x1c, 0x00, 0x00, 0x3c, 0x00, 0x00, 0x3c, 0x00, 0x00, 0x1c,
    0x00, 0x00, 0x38, 0x00, 0x00, 0xff, 0x00, 0x00, 0xff, 0x00, 0x00, 0xff, 0x00, 0x00, 0xff, 0x00,
    0x00, 0xff, 0x00, 0x00, 0xff, 0x00, 0x00, 0x1c, 0x00, 0x00, 0x38, 0x00, 0x00, 0x3c, 0x00, 0x00,
    0x3c, 0x00, 0x00, 0x38, 0x00, 0x00, 0x1c, 0x00, 0x00, 0x78, 0x00, 0x00, 0x1e, 0x00, 0x00, 0xf0,
    0x00, 0x00, 0x0f, 0x00, 0x00, 0xf0, 0x07, 0xc0, 0x0f, 0x00, 0x00, 0xe0, 0xff, 0xff, 0x07, 0x00,
    0x00, 0xc0, 0xff, 0xff, 0x03, 0x00, 0x00, 0x00, 0xff, 0xff, 0x00, 0x00, 0x00, 0x00, 0xf8, 0x1f,
    0x00, 0x00, 0x00, 0x00, 0x00, 0x00, 0x00, 0x00, 0x00, 0x00, 0x00, 0x00, 0x00, 0x00, 0x00, 0x00,
    0x00, 0x00, 0x00, 0x00, 0x00, 0x00, 0x80, 0xff, 0x00, 0x00, 0x00, 0x00, 0xe0, 0xff, 0x03, 0x00,
    0x00, 0x00, 0xf0, 0xff, 0x07, 0x00, 0x00, 0x00, 0xf8, 0xe3, 0x0f, 0x00, 0x00, 0x00, 0x7c, 0x00,
    0x1f, 0x00, 0x00, 0x00, 0x1c, 0x00, 0x1c, 0x00, 0x00, 0x00, 0x1e, 0x00, 0x3c, 0x00, 0x00, 0x00,
    0x0e, 0x00, 0x38, 0x00, 0x00, 0x80, 0x7f, 0x00, 0xff, 0x00, 0x00, 0x80, 0x7f, 0x00, 0xff, 0x00,
    0x00, 0x80, 0x7f, 0x00, 0xff, 0x00, 0x00, 0x00, 0x0e, 0x00, 0x38, 0x00, 0x00, 0x00, 0x1e, 0x00,
    0x3c, 0x00, 0x00, 0x00, 0x3c, 0x00, 0x1e, 0x00, 0x00, 0x00, 0x7c, 0x00, 0x1f, 0x00, 0x00, 0x00,
    0xf8, 0xff, 0x0f, 0x00, 0x00, 0x00, 0xf0, 0xff, 0x07, 0x00, 0x00, 0x00, 0xe0, 0xff, 0x03, 0x00,
    0x00, 0x00, 0x00, 0x7f, 0x00, 0x00,
};

static const uint16_t mf_bwfont_Roboto_Regular40bw_glyph_offsets_13[125] PROGMEM = {
    0x0000, 0x0016, 0x002c, 0x0049, 0x005f, 0x0078, 0x008f, 0x0097,
    0x00a4, 0x00b8, 0x00e2, 0x010c, 0x012a, 0x0144, 0x015e, 0x0177,
    0x0191, 0x01ab, 0x01c3, 0x01db, 0x01f1, 0x020f, 0x0225, 0x024a,
    0x0261, 0x027b, 0x0295, 0x02af, 0x02c9, 0x02ea, 0x0304, 0x031e,
    0x0338, 0x0351, 0x036a, 0x0382, 0x039b, 0x03b9, 0x03d2, 0x03ef,
    0x0408, 0x042b, 0x0451, 0x046f, 0x048f, 0x04a7, 0x04c1, 0x04e4,
    0x04fb, 0x0510, 0x0526, 0x053c, 0x054d, 0x0565, 0x057a, 0x0599,
    0x05ac, 0x05c1, 0x05d6, 0x05ec, 0x0601, 0x061d, 0x0632, 0x0648,
    0x065d, 0x0673, 0x0688, 0x069b, 0x06ae, 0x06ca, 0x06de, 0x06f6,
    0x070a, 0x0728, 0x0749, 0x0762, 0x077e, 0x0793, 0x07a7, 0x07c7,
    0x07db, 0x07f0, 0x0805, 0x0819, 0x082a, 0x083f, 0x0853, 0x085b,
    0x0868, 0x0870, 0x0892, 0x08b4, 0x08c8, 0x08de, 0x08f3, 0x0906,
    0x091b, 0x093c, 0x0959, 0x0971, 0x0986, 0x09a8, 0x09c5, 0x09de,
    0x09f4, 0x0a18, 0x0a36, 0x0a56, 0x0a71, 0x0a9c, 0x0ac1, 0x0ad4,
    0x0ae6, 0x0b01, 0x0b1c, 0x0b36, 0x0b4c, 0x0b65, 0x0b7a, 0x0b93,
    0x0ba8, 0x0bd7, 0x0c01, 0x0c1b, 0x0c31,
};

static const uint8_t mf_bwfont_Roboto_Regular40bw_glyph_widths_13[124] PROGMEM = {
    0x17, 0x17, 0x1e, 0x16, 0x1b, 0x18, 0x0b, 0x0b, 0x16, 0x2b, 0x2b, 0x21, 0x19, 0x1d, 0x19, 0x1d,
    0x1a, 0x19, 0x19, 0x16, 0x1e, 0x17, 0x24, 0x18, 0x1d, 0x1d, 0x1a, 0x1c, 0x23, 0x1d, 0x1c, 0x1d,
    0x19, 0x1a, 0x18, 0x19, 0x1f, 0x19, 0x1d, 0x1b, 0x26, 0x27, 0x1e, 0x23, 0x19, 0x1b, 0x24, 0x19,
    0x16, 0x16, 0x17, 0x11, 0x18, 0x15, 0x1f, 0x14, 0x17, 0x17, 0x16, 0x17, 0x1e, 0x17, 0x17, 0x17,
    0x16, 0x15, 0x13, 0x13, 0x1d, 0x14, 0x18, 0x16, 0x20, 0x21, 0x19, 0x1f, 0x16, 0x16, 0x21, 0x16,
    0x15, 0x15, 0x16, 0x11, 0x16, 0x15, 0x0a, 0x0a, 0x0a, 0x22, 0x22, 0x17, 0x16, 0x17, 0x13, 0x17,
    0x23, 0x1f, 0x19, 0x16, 0x24, 0x1e, 0x18, 0x15, 0x23, 0x1e, 0x22, 0x1d, 0x2d, 0x27, 0x15, 0x13,
    0x1c, 0x1c, 0x1b, 0x17, 0x19, 0x14, 0x19, 0x14, 0x2e, 0x2a, 0x1b, 0x17,
};

static const uint8_t mf_bwfont_Roboto_Regular40bw_glyph_data_14[38520] PROGMEM = {
    0x00, 0x00, 0x00, 0x00, 0x00, 0x00, 0x00, 0x00, 0x00, 0x00, 0x00, 0x00, 0x00, 0x00, 0x00, 0x00,
    0x00, 0x00, 0x00, 0x00, 0x00, 0x00, 0x00, 0x00, 0x00, 0x00, 0x00, 0x00, 0x00, 0x00, 0x00, 0x00,
    0x00, 0x00, 0x00, 0x00, 0x00, 0x00, 0x00, 0x00, 0x00, 0x00, 0x00, 0x00, 0x00, 0x00, 0x00, 0x00,
    0x00, 0x00, 0x00, 0x00, 0x00, 0x00, 0x00, 0x00, 0x00, 0x00, 0x00, 0x00, 0x00, 0x00, 0x00, 0x00,
    0x00, 0x00, 0x00, 0x00, 0x00, 0x00, 0x00, 0x00, 0x00, 0x00, 0x00, 0x00, 0x00, 0x00, 0x00, 0x00,
    0x00, 0x00, 0x00, 0x00, 0x00, 0x00, 0x00, 0x00, 0x00, 0x00, 0x00, 0x00, 0x00, 0x00, 0x00, 0x00,
    0x00, 0x00, 0x00, 0x00, 0x00, 0x00, 0x00, 0x00, 0x00, 0x00, 0x00, 0x00, 0x00, 0x00, 0x00, 0x00,
    0x00, 0x00, 0x00, 0x00, 0x00, 0x00, 0x00, 0x00, 0x00, 0x00, 0x00, 0x00, 0x00, 0x00, 0x00, 0x00,
    0x00, 0x00, 0x00, 0x00, 0x00, 0x00, 0x00, 0x00, 0x00, 0x00, 0x00, 0x00, 0x00, 0x00, 0x00, 0x00,
    0x00, 0x00, 0x00, 0x00, 0x00, 0x00, 0x00, 0x00, 0x00, 0x00, 0x00, 0x00, 0x00, 0x00, 0x00, 0x00,
    0x00, 0x00, 0x00, 0x00, 0x00, 0x00, 0x00, 0x00, 0x00, 0x00, 0x00, 0x00, 0x00, 0x00, 0x00, 0x00,
    0x00, 0x00, 0x00, 0x00, 0x00, 0x00, 0x00, 0x00, 0x00, 0x00, 0x00, 0x00, 0x00, 0x00, 0x00, 0x00,
    0x00, 0xc0, 0xff, 0xff, 0x00, 0x00, 0x00, 0xf0, 0xff, 0xff, 0x03, 0x00, 0x00, 0xf8, 0xff, 0xff,
    0x07, 0x00, 0x00, 0xfc, 0xff, 0xff, 0x0f, 0x00, 0x00, 0x3c, 0x00, 0x00, 0x0f, 0x00, 0x00, 0x1e,
    0x00, 0x00, 0x1e, 0x00, 0x00, 0x0e, 0x00, 0x00, 0x1c, 0x00, 0x00, 0x0e, 0x00, 0x00, 0x1c, 0x00,
    0x00, 0x00, 0x00, 0x00, 0x1c, 0x00, 0x1e, 0x00, 0x00, 0x00, 0x1c, 0x00, 0x1e, 0x00, 0x00, 0x00,
    0x1e, 0x00, 0x07, 0x00, 0x00, 0x00, 0x0f, 0x00, 0x07, 0x00, 0x00, 0x80, 0x0f, 0x00, 0x07, 0x07,
    0xf0, 0xff, 0x07, 0x00, 0xe7, 0x07, 0xf0, 0xff, 0x03, 0x00, 0xe6, 0x03, 0xf0, 0xff, 0x07, 0x00,
    0xee, 0x00, 0xf0, 0xff, 0x0f, 0x00, 0x0e, 0x00, 0x00, 0x00, 0x0f, 0x00, 0x0c, 0x00, 0x00, 0x00,
    0x1e, 0x00, 0x1c, 0x00, 0x00, 0x00, 0x1c, 0x00, 0x1c, 0x00, 0x00, 0x00, 0x1c, 0x00, 0x18, 0x0e,
    0x00, 0x00, 0x1c, 0x00, 0x18, 0x0e, 0x00, 0x00, 0x1c, 0x00, 0x00, 0x1e, 0x00, 0x00, 0x1e, 0x00,
    0x00, 0x3c, 0x00, 0x00, 0x0f, 0x00, 0x00, 0xfc, 0xff, 0xff, 0x0f, 0x00, 0x00, 0xf8, 0xff, 0xff,
    0x07, 0x00, 0x00, 0xf0, 0xff, 0xff, 0x03, 0x00, 0x00, 0xc0, 0xff, 0xff, 0x00, 0x00, 0x00, 0x00,
    0x00, 0x00, 0x00, 0x00, 0x00, 0x00, 0x00, 0x00, 0x00, 0x00, 0x00, 0x00, 0x00, 0x00, 0x00, 0x00,
    0x00, 0x00, 0x00, 0x00, 0x00, 0x00, 0x00, 0x00, 0x00, 0x00, 0x00, 0x00, 0x00, 0x00, 0x00, 0x00,
    0x00, 0x00, 0x00, 0x00, 0x00, 0x00, 0x00, 0x00, 0x00, 0x00, 0x00, 0x00, 0x00, 0x00, 0x00, 0x00,
    0x00, 0x00, 0x00, 0x00, 0x00, 0x00, 0x00, 0x00, 0x00, 0x00, 0x00, 0x00, 0x00, 0x00, 0x00, 0x00,
    0x00, 0x00, 0x00, 0x00, 0x00, 0x00, 0x00, 0x00, 0x00, 0x00, 0x00, 0x00, 0x00, 0x00, 0x00, 0x00,
    0x00, 0x00, 0x00, 0x00, 0x00, 0x00, 0x00, 0x00, 0x00, 0x00, 0x00, 0x00, 0x00, 0x00, 0x00, 0x00,
    0x00, 0x00, 0x00, 0x00, 0x00, 0x00, 0x00, 0x00, 0x00, 0x00, 0x00, 0x00, 0x00, 0x00, 0x00, 0x00,
    0x00, 0x00, 0x00, 0x00, 0x00, 0x00, 0x00, 0x00, 0x00, 0x00, 0x00, 0x00, 0x00, 0x00, 0x00, 0x00,
    0x00, 0x00, 0x00, 0x00, 0x00, 0x00, 0x00, 0x00, 0x00, 0x00, 0x00, 0x00, 0x00, 0x00, 0x00, 0x00,
    0x00, 0x00, 0x00, 0x00, 0x00, 0x00, 0x00, 0x00, 0x00, 0x00, 0x00, 0x00, 0x00, 0x00, 0x00, 0x00,
    0x00, 0x00, 0x00, 0x00, 0x00, 0x00, 0x00, 0x00, 0x00, 0x00, 0x00, 0x00, 0x00, 0x00, 0x00, 0x00,
    0x00, 0x00, 0x00, 0x00, 0x00, 0x00, 0x00, 0x00, 0x00, 0x00, 0x80, 0x3f, 0x00, 0x00, 0x00, 0x00,
    0xf8, 0xff, 0x03, 0x00, 0x00, 0x00, 0xfc, 0xff, 0x07, 0x00, 0x00, 0x00, 0xfe, 0xff, 0x0f, 0x00,
    0x00, 0x00, 0x1e, 0x00, 0x0f, 0x00, 0x00, 0x00, 0x0f, 0x00, 0x1e, 0x00, 0x00, 0x00, 0x07, 0x00,
    0x1c, 0x00, 0x00, 0x00, 0x07, 0x00, 0x1c, 0x00, 0x00, 0x0e, 0x00, 0x00, 0x1c, 0x00, 0x00, 0x0f,
    0x00, 0x00, 0x1c, 0x00, 0x80, 0x07, 0x00, 0x00, 0x0e, 0x00, 0x80, 0x03, 0x00, 0x80, 0x0f, 0x00,
    0x80, 0x01, 0x01, 0xfe, 0x07, 0x00, 0x80, 0xf3, 0x03, 0xfe, 0x03, 0x00, 0x80, 0xf3, 0x01, 0xfe,
    0x07, 0x00, 0x00, 0xf3, 0x00, 0x80, 0x0f, 0x00, 0x00, 0x07, 0x00, 0x00, 0x1e, 0x00, 0x00, 0x07,
    0x00, 0x00, 0x1c, 0x00, 0x00, 0x06, 0x00, 0x00, 0x1c, 0x00, 0x00, 0x0e, 0x07, 0x00, 0x1c, 0x00,
    0x00, 0x0e, 0x07, 0x00, 0x1c, 0x00, 0x00, 0x0e, 0x0f, 0x00, 0x1e, 0x00, 0x00, 0x0e, 0x3e, 0x80,
    0x0f, 0x00, 0x00, 0x00, 0xfe, 0xff, 0x0f, 0x00, 0x00, 0x00, 0xfc, 0xff, 0x07, 0x00, 0x00, 0x00,
    0xf0, 0xff, 0x01, 0x00, 0x00, 0x00, 0x00, 0x00, 0x00, 0x00, 0x00, 0x00, 0x00, 0x00, 0x00, 0x00,
    0x00, 0x00, 0x00, 0x00, 0x00, 0x00, 0x00, 0x00, 0x00, 0x00, 0x00, 0x00, 0x00, 0x00, 0x00, 0x00,
    0x00, 0x00, 0x00, 0x00, 0x00, 0x00, 0x00, 0x00, 0x00, 0x00, 0x00, 0x00, 0x00, 0x00, 0x00, 0x00,
    0x00, 0x00, 0x00, 0x00, 0x00, 0x00, 0x00, 0x00, 0x00, 0x00, 0x00, 0x00, 0x00, 0x00, 0x00, 0x00,
    0x00, 0x00, 0x00, 0x00, 0x00, 0x00, 0x00, 0x00, 0x00, 0x00, 0x00, 0x00, 0x00, 0x00, 0x00, 0x00,
    0x00, 0x00, 0x00, 0x00, 0x00, 0x00, 0x00, 0x00, 0x00, 0x00, 0x00, 0x00, 0x00, 0x00, 0x00, 0x00,
    0x00, 0x00, 0x00, 0x00, 0x00, 0x00, 0x00, 0x00, 0x00, 0x00, 0x00, 0x00, 0x00, 0x00, 0x00, 0x00,
    0x00, 0x00, 0x00, 0x00, 0x00, 0x00, 0x00, 0x00, 0x00, 0x00, 0x00, 0x00, 0x00, 0x00, 0x00, 0x00,
    0x00, 0x00, 0x00, 0x00, 0x00, 0x00, 0x00, 0x00, 0x00, 0x00, 0x00, 0x00, 0x00, 0x00, 0x00, 0x00,
    0x00, 0x00, 0x00, 0x00, 0x00, 0x00, 0x00, 0x00, 0x00, 0x00, 0x00, 0x00, 0x00, 0x00, 0x00, 0x00,
    0x00, 0x00, 0x00, 0x00, 0x00, 0x00, 0x00, 0x00, 0x00, 0x00, 0x00, 0x00, 0x00, 0x00, 0x00, 0x00,
    0x00, 0x00, 0x00, 0x00, 0x00, 0x00, 0x00, 0x00, 0x00, 0x00, 0x00, 0x00, 0x00, 0x00, 0x00, 0x00,
    0x00, 0x00, 0x00, 0x00, 0x00, 0xfe, 0xff, 0xff, 0x00, 0x00, 0x00, 0xfe, 0xff, 0xff, 0x03, 0x00,
    0x00, 0xfe, 0xff, 0xff, 0x07, 0x00, 0x00, 0xfe, 0xff, 0xff, 0x0f, 0x00, 0x00, 0x00, 0x00, 0x00,
    0x0f, 0x00, 0x00, 0x00, 0x00, 0x00, 0x1e, 0x00, 0x00, 0x00, 0x00, 0x00, 0x1c, 0x00, 0x0c, 0x00,
    0x00, 0x00, 0x1c, 0x00, 0x0c, 0x00, 0x00, 0x00, 0x1c, 0x00, 0x0c, 0x00, 0x00, 0x00, 0x1c, 0x00,
    0x0c, 0x00, 0x00, 0x00, 0x1e, 0x00, 0x0c, 0x00, 0x00, 0x00, 0x0e, 0x00, 0x0c, 0x00, 0x00, 0x80,
    0x0f, 0x00, 0x3c, 0xfe, 0xff, 0xff, 0x07, 0x00, 0x3c, 0xfe, 0xff, 0xff, 0x03, 0x00, 0x3c, 0xfe,
    0xff, 0xff, 0x07, 0x00, 0x0c, 0xfe, 0xff, 0xff, 0x0f, 0x00, 0x0c, 0x00, 0x00, 0x00, 0x0f, 0x00,
    0x0c, 0x00, 0x00, 0x00, 0x1e, 0x00, 0x0c, 0x00, 0x00, 0x00, 0x1c, 0x00, 0x0c, 0x00, 0x00, 0x00,
    0x1c, 0x00, 0x0c, 0x00, 0x00, 0x00, 0x1c, 0x00, 0x0c, 0x00, 0x00, 0x00, 0x1c, 0x00, 0x00, 0x00,
    0x00, 0x00, 0x1e, 0x00, 0x00, 0x00, 0x00, 0x00, 0x0f, 0x00, 0x00, 0x00, 0x00, 0xc0, 0x0f, 0x00,
    0x00, 0xfe, 0xff, 0xff, 0x07, 0x00, 0x00, 0xfe, 0xff, 0xff, 0x03, 0x00, 0x00, 0xfe, 0xff, 0xff,
    0x01, 0x00, 0x00, 0x00, 0x00, 0x00, 0x00, 0x00, 0x00, 0x00, 0x00, 0x00, 0x00, 0x00, 0x00, 0x00,
    0x00, 0x00, 0x00, 0x00, 0x00, 0x00, 0x00, 0x00, 0x00, 0x00, 0x00, 0x00, 0x00, 0x00, 0x00, 0x00,
    0x00, 0x00, 0x00, 0x00, 0x00, 0x00, 0x00, 0x00, 0x00, 0x00, 0x00, 0x00, 0x00, 0x00, 0x00, 0x00,
    0x00, 0x00, 0x00, 0x00, 0x00, 0x00, 0x00, 0x00, 0x00, 0x00, 0x00, 0x00, 0x00, 0x00, 0x00, 0x00,
    0x00, 0x00, 0x00, 0x00, 0x00, 0x00, 0x00, 0x00, 0x00, 0x00, 0x00, 0x00, 0x00, 0x00, 0x00, 0x00,
    0x00, 0x00, 0x00, 0x00, 0x00, 0x00, 0x00, 0x00, 0x00, 0x00, 0x00, 0x00, 0x00, 0x00, 0x00, 0x00,
    0x00, 0x00, 0x00, 0x00, 0x00, 0x00, 0x00, 0x00, 0x00, 0x00, 0x00, 0x00, 0x00, 0x00, 0x00, 0x00,
    0x00, 0x00, 0x00, 0x00, 0x00, 0x00, 0x00, 0x00, 0x00, 0x00, 0x00, 0x00, 0x00, 0x00, 0x00, 0x00,
    0x00, 0x00, 0x00, 0x00, 0x00, 0x00, 0x00, 0x00, 0x00, 0x00, 0x00, 0x00, 0x00, 0x00, 0x00, 0x00,
    0x00, 0x00, 0x00, 0x00, 0x00, 0x00, 0x00, 0x00, 0x00, 0x00, 0x00, 0x00, 0x00, 0x00, 0x00, 0x00,
    0x00, 0x00, 0x00, 0x00, 0x00, 0x00, 0x00, 0x00, 0x00, 0x00, 0x00, 0x00, 0x00, 0x00, 0x00, 0x00,
    0x00, 0x00, 0x00, 0x00, 0x00, 0x00, 0x00, 0x00, 0x00, 0x00, 0x00, 0x00, 0x00, 0x00, 0x00, 0x00,
    0x00, 0x00, 0x00, 0x00, 0xff, 0xff, 0x03, 0x00, 0x00, 0x00, 0xff, 0xff, 0x07, 0x00, 0x00, 0x00,
    0xff, 0xff, 0x0f, 0x00, 0x00, 0x00, 0x00, 0x00, 0x0f, 0x00, 0x00, 0x00, 0x00, 0x00, 0x1e, 0x00,
    0x00, 0x06, 0x00, 0x00, 0x1c, 0x00, 0x00, 0x06, 0x00, 0x00, 0x1c, 0x00, 0x00, 0x06, 0x00, 0x00,
    0x1c, 0x00, 0x00, 0x06, 0x00, 0x00, 0x1c, 0x00, 0x00, 0x06, 0x00, 0x00, 0x1e, 0x00, 0x00, 0x06,
    0x00, 0x80, 0x0f, 0x00, 0x00, 0x1e, 0xff, 0xff, 0x07, 0x00, 0x00, 0x1e, 0xff, 0xff, 0x03, 0x00,
    0x00, 0x1e, 0xff, 0xff, 0x07, 0x00, 0x00, 0x06, 0x00, 0x80, 0x0f, 0x00, 0x00, 0x06, 0x00, 0x00,
    0x1e, 0x00, 0x00, 0x06, 0x00, 0x00, 0x1c, 0x00, 0x00, 0x06, 0x00, 0x00, 0x1c, 0x00, 0x00, 0x06,
    0x00, 0x00, 0x1c, 0x00, 0x00, 0x06, 0x00, 0x00, 0x1c, 0x00, 0x00, 0x06, 0x00, 0x00, 0x1e, 0x00,
    0x00, 0x00, 0x00, 0x00, 0x0f, 0x00, 0x00, 0x00, 0xff, 0xff, 0x0f, 0x00, 0x00, 0x00, 0xff, 0xff,
    0x07, 0x00, 0x00, 0x00, 0xff, 0xff, 0x03, 0x00, 0x00, 0x00, 0x00, 0x00, 0x00, 0x00, 0x00, 0x00,
    0x00, 0x00, 0x00, 0x00, 0x00, 0x00, 0x00, 0x00, 0x00, 0x00, 0x00, 0x00, 0x00, 0x00, 0x00, 0x00,
    0x00, 0x00, 0x00, 0x00, 0x00, 0x00, 0x00, 0x00, 0x00, 0x00, 0x00, 0x00, 0x00, 0x00, 0x00, 0x00,
    0x00, 0x00, 0x00, 0x00, 0x00, 0x00, 0x00, 0x00, 0x00, 0x00, 0x00, 0x00, 0x00, 0x00, 0x00, 0x00,
    0x00, 0x00, 0x00, 0x00, 0x00, 0x00, 0x00, 0x00, 0x00, 0x00, 0x00, 0x00, 0x00, 0x00, 0x00, 0x00,
    0x00, 0x00, 0x00, 0x00, 0x00, 0x00, 0x00, 0x00, 0x00, 0x00, 0x00, 0x00, 0x00, 0x00, 0x00, 0x00,
    0x00, 0x00, 0x00, 0x00, 0x00, 0x00, 0x00, 0x00, 0x00, 0x00, 0x00, 0x00, 0x00, 0x00, 0x00, 0x00,
    0x00, 0x00, 0x00, 0x00, 0x00, 0x00, 0x00, 0x00, 0x00, 0x00, 0x00, 0x00, 0x00, 0x00, 0x00, 0x00,
    0x00, 0x00, 0x00, 0x00, 0x00, 0x00, 0x00, 0x00, 0x00, 0x00, 0x00, 0x00, 0x00, 0x00, 0x00, 0x00,
    0x00, 0x00, 0x00, 0x00, 0x00, 0x00, 0x00, 0x00, 0x00, 0x00, 0x00, 0x00, 0x00, 0x00, 0x00, 0x00,
    0x00, 0x00, 0x00, 0x00, 0x00, 0x00, 0x00, 0x00, 0x00, 0x00, 0x00, 0x00, 0x00, 0x00, 0x00, 0x00,
    0x00, 0x00, 0x00, 0x00, 0x00, 0x00, 0x00, 0x00, 0x00, 0x00, 0x00, 0x00, 0x00, 0x00, 0x00, 0x00,
    0x00, 0x00, 0x00, 0x00, 0xfc, 0x0f, 0x00, 0x00, 0x00, 0x80, 0xff, 0x7f, 0x00, 0x00, 0x00, 0xe0,
    0xff, 0xff, 0x01, 0x00, 0x00, 0xf0, 0xff, 0xff, 0x03, 0x00, 0x00, 0xf8, 0x03, 0xf0, 0x07, 0x00,
    0x00, 0x78, 0x00, 0x80, 0x0f, 0x00, 0x00, 0x3c, 0x00, 0x00, 0x0f, 0x00, 0x00, 0x1c, 0x00, 0x00,
    0x0e, 0x00, 0x00, 0x1e, 0x00, 0x00, 0x1e, 0x00, 0x00, 0x0e, 0x00, 0x00, 0x1c, 0x00, 0x00, 0x0e,
    0x00, 0x00, 0xfc, 0x0f, 0x00, 0x0e, 0x00, 0x00, 0xfc, 0x0f, 0x00, 0x0e, 0x00, 0x00, 0xfc, 0x0f,
    0x00, 0x0e, 0x00, 0x00, 0x00, 0x00, 0x00, 0x1e, 0x00, 0x00, 0x00, 0x00, 0x00, 0x1c, 0x00, 0x00,
    0x00, 0x00, 0x00, 0x3c, 0x00, 0x00, 0x00, 0x00, 0x00, 0xf8, 0x00, 0x00, 0x00, 0x00, 0x00, 0xf8,
    0x07, 0x00, 0x00, 0x00, 0x00, 0xf0, 0x07, 0x00, 0x00, 0x00, 0x00, 0xc0, 0x07, 0x00, 0x00, 0x00,
    0x00, 0x00, 0x06, 0x00, 0x00, 0x00, 0x00, 0x00, 0x00, 0x00, 0x00, 0x00, 0x00, 0x00, 0x00, 0x00,
    0x00, 0x00, 0x00, 0x00, 0x00, 0x00, 0x00, 0x00, 0x00, 0x00, 0x00, 0x00, 0x00, 0x00, 0x00, 0x00,
    0x00, 0x00, 0x00, 0x00, 0x00, 0x00, 0x00, 0x00, 0x00, 0x00, 0x00, 0x00, 0x00, 0x00, 0x00, 0x00,
    0x00, 0x00, 0x00, 0x00, 0x00, 0x00, 0x00, 0x00, 0x00, 0x00, 0x00, 0x00, 0x00, 0x00, 0x00, 0x00,
    0x00, 0x00, 0x00, 0x00, 0x00, 0x00, 0x00, 0x00, 0x00, 0x00, 0x00, 0x00, 0x00, 0x00, 0x00, 0x00,
    0x00, 0x00, 0x00, 0x00, 0x00, 0x00, 0x00, 0x00, 0x00, 0x00, 0x00, 0x00, 0x00, 0x00, 0x00, 0x00,
    0x00, 0x00, 0x00, 0x00, 0x00, 0x00, 0x00, 0x00, 0x00, 0x00, 0x00, 0x00, 0x00, 0x00, 0x00, 0x00,
    0x00, 0x00, 0x00, 0x00, 0x00, 0x00, 0x00, 0x00, 0x00, 0x00, 0x00, 0x00, 0x00, 0x00, 0x00, 0x00,
    0x00, 0x00, 0x00, 0x00, 0x00, 0x00, 0x00, 0x00, 0x00, 0x00, 0x00, 0x00, 0x00, 0x00, 0x00, 0x00,
    0x00, 0x00, 0x00, 0x00, 0x00, 0x00, 0x00, 0x00, 0x00, 0x00, 0x00, 0x00, 0x00, 0x00, 0x00, 0x00,
    0x00, 0x00, 0x00, 0x00, 0x00, 0x00, 0x00, 0x00, 0x00, 0x00, 0x00, 0x00, 0x00, 0x00, 0x00, 0x00,
    0x00, 0x00, 0x00, 0x00, 0x00, 0x00, 0x00, 0x00, 0x00, 0x00, 0x00, 0x00, 0x00, 0x00, 0x00, 0x00,
    0x00, 0x00, 0xc0, 0x7f, 0x00, 0x00, 0x00, 0x00, 0xf0, 0xff, 0x01, 0x00, 0x00, 0x00, 0xf8, 0xff,
    0x03, 0x00, 0x00, 0x00, 0xfc, 0xff, 0x07, 0x00, 0x00, 0x00, 0x3e, 0x80, 0x0f, 0x00, 0x00, 0x00,
    0x0e, 0x00, 0x0e, 0x00, 0x00, 0x00, 0x0f, 0x00, 0x1e, 0x00, 0x00, 0x00, 0x07, 0x00, 0x1c, 0x00,
    0x00, 0x00, 0x07, 0x00, 0xfc, 0x0f, 0x00, 0x00, 0x07, 0x00, 0xfc, 0x0f, 0x00, 0x00, 0x07, 0x00,
    0xfc, 0x0f, 0x00, 0x00, 0x0f, 0x00, 0x00, 0x00, 0x00, 0x00, 0x0e, 0x00, 0x00, 0x00, 0x00, 0x00,
    0x3e, 0x00, 0x00, 0x00, 0x00, 0x00, 0xfc, 0x00, 0x00, 0x00, 0x00, 0x00, 0xf8, 0x00, 0x00, 0x00,
    0x00, 0x00, 0xf0, 0x00, 0x00, 0x00, 0x00, 0x00, 0x00, 0x00, 0x00, 0x00, 0x00, 0x00, 0x00, 0x00,
    0x00, 0x00, 0x00, 0x00, 0x00, 0x00, 0x00, 0x00, 0x00, 0x00, 0x00, 0x00, 0x00, 0x00, 0x00, 0x00,
    0x00, 0x00, 0x00, 0x00, 0x00, 0x00, 0x00, 0x00, 0x00, 0x00, 0x00, 0x00, 0x00, 0x00, 0x00, 0x00,
    0x00, 0x00, 0x00, 0x00, 0x00, 0x00, 0x00, 0x00, 0x00, 0x00, 0x00, 0x00, 0x00, 0x00, 0x00, 0x00,
    0x00, 0x00, 0x00, 0x00, 0x00, 0x00, 0x00, 0x00, 0x00, 0x00, 0x00, 0x00, 0x00, 0x00, 0x00, 0x00,
    0x00, 0x00, 0x00, 0x00, 0x00, 0x00, 0x00, 0x00, 0x00, 0x00, 0x00, 0x00, 0x00, 0x00, 0x00, 0x00,
    0x00, 0x00, 0x00, 0x00, 0x00, 0x00, 0x00, 0x00, 0x00, 0x00, 0x00, 0x00, 0x00, 0x00, 0x00, 0x00,
    0x00, 0x00, 0x00, 0x00, 0x00, 0x00, 0x00, 0x00, 0x00, 0x00, 0x00, 0x00, 0x00, 0x00, 0x00, 0x00,
    0x00, 0x00, 0x00, 0x00, 0x00, 0x00, 0x00, 0x00, 0x00, 0x00, 0x00, 0x00, 0x00, 0x00, 0x00, 0x00,
    0x00, 0x00, 0x00, 0x00, 0x00, 0x00, 0x00, 0x00, 0x00, 0x00, 0x00, 0x00, 0x00, 0x00, 0x00, 0x00,
    0x00, 0x00, 0x00, 0x00, 0x00, 0x00, 0x00, 0x00, 0x00, 0x00, 0x00, 0x00, 0x00, 0x00, 0x00, 0x00,
    0x00, 0x00, 0x00, 0x00, 0x00, 0x00, 0x00, 0x00, 0x00, 0x00, 0x00, 0x00, 0x00, 0x00, 0x00, 0x00,
    0x00, 0x00, 0x00, 0x00, 0x00, 0x00, 0x00, 0x00, 0x00, 0x07, 0x00, 0x00, 0x00, 0x00, 0x00, 0x07,
    0x18, 0x00, 0x00, 0x00, 0x00, 0x0e, 0x1e, 0x00, 0x00, 0x00, 0x00, 0x0e, 0x1f, 0x00, 0x00, 0x00,
    0x00, 0xdc, 0x0f, 0x00, 0x00, 0x80, 0x01, 0xfc, 0x03, 0x00, 0x00, 0xc0, 0x03, 0xf8, 0x00, 0x00,
    0x00, 0x80, 0x03, 0x7e, 0x00, 0x00, 0x00, 0x00, 0x87, 0x7f, 0x00, 0x00, 0x00, 0x00, 0xe7, 0xe7,
    0x00, 0x00, 0x00, 0x00, 0xfe, 0xe1, 0x01, 0x00, 0x00, 0x00, 0xfe, 0xc0, 0x01, 0x00, 0x00, 0x00,
    0x3f, 0x80, 0x03, 0x00, 0x00, 0xc0, 0x3f, 0x80, 0x01, 0x00, 0x00, 0xf0, 0x3b, 0x00, 0x00, 0x00,
    0x00, 0xf8, 0x70, 0x00, 0x00, 0x00, 0x00, 0x78, 0x70, 0x00, 0x00, 0x00, 0x00, 0x18, 0xe0, 0x00,
    0x00, 0x00, 0x00, 0x00, 0xe0, 0x00, 0x00, 0x00, 0x00, 0x00, 0x40, 0x00, 0x00, 0x00, 0x00, 0x00,
    0x00, 0x00, 0x00, 0x00, 0x00, 0x00, 0x00, 0x00, 0x00, 0x00, 0x00, 0x00, 0x00, 0x00, 0x00, 0x00,
    0x00, 0x00, 0x00, 0x00, 0x00, 0x00, 0x00, 0x00, 0x00, 0x00, 0x00, 0x00, 0x00, 0x00, 0x00, 0x00,
    0x00, 0x00, 0x00, 0x00, 0x00, 0x00, 0x00, 0x00, 0x00, 0x00, 0x00, 0x00, 0x00, 0x00, 0x00, 0x00,
    0x00, 0x00, 0x00, 0x00, 0x00, 0x00, 0x00, 0x00, 0x00, 0x00, 0x00, 0x00, 0x00, 0x00, 0x00, 0x00,
    0x00, 0x1e, 0x00, 0x00, 0x00, 0x00, 0x00, 0x1e, 0x00, 0x00, 0x00, 0x00, 0x00, 0x1e, 0x00, 0x00,
    0x00, 0x00, 0x00, 0x06, 0x00, 0x00, 0x00, 0x00, 0x00, 0x06, 0x00, 0x00, 0x00, 0x00, 0x00, 0x06,
    0x00, 0x00, 0x00, 0x00, 0x00, 0x06, 0x00, 0x00, 0x00, 0x00, 0x00, 0x06, 0x00, 0x00, 0x00, 0x00,
    0x00, 0x06, 0x00, 0x00, 0x00, 0x00, 0x00, 0x06, 0x00, 0x00, 0x00, 0x00, 0x00, 0x06, 0x00, 0x00,
    0x00, 0x00, 0xc0, 0x07, 0x00, 0x00, 0x00, 0x00, 0xc0, 0x07, 0x00, 0x00, 0x00, 0x00, 0xc0, 0x07,
    0x00, 0x00, 0x00, 0x00, 0x00, 0x00, 0x00, 0x00, 0x00, 0x00, 0x00, 0x00, 0x00, 0x00, 0x00, 0x00,
    0x00, 0x00, 0x00, 0x00, 0x00, 0x00, 0x00, 0x00, 0x00, 0x00, 0x00, 0x00, 0x00, 0x00, 0x00, 0x00,
    0x00, 0x00, 0x00, 0x00, 0x00, 0x00, 0x00, 0x00, 0x00, 0x00, 0x00, 0x00, 0x00, 0x00, 0x00, 0x00,
    0x00, 0x00, 0x00, 0x00, 0x00, 0x00, 0x00, 0x00, 0x00, 0x00, 0x00, 0x00, 0x00, 0x00, 0x00, 0x00,
    0x00, 0x00, 0x00, 0x00, 0x00, 0x00, 0x00, 0x0e, 0x00, 0x00, 0x00, 0x00, 0x00, 0x0e, 0x00, 0x00,
    0x00, 0x00, 0x00, 0x0e, 0x00, 0x00, 0x00, 0x00, 0x00, 0x0e, 0x00, 0x00, 0x00, 0x00, 0x00, 0x0e,
    0x00, 0x00, 0x00, 0x00, 0x00, 0x07, 0x00, 0x00, 0x00, 0x00, 0x00, 0x07, 0x00, 0x00, 0x00, 0x00,
    0x00, 0x03, 0x00, 0x00, 0x00, 0x00, 0x80, 0x03, 0x00, 0x00, 0x00, 0x00, 0x80, 0x03, 0x00, 0x00,
    0x00, 0x00, 0x80, 0x03, 0x00, 0x00, 0x00, 0x00, 0x80, 0x03, 0x00, 0x00, 0x00, 0x00, 0x80, 0x0f,
    0x00, 0x00, 0x00, 0x00, 0x00, 0x0f, 0x00, 0x00, 0x00, 0x00, 0x00, 0x0e, 0x00, 0x00, 0x00, 0x00,
    0x00, 0x00, 0x00, 0x00, 0x00, 0x00, 0x00, 0x00, 0x00, 0x00, 0x00, 0x00, 0x00, 0x00, 0x00, 0x00,
    0x00, 0x00, 0x00, 0x00, 0x00, 0x00, 0x00, 0x00, 0x00, 0x00, 0x00, 0x00, 0x00, 0x00, 0x00, 0x00,
    0x00, 0x00, 0x00, 0x00, 0x00, 0x00, 0x00, 0x00, 0x00, 0x00, 0x00, 0x00, 0x00, 0x00, 0x00, 0x00,
    0x00, 0x00, 0x00, 0x00, 0x00, 0x00, 0x00, 0x00, 0x00, 0x00, 0x00, 0x00, 0x00, 0x00, 0x00, 0x00,
    0x00, 0x00, 0x00, 0x00, 0x00, 0x00, 0x00, 0x00, 0x00, 0x00, 0x00, 0x00, 0x00, 0x00, 0x00, 0x00,
    0x00, 0x00, 0x00, 0x00, 0x00, 0x00, 0x00, 0x00, 0x00, 0x00, 0x00, 0x00, 0x00, 0x00, 0x00, 0x00,
    0xe0, 0x00, 0x00, 0x00, 0x00, 0x00, 0xe0, 0x01, 0x00, 0x00, 0x00, 0x00, 0xe0, 0x03, 0x00, 0x00,
    0x00, 0x00, 0x00, 0x07, 0x00, 0x00, 0x00, 0x00, 0x00, 0x00, 0x00, 0x00, 0x00, 0x00, 0x00, 0x00,
    0x00, 0x00, 0x00, 0x00, 0x00, 0x00, 0x00, 0x00, 0x00, 0x00, 0x00, 0x00, 0x00, 0x00, 0x00, 0x00,
    0x00, 0x00, 0x00, 0x00, 0x00, 0x00, 0x00, 0x00, 0x00, 0x00, 0x00, 0x00, 0x00, 0x00, 0x00, 0x00,
    0x00, 0x00, 0x00, 0x00, 0x00, 0x00, 0x00, 0x00, 0x00, 0x00, 0x00, 0x00, 0x00, 0x00, 0x00, 0x00,
    0x00, 0x00, 0x00, 0x00, 0x00, 0x00, 0x00, 0x00, 0x00, 0x00, 0x00, 0x00, 0x00, 0x00, 0x00, 0x00,
    0x00, 0x00, 0x00, 0x00, 0x00, 0x00, 0x00, 0x00, 0x00, 0x00, 0x00, 0x00, 0x00, 0x00, 0x00, 0x00,
    0x00, 0x00, 0x00, 0x00, 0x00, 0x00, 0x00, 0x00, 0x00, 0x00, 0x00, 0x00, 0x00, 0x00, 0x00, 0x02,
    0x00, 0x00, 0x00, 0x00, 0xe0, 0x07, 0x00, 0x00, 0x00, 0x00, 0xe0, 0x03, 0x00, 0x00, 0x00, 0x00,
    0xe0, 0x01, 0x00, 0x00, 0x00, 0x00, 0xe0, 0x00, 0x00, 0x00, 0x00, 0x00, 0x00, 0x00, 0x00, 0x06,
    0x00, 0x00, 0x00, 0x00, 0x00, 0x07, 0x00, 0x00, 0x00, 0x00, 0x00, 0x03, 0x00, 0x00, 0x00, 0x00,
    0x03, 0x03, 0x38, 0x00, 0x00, 0x80, 0x03, 0x03, 0x3c, 0x00, 0x00, 0xc0, 0x00, 0x07, 0x0c, 0x00,
    0x00, 0xc0, 0x00, 0x06, 0x0c, 0x00, 0x00, 0xc0, 0x00, 0x04, 0x0c, 0x00, 0x00, 0xc0, 0x00, 0x00,
    0x1c, 0x00, 0x00, 0x80, 0x03, 0x00, 0x38, 0x00, 0x00, 0x80, 0x03, 0x00, 0x30, 0x00, 0x00, 0x00,
    0x00, 0x00, 0x00, 0x00, 0x00, 0x00, 0x00, 0x00, 0x00, 0x00, 0x00, 0x00, 0x00, 0x00, 0x00, 0x00,
    0x00, 0x08, 0x00, 0x00, 0x00, 0x04, 0x00, 0x0e, 0x00, 0x00, 0x00, 0x07, 0x00, 0x06, 0x00, 0x00,
    0x00, 0x07, 0x00, 0x02, 0x00, 0x00, 0x00, 0x01, 0x00, 0x02, 0x00, 0x00, 0x00, 0x01, 0x00, 0x06,
    0x00, 0x00, 0x00, 0x03, 0x00, 0x0e, 0x00, 0x00, 0x00, 0x07, 0x00, 0x0c, 0x00, 0x00, 0x00, 0x06,
    0x00, 0x00, 0x00, 0x00, 0x00, 0x00, 0x00, 0x00, 0x00, 0x00, 0x00, 0x00, 0x00, 0x00, 0x00, 0x00,
    0x00, 0x00, 0x00, 0x00, 0x00, 0x00, 0x20, 0x00, 0x00, 0x80, 0x03, 0x00, 0x38, 0x00, 0x00, 0xc0,
    0x03, 0x00, 0x3c, 0x00, 0x00, 0xc0, 0x00, 0x00, 0x0c, 0x00, 0x00, 0xc0, 0x00, 0x04, 0x0c, 0x00,
    0x00, 0xc0, 0x00, 0x06, 0x0c, 0x00, 0x00, 0xc0, 0x01, 0x07, 0x3c, 0x00, 0x00, 0x80, 0x03, 0x03,
    0x38, 0x00, 0x00, 0x00, 0x03, 0x03, 0x30, 0x00, 0x00, 0x00, 0x00, 0x03, 0x00, 0x00, 0x00, 0x00,
    0x00, 0x07, 0x00, 0x00, 0x00, 0x00, 0x00, 0x06, 0x00, 0x00, 0x00, 0x00, 0x00, 0x06, 0x00, 0x00,
    0x00, 0x00, 0x00, 0x06, 0x00, 0x00, 0x00, 0x00, 0x00, 0x06, 0x00, 0x00, 0x00, 0x00, 0x00, 0x0e,
    0x00, 0x00, 0x00, 0x00, 0x00, 0x0e, 0x40, 0x00, 0x00, 0x00, 0x00, 0x0c, 0xe0, 0x00, 0x00, 0xe0,
    0x00, 0x1c, 0x60, 0x00, 0x00, 0xc0, 0x07, 0x00, 0x70, 0x00, 0x00, 0x80, 0x0f, 0x00, 0x38, 0x00,
    0x00, 0x00, 0x06, 0x00, 0x38, 0x00, 0x00, 0x00, 0x00, 0x00, 0x10, 0x00, 0x00, 0x00, 0x00, 0x00,
    0x00, 0x00, 0x00, 0x00, 0x00, 0x00, 0x00, 0x00, 0x00, 0x00, 0x00, 0x00, 0x00, 0x00, 0x00, 0x00,
    0x00, 0x00, 0x00, 0x00, 0x00, 0x00, 0x00, 0x00, 0x00, 0x00, 0x00, 0x60, 0x00, 0x00, 0x00, 0x1c,
    0x00, 0x7c, 0x00, 0x00, 0xc0, 0x1f, 0x00, 0x7f, 0x00, 0x00, 0xc0, 0x07, 0x00, 0x07, 0x00, 0x00,
    0xc0, 0x00, 0x00, 0x00, 0x00, 0x00, 0x00, 0x00, 0x00, 0x00, 0x00, 0x00, 0x00, 0x00, 0x00, 0x00,
    0x00, 0x00, 0x00, 0x00, 0x00, 0x00, 0x00, 0x00, 0x00, 0x00, 0x00, 0x00, 0x00, 0x00, 0x00, 0x00,
    0x00, 0x00, 0x02, 0x00, 0x00, 0x00, 0x00, 0x00, 0x07, 0x00, 0x18, 0x00, 0x00, 0x00, 0x07, 0x00,
    0x7c, 0x00, 0x00, 0x80, 0x03, 0x00, 0xf0, 0x00, 0x00, 0x80, 0x01, 0x06, 0xc0, 0x01, 0x00, 0xc0,
    0x01, 0x0e, 0x00, 0x00, 0x00, 0x80, 0x00, 0x0e, 0x00, 0x00, 0x00, 0x00, 0x00, 0x0c, 0x00, 0x00,
    0x00, 0x00, 0x00, 0x0c, 0x00, 0x00, 0x00, 0x00, 0x00, 0x0c, 0x00, 0x00, 0x00, 0x00, 0x00, 0x18,
    0x00, 0x00, 0x00, 0x00, 0x00, 0x00, 0x00, 0x00, 0x00, 0x00, 0x00, 0x00, 0x00, 0x00, 0x00, 0x00,
    0x00, 0x00, 0x00, 0x00, 0x00, 0x00, 0x00, 0x00, 0x00, 0x00, 0x00, 0x00, 0x00, 0x00, 0x00, 0x00,
    0x00, 0x00, 0x00, 0x00, 0x00, 0x00, 0x00, 0x00, 0x00, 0x00, 0x00, 0x00, 0x00, 0x00, 0x00, 0x00,
    0x00, 0x00, 0x00, 0x00, 0x00, 0x00, 0x00, 0x00, 0x00, 0x00, 0x00, 0x00, 0x00, 0x00, 0x00, 0x00,
    0x00, 0x00, 0x00, 0x00, 0x00, 0x00, 0x00, 0x00, 0x00, 0x00, 0x00, 0x00, 0x00, 0x00, 0x00, 0x00,
    0x00, 0x00, 0x00, 0x00, 0x00, 0x00, 0x00, 0x00, 0x00, 0x00, 0x00, 0x00, 0x00, 0x00, 0x00, 0x00,
    0x00, 0x00, 0x00, 0x00, 0x00, 0x00, 0x00, 0x00, 0x00, 0x00, 0x00, 0x00, 0x00, 0x00, 0x00, 0x00,
    0x00, 0x00, 0x00, 0x00, 0x00, 0x00, 0x00, 0x00, 0x00, 0x00, 0x00, 0x00, 0x00, 0x00, 0x00, 0x00,
    0x00, 0x00, 0x00, 0x00, 0x00, 0x00, 0x00, 0x00, 0x00, 0x00, 0x00, 0x00, 0x00, 0x00, 0x00, 0x00,
    0x00, 0x00, 0x00, 0x00, 0x00, 0x00, 0x00, 0x00, 0x00, 0x00, 0x00, 0x00, 0x00, 0x00, 0x00, 0x00,
    0x00, 0x00, 0x00, 0x00, 0x00, 0x00, 0x00, 0x00, 0x00, 0x00, 0x00, 0x00, 0x00, 0x00, 0x00, 0x00,
    0x00, 0x00, 0x00, 0x00, 0x00, 0x00, 0x00, 0x00, 0x00, 0x00, 0x00, 0x00, 0x00, 0x00, 0x00, 0x00,
    0x00, 0x00, 0x00, 0xfe, 0xff, 0xff, 0x1f, 0x00, 0x00, 0xfe, 0xff, 0xff, 0x1f, 0x00, 0x00, 0xfe,
    0xff, 0xff, 0x1f, 0x00, 0x00, 0xfe, 0xff, 0xff, 0x1f, 0x00, 0x00, 0x00, 0x00, 0xc0, 0x1f, 0x00,
    0x00, 0x00, 0x00, 0xe0, 0x07, 0x00, 0x1c, 0x00, 0x00, 0xf8, 0x03, 0x00, 0x3c, 0x00, 0x00, 0xfc,
    0x00, 0x00, 0x7c, 0x00, 0x00, 0x3f, 0x00, 0x00, 0x70, 0x00, 0xc0, 0x1f, 0x00, 0x00, 0x60, 0x00,
    0xe0, 0x07, 0x00, 0x00, 0x60, 0x00, 0xf8, 0x03, 0x00, 0x00, 0x60, 0x00, 0xfc, 0x00, 0x00, 0x00,
    0x70, 0x00, 0x7f, 0x00, 0x00, 0x00, 0x3c, 0x80, 0x1f, 0x00, 0x00, 0x00, 0x3c, 0xe0, 0x0f, 0x00,
    0x00, 0x00, 0x1c, 0xf0, 0x03, 0x00, 0x00, 0x00, 0x00, 0xfc, 0x01, 0x00, 0x00, 0x00, 0x00, 0xfe,
    0xff, 0xff, 0x1f, 0x00, 0x00, 0xfe, 0xff, 0xff, 0x1f, 0x00, 0x00, 0xfe, 0xff, 0xff, 0x1f, 0x0c,
    0x00, 0xfe, 0xff, 0xff, 0xff, 0x1f, 0x00, 0x00, 0x00, 0x00, 0xf8, 0x0f, 0x00, 0x00, 0x00, 0x00,
    0xf8, 0x07, 0x00, 0x00, 0x00, 0x00, 0xf8, 0x01, 0x00, 0x00, 0x00, 0x00, 0x00, 0x00, 0x00, 0x00,
    0x00, 0x00, 0x00, 0x00, 0x00, 0x00, 0x00, 0x00, 0x00, 0x00, 0x00, 0x00, 0x00, 0x00, 0x00, 0x00,
    0x00, 0x00, 0x00, 0x00, 0x00, 0x00, 0x00, 0x00, 0x00, 0x00, 0x00, 0x00, 0x00, 0x00, 0x00, 0x00,
    0x00, 0x00, 0x00, 0x00, 0x00, 0x00, 0x00, 0x00, 0x00, 0x00, 0x00, 0x00, 0x00, 0x00, 0x00, 0x00,
    0x00, 0x00, 0x00, 0x00, 0x00, 0x00, 0x00, 0x00, 0x00, 0x00, 0x00, 0x00, 0x00, 0x00, 0x00, 0x00,
    0x00, 0x00, 0x00, 0x00, 0x00, 0x00, 0x00, 0x00, 0x00, 0x00, 0x00, 0x00, 0x00, 0x00, 0x00, 0x00,
    0x00, 0x00, 0x00, 0x00, 0x00, 0x00, 0x00, 0x00, 0x00, 0x00, 0x00, 0x00, 0x00, 0x00, 0x00, 0x00,
    0x00, 0x00, 0x00, 0x00, 0x00, 0x00, 0x00, 0x00, 0x00, 0x00, 0x00, 0x00, 0x00, 0x00, 0x00, 0x00,
    0x00, 0x00, 0x00, 0x00, 0x00, 0x00, 0x00, 0x00, 0x00, 0x00, 0x00, 0x00, 0x00, 0x00, 0x00, 0x00,
    0x00, 0x00, 0x00, 0x00, 0x00, 0x00, 0x00, 0x00, 0x00, 0x00, 0x00, 0x00, 0x00, 0x00, 0x00, 0x00,
    0x00, 0x00, 0x00, 0x00, 0x00, 0x00, 0x00, 0x00, 0x00, 0x00, 0x00, 0x00, 0x00, 0x00, 0x00, 0x00,
    0x00, 0x00, 0x00, 0x00, 0x00, 0x00, 0x00, 0x00, 0x00, 0x00, 0x00, 0x00, 0x00, 0x00, 0x00, 0x00,
    0x00, 0x00, 0x00, 0x00, 0x00, 0x00, 0x00, 0x00, 0x00, 0x00, 0xff, 0xff, 0x1f, 0x00, 0x00, 0x00,
    0xff, 0xff, 0x1f, 0x00, 0x00, 0x00, 0xff, 0xff, 0x1f, 0x00, 0x00, 0x0e, 0xff, 0xff, 0x1f, 0x00,
    0x00, 0x1e, 0x00, 0xc0, 0x0f, 0x00, 0x00, 0x3e, 0x00, 0xf0, 0x03, 0x00, 0x00, 0x38, 0x00, 0xf8,
    0x01, 0x00, 0x00, 0x30, 0x00, 0x7e, 0x00, 0x00, 0x00, 0x30, 0x00, 0x1f, 0x00, 0x00, 0x00, 0x30,
    0xc0, 0x0f, 0x00, 0x00, 0x00, 0x38, 0xe0, 0x03, 0x00, 0x00, 0x00, 0x1e, 0xf8, 0x01, 0x00, 0x00,
    0x00, 0x1e, 0x7e, 0x00, 0x00, 0x00, 0x00, 0x0e, 0xff, 0xff, 0x1f, 0x00, 0x00, 0x00, 0xff, 0xff,
    0x1f, 0x00, 0x00, 0x00, 0xff, 0xff, 0x1f, 0x00, 0x00, 0x00, 0xff, 0xff, 0x1f, 0x06, 0x00, 0x00,
    0x00, 0x00, 0xfc, 0x0f, 0x00, 0x00, 0x00, 0x00, 0xfc, 0x07, 0x00, 0x00, 0x00, 0x00, 0xfc, 0x03,
    0x00, 0x00, 0x00, 0x00, 0xfc, 0x00, 0x00, 0x00, 0x00, 0x00, 0x00, 0x00, 0x00, 0x00, 0x00, 0x00,
    0x00, 0x00, 0x00, 0x00, 0x00, 0x00, 0x00, 0x00, 0x00, 0x00, 0x00, 0x00, 0x00, 0x00, 0x00, 0x00,
    0x00, 0x00, 0x00, 0x00, 0x00, 0x00, 0x00, 0x00, 0x00, 0x00, 0x00, 0x00, 0x00, 0x00, 0x00, 0x00,
    0x00, 0x00, 0x00, 0x00, 0x00, 0x00, 0x00, 0x00, 0x00, 0x00, 0x00, 0x00, 0x00, 0x00, 0x00, 0x00,
    0x00, 0x00, 0x00, 0x00, 0x00, 0x00, 0x00, 0x00, 0x00, 0x00, 0x00, 0x00, 0x00, 0x00, 0x00, 0x00,
    0x00, 0x00, 0x00, 0x00, 0x00, 0x00, 0x00, 0x00, 0x00, 0x00, 0x00, 0x00, 0x00, 0x00, 0x00, 0x00,
    0x00, 0x00, 0x00, 0x00, 0x00, 0x00, 0x00, 0x00, 0x00, 0x00, 0x00, 0x00, 0x00, 0x00, 0x00, 0x00,
    0x00, 0x00, 0x00, 0x00, 0x00, 0x00, 0x00, 0x00, 0x00, 0x00, 0x00, 0x00, 0x00, 0x00, 0x00, 0x00,
    0x00, 0x00, 0x00, 0x00, 0x00, 0x00, 0x00, 0x00, 0x00, 0x00, 0x00, 0x00, 0x00, 0x00, 0x00, 0x00,
    0x00, 0x00, 0x00, 0x00, 0x00, 0x00, 0x00, 0x00, 0x00, 0x00, 0x00, 0x00, 0x00, 0x00, 0x00, 0x00,
    0x00, 0x00, 0x00, 0x00, 0x00, 0x00, 0x00, 0x00, 0x00, 0x00, 0x00, 0x00, 0x00, 0x00, 0x00, 0x70,
    0x00, 0x00, 0x00, 0x00, 0x00, 0x70, 0x00, 0x00, 0x00, 0x00, 0x00, 0x70, 0x00, 0x00, 0x00, 0x00,
    0x00, 0x70, 0x00, 0x00, 0x00, 0x00, 0x00, 0xfe, 0xff, 0xff, 0x1f, 0x00, 0x00, 0xfe, 0xff, 0xff,
    0x1f, 0x00, 0x00, 0xfe, 0xff, 0xff, 0x1f, 0x00, 0x00, 0xfe, 0xff, 0xff, 0x1f, 0x00, 0x00, 0x70,
    0x70, 0x00, 0x1c, 0x00, 0x00, 0x70, 0x70, 0x00, 0x1c, 0x00, 0x00, 0x70, 0x70, 0x00, 0x1c, 0x00,
    0x00, 0x70, 0x70, 0x00, 0x1c, 0x00, 0x00, 0x70, 0x70, 0x00, 0x1c, 0x00, 0x00, 0x00, 0x70, 0x00,
    0x1c, 0x00, 0x00, 0x00, 0x70, 0x00, 0x1c, 0x00, 0x00, 0x00, 0x70, 0x00, 0x1c, 0x00, 0x00, 0x00,
    0x70, 0x00, 0x1c, 0x00, 0x00, 0x00, 0xf0, 0x00, 0x1e, 0x00, 0x00, 0x00, 0xf0, 0x00, 0x1e, 0x00,
    0x00, 0x00, 0xe0, 0x01, 0x0f, 0x00, 0x00, 0x00, 0xe0, 0xc7, 0x0f, 0x00, 0x00, 0x00, 0xc0, 0xff,
    0x07, 0x00, 0x00, 0x00, 0x80, 0xff, 0x03, 0x00, 0x00, 0x00, 0x00, 0xff, 0x01, 0x00, 0x00, 0x00,
    0x00, 0x00, 0x00, 0x00, 0x00, 0x00, 0x00, 0x00, 0x00, 0x00, 0x00, 0x00, 0x00, 0x00, 0x00, 0x00,
    0x00, 0x00, 0x00, 0x00, 0x00, 0x00, 0x00, 0x00, 0x00, 0x00, 0x00, 0x00, 0x00, 0x00, 0x00, 0x00,
    0x00, 0x00, 0x00, 0x00, 0x00, 0x00, 0x00, 0x00, 0x00, 0x00, 0x00, 0x00, 0x00, 0x00, 0x00, 0x00,
    0x00, 0x00, 0x00, 0x00, 0x00, 0x00, 0x00, 0x00, 0x00, 0x00, 0x00, 0x00, 0x00, 0x00, 0x00, 0x00,
    0x00, 0x00, 0x00, 0x00, 0x00, 0x00, 0x00, 0x00, 0x00, 0x00, 0x00, 0x00, 0x00, 0x00, 0x00, 0x00,
    0x00, 0x00, 0x00, 0x00, 0x00, 0x00, 0x00, 0x00, 0x00, 0x00, 0x00, 0x00, 0x00, 0x00, 0x00, 0x00,
    0x00, 0x00, 0x00, 0x00, 0x00, 0x00, 0x00, 0x00, 0x00, 0x00, 0x00, 0x00, 0x00, 0x00, 0x00, 0x00,
    0x00, 0x00, 0x00, 0x00, 0x00, 0x00, 0x00, 0x00, 0x00, 0x00, 0x00, 0x00, 0x00, 0x00, 0x00, 0x00,
    0x00, 0x00, 0x00, 0x00, 0x00, 0x00, 0x00, 0x00, 0x00, 0x00, 0x00, 0x00, 0x00, 0x00, 0x00, 0x00,
    0x00, 0x00, 0x00, 0x00, 0x00, 0x00, 0x00, 0x00, 0x00, 0x00, 0x00, 0x00, 0x00, 0x00, 0x00, 0x00,
    0x00, 0x00, 0x00, 0x00, 0x00, 0x00, 0x00, 0x0e, 0x00, 0x00, 0x00, 0x00, 0x00, 0x0e, 0x00, 0x00,
    0x00, 0x00, 0x00, 0x0e, 0x00, 0x00, 0x00, 0x00, 0x00, 0x0e, 0x00, 0x00, 0x00, 0x00, 0xe0, 0xff,
    0xff, 0xff, 0x1f, 0x00, 0xe0, 0xff, 0xff, 0xff, 0x1f, 0x00, 0xe0, 0xff, 0xff, 0xff, 0x1f, 0x00,
    0xe0, 0xff, 0xff, 0xff, 0x1f, 0x00, 0x00, 0x0e, 0xc0, 0x01, 0x1c, 0x00, 0x00, 0x0e, 0xc0, 0x01,
    0x1c, 0x00, 0x00, 0x0e, 0xc0, 0x01, 0x1c, 0x00, 0x00, 0x0e, 0xc0, 0x01, 0x1c, 0x00, 0x00, 0x0e,
    0xc0, 0x01, 0x1c, 0x00, 0x00, 0x0e, 0xc0, 0x01, 0x1c, 0x00, 0x00, 0x00, 0xc0, 0x01, 0x1c, 0x00,
    0x00, 0x00, 0xc0, 0x03, 0x1e, 0x00, 0x00, 0x00, 0x80, 0x07, 0x0f, 0x00, 0x00, 0x00, 0x80, 0xff,
    0x0f, 0x00, 0x00, 0x00, 0x00, 0xff, 0x07, 0x00, 0x00, 0x00, 0x00, 0xfe, 0x03, 0x00, 0x00, 0x00,
    0x00, 0xf8, 0x00, 0x00, 0x00, 0x00, 0x00, 0x00, 0x00, 0x00, 0x00, 0x00, 0x00, 0x00, 0x00, 0x00,
    0x00, 0x00, 0x00, 0x00, 0x00, 0x00, 0x00, 0x00, 0x00, 0x00, 0x00, 0x00, 0x00, 0x00, 0x00, 0x00,
    0x00, 0x00, 0x00, 0x00, 0x00, 0x00, 0x00, 0x00, 0x00, 0x00, 0x00, 0x00, 0x00, 0x00, 0x00, 0x00,
    0x00, 0x00, 0x00, 0x00, 0x00, 0x00, 0x00, 0x00, 0x00, 0x00, 0x00, 0x00, 0x00, 0x00, 0x00, 0x00,
    0x00, 0x00, 0x00, 0x00, 0x00, 0x00, 0x00, 0x00, 0x00, 0x00, 0x00, 0x00, 0x00, 0x00, 0x00, 0x00,
    0x00, 0x00, 0x00, 0x00, 0x00, 0x00, 0x00, 0x00, 0x00, 0x00, 0x00, 0x00, 0x00, 0x00, 0x00, 0x00,
    0x00, 0x00, 0x00, 0x00, 0x00, 0x00, 0x00, 0x00, 0x00, 0x00, 0x00, 0x00, 0x00, 0x00, 0x00, 0x00,
    0x00, 0x00, 0x00, 0x00, 0x00, 0x00, 0x00, 0x00, 0x00, 0x00, 0x00, 0x00, 0x00, 0x00, 0x00, 0x00,
    0x00, 0x00, 0x00, 0x00, 0x00, 0x00, 0x00, 0x00, 0x00, 0x00, 0x00, 0x00, 0x00, 0x00, 0x00, 0x00,
    0x00, 0x00, 0x00, 0x00, 0x00, 0x00, 0x00, 0x00, 0x00, 0x00, 0x00, 0x00, 0x00, 0x00, 0x00, 0x00,
    0x00, 0x00, 0x00, 0x00, 0x00, 0x00, 0x00, 0x00, 0x00, 0x00, 0x00, 0x00, 0x00, 0x00, 0x00, 0x00,
    0x00, 0x00, 0x00, 0x00, 0x00, 0x00, 0x00, 0x00, 0x00, 0x00, 0x00, 0x00, 0x00, 0x00, 0x00, 0x00,
    0x00, 0x00, 0x00, 0x00, 0x00, 0xfe, 0xff, 0xff, 0x1f, 0x00, 0x00, 0xfe, 0xff, 0xff, 0x1f, 0x00,
    0x00, 0xfe, 0xff, 0xff, 0x1f, 0x00, 0x00, 0xfe, 0xff, 0xff, 0x1f, 0x00, 0x00, 0x0e, 0x80, 0x03,
    0x00, 0x00, 0x00, 0x0e, 0x80, 0x03, 0x00, 0x00, 0x00, 0x0e, 0x80, 0x03, 0x00, 0x00, 0x00, 0x0e,
    0x80, 0x03, 0x00, 0x00, 0x00, 0x0e, 0x80, 0x03, 0x00, 0x00, 0x00, 0x0e, 0x80, 0x03, 0x00, 0x00,
    0x00, 0x0e, 0x80, 0x03, 0x00, 0x00, 0x00, 0x0e, 0x80, 0x03, 0x00, 0x00, 0x00, 0x0e, 0x98, 0x03,
    0x00, 0x00, 0x00, 0x0e, 0xb8, 0x03, 0x00, 0x00, 0x00, 0x1e, 0xf8, 0x03, 0x00, 0x00, 0x00, 0x3c,
    0xf0, 0x01, 0x00, 0x00, 0x00, 0x7c, 0xf0, 0x01, 0x00, 0x00, 0x00, 0xf8, 0xff, 0x03, 0x00, 0x00,
    0x00, 0xf0, 0xff, 0x07, 0x00, 0x00, 0x00, 0xe0, 0x3f, 0x0f, 0x00, 0x00, 0x00, 0x80, 0x0f, 0x06,
    0x00, 0x00, 0x00, 0x00, 0x00, 0x00, 0x00, 0x00, 0x00, 0x00, 0x00, 0x00, 0x00, 0x00, 0x00, 0x00,
    0x00, 0x00, 0x00, 0x00, 0x00, 0x00, 0x00, 0x00, 0x00, 0x00, 0x00, 0x00, 0x00, 0x00, 0x00, 0x00,
    0x00, 0x00, 0x00, 0x00, 0x00, 0x00, 0x00, 0x00, 0x00, 0x00, 0x00, 0x00, 0x00, 0x00, 0x00, 0x00,
    0x00, 0x00, 0x00, 0x00, 0x00, 0x00, 0x00, 0x00, 0x00, 0x00, 0x00, 0x00, 0x00, 0x00, 0x00, 0x00,
    0x00, 0x00, 0x00, 0x00, 0x00, 0x00, 0x00, 0x00, 0x00, 0x00, 0x00, 0x00, 0x00, 0x00, 0x00, 0x00,
    0x00, 0x00, 0x00, 0x00, 0x00, 0x00, 0x00, 0x00, 0x00, 0x00, 0x00, 0x00, 0x00, 0x00, 0x00, 0x00,
    0x00, 0x00, 0x00, 0x00, 0x00, 0x00, 0x00, 0x00, 0x00, 0x00, 0x00, 0x00, 0x00, 0x00, 0x00, 0x00,
    0x00, 0x00, 0x00, 0x00, 0x00, 0x00, 0x00, 0x00, 0x00, 0x00, 0x00, 0x00, 0x00, 0x00, 0x00, 0x00,
    0x00, 0x00, 0x00, 0x00, 0x00, 0x00, 0x00, 0x00, 0x00, 0x00, 0x00, 0x00, 0x00, 0x00, 0x00, 0x00,
    0x00, 0x00, 0x00, 0x00, 0x00, 0x00, 0x00, 0x00, 0x00, 0x00, 0x00, 0x00, 0x00, 0x00, 0x00, 0x00,
    0x00, 0x00, 0x00, 0x00, 0x00, 0x00, 0x00, 0x00, 0x00, 0x00, 0x00, 0x00, 0x00, 0x00, 0x00, 0x00,
    0x00, 0x00, 0x00, 0x00, 0x00, 0x00, 0x00, 0x00, 0x00, 0x00, 0x00, 0x00, 0x00, 0x00, 0x00, 0x00,
    0x00, 0x00, 0x00, 0x00, 0xff, 0xff, 0xff, 0x1f, 0x00, 0x00, 0xff, 0xff, 0xff, 0x1f, 0x00, 0x00,
    0xff, 0xff, 0xff, 0x1f, 0x00, 0x00, 0x3c, 0x00, 0x07, 0x00, 0x00, 0x00, 0x0e, 0x00, 0x0e, 0x00,
    0x00, 0x00, 0x0e, 0x00, 0x0e, 0x00, 0x00, 0x00, 0x07, 0x00, 0x1c, 0x00, 0x00, 0x00, 0x07, 0x00,
    0x1c, 0x00, 0x00, 0x00, 0x07, 0x00, 0x1c, 0x00, 0x00, 0x00, 0x07, 0x00, 0x1c, 0x00, 0x00, 0x00,
    0x07, 0xc0, 0x1d, 0x00, 0x00, 0x00, 0x0f, 0xe0, 0x1f, 0x00, 0x00, 0x00, 0x1e, 0xc0, 0x0f, 0x00,
    0x00, 0x00, 0x7e, 0xc0, 0x0f, 0x00, 0x00, 0x00, 0xfc, 0xff, 0x1f, 0x00, 0x00, 0x00, 0xf8, 0xff,
    0x3f, 0x00, 0x00, 0x00, 0xe0, 0xff, 0x18, 0x00, 0x00, 0x00, 0x00, 0x0f, 0x10, 0x00, 0x00, 0x00,
    0x00, 0x00, 0x00, 0x00, 0x00, 0x00, 0x00, 0x00, 0x00, 0x00, 0x00, 0x00, 0x00, 0x00, 0x00, 0x00,
    0x00, 0x00, 0x00, 0x00, 0x00, 0x00, 0x00, 0x00, 0x00, 0x00, 0x00, 0x00, 0x00, 0x00, 0x00, 0x00,
    0x00, 0x00, 0x00, 0x00, 0x00, 0x00, 0x00, 0x00, 0x00, 0x00, 0x00, 0x00, 0x00, 0x00, 0x00, 0x00,
    0x00, 0x00, 0x00, 0x00, 0x00, 0x00, 0x00, 0x00, 0x00, 0x00, 0x00, 0x00, 0x00, 0x00, 0x00, 0x00,
    0x00, 0x00, 0x00, 0x00, 0x00, 0x00, 0x00, 0x00, 0x00, 0x00, 0x00, 0x00, 0x00, 0x00, 0x00, 0x00,
    0x00, 0x00, 0x00, 0x00, 0x00, 0x00, 0x00, 0x00, 0x00, 0x00, 0x00, 0x00, 0x00, 0x00, 0x00, 0x00,
    0x00, 0x00, 0x00, 0x00, 0x00, 0x00, 0x00, 0x00, 0x00, 0x00, 0x00, 0x00, 0x00, 0x00, 0x00, 0x00,
    0x00, 0x00, 0x00, 0x00, 0x00, 0x00, 0x00, 0x00, 0x00, 0x00, 0x00, 0x00, 0x00, 0x00, 0x00, 0x00,
    0x00, 0x00, 0x00, 0x00, 0x00, 0x00, 0x00, 0x00, 0x00, 0x00, 0x00, 0x00, 0x00, 0x00, 0x00, 0x00,
    0x00, 0x00, 0x00, 0x00, 0x00, 0x00, 0x00, 0x00, 0x00, 0x00, 0x00, 0x00, 0x00, 0x00, 0x00, 0x00,
    0x00, 0x00, 0x00, 0x00, 0x00, 0x00, 0x00, 0x00, 0x00, 0x00, 0x00, 0x00, 0x00, 0x00, 0x00, 0x00,
    0x00, 0x00, 0x00, 0x00, 0x00, 0x00, 0x00, 0x00, 0x00, 0x00, 0x00, 0x00, 0x00, 0x00, 0x00, 0xfe,
    0xff, 0xff, 0x1f, 0x00, 0x00, 0xfe, 0xff, 0xff, 0x1f, 0x00, 0x00, 0xfe, 0xff, 0xff, 0x1f, 0x00,
    0x00, 0xfe, 0xff, 0xff, 0x1f, 0x00, 0x00, 0x0e, 0x00, 0x00, 0x00, 0x00, 0x00, 0x0e, 0x00, 0x00,
    0x00, 0x00, 0x00, 0x0e, 0x00, 0x00, 0x00, 0x00, 0x00, 0x0e, 0x00, 0x00, 0x00, 0x00, 0x00, 0x0e,
    0x00, 0x00, 0x00, 0x00, 0x00, 0x0e, 0x00, 0x00, 0x00, 0x00, 0x00, 0x0e, 0x00, 0x00, 0x00, 0x00,
    0x00, 0x0e, 0x00, 0x00, 0x00, 0x00, 0x00, 0x0e, 0x00, 0x00, 0x00, 0x00, 0x00, 0x0e, 0x00, 0x00,
    0x00, 0x00, 0xfc, 0x0f, 0x00, 0x00, 0x00, 0x00, 0xfc, 0x0f, 0x00, 0x00, 0x00, 0x00, 0xfc, 0x0f,
    0x00, 0x00, 0x00, 0x00, 0xfc, 0x0f, 0x00, 0x00, 0x00, 0x00, 0x00, 0x00, 0x00, 0x00, 0x00, 0x00,
    0x00, 0x00, 0x00, 0x00, 0x00, 0x00, 0x00, 0x00, 0x00, 0x00, 0x00, 0x00, 0x00, 0x00, 0x00, 0x00,
    0x00, 0x00, 0x00, 0x00, 0x00, 0x00, 0x00, 0x00, 0x00, 0x00, 0x00, 0x00, 0x00, 0x00, 0x00, 0x00,
    0x00, 0x00, 0x00, 0x00, 0x00, 0x00, 0x00, 0x00, 0x00, 0x00, 0x00, 0x00, 0x00, 0x00, 0x00, 0x00,
    0x00, 0x00, 0x00, 0x00, 0x00, 0x00, 0x00, 0x00, 0x00, 0x00, 0x00, 0x00, 0x00, 0x00, 0x00, 0x00,
    0x00, 0x00, 0x00, 0x00, 0x00, 0x00, 0x00, 0x00, 0x00, 0x00, 0x00, 0x00, 0x00, 0x00, 0x00, 0x00,
    0x00, 0x00, 0x00, 0x00, 0x00, 0x00, 0x00, 0x00, 0x00, 0x00, 0x00, 0x00, 0x00, 0x00, 0x00, 0x00,
    0x00, 0x00, 0x00, 0x00, 0x00, 0x00, 0x00, 0x00, 0x00, 0x00, 0x00, 0x00, 0x00, 0x00, 0x00, 0x00,
    0x00, 0x00, 0x00, 0x00, 0x00, 0x00, 0x00, 0x00, 0x00, 0x00, 0x00, 0x00, 0x00, 0x00, 0x00, 0x00,
    0x00, 0x00, 0x00, 0x00, 0x00, 0x00, 0x00, 0x00, 0x00, 0x00, 0x00, 0x00, 0x00, 0x00, 0x00, 0x00,
    0x00, 0x00, 0x00, 0x00, 0x00, 0x00, 0x00, 0x00, 0x00, 0x00, 0x00, 0x00, 0x00, 0x00, 0x00, 0x00,
    0x00, 0x00, 0x00, 0x00, 0x00, 0x00, 0x00, 0x00, 0x00, 0x00, 0x00, 0x00, 0x00, 0x00, 0x00, 0x00,
    0x00, 0x00, 0x00, 0x00, 0x00, 0x00, 0x00, 0x00, 0x00, 0x00, 0x00, 0x00, 0xff, 0xff, 0x1f, 0x00,
    0x00, 0x00, 0xff, 0xff, 0x1f, 0x00, 0x00, 0x00, 0xff, 0xff, 0x1f, 0x00, 0x00, 0x00, 0x07, 0x00,
    0x00, 0x00, 0x00, 0x00, 0x07, 0x00, 0x00, 0x00, 0x00, 0x00, 0x07, 0x00, 0x00, 0x00, 0x00, 0x00,
    0x07, 0x00, 0x00, 0x00, 0x00, 0x00, 0x07, 0x00, 0x00, 0x00, 0x00, 0x00, 0x07, 0x00, 0x00, 0x00,
    0x00, 0x00, 0x07, 0x00, 0x00, 0x00, 0x00, 0xfc, 0x07, 0x00, 0x00, 0x00, 0x00, 0xfc, 0x07, 0x00,
    0x00, 0x00, 0x00, 0xfc, 0x07, 0x00, 0x00, 0x00, 0x00, 0x00, 0x00, 0x00, 0x00, 0x00, 0x00, 0x00,
    0x00, 0x00, 0x00, 0x00, 0x00, 0x00, 0x00, 0x00, 0x00, 0x00, 0x00, 0x00, 0x00, 0x00, 0x00, 0x00,
    0x00, 0x00, 0x00, 0x00, 0x00, 0x00, 0x00, 0x00, 0x00, 0x00, 0x00, 0x00, 0x00, 0x00, 0x00, 0x00,
    0x00, 0x00, 0x00, 0x00, 0x00, 0x00, 0x00, 0x00, 0x00, 0x00, 0x00, 0x00, 0x00, 0x00, 0x00, 0x00,
    0x00, 0x00, 0x00, 0x00, 0x00, 0x00, 0x00, 0x00, 0x00, 0x00, 0x00, 0x00, 0x00, 0x00, 0x00, 0x00,
    0x00, 0x00, 0x00, 0x00, 0x00, 0x00, 0x00, 0x00, 0x00, 0x00, 0x00, 0x00, 0x00, 0x00, 0x00, 0x00,
    0x00, 0x00, 0x00, 0x00, 0x00, 0x00, 0x00, 0x00, 0x00, 0x00, 0x00, 0x00, 0x00, 0x00, 0x00, 0x00,
    0x00, 0x00, 0x00, 0x00, 0x00, 0x00, 0x00, 0x00, 0x00, 0x00, 0x00, 0x00, 0x00, 0x00, 0x00, 0x00,
    0x00, 0x00, 0x00, 0x00, 0x00, 0x00, 0x00, 0x00, 0x00, 0x00, 0x00, 0x00, 0x00, 0x00, 0x00, 0x00,
    0x00, 0x00, 0x00, 0x00, 0x00, 0x00, 0x00, 0x00, 0x00, 0x00, 0x00, 0x00, 0x00, 0x00, 0x00, 0x00,
    0x00, 0x00, 0x00, 0x00, 0x00, 0x00, 0x00, 0x00, 0x00, 0x00, 0x00, 0x00, 0x00, 0x00, 0x00, 0x00,
    0x00, 0x00, 0x00, 0x00, 0x00, 0x00, 0x00, 0x00, 0xe0, 0x00, 0x00, 0x00, 0x00, 0x00, 0xe0, 0x00,
    0x00, 0x00, 0x00, 0x00, 0xe0, 0x00, 0x00, 0x00, 0x00, 0xfe, 0xff, 0xff, 0x1f, 0x00, 0x00, 0xfe,
    0xff, 0xff, 0x1f, 0x00, 0x00, 0xfe, 0xff, 0xff, 0x1f, 0x00, 0x00, 0xfe, 0xff, 0xff, 0x1f, 0x00,
    0x00, 0x0e, 0xe0, 0x00, 0x00, 0x00, 0x00, 0x0e, 0xe0, 0x00, 0x00, 0x00, 0x00, 0x0e, 0xe0, 0x00,
    0x00, 0x00, 0x00, 0x0e, 0xe0, 0x00, 0x00, 0x00, 0x00, 0x0e, 0xe0, 0x00, 0x00, 0x00, 0x00, 0x0e,
    0xe0, 0x00, 0x00, 0x00, 0x00, 0x0e, 0x00, 0x00, 0x00, 0x00, 0x00, 0x0e, 0x00, 0x00, 0x00, 0x00,
    0x00, 0x0e, 0x00, 0x00, 0x00, 0x00, 0x00, 0x0e, 0x00, 0x00, 0x00, 0x00, 0x00, 0x0e, 0x00, 0x00,
    0x00, 0x00, 0x00, 0x0e, 0x00, 0x00, 0x00, 0x00, 0x00, 0x0e, 0x00, 0x00, 0x00, 0x00, 0x00, 0x0e,
    0x00, 0x00, 0x00, 0x00, 0x00, 0x00, 0x00, 0x00, 0x00, 0x00, 0x00, 0x00, 0x00, 0x00, 0x00, 0x00,
    0x00, 0x00, 0x00, 0x00, 0x00, 0x00, 0x00, 0x00, 0x00, 0x00, 0x00, 0x00, 0x00, 0x00, 0x00, 0x00,
    0x00, 0x00, 0x00, 0x00, 0x00, 0x00, 0x00, 0x00, 0x00, 0x00, 0x00, 0x00, 0x00, 0x00, 0x00, 0x00,
    0x00, 0x00, 0x00, 0x00, 0x00, 0x00, 0x00, 0x00, 0x00, 0x00, 0x00, 0x00, 0x00, 0x00, 0x00, 0x00,
    0x00, 0x00, 0x00, 0x00, 0x00, 0x00, 0x00, 0x00, 0x00, 0x00, 0x00, 0x00, 0x00, 0x00, 0x00, 0x00,
    0x00, 0x00, 0x00, 0x00, 0x00, 0x00, 0x00, 0x00, 0x00, 0x00, 0x00, 0x00, 0x00, 0x00, 0x00, 0x00,
    0x00, 0x00, 0x00, 0x00, 0x00, 0x00, 0x00, 0x00, 0x00, 0x00, 0x00, 0x00, 0x00, 0x00, 0x00, 0x00,
    0x00, 0x00, 0x00, 0x00, 0x00, 0x00, 0x00, 0x00, 0x00, 0x00, 0x00, 0x00, 0x00, 0x00, 0x00, 0x00,
    0x00, 0x00, 0x00, 0x00, 0x00, 0x00, 0x00, 0x00, 0x00, 0x00, 0x00, 0x00, 0x00, 0x00, 0x00, 0x00,
    0x00, 0x00, 0x00, 0x00, 0x00, 0x00, 0x00, 0x00, 0x00, 0x00, 0x00, 0x00, 0x00, 0x00, 0x00, 0x00,
    0x00, 0x00, 0x00, 0x00, 0x00, 0x00, 0x00, 0x00, 0x00, 0x00, 0x00, 0x00, 0x00, 0x00, 0x00, 0x00,
    0x00, 0x00, 0x00, 0x00, 0x00, 0x0e, 0x00, 0x00, 0x00, 0x00, 0x00, 0x0e, 0x00, 0x00, 0x00, 0x00,
    0x00, 0x0e, 0x00, 0x00, 0x00, 0x00, 0xff, 0xff, 0x1f, 0x00, 0x00, 0x00, 0xff, 0xff, 0x1f, 0x00,
    0x00, 0x00, 0xff, 0xff, 0x1f, 0x00, 0x00, 0x00, 0xff, 0xff, 0x1f, 0x00, 0x00, 0x00, 0x07, 0x0e,
    0x00, 0x00, 0x00, 0x00, 0x07, 0x0e, 0x00, 0x00, 0x00, 0x00, 0x07, 0x0e, 0x00, 0x00, 0x00, 0x00,
    0x07, 0x0e, 0x00, 0x00, 0x00, 0x00, 0x07, 0x0e, 0x00, 0x00, 0x00, 0x00, 0x07, 0x00, 0x00, 0x00,
    0x00, 0x00, 0x07, 0x00, 0x00, 0x00, 0x00, 0x00, 0x07, 0x00, 0x00, 0x00, 0x00, 0x00, 0x07, 0x00,
    0x00, 0x00, 0x00, 0x00, 0x00, 0x00, 0x00, 0x00, 0x00, 0x00, 0x00, 0x00, 0x00, 0x00, 0x00, 0x00,
    0x00, 0x00, 0x00, 0x00, 0x00, 0x00, 0x00, 0x00, 0x00, 0x00, 0x00, 0x00, 0x00, 0x00, 0x00, 0x00,
    0x00, 0x00, 0x00, 0x00, 0x00, 0x00, 0x00, 0x00, 0x00, 0x00, 0x00, 0x00, 0x00, 0x00, 0x00, 0x00,
    0x00, 0x00, 0x00, 0x00, 0x00, 0x00, 0x00, 0x00, 0x00, 0x00, 0x00, 0x00, 0x00, 0x00, 0x00, 0x00,
    0x00, 0x00, 0x00, 0x00, 0x00, 0x00, 0x00, 0x00, 0x00, 0x00, 0x00, 0x00, 0x00, 0x00, 0x00, 0x00,
    0x00, 0x00, 0x00, 0x00, 0x00, 0x00, 0x00, 0x00, 0x00, 0x00, 0x00, 0x00, 0x00, 0x00, 0x00, 0x00,
    0x00, 0x00, 0x00, 0x00, 0x00, 0x00, 0x00, 0x00, 0x00, 0x00, 0x00, 0x00, 0x00, 0x00, 0x00, 0x00,
    0x00, 0x00, 0x00, 0x00, 0x00, 0x00, 0x00, 0x00, 0x00, 0x00, 0x00, 0x00, 0x00, 0x00, 0x00, 0x00,
    0x00, 0x00, 0x00, 0x00, 0x00, 0x00, 0x00, 0x00, 0x00, 0x00, 0x00, 0x00, 0x00, 0x00, 0x00, 0x00,
    0x00, 0x00, 0x00, 0x00, 0x00, 0x00, 0x00, 0x00, 0x00, 0x00, 0x00, 0x00, 0x00, 0x00, 0x00, 0x00,
    0x00, 0x00, 0x00, 0x00, 0x00, 0x00, 0x00, 0x00, 0x00, 0x00, 0x00, 0x00, 0x00, 0x00, 0x00, 0x00,
    0x00, 0x00, 0x00, 0x00, 0x00, 0x00, 0x00, 0x00, 0x00, 0x00, 0x00, 0x00, 0x00, 0x00, 0x00, 0x00,
    0x00, 0x00, 0x00, 0xfe, 0xff, 0xff, 0x1f, 0x00, 0x00, 0xfe, 0xff, 0xff, 0x1f, 0x00, 0x00, 0xfe,
    0xff, 0xff, 0x1f, 0x00, 0x00, 0xfe, 0xff, 0xff, 0x1f, 0x00, 0x00, 0x0e, 0xe0, 0x00, 0x00, 0x00,
    0x00, 0x0e, 0xe0, 0x00, 0x00, 0x00, 0x00, 0x0e, 0xe0, 0x00, 0x00, 0x00, 0x00, 0x0e, 0xe0, 0x00,
    0x00, 0x00, 0x00, 0x0e, 0xe0, 0x00, 0x00, 0x00, 0x00, 0x0e, 0xe0, 0x00, 0x00, 0x00, 0x00, 0x0e,
    0xe0, 0x00, 0x00, 0x07, 0x00, 0x0e, 0xe0, 0x01, 0x00, 0x07, 0x00, 0x0e, 0xc0, 0x01, 0x00, 0x07,
    0x00, 0x0e, 0xc0, 0x03, 0x80, 0x07, 0x00, 0x0e, 0x80, 0x07, 0xc0, 0x03, 0x00, 0x0e, 0x80, 0x3f,
    0xf0, 0x03, 0x00, 0x0e, 0x00, 0xff, 0xff, 0x01, 0x00, 0x0e, 0x00, 0xfe, 0xff, 0x00, 0x00, 0x00,
    0x00, 0xf8, 0x3f, 0x00, 0x00, 0x00, 0x00, 0x00, 0x00, 0x00, 0x00, 0x00, 0x00, 0x00, 0x00, 0x00,
    0x00, 0x00, 0x00, 0x00, 0x00, 0x00, 0x00, 0x00, 0x00, 0x00, 0x00, 0x00, 0x00, 0x00, 0x00, 0x00,
    0x00, 0x00, 0x00, 0x00, 0x00, 0x00, 0x00, 0x00, 0x00, 0x00, 0x00, 0x00, 0x00, 0x00, 0x00, 0x00,
    0x00, 0x00, 0x00, 0x00, 0x00, 0x00, 0x00, 0x00, 0x00, 0x00, 0x00, 0x00, 0x00, 0x00, 0x00, 0x00,
    0x00, 0x00, 0x00, 0x00, 0x00, 0x00, 0x00, 0x00, 0x00, 0x00, 0x00, 0x00, 0x00, 0x00, 0x00, 0x00,
    0x00, 0x00, 0x00, 0x00, 0x00, 0x00, 0x00, 0x00, 0x00, 0x00, 0x00, 0x00, 0x00, 0x00, 0x00, 0x00,
    0x00, 0x00, 0x00, 0x00, 0x00, 0x00, 0x00, 0x00, 0x00, 0x00, 0x00, 0x00, 0x00, 0x00, 0x00, 0x00,
    0x00, 0x00, 0x00, 0x00, 0x00, 0x00, 0x00, 0x00, 0x00, 0x00, 0x00, 0x00, 0x00, 0x00, 0x00, 0x00,
    0x00, 0x00, 0x00, 0x00, 0x00, 0x00, 0x00, 0x00, 0x00, 0x00, 0x00, 0x00, 0x00, 0x00, 0x00, 0x00,
    0x00, 0x00, 0x00, 0x00, 0x00, 0x00, 0x00, 0x00, 0x00, 0x00, 0x00, 0x00, 0x00, 0x00, 0x00, 0x00,
    0x00, 0x00, 0x00, 0x00, 0x00, 0x00, 0x00, 0x00, 0x00, 0x00, 0x00, 0x00, 0x00, 0x00, 0x00, 0x00,
    0x00, 0x00, 0x00, 0x00, 0x00, 0x00, 0x00, 0x00, 0x00, 0x00, 0x00, 0x00, 0x00, 0x00, 0x00, 0x00,
    0x00, 0x00, 0x00, 0x00, 0x00, 0x00, 0xff, 0xff, 0x1f, 0x00, 0x00, 0x00, 0xff, 0xff, 0x1f, 0x00,
    0x00, 0x00, 0xff, 0xff, 0x1f, 0x00, 0x00, 0x00, 0x07, 0x0e, 0x00, 0x00, 0x00, 0x00, 0x07, 0x0e,
    0x00, 0x00, 0x00, 0x00, 0x07, 0x0e, 0x00, 0x00, 0x00, 0x00, 0x07, 0x0e, 0x00, 0x00, 0x00, 0x00,
    0x07, 0x0e, 0x00, 0x01, 0x00, 0x00, 0x07, 0x1e, 0x00, 0x07, 0x00, 0x00, 0x07, 0x1c, 0x80, 0x07,
    0x00, 0x00, 0x07, 0x3c, 0xc0, 0x03, 0x00, 0x00, 0x07, 0x7c, 0xe0, 0x03, 0x00, 0x00, 0x07, 0xf8,
    0xff, 0x01, 0x00, 0x00, 0x00, 0xf0, 0xff, 0x00, 0x00, 0x00, 0x00, 0xe0, 0x7f, 0x00, 0x00, 0x00,
    0x00, 0x00, 0x0f, 0x00, 0x00, 0x00, 0x00, 0x00, 0x00, 0x00, 0x00, 0x00, 0x00, 0x00, 0x00, 0x00,
    0x00, 0x00, 0x00, 0x00, 0x00, 0x00, 0x00, 0x00, 0x00, 0x00, 0x00, 0x00, 0x00, 0x00, 0x00, 0x00,
    0x00, 0x00, 0x00, 0x00, 0x00, 0x00, 0x00, 0x00, 0x00, 0x00, 0x00, 0x00, 0x00, 0x00, 0x00, 0x00,
    0x00, 0x00, 0x00, 0x00, 0x00, 0x00, 0x00, 0x00, 0x00, 0x00, 0x00, 0x00, 0x00, 0x00, 0x00, 0x00,
    0x00, 0x00, 0x00, 0x00, 0x00, 0x00, 0x00, 0x00, 0x00, 0x00, 0x00, 0x00, 0x00, 0x00, 0x00, 0x00,
    0x00, 0x00, 0x00, 0x00, 0x00, 0x00, 0x00, 0x00, 0x00, 0x00, 0x00, 0x00, 0x00, 0x00, 0x00, 0x00,
    0x00, 0x00, 0x00, 0x00, 0x00, 0x00, 0x00, 0x00, 0x00, 0x00, 0x00, 0x00, 0x00, 0x00, 0x00, 0x00,
    0x00, 0x00, 0x00, 0x00, 0x00, 0x00, 0x00, 0x00, 0x00, 0x00, 0x00, 0x00, 0x00, 0x00, 0x00, 0x00,
    0x00, 0x00, 0x00, 0x00, 0x00, 0x00, 0x00, 0x00, 0x00, 0x00, 0x00, 0x00, 0x00, 0x00, 0x00, 0x00,
    0x00, 0x00, 0x00, 0x00, 0x00, 0x00, 0x00, 0x00, 0x00, 0x00, 0x00, 0x00, 0x00, 0x00, 0x00, 0x00,
    0x00, 0x00, 0x00, 0x00, 0x00, 0x00, 0x00, 0x00, 0x00, 0x00, 0x00, 0x00, 0x00, 0x00, 0x00, 0x00,
    0x00, 0x00, 0x00, 0x00, 0x00, 0x00, 0x00, 0x00, 0x00, 0x00, 0x00, 0x00, 0x18, 0x00, 0x00, 0x06,
    0x00, 0x00, 0x1c, 0x00, 0x00, 0x0e, 0x00, 0x00, 0x1f, 0x00, 0x00, 0x3e, 0x00, 0x80, 0x1f, 0x00,
    0x00, 0x7e, 0x00, 0xe0, 0x1f, 0x00, 0x00, 0xfc, 0x01, 0xf0, 0x07, 0x00, 0x00, 0xf0, 0x03, 0xfc,
    0x01, 0x00, 0x00, 0xe0, 0x0f, 0xff, 0x00, 0x00, 0x00, 0x80, 0x9f, 0x3f, 0x00, 0x00, 0x00, 0x00,
    0xfe, 0x1f, 0x00, 0x00, 0x00, 0x00, 0xfc, 0x07, 0x00, 0x00, 0x00, 0x00, 0xf0, 0x01, 0x00, 0x00,
    0x00, 0x00, 0xe0, 0x00, 0x00, 0x00, 0x00, 0x00, 0xe0, 0x00, 0x00, 0x00, 0x00, 0x00, 0xe0, 0x00,
    0x00, 0x00, 0x00, 0xfe, 0xff, 0xff, 0x1f, 0x00, 0x00, 0xfe, 0xff, 0xff, 0x1f, 0x00, 0x00, 0xfe,
    0xff, 0xff, 0x1f, 0x00, 0x00, 0xfe, 0xff, 0xff, 0x1f, 0x00, 0x00, 0x00, 0xe0, 0x00, 0x00, 0x00,
    0x00, 0x00, 0xe0, 0x00, 0x00, 0x00, 0x00, 0x00, 0xe0, 0x00, 0x00, 0x00, 0x00, 0x00, 0xe0, 0x00,
    0x00, 0x00, 0x00, 0x00, 0xf8, 0x03, 0x00, 0x00, 0x00, 0x00, 0xfe, 0x0f, 0x00, 0x00, 0x00, 0x00,
    0xff, 0x1f, 0x00, 0x00, 0x00, 0xc0, 0x1f, 0x7f, 0x00, 0x00, 0x00, 0xe0, 0x07, 0xfe, 0x00, 0x00,
    0x00, 0xf8, 0x03, 0xf8, 0x03, 0x00, 0x00, 0xfc, 0x00, 0xf0, 0x0f, 0x00, 0x00, 0x7e, 0x00, 0xc0,
    0x1f, 0x00, 0x00, 0x1e, 0x00, 0x80, 0x1f, 0x00, 0x00, 0x0e, 0x00, 0x00, 0x1e, 0x00, 0x00, 0x02,
    0x00, 0x00, 0xfc, 0x0f, 0x00, 0x00, 0x00, 0x00, 0xfc, 0x0f, 0x00, 0x00, 0x00, 0x00, 0xfc, 0x0f,
    0x00, 0x00, 0x00, 0x00, 0xfc, 0x0f, 0x00, 0x00, 0x00, 0x00, 0x00, 0x00, 0x00, 0x00, 0x00, 0x00,
    0x00, 0x00, 0x00, 0x00, 0x00, 0x00, 0x00, 0x00, 0x00, 0x00, 0x00, 0x00, 0x00, 0x00, 0x00, 0x00,
    0x00, 0x00, 0x00, 0x00, 0x00, 0x00, 0x00, 0x00, 0x00, 0x00, 0x00, 0x00, 0x00, 0x00, 0x00, 0x00,
    0x00, 0x00, 0x00, 0x00, 0x00, 0x00, 0x00, 0x00, 0x00, 0x00, 0x00, 0x00, 0x00, 0x00, 0x00, 0x00,
    0x00, 0x00, 0x00, 0x00, 0x00, 0x00, 0x00, 0x00, 0x00, 0x00, 0x00, 0x00, 0x00, 0x00, 0x00, 0x00,
    0x00, 0x00, 0x00, 0x00, 0x00, 0x00, 0x00, 0x00, 0x00, 0x00, 0x00, 0x00, 0x00, 0x00, 0x00, 0x00,
    0x00, 0x00, 0x00, 0x00, 0x00, 0x00, 0x00, 0x00, 0x00, 0x00, 0x00, 0x00, 0x00, 0x00, 0x00, 0x00,
    0x00, 0x00, 0x00, 0x00, 0x00, 0x00, 0x00, 0x00, 0x00, 0x00, 0x00, 0x00, 0x00, 0x00, 0x00, 0x00,
    0x00, 0x00, 0x00, 0x00, 0x00, 0x00, 0x00, 0x00, 0x00, 0x00, 0x00, 0x00, 0x00, 0x00, 0x00, 0x00,
    0x00, 0x00, 0x00, 0x00, 0x00, 0x00, 0x00, 0x00, 0x00, 0x00, 0x00, 0x00, 0x00, 0x00, 0x00, 0x00,
    0x00, 0x00, 0x00, 0x00, 0x00, 0x00, 0x00, 0x00, 0x00, 0x00, 0x00, 0x00, 0x00, 0x00, 0x00, 0x00,
    0x00, 0x00, 0x00, 0x00, 0x00, 0x00, 0x00, 0x00, 0x00, 0x00, 0x00, 0x00, 0x01, 0x00, 0x18, 0x00,
    0x00, 0x00, 0x03, 0x00, 0x1c, 0x00, 0x00, 0x00, 0x0f, 0x00, 0x1e, 0x00, 0x00, 0x00, 0x1f, 0x80,
    0x1f, 0x00, 0x00, 0x00, 0x7f, 0xc0, 0x0f, 0x00, 0x00, 0x00, 0xfc, 0xf0, 0x07, 0x00, 0x00, 0x00,
    0xf8, 0xfb, 0x01, 0x00, 0x00, 0x00, 0xe0, 0xff, 0x00, 0x00, 0x00, 0x00, 0xc0, 0x3f, 0x00, 0x00,
    0x00, 0x00, 0x00, 0x1f, 0x00, 0x00, 0x00, 0x00, 0x00, 0x0e, 0x00, 0x00, 0x00, 0x00, 0x00, 0x0e,
    0x00, 0x00, 0x00, 0x00, 0xff, 0xff, 0x1f, 0x00, 0x00, 0x00, 0xff, 0xff, 0x1f, 0x00, 0x00, 0x00,
    0xff, 0xff, 0x1f, 0x00, 0x00, 0x00, 0xff, 0xff, 0x1f, 0x00, 0x00, 0x00, 0x00, 0x0e, 0x00, 0x00,
    0x00, 0x00, 0x00, 0x0e, 0x00, 0x00, 0x00, 0x00, 0x00, 0x0e, 0x00, 0x00, 0x00, 0x00, 0x80, 0x1f,
    0x00, 0x00, 0x00, 0x00, 0xc0, 0x7f, 0x00, 0x00, 0x00, 0x00, 0xf0, 0xff, 0x00, 0x00, 0x00, 0x00,
    0xfc, 0xf1, 0x03, 0x00, 0x00, 0x00, 0x7e, 0xe0, 0x07, 0x00, 0x00, 0x00, 0x3f, 0xc0, 0x1f, 0x00,
    0x00, 0x00, 0x0f, 0x00, 0x1f, 0x00, 0x00, 0x00, 0x07, 0x00, 0x1e, 0x00, 0x00, 0x00, 0x01, 0x00,
    0xfc, 0x0f, 0x00, 0x00, 0x00, 0x00, 0xfc, 0x0f, 0x00, 0x00, 0x00, 0x00, 0xfc, 0x0f, 0x00, 0x00,
    0x00, 0x00, 0xfc, 0x0f, 0x00, 0x00, 0x00, 0x00, 0x00, 0x00, 0x00, 0x00, 0x00, 0x00, 0x00, 0x00,
    0x00, 0x00, 0x00, 0x00, 0x00, 0x00, 0x00, 0x00, 0x00, 0x00, 0x00, 0x00, 0x00, 0x00, 0x00, 0x00,
    0x00, 0x00, 0x00, 0x00, 0x00, 0x00, 0x00, 0x00, 0x00, 0x00, 0x00, 0x00, 0x00, 0x00, 0x00, 0x00,
    0x00, 0x00, 0x00, 0x00, 0x00, 0x00, 0x00, 0x00, 0x00, 0x00, 0x00, 0x00, 0x00, 0x00, 0x00, 0x00,
    0x00, 0x00, 0x00, 0x00, 0x00, 0x00, 0x00, 0x00, 0x00, 0x00, 0x00, 0x00, 0x00, 0x00, 0x00, 0x00,
    0x00, 0x00, 0x00, 0x00, 0x00, 0x00, 0x00, 0x00, 0x00, 0x00, 0x00, 0x00, 0x00, 0x00, 0x00, 0x00,
    0x00, 0x00, 0x00, 0x00, 0x00, 0x00, 0x00, 0x00, 0x00, 0x00, 0x00, 0x00, 0x00, 0x00, 0x00, 0x00,
    0x00, 0x00, 0x00, 0x00, 0x00, 0x00, 0x00, 0x00, 0x00, 0x00, 0x00, 0x00, 0x00, 0x00, 0x00, 0x00,
    0x00, 0x00, 0x00, 0x00, 0x00, 0x00, 0x00, 0x00, 0x00, 0x00, 0x00, 0x00, 0x00, 0x00, 0x00, 0x00,
    0x00, 0x00, 0x00, 0x00, 0x00, 0x00, 0x00, 0x00, 0x00, 0x00, 0x00, 0x00, 0x00, 0x00, 0x00, 0x00,
    0x00, 0x00, 0x00, 0x00, 0x00, 0x00, 0x00, 0x00, 0x00, 0x00, 0x00, 0x00, 0x00, 0x00, 0x00, 0x00,
    0x00, 0x00, 0x00, 0x00, 0x00, 0x00, 0x00, 0x00, 0x00, 0x00, 0x00, 0x00, 0x00, 0x00, 0x00, 0xc0,
    0x01, 0xe0, 0x01, 0x00, 0x00, 0xf0, 0x01, 0xe0, 0x03, 0x00, 0x00, 0xf8, 0x01, 0xe0, 0x07, 0x00,
    0x00, 0xf8, 0x01, 0xc0, 0x0f, 0x00, 0x00, 0x3c, 0x00, 0x00, 0x0f, 0x00, 0x00, 0x1c, 0x00, 0x00,
    0x0e, 0x00, 0x00, 0x1e, 0x00, 0x00, 0x1e, 0x00, 0x00, 0x0e, 0xe0, 0x00, 0x1c, 0x00, 0x00, 0x0e,
    0xe0, 0x00, 0xfc, 0x3f, 0x00, 0x0e, 0xe0, 0x00, 0xfc, 0x3f, 0x00, 0x0e, 0xe0, 0x00, 0xfc, 0x3f,
    0x00, 0x0e, 0xe0, 0x00, 0xfc, 0x3f, 0x00, 0x0e, 0xe0, 0x00, 0x1c, 0x00, 0x00, 0x1e, 0xf0, 0x01,
    0x1e, 0x00, 0x00, 0x3c, 0xf0, 0x01, 0x0e, 0x00, 0x00, 0x7c, 0xfc, 0x03, 0x0f, 0x00, 0x00, 0xf8,
    0xbf, 0xff, 0x07, 0x00, 0x00, 0xf8, 0x1f, 0xff, 0x07, 0x00, 0x00, 0xe0, 0x0f, 0xff, 0x03, 0x00,
    0x00, 0x80, 0x03, 0xfc, 0x00, 0x00, 0x00, 0x00, 0x00, 0x00, 0x00, 0x00, 0x00, 0x00, 0x00, 0x00,
    0x00, 0x00, 0x00, 0x00, 0x00, 0x00, 0x00, 0x00, 0x00, 0x00, 0x00, 0x00, 0x00, 0x00, 0x00, 0x00,
    0x00, 0x00, 0x00, 0x00, 0x00, 0x00, 0x00, 0x00, 0x00, 0x00, 0x00, 0x00, 0x00, 0x00, 0x00, 0x00,
    0x00, 0x00, 0x00, 0x00, 0x00, 0x00, 0x00, 0x00, 0x00, 0x00, 0x00, 0x00, 0x00, 0x00, 0x00, 0x00,
    0x00, 0x00, 0x00, 0x00, 0x00, 0x00, 0x00, 0x00, 0x00, 0x00, 0x00, 0x00, 0x00, 0x00, 0x00, 0x00,
    0x00, 0x00, 0x00, 0x00, 0x00, 0x00, 0x00, 0x00, 0x00, 0x00, 0x00, 0x00, 0x00, 0x00, 0x00, 0x00,
    0x00, 0x00, 0x00, 0x00, 0x00, 0x00, 0x00, 0x00, 0x00, 0x00, 0x00, 0x00, 0x00, 0x00, 0x00, 0x00,
    0x00, 0x00, 0x00, 0x00, 0x00, 0x00, 0x00, 0x00, 0x00, 0x00, 0x00, 0x00, 0x00, 0x00, 0x00, 0x00,
    0x00, 0x00, 0x00, 0x00, 0x00, 0x00, 0x00, 0x00, 0x00, 0x00, 0x00, 0x00, 0x00, 0x00, 0x00, 0x00,
    0x00, 0x00, 0x00, 0x00, 0x00, 0x00, 0x00, 0x00, 0x00, 0x00, 0x00, 0x00, 0x00, 0x00, 0x00, 0x00,
    0x00, 0x00, 0x00, 0x00, 0x00, 0x00, 0x00, 0x00, 0x00, 0x00, 0x00, 0x00, 0x00, 0x00, 0x00, 0x00,
    0x00, 0x00, 0x00, 0x00, 0x00, 0x00, 0x00, 0x00, 0x00, 0x00, 0x00, 0x00, 0x00, 0x00, 0x00, 0x00,
    0x00, 0x00, 0x30, 0xc0, 0x01, 0x00, 0x00, 0x00, 0x3c, 0xc0, 0x07, 0x00, 0x00, 0x00, 0x3c, 0xc0,
    0x07, 0x00, 0x00, 0x00, 0x3e, 0x80, 0x0f, 0x00, 0x00, 0x00, 0x0e, 0x00, 0x0e, 0x00, 0x00, 0x00,
    0x07, 0x0e, 0x1e, 0x00, 0x00, 0x00, 0x07, 0x0e, 0xfc, 0x3f, 0x00, 0x00, 0x07, 0x0e, 0xfc, 0x3f,
    0x00, 0x00, 0x07, 0x0e, 0xfc, 0x3f, 0x00, 0x00, 0x07, 0x0e, 0xfc, 0x3f, 0x00, 0x00, 0x07, 0x0e,
    0x1c, 0x00, 0x00, 0x00, 0x0f, 0x1f, 0x1e, 0x00, 0x00, 0x00, 0xfe, 0x3f, 0x0f, 0x00, 0x00, 0x00,
    0xfe, 0xfb, 0x0f, 0x00, 0x00, 0x00, 0xfc, 0xf9, 0x07, 0x00, 0x00, 0x00, 0xf8, 0xf0, 0x03, 0x00,
    0x00, 0x00, 0x00, 0x00, 0x00, 0x00, 0x00, 0x00, 0x00, 0x00, 0x00, 0x00, 0x00, 0x00, 0x00, 0x00,
    0x00, 0x00, 0x00, 0x00, 0x00, 0x00, 0x00, 0x00, 0x00, 0x00, 0x00, 0x00, 0x00, 0x00, 0x00, 0x00,
    0x00, 0x00, 0x00, 0x00, 0x00, 0x00, 0x00, 0x00, 0x00, 0x00, 0x00, 0x00, 0x00, 0x00, 0x00, 0x00,
    0x00, 0x00, 0x00, 0x00, 0x00, 0x00, 0x00, 0x00, 0x00, 0x00, 0x00, 0x00, 0x00, 0x00, 0x00, 0x00,
    0x00, 0x00, 0x00, 0x00, 0x00, 0x00, 0x00, 0x00, 0x00, 0x00, 0x00, 0x00, 0x00, 0x00, 0x00, 0x00,
    0x00, 0x00, 0x00, 0x00, 0x00, 0x00, 0x00, 0x00, 0x00, 0x00, 0x00, 0x00, 0x00, 0x00, 0x00, 0x00,
    0x00, 0x00, 0x00, 0x00, 0x00, 0x00, 0x00, 0x00, 0x00, 0x00, 0x00, 0x00, 0x00, 0x00, 0x00, 0x00,
    0x00, 0x00, 0x00, 0x00, 0x00, 0x00, 0x00, 0x00, 0x00, 0x00, 0x00, 0x00, 0x00, 0x00, 0x00, 0x00,
    0x00, 0x00, 0x00, 0x00, 0x00, 0x00, 0x00, 0x00, 0x00, 0x00, 0x00, 0x00, 0x00, 0x00, 0x00, 0x00,
    0x00, 0x00, 0x00, 0x00, 0x00, 0x00, 0x00, 0x00, 0x00, 0x00, 0x00, 0x00, 0x00, 0x00, 0x00, 0x00,
    0x00, 0x00, 0x00, 0x00, 0x00, 0x00, 0x00, 0x00, 0x00, 0x00, 0x00, 0x00, 0x00, 0x00, 0x00, 0x00,
    0x00, 0x00, 0x00, 0x00, 0x00, 0x00, 0x00, 0x00, 0x00, 0x00, 0x00, 0x00, 0x00, 0x00, 0x00, 0x00,
    0x00, 0xfe, 0xff, 0xff, 0x1f, 0x00, 0x00, 0xfe, 0xff, 0xff, 0x1f, 0x00, 0x00, 0xfe, 0xff, 0xff,
    0x1f, 0x00, 0x00, 0xfe, 0xff, 0xff, 0x1f, 0x00, 0x00, 0x00, 0xe0, 0x00, 0x00, 0x00, 0x00, 0x00,
    0xe0, 0x00, 0x00, 0x00, 0x00, 0x00, 0xe0, 0x00, 0x00, 0x00, 0x00, 0x00, 0xf0, 0x00, 0x00, 0x00,
    0x00, 0x00, 0xf8, 0x01, 0x00, 0x00, 0x00, 0x00, 0xfc, 0x03, 0x00, 0x00, 0x00, 0x00, 0xfe, 0x0f,
    0x00, 0x00, 0x00, 0x00, 0x9f, 0x1f, 0x00, 0x00, 0x00, 0xc0, 0x0f, 0x3f, 0x00, 0x00, 0x00, 0xe0,
    0x07, 0x7e, 0x00, 0x00, 0x00, 0xf0, 0x03, 0xf8, 0x01, 0x00, 0x00, 0xf8, 0x01, 0xf0, 0x03, 0x00,
    0x00, 0x7c, 0x00, 0xe0, 0x07, 0x00, 0x00, 0x3e, 0x00, 0x80, 0x0f, 0x00, 0x00, 0x1e, 0x00, 0x00,
    0x1f, 0x00, 0x00, 0x0e, 0x00, 0x00, 0x1e, 0x00, 0x00, 0x06, 0x00, 0x00, 0xfc, 0x0f, 0x00, 0x00,
    0x00, 0x00, 0xfc, 0x0f, 0x00, 0x00, 0x00, 0x00, 0xfc, 0x0f, 0x00, 0x00, 0x00, 0x00, 0xfc, 0x0f,
    0x00, 0x00, 0x00, 0x00, 0x00, 0x00, 0x00, 0x00, 0x00, 0x00, 0x00, 0x00, 0x00, 0x00, 0x00, 0x00,
    0x00, 0x00, 0x00, 0x00, 0x00, 0x00, 0x00, 0x00, 0x00, 0x00, 0x00, 0x00, 0x00, 0x00, 0x00, 0x00,
    0x00, 0x00, 0x00, 0x00, 0x00, 0x00, 0x00, 0x00, 0x00, 0x00, 0x00, 0x00, 0x00, 0x00, 0x00, 0x00,
    0x00, 0x00, 0x00, 0x00, 0x00, 0x00, 0x00, 0x00, 0x00, 0x00, 0x00, 0x00, 0x00, 0x00, 0x00, 0x00,
    0x00, 0x00, 0x00, 0x00, 0x00, 0x00, 0x00, 0x00, 0x00, 0x00, 0x00, 0x00, 0x00, 0x00, 0x00, 0x00,
    0x00, 0x00, 0x00, 0x00, 0x00, 0x00, 0x00, 0x00, 0x00, 0x00, 0x00, 0x00, 0x00, 0x00, 0x00, 0x00,
    0x00, 0x00, 0x00, 0x00, 0x00, 0x00, 0x00, 0x00, 0x00, 0x00, 0x00, 0x00, 0x00, 0x00, 0x00, 0x00,
    0x00, 0x00, 0x00, 0x00, 0x00, 0x00, 0x00, 0x00, 0x00, 0x00, 0x00, 0x00, 0x00, 0x00, 0x00, 0x00,
    0x00, 0x00, 0x00, 0x00, 0x00, 0x00, 0x00, 0x00, 0x00, 0x00, 0x00, 0x00, 0x00, 0x00, 0x00, 0x00,
    0x00, 0x00, 0x00, 0x00, 0x00, 0x00, 0x00, 0x00, 0x00, 0x00, 0x00, 0x00, 0x00, 0x00, 0x00, 0x00,
    0x00, 0x00, 0x00, 0x00, 0x00, 0x00, 0x00, 0x00, 0x00, 0x00, 0x00, 0x00, 0x00, 0x00, 0x00, 0x00,
    0x00, 0x00, 0x00, 0x00, 0x00, 0x00, 0x00, 0x00, 0x00, 0x00, 0x00, 0x00, 0x00, 0x00, 0x00, 0x00,
    0x00, 0x00, 0xff, 0xff, 0x1f, 0x00, 0x00, 0x00, 0xff, 0xff, 0x1f, 0x00, 0x00, 0x00, 0xff, 0xff,
    0x1f, 0x00, 0x00, 0x00, 0xff, 0xff, 0x1f, 0x00, 0x00, 0x00, 0x00, 0x0e, 0x00, 0x00, 0x00, 0x00,
    0x00, 0x0e, 0x00, 0x00, 0x00, 0x00, 0x00, 0x0f, 0x00, 0x00, 0x00, 0x00, 0x80, 0x1f, 0x00, 0x00,
    0x00, 0x00, 0xc0, 0x7f, 0x00, 0x00, 0x00, 0x00, 0xe0, 0xff, 0x00, 0x00, 0x00, 0x00, 0xf8, 0xf0,
    0x01, 0x00, 0x00, 0x00, 0x7c, 0xe0, 0x03, 0x00, 0x00, 0x00, 0x3e, 0xc0, 0x0f, 0x00, 0x00, 0x00,
    0x1f, 0x80, 0x1f, 0x00, 0x00, 0x00, 0x0f, 0x00, 0x1f, 0x00, 0x00, 0x00, 0x03, 0x00, 0x1c, 0x00,
    0x00, 0x00, 0x01, 0x00, 0xfc, 0x0f, 0x00, 0x00, 0x00, 0x00, 0xfc, 0x0f, 0x00, 0x00, 0x00, 0x00,
    0xfc, 0x0f, 0x00, 0x00, 0x00, 0x00, 0xfc, 0x0f, 0x00, 0x00, 0x00, 0x00, 0x00, 0x00, 0x00, 0x00,
    0x00, 0x00, 0x00, 0x00, 0x00, 0x00, 0x00, 0x00, 0x00, 0x00, 0x00, 0x00, 0x00, 0x00, 0x00, 0x00,
    0x00, 0x00, 0x00, 0x00, 0x00, 0x00, 0x00, 0x00, 0x00, 0x00, 0x00, 0x00, 0x00, 0x00, 0x00, 0x00,
    0x00, 0x00, 0x00, 0x00, 0x00, 0x00, 0x00, 0x00, 0x00, 0x00, 0x00, 0x00, 0x00, 0x00, 0x00, 0x00,
    0x00, 0x00, 0x00, 0x00, 0x00, 0x00, 0x00, 0x00, 0x00, 0x00, 0x00, 0x00, 0x00, 0x00, 0x00, 0x00,
    0x00, 0x00, 0x00, 0x00, 0x00, 0x00, 0x00, 0x00, 0x00, 0x00, 0x00, 0x00, 0x00, 0x00, 0x00, 0x00,
    0x00, 0x00, 0x00, 0x00, 0x00, 0x00, 0x00, 0x00, 0x00, 0x00, 0x00, 0x00, 0x00, 0x00, 0x00, 0x00,
    0x00, 0x00, 0x00, 0x00, 0x00, 0x00, 0x00, 0x00, 0x00, 0x00, 0x00, 0x00, 0x00, 0x00, 0x00, 0x00,
    0x00, 0x00, 0x00, 0x00, 0x00, 0x00, 0x00, 0x00, 0x00, 0x00, 0x00, 0x00, 0x00, 0x00, 0x00, 0x00,
    0x00, 0x00, 0x00, 0x00, 0x00, 0x00, 0x00, 0x00, 0x00, 0x00, 0x00, 0x00, 0x00, 0x00, 0x00, 0x00,
    0x00, 0x00, 0x00, 0x00, 0x00, 0x00, 0x00, 0x00, 0x00, 0x00, 0x00, 0x00, 0x00, 0x00, 0x00, 0x00,
    0x00, 0x00, 0x00, 0x00, 0x00, 0x00, 0x00, 0x00, 0x00, 0x00, 0x00, 0x00, 0x00, 0x00, 0x00, 0x00,
    0x00, 0x00, 0x00, 0x00, 0x00, 0x00, 0x00, 0x00, 0x00, 0xfe, 0xff, 0xff, 0x1f, 0x00, 0x00, 0xfe,
    0xff, 0xff, 0x1f, 0x00, 0x00, 0xfe, 0xff, 0xff, 0x1f, 0x00, 0x00, 0xfe, 0xff, 0xff, 0x1f, 0x00,
    0x00, 0x00, 0xe0, 0x00, 0x00, 0x00, 0x00, 0x00, 0xe0, 0x00, 0x00, 0x00, 0x00, 0x00, 0xff, 0x1f,
    0x00, 0x00, 0x00, 0x00, 0xff, 0x1f, 0x00, 0x00, 0x00, 0x00, 0xff, 0x1f, 0x00, 0x00, 0x00, 0x00,
    0xe0, 0x00, 0x00, 0x00, 0x00, 0x00, 0xe0, 0x00, 0x00, 0x00, 0x00, 0x00, 0xf8, 0x03, 0x00, 0x00,
    0x00, 0x00, 0xfe, 0x0f, 0x00, 0x00, 0x00, 0x80, 0xff, 0x3f, 0x00, 0x00, 0x00, 0xe0, 0x0f, 0xff,
    0x00, 0x00, 0x00, 0xf8, 0x03, 0xfc, 0x03, 0x00, 0x00, 0xfe, 0x01, 0xf8, 0x0f, 0x00, 0x00, 0x7e,
    0x00, 0xe0, 0x1f, 0x00, 0x00, 0x1e, 0x00, 0x80, 0x1f, 0x00, 0x00, 0x0e, 0x00, 0x00, 0x1e, 0x00,
    0x00, 0x02, 0x00, 0x00, 0x1c, 0x00, 0x00, 0x00, 0x00, 0x00, 0x10, 0x00, 0x00, 0x00, 0x00, 0x00,
    0x00, 0x00, 0x00, 0x00, 0x00, 0x00, 0x00, 0x00, 0x00, 0x00, 0x00, 0x00, 0x00, 0x00, 0x00, 0x00,
    0x00, 0x00, 0x00, 0x00, 0x00, 0x00, 0x00, 0x00, 0x00, 0x00, 0x00, 0x00, 0x00, 0x00, 0x00, 0x00,
    0x00, 0x00, 0x00, 0x00, 0x00, 0x00, 0x00, 0x00, 0x00, 0x00, 0x00, 0x00, 0x00, 0x00, 0x00, 0x00,
    0x00, 0x00, 0x00, 0x00, 0x00, 0x00, 0x00, 0x00, 0x00, 0x00, 0x00, 0x00, 0x00, 0x00, 0x00, 0x00,
    0x00, 0x00, 0x00, 0x00, 0x00, 0x00, 0x00, 0x00, 0x00, 0x00, 0x00, 0x00, 0x00, 0x00, 0x00, 0x00,
    0x00, 0x00, 0x00, 0x00, 0x00, 0x00, 0x00, 0x00, 0x00, 0x00, 0x00, 0x00, 0x00, 0x00, 0x00, 0x00,
    0x00, 0x00, 0x00, 0x00, 0x00, 0x00, 0x00, 0x00, 0x00, 0x00, 0x00, 0x00, 0x00, 0x00, 0x00, 0x00,
    0x00, 0x00, 0x00, 0x00, 0x00, 0x00, 0x00, 0x00, 0x00, 0x00, 0x00, 0x00, 0x00, 0x00, 0x00, 0x00,
    0x00, 0x00, 0x00, 0x00, 0x00, 0x00, 0x00, 0x00, 0x00, 0x00, 0x00, 0x00, 0x00, 0x00, 0x00, 0x00,
    0x00, 0x00, 0x00, 0x00, 0x00, 0x00, 0x00, 0x00, 0x00, 0x00, 0x00, 0x00, 0x00, 0x00, 0x00, 0x00,
    0x00, 0x00, 0x00, 0x00, 0x00, 0x00, 0x00, 0x00, 0x00, 0x00, 0x00, 0x00, 0x00, 0x00, 0x00, 0x00,
    0x00, 0x00, 0x00, 0x00, 0x00, 0x00, 0x00, 0x00, 0x00, 0x00, 0x00, 0x00, 0x00, 0x00, 0xff, 0xff,
    0x1f, 0x00, 0x00, 0x00, 0xff, 0xff, 0x1f, 0x00, 0x00, 0x00, 0xff, 0xff, 0x1f, 0x00, 0x00, 0x00,
    0xff, 0xff, 0x1f, 0x00, 0x00, 0x00, 0x00, 0x0e, 0x00, 0x00, 0x00, 0x00, 0x00, 0x0e, 0x00, 0x00,
    0x00, 0x00, 0xe0, 0xff, 0x00, 0x00, 0x00, 0x00, 0xe0, 0xff, 0x00, 0x00, 0x00, 0x00, 0xe0, 0xff,
    0x00, 0x00, 0x00, 0x00, 0x00, 0x0e, 0x00, 0x00, 0x00, 0x00, 0x80, 0x3f, 0x00, 0x00, 0x00, 0x00,
    0xe0, 0x7f, 0x00, 0x00, 0x00, 0x00, 0xf8, 0xfd, 0x01, 0x00, 0x00, 0x00, 0xfc, 0xf0, 0x07, 0x00,
    0x00, 0x00, 0x3f, 0xe0, 0x0f, 0x00, 0x00, 0x00, 0x1f, 0x80, 0x1f, 0x00, 0x00, 0x00, 0x07, 0x00,
    0x1f, 0x00, 0x00, 0x00, 0x03, 0x00, 0x1c, 0x00, 0x00, 0x00, 0x00, 0x00, 0x18, 0x00, 0x00, 0x00,
    0x00, 0x00, 0x00, 0x00, 0x00, 0x00, 0x00, 0x00, 0x00, 0x00, 0x00, 0x00, 0x00, 0x00, 0x00, 0x00,
    0x00, 0x00, 0x00, 0x00, 0x00, 0x00, 0x00, 0x00, 0x00, 0x00, 0x00, 0x00, 0x00, 0x00, 0x00, 0x00,
    0x00, 0x00, 0x00, 0x00, 0x00, 0x00, 0x00, 0x00, 0x00, 0x00, 0x00, 0x00, 0x00, 0x00, 0x00, 0x00,
    0x00, 0x00, 0x00, 0x00, 0x00, 0x00, 0x00, 0x00, 0x00, 0x00, 0x00, 0x00, 0x00, 0x00, 0x00, 0x00,
    0x00, 0x00, 0x00, 0x00, 0x00, 0x00, 0x00, 0x00, 0x00, 0x00, 0x00, 0x00, 0x00, 0x00, 0x00, 0x00,
    0x00, 0x00, 0x00, 0x00, 0x00, 0x00, 0x00, 0x00, 0x00, 0x00, 0x00, 0x00, 0x00, 0x00, 0x00, 0x00,
    0x00, 0x00, 0x00, 0x00, 0x00, 0x00, 0x00, 0x00, 0x00, 0x00, 0x00, 0x00, 0x00, 0x00, 0x00, 0x00,
    0x00, 0x00, 0x00, 0x00, 0x00, 0x00, 0x00, 0x00, 0x00, 0x00, 0x00, 0x00, 0x00, 0x00, 0x00, 0x00,
    0x00, 0x00, 0x00, 0x00, 0x00, 0x00, 0x00, 0x00, 0x00, 0x00, 0x00, 0x00, 0x00, 0x00, 0x00, 0x00,
    0x00, 0x00, 0x00, 0x00, 0x00, 0x00, 0x00, 0x00, 0x00, 0x00, 0x00, 0x00, 0x00, 0x00, 0x00, 0x00,
    0x00, 0x00, 0x00, 0x00, 0x00, 0x00, 0x00, 0x00, 0x00, 0x00, 0x00, 0x00, 0x00, 0xe0, 0x00, 0x00,
    0x00, 0x00, 0x00, 0xe0, 0x00, 0x00, 0x00, 0x00, 0x00, 0xe0, 0x00, 0x00, 0x00, 0x00, 0x00, 0xe0,
    0x00, 0x00, 0x00, 0x00, 0x00, 0xfe, 0xff, 0xff, 0x1f, 0x00, 0x00, 0xfe, 0xff, 0xff, 0x1f, 0x00,
    0x00, 0xfe, 0xff, 0xff, 0x1f, 0x00, 0x00, 0xfe, 0xff, 0xff, 0x1f, 0x00, 0x00, 0xe0, 0xe0, 0x00,
    0x00, 0x00, 0x00, 0xe0, 0xe0, 0x00, 0x00, 0x00, 0x00, 0xe0, 0xe0, 0x00, 0x00, 0x00, 0x00, 0xe0,
    0xf0, 0x01, 0x00, 0x00, 0x00, 0xe0, 0xf8, 0x03, 0x00, 0x00, 0x00, 0x00, 0xfe, 0x07, 0x00, 0x00,
    0x00, 0x00, 0xff, 0x0f, 0x00, 0x00, 0x00, 0x80, 0x1f, 0x3f, 0x00, 0x00, 0x00, 0xc0, 0x0f, 0x7e,
    0x00, 0x00, 0x00, 0xe0, 0x03, 0xfc, 0x00, 0x00, 0x00, 0xf8, 0x01, 0xf8, 0x01, 0x00, 0x00, 0xfc,
    0x00, 0xe0, 0x07, 0x00, 0x00, 0x7e, 0x00, 0xc0, 0x0f, 0x00, 0x00, 0x1e, 0x00, 0x80, 0x1f, 0x00,
    0x00, 0x0e, 0x00, 0x00, 0x1e, 0x00, 0x00, 0x06, 0x00, 0x00, 0x1c, 0x00, 0x00, 0x02, 0x00, 0x00,
    0x18, 0x00, 0x00, 0x00, 0x00, 0x00, 0x10, 0x00, 0x00, 0x00, 0x00, 0x00, 0x00, 0x00, 0x00, 0x00,
    0x00, 0x00, 0x00, 0x00, 0x00, 0x00, 0x00, 0x00, 0x00, 0x00, 0x00, 0x00, 0x00, 0x00, 0x00, 0x00,
    0x00, 0x00, 0x00, 0x00, 0x00, 0x00, 0x00, 0x00, 0x00, 0x00, 0x00, 0x00, 0x00, 0x00, 0x00, 0x00,
    0x00, 0x00, 0x00, 0x00, 0x00, 0x00, 0x00, 0x00, 0x00, 0x00, 0x00, 0x00, 0x00, 0x00, 0x00, 0x00,
    0x00, 0x00, 0x00, 0x00, 0x00, 0x00, 0x00, 0x00, 0x00, 0x00, 0x00, 0x00, 0x00, 0x00, 0x00, 0x00,
    0x00, 0x00, 0x00, 0x00, 0x00, 0x00, 0x00, 0x00, 0x00, 0x00, 0x00, 0x00, 0x00, 0x00, 0x00, 0x00,
    0x00, 0x00, 0x00, 0x00, 0x00, 0x00, 0x00, 0x00, 0x00, 0x00, 0x00, 0x00, 0x00, 0x00, 0x00, 0x00,
    0x00, 0x00, 0x00, 0x00, 0x00, 0x00, 0x00, 0x00, 0x00, 0x00, 0x00, 0x00, 0x00, 0x00, 0x00, 0x00,
    0x00, 0x00, 0x00, 0x00, 0x00, 0x00, 0x00, 0x00, 0x00, 0x00, 0x00, 0x00, 0x00, 0x00, 0x00, 0x00,
    0x00, 0x00, 0x00, 0x00, 0x00, 0x00, 0x00, 0x00, 0x00, 0x00, 0x00, 0x00, 0x00, 0x00, 0x00, 0x00,
    0x00, 0x00, 0x00, 0x00, 0x00, 0x00, 0x00, 0x00, 0x00, 0x00, 0x00, 0x00, 0x00, 0x00, 0x00, 0x00,
    0x00, 0x1c, 0x00, 0x00, 0x00, 0x00, 0x00, 0x1c, 0x00, 0x00, 0x00, 0x00, 0x00, 0x1c, 0x00, 0x00,
    0x00, 0x00, 0x00, 0x1c, 0x00, 0x00, 0x00, 0x00, 0x80, 0xff, 0xff, 0xff, 0x1f, 0x00, 0x80, 0xff,
    0xff, 0xff, 0x1f, 0x00, 0x80, 0xff, 0xff, 0xff, 0x1f, 0x00, 0x80, 0xff, 0xff, 0xff, 0x1f, 0x00,
    0x00, 0x1c, 0x00, 0x07, 0x00, 0x00, 0x00, 0x1c, 0x00, 0x07, 0x00, 0x00, 0x00, 0x1c, 0x00, 0x07,
    0x00, 0x00, 0x00, 0x1c, 0xc0, 0x1f, 0x00, 0x00, 0x00, 0x1c, 0xe0, 0x3f, 0x00, 0x00, 0x00, 0x00,
    0xf0, 0x7f, 0x00, 0x00, 0x00, 0x00, 0xf8, 0xf8, 0x01, 0x00, 0x00, 0x00, 0x7e, 0xf0, 0x03, 0x00,
    0x00, 0x00, 0x1f, 0xc0, 0x0f, 0x00, 0x00, 0x00, 0x0f, 0x80, 0x1f, 0x00, 0x00, 0x00, 0x07, 0x00,
    0x1f, 0x00, 0x00, 0x00, 0x03, 0x00, 0x1c, 0x00, 0x00, 0x00, 0x00, 0x00, 0x18, 0x00, 0x00, 0x00,
    0x00, 0x00, 0x00, 0x00, 0x00, 0x00, 0x00, 0x00, 0x00, 0x00, 0x00, 0x00, 0x00, 0x00, 0x00, 0x00,
    0x00, 0x00, 0x00, 0x00, 0x00, 0x00, 0x00, 0x00, 0x00, 0x00, 0x00, 0x00, 0x00, 0x00, 0x00, 0x00,
    0x00, 0x00, 0x00, 0x00, 0x00, 0x00, 0x00, 0x00, 0x00, 0x00, 0x00, 0x00, 0x00, 0x00, 0x00, 0x00,
    0x00, 0x00, 0x00, 0x00, 0x00, 0x00, 0x00, 0x00, 0x00, 0x00, 0x00, 0x00, 0x00, 0x00, 0x00, 0x00,
    0x00, 0x00, 0x00, 0x00, 0x00, 0x00, 0x00, 0x00, 0x00, 0x00, 0x00, 0x00, 0x00, 0x00, 0x00, 0x00,
    0x00, 0x00, 0x00, 0x00, 0x00, 0x00, 0x00, 0x00, 0x00, 0x00, 0x00, 0x00, 0x00, 0x00, 0x00, 0x00,
    0x00, 0x00, 0x00, 0x00, 0x00, 0x00, 0x00, 0x00, 0x00, 0x00, 0x00, 0x00, 0x00, 0x00, 0x00, 0x00,
    0x00, 0x00, 0x00, 0x00, 0x00, 0x00, 0x00, 0x00, 0x00, 0x00, 0x00, 0x00, 0x00, 0x00, 0x00, 0x00,
    0x00, 0x00, 0x00, 0x00, 0x00, 0x00, 0x00, 0x00, 0x00, 0x00, 0x00, 0x00, 0x00, 0x00, 0x00, 0x00,
    0x00, 0x00, 0x00, 0x00, 0x00, 0x00, 0x00, 0x00, 0x00, 0x00, 0x00, 0x00, 0x00, 0x00, 0x00, 0x00,
    0x00, 0x00, 0x00, 0x00, 0x00, 0x00, 0x00, 0x00, 0x00, 0x00, 0x00, 0x00, 0x00, 0x00, 0x00, 0x00,
    0x00, 0x00, 0x00, 0x0e, 0x00, 0x00, 0x00, 0x00, 0x00, 0x0e, 0x00, 0x00, 0x00, 0x00, 0x00, 0x0e,
    0x00, 0x00, 0x00, 0x00, 0x00, 0x0e, 0x00, 0x00, 0x00, 0x00, 0x00, 0x0e, 0x00, 0x00, 0x00, 0x00,
    0x00, 0x0e, 0x00, 0x00, 0x00, 0x00, 0x00, 0x0e, 0x00, 0x00, 0x00, 0x00, 0x00, 0x0e, 0x00, 0x00,
    0x00, 0x00, 0x00, 0x0e, 0x00, 0x00, 0x00, 0x00, 0x00, 0x0e, 0x00, 0x00, 0x00, 0x00, 0x00, 0xfe,
    0xff, 0xff, 0x1f, 0x00, 0x00, 0xfe, 0xff, 0xff, 0x1f, 0x00, 0x00, 0xfe, 0xff, 0xff, 0x1f, 0x00,
    0x00, 0x00, 0xe0, 0x00, 0x00, 0x00, 0x00, 0x00, 0xe0, 0x00, 0x00, 0x00, 0x00, 0x00, 0xe0, 0x00,
    0x00, 0x00, 0x00, 0x00, 0xe0, 0x00, 0x00, 0x00, 0x00, 0x00, 0xf8, 0x01, 0x00, 0x00, 0x00, 0x00,
    0xfc, 0x03, 0x00, 0x00, 0x00, 0x00, 0xfe, 0x07, 0x00, 0x00, 0x00, 0x00, 0xbf, 0x1f, 0x00, 0x00,
    0x00, 0x80, 0x0f, 0x3f, 0x00, 0x00, 0x00, 0xe0, 0x07, 0x7e, 0x00, 0x00, 0x00, 0xf0, 0x03, 0xf8,
    0x00, 0x00, 0x00, 0xf8, 0x01, 0xf0, 0x03, 0x00, 0x00, 0xfc, 0x00, 0xe0, 0x07, 0x00, 0x00, 0x3e,
    0x00, 0xc0, 0x0f, 0x00, 0x00, 0x1e, 0x00, 0x00, 0x1f, 0x00, 0x00, 0x0e, 0x00, 0x00, 0x1e, 0x00,
    0x00, 0x06, 0x00, 0x00, 0x1c, 0x00, 0x00, 0x02, 0x00, 0x00, 0x18, 0x00, 0x00, 0x00, 0x00, 0x00,
    0x00, 0x00, 0x00, 0x00, 0x00, 0x00, 0x00, 0x00, 0x00, 0x00, 0x00, 0x00, 0x00, 0x00, 0x00, 0x00,
    0x00, 0x00, 0x00, 0x00, 0x00, 0x00, 0x00, 0x00, 0x00, 0x00, 0x00, 0x00, 0x00, 0x00, 0x00, 0x00,
    0x00, 0x00, 0x00, 0x00, 0x00, 0x00, 0x00, 0x00, 0x00, 0x00, 0x00, 0x00, 0x00, 0x00, 0x00, 0x00,
    0x00, 0x00, 0x00, 0x00, 0x00, 0x00, 0x00, 0x00, 0x00, 0x00, 0x00, 0x00, 0x00, 0x00, 0x00, 0x00,
    0x00, 0x00, 0x00, 0x00, 0x00, 0x00, 0x00, 0x00, 0x00, 0x00, 0x00, 0x00, 0x00, 0x00, 0x00, 0x00,
    0x00, 0x00, 0x00, 0x00, 0x00, 0x00, 0x00, 0x00, 0x00, 0x00, 0x00, 0x00, 0x00, 0x00, 0x00, 0x00,
    0x00, 0x00, 0x00, 0x00, 0x00, 0x00, 0x00, 0x00, 0x00, 0x00, 0x00, 0x00, 0x00, 0x00, 0x00, 0x00,
    0x00, 0x00, 0x00, 0x00, 0x00, 0x00, 0x00, 0x00, 0x00, 0x00, 0x00, 0x00, 0x00, 0x00, 0x00, 0x00,
    0x00, 0x00, 0x00, 0x00, 0x00, 0x00, 0x00, 0x00, 0x00, 0x00, 0x00, 0x00, 0x00, 0x00, 0x00, 0x00,
    0x00, 0x00, 0x00, 0x00, 0x00, 0x00, 0x00, 0x00, 0x00, 0x00, 0x00, 0x00, 0x00, 0x00, 0x00, 0x00,
    0x00, 0x00, 0x00, 0x00, 0x00, 0x00, 0x00, 0x00, 0x00, 0x00, 0x00, 0x00, 0x00, 0x00, 0x00, 0x00,
    0x00, 0x00, 0x07, 0x00, 0x00, 0x00, 0x00, 0x00, 0x07, 0x00, 0x00, 0x00, 0x00, 0x00, 0x07, 0x00,
    0x00, 0x00, 0x00, 0x00, 0x07, 0x00, 0x00, 0x00, 0x00, 0x00, 0x07, 0x00, 0x00, 0x00, 0x00, 0x00,
    0x07, 0x00, 0x00, 0x00, 0x00, 0x00, 0x07, 0x00, 0x00, 0x00, 0x00, 0x00, 0x07, 0x00, 0x00, 0x00,
    0x00, 0x00, 0xff, 0xff, 0x1f, 0x00, 0x00, 0x00, 0xff, 0xff, 0x1f, 0x00, 0x00, 0x00, 0xff, 0xff,
    0x1f, 0x00, 0x00, 0x00, 0xff, 0xff, 0x1f, 0x00, 0x00, 0x00, 0x00, 0x0e, 0x00, 0x00, 0x00, 0x00,
    0x00, 0x0e, 0x00, 0x00, 0x00, 0x00, 0x00, 0x0e, 0x00, 0x00, 0x00, 0x00, 0x80, 0x1f, 0x00, 0x00,
    0x00, 0x00, 0xc0, 0x3f, 0x00, 0x00, 0x00, 0x00, 0xe0, 0xff, 0x00, 0x00, 0x00, 0x00, 0xf0, 0xf9,
    0x01, 0x00, 0x00, 0x00, 0x7c, 0xe0, 0x03, 0x00, 0x00, 0x00, 0x3e, 0xc0, 0x07, 0x00, 0x00, 0x00,
    0x1f, 0x80, 0x1f, 0x00, 0x00, 0x00, 0x0f, 0x00, 0x1f, 0x00, 0x00, 0x00, 0x07, 0x00, 0x1e, 0x00,
    0x00, 0x00, 0x01, 0x00, 0x18, 0x00, 0x00, 0x00, 0x00, 0x00, 0x10, 0x00, 0x00, 0x00, 0x00, 0x00,
    0x00, 0x00, 0x00, 0x00, 0x00, 0x00, 0x00, 0x00, 0x00, 0x00, 0x00, 0x00, 0x00, 0x00, 0x00, 0x00,
    0x00, 0x00, 0x00, 0x00, 0x00, 0x00, 0x00, 0x00, 0x00, 0x00, 0x00, 0x00, 0x00, 0x00, 0x00, 0x00,
    0x00, 0x00, 0x00, 0x00, 0x00, 0x00, 0x00, 0x00, 0x00, 0x00, 0x00, 0x00, 0x00, 0x00, 0x00, 0x00,
    0x00, 0x00, 0x00, 0x00, 0x00, 0x00, 0x00, 0x00, 0x00, 0x00, 0x00, 0x00, 0x00, 0x00, 0x00, 0x00,
    0x00, 0x00, 0x00, 0x00, 0x00, 0x00, 0x00, 0x00, 0x00, 0x00, 0x00, 0x00, 0x00, 0x00, 0x00, 0x00,
    0x00, 0x00, 0x00, 0x00, 0x00, 0x00, 0x00, 0x00, 0x00, 0x00, 0x00, 0x00, 0x00, 0x00, 0x00, 0x00,
    0x00, 0x00, 0x00, 0x00, 0x00, 0x00, 0x00, 0x00, 0x00, 0x00, 0x00, 0x00, 0x00, 0x00, 0x00, 0x00,
    0x00, 0x00, 0x00, 0x00, 0x00, 0x00, 0x00, 0x00, 0x00, 0x00, 0x00, 0x00, 0x00, 0x00, 0x00, 0x00,
    0x00, 0x00, 0x00, 0x00, 0x00, 0x00, 0x00, 0x00, 0x00, 0x00, 0x00, 0x00, 0x00, 0x00, 0x00, 0x00,
    0x00, 0x00, 0x00, 0x00, 0x00, 0x00, 0x00, 0x00, 0x00, 0x00, 0x00, 0x00, 0x00, 0x00, 0x00, 0x00,
    0x00, 0x00, 0x00, 0x00, 0x00, 0x00, 0x00, 0x00, 0x00, 0x00, 0x00, 0x00, 0x00, 0x00, 0x00, 0x00,
    0x00, 0x00, 0x00, 0x00, 0x00, 0x00, 0x00, 0x00, 0x00, 0x00, 0x00, 0x00, 0x00, 0xfe, 0xff, 0xff,
    0x1f, 0x00, 0x00, 0xfe, 0xff, 0xff, 0x1f, 0x00, 0x00, 0xfe, 0xff, 0xff, 0x1f, 0x00, 0x00, 0xfe,
    0xff, 0xff, 0x1f, 0x00, 0x00, 0x00, 0xe0, 0x00, 0x00, 0x00, 0x00, 0x00, 0xe0, 0x00, 0x00, 0x00,
    0x00, 0x00, 0xe0, 0x00, 0x00, 0x00, 0x00, 0x00, 0xe0, 0x00, 0x00, 0x00, 0x00, 0x00, 0xe0, 0x00,
    0x00, 0x00, 0x00, 0x00, 0xe0, 0x00, 0x00, 0x00, 0x00, 0x00, 0xe0, 0x00, 0x00, 0x00, 0x00, 0x00,
    0xe0, 0x00, 0x00, 0x00, 0x00, 0x00, 0xe0, 0x00, 0x00, 0x00, 0x00, 0x00, 0xe0, 0x00, 0x00, 0x00,
    0x00, 0x00, 0xe0, 0x00, 0x00, 0x00, 0x00, 0x00, 0xe0, 0x00, 0x00, 0x00, 0x00, 0x00, 0xe0, 0x00,
    0x00, 0x00, 0x00, 0x00, 0xe0, 0x00, 0x00, 0x00, 0x00, 0xfe, 0xff, 0xff, 0x1f, 0x00, 0x00, 0xfe,
    0xff, 0xff, 0x1f, 0x00, 0x00, 0xfe, 0xff, 0xff, 0x1f, 0x00, 0x00, 0xfe, 0xff, 0xff, 0x1f, 0x00,
    0x00, 0x00, 0x00, 0x00, 0xfc, 0x0f, 0x00, 0x00, 0x00, 0x00, 0xfc, 0x0f, 0x00, 0x00, 0x00, 0x00,
    0xfc, 0x0f, 0x00, 0x00, 0x00, 0x00, 0xfc, 0x0f, 0x00, 0x00, 0x00, 0x00, 0x00, 0x00, 0x00, 0x00,
    0x00, 0x00, 0x00, 0x00, 0x00, 0x00, 0x00, 0x00, 0x00, 0x00, 0x00, 0x00, 0x00, 0x00, 0x00, 0x00,
    0x00, 0x00, 0x00, 0x00, 0x00, 0x00, 0x00, 0x00, 0x00, 0x00, 0x00, 0x00, 0x00, 0x00, 0x00, 0x00,
    0x00, 0x00, 0x00, 0x00, 0x00, 0x00, 0x00, 0x00, 0x00, 0x00, 0x00, 0x00, 0x00, 0x00, 0x00, 0x00,
    0x00, 0x00, 0x00, 0x00, 0x00, 0x00, 0x00, 0x00, 0x00, 0x00, 0x00, 0x00, 0x00, 0x00, 0x00, 0x00,
    0x00, 0x00, 0x00, 0x00, 0x00, 0x00, 0x00, 0x00, 0x00, 0x00, 0x00, 0x00, 0x00, 0x00, 0x00, 0x00,
    0x00, 0x00, 0x00, 0x00, 0x00, 0x00, 0x00, 0x00, 0x00, 0x00, 0x00, 0x00, 0x00, 0x00, 0x00, 0x00,
    0x00, 0x00, 0x00, 0x00, 0x00, 0x00, 0x00, 0x00, 0x00, 0x00, 0x00, 0x00, 0x00, 0x00, 0x00, 0x00,
    0x00, 0x00, 0x00, 0x00, 0x00, 0x00, 0x00, 0x00, 0x00, 0x00, 0x00, 0x00, 0x00, 0x00, 0x00, 0x00,
    0x00, 0x00, 0x00, 0x00, 0x00, 0x00, 0x00, 0x00, 0x00, 0x00, 0x00, 0x00, 0x00, 0x00, 0x00, 0x00,
    0x00, 0x00, 0x00, 0x00, 0x00, 0x00, 0x00, 0x00, 0x00, 0x00, 0x00, 0x00, 0x00, 0x00, 0x00, 0x00,
    0x00, 0x00, 0x00, 0x00, 0x00, 0x00, 0x00, 0x00, 0x00, 0x00, 0x00, 0x00, 0x00, 0x00, 0x00, 0x00,
    0x00, 0x00, 0x00, 0x00, 0x00, 0x00, 0x00, 0x00, 0x00, 0x00, 0xff, 0xff, 0x1f, 0x00, 0x00, 0x00,
    0xff, 0xff, 0x1f, 0x00, 0x00, 0x00, 0xff, 0xff, 0x1f, 0x00, 0x00, 0x00, 0xff, 0xff, 0x1f, 0x00,
    0x00, 0x00, 0x00, 0x0e, 0x00, 0x00, 0x00, 0x00, 0x00, 0x0e, 0x00, 0x00, 0x00, 0x00, 0x00, 0x0e,
    0x00, 0x00, 0x00, 0x00, 0x00, 0x0e, 0x00, 0x00, 0x00, 0x00, 0x00, 0x0e, 0x00, 0x00, 0x00, 0x00,
    0x00, 0x0e, 0x00, 0x00, 0x00, 0x00, 0x00, 0x0e, 0x00, 0x00, 0x00, 0x00, 0x00, 0x0e, 0x00, 0x00,
    0x00, 0x00, 0x00, 0x0e, 0x00, 0x00, 0x00, 0x00, 0xff, 0xff, 0x1f, 0x00, 0x00, 0x00, 0xff, 0xff,
    0x1f, 0x00, 0x00, 0x00, 0xff, 0xff, 0x1f, 0x00, 0x00, 0x00, 0xff, 0xff, 0x1f, 0x00, 0x00, 0x00,
    0x00, 0x00, 0xfc, 0x0f, 0x00, 0x00, 0x00, 0x00, 0xfc, 0x0f, 0x00, 0x00, 0x00, 0x00, 0xfc, 0x0f,
    0x00, 0x00, 0x00, 0x00, 0xfc, 0x0f, 0x00, 0x00, 0x00, 0x00, 0x00, 0x00, 0x00, 0x00, 0x00, 0x00,
    0x00, 0x00, 0x00, 0x00, 0x00, 0x00, 0x00, 0x00, 0x00, 0x00, 0x00, 0x00, 0x00, 0x00, 0x00, 0x00,
    0x00, 0x00, 0x00, 0x00, 0x00, 0x00, 0x00, 0x00, 0x00, 0x00, 0x00, 0x00, 0x00, 0x00, 0x00, 0x00,
    0x00, 0x00, 0x00, 0x00, 0x00, 0x00, 0x00, 0x00, 0x00, 0x00, 0x00, 0x00, 0x00, 0x00, 0x00, 0x00,
    0x00, 0x00, 0x00, 0x00, 0x00, 0x00, 0x00, 0x00, 0x00, 0x00, 0x00, 0x00, 0x00, 0x00, 0x00, 0x00,
    0x00, 0x00, 0x00, 0x00, 0x00, 0x00, 0x00, 0x00, 0x00, 0x00, 0x00, 0x00, 0x00, 0x00, 0x00, 0x00,
    0x00, 0x00, 0x00, 0x00, 0x00, 0x00, 0x00, 0x00, 0x00, 0x00, 0x00, 0x00, 0x00, 0x00, 0x00, 0x00,
    0x00, 0x00, 0x00, 0x00, 0x00, 0x00, 0x00, 0x00, 0x00, 0x00, 0x00, 0x00, 0x00, 0x00, 0x00, 0x00,
    0x00, 0x00, 0x00, 0x00, 0x00, 0x00, 0x00, 0x00, 0x00, 0x00, 0x00, 0x00, 0x00, 0x00, 0x00, 0x00,
    0x00, 0x00, 0x00, 0x00, 0x00, 0x00, 0x00, 0x00, 0x00, 0x00, 0x00, 0x00, 0x00, 0x00, 0x00, 0x00,
    0x00, 0x00, 0x00, 0x00, 0x00, 0x00, 0x00, 0x00, 0x00, 0x00, 0x00, 0x00, 0x00, 0x00, 0x00, 0x00,
    0x00, 0x00, 0x00, 0x00, 0x00, 0x00, 0x00, 0x00, 0x00, 0x00, 0x00, 0x00, 0x00, 0x00, 0x00, 0x00,
    0x00, 0x00, 0x00, 0x00, 0x00, 0x00, 0x00, 0xfe, 0xff, 0xff, 0x1f, 0x00, 0x00, 0xfe, 0xff, 0xff,
    0x1f, 0x00, 0x00, 0xfe, 0xff, 0xff, 0x1f, 0x00, 0x00, 0xfe, 0xff, 0xff, 0x1f, 0x00, 0x00, 0x00,
    0xe0, 0x00, 0x00, 0x00, 0x00, 0x00, 0xe0, 0x00, 0x00, 0x00, 0x00, 0x00, 0xe0, 0x00, 0x00, 0x00,
    0x00, 0x00, 0xe0, 0x00, 0x00, 0x00, 0x00, 0x00, 0xe0, 0x00, 0x00, 0x00, 0x00, 0x00, 0xe0, 0x00,
    0x00, 0x00, 0x00, 0x00, 0xe0, 0x00, 0x00, 0x00, 0x00, 0x00, 0xe0, 0x00, 0x00, 0x00, 0x00, 0x00,
    0xe0, 0x00, 0x00, 0x00, 0x00, 0x00, 0xe0, 0x00, 0x00, 0x00, 0x00, 0x00, 0xe0, 0x00, 0x00, 0x00,
    0x00, 0x00, 0xe0, 0x00, 0x00, 0x00, 0x00, 0x00, 0xe0, 0x00, 0x00, 0x00, 0x00, 0x00, 0xe0, 0x00,
    0x00, 0x00, 0x00, 0xfe, 0xff, 0xff, 0x1f, 0x00, 0x00, 0xfe, 0xff, 0xff, 0x1f, 0x00, 0x00, 0xfe,
    0xff, 0xff, 0x1f, 0x00, 0x00, 0xfe, 0xff, 0xff, 0x1f, 0x00, 0x00, 0x0e, 0x00, 0x00, 0x00, 0x00,
    0x00, 0x0e, 0x00, 0x00, 0x00, 0x00, 0x00, 0x0e, 0x00, 0x00, 0x00, 0x00, 0x00, 0x0e, 0x00, 0x00,
    0x00, 0x00, 0x00, 0x0e, 0x00, 0x00, 0x00, 0x00, 0x00, 0x0e, 0x00, 0x00, 0x00, 0x00, 0x00, 0x0e,
    0x00, 0x00, 0x00, 0x00, 0x00, 0x0e, 0x00, 0x00, 0x00, 0x00, 0x00, 0x0e, 0x00, 0x00, 0x00, 0x00,
    0x00, 0x0e, 0x00, 0x00, 0x00, 0x00, 0x00, 0x0e, 0x00, 0x00, 0x00, 0x00, 0x00, 0x0e, 0x00, 0x00,
    0x00, 0x00, 0x00, 0x0e, 0x00, 0x00, 0x00, 0x00, 0x00, 0x00, 0x00, 0x00, 0x00, 0x00, 0x00, 0x00,
    0x00, 0x00, 0x00, 0x00, 0x00, 0x00, 0x00, 0x00, 0x00, 0x00, 0x00, 0x00, 0x00, 0x00, 0x00, 0x00,
    0x00, 0x00, 0x00, 0x00, 0x00, 0x00, 0x00, 0x00, 0x00, 0x00, 0x00, 0x00, 0x00, 0x00, 0x00, 0x00,
    0x00, 0x00, 0x00, 0x00, 0x00, 0x00, 0x00, 0x00, 0x00, 0x00, 0x00, 0x00, 0x00, 0x00, 0x00, 0x00,
    0x00, 0x00, 0x00, 0x00, 0x00, 0x00, 0x00, 0x00, 0x00, 0x00, 0x00, 0x00, 0x00, 0x00, 0x00, 0x00,
    0x00, 0x00, 0x00, 0x00, 0x00, 0x00, 0x00, 0x00, 0x00, 0x00, 0x00, 0x00, 0x00, 0x00, 0x00, 0x00,
    0x00, 0x00, 0x00, 0x00, 0x00, 0x00, 0x00, 0x00, 0x00, 0x00, 0x00, 0x00, 0x00, 0x00, 0x00, 0x00,
    0x00, 0x00, 0x00, 0x00, 0x00, 0x00, 0x00, 0x00, 0x00, 0x00, 0x00, 0x00, 0x00, 0x00, 0x00, 0x00,
    0x00, 0x00, 0x00, 0x00, 0x00, 0x00, 0x00, 0x00, 0x00, 0x00, 0x00, 0x00, 0x00, 0x00, 0x00, 0x00,
    0x00, 0x00, 0x00, 0x00, 0x00, 0x00, 0x00, 0x00, 0x00, 0x00, 0x00, 0x00, 0x00, 0x00, 0x00, 0x00,
    0x00, 0x00, 0x00, 0x00, 0x00, 0x00, 0x00, 0x00, 0x00, 0x00, 0x00, 0x00, 0x00, 0x00, 0x00, 0x00,
    0x00, 0x00, 0x00, 0x00, 0x00, 0x00, 0x00, 0x00, 0x00, 0x00, 0x00, 0x00, 0x00, 0x00, 0x00, 0x00,
    0x00, 0x00, 0x00, 0x00, 0x00, 0x00, 0x00, 0x00, 0x00, 0x00, 0xff, 0xff, 0x1f, 0x00, 0x00, 0x00,
    0xff, 0xff, 0x1f, 0x00, 0x00, 0x00, 0xff, 0xff, 0x1f, 0x00, 0x00, 0x00, 0x00, 0x0e, 0x00, 0x00,
    0x00, 0x00, 0x00, 0x0e, 0x00, 0x00, 0x00, 0x00, 0x00, 0x0e, 0x00, 0x00, 0x00, 0x00, 0x00, 0x0e,
    0x00, 0x00, 0x00, 0x00, 0x00, 0x0e, 0x00, 0x00, 0x00, 0x00, 0x00, 0x0e, 0x00, 0x00, 0x00, 0x00,
    0x00, 0x0e, 0x00, 0x00, 0x00, 0x00, 0x00, 0x0e, 0x00, 0x00, 0x00, 0x00, 0x00, 0x0e, 0x00, 0x00,
    0x00, 0x00, 0x00, 0x0e, 0x00, 0x00, 0x00, 0x00, 0xff, 0xff, 0x1f, 0x00, 0x00, 0x00, 0xff, 0xff,
    0x1f, 0x00, 0x00, 0x00, 0xff, 0xff, 0x1f, 0x00, 0x00, 0x00, 0xff, 0xff, 0x1f, 0x00, 0x00, 0x00,
    0x07, 0x00, 0x00, 0x00, 0x00, 0x00, 0x07, 0x00, 0x00, 0x00, 0x00, 0x00, 0x07, 0x00, 0x00, 0x00,
    0x00, 0x00, 0x07, 0x00, 0x00, 0x00, 0x00, 0x00, 0x07, 0x00, 0x00, 0x00, 0x00, 0x00, 0x07, 0x00,
    0x00, 0x00, 0x00, 0x00, 0x07, 0x00, 0x00, 0x00, 0x00, 0x00, 0x00, 0x00, 0x00, 0x00, 0x00, 0x00,
    0x00, 0x00, 0x00, 0x00, 0x00, 0x00, 0x00, 0x00, 0x00, 0x00, 0x00, 0x00, 0x00, 0x00, 0x00, 0x00,
    0x00, 0x00, 0x00, 0x00, 0x00, 0x00, 0x00, 0x00, 0x00, 0x00, 0x00, 0x00, 0x00, 0x00, 0x00, 0x00,
    0x00, 0x00, 0x00, 0x00, 0x00, 0x00, 0x00, 0x00, 0x00, 0x00, 0x00, 0x00, 0x00, 0x00, 0x00, 0x00,
    0x00, 0x00, 0x00, 0x00, 0x00, 0x00, 0x00, 0x00, 0x00, 0x00, 0x00, 0x00, 0x00, 0x00, 0x00, 0x00,
    0x00, 0x00, 0x00, 0x00, 0x00, 0x00, 0x00, 0x00, 0x00, 0x00, 0x00, 0x00, 0x00, 0x00, 0x00, 0x00,
    0x00, 0x00, 0x00, 0x00, 0x00, 0x00, 0x00, 0x00, 0x00, 0x00, 0x00, 0x00, 0x00, 0x00, 0x00, 0x00,
    0x00, 0x00, 0x00, 0x00, 0x00, 0x00, 0x00, 0x00, 0x00, 0x00, 0x00, 0x00, 0x00, 0x00, 0x00, 0x00,
    0x00, 0x00, 0x00, 0x00, 0x00, 0x00, 0x00, 0x00, 0x00, 0x00, 0x00, 0x00, 0x00, 0x00, 0x00, 0x00,
    0x00, 0x00, 0x00, 0x00, 0x00, 0x00, 0x00, 0x00, 0x00, 0x00, 0x00, 0x00, 0x00, 0x00, 0x00, 0x00,
    0x00, 0x00, 0x00, 0x00, 0x00, 0x00, 0x00, 0x00, 0x00, 0x00, 0x00, 0x00, 0x00, 0x00, 0x00, 0x00,
    0x00, 0x00, 0x00, 0x00, 0x00, 0x00, 0x00, 0x00, 0x00, 0x00, 0x00, 0x00, 0x00, 0x00, 0x00, 0x00,
    0x00, 0x00, 0x00, 0x00, 0x00, 0x00, 0x00, 0x00, 0x00, 0xfe, 0xff, 0xff, 0x1f, 0x00, 0x00, 0xfe,
    0xff, 0xff, 0x1f, 0x00, 0x00, 0xfe, 0xff, 0xff, 0x1f, 0x00, 0x00, 0xfe, 0xff, 0xff, 0x1f, 0x00,
    0x00, 0x0e, 0x00, 0x00, 0x00, 0x00, 0x00, 0x0e, 0x00, 0x00, 0x00, 0x00, 0x00, 0x0e, 0x00, 0x00,
    0x00, 0x00, 0x00, 0x0e, 0x00, 0x00, 0x00, 0x00, 0x00, 0x0e, 0x00, 0x00, 0x00, 0x00, 0x00, 0x0e,
    0x00, 0x00, 0x00, 0x00, 0x00, 0x0e, 0x00, 0x00, 0x00, 0x00, 0x00, 0x0e, 0x00, 0x00, 0x00, 0x00,
    0x00, 0x0e, 0x00, 0x00, 0x00, 0x00, 0x00, 0x0e, 0x00, 0x00, 0x00, 0x00, 0x00, 0x0e, 0x00, 0x00,
    0x00, 0x00, 0x00, 0x0e, 0x00, 0x00, 0x00, 0x00, 0x00, 0x0e, 0x00, 0x00, 0x00, 0x00, 0x00, 0x0e,
    0x00, 0x00, 0x00, 0x00, 0x00, 0xfe, 0xff, 0xff, 0x1f, 0x00, 0x00, 0xfe, 0xff, 0xff, 0x1f, 0x00,
    0x00, 0xfe, 0xff, 0xff, 0x1f, 0x00, 0x00, 0xfe, 0xff, 0xff, 0x1f, 0x00, 0x00, 0x00, 0xe0, 0x00,
    0x00, 0x00, 0x00, 0x00, 0xe0, 0x00, 0x00, 0x00, 0x00, 0x00, 0xe0, 0x00, 0x00, 0x00, 0x00, 0x00,
    0xe0, 0x00, 0x00, 0x00, 0x00, 0x00, 0xe0, 0x00, 0x00, 0x00, 0x00, 0x00, 0xe0, 0x01, 0x00, 0x07,
    0x00, 0x00, 0xc0, 0x01, 0x00, 0x07, 0x00, 0x00, 0xc0, 0x03, 0x80, 0x07, 0x00, 0x00, 0xc0, 0x03,
    0x80, 0x03, 0x00, 0x00, 0x80, 0x0f, 0xe0, 0x03, 0x00, 0x00, 0x00, 0xff, 0xff, 0x01, 0x00, 0x00,
    0x00, 0xfe, 0xff, 0x00, 0x00, 0x00, 0x00, 0xfc, 0x7f, 0x00, 0x00, 0x00, 0x00, 0xf0, 0x0f, 0x00,
    0x00, 0x00, 0x00, 0x00, 0x00, 0x00, 0x00, 0x00, 0x00, 0x00, 0x00, 0x00, 0x00, 0x00, 0x00, 0x00,
    0x00, 0x00, 0x00, 0x00, 0x00, 0x00, 0x00, 0x00, 0x00, 0x00, 0x00, 0x00, 0x00, 0x00, 0x00, 0x00,
    0x00, 0x00, 0x00, 0x00, 0x00, 0x00, 0x00, 0x00, 0x00, 0x00, 0x00, 0x00, 0x00, 0x00, 0x00, 0x00,
    0x00, 0x00, 0x00, 0x00, 0x00, 0x00, 0x00, 0x00, 0x00, 0x00, 0x00, 0x00, 0x00, 0x00, 0x00, 0x00,
    0x00, 0x00, 0x00, 0x00, 0x00, 0x00, 0x00, 0x00, 0x00, 0x00, 0x00, 0x00, 0x00, 0x00, 0x00, 0x00,
    0x00, 0x00, 0x00, 0x00, 0x00, 0x00, 0x00, 0x00, 0x00, 0x00, 0x00, 0x00, 0x00, 0x00, 0x00, 0x00,
    0x00, 0x00, 0x00, 0x00, 0x00, 0x00, 0x00, 0x00, 0x00, 0x00, 0x00, 0x00, 0x00, 0x00, 0x00, 0x00,
    0x00, 0x00, 0x00, 0x00, 0x00, 0x00, 0x00, 0x00, 0x00, 0x00, 0x00, 0x00, 0x00, 0x00, 0x00, 0x00,
    0x00, 0x00, 0x00, 0x00, 0x00, 0x00, 0x00, 0x00, 0x00, 0x00, 0x00, 0x00, 0x00, 0x00, 0x00, 0x00,
    0x00, 0x00, 0x00, 0x00, 0x00, 0x00, 0x00, 0x00, 0x00, 0x00, 0x00, 0x00, 0x00, 0x00, 0x00, 0x00,
    0x00, 0x00, 0x00, 0x00, 0x00, 0x00, 0x00, 0x00, 0x00, 0x00, 0x00, 0x00, 0x00, 0x00, 0x00, 0x00,
    0x00, 0x00, 0x00, 0x00, 0x00, 0x00, 0x00, 0x00, 0x00, 0x00, 0x00, 0x00, 0x00, 0x00, 0x00, 0x00,
    0x00, 0x00, 0xff, 0xff, 0x1f, 0x00, 0x00, 0x00, 0xff, 0xff, 0x1f, 0x00, 0x00, 0x00, 0xff, 0xff,
    0x1f, 0x00, 0x00, 0x00, 0x07, 0x00, 0x00, 0x00, 0x00, 0x00, 0x07, 0x00, 0x00, 0x00, 0x00, 0x00,
    0x07, 0x00, 0x00, 0x00, 0x00, 0x00, 0x07, 0x00, 0x00, 0x00, 0x00, 0x00, 0x07, 0x00, 0x00, 0x00,
    0x00, 0x00, 0x07, 0x00, 0x00, 0x00, 0x00, 0x00, 0x07, 0x00, 0x00, 0x00, 0x00, 0x00, 0x07, 0x00,
    0x00, 0x00, 0x00, 0x00, 0x07, 0x00, 0x00, 0x00, 0x00, 0x00, 0x07, 0x00, 0x00, 0x00, 0x00, 0x00,
    0xff, 0xff, 0x1f, 0x00, 0x00, 0x00, 0xff, 0xff, 0x1f, 0x00, 0x00, 0x00, 0xff, 0xff, 0x1f, 0x00,
    0x00, 0x00, 0xff, 0xff, 0x1f, 0x00, 0x00, 0x00, 0x00, 0x0e, 0x00, 0x00, 0x00, 0x00, 0x00, 0x0e,
    0x00, 0x00, 0x00, 0x00, 0x00, 0x0e, 0x00, 0x00, 0x00, 0x00, 0x00, 0x0e, 0x00, 0x00, 0x00, 0x00,
    0x00, 0x0e, 0x00, 0x00, 0x00, 0x00, 0x00, 0x1e, 0x00, 0x03, 0x00, 0x00, 0x00, 0x1e, 0x00, 0x07,
    0x00, 0x00, 0x00, 0x1c, 0x80, 0x07, 0x00, 0x00, 0x00, 0x3c, 0xc0, 0x03, 0x00, 0x00, 0x00, 0xf8,
    0xf0, 0x03, 0x00, 0x00, 0x00, 0xf8, 0xff, 0x01, 0x00, 0x00, 0x00, 0xf0, 0xff, 0x00, 0x00, 0x00,
    0x00, 0xc0, 0x3f, 0x00, 0x00, 0x00, 0x00, 0x00, 0x00, 0x00, 0x00, 0x00, 0x00, 0x00, 0x00, 0x00,
    0x00, 0x00, 0x00, 0x00, 0x00, 0x00, 0x00, 0x00, 0x00, 0x00, 0x00, 0x00, 0x00, 0x00, 0x00, 0x00,
    0x00, 0x00, 0x00, 0x00, 0x00, 0x00, 0x00, 0x00, 0x00, 0x00, 0x00, 0x00, 0x00, 0x00, 0x00, 0x00,
    0x00, 0x00, 0x00, 0x00, 0x00, 0x00, 0x00, 0x00, 0x00, 0x00, 0x00, 0x00, 0x00, 0x00, 0x00, 0x00,
    0x00, 0x00, 0x00, 0x00, 0x00, 0x00, 0x00, 0x00, 0x00, 0x00, 0x00, 0x00, 0x00, 0x00, 0x00, 0x00,
    0x00, 0x00, 0x00, 0x00, 0x00, 0x00, 0x00, 0x00, 0x00, 0x00, 0x00, 0x00, 0x00, 0x00, 0x00, 0x00,
    0x00, 0x00, 0x00, 0x00, 0x00, 0x00, 0x00, 0x00, 0x00, 0x00, 0x00, 0x00, 0x00, 0x00, 0x00, 0x00,
    0x00, 0x00, 0x00, 0x00, 0x00, 0x00, 0x00, 0x00, 0x00, 0x00, 0x00, 0x00, 0x00, 0x00, 0x00, 0x00,
    0x00, 0x00, 0x00, 0x00, 0x00, 0x00, 0x00, 0x00, 0x00, 0x00, 0x00, 0x00, 0x00, 0x00, 0x00, 0x00,
    0x00, 0x00, 0x00, 0x00, 0x00, 0x00, 0x00, 0x00, 0x00, 0x00, 0x00, 0x00, 0x00, 0x00, 0x00, 0x00,
    0x00, 0x00, 0x00, 0x00, 0x00, 0x00, 0x00, 0x00, 0x00, 0x00, 0x00, 0x00, 0x00, 0x00, 0x00, 0x00,
    0x00, 0x00, 0x00, 0x00, 0x00, 0x00, 0x00, 0x00, 0x00, 0x00, 0x00, 0x00, 0x00, 0x00, 0x00, 0x00,
    0xfe, 0x07, 0x00, 0x00, 0x00, 0xc0, 0xff, 0x3f, 0x00, 0x00, 0x00, 0xe0, 0xff, 0xff, 0x00, 0x00,
    0x00, 0xf8, 0xff, 0xff, 0x01, 0x00, 0x00, 0xf8, 0x01, 0xf0, 0x03, 0x00, 0x00, 0x3c, 0x00, 0xc0,
    0x07, 0x00, 0x00, 0x1e, 0x00, 0x80, 0x0f, 0x00, 0x00, 0x1e, 0x00, 0x00, 0x0f, 0x00, 0x00, 0x0e,
    0x00, 0x00, 0x0e, 0x00, 0x00, 0x00, 0x00, 0x00, 0x1e, 0x00, 0x00, 0x80, 0xff, 0x0f, 0x1c, 0x00,
    0x00, 0xe0, 0xff, 0x3f, 0x1c, 0x00, 0x00, 0xf8, 0xff, 0x7f, 0x1c, 0x00, 0x00, 0xf8, 0xff, 0xff,
    0x1d, 0x00, 0x00, 0x7c, 0x00, 0xf0, 0x1d, 0x00, 0x00, 0x1e, 0x00, 0xc0, 0x1f, 0x00, 0x00, 0x1e,
    0x00, 0x80, 0x1f, 0x00, 0x00, 0x0e, 0x00, 0x00, 0x0f, 0x00, 0x00, 0x0e, 0x00, 0x00, 0x0f, 0x00,
    0x00, 0x1e, 0x00, 0x80, 0x0f, 0x00, 0x00, 0x1c, 0x00, 0xc0, 0x0f, 0x00, 0x00, 0x7c, 0x00, 0xf0,
    0x1f, 0x00, 0x00, 0xf8, 0xff, 0xff, 0x1d, 0x00, 0x00, 0xf0, 0xff, 0xff, 0x1c, 0x00, 0x00, 0xe0,
    0xff, 0x3f, 0x1c, 0x00, 0x00, 0x00, 0xff, 0x07, 0x1c, 0x00, 0x00, 0x00, 0x00, 0x00, 0x00, 0x00,
    0x00, 0x00, 0x00, 0x00, 0x00, 0x00, 0x00, 0x00, 0x00, 0x00, 0x00, 0x00, 0x00, 0x00, 0x00, 0x00,
    0x00, 0x00, 0x00, 0x00, 0x00, 0x00, 0x00, 0x00, 0x00, 0x00, 0x00, 0x00, 0x00, 0x00, 0x00, 0x00,
    0x00, 0x00, 0x00, 0x00, 0x00, 0x00, 0x00, 0x00, 0x00, 0x00, 0x00, 0x00, 0x00, 0x00, 0x00, 0x00,
    0x00, 0x00, 0x00, 0x00, 0x00, 0x00, 0x00, 0x00, 0x00, 0x00, 0x00, 0x00, 0x00, 0x00, 0x00, 0x00,
    0x00, 0x00, 0x00, 0x00, 0x00, 0x00, 0x00, 0x00, 0x00, 0x00, 0x00, 0x00, 0x00, 0x00, 0x00, 0x00,
    0x00, 0x00, 0x00, 0x00, 0x00, 0x00, 0x00, 0x00, 0x00, 0x00, 0x00, 0x00, 0x00, 0x00, 0x00, 0x00,
    0x00, 0x00, 0x00, 0x00, 0x00, 0x00, 0x00, 0x00, 0x00, 0x00, 0x00, 0x00, 0x00, 0x00, 0x00, 0x00,
    0x00, 0x00, 0x00, 0x00, 0x00, 0x00, 0x00, 0x00, 0x00, 0x00, 0x00, 0x00, 0x00, 0x00, 0x00, 0x00,
    0x00, 0x00, 0x00, 0x00, 0x00, 0x00, 0x00, 0x00, 0x00, 0x00, 0x00, 0x00, 0x00, 0x00, 0x00, 0x00,
    0x00, 0x00, 0x00, 0x00, 0x00, 0x00, 0x00, 0x00, 0x00, 0x00, 0x00, 0x00, 0x00, 0x00, 0x00, 0x00,
    0x00, 0x00, 0x00, 0x00, 0x00, 0x00, 0x00, 0x00, 0x00, 0x00, 0x00, 0x00, 0x00, 0x00, 0x00, 0x00,
    0x00, 0x00, 0x00, 0x00, 0x00, 0x00, 0xc0, 0x1f, 0x00, 0x00, 0x00, 0x00, 0xf8, 0xff, 0x00, 0x00,
    0x00, 0x00, 0xfc, 0xff, 0x01, 0x00, 0x00, 0x00, 0xfe, 0xff, 0x07, 0x00, 0x00, 0x00, 0x1e, 0xc0,
    0x07, 0x00, 0x00, 0x00, 0x0f, 0x00, 0x0f, 0x00, 0x00, 0x00, 0x07, 0x00, 0x0e, 0x00, 0x00, 0x00,
    0x00, 0x00, 0x1e, 0x00, 0x00, 0x00, 0xf0, 0x3f, 0x1c, 0x00, 0x00, 0x00, 0xfc, 0xff, 0x1c, 0x00,
    0x00, 0x00, 0xfe, 0xff, 0x1d, 0x00, 0x00, 0x00, 0x3f, 0xf0, 0x1f, 0x00, 0x00, 0x00, 0x0f, 0xc0,
    0x1f, 0x00, 0x00, 0x00, 0x07, 0x80, 0x0f, 0x00, 0x00, 0x00, 0x07, 0x00, 0x0f, 0x00, 0x00, 0x00,
    0x0f, 0x80, 0x0f, 0x00, 0x00, 0x00, 0xfe, 0xff, 0x0f, 0x00, 0x00, 0x00, 0xfe, 0xff, 0x1f, 0x00,
    0x00, 0x00, 0xfc, 0xff, 0x1c, 0x00, 0x00, 0x00, 0xf0, 0x3f, 0x1c, 0x00, 0x00, 0x00, 0x00, 0x00,
    0x1c, 0x00, 0x00, 0x00, 0x00, 0x00, 0x00, 0x00, 0x00, 0x00, 0x00, 0x00, 0x00, 0x00, 0x00, 0x00,
    0x00, 0x00, 0x00, 0x00, 0x00, 0x00, 0x00, 0x00, 0x00, 0x00, 0x00, 0x00, 0x00, 0x00, 0x00, 0x00,
    0x00, 0x00, 0x00, 0x00, 0x00, 0x00, 0x00, 0x00, 0x00, 0x00, 0x00, 0x00, 0x00, 0x00, 0x00, 0x00,
    0x00, 0x00, 0x00, 0x00, 0x00, 0x00, 0x00, 0x00, 0x00, 0x00, 0x00, 0x00, 0x00, 0x00, 0x00, 0x00,
    0x00, 0x00, 0x00, 0x00, 0x00, 0x00, 0x00, 0x00, 0x00, 0x00, 0x00, 0x00, 0x00, 0x00, 0x00, 0x00,
    0x00, 0x00, 0x00, 0x00, 0x00, 0x00, 0x00, 0x00, 0x00, 0x00, 0x00, 0x00, 0x00, 0x00, 0x00, 0x00,
    0x00, 0x00, 0x00, 0x00, 0x00, 0x00, 0x00, 0x00, 0x00, 0x00, 0x00, 0x00, 0x00, 0x00, 0x00, 0x00,
    0x00, 0x00, 0x00, 0x00, 0x00, 0x00, 0x00, 0x00, 0x00, 0x00, 0x00, 0x00, 0x00, 0x00, 0x00, 0x00,
    0x00, 0x00, 0x00, 0x00, 0x00, 0x00, 0x00, 0x00, 0x00, 0x00, 0x00, 0x00, 0x00, 0x00, 0x00, 0x00,
    0x00, 0x00, 0x00, 0x00, 0x00, 0x00, 0x00, 0x00, 0x00, 0x00, 0x00, 0x00, 0x00, 0x00, 0x00, 0x00,
    0x00, 0x00, 0x00, 0x00, 0x00, 0x00, 0x00, 0x00, 0x00, 0x00, 0x00, 0x00, 0x00, 0x00, 0x00, 0x00,
    0x00, 0x00, 0x00, 0x00, 0x00, 0x00, 0x00, 0x00, 0x00, 0x00, 0x00, 0x00, 0x00, 0x00, 0xf8, 0x07,
    0x00, 0x00, 0x00, 0x80, 0xff, 0x7f, 0x00, 0x00, 0x00, 0xc0, 0xff, 0xff, 0x00, 0x00, 0x00, 0xf0,
    0xff, 0xff, 0x03, 0x00, 0x00, 0xf8, 0x03, 0xf0, 0x07, 0x00, 0x00, 0x78, 0x00, 0x80, 0x07, 0x00,
    0x00, 0x3c, 0x00, 0x00, 0x0f, 0x00, 0x00, 0x1c, 0x00, 0x00, 0x0e, 0x00, 0x00, 0x1e, 0x00, 0x00,
    0x1e, 0x00, 0x00, 0x0e, 0x00, 0x00, 0xfc, 0x3f, 0x00, 0x0e, 0x00, 0x00, 0xfc, 0x3f, 0x00, 0x0e,
    0x00, 0x00, 0xfc, 0x3f, 0x00, 0x0e, 0x00, 0x00, 0xfc, 0x3f, 0x00, 0x0e, 0x00, 0x00, 0x1c, 0x00,
    0x00, 0x1e, 0x00, 0x00, 0x1c, 0x00, 0x00, 0x1c, 0x00, 0x00, 0x0e, 0x00, 0x00, 0x3c, 0x00, 0x00,
    0x0f, 0x00, 0x00, 0x7c, 0x00, 0x80, 0x0f, 0x00, 0x00, 0xf8, 0x07, 0xf0, 0x07, 0x00, 0x00, 0xf0,
    0x07, 0xf0, 0x03, 0x00, 0x00, 0xe0, 0x07, 0xf0, 0x01, 0x00, 0x00, 0x00, 0x07, 0x70, 0x00, 0x00,
    0x00, 0x00, 0x00, 0x00, 0x00, 0x00, 0x00, 0x00, 0x00, 0x00, 0x00, 0x00, 0x00, 0x00, 0x00, 0x00,
    0x00, 0x00, 0x00, 0x00, 0x00, 0x00, 0x00, 0x00, 0x00, 0x00, 0x00, 0x00, 0x00, 0x00, 0x00, 0x00,
    0x00, 0x00, 0x00, 0x00, 0x00, 0x00, 0x00, 0x00, 0x00, 0x00, 0x00, 0x00, 0x00, 0x00, 0x00, 0x00,
    0x00, 0x00, 0x00, 0x00, 0x00, 0x00, 0x00, 0x00, 0x00, 0x00, 0x00, 0x00, 0x00, 0x00, 0x00, 0x00,
    0x00, 0x00, 0x00, 0x00, 0x00, 0x00, 0x00, 0x00, 0x00, 0x00, 0x00, 0x00, 0x00, 0x00, 0x00, 0x00,
    0x00, 0x00, 0x00, 0x00, 0x00, 0x00, 0x00, 0x00, 0x00, 0x00, 0x00, 0x00, 0x00, 0x00, 0x00, 0x00,
    0x00, 0x00, 0x00, 0x00, 0x00, 0x00, 0x00, 0x00, 0x00, 0x00, 0x00, 0x00, 0x00, 0x00, 0x00, 0x00,
    0x00, 0x00, 0x00, 0x00, 0x00, 0x00, 0x00, 0x00, 0x00, 0x00, 0x00, 0x00, 0x00, 0x00, 0x00, 0x00,
    0x00, 0x00, 0x00, 0x00, 0x00, 0x00, 0x00, 0x00, 0x00, 0x00, 0x00, 0x00, 0x00, 0x00, 0x00, 0x00,
    0x00, 0x00, 0x00, 0x00, 0x00, 0x00, 0x00, 0x00, 0x00, 0x00, 0x00, 0x00, 0x00, 0x00, 0x00, 0x00,
    0x00, 0x00, 0x00, 0x00, 0x00, 0x00, 0x00, 0x00, 0x00, 0x00, 0x00, 0x00, 0x00, 0x00, 0x00, 0x00,
    0x00, 0x00, 0x00, 0x00, 0x00, 0x00, 0x00, 0x00, 0x00, 0x00, 0x00, 0x00, 0xc0, 0x7f, 0x00, 0x00,
    0x00, 0x00, 0xf0, 0xff, 0x01, 0x00, 0x00, 0x00, 0xf8, 0xff, 0x03, 0x00, 0x00, 0x00, 0xfc, 0xf1,
    0x07, 0x00, 0x00, 0x00, 0x1e, 0x00, 0x0f, 0x00, 0x00, 0x00, 0x0e, 0x00, 0x0e, 0x00, 0x00, 0x00,
    0x0f, 0x00, 0x1e, 0x00, 0x00, 0x00, 0x07, 0x00, 0xfc, 0x3f, 0x00, 0x00, 0x07, 0x00, 0xfc, 0x3f,
    0x00, 0x00, 0x07, 0x00, 0xfc, 0x3f, 0x00, 0x00, 0x07, 0x00, 0xfc, 0x3f, 0x00, 0x00, 0x0f, 0x00,
    0x1c, 0x00, 0x00, 0x00, 0x0e, 0x00, 0x0e, 0x00, 0x00, 0x00, 0x3e, 0x00, 0x0f, 0x00, 0x00, 0x00,
    0xfc, 0xc0, 0x07, 0x00, 0x00, 0x00, 0xf8, 0xc0, 0x03, 0x00, 0x00, 0x00, 0xf0, 0xc0, 0x01, 0x00,
    0x00, 0x00, 0x80, 0x40, 0x00, 0x00, 0x00, 0x00, 0x00, 0x00, 0x00, 0x00, 0x00, 0x00, 0x00, 0x00,
    0x00, 0x00, 0x00, 0x00, 0x00, 0x00, 0x00, 0x00, 0x00, 0x00, 0x00, 0x00, 0x00, 0x00, 0x00, 0x00,
    0x00, 0x00, 0x00, 0x00, 0x00, 0x00, 0x00, 0x00, 0x00, 0x00, 0x00, 0x00, 0x00, 0x00, 0x00, 0x00,
    0x00, 0x00, 0x00, 0x00, 0x00, 0x00, 0x00, 0x00, 0x00, 0x00, 0x00, 0x00, 0x00, 0x00, 0x00, 0x00,
    0x00, 0x00, 0x00, 0x00, 0x00, 0x00, 0x00, 0x00, 0x00, 0x00, 0x00, 0x00, 0x00, 0x00, 0x00, 0x00,
    0x00, 0x00, 0x00, 0x00, 0x00, 0x00, 0x00, 0x00, 0x00, 0x00, 0x00, 0x00, 0x00, 0x00, 0x00, 0x00,
    0x00, 0x00, 0x00, 0x00, 0x00, 0x00, 0x00, 0x00, 0x00, 0x00, 0x00, 0x00, 0x00, 0x00, 0x00, 0x00,
    0x00, 0x00, 0x00, 0x00, 0x00, 0x00, 0x00, 0x00, 0x00, 0x00, 0x00, 0x00, 0x00, 0x00, 0x00, 0x00,
    0x00, 0x00, 0x00, 0x00, 0x00, 0x00, 0x00, 0x00, 0x00, 0x00, 0x00, 0x00, 0x00, 0x00, 0x00, 0x00,
    0x00, 0x00, 0x00, 0x00, 0x00, 0x00, 0x00, 0x00, 0x00, 0x00, 0x00, 0x00, 0x00, 0x00, 0x00, 0x00,
    0x00, 0x00, 0x00, 0x00, 0x00, 0x00, 0x00, 0x00, 0x00, 0x00, 0x00, 0x00, 0x00, 0x00, 0x00, 0x00,
    0x00, 0x00, 0x00, 0x00, 0x00, 0x00, 0x00, 0x00, 0x00, 0x00, 0x00, 0x0e, 0x00, 0x00, 0x00, 0x00,
    0x00, 0x0e, 0x00, 0x00, 0x00, 0x00, 0x00, 0x0e, 0x00, 0x00, 0x00, 0x00, 0x00, 0x0e, 0x00, 0x00,
    0x00, 0x00, 0x00, 0x0e, 0x00, 0x00, 0x00, 0x00, 0x00, 0x0e, 0x00, 0x00, 0x00, 0x00, 0x00, 0x0e,
    0x00, 0x00, 0x00, 0x00, 0x00, 0x0e, 0x00, 0x00, 0x00, 0x00, 0x00, 0x0e, 0x00, 0x00, 0x00, 0x00,
    0x00, 0xfe, 0xff, 0xff, 0x1f, 0x00, 0x00, 0xfe, 0xff, 0xff, 0x1f, 0x00, 0x00, 0xfe, 0xff, 0xff,
    0x1f, 0x00, 0x00, 0xfe, 0xff, 0xff, 0xff, 0x0f, 0x00, 0x0e, 0x00, 0x00, 0xfc, 0x0f, 0x00, 0x0e,
    0x00, 0x00, 0xfc, 0x0f, 0x00, 0x0e, 0x00, 0x00, 0xfc, 0x0f, 0x00, 0x0e, 0x00, 0x00, 0x00, 0x00,
    0x00, 0x0e, 0x00, 0x00, 0x00, 0x00, 0x00, 0x0e, 0x00, 0x00, 0x00, 0x00, 0x00, 0x0e, 0x00, 0x00,
    0x00, 0x00, 0x00, 0x0e, 0x00, 0x00, 0x00, 0x00, 0x00, 0x0e, 0x00, 0x00, 0x00, 0x00, 0x00, 0x00,
    0x00, 0x00, 0x00, 0x00, 0x00, 0x00, 0x00, 0x00, 0x00, 0x00, 0x00, 0x00, 0x00, 0x00, 0x00, 0x00,
    0x00, 0x00, 0x00, 0x00, 0x00, 0x00, 0x00, 0x00, 0x00, 0x00, 0x00, 0x00, 0x00, 0x00, 0x00, 0x00,
    0x00, 0x00, 0x00, 0x00, 0x00, 0x00, 0x00, 0x00, 0x00, 0x00, 0x00, 0x00, 0x00, 0x00, 0x00, 0x00,
    0x00, 0x00, 0x00, 0x00, 0x00, 0x00, 0x00, 0x00, 0x00, 0x00, 0x00, 0x00, 0x00, 0x00, 0x00, 0x00,
    0x00, 0x00, 0x00, 0x00, 0x00, 0x00, 0x00, 0x00, 0x00, 0x00, 0x00, 0x00, 0x00, 0x00, 0x00, 0x00,
    0x00, 0x00, 0x00, 0x00, 0x00, 0x00, 0x00, 0x00, 0x00, 0x00, 0x00, 0x00, 0x00, 0x00, 0x00, 0x00,
    0x00, 0x00, 0x00, 0x00, 0x00, 0x00, 0x00, 0x00, 0x00, 0x00, 0x00, 0x00, 0x00, 0x00, 0x00, 0x00,
    0x00, 0x00, 0x00, 0x00, 0x00, 0x00, 0x00, 0x00, 0x00, 0x00, 0x00, 0x00, 0x00, 0x00, 0x00, 0x00,
    0x00, 0x00, 0x00, 0x00, 0x00, 0x00, 0x00, 0x00, 0x00, 0x00, 0x00, 0x00, 0x00, 0x00, 0x00, 0x00,
    0x00, 0x00, 0x00, 0x00, 0x00, 0x00, 0x00, 0x00, 0x00, 0x00, 0x00, 0x00, 0x00, 0x00, 0x00, 0x00,
    0x00, 0x00, 0x00, 0x00, 0x00, 0x00, 0x00, 0x00, 0x00, 0x00, 0x00, 0x00, 0x00, 0x00, 0x00, 0x00,
    0x00, 0x00, 0x00, 0x00, 0x07, 0x00, 0x00, 0x00, 0x00, 0x00, 0x07, 0x00, 0x00, 0x00, 0x00, 0x00,
    0x07, 0x00, 0x00, 0x00, 0x00, 0x00, 0x07, 0x00, 0x00, 0x00, 0x00, 0x00, 0x07, 0x00, 0x00, 0x00,
    0x00, 0x00, 0x07, 0x00, 0x00, 0x00, 0x00, 0x00, 0x07, 0x00, 0x00, 0x00, 0x00, 0x00, 0xff, 0xff,
    0x1f, 0x00, 0x00, 0x00, 0xff, 0xff, 0x1f, 0x00, 0x00, 0x00, 0xff, 0xff, 0x1f, 0x00, 0x00, 0x00,
    0x07, 0x00, 0xfc, 0x0f, 0x00, 0x00, 0x07, 0x00, 0xfc, 0x0f, 0x00, 0x00, 0x07, 0x00, 0xfc, 0x0f,
    0x00, 0x00, 0x07, 0x00, 0xfc, 0x0f, 0x00, 0x00, 0x07, 0x00, 0x00, 0x00, 0x00, 0x00, 0x07, 0x00,
    0x00, 0x00, 0x00, 0x00, 0x07, 0x00, 0x00, 0x00, 0x00, 0x00, 0x00, 0x00, 0x00, 0x00, 0x00, 0x00,
    0x00, 0x00, 0x00, 0x00, 0x00, 0x00, 0x00, 0x00, 0x00, 0x00, 0x00, 0x00, 0x00, 0x00, 0x00, 0x00,
    0x00, 0x00, 0x00, 0x00, 0x00, 0x00, 0x00, 0x00, 0x00, 0x00, 0x00, 0x00, 0x00, 0x00, 0x00, 0x00,
    0x00, 0x00, 0x00, 0x00, 0x00, 0x00, 0x00, 0x00, 0x00, 0x00, 0x00, 0x00, 0x00, 0x00, 0x00, 0x00,
    0x00, 0x00, 0x00, 0x00, 0x00, 0x00, 0x00, 0x00, 0x00, 0x00, 0x00, 0x00, 0x00, 0x00, 0x00, 0x00,
    0x00, 0x00, 0x00, 0x00, 0x00, 0x00, 0x00, 0x00, 0x00, 0x00, 0x00, 0x00, 0x00, 0x00, 0x00, 0x00,
    0x00, 0x00, 0x00, 0x00, 0x00, 0x00, 0x00, 0x00, 0x00, 0x00, 0x00, 0x00, 0x00, 0x00, 0x00, 0x00,
    0x00, 0x00, 0x00, 0x00, 0x00, 0x00, 0x00, 0x00, 0x00, 0x00, 0x00, 0x00, 0x00, 0x00, 0x00, 0x00,
    0x00, 0x00, 0x00, 0x00, 0x00, 0x00, 0x00, 0x00, 0x00, 0x00, 0x00, 0x00, 0x00, 0x00, 0x00, 0x00,
    0x00, 0x00, 0x00, 0x00, 0x00, 0x00, 0x00, 0x00, 0x00, 0x00, 0x00, 0x00, 0x00, 0x00, 0x00, 0x00,
    0x00, 0x00, 0x00, 0x00, 0x00, 0x00, 0x00, 0x00, 0x00, 0x00, 0x00, 0x00, 0x00, 0x00, 0x00, 0x00,
    0x00, 0x00, 0x00, 0x00, 0x00, 0x00, 0x00, 0x00, 0x00, 0x00, 0x00, 0x00, 0x00, 0x06, 0x00, 0x00,
    0x00, 0x00, 0x00, 0x1e, 0x00, 0x00, 0x00, 0x00, 0x00, 0x7e, 0x00, 0x00, 0x00, 0x00, 0x00, 0xfe,
    0x01, 0x00, 0x00, 0x00, 0x00, 0xf8, 0x03, 0x00, 0x00, 0x00, 0x00, 0xe0, 0x0f, 0x00, 0x00, 0x00,
    0x00, 0xc0, 0x3f, 0x00, 0x00, 0x00, 0x00, 0x00, 0xff, 0x00, 0x00, 0x00, 0x00, 0x00, 0xfc, 0x01,
    0x00, 0x00, 0x00, 0x00, 0xf0, 0xff, 0x1f, 0x00, 0x00, 0x00, 0xc0, 0xff, 0x1f, 0x00, 0x00, 0x00,
    0xc0, 0xff, 0x1f, 0x00, 0x00, 0x00, 0xf0, 0xff, 0x1f, 0x00, 0x00, 0x00, 0xfc, 0x01, 0x00, 0x00,
    0x00, 0x00, 0xff, 0x00, 0x00, 0x00, 0x00, 0xc0, 0x3f, 0x00, 0x00, 0x00, 0x00, 0xe0, 0x0f, 0x00,
    0x00, 0x00, 0x00, 0xf8, 0x03, 0x00, 0x00, 0x00, 0x00, 0xfe, 0x00, 0x00, 0x00, 0x00, 0x00, 0x7e,
    0x00, 0x00, 0x00, 0x00, 0x00, 0x1e, 0x00, 0x00, 0x00, 0x00, 0x00, 0x06, 0x00, 0x00, 0x00, 0x00,
    0x00, 0x00, 0x00, 0x00, 0x00, 0x00, 0x00, 0x00, 0x00, 0x00, 0x00, 0x00, 0x00, 0x00, 0x00, 0x00,
    0x00, 0x00, 0x00, 0x00, 0x00, 0x00, 0x00, 0x00, 0x00, 0x00, 0x00, 0x00, 0x00, 0x00, 0x00, 0x00,
    0x00, 0x00, 0x00, 0x00, 0x00, 0x00, 0x00, 0x00, 0x00, 0x00, 0x00, 0x00, 0x00, 0x00, 0x00, 0x00,
    0x00, 0x00, 0x00, 0x00, 0x00, 0x00, 0x00, 0x00, 0x00, 0x00, 0x00, 0x00, 0x00, 0x00, 0x00, 0x00,
    0x00, 0x00, 0x00, 0x00, 0x00, 0x00, 0x00, 0x00, 0x00, 0x00, 0x00, 0x00, 0x00, 0x00, 0x00, 0x00,
    0x00, 0x00, 0x00, 0x00, 0x00, 0x00, 0x00, 0x00, 0x00, 0x00, 0x00, 0x00, 0x00, 0x00, 0x00, 0x00,
    0x00, 0x00, 0x00, 0x00, 0x00, 0x00, 0x00, 0x00, 0x00, 0x00, 0x00, 0x00, 0x00, 0x00, 0x00, 0x00,
    0x00, 0x00, 0x00, 0x00, 0x00, 0x00, 0x00, 0x00, 0x00, 0x00, 0x00, 0x00, 0x00, 0x00, 0x00, 0x00,
    0x00, 0x00, 0x00, 0x00, 0x00, 0x00, 0x00, 0x00, 0x00, 0x00, 0x00, 0x00, 0x00, 0x00, 0x00, 0x00,
    0x00, 0x00, 0x00, 0x00, 0x00, 0x00, 0x00, 0x00, 0x00, 0x00, 0x00, 0x00, 0x00, 0x00, 0x00, 0x00,
    0x00, 0x00, 0x00, 0x00, 0x00, 0x00, 0x00, 0x00, 0x00, 0x00, 0x00, 0x00, 0x00, 0x00, 0x00, 0x00,
    0x00, 0x00, 0x00, 0x00, 0x00, 0x00, 0x03, 0x00, 0x00, 0x00, 0x00, 0x00, 0x0f, 0x00, 0x00, 0x00,
    0x00, 0x00, 0x7f, 0x00, 0x00, 0x00, 0x00, 0x00, 0xff, 0x03, 0x00, 0x00, 0x00, 0x00, 0xfc, 0x0f,
    0x00, 0x00, 0x00, 0x00, 0xe0, 0x7f, 0x00, 0x00, 0x00, 0x00, 0x00, 0xff, 0x03, 0x00, 0x00, 0x00,
    0x00, 0xf8, 0xff, 0x1f, 0x00, 0x00, 0x00, 0xc0, 0xff, 0x1f, 0x00, 0x00, 0x00, 0x80, 0xff, 0x1f,
    0x00, 0x00, 0x00, 0xf0, 0xff, 0x1f, 0x00, 0x00, 0x00, 0xfe, 0x03, 0x00, 0x00, 0x00, 0xc0, 0xff,
    0x00, 0x00, 0x00, 0x00, 0xf8, 0x1f, 0x00, 0x00, 0x00, 0x00, 0xff, 0x03, 0x00, 0x00, 0x00, 0x00,
    0xff, 0x00, 0x00, 0x00, 0x00, 0x00, 0x1f, 0x00, 0x00, 0x00, 0x00, 0x00, 0x03, 0x00, 0x00, 0x00,
    0x00, 0x00, 0x00, 0x00, 0x00, 0x00, 0x00, 0x00, 0x00, 0x00, 0x00, 0x00, 0x00, 0x00, 0x00, 0x00,
    0x00, 0x00, 0x00, 0x00, 0x00, 0x00, 0x00, 0x00, 0x00, 0x00, 0x00, 0x00, 0x00, 0x00, 0x00, 0x00,
    0x00, 0x00, 0x00, 0x00, 0x00, 0x00, 0x00, 0x00, 0x00, 0x00, 0x00, 0x00, 0x00, 0x00, 0x00, 0x00,
    0x00, 0x00, 0x00, 0x00, 0x00, 0x00, 0x00, 0x00, 0x00, 0x00, 0x00, 0x00, 0x00, 0x00, 0x00, 0x00,
    0x00, 0x00, 0x00, 0x00, 0x00, 0x00, 0x00, 0x00, 0x00, 0x00, 0x00, 0x00, 0x00, 0x00, 0x00, 0x00,
    0x00, 0x00, 0x00, 0x00, 0x00, 0x00, 0x00, 0x00, 0x00, 0x00, 0x00, 0x00, 0x00, 0x00, 0x00, 0x00,
    0x00, 0x00, 0x00, 0x00, 0x00, 0x00, 0x00, 0x00, 0x00, 0x00, 0x00, 0x00, 0x00, 0x00, 0x00, 0x00,
    0x00, 0x00, 0x00, 0x00, 0x00, 0x00, 0x00, 0x00, 0x00, 0x00, 0x00, 0x00, 0x00, 0x00, 0x00, 0x00,
    0x00, 0x00, 0x00, 0x00, 0x00, 0x00, 0x00, 0x00, 0x00, 0x00, 0x00, 0x00, 0x00, 0x00, 0x00, 0x00,
    0x00, 0x00, 0x00, 0x00, 0x00, 0x00, 0x00, 0x00, 0x00, 0x00, 0x00, 0x00, 0x00, 0x00, 0x00, 0x00,
    0x00, 0x00, 0x00, 0x00, 0x00, 0x00, 0x00, 0x00, 0x00, 0x00, 0x00, 0x00, 0x00, 0x00, 0x00, 0x00,
    0x00, 0x00, 0x00, 0x00, 0x00, 0x06, 0x00, 0x00, 0x00, 0x00, 0x00, 0x1e, 0x00, 0x00, 0x00, 0x00,
    0x00, 0x7e, 0x00, 0x00, 0x00, 0x00, 0x00, 0xfe, 0x01, 0x00, 0x00, 0x00, 0x00, 0xf8, 0x03, 0x00,
    0x00, 0x00, 0x00, 0xe0, 0x0f, 0x07, 0x00, 0x00, 0x00, 0xc0, 0x3f, 0x07, 0x00, 0x00, 0x00, 0x00,
    0xff, 0x07, 0x00, 0x00, 0x00, 0x00, 0xfc, 0x07, 0x00, 0x00, 0x00, 0x00, 0xf0, 0xff, 0x1f, 0x00,
    0x00, 0x00, 0xc0, 0xff, 0x1f, 0x00, 0x00, 0x00, 0xc0, 0xff, 0x1f, 0x00, 0x00, 0x00, 0xf0, 0xff,
    0x1f, 0x00, 0x00, 0x00, 0xfc, 0x07, 0x00, 0x00, 0x00, 0x00, 0xff, 0x07, 0x00, 0x00, 0x00, 0xc0,
    0x3f, 0x07, 0x00, 0x00, 0x00, 0xe0, 0x0f, 0x07, 0x00, 0x00, 0x00, 0xf8, 0x03, 0x00, 0x00, 0x00,
    0x00, 0xfe, 0x00, 0x00, 0x00, 0x00, 0x00, 0x7e, 0x00, 0x00, 0x00, 0x00, 0x00, 0x1e, 0x00, 0x00,
    0x00, 0x00, 0x00, 0x06, 0x00, 0x00, 0x00, 0x00, 0x00, 0x00, 0x00, 0x00, 0x00, 0x00, 0x00, 0x00,
    0x00, 0x00, 0x00, 0x00, 0x00, 0x00, 0x00, 0x00, 0x00, 0x00, 0x00, 0x00, 0x00, 0x00, 0x00, 0x00,
    0x00, 0x00, 0x00, 0x00, 0x00, 0x00, 0x00, 0x00, 0x00, 0x00, 0x00, 0x00, 0x00, 0x00, 0x00, 0x00,
    0x00, 0x00, 0x00, 0x00, 0x00, 0x00, 0x00, 0x00, 0x00, 0x00, 0x00, 0x00, 0x00, 0x00, 0x00, 0x00,
    0x00, 0x00, 0x00, 0x00, 0x00, 0x00, 0x00, 0x00, 0x00, 0x00, 0x00, 0x00, 0x00, 0x00, 0x00, 0x00,
    0x00, 0x00, 0x00, 0x00, 0x00, 0x00, 0x00, 0x00, 0x00, 0x00, 0x00, 0x00, 0x00, 0x00, 0x00, 0x00,
    0x00, 0x00, 0x00, 0x00, 0x00, 0x00, 0x00, 0x00, 0x00, 0x00, 0x00, 0x00, 0x00, 0x00, 0x00, 0x00,
    0x00, 0x00, 0x00, 0x00, 0x00, 0x00, 0x00, 0x00, 0x00, 0x00, 0x00, 0x00, 0x00, 0x00, 0x00, 0x00,
    0x00, 0x00, 0x00, 0x00, 0x00, 0x00, 0x00, 0x00, 0x00, 0x00, 0x00, 0x00, 0x00, 0x00, 0x00, 0x00,
    0x00, 0x00, 0x00, 0x00, 0x00, 0x00, 0x00, 0x00, 0x00, 0x00, 0x00, 0x00, 0x00, 0x00, 0x00, 0x00,
    0x00, 0x00, 0x00, 0x00, 0x00, 0x00, 0x00, 0x00, 0x00, 0x00, 0x00, 0x00, 0x00, 0x00, 0x00, 0x00,
    0x00, 0x00, 0x00, 0x00, 0x00, 0x00, 0x00, 0x00, 0x00, 0x00, 0x00, 0x00, 0x00, 0x00, 0x03, 0x00,
    0x00, 0x00, 0x00, 0x00, 0x0f, 0x00, 0x00, 0x00, 0x00, 0x00, 0x7f, 0x00, 0x00, 0x00, 0x00, 0x00,
    0xff, 0x03, 0x1c, 0x00, 0x00, 0x00, 0xfc, 0x0f, 0x1c, 0x00, 0x00, 0x00, 0xe0, 0x7f, 0x1c, 0x00,
    0x00, 0x00, 0x00, 0xff, 0x1f, 0x00, 0x00, 0x00, 0x00, 0xf8, 0xff, 0x1f, 0x00, 0x00, 0x00, 0xc0,
    0xff, 0x1f, 0x00, 0x00, 0x00, 0x80, 0xff, 0x1f, 0x00, 0x00, 0x00, 0xf0, 0xff, 0x1f, 0x00, 0x00,
    0x00, 0xfe, 0x1f, 0x00, 0x00, 0x00, 0xc0, 0xff, 0x1c, 0x00, 0x00, 0x00, 0xf8, 0x1f, 0x1c, 0x00,
    0x00, 0x00, 0xff, 0x07, 0x1c, 0x00, 0x00, 0x00, 0xff, 0x00, 0x00, 0x00, 0x00, 0x00, 0x1f, 0x00,
    0x00, 0x00, 0x00, 0x00, 0x03, 0x00, 0x00, 0x00, 0x00, 0x00, 0x00, 0x00, 0x00, 0x00, 0x00, 0x00,
    0x00, 0x00, 0x00, 0x00, 0x00, 0x00, 0x00, 0x00, 0x00, 0x00, 0x00, 0x00, 0x00, 0x00, 0x00, 0x00,
    0x00, 0x00, 0x00, 0x00, 0x00, 0x00, 0x00, 0x00, 0x00, 0x00, 0x00, 0x00, 0x00, 0x00, 0x00, 0x00,
    0x00, 0x00, 0x00, 0x00, 0x00, 0x00, 0x00, 0x00, 0x00, 0x00, 0x00, 0x00, 0x00, 0x00, 0x00, 0x00,
    0x00, 0x00, 0x00, 0x00, 0x00, 0x00, 0x00, 0x00, 0x00, 0x00, 0x00, 0x00, 0x00, 0x00, 0x00, 0x00,
    0x00, 0x00, 0x00, 0x00, 0x00, 0x00, 0x00, 0x00, 0x00, 0x00, 0x00, 0x00, 0x00, 0x00, 0x00, 0x00,
    0x00, 0x00, 0x00, 0x00, 0x00, 0x00, 0x00, 0x00, 0x00, 0x00, 0x00, 0x00, 0x00, 0x00, 0x00, 0x00,
    0x00, 0x00, 0x00, 0x00, 0x00, 0x00, 0x00, 0x00, 0x00, 0x00, 0x00, 0x00, 0x00, 0x00, 0x00, 0x00,
    0x00, 0x00, 0x00, 0x00, 0x00, 0x00, 0x00, 0x00, 0x00, 0x00, 0x00, 0x00, 0x00, 0x00, 0x00, 0x00,
    0x00, 0x00, 0x00, 0x00, 0x00, 0x00, 0x00, 0x00, 0x00, 0x00, 0x00, 0x00, 0x00, 0x00, 0x00, 0x00,
    0x00, 0x00, 0x00, 0x00, 0x00, 0x00, 0x00, 0x00, 0x00, 0x00, 0x00, 0x00, 0x00, 0x00, 0x00, 0x00,
    0x00, 0x00, 0x00, 0x00, 0x00, 0x00, 0x00, 0x00, 0x00, 0x00, 0x00, 0x00, 0x00, 0x00, 0x00, 0x00,
    0x10, 0x00, 0x00, 0x06, 0x00, 0x00, 0x18, 0x00, 0x00, 0x0e, 0x00, 0x00, 0x1e, 0x00, 0x00, 0x3e,
    0x00, 0x00, 0x1f, 0x00, 0x00, 0x7e, 0x00, 0xc0, 0x1f, 0x00, 0x00, 0xfc, 0x01, 0xe0, 0x0f, 0x00,
    0x00, 0xf0, 0x07, 0xf8, 0x03, 0x00, 0x00, 0xe0, 0x0f, 0xfc, 0x00, 0x00, 0x00, 0x80, 0x3f, 0x7f,
    0x00, 0x00, 0x00, 0x00, 0xff, 0x1f, 0x00, 0x00, 0x00, 0x00, 0xfc, 0x0f, 0x00, 0x00, 0x00, 0x00,
    0xf0, 0x03, 0x00, 0x00, 0x00, 0x00, 0xfc, 0x0f, 0x00, 0x00, 0x00, 0x00, 0xfe, 0x1f, 0x00, 0x00,
    0x00, 0x80, 0x3f, 0x7f, 0x00, 0x00, 0x00, 0xc0, 0x0f, 0xfe, 0x00, 0x00, 0x00, 0xf0, 0x07, 0xf8,
    0x03, 0x00, 0x00, 0xfc, 0x01, 0xf0, 0x07, 0x00, 0x00, 0xfe, 0x00, 0xc0, 0x1f, 0x00, 0x00, 0x3e,
    0x00, 0x00, 0x1f, 0x00, 0x00, 0x1e, 0x00, 0x00, 0xfe, 0x0f, 0x00, 0x06, 0x00, 0x00, 0xfc, 0x0f,
    0x00, 0x02, 0x00, 0x00, 0xfc, 0x0f, 0x00, 0x00, 0x00, 0x00, 0xfc, 0x0f, 0x00, 0x00, 0x00, 0x00,
    0x00, 0x00, 0x00, 0x00, 0x00, 0x00, 0x00, 0x00, 0x00, 0x00, 0x00, 0x00, 0x00, 0x00, 0x00, 0x00,
    0x00, 0x00, 0x00, 0x00, 0x00, 0x00, 0x00, 0x00, 0x00, 0x00, 0x00, 0x00, 0x00, 0x00, 0x00, 0x00,
    0x00, 0x00, 0x00, 0x00, 0x00, 0x00, 0x00, 0x00, 0x00, 0x00, 0x00, 0x00, 0x00, 0x00, 0x00, 0x00,
    0x00, 0x00, 0x00, 0x00, 0x00, 0x00, 0x00, 0x00, 0x00, 0x00, 0x00, 0x00, 0x00, 0x00, 0x00, 0x00,
    0x00, 0x00, 0x00, 0x00, 0x00, 0x00, 0x00, 0x00, 0x00, 0x00, 0x00, 0x00, 0x00, 0x00, 0x00, 0x00,
    0x00, 0x00, 0x00, 0x00, 0x00, 0x00, 0x00, 0x00, 0x00, 0x00, 0x00, 0x00, 0x00, 0x00, 0x00, 0x00,
    0x00, 0x00, 0x00, 0x00, 0x00, 0x00, 0x00, 0x00, 0x00, 0x00, 0x00, 0x00, 0x00, 0x00, 0x00, 0x00,
    0x00, 0x00, 0x00, 0x00, 0x00, 0x00, 0x00, 0x00, 0x00, 0x00, 0x00, 0x00, 0x00, 0x00, 0x00, 0x00,
    0x00, 0x00, 0x00, 0x00, 0x00, 0x00, 0x00, 0x00, 0x00, 0x00, 0x00, 0x00, 0x00, 0x00, 0x00, 0x00,
    0x00, 0x00, 0x00, 0x00, 0x00, 0x00, 0x00, 0x00, 0x00, 0x00, 0x00, 0x00, 0x00, 0x00, 0x00, 0x00,
    0x00, 0x00, 0x00, 0x00, 0x00, 0x00, 0x00, 0x00, 0x00, 0x00, 0x00, 0x00, 0x00, 0x00, 0x00, 0x00,
    0x00, 0x00, 0x01, 0x00, 0x10, 0x00, 0x00, 0x00, 0x03, 0x00, 0x1c, 0x00, 0x00, 0x00, 0x0f, 0x00,
    0x1e, 0x00, 0x00, 0x00, 0x1f, 0x80, 0x1f, 0x00, 0x00, 0x00, 0x7f, 0xc0, 0x0f, 0x00, 0x00, 0x00,
    0xfc, 0xf0, 0x07, 0x00, 0x00, 0x00, 0xf0, 0xfb, 0x01, 0x00, 0x00, 0x00, 0xe0, 0x7f, 0x00, 0x00,
    0x00, 0x00, 0x80, 0x3f, 0x00, 0x00, 0x00, 0x00, 0x80, 0x3f, 0x00, 0x00, 0x00, 0x00, 0xe0, 0xff,
    0x00, 0x00, 0x00, 0x00, 0xf8, 0xf9, 0x01, 0x00, 0x00, 0x00, 0xfc, 0xe0, 0x07, 0x00, 0x00, 0x00,
    0x3f, 0xc0, 0x1f, 0x00, 0x00, 0x00, 0x1f, 0x00, 0x1f, 0x00, 0x00, 0x00, 0x07, 0x00, 0xfe, 0x0f,
    0x00, 0x00, 0x03, 0x00, 0xfc, 0x0f, 0x00, 0x00, 0x00, 0x00, 0xfc, 0x0f, 0x00, 0x00, 0x00, 0x00,
    0xfc, 0x0f, 0x00, 0x00, 0x00, 0x00, 0x00, 0x00, 0x00, 0x00, 0x00, 0x00, 0x00, 0x00, 0x00, 0x00,
    0x00, 0x00, 0x00, 0x00, 0x00, 0x00, 0x00, 0x00, 0x00, 0x00, 0x00, 0x00, 0x00, 0x00, 0x00, 0x00,
    0x00, 0x00, 0x00, 0x00, 0x00, 0x00, 0x00, 0x00, 0x00, 0x00, 0x00, 0x00, 0x00, 0x00, 0x00, 0x00,
    0x00, 0x00, 0x00, 0x00, 0x00, 0x00, 0x00, 0x00, 0x00, 0x00, 0x00, 0x00, 0x00, 0x00, 0x00, 0x00,
    0x00, 0x00, 0x00, 0x00, 0x00, 0x00, 0x00, 0x00, 0x00, 0x00, 0x00, 0x00, 0x00, 0x00, 0x00, 0x00,
    0x00, 0x00, 0x00, 0x00, 0x00, 0x00, 0x00, 0x00, 0x00, 0x00, 0x00, 0x00, 0x00, 0x00, 0x00, 0x00,
    0x00, 0x00, 0x00, 0x00, 0x00, 0x00, 0x00, 0x00, 0x00, 0x00, 0x00, 0x00, 0x00, 0x00, 0x00, 0x00,
    0x00, 0x00, 0x00, 0x00, 0x00, 0x00, 0x00, 0x00, 0x00, 0x00, 0x00, 0x00, 0x00, 0x00, 0x00, 0x00,
    0x00, 0x00, 0x00, 0x00, 0x00, 0x00, 0x00, 0x00, 0x00, 0x00, 0x00, 0x00, 0x00, 0x00, 0x00, 0x00,
    0x00, 0x00, 0x00, 0x00, 0x00, 0x00, 0x00, 0x00, 0x00, 0x00, 0x00, 0x00, 0x00, 0x00, 0x00, 0x00,
    0x00, 0x00, 0x00, 0x00, 0x00, 0x00, 0x00, 0x00, 0x00, 0x00, 0x00, 0x00, 0x00, 0x00, 0x00, 0x00,
    0x00, 0x00, 0x00, 0x00, 0x00, 0x00, 0x00, 0x0e, 0x00, 0x00, 0x00, 0x00, 0x00, 0x0e, 0x00, 0x00,
    0x00, 0x00, 0x00, 0x0e, 0x00, 0x00, 0x00, 0x00, 0x00, 0x0e, 0x00, 0x00, 0x00, 0x00, 0x00, 0x0e,
    0x00, 0x00, 0x00, 0x00, 0x00, 0x0e, 0x00, 0x00, 0x00, 0x00, 0x00, 0x0e, 0x00, 0x00, 0x00, 0x00,
    0x00, 0xfe, 0xff, 0xff, 0x1f, 0x00, 0x00, 0xfe, 0xff, 0xff, 0x1f, 0x00, 0x00, 0xfe, 0xff, 0xff,
    0x1f, 0x00, 0x00, 0xfe, 0xff, 0xff, 0x1f, 0x00, 0x00, 0x0e, 0x00, 0x00, 0x1c, 0x00, 0x00, 0x0e,
    0x00, 0x00, 0x1c, 0x00, 0x00, 0x0e, 0x00, 0x00, 0x1c, 0x00, 0x00, 0x0e, 0x00, 0x00, 0x1c, 0x00,
    0x00, 0x0e, 0x00, 0x00, 0x1c, 0x00, 0x00, 0x0e, 0x00, 0x00, 0x1c, 0x00, 0x00, 0x0e, 0x00, 0x00,
    0x1c, 0x00, 0x00, 0x0e, 0x00, 0x00, 0x1c, 0x00, 0x00, 0x00, 0x00, 0x00, 0x1c, 0x00, 0x00, 0x00,
    0x00, 0x00, 0x1c, 0x00, 0x00, 0x00, 0x00, 0x00, 0x1c, 0x00, 0x00, 0x00, 0x00, 0x00, 0x1c, 0x00,
    0x00, 0x00, 0x00, 0x00, 0x1c, 0x00, 0x00, 0x00, 0x00, 0x00, 0x1c, 0x00, 0x00, 0xfe, 0xff, 0xff,
    0x1f, 0x00, 0x00, 0xfe, 0xff, 0xff, 0x1f, 0x00, 0x00, 0xfe, 0xff, 0xff, 0x1f, 0x00, 0x00, 0xfe,
    0xff, 0xff, 0xff, 0x0f, 0x00, 0x00, 0x00, 0x00, 0xfc, 0x0f, 0x00, 0x00, 0x00, 0x00, 0xfc, 0x0f,
    0x00, 0x00, 0x00, 0x00, 0xfc, 0x0f, 0x00, 0x00, 0x00, 0x00, 0x00, 0x00, 0x00, 0x00, 0x00, 0x00,
    0x00, 0x00, 0x00, 0x00, 0x00, 0x00, 0x00, 0x00, 0x00, 0x00, 0x00, 0x00, 0x00, 0x00, 0x00, 0x00,
    0x00, 0x00, 0x00, 0x00, 0x00, 0x00, 0x00, 0x00, 0x00, 0x00, 0x00, 0x00, 0x00, 0x00, 0x00, 0x00,
    0x00, 0x00, 0x00, 0x00, 0x00, 0x00, 0x00, 0x00, 0x00, 0x00, 0x00, 0x00, 0x00, 0x00, 0x00, 0x00,
    0x00, 0x00, 0x00, 0x00, 0x00, 0x00, 0x00, 0x00, 0x00, 0x00, 0x00, 0x00, 0x00, 0x00, 0x00, 0x00,
    0x00, 0x00, 0x00, 0x00, 0x00, 0x00, 0x00, 0x00, 0x00, 0x00, 0x00, 0x00, 0x00, 0x00, 0x00, 0x00,
    0x00, 0x00, 0x00, 0x00, 0x00, 0x00, 0x00, 0x00, 0x00, 0x00, 0x00, 0x00, 0x00, 0x00, 0x00, 0x00,
    0x00, 0x00, 0x00, 0x00, 0x00, 0x00, 0x00, 0x00, 0x00, 0x00, 0x00, 0x00, 0x00, 0x00, 0x00, 0x00,
    0x00, 0x00, 0x00, 0x00, 0x00, 0x00, 0x00, 0x00, 0x00, 0x00, 0x00, 0x00, 0x00, 0x00, 0x00, 0x00,
    0x00, 0x00, 0x00, 0x00, 0x00, 0x00, 0x00, 0x00, 0x00, 0x00, 0x00, 0x00, 0x00, 0x00, 0x00, 0x00,
    0x00, 0x00, 0x00, 0x00, 0x00, 0x00, 0x00, 0x00, 0x00, 0x00, 0x00, 0x00, 0x00, 0x00, 0x00, 0x00,
    0x00, 0x00, 0x00, 0x00, 0x00, 0x00, 0x00, 0x00, 0x00, 0x00, 0x00, 0x00, 0x07, 0x00, 0x00, 0x00,
    0x00, 0x00, 0x07, 0x00, 0x00, 0x00, 0x00, 0x00, 0x07, 0x00, 0x00, 0x00, 0x00, 0x00, 0x07, 0x00,
    0x00, 0x00, 0x00, 0x00, 0x07, 0x00, 0x00, 0x00, 0x00, 0x00, 0xff, 0xff, 0x1f, 0x00, 0x00, 0x00,
    0xff, 0xff, 0x1f, 0x00, 0x00, 0x00, 0xff, 0xff, 0x1f, 0x00, 0x00, 0x00, 0xff, 0xff, 0x1f, 0x00,
    0x00, 0x00, 0x07, 0x00, 0x1c, 0x00, 0x00, 0x00, 0x07, 0x00, 0x1c, 0x00, 0x00, 0x00, 0x07, 0x00,
    0x1c, 0x00, 0x00, 0x00, 0x07, 0x00, 0x1c, 0x00, 0x00, 0x00, 0x00, 0x00, 0x1c, 0x00, 0x00, 0x00,
    0x00, 0x00, 0x1c, 0x00, 0x00, 0x00, 0x00, 0x00, 0x1c, 0x00, 0x00, 0x00, 0x00, 0x00, 0x1c, 0x00,
    0x00, 0x00, 0x00, 0x00, 0x1c, 0x00, 0x00, 0x00, 0xff, 0xff, 0x1f, 0x00, 0x00, 0x00, 0xff, 0xff,
    0x1f, 0x00, 0x00, 0x00, 0xff, 0xff, 0x1f, 0x00, 0x00, 0x00, 0xff, 0xff, 0xff, 0x07, 0x00, 0x00,
    0x00, 0x00, 0xfc, 0x07, 0x00, 0x00, 0x00, 0x00, 0xfc, 0x07, 0x00, 0x00, 0x00, 0x00, 0x00, 0x00,
    0x00, 0x00, 0x00, 0x00, 0x00, 0x00, 0x00, 0x00, 0x00, 0x00, 0x00, 0x00, 0x00, 0x00, 0x00, 0x00,
    0x00, 0x00, 0x00, 0x00, 0x00, 0x00, 0x00, 0x00, 0x00, 0x00, 0x00, 0x00, 0x00, 0x00, 0x00, 0x00,
    0x00, 0x00, 0x00, 0x00, 0x00, 0x00, 0x00, 0x00, 0x00, 0x00, 0x00, 0x00, 0x00, 0x00, 0x00, 0x00,
    0x00, 0x00, 0x00, 0x00, 0x00, 0x00, 0x00, 0x00, 0x00, 0x00, 0x00, 0x00, 0x00, 0x00, 0x00, 0x00,
    0x00, 0x00, 0x00, 0x00, 0x00, 0x00, 0x00, 0x00, 0x00, 0x00, 0x00, 0x00, 0x00, 0x00, 0x00, 0x00,
    0x00, 0x00, 0x00, 0x00, 0x00, 0x00, 0x00, 0x00, 0x00, 0x00, 0x00, 0x00, 0x00, 0x00, 0x00, 0x00,
    0x00, 0x00, 0x00, 0x00, 0x00, 0x00, 0x00, 0x00, 0x00, 0x00, 0x00, 0x00, 0x00, 0x00, 0x00, 0x00,
    0x00, 0x00, 0x00, 0x00, 0x00, 0x00, 0x00, 0x00, 0x00, 0x00, 0x00, 0x00, 0x00, 0x00, 0x00, 0x00,
    0x00, 0x00, 0x00, 0x00, 0x00, 0x00, 0x00, 0x00, 0x00, 0x00, 0x00, 0x00, 0x00, 0x00, 0x00, 0x00,
    0x00, 0x00, 0x00, 0x00, 0x00, 0x00, 0x00, 0x00, 0x00, 0x00, 0x00, 0x00, 0x00, 0x00, 0x00, 0x00,
    0x00, 0x00, 0x00, 0x00, 0x00, 0x00, 0x00, 0x00, 0x00, 0x00, 0x00, 0x00, 0x00, 0x00, 0x00, 0x00,
    0x00, 0x00, 0x00, 0x00, 0x00, 0x00, 0x00, 0x00, 0x00, 0x00, 0x00, 0xfe, 0x1f, 0x00, 0x00, 0x00,
    0x00, 0xfe, 0x7f, 0x00, 0x00, 0x00, 0x00, 0xfe, 0xff, 0x00, 0x00, 0x00, 0x00, 0xfe, 0xff, 0x01,
    0x00, 0x00, 0x00, 0x00, 0xe0, 0x01, 0x00, 0x00, 0x00, 0x00, 0xc0, 0x03, 0x00, 0x00, 0x00, 0x00,
    0xc0, 0x03, 0x00, 0x00, 0x00, 0x00, 0x80, 0x03, 0x00, 0x00, 0x00, 0x00, 0x80, 0x03, 0x00, 0x00,
    0x00, 0x00, 0x80, 0x03, 0x00, 0x00, 0x00, 0x00, 0x80, 0x03, 0x00, 0x00, 0x00, 0x00, 0x80, 0x03,
    0x00, 0x00, 0x00, 0x00, 0x80, 0x03, 0x00, 0x00, 0x00, 0x00, 0x80, 0x03, 0x00, 0x00, 0x00, 0x00,
    0xc0, 0x03, 0x00, 0x00, 0x00, 0x00, 0xc0, 0x01, 0x00, 0x00, 0x00, 0x00, 0xc0, 0x01, 0x00, 0x00,
    0x00, 0xfe, 0xff, 0xff, 0x1f, 0x00, 0x00, 0xfe, 0xff, 0xff, 0x1f, 0x00, 0x00, 0xfe, 0xff, 0xff,
    0x1f, 0x00, 0x00, 0xfe, 0xff, 0xff, 0xff, 0x0f, 0x00, 0x00, 0x00, 0x00, 0xfc, 0x0f, 0x00, 0x00,
    0x00, 0x00, 0xfc, 0x0f, 0x00, 0x00, 0x00, 0x00, 0xfc, 0x0f, 0x00, 0x00, 0x00, 0x00, 0x00, 0x00,
    0x00, 0x00, 0x00, 0x00, 0x00, 0x00, 0x00, 0x00, 0x00, 0x00, 0x00, 0x00, 0x00, 0x00, 0x00, 0x00,
    0x00, 0x00, 0x00, 0x00, 0x00, 0x00, 0x00, 0x00, 0x00, 0x00, 0x00, 0x00, 0x00, 0x00, 0x00, 0x00,
    0x00, 0x00, 0x00, 0x00, 0x00, 0x00, 0x00, 0x00, 0x00, 0x00, 0x00, 0x00, 0x00, 0x00, 0x00, 0x00,
    0x00, 0x00, 0x00, 0x00, 0x00, 0x00, 0x00, 0x00, 0x00, 0x00, 0x00, 0x00, 0x00, 0x00, 0x00, 0x00,
    0x00, 0x00, 0x00, 0x00, 0x00, 0x00, 0x00, 0x00, 0x00, 0x00, 0x00, 0x00, 0x00, 0x00, 0x00, 0x00,
    0x00, 0x00, 0x00, 0x00, 0x00, 0x00, 0x00, 0x00, 0x00, 0x00, 0x00, 0x00, 0x00, 0x00, 0x00, 0x00,
    0x00, 0x00, 0x00, 0x00, 0x00, 0x00, 0x00, 0x00, 0x00, 0x00, 0x00, 0x00, 0x00, 0x00, 0x00, 0x00,
    0x00, 0x00, 0x00, 0x00, 0x00, 0x00, 0x00, 0x00, 0x00, 0x00, 0x00, 0x00, 0x00, 0x00, 0x00, 0x00,
    0x00, 0x00, 0x00, 0x00, 0x00, 0x00, 0x00, 0x00, 0x00, 0x00, 0x00, 0x00, 0x00, 0x00, 0x00, 0x00,
    0x00, 0x00, 0x00, 0x00, 0x00, 0x00, 0x00, 0x00, 0x00, 0x00, 0x00, 0x00, 0x00, 0x00, 0x00, 0x00,
    0x00, 0x00, 0x00, 0x00, 0x00, 0x00, 0x00, 0x00, 0x00, 0x00, 0x00, 0x00, 0x00, 0x00, 0x00, 0x00,
    0x00, 0x00, 0x00, 0x00, 0x00, 0x00, 0xff, 0x01, 0x00, 0x00, 0x00, 0x00, 0xff, 0x07, 0x00, 0x00,
    0x00, 0x00, 0xff, 0x0f, 0x00, 0x00, 0x00, 0x00, 0xff, 0x1f, 0x00, 0x00, 0x00, 0x00, 0x00, 0x1e,
    0x00, 0x00, 0x00, 0x00, 0x00, 0x3c, 0x00, 0x00, 0x00, 0x00, 0x00, 0x38, 0x00, 0x00, 0x00, 0x00,
    0x00, 0x38, 0x00, 0x00, 0x00, 0x00, 0x00, 0x38, 0x00, 0x00, 0x00, 0x00, 0x00, 0x38, 0x00, 0x00,
    0x00, 0x00, 0x00, 0x38, 0x00, 0x00, 0x00, 0x00, 0x00, 0x38, 0x00, 0x00, 0x00, 0x00, 0x00, 0x1c,
    0x00, 0x00, 0x00, 0x00, 0xff, 0xff, 0x1f, 0x00, 0x00, 0x00, 0xff, 0xff, 0x1f, 0x00, 0x00, 0x00,
    0xff, 0xff, 0x1f, 0x00, 0x00, 0x00, 0xff, 0xff, 0xff, 0x0f, 0x00, 0x00, 0x00, 0x00, 0xfc, 0x0f,
    0x00, 0x00, 0x00, 0x00, 0xfc, 0x0f, 0x00, 0x00, 0x00, 0x00, 0xfc, 0x0f, 0x00, 0x00, 0x00, 0x00,
    0x00, 0x00, 0x00, 0x00, 0x00, 0x00, 0x00, 0x00, 0x00, 0x00, 0x00, 0x00, 0x00, 0x00, 0x00, 0x00,
    0x00, 0x00, 0x00, 0x00, 0x00, 0x00, 0x00, 0x00, 0x00, 0x00, 0x00, 0x00, 0x00, 0x00, 0x00, 0x00,
    0x00, 0x00, 0x00, 0x00, 0x00, 0x00, 0x00, 0x00, 0x00, 0x00, 0x00, 0x00, 0x00, 0x00, 0x00, 0x00,
    0x00, 0x00, 0x00, 0x00, 0x00, 0x00, 0x00, 0x00, 0x00, 0x00, 0x00, 0x00, 0x00, 0x00, 0x00, 0x00,
    0x00, 0x00, 0x00, 0x00, 0x00, 0x00, 0x00, 0x00, 0x00, 0x00, 0x00, 0x00, 0x00, 0x00, 0x00, 0x00,
    0x00, 0x00, 0x00, 0x00, 0x00, 0x00, 0x00, 0x00, 0x00, 0x00, 0x00, 0x00, 0x00, 0x00, 0x00, 0x00,
    0x00, 0x00, 0x00, 0x00, 0x00, 0x00, 0x00, 0x00, 0x00, 0x00, 0x00, 0x00, 0x00, 0x00, 0x00, 0x00,
    0x00, 0x00, 0x00, 0x00, 0x00, 0x00, 0x00, 0x00, 0x00, 0x00, 0x00, 0x00, 0x00, 0x00, 0x00, 0x00,
    0x00, 0x00, 0x00, 0x00, 0x00, 0x00, 0x00, 0x00, 0x00, 0x00, 0x00, 0x00, 0x00, 0x00, 0x00, 0x00,
    0x00, 0x00, 0x00, 0x00, 0x00, 0x00, 0x00, 0x00, 0x00, 0x00, 0x00, 0x00, 0x00, 0x00, 0x00, 0x00,
    0x00, 0x00, 0x00, 0x00, 0x00, 0x00, 0x00, 0x00, 0x00, 0x00, 0x00, 0x00, 0x00, 0x00, 0x00, 0x00,
    0x00, 0x00, 0x00, 0x00, 0x00, 0x00, 0x00, 0x00, 0x00, 0x00, 0x00, 0x00, 0x00, 0xfe, 0x1f, 0x00,
    0x00, 0x00, 0x00, 0xfe, 0x7f, 0x00, 0x00, 0x00, 0x00, 0xfe, 0xff, 0x00, 0x00, 0x00, 0x00, 0xfe,
    0xff, 0x01, 0x00, 0x00, 0x00, 0x00, 0xe0, 0x01, 0x00, 0x00, 0x00, 0x00, 0xc0, 0x03, 0x00, 0x00,
    0x00, 0x00, 0xc0, 0x03, 0x00, 0x00, 0x00, 0x00, 0x80, 0x03, 0x00, 0x00, 0x00, 0x00, 0x80, 0x03,
    0x00, 0x00, 0x00, 0x00, 0x80, 0x03, 0x00, 0x00, 0x00, 0x00, 0xfe, 0x7f, 0x00, 0x00, 0x00, 0x00,
    0xfe, 0x7f, 0x00, 0x00, 0x00, 0x00, 0x80, 0x03, 0x00, 0x00, 0x00, 0x00, 0x80, 0x03, 0x00, 0x00,
    0x00, 0x00, 0xc0, 0x03, 0x00, 0x00, 0x00, 0x00, 0xc0, 0x01, 0x00, 0x00, 0x00, 0x00, 0xc0, 0x01,
    0x00, 0x00, 0x00, 0xfe, 0xff, 0xff, 0x1f, 0x00, 0x00, 0xfe, 0xff, 0xff, 0x1f, 0x00, 0x00, 0xfe,
    0xff, 0xff, 0x1f, 0x00, 0x00, 0xfe, 0xff, 0xff, 0x1f, 0x00, 0x00, 0x00, 0x00, 0x00, 0x00, 0x00,
    0x00, 0x00, 0x00, 0x00, 0x00, 0x00, 0x00, 0x00, 0x00, 0x00, 0x00, 0x00, 0x00, 0x00, 0x00, 0x00,
    0x00, 0x00, 0x00, 0x00, 0x00, 0x00, 0x00, 0x00, 0x00, 0x00, 0x00, 0x00, 0x00, 0x00, 0x00, 0x00,
    0x00, 0x00, 0x00, 0x00, 0x00, 0x00, 0x00, 0x00, 0x00, 0x00, 0x00, 0x00, 0x00, 0x00, 0x00, 0x00,
    0x00, 0x00, 0x00, 0x00, 0x00, 0x00, 0x00, 0x00, 0x00, 0x00, 0x00, 0x00, 0x00, 0x00, 0x00, 0x00,
    0x00, 0x00, 0x00, 0x00, 0x00, 0x00, 0x00, 0x00, 0x00, 0x00, 0x00, 0x00, 0x00, 0x00, 0x00, 0x00,
    0x00, 0x00, 0x00, 0x00, 0x00, 0x00, 0x00, 0x00, 0x00, 0x00, 0x00, 0x00, 0x00, 0x00, 0x00, 0x00,
    0x00, 0x00, 0x00, 0x00, 0x00, 0x00, 0x00, 0x00, 0x00, 0x00, 0x00, 0x00, 0x00, 0x00, 0x00, 0x00,
    0x00, 0x00, 0x00, 0x00, 0x00, 0x00, 0x00, 0x00, 0x00, 0x00, 0x00, 0x00, 0x00, 0x00, 0x00, 0x00,
    0x00, 0x00, 0x00, 0x00, 0x00, 0x00, 0x00, 0x00, 0x00, 0x00, 0x00, 0x00, 0x00, 0x00, 0x00, 0x00,
    0x00, 0x00, 0x00, 0x00, 0x00, 0x00, 0x00, 0x00, 0x00, 0x00, 0x00, 0x00, 0x00, 0x00, 0x00, 0x00,
    0x00, 0x00, 0x00, 0x00, 0x00, 0x00, 0x00, 0x00, 0x00, 0x00, 0x00, 0x00, 0x00, 0x00, 0x00, 0x00,
    0x00, 0x00, 0x00, 0x00, 0x00, 0x00, 0x00, 0x00, 0x00, 0x00, 0x00, 0x00, 0xff, 0x03, 0x00, 0x00,
    0x00, 0x00, 0xff, 0x0f, 0x00, 0x00, 0x00, 0x00, 0xff, 0x1f, 0x00, 0x00, 0x00, 0x00, 0x00, 0x1f,
    0x00, 0x00, 0x00, 0x00, 0x00, 0x3c, 0x00, 0x00, 0x00, 0x00, 0x00, 0x38, 0x00, 0x00, 0x00, 0x00,
    0x00, 0x38, 0x00, 0x00, 0x00, 0x00, 0xe0, 0xff, 0x01, 0x00, 0x00, 0x00, 0xe0, 0xff, 0x01, 0x00,
    0x00, 0x00, 0xe0, 0xff, 0x01, 0x00, 0x00, 0x00, 0x00, 0x38, 0x00, 0x00, 0x00, 0x00, 0x00, 0x38,
    0x00, 0x00, 0x00, 0x00, 0x00, 0x1c, 0x00, 0x00, 0x00, 0x00, 0xff, 0xff, 0x1f, 0x00, 0x00, 0x00,
    0xff, 0xff, 0x1f, 0x00, 0x00, 0x00, 0xff, 0xff, 0x1f, 0x00, 0x00, 0x00, 0x00, 0x00, 0x00, 0x00,
    0x00, 0x00, 0x00, 0x00, 0x00, 0x00, 0x00, 0x00, 0x00, 0x00, 0x00, 0x00, 0x00, 0x00, 0x00, 0x00,
    0x00, 0x00, 0x00, 0x00, 0x00, 0x00, 0x00, 0x00, 0x00, 0x00, 0x00, 0x00, 0x00, 0x00, 0x00, 0x00,
    0x00, 0x00, 0x00, 0x00, 0x00, 0x00, 0x00, 0x00, 0x00, 0x00, 0x00, 0x00, 0x00, 0x00, 0x00, 0x00,
    0x00, 0x00, 0x00, 0x00, 0x00, 0x00, 0x00, 0x00, 0x00, 0x00, 0x00, 0x00, 0x00, 0x00, 0x00, 0x00,
    0x00, 0x00, 0x00, 0x00, 0x00, 0x00, 0x00, 0x00, 0x00, 0x00, 0x00, 0x00, 0x00, 0x00, 0x00, 0x00,
    0x00, 0x00, 0x00, 0x00, 0x00, 0x00, 0x00, 0x00, 0x00, 0x00, 0x00, 0x00, 0x00, 0x00, 0x00, 0x00,
    0x00, 0x00, 0x00, 0x00, 0x00, 0x00, 0x00, 0x00, 0x00, 0x00, 0x00, 0x00, 0x00, 0x00, 0x00, 0x00,
    0x00, 0x00, 0x00, 0x00, 0x00, 0x00, 0x00, 0x00, 0x00, 0x00, 0x00, 0x00, 0x00, 0x00, 0x00, 0x00,
    0x00, 0x00, 0x00, 0x00, 0x00, 0x00, 0x00, 0x00, 0x00, 0x00, 0x00, 0x00, 0x00, 0x00, 0x00, 0x00,
    0x00, 0x00, 0x00, 0x00, 0x00, 0x00, 0x00, 0x00, 0x00, 0x00, 0x00, 0x00, 0x00, 0x00, 0x00, 0x00,
    0x00, 0x00, 0x00, 0x00, 0x00, 0x00, 0x00, 0x00, 0x00, 0x00, 0x00, 0x00, 0x00, 0x00, 0x00, 0x00,
    0x00, 0x00, 0x00, 0x00, 0x00, 0x00, 0x00, 0x00, 0x00, 0x00, 0x00, 0xfe, 0xff, 0xff, 0x1f, 0x00,
    0x00, 0xfe, 0xff, 0xff, 0x1f, 0x00, 0x00, 0xfe, 0xff, 0xff, 0x1f, 0x00, 0x00, 0x00, 0xe0, 0x00,
    0x00, 0x00, 0x00, 0x00, 0xe0, 0x00, 0x00, 0x00, 0x00, 0x00, 0xe0, 0x00, 0x00, 0x00, 0x00, 0x00,
    0xf0, 0x00, 0x00, 0x00, 0x00, 0x00, 0x70, 0x00, 0x00, 0x00, 0x00, 0x00, 0x70, 0x00, 0x00, 0x00,
    0x00, 0x00, 0x70, 0x00, 0x00, 0x00, 0x00, 0x00, 0x70, 0x00, 0x00, 0x00, 0x00, 0x00, 0x70, 0x00,
    0x00, 0x00, 0x00, 0x00, 0x70, 0x00, 0x00, 0x00, 0x00, 0x00, 0x70, 0x00, 0x00, 0x00, 0x00, 0x00,
    0xf0, 0x00, 0x00, 0x00, 0x00, 0x00, 0xe0, 0x00, 0x00, 0x00, 0x00, 0x00, 0xe0, 0x03, 0x00, 0x00,
    0x00, 0x00, 0xe0, 0xff, 0x1f, 0x00, 0x00, 0x00, 0xc0, 0xff, 0x1f, 0x00, 0x00, 0x00, 0x00, 0xff,
    0x1f, 0x00, 0x00, 0x00, 0x00, 0xfc, 0x1f, 0x00, 0x00, 0x00, 0x00, 0x00, 0x00, 0x00, 0x00, 0x00,
    0x00, 0x00, 0x00, 0x00, 0x00, 0x00, 0x00, 0x00, 0x00, 0x00, 0x00, 0x00, 0x00, 0x00, 0x00, 0x00,
    0x00, 0x00, 0x00, 0x00, 0x00, 0x00, 0x00, 0x00, 0x00, 0x00, 0x00, 0x00, 0x00, 0x00, 0x00, 0x00,
    0x00, 0x00, 0x00, 0x00, 0x00, 0x00, 0x00, 0x00, 0x00, 0x00, 0x00, 0x00, 0x00, 0x00, 0x00, 0x00,
    0x00, 0x00, 0x00, 0x00, 0x00, 0x00, 0x00, 0x00, 0x00, 0x00, 0x00, 0x00, 0x00, 0x00, 0x00, 0x00,
    0x00, 0x00, 0x00, 0x00, 0x00, 0x00, 0x00, 0x00, 0x00, 0x00, 0x00, 0x00, 0x00, 0x00, 0x00, 0x00,
    0x00, 0x00, 0x00, 0x00, 0x00, 0x00, 0x00, 0x00, 0x00, 0x00, 0x00, 0x00, 0x00, 0x00, 0x00, 0x00,
    0x00, 0x00, 0x00, 0x00, 0x00, 0x00, 0x00, 0x00, 0x00, 0x00, 0x00, 0x00, 0x00, 0x00, 0x00, 0x00,
    0x00, 0x00, 0x00, 0x00, 0x00, 0x00, 0x00, 0x00, 0x00, 0x00, 0x00, 0x00, 0x00, 0x00, 0x00, 0x00,
    0x00, 0x00, 0x00, 0x00, 0x00, 0x00, 0x00, 0x00, 0x00, 0x00, 0x00, 0x00, 0x00, 0x00, 0x00, 0x00,
    0x00, 0x00, 0x00, 0x00, 0x00, 0x00, 0x00, 0x00, 0x00, 0x00, 0x00, 0x00, 0x00, 0x00, 0x00, 0x00,
    0x00, 0x00, 0x00, 0x00, 0x00, 0x00, 0x00, 0x00, 0x00, 0x00, 0x00, 0x00, 0x00, 0x00, 0x00, 0x00,
    0x00, 0x00, 0x00, 0x00, 0x00, 0x00, 0x00, 0x00, 0x80, 0xff, 0xff, 0xff, 0x1f, 0x00, 0x80, 0xff,
    0xff, 0xff, 0x1f, 0x00, 0x80, 0xff, 0xff, 0xff, 0x1f, 0x00, 0x00, 0x00, 0x38, 0x00, 0x00, 0x00,
    0x00, 0x00, 0x1c, 0x00, 0x00, 0x00, 0x00, 0x00, 0x0e, 0x00, 0x00, 0x00, 0x00, 0x00, 0x06, 0x00,
    0x00, 0x00, 0x00, 0x00, 0x07, 0x00, 0x00, 0x00, 0x00, 0x00, 0x07, 0x00, 0x00, 0x00, 0x00, 0x00,
    0x07, 0x00, 0x00, 0x00, 0x00, 0x00, 0x07, 0x00, 0x00, 0x00, 0x00, 0x00, 0x0f, 0x00, 0x00, 0x00,
    0x00, 0x00, 0x3f, 0x00, 0x00, 0x00, 0x00, 0x00, 0xfe, 0xff, 0x1f, 0x00, 0x00, 0x00, 0xfc, 0xff,
    0x1f, 0x00, 0x00, 0x00, 0xf8, 0xff, 0x1f, 0x00, 0x00, 0x00, 0x00, 0x00, 0x00, 0x00, 0x00, 0x00,
    0x00, 0x00, 0x00, 0x00, 0x00, 0x00, 0x00, 0x00, 0x00, 0x00, 0x00, 0x00, 0x00, 0x00, 0x00, 0x00,
    0x00, 0x00, 0x00, 0x00, 0x00, 0x00, 0x00, 0x00, 0x00, 0x00, 0x00, 0x00, 0x00, 0x00, 0x00, 0x00,
    0x00, 0x00, 0x00, 0x00, 0x00, 0x00, 0x00, 0x00, 0x00, 0x00, 0x00, 0x00, 0x00, 0x00, 0x00, 0x00,
    0x00, 0x00, 0x00, 0x00, 0x00, 0x00, 0x00, 0x00, 0x00, 0x00, 0x00, 0x00, 0x00, 0x00, 0x00, 0x00,
    0x00, 0x00, 0x00, 0x00, 0x00, 0x00, 0x00, 0x00, 0x00, 0x00, 0x00, 0x00, 0x00, 0x00, 0x00, 0x00,
    0x00, 0x00, 0x00, 0x00, 0x00, 0x00, 0x00, 0x00, 0x00, 0x00, 0x00, 0x00, 0x00, 0x00, 0x00, 0x00,
    0x00, 0x00, 0x00, 0x00, 0x00, 0x00, 0x00, 0x00, 0x00, 0x00, 0x00, 0x00, 0x00, 0x00, 0x00, 0x00,
    0x00, 0x00, 0x00, 0x00, 0x00, 0x00, 0x00, 0x00, 0x00, 0x00, 0x00, 0x00, 0x00, 0x00, 0x00, 0x00,
    0x00, 0x00, 0x00, 0x00, 0x00, 0x00, 0x00, 0x00, 0x00, 0x00, 0x00, 0x00, 0x00, 0x00, 0x00, 0x00,
    0x00, 0x00, 0x00, 0x00, 0x00, 0x00, 0x00, 0x00, 0x00, 0x00, 0x00, 0x00, 0x00, 0x00, 0x00, 0x00,
    0x00, 0x00, 0x00, 0x00, 0x00, 0x00, 0x00, 0x00, 0x00, 0x00, 0x00, 0x00, 0x00, 0x00, 0x07, 0x00,
    0x00, 0x00, 0x00, 0x00, 0x1f, 0x00, 0x00, 0x00, 0x00, 0x00, 0x3f, 0x00, 0x00, 0x00, 0x00, 0x00,
    0x7c, 0x00, 0x00, 0x00, 0x00, 0x00, 0x70, 0x00, 0x00, 0x00, 0x00, 0x00, 0xe0, 0x00, 0x00, 0x00,
    0x00, 0x00, 0xf0, 0x03, 0x00, 0x00, 0x00, 0x80, 0xff, 0x7f, 0x00, 0x00, 0x00, 0xc0, 0xff, 0xff,
    0x00, 0x00, 0x00, 0xf0, 0xff, 0xff, 0x03, 0x00, 0x00, 0xf8, 0xe3, 0xf0, 0x07, 0x00, 0x00, 0x78,
    0xe0, 0xc0, 0x07, 0x00, 0x00, 0x3c, 0xe0, 0x00, 0x0f, 0x00, 0x00, 0x1c, 0xe0, 0x00, 0x0e, 0x00,
    0x00, 0x1e, 0xe0, 0x00, 0x1e, 0x00, 0x00, 0x0e, 0xe0, 0x00, 0x1e, 0x00, 0x00, 0x0e, 0xe0, 0x00,
    0x1c, 0x00, 0x00, 0x0e, 0xe0, 0x00, 0x1c, 0x00, 0x00, 0x0e, 0xe0, 0x00, 0x1c, 0x00, 0x00, 0x0e,
    0xe0, 0x00, 0x1c, 0x00, 0x00, 0x1e, 0xe0, 0x00, 0x1c, 0x00, 0x00, 0x3c, 0xe0, 0x00, 0x1c, 0x00,
    0x00, 0x7c, 0xe0, 0x00, 0x1e, 0x00, 0x00, 0xf8, 0xe1, 0x00, 0x0e, 0x00, 0x00, 0xf0, 0xff, 0x00,
    0x0e, 0x00, 0x00, 0xe0, 0xff, 0x00, 0x06, 0x00, 0x00, 0x80, 0xff, 0x00, 0x00, 0x00, 0x00, 0x00,
    0xf8, 0x00, 0x00, 0x00, 0x00, 0x00, 0x00, 0x00, 0x00, 0x00, 0x00, 0x00, 0x00, 0x00, 0x00, 0x00,
    0x00, 0x00, 0x00, 0x00, 0x00, 0x00, 0x00, 0x00, 0x00, 0x00, 0x00, 0x00, 0x00, 0x00, 0x00, 0x00,
    0x00, 0x00, 0x00, 0x00, 0x00, 0x00, 0x00, 0x00, 0x00, 0x00, 0x00, 0x00, 0x00, 0x00, 0x00, 0x00,
    0x00, 0x00, 0x00, 0x00, 0x00, 0x00, 0x00, 0x00, 0x00, 0x00, 0x00, 0x00, 0x00, 0x00, 0x00, 0x00,
    0x00, 0x00, 0x00, 0x00, 0x00, 0x00, 0x00, 0x00, 0x00, 0x00, 0x00, 0x00, 0x00, 0x00, 0x00, 0x00,
    0x00, 0x00, 0x00, 0x00, 0x00, 0x00, 0x00, 0x00, 0x00, 0x00, 0x00, 0x00, 0x00, 0x00, 0x00, 0x00,
    0x00, 0x00, 0x00, 0x00, 0x00, 0x00, 0x00, 0x00, 0x00, 0x00, 0x00, 0x00, 0x00, 0x00, 0x00, 0x00,
    0x00, 0x00, 0x00, 0x00, 0x00, 0x00, 0x00, 0x00, 0x00, 0x00, 0x00, 0x00, 0x00, 0x00, 0x00, 0x00,
    0x00, 0x00, 0x00, 0x00, 0x00, 0x00, 0x00, 0x00, 0x00, 0x00, 0x00, 0x00, 0x00, 0x00, 0x00, 0x00,
    0x00, 0x00, 0x00, 0x00, 0x00, 0x00, 0x00, 0x00, 0x00, 0x00, 0x00, 0x00, 0x00, 0x00, 0x00, 0x00,
    0x00, 0x00, 0x00, 0x00, 0x00, 0x00, 0x00, 0x00, 0x00, 0x00, 0x00, 0x00, 0x00, 0x00, 0x30, 0x00,
    0x00, 0x00, 0x00, 0x00, 0xf0, 0x00, 0x00, 0x00, 0x00, 0x00, 0xf0, 0x01, 0x00, 0x00, 0x00, 0x00,
    0xc0, 0x03, 0x00, 0x00, 0x00, 0x00, 0x80, 0x03, 0x00, 0x00, 0x00, 0x00, 0x80, 0x7f, 0x00, 0x00,
    0x00, 0x00, 0xf0, 0xff, 0x01, 0x00, 0x00, 0x00, 0xf8, 0xff, 0x03, 0x00, 0x00, 0x00, 0xfc, 0xff,
    0x07, 0x00, 0x00, 0x00, 0x3e, 0x87, 0x0f, 0x00, 0x00, 0x00, 0x1e, 0x07, 0x0f, 0x00, 0x00, 0x00,
    0x0f, 0x07, 0x1e, 0x00, 0x00, 0x00, 0x07, 0x07, 0x1c, 0x00, 0x00, 0x00, 0x07, 0x07, 0x1c, 0x00,
    0x00, 0x00, 0x07, 0x07, 0x1c, 0x00, 0x00, 0x00, 0x07, 0x07, 0x1c, 0x00, 0x00, 0x00, 0x07, 0x07,
    0x1c, 0x00, 0x00, 0x00, 0x0f, 0x07, 0x1c, 0x00, 0x00, 0x00, 0x1e, 0x07, 0x0e, 0x00, 0x00, 0x00,
    0xfe, 0x07, 0x0f, 0x00, 0x00, 0x00, 0xfc, 0x87, 0x07, 0x00, 0x00, 0x00, 0xf0, 0x07, 0x03, 0x00,
    0x00, 0x00, 0xc0, 0x07, 0x00, 0x00, 0x00, 0x00, 0x00, 0x00, 0x00, 0x00, 0x00, 0x00, 0x00, 0x00,
    0x00, 0x00, 0x00, 0x00, 0x00, 0x00, 0x00, 0x00, 0x00, 0x00, 0x00, 0x00, 0x00, 0x00, 0x00, 0x00,
    0x00, 0x00, 0x00, 0x00, 0x00, 0x00, 0x00, 0x00, 0x00, 0x00, 0x00, 0x00, 0x00, 0x00, 0x00, 0x00,
    0x00, 0x00, 0x00, 0x00, 0x00, 0x00, 0x00, 0x00, 0x00, 0x00, 0x00, 0x00, 0x00, 0x00, 0x00, 0x00,
    0x00, 0x00, 0x00, 0x00, 0x00, 0x00, 0x00, 0x00, 0x00, 0x00, 0x00, 0x00, 0x00, 0x00, 0x00, 0x00,
    0x00, 0x00, 0x00, 0x00, 0x00, 0x00, 0x00, 0x00, 0x00, 0x00, 0x00, 0x00, 0x00, 0x00, 0x00, 0x00,
    0x00, 0x00, 0x00, 0x00, 0x00, 0x00, 0x00, 0x00, 0x00, 0x00, 0x00, 0x00, 0x00, 0x00, 0x00, 0x00,
    0x00, 0x00, 0x00, 0x00, 0x00, 0x00, 0x00, 0x00, 0x00, 0x00, 0x00, 0x00, 0x00, 0x00, 0x00, 0x00,
    0x00, 0x00, 0x00, 0x00, 0x00, 0x00, 0x00, 0x00, 0x00, 0x00, 0x00, 0x00, 0x00, 0x00, 0x00, 0x00,
    0x00, 0x00, 0x00, 0x00, 0x00, 0x00, 0x00, 0x00, 0x00, 0x00, 0x00, 0x00, 0x00, 0x00, 0x00, 0x00,
    0x00, 0x00, 0x00, 0x00, 0x00, 0x00, 0x00, 0x00, 0x00, 0x00, 0x00, 0x00, 0x00, 0x00, 0x00, 0x00,
    0x00, 0x00, 0x00, 0x00, 0x00, 0x00, 0x00, 0x00, 0x00, 0x00, 0x00, 0x00, 0x07, 0x00, 0x00, 0x00,
    0x00, 0x00, 0x1f, 0x00, 0x00, 0x00, 0x00, 0x00, 0x3f, 0x00, 0x00, 0x00, 0x00, 0x00, 0x7c, 0x00,
    0x00, 0x00, 0x00, 0x00, 0x70, 0x00, 0x00, 0x00, 0x00, 0x00, 0xe0, 0x00, 0x00, 0x00, 0x00, 0x00,
    0xf0, 0x03, 0x00, 0x00, 0x00, 0x80, 0xff, 0x7f, 0x00, 0x00, 0x00, 0xc0, 0xff, 0xff, 0x00, 0x00,
    0x00, 0xf0, 0xff, 0xff, 0x03, 0x00, 0x00, 0xf8, 0xe3, 0xf0, 0x07, 0x00, 0x00, 0x78, 0xe0, 0xc0,
    0x07, 0x00, 0x00, 0x3c, 0xe0, 0x00, 0x0f, 0x00, 0x00, 0x1c, 0xe0, 0x00, 0x0e, 0x00, 0x00, 0x1e,
    0xe0, 0x00, 0x1e, 0x00, 0x00, 0x0e, 0xe0, 0x00, 0x1e, 0x00, 0x00, 0x0e, 0xe0, 0x00, 0xfc, 0x1f,
    0x00, 0x0e, 0xe0, 0x00, 0xfc, 0x1f, 0x00, 0x0e, 0xe0, 0x00, 0xfc, 0x1f, 0x00, 0x0e, 0xe0, 0x00,
    0xfc, 0x1f, 0x00, 0x1e, 0xe0, 0x00, 0x1c, 0x00, 0x00, 0x3c, 0xe0, 0x00, 0x1c, 0x00, 0x00, 0x7c,
    0xe0, 0x00, 0x1e, 0x00, 0x00, 0xf8, 0xe1, 0x00, 0x0e, 0x00, 0x00, 0xf0, 0xff, 0x00, 0x0e, 0x00,
    0x00, 0xe0, 0xff, 0x00, 0x06, 0x00, 0x00, 0x80, 0xff, 0x00, 0x00, 0x00, 0x00, 0x00, 0xf8, 0x00,
    0x00, 0x00, 0x00, 0x00, 0x00, 0x00, 0x00, 0x00, 0x00, 0x00, 0x00, 0x00, 0x00, 0x00, 0x00, 0x00,
    0x00, 0x00, 0x00, 0x00, 0x00, 0x00, 0x00, 0x00, 0x00, 0x00, 0x00, 0x00, 0x00, 0x00, 0x00, 0x00,
    0x00, 0x00, 0x00, 0x00, 0x00, 0x00, 0x00, 0x00, 0x00, 0x00, 0x00, 0x00, 0x00, 0x00, 0x00, 0x00,
    0x00, 0x00, 0x00, 0x00, 0x00, 0x00, 0x00, 0x00, 0x00, 0x00, 0x00, 0x00, 0x00, 0x00, 0x00, 0x00,
    0x00, 0x00, 0x00, 0x00, 0x00, 0x00, 0x00, 0x00, 0x00, 0x00, 0x00, 0x00, 0x00, 0x00, 0x00, 0x00,
    0x00, 0x00, 0x00, 0x00, 0x00, 0x00, 0x00, 0x00, 0x00, 0x00, 0x00, 0x00, 0x00, 0x00, 0x00, 0x00,
    0x00, 0x00, 0x00, 0x00, 0x00, 0x00, 0x00, 0x00, 0x00, 0x00, 0x00, 0x00, 0x00, 0x00, 0x00, 0x00,
    0x00, 0x00, 0x00, 0x00, 0x00, 0x00, 0x00, 0x00, 0x00, 0x00, 0x00, 0x00, 0x00, 0x00, 0x00, 0x00,
    0x00, 0x00, 0x00, 0x00, 0x00, 0x00, 0x00, 0x00, 0x00, 0x00, 0x00, 0x00, 0x00, 0x00, 0x00, 0x00,
    0x00, 0x00, 0x00, 0x00, 0x00, 0x00, 0x00, 0x00, 0x00, 0x00, 0x00, 0x00, 0x00, 0x00, 0x00, 0x00,
    0x00, 0x00, 0x00, 0x00, 0x00, 0x00, 0x00, 0x00, 0x00, 0x00, 0x00, 0x00, 0x30, 0x00, 0x00, 0x00,
    0x00, 0x00, 0xf0, 0x00, 0x00, 0x00, 0x00, 0x00, 0xf0, 0x01, 0x00, 0x00, 0x00, 0x00, 0xc0, 0x03,
    0x00, 0x00, 0x00, 0x00, 0x80, 0x03, 0x00, 0x00, 0x00, 0x00, 0x80, 0x7f, 0x00, 0x00, 0x00, 0x00,
    0xf0, 0xff, 0x01, 0x00, 0x00, 0x00, 0xf8, 0xff, 0x03, 0x00, 0x00, 0x00, 0xfc, 0xff, 0x07, 0x00,
    0x00, 0x00, 0x3e, 0x87, 0x0f, 0x00, 0x00, 0x00, 0x1e, 0x07, 0x0f, 0x00, 0x00, 0x00, 0x0f, 0x07,
    0x1e, 0x00, 0x00, 0x00, 0x07, 0x07, 0x1c, 0x00, 0x00, 0x00, 0x07, 0x07, 0xfc, 0x1f, 0x00, 0x00,
    0x07, 0x07, 0xfc, 0x1f, 0x00, 0x00, 0x07, 0x07, 0xfc, 0x1f, 0x00, 0x00, 0x07, 0x07, 0xfc, 0x1f,
    0x00, 0x00, 0x0f, 0x07, 0x1c, 0x00, 0x00, 0x00, 0x1e, 0x07, 0x0e, 0x00, 0x00, 0x00, 0xfe, 0x07,
    0x0f, 0x00, 0x00, 0x00, 0xfc, 0x87, 0x07, 0x00, 0x00, 0x00, 0xf0, 0x07, 0x03, 0x00, 0x00, 0x00,
    0xc0, 0x07, 0x00, 0x00, 0x00, 0x00, 0x00, 0x00, 0x00, 0x00, 0x00, 0x00, 0x00, 0x00, 0x00, 0x00,
    0x00, 0x00, 0x00, 0x00, 0x00, 0x00, 0x00, 0x00, 0x00, 0x00, 0x00, 0x00, 0x00, 0x00, 0x00, 0x00,
    0x00, 0x00, 0x00, 0x00, 0x00, 0x00, 0x00, 0x00, 0x00, 0x00, 0x00, 0x00, 0x00, 0x00, 0x00, 0x00,
    0x00, 0x00, 0x00, 0x00, 0x00, 0x00, 0x00, 0x00, 0x00, 0x00, 0x00, 0x00, 0x00, 0x00, 0x00, 0x00,
    0x00, 0x00, 0x00, 0x00, 0x00, 0x00, 0x00, 0x00, 0x00, 0x00, 0x00, 0x00, 0x00, 0x00, 0x00, 0x00,
    0x00, 0x00, 0x00, 0x00, 0x00, 0x00, 0x00, 0x00, 0x00, 0x00, 0x00, 0x00, 0x00, 0x00, 0x00, 0x00,
    0x00, 0x00, 0x00, 0x00, 0x00, 0x00, 0x00, 0x00, 0x00, 0x00, 0x00, 0x00, 0x00, 0x00, 0x00, 0x00,
    0x00, 0x00, 0x00, 0x00, 0x00, 0x00, 0x00, 0x00, 0x00, 0x00, 0x00, 0x00, 0x00, 0x00, 0x00, 0x00,
    0x00, 0x00, 0x00, 0x00, 0x00, 0x00, 0x00, 0x00, 0x00, 0x00, 0x00, 0x00, 0x00, 0x00, 0x00, 0x00,
    0x00, 0x00, 0x00, 0x00, 0x00, 0x00, 0x00, 0x00, 0x00, 0x00, 0x00, 0x00, 0x00, 0x00, 0x00, 0x00,
    0x00, 0x00, 0x00, 0x00, 0x00, 0x00, 0x00, 0x00, 0x00, 0x00, 0x00, 0x00, 0x00, 0x00, 0x00, 0x00,
    0x00, 0x00, 0x00, 0x00, 0x00, 0x00, 0x00, 0x00, 0x00, 0x00, 0x00, 0x00, 0x00, 0x00, 0x00, 0x00,
    0x00, 0x00, 0x00, 0x00, 0x00, 0x00, 0x00, 0x00, 0x00, 0x00, 0x00, 0xfe, 0xff, 0xff, 0x1f, 0x00,
    0x00, 0xfe, 0xff, 0xff, 0x1f, 0x00, 0x00, 0xfe, 0xff, 0xff, 0x1f, 0x00, 0x00, 0x00, 0x00, 0x00,
    0x00, 0x00, 0x00, 0x00, 0x00, 0x00, 0x00, 0x00, 0x00, 0x00, 0x00, 0x00, 0x00, 0x00, 0x00, 0x00,
    0x00, 0x00, 0x00, 0x00, 0x00, 0x00, 0x00, 0x00, 0x00, 0x00, 0x00, 0x00, 0x00, 0x00, 0x00, 0x00,
    0x00, 0x00, 0x00, 0x00, 0x00, 0x00, 0x00, 0x00, 0x00, 0x00, 0x00, 0x00, 0x00, 0x00, 0x00, 0x00,
    0x00, 0x00, 0x00, 0x00, 0x00, 0x00, 0x00, 0x00, 0x00, 0x00, 0x00, 0x00, 0x00, 0x00, 0x00, 0x00,
    0x00, 0x00, 0x00, 0x00, 0x00, 0x00, 0x00, 0x00, 0x00, 0x00, 0x00, 0x00, 0x00, 0x00, 0x00, 0x00,
    0x00, 0x00, 0x00, 0x00, 0x00, 0x00, 0x00, 0x00, 0x00, 0x00, 0x00, 0x00, 0x00, 0x00, 0x00, 0x00,
    0x00, 0x00, 0x00, 0x00, 0x00, 0x00, 0x00, 0x00, 0x00, 0x00, 0x00, 0x00, 0x00, 0x00, 0x00, 0x00,
    0x00, 0x00, 0x00, 0x00, 0x00, 0x00, 0x00, 0x00, 0x00, 0x00, 0x00, 0x00, 0x00, 0x00, 0x00, 0x00,
    0x00, 0x00, 0x00, 0x00, 0x00, 0x00, 0x00, 0x00, 0x00, 0x00, 0x00, 0x00, 0x00, 0x00, 0x00, 0x00,
    0x00, 0x00, 0x00, 0x00, 0x00, 0x00, 0x00, 0x00, 0x00, 0x00, 0x00, 0x00, 0x00, 0x00, 0x00, 0x00,
    0x00, 0x00, 0x00, 0x00, 0x00, 0x00, 0x00, 0x00, 0x00, 0x00, 0x00, 0x00, 0x00, 0x00, 0x00, 0x00,
    0x00, 0x00, 0x00, 0x00, 0x18, 0x00, 0x00, 0x06, 0x00, 0x00, 0x1c, 0x00, 0x00, 0x0e, 0x00, 0x00,
    0x1f, 0x00, 0x00, 0x3e, 0x00, 0x80, 0x1f, 0x00, 0x00, 0x7e, 0x00, 0xe0, 0x1f, 0x00, 0x00, 0xfc,
    0x01, 0xf0, 0x07, 0x00, 0x00, 0xf0, 0x03, 0xfc, 0x01, 0x00, 0x00, 0xe0, 0x0f, 0xff, 0x00, 0x00,
    0x00, 0x80, 0x9f, 0x3f, 0x00, 0x00, 0x00, 0x00, 0xfe, 0x1f, 0x00, 0x00, 0x00, 0x00, 0xfc, 0x07,
    0x00, 0x00, 0x00, 0x00, 0xf0, 0x01, 0x00, 0x00, 0x1c, 0x00, 0xe0, 0x00, 0x00, 0x00, 0x3c, 0x00,
    0xe0, 0x00, 0x00, 0x00, 0x7c, 0x00, 0xe0, 0x00, 0x00, 0x00, 0x70, 0xfe, 0xff, 0xff, 0x1f, 0x00,
    0x60, 0xfe, 0xff, 0xff, 0x1f, 0x00, 0x60, 0xfe, 0xff, 0xff, 0x1f, 0x00, 0x60, 0xfe, 0xff, 0xff,
    0x1f, 0x00, 0x70, 0x00, 0xe0, 0x00, 0x00, 0x00, 0x3c, 0x00, 0xe0, 0x00, 0x00, 0x00, 0x3c, 0x00,
    0xe0, 0x00, 0x00, 0x00, 0x1c, 0x00, 0xe0, 0x00, 0x00, 0x00, 0x00, 0x00, 0xf8, 0x03, 0x00, 0x00,
    0x00, 0x00, 0xfe, 0x0f, 0x00, 0x00, 0x00, 0x00, 0xff, 0x1f, 0x00, 0x00, 0x00, 0xc0, 0x1f, 0x7f,
    0x00, 0x00, 0x00, 0xe0, 0x07, 0xfe, 0x00, 0x00, 0x00, 0xf8, 0x03, 0xf8, 0x03, 0x00, 0x00, 0xfc,
    0x00, 0xf0, 0x0f, 0x00, 0x00, 0x7e, 0x00, 0xc0, 0x1f, 0x00, 0x00, 0x1e, 0x00, 0x80, 0x1f, 0x00,
    0x00, 0x0e, 0x00, 0x00, 0x1e, 0x00, 0x00, 0x02, 0x00, 0x00, 0x18, 0x00, 0x00, 0x00, 0x00, 0x00,
    0x10, 0x00, 0x00, 0x00, 0x00, 0x00, 0x00, 0x00, 0x00, 0x00, 0x00, 0x00, 0x00, 0x00, 0x00, 0x00,
    0x00, 0x00, 0x00, 0x00, 0x00, 0x00, 0x00, 0x00, 0x00, 0x00, 0x00, 0x00, 0x00, 0x00, 0x00, 0x00,
    0x00, 0x00, 0x00, 0x00, 0x00, 0x00, 0x00, 0x00, 0x00, 0x00, 0x00, 0x00, 0x00, 0x00, 0x00, 0x00,
    0x00, 0x00, 0x00, 0x00, 0x00, 0x00, 0x00, 0x00, 0x00, 0x00, 0x00, 0x00, 0x00, 0x00, 0x00, 0x00,
    0x00, 0x00, 0x00, 0x00, 0x00, 0x00, 0x00, 0x00, 0x00, 0x00, 0x00, 0x00, 0x00, 0x00, 0x00, 0x00,
    0x00, 0x00, 0x00, 0x00, 0x00, 0x00, 0x00, 0x00, 0x00, 0x00, 0x00, 0x00, 0x00, 0x00, 0x00, 0x00,
    0x00, 0x00, 0x00, 0x00, 0x00, 0x00, 0x00, 0x00, 0x00, 0x00, 0x00, 0x00, 0x00, 0x00, 0x00, 0x00,
    0x00, 0x00, 0x00, 0x00, 0x00, 0x00, 0x00, 0x00, 0x00, 0x00, 0x00, 0x00, 0x00, 0x00, 0x00, 0x00,
    0x00, 0x00, 0x00, 0x00, 0x00, 0x00, 0x00, 0x00, 0x00, 0x00, 0x00, 0x00, 0x00, 0x00, 0x00, 0x00,
    0x00, 0x00, 0x00, 0x00, 0x00, 0x00, 0x00, 0x00, 0x00, 0x00, 0x00, 0x00, 0x00, 0x00, 0x00, 0x00,
    0x00, 0x00, 0x00, 0x00, 0x00, 0x00, 0x00, 0x00, 0x00, 0x00, 0x00, 0x00, 0x00, 0x00, 0x00, 0x00,
    0x00, 0x00, 0x00, 0x00, 0x00, 0x00, 0x00, 0x00, 0x01, 0x00, 0x18, 0x00, 0x00, 0x00, 0x03, 0x00,
    0x1c, 0x00, 0x00, 0x00, 0x0f, 0x00, 0x1e, 0x00, 0x00, 0x00, 0x1f, 0x80, 0x1f, 0x00, 0x00, 0x00,
    0x7f, 0xc0, 0x0f, 0x00, 0x00, 0x00, 0xfc, 0xf0, 0x07, 0x00, 0x00, 0x00, 0xf8, 0xfb, 0x01, 0x00,
    0x00, 0x00, 0xe0, 0xff, 0x00, 0x00, 0x00, 0x00, 0xc0, 0x3f, 0x00, 0x00, 0x00, 0x0e, 0x00, 0x1f,
    0x00, 0x00, 0x00, 0x1e, 0x00, 0x0e, 0x00, 0x00, 0x00, 0x3e, 0x00, 0x0e, 0x00, 0x00, 0x00, 0x38,
    0xff, 0xff, 0x1f, 0x00, 0x00, 0x30, 0xff, 0xff, 0x1f, 0x00, 0x00, 0x30, 0xff, 0xff, 0x1f, 0x00,
    0x00, 0x30, 0xff, 0xff, 0x1f, 0x00, 0x00, 0x38, 0x00, 0x0e, 0x00, 0x00, 0x00, 0x1e, 0x00, 0x0e,
    0x00, 0x00, 0x00, 0x1e, 0x00, 0x0e, 0x00, 0x00, 0x00, 0x0e, 0x80, 0x1f, 0x00, 0x00, 0x00, 0x00,
    0xc0, 0x7f, 0x00, 0x00, 0x00, 0x00, 0xf0, 0xff, 0x00, 0x00, 0x00, 0x00, 0xfc, 0xf1, 0x03, 0x00,
    0x00, 0x00, 0x7e, 0xe0, 0x07, 0x00, 0x00, 0x00, 0x3f, 0xc0, 0x1f, 0x00, 0x00, 0x00, 0x0f, 0x00,
    0x1f, 0x00, 0x00, 0x00, 0x07, 0x00, 0x1e, 0x00, 0x00, 0x00, 0x01, 0x00, 0x18, 0x00, 0x00, 0x00,
    0x00, 0x00, 0x10, 0x00, 0x00, 0x00, 0x00, 0x00, 0x00, 0x00, 0x00, 0x00, 0x00, 0x00, 0x00, 0x00,
    0x00, 0x00, 0x00, 0x00, 0x00, 0x00, 0x00, 0x00, 0x00, 0x00, 0x00, 0x00, 0x00, 0x00, 0x00, 0x00,
    0x00, 0x00, 0x00, 0x00, 0x00, 0x00, 0x00, 0x00, 0x00, 0x00, 0x00, 0x00, 0x00, 0x00, 0x00, 0x00,
    0x00, 0x00, 0x00, 0x00, 0x00, 0x00, 0x00, 0x00, 0x00, 0x00, 0x00, 0x00, 0x00, 0x00, 0x00, 0x00,
    0x00, 0x00, 0x00, 0x00, 0x00, 0x00, 0x00, 0x00, 0x00, 0x00, 0x00, 0x00, 0x00, 0x00, 0x00, 0x00,
    0x00, 0x00, 0x00, 0x00, 0x00, 0x00, 0x00, 0x00, 0x00, 0x00, 0x00, 0x00, 0x00, 0x00, 0x00, 0x00,
    0x00, 0x00, 0x00, 0x00, 0x00, 0x00, 0x00, 0x00, 0x00, 0x00, 0x00, 0x00, 0x00, 0x00, 0x00, 0x00,
    0x00, 0x00, 0x00, 0x00, 0x00, 0x00, 0x00, 0x00, 0x00, 0x00, 0x00, 0x00, 0x00, 0x00, 0x00, 0x00,
    0x00, 0x00, 0x00, 0x00, 0x00, 0x00, 0x00, 0x00, 0x00, 0x00, 0x00, 0x00, 0x00, 0x00, 0x00, 0x00,
    0x00, 0x00, 0x00, 0x00, 0x00, 0x00, 0x00, 0x00, 0x00, 0x00, 0x00, 0x00, 0x00, 0x00, 0x00, 0x00,
    0x00, 0x00, 0x00, 0x00, 0x00, 0x00, 0x00, 0x00, 0x00, 0x00, 0x00, 0x00, 0x00, 0x00, 0x00, 0x00,
    0x00, 0x00, 0x00, 0x00, 0x00, 0x00, 0x00, 0x00, 0x00, 0x00, 0x00, 0x00, 0x00, 0x00, 0x00, 0x00,
    0x00, 0x00, 0x00, 0x00, 0x00, 0xfe, 0xff, 0xff, 0x1f, 0x00, 0x00, 0xfe, 0xff, 0xff, 0x1f, 0x00,
    0x00, 0xfe, 0xff, 0xff, 0x1f, 0x00, 0x00, 0xfe, 0xff, 0xff, 0x1f, 0x00, 0x00, 0x00, 0xe0, 0x00,
    0x00, 0x00, 0x00, 0x00, 0xe0, 0x00, 0x00, 0x00, 0x00, 0x00, 0xe0, 0x00, 0x00, 0x00, 0x00, 0x00,
    0xf0, 0x00, 0x00, 0x00, 0x00, 0x00, 0xf8, 0x00, 0x00, 0x00, 0x00, 0x00, 0xfe, 0x00, 0x00, 0x00,
    0x00, 0x00, 0xff, 0x00, 0x00, 0x00, 0x00, 0x80, 0xef, 0x01, 0x00, 0x00, 0x00, 0xc0, 0xe7, 0x01,
    0x00, 0x07, 0x00, 0xe0, 0xc3, 0x01, 0x00, 0x07, 0x00, 0xf8, 0xc1, 0x03, 0x80, 0x07, 0x00, 0xfc,
    0xc0, 0x07, 0xc0, 0x03, 0x00, 0x3e, 0x80, 0x1f, 0xe0, 0x03, 0x00, 0x1e, 0x00, 0xff, 0xff, 0x01,
    0x00, 0x0e, 0x00, 0xfe, 0xff, 0x00, 0x00, 0x06, 0x00, 0xfc, 0x7f, 0x00, 0x00, 0x02, 0x00, 0xe0,
    0x0f, 0x00, 0x00, 0x00, 0x00, 0x00, 0x00, 0x00, 0x00, 0x00, 0x00, 0x00, 0x00, 0x00, 0x00, 0x00,
    0x00, 0x00, 0x00, 0x00, 0x00, 0x00, 0x00, 0x00, 0x00, 0x00, 0x00, 0x00, 0x00, 0x00, 0x00, 0x00,
    0x00, 0x00, 0x00, 0x00, 0x00, 0x00, 0x00, 0x00, 0x00, 0x00, 0x00, 0x00, 0x00, 0x00, 0x00, 0x00,
    0x00, 0x00, 0x00, 0x00, 0x00, 0x00, 0x00, 0x00, 0x00, 0x00, 0x00, 0x00, 0x00, 0x00, 0x00, 0x00,
    0x00, 0x00, 0x00, 0x00, 0x00, 0x00, 0x00, 0x00, 0x00, 0x00, 0x00, 0x00, 0x00, 0x00, 0x00, 0x00,
    0x00, 0x00, 0x00, 0x00, 0x00, 0x00, 0x00, 0x00, 0x00, 0x00, 0x00, 0x00, 0x00, 0x00, 0x00, 0x00,
    0x00, 0x00, 0x00, 0x00, 0x00, 0x00, 0x00, 0x00, 0x00, 0x00, 0x00, 0x00, 0x00, 0x00, 0x00, 0x00,
    0x00, 0x00, 0x00, 0x00, 0x00, 0x00, 0x00, 0x00, 0x00, 0x00, 0x00, 0x00, 0x00, 0x00, 0x00, 0x00,
    0x00, 0x00, 0x00, 0x00, 0x00, 0x00, 0x00, 0x00, 0x00, 0x00, 0x00, 0x00, 0x00, 0x00, 0x00, 0x00,
    0x00, 0x00, 0x00, 0x00, 0x00, 0x00, 0x00, 0x00, 0x00, 0x00, 0x00, 0x00, 0x00, 0x00, 0x00, 0x00,
    0x00, 0x00, 0x00, 0x00, 0x00, 0x00, 0x00, 0x00, 0x00, 0x00, 0x00, 0x00, 0x00, 0x00, 0x00, 0x00,
    0x00, 0x00, 0x00, 0x00, 0x00, 0x00, 0x00, 0x00, 0x00, 0x00, 0x00, 0x00, 0x00, 0x00, 0x00, 0x00,
    0x00, 0x00, 0x00, 0x00, 0xff, 0xff, 0x1f, 0x00, 0x00, 0x00, 0xff, 0xff, 0x1f, 0x00, 0x00, 0x00,
    0xff, 0xff, 0x1f, 0x00, 0x00, 0x00, 0xff, 0xff, 0x1f, 0x00, 0x00, 0x00, 0x00, 0x0e, 0x00, 0x00,
    0x00, 0x00, 0x00, 0x0e, 0x00, 0x00, 0x00, 0x00, 0x00, 0x0f, 0x00, 0x00, 0x00, 0x00, 0x80, 0x0f,
    0x00, 0x00, 0x00, 0x00, 0xe0, 0x0f, 0x00, 0x00, 0x00, 0x00, 0xf0, 0x0f, 0x80, 0x01, 0x00, 0x00,
    0xf8, 0x1e, 0x80, 0x03, 0x00, 0x00, 0x7c, 0x1c, 0xc0, 0x03, 0x00, 0x00, 0x3e, 0x3c, 0xe0, 0x01,
    0x00, 0x00, 0x1f, 0xf8, 0xf8, 0x01, 0x00, 0x00, 0x07, 0xf8, 0xff, 0x00, 0x00, 0x00, 0x03, 0xf0,
    0x7f, 0x00, 0x00, 0x00, 0x01, 0xc0, 0x1f, 0x00, 0x00, 0x00, 0x00, 0x00, 0x00, 0x00, 0x00, 0x00,
    0x00, 0x00, 0x00, 0x00, 0x00, 0x00, 0x00, 0x00, 0x00, 0x00, 0x00, 0x00, 0x00, 0x00, 0x00, 0x00,
    0x00, 0x00, 0x00, 0x00, 0x00, 0x00, 0x00, 0x00, 0x00, 0x00, 0x00, 0x00, 0x00, 0x00, 0x00, 0x00,
    0x00, 0x00, 0x00, 0x00, 0x00, 0x00, 0x00, 0x00, 0x00, 0x00, 0x00, 0x00, 0x00, 0x00, 0x00, 0x00,
    0x00, 0x00, 0x00, 0x00, 0x00, 0x00, 0x00, 0x00, 0x00, 0x00, 0x00, 0x00, 0x00, 0x00, 0x00, 0x00,
    0x00, 0x00, 0x00, 0x00, 0x00, 0x00, 0x00, 0x00, 0x00, 0x00, 0x00, 0x00, 0x00, 0x00, 0x00, 0x00,
    0x00, 0x00, 0x00, 0x00, 0x00, 0x00, 0x00, 0x00, 0x00, 0x00, 0x00, 0x00, 0x00, 0x00, 0x00, 0x00,
    0x00, 0x00, 0x00, 0x00, 0x00, 0x00, 0x00, 0x00, 0x00, 0x00, 0x00, 0x00, 0x00, 0x00, 0x00, 0x00,
    0x00, 0x00, 0x00, 0x00, 0x00, 0x00, 0x00, 0x00, 0x00, 0x00, 0x00, 0x00, 0x00, 0x00, 0x00, 0x00,
    0x00, 0x00, 0x00, 0x00, 0x00, 0x00, 0x00, 0x00, 0x00, 0x00, 0x00, 0x00, 0x00, 0x00, 0x00, 0x00,
    0x00, 0x00, 0x00, 0x00, 0x00, 0x00, 0x00, 0x00, 0x00, 0x00, 0x00, 0x00, 0x00, 0x00, 0x00, 0x00,
    0x00, 0x00, 0x00, 0x00, 0x00, 0x00, 0x00, 0x00, 0x00, 0x00, 0x00, 0x00, 0x00, 0x00, 0x00, 0x00,
    0x1c, 0x00, 0x00, 0x00, 0x00, 0x00, 0x1c, 0x00, 0x00, 0x00, 0x00, 0x00, 0x1e, 0x00, 0x00, 0x00,
    0x00, 0x00, 0x1e, 0x00, 0x00, 0x00, 0x00, 0x80, 0x0f, 0x00, 0x00, 0x00, 0x00, 0xfc, 0x0f, 0x00,
    0x00, 0xfe, 0xff, 0xff, 0x07, 0x00, 0x00, 0xfe, 0xff, 0xff, 0x01, 0x00, 0x00, 0xfe, 0xff, 0x3f,
    0x00, 0x00, 0x00, 0xfe, 0x1f, 0x00, 0x00, 0x00, 0x00, 0x0e, 0x00, 0x00, 0x00, 0x00, 0x00, 0x0e,
    0x00, 0x00, 0x00, 0x00, 0x00, 0x0e, 0x00, 0x00, 0x00, 0x00, 0x00, 0x0e, 0x00, 0x00, 0x00, 0x00,
    0x00, 0x0e, 0x00, 0x00, 0x00, 0x00, 0x00, 0x0e, 0x00, 0x00, 0x00, 0x00, 0x00, 0x0e, 0x00, 0x00,
    0x00, 0x00, 0x00, 0x0e, 0x00, 0x00, 0x00, 0x00, 0x00, 0x0e, 0x00, 0x00, 0x00, 0x00, 0x00, 0x0e,
    0x00, 0x00, 0x00, 0x00, 0x00, 0xfe, 0xff, 0xff, 0x1f, 0x00, 0x00, 0xfe, 0xff, 0xff, 0x1f, 0x00,
    0x00, 0xfe, 0xff, 0xff, 0x1f, 0x0c, 0x00, 0xfe, 0xff, 0xff, 0xff, 0x1f, 0x00, 0x00, 0x00, 0x00,
    0xf8, 0x0f, 0x00, 0x00, 0x00, 0x00, 0xf8, 0x07, 0x00, 0x00, 0x00, 0x00, 0xf8, 0x01, 0x00, 0x00,
    0x00, 0x00, 0x00, 0x00, 0x00, 0x00, 0x00, 0x00, 0x00, 0x00, 0x00, 0x00, 0x00, 0x00, 0x00, 0x00,
    0x00, 0x00, 0x00, 0x00, 0x00, 0x00, 0x00, 0x00, 0x00, 0x00, 0x00, 0x00, 0x00, 0x00, 0x00, 0x00,
    0x00, 0x00, 0x00, 0x00, 0x00, 0x00, 0x00, 0x00, 0x00, 0x00, 0x00, 0x00, 0x00, 0x00, 0x00, 0x00,
    0x00, 0x00, 0x00, 0x00, 0x00, 0x00, 0x00, 0x00, 0x00, 0x00, 0x00, 0x00, 0x00, 0x00, 0x00, 0x00,
    0x00, 0x00, 0x00, 0x00, 0x00, 0x00, 0x00, 0x00, 0x00, 0x00, 0x00, 0x00, 0x00, 0x00, 0x00, 0x00,
    0x00, 0x00, 0x00, 0x00, 0x00, 0x00, 0x00, 0x00, 0x00, 0x00, 0x00, 0x00, 0x00, 0x00, 0x00, 0x00,
    0x00, 0x00, 0x00, 0x00, 0x00, 0x00, 0x00, 0x00, 0x00, 0x00, 0x00, 0x00, 0x00, 0x00, 0x00, 0x00,
    0x00, 0x00, 0x00, 0x00, 0x00, 0x00, 0x00, 0x00, 0x00, 0x00, 0x00, 0x00, 0x00, 0x00, 0x00, 0x00,
    0x00, 0x00, 0x00, 0x00, 0x00, 0x00, 0x00, 0x00, 0x00, 0x00, 0x00, 0x00, 0x00, 0x00, 0x00, 0x00,
    0x00, 0x00, 0x00, 0x00, 0x00, 0x00, 0x00, 0x00, 0x00, 0x00, 0x00, 0x00, 0x00, 0x00, 0x00, 0x00,
    0x00, 0x00, 0x00, 0x00, 0x00, 0x00, 0x00, 0x00, 0x00, 0x00, 0x00, 0x00, 0x00, 0x00, 0x00, 0x00,
    0x00, 0x00, 0x00, 0x00, 0x00, 0x00, 0x1c, 0x00, 0x00, 0x00, 0x00, 0x00, 0x1c, 0x00, 0x00, 0x00,
    0x00, 0x00, 0x1e, 0x00, 0x00, 0x00, 0x00, 0x00, 0x1f, 0x00, 0x00, 0x00, 0xc0, 0xff, 0x0f, 0x00,
    0x00, 0x00, 0xff, 0xff, 0x07, 0x00, 0x00, 0x00, 0xff, 0xff, 0x03, 0x00, 0x00, 0x00, 0xff, 0x3f,
    0x00, 0x00, 0x00, 0x00, 0x07, 0x00, 0x00, 0x00, 0x00, 0x00, 0x07, 0x00, 0x00, 0x00, 0x00, 0x00,
    0x07, 0x00, 0x00, 0x00, 0x00, 0x00, 0x07, 0x00, 0x00, 0x00, 0x00, 0x00, 0x07, 0x00, 0x00, 0x00,
    0x00, 0x00, 0x07, 0x00, 0x00, 0x00, 0x00, 0x00, 0x07, 0x00, 0x00, 0x00, 0x00, 0x00, 0xff, 0xff,
    0x1f, 0x00, 0x00, 0x00, 0xff, 0xff, 0x1f, 0x00, 0x00, 0x00, 0xff, 0xff, 0x1f, 0x00, 0x00, 0x00,
    0xff, 0xff, 0x1f, 0x06, 0x00, 0x00, 0x00, 0x00, 0xfc, 0x0f, 0x00, 0x00, 0x00, 0x00, 0xfc, 0x07,
    0x00, 0x00, 0x00, 0x00, 0xfc, 0x03, 0x00, 0x00, 0x00, 0x00, 0xfc, 0x00, 0x00, 0x00, 0x00, 0x00,
    0x00, 0x00, 0x00, 0x00, 0x00, 0x00, 0x00, 0x00, 0x00, 0x00, 0x00, 0x00, 0x00, 0x00, 0x00, 0x00,
    0x00, 0x00, 0x00, 0x00, 0x00, 0x00, 0x00, 0x00, 0x00, 0x00, 0x00, 0x00, 0x00, 0x00, 0x00, 0x00,
    0x00, 0x00, 0x00, 0x00, 0x00, 0x00, 0x00, 0x00, 0x00, 0x00, 0x00, 0x00, 0x00, 0x00, 0x00, 0x00,
    0x00, 0x00, 0x00, 0x00, 0x00, 0x00, 0x00, 0x00, 0x00, 0x00, 0x00, 0x00, 0x00, 0x00, 0x00, 0x00,
    0x00, 0x00, 0x00, 0x00, 0x00, 0x00, 0x00, 0x00, 0x00, 0x00, 0x00, 0x00, 0x00, 0x00, 0x00, 0x00,
    0x00, 0x00, 0x00, 0x00, 0x00, 0x00, 0x00, 0x00, 0x00, 0x00, 0x00, 0x00, 0x00, 0x00, 0x00, 0x00,
    0x00, 0x00, 0x00, 0x00, 0x00, 0x00, 0x00, 0x00, 0x00, 0x00, 0x00, 0x00, 0x00, 0x00, 0x00, 0x00,
    0x00, 0x00, 0x00, 0x00, 0x00, 0x00, 0x00, 0x00, 0x00, 0x00, 0x00, 0x00, 0x00, 0x00, 0x00, 0x00,
    0x00, 0x00, 0x00, 0x00, 0x00, 0x00, 0x00, 0x00, 0x00, 0x00, 0x00, 0x00, 0x00, 0x00, 0x00, 0x00,
    0x00, 0x00, 0x00, 0x00, 0x00, 0x00, 0x00, 0x00, 0x00, 0x00, 0x00, 0x00, 0x00, 0x00, 0x00, 0x00,
    0x00, 0x00, 0x00, 0x00, 0x00, 0x00, 0x00, 0x00, 0x00, 0x00, 0x00, 0x00, 0x00, 0x00, 0x00, 0x00,
    0x00, 0x00, 0x00, 0x00, 0x00, 0x00, 0x00, 0x00, 0x00, 0x00, 0x00, 0x00, 0x00, 0xfe, 0xff, 0xff,
    0x1f, 0x00, 0x00, 0xfe, 0xff, 0xff, 0x1f, 0x00, 0x00, 0xfe, 0xff, 0xff, 0x1f, 0x00, 0x00, 0xfe,
    0xff, 0xff, 0x1f, 0x00, 0x00, 0x00, 0xc0, 0x01, 0x00, 0x00, 0x00, 0x00, 0xc0, 0x01, 0x00, 0x00,
    0x00, 0x00, 0xc0, 0x01, 0x00, 0x00, 0x00, 0x00, 0xc0, 0x01, 0x00, 0x00, 0x00, 0x00, 0xc0, 0x01,
    0x00, 0x00, 0x00, 0x00, 0xc0, 0x01, 0x00, 0x00, 0x00, 0x00, 0xc0, 0x01, 0x00, 0x00, 0x00, 0x00,
    0xc0, 0x01, 0x00, 0x00, 0x00, 0x00, 0xc0, 0x01, 0x00, 0x00, 0x00, 0x00, 0xc0, 0x01, 0x00, 0x30,
    0x00, 0x00, 0xc0, 0x01, 0x00, 0x38, 0x00, 0x00, 0xc0, 0x01, 0x00, 0x38, 0x00, 0x00, 0xc0, 0x01,
    0x00, 0x38, 0x00, 0x00, 0xc0, 0x01, 0x00, 0x3c, 0x00, 0xfe, 0xff, 0xff, 0xff, 0x1f, 0x00, 0xfe,
    0xff, 0xff, 0xff, 0x1f, 0x00, 0xfe, 0xff, 0xff, 0xff, 0x0f, 0x00, 0xfe, 0xff, 0xff, 0xff, 0x03,
    0x00, 0x00, 0x00, 0x00, 0x00, 0x00, 0x00, 0x00, 0x00, 0x00, 0x00, 0x00, 0x00, 0x00, 0x00, 0x00,
    0x00, 0x00, 0x00, 0x00, 0x00, 0x00, 0x00, 0x00, 0x00, 0x00, 0x00, 0x00, 0x00, 0x00, 0x00, 0x00,
    0x00, 0x00, 0x00, 0x00, 0x00, 0x00, 0x00, 0x00, 0x00, 0x00, 0x00, 0x00, 0x00, 0x00, 0x00, 0x00,
    0x00, 0x00, 0x00, 0x00, 0x00, 0x00, 0x00, 0x00, 0x00, 0x00, 0x00, 0x00, 0x00, 0x00, 0x00, 0x00,
    0x00, 0x00, 0x00, 0x00, 0x00, 0x00, 0x00, 0x00, 0x00, 0x00, 0x00, 0x00, 0x00, 0x00, 0x00, 0x00,
    0x00, 0x00, 0x00, 0x00, 0x00, 0x00, 0x00, 0x00, 0x00, 0x00, 0x00, 0x00, 0x00, 0x00, 0x00, 0x00,
    0x00, 0x00, 0x00, 0x00, 0x00, 0x00, 0x00, 0x00, 0x00, 0x00, 0x00, 0x00, 0x00, 0x00, 0x00, 0x00,
    0x00, 0x00, 0x00, 0x00, 0x00, 0x00, 0x00, 0x00, 0x00, 0x00, 0x00, 0x00, 0x00, 0x00, 0x00, 0x00,
    0x00, 0x00, 0x00, 0x00, 0x00, 0x00, 0x00, 0x00, 0x00, 0x00, 0x00, 0x00, 0x00, 0x00, 0x00, 0x00,
    0x00, 0x00, 0x00, 0x00, 0x00, 0x00, 0x00, 0x00, 0x00, 0x00, 0x00, 0x00, 0x00, 0x00, 0x00, 0x00,
    0x00, 0x00, 0x00, 0x00, 0x00, 0x00, 0x00, 0x00, 0x00, 0x00, 0x00, 0x00, 0x00, 0x00, 0x00, 0x00,
    0x00, 0x00, 0x00, 0x00, 0x00, 0x00, 0x00, 0x00, 0x00, 0x00, 0x00, 0x00, 0x00, 0x00, 0x00, 0x00,
    0x00, 0x00, 0xff, 0xff, 0x1f, 0x00, 0x00, 0x00, 0xff, 0xff, 0x1f, 0x00, 0x00, 0x00, 0xff, 0xff,
    0x1f, 0x00, 0x00, 0x00, 0x00, 0x0e, 0x00, 0x00, 0x00, 0x00, 0x00, 0x0e, 0x00, 0x00, 0x00, 0x00,
    0x00, 0x0e, 0x00, 0x00, 0x00, 0x00, 0x00, 0x0e, 0x00, 0x00, 0x00, 0x00, 0x00, 0x0e, 0x00, 0x00,
    0x00, 0x00, 0x00, 0x0e, 0x00, 0x18, 0x00, 0x00, 0x00, 0x0e, 0x00, 0x1c, 0x00, 0x00, 0x00, 0x0e,
    0x00, 0x1c, 0x00, 0x00, 0x00, 0x0e, 0x00, 0x1c, 0x00, 0x00, 0x00, 0x0e, 0x00, 0x1e, 0x00, 0x00,
    0xff, 0xff, 0xff, 0x0f, 0x00, 0x00, 0xff, 0xff, 0xff, 0x0f, 0x00, 0x00, 0xff, 0xff, 0xff, 0x07,
    0x00, 0x00, 0xff, 0xff, 0xff, 0x01, 0x00, 0x00, 0x00, 0x00, 0x00, 0x00, 0x00, 0x00, 0x00, 0x00,
    0x00, 0x00, 0x00, 0x00, 0x00, 0x00, 0x00, 0x00, 0x00, 0x00, 0x00, 0x00, 0x00, 0x00, 0x00, 0x00,
    0x00, 0x00, 0x00, 0x00, 0x00, 0x00, 0x00, 0x00, 0x00, 0x00, 0x00, 0x00, 0x00, 0x00, 0x00, 0x00,
    0x00, 0x00, 0x00, 0x00, 0x00, 0x00, 0x00, 0x00, 0x00, 0x00, 0x00, 0x00, 0x00, 0x00, 0x00, 0x00,
    0x00, 0x00, 0x00, 0x00, 0x00, 0x00, 0x00, 0x00, 0x00, 0x00, 0x00, 0x00, 0x00, 0x00, 0x00, 0x00,
    0x00, 0x00, 0x00, 0x00, 0x00, 0x00, 0x00, 0x00, 0x00, 0x00, 0x00, 0x00, 0x00, 0x00, 0x00, 0x00,
    0x00, 0x00, 0x00, 0x00, 0x00, 0x00, 0x00, 0x00, 0x00, 0x00, 0x00, 0x00, 0x00, 0x00, 0x00, 0x00,
    0x00, 0x00, 0x00, 0x00, 0x00, 0x00, 0x00, 0x00, 0x00, 0x00, 0x00, 0x00, 0x00, 0x00, 0x00, 0x00,
    0x00, 0x00, 0x00, 0x00, 0x00, 0x00, 0x00, 0x00, 0x00, 0x00, 0x00, 0x00, 0x00, 0x00, 0x00, 0x00,
    0x00, 0x00, 0x00, 0x00, 0x00, 0x00, 0x00, 0x00, 0x00, 0x00, 0x00, 0x00, 0x00, 0x00, 0x00, 0x00,
    0x00, 0x00, 0x00, 0x00, 0x00, 0x00, 0x00, 0x00, 0x00, 0x00, 0x00, 0x00, 0x00, 0x00, 0x00, 0x00,
    0x00, 0x00, 0x00, 0x00, 0x00, 0x00, 0x00, 0x00, 0x00, 0x00, 0x00, 0x00, 0x00, 0x00, 0x00, 0x00,
    0x00, 0x00, 0x00, 0x00, 0x00, 0x00, 0x00, 0xfe, 0xff, 0xff, 0x1f, 0x00, 0x00, 0xfe, 0xff, 0xff,
    0x1f, 0x00, 0x00, 0xfe, 0xff, 0xff, 0x1f, 0x00, 0x00, 0xfe, 0xff, 0xff, 0x1f, 0x00, 0x00, 0x00,
    0xe0, 0x00, 0x00, 0x00, 0x00, 0x00, 0xe0, 0x00, 0x00, 0x00, 0x00, 0x00, 0xe0, 0x00, 0x00, 0x00,
    0x00, 0x00, 0xe0, 0x00, 0x00, 0x00, 0x00, 0x00, 0xe0, 0x00, 0x00, 0x00, 0x00, 0x00, 0xe0, 0x00,
    0x00, 0x00, 0x00, 0x00, 0xe0, 0x00, 0x00, 0x00, 0x00, 0x00, 0xe0, 0x00, 0x00, 0x00, 0x00, 0x00,
    0xe0, 0x00, 0x00, 0x00, 0x00, 0x00, 0xe0, 0x00, 0x00, 0x00, 0x00, 0x00, 0xe0, 0x00, 0x00, 0x00,
    0x00, 0x00, 0xe0, 0x00, 0x00, 0x00, 0x00, 0x00, 0xe0, 0x00, 0x00, 0x00, 0x00, 0x00, 0xe0, 0x00,
    0x00, 0x00, 0x00, 0xfe, 0xff, 0xff, 0x1f, 0x00, 0x00, 0xfe, 0xff, 0xff, 0x1f, 0x00, 0x00, 0xfe,
    0xff, 0xff, 0x1f, 0x00, 0x00, 0xfe, 0xff, 0xff, 0x1f, 0x06, 0x00, 0x00, 0x00, 0x00, 0xfc, 0x0f,
    0x00, 0x00, 0x00, 0x00, 0xfc, 0x07, 0x00, 0x00, 0x00, 0x00, 0xfc, 0x03, 0x00, 0x00, 0x00, 0x00,
    0xfc, 0x00, 0x00, 0x00, 0x00, 0x00, 0x00, 0x00, 0x00, 0x00, 0x00, 0x00, 0x00, 0x00, 0x00, 0x00,
    0x00, 0x00, 0x00, 0x00, 0x00, 0x00, 0x00, 0x00, 0x00, 0x00, 0x00, 0x00, 0x00, 0x00, 0x00, 0x00,
    0x00, 0x00, 0x00, 0x00, 0x00, 0x00, 0x00, 0x00, 0x00, 0x00, 0x00, 0x00, 0x00, 0x00, 0x00, 0x00,
    0x00, 0x00, 0x00, 0x00, 0x00, 0x00, 0x00, 0x00, 0x00, 0x00, 0x00, 0x00, 0x00, 0x00, 0x00, 0x00,
    0x00, 0x00, 0x00, 0x00, 0x00, 0x00, 0x00, 0x00, 0x00, 0x00, 0x00, 0x00, 0x00, 0x00, 0x00, 0x00,
    0x00, 0x00, 0x00, 0x00, 0x00, 0x00, 0x00, 0x00, 0x00, 0x00, 0x00, 0x00, 0x00, 0x00, 0x00, 0x00,
    0x00, 0x00, 0x00, 0x00, 0x00, 0x00, 0x00, 0x00, 0x00, 0x00, 0x00, 0x00, 0x00, 0x00, 0x00, 0x00,
    0x00, 0x00, 0x00, 0x00, 0x00, 0x00, 0x00, 0x00, 0x00, 0x00, 0x00, 0x00, 0x00, 0x00, 0x00, 0x00,
    0x00, 0x00, 0x00, 0x00, 0x00, 0x00, 0x00, 0x00, 0x00, 0x00, 0x00, 0x00, 0x00, 0x00, 0x00, 0x00,
    0x00, 0x00, 0x00, 0x00, 0x00, 0x00, 0x00, 0x00, 0x00, 0x00, 0x00, 0x00, 0x00, 0x00, 0x00, 0x00,
    0x00, 0x00, 0x00, 0x00, 0x00, 0x00, 0x00, 0x00, 0x00, 0x00, 0x00, 0x00, 0x00, 0x00, 0x00, 0x00,
    0x00, 0x00, 0x00, 0x00, 0x00, 0x00, 0x00, 0x00, 0x00, 0x00, 0x00, 0x00, 0x00, 0x00, 0x00, 0x00,
    0x00, 0x00, 0x00, 0x00, 0xff, 0xff, 0x1f, 0x00, 0x00, 0x00, 0xff, 0xff, 0x1f, 0x00, 0x00, 0x00,
    0xff, 0xff, 0x1f, 0x00, 0x00, 0x00, 0xff, 0xff, 0x1f, 0x00, 0x00, 0x00, 0x00, 0x0e, 0x00, 0x00,
    0x00, 0x00, 0x00, 0x0e, 0x00, 0x00, 0x00, 0x00, 0x00, 0x0e, 0x00, 0x00, 0x00, 0x00, 0x00, 0x0e,
    0x00, 0x00, 0x00, 0x00, 0x00, 0x0e, 0x00, 0x00, 0x00, 0x00, 0x00, 0x0e, 0x00, 0x00, 0x00, 0x00,
    0x00, 0x0e, 0x00, 0x00, 0x00, 0x00, 0x00, 0x0e, 0x00, 0x00, 0x00, 0x00, 0x00, 0x0e, 0x00, 0x00,
    0x00, 0x00, 0xff, 0xff, 0x1f, 0x00, 0x00, 0x00, 0xff, 0xff, 0x1f, 0x00, 0x00, 0x00, 0xff, 0xff,
    0x1f, 0x00, 0x00, 0x00, 0xff, 0xff, 0x1f, 0x06, 0x00, 0x00, 0x00, 0x00, 0xfc, 0x0f, 0x00, 0x00,
    0x00, 0x00, 0xfc, 0x07, 0x00, 0x00, 0x00, 0x00, 0xfc, 0x03, 0x00, 0x00, 0x00, 0x00, 0xfc, 0x00,
    0x00, 0x00, 0x00, 0x00, 0x00, 0x00, 0x00, 0x00, 0x00, 0x00, 0x00, 0x00, 0x00, 0x00, 0x00, 0x00,
    0x00, 0x00, 0x00, 0x00, 0x00, 0x00, 0x00, 0x00, 0x00, 0x00, 0x00, 0x00, 0x00, 0x00, 0x00, 0x00,
    0x00, 0x00, 0x00, 0x00, 0x00, 0x00, 0x00, 0x00, 0x00, 0x00, 0x00, 0x00, 0x00, 0x00, 0x00, 0x00,
    0x00, 0x00, 0x00, 0x00, 0x00, 0x00, 0x00, 0x00, 0x00, 0x00, 0x00, 0x00, 0x00, 0x00, 0x00, 0x00,
    0x00, 0x00, 0x00, 0x00, 0x00, 0x00, 0x00, 0x00, 0x00, 0x00, 0x00, 0x00, 0x00, 0x00, 0x00, 0x00,
    0x00, 0x00, 0x00, 0x00, 0x00, 0x00, 0x00, 0x00, 0x00, 0x00, 0x00, 0x00, 0x00, 0x00, 0x00, 0x00,
    0x00, 0x00, 0x00, 0x00, 0x00, 0x00, 0x00, 0x00, 0x00, 0x00, 0x00, 0x00, 0x00, 0x00, 0x00, 0x00,
    0x00, 0x00, 0x00, 0x00, 0x00, 0x00, 0x00, 0x00, 0x00, 0x00, 0x00, 0x00, 0x00, 0x00, 0x00, 0x00,
    0x00, 0x00, 0x00, 0x00, 0x00, 0x00, 0x00, 0x00, 0x00, 0x00, 0x00, 0x00, 0x00, 0x00, 0x00, 0x00,
    0x00, 0x00, 0x00, 0x00, 0x00, 0x00, 0x00, 0x00, 0x00, 0x00, 0x00, 0x00, 0x00, 0x00, 0x00, 0x00,
    0x00, 0x00, 0x00, 0x00, 0x00, 0x00, 0x00, 0x00, 0x00, 0x00, 0x00, 0x00, 0x00, 0x00, 0x00, 0x00,
    0x00, 0x00, 0x00, 0x00, 0x00, 0x00, 0x00, 0x00, 0x00, 0x00, 0x00, 0x00, 0x00, 0x00, 0x00, 0x00,
    0x00, 0xfe, 0x1f, 0x00, 0x00, 0x00, 0x00, 0xfe, 0x7f, 0x00, 0x00, 0x00, 0x00, 0xfe, 0xff, 0x00,
    0x00, 0x00, 0x00, 0xfe, 0xff, 0x01, 0x00, 0x00, 0x00, 0x00, 0xe0, 0x01, 0x00, 0x00, 0x00, 0x00,
    0xc0, 0x03, 0x00, 0x00, 0x00, 0x00, 0xc0, 0x03, 0x00, 0x00, 0x00, 0x00, 0x80, 0x03, 0x00, 0x00,
    0x00, 0x00, 0x80, 0x03, 0x00, 0x00, 0x00, 0x00, 0x80, 0x03, 0x00, 0x00, 0x00, 0x00, 0x80, 0x03,
    0x00, 0x00, 0x00, 0x00, 0x80, 0x03, 0x00, 0x00, 0x00, 0x00, 0x80, 0x03, 0x00, 0x00, 0x00, 0x00,
    0x80, 0x03, 0x00, 0x00, 0x00, 0x00, 0xc0, 0x03, 0xfc, 0x0f, 0x00, 0x00, 0xc0, 0x01, 0xfc, 0x0f,
    0x00, 0x00, 0xc0, 0x01, 0xfc, 0x0f, 0x00, 0xfe, 0xff, 0xff, 0xff, 0x0f, 0x00, 0xfe, 0xff, 0xff,
    0x1f, 0x00, 0x00, 0xfe, 0xff, 0xff, 0x1f, 0x00, 0x00, 0xfe, 0xff, 0xff, 0x1f, 0x00, 0x00, 0x00,
    0x00, 0x00, 0x00, 0x00, 0x00, 0x00, 0x00, 0x00, 0x00, 0x00, 0x00, 0x00, 0x00, 0x00, 0x00, 0x00,
    0x00, 0x00, 0x00, 0x00, 0x00, 0x00, 0x00, 0x00, 0x00, 0x00, 0x00, 0x00, 0x00, 0x00, 0x00, 0x00,
    0x00, 0x00, 0x00, 0x00, 0x00, 0x00, 0x00, 0x00, 0x00, 0x00, 0x00, 0x00, 0x00, 0x00, 0x00, 0x00,
    0x00, 0x00, 0x00, 0x00, 0x00, 0x00, 0x00, 0x00, 0x00, 0x00, 0x00, 0x00, 0x00, 0x00, 0x00, 0x00,
    0x00, 0x00, 0x00, 0x00, 0x00, 0x00, 0x00, 0x00, 0x00, 0x00, 0x00, 0x00, 0x00, 0x00, 0x00, 0x00,
    0x00, 0x00, 0x00, 0x00, 0x00, 0x00, 0x00, 0x00, 0x00, 0x00, 0x00, 0x00, 0x00, 0x00, 0x00, 0x00,
    0x00, 0x00, 0x00, 0x00, 0x00, 0x00, 0x00, 0x00, 0x00, 0x00, 0x00, 0x00, 0x00, 0x00, 0x00, 0x00,
    0x00, 0x00, 0x00, 0x00, 0x00, 0x00, 0x00, 0x00, 0x00, 0x00, 0x00, 0x00, 0x00, 0x00, 0x00, 0x00,
    0x00, 0x00, 0x00, 0x00, 0x00, 0x00, 0x00, 0x00, 0x00, 0x00, 0x00, 0x00, 0x00, 0x00, 0x00, 0x00,
    0x00, 0x00, 0x00, 0x00, 0x00, 0x00, 0x00, 0x00, 0x00, 0x00, 0x00, 0x00, 0x00, 0x00, 0x00, 0x00,
    0x00, 0x00, 0x00, 0x00, 0x00, 0x00, 0x00, 0x00, 0x00, 0x00, 0x00, 0x00, 0x00, 0x00, 0x00, 0x00,
    0x00, 0x00, 0x00, 0x00, 0x00, 0x00, 0x00, 0x00, 0x00, 0x00, 0xff, 0x01, 0x00, 0x00, 0x00, 0x00,
    0xff, 0x07, 0x00, 0x00, 0x00, 0x00, 0xff, 0x0f, 0x00, 0x00, 0x00, 0x00, 0xff, 0x1f, 0x00, 0x00,
    0x00, 0x00, 0x00, 0x1e, 0x00, 0x00, 0x00, 0x00, 0x00, 0x3c, 0x00, 0x00, 0x00, 0x00, 0x00, 0x38,
    0x00, 0x00, 0x00, 0x00, 0x00, 0x38, 0x00, 0x00, 0x00, 0x00, 0x00, 0x38, 0x00, 0x00, 0x00, 0x00,
    0x00, 0x38, 0x00, 0x00, 0x00, 0x00, 0x00, 0x38, 0xfc, 0x0f, 0x00, 0x00, 0x00, 0x38, 0xfc, 0x0f,
    0x00, 0x00, 0x00, 0x1c, 0xfc, 0x0f, 0x00, 0x00, 0xff, 0xff, 0xff, 0x0f, 0x00, 0x00, 0xff, 0xff,
    0x1f, 0x00, 0x00, 0x00, 0xff, 0xff, 0x1f, 0x00, 0x00, 0x00, 0xff, 0xff, 0x1f, 0x00, 0x00, 0x00,
    0x00, 0x00, 0x00, 0x00, 0x00, 0x00, 0x00, 0x00, 0x00, 0x00, 0x00, 0x00, 0x00, 0x00, 0x00, 0x00,
    0x00, 0x00, 0x00, 0x00, 0x00, 0x00, 0x00, 0x00, 0x00, 0x00, 0x00, 0x00, 0x00, 0x00, 0x00, 0x00,
    0x00, 0x00, 0x00, 0x00, 0x00, 0x00, 0x00, 0x00, 0x00, 0x00, 0x00, 0x00, 0x00, 0x00, 0x00, 0x00,
    0x00, 0x00, 0x00, 0x00, 0x00, 0x00, 0x00, 0x00, 0x00, 0x00, 0x00, 0x00, 0x00, 0x00, 0x00, 0x00,
    0x00, 0x00, 0x00, 0x00, 0x00, 0x00, 0x00, 0x00, 0x00, 0x00, 0x00, 0x00, 0x00, 0x00, 0x00, 0x00,
    0x00, 0x00, 0x00, 0x00, 0x00, 0x00, 0x00, 0x00, 0x00, 0x00, 0x00, 0x00, 0x00, 0x00, 0x00, 0x00,
    0x00, 0x00, 0x00, 0x00, 0x00, 0x00, 0x00, 0x00, 0x00, 0x00, 0x00, 0x00, 0x00, 0x00, 0x00, 0x00,
    0x00, 0x00, 0x00, 0x00, 0x00, 0x00, 0x00, 0x00, 0x00, 0x00, 0x00, 0x00, 0x00, 0x00, 0x00, 0x00,
    0x00, 0x00, 0x00, 0x00, 0x00, 0x00, 0x00, 0x00, 0x00, 0x00, 0x00, 0x00, 0x00, 0x00, 0x00, 0x00,
    0x00, 0x00, 0x00, 0x00, 0x00, 0x00, 0x00, 0x00, 0x00, 0x00, 0x00, 0x00, 0x00, 0x00, 0x00, 0x00,
    0x00, 0x00, 0x00, 0x00, 0x00, 0x00, 0x00, 0x00, 0x00, 0x00, 0x00, 0x00, 0x00, 0x00, 0x00, 0x00,
    0x00, 0x00, 0x00, 0x00, 0x00, 0x00, 0x00, 0x00, 0x00, 0x00, 0x00, 0x00, 0x00, 0x00, 0x00, 0xfe,
    0xff, 0xff, 0x1f, 0x00, 0x00, 0xfe, 0xff, 0xff, 0x1f, 0x00, 0x00, 0xfe, 0xff, 0xff, 0x1f, 0x00,
    0x00, 0xfe, 0xff, 0xff, 0x1f, 0x00, 0x00, 0xfe, 0x00, 0x00, 0x00, 0x00, 0x00, 0xfc, 0x07, 0x00,
    0x00, 0x00, 0x00, 0xf0, 0x1f, 0x00, 0x00, 0x00, 0x00, 0x80, 0xff, 0x00, 0x00, 0x00, 0x00, 0x00,
    0xfe, 0x03, 0x00, 0x00, 0x00, 0x00, 0xf0, 0x0f, 0x00, 0x00, 0x00, 0x00, 0xc0, 0x7f, 0x00, 0x00,
    0x00, 0x00, 0x00, 0xfe, 0x01, 0x00, 0x00, 0x00, 0x00, 0xf8, 0x0f, 0x00, 0x00, 0x00, 0x00, 0xe0,
    0x1f, 0x00, 0x00, 0x00, 0x00, 0x00, 0x1f, 0x00, 0x00, 0x00, 0x00, 0xe0, 0x1f, 0x00, 0x00, 0x00,
    0x00, 0xf8, 0x0f, 0x00, 0x00, 0x00, 0x00, 0xff, 0x01, 0x00, 0x00, 0x00, 0xc0, 0x7f, 0x00, 0x00,
    0x00, 0x00, 0xf8, 0x0f, 0x00, 0x00, 0x00, 0x00, 0xfe, 0x03, 0x00, 0x00, 0x00, 0x80, 0x7f, 0x00,
    0x00, 0x00, 0x00, 0xf0, 0x1f, 0x00, 0x00, 0x00, 0x00, 0xfc, 0x07, 0x00, 0x00, 0x00, 0x00, 0xfe,
    0x00, 0x00, 0x00, 0x00, 0x00, 0xfe, 0xff, 0xff, 0x1f, 0x00, 0x00, 0xfe, 0xff, 0xff, 0x1f, 0x00,
    0x00, 0xfe, 0xff, 0xff, 0x1f, 0x0c, 0x00, 0xfe, 0xff, 0xff, 0xff, 0x1f, 0x00, 0x00, 0x00, 0x00,
    0xf8, 0x0f, 0x00, 0x00, 0x00, 0x00, 0xf8, 0x07, 0x00, 0x00, 0x00, 0x00, 0xf8, 0x01, 0x00, 0x00,
    0x00, 0x00, 0x00, 0x00, 0x00, 0x00, 0x00, 0x00, 0x00, 0x00, 0x00, 0x00, 0x00, 0x00, 0x00, 0x00,
    0x00, 0x00, 0x00, 0x00, 0x00, 0x00, 0x00, 0x00, 0x00, 0x00, 0x00, 0x00, 0x00, 0x00, 0x00, 0x00,
    0x00, 0x00, 0x00, 0x00, 0x00, 0x00, 0x00, 0x00, 0x00, 0x00, 0x00, 0x00, 0x00, 0x00, 0x00, 0x00,
    0x00, 0x00, 0x00, 0x00, 0x00, 0x00, 0x00, 0x00, 0x00, 0x00, 0x00, 0x00, 0x00, 0x00, 0x00, 0x00,
    0x00, 0x00, 0x00, 0x00, 0x00, 0x00, 0x00, 0x00, 0x00, 0x00, 0x00, 0x00, 0x00, 0x00, 0x00, 0x00,
    0x00, 0x00, 0x00, 0x00, 0x00, 0x00, 0x00, 0x00, 0x00, 0x00, 0x00, 0x00, 0x00, 0x00, 0x00, 0x00,
    0x00, 0x00, 0x00, 0x00, 0x00, 0x00, 0x00, 0x00, 0x00, 0x00, 0x00, 0x00, 0x00, 0x00, 0x00, 0x00,
    0x00, 0x00, 0x00, 0x00, 0x00, 0x00, 0x00, 0x00, 0x00, 0x00, 0x00, 0x00, 0x00, 0x00, 0x00, 0x00,
    0x00, 0x00, 0x00, 0x00, 0x00, 0x00, 0x00, 0x00, 0x00, 0x00, 0x00, 0x00, 0x00, 0x00, 0x00, 0x00,
    0x00, 0x00, 0x00, 0x00, 0x00, 0x00, 0x00, 0x00, 0x00, 0x00, 0x00, 0x00, 0x00, 0x00, 0x00, 0x00,
    0x00, 0x00, 0x00, 0x00, 0x00, 0x00, 0x00, 0x00, 0x00, 0x00, 0x00, 0x00, 0x00, 0x00, 0x00, 0x00,
    0x00, 0x00, 0x00, 0x00, 0x00, 0x00, 0x00, 0x00, 0x00, 0x00, 0x00, 0x00, 0x00, 0x00, 0x00, 0x00,
    0xff, 0xff, 0x1f, 0x00, 0x00, 0x00, 0xff, 0xff, 0x1f, 0x00, 0x00, 0x00, 0xff, 0xff, 0x1f, 0x00,
    0x00, 0x00, 0xff, 0xff, 0x1f, 0x00, 0x00, 0x00, 0x7f, 0x00, 0x00, 0x00, 0x00, 0x00, 0xfc, 0x01,
    0x00, 0x00, 0x00, 0x00, 0xf0, 0x0f, 0x00, 0x00, 0x00, 0x00, 0xc0, 0x3f, 0x00, 0x00, 0x00, 0x00,
    0x00, 0xff, 0x00, 0x00, 0x00, 0x00, 0x00, 0xf8, 0x03, 0x00, 0x00, 0x00, 0x00, 0xe0, 0x1f, 0x00,
    0x00, 0x00, 0x00, 0x80, 0x1f, 0x00, 0x00, 0x00, 0x00, 0x80, 0x1f, 0x00, 0x00, 0x00, 0x00, 0xe0,
    0x0f, 0x00, 0x00, 0x00, 0x00, 0xfc, 0x03, 0x00, 0x00, 0x00, 0x00, 0xff, 0x00, 0x00, 0x00, 0x00,
    0xc0, 0x3f, 0x00, 0x00, 0x00, 0x00, 0xf0, 0x07, 0x00, 0x00, 0x00, 0x00, 0xfe, 0x01, 0x00, 0x00,
    0x00, 0x00, 0x7f, 0x00, 0x00, 0x00, 0x00, 0x00, 0xff, 0xff, 0x1f, 0x00, 0x00, 0x00, 0xff, 0xff,
    0x1f, 0x00, 0x00, 0x00, 0xff, 0xff, 0x1f, 0x06, 0x00, 0x00, 0xff, 0xff, 0xff, 0x0f, 0x00, 0x00,
    0x00, 0x00, 0xfc, 0x07, 0x00, 0x00, 0x00, 0x00, 0xfc, 0x03, 0x00, 0x00, 0x00, 0x00, 0xfc, 0x00,
    0x00, 0x00, 0x00, 0x00, 0x00, 0x00, 0x00, 0x00, 0x00, 0x00, 0x00, 0x00, 0x00, 0x00, 0x00, 0x00,
    0x00, 0x00, 0x00, 0x00, 0x00, 0x00, 0x00, 0x00, 0x00, 0x00, 0x00, 0x00, 0x00, 0x00, 0x00, 0x00,
    0x00, 0x00, 0x00, 0x00, 0x00, 0x00, 0x00, 0x00, 0x00, 0x00, 0x00, 0x00, 0x00, 0x00, 0x00, 0x00,
    0x00, 0x00, 0x00, 0x00, 0x00, 0x00, 0x00, 0x00, 0x00, 0x00, 0x00, 0x00, 0x00, 0x00, 0x00, 0x00,
    0x00, 0x00, 0x00, 0x00, 0x00, 0x00, 0x00, 0x00, 0x00, 0x00, 0x00, 0x00, 0x00, 0x00, 0x00, 0x00,
    0x00, 0x00, 0x00, 0x00, 0x00, 0x00, 0x00, 0x00, 0x00, 0x00, 0x00, 0x00, 0x00, 0x00, 0x00, 0x00,
    0x00, 0x00, 0x00, 0x00, 0x00, 0x00, 0x00, 0x00, 0x00, 0x00, 0x00, 0x00, 0x00, 0x00, 0x00, 0x00,
    0x00, 0x00, 0x00, 0x00, 0x00, 0x00, 0x00, 0x00, 0x00, 0x00, 0x00, 0x00, 0x00, 0x00, 0x00, 0x00,
    0x00, 0x00, 0x00, 0x00, 0x00, 0x00, 0x00, 0x00, 0x00, 0x00, 0x00, 0x00, 0x00, 0x00, 0x00, 0x00,
    0x00, 0x00, 0x00, 0x00, 0x00, 0x00, 0x00, 0x00, 0x00, 0x00, 0x00, 0x00, 0x00, 0x00, 0x00, 0x00,
    0x00, 0x00, 0x00, 0x00, 0x00, 0x00, 0x00, 0x00, 0x00, 0x00, 0x00, 0x00, 0x00, 0x00, 0x00, 0x00,
    0x00, 0x00, 0x00, 0x00, 0x00, 0x00, 0x00, 0x00, 0x00, 0x00, 0x00, 0x00, 0x00, 0x00, 0x00, 0x00,
    0x00, 0x00, 0x00, 0x00, 0x00, 0x00, 0x00, 0xfe, 0xff, 0xff, 0x1f, 0x00, 0x00, 0xfe, 0xff, 0xff,
    0x1f, 0x00, 0x00, 0xfe, 0xff, 0xff, 0x1f, 0x00, 0x00, 0x00, 0x00, 0x00, 0x00, 0x00, 0x00, 0x00,
    0x00, 0x00, 0x00, 0x00, 0x00, 0x00, 0x00, 0x00, 0x00, 0x00, 0x00, 0x00, 0x00, 0x00, 0x00, 0x00,
    0x00, 0x00, 0x00, 0x00, 0x00, 0x00, 0x00, 0x00, 0x00, 0x00, 0x00, 0x00, 0x00, 0x00, 0x00, 0x00,
    0x00, 0x00, 0x00, 0x00, 0x00, 0x00, 0x00, 0x00, 0x00, 0x00, 0x00, 0x00, 0x00, 0x00, 0x00, 0x00,
    0x00, 0x00, 0x00, 0x00, 0x00, 0x00, 0x00, 0x00, 0x00, 0x00, 0x00, 0x00, 0x00, 0x00, 0x00, 0x00,
    0x00, 0x00, 0x00, 0x00, 0x00, 0x00, 0x00, 0x00, 0x00, 0x00, 0x00, 0x00, 0x00, 0x00, 0x00, 0x00,
    0x00, 0x00, 0x00, 0x00, 0x00, 0x00, 0x00, 0x00, 0x00, 0x00, 0x00, 0x00, 0x00, 0x00, 0x00, 0x00,
    0x00, 0x00, 0x00, 0x00, 0x00, 0x00, 0x00, 0x00, 0x00, 0x00, 0x00, 0x00, 0x00, 0x00, 0x00, 0x00,
    0x00, 0x00, 0x00, 0x00, 0x00, 0x00, 0x00, 0x00, 0x00, 0x00, 0x00, 0x00, 0x00, 0x00, 0x00, 0x00,
    0x00, 0x00, 0x00, 0x00, 0x00, 0x00, 0x00, 0x00, 0x00, 0x00, 0x00, 0x00, 0x00, 0x00, 0x00, 0x00,
    0x00, 0x00, 0x00, 0x00, 0x00, 0x00, 0x00, 0x00, 0x00, 0x00, 0x00, 0x00, 0x00, 0x00, 0x00, 0x00,
    0x00, 0x00, 0x00, 0x00, 0x00, 0x00, 0x00, 0x00, 0x00, 0x00, 0x00, 0x00, 0x00, 0x00, 0x00, 0x00,
    0x18, 0x00, 0x00, 0x00, 0x00, 0x00, 0x1f, 0x00, 0x00, 0x00, 0x00, 0xe0, 0x1f, 0x00, 0x00, 0x00,
    0x00, 0xf8, 0x1f, 0x00, 0x00, 0x00, 0x00, 0xff, 0x03, 0x00, 0x00, 0x00, 0xc0, 0x7f, 0x00, 0x00,
    0x00, 0x00, 0xf8, 0x3f, 0x00, 0x00, 0x1c, 0x00, 0xff, 0x3b, 0x00, 0x00, 0x3c, 0xc0, 0x7f, 0x38,
    0x00, 0x00, 0x7c, 0xf8, 0x1f, 0x38, 0x00, 0x00, 0x70, 0xfe, 0x03, 0x38, 0x00, 0x00, 0x60, 0x7e,
    0x00, 0x38, 0x00, 0x00, 0x60, 0x7e, 0x00, 0x38, 0x00, 0x00, 0x60, 0xfe, 0x03, 0x38, 0x00, 0x00,
    0x70, 0xf8, 0x0f, 0x38, 0x00, 0x00, 0x3c, 0xc0, 0x7f, 0x38, 0x00, 0x00, 0x3c, 0x00, 0xff, 0x3b,
    0x00, 0x00, 0x1c, 0x00, 0xf8, 0x3f, 0x00, 0x00, 0x00, 0x00, 0xe0, 0x7f, 0x00, 0x00, 0x00, 0x00,
    0x00, 0xff, 0x03, 0x00, 0x00, 0x00, 0x00, 0xfc, 0x0f, 0x00, 0x00, 0x00, 0x00, 0xe0, 0x1f, 0x00,
    0x00, 0x00, 0x00, 0x00, 0x1f, 0x00, 0x00, 0x00, 0x00, 0x00, 0x1c, 0x00, 0x00, 0x00, 0x00, 0x00,
    0x00, 0x00, 0x00, 0x00, 0x00, 0x00, 0x00, 0x00, 0x00, 0x00, 0x00, 0x00, 0x00, 0x00, 0x00, 0x00,
    0x00, 0x00, 0x00, 0x00, 0x00, 0x00, 0x00, 0x00, 0x00, 0x00, 0x00, 0x00, 0x00, 0x00, 0x00, 0x00,
    0x00, 0x00, 0x00, 0x00, 0x00, 0x00, 0x00, 0x00, 0x00, 0x00, 0x00, 0x00, 0x00, 0x00, 0x00, 0x00,
    0x00, 0x00, 0x00, 0x00, 0x00, 0x00, 0x00, 0x00, 0x00, 0x00, 0x00, 0x00, 0x00, 0x00, 0x00, 0x00,
    0x00, 0x00, 0x00, 0x00, 0x00, 0x00, 0x00, 0x00, 0x00, 0x00, 0x00, 0x00, 0x00, 0x00, 0x00, 0x00,
    0x00, 0x00, 0x00, 0x00, 0x00, 0x00, 0x00, 0x00, 0x00, 0x00, 0x00, 0x00, 0x00, 0x00, 0x00, 0x00,
    0x00, 0x00, 0x00, 0x00, 0x00, 0x00, 0x00, 0x00, 0x00, 0x00, 0x00, 0x00, 0x00, 0x00, 0x00, 0x00,
    0x00, 0x00, 0x00, 0x00, 0x00, 0x00, 0x00, 0x00, 0x00, 0x00, 0x00, 0x00, 0x00, 0x00, 0x00, 0x00,
    0x00, 0x00, 0x00, 0x00, 0x00, 0x00, 0x00, 0x00, 0x00, 0x00, 0x00, 0x00, 0x00, 0x00, 0x00, 0x00,
    0x00, 0x00, 0x00, 0x00, 0x00, 0x00, 0x00, 0x00, 0x00, 0x00, 0x00, 0x00, 0x00, 0x00, 0x00, 0x00,
    0x00, 0x00, 0x00, 0x00, 0x00, 0x00, 0x00, 0x00, 0x00, 0x00, 0x00, 0x00, 0x00, 0x00, 0x00, 0x00,
    0x00, 0x00, 0x00, 0x00, 0x00, 0x00, 0x00, 0x00, 0x00, 0xf0, 0x01, 0x00, 0x00, 0x00, 0x38, 0xf8,
    0x07, 0x00, 0x00, 0x00, 0x3c, 0xfc, 0x0f, 0x00, 0x00, 0x00, 0x3e, 0xfe, 0x0f, 0x00, 0x00, 0x0e,
    0x1e, 0x0e, 0x1f, 0x00, 0x00, 0x1e, 0x0e, 0x07, 0x1e, 0x00, 0x00, 0x3e, 0x07, 0x07, 0x1c, 0x00,
    0x00, 0x38, 0x07, 0x07, 0x1c, 0x00, 0x00, 0x30, 0x07, 0x07, 0x1c, 0x00, 0x00, 0x30, 0x07, 0x07,
    0x1c, 0x00, 0x00, 0x30, 0x07, 0x07, 0x0e, 0x00, 0x00, 0x38, 0x0f, 0x07, 0x0e, 0x00, 0x00, 0x1e,
    0x1e, 0x07, 0x07, 0x00, 0x00, 0x1e, 0xfe, 0xff, 0x0f, 0x00, 0x00, 0x0e, 0xfc, 0xff, 0x1f, 0x00,
    0x00, 0x00, 0xf8, 0xff, 0x1f, 0x00, 0x00, 0x00, 0xe0, 0xff, 0x1f, 0x00, 0x00, 0x00, 0x00, 0x00,
    0x10, 0x00, 0x00, 0x00, 0x00, 0x00, 0x00, 0x00, 0x00, 0x00, 0x00, 0x00, 0x00, 0x00, 0x00, 0x00,
    0x00, 0x00, 0x00, 0x00, 0x00, 0x00, 0x00, 0x00, 0x00, 0x00, 0x00, 0x00, 0x00, 0x00, 0x00, 0x00,
    0x00, 0x00, 0x00, 0x00, 0x00, 0x00, 0x00, 0x00, 0x00, 0x00, 0x00, 0x00, 0x00, 0x00, 0x00, 0x00,
    0x00, 0x00, 0x00, 0x00, 0x00, 0x00, 0x00, 0x00, 0x00, 0x00, 0x00, 0x00, 0x00, 0x00, 0x00, 0x00,
    0x00, 0x00, 0x00, 0x00, 0x00, 0x00, 0x00, 0x00, 0x00, 0x00, 0x00, 0x00, 0x00, 0x00, 0x00, 0x00,
    0x00, 0x00, 0x00, 0x00, 0x00, 0x00, 0x00, 0x00, 0x00, 0x00, 0x00, 0x00, 0x00, 0x00, 0x00, 0x00,
    0x00, 0x00, 0x00, 0x00, 0x00, 0x00, 0x00, 0x00, 0x00, 0x00, 0x00, 0x00, 0x00, 0x00, 0x00, 0x00,
    0x00, 0x00, 0x00, 0x00, 0x00, 0x00, 0x00, 0x00, 0x00, 0x00, 0x00, 0x00, 0x00, 0x00, 0x00, 0x00,
    0x00, 0x00, 0x00, 0x00, 0x00, 0x00, 0x00, 0x00, 0x00, 0x00, 0x00, 0x00, 0x00, 0x00, 0x00, 0x00,
    0x00, 0x00, 0x00, 0x00, 0x00, 0x00, 0x00, 0x00, 0x00, 0x00, 0x00, 0x00, 0x00, 0x00, 0x00, 0x00,
    0x00, 0x00, 0x00, 0x00, 0x00, 0x00, 0x00, 0x00, 0x00, 0x00, 0x00, 0x00, 0x00, 0x00, 0x00, 0x00,
    0x00, 0x00, 0x00, 0x00, 0x00, 0x00, 0x00, 0x00, 0x00, 0x00, 0x18, 0x00, 0x00, 0x00, 0x00, 0x00,
    0x1f, 0x00, 0x00, 0x00, 0x00, 0xe0, 0x1f, 0x00, 0x00, 0x00, 0x00, 0xf8, 0x1f, 0x00, 0x00, 0x00,
    0x00, 0xff, 0x03, 0x00, 0x00, 0x00, 0xc0, 0x7f, 0x00, 0x00, 0x38, 0x00, 0xf8, 0x3f, 0x00, 0x00,
    0x78, 0x00, 0xff, 0x3b, 0x00, 0x00, 0x78, 0xc0, 0x7f, 0x38, 0x00, 0x00, 0x78, 0xf8, 0x1f, 0x38,
    0x00, 0x00, 0x00, 0xfe, 0x03, 0x38, 0x00, 0x00, 0x00, 0x7e, 0x00, 0x38, 0x00, 0x00, 0x00, 0x7e,
    0x00, 0x38, 0x00, 0x00, 0x00, 0xfe, 0x03, 0x38, 0x00, 0x00, 0x30, 0xf8, 0x0f, 0x38, 0x00, 0x00,
    0x78, 0xc0, 0x7f, 0x38, 0x00, 0x00, 0x78, 0x00, 0xff, 0x3b, 0x00, 0x00, 0x78, 0x00, 0xf8, 0x3f,
    0x00, 0x00, 0x30, 0x00, 0xe0, 0x7f, 0x00, 0x00, 0x00, 0x00, 0x00, 0xff, 0x03, 0x00, 0x00, 0x00,
    0x00, 0xfc, 0x0f, 0x00, 0x00, 0x00, 0x00, 0xe0, 0x1f, 0x00, 0x00, 0x00, 0x00, 0x00, 0x1f, 0x00,
    0x00, 0x00, 0x00, 0x00, 0x1c, 0x00, 0x00, 0x00, 0x00, 0x00, 0x00, 0x00, 0x00, 0x00, 0x00, 0x00,
    0x00, 0x00, 0x00, 0x00, 0x00, 0x00, 0x00, 0x00, 0x00, 0x00, 0x00, 0x00, 0x00, 0x00, 0x00, 0x00,
    0x00, 0x00, 0x00, 0x00, 0x00, 0x00, 0x00, 0x00, 0x00, 0x00, 0x00, 0x00, 0x00, 0x00, 0x00, 0x00,
    0x00, 0x00, 0x00, 0x00, 0x00, 0x00, 0x00, 0x00, 0x00, 0x00, 0x00, 0x00, 0x00, 0x00, 0x00, 0x00,
    0x00, 0x00, 0x00, 0x00, 0x00, 0x00, 0x00, 0x00, 0x00, 0x00, 0x00, 0x00, 0x00, 0x00, 0x00, 0x00,
    0x00, 0x00, 0x00, 0x00, 0x00, 0x00, 0x00, 0x00, 0x00, 0x00, 0x00, 0x00, 0x00, 0x00, 0x00, 0x00,
    0x00, 0x00, 0x00, 0x00, 0x00, 0x00, 0x00, 0x00, 0x00, 0x00, 0x00, 0x00, 0x00, 0x00, 0x00, 0x00,
    0x00, 0x00, 0x00, 0x00, 0x00, 0x00, 0x00, 0x00, 0x00, 0x00, 0x00, 0x00, 0x00, 0x00, 0x00, 0x00,
    0x00, 0x00, 0x00, 0x00, 0x00, 0x00, 0x00, 0x00, 0x00, 0x00, 0x00, 0x00, 0x00, 0x00, 0x00, 0x00,
    0x00, 0x00, 0x00, 0x00, 0x00, 0x00, 0x00, 0x00, 0x00, 0x00, 0x00, 0x00, 0x00, 0x00, 0x00, 0x00,
    0x00, 0x00, 0x00, 0x00, 0x00, 0x00, 0x00, 0x00, 0x00, 0x00, 0x00, 0x00, 0x00, 0x00, 0x00, 0x00,
    0x00, 0x00, 0x00, 0x00, 0x00, 0x00, 0x00, 0x00, 0x00, 0x00, 0x00, 0x00, 0x00, 0x00, 0x00, 0x00,
    0x00, 0x00, 0x00, 0xf0, 0x01, 0x00, 0x00, 0x00, 0x38, 0xf8, 0x07, 0x00, 0x00, 0x00, 0x3c, 0xfc,
    0x0f, 0x00, 0x00, 0x0e, 0x3e, 0xfe, 0x0f, 0x00, 0x00, 0x1e, 0x1e, 0x0e, 0x1f, 0x00, 0x00, 0x1e,
    0x0e, 0x07, 0x1e, 0x00, 0x00, 0x1e, 0x07, 0x07, 0x1c, 0x00, 0x00, 0x00, 0x07, 0x07, 0x1c, 0x00,
    0x00, 0x00, 0x07, 0x07, 0x1c, 0x00, 0x00, 0x00, 0x07, 0x07, 0x1c, 0x00, 0x00, 0x00, 0x07, 0x07,
    0x0e, 0x00, 0x00, 0x0c, 0x0f, 0x07, 0x0e, 0x00, 0x00, 0x1e, 0x1e, 0x07, 0x07, 0x00, 0x00, 0x1e,
    0xfe, 0xff, 0x0f, 0x00, 0x00, 0x1e, 0xfc, 0xff, 0x1f, 0x00, 0x00, 0x0c, 0xf8, 0xff, 0x1f, 0x00,
    0x00, 0x00, 0xe0, 0xff, 0x1f, 0x00, 0x00, 0x00, 0x00, 0x00, 0x10, 0x00, 0x00, 0x00, 0x00, 0x00,
    0x00, 0x00, 0x00, 0x00, 0x00, 0x00, 0x00, 0x00, 0x00, 0x00, 0x00, 0x00, 0x00, 0x00, 0x00, 0x00,
    0x00, 0x00, 0x00, 0x00, 0x00, 0x00, 0x00, 0x00, 0x00, 0x00, 0x00, 0x00, 0x00, 0x00, 0x00, 0x00,
    0x00, 0x00, 0x00, 0x00, 0x00, 0x00, 0x00, 0x00, 0x00, 0x00, 0x00, 0x00, 0x00, 0x00, 0x00, 0x00,
    0x00, 0x00, 0x00, 0x00, 0x00, 0x00, 0x00, 0x00, 0x00, 0x00, 0x00, 0x00, 0x00, 0x00, 0x00, 0x00,
    0x00, 0x00, 0x00, 0x00, 0x00, 0x00, 0x00, 0x00, 0x00, 0x00, 0x00, 0x00, 0x00, 0x00, 0x00, 0x00,
    0x00, 0x00, 0x00, 0x00, 0x00, 0x00, 0x00, 0x00, 0x00, 0x00, 0x00, 0x00, 0x00, 0x00, 0x00, 0x00,
    0x00, 0x00, 0x00, 0x00, 0x00, 0x00, 0x00, 0x00, 0x00, 0x00, 0x00, 0x00, 0x00, 0x00, 0x00, 0x00,
    0x00, 0x00, 0x00, 0x00, 0x00, 0x00, 0x00, 0x00, 0x00, 0x00, 0x00, 0x00, 0x00, 0x00, 0x00, 0x00,
    0x00, 0x00, 0x00, 0x00, 0x00, 0x00, 0x00, 0x00, 0x00, 0x00, 0x00, 0x00, 0x00, 0x00, 0x00, 0x00,
    0x00, 0x00, 0x00, 0x00, 0x00, 0x00, 0x00, 0x00, 0x00, 0x00, 0x00, 0x00, 0x00, 0x00, 0x00, 0x00,
    0x00, 0x00, 0x00, 0x00, 0x00, 0x00, 0x00, 0x00, 0x00, 0x00, 0x00, 0x00, 0x00, 0x00, 0x10, 0x00,
    0x00, 0x00, 0x00, 0x00, 0x1c, 0x00, 0x00, 0x00, 0x00, 0x00, 0x1f, 0x00, 0x00, 0x00, 0x00, 0x80,
    0x1f, 0x00, 0x00, 0x00, 0x00, 0xe0, 0x0f, 0x00, 0x00, 0x00, 0x00, 0xf0, 0x07, 0x00, 0x00, 0x00,
    0x00, 0xfc, 0x01, 0x00, 0x00, 0x00, 0x00, 0x7f, 0x00, 0x00, 0x00, 0x00, 0x80, 0x3f, 0x00, 0x00,
    0x00, 0x00, 0xe0, 0x3f, 0x00, 0x00, 0x00, 0x00, 0xf8, 0x3b, 0x00, 0x00, 0x00, 0x00, 0xfc, 0x39,
    0x00, 0x00, 0x00, 0x00, 0x7f, 0x38, 0x00, 0x00, 0x00, 0x80, 0x1f, 0x38, 0x00, 0x00, 0x00, 0xe0,
    0x07, 0x38, 0x00, 0x00, 0x00, 0xf8, 0x03, 0x38, 0x00, 0x00, 0x00, 0xfc, 0x00, 0x38, 0x00, 0x00,
    0x00, 0x3e, 0x00, 0x38, 0x00, 0x00, 0x00, 0x7e, 0x00, 0x38, 0x00, 0x00, 0x00, 0xfe, 0xff, 0xff,
    0x1f, 0x00, 0x00, 0xfe, 0xff, 0xff, 0x1f, 0x00, 0x00, 0xfe, 0xff, 0xff, 0x1f, 0x00, 0x00, 0x0e,
    0xe0, 0xff, 0x1f, 0x00, 0x00, 0x0e, 0xe0, 0x00, 0x1c, 0x00, 0x00, 0x0e, 0xe0, 0x00, 0x1c, 0x00,
    0x00, 0x0e, 0xe0, 0x00, 0x1c, 0x00, 0x00, 0x0e, 0xe0, 0x00, 0x1c, 0x00, 0x00, 0x0e, 0xe0, 0x00,
    0x1c, 0x00, 0x00, 0x0e, 0xe0, 0x00, 0x1c, 0x00, 0x00, 0x0e, 0xe0, 0x00, 0x1c, 0x00, 0x00, 0x0e,
    0xe0, 0x00, 0x1c, 0x00, 0x00, 0x0e, 0xe0, 0x00, 0x1c, 0x00, 0x00, 0x0e, 0xe0, 0x00, 0x1c, 0x00,
    0x00, 0x0e, 0xe0, 0x00, 0x1c, 0x00, 0x00, 0x0e, 0x00, 0x00, 0x1c, 0x00, 0x00, 0x0e, 0x00, 0x00,
    0x1c, 0x00, 0x00, 0x00, 0x00, 0x00, 0x1c, 0x00, 0x00, 0x00, 0x00, 0x00, 0x00, 0x00, 0x00, 0x00,
    0x00, 0x00, 0x00, 0x00, 0x00, 0x00, 0x00, 0x00, 0x00, 0x00, 0x00, 0x00, 0x00, 0x00, 0x00, 0x00,
    0x00, 0x00, 0x00, 0x00, 0x00, 0x00, 0x00, 0x00, 0x00, 0x00, 0x00, 0x00, 0x00, 0x00, 0x00, 0x00,
    0x00, 0x00, 0x00, 0x00, 0x00, 0x00, 0x00, 0x00, 0x00, 0x00, 0x00, 0x00, 0x00, 0x00, 0x00, 0x00,
    0x00, 0x00, 0x00, 0x00, 0x00, 0x00, 0x00, 0x00, 0x00, 0x00, 0x00, 0x00, 0x00, 0x00, 0x00, 0x00,
    0x00, 0x00, 0x00, 0x00, 0x00, 0x00, 0x00, 0x00, 0x00, 0x00, 0x00, 0x00, 0x00, 0x00, 0x00, 0x00,
    0x00, 0x00, 0x00, 0x00, 0x00, 0x00, 0x00, 0x00, 0x00, 0x00, 0x00, 0x00, 0x00, 0x00, 0x00, 0x00,
    0x00, 0x00, 0x00, 0x00, 0x00, 0x00, 0x00, 0x00, 0x00, 0x00, 0x00, 0x00, 0x00, 0x00, 0x00, 0x00,
    0x00, 0x00, 0x00, 0x00, 0x00, 0x00, 0x00, 0x00, 0x00, 0x00, 0x00, 0x00, 0x00, 0x00, 0x00, 0x00,
    0x00, 0x00, 0x00, 0x00, 0x00, 0x00, 0x00, 0x00, 0x00, 0x00, 0x00, 0x00, 0x00, 0x00, 0x00, 0x00,
    0x00, 0x00, 0x00, 0x00, 0x00, 0x00, 0x00, 0x00, 0x00, 0x00, 0x00, 0x00, 0x00, 0x00, 0x00, 0x00,
    0x00, 0x00, 0x00, 0x00, 0x00, 0x00, 0x00, 0x00, 0x00, 0x00, 0x00, 0x00, 0x00, 0x00, 0x00, 0x00,
    0x00, 0x00, 0x00, 0x00, 0x30, 0xf8, 0x03, 0x00, 0x00, 0x00, 0x38, 0xfc, 0x07, 0x00, 0x00, 0x00,
    0x7c, 0xfe, 0x0f, 0x00, 0x00, 0x00, 0x7e, 0x1e, 0x1f, 0x00, 0x00, 0x00, 0x1e, 0x0e, 0x1e, 0x00,
    0x00, 0x00, 0x0f, 0x0f, 0x1c, 0x00, 0x00, 0x00, 0x07, 0x07, 0x1c, 0x00, 0x00, 0x00, 0x07, 0x07,
    0x1c, 0x00, 0x00, 0x00, 0x07, 0x07, 0x1c, 0x00, 0x00, 0x00, 0x07, 0x07, 0x1c, 0x00, 0x00, 0x00,
    0x07, 0x07, 0x0e, 0x00, 0x00, 0x00, 0x0f, 0x07, 0x0e, 0x00, 0x00, 0x00, 0x3e, 0x07, 0x0f, 0x00,
    0x00, 0x00, 0xfe, 0xff, 0x07, 0x00, 0x00, 0x00, 0xfc, 0xff, 0x03, 0x00, 0x00, 0x00, 0xf8, 0xff,
    0x03, 0x00, 0x00, 0x00, 0xfc, 0xe7, 0x07, 0x00, 0x00, 0x00, 0x1e, 0x07, 0x0f, 0x00, 0x00, 0x00,
    0x0e, 0x07, 0x0e, 0x00, 0x00, 0x00, 0x0f, 0x07, 0x1e, 0x00, 0x00, 0x00, 0x07, 0x07, 0x1c, 0x00,
    0x00, 0x00, 0x07, 0x07, 0x1c, 0x00, 0x00, 0x00, 0x07, 0x07, 0x1c, 0x00, 0x00, 0x00, 0x07, 0x07,
    0x1c, 0x00, 0x00, 0x00, 0x0f, 0x07, 0x1c, 0x00, 0x00, 0x00, 0x0e, 0x07, 0x1c, 0x00, 0x00, 0x00,
    0x3e, 0x07, 0x0e, 0x00, 0x00, 0x00, 0xfc, 0x07, 0x0e, 0x00, 0x00, 0x00, 0xf8, 0x07, 0x0f, 0x00,
    0x00, 0x00, 0xf0, 0x07, 0x06, 0x00, 0x00, 0x00, 0x00, 0x00, 0x00, 0x00, 0x00, 0x00, 0x00, 0x00,
    0x00, 0x00, 0x00, 0x00, 0x00, 0x00, 0x00, 0x00, 0x00, 0x00, 0x00, 0x00, 0x00, 0x00, 0x00, 0x00,
    0x00, 0x00, 0x00, 0x00, 0x00, 0x00, 0x00, 0x00, 0x00, 0x00, 0x00, 0x00, 0x00, 0x00, 0x00, 0x00,
    0x00, 0x00, 0x00, 0x00, 0x00, 0x00, 0x00, 0x00, 0x00, 0x00, 0x00, 0x00, 0x00, 0x00, 0x00, 0x00,
    0x00, 0x00, 0x00, 0x00, 0x00, 0x00, 0x00, 0x00, 0x00, 0x00, 0x00, 0x00, 0x00, 0x00, 0x00, 0x00,
    0x00, 0x00, 0x00, 0x00, 0x00, 0x00, 0x00, 0x00, 0x00, 0x00, 0x00, 0x00, 0x00, 0x00, 0x00, 0x00,
    0x00, 0x00, 0x00, 0x00, 0x00, 0x00, 0x00, 0x00, 0x00, 0x00, 0x00, 0x00, 0x00, 0x00, 0x00, 0x00,
    0x00, 0x00, 0x00, 0x00, 0x00, 0x00, 0x00, 0x00, 0x00, 0x00, 0x00, 0x00, 0x00, 0x00, 0x00, 0x00,
    0x00, 0x00, 0x00, 0x00, 0x00, 0x00, 0x00, 0x00, 0x00, 0x00, 0x00, 0x00, 0x00, 0x00, 0x00, 0x00,
    0x00, 0x00, 0x00, 0x00, 0x00, 0x00, 0x00, 0x00, 0x00, 0x00, 0x00, 0x00, 0x00, 0x00, 0x00, 0x00,
    0x00, 0x00, 0x00, 0x00, 0x00, 0x00, 0x00, 0x00, 0x00, 0x00, 0x00, 0x00, 0x00, 0x00, 0x00, 0x00,
    0x00, 0x00, 0x00, 0x00, 0x00, 0x00, 0x00, 0x00, 0x00, 0x00, 0x00, 0x00, 0x00, 0x00, 0x00, 0x00,
    0x00, 0x00, 0x00, 0x00, 0x00, 0x00, 0x00, 0xfe, 0xff, 0xff, 0x1f, 0x00, 0x00, 0xfe, 0xff, 0xff,
    0x1f, 0x00, 0x00, 0xfe, 0xff, 0xff, 0x1f, 0x00, 0x00, 0xfe, 0xff, 0xff, 0x1f, 0x00, 0x1c, 0x0e,
    0xe0, 0x00, 0x1c, 0x00, 0x3c, 0x0e, 0xe0, 0x00, 0x1c, 0x00, 0x7c, 0x0e, 0xe0, 0x00, 0x1c, 0x00,
    0x70, 0x0e, 0xe0, 0x00, 0x1c, 0x00, 0x60, 0x0e, 0xe0, 0x00, 0x1c, 0x00, 0x60, 0x0e, 0xe0, 0x00,
    0x1c, 0x00, 0x60, 0x0e, 0xe0, 0x00, 0x1c, 0x00, 0x70, 0x0e, 0xe0, 0x00, 0x1c, 0x00, 0x3c, 0x0e,
    0xe0, 0x00, 0x1c, 0x00, 0x3c, 0x0e, 0xe0, 0x00, 0x1c, 0x00, 0x1c, 0x0e, 0xe0, 0x00, 0x1c, 0x00,
    0x00, 0x0e, 0xe0, 0x00, 0x1c, 0x00, 0x00, 0x0e, 0x00, 0x00, 0x1c, 0x00, 0x00, 0x0e, 0x00, 0x00,
    0x1c, 0x00, 0x00, 0x00, 0x00, 0x00, 0x00, 0x00, 0x00, 0x00, 0x00, 0x00, 0x00, 0x00, 0x00, 0x00,
    0x00, 0x00, 0x00, 0x00, 0x00, 0x00, 0x00, 0x00, 0x00, 0x00, 0x00, 0x00, 0x00, 0x00, 0x00, 0x00,
    0x00, 0x00, 0x00, 0x00, 0x00, 0x00, 0x00, 0x00, 0x00, 0x00, 0x00, 0x00, 0x00, 0x00, 0x00, 0x00,
    0x00, 0x00, 0x00, 0x00, 0x00, 0x00, 0x00, 0x00, 0x00, 0x00, 0x00, 0x00, 0x00, 0x00, 0x00, 0x00,
    0x00, 0x00, 0x00, 0x00, 0x00, 0x00, 0x00, 0x00, 0x00, 0x00, 0x00, 0x00, 0x00, 0x00, 0x00, 0x00,
    0x00, 0x00, 0x00, 0x00, 0x00, 0x00, 0x00, 0x00, 0x00, 0x00, 0x00, 0x00, 0x00, 0x00, 0x00, 0x00,
    0x00, 0x00, 0x00, 0x00, 0x00, 0x00, 0x00, 0x00, 0x00, 0x00, 0x00, 0x00, 0x00, 0x00, 0x00, 0x00,
    0x00, 0x00, 0x00, 0x00, 0x00, 0x00, 0x00, 0x00, 0x00, 0x00, 0x00, 0x00, 0x00, 0x00, 0x00, 0x00,
    0x00, 0x00, 0x00, 0x00, 0x00, 0x00, 0x00, 0x00, 0x00, 0x00, 0x00, 0x00, 0x00, 0x00, 0x00, 0x00,
    0x00, 0x00, 0x00, 0x00, 0x00, 0x00, 0x00, 0x00, 0x00, 0x00, 0x00, 0x00, 0x00, 0x00, 0x00, 0x00,
    0x00, 0x00, 0x00, 0x00, 0x00, 0x00, 0x00, 0x00, 0x00, 0x00, 0x00, 0x00, 0x00, 0x00, 0x00, 0x00,
    0x00, 0x00, 0x00, 0x00, 0x00, 0x00, 0x00, 0x00, 0x00, 0x00, 0x00, 0x00, 0x00, 0x00, 0xc0, 0x7f,
    0x00, 0x00, 0x00, 0x00, 0xf0, 0xff, 0x01, 0x00, 0x00, 0x00, 0xf8, 0xff, 0x03, 0x00, 0x00, 0x00,
    0xfc, 0xf7, 0x07, 0x00, 0x00, 0x0e, 0x3e, 0x87, 0x0f, 0x00, 0x00, 0x1e, 0x0e, 0x07, 0x0f, 0x00,
    0x00, 0x3e, 0x0f, 0x07, 0x1e, 0x00, 0x00, 0x38, 0x07, 0x07, 0x1c, 0x00, 0x00, 0x30, 0x07, 0x07,
    0x1c, 0x00, 0x00, 0x30, 0x07, 0x07, 0x1c, 0x00, 0x00, 0x30, 0x07, 0x07, 0x1c, 0x00, 0x00, 0x38,
    0x07, 0x07, 0x1c, 0x00, 0x00, 0x1e, 0x0e, 0x07, 0x1e, 0x00, 0x00, 0x1e, 0x1e, 0x07, 0x0e, 0x00,
    0x00, 0x0e, 0xfc, 0x07, 0x0f, 0x00, 0x00, 0x00, 0xf8, 0x87, 0x07, 0x00, 0x00, 0x00, 0xf0, 0x07,
    0x03, 0x00, 0x00, 0x00, 0x80, 0x07, 0x00, 0x00, 0x00, 0x00, 0x00, 0x00, 0x00, 0x00, 0x00, 0x00,
    0x00, 0x00, 0x00, 0x00, 0x00, 0x00, 0x00, 0x00, 0x00, 0x00, 0x00, 0x00, 0x00, 0x00, 0x00, 0x00,
    0x00, 0x00, 0x00, 0x00, 0x00, 0x00, 0x00, 0x00, 0x00, 0x00, 0x00, 0x00, 0x00, 0x00, 0x00, 0x00,
    0x00, 0x00, 0x00, 0x00, 0x00, 0x00, 0x00, 0x00, 0x00, 0x00, 0x00, 0x00, 0x00, 0x00, 0x00, 0x00,
    0x00, 0x00, 0x00, 0x00, 0x00, 0x00, 0x00, 0x00, 0x00, 0x00, 0x00, 0x00, 0x00, 0x00, 0x00, 0x00,
    0x00, 0x00, 0x00, 0x00, 0x00, 0x00, 0x00, 0x00, 0x00, 0x00, 0x00, 0x00, 0x00, 0x00, 0x00, 0x00,
    0x00, 0x00, 0x00, 0x00, 0x00, 0x00, 0x00, 0x00, 0x00, 0x00, 0x00, 0x00, 0x00, 0x00, 0x00, 0x00,
    0x00, 0x00, 0x00, 0x00, 0x00, 0x00, 0x00, 0x00, 0x00, 0x00, 0x00, 0x00, 0x00, 0x00, 0x00, 0x00,
    0x00, 0x00, 0x00, 0x00, 0x00, 0x00, 0x00, 0x00, 0x00, 0x00, 0x00, 0x00, 0x00, 0x00, 0x00, 0x00,
    0x00, 0x00, 0x00, 0x00, 0x00, 0x00, 0x00, 0x00, 0x00, 0x00, 0x00, 0x00, 0x00, 0x00, 0x00, 0x00,
    0x00, 0x00, 0x00, 0x00, 0x00, 0x00, 0x00, 0x00, 0x00, 0x00, 0x00, 0x00, 0x00, 0x00, 0x00, 0x00,
    0x00, 0x00, 0x00, 0x00, 0x00, 0x00, 0x00, 0x00, 0x00, 0x00, 0x00, 0x00, 0x00, 0x00, 0x00, 0x00,
    0x00, 0x00, 0x00, 0x00, 0xc0, 0x1f, 0x00, 0x00, 0x00, 0x00, 0xc0, 0xff, 0x00, 0x00, 0x00, 0x00,
    0xc0, 0xff, 0x01, 0x00, 0x00, 0x3c, 0xc0, 0xff, 0x03, 0x00, 0x00, 0x1c, 0xc0, 0xc1, 0x07, 0x00,
    0x00, 0x1c, 0xc0, 0x01, 0x0f, 0x00, 0x00, 0x1e, 0xc0, 0x01, 0x0f, 0x00, 0x00, 0x0e, 0xc0, 0x01,
    0x0e, 0x00, 0x00, 0x0e, 0xc0, 0x01, 0x1e, 0x00, 0x00, 0x0e, 0xc0, 0x01, 0x1c, 0x00, 0x00, 0x0e,
    0xc0, 0x01, 0x1c, 0x00, 0x00, 0x0e, 0xc0, 0x01, 0x1c, 0x00, 0x00, 0x0e, 0xc0, 0x01, 0x1c, 0x00,
    0x00, 0x1e, 0xc0, 0x01, 0x1c, 0x00, 0x00, 0x1e, 0xc0, 0x01, 0x1e, 0x00, 0x00, 0x1c, 0xc0, 0x01,
    0x0e, 0x00, 0x00, 0x3c, 0xc0, 0x01, 0x0f, 0x00, 0x00, 0x78, 0xc0, 0x81, 0x07, 0x00, 0x00, 0xf8,
    0xc1, 0xe1, 0x07, 0x00, 0x00, 0xf0, 0xdf, 0xfd, 0x03, 0x00, 0x00, 0xe0, 0xff, 0xff, 0x01, 0x00,
    0x00, 0x80, 0xff, 0x7f, 0x00, 0x00, 0x00, 0x00, 0xfe, 0x1f, 0x00, 0x00, 0x00, 0x00, 0x00, 0x00,
    0x00, 0x00, 0x00, 0x00, 0x00, 0x00, 0x00, 0x00, 0x00, 0x00, 0x00, 0x00, 0x00, 0x00, 0x00, 0x00,
    0x00, 0x00, 0x00, 0x00, 0x00, 0x00, 0x00, 0x00, 0x00, 0x00, 0x00, 0x00, 0x00, 0x00, 0x00, 0x00,
    0x00, 0x00, 0x00, 0x00, 0x00, 0x00, 0x00, 0x00, 0x00, 0x00, 0x00, 0x00, 0x00, 0x00, 0x00, 0x00,
    0x00, 0x00, 0x00, 0x00, 0x00, 0x00, 0x00, 0x00, 0x00, 0x00, 0x00, 0x00, 0x00, 0x00, 0x00, 0x00,
    0x00, 0x00, 0x00, 0x00, 0x00, 0x00, 0x00, 0x00, 0x00, 0x00, 0x00, 0x00, 0x00, 0x00, 0x00, 0x00,
    0x00, 0x00, 0x00, 0x00, 0x00, 0x00, 0x00, 0x00, 0x00, 0x00, 0x00, 0x00, 0x00, 0x00, 0x00, 0x00,
    0x00, 0x00, 0x00, 0x00, 0x00, 0x00, 0x00, 0x00, 0x00, 0x00, 0x00, 0x00, 0x00, 0x00, 0x00, 0x00,
    0x00, 0x00, 0x00, 0x00, 0x00, 0x00, 0x00, 0x00, 0x00, 0x00, 0x00, 0x00, 0x00, 0x00, 0x00, 0x00,
    0x00, 0x00, 0x00, 0x00, 0x00, 0x00, 0x00, 0x00, 0x00, 0x00, 0x00, 0x00, 0x00, 0x00, 0x00, 0x00,
    0x00, 0x00, 0x00, 0x00, 0x00, 0x00, 0x00, 0x00, 0x00, 0x00, 0x00, 0x00, 0x00, 0x00, 0x00, 0x00,
    0x00, 0x00, 0x00, 0x00, 0x00, 0x00, 0x00, 0x00, 0x00, 0x00, 0x00, 0x00, 0x00, 0x00, 0x00, 0x00,
    0x00, 0x00, 0x00, 0x00, 0x00, 0x00, 0x00, 0x00, 0x00, 0xfc, 0x00, 0x00, 0x00, 0x00, 0x0c, 0xfc,
    0x03, 0x00, 0x00, 0x00, 0x1e, 0xfc, 0x07, 0x00, 0x00, 0x00, 0x0e, 0xfc, 0x0f, 0x00, 0x00, 0x00,
    0x0f, 0x1c, 0x0f, 0x00, 0x00, 0x00, 0x07, 0x1c, 0x1e, 0x00, 0x00, 0x00, 0x07, 0x1c, 0x1c, 0x00,
    0x00, 0x00, 0x07, 0x1c, 0x1c, 0x00, 0x00, 0x00, 0x07, 0x1c, 0x1c, 0x00, 0x00, 0x00, 0x07, 0x1c,
    0x1c, 0x00, 0x00, 0x00, 0x0f, 0x1c, 0x1c, 0x00, 0x00, 0x00, 0x0e, 0x1c, 0x1e, 0x00, 0x00, 0x00,
    0x1e, 0x1c, 0x0f, 0x00, 0x00, 0x00, 0x7c, 0xdc, 0x07, 0x00, 0x00, 0x00, 0xfc, 0xff, 0x07, 0x00,
    0x00, 0x00, 0xf8, 0xff, 0x01, 0x00, 0x00, 0x00, 0xe0, 0xff, 0x00, 0x00, 0x00, 0x00, 0x00, 0x0e,
    0x00, 0x00, 0x00, 0x00, 0x00, 0x00, 0x00, 0x00, 0x00, 0x00, 0x00, 0x00, 0x00, 0x00, 0x00, 0x00,
    0x00, 0x00, 0x00, 0x00, 0x00, 0x00, 0x00, 0x00, 0x00, 0x00, 0x00, 0x00, 0x00, 0x00, 0x00, 0x00,
    0x00, 0x00, 0x00, 0x00, 0x00, 0x00, 0x00, 0x00, 0x00, 0x00, 0x00, 0x00, 0x00, 0x00, 0x00, 0x00,
    0x00, 0x00, 0x00, 0x00, 0x00, 0x00, 0x00, 0x00, 0x00, 0x00, 0x00, 0x00, 0x00, 0x00, 0x00, 0x00,
    0x00, 0x00, 0x00, 0x00, 0x00, 0x00, 0x00, 0x00, 0x00, 0x00, 0x00, 0x00, 0x00, 0x00, 0x00, 0x00,
    0x00, 0x00, 0x00, 0x00, 0x00, 0x00, 0x00, 0x00, 0x00, 0x00, 0x00, 0x00, 0x00, 0x00, 0x00, 0x00,
    0x00, 0x00, 0x00, 0x00, 0x00, 0x00, 0x00, 0x00, 0x00, 0x00, 0x00, 0x00, 0x00, 0x00, 0x00, 0x00,
    0x00, 0x00, 0x00, 0x00, 0x00, 0x00, 0x00, 0x00, 0x00, 0x00, 0x00, 0x00, 0x00, 0x00, 0x00, 0x00,
    0x00, 0x00, 0x00, 0x00, 0x00, 0x00, 0x00, 0x00, 0x00, 0x00, 0x00, 0x00, 0x00, 0x00, 0x00, 0x00,
    0x00, 0x00, 0x00, 0x00, 0x00, 0x00, 0x00, 0x00, 0x00, 0x00, 0x00, 0x00, 0x00, 0x00, 0x00, 0x00,
    0x00, 0x00, 0x00, 0x00, 0x00, 0x00, 0x00, 0x00, 0x00, 0x00, 0x00, 0x00, 0x00, 0x00, 0x00, 0x00,
    0x00, 0x00, 0x00, 0x00, 0x00, 0x00, 0x00, 0x00, 0x00, 0x00, 0x00, 0x00, 0x00, 0x00, 0xc0, 0x1f,
    0x00, 0x00, 0x00, 0x00, 0xc0, 0xff, 0x00, 0x00, 0x00, 0x00, 0xc0, 0xff, 0x01, 0x00, 0x00, 0x3c,
    0xc0, 0xff, 0x03, 0x00, 0x70, 0x1c, 0xc0, 0xc1, 0x07, 0x00, 0xf0, 0x1c, 0xc0, 0x01, 0x0f, 0x00,
    0xf0, 0x1e, 0xc0, 0x01, 0x0f, 0x00, 0xf0, 0x0e, 0xc0, 0x01, 0x0e, 0x00, 0x00, 0x0e, 0xc0, 0x01,
    0x1e, 0x00, 0x00, 0x0e, 0xc0, 0x01, 0x1c, 0x00, 0x00, 0x0e, 0xc0, 0x01, 0x1c, 0x00, 0x00, 0x0e,
    0xc0, 0x01, 0x1c, 0x00, 0x60, 0x0e, 0xc0, 0x01, 0x1c, 0x00, 0xf0, 0x1e, 0xc0, 0x01, 0x1c, 0x00,
    0xf0, 0x1e, 0xc0, 0x01, 0x1e, 0x00, 0xf0, 0x1c, 0xc0, 0x01, 0x0e, 0x00, 0x60, 0x3c, 0xc0, 0x01,
    0x0f, 0x00, 0x00, 0x78, 0xc0, 0x81, 0x07, 0x00, 0x00, 0xf8, 0xc1, 0xe1, 0x07, 0x00, 0x00, 0xf0,
    0xdf, 0xfd, 0x03, 0x00, 0x00, 0xe0, 0xff, 0xff, 0x01, 0x00, 0x00, 0x80, 0xff, 0x7f, 0x00, 0x00,
    0x00, 0x00, 0xfe, 0x1f, 0x00, 0x00, 0x00, 0x00, 0x00, 0x00, 0x00, 0x00, 0x00, 0x00, 0x00, 0x00,
    0x00, 0x00, 0x00, 0x00, 0x00, 0x00, 0x00, 0x00, 0x00, 0x00, 0x00, 0x00, 0x00, 0x00, 0x00, 0x00,
    0x00, 0x00, 0x00, 0x00, 0x00, 0x00, 0x00, 0x00, 0x00, 0x00, 0x00, 0x00, 0x00, 0x00, 0x00, 0x00,
    0x00, 0x00, 0x00, 0x00, 0x00, 0x00, 0x00, 0x00, 0x00, 0x00, 0x00, 0x00, 0x00, 0x00, 0x00, 0x00,
    0x00, 0x00, 0x00, 0x00, 0x00, 0x00, 0x00, 0x00, 0x00, 0x00, 0x00, 0x00, 0x00, 0x00, 0x00, 0x00,
    0x00, 0x00, 0x00, 0x00, 0x00, 0x00, 0x00, 0x00, 0x00, 0x00, 0x00, 0x00, 0x00, 0x00, 0x00, 0x00,
    0x00, 0x00, 0x00, 0x00, 0x00, 0x00, 0x00, 0x00, 0x00, 0x00, 0x00, 0x00, 0x00, 0x00, 0x00, 0x00,
    0x00, 0x00, 0x00, 0x00, 0x00, 0x00, 0x00, 0x00, 0x00, 0x00, 0x00, 0x00, 0x00, 0x00, 0x00, 0x00,
    0x00, 0x00, 0x00, 0x00, 0x00, 0x00, 0x00, 0x00, 0x00, 0x00, 0x00, 0x00, 0x00, 0x00, 0x00, 0x00,
    0x00, 0x00, 0x00, 0x00, 0x00, 0x00, 0x00, 0x00, 0x00, 0x00, 0x00, 0x00, 0x00, 0x00, 0x00, 0x00,
    0x00, 0x00, 0x00, 0x00, 0x00, 0x00, 0x00, 0x00, 0x00, 0x00, 0x00, 0x00, 0x00, 0x00, 0x00, 0x00,
    0x00, 0x00, 0x00, 0x00, 0x00, 0x00, 0x00, 0x00, 0x00, 0x00, 0x00, 0x00, 0x00, 0x00, 0x00, 0x00,
    0x00, 0x00, 0x00, 0xfc, 0x00, 0x00, 0x00, 0x00, 0x0c, 0xfc, 0x03, 0x00, 0x00, 0x00, 0x1e, 0xfc,
    0x07, 0x00, 0x00, 0x0e, 0x0e, 0xfc, 0x0f, 0x00, 0x00, 0x1e, 0x0f, 0x1c, 0x0f, 0x00, 0x00, 0x1e,
    0x07, 0x1c, 0x1e, 0x00, 0x00, 0x1e, 0x07, 0x1c, 0x1c, 0x00, 0x00, 0x00, 0x07, 0x1c, 0x1c, 0x00,
    0x00, 0x00, 0x07, 0x1c, 0x1c, 0x00, 0x00, 0x00, 0x07, 0x1c, 0x1c, 0x00, 0x00, 0x00, 0x0f, 0x1c,
    0x1c, 0x00, 0x00, 0x0c, 0x0e, 0x1c, 0x1e, 0x00, 0x00, 0x1e, 0x1e, 0x1c, 0x0f, 0x00, 0x00, 0x1e,
    0x7c, 0xdc, 0x07, 0x00, 0x00, 0x1e, 0xfc, 0xff, 0x07, 0x00, 0x00, 0x0c, 0xf8, 0xff, 0x01, 0x00,
    0x00, 0x00, 0xe0, 0xff, 0x00, 0x00, 0x00, 0x00, 0x00, 0x0e, 0x00, 0x00, 0x00, 0x00, 0x00, 0x00,
    0x00, 0x00, 0x00, 0x00, 0x00, 0x00, 0x00, 0x00, 0x00, 0x00, 0x00, 0x00, 0x00, 0x00, 0x00, 0x00,
    0x00, 0x00, 0x00, 0x00, 0x00, 0x00, 0x00, 0x00, 0x00, 0x00, 0x00, 0x00, 0x00, 0x00, 0x00, 0x00,
    0x00, 0x00, 0x00, 0x00, 0x00, 0x00, 0x00, 0x00, 0x00, 0x00, 0x00, 0x00, 0x00, 0x00, 0x00, 0x00,
    0x00, 0x00, 0x00, 0x00, 0x00, 0x00, 0x00, 0x00, 0x00, 0x00, 0x00, 0x00, 0x00, 0x00, 0x00, 0x00,
    0x00, 0x00, 0x00, 0x00, 0x00, 0x00, 0x00, 0x00, 0x00, 0x00, 0x00, 0x00, 0x00, 0x00, 0x00, 0x00,
    0x00, 0x00, 0x00, 0x00, 0x00, 0x00, 0x00, 0x00, 0x00, 0x00, 0x00, 0x00, 0x00, 0x00, 0x00, 0x00,
    0x00, 0x00, 0x00, 0x00, 0x00, 0x00, 0x00, 0x00, 0x00, 0x00, 0x00, 0x00, 0x00, 0x00, 0x00, 0x00,
    0x00, 0x00, 0x00, 0x00, 0x00, 0x00, 0x00, 0x00, 0x00, 0x00, 0x00, 0x00, 0x00, 0x00, 0x00, 0x00,
    0x00, 0x00, 0x00, 0x00, 0x00, 0x00, 0x00, 0x00, 0x00, 0x00, 0x00, 0x00, 0x00, 0x00, 0x00, 0x00,
    0x00, 0x00, 0x00, 0x00, 0x00, 0x00, 0x00, 0x00, 0x00, 0x00, 0x00, 0x00, 0x00, 0x00, 0x00, 0x00,
    0x00, 0x00, 0x00, 0x00, 0x00, 0x00, 0x00, 0x00, 0x00, 0x00, 0x00, 0x00, 0x00, 0x00, 0x00, 0x00,
    0x00, 0x00, 0x00, 0x00, 0x18, 0x00, 0x00, 0x06, 0x00, 0x00, 0x1c, 0x00, 0x00, 0x0e, 0x00, 0x00,
    0x1f, 0x00, 0x00, 0x3e, 0x00, 0x80, 0x1f, 0x00, 0x00, 0x7e, 0x00, 0xe0, 0x1f, 0x00, 0x00, 0xfc,
    0x01, 0xf0, 0x07, 0x00, 0x00, 0xf0, 0x03, 0xfc, 0x01, 0x00, 0x00, 0xe0, 0x0f, 0xff, 0x00, 0x00,
    0x00, 0x80, 0x9f, 0x3f, 0x00, 0x00, 0x00, 0x00, 0xfe, 0x1f, 0x00, 0x00, 0x00, 0x00, 0xfc, 0x07,
    0x00, 0x00, 0x1c, 0x00, 0xf0, 0x01, 0x00, 0x00, 0x3c, 0x00, 0xe0, 0x00, 0x00, 0x00, 0x3c, 0x00,
    0xe0, 0x00, 0x00, 0x00, 0x3c, 0x00, 0xe0, 0x00, 0x00, 0x00, 0x00, 0xfe, 0xff, 0xff, 0x1f, 0x00,
    0x00, 0xfe, 0xff, 0xff, 0x1f, 0x00, 0x00, 0xfe, 0xff, 0xff, 0x1f, 0x00, 0x00, 0xfe, 0xff, 0xff,
    0x1f, 0x00, 0x18, 0x00, 0xe0, 0x00, 0x00, 0x00, 0x3c, 0x00, 0xe0, 0x00, 0x00, 0x00, 0x3c, 0x00,
    0xe0, 0x00, 0x00, 0x00, 0x3c, 0x00, 0xe0, 0x00, 0x00, 0x00, 0x18, 0x00, 0xf8, 0x03, 0x00, 0x00,
    0x00, 0x00, 0xfe, 0x0f, 0x00, 0x00, 0x00, 0x00, 0xff, 0x1f, 0x00, 0x00, 0x00, 0xc0, 0x1f, 0x7f,
    0x00, 0x00, 0x00, 0xe0, 0x07, 0xfe, 0x00, 0x00, 0x00, 0xf8, 0x03, 0xf8, 0x03, 0x00, 0x00, 0xfc,
    0x00, 0xf0, 0x0f, 0x00, 0x00, 0x7e, 0x00, 0xc0, 0x1f, 0x00, 0x00, 0x1e, 0x00, 0x80, 0x1f, 0x00,
    0x00, 0x0e, 0x00, 0x00, 0x1e, 0x00, 0x00, 0x02, 0x00, 0x00, 0x18, 0x00, 0x00, 0x00, 0x00, 0x00,
    0x10, 0x00, 0x00, 0x00, 0x00, 0x00, 0x00, 0x00, 0x00, 0x00, 0x00, 0x00, 0x00, 0x00, 0x00, 0x00,
    0x00, 0x00, 0x00, 0x00, 0x00, 0x00, 0x00, 0x00, 0x00, 0x00, 0x00, 0x00, 0x00, 0x00, 0x00, 0x00,
    0x00, 0x00, 0x00, 0x00, 0x00, 0x00, 0x00, 0x00, 0x00, 0x00, 0x00, 0x00, 0x00, 0x00, 0x00, 0x00,
    0x00, 0x00, 0x00, 0x00, 0x00, 0x00, 0x00, 0x00, 0x00, 0x00, 0x00, 0x00, 0x00, 0x00, 0x00, 0x00,
    0x00, 0x00, 0x00, 0x00, 0x00, 0x00, 0x00, 0x00, 0x00, 0x00, 0x00, 0x00, 0x00, 0x00, 0x00, 0x00,
    0x00, 0x00, 0x00, 0x00, 0x00, 0x00, 0x00, 0x00, 0x00, 0x00, 0x00, 0x00, 0x00, 0x00, 0x00, 0x00,
    0x00, 0x00, 0x00, 0x00, 0x00, 0x00, 0x00, 0x00, 0x00, 0x00, 0x00, 0x00, 0x00, 0x00, 0x00, 0x00,
    0x00, 0x00, 0x00, 0x00, 0x00, 0x00, 0x00, 0x00, 0x00, 0x00, 0x00, 0x00, 0x00, 0x00, 0x00, 0x00,
    0x00, 0x00, 0x00, 0x00, 0x00, 0x00, 0x00, 0x00, 0x00, 0x00, 0x00, 0x00, 0x00, 0x00, 0x00, 0x00,
    0x00, 0x00, 0x00, 0x00, 0x00, 0x00, 0x00, 0x00, 0x00, 0x00, 0x00, 0x00, 0x00, 0x00, 0x00, 0x00,
    0x00, 0x00, 0x00, 0x00, 0x00, 0x00, 0x00, 0x00, 0x00, 0x00, 0x00, 0x00, 0x00, 0x00, 0x00, 0x00,
    0x00, 0x00, 0x00, 0x00, 0x00, 0x00, 0x00, 0x00, 0x01, 0x00, 0x18, 0x00, 0x00, 0x00, 0x03, 0x00,
    0x1c, 0x00, 0x00, 0x00, 0x0f, 0x00, 0x1e, 0x00, 0x00, 0x00, 0x1f, 0x80, 0x1f, 0x00, 0x00, 0x00,
    0x7f, 0xc0, 0x0f, 0x00, 0x00, 0x00, 0xfc, 0xf0, 0x07, 0x00, 0x00, 0x00, 0xf8, 0xfb, 0x01, 0x00,
    0x00, 0x00, 0xe0, 0xff, 0x00, 0x00, 0x00, 0x0e, 0xc0, 0x3f, 0x00, 0x00, 0x00, 0x1e, 0x00, 0x1f,
    0x00, 0x00, 0x00, 0x1e, 0x00, 0x0e, 0x00, 0x00, 0x00, 0x1e, 0x00, 0x0e, 0x00, 0x00, 0x00, 0x00,
    0xff, 0xff, 0x1f, 0x00, 0x00, 0x00, 0xff, 0xff, 0x1f, 0x00, 0x00, 0x00, 0xff, 0xff, 0x1f, 0x00,
    0x00, 0x00, 0xff, 0xff, 0x1f, 0x00, 0x00, 0x0c, 0x00, 0x0e, 0x00, 0x00, 0x00, 0x1e, 0x00, 0x0e,
    0x00, 0x00, 0x00, 0x1e, 0x00, 0x0e, 0x00, 0x00, 0x00, 0x1e, 0x80, 0x1f, 0x00, 0x00, 0x00, 0x0c,
    0xc0, 0x7f, 0x00, 0x00, 0x00, 0x00, 0xf0, 0xff, 0x00, 0x00, 0x00, 0x00, 0xfc, 0xf1, 0x03, 0x00,
    0x00, 0x00, 0x7e, 0xe0, 0x07, 0x00, 0x00, 0x00, 0x3f, 0xc0, 0x1f, 0x00, 0x00, 0x00, 0x0f, 0x00,
    0x1f, 0x00, 0x00, 0x00, 0x07, 0x00, 0x1e, 0x00, 0x00, 0x00, 0x01, 0x00, 0x18, 0x00, 0x00, 0x00,
    0x00, 0x00, 0x10, 0x00, 0x00, 0x00, 0x00, 0x00, 0x00, 0x00, 0x00, 0x00, 0x00, 0x00, 0x00, 0x00,
    0x00, 0x00, 0x00, 0x00, 0x00, 0x00, 0x00, 0x00, 0x00, 0x00, 0x00, 0x00, 0x00, 0x00, 0x00, 0x00,
    0x00, 0x00, 0x00, 0x00, 0x00, 0x00, 0x00, 0x00, 0x00, 0x00, 0x00, 0x00, 0x00, 0x00, 0x00, 0x00,
    0x00, 0x00, 0x00, 0x00, 0x00, 0x00, 0x00, 0x00, 0x00, 0x00, 0x00, 0x00, 0x00, 0x00, 0x00, 0x00,
    0x00, 0x00, 0x00, 0x00, 0x00, 0x00, 0x00, 0x00, 0x00, 0x00, 0x00, 0x00, 0x00, 0x00, 0x00, 0x00,
    0x00, 0x00, 0x00, 0x00, 0x00, 0x00, 0x00, 0x00, 0x00, 0x00, 0x00, 0x00, 0x00, 0x00, 0x00, 0x00,
    0x00, 0x00, 0x00, 0x00, 0x00, 0x00, 0x00, 0x00, 0x00, 0x00, 0x00, 0x00, 0x00, 0x00, 0x00, 0x00,
    0x00, 0x00, 0x00, 0x00, 0x00, 0x00, 0x00, 0x00, 0x00, 0x00, 0x00, 0x00, 0x00, 0x00, 0x00, 0x00,
    0x00, 0x00, 0x00, 0x00, 0x00, 0x00, 0x00, 0x00, 0x00, 0x00, 0x00, 0x00, 0x00, 0x00, 0x00, 0x00,
    0x00, 0x00, 0x00, 0x00, 0x00, 0x00, 0x00, 0x00, 0x00, 0x00, 0x00, 0x00, 0x00, 0x00, 0x00, 0x00,
    0x00, 0x00, 0x00, 0x00, 0x00, 0x00, 0x00, 0x00, 0x00, 0x00, 0x00, 0x00, 0x00, 0x00, 0x00, 0x00,
    0x00, 0x00, 0x00, 0x00, 0x00, 0x00, 0x00, 0x00, 0x00, 0x00, 0x00, 0x00, 0x00, 0x00, 0x00, 0xc0,
    0x01, 0xe0, 0x01, 0x00, 0x00, 0xf0, 0x01, 0xe0, 0x03, 0x00, 0x00, 0xf8, 0x01, 0xe0, 0x07, 0x00,
    0x00, 0xf8, 0x01, 0xc0, 0x0f, 0x00, 0x1c, 0x3c, 0x00, 0x00, 0x0f, 0x00, 0x3c, 0x1c, 0x00, 0x00,
    0x0e, 0x00, 0x3c, 0x1e, 0x00, 0x00, 0x1e, 0x00, 0x3c, 0x0e, 0xe0, 0x00, 0x1c, 0x00, 0x00, 0x0e,
    0xe0, 0x00, 0x1c, 0x00, 0x00, 0x0e, 0xe0, 0x00, 0x1c, 0x00, 0x00, 0x0e, 0xe0, 0x00, 0x1c, 0x00,
    0x00, 0x0e, 0xe0, 0x00, 0x1c, 0x00, 0x18, 0x0e, 0xe0, 0x00, 0x1c, 0x00, 0x3c, 0x1e, 0xf0, 0x01,
    0x1e, 0x00, 0x3c, 0x3c, 0xf0, 0x01, 0x0e, 0x00, 0x3c, 0x7c, 0xfc, 0x03, 0x0f, 0x00, 0x18, 0xf8,
    0xbf, 0xff, 0x07, 0x00, 0x00, 0xf8, 0x1f, 0xff, 0x07, 0x00, 0x00, 0xe0, 0x0f, 0xff, 0x03, 0x00,
    0x00, 0x80, 0x03, 0xfc, 0x00, 0x00, 0x00, 0x00, 0x00, 0x00, 0x00, 0x00, 0x00, 0x00, 0x00, 0x00,
    0x00, 0x00, 0x00, 0x00, 0x00, 0x00, 0x00, 0x00, 0x00, 0x00, 0x00, 0x00, 0x00, 0x00, 0x00, 0x00,
    0x00, 0x00, 0x00, 0x00, 0x00, 0x00, 0x00, 0x00, 0x00, 0x00, 0x00, 0x00, 0x00, 0x00, 0x00, 0x00,
    0x00, 0x00, 0x00, 0x00, 0x00, 0x00, 0x00, 0x00, 0x00, 0x00, 0x00, 0x00, 0x00, 0x00, 0x00, 0x00,
    0x00, 0x00, 0x00, 0x00, 0x00, 0x00, 0x00, 0x00, 0x00, 0x00, 0x00, 0x00, 0x00, 0x00, 0x00, 0x00,
    0x00, 0x00, 0x00, 0x00, 0x00, 0x00, 0x00, 0x00, 0x00, 0x00, 0x00, 0x00, 0x00, 0x00, 0x00, 0x00,
    0x00, 0x00, 0x00, 0x00, 0x00, 0x00, 0x00, 0x00, 0x00, 0x00, 0x00, 0x00, 0x00, 0x00, 0x00, 0x00,
    0x00, 0x00, 0x00, 0x00, 0x00, 0x00, 0x00, 0x00, 0x00, 0x00, 0x00, 0x00, 0x00, 0x00, 0x00, 0x00,
    0x00, 0x00, 0x00, 0x00, 0x00, 0x00, 0x00, 0x00, 0x00, 0x00, 0x00, 0x00, 0x00, 0x00, 0x00, 0x00,
    0x00, 0x00, 0x00, 0x00, 0x00, 0x00, 0x00, 0x00, 0x00, 0x00, 0x00, 0x00, 0x00, 0x00, 0x00, 0x00,
    0x00, 0x00, 0x00, 0x00, 0x00, 0x00, 0x00, 0x00, 0x00, 0x00, 0x00, 0x00, 0x00, 0x00, 0x00, 0x00,
    0x00, 0x00, 0x00, 0x00, 0x00, 0x00, 0x00, 0x00, 0x00, 0x00, 0x00, 0x00, 0x00, 0x00, 0x00, 0x00,
    0x00, 0x00, 0x30, 0xc0, 0x01, 0x00, 0x00, 0x00, 0x3c, 0xc0, 0x07, 0x00, 0x00, 0x0e, 0x3c, 0xc0,
    0x07, 0x00, 0x00, 0x1e, 0x3e, 0x80, 0x0f, 0x00, 0x00, 0x1e, 0x0e, 0x00, 0x0e, 0x00, 0x00, 0x1e,
    0x07, 0x0e, 0x1e, 0x00, 0x00, 0x00, 0x07, 0x0e, 0x1c, 0x00, 0x00, 0x00, 0x07, 0x0e, 0x1c, 0x00,
    0x00, 0x00, 0x07, 0x0e, 0x1c, 0x00, 0x00, 0x00, 0x07, 0x0e, 0x1c, 0x00, 0x00, 0x0c, 0x07, 0x0e,
    0x1c, 0x00, 0x00, 0x1e, 0x0f, 0x1f, 0x1e, 0x00, 0x00, 0x1e, 0xfe, 0x3f, 0x0f, 0x00, 0x00, 0x1e,
    0xfe, 0xfb, 0x0f, 0x00, 0x00, 0x0c, 0xfc, 0xf9, 0x07, 0x00, 0x00, 0x00, 0xf8, 0xf0, 0x03, 0x00,
    0x00, 0x00, 0x00, 0x00, 0x00, 0x00, 0x00, 0x00, 0x00, 0x00, 0x00, 0x00, 0x00, 0x00, 0x00, 0x00,
    0x00, 0x00, 0x00, 0x00, 0x00, 0x00, 0x00, 0x00, 0x00, 0x00, 0x00, 0x00, 0x00, 0x00, 0x00, 0x00,
    0x00, 0x00, 0x00, 0x00, 0x00, 0x00, 0x00, 0x00, 0x00, 0x00, 0x00, 0x00, 0x00, 0x00, 0x00, 0x00,
    0x00, 0x00, 0x00, 0x00, 0x00, 0x00, 0x00, 0x00, 0x00, 0x00, 0x00, 0x00, 0x00, 0x00, 0x00, 0x00,
    0x00, 0x00, 0x00, 0x00, 0x00, 0x00, 0x00, 0x00, 0x00, 0x00, 0x00, 0x00, 0x00, 0x00, 0x00, 0x00,
    0x00, 0x00, 0x00, 0x00, 0x00, 0x00, 0x00, 0x00, 0x00, 0x00, 0x00, 0x00, 0x00, 0x00, 0x00, 0x00,
    0x00, 0x00, 0x00, 0x00, 0x00, 0x00, 0x00, 0x00, 0x00, 0x00, 0x00, 0x00, 0x00, 0x00, 0x00, 0x00,
    0x00, 0x00, 0x00, 0x00, 0x00, 0x00, 0x00, 0x00, 0x00, 0x00, 0x00, 0x00, 0x00, 0x00, 0x00, 0x00,
    0x00, 0x00, 0x00, 0x00, 0x00, 0x00, 0x00, 0x00, 0x00, 0x00, 0x00, 0x00, 0x00, 0x00, 0x00, 0x00,
    0x00, 0x00, 0x00, 0x00, 0x00, 0x00, 0x00, 0x00, 0x00, 0x00, 0x00, 0x00, 0x00, 0x00, 0x00, 0x00,
    0x00, 0x00, 0x00, 0x00, 0x00, 0x00, 0x00, 0x00, 0x00, 0x00, 0x00, 0x00, 0x00, 0x00, 0x00, 0x00,
    0x00, 0x00, 0x00, 0x00, 0x00, 0x00, 0x00, 0x00, 0x00, 0x00, 0x00, 0x00, 0x00, 0xe0, 0x00, 0x00,
    0x00, 0x0e, 0x00, 0xe0, 0x03, 0x00, 0x00, 0x0e, 0x00, 0xe0, 0x07, 0x00, 0x00, 0x0e, 0x00, 0xe0,
    0x07, 0x00, 0x00, 0x0e, 0x00, 0x80, 0x0f, 0x00, 0x00, 0x0e, 0x00, 0x00, 0x0e, 0x00, 0x00, 0x0e,
    0x70, 0x00, 0x1e, 0x00, 0x00, 0x0e, 0x78, 0x00, 0x1c, 0x00, 0x00, 0x0e, 0x7c, 0x00, 0x1c, 0x00,
    0x00, 0x0e, 0x7e, 0x00, 0x1c, 0x00, 0x00, 0x8e, 0x7f, 0x00, 0x1c, 0x00, 0x00, 0xce, 0xe7, 0x00,
    0x1c, 0x00, 0x00, 0xee, 0xe3, 0x00, 0x1e, 0x00, 0x00, 0xfe, 0xe1, 0x01, 0x0e, 0x00, 0x00, 0x7e,
    0xe0, 0x83, 0x0f, 0x00, 0x00, 0x3e, 0xc0, 0xff, 0x07, 0x00, 0x00, 0x1e, 0x80, 0xff, 0x07, 0x00,
    0x00, 0x0e, 0x00, 0xff, 0x01, 0x00, 0x00, 0x00, 0x00, 0x7c, 0x00, 0x00, 0x00, 0x00, 0x00, 0x00,
    0x00, 0x00, 0x00, 0x00, 0x00, 0x00, 0x00, 0x00, 0x00, 0x00, 0x00, 0x00, 0x00, 0x00, 0x00, 0x00,
    0x00, 0x00, 0x00, 0x00, 0x00, 0x00, 0x00, 0x00, 0x00, 0x00, 0x00, 0x00, 0x00, 0x00, 0x00, 0x00,
    0x00, 0x00, 0x00, 0x00, 0x00, 0x00, 0x00, 0x00, 0x00, 0x00, 0x00, 0x00, 0x00, 0x00, 0x00, 0x00,
    0x00, 0x00, 0x00, 0x00, 0x00, 0x00, 0x00, 0x00, 0x00, 0x00, 0x00, 0x00, 0x00, 0x00, 0x00, 0x00,
    0x00, 0x00, 0x00, 0x00, 0x00, 0x00, 0x00, 0x00, 0x00, 0x00, 0x00, 0x00, 0x00, 0x00, 0x00, 0x00,
    0x00, 0x00, 0x00, 0x00, 0x00, 0x00, 0x00, 0x00, 0x00, 0x00, 0x00, 0x00, 0x00, 0x00, 0x00, 0x00,
    0x00, 0x00, 0x00, 0x00, 0x00, 0x00, 0x00, 0x00, 0x00, 0x00, 0x00, 0x00, 0x00, 0x00, 0x00, 0x00,
    0x00, 0x00, 0x00, 0x00, 0x00, 0x00, 0x00, 0x00, 0x00, 0x00, 0x00, 0x00, 0x00, 0x00, 0x00, 0x00,
    0x00, 0x00, 0x00, 0x00, 0x00, 0x00, 0x00, 0x00, 0x00, 0x00, 0x00, 0x00, 0x00, 0x00, 0x00, 0x00,
    0x00, 0x00, 0x00, 0x00, 0x00, 0x00, 0x00, 0x00, 0x00, 0x00, 0x00, 0x00, 0x00, 0x00, 0x00, 0x00,
    0x00, 0x00, 0x00, 0x00, 0x00, 0x00, 0x00, 0x00, 0x00, 0x00, 0x00, 0x00, 0x00, 0x00, 0x00, 0x00,
    0x00, 0x00, 0x00, 0x00, 0x00, 0x00, 0x00, 0x00, 0x00, 0x00, 0xe0, 0x00, 0x00, 0x00, 0x07, 0x00,
    0xe0, 0x03, 0x00, 0x00, 0x07, 0x00, 0xe0, 0x07, 0x00, 0x00, 0x07, 0x00, 0xe0, 0x07, 0x00, 0x00,
    0x07, 0x00, 0x00, 0x0f, 0x00, 0x00, 0x07, 0x00, 0x00, 0x0e, 0x00, 0x00, 0x07, 0x78, 0x00, 0x1e,
    0x00, 0x00, 0x07, 0x7c, 0x00, 0x1c, 0x00, 0x00, 0x07, 0x7e, 0x00, 0x1c, 0x00, 0x00, 0x07, 0x7f,
    0x00, 0x1c, 0x00, 0x00, 0xc7, 0x7f, 0x00, 0x1c, 0x00, 0x00, 0xe7, 0x73, 0x00, 0x1c, 0x00, 0x00,
    0xf7, 0xe1, 0x00, 0x1e, 0x00, 0x00, 0xff, 0xe0, 0x00, 0x0e, 0x00, 0x00, 0x7f, 0xe0, 0x83, 0x0f,
    0x00, 0x00, 0x1f, 0xc0, 0xff, 0x07, 0x00, 0x00, 0x0f, 0x80, 0xff, 0x07, 0x00, 0x00, 0x07, 0x00,
    0xff, 0x01, 0x00, 0x00, 0x00, 0x00, 0x7c, 0x00, 0x00, 0x00, 0x00, 0x00, 0x00, 0x00, 0x00, 0x00,
    0x00, 0x00, 0x00, 0x00, 0x00, 0x00, 0x00, 0x00, 0x00, 0x00, 0x00, 0x00, 0x00, 0x00, 0x00, 0x00,
    0x00, 0x00, 0x00, 0x00, 0x00, 0x00, 0x00, 0x00, 0x00, 0x00, 0x00, 0x00, 0x00, 0x00, 0x00, 0x00,
    0x00, 0x00, 0x00, 0x00, 0x00, 0x00, 0x00, 0x00, 0x00, 0x00, 0x00, 0x00, 0x00, 0x00, 0x00, 0x00,
    0x00, 0x00, 0x00, 0x00, 0x00, 0x00, 0x00, 0x00, 0x00, 0x00, 0x00, 0x00, 0x00, 0x00, 0x00, 0x00,
    0x00, 0x00, 0x00, 0x00, 0x00, 0x00, 0x00, 0x00, 0x00, 0x00, 0x00, 0x00, 0x00, 0x00, 0x00, 0x00,
    0x00, 0x00, 0x00, 0x00, 0x00, 0x00, 0x00, 0x00, 0x00, 0x00, 0x00, 0x00, 0x00, 0x00, 0x00, 0x00,
    0x00, 0x00, 0x00, 0x00, 0x00, 0x00, 0x00, 0x00, 0x00, 0x00, 0x00, 0x00, 0x00, 0x00, 0x00, 0x00,
    0x00, 0x00, 0x00, 0x00, 0x00, 0x00, 0x00, 0x00, 0x00, 0x00, 0x00, 0x00, 0x00, 0x00, 0x00, 0x00,
    0x00, 0x00, 0x00, 0x00, 0x00, 0x00, 0x00, 0x00, 0x00, 0x00, 0x00, 0x00, 0x00, 0x00, 0x00, 0x00,
    0x00, 0x00, 0x00, 0x00, 0x00, 0x00, 0x00, 0x00, 0x00, 0x00, 0x00, 0x00, 0x00, 0x00, 0x00, 0x00,
    0x00, 0x00, 0x00, 0x00, 0x00, 0x00, 0x00, 0x00, 0x00, 0x00, 0x00, 0x00, 0x00, 0x00, 0x00, 0x00,
    0x00, 0x00, 0x00, 0x00, 0x00, 0x00, 0x00, 0x00, 0x00, 0xfe, 0xff, 0xff, 0x1f, 0x00, 0x00, 0xfe,
    0xff, 0xff, 0x1f, 0x00, 0x00, 0xfe, 0xff, 0xff, 0x1f, 0x00, 0x00, 0xfe, 0xff, 0xff, 0x1f, 0x00,
    0x00, 0x00, 0x00, 0xc0, 0x1f, 0x00, 0x38, 0x00, 0x00, 0xe0, 0x07, 0x00, 0x38, 0x00, 0x00, 0xf8,
    0x03, 0x00, 0x38, 0x00, 0x00, 0xfc, 0x00, 0x00, 0x38, 0x00, 0x00, 0x3f, 0x00, 0x00, 0x38, 0x00,
    0xc0, 0x1f, 0x00, 0x00, 0x38, 0x00, 0xe0, 0x07, 0x00, 0x00, 0x38, 0x00, 0xf8, 0x03, 0x00, 0x00,
    0x38, 0x00, 0xfc, 0x00, 0x00, 0x00, 0x38, 0x00, 0x7f, 0x00, 0x00, 0x00, 0x38, 0x80, 0x1f, 0x00,
    0x00, 0x00, 0x38, 0xe0, 0x0f, 0x00, 0x00, 0x00, 0x38, 0xf0, 0x03, 0x00, 0x00, 0x00, 0x38, 0xfc,
    0x01, 0x00, 0x00, 0x00, 0x00, 0xfe, 0xff, 0xff, 0x1f, 0x00, 0x00, 0xfe, 0xff, 0xff, 0x1f, 0x00,
    0x00, 0xfe, 0xff, 0xff, 0x1f, 0x00, 0x00, 0xfe, 0xff, 0xff, 0x1f, 0x00, 0x00, 0x00, 0x00, 0x00,
    0x00, 0x00, 0x00, 0x00, 0x00, 0x00, 0x00, 0x00, 0x00, 0x00, 0x00, 0x00, 0x00, 0x00, 0x00, 0x00,
    0x00, 0x00, 0x00, 0x00, 0x00, 0x00, 0x00, 0x00, 0x00, 0x00, 0x00, 0x00, 0x00, 0x00, 0x00, 0x00,
    0x00, 0x00, 0x00, 0x00, 0x00, 0x00, 0x00, 0x00, 0x00, 0x00, 0x00, 0x00, 0x00, 0x00, 0x00, 0x00,
    0x00, 0x00, 0x00, 0x00, 0x00, 0x00, 0x00, 0x00, 0x00, 0x00, 0x00, 0x00, 0x00, 0x00, 0x00, 0x00,
    0x00, 0x00, 0x00, 0x00, 0x00, 0x00, 0x00, 0x00, 0x00, 0x00, 0x00, 0x00, 0x00, 0x00, 0x00, 0x00,
    0x00, 0x00, 0x00, 0x00, 0x00, 0x00, 0x00, 0x00, 0x00, 0x00, 0x00, 0x00, 0x00, 0x00, 0x00, 0x00,
    0x00, 0x00, 0x00, 0x00, 0x00, 0x00, 0x00, 0x00, 0x00, 0x00, 0x00, 0x00, 0x00, 0x00, 0x00, 0x00,
    0x00, 0x00, 0x00, 0x00, 0x00, 0x00, 0x00, 0x00, 0x00, 0x00, 0x00, 0x00, 0x00, 0x00, 0x00, 0x00,
    0x00, 0x00, 0x00, 0x00, 0x00, 0x00, 0x00, 0x00, 0x00, 0x00, 0x00, 0x00, 0x00, 0x00, 0x00, 0x00,
    0x00, 0x00, 0x00, 0x00, 0x00, 0x00, 0x00, 0x00, 0x00, 0x00, 0x00, 0x00, 0x00, 0x00, 0x00, 0x00,
    0x00, 0x00, 0x00, 0x00, 0x00, 0x00, 0x00, 0x00, 0x00, 0x00, 0x00, 0x00, 0x00, 0x00, 0x00, 0x00,
    0x00, 0x00, 0x00, 0x00, 0x00, 0x00, 0x00, 0x00, 0x00, 0x00, 0x00, 0x00, 0x00, 0x00, 0xff, 0xff,
    0x1f, 0x00, 0x00, 0x00, 0xff, 0xff, 0x1f, 0x00, 0x00, 0x0e, 0xff, 0xff, 0x1f, 0x00, 0x00, 0x0e,
    0xff, 0xff, 0x1f, 0x00, 0x00, 0x0e, 0x00, 0xc0, 0x0f, 0x00, 0x00, 0x0e, 0x00, 0xf0, 0x03, 0x00,
    0x00, 0x0e, 0x00, 0xf8, 0x01, 0x00, 0x00, 0x0e, 0x00, 0x7e, 0x00, 0x00, 0x00, 0x0e, 0x00, 0x1f,
    0x00, 0x00, 0x00, 0x0e, 0xc0, 0x0f, 0x00, 0x00, 0x00, 0x0e, 0xe0, 0x03, 0x00, 0x00, 0x00, 0x0e,
    0xf8, 0x01, 0x00, 0x00, 0x00, 0x0e, 0x7e, 0x00, 0x00, 0x00, 0x00, 0x0e, 0xff, 0xff, 0x1f, 0x00,
    0x00, 0x0e, 0xff, 0xff, 0x1f, 0x00, 0x00, 0x00, 0xff, 0xff, 0x1f, 0x00, 0x00, 0x00, 0xff, 0xff,
    0x1f, 0x00, 0x00, 0x00, 0x00, 0x00, 0x00, 0x00, 0x00, 0x00, 0x00, 0x00, 0x00, 0x00, 0x00, 0x00,
    0x00, 0x00, 0x00, 0x00, 0x00, 0x00, 0x00, 0x00, 0x00, 0x00, 0x00, 0x00, 0x00, 0x00, 0x00, 0x00,
    0x00, 0x00, 0x00, 0x00, 0x00, 0x00, 0x00, 0x00, 0x00, 0x00, 0x00, 0x00, 0x00, 0x00, 0x00, 0x00,
    0x00, 0x00, 0x00, 0x00, 0x00, 0x00, 0x00, 0x00, 0x00, 0x00, 0x00, 0x00, 0x00, 0x00, 0x00, 0x00,
    0x00, 0x00, 0x00, 0x00, 0x00, 0x00, 0x00, 0x00, 0x00, 0x00, 0x00, 0x00, 0x00, 0x00, 0x00, 0x00,
    0x00, 0x00, 0x00, 0x00, 0x00, 0x00, 0x00, 0x00, 0x00, 0x00, 0x00, 0x00, 0x00, 0x00, 0x00, 0x00,
    0x00, 0x00, 0x00, 0x00, 0x00, 0x00, 0x00, 0x00, 0x00, 0x00, 0x00, 0x00, 0x00, 0x00, 0x00, 0x00,
    0x00, 0x00, 0x00, 0x00, 0x00, 0x00, 0x00, 0x00, 0x00, 0x00, 0x00, 0x00, 0x00, 0x00, 0x00, 0x00,
    0x00, 0x00, 0x00, 0x00, 0x00, 0x00, 0x00, 0x00, 0x00, 0x00, 0x00, 0x00, 0x00, 0x00, 0x00, 0x00,
    0x00, 0x00, 0x00, 0x00, 0x00, 0x00, 0x00, 0x00, 0x00, 0x00, 0x00, 0x00, 0x00, 0x00, 0x00, 0x00,
    0x00, 0x00, 0x00, 0x00, 0x00, 0x00, 0x00, 0x00, 0x00, 0x00, 0x00, 0x00, 0x00, 0x00, 0x00, 0x00,
    0x00, 0x00, 0x00, 0x00, 0x00, 0x00, 0x00, 0x00, 0x00, 0x00, 0x00, 0x00, 0x00, 0x00, 0x00, 0x00,
    0x00, 0x00, 0x00, 0xfe, 0xff, 0xff, 0x1f, 0x00, 0x00, 0xfe, 0xff, 0xff, 0x1f, 0x00, 0x00, 0xfe,
    0xff, 0xff, 0x1f, 0x00, 0x00, 0xfe, 0xff, 0xff, 0x1f, 0x00, 0x00, 0x00, 0x00, 0xc0, 0x1f, 0x00,
    0x1c, 0x00, 0x00, 0xe0, 0x07, 0x00, 0x3c, 0x00, 0x00, 0xf8, 0x03, 0x00, 0x3c, 0x00, 0x00, 0xfc,
    0x00, 0x00, 0x3c, 0x00, 0x00, 0x3f, 0x00, 0x00, 0x00, 0x00, 0xc0, 0x1f, 0x00, 0x00, 0x00, 0x00,
    0xe0, 0x07, 0x00, 0x00, 0x00, 0x00, 0xf8, 0x03, 0x00, 0x00, 0x00, 0x00, 0xfc, 0x00, 0x00, 0x00,
    0x18, 0x00, 0x7f, 0x00, 0x00, 0x00, 0x3c, 0x80, 0x1f, 0x00, 0x00, 0x00, 0x3c, 0xe0, 0x0f, 0x00,
    0x00, 0x00, 0x3c, 0xf0, 0x03, 0x00, 0x00, 0x00, 0x18, 0xfc, 0x01, 0x00, 0x00, 0x00, 0x00, 0xfe,
    0xff, 0xff, 0x1f, 0x00, 0x00, 0xfe, 0xff, 0xff, 0x1f, 0x00, 0x00, 0xfe, 0xff, 0xff, 0x1f, 0x00,
    0x00, 0xfe, 0xff, 0xff, 0x1f, 0x00, 0x00, 0x00, 0x00, 0x00, 0x00, 0x00, 0x00, 0x00, 0x00, 0x00,
    0x00, 0x00, 0x00, 0x00, 0x00, 0x00, 0x00, 0x00, 0x00, 0x00, 0x00, 0x00, 0x00, 0x00, 0x00, 0x00,
    0x00, 0x00, 0x00, 0x00, 0x00, 0x00, 0x00, 0x00, 0x00, 0x00, 0x00, 0x00, 0x00, 0x00, 0x00, 0x00,
    0x00, 0x00, 0x00, 0x00, 0x00, 0x00, 0x00, 0x00, 0x00, 0x00, 0x00, 0x00, 0x00, 0x00, 0x00, 0x00,
    0x00, 0x00, 0x00, 0x00, 0x00, 0x00, 0x00, 0x00, 0x00, 0x00, 0x00, 0x00, 0x00, 0x00, 0x00, 0x00,
    0x00, 0x00, 0x00, 0x00, 0x00, 0x00, 0x00, 0x00, 0x00, 0x00, 0x00, 0x00, 0x00, 0x00, 0x00, 0x00,
    0x00, 0x00, 0x00, 0x00, 0x00, 0x00, 0x00, 0x00, 0x00, 0x00, 0x00, 0x00, 0x00, 0x00, 0x00, 0x00,
    0x00, 0x00, 0x00, 0x00, 0x00, 0x00, 0x00, 0x00, 0x00, 0x00, 0x00, 0x00, 0x00, 0x00, 0x00, 0x00,
    0x00, 0x00, 0x00, 0x00, 0x00, 0x00, 0x00, 0x00, 0x00, 0x00, 0x00, 0x00, 0x00, 0x00, 0x00, 0x00,
    0x00, 0x00, 0x00, 0x00, 0x00, 0x00, 0x00, 0x00, 0x00, 0x00, 0x00, 0x00, 0x00, 0x00, 0x00, 0x00,
    0x00, 0x00, 0x00, 0x00, 0x00, 0x00, 0x00, 0x00, 0x00, 0x00, 0x00, 0x00, 0x00, 0x00, 0x00, 0x00,
    0x00, 0x00, 0x00, 0x00, 0x00, 0x00, 0x00, 0x00, 0x00, 0x00, 0x00, 0x00, 0x00, 0x00, 0x00, 0x00,
    0x00, 0x00, 0x00, 0x00, 0x00, 0x00, 0x00, 0x00, 0xff, 0xff, 0x1f, 0x00, 0x00, 0x00, 0xff, 0xff,
    0x1f, 0x00, 0x00, 0x0e, 0xff, 0xff, 0x1f, 0x00, 0x00, 0x1e, 0xff, 0xff, 0x1f, 0x00, 0x00, 0x1e,
    0x00, 0xc0, 0x0f, 0x00, 0x00, 0x1e, 0x00, 0xf0, 0x03, 0x00, 0x00, 0x00, 0x00, 0xf8, 0x01, 0x00,
    0x00, 0x00, 0x00, 0x7e, 0x00, 0x00, 0x00, 0x00, 0x00, 0x1f, 0x00, 0x00, 0x00, 0x00, 0xc0, 0x0f,
    0x00, 0x00, 0x00, 0x0c, 0xe0, 0x03, 0x00, 0x00, 0x00, 0x1e, 0xf8, 0x01, 0x00, 0x00, 0x00, 0x1e,
    0x7e, 0x00, 0x00, 0x00, 0x00, 0x1e, 0xff, 0xff, 0x1f, 0x00, 0x00, 0x0c, 0xff, 0xff, 0x1f, 0x00,
    0x00, 0x00, 0xff, 0xff, 0x1f, 0x00, 0x00, 0x00, 0xff, 0xff, 0x1f, 0x00, 0x00, 0x00, 0x00, 0x00,
    0x00, 0x00, 0x00, 0x00, 0x00, 0x00, 0x00, 0x00, 0x00, 0x00, 0x00, 0x00, 0x00, 0x00, 0x00, 0x00,
    0x00, 0x00, 0x00, 0x00, 0x00, 0x00, 0x00, 0x00, 0x00, 0x00, 0x00, 0x00, 0x00, 0x00, 0x00, 0x00,
    0x00, 0x00, 0x00, 0x00, 0x00, 0x00, 0x00, 0x00, 0x00, 0x00, 0x00, 0x00, 0x00, 0x00, 0x00, 0x00,
    0x00, 0x00, 0x00, 0x00, 0x00, 0x00, 0x00, 0x00, 0x00, 0x00, 0x00, 0x00, 0x00, 0x00, 0x00, 0x00,
    0x00, 0x00, 0x00, 0x00, 0x00, 0x00, 0x00, 0x00, 0x00, 0x00, 0x00, 0x00, 0x00, 0x00, 0x00, 0x00,
    0x00, 0x00, 0x00, 0x00, 0x00, 0x00, 0x00, 0x00, 0x00, 0x00, 0x00, 0x00, 0x00, 0x00, 0x00, 0x00,
    0x00, 0x00, 0x00, 0x00, 0x00, 0x00, 0x00, 0x00, 0x00, 0x00, 0x00, 0x00, 0x00, 0x00, 0x00, 0x00,
    0x00, 0x00, 0x00, 0x00, 0x00, 0x00, 0x00, 0x00, 0x00, 0x00, 0x00, 0x00, 0x00, 0x00, 0x00, 0x00,
    0x00, 0x00, 0x00, 0x00, 0x00, 0x00, 0x00, 0x00, 0x00, 0x00, 0x00, 0x00, 0x00, 0x00, 0x00, 0x00,
    0x00, 0x00, 0x00, 0x00, 0x00, 0x00, 0x00, 0x00, 0x00, 0x00, 0x00, 0x00, 0x00, 0x00, 0x00, 0x00,
    0x00, 0x00, 0x00, 0x00, 0x00, 0x00, 0x00, 0x00, 0x00, 0x00, 0x00, 0x00, 0x00, 0x00, 0x00, 0x00,
    0x00, 0x00, 0x00, 0x00, 0x00, 0x00, 0x00, 0x00, 0xf8, 0x07, 0x00, 0x00, 0x00, 0x00, 0xff, 0x3f,
    0x00, 0x00, 0x00, 0xc0, 0xff, 0xff, 0x00, 0x00, 0x00, 0xe0, 0xff, 0xff, 0x01, 0x00, 0x00, 0xf0,
    0x03, 0xf0, 0x03, 0x00, 0x00, 0xf8, 0x00, 0xc0, 0x07, 0x00, 0x38, 0x3c, 0x00, 0x00, 0x0f, 0x00,
    0x78, 0x3c, 0x00, 0x00, 0x0f, 0x00, 0x78, 0x1e, 0x00, 0x00, 0x1e, 0x00, 0x78, 0x0e, 0x00, 0x00,
    0x1e, 0x00, 0x00, 0x0e, 0x00, 0x00, 0x1c, 0x00, 0x00, 0x0e, 0x00, 0x00, 0x1c, 0x00, 0x00, 0x0e,
    0x00, 0x00, 0x1c, 0x00, 0x00, 0x0e, 0x00, 0x00, 0x1c, 0x00, 0x30, 0x1e, 0x00, 0x00, 0x1e, 0x00,
    0x78, 0x1c, 0x00, 0x00, 0x1e, 0x00, 0x78, 0x3c, 0x00, 0x00, 0x0f, 0x00, 0x78, 0x7c, 0x00, 0x80,
    0x0f, 0x00, 0x30, 0xf8, 0x01, 0xe0, 0x07, 0x00, 0x00, 0xf0, 0xff, 0xff, 0x03, 0x00, 0x00, 0xe0,
    0xff, 0xff, 0x01, 0x00, 0x00, 0x80, 0xff, 0xff, 0x00, 0x00, 0x00, 0x00, 0xfe, 0x1f, 0x00, 0x00,
    0x00, 0x00, 0x00, 0x00, 0x00, 0x00, 0x00, 0x00, 0x00, 0x00, 0x00, 0x00, 0x00, 0x00, 0x00, 0x00,
    0x00, 0x00, 0x00, 0x00, 0x00, 0x00, 0x00, 0x00, 0x00, 0x00, 0x00, 0x00, 0x00, 0x00, 0x00, 0x00,
    0x00, 0x00, 0x00, 0x00, 0x00, 0x00, 0x00, 0x00, 0x00, 0x00, 0x00, 0x00, 0x00, 0x00, 0x00, 0x00,
    0x00, 0x00, 0x00, 0x00, 0x00, 0x00, 0x00, 0x00, 0x00, 0x00, 0x00, 0x00, 0x00, 0x00, 0x00, 0x00,
    0x00, 0x00, 0x00, 0x00, 0x00, 0x00, 0x00, 0x00, 0x00, 0x00, 0x00, 0x00, 0x00, 0x00, 0x00, 0x00,
    0x00, 0x00, 0x00, 0x00, 0x00, 0x00, 0x00, 0x00, 0x00, 0x00, 0x00, 0x00, 0x00, 0x00, 0x00, 0x00,
    0x00, 0x00, 0x00, 0x00, 0x00, 0x00, 0x00, 0x00, 0x00, 0x00, 0x00, 0x00, 0x00, 0x00, 0x00, 0x00,
    0x00, 0x00, 0x00, 0x00, 0x00, 0x00, 0x00, 0x00, 0x00, 0x00, 0x00, 0x00, 0x00, 0x00, 0x00, 0x00,
    0x00, 0x00, 0x00, 0x00, 0x00, 0x00, 0x00, 0x00, 0x00, 0x00, 0x00, 0x00, 0x00, 0x00, 0x00, 0x00,
    0x00, 0x00, 0x00, 0x00, 0x00, 0x00, 0x00, 0x00, 0x00, 0x00, 0x00, 0x00, 0x00, 0x00, 0x00, 0x00,
    0x00, 0x00, 0x00, 0x00, 0x00, 0x00, 0x00, 0x00, 0x00, 0x00, 0x00, 0x00, 0x00, 0x00, 0x00, 0x00,
    0x00, 0x00, 0x00, 0x00, 0x00, 0x00, 0x00, 0x00, 0x00, 0x00, 0x00, 0x00, 0xc0, 0x7f, 0x00, 0x00,
    0x00, 0x00, 0xf0, 0xff, 0x01, 0x00, 0x00, 0x00, 0xf8, 0xff, 0x03, 0x00, 0x00, 0x0e, 0xfc, 0xf1,
    0x07, 0x00, 0x00, 0x1e, 0x3e, 0x80, 0x0f, 0x00, 0x00, 0x1e, 0x0e, 0x00, 0x0e, 0x00, 0x00, 0x1e,
    0x0f, 0x00, 0x1e, 0x00, 0x00, 0x00, 0x07, 0x00, 0x1c, 0x00, 0x00, 0x00, 0x07, 0x00, 0x1c, 0x00,
    0x00, 0x00, 0x07, 0x00, 0x1c, 0x00, 0x00, 0x00, 0x07, 0x00, 0x1c, 0x00, 0x00, 0x0c, 0x07, 0x00,
    0x1c, 0x00, 0x00, 0x1e, 0x0f, 0x00, 0x1e, 0x00, 0x00, 0x1e, 0x1e, 0x00, 0x0f, 0x00, 0x00, 0x1e,
    0x3e, 0x80, 0x0f, 0x00, 0x00, 0x0c, 0xfc, 0xff, 0x07, 0x00, 0x00, 0x00, 0xf8, 0xff, 0x03, 0x00,
    0x00, 0x00, 0xf0, 0xff, 0x01, 0x00, 0x00, 0x00, 0x80, 0x3f, 0x00, 0x00, 0x00, 0x00, 0x00, 0x00,
    0x00, 0x00, 0x00, 0x00, 0x00, 0x00, 0x00, 0x00, 0x00, 0x00, 0x00, 0x00, 0x00, 0x00, 0x00, 0x00,
    0x00, 0x00, 0x00, 0x00, 0x00, 0x00, 0x00, 0x00, 0x00, 0x00, 0x00, 0x00, 0x00, 0x00, 0x00, 0x00,
    0x00, 0x00, 0x00, 0x00, 0x00, 0x00, 0x00, 0x00, 0x00, 0x00, 0x00, 0x00, 0x00, 0x00, 0x00, 0x00,
    0x00, 0x00, 0x00, 0x00, 0x00, 0x00, 0x00, 0x00, 0x00, 0x00, 0x00, 0x00, 0x00, 0x00, 0x00, 0x00,
    0x00, 0x00, 0x00, 0x00, 0x00, 0x00, 0x00, 0x00, 0x00, 0x00, 0x00, 0x00, 0x00, 0x00, 0x00, 0x00,
    0x00, 0x00, 0x00, 0x00, 0x00, 0x00, 0x00, 0x00, 0x00, 0x00, 0x00, 0x00, 0x00, 0x00, 0x00, 0x00,
    0x00, 0x00, 0x00, 0x00, 0x00, 0x00, 0x00, 0x00, 0x00, 0x00, 0x00, 0x00, 0x00, 0x00, 0x00, 0x00,
    0x00, 0x00, 0x00, 0x00, 0x00, 0x00, 0x00, 0x00, 0x00, 0x00, 0x00, 0x00, 0x00, 0x00, 0x00, 0x00,
    0x00, 0x00, 0x00, 0x00, 0x00, 0x00, 0x00, 0x00, 0x00, 0x00, 0x00, 0x00, 0x00, 0x00, 0x00, 0x00,
    0x00, 0x00, 0x00, 0x00, 0x00, 0x00, 0x00, 0x00, 0x00, 0x00, 0x00, 0x00, 0x00, 0x00, 0x00, 0x00,
    0x00, 0x00, 0x00, 0x00, 0x00, 0x00, 0x00, 0x00, 0x00, 0x00, 0x00, 0x00, 0x00, 0x00, 0x00, 0x00,
    0x00, 0x00, 0x00, 0x00, 0x00, 0x00, 0x00, 0x00, 0xfc, 0x0f, 0x00, 0x00, 0x00, 0x80, 0xff, 0x7f,
    0x00, 0x00, 0x00, 0xe0, 0xff, 0xff, 0x01, 0x00, 0x00, 0xf0, 0xff, 0xff, 0x03, 0x00, 0x00, 0xf8,
    0xc1, 0xe1, 0x07, 0x00, 0x00, 0x78, 0xc0, 0x81, 0x07, 0x00, 0x00, 0x3c, 0xc0, 0x01, 0x0f, 0x00,
    0x00, 0x1c, 0xc0, 0x01, 0x0e, 0x00, 0x00, 0x1e, 0xc0, 0x01, 0x1e, 0x00, 0x00, 0x0e, 0xc0, 0x01,
    0x1c, 0x00, 0x00, 0x0e, 0xc0, 0x01, 0x1c, 0x00, 0x00, 0x0e, 0xc0, 0x01, 0x1c, 0x00, 0x00, 0x0e,
    0xc0, 0x01, 0x1c, 0x00, 0x00, 0x0e, 0xc0, 0x01, 0x1c, 0x00, 0x00, 0x1e, 0xc0, 0x01, 0x1e, 0x00,
    0x00, 0x1c, 0xc0, 0x01, 0x0e, 0x00, 0x00, 0x3c, 0xc0, 0x01, 0x0f, 0x00, 0x00, 0x78, 0xc0, 0x81,
    0x07, 0x00, 0x00, 0xf8, 0xc3, 0xe1, 0x07, 0x00, 0x00, 0xf0, 0xff, 0xff, 0x03, 0x00, 0x00, 0xe0,
    0xff, 0xff, 0x01, 0x00, 0x00, 0x80, 0xff, 0x7f, 0x00, 0x00, 0x00, 0x00, 0xfc, 0x0f, 0x00, 0x00,
    0x00, 0x00, 0x00, 0x00, 0x00, 0x00, 0x00, 0x00, 0x00, 0x00, 0x00, 0x00, 0x00, 0x00, 0x00, 0x00,
    0x00, 0x00, 0x00, 0x00, 0x00, 0x00, 0x00, 0x00, 0x00, 0x00, 0x00, 0x00, 0x00, 0x00, 0x00, 0x00,
    0x00, 0x00, 0x00, 0x00, 0x00, 0x00, 0x00, 0x00, 0x00, 0x00, 0x00, 0x00, 0x00, 0x00, 0x00, 0x00,
    0x00, 0x00, 0x00, 0x00, 0x00, 0x00, 0x00, 0x00, 0x00, 0x00, 0x00, 0x00, 0x00, 0x00, 0x00, 0x00,
    0x00, 0x00, 0x00, 0x00, 0x00, 0x00, 0x00, 0x00, 0x00, 0x00, 0x00, 0x00, 0x00, 0x00, 0x00, 0x00,
    0x00, 0x00, 0x00, 0x00, 0x00, 0x00, 0x00, 0x00, 0x00, 0x00, 0x00, 0x00, 0x00, 0x00, 0x00, 0x00,
    0x00, 0x00, 0x00, 0x00, 0x00, 0x00, 0x00, 0x00, 0x00, 0x00, 0x00, 0x00, 0x00, 0x00, 0x00, 0x00,
    0x00, 0x00, 0x00, 0x00, 0x00, 0x00, 0x00, 0x00, 0x00, 0x00, 0x00, 0x00, 0x00, 0x00, 0x00, 0x00,
    0x00, 0x00, 0x00, 0x00, 0x00, 0x00, 0x00, 0x00, 0x00, 0x00, 0x00, 0x00, 0x00, 0x00, 0x00, 0x00,
    0x00, 0x00, 0x00, 0x00, 0x00, 0x00, 0x00, 0x00, 0x00, 0x00, 0x00, 0x00, 0x00, 0x00, 0x00, 0x00,
    0x00, 0x00, 0x00, 0x00, 0x00, 0x00, 0x00, 0x00, 0x00, 0x00, 0x00, 0x00, 0x00, 0x00, 0x00, 0x00,
    0x00, 0x00, 0x00, 0x00, 0x00, 0x00, 0x00, 0x00, 0x00, 0x00, 0x00, 0x00, 0xc0, 0x7f, 0x00, 0x00,
    0x00, 0x00, 0xf0, 0xff, 0x01, 0x00, 0x00, 0x00, 0xf8, 0xff, 0x03, 0x00, 0x00, 0x00, 0xfc, 0xff,
    0x07, 0x00, 0x00, 0x00, 0x3e, 0x8e, 0x0f, 0x00, 0x00, 0x00, 0x0e, 0x0e, 0x0e, 0x00, 0x00, 0x00,
    0x0f, 0x0e, 0x1e, 0x00, 0x00, 0x00, 0x07, 0x0e, 0x1c, 0x00, 0x00, 0x00, 0x07, 0x0e, 0x1c, 0x00,
    0x00, 0x00, 0x07, 0x0e, 0x1c, 0x00, 0x00, 0x00, 0x07, 0x0e, 0x1c, 0x00, 0x00, 0x00, 0x07, 0x0e,
    0x1c, 0x00, 0x00, 0x00, 0x0f, 0x0e, 0x1e, 0x00, 0x00, 0x00, 0x1e, 0x0e, 0x0f, 0x00, 0x00, 0x00,
    0x3e, 0x8e, 0x0f, 0x00, 0x00, 0x00, 0xfc, 0xff, 0x07, 0x00, 0x00, 0x00, 0xf8, 0xff, 0x03, 0x00,
    0x00, 0x00, 0xf0, 0xff, 0x01, 0x00, 0x00, 0x00, 0x80, 0x3f, 0x00, 0x00, 0x00, 0x00, 0x00, 0x00,
    0x00, 0x00, 0x00, 0x00, 0x00, 0x00, 0x00, 0x00, 0x00, 0x00, 0x00, 0x00, 0x00, 0x00, 0x00, 0x00,
    0x00, 0x00, 0x00, 0x00, 0x00, 0x00, 0x00, 0x00, 0x00, 0x00, 0x00, 0x00, 0x00, 0x00, 0x00, 0x00,
    0x00, 0x00, 0x00, 0x00, 0x00, 0x00, 0x00, 0x00, 0x00, 0x00, 0x00, 0x00, 0x00, 0x00, 0x00, 0x00,
    0x00, 0x00, 0x00, 0x00, 0x00, 0x00, 0x00, 0x00, 0x00, 0x00, 0x00, 0x00, 0x00, 0x00, 0x00, 0x00,
    0x00, 0x00, 0x00, 0x00, 0x00, 0x00, 0x00, 0x00, 0x00, 0x00, 0x00, 0x00, 0x00, 0x00, 0x00, 0x00,
    0x00, 0x00, 0x00, 0x00, 0x00, 0x00, 0x00, 0x00, 0x00, 0x00, 0x00, 0x00, 0x00, 0x00, 0x00, 0x00,
    0x00, 0x00, 0x00, 0x00, 0x00, 0x00, 0x00, 0x00, 0x00, 0x00, 0x00, 0x00, 0x00, 0x00, 0x00, 0x00,
    0x00, 0x00, 0x00, 0x00, 0x00, 0x00, 0x00, 0x00, 0x00, 0x00, 0x00, 0x00, 0x00, 0x00, 0x00, 0x00,
    0x00, 0x00, 0x00, 0x00, 0x00, 0x00, 0x00, 0x00, 0x00, 0x00, 0x00, 0x00, 0x00, 0x00, 0x00, 0x00,
    0x00, 0x00, 0x00, 0x00, 0x00, 0x00, 0x00, 0x00, 0x00, 0x00, 0x00, 0x00, 0x00, 0x00, 0x00, 0x00,
    0x00, 0x00, 0x00, 0x00, 0x00, 0x00, 0x00, 0x00, 0x00, 0x00, 0x00, 0x00, 0x00, 0x00, 0x00, 0x00,
    0x00, 0x00, 0x00, 0x00, 0x00, 0x00, 0x00, 0x00, 0xfc, 0x0f, 0x00, 0x00, 0x00, 0x80, 0xff, 0x7f,
    0x00, 0x00, 0x00, 0xe0, 0xff, 0xff, 0x01, 0x00, 0x00, 0xf0, 0xff, 0xff, 0x03, 0x00, 0x00, 0xf8,
    0xc1, 0xe1, 0x07, 0x00, 0x00, 0x78, 0xc0, 0x81, 0x07, 0x00, 0x38, 0x3c, 0xc0, 0x01, 0x0f, 0x00,
    0x78, 0x1c, 0xc0, 0x01, 0x0e, 0x00, 0x78, 0x1e, 0xc0, 0x01, 0x1e, 0x00, 0x78, 0x0e, 0xc0, 0x01,
    0x1c, 0x00, 0x00, 0x0e, 0xc0, 0x01, 0x1c, 0x00, 0x00, 0x0e, 0xc0, 0x01, 0x1c, 0x00, 0x00, 0x0e,
    0xc0, 0x01, 0x1c, 0x00, 0x00, 0x0e, 0xc0, 0x01, 0x1c, 0x00, 0x30, 0x1e, 0xc0, 0x01, 0x1e, 0x00,
    0x78, 0x1c, 0xc0, 0x01, 0x0e, 0x00, 0x78, 0x3c, 0xc0, 0x01, 0x0f, 0x00, 0x78, 0x78, 0xc0, 0x81,
    0x07, 0x00, 0x30, 0xf8, 0xc3, 0xe1, 0x07, 0x00, 0x00, 0xf0, 0xff, 0xff, 0x03, 0x00, 0x00, 0xe0,
    0xff, 0xff, 0x01, 0x00, 0x00, 0x80, 0xff, 0x7f, 0x00, 0x00, 0x00, 0x00, 0xfc, 0x0f, 0x00, 0x00,
    0x00, 0x00, 0x00, 0x00, 0x00, 0x00, 0x00, 0x00, 0x00, 0x00, 0x00, 0x00, 0x00, 0x00, 0x00, 0x00,
    0x00, 0x00, 0x00, 0x00, 0x00, 0x00, 0x00, 0x00, 0x00, 0x00, 0x00, 0x00, 0x00, 0x00, 0x00, 0x00,
    0x00, 0x00, 0x00, 0x00, 0x00, 0x00, 0x00, 0x00, 0x00, 0x00, 0x00, 0x00, 0x00, 0x00, 0x00, 0x00,
    0x00, 0x00, 0x00, 0x00, 0x00, 0x00, 0x00, 0x00, 0x00, 0x00, 0x00, 0x00, 0x00, 0x00, 0x00, 0x00,
    0x00, 0x00, 0x00, 0x00, 0x00, 0x00, 0x00, 0x00, 0x00, 0x00, 0x00, 0x00, 0x00, 0x00, 0x00, 0x00,
    0x00, 0x00, 0x00, 0x00, 0x00, 0x00, 0x00, 0x00, 0x00, 0x00, 0x00, 0x00, 0x00, 0x00, 0x00, 0x00,
    0x00, 0x00, 0x00, 0x00, 0x00, 0x00, 0x00, 0x00, 0x00, 0x00, 0x00, 0x00, 0x00, 0x00, 0x00, 0x00,
    0x00, 0x00, 0x00, 0x00, 0x00, 0x00, 0x00, 0x00, 0x00, 0x00, 0x00, 0x00, 0x00, 0x00, 0x00, 0x00,
    0x00, 0x00, 0x00, 0x00, 0x00, 0x00, 0x00, 0x00, 0x00, 0x00, 0x00, 0x00, 0x00, 0x00, 0x00, 0x00,
    0x00, 0x00, 0x00, 0x00, 0x00, 0x00, 0x00, 0x00, 0x00, 0x00, 0x00, 0x00, 0x00, 0x00, 0x00, 0x00,
    0x00, 0x00, 0x00, 0x00, 0x00, 0x00, 0x00, 0x00, 0x00, 0x00, 0x00, 0x00, 0x00, 0x00, 0x00, 0x00,
    0x00, 0x00, 0x00, 0x00, 0x00, 0x00, 0x00, 0x00, 0x00, 0x00, 0x00, 0x00, 0xc0, 0x7f, 0x00, 0x00,
    0x00, 0x00, 0xf0, 0xff, 0x01, 0x00, 0x00, 0x00, 0xf8, 0xff, 0x03, 0x00, 0x00, 0x0e, 0xfc, 0xff,
    0x07, 0x00, 0x00, 0x1e, 0x3e, 0x8e, 0x0f, 0x00, 0x00, 0x1e, 0x0e, 0x0e, 0x0e, 0x00, 0x00, 0x1e,
    0x0f, 0x0e, 0x1e, 0x00, 0x00, 0x00, 0x07, 0x0e, 0x1c, 0x00, 0x00, 0x00, 0x07, 0x0e, 0x1c, 0x00,
    0x00, 0x00, 0x07, 0x0e, 0x1c, 0x00, 0x00, 0x00, 0x07, 0x0e, 0x1c, 0x00, 0x00, 0x0c, 0x07, 0x0e,
    0x1c, 0x00, 0x00, 0x1e, 0x0f, 0x0e, 0x1e, 0x00, 0x00, 0x1e, 0x1e, 0x0e, 0x0f, 0x00, 0x00, 0x1e,
    0x3e, 0x8e, 0x0f, 0x00, 0x00, 0x0c, 0xfc, 0xff, 0x07, 0x00, 0x00, 0x00, 0xf8, 0xff, 0x03, 0x00,
    0x00, 0x00, 0xf0, 0xff, 0x01, 0x00, 0x00, 0x00, 0x80, 0x3f, 0x00, 0x00, 0x00, 0x00, 0x00, 0x00,
    0x00, 0x00, 0x00, 0x00, 0x00, 0x00, 0x00, 0x00, 0x00, 0x00, 0x00, 0x00, 0x00, 0x00, 0x00, 0x00,
    0x00, 0x00, 0x00, 0x00, 0x00, 0x00, 0x00, 0x00, 0x00, 0x00, 0x00, 0x00, 0x00, 0x00, 0x00, 0x00,
    0x00, 0x00, 0x00, 0x00, 0x00, 0x00, 0x00, 0x00, 0x00, 0x00, 0x00, 0x00, 0x00, 0x00, 0x00, 0x00,
    0x00, 0x00, 0x00, 0x00, 0x00, 0x00, 0x00, 0x00, 0x00, 0x00, 0x00, 0x00, 0x00, 0x00, 0x00, 0x00,
    0x00, 0x00, 0x00, 0x00, 0x00, 0x00, 0x00, 0x00, 0x00, 0x00, 0x00, 0x00, 0x00, 0x00, 0x00, 0x00,
    0x00, 0x00, 0x00, 0x00, 0x00, 0x00, 0x00, 0x00, 0x00, 0x00, 0x00, 0x00, 0x00, 0x00, 0x00, 0x00,
    0x00, 0x00, 0x00, 0x00, 0x00, 0x00, 0x00, 0x00, 0x00, 0x00, 0x00, 0x00, 0x00, 0x00, 0x00, 0x00,
    0x00, 0x00, 0x00, 0x00, 0x00, 0x00, 0x00, 0x00, 0x00, 0x00, 0x00, 0x00, 0x00, 0x00, 0x00, 0x00,
    0x00, 0x00, 0x00, 0x00, 0x00, 0x00, 0x00, 0x00, 0x00, 0x00, 0x00, 0x00, 0x00, 0x00, 0x00, 0x00,
    0x00, 0x00, 0x00, 0x00, 0x00, 0x00, 0x00, 0x00, 0x00, 0x00, 0x00, 0x00, 0x00, 0x00, 0x00, 0x00,
    0x00, 0x00, 0x00, 0x00, 0x00, 0x00, 0x00, 0x00, 0x00, 0x00, 0x00, 0x00, 0x00, 0x00, 0x00, 0x00,
    0x00, 0x00, 0x00, 0x00, 0x00, 0x00, 0x00, 0x00, 0x00, 0x00, 0x00, 0x00, 0x00, 0x00, 0x07, 0x70,
    0x00, 0x00, 0x00, 0xc0, 0x07, 0xf0, 0x01, 0x00, 0x00, 0xf0, 0x07, 0xf0, 0x03, 0x00, 0x00, 0xf8,
    0x07, 0xf0, 0x07, 0x00, 0x1c, 0xf8, 0x00, 0x80, 0x0f, 0x00, 0x3c, 0x3c, 0x00, 0x00, 0x0f, 0x00,
    0x3c, 0x1c, 0x00, 0x00, 0x0e, 0x00, 0x3c, 0x1e, 0xc0, 0x01, 0x1e, 0x00, 0x00, 0x0e, 0xc0, 0x01,
    0x1c, 0x00, 0x00, 0x0e, 0xc0, 0x01, 0x1c, 0x00, 0x00, 0x0e, 0xc0, 0x01, 0x1c, 0x00, 0x00, 0x0e,
    0xc0, 0x01, 0x1c, 0x00, 0x18, 0x0e, 0xc0, 0x01, 0x1c, 0x00, 0x3c, 0x1e, 0xc0, 0x01, 0x1e, 0x00,
    0x3c, 0x1c, 0xc0, 0x01, 0x0e, 0x00, 0x3c, 0x3c, 0xc0, 0x01, 0x0f, 0x00, 0x18, 0x78, 0xc0, 0x81,
    0x07, 0x00, 0x00, 0xf8, 0xc3, 0xf1, 0x07, 0x00, 0x00, 0xf0, 0xff, 0xff, 0x03, 0x00, 0x00, 0xe0,
    0xff, 0xff, 0x01, 0x00, 0x00, 0x80, 0xff, 0x7f, 0x00, 0x00, 0x00, 0x00, 0xf8, 0x07, 0x00, 0x00,
    0x00, 0x00, 0x00, 0x00, 0x00, 0x00, 0x00, 0x00, 0x00, 0x00, 0x00, 0x00, 0x00, 0x00, 0x00, 0x00,
    0x00, 0x00, 0x00, 0x00, 0x00, 0x00, 0x00, 0x00, 0x00, 0x00, 0x00, 0x00, 0x00, 0x00, 0x00, 0x00,
    0x00, 0x00, 0x00, 0x00, 0x00, 0x00, 0x00, 0x00, 0x00, 0x00, 0x00, 0x00, 0x00, 0x00, 0x00, 0x00,
    0x00, 0x00, 0x00, 0x00, 0x00, 0x00, 0x00, 0x00, 0x00, 0x00, 0x00, 0x00, 0x00, 0x00, 0x00, 0x00,
    0x00, 0x00, 0x00, 0x00, 0x00, 0x00, 0x00, 0x00, 0x00, 0x00, 0x00, 0x00, 0x00, 0x00, 0x00, 0x00,
    0x00, 0x00, 0x00, 0x00, 0x00, 0x00, 0x00, 0x00, 0x00, 0x00, 0x00, 0x00, 0x00, 0x00, 0x00, 0x00,
    0x00, 0x00, 0x00, 0x00, 0x00, 0x00, 0x00, 0x00, 0x00, 0x00, 0x00, 0x00, 0x00, 0x00, 0x00, 0x00,
    0x00, 0x00, 0x00, 0x00, 0x00, 0x00, 0x00, 0x00, 0x00, 0x00, 0x00, 0x00, 0x00, 0x00, 0x00, 0x00,
    0x00, 0x00, 0x00, 0x00, 0x00, 0x00, 0x00, 0x00, 0x00, 0x00, 0x00, 0x00, 0x00, 0x00, 0x00, 0x00,
    0x00, 0x00, 0x00, 0x00, 0x00, 0x00, 0x00, 0x00, 0x00, 0x00, 0x00, 0x00, 0x00, 0x00, 0x00, 0x00,
    0x00, 0x00, 0x00, 0x00, 0x00, 0x00, 0x00, 0x00, 0x00, 0x00, 0x00, 0x00, 0x00, 0x00, 0x00, 0x00,
    0x00, 0x00, 0x00, 0x00, 0x00, 0x00, 0x00, 0x00, 0x00, 0x00, 0x00, 0x00, 0x60, 0xe0, 0x00, 0x00,
    0x00, 0x00, 0x78, 0xe0, 0x03, 0x00, 0x00, 0x0e, 0x7c, 0xe0, 0x07, 0x00, 0x00, 0x1e, 0x3e, 0xc0,
    0x0f, 0x00, 0x00, 0x1e, 0x0e, 0x00, 0x0f, 0x00, 0x00, 0x1e, 0x0f, 0x00, 0x1e, 0x00, 0x00, 0x00,
    0x07, 0x0e, 0x1c, 0x00, 0x00, 0x00, 0x07, 0x0e, 0x1c, 0x00, 0x00, 0x00, 0x07, 0x0e, 0x1c, 0x00,
    0x00, 0x00, 0x07, 0x0e, 0x1c, 0x00, 0x00, 0x0c, 0x07, 0x0e, 0x1c, 0x00, 0x00, 0x1e, 0x0e, 0x0e,
    0x0e, 0x00, 0x00, 0x1e, 0x1e, 0x0e, 0x0f, 0x00, 0x00, 0x1e, 0xfc, 0xee, 0x07, 0x00, 0x00, 0x0c,
    0xfc, 0xff, 0x03, 0x00, 0x00, 0x00, 0xf0, 0xff, 0x01, 0x00, 0x00, 0x00, 0xe0, 0x7f, 0x00, 0x00,
    0x00, 0x00, 0x00, 0x00, 0x00, 0x00, 0x00, 0x00, 0x00, 0x00, 0x00, 0x00, 0x00, 0x00, 0x00, 0x00,
    0x00, 0x00, 0x00, 0x00, 0x00, 0x00, 0x00, 0x00, 0x00, 0x00, 0x00, 0x00, 0x00, 0x00, 0x00, 0x00,
    0x00, 0x00, 0x00, 0x00, 0x00, 0x00, 0x00, 0x00, 0x00, 0x00, 0x00, 0x00, 0x00, 0x00, 0x00, 0x00,
    0x00, 0x00, 0x00, 0x00, 0x00, 0x00, 0x00, 0x00, 0x00, 0x00, 0x00, 0x00, 0x00, 0x00, 0x00, 0x00,
    0x00, 0x00, 0x00, 0x00, 0x00, 0x00, 0x00, 0x00, 0x00, 0x00, 0x00, 0x00, 0x00, 0x00, 0x00, 0x00,
    0x00, 0x00, 0x00, 0x00, 0x00, 0x00, 0x00, 0x00, 0x00, 0x00, 0x00, 0x00, 0x00, 0x00, 0x00, 0x00,
    0x00, 0x00, 0x00, 0x00, 0x00, 0x00, 0x00, 0x00, 0x00, 0x00, 0x00, 0x00, 0x00, 0x00, 0x00, 0x00,
    0x00, 0x00, 0x00, 0x00, 0x00, 0x00, 0x00, 0x00, 0x00, 0x00, 0x00, 0x00, 0x00, 0x00, 0x00, 0x00,
    0x00, 0x00, 0x00, 0x00, 0x00, 0x00, 0x00, 0x00, 0x00, 0x00, 0x00, 0x00, 0x00, 0x00, 0x00, 0x00,
    0x00, 0x00, 0x00, 0x00, 0x00, 0x00, 0x00, 0x00, 0x00, 0x00, 0x00, 0x00, 0x00, 0x00, 0x00, 0x00,
    0x00, 0x00, 0x00, 0x00, 0x00, 0x00, 0x00, 0x00, 0x00, 0x00, 0x00, 0x00, 0x00, 0x00, 0x00, 0x00,
    0x00, 0x00, 0x00, 0x00, 0x00, 0x00, 0x00, 0x00, 0x00, 0x00, 0x00, 0x06, 0x00, 0x00, 0x00, 0x00,
    0x00, 0x1e, 0x00, 0x00, 0x00, 0x00, 0x00, 0x7e, 0x00, 0x00, 0x00, 0x00, 0x00, 0xfe, 0x01, 0x00,
    0x1c, 0x00, 0x38, 0xf8, 0x0f, 0x00, 0x1c, 0x00, 0x38, 0xe0, 0x3f, 0x00, 0x1c, 0x00, 0x38, 0x80,
    0xff, 0x00, 0x1c, 0x00, 0x38, 0x00, 0xfe, 0x03, 0x1e, 0x00, 0x38, 0x00, 0xf8, 0x8f, 0x0f, 0x00,
    0x38, 0x00, 0xc0, 0xff, 0x0f, 0x00, 0x38, 0x00, 0x00, 0xff, 0x07, 0x00, 0x38, 0x00, 0x00, 0xff,
    0x01, 0x00, 0x38, 0x00, 0xc0, 0x7f, 0x00, 0x00, 0x38, 0x00, 0xf8, 0x0f, 0x00, 0x00, 0x38, 0x00,
    0xfe, 0x03, 0x00, 0x00, 0x38, 0xc0, 0xff, 0x00, 0x00, 0x00, 0x38, 0xf0, 0x3f, 0x00, 0x00, 0x00,
    0x00, 0xfe, 0x07, 0x00, 0x00, 0x00, 0x00, 0xfe, 0x01, 0x00, 0x00, 0x00, 0x00, 0x7e, 0x00, 0x00,
    0x00, 0x00, 0x00, 0x0e, 0x00, 0x00, 0x00, 0x00, 0x00, 0x02, 0x00, 0x00, 0x00, 0x00, 0x00, 0x00,
    0x00, 0x00, 0x00, 0x00, 0x00, 0x00, 0x00, 0x00, 0x00, 0x00, 0x00, 0x00, 0x00, 0x00, 0x00, 0x00,
    0x00, 0x00, 0x00, 0x00, 0x00, 0x00, 0x00, 0x00, 0x00, 0x00, 0x00, 0x00, 0x00, 0x00, 0x00, 0x00,
    0x00, 0x00, 0x00, 0x00, 0x00, 0x00, 0x00, 0x00, 0x00, 0x00, 0x00, 0x00, 0x00, 0x00, 0x00, 0x00,
    0x00, 0x00, 0x00, 0x00, 0x00, 0x00, 0x00, 0x00, 0x00, 0x00, 0x00, 0x00, 0x00, 0x00, 0x00, 0x00,
    0x00, 0x00, 0x00, 0x00, 0x00, 0x00, 0x00, 0x00, 0x00, 0x00, 0x00, 0x00, 0x00, 0x00, 0x00, 0x00,
    0x00, 0x00, 0x00, 0x00, 0x00, 0x00, 0x00, 0x00, 0x00, 0x00, 0x00, 0x00, 0x00, 0x00, 0x00, 0x00,
    0x00, 0x00, 0x00, 0x00, 0x00, 0x00, 0x00, 0x00, 0x00, 0x00, 0x00, 0x00, 0x00, 0x00, 0x00, 0x00,
    0x00, 0x00, 0x00, 0x00, 0x00, 0x00, 0x00, 0x00, 0x00, 0x00, 0x00, 0x00, 0x00, 0x00, 0x00, 0x00,
    0x00, 0x00, 0x00, 0x00, 0x00, 0x00, 0x00, 0x00, 0x00, 0x00, 0x00, 0x00, 0x00, 0x00, 0x00, 0x00,
    0x00, 0x00, 0x00, 0x00, 0x00, 0x00, 0x00, 0x00, 0x00, 0x00, 0x00, 0x00, 0x00, 0x00, 0x00, 0x00,
    0x00, 0x00, 0x00, 0x00, 0x00, 0x00, 0x00, 0x00, 0x00, 0x00, 0x00, 0x00, 0x00, 0x00, 0x00, 0x00,
    0x00, 0x00, 0x00, 0x00, 0x07, 0x00, 0x00, 0x00, 0x00, 0x00, 0x3f, 0x00, 0x00, 0x1c, 0x00, 0x00,
    0xff, 0x00, 0x00, 0x1c, 0x00, 0x0e, 0xff, 0x07, 0x00, 0x1c, 0x00, 0x0e, 0xf8, 0x3f, 0x00, 0x1e,
    0x00, 0x0e, 0xc0, 0xff, 0x00, 0x0f, 0x00, 0x0e, 0x00, 0xfe, 0xc7, 0x0f, 0x00, 0x0e, 0x00, 0xf0,
    0xff, 0x07, 0x00, 0x0e, 0x00, 0x80, 0xff, 0x01, 0x00, 0x0e, 0x00, 0xe0, 0x3f, 0x00, 0x00, 0x0e,
    0x00, 0xfc, 0x0f, 0x00, 0x00, 0x0e, 0xc0, 0xff, 0x01, 0x00, 0x00, 0x0e, 0xf8, 0x3f, 0x00, 0x00,
    0x00, 0x0e, 0xff, 0x07, 0x00, 0x00, 0x00, 0x0e, 0xff, 0x00, 0x00, 0x00, 0x00, 0x0e, 0x1f, 0x00,
    0x00, 0x00, 0x00, 0x00, 0x07, 0x00, 0x00, 0x00, 0x00, 0x00, 0x00, 0x00, 0x00, 0x00, 0x00, 0x00,
    0x00, 0x00, 0x00, 0x00, 0x00, 0x00, 0x00, 0x00, 0x00, 0x00, 0x00, 0x00, 0x00, 0x00, 0x00, 0x00,
    0x00, 0x00, 0x00, 0x00, 0x00, 0x00, 0x00, 0x00, 0x00, 0x00, 0x00, 0x00, 0x00, 0x00, 0x00, 0x00,
    0x00, 0x00, 0x00, 0x00, 0x00, 0x00, 0x00, 0x00, 0x00, 0x00, 0x00, 0x00, 0x00, 0x00, 0x00, 0x00,
    0x00, 0x00, 0x00, 0x00, 0x00, 0x00, 0x00, 0x00, 0x00, 0x00, 0x00, 0x00, 0x00, 0x00, 0x00, 0x00,
    0x00, 0x00, 0x00, 0x00, 0x00, 0x00, 0x00, 0x00, 0x00, 0x00, 0x00, 0x00, 0x00, 0x00, 0x00, 0x00,
    0x00, 0x00, 0x00, 0x00, 0x00, 0x00, 0x00, 0x00, 0x00, 0x00, 0x00, 0x00, 0x00, 0x00, 0x00, 0x00,
    0x00, 0x00, 0x00, 0x00, 0x00, 0x00, 0x00, 0x00, 0x00, 0x00, 0x00, 0x00, 0x00, 0x00, 0x00, 0x00,
    0x00, 0x00, 0x00, 0x00, 0x00, 0x00, 0x00, 0x00, 0x00, 0x00, 0x00, 0x00, 0x00, 0x00, 0x00, 0x00,
    0x00, 0x00, 0x00, 0x00, 0x00, 0x00, 0x00, 0x00, 0x00, 0x00, 0x00, 0x00, 0x00, 0x00, 0x00, 0x00,
    0x00, 0x00, 0x00, 0x00, 0x00, 0x00, 0x00, 0x00, 0x00, 0x00, 0x00, 0x00, 0x00, 0x00, 0x00, 0x00,
    0x00, 0x00, 0x00, 0x00, 0x00, 0x00, 0x00, 0x00, 0x00, 0x00, 0x00, 0x00, 0x00, 0x00, 0x00, 0x00,
    0x00, 0x00, 0x00, 0x06, 0x00, 0x00, 0x00, 0x00, 0x00, 0x1e, 0x00, 0x00, 0x00, 0x00, 0x00, 0x7e,
    0x00, 0x00, 0x00, 0x00, 0x00, 0xfe, 0x01, 0x00, 0x1c, 0x00, 0x1c, 0xf8, 0x0f, 0x00, 0x1c, 0x00,
    0x3c, 0xe0, 0x3f, 0x00, 0x1c, 0x00, 0x3c, 0x80, 0xff, 0x00, 0x1c, 0x00, 0x3c, 0x00, 0xfe, 0x03,
    0x1e, 0x00, 0x00, 0x00, 0xf8, 0x8f, 0x0f, 0x00, 0x00, 0x00, 0xc0, 0xff, 0x0f, 0x00, 0x00, 0x00,
    0x00, 0xff, 0x07, 0x00, 0x00, 0x00, 0x00, 0xff, 0x01, 0x00, 0x18, 0x00, 0xc0, 0x7f, 0x00, 0x00,
    0x3c, 0x00, 0xf8, 0x0f, 0x00, 0x00, 0x3c, 0x00, 0xfe, 0x03, 0x00, 0x00, 0x3c, 0xc0, 0xff, 0x00,
    0x00, 0x00, 0x18, 0xf0, 0x3f, 0x00, 0x00, 0x00, 0x00, 0xfe, 0x07, 0x00, 0x00, 0x00, 0x00, 0xfe,
    0x01, 0x00, 0x00, 0x00, 0x00, 0x7e, 0x00, 0x00, 0x00, 0x00, 0x00, 0x0e, 0x00, 0x00, 0x00, 0x00,
    0x00, 0x02, 0x00, 0x00, 0x00, 0x00, 0x00, 0x00, 0x00, 0x00, 0x00, 0x00, 0x00, 0x00, 0x00, 0x00,
    0x00, 0x00, 0x00, 0x00, 0x00, 0x00, 0x00, 0x00, 0x00, 0x00, 0x00, 0x00, 0x00, 0x00, 0x00, 0x00,
    0x00, 0x00, 0x00, 0x00, 0x00, 0x00, 0x00, 0x00, 0x00, 0x00, 0x00, 0x00, 0x00, 0x00, 0x00, 0x00,
    0x00, 0x00, 0x00, 0x00, 0x00, 0x00, 0x00, 0x00, 0x00, 0x00, 0x00, 0x00, 0x00, 0x00, 0x00, 0x00,
    0x00, 0x00, 0x00, 0x00, 0x00, 0x00, 0x00, 0x00, 0x00, 0x00, 0x00, 0x00, 0x00, 0x00, 0x00, 0x00,
    0x00, 0x00, 0x00, 0x00, 0x00, 0x00, 0x00, 0x00, 0x00, 0x00, 0x00, 0x00, 0x00, 0x00, 0x00, 0x00,
    0x00, 0x00, 0x00, 0x00, 0x00, 0x00, 0x00, 0x00, 0x00, 0x00, 0x00, 0x00, 0x00, 0x00, 0x00, 0x00,
    0x00, 0x00, 0x00, 0x00, 0x00, 0x00, 0x00, 0x00, 0x00, 0x00, 0x00, 0x00, 0x00, 0x00, 0x00, 0x00,
    0x00, 0x00, 0x00, 0x00, 0x00, 0x00, 0x00, 0x00, 0x00, 0x00, 0x00, 0x00, 0x00, 0x00, 0x00, 0x00,
    0x00, 0x00, 0x00, 0x00, 0x00, 0x00, 0x00, 0x00, 0x00, 0x00, 0x00, 0x00, 0x00, 0x00, 0x00, 0x00,
    0x00, 0x00, 0x00, 0x00, 0x00, 0x00, 0x00, 0x00, 0x00, 0x00, 0x00, 0x00, 0x00, 0x00, 0x00, 0x00,
    0x00, 0x00, 0x00, 0x00, 0x00, 0x00, 0x00, 0x00, 0x00, 0x00, 0x00, 0x00, 0x07, 0x00, 0x00, 0x00,
    0x00, 0x00, 0x3f, 0x00, 0x00, 0x1c, 0x00, 0x00, 0xff, 0x00, 0x00, 0x1c, 0x00, 0x07, 0xff, 0x07,
    0x00, 0x1c, 0x00, 0x0f, 0xf8, 0x3f, 0x00, 0x1e, 0x00, 0x0f, 0xc0, 0xff, 0x00, 0x0f, 0x00, 0x0f,
    0x00, 0xfe, 0xc7, 0x0f, 0x00, 0x00, 0x00, 0xf0, 0xff, 0x07, 0x00, 0x00, 0x00, 0x80, 0xff, 0x01,
    0x00, 0x00, 0x00, 0xe0, 0x3f, 0x00, 0x00, 0x00, 0x00, 0xfc, 0x0f, 0x00, 0x00, 0x06, 0xc0, 0xff,
    0x01, 0x00, 0x00, 0x0f, 0xf8, 0x3f, 0x00, 0x00, 0x00, 0x0f, 0xff, 0x07, 0x00, 0x00, 0x00, 0x0f,
    0xff, 0x00, 0x00, 0x00, 0x00, 0x06, 0x1f, 0x00, 0x00, 0x00, 0x00, 0x00, 0x07, 0x00, 0x00, 0x00,
    0x00, 0x00, 0x00, 0x00, 0x00, 0x00, 0x00, 0x00, 0x00, 0x00, 0x00, 0x00, 0x00, 0x00, 0x00, 0x00,
    0x00, 0x00, 0x00, 0x00, 0x00, 0x00, 0x00, 0x00, 0x00, 0x00, 0x00, 0x00, 0x00, 0x00, 0x00, 0x00,
    0x00, 0x00, 0x00, 0x00, 0x00, 0x00, 0x00, 0x00, 0x00, 0x00, 0x00, 0x00, 0x00, 0x00, 0x00, 0x00,
    0x00, 0x00, 0x00, 0x00, 0x00, 0x00, 0x00, 0x00, 0x00, 0x00, 0x00, 0x00, 0x00, 0x00, 0x00, 0x00,
    0x00, 0x00, 0x00, 0x00, 0x00, 0x00, 0x00, 0x00, 0x00, 0x00, 0x00, 0x00, 0x00, 0x00, 0x00, 0x00,
    0x00, 0x00, 0x00, 0x00, 0x00, 0x00, 0x00, 0x00, 0x00, 0x00, 0x00, 0x00, 0x00, 0x00, 0x00, 0x00,
    0x00, 0x00, 0x00, 0x00, 0x00, 0x00, 0x00, 0x00, 0x00, 0x00, 0x00, 0x00, 0x00, 0x00, 0x00, 0x00,
    0x00, 0x00, 0x00, 0x00, 0x00, 0x00, 0x00, 0x00, 0x00, 0x00, 0x00, 0x00, 0x00, 0x00, 0x00, 0x00,
    0x00, 0x00, 0x00, 0x00, 0x00, 0x00, 0x00, 0x00, 0x00, 0x00, 0x00, 0x00, 0x00, 0x00, 0x00, 0x00,
    0x00, 0x00, 0x00, 0x00, 0x00, 0x00, 0x00, 0x00, 0x00, 0x00, 0x00, 0x00, 0x00, 0x00, 0x00, 0x00,
    0x00, 0x00, 0x00, 0x00, 0x00, 0x00, 0x00, 0x00, 0x00, 0x00, 0x00, 0x00, 0x00, 0x00, 0x00, 0x00,
    0x00, 0x00, 0x00, 0x00, 0x00, 0x00, 0x00, 0x00, 0x00, 0x00, 0x00, 0x06, 0x00, 0x00, 0x00, 0x00,
    0x00, 0x1e, 0x00, 0x00, 0x00, 0x00, 0x00, 0x7e, 0x00, 0x00, 0x00, 0x00, 0x00, 0xfe, 0x01, 0x00,
    0x1c, 0x00, 0x00, 0xf8, 0x0f, 0x00, 0x1c, 0x00, 0x00, 0xe0, 0x3f, 0x00, 0x1c, 0x00, 0x40, 0x80,
    0xff, 0x00, 0x1c, 0x00, 0x70, 0x00, 0xfe, 0x03, 0x1e, 0x00, 0x7c, 0x00, 0xf8, 0x8f, 0x0f, 0x00,
    0x3e, 0x00, 0xc0, 0xff, 0x0f, 0x00, 0x1e, 0x00, 0x00, 0xff, 0x07, 0x00, 0x06, 0x00, 0x00, 0xff,
    0x01, 0x00, 0x62, 0x00, 0xc0, 0x7f, 0x00, 0x00, 0x70, 0x00, 0xf8, 0x0f, 0x00, 0x00, 0x78, 0x00,
    0xfe, 0x03, 0x00, 0x00, 0x3e, 0xc0, 0xff, 0x00, 0x00, 0x00, 0x1e, 0xf0, 0x3f, 0x00, 0x00, 0x00,
    0x0e, 0xfe, 0x07, 0x00, 0x00, 0x00, 0x06, 0xfe, 0x01, 0x00, 0x00, 0x00, 0x00, 0x7e, 0x00, 0x00,
    0x00, 0x00, 0x00, 0x0e, 0x00, 0x00, 0x00, 0x00, 0x00, 0x02, 0x00, 0x00, 0x00, 0x00, 0x00, 0x00,
    0x00, 0x00, 0x00, 0x00, 0x00, 0x00, 0x00, 0x00, 0x00, 0x00, 0x00, 0x00, 0x00, 0x00, 0x00, 0x00,
    0x00, 0x00, 0x00, 0x00, 0x00, 0x00, 0x00, 0x00, 0x00, 0x00, 0x00, 0x00, 0x00, 0x00, 0x00, 0x00,
    0x00, 0x00, 0x00, 0x00, 0x00, 0x00, 0x00, 0x00, 0x00, 0x00, 0x00, 0x00, 0x00, 0x00, 0x00, 0x00,
    0x00, 0x00, 0x00, 0x00, 0x00, 0x00, 0x00, 0x00, 0x00, 0x00, 0x00, 0x00, 0x00, 0x00, 0x00, 0x00,
    0x00, 0x00, 0x00, 0x00, 0x00, 0x00, 0x00, 0x00, 0x00, 0x00, 0x00, 0x00, 0x00, 0x00, 0x00, 0x00,
    0x00, 0x00, 0x00, 0x00, 0x00, 0x00, 0x00, 0x00, 0x00, 0x00, 0x00, 0x00, 0x00, 0x00, 0x00, 0x00,
    0x00, 0x00, 0x00, 0x00, 0x00, 0x00, 0x00, 0x00, 0x00, 0x00, 0x00, 0x00, 0x00, 0x00, 0x00, 0x00,
    0x00, 0x00, 0x00, 0x00, 0x00, 0x00, 0x00, 0x00, 0x00, 0x00, 0x00, 0x00, 0x00, 0x00, 0x00, 0x00,
    0x00, 0x00, 0x00, 0x00, 0x00, 0x00, 0x00, 0x00, 0x00, 0x00, 0x00, 0x00, 0x00, 0x00, 0x00, 0x00,
    0x00, 0x00, 0x00, 0x00, 0x00, 0x00, 0x00, 0x00, 0x00, 0x00, 0x00, 0x00, 0x00, 0x00, 0x00, 0x00,
    0x00, 0x00, 0x00, 0x00, 0x00, 0x00, 0x00, 0x00, 0x00, 0x00, 0x00, 0x00, 0x00, 0x00, 0x00, 0x00,
    0x00, 0x00, 0x00, 0x00, 0x07, 0x00, 0x00, 0x00, 0x00, 0x00, 0x3f, 0x00, 0x00, 0x1c, 0x00, 0x00,
    0xff, 0x00, 0x00, 0x1c, 0x00, 0x00, 0xff, 0x07, 0x00, 0x1c, 0x00, 0x10, 0xf8, 0x3f, 0x00, 0x1e,
    0x00, 0x1c, 0xc0, 0xff, 0x00, 0x0f, 0x00, 0x1f, 0x00, 0xfe, 0xc7, 0x0f, 0x80, 0x0f, 0x00, 0xf0,
    0xff, 0x07, 0x80, 0x07, 0x00, 0x80, 0xff, 0x01, 0x80, 0x01, 0x00, 0xe0, 0x3f, 0x00, 0x80, 0x18,
    0x00, 0xfc, 0x0f, 0x00, 0x00, 0x1c, 0xc0, 0xff, 0x01, 0x00, 0x00, 0x1e, 0xf8, 0x3f, 0x00, 0x00,
    0x80, 0x0f, 0xff, 0x07, 0x00, 0x00, 0x80, 0x07, 0xff, 0x00, 0x00, 0x00, 0x80, 0x03, 0x1f, 0x00,
    0x00, 0x00, 0x80, 0x01, 0x07, 0x00, 0x00, 0x00, 0x00, 0x00, 0x00, 0x00, 0x00, 0x00, 0x00, 0x00,
    0x00, 0x00, 0x00, 0x00, 0x00, 0x00, 0x00, 0x00, 0x00, 0x00, 0x00, 0x00, 0x00, 0x00, 0x00, 0x00,
    0x00, 0x00, 0x00, 0x00, 0x00, 0x00, 0x00, 0x00, 0x00, 0x00, 0x00, 0x00, 0x00, 0x00, 0x00, 0x00,
    0x00, 0x00, 0x00, 0x00, 0x00, 0x00, 0x00, 0x00, 0x00, 0x00, 0x00, 0x00, 0x00, 0x00, 0x00, 0x00,
    0x00, 0x00, 0x00, 0x00, 0x00, 0x00, 0x00, 0x00, 0x00, 0x00, 0x00, 0x00, 0x00, 0x00, 0x00, 0x00,
    0x00, 0x00, 0x00, 0x00, 0x00, 0x00, 0x00, 0x00, 0x00, 0x00, 0x00, 0x00, 0x00, 0x00, 0x00, 0x00,
    0x00, 0x00, 0x00, 0x00, 0x00, 0x00, 0x00, 0x00, 0x00, 0x00, 0x00, 0x00, 0x00, 0x00, 0x00, 0x00,
    0x00, 0x00, 0x00, 0x00, 0x00, 0x00, 0x00, 0x00, 0x00, 0x00, 0x00, 0x00, 0x00, 0x00, 0x00, 0x00,
    0x00, 0x00, 0x00, 0x00, 0x00, 0x00, 0x00, 0x00, 0x00, 0x00, 0x00, 0x00, 0x00, 0x00, 0x00, 0x00,
    0x00, 0x00, 0x00, 0x00, 0x00, 0x00, 0x00, 0x00, 0x00, 0x00, 0x00, 0x00, 0x00, 0x00, 0x00, 0x00,
    0x00, 0x00, 0x00, 0x00, 0x00, 0x00, 0x00, 0x00, 0x00, 0x00, 0x00, 0x00, 0x00, 0x00, 0x00, 0x00,
    0x00, 0x00, 0x00, 0x00, 0x00, 0x00, 0x00, 0x00, 0x00, 0x00, 0x00, 0x00, 0x00, 0x00, 0x00, 0x00,
    0x00, 0x00, 0x00, 0x00, 0x00, 0x00, 0x00, 0x00, 0x00, 0xfe, 0x1f, 0x00, 0x00, 0x00, 0x00, 0xfe,
    0x7f, 0x00, 0x00, 0x00, 0x00, 0xfe, 0xff, 0x00, 0x00, 0x00, 0x00, 0xfe, 0xff, 0x01, 0x00, 0x00,
    0x1c, 0x00, 0xe0, 0x01, 0x00, 0x00, 0x3c, 0x00, 0xc0, 0x03, 0x00, 0x00, 0x3c, 0x00, 0xc0, 0x03,
    0x00, 0x00, 0x3c, 0x00, 0x80, 0x03, 0x00, 0x00, 0x00, 0x00, 0x80, 0x03, 0x00, 0x00, 0x00, 0x00,
    0x80, 0x03, 0x00, 0x00, 0x00, 0x00, 0x80, 0x03, 0x00, 0x00, 0x00, 0x00, 0x80, 0x03, 0x00, 0x00,
    0x18, 0x00, 0x80, 0x03, 0x00, 0x00, 0x3c, 0x00, 0x80, 0x03, 0x00, 0x00, 0x3c, 0x00, 0xc0, 0x03,
    0x00, 0x00, 0x3c, 0x00, 0xc0, 0x01, 0x00, 0x00, 0x18, 0x00, 0xc0, 0x01, 0x00, 0x00, 0x00, 0xfe,
    0xff, 0xff, 0x1f, 0x00, 0x00, 0xfe, 0xff, 0xff, 0x1f, 0x00, 0x00, 0xfe, 0xff, 0xff, 0x1f, 0x00,
    0x00, 0xfe, 0xff, 0xff, 0x1f, 0x00, 0x00, 0x00, 0x00, 0x00, 0x00, 0x00, 0x00, 0x00, 0x00, 0x00,
    0x00, 0x00, 0x00, 0x00, 0x00, 0x00, 0x00, 0x00, 0x00, 0x00, 0x00, 0x00, 0x00, 0x00, 0x00, 0x00,
    0x00, 0x00, 0x00, 0x00, 0x00, 0x00, 0x00, 0x00, 0x00, 0x00, 0x00, 0x00, 0x00, 0x00, 0x00, 0x00,
    0x00, 0x00, 0x00, 0x00, 0x00, 0x00, 0x00, 0x00, 0x00, 0x00, 0x00, 0x00, 0x00, 0x00, 0x00, 0x00,
    0x00, 0x00, 0x00, 0x00, 0x00, 0x00, 0x00, 0x00, 0x00, 0x00, 0x00, 0x00, 0x00, 0x00, 0x00, 0x00,
    0x00, 0x00, 0x00, 0x00, 0x00, 0x00, 0x00, 0x00, 0x00, 0x00, 0x00, 0x00, 0x00, 0x00, 0x00, 0x00,
    0x00, 0x00, 0x00, 0x00, 0x00, 0x00, 0x00, 0x00, 0x00, 0x00, 0x00, 0x00, 0x00, 0x00, 0x00, 0x00,
    0x00, 0x00, 0x00, 0x00, 0x00, 0x00, 0x00, 0x00, 0x00, 0x00, 0x00, 0x00, 0x00, 0x00, 0x00, 0x00,
    0x00, 0x00, 0x00, 0x00, 0x00, 0x00, 0x00, 0x00, 0x00, 0x00, 0x00, 0x00, 0x00, 0x00, 0x00, 0x00,
    0x00, 0x00, 0x00, 0x00, 0x00, 0x00, 0x00, 0x00, 0x00, 0x00, 0x00, 0x00, 0x00, 0x00, 0x00, 0x00,
    0x00, 0x00, 0x00, 0x00, 0x00, 0x00, 0x00, 0x00, 0x00, 0x00, 0x00, 0x00, 0x00, 0x00, 0x00, 0x00,
    0x00, 0x00, 0x00, 0x00, 0x00, 0x00, 0x00, 0x00, 0x00, 0x00, 0x00, 0x00, 0x00, 0x00, 0x00, 0x00,
    0x00, 0x00, 0xff, 0x01, 0x00, 0x00, 0x00, 0x00, 0xff, 0x07, 0x00, 0x00, 0x00, 0x0e, 0xff, 0x0f,
    0x00, 0x00, 0x00, 0x1e, 0xff, 0x1f, 0x00, 0x00, 0x00, 0x1e, 0x00, 0x1e, 0x00, 0x00, 0x00, 0x1e,
    0x00, 0x3c, 0x00, 0x00, 0x00, 0x00, 0x00, 0x38, 0x00, 0x00, 0x00, 0x00, 0x00, 0x38, 0x00, 0x00,
    0x00, 0x00, 0x00, 0x38, 0x00, 0x00, 0x00, 0x00, 0x00, 0x38, 0x00, 0x00, 0x00, 0x0c, 0x00, 0x38,
    0x00, 0x00, 0x00, 0x1e, 0x00, 0x38, 0x00, 0x00, 0x00, 0x1e, 0x00, 0x1c, 0x00, 0x00, 0x00, 0x1e,
    0xff, 0xff, 0x1f, 0x00, 0x00, 0x0c, 0xff, 0xff, 0x1f, 0x00, 0x00, 0x00, 0xff, 0xff, 0x1f, 0x00,
    0x00, 0x00, 0xff, 0xff, 0x1f, 0x00, 0x00, 0x00, 0x00, 0x00, 0x00, 0x00, 0x00, 0x00, 0x00, 0x00,
    0x00, 0x00, 0x00, 0x00, 0x00, 0x00, 0x00, 0x00, 0x00, 0x00, 0x00, 0x00, 0x00, 0x00, 0x00, 0x00,
    0x00, 0x00, 0x00, 0x00, 0x00, 0x00, 0x00, 0x00, 0x00, 0x00, 0x00, 0x00, 0x00, 0x00, 0x00, 0x00,
    0x00, 0x00, 0x00, 0x00, 0x00, 0x00, 0x00, 0x00, 0x00, 0x00, 0x00, 0x00, 0x00, 0x00, 0x00, 0x00,
    0x00, 0x00, 0x00, 0x00, 0x00, 0x00, 0x00, 0x00, 0x00, 0x00, 0x00, 0x00, 0x00, 0x00, 0x00, 0x00,
    0x00, 0x00, 0x00, 0x00, 0x00, 0x00, 0x00, 0x00, 0x00, 0x00, 0x00, 0x00, 0x00, 0x00, 0x00, 0x00,
    0x00, 0x00, 0x00, 0x00, 0x00, 0x00, 0x00, 0x00, 0x00, 0x00, 0x00, 0x00, 0x00, 0x00, 0x00, 0x00,
    0x00, 0x00, 0x00, 0x00, 0x00, 0x00, 0x00, 0x00, 0x00, 0x00, 0x00, 0x00, 0x00, 0x00, 0x00, 0x00,
    0x00, 0x00, 0x00, 0x00, 0x00, 0x00, 0x00, 0x00, 0x00, 0x00, 0x00, 0x00, 0x00, 0x00, 0x00, 0x00,
    0x00, 0x00, 0x00, 0x00, 0x00, 0x00, 0x00, 0x00, 0x00, 0x00, 0x00, 0x00, 0x00, 0x00, 0x00, 0x00,
    0x00, 0x00, 0x00, 0x00, 0x00, 0x00, 0x00, 0x00, 0x00, 0x00, 0x00, 0x00, 0x00, 0x00, 0x00, 0x00,
    0x00, 0x00, 0x00, 0x00, 0x00, 0x00, 0x00, 0x00, 0x00, 0x00, 0x00, 0x00, 0x00, 0x00, 0x00, 0x00,
    0x00, 0x00, 0x00, 0x00, 0x00, 0x00, 0x00, 0xfe, 0xff, 0xff, 0x1f, 0x00, 0x00, 0xfe, 0xff, 0xff,
    0x1f, 0x00, 0x00, 0xfe, 0xff, 0xff, 0x1f, 0x00, 0x00, 0xfe, 0xff, 0xff, 0x1f, 0x00, 0x00, 0x0e,
    0x00, 0x00, 0xfc, 0x0f, 0x00, 0x0e, 0x00, 0x00, 0xfc, 0x0f, 0x00, 0x0e, 0x00, 0x00, 0xfc, 0x0f,
    0x00, 0x0e, 0x00, 0x00, 0xfc, 0x0f, 0x00, 0x0e, 0x00, 0x00, 0x00, 0x00, 0x00, 0x0e, 0x00, 0x00,
    0x00, 0x00, 0x00, 0x0e, 0x00, 0x00, 0x00, 0x00, 0x00, 0x0e, 0x00, 0x00, 0x00, 0x00, 0x00, 0x0e,
    0x00, 0x00, 0x00, 0x00, 0x00, 0x0e, 0x00, 0x00, 0x00, 0x00, 0x00, 0x0e, 0x00, 0x00, 0x00, 0x00,
    0x00, 0x0e, 0x00, 0x00, 0x00, 0x00, 0x00, 0x0e, 0x00, 0x00, 0x00, 0x00, 0x00, 0x0e, 0x00, 0x00,
    0x00, 0x00, 0x00, 0x00, 0x00, 0x00, 0x00, 0x00, 0x00, 0x00, 0x00, 0x00, 0x00, 0x00, 0x00, 0x00,
    0x00, 0x00, 0x00, 0x00, 0x00, 0x00, 0x00, 0x00, 0x00, 0x00, 0x00, 0x00, 0x00, 0x00, 0x00, 0x00,
    0x00, 0x00, 0x00, 0x00, 0x00, 0x00, 0x00, 0x00, 0x00, 0x00, 0x00, 0x00, 0x00, 0x00, 0x00, 0x00,
    0x00, 0x00, 0x00, 0x00, 0x00, 0x00, 0x00, 0x00, 0x00, 0x00, 0x00, 0x00, 0x00, 0x00, 0x00, 0x00,
    0x00, 0x00, 0x00, 0x00, 0x00, 0x00, 0x00, 0x00, 0x00, 0x00, 0x00, 0x00, 0x00, 0x00, 0x00, 0x00,
    0x00, 0x00, 0x00, 0x00, 0x00, 0x00, 0x00, 0x00, 0x00, 0x00, 0x00, 0x00, 0x00, 0x00, 0x00, 0x00,
    0x00, 0x00, 0x00, 0x00, 0x00, 0x00, 0x00, 0x00, 0x00, 0x00, 0x00, 0x00, 0x00, 0x00, 0x00, 0x00,
    0x00, 0x00, 0x00, 0x00, 0x00, 0x00, 0x00, 0x00, 0x00, 0x00, 0x00, 0x00, 0x00, 0x00, 0x00, 0x00,
    0x00, 0x00, 0x00, 0x00, 0x00, 0x00, 0x00, 0x00, 0x00, 0x00, 0x00, 0x00, 0x00, 0x00, 0x00, 0x00,
    0x00, 0x00, 0x00, 0x00, 0x00, 0x00, 0x00, 0x00, 0x00, 0x00, 0x00, 0x00, 0x00, 0x00, 0x00, 0x00,
    0x00, 0x00, 0x00, 0x00, 0x00, 0x00, 0x00, 0x00, 0x00, 0x00, 0x00, 0x00, 0x00, 0x00, 0x00, 0x00,
    0x00, 0x00, 0x00, 0x00, 0x00, 0x00, 0x00, 0x00, 0x00, 0x00, 0x00, 0x00, 0x00, 0x00, 0x00, 0x00,
    0x00, 0x00, 0x00, 0x00, 0xff, 0xff, 0x1f, 0x00, 0x00, 0x00, 0xff, 0xff, 0x1f, 0x00, 0x00, 0x00,
    0xff, 0xff, 0x1f, 0x00, 0x00, 0x00, 0xff, 0xff, 0xff, 0x0f, 0x00, 0x00, 0x07, 0x00, 0xfc, 0x0f,
    0x00, 0x00, 0x07, 0x00, 0xfc, 0x0f, 0x00, 0x00, 0x07, 0x00, 0xfc, 0x0f, 0x00, 0x00, 0x07, 0x00,
    0x00, 0x00, 0x00, 0x00, 0x07, 0x00, 0x00, 0x00, 0x00, 0x00, 0x07, 0x00, 0x00, 0x00, 0x00, 0x00,
    0x07, 0x00, 0x00, 0x00, 0x00, 0x00, 0x07, 0x00, 0x00, 0x00, 0x00, 0x00, 0x07, 0x00, 0x00, 0x00,
    0x00, 0x00, 0x00, 0x00, 0x00, 0x00, 0x00, 0x00, 0x00, 0x00, 0x00, 0x00, 0x00, 0x00, 0x00, 0x00,
    0x00, 0x00, 0x00, 0x00, 0x00, 0x00, 0x00, 0x00, 0x00, 0x00, 0x00, 0x00, 0x00, 0x00, 0x00, 0x00,
    0x00, 0x00, 0x00, 0x00, 0x00, 0x00, 0x00, 0x00, 0x00, 0x00, 0x00, 0x00, 0x00, 0x00, 0x00, 0x00,
    0x00, 0x00, 0x00, 0x00, 0x00, 0x00, 0x00, 0x00, 0x00, 0x00, 0x00, 0x00, 0x00, 0x00, 0x00, 0x00,
    0x00, 0x00, 0x00, 0x00, 0x00, 0x00, 0x00, 0x00, 0x00, 0x00, 0x00, 0x00, 0x00, 0x00, 0x00, 0x00,
    0x00, 0x00, 0x00, 0x00, 0x00, 0x00, 0x00, 0x00, 0x00, 0x00, 0x00, 0x00, 0x00, 0x00, 0x00, 0x00,
    0x00, 0x00, 0x00, 0x00, 0x00, 0x00, 0x00, 0x00, 0x00, 0x00, 0x00, 0x00, 0x00, 0x00, 0x00, 0x00,
    0x00, 0x00, 0x00, 0x00, 0x00, 0x00, 0x00, 0x00, 0x00, 0x00, 0x00, 0x00, 0x00, 0x00, 0x00, 0x00,
    0x00, 0x00, 0x00, 0x00, 0x00, 0x00, 0x00, 0x00, 0x00, 0x00, 0x00, 0x00, 0x00, 0x00, 0x00, 0x00,
    0x00, 0x00, 0x00, 0x00, 0x00, 0x00, 0x00, 0x00, 0x00, 0x00, 0x00, 0x00, 0x00, 0x00, 0x00, 0x00,
    0x00, 0x00, 0x00, 0x00, 0x00, 0x00, 0x00, 0x00, 0x00, 0x00, 0x00, 0x00, 0x00, 0x00, 0x00, 0x00,
    0x00, 0x00, 0x00, 0x00, 0x00, 0x00, 0x00, 0x00, 0x00, 0x00, 0x00, 0x00, 0x00, 0x00, 0x00, 0x00,
    0x00, 0xfe, 0xff, 0xff, 0x1f, 0x00, 0x00, 0xfe, 0xff, 0xff, 0x1f, 0x00, 0x00, 0xfe, 0xff, 0xff,
    0x1f, 0x00, 0x00, 0xfe, 0xff, 0xff, 0x1f, 0x00, 0x00, 0x00, 0x70, 0x00, 0x1c, 0x00, 0x00, 0x00,
    0x70, 0x00, 0x1c, 0x00, 0x00, 0x00, 0x70, 0x00, 0x1c, 0x00, 0x00, 0x00, 0x70, 0x00, 0x1c, 0x00,
    0x1c, 0x00, 0x70, 0x00, 0x1c, 0x00, 0x3c, 0x00, 0x70, 0x00, 0x1c, 0x00, 0x3c, 0x00, 0x70, 0x00,
    0x1c, 0x00, 0x3c, 0x00, 0x70, 0x00, 0x1c, 0x00, 0x00, 0x00, 0x70, 0x00, 0x1c, 0x00, 0x00, 0x00,
    0x70, 0x00, 0x1c, 0x00, 0x00, 0x00, 0xf0, 0x00, 0x1e, 0x00, 0x00, 0x00, 0xe0, 0x00, 0x0f, 0x00,
    0x18, 0x00, 0xe0, 0x83, 0x0f, 0x00, 0x3c, 0x00, 0xc0, 0xff, 0x07, 0x00, 0x3c, 0x00, 0xc0, 0xff,
    0x03, 0x00, 0x3c, 0x00, 0x00, 0xff, 0x01, 0x00, 0x18, 0x00, 0x00, 0x7c, 0x00, 0x00, 0x00, 0x00,
    0x00, 0x00, 0x00, 0x00, 0x00, 0x00, 0x00, 0x00, 0x00, 0x00, 0x00, 0x00, 0x00, 0x00, 0x00, 0x00,
    0x00, 0xfe, 0xff, 0xff, 0x1f, 0x00, 0x00, 0xfe, 0xff, 0xff, 0x1f, 0x00, 0x00, 0xfe, 0xff, 0xff,
    0x1f, 0x00, 0x00, 0xfe, 0xff, 0xff, 0x1f, 0x00,
};

static const uint16_t mf_bwfont_Roboto_Regular40bw_glyph_offsets_14[126] PROGMEM = {
    0x0000, 0x003d, 0x0076, 0x00b3, 0x00ec, 0x0121, 0x0151, 0x0185,
    0x019e, 0x01b8, 0x01cc, 0x01e2, 0x01e2, 0x0207, 0x022b, 0x0264,
    0x0299, 0x02cd, 0x02fe, 0x0333, 0x0365, 0x0397, 0x03c4, 0x03f6,
    0x0423, 0x0456, 0x0486, 0x04c9, 0x0506, 0x0539, 0x0568, 0x05a0,
    0x05d4, 0x060a, 0x063d, 0x0674, 0x06a5, 0x06e2, 0x071a, 0x0754,
    0x0789, 0x07cc, 0x0804, 0x0848, 0x0886, 0x08bf, 0x08f3, 0x0928,
    0x0959, 0x098d, 0x09bc, 0x09f0, 0x0a20, 0x0a54, 0x0a84, 0x0aba,
    0x0aeb, 0x0b29, 0x0b5f, 0x0b97, 0x0bca, 0x0bff, 0x0c2f, 0x0c64,
    0x0c94, 0x0cce, 0x0d01, 0x0d3b, 0x0d6e, 0x0d92, 0x0dd3, 0x0e0e,
    0x0e43, 0x0e74, 0x0ead, 0x0ee2, 0x0f18, 0x0f49, 0x0f83, 0x0fb8,
    0x0fed, 0x101d, 0x105d, 0x1098, 0x10bc, 0x10f2, 0x1123, 0x1159,
    0x118a, 0x11cc, 0x1209, 0x123b, 0x126c, 0x12a2, 0x12d3, 0x1309,
    0x133a, 0x137b, 0x13b6, 0x13e9, 0x1418, 0x144a, 0x147c, 0x14b2,
    0x14e3, 0x1519, 0x154a, 0x1580, 0x15b2, 0x15e8, 0x161a, 0x1650,
    0x1682, 0x16b8, 0x16e8, 0x171d, 0x174c, 0x1781, 0x17b0, 0x17e5,
    0x1814, 0x1849, 0x1879, 0x18ab, 0x18d8, 0x1914,
};

static const uint8_t mf_bwfont_Roboto_Regular40bw_glyph_widths_14[125] PROGMEM = {
    0x23, 0x1f, 0x23, 0x1f, 0x1a, 0x15, 0x19, 0x00, 0x00, 0x00, 0x00, 0x00, 0x00, 0x00, 0x1e, 0x19,
    0x19, 0x16, 0x1a, 0x17, 0x16, 0x12, 0x16, 0x11, 0x18, 0x14, 0x26, 0x20, 0x18, 0x14, 0x1c, 0x18,
    0x19, 0x16, 0x1a, 0x15, 0x21, 0x1c, 0x1e, 0x18, 0x27, 0x1d, 0x29, 0x23, 0x1e, 0x18, 0x1a, 0x15,
    0x18, 0x13, 0x18, 0x14, 0x18, 0x14, 0x19, 0x15, 0x24, 0x1b, 0x1d, 0x17, 0x1b, 0x16, 0x1b, 0x16,
    0x1f, 0x18, 0x1f, 0x18, 0x0b, 0x24, 0x1f, 0x19, 0x16, 0x1e, 0x19, 0x1d, 0x17, 0x1e, 0x19, 0x1b,
    0x16, 0x25, 0x1f, 0x0b, 0x1a, 0x16, 0x1a, 0x16, 0x25, 0x22, 0x17, 0x15, 0x1c, 0x15, 0x1c, 0x15,
    0x24, 0x1f, 0x18, 0x14, 0x17, 0x17, 0x1d, 0x17, 0x1d, 0x17, 0x1c, 0x17, 0x1b, 0x17, 0x1b, 0x17,
    0x1b, 0x16, 0x19, 0x13, 0x19, 0x13, 0x19, 0x13, 0x1b, 0x16, 0x16, 0x11, 0x23,
};

static const uint8_t mf_bwfont_Roboto_Regular40bw_glyph_data_15[3265] PROGMEM = {
    0x00, 0x00, 0x00, 0x00, 0x00, 0x00, 0x00, 0x00, 0x00, 0x00, 0x00, 0xfe, 0xff, 0x3f, 0x00, 0x00,
    0xfe, 0xff, 0x3f, 0x00, 0x00, 0xfe, 0xff, 0x3f, 0x00, 0x00, 0xfe, 0xff, 0x3f, 0x00, 0x00, 0x00,
    0x07, 0x38, 0x00, 0x00, 0x00, 0x07, 0x38, 0x00, 0x1c, 0x00, 0x07, 0x38, 0x00, 0x3c, 0x00, 0x07,
    0x38, 0x00, 0x3c, 0x00, 0x07, 0x38, 0x00, 0x3c, 0x00, 0x07, 0x38, 0x00, 0x00, 0x00, 0x07, 0x38,
    0x00, 0x00, 0x00, 0x0f, 0x3c, 0x00, 0x00, 0x00, 0x0e, 0x1c, 0x00, 0x00, 0x00, 0xfe, 0x1f, 0x00,
    0x18, 0x00, 0xfc, 0x0f, 0x00, 0x3c, 0x00, 0xf8, 0x07, 0x00, 0x3c, 0x00, 0xf0, 0x03, 0x00, 0x3c,
    0x00, 0x00, 0x00, 0x00, 0x18, 0x00, 0x00, 0x00, 0x00, 0x00, 0x00, 0x00, 0x00, 0x00, 0x00, 0x00,
    0x00, 0x00, 0x00, 0x00, 0xfe, 0xff, 0x3f, 0x00, 0x00, 0xfe, 0xff, 0x3f, 0x00, 0x00, 0xfe, 0xff,
    0x3f, 0x00, 0x00, 0xe0, 0x00, 0x00, 0x00, 0x00, 0xe0, 0x00, 0x00, 0x00, 0x00, 0xe0, 0x00, 0x00,
    0x00, 0xfc, 0xff, 0xff, 0x3f, 0x70, 0xfc, 0xff, 0xff, 0x3f, 0x70, 0xfc, 0xff, 0xff, 0x3f, 0x70,
    0xfc, 0xff, 0xff, 0x3f, 0x78, 0x1c, 0xe0, 0x00, 0xf8, 0x3f, 0x1c, 0xe0, 0x00, 0xf8, 0x3f, 0x1c,
    0xe0, 0x00, 0xf8, 0x1f, 0x1c, 0xe0, 0x00, 0xf8, 0x07, 0x1c, 0xe0, 0x00, 0x00, 0x00, 0x1c, 0x00,
    0x00, 0x00, 0x00, 0x1c, 0x00, 0x00, 0x00, 0x00, 0x1c, 0x00, 0x00, 0x00, 0x00, 0x1c, 0x00, 0x00,
    0x00, 0x00, 0x1c, 0x00, 0x00, 0x00, 0x00, 0x1c, 0x00, 0x00, 0x00, 0x00, 0x1c, 0x00, 0x00, 0x00,
    0x00, 0x1c, 0x00, 0x00, 0x00, 0x00, 0x1c, 0x00, 0x00, 0x00, 0x00, 0x00, 0x00, 0x07, 0x00, 0x00,
    0x00, 0x00, 0x07, 0x00, 0x00, 0x00, 0x00, 0x07, 0x00, 0x70, 0x00, 0x00, 0x07, 0x00, 0x70, 0x00,
    0xfe, 0xff, 0x3f, 0x70, 0x00, 0xfe, 0xff, 0x3f, 0x78, 0x00, 0xfe, 0xff, 0xff, 0x3f, 0x00, 0xfe,
    0xff, 0xff, 0x3f, 0x00, 0x0e, 0x07, 0xf8, 0x1f, 0x00, 0x0e, 0x07, 0xf8, 0x07, 0x00, 0x0e, 0x07,
    0x00, 0x00, 0x00, 0x0e, 0x07, 0x00, 0x00, 0x00, 0x0e, 0x00, 0x00, 0x00, 0x00, 0x0e, 0x00, 0x00,
    0x00, 0x00, 0x0e, 0x00, 0x00, 0x00, 0x00, 0x0e, 0x00, 0x00, 0x00, 0x00, 0x0e, 0x00, 0x00, 0x00,
    0x00, 0x00, 0x00, 0x20, 0x00, 0x0c, 0x00, 0x00, 0x30, 0x00, 0x1c, 0x00, 0x00, 0x3c, 0x00, 0x7c,
    0x00, 0x00, 0x3e, 0x00, 0xfc, 0x00, 0x80, 0x3f, 0x00, 0xf8, 0x03, 0xc0, 0x1f, 0x00, 0xe0, 0x0f,
    0xf0, 0x07, 0x00, 0xc0, 0x1f, 0xf8, 0x01, 0x00, 0x00, 0x7f, 0xfe, 0x00, 0x00, 0x00, 0xfe, 0x3f,
    0x00, 0x00, 0x00, 0xf8, 0x1f, 0x00, 0x00, 0x00, 0xe0, 0x07, 0x00, 0x00, 0x00, 0xf8, 0x1f, 0x00,
    0x00, 0x00, 0xfc, 0x3f, 0x00, 0x00, 0x00, 0x7f, 0xfe, 0x00, 0x00, 0x80, 0x1f, 0xfc, 0x01, 0x00,
    0xe0, 0x0f, 0xf0, 0x07, 0x70, 0xf8, 0x03, 0xe0, 0x0f, 0x70, 0xfc, 0x01, 0x80, 0x3f, 0x70, 0x7c,
    0x00, 0x00, 0x3e, 0x78, 0x3c, 0x00, 0x00, 0xfc, 0x3f, 0x0c, 0x00, 0x00, 0xf8, 0x3f, 0x04, 0x00,
    0x00, 0xf8, 0x1f, 0x00, 0x00, 0x00, 0xf8, 0x07, 0x00, 0x02, 0x00, 0x20, 0x00, 0x00, 0x06, 0x00,
    0x38, 0x00, 0x00, 0x1e, 0x00, 0x3c, 0x00, 0x00, 0x3e, 0x00, 0x3f, 0x00, 0x00, 0xfe, 0x80, 0x1f,
    0x00, 0x00, 0xf8, 0xe1, 0x0f, 0x00, 0x00, 0xe0, 0xf7, 0x03, 0x00, 0x00, 0xc0, 0xff, 0x00, 0x00,
    0x00, 0x00, 0x7f, 0x00, 0x00, 0x00, 0x00, 0x7f, 0x00, 0x00, 0x00, 0xc0, 0xff, 0x01, 0x00, 0x00,
    0xf0, 0xf3, 0x03, 0x00, 0x00, 0xf8, 0xc1, 0x0f, 0x70, 0x00, 0x7e, 0x80, 0x3f, 0x70, 0x00, 0x3e,
    0x00, 0x3e, 0x70, 0x00, 0x0e, 0x00, 0x3c, 0x78, 0x00, 0x06, 0x00, 0xf8, 0x3f, 0x00, 0x00, 0x00,
    0xf8, 0x3f, 0x00, 0x00, 0x00, 0xf8, 0x1f, 0x00, 0x00, 0x00, 0xf8, 0x07, 0x00, 0x00, 0x00, 0x20,
    0x00, 0x0c, 0x00, 0x00, 0x30, 0x00, 0x1c, 0x00, 0x00, 0x3c, 0x00, 0x7c, 0x00, 0x00, 0x3e, 0x00,
    0xfc, 0x00, 0x80, 0x3f, 0x00, 0xf8, 0xc3, 0xc1, 0x1f, 0x00, 0xe0, 0xc7, 0xf1, 0x07, 0x00, 0xc0,
    0xdf, 0xf9, 0x01, 0x00, 0x00, 0xff, 0xff, 0x00, 0x00, 0x00, 0xfe, 0x3f, 0x00, 0x00, 0x00, 0xf8,
    0x1f, 0x00, 0x00, 0x00, 0xe0, 0x07, 0x00, 0x00, 0x00, 0xf8, 0x0f, 0x00, 0x00, 0x00, 0xfc, 0x3f,
    0x00, 0x00, 0x00, 0xff, 0xff, 0x00, 0x00, 0x80, 0xdf, 0xfd, 0x01, 0x00, 0xe0, 0xcf, 0xf1, 0x07,
    0x00, 0xf8, 0xc3, 0xe1, 0x0f, 0x00, 0xfc, 0x01, 0x80, 0x3f, 0x00, 0x7c, 0x00, 0x00, 0x3e, 0x00,
    0x3c, 0x00, 0x00, 0x3c, 0x00, 0x0c, 0x00, 0x00, 0x30, 0x00, 0x04, 0x00, 0x00, 0x20, 0x00, 0x00,
    0x02, 0x00, 0x20, 0x00, 0x00, 0x06, 0x00, 0x30, 0x00, 0x00, 0x1e, 0x00, 0x3c, 0x00, 0x00, 0x3e,
    0x1c, 0x3e, 0x00, 0x00, 0xfe, 0x9c, 0x1f, 0x00, 0x00, 0xf8, 0xdd, 0x0f, 0x00, 0x00, 0xe0, 0xff,
    0x03, 0x00, 0x00, 0x80, 0xff, 0x01, 0x00, 0x00, 0x00, 0x7f, 0x00, 0x00, 0x00, 0x00, 0x7f, 0x00,
    0x00, 0x00, 0xc0, 0xff, 0x01, 0x00, 0x00, 0xf0, 0xff, 0x03, 0x00, 0x00, 0xf8, 0xdd, 0x0f, 0x00,
    0x00, 0xfe, 0x9c, 0x3f, 0x00, 0x00, 0x3e, 0x1c, 0x3e, 0x00, 0x00, 0x0e, 0x00, 0x3c, 0x00, 0x00,
    0x06, 0x00, 0x30, 0x00, 0x00, 0x00, 0x00, 0x20, 0x00, 0x00, 0x00, 0x00, 0x00, 0x00, 0x00, 0x00,
    0xfc, 0x01, 0x00, 0x00, 0x00, 0xff, 0x07, 0x00, 0x00, 0x80, 0xff, 0x0f, 0x00, 0x00, 0xc0, 0xdf,
    0x1f, 0x00, 0x00, 0xc0, 0x03, 0x1e, 0x00, 0x00, 0xc0, 0x01, 0x3c, 0x00, 0x00, 0xe0, 0x01, 0x3c,
    0x00, 0x00, 0xe0, 0x00, 0x38, 0x00, 0x00, 0xe0, 0x00, 0x38, 0x00, 0x00, 0xe0, 0x00, 0x38, 0x00,
    0x00, 0xe0, 0x00, 0x38, 0x00, 0x00, 0xe0, 0x00, 0x38, 0x00, 0x00, 0xe0, 0x00, 0x38, 0x00, 0x00,
    0xe0, 0x00, 0x38, 0x00, 0x00, 0xe0, 0x00, 0x38, 0x00, 0x00, 0xe0, 0x00, 0x38, 0x00, 0xfc, 0xff,
    0xff, 0x3f, 0x00, 0xfc, 0xff, 0xff, 0x3f, 0x00, 0xfc, 0xff, 0xff, 0x3f, 0x00, 0xfc, 0xff, 0xff,
    0x3f, 0x00, 0x00, 0x00, 0x00, 0x00, 0x00, 0x00, 0x80, 0xff, 0x00, 0x00, 0x00, 0xe0, 0xff, 0x03,
    0x00, 0x00, 0xf8, 0xff, 0x0f, 0x00, 0x00, 0xf8, 0xf7, 0x0f, 0x00, 0x00, 0x7c, 0x00, 0x1f, 0x00,
    0x00, 0x1e, 0x00, 0x3c, 0x00, 0x00, 0x1e, 0x00, 0x3c, 0x00, 0x00, 0x0e, 0x00, 0x38, 0x00, 0x00,
    0x0e, 0x00, 0x38, 0x00, 0x00, 0x0e, 0x00, 0x38, 0x00, 0x00, 0x0e, 0x00, 0x38, 0x00, 0x00, 0x1c,
    0x00, 0x1c, 0x00, 0x00, 0x1c, 0x00, 0x1c, 0x00, 0x00, 0x38, 0x00, 0x0e, 0x00, 0xff, 0xff, 0xff,
    0x3f, 0x00, 0xff, 0xff, 0xff, 0x3f, 0x00, 0xff, 0xff, 0xff, 0x3f, 0x00, 0xff, 0xff, 0xff, 0x3f,
    0x00, 0x00, 0x00, 0x00, 0x00, 0x00, 0x00, 0x00, 0xfc, 0x01, 0x00, 0x00, 0x00, 0xff, 0x07, 0x00,
    0x00, 0x80, 0xff, 0x0f, 0x00, 0x00, 0xc0, 0xff, 0x1f, 0x00, 0x00, 0xc0, 0x03, 0x1e, 0x00, 0x00,
    0xc0, 0x01, 0x1c, 0x00, 0x00, 0xe0, 0x01, 0x3c, 0x00, 0x00, 0xe0, 0x00, 0x38, 0x00, 0x00, 0xe0,
    0x00, 0x38, 0x00, 0x00, 0xe0, 0x00, 0x38, 0x00, 0x00, 0xe0, 0x00, 0x38, 0x00, 0x00, 0xe0, 0x00,
    0x38, 0x00, 0x00, 0xe0, 0x00, 0x38, 0x00, 0x00, 0xe0, 0x00, 0x38, 0x00, 0x00, 0xe0, 0x00, 0x38,
    0x00, 0x00, 0xe0, 0x00, 0x38, 0x00, 0xfc, 0xff, 0xff, 0x3f, 0x00, 0xfc, 0xff, 0xff, 0x3f, 0x00,
    0xfc, 0xff, 0xff, 0x3f, 0x00, 0xfc, 0xff, 0xff, 0x3f, 0x00, 0x00, 0x00, 0x00, 0x38, 0x00, 0x00,
    0x00, 0x00, 0x38, 0x00, 0x00, 0x00, 0x00, 0x38, 0x00, 0x00, 0x00, 0x00, 0x38, 0x00, 0x00, 0x00,
    0x00, 0x3c, 0x00, 0x00, 0x80, 0x01, 0x1e, 0x00, 0x00, 0x80, 0xff, 0x1f, 0x00, 0x00, 0x80, 0xff,
    0x0f, 0x00, 0x00, 0x80, 0xff, 0x07, 0x00, 0x00, 0x00, 0xfc, 0x01, 0x00, 0x00, 0x00, 0x00, 0x00,
    0x00, 0x00, 0x80, 0xff, 0x00, 0x00, 0x00, 0xe0, 0xff, 0x03, 0x00, 0x00, 0xf0, 0xff, 0x0f, 0x00,
    0x00, 0xf8, 0xff, 0x1f, 0x00, 0x00, 0x7c, 0x00, 0x1f, 0x00, 0x00, 0x3e, 0x00, 0x3c, 0x00, 0x00,
    0x1e, 0x00, 0x3c, 0x00, 0x00, 0x0e, 0x00, 0x38, 0x00, 0x00, 0x0e, 0x00, 0x38, 0x00, 0x00, 0x0e,
    0x00, 0x38, 0x00, 0x00, 0x0e, 0x00, 0x38, 0x00, 0x00, 0x1c, 0x00, 0x1c, 0x00, 0x00, 0x1c, 0x00,
    0x1c, 0x00, 0x00, 0x38, 0x00, 0x0e, 0x00, 0xff, 0xff, 0xff, 0x07, 0x00, 0xff, 0xff, 0xff, 0x0f,
    0x00, 0xff, 0xff, 0xff, 0x1f, 0x00, 0x00, 0x00, 0x00, 0x1f, 0x00, 0x00, 0x00, 0x00, 0x3c, 0x00,
    0x00, 0x00, 0x00, 0x38, 0x00, 0x00, 0x00, 0x00, 0x38, 0x00, 0x00, 0x00, 0x00, 0x38, 0x00, 0x00,
    0x00, 0x00, 0x38, 0x00, 0x00, 0x00, 0x00, 0x3c, 0x00, 0x00, 0x00, 0x00, 0x1c, 0x00, 0x00, 0x10,
    0x00, 0x1f, 0x00, 0x00, 0xf0, 0xff, 0x0f, 0x00, 0x00, 0xf0, 0xff, 0x07, 0x00, 0x00, 0xf0, 0xff,
    0x03, 0x00, 0x00, 0x80, 0xff, 0x00, 0x00, 0x1c, 0x00, 0x00, 0x00, 0x00, 0x1c, 0x00, 0x00, 0x00,
    0x00, 0x1c, 0x00, 0x00, 0x00, 0x00, 0x1c, 0x00, 0x00, 0x00, 0x00, 0x1c, 0x80, 0x03, 0x00, 0x00,
    0x1c, 0x80, 0x03, 0x00, 0x00, 0x1c, 0x80, 0x03, 0x00, 0x00, 0x1c, 0x80, 0x03, 0x00, 0x00, 0x1c,
    0x80, 0x03, 0x00, 0x00, 0x1c, 0x80, 0x03, 0x00, 0x00, 0x3c, 0xc0, 0x07, 0x00, 0x00, 0x38, 0xc0,
    0x07, 0x00, 0x00, 0xf8, 0xf0, 0x1f, 0x00, 0x00, 0xf8, 0xff, 0xfe, 0x07, 0x00, 0xf0, 0x7f, 0xfc,
    0x1f, 0x00, 0xe0, 0x3f, 0xf8, 0x1f, 0x00, 0x00, 0x0f, 0xc0, 0x3f, 0x00, 0x00, 0x00, 0x00, 0x3c,
    0x00, 0x00, 0x00, 0x00, 0x38, 0x00, 0x00, 0x00, 0x00, 0x38, 0x00, 0x00, 0x00, 0x00, 0x38, 0x00,
    0x00, 0x00, 0x00, 0x3c, 0x00, 0x00, 0x00, 0x00, 0x1c, 0x00, 0x00, 0x10, 0x00, 0x1f, 0x00, 0x00,
    0xf0, 0xff, 0x0f, 0x00, 0x00, 0xf0, 0xff, 0x07, 0x00, 0x00, 0xf0, 0xff, 0x03, 0x00, 0x00, 0x80,
    0xff, 0x00, 0x00, 0x00, 0x0e, 0x00, 0x00, 0x00, 0x00, 0x0e, 0x00, 0x00, 0x00, 0x00, 0x0e, 0x1c,
    0x00, 0x00, 0x00, 0x0e, 0x1c, 0x00, 0x00, 0x00, 0x0e, 0x1c, 0x00, 0x00, 0x00, 0x0e, 0x1c, 0x00,
    0x00, 0x00, 0x0e, 0x1c, 0x00, 0x00, 0x00, 0x0e, 0x1c, 0x00, 0x00, 0x00, 0x1e, 0x3e, 0x00, 0x00,
    0x00, 0x3c, 0x3e, 0x00, 0x00, 0x00, 0xfc, 0xff, 0x0f, 0x00, 0x00, 0xf8, 0xf7, 0x1f, 0x00, 0x00,
    0xf0, 0xe3, 0x3f, 0x00, 0x00, 0xc0, 0x80, 0x3f, 0x00, 0x00, 0x00, 0x00, 0x38, 0x00, 0x00, 0x00,
    0x00, 0x38, 0x00, 0x00, 0x00, 0x00, 0x38, 0x00, 0x00, 0x00, 0x00, 0x3c, 0x00, 0x00, 0x00, 0x00,
    0x1c, 0x00, 0x00, 0x80, 0x03, 0x1f, 0x00, 0x00, 0x80, 0xff, 0x0f, 0x00, 0x00, 0x80, 0xff, 0x07,
    0x00, 0x00, 0x00, 0xff, 0x03, 0x00, 0x00, 0x00, 0x30, 0x00, 0x00, 0x00, 0x00, 0x00, 0x00, 0x00,
    0x1c, 0x00, 0x00, 0x00, 0x00, 0x1c, 0x80, 0x03, 0x00, 0x00, 0x1c, 0x80, 0x03, 0x00, 0x00, 0x1c,
    0x80, 0x03, 0x00, 0x00, 0x1c, 0x80, 0x03, 0x00, 0x00, 0x1c, 0x80, 0x03, 0x00, 0x00, 0x1c, 0x80,
    0x03, 0x00, 0x00, 0x1c, 0x80, 0x03, 0x00, 0x00, 0x3c, 0xc0, 0x07, 0x00, 0x00, 0x38, 0xc0, 0x07,
    0x00, 0x00, 0xf8, 0xf0, 0x1f, 0x00, 0x00, 0xf0, 0xff, 0xfe, 0x1f, 0x00, 0xf0, 0x7f, 0xfc, 0x3f,
    0x04, 0xc0, 0x3f, 0xf8, 0x3f, 0x06, 0x00, 0x06, 0x00, 0xfc, 0x0f, 0x00, 0x00, 0x00, 0xfc, 0x07,
    0x00, 0x00, 0x00, 0xfc, 0x03, 0x00, 0x00, 0x00, 0x7c, 0x00, 0x00, 0x00, 0x00, 0x00, 0x00, 0x00,
    0x0e, 0x00, 0x00, 0x00, 0x00, 0x0e, 0x00, 0x00, 0x00, 0x00, 0x0e, 0x1c, 0x00, 0x00, 0x00, 0x0e,
    0x1c, 0x00, 0x00, 0x00, 0x0e, 0x1c, 0x00, 0x00, 0x00, 0x0e, 0x1c, 0x00, 0x00, 0x00, 0x0e, 0x1c,
    0x00, 0x00, 0x00, 0x0e, 0x1c, 0x00, 0x00, 0x00, 0x0e, 0x1c, 0x00, 0x00, 0x00, 0x1e, 0x3e, 0x00,
    0x00, 0x00, 0x3c, 0xff, 0x00, 0x00, 0x00, 0xfc, 0xf7, 0x3f, 0x00, 0x00, 0xf8, 0xf3, 0x3f, 0x06,
    0x00, 0xf0, 0xe1, 0xbf, 0x0f, 0x00, 0x00, 0x00, 0xfc, 0x07, 0x00, 0x00, 0x00, 0xfc, 0x03, 0x00,
    0x00, 0x00, 0xfc, 0x00, 0x00, 0x00, 0x00, 0x38, 0x00, 0x00, 0x00, 0x00, 0x38, 0x00, 0x00, 0x00,
    0x00, 0x38, 0x00, 0x00, 0x00, 0x00, 0x3c, 0x00, 0x00, 0x00, 0x00, 0x3e, 0x00, 0x00, 0x00, 0xc0,
    0x1f, 0x00, 0xc0, 0xff, 0xff, 0x0f, 0x00, 0xfc, 0xff, 0xff, 0x07, 0x00, 0xfc, 0xff, 0xff, 0x01,
    0x00, 0xfc, 0xff, 0x0f, 0x00, 0x00, 0x1c, 0x00, 0x00, 0x00, 0x00, 0x1c, 0x00, 0x00, 0x00, 0x00,
    0x1c, 0x00, 0x00, 0x00, 0x00, 0x1c, 0x00, 0x00, 0x00, 0x00, 0x1c, 0x00, 0x00, 0x00, 0x00, 0x1c,
    0x00, 0x00, 0x00, 0x00, 0x1c, 0x00, 0x00, 0x00, 0x00, 0x1c, 0x00, 0x00, 0x00, 0x00, 0x1c, 0x00,
    0x00, 0x00, 0x00, 0x1c, 0x00, 0x00, 0x00, 0x00, 0xfc, 0xff, 0xff, 0x07, 0x00, 0xfc, 0xff, 0xff,
    0x0f, 0x00, 0xfc, 0xff, 0xff, 0x1f, 0x00, 0xfc, 0xff, 0xff, 0x1f, 0x00, 0x00, 0x00, 0x00, 0x3c,
    0x00, 0x00, 0x00, 0x00, 0x38, 0x00, 0x00, 0x00, 0x00, 0x38, 0x00, 0x00, 0x00, 0x00, 0x38, 0x00,
    0x00, 0x00, 0x00, 0x38, 0x00, 0x00, 0x00, 0x00, 0x3c, 0x00, 0x00, 0x00, 0x00, 0x1e, 0x00, 0x00,
    0x08, 0x00, 0x1f, 0x00, 0x00, 0xf8, 0xff, 0x0f, 0x00, 0x00, 0xf8, 0xff, 0x07, 0x00, 0x00, 0xf8,
    0xff, 0x03, 0x00, 0x00, 0xc0, 0x7f, 0x00, 0x00, 0x00, 0x00, 0x00, 0x38, 0x00, 0x00, 0x00, 0x00,
    0x38, 0x00, 0x00, 0x00, 0x00, 0x3c, 0x00, 0x00, 0x00, 0x00, 0x3e, 0x00, 0x00, 0x00, 0xc0, 0x1f,
    0x00, 0x00, 0xfe, 0xff, 0x1f, 0x00, 0x00, 0xfe, 0xff, 0x07, 0x00, 0x00, 0xfe, 0xff, 0x01, 0x00,
    0x00, 0x3e, 0x00, 0x00, 0x00, 0x00, 0x0e, 0x00, 0x00, 0x00, 0x00, 0x0e, 0x00, 0x00, 0x00, 0x00,
    0x0e, 0x00, 0x00, 0x00, 0x00, 0x0e, 0x00, 0x00, 0x00, 0x00, 0x0e, 0x00, 0x00, 0x00, 0x00, 0x0e,
    0x00, 0x00, 0x00, 0x00, 0xfe, 0xff, 0x03, 0x00, 0x00, 0xfe, 0xff, 0x0f, 0x00, 0x00, 0xfe, 0xff,
    0x1f, 0x00, 0x00, 0xfe, 0xff, 0x1f, 0x00, 0x00, 0x00, 0x00, 0x3c, 0x00, 0x00, 0x00, 0x00, 0x38,
    0x00, 0x00, 0x00, 0x00, 0x38, 0x00, 0x00, 0x00, 0x00, 0x38, 0x00, 0x00, 0x00, 0x00, 0x38, 0x00,
    0x00, 0x00, 0x00, 0x3c, 0x00, 0x00, 0x20, 0x00, 0x1e, 0x00, 0x00, 0xe0, 0xff, 0x1f, 0x00, 0x00,
    0xe0, 0xff, 0x0f, 0x00, 0x00, 0xe0, 0xff, 0x03, 0x00, 0x00, 0x00, 0xff, 0x00, 0x00, 0x00, 0x00,
    0x00, 0x00, 0x00, 0x00, 0x00, 0x00, 0x00, 0x00, 0xfc, 0xff, 0xff, 0x3f, 0x00, 0xfc, 0xff, 0xff,
    0x3f, 0x00, 0xfc, 0xff, 0xff, 0x3f, 0x00, 0xfc, 0xff, 0xff, 0x3f, 0x00, 0x00, 0x80, 0x03, 0x00,
    0x00, 0x00, 0x80, 0x03, 0x00, 0x00, 0x00, 0x80, 0x03, 0x00, 0x00, 0x00, 0x80, 0x03, 0x00, 0x00,
    0x00, 0x80, 0x03, 0x00, 0x00, 0x00, 0x80, 0x03, 0x00, 0x00, 0x00, 0x80, 0x03, 0x00, 0x00, 0x00,
    0x80, 0x03, 0x00, 0x00, 0x00, 0x80, 0x03, 0x00, 0x00, 0x00, 0x80, 0x03, 0x00, 0x00, 0x00, 0x80,
    0x03, 0x00, 0x00, 0x00, 0x80, 0x03, 0x00, 0x00, 0x00, 0x80, 0x03, 0x00, 0x00, 0x00, 0x80, 0x03,
    0x00, 0x00, 0xfc, 0xff, 0xff, 0x07, 0x00, 0xfc, 0xff, 0xff, 0x0f, 0x00, 0xfc, 0xff, 0xff, 0x1f,
    0x00, 0xfc, 0xff, 0xff, 0x3f, 0x00, 0x00, 0x00, 0x00, 0x3c, 0x00, 0x00, 0x00, 0x00, 0x38, 0x00,
    0x00, 0x00, 0x00, 0x38, 0x00, 0x00, 0x00, 0x00, 0x38, 0x00, 0x00, 0x00, 0x00, 0x38, 0x00, 0x00,
    0x00, 0x00, 0x3c, 0x00, 0x00, 0x00, 0x00, 0x1e, 0x00, 0x00, 0x08, 0x00, 0x1f, 0x00, 0x00, 0xf8,
    0xff, 0x0f, 0x00, 0x00, 0xf8, 0xff, 0x07, 0x00, 0x00, 0xf8, 0xff, 0x03, 0x00, 0x00, 0xc0, 0x7f,
    0x00, 0x00, 0x00, 0x00, 0x00, 0x00, 0x00, 0x00, 0x00, 0x00, 0x00, 0x00, 0x00, 0xfe, 0xff, 0x3f,
    0x00, 0x00, 0xfe, 0xff, 0x3f, 0x00, 0x00, 0xfe, 0xff, 0x3f, 0x00, 0x00, 0x00, 0x1c, 0x00, 0x00,
    0x00, 0x00, 0x1c, 0x00, 0x00, 0x00, 0x00, 0x1c, 0x00, 0x00, 0x00, 0x00, 0x1c, 0x00, 0x00, 0x00,
    0x00, 0x1c, 0x00, 0x00, 0x00, 0x00, 0x1c, 0x00, 0x00, 0x00, 0x00, 0x1c, 0x00, 0x00, 0x00, 0x00,
    0x1c, 0x00, 0x00, 0x00, 0x00, 0x1c, 0x00, 0x00, 0x00, 0x00, 0x1c, 0x00, 0x00, 0x00, 0xfe, 0xff,
    0x01, 0x00, 0x00, 0xfe, 0xff, 0x07, 0x00, 0x00, 0xfe, 0xff, 0x1f, 0x00, 0x00, 0xfe, 0xff, 0x1f,
    0x00, 0x00, 0x00, 0x00, 0x3e, 0x00, 0x00, 0x00, 0x00, 0x38, 0x00, 0x00, 0x00, 0x00, 0x38, 0x00,
    0x00, 0x00, 0x00, 0x38, 0x00, 0x00, 0x00, 0x00, 0x38, 0x00, 0x00, 0x00, 0x00, 0x3c, 0x00, 0x00,
    0x00, 0x00, 0x1e, 0x00, 0x00, 0xe0, 0x81, 0x1f, 0x00, 0x00, 0xe0, 0xff, 0x0f, 0x00, 0x00, 0xe0,
    0xff, 0x07, 0x00, 0x00, 0xc0, 0xff, 0x01, 0x00, 0x00, 0x00, 0x00, 0x00, 0x00, 0x00, 0xf8, 0x1f,
    0x00, 0x00, 0x00, 0xff, 0xff, 0x00, 0x00, 0xc0, 0xff, 0xff, 0x03, 0x00, 0xe0, 0xff, 0xff, 0x07,
    0x00, 0xf0, 0x07, 0xe0, 0x0f, 0x00, 0xf0, 0x00, 0x00, 0x0f, 0x00, 0x78, 0x00, 0x00, 0x1e, 0x00,
    0x38, 0x00, 0x00, 0x1c, 0x00, 0x3c, 0x00, 0x00, 0x3c, 0x00, 0x1c, 0x00, 0x00, 0x38, 0x00, 0x1c,
    0x00, 0x00, 0x38, 0x00, 0x1c, 0x00, 0x00, 0x38, 0x00, 0x1c, 0x00, 0x00, 0x38, 0x00, 0x1c, 0x00,
    0x00, 0x38, 0x00, 0x1c, 0x00, 0x00, 0x3c, 0x00, 0x3c, 0x00, 0x00, 0x1c, 0x00, 0x38, 0x40, 0x00,
    0x1f, 0x00, 0x38, 0xc0, 0xff, 0x0f, 0x00, 0x00, 0xc0, 0xff, 0x0f, 0x00, 0x00, 0xc0, 0xff, 0x07,
    0x00, 0x00, 0x00, 0xff, 0x01, 0x00, 0x00, 0x00, 0x00, 0x00, 0x00, 0x00, 0x00, 0x7f, 0x00, 0x00,
    0x00, 0xe0, 0xff, 0x03, 0x00, 0x00, 0xf0, 0xff, 0x07, 0x00, 0x00, 0xf8, 0xff, 0x0f, 0x00, 0x00,
    0x7c, 0x00, 0x1f, 0x00, 0x00, 0x1c, 0x00, 0x1e, 0x00, 0x00, 0x1e, 0x00, 0x3c, 0x00, 0x00, 0x0e,
    0x00, 0x38, 0x00, 0x00, 0x0e, 0x00, 0x38, 0x00, 0x00, 0x0e, 0x00, 0x38, 0x00, 0x00, 0x0e, 0x00,
    0x38, 0x00, 0x00, 0x0e, 0x00, 0x38, 0x00, 0x00, 0x1e, 0x00, 0x3c, 0x00, 0x00, 0x1c, 0xf8, 0x1f,
    0x00, 0x00, 0x04, 0xf8, 0x1f, 0x00, 0x00, 0x00, 0xf8, 0x0f, 0x00, 0x00, 0x00, 0xf0, 0x03, 0x00,
    0x1c, 0x00, 0x00, 0x00, 0x00, 0x1c, 0x00, 0x00, 0x00, 0x00, 0x1c, 0x00, 0x00, 0x00, 0x00, 0x1c,
    0x00, 0x00, 0x00, 0x00, 0x1c, 0x00, 0x00, 0x00, 0x00, 0x1c, 0x00, 0x00, 0x00, 0x00, 0x1c, 0x00,
    0x00, 0x00, 0x00, 0x1c, 0x00, 0x00, 0x00, 0x00, 0x1c, 0x00, 0x00, 0x00, 0x00, 0xfc, 0xff, 0xff,
    0x03, 0x00, 0xfc, 0xff, 0xff, 0x0f, 0x00, 0xfc, 0xff, 0xff, 0x1f, 0x00, 0xfc, 0xff, 0xff, 0x1f,
    0x00, 0x1c, 0x00, 0x00, 0x3c, 0x00, 0x1c, 0x00, 0x00, 0x38, 0x00, 0x1c, 0x00, 0x00, 0x38, 0x00,
    0x1c, 0x00, 0x00, 0x38, 0x00, 0x1c, 0x00, 0x00, 0x38, 0x00, 0x1c, 0x00, 0x00, 0x3c, 0x00, 0x1c,
    0x00, 0x00, 0x1e, 0x00, 0x1c, 0x08, 0x00, 0x1f, 0x00, 0x1c, 0xf8, 0xf1, 0x0f, 0x00, 0x00, 0xf8,
    0xff, 0x07, 0x00, 0x00, 0xf8, 0xff, 0x03, 0x00, 0x00, 0xe0, 0xff, 0x00, 0x00, 0x00, 0x0e, 0x00,
    0x00, 0x00, 0x00, 0x0e, 0x00, 0x00, 0x00, 0x00, 0x0e, 0x00, 0x00, 0x00, 0x00, 0x0e, 0x00, 0x00,
    0x00, 0x00, 0x0e, 0x00, 0x00, 0x00, 0x00, 0x0e, 0x00, 0x00, 0x00, 0x00, 0x0e, 0x00, 0x00, 0x00,
    0x00, 0xfe, 0xff, 0x00, 0x00, 0x00, 0xfe, 0xff, 0x07, 0x00, 0x00, 0xfe, 0xff, 0x1f, 0x00, 0x00,
    0xfe, 0xff, 0x1f, 0x00, 0x00, 0x0e, 0x00, 0x3e, 0x00, 0x00, 0x0e, 0x00, 0x3c, 0x00, 0x00, 0x0e,
    0x00, 0x38, 0x00, 0x00, 0x0e, 0x00, 0x38, 0x00, 0x00, 0x0e, 0x00, 0x38, 0x00, 0x00, 0x0e, 0x00,
    0x3c, 0x00, 0x00, 0x0e, 0x00, 0x1c, 0x00, 0x00, 0x80, 0x03, 0x1f, 0x00, 0x00, 0x80, 0xff, 0x0f,
    0x00, 0x00, 0x80, 0xff, 0x07, 0x00, 0x00, 0x00, 0xff, 0x03, 0x00, 0x00, 0x00, 0x30, 0x00, 0x00,
    0x00, 0x00, 0x00, 0x00, 0x00, 0x00, 0x00, 0x00, 0x00, 0x00, 0x00, 0x07, 0xf8, 0x01, 0x00, 0xc0,
    0x1f, 0xfc, 0x03, 0x00, 0xe0, 0x3f, 0xfe, 0x07, 0x00, 0xf0, 0x7f, 0xff, 0x0f, 0x00, 0xf8, 0x78,
    0x07, 0x1f, 0x00, 0x78, 0xe0, 0x03, 0x1e, 0x00, 0x38, 0xe0, 0x03, 0x1c, 0x00, 0x3c, 0xe0, 0x01,
    0x3c, 0x00, 0x1c, 0xc0, 0x01, 0x38, 0x00, 0x1c, 0xc0, 0x01, 0x38, 0x00, 0x1c, 0xc0, 0x01, 0x38,
    0x00, 0x1c, 0xc0, 0x01, 0x38, 0x00, 0x1c, 0xc0, 0x01, 0x38, 0x00, 0x1c, 0xc0, 0x01, 0x38, 0x00,
    0x3c, 0xc0, 0x01, 0x3c, 0x00, 0x38, 0x00, 0x00, 0x1c, 0x00, 0x78, 0x00, 0x00, 0x1e, 0x00, 0xf8,
    0x00, 0x00, 0x1f, 0x00, 0xf0, 0x03, 0xc0, 0x0f, 0x00, 0xe0, 0x03, 0xc0, 0x07, 0x00, 0xc0, 0x03,
    0xc0, 0x03, 0x00, 0x00, 0x02, 0xc0, 0x01, 0x00, 0x00, 0x00, 0x00, 0x00, 0x00, 0x00, 0xc0, 0xc0,
    0x03, 0x00, 0x00, 0xf0, 0xe3, 0x0f, 0x00, 0x00, 0xf8, 0xf7, 0x0f, 0x00, 0x00, 0xfc, 0xf7, 0x1f,
    0x00, 0x00, 0x1c, 0x3e, 0x1c, 0x00, 0x00, 0x1e, 0x1c, 0x3c, 0x00, 0x00, 0x0e, 0x1c, 0x38, 0x00,
    0x00, 0x0e, 0x1c, 0x38, 0x00, 0x00, 0x0e, 0x1c, 0x38, 0x00, 0x00, 0x0e, 0x1c, 0x38, 0x00, 0x00,
    0x0e, 0x1c, 0x38, 0x00, 0x00, 0x0e, 0x1c, 0x38, 0x00, 0x00, 0x1c, 0x1c, 0x1c, 0x00, 0x00, 0x3c,
    0x00, 0x1e, 0x00, 0x00, 0x78, 0x80, 0x1f, 0x00, 0x00, 0x78, 0x80, 0x0f, 0x00, 0x00, 0x70, 0x80,
    0x07, 0x00, 0x00, 0x00, 0x80, 0x00, 0x00, 0x00, 0x00, 0x00, 0x38, 0x00, 0x00, 0x00, 0x00, 0x38,
    0x00, 0x00, 0x00, 0x00, 0x3c, 0x00, 0x00, 0x00, 0x00, 0x3c, 0x00, 0x00, 0x00, 0x00, 0x1f, 0x00,
    0x00, 0x00, 0xf8, 0x1f, 0x00, 0xfc, 0xff, 0xff, 0x0f, 0x00, 0xfc, 0xff, 0xff, 0x03, 0x00, 0xfc,
    0xff, 0x7f, 0x00, 0x00, 0xfc, 0x3f, 0x00, 0x00, 0x00, 0x1c, 0x00, 0x00, 0x00, 0x00, 0x1c, 0x00,
    0x00, 0x00, 0x00, 0x1c, 0x00, 0x00, 0x00, 0x00, 0x1c, 0x00, 0x00, 0x00, 0x00, 0x1c, 0x00, 0x00,
    0x00, 0x00, 0x1c, 0x00, 0x00, 0x00, 0x00, 0x1c, 0x00, 0x00, 0x00, 0x00, 0x1c, 0x00, 0x00, 0x00,
    0x00, 0x1c, 0x00, 0x00, 0x00, 0x00, 0x1c, 0x00, 0x00, 0x00, 0x70, 0xfc, 0xff, 0xff, 0x3f, 0x70,
    0xfc, 0xff, 0xff, 0x3f, 0x70, 0xfc, 0xff, 0xff, 0x3f, 0x78, 0xfc, 0xff, 0xff, 0xff, 0x3f, 0x00,
    0x00, 0x00, 0xf8, 0x3f, 0x00, 0x00, 0x00, 0xf8, 0x1f, 0x00, 0x00, 0x00, 0xf8, 0x07, 0x00, 0x00,
    0x00, 0x38, 0x00, 0x00, 0x00, 0x00, 0x38, 0x00, 0x00, 0x00, 0x00, 0x3c, 0x00, 0x00, 0x00, 0x00,
    0x3e, 0x00, 0x00, 0x80, 0xff, 0x1f, 0x00, 0x00, 0xfe, 0xff, 0x0f, 0x00, 0x00, 0xfe, 0xff, 0x07,
    0x00, 0x00, 0xfe, 0x7f, 0x00, 0x00, 0x00, 0x0e, 0x00, 0x00, 0x00, 0x00, 0x0e, 0x00, 0x00, 0x00,
    0x00, 0x0e, 0x00, 0x00, 0x00, 0x00, 0x0e, 0x00, 0x00, 0x00, 0x00, 0x0e, 0x00, 0x00, 0x00, 0x00,
    0x0e, 0x00, 0x00, 0x00, 0x00, 0x0e, 0x00, 0x00, 0x00, 0x00, 0xfe, 0xff, 0x3f, 0x70, 0x00, 0xfe,
    0xff, 0x3f, 0x70, 0x00, 0xfe, 0xff, 0x3f, 0x70, 0x00, 0xfe, 0xff, 0x3f, 0x78, 0x00, 0x00, 0x00,
    0xf8, 0x3f, 0x00, 0x00, 0x00, 0xf8, 0x3f, 0x00, 0x00, 0x00, 0xf8, 0x1f, 0x00, 0x00, 0x00, 0xf8,
    0x07,
};

static const uint16_t mf_bwfont_Roboto_Regular40bw_glyph_offsets_15[28] PROGMEM = {
    0x0000, 0x001a, 0x002f, 0x0040, 0x0058, 0x006c, 0x0083, 0x0095,
    0x00aa, 0x00bd, 0x00dc, 0x00fb, 0x0117, 0x012f, 0x0142, 0x0154,
    0x0178, 0x0196, 0x01ba, 0x01d8, 0x01ee, 0x0200, 0x0219, 0x0230,
    0x0248, 0x025b, 0x0276, 0x028d,
};

static const uint8_t mf_bwfont_Roboto_Regular40bw_glyph_widths_15[27] PROGMEM = {
    0x1f, 0x18, 0x12, 0x1a, 0x15, 0x19, 0x14, 0x19, 0x17, 0x21, 0x22, 0x20, 0x1a, 0x15, 0x14, 0x27,
    0x20, 0x28, 0x21, 0x19, 0x15, 0x1c, 0x1a, 0x1b, 0x16, 0x1e, 0x19,
};

static const uint8_t mf_bwfont_Roboto_Regular40bw_glyph_data_16[215] PROGMEM = {
    0x00, 0x00, 0x00, 0x0c, 0x00, 0x00, 0x00, 0x80, 0x0f, 0x00, 0x00, 0x00, 0xf0, 0x0f, 0x00, 0x00,
    0x00, 0xfc, 0x0f, 0x00, 0x00, 0x80, 0xff, 0x01, 0x00, 0x00, 0xe0, 0x3f, 0x00, 0x00, 0x00, 0xfc,
    0x1f, 0x00, 0x00, 0x80, 0xff, 0x1d, 0x00, 0x00, 0xe0, 0x3f, 0x1c, 0x00, 0x00, 0xfc, 0x0f, 0x1c,
    0x00, 0x00, 0xff, 0x01, 0x1c, 0xc0, 0x03, 0x3f, 0x00, 0x1c, 0x60, 0x06, 0x3f, 0x00, 0x1c, 0x60,
    0x06, 0xff, 0x01, 0x1c, 0x60, 0x06, 0xfc, 0x07, 0x1c, 0xe0, 0x07, 0xe0, 0x3f, 0x1c, 0xc0, 0x03,
    0x80, 0xff, 0x1d, 0x00, 0x00, 0x00, 0xfc, 0x1f, 0x00, 0x00, 0x00, 0xf0, 0x3f, 0x00, 0x00, 0x00,
    0x80, 0xff, 0x01, 0x00, 0x00, 0x00, 0xfe, 0x07, 0x00, 0x00, 0x00, 0xf0, 0x0f, 0x00, 0x00, 0x00,
    0x80, 0x0f, 0x00, 0x00, 0x00, 0x00, 0x0e, 0x00, 0x00, 0x00, 0x00, 0x00, 0x00, 0x00, 0x00, 0xf8,
    0x00, 0x00, 0x00, 0x1c, 0xfc, 0x03, 0x00, 0x00, 0x1e, 0xfe, 0x07, 0x00, 0x00, 0x1f, 0xff, 0x07,
    0x00, 0x00, 0x0f, 0x87, 0x0f, 0x00, 0x00, 0x87, 0x03, 0xcf, 0x03, 0x80, 0x83, 0x03, 0x6e, 0x06,
    0x80, 0x83, 0x03, 0x6e, 0x06, 0x80, 0x83, 0x03, 0x6e, 0x06, 0x80, 0x83, 0x03, 0xee, 0x07, 0x80,
    0x83, 0x03, 0xc7, 0x03, 0x80, 0x87, 0x03, 0x07, 0x00, 0x00, 0x8f, 0x83, 0x03, 0x00, 0x00, 0xff,
    0xff, 0x07, 0x00, 0x00, 0xfe, 0xff, 0x0f, 0x00, 0x00, 0xfc, 0xff, 0x0f, 0x00, 0x00, 0xf0, 0xff,
    0x0f, 0x00, 0x00, 0x00, 0x00, 0x08, 0x00,
};

static const uint16_t mf_bwfont_Roboto_Regular40bw_glyph_offsets_16[3] PROGMEM = {
    0x0000, 0x0018, 0x002b,
};

static const uint8_t mf_bwfont_Roboto_Regular40bw_glyph_widths_16[2] PROGMEM = {
    0x1a, 0x16,
};

static const uint8_t mf_bwfont_Roboto_Regular40bw_glyph_data_17[290] PROGMEM = {
    0x00, 0xff, 0xff, 0xff, 0x0f, 0x00, 0xff, 0xff, 0xff, 0x0f, 0x00, 0xff, 0xff, 0xff, 0x0f, 0x00,
    0xff, 0xff, 0xff, 0x0f, 0x00, 0x7f, 0x00, 0x00, 0x00, 0x00, 0xfe, 0x03, 0x00, 0x00, 0x00, 0xf8,
    0x0f, 0x00, 0x00, 0x00, 0xc0, 0x7f, 0x00, 0x00, 0x00, 0x00, 0xff, 0x01, 0x00, 0x00, 0x00, 0xf8,
    0x07, 0x00, 0x00, 0x00, 0xe0, 0x3f, 0x00, 0x00, 0x00, 0x00, 0xff, 0x00, 0x00, 0x00, 0x00, 0xfc,
    0x07, 0x30, 0x00, 0x00, 0xf0, 0x0f, 0x38, 0x00, 0x00, 0x80, 0x0f, 0x3e, 0x00, 0x00, 0xf0, 0x0f,
    0x1f, 0x00, 0x00, 0xfc, 0x07, 0x0f, 0x00, 0x80, 0xff, 0x00, 0x03, 0x00, 0xe0, 0x3f, 0x00, 0x01,
    0x00, 0xfc, 0x07, 0x00, 0x00, 0x00, 0xff, 0x01, 0x00, 0x00, 0xc0, 0x3f, 0x00, 0x00, 0x00, 0xf8,
    0x0f, 0x00, 0x00, 0x00, 0xfe, 0x03, 0x00, 0x00, 0x00, 0x7f, 0x00, 0x00, 0x00, 0x00, 0xff, 0xff,
    0xff, 0x0f, 0x00, 0xff, 0xff, 0xff, 0x0f, 0x00, 0xff, 0xff, 0xff, 0x0f, 0x00, 0xff, 0xff, 0xff,
    0x0f, 0x00, 0x80, 0xff, 0xff, 0x0f, 0x00, 0x80, 0xff, 0xff, 0x0f, 0x00, 0x80, 0xff, 0xff, 0x0f,
    0x00, 0x00, 0x1e, 0x00, 0x00, 0x00, 0x00, 0x07, 0x00, 0x00, 0x00, 0x00, 0x07, 0x00, 0x00, 0x00,
    0x80, 0x03, 0x00, 0x00, 0x00, 0x80, 0x03, 0x00, 0x00, 0x00, 0x80, 0x03, 0x00, 0x00, 0x00, 0x80,
    0x03, 0x00, 0x00, 0x00, 0x80, 0x03, 0x00, 0x00, 0x00, 0x80, 0x07, 0x00, 0x00, 0x00, 0x80, 0x1f,
    0x00, 0x00, 0x00, 0x0c, 0xff, 0xff, 0x0f, 0x00, 0x0e, 0xfe, 0xff, 0x0f, 0x80, 0x0f, 0xfc, 0xff,
    0x0f, 0xc0, 0x07, 0x3e, 0x00, 0x00, 0xc0, 0x03, 0x0f, 0x00, 0x00, 0xc0, 0x00, 0x07, 0x00, 0x00,
    0x40, 0x80, 0x03, 0x00, 0x00, 0x00, 0x80, 0x03, 0x00, 0x00, 0x00, 0x80, 0x03, 0x00, 0x00, 0x00,
    0x80, 0x03, 0x00, 0x00, 0x00, 0x80, 0x03, 0x00, 0x00, 0x00, 0x80, 0x07, 0x00, 0x00, 0x00, 0x00,
    0x1f, 0x00, 0x00, 0x00, 0x00, 0xff, 0xff, 0x0f, 0x00, 0x00, 0xfe, 0xff, 0x0f, 0x00, 0x00, 0xfc,
    0xff, 0x0f,
};

static const uint16_t mf_bwfont_Roboto_Regular40bw_glyph_offsets_17[3] PROGMEM = {
    0x0000, 0x001d, 0x003a,
};

static const uint8_t mf_bwfont_Roboto_Regular40bw_glyph_widths_17[2] PROGMEM = {
    0x23, 0x23,
};

static const uint8_t mf_bwfont_Roboto_Regular40bw_glyph_data_18[930] PROGMEM = {
    0x00, 0x01, 0x00, 0x00, 0x00, 0x00, 0x1f, 0x00, 0x00, 0x00, 0x00, 0xff, 0x01, 0x00, 0x00, 0x00,
    0xff, 0x1f, 0x00, 0x00, 0x00, 0xfc, 0xff, 0x01, 0x00, 0x00, 0x80, 0xff, 0x3f, 0x00, 0x00, 0x00,
    0xf8, 0xff, 0x03, 0x00, 0x00, 0x80, 0xff, 0x0f, 0x00, 0x00, 0x00, 0xf0, 0x0f, 0x00, 0x00, 0x00,
    0xe0, 0x0f, 0x00, 0x00, 0x00, 0xfe, 0x0f, 0x00, 0x00, 0xc0, 0xff, 0x01, 0x03, 0x00, 0xfc, 0x1f,
    0x00, 0x07, 0x80, 0xff, 0x03, 0x00, 0x0f, 0xf8, 0x7f, 0x00, 0x00, 0x1f, 0xff, 0x07, 0x00, 0x00,
    0x3c, 0xff, 0x00, 0x00, 0x00, 0x38, 0xff, 0x00, 0x00, 0x00, 0x20, 0xff, 0x07, 0x00, 0x00, 0x00,
    0xf8, 0x7f, 0x00, 0x00, 0x00, 0x80, 0xff, 0x03, 0x00, 0x00, 0x00, 0xfc, 0x3f, 0x00, 0x00, 0x00,
    0xc0, 0xff, 0x01, 0x00, 0x00, 0x00, 0xfc, 0x0f, 0x00, 0x00, 0x00, 0xe0, 0x0f, 0x00, 0x00, 0x00,
    0xf8, 0x0f, 0x00, 0x00, 0x80, 0xff, 0x0f, 0x00, 0x00, 0xfc, 0xff, 0x01, 0x00, 0xc0, 0xff, 0x1f,
    0x00, 0x00, 0xfe, 0xff, 0x01, 0x00, 0x00, 0xff, 0x1f, 0x00, 0x00, 0x00, 0xff, 0x01, 0x00, 0x00,
    0x00, 0x1f, 0x00, 0x00, 0x00, 0x00, 0x01, 0x00, 0x00, 0x00, 0x00, 0x80, 0x01, 0x00, 0x00, 0x00,
    0x80, 0x1f, 0x00, 0x00, 0x00, 0x80, 0xff, 0x00, 0x00, 0x00, 0x80, 0xff, 0x0f, 0x00, 0x00, 0x00,
    0xf8, 0x7f, 0x00, 0x00, 0x00, 0x80, 0xff, 0x03, 0x00, 0x00, 0x00, 0xfc, 0x0f, 0x00, 0x00, 0x00,
    0xc0, 0x0f, 0x00, 0x00, 0x00, 0xf0, 0x0f, 0xc0, 0x00, 0x00, 0xfe, 0x03, 0xc0, 0x01, 0xe0, 0x7f,
    0x00, 0xc0, 0x03, 0xfc, 0x0f, 0x00, 0xc0, 0x87, 0xff, 0x01, 0x00, 0x00, 0x8f, 0x3f, 0x00, 0x00,
    0x00, 0x8e, 0x3f, 0x00, 0x00, 0x00, 0x88, 0xff, 0x01, 0x00, 0x00, 0x00, 0xfc, 0x0f, 0x00, 0x00,
    0x00, 0xc0, 0x7f, 0x00, 0x00, 0x00, 0x00, 0xfe, 0x03, 0x00, 0x00, 0x00, 0xf0, 0x0f, 0x00, 0x00,
    0x00, 0x80, 0x0f, 0x00, 0x00, 0x00, 0xf8, 0x0f, 0x00, 0x00, 0x80, 0xff, 0x03, 0x00, 0x00, 0xf8,
    0x7f, 0x00, 0x00, 0x80, 0xff, 0x07, 0x00, 0x00, 0x80, 0xff, 0x00, 0x00, 0x00, 0x80, 0x1f, 0x00,
    0x00, 0x00, 0x80, 0x01, 0x00, 0x00, 0x00, 0x01, 0x00, 0x00, 0x00, 0x00, 0x1f, 0x00, 0x00, 0x00,
    0x00, 0xff, 0x01, 0x00, 0x00, 0x00, 0xff, 0x1f, 0x00, 0x00, 0x00, 0xfc, 0xff, 0x01, 0x00, 0x00,
    0x80, 0xff, 0x3f, 0x00, 0x00, 0x00, 0xf8, 0xff, 0x03, 0x00, 0x00, 0x80, 0xff, 0x0f, 0x00, 0x00,
    0x00, 0xf0, 0x0f, 0x00, 0x00, 0x00, 0xe0, 0x0f, 0x00, 0x00, 0x00, 0xfe, 0x0f, 0x00, 0x00, 0xc0,
    0xff, 0x01, 0x00, 0x00, 0xfc, 0x1f, 0x00, 0x00, 0x80, 0xff, 0x03, 0x00, 0x00, 0xf8, 0x7f, 0x00,
    0x00, 0x00, 0xff, 0x07, 0x00, 0x00, 0x30, 0xff, 0x00, 0x00, 0x00, 0x38, 0xff, 0x00, 0x00, 0x00,
    0x3e, 0xff, 0x07, 0x00, 0x00, 0x1f, 0xf8, 0x7f, 0x00, 0x00, 0x0f, 0x80, 0xff, 0x03, 0x00, 0x03,
    0x00, 0xfc, 0x3f, 0x00, 0x01, 0x00, 0xc0, 0xff, 0x01, 0x00, 0x00, 0x00, 0xfc, 0x0f, 0x00, 0x00,
    0x00, 0xe0, 0x0f, 0x00, 0x00, 0x00, 0xf8, 0x0f, 0x00, 0x00, 0x80, 0xff, 0x0f, 0x00, 0x00, 0xfc,
    0xff, 0x01, 0x00, 0xc0, 0xff, 0x1f, 0x00, 0x00, 0xfe, 0xff, 0x01, 0x00, 0x00, 0xff, 0x1f, 0x00,
    0x00, 0x00, 0xff, 0x01, 0x00, 0x00, 0x00, 0x1f, 0x00, 0x00, 0x00, 0x00, 0x01, 0x00, 0x00, 0x00,
    0x00, 0x80, 0x01, 0x00, 0x00, 0x00, 0x80, 0x1f, 0x00, 0x00, 0x00, 0x80, 0xff, 0x00, 0x00, 0x00,
    0x80, 0xff, 0x0f, 0x00, 0x00, 0x00, 0xf8, 0x7f, 0x00, 0x00, 0x00, 0x80, 0xff, 0x03, 0x00, 0x00,
    0x00, 0xfc, 0x0f, 0x00, 0x00, 0x00, 0xc0, 0x0f, 0x00, 0x00, 0x00, 0xf0, 0x0f, 0x00, 0x00, 0x00,
    0xfe, 0x03, 0x00, 0x00, 0xe0, 0x7f, 0x00, 0x00, 0x00, 0xfc, 0x0f, 0x00, 0x00, 0x80, 0xff, 0x01,
    0x00, 0x00, 0x8c, 0x3f, 0x00, 0x00, 0x00, 0x8e, 0x3f, 0x00, 0x00, 0x80, 0x8f, 0xff, 0x01, 0x00,
    0xc0, 0x07, 0xfc, 0x0f, 0x00, 0xc0, 0x03, 0xc0, 0x7f, 0x00, 0xc0, 0x00, 0x00, 0xfe, 0x03, 0x40,
    0x00, 0x00, 0xf0, 0x0f, 0x00, 0x00, 0x00, 0x80, 0x0f, 0x00, 0x00, 0x00, 0xf8, 0x0f, 0x00, 0x00,
    0x80, 0xff, 0x03, 0x00, 0x00, 0xf8, 0x7f, 0x00, 0x00, 0x80, 0xff, 0x07, 0x00, 0x00, 0x80, 0xff,
    0x00, 0x00, 0x00, 0x80, 0x1f, 0x00, 0x00, 0x00, 0x80, 0x01, 0x00, 0x00, 0x00, 0x01, 0x00, 0x00,
    0x00, 0x00, 0x1f, 0x00, 0x00, 0x00, 0x00, 0xff, 0x01, 0x00, 0x00, 0x00, 0xff, 0x1f, 0x00, 0x00,
    0x00, 0xfc, 0xff, 0x01, 0x00, 0x00, 0x80, 0xff, 0x3f, 0x00, 0x00, 0x00, 0xf8, 0xff, 0x03, 0x00,
    0x00, 0x80, 0xff, 0x0f, 0x00, 0x00, 0x00, 0xf0, 0x0f, 0x00, 0x00, 0x00, 0xe0, 0x0f, 0x00, 0x00,
    0x00, 0xfe, 0x0f, 0x1c, 0x00, 0xc0, 0xff, 0x01, 0x3c, 0x00, 0xfc, 0x1f, 0x00, 0x3c, 0x80, 0xff,
    0x03, 0x00, 0x3c, 0xf8, 0x7f, 0x00, 0x00, 0x00, 0xff, 0x07, 0x00, 0x00, 0x00, 0xff, 0x00, 0x00,
    0x00, 0x00, 0xff, 0x00, 0x00, 0x00, 0x00, 0xff, 0x07, 0x00, 0x00, 0x18, 0xf8, 0x7f, 0x00, 0x00,
    0x3c, 0x80, 0xff, 0x03, 0x00, 0x3c, 0x00, 0xfc, 0x3f, 0x00, 0x3c, 0x00, 0xc0, 0xff, 0x01, 0x18,
    0x00, 0x00, 0xfc, 0x0f, 0x00, 0x00, 0x00, 0xe0, 0x0f, 0x00, 0x00, 0x00, 0xf8, 0x0f, 0x00, 0x00,
    0x80, 0xff, 0x0f, 0x00, 0x00, 0xfc, 0xff, 0x01, 0x00, 0xc0, 0xff, 0x1f, 0x00, 0x00, 0xfe, 0xff,
    0x01, 0x00, 0x00, 0xff, 0x1f, 0x00, 0x00, 0x00, 0xff, 0x01, 0x00, 0x00, 0x00, 0x1f, 0x00, 0x00,
    0x00, 0x00, 0x01, 0x00, 0x00, 0x00, 0x00, 0x80, 0x01, 0x00, 0x00, 0x00, 0x80, 0x1f, 0x00, 0x00,
    0x00, 0x80, 0xff, 0x00, 0x00, 0x00, 0x80, 0xff, 0x0f, 0x00, 0x00, 0x00, 0xf8, 0x7f, 0x00, 0x00,
    0x00, 0x80, 0xff, 0x03, 0x00, 0x00, 0x00, 0xfc, 0x0f, 0x00, 0x00, 0x00, 0xc0, 0x0f, 0x80, 0x03,
    0x00, 0xf0, 0x0f, 0x80, 0x07, 0x00, 0xfe, 0x03, 0x80, 0x07, 0xe0, 0x7f, 0x00, 0x80, 0x07, 0xfc,
    0x0f, 0x00, 0x00, 0x80, 0xff, 0x01, 0x00, 0x00, 0x80, 0x3f, 0x00, 0x00, 0x00, 0x80, 0x3f, 0x00,
    0x00, 0x00, 0x80, 0xff, 0x01, 0x00, 0x00, 0x03, 0xfc, 0x0f, 0x00, 0x80, 0x07, 0xc0, 0x7f, 0x00,
    0x80, 0x07, 0x00, 0xfe, 0x03, 0x80, 0x07, 0x00, 0xf0, 0x0f, 0x00, 0x03, 0x00, 0x80, 0x0f, 0x00,
    0x00, 0x00, 0xf8, 0x0f, 0x00, 0x00, 0x80, 0xff, 0x03, 0x00, 0x00, 0xf8, 0x7f, 0x00, 0x00, 0x80,
    0xff, 0x07, 0x00, 0x00, 0x80, 0xff, 0x00, 0x00, 0x00, 0x80, 0x1f, 0x00, 0x00, 0x00, 0x80, 0x01,
    0x00, 0x00,
};

static const uint16_t mf_bwfont_Roboto_Regular40bw_glyph_offsets_18[7] PROGMEM = {
    0x0000, 0x0022, 0x003e, 0x0060, 0x007c, 0x009e, 0x00ba,
};

static const uint8_t mf_bwfont_Roboto_Regular40bw_glyph_widths_18[6] PROGMEM = {
    0x23, 0x1e, 0x23, 0x1e, 0x23, 0x1e,
};

static const uint8_t mf_bwfont_Roboto_Regular40bw_glyph_data_19[14833] PROGMEM = {
    0x00, 0x00, 0x00, 0x00, 0x00, 0x00, 0x00, 0x00, 0x00, 0x00, 0x00, 0x00, 0x00, 0x00, 0x00, 0x00,
    0x00, 0x00, 0x80, 0x01, 0x00, 0x00, 0x00, 0x00, 0x00, 0xf0, 0x01, 0x00, 0x00, 0x00, 0x00, 0x00,
    0xfe, 0x01, 0x00, 0x00, 0x00, 0x00, 0x80, 0xff, 0x01, 0x00, 0x00, 0x00, 0x00, 0xf0, 0x3f, 0x00,
    0x00, 0x00, 0x00, 0x00, 0xfc, 0x07, 0x00, 0x00, 0x00, 0x00, 0x80, 0xff, 0x03, 0x00, 0x00, 0x00,
    0x00, 0xf0, 0xbf, 0x03, 0x00, 0x00, 0x00, 0x00, 0xfc, 0x87, 0x03, 0x00, 0x00, 0x00, 0x80, 0xff,
    0x81, 0x03, 0x00, 0x00, 0x00, 0xe0, 0x3f, 0x80, 0x03, 0x60, 0x00, 0x00, 0xe0, 0x07, 0x80, 0x03,
    0xf0, 0x00, 0x00, 0xe0, 0x07, 0x80, 0x03, 0xf0, 0x00, 0x00, 0xe0, 0x3f, 0x80, 0x03, 0xf0, 0x00,
    0x00, 0x80, 0xff, 0x80, 0x03, 0x00, 0x00, 0x00, 0x00, 0xfc, 0x87, 0x03, 0x00, 0x00, 0x00, 0x00,
    0xf0, 0xbf, 0x03, 0x00, 0x00, 0x00, 0x00, 0x80, 0xff, 0x03, 0x00, 0x00, 0x00, 0x00, 0x00, 0xfe,
    0x07, 0x00, 0x00, 0x00, 0x00, 0x00, 0xf0, 0x3f, 0x00, 0x00, 0x00, 0x00, 0x00, 0xc0, 0xff, 0x00,
    0x00, 0x00, 0x00, 0x00, 0x00, 0xfe, 0x01, 0x00, 0x00, 0x00, 0x00, 0x00, 0xf0, 0x01, 0x00, 0x00,
    0x00, 0x00, 0x00, 0xc0, 0x01, 0x00, 0x00, 0x00, 0x00, 0x00, 0x00, 0x00, 0x00, 0x00, 0x00, 0x00,
    0x00, 0x00, 0x00, 0x00, 0x00, 0x00, 0x00, 0x00, 0x00, 0x00, 0x00, 0x00, 0x00, 0x00, 0x00, 0x1f,
    0x00, 0x00, 0x00, 0x00, 0x80, 0x83, 0x7f, 0x00, 0x00, 0x00, 0x00, 0xc0, 0xc3, 0xff, 0x00, 0x00,
    0x00, 0x00, 0xe0, 0xe3, 0xff, 0x00, 0x00, 0x00, 0x00, 0xe0, 0xe1, 0xf0, 0x01, 0x00, 0x00, 0x00,
    0xe0, 0x70, 0xe0, 0x31, 0x00, 0x00, 0x00, 0x70, 0x70, 0xc0, 0x79, 0x00, 0x00, 0x00, 0x70, 0x70,
    0xc0, 0x79, 0x00, 0x00, 0x00, 0x70, 0x70, 0xc0, 0x79, 0x00, 0x00, 0x00, 0x70, 0x70, 0xc0, 0x01,
    0x00, 0x00, 0x00, 0x70, 0x70, 0xe0, 0x00, 0x00, 0x00, 0x00, 0xf0, 0x70, 0xe0, 0x00, 0x00, 0x00,
    0x00, 0xe0, 0x71, 0x70, 0x00, 0x00, 0x00, 0x00, 0xe0, 0xff, 0xff, 0x00, 0x00, 0x00, 0x00, 0xc0,
    0xff, 0xff, 0x01, 0x00, 0x00, 0x00, 0x80, 0xff, 0xff, 0x01, 0x00, 0x00, 0x00, 0x00, 0xfe, 0xff,
    0x01, 0x00, 0x00, 0x00, 0x00, 0x00, 0x00, 0x01, 0x00, 0x00, 0x00, 0x00, 0x00, 0x00, 0x00, 0x00,
    0x00, 0x00, 0x00, 0x00, 0x00, 0x00, 0x00, 0x00, 0x00, 0x00, 0x00, 0x80, 0x01, 0x00, 0x00, 0x00,
    0x00, 0x00, 0xf0, 0x01, 0x00, 0x00, 0x00, 0x00, 0x00, 0xfe, 0x01, 0x00, 0x00, 0x00, 0x00, 0x80,
    0xff, 0x01, 0x00, 0x00, 0x00, 0x00, 0xf0, 0x3f, 0x00, 0x00, 0x00, 0x00, 0x00, 0xfc, 0x07, 0x00,
    0x00, 0x00, 0x00, 0x80, 0xff, 0x03, 0x00, 0x00, 0x00, 0x00, 0xf0, 0xbf, 0x03, 0x00, 0x00, 0x00,
    0x00, 0xfc, 0x87, 0x03, 0x00, 0x00, 0x00, 0x80, 0xff, 0x81, 0x03, 0x00, 0x00, 0x00, 0xe0, 0x3f,
    0x80, 0x03, 0x00, 0x00, 0x18, 0xe7, 0x07, 0x80, 0x03, 0x00, 0x00, 0x18, 0xe7, 0x07, 0x80, 0x03,
    0x00, 0x00, 0x38, 0xe7, 0x3f, 0x80, 0x03, 0x00, 0x00, 0xf0, 0x81, 0xff, 0x80, 0x03, 0x00, 0x00,
    0xf0, 0x01, 0xfc, 0x87, 0x03, 0x00, 0x00, 0xe0, 0x00, 0xf0, 0xbf, 0x03, 0x00, 0x00, 0x00, 0x00,
    0x80, 0xff, 0x03, 0x00, 0x00, 0x00, 0x00, 0x00, 0xfe, 0x07, 0x00, 0x00, 0x00, 0x00, 0x00, 0xf0,
    0x3f, 0x00, 0x00, 0x00, 0x00, 0x00, 0xc0, 0xff, 0x00, 0x00, 0x00, 0x00, 0x00, 0x00, 0xfe, 0x01,
    0x00, 0x00, 0x00, 0x00, 0x00, 0xf0, 0x01, 0x00, 0x00, 0x00, 0x00, 0x00, 0xc0, 0x01, 0x00, 0x00,
    0x00, 0x00, 0x00, 0x00, 0x00, 0x00, 0x00, 0x00, 0x00, 0x00, 0x00, 0x00, 0x00, 0x00, 0x00, 0x00,
    0x00, 0x00, 0x00, 0x00, 0x00, 0x00, 0x00, 0x00, 0x1f, 0x00, 0x00, 0x00, 0x00, 0x80, 0x83, 0x7f,
    0x00, 0x00, 0x00, 0x00, 0xc0, 0xc3, 0xff, 0x00, 0x00, 0x00, 0x00, 0xe0, 0xe3, 0xff, 0x00, 0x00,
    0x00, 0x00, 0xe0, 0xe1, 0xf0, 0x01, 0x00, 0x00, 0x00, 0xe0, 0x70, 0xe0, 0x01, 0x00, 0x00, 0x00,
    0x70, 0x70, 0xc0, 0x01, 0x00, 0x00, 0x00, 0x70, 0x70, 0xc0, 0x01, 0x00, 0x00, 0xc6, 0x71, 0x70,
    0xc0, 0x01, 0x00, 0x00, 0xc6, 0x71, 0x70, 0xc0, 0x01, 0x00, 0x00, 0xce, 0x71, 0x70, 0xe0, 0x00,
    0x00, 0x00, 0x7c, 0xf0, 0x70, 0xe0, 0x00, 0x00, 0x00, 0x7c, 0xe0, 0x71, 0x70, 0x00, 0x00, 0x00,
    0x38, 0xe0, 0xff, 0xff, 0x00, 0x00, 0x00, 0x00, 0xc0, 0xff, 0xff, 0x01, 0x00, 0x00, 0x00, 0x80,
    0xff, 0xff, 0x01, 0x00, 0x00, 0x00, 0x00, 0xfe, 0xff, 0x01, 0x00, 0x00, 0x00, 0x00, 0x00, 0x00,
    0x01, 0x00, 0x00, 0x00, 0x00, 0x00, 0x00, 0x00, 0x00, 0x00, 0x00, 0x00, 0x00, 0x00, 0x00, 0x00,
    0x00, 0x00, 0x00, 0x00, 0x80, 0x01, 0x00, 0x00, 0x00, 0x00, 0x00, 0xf0, 0x01, 0x00, 0x00, 0x00,
    0x00, 0x00, 0xfe, 0x01, 0x00, 0x00, 0x00, 0x00, 0x80, 0xff, 0x01, 0x00, 0x00, 0x00, 0x00, 0xf0,
    0x3f, 0x00, 0x00, 0x00, 0x00, 0x00, 0xfc, 0x07, 0x00, 0x00, 0x00, 0x04, 0x80, 0xff, 0x03, 0x00,
    0x00, 0x00, 0x06, 0xf0, 0xbf, 0x03, 0x00, 0x00, 0x00, 0x07, 0xfc, 0x87, 0x03, 0x00, 0x00, 0x80,
    0x87, 0xff, 0x81, 0x03, 0x00, 0x00, 0xc0, 0xe3, 0x3f, 0x80, 0x03, 0x00, 0x00, 0xc0, 0xe1, 0x07,
    0x80, 0x03, 0x00, 0x00, 0xc0, 0xe0, 0x07, 0x80, 0x03, 0x00, 0x00, 0xc0, 0xe1, 0x3f, 0x80, 0x03,
    0x00, 0x00, 0x80, 0x83, 0xff, 0x80, 0x03, 0x00, 0x00, 0x80, 0x07, 0xfc, 0x87, 0x03, 0x00, 0x00,
    0x00, 0x07, 0xf0, 0xbf, 0x03, 0x00, 0x00, 0x00, 0x06, 0x80, 0xff, 0x03, 0x00, 0x00, 0x80, 0x04,
    0x00, 0xfe, 0x07, 0x00, 0x00, 0xe0, 0x00, 0x00, 0xf0, 0x3f, 0x00, 0x00, 0xf0, 0x00, 0x00, 0xc0,
    0xff, 0x00, 0x00, 0x78, 0x00, 0x00, 0x00, 0xfe, 0x01, 0x00, 0x38, 0x00, 0x00, 0x00, 0xf0, 0x01,
    0x00, 0x18, 0x00, 0x00, 0x00, 0xc0, 0x01, 0x00, 0x00, 0x00, 0x00, 0x00, 0x00, 0x00, 0x00, 0x00,
    0x00, 0x00, 0x00, 0x00, 0x00, 0x00, 0x00, 0x00, 0x00, 0x00, 0x00, 0x00, 0x00, 0x00, 0x00, 0x00,
    0x00, 0x1f, 0x00, 0x00, 0x00, 0x00, 0x80, 0x83, 0x7f, 0x00, 0x00, 0x00, 0x00, 0xc0, 0xc3, 0xff,
    0x00, 0x00, 0x00, 0x00, 0xe1, 0xe3, 0xff, 0x00, 0x00, 0x00, 0x80, 0xe1, 0xe1, 0xf0, 0x01, 0x00,
    0x00, 0xc0, 0xe1, 0x70, 0xe0, 0x01, 0x00, 0x00, 0xe0, 0x71, 0x70, 0xc0, 0x01, 0x00, 0x00, 0xf0,
    0x70, 0x70, 0xc0, 0x01, 0x00, 0x00, 0x70, 0x70, 0x70, 0xc0, 0x01, 0x00, 0x00, 0x30, 0x70, 0x70,
    0xc0, 0x01, 0x00, 0x00, 0x70, 0x70, 0x70, 0xe0, 0x00, 0x00, 0x00, 0xe0, 0xf0, 0x70, 0xe0, 0x00,
    0x00, 0x00, 0xe0, 0xe1, 0x71, 0x70, 0x00, 0x00, 0x00, 0xc0, 0xe1, 0xff, 0xff, 0x00, 0x00, 0x00,
    0x80, 0xc1, 0xff, 0xff, 0x01, 0x00, 0x00, 0x20, 0x81, 0xff, 0xff, 0x01, 0x00, 0x00, 0x38, 0x00,
    0xfe, 0xff, 0x01, 0x00, 0x00, 0x3c, 0x00, 0x00, 0x00, 0x01, 0x00, 0x00, 0x1e, 0x00, 0x00, 0x00,
    0x00, 0x00, 0x00, 0x0e, 0x00, 0x00, 0x00, 0x00, 0x00, 0x00, 0x06, 0x00, 0x00, 0x00, 0x00, 0x00,
    0x00, 0x00, 0x00, 0x00, 0x00, 0x00, 0x00, 0x00, 0x00, 0x00, 0x00, 0x00, 0x00, 0x00, 0x08, 0x00,
    0x00, 0x00, 0x80, 0x01, 0x00, 0x18, 0x00, 0x00, 0x00, 0xf0, 0x01, 0x00, 0x38, 0x00, 0x00, 0x00,
    0xfe, 0x01, 0x00, 0xf8, 0x00, 0x00, 0x80, 0xff, 0x01, 0x00, 0xf0, 0x00, 0x00, 0xf0, 0x3f, 0x00,
    0x00, 0xc0, 0x00, 0x00, 0xfc, 0x07, 0x00, 0x00, 0x00, 0x04, 0x80, 0xff, 0x03, 0x00, 0x00, 0x00,
    0x06, 0xf0, 0xbf, 0x03, 0x00, 0x00, 0x00, 0x07, 0xfc, 0x87, 0x03, 0x00, 0x00, 0x80, 0x83, 0xff,
    0x81, 0x03, 0x00, 0x00, 0xc0, 0xe3, 0x3f, 0x80, 0x03, 0x00, 0x00, 0xc0, 0xe1, 0x07, 0x80, 0x03,
    0x00, 0x00, 0xc0, 0xe0, 0x07, 0x80, 0x03, 0x00, 0x00, 0xc0, 0xe1, 0x3f, 0x80, 0x03, 0x00, 0x00,
    0x80, 0x83, 0xff, 0x80, 0x03, 0x00, 0x00, 0x00, 0x07, 0xfc, 0x87, 0x03, 0x00, 0x00, 0x00, 0x07,
    0xf0, 0xbf, 0x03, 0x00, 0x00, 0x00, 0x06, 0x80, 0xff, 0x03, 0x00, 0x00, 0x00, 0x04, 0x00, 0xfe,
    0x07, 0x00, 0x00, 0x00, 0x00, 0x00, 0xf0, 0x3f, 0x00, 0x00, 0x00, 0x00, 0x00, 0xc0, 0xff, 0x00,
    0x00, 0x00, 0x00, 0x00, 0x00, 0xfe, 0x01, 0x00, 0x00, 0x00, 0x00, 0x00, 0xf0, 0x01, 0x00, 0x00,
    0x00, 0x00, 0x00, 0xc0, 0x01, 0x00, 0x00, 0x02, 0x00, 0x00, 0x00, 0x00, 0x00, 0x00, 0x06, 0x00,
    0x00, 0x00, 0x00, 0x00, 0x00, 0x0e, 0x00, 0x00, 0x00, 0x00, 0x00, 0x00, 0x3e, 0x00, 0x00, 0x1f,
    0x00, 0x00, 0x00, 0x3c, 0x80, 0x83, 0x7f, 0x00, 0x00, 0x00, 0x30, 0xc0, 0xc3, 0xff, 0x00, 0x00,
    0x00, 0x00, 0xe1, 0xe3, 0xff, 0x00, 0x00, 0x00, 0x80, 0xe1, 0xe1, 0xf0, 0x01, 0x00, 0x00, 0xc0,
    0xe1, 0x70, 0xe0, 0x01, 0x00, 0x00, 0xe0, 0x70, 0x70, 0xc0, 0x01, 0x00, 0x00, 0xf0, 0x70, 0x70,
    0xc0, 0x01, 0x00, 0x00, 0x70, 0x70, 0x70, 0xc0, 0x01, 0x00, 0x00, 0x30, 0x70, 0x70, 0xc0, 0x01,
    0x00, 0x00, 0x70, 0x70, 0x70, 0xe0, 0x00, 0x00, 0x00, 0xe0, 0xf0, 0x70, 0xe0, 0x00, 0x00, 0x00,
    0xc0, 0xe1, 0x71, 0x70, 0x00, 0x00, 0x00, 0xc0, 0xe1, 0xff, 0xff, 0x00, 0x00, 0x00, 0x80, 0xc1,
    0xff, 0xff, 0x01, 0x00, 0x00, 0x00, 0x81, 0xff, 0xff, 0x01, 0x00, 0x00, 0x00, 0x00, 0xfe, 0xff,
    0x01, 0x00, 0x00, 0x00, 0x00, 0x00, 0x00, 0x01, 0x00, 0x00, 0x00, 0x00, 0x00, 0x00, 0x00, 0x00,
    0x00, 0x00, 0x00, 0x00, 0x00, 0x00, 0x00, 0x00, 0x00, 0x00, 0x00, 0x80, 0x01, 0x00, 0x00, 0x00,
    0x00, 0x00, 0xf0, 0x01, 0x00, 0x00, 0x00, 0x00, 0x00, 0xfe, 0x01, 0x00, 0x00, 0x00, 0x00, 0x80,
    0xff, 0x01, 0x00, 0x00, 0x00, 0x00, 0xf0, 0x3f, 0x00, 0x00, 0x00, 0x00, 0x00, 0xfc, 0x07, 0x00,
    0x00, 0x00, 0x04, 0x80, 0xff, 0x03, 0x00, 0x00, 0x00, 0x06, 0xf0, 0xbf, 0x03, 0x00, 0x00, 0x00,
    0x07, 0xfc, 0x87, 0x03, 0x00, 0x00, 0x80, 0x83, 0xff, 0x81, 0x03, 0x00, 0x00, 0xc0, 0xe1, 0x3f,
    0x80, 0x03, 0x00, 0x00, 0xc0, 0xe0, 0x07, 0x80, 0x03, 0x00, 0x00, 0xc0, 0xe0, 0x07, 0x80, 0x03,
    0x00, 0x00, 0xc0, 0xe1, 0x3f, 0x80, 0x03, 0x00, 0x00, 0xc0, 0x83, 0xff, 0x80, 0x03, 0x00, 0x00,
    0x80, 0x07, 0xfc, 0x87, 0x03, 0x00, 0x00, 0x00, 0x07, 0xf0, 0xbf, 0x03, 0x00, 0x00, 0x06, 0x06,
    0x80, 0xff, 0x03, 0x00, 0x00, 0xc6, 0x04, 0x00, 0xfe, 0x07, 0x00, 0x00, 0xee, 0x00, 0x00, 0xf0,
    0x3f, 0x00, 0x00, 0x7c, 0x00, 0x00, 0xc0, 0xff, 0x00, 0x00, 0x7c, 0x00, 0x00, 0x00, 0xfe, 0x01,
    0x00, 0x10, 0x00, 0x00, 0x00, 0xf0, 0x01, 0x00, 0x00, 0x00, 0x00, 0x00, 0xc0, 0x01, 0x00, 0x00,
    0x00, 0x00, 0x00, 0x00, 0x00, 0x00, 0x00, 0x00, 0x00, 0x00, 0x00, 0x00, 0x00, 0x00, 0x00, 0x00,
    0x00, 0x00, 0x00, 0x00, 0x00, 0x00, 0x00, 0x00, 0x1f, 0x00, 0x00, 0x00, 0x00, 0x80, 0x83, 0x7f,
    0x00, 0x00, 0x00, 0x00, 0xc0, 0xc3, 0xff, 0x00, 0x00, 0x00, 0x00, 0xe2, 0xe3, 0xff, 0x00, 0x00,
    0x00, 0x00, 0xe3, 0xe1, 0xf0, 0x01, 0x00, 0x00, 0x80, 0xe3, 0x70, 0xe0, 0x01, 0x00, 0x00, 0xc0,
    0x71, 0x70, 0xc0, 0x01, 0x00, 0x00, 0xe0, 0x70, 0x70, 0xc0, 0x01, 0x00, 0x00, 0x60, 0x70, 0x70,
    0xc0, 0x01, 0x00, 0x00, 0x60, 0x70, 0x70, 0xc0, 0x01, 0x00, 0x00, 0xe0, 0x70, 0x70, 0xe0, 0x00,
    0x00, 0x00, 0xe0, 0xf1, 0x70, 0xe0, 0x00, 0x00, 0x00, 0xc0, 0xe3, 0x71, 0x70, 0x00, 0x00, 0x00,
    0x80, 0xe3, 0xff, 0xff, 0x00, 0x00, 0x00, 0x03, 0xc3, 0xff, 0xff, 0x01, 0x00, 0x00, 0x63, 0x82,
    0xff, 0xff, 0x01, 0x00, 0x00, 0x77, 0x00, 0xfe, 0xff, 0x01, 0x00, 0x00, 0x3e, 0x00, 0x00, 0x00,
    0x01, 0x00, 0x00, 0x3e, 0x00, 0x00, 0x00, 0x00, 0x00, 0x00, 0x08, 0x00, 0x00, 0x00, 0x00, 0x00,
    0x00, 0x00, 0x00, 0x00, 0x00, 0x00, 0x00, 0x00, 0x00, 0x00, 0x00, 0x00, 0x00, 0x00, 0x00, 0x00,
    0x00, 0x00, 0x80, 0x01, 0x00, 0x00, 0x00, 0x00, 0x00, 0xf0, 0x01, 0x00, 0x00, 0x00, 0x00, 0x00,
    0xfe, 0x01, 0x00, 0x00, 0x00, 0x00, 0x80, 0xff, 0x01, 0x00, 0x00, 0x00, 0x00, 0xf0, 0x3f, 0x00,
    0x00, 0x00, 0x00, 0x00, 0xfc, 0x07, 0x00, 0x00, 0x00, 0x08, 0x80, 0xff, 0x03, 0x00, 0x00, 0x10,
    0x0c, 0xf0, 0xbf, 0x03, 0x00, 0x00, 0x38, 0x0e, 0xfc, 0x87, 0x03, 0x00, 0x00, 0x18, 0x87, 0xff,
    0x81, 0x03, 0x00, 0x00, 0x98, 0xe3, 0x3f, 0x80, 0x03, 0x00, 0x00, 0x98, 0xe1, 0x07, 0x80, 0x03,
    0x00, 0x00, 0x98, 0xe1, 0x07, 0x80, 0x03, 0x00, 0x00, 0xb8, 0xe3, 0x3f, 0x80, 0x03, 0x00, 0x00,
    0x38, 0x87, 0xff, 0x80, 0x03, 0x00, 0x00, 0x18, 0x0e, 0xfc, 0x87, 0x03, 0x00, 0x00, 0x18, 0x0c,
    0xf0, 0xbf, 0x03, 0x00, 0x00, 0x00, 0x0c, 0x80, 0xff, 0x03, 0x00, 0x00, 0x00, 0x08, 0x00, 0xfe,
    0x07, 0x00, 0x00, 0x00, 0x00, 0x00, 0xf0, 0x3f, 0x00, 0x00, 0x00, 0x00, 0x00, 0xc0, 0xff, 0x00,
    0x00, 0x00, 0x00, 0x00, 0x00, 0xfe, 0x01, 0x00, 0x00, 0x00, 0x00, 0x00, 0xf0, 0x01, 0x00, 0x00,
    0x00, 0x00, 0x00, 0xc0, 0x01, 0x00, 0x00, 0x00, 0x00, 0x00, 0x00, 0x00, 0x00, 0x00, 0x00, 0x00,
    0x00, 0x00, 0x00, 0x00, 0x00, 0x00, 0x00, 0x00, 0x00, 0x00, 0x00, 0x00, 0x00, 0x00, 0x00, 0x1f,
    0x00, 0x00, 0x00, 0x00, 0x80, 0x83, 0x7f, 0x00, 0x00, 0x00, 0x00, 0xc0, 0xc3, 0xff, 0x00, 0x00,
    0x00, 0x00, 0xe2, 0xe3, 0xff, 0x00, 0x00, 0x00, 0x04, 0xe3, 0xe1, 0xf0, 0x01, 0x00, 0x00, 0x8e,
    0xe3, 0x70, 0xe0, 0x01, 0x00, 0x00, 0xc6, 0x71, 0x70, 0xc0, 0x01, 0x00, 0x00, 0xe6, 0x70, 0x70,
    0xc0, 0x01, 0x00, 0x00, 0x66, 0x70, 0x70, 0xc0, 0x01, 0x00, 0x00, 0x66, 0x70, 0x70, 0xc0, 0x01,
    0x00, 0x00, 0xee, 0x70, 0x70, 0xe0, 0x00, 0x00, 0x00, 0xce, 0xf1, 0x70, 0xe0, 0x00, 0x00, 0x00,
    0x86, 0xe3, 0x71, 0x70, 0x00, 0x00, 0x00, 0x06, 0xe3, 0xff, 0xff, 0x00, 0x00, 0x00, 0x00, 0xc3,
    0xff, 0xff, 0x01, 0x00, 0x00, 0x00, 0x82, 0xff, 0xff, 0x01, 0x00, 0x00, 0x00, 0x00, 0xfe, 0xff,
    0x01, 0x00, 0x00, 0x00, 0x00, 0x00, 0x00, 0x01, 0x00, 0x00, 0x00, 0x00, 0x00, 0x00, 0x00, 0x00,
    0x00, 0x00, 0x00, 0x00, 0x00, 0x00, 0x00, 0x00, 0x00, 0x00, 0x00, 0x80, 0x01, 0x00, 0x00, 0x00,
    0x00, 0x00, 0xf0, 0x01, 0x00, 0x00, 0x00, 0x00, 0x00, 0xfe, 0x01, 0x00, 0x00, 0x00, 0x00, 0x80,
    0xff, 0x01, 0x00, 0x00, 0x00, 0x00, 0xf0, 0x3f, 0x00, 0x00, 0x00, 0x00, 0x00, 0xfc, 0x07, 0x00,
    0x00, 0x00, 0x00, 0x80, 0xff, 0x03, 0x00, 0x00, 0x00, 0x06, 0xf0, 0xbf, 0x03, 0x00, 0x00, 0x00,
    0x07, 0xfc, 0x87, 0x03, 0x00, 0x00, 0x80, 0x87, 0xff, 0x81, 0x03, 0x00, 0x00, 0xc0, 0xe3, 0x3f,
    0x80, 0x03, 0x60, 0x00, 0xe0, 0xe0, 0x07, 0x80, 0x03, 0xf0, 0x00, 0xe0, 0xe0, 0x07, 0x80, 0x03,
    0xf0, 0x00, 0xe0, 0xe1, 0x3f, 0x80, 0x03, 0xf0, 0x00, 0xc0, 0x83, 0xff, 0x80, 0x03, 0x00, 0x00,
    0x00, 0x07, 0xfc, 0x87, 0x03, 0x00, 0x00, 0x00, 0x06, 0xf0, 0xbf, 0x03, 0x00, 0x00, 0x00, 0x04,
    0x80, 0xff, 0x03, 0x00, 0x00, 0x00, 0x00, 0x00, 0xfe, 0x07, 0x00, 0x00, 0x00, 0x00, 0x00, 0xf0,
    0x3f, 0x00, 0x00, 0x00, 0x00, 0x00, 0xc0, 0xff, 0x00, 0x00, 0x00, 0x00, 0x00, 0x00, 0xfe, 0x01,
    0x00, 0x00, 0x00, 0x00, 0x00, 0xf0, 0x01, 0x00, 0x00, 0x00, 0x00, 0x00, 0xc0, 0x01, 0x00, 0x00,
    0x00, 0x00, 0x00, 0x00, 0x00, 0x00, 0x00, 0x00, 0x00, 0x00, 0x00, 0x00, 0x00, 0x00, 0x00, 0x00,
    0x00, 0x00, 0x00, 0x00, 0x00, 0x00, 0x00, 0x00, 0x1f, 0x00, 0x00, 0x00, 0x00, 0x80, 0x83, 0x7f,
    0x00, 0x00, 0x00, 0x00, 0xc0, 0xc3, 0xff, 0x00, 0x00, 0x00, 0x00, 0xe0, 0xe3, 0xff, 0x00, 0x00,
    0x00, 0x80, 0xe1, 0xe1, 0xf0, 0x01, 0x00, 0x00, 0xc0, 0xe1, 0x70, 0xe0, 0x31, 0x00, 0x00, 0xe0,
    0x71, 0x70, 0xc0, 0x79, 0x00, 0x00, 0xf0, 0x70, 0x70, 0xc0, 0x79, 0x00, 0x00, 0x38, 0x70, 0x70,
    0xc0, 0x79, 0x00, 0x00, 0x38, 0x70, 0x70, 0xc0, 0x01, 0x00, 0x00, 0x78, 0x70, 0x70, 0xe0, 0x00,
    0x00, 0x00, 0xf0, 0xf0, 0x70, 0xe0, 0x00, 0x00, 0x00, 0xc0, 0xe1, 0x71, 0x70, 0x00, 0x00, 0x00,
    0x80, 0xe1, 0xff, 0xff, 0x00, 0x00, 0x00, 0x00, 0xc1, 0xff, 0xff, 0x01, 0x00, 0x00, 0x00, 0x80,
    0xff, 0xff, 0x01, 0x00, 0x00, 0x00, 0x00, 0xfe, 0xff, 0x01, 0x00, 0x00, 0x00, 0x00, 0x00, 0x00,
    0x01, 0x00, 0x00, 0x00, 0x00, 0x00, 0x00, 0x00, 0x00, 0x00, 0x00, 0x00, 0x00, 0x00, 0x00, 0x00,
    0x00, 0x00, 0x00, 0x00, 0x80, 0x01, 0x00, 0x00, 0x00, 0x00, 0x00, 0xf0, 0x01, 0x00, 0x00, 0x00,
    0x00, 0x00, 0xfe, 0x01, 0x00, 0x00, 0x00, 0x00, 0x80, 0xff, 0x01, 0x00, 0x00, 0x00, 0x00, 0xf0,
    0x3f, 0x00, 0x00, 0x00, 0x00, 0x00, 0xfc, 0x07, 0x00, 0x00, 0x00, 0x00, 0x80, 0xff, 0x03, 0x00,
    0x00, 0xc0, 0x01, 0xf0, 0xbf, 0x03, 0x00, 0x00, 0xc0, 0x03, 0xfc, 0x87, 0x03, 0x00, 0x00, 0xc0,
    0x83, 0xff, 0x81, 0x03, 0x00, 0x00, 0x00, 0xe6, 0x3f, 0x80, 0x03, 0x00, 0x00, 0x00, 0xe6, 0x07,
    0x80, 0x03, 0x00, 0x00, 0x30, 0xe6, 0x07, 0x80, 0x03, 0x00, 0x00, 0x3c, 0xe6, 0x3f, 0x80, 0x03,
    0x00, 0x00, 0x1c, 0x87, 0xff, 0x80, 0x03, 0x00, 0x00, 0xc4, 0x03, 0xfc, 0x87, 0x03, 0x00, 0x00,
    0xc0, 0x03, 0xf0, 0xbf, 0x03, 0x00, 0x00, 0xc0, 0x01, 0x80, 0xff, 0x03, 0x00, 0x00, 0x00, 0x00,
    0x00, 0xfe, 0x07, 0x00, 0x00, 0x00, 0x00, 0x00, 0xf0, 0x3f, 0x00, 0x00, 0x00, 0x00, 0x00, 0xc0,
    0xff, 0x00, 0x00, 0x00, 0x00, 0x00, 0x00, 0xfe, 0x01, 0x00, 0x00, 0x00, 0x00, 0x00, 0xf0, 0x01,
    0x00, 0x00, 0x00, 0x00, 0x00, 0xc0, 0x01, 0x00, 0x00, 0x00, 0x00, 0x00, 0x00, 0x00, 0x00, 0x00,
    0x00, 0x00, 0x00, 0x00, 0x00, 0x00, 0x00, 0x00, 0x00, 0x00, 0x00, 0x00, 0x00, 0x00, 0x00, 0x00,
    0x00, 0x1f, 0x00, 0x00, 0x00, 0x00, 0x80, 0x83, 0x7f, 0x00, 0x00, 0x00, 0x00, 0xc0, 0xc3, 0xff,
    0x00, 0x00, 0x00, 0x00, 0xe0, 0xe3, 0xff, 0x00, 0x00, 0x00, 0x70, 0xe0, 0xe1, 0xf0, 0x01, 0x00,
    0x00, 0xf0, 0xe0, 0x70, 0xe0, 0x01, 0x00, 0x00, 0xf0, 0x70, 0x70, 0xc0, 0x01, 0x00, 0x00, 0x80,
    0x71, 0x70, 0xc0, 0x01, 0x00, 0x00, 0x80, 0x71, 0x70, 0xc0, 0x01, 0x00, 0x00, 0x8c, 0x71, 0x70,
    0xc0, 0x01, 0x00, 0x00, 0x8f, 0x71, 0x70, 0xe0, 0x00, 0x00, 0x00, 0xc7, 0xf1, 0x70, 0xe0, 0x00,
    0x00, 0x00, 0xf1, 0xe0, 0x71, 0x70, 0x00, 0x00, 0x00, 0xf0, 0xe0, 0xff, 0xff, 0x00, 0x00, 0x00,
    0x70, 0xc0, 0xff, 0xff, 0x01, 0x00, 0x00, 0x00, 0x80, 0xff, 0xff, 0x01, 0x00, 0x00, 0x00, 0x00,
    0xfe, 0xff, 0x01, 0x00, 0x00, 0x00, 0x00, 0x00, 0x00, 0x01, 0x00, 0x00, 0x00, 0x00, 0x00, 0x00,
    0x00, 0x00, 0x00, 0x00, 0x00, 0x00, 0x00, 0x00, 0x00, 0x00, 0x00, 0x00, 0x00, 0x80, 0x01, 0x00,
    0x00, 0x00, 0x00, 0x00, 0xf0, 0x01, 0x00, 0x00, 0x00, 0x00, 0x00, 0xfe, 0x01, 0x00, 0x00, 0x00,
    0x00, 0x80, 0xff, 0x01, 0x00, 0x00, 0x00, 0x00, 0xf0, 0x3f, 0x00, 0x00, 0x00, 0x00, 0x00, 0xfc,
    0x07, 0x00, 0x00, 0x00, 0x00, 0x80, 0xff, 0x03, 0x00, 0x00, 0xc0, 0x01, 0xf0, 0xbf, 0x03, 0x00,
    0x00, 0xc0, 0x03, 0xfc, 0x87, 0x03, 0x00, 0x00, 0xc2, 0x83, 0xff, 0x81, 0x03, 0x00, 0x00, 0x06,
    0xe6, 0x3f, 0x80, 0x03, 0x00, 0x00, 0x1e, 0xe6, 0x07, 0x80, 0x03, 0x00, 0x00, 0x18, 0xe6, 0x07,
    0x80, 0x03, 0x00, 0x00, 0x10, 0xe6, 0x3f, 0x80, 0x03, 0x00, 0x00, 0x00, 0x87, 0xff, 0x80, 0x03,
    0x00, 0x00, 0xc0, 0x03, 0xfc, 0x87, 0x03, 0x00, 0x00, 0xc0, 0x03, 0xf0, 0xbf, 0x03, 0x00, 0x00,
    0xc0, 0x01, 0x80, 0xff, 0x03, 0x00, 0x00, 0x00, 0x00, 0x00, 0xfe, 0x07, 0x00, 0x00, 0x00, 0x00,
    0x00, 0xf0, 0x3f, 0x00, 0x00, 0x00, 0x00, 0x00, 0xc0, 0xff, 0x00, 0x00, 0x00, 0x00, 0x00, 0x00,
    0xfe, 0x01, 0x00, 0x00, 0x00, 0x00, 0x00, 0xf0, 0x01, 0x00, 0x00, 0x00, 0x00, 0x00, 0xc0, 0x01,
    0x00, 0x00, 0x00, 0x00, 0x00, 0x00, 0x00, 0x00, 0x00, 0x00, 0x00, 0x00, 0x00, 0x00, 0x00, 0x00,
    0x00, 0x00, 0x00, 0x00, 0x00, 0x00, 0x00, 0x00, 0x00, 0x00, 0x1f, 0x00, 0x00, 0x00, 0x00, 0x80,
    0x83, 0x7f, 0x00, 0x00, 0x00, 0x00, 0xc0, 0xc3, 0xff, 0x00, 0x00, 0x00, 0x00, 0xe0, 0xe3, 0xff,
    0x00, 0x00, 0x00, 0x70, 0xe0, 0xe1, 0xf0, 0x01, 0x00, 0x00, 0xf0, 0xe0, 0x70, 0xe0, 0x01, 0x00,
    0x80, 0xf0, 0x70, 0x70, 0xc0, 0x01, 0x00, 0x80, 0x81, 0x71, 0x70, 0xc0, 0x01, 0x00, 0x80, 0x87,
    0x71, 0x70, 0xc0, 0x01, 0x00, 0x00, 0x86, 0x71, 0x70, 0xc0, 0x01, 0x00, 0x00, 0x84, 0x71, 0x70,
    0xe0, 0x00, 0x00, 0x00, 0xc0, 0xf1, 0x70, 0xe0, 0x00, 0x00, 0x00, 0xf0, 0xe0, 0x71, 0x70, 0x00,
    0x00, 0x00, 0xf0, 0xe0, 0xff, 0xff, 0x00, 0x00, 0x00, 0x70, 0xc0, 0xff, 0xff, 0x01, 0x00, 0x00,
    0x00, 0x80, 0xff, 0xff, 0x01, 0x00, 0x00, 0x00, 0x00, 0xfe, 0xff, 0x01, 0x00, 0x00, 0x00, 0x00,
    0x00, 0x00, 0x01, 0x00, 0x00, 0x00, 0x00, 0x00, 0x00, 0x00, 0x00, 0x00, 0x00, 0x00, 0x00, 0x00,
    0x00, 0x00, 0x00, 0x00, 0x00, 0x00, 0x80, 0x01, 0x00, 0x00, 0x00, 0x00, 0x00, 0xf0, 0x01, 0x00,
    0x00, 0x00, 0x00, 0x00, 0xfe, 0x01, 0x00, 0x00, 0x00, 0x00, 0x80, 0xff, 0x01, 0x00, 0x00, 0x00,
    0x00, 0xf0, 0x3f, 0x00, 0x00, 0x00, 0x00, 0x00, 0xfc, 0x07, 0x00, 0x00, 0x00, 0x00, 0x80, 0xff,
    0x03, 0x00, 0x00, 0xc0, 0x01, 0xf0, 0xbf, 0x03, 0x00, 0x00, 0xc0, 0x03, 0xfc, 0x87, 0x03, 0x00,
    0x00, 0x80, 0x87, 0xff, 0x81, 0x03, 0x00, 0x00, 0x00, 0xe6, 0x3f, 0x80, 0x03, 0x00, 0x00, 0x33,
    0xe6, 0x07, 0x80, 0x03, 0x00, 0x00, 0x3b, 0xe6, 0x07, 0x80, 0x03, 0x00, 0x00, 0x3b, 0xe6, 0x3f,
    0x80, 0x03, 0x00, 0x00, 0x1f, 0x87, 0xff, 0x80, 0x03, 0x00, 0x00, 0xce, 0x03, 0xfc, 0x87, 0x03,
    0x00, 0x00, 0xc4, 0x03, 0xf0, 0xbf, 0x03, 0x00, 0x00, 0xc0, 0x00, 0x80, 0xff, 0x03, 0x00, 0x00,
    0x00, 0x00, 0x00, 0xfe, 0x07, 0x00, 0x00, 0x00, 0x00, 0x00, 0xf0, 0x3f, 0x00, 0x00, 0x00, 0x00,
    0x00, 0xc0, 0xff, 0x00, 0x00, 0x00, 0x00, 0x00, 0x00, 0xfe, 0x01, 0x00, 0x00, 0x00, 0x00, 0x00,
    0xf0, 0x01, 0x00, 0x00, 0x00, 0x00, 0x00, 0xc0, 0x01, 0x00, 0x00, 0x00, 0x00, 0x00, 0x00, 0x00,
    0x00, 0x00, 0x00, 0x00, 0x00, 0x00, 0x00, 0x00, 0x00, 0x00, 0x00, 0x00, 0x00, 0x00, 0x00, 0x00,
    0x00, 0x00, 0x00, 0x1f, 0x00, 0x00, 0x00, 0x00, 0x80, 0x83, 0x7f, 0x00, 0x00, 0x00, 0x00, 0xc0,
    0xc3, 0xff, 0x00, 0x00, 0x00, 0x00, 0xe0, 0xe3, 0xff, 0x00, 0x00, 0x00, 0x70, 0xe0, 0xe1, 0xf0,
    0x01, 0x00, 0x00, 0xf0, 0xe0, 0x70, 0xe0, 0x01, 0x00, 0x00, 0xe0, 0x71, 0x70, 0xc0, 0x01, 0x00,
    0x00, 0x80, 0x71, 0x70, 0xc0, 0x01, 0x00, 0xc0, 0x8c, 0x71, 0x70, 0xc0, 0x01, 0x00, 0xc0, 0x8e,
    0x71, 0x70, 0xc0, 0x01, 0x00, 0xc0, 0x8e, 0x71, 0x70, 0xe0, 0x00, 0x00, 0xc0, 0xc7, 0xf1, 0x70,
    0xe0, 0x00, 0x00, 0x80, 0xf3, 0xe0, 0x71, 0x70, 0x00, 0x00, 0x00, 0xf1, 0xe0, 0xff, 0xff, 0x00,
    0x00, 0x00, 0x30, 0xc0, 0xff, 0xff, 0x01, 0x00, 0x00, 0x00, 0x80, 0xff, 0xff, 0x01, 0x00, 0x00,
    0x00, 0x00, 0xfe, 0xff, 0x01, 0x00, 0x00, 0x00, 0x00, 0x00, 0x00, 0x01, 0x00, 0x00, 0x00, 0x00,
    0x00, 0x00, 0x00, 0x00, 0x00, 0x00, 0x00, 0x00, 0x00, 0x00, 0x00, 0x00, 0x00, 0x00, 0x00, 0x80,
    0x01, 0x00, 0x00, 0x00, 0x00, 0x00, 0xf0, 0x01, 0x00, 0x00, 0x00, 0x00, 0x00, 0xfe, 0x01, 0x00,
    0x00, 0x00, 0x00, 0x80, 0xff, 0x01, 0x00, 0x00, 0x00, 0x00, 0xf0, 0x3f, 0x00, 0x00, 0x00, 0x00,
    0x00, 0xfc, 0x07, 0x00, 0x00, 0x00, 0x00, 0x80, 0xff, 0x03, 0x00, 0x00, 0x98, 0x01, 0xf0, 0xbf,
    0x03, 0x00, 0x00, 0x9c, 0x03, 0xfc, 0x87, 0x03, 0x00, 0x00, 0x8e, 0x87, 0xff, 0x81, 0x03, 0x00,
    0x00, 0x06, 0xe6, 0x3f, 0x80, 0x03, 0x00, 0x00, 0x06, 0xe6, 0x07, 0x80, 0x03, 0x00, 0x00, 0x0c,
    0xe6, 0x07, 0x80, 0x03, 0x00, 0x00, 0x1c, 0xe6, 0x3f, 0x80, 0x03, 0x00, 0x00, 0x18, 0x86, 0xff,
    0x80, 0x03, 0x00, 0x00, 0x9c, 0x03, 0xfc, 0x87, 0x03, 0x00, 0x00, 0x8e, 0x03, 0xf0, 0xbf, 0x03,
    0x00, 0x00, 0x86, 0x01, 0x80, 0xff, 0x03, 0x00, 0x00, 0x00, 0x00, 0x00, 0xfe, 0x07, 0x00, 0x00,
    0x00, 0x00, 0x00, 0xf0, 0x3f, 0x00, 0x00, 0x00, 0x00, 0x00, 0xc0, 0xff, 0x00, 0x00, 0x00, 0x00,
    0x00, 0x00, 0xfe, 0x01, 0x00, 0x00, 0x00, 0x00, 0x00, 0xf0, 0x01, 0x00, 0x00, 0x00, 0x00, 0x00,
    0xc0, 0x01, 0x00, 0x00, 0x00, 0x00, 0x00, 0x00, 0x00, 0x00, 0x00, 0x00, 0x00, 0x00, 0x00, 0x00,
    0x00, 0x00, 0x00, 0x00, 0x00, 0x00, 0x00, 0x00, 0x00, 0x00, 0x00, 0x00, 0x1f, 0x00, 0x00, 0x00,
    0x00, 0x80, 0x83, 0x7f, 0x00, 0x00, 0x00, 0x00, 0xc0, 0xc3, 0xff, 0x00, 0x00, 0x00, 0x00, 0xe0,
    0xe3, 0xff, 0x00, 0x00, 0x00, 0x66, 0xe0, 0xe1, 0xf0, 0x01, 0x00, 0x00, 0xe7, 0xe0, 0x70, 0xe0,
    0x01, 0x00, 0x80, 0xe3, 0x71, 0x70, 0xc0, 0x01, 0x00, 0x80, 0x81, 0x71, 0x70, 0xc0, 0x01, 0x00,
    0x80, 0x81, 0x71, 0x70, 0xc0, 0x01, 0x00, 0x00, 0x83, 0x71, 0x70, 0xc0, 0x01, 0x00, 0x00, 0x87,
    0x71, 0x70, 0xe0, 0x00, 0x00, 0x00, 0x86, 0xf1, 0x70, 0xe0, 0x00, 0x00, 0x00, 0xe7, 0xe0, 0x71,
    0x70, 0x00, 0x00, 0x80, 0xe3, 0xe0, 0xff, 0xff, 0x00, 0x00, 0x80, 0x61, 0xc0, 0xff, 0xff, 0x01,
    0x00, 0x00, 0x00, 0x80, 0xff, 0xff, 0x01, 0x00, 0x00, 0x00, 0x00, 0xfe, 0xff, 0x01, 0x00, 0x00,
    0x00, 0x00, 0x00, 0x00, 0x01, 0x00, 0x00, 0x00, 0x00, 0x00, 0x00, 0x00, 0x00, 0x00, 0x00, 0x00,
    0x00, 0x00, 0x00, 0x00, 0x00, 0x00, 0x00, 0x00, 0x80, 0x01, 0x00, 0x00, 0x00, 0x00, 0x00, 0xf0,
    0x01, 0x00, 0x00, 0x00, 0x00, 0x00, 0xfe, 0x01, 0x00, 0x00, 0x00, 0x00, 0x80, 0xff, 0x01, 0x00,
    0x00, 0x00, 0x00, 0xf0, 0x3f, 0x00, 0x00, 0x00, 0x00, 0x00, 0xfc, 0x07, 0x00, 0x00, 0x00, 0x00,
    0x80, 0xff, 0x03, 0x00, 0x00, 0xc0, 0x01, 0xf0, 0xbf, 0x03, 0x00, 0x00, 0xc0, 0x03, 0xfc, 0x87,
    0x03, 0x00, 0x00, 0xc0, 0x87, 0xff, 0x81, 0x03, 0x00, 0x00, 0x00, 0xe7, 0x3f, 0x80, 0x03, 0x60,
    0x00, 0x00, 0xe6, 0x07, 0x80, 0x03, 0xf0, 0x00, 0x00, 0xe6, 0x07, 0x80, 0x03, 0xf0, 0x00, 0x00,
    0xe6, 0x3f, 0x80, 0x03, 0xf0, 0x00, 0x00, 0x87, 0xff, 0x80, 0x03, 0x00, 0x00, 0xc0, 0x03, 0xfc,
    0x87, 0x03, 0x00, 0x00, 0xc0, 0x03, 0xf0, 0xbf, 0x03, 0x00, 0x00, 0xc0, 0x01, 0x80, 0xff, 0x03,
    0x00, 0x00, 0x00, 0x00, 0x00, 0xfe, 0x07, 0x00, 0x00, 0x00, 0x00, 0x00, 0xf0, 0x3f, 0x00, 0x00,
    0x00, 0x00, 0x00, 0xc0, 0xff, 0x00, 0x00, 0x00, 0x00, 0x00, 0x00, 0xfe, 0x01, 0x00, 0x00, 0x00,
    0x00, 0x00, 0xf0, 0x01, 0x00, 0x00, 0x00, 0x00, 0x00, 0xc0, 0x01, 0x00, 0x00, 0x00, 0x00, 0x00,
    0x00, 0x00, 0x00, 0x00, 0x00, 0x00, 0x00, 0x00, 0x00, 0x00, 0x00, 0x00, 0x00, 0x00, 0x00, 0x00,
    0x00, 0x00, 0x00, 0x00, 0x00, 0x1f, 0x00, 0x00, 0x00, 0x00, 0x80, 0x83, 0x7f, 0x00, 0x00, 0x00,
    0x00, 0xc0, 0xc3, 0xff, 0x00, 0x00, 0x00, 0x00, 0xe0, 0xe3, 0xff, 0x00, 0x00, 0x00, 0xe0, 0xe0,
    0xe1, 0xf0, 0x01, 0x00, 0x00, 0xe0, 0xe1, 0x70, 0xe0, 0x31, 0x00, 0x00, 0xe0, 0x73, 0x70, 0xc0,
    0x79, 0x00, 0x00, 0x80, 0x73, 0x70, 0xc0, 0x79, 0x00, 0x00, 0x00, 0x73, 0x70, 0xc0, 0x79, 0x00,
    0x00, 0x00, 0x73, 0x70, 0xc0, 0x01, 0x00, 0x00, 0x00, 0x73, 0x70, 0xe0, 0x00, 0x00, 0x00, 0x80,
    0xf3, 0x70, 0xe0, 0x00, 0x00, 0x00, 0xe0, 0xe1, 0x71, 0x70, 0x00, 0x00, 0x00, 0xe0, 0xe1, 0xff,
    0xff, 0x00, 0x00, 0x00, 0xe0, 0xc0, 0xff, 0xff, 0x01, 0x00, 0x00, 0x00, 0x80, 0xff, 0xff, 0x01,
    0x00, 0x00, 0x00, 0x00, 0xfe, 0xff, 0x01, 0x00, 0x00, 0x00, 0x00, 0x00, 0x00, 0x01, 0x00, 0x00,
    0x00, 0x00, 0x00, 0x00, 0x00, 0x00, 0x00, 0x00, 0x00, 0x00, 0x00, 0x00, 0x00, 0x00, 0x00, 0x00,
    0x00, 0x00, 0x00, 0x00, 0x00, 0x00, 0x00, 0x00, 0x00, 0x00, 0x00, 0x00, 0xe0, 0xff, 0xff, 0xff,
    0x01, 0x00, 0x00, 0xe0, 0xff, 0xff, 0xff, 0x01, 0x00, 0x00, 0xe0, 0xff, 0xff, 0xff, 0x01, 0x00,
    0x00, 0xe0, 0xff, 0xff, 0xff, 0x01, 0x00, 0x00, 0xe0, 0x00, 0x0e, 0xc0, 0x01, 0x00, 0x00, 0xe0,
    0x00, 0x0e, 0xc0, 0x01, 0x00, 0x00, 0xe0, 0x00, 0x0e, 0xc0, 0x01, 0x00, 0x00, 0xe0, 0x00, 0x0e,
    0xc0, 0x61, 0x00, 0x00, 0xe0, 0x00, 0x0e, 0xc0, 0xf1, 0x00, 0x00, 0xe0, 0x00, 0x0e, 0xc0, 0xf1,
    0x00, 0x00, 0xe0, 0x00, 0x0e, 0xc0, 0xf1, 0x00, 0x00, 0xe0, 0x00, 0x0e, 0xc0, 0x01, 0x00, 0x00,
    0xe0, 0x00, 0x0e, 0xc0, 0x01, 0x00, 0x00, 0xe0, 0x00, 0x0e, 0xc0, 0x01, 0x00, 0x00, 0xe0, 0x00,
    0x0e, 0xc0, 0x01, 0x00, 0x00, 0xe0, 0x00, 0x0e, 0xc0, 0x01, 0x00, 0x00, 0xe0, 0x00, 0x00, 0xc0,
    0x01, 0x00, 0x00, 0xe0, 0x00, 0x00, 0xc0, 0x01, 0x00, 0x00, 0x00, 0x00, 0x00, 0x00, 0x00, 0x00,
    0x00, 0x00, 0x00, 0x00, 0x00, 0x00, 0x00, 0x00, 0x00, 0x00, 0x00, 0x00, 0x00, 0x00, 0x00, 0x00,
    0x00, 0xfc, 0x07, 0x00, 0x00, 0x00, 0x00, 0x00, 0xff, 0x1f, 0x00, 0x00, 0x00, 0x00, 0x80, 0xff,
    0x3f, 0x00, 0x00, 0x00, 0x00, 0xc0, 0x7f, 0x7f, 0x00, 0x00, 0x00, 0x00, 0xe0, 0x73, 0xf8, 0x00,
    0x00, 0x00, 0x00, 0xe0, 0x70, 0xf0, 0x00, 0x00, 0x00, 0x00, 0xf0, 0x70, 0xe0, 0x01, 0x00, 0x00,
    0x00, 0x70, 0x70, 0xc0, 0x31, 0x00, 0x00, 0x00, 0x70, 0x70, 0xc0, 0x79, 0x00, 0x00, 0x00, 0x70,
    0x70, 0xc0, 0x79, 0x00, 0x00, 0x00, 0x70, 0x70, 0xc0, 0x79, 0x00, 0x00, 0x00, 0x70, 0x70, 0xc0,
    0x01, 0x00, 0x00, 0x00, 0xe0, 0x70, 0xe0, 0x01, 0x00, 0x00, 0x00, 0xe0, 0x71, 0xe0, 0x00, 0x00,
    0x00, 0x00, 0xc0, 0x7f, 0xf0, 0x00, 0x00, 0x00, 0x00, 0x80, 0x7f, 0x78, 0x00, 0x00, 0x00, 0x00,
    0x00, 0x7f, 0x30, 0x00, 0x00, 0x00, 0x00, 0x00, 0x78, 0x00, 0x00, 0x00, 0x00, 0x00, 0x00, 0x00,
    0x00, 0x00, 0x00, 0x00, 0x00, 0x00, 0x00, 0x00, 0x00, 0x00, 0x00, 0x00, 0x00, 0x00, 0x00, 0x00,
    0x00, 0x00, 0x00, 0x00, 0x00, 0x00, 0x00, 0x00, 0x00, 0xe0, 0xff, 0xff, 0xff, 0x01, 0x00, 0x00,
    0xe0, 0xff, 0xff, 0xff, 0x01, 0x00, 0x00, 0xe0, 0xff, 0xff, 0xff, 0x01, 0x00, 0x00, 0xe0, 0xff,
    0xff, 0xff, 0x01, 0x00, 0x00, 0xe0, 0x00, 0x0e, 0xc0, 0x01, 0x00, 0x00, 0xe0, 0x00, 0x0e, 0xc0,
    0x01, 0x00, 0x00, 0xe0, 0x00, 0x0e, 0xc0, 0x01, 0x00, 0x00, 0xe0, 0x00, 0x0e, 0xc0, 0x01, 0x00,
    0x18, 0xe7, 0x00, 0x0e, 0xc0, 0x01, 0x00, 0x18, 0xe7, 0x00, 0x0e, 0xc0, 0x01, 0x00, 0x38, 0xe7,
    0x00, 0x0e, 0xc0, 0x01, 0x00, 0xf0, 0xe1, 0x00, 0x0e, 0xc0, 0x01, 0x00, 0xf0, 0xe1, 0x00, 0x0e,
    0xc0, 0x01, 0x00, 0xe0, 0xe0, 0x00, 0x0e, 0xc0, 0x01, 0x00, 0x00, 0xe0, 0x00, 0x0e, 0xc0, 0x01,
    0x00, 0x00, 0xe0, 0x00, 0x0e, 0xc0, 0x01, 0x00, 0x00, 0xe0, 0x00, 0x00, 0xc0, 0x01, 0x00, 0x00,
    0xe0, 0x00, 0x00, 0xc0, 0x01, 0x00, 0x00, 0x00, 0x00, 0x00, 0x00, 0x00, 0x00, 0x00, 0x00, 0x00,
    0x00, 0x00, 0x00, 0x00, 0x00, 0x00, 0x00, 0x00, 0x00, 0x00, 0x00, 0x00, 0x00, 0x00, 0xfc, 0x07,
    0x00, 0x00, 0x00, 0x00, 0x00, 0xff, 0x1f, 0x00, 0x00, 0x00, 0x00, 0x80, 0xff, 0x3f, 0x00, 0x00,
    0x00, 0x00, 0xc0, 0x7f, 0x7f, 0x00, 0x00, 0x00, 0x00, 0xe0, 0x73, 0xf8, 0x00, 0x00, 0x00, 0x00,
    0xe0, 0x70, 0xf0, 0x00, 0x00, 0x00, 0x00, 0xf0, 0x70, 0xe0, 0x01, 0x00, 0x00, 0x00, 0x70, 0x70,
    0xc0, 0x01, 0x00, 0x00, 0xc6, 0x71, 0x70, 0xc0, 0x01, 0x00, 0x00, 0xc6, 0x71, 0x70, 0xc0, 0x01,
    0x00, 0x00, 0xce, 0x71, 0x70, 0xc0, 0x01, 0x00, 0x00, 0x7c, 0x70, 0x70, 0xc0, 0x01, 0x00, 0x00,
    0x7c, 0xe0, 0x70, 0xe0, 0x01, 0x00, 0x00, 0x38, 0xe0, 0x71, 0xe0, 0x00, 0x00, 0x00, 0x00, 0xc0,
    0x7f, 0xf0, 0x00, 0x00, 0x00, 0x00, 0x80, 0x7f, 0x78, 0x00, 0x00, 0x00, 0x00, 0x00, 0x7f, 0x30,
    0x00, 0x00, 0x00, 0x00, 0x00, 0x78, 0x00, 0x00, 0x00, 0x00, 0x00, 0x00, 0x00, 0x00, 0x00, 0x00,
    0x00, 0x00, 0x00, 0x00, 0x00, 0x00, 0x00, 0x00, 0x00, 0x00, 0x00, 0x00, 0x00, 0x00, 0x00, 0x00,
    0x00, 0x00, 0x00, 0x00, 0x00, 0x00, 0xe0, 0xff, 0xff, 0xff, 0x01, 0x00, 0x00, 0xe0, 0xff, 0xff,
    0xff, 0x01, 0x00, 0x00, 0xe4, 0xff, 0xff, 0xff, 0x01, 0x00, 0x00, 0xe7, 0xff, 0xff, 0xff, 0x01,
    0x00, 0x80, 0xe7, 0x00, 0x0e, 0xc0, 0x01, 0x00, 0xc0, 0xe1, 0x00, 0x0e, 0xc0, 0x01, 0x00, 0xc0,
    0xe1, 0x00, 0x0e, 0xc0, 0x01, 0x00, 0xc0, 0xe1, 0x00, 0x0e, 0xc0, 0x01, 0x00, 0x80, 0xe1, 0x00,
    0x0e, 0xc0, 0x01, 0x00, 0x80, 0xe3, 0x00, 0x0e, 0xc0, 0x01, 0x00, 0x00, 0xe7, 0x00, 0x0e, 0xc0,
    0x01, 0x00, 0x00, 0xe7, 0x00, 0x0e, 0xc0, 0x01, 0x00, 0x00, 0xe7, 0x00, 0x0e, 0xc0, 0x01, 0x00,
    0x80, 0xe7, 0x00, 0x0e, 0xc0, 0x01, 0x00, 0xc0, 0xe3, 0x00, 0x0e, 0xc0, 0x01, 0x00, 0xc0, 0xe1,
    0x00, 0x0e, 0xc0, 0x01, 0x00, 0x00, 0xe0, 0x00, 0x00, 0xc0, 0x01, 0x00, 0x00, 0xe0, 0x00, 0x00,
    0xc0, 0x01, 0x00, 0x00, 0x00, 0x00, 0x00, 0x00, 0x00, 0x00, 0x00, 0x00, 0x00, 0x00, 0x00, 0x00,
    0x00, 0x00, 0x00, 0x00, 0x00, 0x00, 0x00, 0x00, 0x00, 0x00, 0x00, 0xfc, 0x07, 0x00, 0x00, 0x00,
    0x00, 0x00, 0xff, 0x1f, 0x00, 0x00, 0x00, 0x00, 0x81, 0xff, 0x3f, 0x00, 0x00, 0x00, 0xc0, 0xc1,
    0x7f, 0x7f, 0x00, 0x00, 0x00, 0xe0, 0xe1, 0x73, 0xf8, 0x00, 0x00, 0x00, 0x70, 0xe0, 0x70, 0xf0,
    0x00, 0x00, 0x00, 0x70, 0xf0, 0x70, 0xe0, 0x01, 0x00, 0x00, 0x70, 0x70, 0x70, 0xc0, 0x01, 0x00,
    0x00, 0x60, 0x70, 0x70, 0xc0, 0x01, 0x00, 0x00, 0xe0, 0x70, 0x70, 0xc0, 0x01, 0x00, 0x00, 0xc0,
    0x71, 0x70, 0xc0, 0x01, 0x00, 0x00, 0xc0, 0x71, 0x70, 0xc0, 0x01, 0x00, 0x00, 0xc0, 0xe1, 0x70,
    0xe0, 0x01, 0x00, 0x00, 0xe0, 0xe1, 0x71, 0xe0, 0x00, 0x00, 0x00, 0xf0, 0xc0, 0x7f, 0xf0, 0x00,
    0x00, 0x00, 0x70, 0x80, 0x7f, 0x78, 0x00, 0x00, 0x00, 0x00, 0x00, 0x7f, 0x30, 0x00, 0x00, 0x00,
    0x00, 0x00, 0x78, 0x00, 0x00, 0x00, 0x00, 0x00, 0x00, 0x00, 0x00, 0x00, 0x00, 0x00, 0x00, 0x00,
    0x00, 0x00, 0x00, 0x00, 0x00, 0x00, 0x00, 0x00, 0x00, 0x00, 0x00, 0x00, 0x00, 0x00, 0x00, 0x00,
    0x00, 0x00, 0x00, 0xe0, 0xff, 0xff, 0xff, 0x01, 0x00, 0x00, 0xe0, 0xff, 0xff, 0xff, 0x01, 0x00,
    0x00, 0xe0, 0xff, 0xff, 0xff, 0x01, 0x00, 0x00, 0xe4, 0xff, 0xff, 0xff, 0x01, 0x00, 0x00, 0xe6,
    0x00, 0x0e, 0xc0, 0x01, 0x00, 0x00, 0xe7, 0x00, 0x0e, 0xc0, 0x01, 0x00, 0x80, 0xe7, 0x00, 0x0e,
    0xc0, 0x01, 0x00, 0xc0, 0xe3, 0x00, 0x0e, 0xc0, 0x01, 0x00, 0xc0, 0xe1, 0x00, 0x0e, 0xc0, 0x01,
    0x00, 0xc0, 0xe0, 0x00, 0x0e, 0xc0, 0x01, 0x00, 0xc0, 0xe1, 0x00, 0x0e, 0xc0, 0x01, 0x00, 0x80,
    0xe3, 0x00, 0x0e, 0xc0, 0x01, 0x00, 0x80, 0xe7, 0x00, 0x0e, 0xc0, 0x01, 0x00, 0x00, 0xe7, 0x00,
    0x0e, 0xc0, 0x01, 0x00, 0x00, 0xe6, 0x00, 0x0e, 0xc0, 0x01, 0x00, 0x80, 0xe4, 0x00, 0x0e, 0xc0,
    0x01, 0x00, 0xe0, 0xe0, 0x00, 0x00, 0xc0, 0x01, 0x00, 0xf0, 0xe0, 0x00, 0x00, 0xc0, 0x01, 0x00,
    0x78, 0x00, 0x00, 0x00, 0x00, 0x00, 0x00, 0x38, 0x00, 0x00, 0x00, 0x00, 0x00, 0x00, 0x18, 0x00,
    0x00, 0x00, 0x00, 0x00, 0x00, 0x00, 0x00, 0x00, 0x00, 0x00, 0x00, 0x00, 0x00, 0x00, 0x00, 0x00,
    0x00, 0x00, 0x00, 0x00, 0x00, 0x00, 0x00, 0x00, 0x00, 0x00, 0x00, 0x00, 0x00, 0xfc, 0x07, 0x00,
    0x00, 0x00, 0x00, 0x00, 0xff, 0x1f, 0x00, 0x00, 0x00, 0x00, 0x80, 0xff, 0x3f, 0x00, 0x00, 0x00,
    0x00, 0xc1, 0x7f, 0x7f, 0x00, 0x00, 0x00, 0x80, 0xe1, 0x73, 0xf8, 0x00, 0x00, 0x00, 0xc0, 0xe1,
    0x70, 0xf0, 0x00, 0x00, 0x00, 0xe0, 0xf1, 0x70, 0xe0, 0x01, 0x00, 0x00, 0xf0, 0x70, 0x70, 0xc0,
    0x01, 0x00, 0x00, 0x70, 0x70, 0x70, 0xc0, 0x01, 0x00, 0x00, 0x30, 0x70, 0x70, 0xc0, 0x01, 0x00,
    0x00, 0x70, 0x70, 0x70, 0xc0, 0x01, 0x00, 0x00, 0xe0, 0x70, 0x70, 0xc0, 0x01, 0x00, 0x00, 0xe0,
    0xe1, 0x70, 0xe0, 0x01, 0x00, 0x00, 0xc0, 0xe1, 0x71, 0xe0, 0x00, 0x00, 0x00, 0x80, 0xc1, 0x7f,
    0xf0, 0x00, 0x00, 0x00, 0x20, 0x81, 0x7f, 0x78, 0x00, 0x00, 0x00, 0x38, 0x00, 0x7f, 0x30, 0x00,
    0x00, 0x00, 0x3c, 0x00, 0x78, 0x00, 0x00, 0x00, 0x00, 0x1e, 0x00, 0x00, 0x00, 0x00, 0x00, 0x00,
    0x0e, 0x00, 0x00, 0x00, 0x00, 0x00, 0x00, 0x06, 0x00, 0x00, 0x00, 0x00, 0x00, 0x00, 0x00, 0x00,
    0x00, 0x00, 0x00, 0x00, 0x08, 0x00, 0x00, 0x00, 0x00, 0x00, 0x00, 0x18, 0x00, 0x00, 0x00, 0x00,
    0x00, 0x00, 0x38, 0x00, 0x00, 0x00, 0x00, 0x00, 0x00, 0xf8, 0xe0, 0xff, 0xff, 0xff, 0x01, 0x00,
    0xf0, 0xe0, 0xff, 0xff, 0xff, 0x01, 0x00, 0xc0, 0xe0, 0xff, 0xff, 0xff, 0x01, 0x00, 0x00, 0xe4,
    0xff, 0xff, 0xff, 0x01, 0x00, 0x00, 0xe6, 0x00, 0x0e, 0xc0, 0x01, 0x00, 0x00, 0xe7, 0x00, 0x0e,
    0xc0, 0x01, 0x00, 0x80, 0xe3, 0x00, 0x0e, 0xc0, 0x01, 0x00, 0xc0, 0xe3, 0x00, 0x0e, 0xc0, 0x01,
    0x00, 0xc0, 0xe1, 0x00, 0x0e, 0xc0, 0x01, 0x00, 0xc0, 0xe0, 0x00, 0x0e, 0xc0, 0x01, 0x00, 0xc0,
    0xe1, 0x00, 0x0e, 0xc0, 0x01, 0x00, 0x80, 0xe3, 0x00, 0x0e, 0xc0, 0x01, 0x00, 0x00, 0xe7, 0x00,
    0x0e, 0xc0, 0x01, 0x00, 0x00, 0xe7, 0x00, 0x0e, 0xc0, 0x01, 0x00, 0x00, 0xe6, 0x00, 0x0e, 0xc0,
    0x01, 0x00, 0x00, 0xe4, 0x00, 0x0e, 0xc0, 0x01, 0x00, 0x00, 0xe0, 0x00, 0x00, 0xc0, 0x01, 0x00,
    0x00, 0xe0, 0x00, 0x00, 0xc0, 0x01, 0x00, 0x00, 0x02, 0x00, 0x00, 0x00, 0x00, 0x00, 0x00, 0x06,
    0x00, 0x00, 0x00, 0x00, 0x00, 0x00, 0x0e, 0x00, 0x00, 0x00, 0x00, 0x00, 0x00, 0x3e, 0x00, 0xfc,
    0x07, 0x00, 0x00, 0x00, 0x3c, 0x00, 0xff, 0x1f, 0x00, 0x00, 0x00, 0x30, 0x80, 0xff, 0x3f, 0x00,
    0x00, 0x00, 0x00, 0xc1, 0x7f, 0x7f, 0x00, 0x00, 0x00, 0x80, 0xe1, 0x73, 0xf8, 0x00, 0x00, 0x00,
    0xc0, 0xe1, 0x70, 0xf0, 0x00, 0x00, 0x00, 0xe0, 0xf0, 0x70, 0xe0, 0x01, 0x00, 0x00, 0xf0, 0x70,
    0x70, 0xc0, 0x01, 0x00, 0x00, 0x70, 0x70, 0x70, 0xc0, 0x01, 0x00, 0x00, 0x30, 0x70, 0x70, 0xc0,
    0x01, 0x00, 0x00, 0x70, 0x70, 0x70, 0xc0, 0x01, 0x00, 0x00, 0xe0, 0x70, 0x70, 0xc0, 0x01, 0x00,
    0x00, 0xc0, 0xe1, 0x70, 0xe0, 0x01, 0x00, 0x00, 0xc0, 0xe1, 0x71, 0xe0, 0x00, 0x00, 0x00, 0x80,
    0xc1, 0x7f, 0xf0, 0x00, 0x00, 0x00, 0x00, 0x81, 0x7f, 0x78, 0x00, 0x00, 0x00, 0x00, 0x00, 0x7f,
    0x30, 0x00, 0x00, 0x00, 0x00, 0x00, 0x78, 0x00, 0x00, 0x00, 0x00, 0x00, 0x00, 0x00, 0x00, 0x00,
    0x00, 0x00, 0x00, 0x00, 0x00, 0x00, 0x00, 0x00, 0x00, 0x00, 0x00, 0x00, 0x00, 0x00, 0x00, 0x00,
    0x00, 0x00, 0x00, 0x00, 0x00, 0x00, 0x00, 0xe0, 0xff, 0xff, 0xff, 0x01, 0x00, 0x00, 0xe0, 0xff,
    0xff, 0xff, 0x01, 0x00, 0x00, 0xe0, 0xff, 0xff, 0xff, 0x01, 0x00, 0x00, 0xe4, 0xff, 0xff, 0xff,
    0x01, 0x00, 0x00, 0xe6, 0x00, 0x0e, 0xc0, 0x01, 0x00, 0x00, 0xe7, 0x00, 0x0e, 0xc0, 0x01, 0x00,
    0x80, 0xe3, 0x00, 0x0e, 0xc0, 0x01, 0x00, 0xc0, 0xe1, 0x00, 0x0e, 0xc0, 0x01, 0x00, 0xc0, 0xe0,
    0x00, 0x0e, 0xc0, 0x01, 0x00, 0xc0, 0xe0, 0x00, 0x0e, 0xc0, 0x01, 0x00, 0xc0, 0xe1, 0x00, 0x0e,
    0xc0, 0x01, 0x00, 0xc0, 0xe3, 0x00, 0x0e, 0xc0, 0x01, 0x00, 0x80, 0xe7, 0x00, 0x0e, 0xc0, 0x01,
    0x00, 0x00, 0xe7, 0x00, 0x0e, 0xc0, 0x01, 0x00, 0x06, 0xe6, 0x00, 0x0e, 0xc0, 0x01, 0x00, 0xc6,
    0xe4, 0x00, 0x0e, 0xc0, 0x01, 0x00, 0xee, 0xe0, 0x00, 0x00, 0xc0, 0x01, 0x00, 0x7c, 0xe0, 0x00,
    0x00, 0xc0, 0x01, 0x00, 0x7c, 0x00, 0x00, 0x00, 0x00, 0x00, 0x00, 0x10, 0x00, 0x00, 0x00, 0x00,
    0x00, 0x00, 0x00, 0x00, 0x00, 0x00, 0x00, 0x00, 0x00, 0x00, 0x00, 0x00, 0x00, 0x00, 0x00, 0x00,
    0x00, 0x00, 0x00, 0x00, 0x00, 0x00, 0x00, 0x00, 0x00, 0x00, 0xfc, 0x07, 0x00, 0x00, 0x00, 0x00,
    0x00, 0xff, 0x1f, 0x00, 0x00, 0x00, 0x00, 0x80, 0xff, 0x3f, 0x00, 0x00, 0x00, 0x00, 0xc2, 0x7f,
    0x7f, 0x00, 0x00, 0x00, 0x00, 0xe3, 0x73, 0xf8, 0x00, 0x00, 0x00, 0x80, 0xe3, 0x70, 0xf0, 0x00,
    0x00, 0x00, 0xc0, 0xf1, 0x70, 0xe0, 0x01, 0x00, 0x00, 0xe0, 0x70, 0x70, 0xc0, 0x01, 0x00, 0x00,
    0x60, 0x70, 0x70, 0xc0, 0x01, 0x00, 0x00, 0x60, 0x70, 0x70, 0xc0, 0x01, 0x00, 0x00, 0xe0, 0x70,
    0x70, 0xc0, 0x01, 0x00, 0x00, 0xe0, 0x71, 0x70, 0xc0, 0x01, 0x00, 0x00, 0xc0, 0xe3, 0x70, 0xe0,
    0x01, 0x00, 0x00, 0x80, 0xe3, 0x71, 0xe0, 0x00, 0x00, 0x00, 0x03, 0xc3, 0x7f, 0xf0, 0x00, 0x00,
    0x00, 0x63, 0x82, 0x7f, 0x78, 0x00, 0x00, 0x00, 0x77, 0x00, 0x7f, 0x30, 0x00, 0x00, 0x00, 0x3e,
    0x00, 0x78, 0x00, 0x00, 0x00, 0x00, 0x3e, 0x00, 0x00, 0x00, 0x00, 0x00, 0x00, 0x08, 0x00, 0x00,
    0x00, 0x00, 0x00, 0x00, 0x00, 0x00, 0x00, 0x00, 0x00, 0x00, 0x00, 0x00, 0x00, 0x00, 0x00, 0x00,
    0x00, 0x00, 0x00, 0x00, 0x00, 0x00, 0x00, 0x00, 0x00, 0x00, 0x00, 0x00, 0x00, 0x00, 0x00, 0x00,
    0xe0, 0xff, 0xff, 0xff, 0x01, 0x00, 0x00, 0xe0, 0xff, 0xff, 0xff, 0x01, 0x00, 0x00, 0xe0, 0xff,
    0xff, 0xff, 0x01, 0x00, 0x00, 0xe8, 0xff, 0xff, 0xff, 0x01, 0x00, 0x10, 0xec, 0x00, 0x0e, 0xc0,
    0x01, 0x00, 0x38, 0xee, 0x00, 0x0e, 0xc0, 0x01, 0x00, 0x18, 0xe7, 0x00, 0x0e, 0xc0, 0x01, 0x00,
    0x98, 0xe3, 0x00, 0x0e, 0xc0, 0x01, 0x00, 0x98, 0xe1, 0x00, 0x0e, 0xc0, 0x01, 0x00, 0x98, 0xe1,
    0x00, 0x0e, 0xc0, 0x01, 0x00, 0xb8, 0xe3, 0x00, 0x0e, 0xc0, 0x01, 0x00, 0x38, 0xe7, 0x00, 0x0e,
    0xc0, 0x01, 0x00, 0x18, 0xee, 0x00, 0x0e, 0xc0, 0x01, 0x00, 0x18, 0xec, 0x00, 0x0e, 0xc0, 0x01,
    0x00, 0x00, 0xec, 0x00, 0x0e, 0xc0, 0x01, 0x00, 0x00, 0xe8, 0x00, 0x0e, 0xc0, 0x01, 0x00, 0x00,
    0xe0, 0x00, 0x00, 0xc0, 0x01, 0x00, 0x00, 0xe0, 0x00, 0x00, 0xc0, 0x01, 0x00, 0x00, 0x00, 0x00,
    0x00, 0x00, 0x00, 0x00, 0x00, 0x00, 0x00, 0x00, 0x00, 0x00, 0x00, 0x00, 0x00, 0x00, 0x00, 0x00,
    0x00, 0x00, 0x00, 0x00, 0x00, 0xfc, 0x07, 0x00, 0x00, 0x00, 0x00, 0x00, 0xff, 0x1f, 0x00, 0x00,
    0x00, 0x00, 0x80, 0xff, 0x3f, 0x00, 0x00, 0x00, 0x00, 0xc2, 0x7f, 0x7f, 0x00, 0x00, 0x00, 0x04,
    0xe3, 0x73, 0xf8, 0x00, 0x00, 0x00, 0x8e, 0xe3, 0x70, 0xf0, 0x00, 0x00, 0x00, 0xc6, 0xf1, 0x70,
    0xe0, 0x01, 0x00, 0x00, 0xe6, 0x70, 0x70, 0xc0, 0x01, 0x00, 0x00, 0x66, 0x70, 0x70, 0xc0, 0x01,
    0x00, 0x00, 0x66, 0x70, 0x70, 0xc0, 0x01, 0x00, 0x00, 0xee, 0x70, 0x70, 0xc0, 0x01, 0x00, 0x00,
    0xce, 0x71, 0x70, 0xc0, 0x01, 0x00, 0x00, 0x86, 0xe3, 0x70, 0xe0, 0x01, 0x00, 0x00, 0x06, 0xe3,
    0x71, 0xe0, 0x00, 0x00, 0x00, 0x00, 0xc3, 0x7f, 0xf0, 0x00, 0x00, 0x00, 0x00, 0x82, 0x7f, 0x78,
    0x00, 0x00, 0x00, 0x00, 0x00, 0x7f, 0x30, 0x00, 0x00, 0x00, 0x00, 0x00, 0x78, 0x00, 0x00, 0x00,
    0x00, 0x00, 0x00, 0x00, 0x00, 0x00, 0x00, 0x00, 0x00, 0x00, 0x00, 0x00, 0x00, 0x00, 0x00, 0x00,
    0x00, 0x00, 0x00, 0x00, 0x00, 0x00, 0x00, 0x00, 0x00, 0x00, 0x00, 0x00, 0x00, 0xe0, 0xff, 0xff,
    0xff, 0x01, 0x00, 0x00, 0xe0, 0xff, 0xff, 0xff, 0x01, 0x00, 0x00, 0xe0, 0xff, 0xff, 0xff, 0x01,
    0x00, 0x00, 0xe0, 0xff, 0xff, 0xff, 0x01, 0x00, 0x00, 0xe6, 0x00, 0x0e, 0xc0, 0x01, 0x00, 0x00,
    0xe7, 0x00, 0x0e, 0xc0, 0x01, 0x00, 0x80, 0xe7, 0x00, 0x0e, 0xc0, 0x01, 0x00, 0xc0, 0xe3, 0x00,
    0x0e, 0xc0, 0x61, 0x00, 0xe0, 0xe0, 0x00, 0x0e, 0xc0, 0xf1, 0x00, 0xe0, 0xe0, 0x00, 0x0e, 0xc0,
    0xf1, 0x00, 0xe0, 0xe1, 0x00, 0x0e, 0xc0, 0xf1, 0x00, 0xc0, 0xe3, 0x00, 0x0e, 0xc0, 0x01, 0x00,
    0x00, 0xe7, 0x00, 0x0e, 0xc0, 0x01, 0x00, 0x00, 0xe6, 0x00, 0x0e, 0xc0, 0x01, 0x00, 0x00, 0xe4,
    0x00, 0x0e, 0xc0, 0x01, 0x00, 0x00, 0xe0, 0x00, 0x0e, 0xc0, 0x01, 0x00, 0x00, 0xe0, 0x00, 0x00,
    0xc0, 0x01, 0x00, 0x00, 0xe0, 0x00, 0x00, 0xc0, 0x01, 0x00, 0x00, 0x00, 0x00, 0x00, 0x00, 0x00,
    0x00, 0x00, 0x00, 0x00, 0x00, 0x00, 0x00, 0x00, 0x00, 0x00, 0x00, 0x00, 0x00, 0x00, 0x00, 0x00,
    0x00, 0x00, 0xfc, 0x07, 0x00, 0x00, 0x00, 0x00, 0x00, 0xff, 0x1f, 0x00, 0x00, 0x00, 0x00, 0x80,
    0xff, 0x3f, 0x00, 0x00, 0x00, 0x00, 0xc0, 0x7f, 0x7f, 0x00, 0x00, 0x00, 0x80, 0xe1, 0x73, 0xf8,
    0x00, 0x00, 0x00, 0xc0, 0xe1, 0x70, 0xf0, 0x00, 0x00, 0x00, 0xe0, 0xf1, 0x70, 0xe0, 0x01, 0x00,
    0x00, 0xf0, 0x70, 0x70, 0xc0, 0x31, 0x00, 0x00, 0x38, 0x70, 0x70, 0xc0, 0x79, 0x00, 0x00, 0x38,
    0x70, 0x70, 0xc0, 0x79, 0x00, 0x00, 0x78, 0x70, 0x70, 0xc0, 0x79, 0x00, 0x00, 0xf0, 0x70, 0x70,
    0xc0, 0x01, 0x00, 0x00, 0xc0, 0xe1, 0x70, 0xe0, 0x01, 0x00, 0x00, 0x80, 0xe1, 0x71, 0xe0, 0x00,
    0x00, 0x00, 0x00, 0xc1, 0x7f, 0xf0, 0x00, 0x00, 0x00, 0x00, 0x80, 0x7f, 0x78, 0x00, 0x00, 0x00,
    0x00, 0x00, 0x7f, 0x30, 0x00, 0x00, 0x00, 0x00, 0x00, 0x78, 0x00, 0x00, 0x00, 0x00, 0x00, 0x00,
    0x00, 0x00, 0x00, 0x00, 0x00, 0x00, 0x00, 0x00, 0x00, 0x00, 0x00, 0x00, 0x00, 0x00, 0x00, 0x00,
    0x00, 0x00, 0x00, 0x00, 0x00, 0x00, 0x00, 0x00, 0x00, 0x00, 0x00, 0x00, 0x00, 0x00, 0x00, 0x00,
    0x18, 0xe7, 0xff, 0xff, 0xff, 0x01, 0x00, 0x18, 0xe7, 0xff, 0xff, 0xff, 0x01, 0x00, 0x38, 0xe7,
    0xff, 0xff, 0xff, 0x01, 0x00, 0xf0, 0x01, 0x00, 0x00, 0x00, 0x00, 0x00, 0xf0, 0x01, 0x00, 0x00,
    0x00, 0x00, 0x00, 0xe0, 0x00, 0x00, 0x00, 0x00, 0x00, 0x00, 0x00, 0x00, 0x00, 0x00, 0x00, 0x00,
    0x00, 0x00, 0x00, 0x00, 0x00, 0x00, 0x00, 0x00, 0x00, 0x00, 0x00, 0x00, 0x00, 0x00, 0x00, 0x00,
    0x00, 0x00, 0x00, 0x00, 0x00, 0x00, 0x00, 0xc6, 0xf1, 0xff, 0xff, 0x01, 0x00, 0x00, 0xc6, 0xf1,
    0xff, 0xff, 0x01, 0x00, 0x00, 0xce, 0xf1, 0xff, 0xff, 0x01, 0x00, 0x00, 0x7c, 0xf0, 0xff, 0xff,
    0x01, 0x00, 0x00, 0x7c, 0x00, 0x00, 0x00, 0x00, 0x00, 0x00, 0x38, 0x00, 0x00, 0x00, 0x00, 0x00,
    0x00, 0x00, 0x00, 0x00, 0x00, 0x00, 0x00, 0x00, 0x00, 0x00, 0x00, 0x00, 0x00, 0x00, 0x00, 0x00,
    0x00, 0x00, 0x00, 0x00, 0x00, 0x00, 0x00, 0x00, 0x00, 0x00, 0x00, 0x00, 0x00, 0x00, 0x00, 0x00,
    0x00, 0x60, 0x00, 0x00, 0xe0, 0xff, 0xff, 0xff, 0xf1, 0x00, 0x00, 0xe0, 0xff, 0xff, 0xff, 0xf1,
    0x00, 0x00, 0xe0, 0xff, 0xff, 0xff, 0xf1, 0x00, 0x00, 0x00, 0x00, 0x00, 0x00, 0x00, 0x00, 0x00,
    0x00, 0x00, 0x00, 0x00, 0x00, 0x00, 0x00, 0x00, 0x00, 0x00, 0x00, 0x00, 0x00, 0x00, 0x00, 0x00,
    0x00, 0x00, 0x00, 0x00, 0x00, 0xf0, 0xf0, 0xff, 0xff, 0x61, 0x00, 0x00, 0xf0, 0xf0, 0xff, 0xff,
    0xf1, 0x00, 0x00, 0xf0, 0xf0, 0xff, 0xff, 0xf1, 0x00, 0x00, 0x70, 0xf0, 0xff, 0xff, 0xf1, 0x00,
    0x00, 0x00, 0x00, 0x00, 0x00, 0x00, 0x00, 0x00, 0x00, 0x00, 0x00, 0x00, 0x00, 0x00, 0x00, 0x00,
    0x00, 0x00, 0x00, 0x00, 0x00, 0x00, 0x00, 0x80, 0x7f, 0x00, 0x00, 0x00, 0x00, 0x00, 0xf0, 0xff,
    0x03, 0x00, 0x00, 0x00, 0x00, 0xfc, 0xff, 0x0f, 0x00, 0x00, 0x00, 0x00, 0xfe, 0xff, 0x1f, 0x00,
    0x00, 0x00, 0x00, 0x3f, 0x00, 0x3f, 0x00, 0x00, 0x00, 0x80, 0x0f, 0x00, 0x7c, 0x00, 0x00, 0x00,
    0xc0, 0x03, 0x00, 0xf0, 0x00, 0x00, 0x00, 0xc0, 0x03, 0x00, 0xf0, 0x00, 0x00, 0x00, 0xe0, 0x01,
    0x00, 0xe0, 0x01, 0x00, 0x00, 0xe0, 0x00, 0x00, 0xe0, 0x31, 0x00, 0x00, 0xe0, 0x00, 0x00, 0xc0,
    0x79, 0x00, 0x00, 0xe0, 0x00, 0x00, 0xc0, 0x79, 0x00, 0x00, 0xe0, 0x00, 0x00, 0xc0, 0x79, 0x00,
    0x00, 0xe0, 0x00, 0x00, 0xc0, 0x01, 0x00, 0x00, 0xe0, 0x01, 0x00, 0xe0, 0x01, 0x00, 0x00, 0xc0,
    0x01, 0x00, 0xe0, 0x01, 0x00, 0x00, 0xc0, 0x03, 0x00, 0xf0, 0x00, 0x00, 0x00, 0xc0, 0x07, 0x00,
    0xf8, 0x00, 0x00, 0x00, 0x80, 0x1f, 0x00, 0x7e, 0x00, 0x00, 0x00, 0x00, 0xff, 0xff, 0x3f, 0x00,
    0x00, 0x00, 0x00, 0xfe, 0xff, 0x1f, 0x00, 0x00, 0x00, 0x00, 0xf8, 0xff, 0x0f, 0x00, 0x00, 0x00,
    0x00, 0xe0, 0xff, 0x01, 0x00, 0x00, 0x00, 0x00, 0x00, 0x00, 0x00, 0x00, 0x00, 0x00, 0x00, 0x00,
    0x00, 0x00, 0x00, 0x00, 0x00, 0x00, 0x00, 0x00, 0x00, 0x00, 0x00, 0x00, 0x00, 0x00, 0xfc, 0x07,
    0x00, 0x00, 0x00, 0x00, 0x00, 0xff, 0x1f, 0x00, 0x00, 0x00, 0x00, 0x80, 0xff, 0x3f, 0x00, 0x00,
    0x00, 0x00, 0xc0, 0x1f, 0x7f, 0x00, 0x00, 0x00, 0x00, 0xe0, 0x03, 0xf8, 0x00, 0x00, 0x00, 0x00,
    0xe0, 0x00, 0xe0, 0x00, 0x00, 0x00, 0x00, 0xf0, 0x00, 0xe0, 0x01, 0x00, 0x00, 0x00, 0x70, 0x00,
    0xc0, 0x31, 0x00, 0x00, 0x00, 0x70, 0x00, 0xc0, 0x79, 0x00, 0x00, 0x00, 0x70, 0x00, 0xc0, 0x79,
    0x00, 0x00, 0x00, 0x70, 0x00, 0xc0, 0x79, 0x00, 0x00, 0x00, 0x70, 0x00, 0xc0, 0x01, 0x00, 0x00,
    0x00, 0xf0, 0x00, 0xe0, 0x01, 0x00, 0x00, 0x00, 0xe0, 0x01, 0xf0, 0x00, 0x00, 0x00, 0x00, 0xe0,
    0x03, 0xf8, 0x00, 0x00, 0x00, 0x00, 0xc0, 0xff, 0x7f, 0x00, 0x00, 0x00, 0x00, 0x80, 0xff, 0x3f,
    0x00, 0x00, 0x00, 0x00, 0x00, 0xff, 0x1f, 0x00, 0x00, 0x00, 0x00, 0x00, 0xf8, 0x03, 0x00, 0x00,
    0x00, 0x00, 0x00, 0x00, 0x00, 0x00, 0x00, 0x00, 0x00, 0x00, 0x00, 0x00, 0x00, 0x00, 0x00, 0x00,
    0x00, 0x00, 0x00, 0x00, 0x00, 0x00, 0x00, 0x80, 0x7f, 0x00, 0x00, 0x00, 0x00, 0x00, 0xf0, 0xff,
    0x03, 0x00, 0x00, 0x00, 0x00, 0xfc, 0xff, 0x0f, 0x00, 0x00, 0x00, 0x00, 0xfe, 0xff, 0x1f, 0x00,
    0x00, 0x00, 0x00, 0x3f, 0x00, 0x3f, 0x00, 0x00, 0x00, 0x80, 0x0f, 0x00, 0x7c, 0x00, 0x00, 0x00,
    0xc0, 0x03, 0x00, 0xf0, 0x00, 0x00, 0x00, 0xc0, 0x03, 0x00, 0xf0, 0x00, 0x00, 0x00, 0xe0, 0x01,
    0x00, 0xe0, 0x01, 0x00, 0x00, 0xe0, 0x00, 0x00, 0xe0, 0x01, 0x00, 0x18, 0xe7, 0x00, 0x00, 0xc0,
    0x01, 0x00, 0x18, 0xe7, 0x00, 0x00, 0xc0, 0x01, 0x00, 0x38, 0xe7, 0x00, 0x00, 0xc0, 0x01, 0x00,
    0xf0, 0xe1, 0x00, 0x00, 0xc0, 0x01, 0x00, 0xf0, 0xe1, 0x01, 0x00, 0xe0, 0x01, 0x00, 0xe0, 0xc0,
    0x01, 0x00, 0xe0, 0x01, 0x00, 0x00, 0xc0, 0x03, 0x00, 0xf0, 0x00, 0x00, 0x00, 0xc0, 0x07, 0x00,
    0xf8, 0x00, 0x00, 0x00, 0x80, 0x1f, 0x00, 0x7e, 0x00, 0x00, 0x00, 0x00, 0xff, 0xff, 0x3f, 0x00,
    0x00, 0x00, 0x00, 0xfe, 0xff, 0x1f, 0x00, 0x00, 0x00, 0x00, 0xf8, 0xff, 0x0f, 0x00, 0x00, 0x00,
    0x00, 0xe0, 0xff, 0x01, 0x00, 0x00, 0x00, 0x00, 0x00, 0x00, 0x00, 0x00, 0x00, 0x00, 0x00, 0x00,
    0x00, 0x00, 0x00, 0x00, 0x00, 0x00, 0x00, 0x00, 0x00, 0x00, 0x00, 0x00, 0x00, 0x00, 0xfc, 0x07,
    0x00, 0x00, 0x00, 0x00, 0x00, 0xff, 0x1f, 0x00, 0x00, 0x00, 0x00, 0x80, 0xff, 0x3f, 0x00, 0x00,
    0x00, 0x00, 0xc0, 0x1f, 0x7f, 0x00, 0x00, 0x00, 0x00, 0xe0, 0x03, 0xf8, 0x00, 0x00, 0x00, 0x00,
    0xe0, 0x00, 0xe0, 0x00, 0x00, 0x00, 0x00, 0xf0, 0x00, 0xe0, 0x01, 0x00, 0x00, 0x00, 0x70, 0x00,
    0xc0, 0x01, 0x00, 0x00, 0xc6, 0x71, 0x00, 0xc0, 0x01, 0x00, 0x00, 0xc6, 0x71, 0x00, 0xc0, 0x01,
    0x00, 0x00, 0xce, 0x71, 0x00, 0xc0, 0x01, 0x00, 0x00, 0x7c, 0x70, 0x00, 0xc0, 0x01, 0x00, 0x00,
    0x7c, 0xf0, 0x00, 0xe0, 0x01, 0x00, 0x00, 0x38, 0xe0, 0x01, 0xf0, 0x00, 0x00, 0x00, 0x00, 0xe0,
    0x03, 0xf8, 0x00, 0x00, 0x00, 0x00, 0xc0, 0xff, 0x7f, 0x00, 0x00, 0x00, 0x00, 0x80, 0xff, 0x3f,
    0x00, 0x00, 0x00, 0x00, 0x00, 0xff, 0x1f, 0x00, 0x00, 0x00, 0x00, 0x00, 0xf8, 0x03, 0x00, 0x00,
    0x00, 0x00, 0x00, 0x00, 0x00, 0x00, 0x00, 0x00, 0x00, 0x00, 0x00, 0x00, 0x00, 0x00, 0x00, 0x00,
    0x00, 0x00, 0x00, 0x00, 0x00, 0x00, 0x00, 0x80, 0x7f, 0x00, 0x00, 0x00, 0x00, 0x00, 0xf0, 0xff,
    0x03, 0x00, 0x00, 0x00, 0x00, 0xfc, 0xff, 0x0f, 0x00, 0x00, 0x00, 0x00, 0xfe, 0xff, 0x1f, 0x00,
    0x00, 0x00, 0x00, 0x3f, 0x00, 0x3f, 0x00, 0x00, 0x00, 0x84, 0x0f, 0x00, 0x7c, 0x00, 0x00, 0x00,
    0xc6, 0x03, 0x00, 0xf0, 0x00, 0x00, 0x00, 0xc7, 0x03, 0x00, 0xf0, 0x00, 0x00, 0x80, 0xe7, 0x01,
    0x00, 0xe0, 0x01, 0x00, 0xc0, 0xe3, 0x00, 0x00, 0xe0, 0x01, 0x00, 0xc0, 0xe1, 0x00, 0x00, 0xc0,
    0x01, 0x00, 0xc0, 0xe0, 0x00, 0x00, 0xc0, 0x01, 0x00, 0xc0, 0xe1, 0x00, 0x00, 0xc0, 0x01, 0x00,
    0x80, 0xe3, 0x00, 0x00, 0xc0, 0x01, 0x00, 0x80, 0xe7, 0x01, 0x00, 0xe0, 0x01, 0x00, 0x00, 0xc7,
    0x01, 0x00, 0xe0, 0x01, 0x00, 0x00, 0xc6, 0x03, 0x00, 0xf0, 0x00, 0x00, 0x80, 0xc4, 0x07, 0x00,
    0xf8, 0x00, 0x00, 0xe0, 0x80, 0x1f, 0x00, 0x7e, 0x00, 0x00, 0xf0, 0x00, 0xff, 0xff, 0x3f, 0x00,
    0x00, 0x78, 0x00, 0xfe, 0xff, 0x1f, 0x00, 0x00, 0x38, 0x00, 0xf8, 0xff, 0x0f, 0x00, 0x00, 0x18,
    0x00, 0xe0, 0xff, 0x01, 0x00, 0x00, 0x00, 0x00, 0x00, 0x00, 0x00, 0x00, 0x00, 0x00, 0x00, 0x00,
    0x00, 0x00, 0x00, 0x00, 0x00, 0x00, 0x00, 0x00, 0x00, 0x00, 0x00, 0x00, 0x00, 0x00, 0xfc, 0x07,
    0x00, 0x00, 0x00, 0x00, 0x00, 0xff, 0x1f, 0x00, 0x00, 0x00, 0x00, 0x80, 0xff, 0x3f, 0x00, 0x00,
    0x00, 0x00, 0xc1, 0x1f, 0x7f, 0x00, 0x00, 0x00, 0x80, 0xe1, 0x03, 0xf8, 0x00, 0x00, 0x00, 0xc0,
    0xe1, 0x00, 0xe0, 0x00, 0x00, 0x00, 0xe0, 0xf1, 0x00, 0xe0, 0x01, 0x00, 0x00, 0xf0, 0x70, 0x00,
    0xc0, 0x01, 0x00, 0x00, 0x70, 0x70, 0x00, 0xc0, 0x01, 0x00, 0x00, 0x30, 0x70, 0x00, 0xc0, 0x01,
    0x00, 0x00, 0x70, 0x70, 0x00, 0xc0, 0x01, 0x00, 0x00, 0xe0, 0x70, 0x00, 0xc0, 0x01, 0x00, 0x00,
    0xe0, 0xf1, 0x00, 0xe0, 0x01, 0x00, 0x00, 0xc0, 0xe1, 0x01, 0xf0, 0x00, 0x00, 0x00, 0x80, 0xe1,
    0x03, 0xf8, 0x00, 0x00, 0x00, 0x20, 0xc1, 0xff, 0x7f, 0x00, 0x00, 0x00, 0x38, 0x80, 0xff, 0x3f,
    0x00, 0x00, 0x00, 0x3c, 0x00, 0xff, 0x1f, 0x00, 0x00, 0x00, 0x1e, 0x00, 0xf8, 0x03, 0x00, 0x00,
    0x00, 0x0e, 0x00, 0x00, 0x00, 0x00, 0x00, 0x00, 0x06, 0x00, 0x00, 0x00, 0x00, 0x00, 0x00, 0x00,
    0x00, 0x00, 0x00, 0x00, 0x00, 0x00, 0x00, 0x00, 0x00, 0x00, 0x00, 0x00, 0x00, 0x00, 0x00, 0x00,
    0x00, 0x00, 0x00, 0x10, 0x00, 0x80, 0x7f, 0x00, 0x00, 0x00, 0x30, 0x00, 0xf0, 0xff, 0x03, 0x00,
    0x00, 0x70, 0x00, 0xfc, 0xff, 0x0f, 0x00, 0x00, 0xf0, 0x01, 0xfe, 0xff, 0x1f, 0x00, 0x00, 0xe0,
    0x01, 0x3f, 0x00, 0x3f, 0x00, 0x00, 0x80, 0x81, 0x0f, 0x00, 0x7c, 0x00, 0x00, 0x00, 0xc8, 0x03,
    0x00, 0xf0, 0x00, 0x00, 0x00, 0xcc, 0x03, 0x00, 0xf0, 0x00, 0x00, 0x00, 0xee, 0x01, 0x00, 0xe0,
    0x01, 0x00, 0x00, 0xe7, 0x00, 0x00, 0xe0, 0x01, 0x00, 0x80, 0xe7, 0x00, 0x00, 0xc0, 0x01, 0x00,
    0x80, 0xe3, 0x00, 0x00, 0xc0, 0x01, 0x00, 0x80, 0xe1, 0x00, 0x00, 0xc0, 0x01, 0x00, 0x80, 0xe3,
    0x00, 0x00, 0xc0, 0x01, 0x00, 0x00, 0xe7, 0x01, 0x00, 0xe0, 0x01, 0x00, 0x00, 0xce, 0x01, 0x00,
    0xe0, 0x01, 0x00, 0x00, 0xce, 0x03, 0x00, 0xf0, 0x00, 0x00, 0x00, 0xcc, 0x07, 0x00, 0xf8, 0x00,
    0x00, 0x00, 0x88, 0x1f, 0x00, 0x7e, 0x00, 0x00, 0x00, 0x00, 0xff, 0xff, 0x3f, 0x00, 0x00, 0x00,
    0x00, 0xfe, 0xff, 0x1f, 0x00, 0x00, 0x00, 0x00, 0xf8, 0xff, 0x0f, 0x00, 0x00, 0x00, 0x00, 0xe0,
    0xff, 0x01, 0x00, 0x00, 0x00, 0x02, 0x00, 0x00, 0x00, 0x00, 0x00, 0x00, 0x06, 0x00, 0x00, 0x00,
    0x00, 0x00, 0x00, 0x0e, 0x00, 0x00, 0x00, 0x00, 0x00, 0x00, 0x3e, 0x00, 0xfc, 0x07, 0x00, 0x00,
    0x00, 0x3c, 0x00, 0xff, 0x1f, 0x00, 0x00, 0x00, 0x30, 0x80, 0xff, 0x3f, 0x00, 0x00, 0x00, 0x00,
    0xc1, 0x1f, 0x7f, 0x00, 0x00, 0x00, 0x80, 0xe1, 0x03, 0xf8, 0x00, 0x00, 0x00, 0xc0, 0xe1, 0x00,
    0xe0, 0x00, 0x00, 0x00, 0xe0, 0xf0, 0x00, 0xe0, 0x01, 0x00, 0x00, 0xf0, 0x70, 0x00, 0xc0, 0x01,
    0x00, 0x00, 0x70, 0x70, 0x00, 0xc0, 0x01, 0x00, 0x00, 0x30, 0x70, 0x00, 0xc0, 0x01, 0x00, 0x00,
    0x70, 0x70, 0x00, 0xc0, 0x01, 0x00, 0x00, 0xe0, 0x70, 0x00, 0xc0, 0x01, 0x00, 0x00, 0xc0, 0xf1,
    0x00, 0xe0, 0x01, 0x00, 0x00, 0xc0, 0xe1, 0x01, 0xf0, 0x00, 0x00, 0x00, 0x80, 0xe1, 0x03, 0xf8,
    0x00, 0x00, 0x00, 0x00, 0xc1, 0xff, 0x7f, 0x00, 0x00, 0x00, 0x00, 0x80, 0xff, 0x3f, 0x00, 0x00,
    0x00, 0x00, 0x00, 0xff, 0x1f, 0x00, 0x00, 0x00, 0x00, 0x00, 0xf8, 0x03, 0x00, 0x00, 0x00, 0x00,
    0x00, 0x00, 0x00, 0x00, 0x00, 0x00, 0x00, 0x00, 0x00, 0x00, 0x00, 0x00, 0x00, 0x00, 0x00, 0x00,
    0x00, 0x00, 0x00, 0x00, 0x00, 0x80, 0x7f, 0x00, 0x00, 0x00, 0x00, 0x00, 0xf0, 0xff, 0x03, 0x00,
    0x00, 0x00, 0x00, 0xfc, 0xff, 0x0f, 0x00, 0x00, 0x00, 0x00, 0xfe, 0xff, 0x1f, 0x00, 0x00, 0x00,
    0x00, 0x3f, 0x00, 0x3f, 0x00, 0x00, 0x00, 0x80, 0x0f, 0x00, 0x7c, 0x00, 0x00, 0x00, 0xc8, 0x03,
    0x00, 0xf0, 0x00, 0x00, 0x00, 0xcc, 0x03, 0x00, 0xf0, 0x00, 0x00, 0x00, 0xee, 0x01, 0x00, 0xe0,
    0x01, 0x00, 0x00, 0xe7, 0x00, 0x00, 0xe0, 0x01, 0x00, 0x80, 0xe3, 0x00, 0x00, 0xc0, 0x01, 0x00,
    0x80, 0xe1, 0x00, 0x00, 0xc0, 0x01, 0x00, 0x80, 0xe1, 0x00, 0x00, 0xc0, 0x01, 0x00, 0x80, 0xe3,
    0x00, 0x00, 0xc0, 0x01, 0x00, 0x80, 0xe7, 0x01, 0x00, 0xe0, 0x01, 0x00, 0x00, 0xcf, 0x01, 0x00,
    0xe0, 0x01, 0x00, 0x00, 0xce, 0x03, 0x00, 0xf0, 0x00, 0x00, 0x0c, 0xcc, 0x07, 0x00, 0xf8, 0x00,
    0x00, 0x8c, 0x89, 0x1f, 0x00, 0x7e, 0x00, 0x00, 0xdc, 0x01, 0xff, 0xff, 0x3f, 0x00, 0x00, 0xf8,
    0x00, 0xfe, 0xff, 0x1f, 0x00, 0x00, 0xf8, 0x00, 0xf8, 0xff, 0x0f, 0x00, 0x00, 0x20, 0x00, 0xe0,
    0xff, 0x01, 0x00, 0x00, 0x00, 0x00, 0x00, 0x00, 0x00, 0x00, 0x00, 0x00, 0x00, 0x00, 0x00, 0x00,
    0x00, 0x00, 0x00, 0x00, 0x00, 0x00, 0x00, 0x00, 0x00, 0x00, 0x00, 0x00, 0xfc, 0x07, 0x00, 0x00,
    0x00, 0x00, 0x00, 0xff, 0x1f, 0x00, 0x00, 0x00, 0x00, 0x80, 0xff, 0x3f, 0x00, 0x00, 0x00, 0x00,
    0xc2, 0x1f, 0x7f, 0x00, 0x00, 0x00, 0x00, 0xe3, 0x03, 0xf8, 0x00, 0x00, 0x00, 0x80, 0xe3, 0x00,
    0xe0, 0x00, 0x00, 0x00, 0xc0, 0xf1, 0x00, 0xe0, 0x01, 0x00, 0x00, 0xe0, 0x70, 0x00, 0xc0, 0x01,
    0x00, 0x00, 0x60, 0x70, 0x00, 0xc0, 0x01, 0x00, 0x00, 0x60, 0x70, 0x00, 0xc0, 0x01, 0x00, 0x00,
    0xe0, 0x70, 0x00, 0xc0, 0x01, 0x00, 0x00, 0xe0, 0x71, 0x00, 0xc0, 0x01, 0x00, 0x00, 0xc0, 0xf3,
    0x00, 0xe0, 0x01, 0x00, 0x00, 0x80, 0xe3, 0x01, 0xf0, 0x00, 0x00, 0x00, 0x03, 0xe3, 0x03, 0xf8,
    0x00, 0x00, 0x00, 0x63, 0xc2, 0xff, 0x7f, 0x00, 0x00, 0x00, 0x77, 0x80, 0xff, 0x3f, 0x00, 0x00,
    0x00, 0x3e, 0x00, 0xff, 0x1f, 0x00, 0x00, 0x00, 0x3e, 0x00, 0xf8, 0x03, 0x00, 0x00, 0x00, 0x08,
    0x00, 0x00, 0x00, 0x00, 0x00, 0x00, 0x00, 0x00, 0x00, 0x00, 0x00, 0x00, 0x00, 0x00, 0x00, 0x00,
    0x00, 0x00, 0x00, 0x00, 0x00, 0x00, 0x00, 0x00, 0x00, 0x00, 0x00, 0x00, 0x80, 0x7f, 0x00, 0x00,
    0x00, 0x00, 0x00, 0xf0, 0xff, 0x03, 0x00, 0x00, 0x00, 0x00, 0xfc, 0xff, 0x0f, 0x00, 0x00, 0x00,
    0x00, 0xfe, 0xff, 0x1f, 0x00, 0x00, 0x00, 0x00, 0x3f, 0x00, 0x3f, 0x00, 0x00, 0x00, 0x80, 0x0f,
    0x00, 0x7c, 0x00, 0x00, 0x00, 0xc8, 0x03, 0x00, 0xf0, 0x00, 0x00, 0x10, 0xcc, 0x03, 0x00, 0xf0,
    0x00, 0x00, 0x38, 0xee, 0x01, 0x00, 0xe0, 0x01, 0x00, 0x18, 0xe7, 0x00, 0x00, 0xe0, 0x01, 0x00,
    0x98, 0xe3, 0x00, 0x00, 0xc0, 0x01, 0x00, 0x98, 0xe1, 0x00, 0x00, 0xc0, 0x01, 0x00, 0x98, 0xe1,
    0x00, 0x00, 0xc0, 0x01, 0x00, 0xb8, 0xe3, 0x00, 0x00, 0xc0, 0x01, 0x00, 0x38, 0xe7, 0x01, 0x00,
    0xe0, 0x01, 0x00, 0x18, 0xce, 0x01, 0x00, 0xe0, 0x01, 0x00, 0x18, 0xcc, 0x03, 0x00, 0xf0, 0x00,
    0x00, 0x00, 0xcc, 0x07, 0x00, 0xf8, 0x00, 0x00, 0x00, 0x88, 0x1f, 0x00, 0x7e, 0x00, 0x00, 0x00,
    0x00, 0xff, 0xff, 0x3f, 0x00, 0x00, 0x00, 0x00, 0xfe, 0xff, 0x1f, 0x00, 0x00, 0x00, 0x00, 0xf8,
    0xff, 0x0f, 0x00, 0x00, 0x00, 0x00, 0xe0, 0xff, 0x01, 0x00, 0x00, 0x00, 0x00, 0x00, 0x00, 0x00,
    0x00, 0x00, 0x00, 0x00, 0x00, 0x00, 0x00, 0x00, 0x00, 0x00, 0x00, 0x00, 0x00, 0x00, 0x00, 0x00,
    0x00, 0x00, 0x00, 0xfc, 0x07, 0x00, 0x00, 0x00, 0x00, 0x00, 0xff, 0x1f, 0x00, 0x00, 0x00, 0x00,
    0x80, 0xff, 0x3f, 0x00, 0x00, 0x00, 0x00, 0xc2, 0x1f, 0x7f, 0x00, 0x00, 0x00, 0x04, 0xe3, 0x03,
    0xf8, 0x00, 0x00, 0x00, 0x8e, 0xe3, 0x00, 0xe0, 0x00, 0x00, 0x00, 0xc6, 0xf1, 0x00, 0xe0, 0x01,
    0x00, 0x00, 0xe6, 0x70, 0x00, 0xc0, 0x01, 0x00, 0x00, 0x66, 0x70, 0x00, 0xc0, 0x01, 0x00, 0x00,
    0x66, 0x70, 0x00, 0xc0, 0x01, 0x00, 0x00, 0xee, 0x70, 0x00, 0xc0, 0x01, 0x00, 0x00, 0xce, 0x71,
    0x00, 0xc0, 0x01, 0x00, 0x00, 0x86, 0xf3, 0x00, 0xe0, 0x01, 0x00, 0x00, 0x06, 0xe3, 0x01, 0xf0,
    0x00, 0x00, 0x00, 0x00, 0xe3, 0x03, 0xf8, 0x00, 0x00, 0x00, 0x00, 0xc2, 0xff, 0x7f, 0x00, 0x00,
    0x00, 0x00, 0x80, 0xff, 0x3f, 0x00, 0x00, 0x00, 0x00, 0x00, 0xff, 0x1f, 0x00, 0x00, 0x00, 0x00,
    0x00, 0xf8, 0x03, 0x00, 0x00, 0x00, 0x00, 0x00, 0x00, 0x00, 0x00, 0x00, 0x00, 0x00, 0x00, 0x00,
    0x00, 0x00, 0x00, 0x00, 0x00, 0x00, 0x00, 0x00, 0x00, 0x00, 0x00, 0x00, 0x80, 0x7f, 0x00, 0x00,
    0x00, 0x00, 0x00, 0xf0, 0xff, 0x03, 0x00, 0x00, 0x00, 0x00, 0xfc, 0xff, 0x0f, 0x00, 0x00, 0x00,
    0x00, 0xfe, 0xff, 0x1f, 0x00, 0x00, 0x00, 0x00, 0x3f, 0x00, 0x3f, 0x00, 0x00, 0x00, 0x80, 0x0f,
    0x00, 0x7c, 0x00, 0x00, 0x00, 0xc0, 0x03, 0x00, 0xf0, 0x00, 0x00, 0x00, 0xc6, 0x03, 0x00, 0xf0,
    0x00, 0x00, 0x00, 0xe7, 0x01, 0x00, 0xe0, 0x01, 0x00, 0x80, 0xe7, 0x00, 0x00, 0xe0, 0x31, 0x00,
    0xc0, 0xe3, 0x00, 0x00, 0xc0, 0x79, 0x00, 0xe0, 0xe0, 0x00, 0x00, 0xc0, 0x79, 0x00, 0xe0, 0xe0,
    0x00, 0x00, 0xc0, 0x79, 0x00, 0xe0, 0xe1, 0x00, 0x00, 0xc0, 0x01, 0x00, 0xc0, 0xe3, 0x01, 0x00,
    0xe0, 0x01, 0x00, 0x00, 0xc7, 0x01, 0x00, 0xe0, 0x01, 0x00, 0x00, 0xc6, 0x03, 0x00, 0xf0, 0x00,
    0x00, 0x00, 0xc4, 0x07, 0x00, 0xf8, 0x00, 0x00, 0x00, 0x80, 0x1f, 0x00, 0x7e, 0x00, 0x00, 0x00,
    0x00, 0xff, 0xff, 0x3f, 0x00, 0x00, 0x00, 0x00, 0xfe, 0xff, 0x1f, 0x00, 0x00, 0x00, 0x00, 0xf8,
    0xff, 0x0f, 0x00, 0x00, 0x00, 0x00, 0xe0, 0xff, 0x01, 0x00, 0x00, 0x00, 0x00, 0x00, 0x00, 0x00,
    0x00, 0x00, 0x00, 0x00, 0x00, 0x00, 0x00, 0x00, 0x00, 0x00, 0x00, 0x00, 0x00, 0x00, 0x00, 0x00,
    0x00, 0x00, 0x00, 0xfc, 0x07, 0x00, 0x00, 0x00, 0x00, 0x00, 0xff, 0x1f, 0x00, 0x00, 0x00, 0x00,
    0x80, 0xff, 0x3f, 0x00, 0x00, 0x00, 0x00, 0xc0, 0x1f, 0x7f, 0x00, 0x00, 0x00, 0x80, 0xe1, 0x03,
    0xf8, 0x00, 0x00, 0x00, 0xc0, 0xe1, 0x00, 0xe0, 0x00, 0x00, 0x00, 0xe0, 0xf1, 0x00, 0xe0, 0x01,
    0x00, 0x00, 0xf0, 0x70, 0x00, 0xc0, 0x31, 0x00, 0x00, 0x38, 0x70, 0x00, 0xc0, 0x79, 0x00, 0x00,
    0x38, 0x70, 0x00, 0xc0, 0x79, 0x00, 0x00, 0x78, 0x70, 0x00, 0xc0, 0x79, 0x00, 0x00, 0xf0, 0x70,
    0x00, 0xc0, 0x01, 0x00, 0x00, 0xc0, 0xf1, 0x00, 0xe0, 0x01, 0x00, 0x00, 0x80, 0xe1, 0x01, 0xf0,
    0x00, 0x00, 0x00, 0x00, 0xe1, 0x03, 0xf8, 0x00, 0x00, 0x00, 0x00, 0xc0, 0xff, 0x7f, 0x00, 0x00,
    0x00, 0x00, 0x80, 0xff, 0x3f, 0x00, 0x00, 0x00, 0x00, 0x00, 0xff, 0x1f, 0x00, 0x00, 0x00, 0x00,
    0x00, 0xf8, 0x03, 0x00, 0x00, 0x00, 0x00, 0x00, 0x00, 0x00, 0x00, 0x00, 0x00, 0x00, 0x00, 0x00,
    0x00, 0x00, 0x00, 0x00, 0x00, 0x00, 0x00, 0x00, 0x00, 0x00, 0x00, 0x00, 0xc0, 0xff, 0x00, 0x00,
    0x00, 0x00, 0x00, 0xf8, 0xff, 0x07, 0x00, 0x00, 0x00, 0x00, 0xfe, 0xff, 0x1f, 0x00, 0x00, 0x00,
    0x00, 0xff, 0xff, 0x3f, 0x00, 0x00, 0x00, 0x80, 0x1f, 0x00, 0x7e, 0x00, 0x00, 0x00, 0x80, 0x07,
    0x00, 0x78, 0x00, 0x00, 0x00, 0xc0, 0x03, 0x00, 0xf0, 0x00, 0x00, 0x00, 0xc0, 0x01, 0x00, 0xe0,
    0x00, 0x00, 0x00, 0xe0, 0x01, 0x00, 0xe0, 0x01, 0x00, 0x00, 0xe0, 0x00, 0x00, 0xc0, 0x01, 0x00,
    0x00, 0xec, 0x00, 0x00, 0xc0, 0x01, 0x00, 0x00, 0xee, 0x00, 0x00, 0xc0, 0x01, 0x00, 0x80, 0xef,
    0x00, 0x00, 0xc0, 0x01, 0x00, 0xc0, 0xe7, 0x00, 0x00, 0xc0, 0x01, 0x00, 0xc0, 0xe3, 0x01, 0x00,
    0xe0, 0x01, 0x00, 0xc0, 0xc0, 0x01, 0x00, 0xe0, 0x00, 0x00, 0x40, 0xc0, 0x03, 0x00, 0xf0, 0x00,
    0x00, 0x00, 0x80, 0x07, 0x00, 0x78, 0x00, 0x00, 0x00, 0x80, 0x3f, 0x00, 0x7e, 0x00, 0x00, 0x00,
    0x00, 0xff, 0xff, 0x3f, 0x00, 0x00, 0x00, 0x00, 0xff, 0xff, 0x1f, 0x00, 0x00, 0x00, 0x80, 0xfb,
    0xff, 0x07, 0x00, 0x00, 0x00, 0xe0, 0xc3, 0xff, 0x00, 0x00, 0x00, 0x00, 0xf8, 0x01, 0x00, 0x00,
    0x00, 0x00, 0x00, 0xf8, 0x00, 0x00, 0x00, 0x00, 0x00, 0x00, 0x38, 0x00, 0x00, 0x00, 0x00, 0x00,
    0x00, 0x00, 0x00, 0x00, 0x00, 0x00, 0x00, 0x00, 0x00, 0x00, 0x00, 0x00, 0x00, 0x00, 0x00, 0x00,
    0x00, 0x00, 0x00, 0x00, 0x00, 0x00, 0x00, 0x00, 0xfc, 0x07, 0x00, 0x00, 0x00, 0x00, 0x00, 0xff,
    0x1f, 0x00, 0x00, 0x00, 0x00, 0x80, 0xff, 0x3f, 0x00, 0x00, 0x00, 0x00, 0xc0, 0x1f, 0x7f, 0x00,
    0x00, 0x00, 0x00, 0xe0, 0x03, 0xf8, 0x00, 0x00, 0x00, 0x00, 0xe0, 0x00, 0xe0, 0x00, 0x00, 0x00,
    0x00, 0xf0, 0x00, 0xe0, 0x01, 0x00, 0x00, 0x00, 0x70, 0x00, 0xc0, 0x01, 0x00, 0x00, 0x80, 0x71,
    0x00, 0xc0, 0x01, 0x00, 0x00, 0xc0, 0x71, 0x00, 0xc0, 0x01, 0x00, 0x00, 0xf0, 0x71, 0x00, 0xc0,
    0x01, 0x00, 0x00, 0xf8, 0x70, 0x00, 0xc0, 0x01, 0x00, 0x00, 0x78, 0xf0, 0x00, 0xe0, 0x01, 0x00,
    0x00, 0x18, 0xe0, 0x01, 0xf0, 0x00, 0x00, 0x00, 0x08, 0xe0, 0x03, 0xf8, 0x00, 0x00, 0x00, 0x00,
    0xc0, 0xff, 0x7f, 0x00, 0x00, 0x00, 0x00, 0x80, 0xff, 0x3f, 0x00, 0x00, 0x00, 0x00, 0xc0, 0xff,
    0x1f, 0x00, 0x00, 0x00, 0x00, 0xf0, 0xf8, 0x03, 0x00, 0x00, 0x00, 0x00, 0xfc, 0x00, 0x00, 0x00,
    0x00, 0x00, 0x00, 0x7c, 0x00, 0x00, 0x00, 0x00, 0x00, 0x00, 0x0c, 0x00, 0x00, 0x00, 0x00, 0x00,
    0x00, 0x00, 0x00, 0x00, 0x00, 0x00, 0x00, 0x00, 0x00, 0x00, 0x00, 0x00, 0x00, 0x00, 0x00, 0x00,
    0x00, 0x00, 0x00, 0x00, 0x00, 0x00, 0xc0, 0xff, 0x00, 0x00, 0x00, 0x00, 0x00, 0xf8, 0xff, 0x07,
    0x00, 0x00, 0x00, 0x00, 0xfe, 0xff, 0x1f, 0x00, 0x00, 0x00, 0x00, 0xff, 0xff, 0x3f, 0x00, 0x00,
    0x00, 0x80, 0x1f, 0x00, 0x7e, 0x00, 0x00, 0x00, 0x80, 0x07, 0x00, 0x78, 0x00, 0x00, 0x00, 0xc0,
    0x03, 0x00, 0xf0, 0x00, 0x00, 0xc0, 0xc0, 0x01, 0x00, 0xe0, 0x00, 0x00, 0xc0, 0xe1, 0x01, 0x00,
    0xe0, 0x01, 0x00, 0xc0, 0xe3, 0x00, 0x00, 0xc0, 0x01, 0x00, 0xc0, 0xe7, 0x00, 0x00, 0xc0, 0x01,
    0x00, 0x00, 0xef, 0x00, 0x00, 0xc0, 0x01, 0x00, 0x00, 0xee, 0x00, 0x00, 0xc0, 0x01, 0x00, 0x00,
    0xe8, 0x00, 0x00, 0xc0, 0x01, 0x00, 0x00, 0xe0, 0x01, 0x00, 0xe0, 0x01, 0x00, 0x00, 0xc0, 0x01,
    0x00, 0xe0, 0x00, 0x00, 0x00, 0xc0, 0x03, 0x00, 0xf0, 0x00, 0x00, 0x00, 0x80, 0x07, 0x00, 0x78,
    0x00, 0x00, 0x00, 0x80, 0x3f, 0x00, 0x7e, 0x00, 0x00, 0x00, 0x00, 0xff, 0xff, 0x3f, 0x00, 0x00,
    0x00, 0x00, 0xff, 0xff, 0x1f, 0x00, 0x00, 0x00, 0x80, 0xfb, 0xff, 0x07, 0x00, 0x00, 0x00, 0xe0,
    0xc3, 0xff, 0x00, 0x00, 0x00, 0x00, 0xf8, 0x01, 0x00, 0x00, 0x00, 0x00, 0x00, 0xf8, 0x00, 0x00,
    0x00, 0x00, 0x00, 0x00, 0x38, 0x00, 0x00, 0x00, 0x00, 0x00, 0x00, 0x00, 0x00, 0x00, 0x00, 0x00,
    0x00, 0x00, 0x00, 0x00, 0x00, 0x00, 0x00, 0x00, 0x00, 0x00, 0x00, 0x00, 0x00, 0x00, 0x00, 0x00,
    0x00, 0x00, 0xfc, 0x07, 0x00, 0x00, 0x00, 0x00, 0x00, 0xff, 0x1f, 0x00, 0x00, 0x00, 0x00, 0x80,
    0xff, 0x3f, 0x00, 0x00, 0x00, 0x00, 0xc0, 0x1f, 0x7f, 0x00, 0x00, 0x00, 0x18, 0xe0, 0x03, 0xf8,
    0x00, 0x00, 0x00, 0x38, 0xe0, 0x00, 0xe0, 0x00, 0x00, 0x00, 0x78, 0xf0, 0x00, 0xe0, 0x01, 0x00,
    0x00, 0xf8, 0x70, 0x00, 0xc0, 0x01, 0x00, 0x00, 0xe0, 0x71, 0x00, 0xc0, 0x01, 0x00, 0x00, 0xc0,
    0x71, 0x00, 0xc0, 0x01, 0x00, 0x00, 0x00, 0x71, 0x00, 0xc0, 0x01, 0x00, 0x00, 0x00, 0x70, 0x00,
    0xc0, 0x01, 0x00, 0x00, 0x00, 0xf0, 0x00, 0xe0, 0x01, 0x00, 0x00, 0x00, 0xe0, 0x01, 0xf0, 0x00,
    0x00, 0x00, 0x00, 0xe0, 0x03, 0xf8, 0x00, 0x00, 0x00, 0x00, 0xc0, 0xff, 0x7f, 0x00, 0x00, 0x00,
    0x00, 0x80, 0xff, 0x3f, 0x00, 0x00, 0x00, 0x00, 0xc0, 0xff, 0x1f, 0x00, 0x00, 0x00, 0x00, 0xf0,
    0xf8, 0x03, 0x00, 0x00, 0x00, 0x00, 0xfc, 0x00, 0x00, 0x00, 0x00, 0x00, 0x00, 0x7c, 0x00, 0x00,
    0x00, 0x00, 0x00, 0x00, 0x0c, 0x00, 0x00, 0x00, 0x00, 0x00, 0x00, 0x00, 0x00, 0x00, 0x00, 0x00,
    0x00, 0x00, 0x00, 0x00, 0x00, 0x00, 0x00, 0x00, 0x00, 0x00, 0x00, 0x00, 0x00, 0x00, 0x00, 0x00,
    0xc0, 0xff, 0x00, 0x00, 0x00, 0x00, 0x00, 0xf8, 0xff, 0x07, 0x00, 0x00, 0x00, 0x00, 0xfe, 0xff,
    0x1f, 0x00, 0x00, 0x00, 0x00, 0xff, 0xff, 0x3f, 0x00, 0x00, 0x00, 0x80, 0x1f, 0x00, 0x7e, 0x00,
    0x00, 0x00, 0x80, 0x07, 0x00, 0x78, 0x00, 0x00, 0x00, 0xc0, 0x03, 0x00, 0xf0, 0x00, 0x00, 0x00,
    0xc0, 0x01, 0x00, 0xe0, 0x00, 0x00, 0x00, 0xe0, 0x01, 0x00, 0xe0, 0x01, 0x00, 0x00, 0xe0, 0x00,
    0x00, 0xc0, 0x01, 0x00, 0x18, 0xe7, 0x00, 0x00, 0xc0, 0x01, 0x00, 0x18, 0xe7, 0x00, 0x00, 0xc0,
    0x01, 0x00, 0x38, 0xe7, 0x00, 0x00, 0xc0, 0x01, 0x00, 0xf0, 0xe1, 0x00, 0x00, 0xc0, 0x01, 0x00,
    0xf0, 0xe1, 0x01, 0x00, 0xe0, 0x01, 0x00, 0xe0, 0xc0, 0x01, 0x00, 0xe0, 0x00, 0x00, 0x00, 0xc0,
    0x03, 0x00, 0xf0, 0x00, 0x00, 0x00, 0x80, 0x07, 0x00, 0x78, 0x00, 0x00, 0x00, 0x80, 0x3f, 0x00,
    0x7e, 0x00, 0x00, 0x00, 0x00, 0xff, 0xff, 0x3f, 0x00, 0x00, 0x00, 0x00, 0xff, 0xff, 0x1f, 0x00,
    0x00, 0x00, 0x80, 0xfb, 0xff, 0x07, 0x00, 0x00, 0x00, 0xe0, 0xc3, 0xff, 0x00, 0x00, 0x00, 0x00,
    0xf8, 0x01, 0x00, 0x00, 0x00, 0x00, 0x00, 0xf8, 0x00, 0x00, 0x00, 0x00, 0x00, 0x00, 0x38, 0x00,
    0x00, 0x00, 0x00, 0x00, 0x00, 0x00, 0x00, 0x00, 0x00, 0x00, 0x00, 0x00, 0x00, 0x00, 0x00, 0x00,
    0x00, 0x00, 0x00, 0x00, 0x00, 0x00, 0x00, 0x00, 0x00, 0x00, 0x00, 0x00, 0xfc, 0x07, 0x00, 0x00,
    0x00, 0x00, 0x00, 0xff, 0x1f, 0x00, 0x00, 0x00, 0x00, 0x80, 0xff, 0x3f, 0x00, 0x00, 0x00, 0x00,
    0xc0, 0x1f, 0x7f, 0x00, 0x00, 0x00, 0x00, 0xe0, 0x03, 0xf8, 0x00, 0x00, 0x00, 0x00, 0xe0, 0x00,
    0xe0, 0x00, 0x00, 0x00, 0x00, 0xf0, 0x00, 0xe0, 0x01, 0x00, 0x00, 0x00, 0x70, 0x00, 0xc0, 0x01,
    0x00, 0x00, 0xc6, 0x71, 0x00, 0xc0, 0x01, 0x00, 0x00, 0xc6, 0x71, 0x00, 0xc0, 0x01, 0x00, 0x00,
    0xce, 0x71, 0x00, 0xc0, 0x01, 0x00, 0x00, 0x7c, 0x70, 0x00, 0xc0, 0x01, 0x00, 0x00, 0x7c, 0xf0,
    0x00, 0xe0, 0x01, 0x00, 0x00, 0x38, 0xe0, 0x01, 0xf0, 0x00, 0x00, 0x00, 0x00, 0xe0, 0x03, 0xf8,
    0x00, 0x00, 0x00, 0x00, 0xc0, 0xff, 0x7f, 0x00, 0x00, 0x00, 0x00, 0x80, 0xff, 0x3f, 0x00, 0x00,
    0x00, 0x00, 0xc0, 0xff, 0x1f, 0x00, 0x00, 0x00, 0x00, 0xf0, 0xf8, 0x03, 0x00, 0x00, 0x00, 0x00,
    0xfc, 0x00, 0x00, 0x00, 0x00, 0x00, 0x00, 0x7c, 0x00, 0x00, 0x00, 0x00, 0x00, 0x00, 0x0c, 0x00,
    0x00, 0x00, 0x00, 0x00, 0x00, 0x00, 0x00, 0x00, 0x00, 0x00, 0x00, 0x00, 0x00, 0x00, 0x00, 0x00,
    0x00, 0x00, 0x00, 0x00, 0x00, 0x00, 0x00, 0x00, 0x00, 0x00, 0xc0, 0xff, 0x00, 0x00, 0x00, 0x00,
    0x00, 0xf8, 0xff, 0x07, 0x00, 0x00, 0x00, 0x00, 0xfe, 0xff, 0x1f, 0x00, 0x00, 0x00, 0x00, 0xff,
    0xff, 0x3f, 0x00, 0x00, 0x00, 0x84, 0x1f, 0x00, 0x7e, 0x00, 0x00, 0x00, 0x87, 0x07, 0x00, 0x78,
    0x00, 0x00, 0x80, 0xc7, 0x03, 0x00, 0xf0, 0x00, 0x00, 0xc0, 0xc1, 0x01, 0x00, 0xe0, 0x00, 0x00,
    0xc0, 0xe1, 0x01, 0x00, 0xe0, 0x01, 0x00, 0xc0, 0xe1, 0x00, 0x00, 0xc0, 0x01, 0x00, 0x80, 0xe1,
    0x00, 0x00, 0xc0, 0x01, 0x00, 0x80, 0xe3, 0x00, 0x00, 0xc0, 0x01, 0x00, 0x00, 0xe7, 0x00, 0x00,
    0xc0, 0x01, 0x00, 0x00, 0xe7, 0x00, 0x00, 0xc0, 0x01, 0x00, 0x00, 0xe7, 0x01, 0x00, 0xe0, 0x01,
    0x00, 0x80, 0xc7, 0x01, 0x00, 0xe0, 0x00, 0x00, 0xc0, 0xc3, 0x03, 0x00, 0xf0, 0x00, 0x00, 0xc0,
    0x81, 0x07, 0x00, 0x78, 0x00, 0x00, 0x00, 0x80, 0x3f, 0x00, 0x7e, 0x00, 0x00, 0x00, 0x00, 0xff,
    0xff, 0x3f, 0x00, 0x00, 0x00, 0x00, 0xff, 0xff, 0x1f, 0x00, 0x00, 0x00, 0x80, 0xfb, 0xff, 0x07,
    0x00, 0x00, 0x00, 0xe0, 0xc3, 0xff, 0x00, 0x00, 0x00, 0x00, 0xf8, 0x01, 0x00, 0x00, 0x00, 0x00,
    0x00, 0xf8, 0x00, 0x00, 0x00, 0x00, 0x00, 0x00, 0x38, 0x00, 0x00, 0x00, 0x00, 0x00, 0x00, 0x00,
    0x00, 0x00, 0x00, 0x00, 0x00, 0x00, 0x00, 0x00, 0x00, 0x00, 0x00, 0x00, 0x00, 0x00, 0x00, 0x00,
    0x00, 0x00, 0x00, 0x00, 0x00, 0x00, 0xfc, 0x07, 0x00, 0x00, 0x00, 0x00, 0x00, 0xff, 0x1f, 0x00,
    0x00, 0x00, 0x00, 0x81, 0xff, 0x3f, 0x00, 0x00, 0x00, 0xc0, 0xc1, 0x1f, 0x7f, 0x00, 0x00, 0x00,
    0xe0, 0xe1, 0x03, 0xf8, 0x00, 0x00, 0x00, 0x70, 0xe0, 0x00, 0xe0, 0x00, 0x00, 0x00, 0x70, 0xf0,
    0x00, 0xe0, 0x01, 0x00, 0x00, 0x70, 0x70, 0x00, 0xc0, 0x01, 0x00, 0x00, 0x60, 0x70, 0x00, 0xc0,
    0x01, 0x00, 0x00, 0xe0, 0x70, 0x00, 0xc0, 0x01, 0x00, 0x00, 0xc0, 0x71, 0x00, 0xc0, 0x01, 0x00,
    0x00, 0xc0, 0x71, 0x00, 0xc0, 0x01, 0x00, 0x00, 0xc0, 0xf1, 0x00, 0xe0, 0x01, 0x00, 0x00, 0xe0,
    0xe1, 0x01, 0xf0, 0x00, 0x00, 0x00, 0xf0, 0xe0, 0x03, 0xf8, 0x00, 0x00, 0x00, 0x70, 0xc0, 0xff,
    0x7f, 0x00, 0x00, 0x00, 0x00, 0x80, 0xff, 0x3f, 0x00, 0x00, 0x00, 0x00, 0xc0, 0xff, 0x1f, 0x00,
    0x00, 0x00, 0x00, 0xf0, 0xf8, 0x03, 0x00, 0x00, 0x00, 0x00, 0xfc, 0x00, 0x00, 0x00, 0x00, 0x00,
    0x00, 0x7c, 0x00, 0x00, 0x00, 0x00, 0x00, 0x00, 0x0c, 0x00, 0x00, 0x00, 0x00, 0x00, 0x00, 0x00,
    0x00, 0x00, 0x00, 0x00, 0x00, 0x00, 0x00, 0x00, 0x00, 0x00, 0x00, 0x00, 0x00, 0x00, 0x00, 0x00,
    0x00, 0x00, 0x00, 0x00, 0xc0, 0xff, 0x00, 0x00, 0x00, 0x00, 0x00, 0xf8, 0xff, 0x07, 0x00, 0x00,
    0x00, 0x00, 0xfe, 0xff, 0x1f, 0x00, 0x00, 0x00, 0x00, 0xff, 0xff, 0x3f, 0x00, 0x00, 0x00, 0x80,
    0x1f, 0x00, 0x7e, 0x00, 0x00, 0x00, 0x80, 0x07, 0x00, 0x78, 0x00, 0x00, 0x00, 0xc0, 0x03, 0x00,
    0xf0, 0x00, 0x00, 0x00, 0xc0, 0x01, 0x00, 0xe0, 0x00, 0x00, 0x00, 0xe0, 0x01, 0x00, 0xe0, 0x01,
    0x00, 0x00, 0xe0, 0x00, 0x00, 0xc0, 0x31, 0x00, 0x00, 0xe0, 0x00, 0x00, 0xc0, 0x79, 0x00, 0x00,
    0xe0, 0x00, 0x00, 0xc0, 0x79, 0x00, 0x00, 0xe0, 0x00, 0x00, 0xc0, 0x79, 0x00, 0x00, 0xe0, 0x00,
    0x00, 0xc0, 0x01, 0x00, 0x00, 0xe0, 0x01, 0x00, 0xe0, 0x01, 0x00, 0x00, 0xc0, 0x01, 0x00, 0xe0,
    0x00, 0x00, 0x00, 0xc0, 0x03, 0x00, 0xf0, 0x00, 0x00, 0x00, 0x80, 0x07, 0x00, 0x78, 0x00, 0x00,
    0x00, 0x80, 0x3f, 0x00, 0x7e, 0x00, 0x00, 0x00, 0x00, 0xff, 0xff, 0x3f, 0x00, 0x00, 0x00, 0x00,
    0xff, 0xff, 0x1f, 0x00, 0x00, 0x00, 0x80, 0xfb, 0xff, 0x07, 0x00, 0x00, 0x00, 0xe0, 0xc3, 0xff,
    0x00, 0x00, 0x00, 0x00, 0xf8, 0x01, 0x00, 0x00, 0x00, 0x00, 0x00, 0xf8, 0x00, 0x00, 0x00, 0x00,
    0x00, 0x00, 0x38, 0x00, 0x00, 0x00, 0x00, 0x00, 0x00, 0x00, 0x00, 0x00, 0x00, 0x00, 0x00, 0x00,
    0x00, 0x00, 0x00, 0x00, 0x00, 0x00, 0x00, 0x00, 0x00, 0x00, 0x00, 0x00, 0x00, 0x00, 0x00, 0x00,
    0xfc, 0x07, 0x00, 0x00, 0x00, 0x00, 0x00, 0xff, 0x1f, 0x00, 0x00, 0x00, 0x00, 0x80, 0xff, 0x3f,
    0x00, 0x00, 0x00, 0x00, 0xc0, 0x1f, 0x7f, 0x00, 0x00, 0x00, 0x00, 0xe0, 0x03, 0xf8, 0x00, 0x00,
    0x00, 0x00, 0xe0, 0x00, 0xe0, 0x00, 0x00, 0x00, 0x00, 0xf0, 0x00, 0xe0, 0x01, 0x00, 0x00, 0x00,
    0x70, 0x00, 0xc0, 0x61, 0x00, 0x00, 0x00, 0x70, 0x00, 0xc0, 0xf1, 0x00, 0x00, 0x00, 0x70, 0x00,
    0xc0, 0xf1, 0x00, 0x00, 0x00, 0x70, 0x00, 0xc0, 0xf1, 0x00, 0x00, 0x00, 0x70, 0x00, 0xc0, 0x01,
    0x00, 0x00, 0x00, 0xf0, 0x00, 0xe0, 0x01, 0x00, 0x00, 0x00, 0xe0, 0x01, 0xf0, 0x00, 0x00, 0x00,
    0x00, 0xe0, 0x03, 0xf8, 0x00, 0x00, 0x00, 0x00, 0xc0, 0xff, 0x7f, 0x00, 0x00, 0x00, 0x00, 0x80,
    0xff, 0x3f, 0x00, 0x00, 0x00, 0x00, 0xc0, 0xff, 0x1f, 0x00, 0x00, 0x00, 0x00, 0xf0, 0xf8, 0x03,
    0x00, 0x00, 0x00, 0x00, 0xfc, 0x00, 0x00, 0x00, 0x00, 0x00, 0x00, 0x7c, 0x00, 0x00, 0x00, 0x00,
    0x00, 0x00, 0x0c, 0x00, 0x00, 0x00, 0x00, 0x00, 0x00, 0x00, 0x00, 0x00, 0x00, 0x00, 0x00, 0x00,
    0x00, 0x00, 0x00, 0x00, 0x00, 0x00, 0x00, 0x00, 0x00, 0x00, 0x00, 0x00, 0x00, 0x00, 0x00, 0x00,
    0x00, 0x00, 0x00, 0x00, 0xe0, 0xff, 0xff, 0x0f, 0x00, 0x00, 0x00, 0xe0, 0xff, 0xff, 0x1f, 0x00,
    0x00, 0x00, 0xe0, 0xff, 0xff, 0x7f, 0x00, 0x00, 0x00, 0x00, 0x00, 0x00, 0x7f, 0x00, 0x00, 0x00,
    0x00, 0x00, 0x00, 0xf0, 0x00, 0x00, 0x00, 0x00, 0x00, 0x00, 0xe0, 0x00, 0x00, 0x00, 0x00, 0x00,
    0x00, 0xe0, 0x01, 0x00, 0x00, 0x00, 0x00, 0x00, 0xc0, 0x01, 0x00, 0x00, 0x00, 0x00, 0x00, 0xc0,
    0x31, 0x00, 0x00, 0x00, 0x00, 0x00, 0xc0, 0x79, 0x00, 0x00, 0x00, 0x00, 0x00, 0xc0, 0x79, 0x00,
    0x00, 0x00, 0x00, 0x00, 0xc0, 0x79, 0x00, 0x00, 0x00, 0x00, 0x00, 0xc0, 0x01, 0x00, 0x00, 0x00,
    0x00, 0x00, 0xe0, 0x01, 0x00, 0x00, 0x00, 0x00, 0x00, 0xe0, 0x00, 0x00, 0x00, 0x00, 0x00, 0x00,
    0xf0, 0x00, 0x00, 0x00, 0x00, 0x00, 0x00, 0x7e, 0x00, 0x00, 0x00, 0xe0, 0xff, 0xff, 0x3f, 0x00,
    0x00, 0x00, 0xe0, 0xff, 0xff, 0x1f, 0x00, 0x00, 0x00, 0xe0, 0xff, 0xff, 0x0f, 0x00, 0x00, 0x00,
    0x00, 0x00, 0x00, 0x00, 0x00, 0x00, 0x00, 0x00, 0x00, 0x00, 0x00, 0x00, 0x00, 0x00, 0x00, 0x00,
    0x00, 0x00, 0x00, 0x00, 0x00, 0x00, 0x00, 0x00, 0x00, 0x00, 0x00, 0x00, 0x00, 0xf0, 0xff, 0x3f,
    0x00, 0x00, 0x00, 0x00, 0xf0, 0xff, 0x7f, 0x00, 0x00, 0x00, 0x00, 0xf0, 0xff, 0xff, 0x00, 0x00,
    0x00, 0x00, 0x00, 0x00, 0xf8, 0x00, 0x00, 0x00, 0x00, 0x00, 0x00, 0xe0, 0x01, 0x00, 0x00, 0x00,
    0x00, 0x00, 0xc0, 0x31, 0x00, 0x00, 0x00, 0x00, 0x00, 0xc0, 0x79, 0x00, 0x00, 0x00, 0x00, 0x00,
    0xc0, 0x79, 0x00, 0x00, 0x00, 0x00, 0x00, 0xc0, 0x79, 0x00, 0x00, 0x00, 0x00, 0x00, 0xc0, 0x01,
    0x00, 0x00, 0x00, 0x00, 0x00, 0xe0, 0x00, 0x00, 0x00, 0x00, 0x00, 0x00, 0xe0, 0x00, 0x00, 0x00,
    0x00, 0x00, 0x00, 0x78, 0x00, 0x00, 0x00, 0x00, 0xf0, 0xff, 0xff, 0x01, 0x00, 0x00, 0x00, 0xf0,
    0xff, 0xff, 0x01, 0x00, 0x00, 0x00, 0xf0, 0xff, 0xff, 0x01, 0x00, 0x00, 0x00, 0x00, 0x00, 0x00,
    0x00, 0x00, 0x00, 0x00, 0x00, 0x00, 0x00, 0x00, 0x00, 0x00, 0x00, 0x00, 0x00, 0x00, 0x00, 0x00,
    0x00, 0x00, 0x00, 0x00, 0x00, 0x00, 0x00, 0x00, 0xe0, 0xff, 0xff, 0x0f, 0x00, 0x00, 0x00, 0xe0,
    0xff, 0xff, 0x1f, 0x00, 0x00, 0x00, 0xe0, 0xff, 0xff, 0x7f, 0x00, 0x00, 0x00, 0x00, 0x00, 0x00,
    0x7f, 0x00, 0x00, 0x00, 0x00, 0x00, 0x00, 0xf0, 0x00, 0x00, 0x00, 0x00, 0x00, 0x00, 0xe0, 0x00,
    0x00, 0x00, 0x00, 0x00, 0x00, 0xe0, 0x01, 0x00, 0x00, 0x00, 0x00, 0x00, 0xc0, 0x01, 0x00, 0x00,
    0x00, 0x00, 0x00, 0xc0, 0x01, 0x00, 0x18, 0x07, 0x00, 0x00, 0xc0, 0x01, 0x00, 0x18, 0x07, 0x00,
    0x00, 0xc0, 0x01, 0x00, 0x38, 0x07, 0x00, 0x00, 0xc0, 0x01, 0x00, 0xf0, 0x01, 0x00, 0x00, 0xc0,
    0x01, 0x00, 0xf0, 0x01, 0x00, 0x00, 0xe0, 0x01, 0x00, 0xe0, 0x00, 0x00, 0x00, 0xe0, 0x00, 0x00,
    0x00, 0x00, 0x00, 0x00, 0xf0, 0x00, 0x00, 0x00, 0x00, 0x00, 0x00, 0x7e, 0x00, 0x00, 0x00, 0xe0,
    0xff, 0xff, 0x3f, 0x00, 0x00, 0x00, 0xe0, 0xff, 0xff, 0x1f, 0x00, 0x00, 0x00, 0xe0, 0xff, 0xff,
    0x0f, 0x00, 0x00, 0x00, 0x00, 0x00, 0x00, 0x00, 0x00, 0x00, 0x00, 0x00, 0x00, 0x00, 0x00, 0x00,
    0x00, 0x00, 0x00, 0x00, 0x00, 0x00, 0x00, 0x00, 0x00, 0x00, 0x00, 0x00, 0x00, 0x00, 0x00, 0x00,
    0x00, 0xf0, 0xff, 0x3f, 0x00, 0x00, 0x00, 0x00, 0xf0, 0xff, 0x7f, 0x00, 0x00, 0x00, 0x00, 0xf0,
    0xff, 0xff, 0x00, 0x00, 0x00, 0x00, 0x00, 0x00, 0xf8, 0x00, 0x00, 0x00, 0x00, 0x00, 0x00, 0xe0,
    0x01, 0x00, 0x00, 0x00, 0x00, 0x00, 0xc0, 0x01, 0x00, 0x00, 0x00, 0x00, 0x00, 0xc0, 0x01, 0x00,
    0x00, 0xc6, 0x01, 0x00, 0xc0, 0x01, 0x00, 0x00, 0xc6, 0x01, 0x00, 0xc0, 0x01, 0x00, 0x00, 0xce,
    0x01, 0x00, 0xc0, 0x01, 0x00, 0x00, 0x7c, 0x00, 0x00, 0xe0, 0x00, 0x00, 0x00, 0x7c, 0x00, 0x00,
    0xe0, 0x00, 0x00, 0x00, 0x38, 0x00, 0x00, 0x78, 0x00, 0x00, 0x00, 0x00, 0xf0, 0xff, 0xff, 0x01,
    0x00, 0x00, 0x00, 0xf0, 0xff, 0xff, 0x01, 0x00, 0x00, 0x00, 0xf0, 0xff, 0xff, 0x01, 0x00, 0x00,
    0x00, 0x00, 0x00, 0x00, 0x00, 0x00, 0x00, 0x00, 0x00, 0x00, 0x00, 0x00, 0x00, 0x00, 0x00, 0x00,
    0x00, 0x00, 0x00, 0x00, 0x00, 0x00, 0x00, 0x00, 0x00, 0x00, 0x00, 0x00, 0xe0, 0xff, 0xff, 0x0f,
    0x00, 0x00, 0x00, 0xe0, 0xff, 0xff, 0x1f, 0x00, 0x00, 0x00, 0xe0, 0xff, 0xff, 0x7f, 0x00, 0x00,
    0x00, 0x00, 0x00, 0x00, 0x7f, 0x00, 0x00, 0x00, 0x00, 0x00, 0x00, 0xf0, 0x00, 0x00, 0x00, 0x00,
    0x00, 0x00, 0xe0, 0x00, 0x00, 0x00, 0x00, 0x00, 0x00, 0xe0, 0x01, 0x00, 0x00, 0x00, 0x00, 0x00,
    0xc0, 0x01, 0x00, 0x00, 0x00, 0x00, 0x00, 0xc0, 0x01, 0x00, 0x00, 0x06, 0x00, 0x00, 0xc0, 0x01,
    0x00, 0x00, 0x07, 0x00, 0x00, 0xc0, 0x01, 0x00, 0xc0, 0x07, 0x00, 0x00, 0xc0, 0x01, 0x00, 0xe0,
    0x03, 0x00, 0x00, 0xc0, 0x01, 0x00, 0xe0, 0x01, 0x00, 0x00, 0xe0, 0x01, 0x00, 0x60, 0x00, 0x00,
    0x00, 0xe0, 0x00, 0x00, 0x20, 0x00, 0x00, 0x00, 0xf0, 0x00, 0x00, 0x00, 0x00, 0x00, 0x00, 0x7e,
    0x00, 0x00, 0x00, 0xe0, 0xff, 0xff, 0x3f, 0x00, 0x00, 0x00, 0xe0, 0xff, 0xff, 0x1f, 0x00, 0x00,
    0x00, 0xe0, 0xff, 0xff, 0x0f, 0x00, 0x00, 0x00, 0x00, 0x0e, 0x00, 0x00, 0x00, 0x00, 0x00, 0x00,
    0x0e, 0x00, 0x00, 0x00, 0x00, 0x00, 0x00, 0x07, 0x00, 0x00, 0x00, 0x00, 0x00, 0x80, 0x07, 0x00,
    0x00, 0x00, 0x00, 0x00, 0xf8, 0x07, 0x00, 0x00, 0x00, 0x00, 0x00, 0xf8, 0x03, 0x00, 0x00, 0x00,
    0x00, 0x00, 0xf8, 0x00, 0x00, 0x00, 0x00, 0x00, 0x00, 0x08, 0x00, 0x00, 0x00, 0x00, 0x00, 0x00,
    0x00, 0x00, 0x00, 0x00, 0x00, 0x00, 0x00, 0x00, 0x00, 0x00, 0x00, 0x00, 0x00, 0x00, 0x00, 0x00,
    0x00, 0x00, 0x00, 0x00, 0x00, 0x00, 0x00, 0x00, 0x00, 0x00, 0x00, 0x00, 0x00, 0xf0, 0xff, 0x3f,
    0x00, 0x00, 0x00, 0x00, 0xf0, 0xff, 0x7f, 0x00, 0x00, 0x00, 0x00, 0xf0, 0xff, 0xff, 0x00, 0x00,
    0x00, 0x00, 0x00, 0x00, 0xf8, 0x00, 0x00, 0x00, 0x00, 0x00, 0x00, 0xe0, 0x01, 0x00, 0x00, 0x00,
    0x00, 0x00, 0xc0, 0x01, 0x00, 0x00, 0x00, 0x00, 0x00, 0xc0, 0x01, 0x00, 0x00, 0x80, 0x01, 0x00,
    0xc0, 0x01, 0x00, 0x00, 0xc0, 0x01, 0x00, 0xc0, 0x01, 0x00, 0x00, 0xf0, 0x01, 0x00, 0xc0, 0x01,
    0x00, 0x00, 0xf8, 0x00, 0x00, 0xe0, 0x00, 0x00, 0x00, 0x78, 0x00, 0x00, 0xe0, 0x00, 0x00, 0x00,
    0x18, 0x00, 0x00, 0x78, 0x00, 0x00, 0x00, 0x08, 0xf0, 0xff, 0xff, 0x01, 0x00, 0x00, 0x00, 0xf0,
    0xff, 0xff, 0x01, 0x00, 0x00, 0x00, 0xf0, 0xff, 0xff, 0x01, 0x00, 0x00, 0x00, 0xc0, 0x01, 0x00,
    0x00, 0x00, 0x00, 0x00, 0xc0, 0x01, 0x00, 0x00, 0x00, 0x00, 0x00, 0xc0, 0x00, 0x00, 0x00, 0x00,
    0x00, 0x00, 0xf8, 0x00, 0x00, 0x00, 0x00, 0x00, 0x00, 0xfc, 0x00, 0x00, 0x00, 0x00, 0x00, 0x00,
    0x3c, 0x00, 0x00, 0x00, 0x00, 0x00, 0x00, 0x00, 0x00, 0x00, 0x00, 0x00, 0x00, 0x00, 0x00, 0x00,
    0x00, 0x00, 0x00, 0x00, 0x00, 0x00, 0x00, 0x00, 0x00, 0x00, 0x00, 0x00, 0x00, 0x00, 0x00, 0x00,
    0x00, 0x00, 0xe0, 0xff, 0xff, 0x0f, 0x00, 0x00, 0x00, 0xe0, 0xff, 0xff, 0x1f, 0x00, 0x00, 0x00,
    0xe0, 0xff, 0xff, 0x7f, 0x00, 0x00, 0x00, 0x00, 0x00, 0x00, 0x7f, 0x00, 0x00, 0x00, 0x00, 0x00,
    0x00, 0xf0, 0x00, 0x00, 0x60, 0x00, 0x00, 0x00, 0xe0, 0x00, 0x00, 0xe0, 0x00, 0x00, 0x00, 0xe0,
    0x01, 0x00, 0xe0, 0x01, 0x00, 0x00, 0xc0, 0x01, 0x00, 0xe0, 0x03, 0x00, 0x00, 0xc0, 0x01, 0x00,
    0x80, 0x07, 0x00, 0x00, 0xc0, 0x01, 0x00, 0x00, 0x07, 0x00, 0x00, 0xc0, 0x01, 0x00, 0x00, 0x04,
    0x00, 0x00, 0xc0, 0x01, 0x00, 0x00, 0x00, 0x00, 0x00, 0xc0, 0x01, 0x00, 0x00, 0x00, 0x00, 0x00,
    0xe0, 0x01, 0x00, 0x00, 0x00, 0x00, 0x00, 0xe0, 0x00, 0x00, 0x00, 0x00, 0x00, 0x00, 0xf0, 0x00,
    0x00, 0x00, 0x00, 0x00, 0x00, 0x7e, 0x00, 0x00, 0x00, 0xe0, 0xff, 0xff, 0x3f, 0x00, 0x00, 0x00,
    0xe0, 0xff, 0xff, 0x1f, 0x00, 0x00, 0x00, 0xe0, 0xff, 0xff, 0x0f, 0x00, 0x00, 0x00, 0x00, 0x0e,
    0x00, 0x00, 0x00, 0x00, 0x00, 0x00, 0x0e, 0x00, 0x00, 0x00, 0x00, 0x00, 0x00, 0x07, 0x00, 0x00,
    0x00, 0x00, 0x00, 0x80, 0x07, 0x00, 0x00, 0x00, 0x00, 0x00, 0xf8, 0x07, 0x00, 0x00, 0x00, 0x00,
    0x00, 0xf8, 0x03, 0x00, 0x00, 0x00, 0x00, 0x00, 0xf8, 0x00, 0x00, 0x00, 0x00, 0x00, 0x00, 0x08,
    0x00, 0x00, 0x00, 0x00, 0x00, 0x00, 0x00, 0x00, 0x00, 0x00, 0x00, 0x00, 0x00, 0x00, 0x00, 0x00,
    0x00, 0x00, 0x00, 0x00, 0x00, 0x00, 0x00, 0x00, 0x00, 0x00, 0x00, 0x00, 0x00, 0x00, 0x00, 0x00,
    0x00, 0x00, 0x00, 0xf0, 0xff, 0x3f, 0x00, 0x00, 0x00, 0x00, 0xf0, 0xff, 0x7f, 0x00, 0x00, 0x00,
    0x00, 0xf0, 0xff, 0xff, 0x00, 0x00, 0x00, 0x18, 0x00, 0x00, 0xf8, 0x00, 0x00, 0x00, 0x38, 0x00,
    0x00, 0xe0, 0x01, 0x00, 0x00, 0x78, 0x00, 0x00, 0xc0, 0x01, 0x00, 0x00, 0xf8, 0x00, 0x00, 0xc0,
    0x01, 0x00, 0x00, 0xe0, 0x01, 0x00, 0xc0, 0x01, 0x00, 0x00, 0xc0, 0x01, 0x00, 0xc0, 0x01, 0x00,
    0x00, 0x00, 0x01, 0x00, 0xc0, 0x01, 0x00, 0x00, 0x00, 0x00, 0x00, 0xe0, 0x00, 0x00, 0x00, 0x00,
    0x00, 0x00, 0xe0, 0x00, 0x00, 0x00, 0x00, 0x00, 0x00, 0x78, 0x00, 0x00, 0x00, 0x00, 0xf0, 0xff,
    0xff, 0x01, 0x00, 0x00, 0x00, 0xf0, 0xff, 0xff, 0x01, 0x00, 0x00, 0x00, 0xf0, 0xff, 0xff, 0x01,
    0x00, 0x00, 0x00, 0xc0, 0x01, 0x00, 0x00, 0x00, 0x00, 0x00, 0xc0, 0x01, 0x00, 0x00, 0x00, 0x00,
    0x00, 0xc0, 0x00, 0x00, 0x00, 0x00, 0x00, 0x00, 0xf8, 0x00, 0x00, 0x00, 0x00, 0x00, 0x00, 0xfc,
    0x00, 0x00, 0x00, 0x00, 0x00, 0x00, 0x3c, 0x00, 0x00, 0x00, 0x00, 0x00, 0x00, 0x00, 0x00, 0x00,
    0x00, 0x00, 0x00, 0x00, 0x00, 0x00, 0x00, 0x00, 0x00, 0x00, 0x00, 0x00, 0x00, 0x00, 0x00, 0x00,
    0x00, 0x00, 0x00, 0x00, 0x00, 0x00, 0x00, 0x00, 0xe0, 0xff, 0xff, 0x0f, 0x00, 0x00, 0x00, 0xe0,
    0xff, 0xff, 0x1f, 0x00, 0x00, 0x00, 0xe0, 0xff, 0xff, 0x7f, 0x00, 0x00, 0x00, 0x00, 0x00, 0x00,
    0x7f, 0x00, 0x00, 0x00, 0x00, 0x00, 0x00, 0xf0, 0x00, 0x00, 0x00, 0x00, 0x00, 0x00, 0xe0, 0x00,
    0x00, 0x00, 0x00, 0x00, 0x00, 0xe0, 0x01, 0x00, 0x00, 0x00, 0x00, 0x00, 0xc0, 0x01, 0x00, 0x00,
    0x00, 0x00, 0x00, 0xc0, 0x01, 0x00, 0x18, 0x07, 0x00, 0x00, 0xc0, 0x01, 0x00, 0x18, 0x07, 0x00,
    0x00, 0xc0, 0x01, 0x00, 0x38, 0x07, 0x00, 0x00, 0xc0, 0x01, 0x00, 0xf0, 0x01, 0x00, 0x00, 0xc0,
    0x01, 0x00, 0xf0, 0x01, 0x00, 0x00, 0xe0, 0x01, 0x00, 0xe0, 0x00, 0x00, 0x00, 0xe0, 0x00, 0x00,
    0x00, 0x00, 0x00, 0x00, 0xf0, 0x00, 0x00, 0x00, 0x00, 0x00, 0x00, 0x7e, 0x00, 0x00, 0x00, 0xe0,
    0xff, 0xff, 0x3f, 0x00, 0x00, 0x00, 0xe0, 0xff, 0xff, 0x1f, 0x00, 0x00, 0x00, 0xe0, 0xff, 0xff,
    0x0f, 0x00, 0x00, 0x00, 0x00, 0x0e, 0x00, 0x00, 0x00, 0x00, 0x00, 0x00, 0x0e, 0x00, 0x00, 0x00,
    0x00, 0x00, 0x00, 0x07, 0x00, 0x00, 0x00, 0x00, 0x00, 0x80, 0x07, 0x00, 0x00, 0x00, 0x00, 0x00,
    0xf8, 0x07, 0x00, 0x00, 0x00, 0x00, 0x00, 0xf8, 0x03, 0x00, 0x00, 0x00, 0x00, 0x00, 0xf8, 0x00,
    0x00, 0x00, 0x00, 0x00, 0x00, 0x08, 0x00, 0x00, 0x00, 0x00, 0x00, 0x00, 0x00, 0x00, 0x00, 0x00,
    0x00, 0x00, 0x00, 0x00, 0x00, 0x00, 0x00, 0x00, 0x00, 0x00, 0x00, 0x00, 0x00, 0x00, 0x00, 0x00,
    0x00, 0x00, 0x00, 0x00, 0x00, 0x00, 0x00, 0x00, 0x00, 0xf0, 0xff, 0x3f, 0x00, 0x00, 0x00, 0x00,
    0xf0, 0xff, 0x7f, 0x00, 0x00, 0x00, 0x00, 0xf0, 0xff, 0xff, 0x00, 0x00, 0x00, 0x00, 0x00, 0x00,
    0xf8, 0x00, 0x00, 0x00, 0x00, 0x00, 0x00, 0xe0, 0x01, 0x00, 0x00, 0x00, 0x00, 0x00, 0xc0, 0x01,
    0x00, 0x00, 0x00, 0x00, 0x00, 0xc0, 0x01, 0x00, 0x00, 0xc6, 0x01, 0x00, 0xc0, 0x01, 0x00, 0x00,
    0xc6, 0x01, 0x00, 0xc0, 0x01, 0x00, 0x00, 0xce, 0x01, 0x00, 0xc0, 0x01, 0x00, 0x00, 0x7c, 0x00,
    0x00, 0xe0, 0x00, 0x00, 0x00, 0x7c, 0x00, 0x00, 0xe0, 0x00, 0x00, 0x00, 0x38, 0x00, 0x00, 0x78,
    0x00, 0x00, 0x00, 0x00, 0xf0, 0xff, 0xff, 0x01, 0x00, 0x00, 0x00, 0xf0, 0xff, 0xff, 0x01, 0x00,
    0x00, 0x00, 0xf0, 0xff, 0xff, 0x01, 0x00, 0x00, 0x00, 0xc0, 0x01, 0x00, 0x00, 0x00, 0x00, 0x00,
    0xc0, 0x01, 0x00, 0x00, 0x00, 0x00, 0x00, 0xc0, 0x00, 0x00, 0x00, 0x00, 0x00, 0x00, 0xf8, 0x00,
    0x00, 0x00, 0x00, 0x00, 0x00, 0xfc, 0x00, 0x00, 0x00, 0x00, 0x00, 0x00, 0x3c, 0x00, 0x00, 0x00,
    0x00, 0x00, 0x00, 0x00, 0x00, 0x00, 0x00, 0x00, 0x00, 0x00, 0x00, 0x00, 0x00, 0x00, 0x00, 0x00,
    0x00, 0x00, 0x00, 0x00, 0x00, 0x00, 0x00, 0x00, 0x00, 0x00, 0x00, 0x00, 0x00, 0x00, 0xe0, 0xff,
    0xff, 0x0f, 0x00, 0x00, 0x00, 0xe0, 0xff, 0xff, 0x1f, 0x00, 0x00, 0x00, 0xe0, 0xff, 0xff, 0x7f,
    0x00, 0x00, 0x00, 0x04, 0x00, 0x00, 0x7f, 0x00, 0x00, 0x00, 0x07, 0x00, 0x00, 0xf0, 0x00, 0x00,
    0x80, 0x07, 0x00, 0x00, 0xe0, 0x00, 0x00, 0xc0, 0x01, 0x00, 0x00, 0xe0, 0x01, 0x00, 0xc0, 0x01,
    0x00, 0x00, 0xc0, 0x01, 0x00, 0xc0, 0x01, 0x00, 0x00, 0xc0, 0x01, 0x00, 0x80, 0x01, 0x00, 0x00,
    0xc0, 0x01, 0x00, 0x80, 0x03, 0x00, 0x00, 0xc0, 0x01, 0x00, 0x00, 0x07, 0x00, 0x00, 0xc0, 0x01,
    0x00, 0x00, 0x07, 0x00, 0x00, 0xc0, 0x01, 0x00, 0x00, 0x07, 0x00, 0x00, 0xe0, 0x01, 0x00, 0x80,
    0x07, 0x00, 0x00, 0xe0, 0x00, 0x00, 0xc0, 0x03, 0x00, 0x00, 0xf0, 0x00, 0x00, 0xc0, 0x01, 0x00,
    0x00, 0x7e, 0x00, 0x00, 0x00, 0xe0, 0xff, 0xff, 0x3f, 0x00, 0x00, 0x00, 0xe0, 0xff, 0xff, 0x1f,
    0x00, 0x00, 0x00, 0xe0, 0xff, 0xff, 0x0f, 0x00, 0x00, 0x00, 0x00, 0x0e, 0x00, 0x00, 0x00, 0x00,
    0x00, 0x00, 0x0e, 0x00, 0x00, 0x00, 0x00, 0x00, 0x00, 0x07, 0x00, 0x00, 0x00, 0x00, 0x00, 0x80,
    0x07, 0x00, 0x00, 0x00, 0x00, 0x00, 0xf8, 0x07, 0x00, 0x00, 0x00, 0x00, 0x00, 0xf8, 0x03, 0x00,
    0x00, 0x00, 0x00, 0x00, 0xf8, 0x00, 0x00, 0x00, 0x00, 0x00, 0x00, 0x08, 0x00, 0x00, 0x00, 0x00,
    0x00, 0x00, 0x00, 0x00, 0x00, 0x00, 0x00, 0x00, 0x00, 0x00, 0x00, 0x00, 0x00, 0x00, 0x00, 0x00,
    0x00, 0x00, 0x00, 0x00, 0x00, 0x00, 0x00, 0x00, 0x00, 0x00, 0x00, 0x00, 0x00, 0x00, 0x00, 0xf0,
    0xff, 0x3f, 0x00, 0x00, 0x00, 0x00, 0xf1, 0xff, 0x7f, 0x00, 0x00, 0x00, 0xc0, 0xf1, 0xff, 0xff,
    0x00, 0x00, 0x00, 0xe0, 0x01, 0x00, 0xf8, 0x00, 0x00, 0x00, 0x70, 0x00, 0x00, 0xe0, 0x01, 0x00,
    0x00, 0x70, 0x00, 0x00, 0xc0, 0x01, 0x00, 0x00, 0x70, 0x00, 0x00, 0xc0, 0x01, 0x00, 0x00, 0x60,
    0x00, 0x00, 0xc0, 0x01, 0x00, 0x00, 0xe0, 0x00, 0x00, 0xc0, 0x01, 0x00, 0x00, 0xc0, 0x01, 0x00,
    0xc0, 0x01, 0x00, 0x00, 0xc0, 0x01, 0x00, 0xe0, 0x00, 0x00, 0x00, 0xc0, 0x01, 0x00, 0xe0, 0x00,
    0x00, 0x00, 0xe0, 0x01, 0x00, 0x78, 0x00, 0x00, 0x00, 0xf0, 0xf0, 0xff, 0xff, 0x01, 0x00, 0x00,
    0x70, 0xf0, 0xff, 0xff, 0x01, 0x00, 0x00, 0x00, 0xf0, 0xff, 0xff, 0x01, 0x00, 0x00, 0x00, 0xc0,
    0x01, 0x00, 0x00, 0x00, 0x00, 0x00, 0xc0, 0x01, 0x00, 0x00, 0x00, 0x00, 0x00, 0xc0, 0x00, 0x00,
    0x00, 0x00, 0x00, 0x00, 0xf8, 0x00, 0x00, 0x00, 0x00, 0x00, 0x00, 0xfc, 0x00, 0x00, 0x00, 0x00,
    0x00, 0x00, 0x3c, 0x00, 0x00, 0x00, 0x00, 0x00, 0x00, 0x00, 0x00, 0x00, 0x00, 0x00, 0x00, 0x00,
    0x00, 0x00, 0x00, 0x00, 0x00, 0x00, 0x00, 0x00, 0x00, 0x00, 0x00, 0x00, 0x00, 0x00, 0x00, 0x00,
    0x00, 0x00, 0x00, 0x00, 0xe0, 0xff, 0xff, 0x0f, 0x00, 0x00, 0x00, 0xe0, 0xff, 0xff, 0x1f, 0x00,
    0x00, 0x00, 0xe0, 0xff, 0xff, 0x7f, 0x00, 0x00, 0x00, 0x00, 0x00, 0x00, 0x7f, 0x00, 0x00, 0x00,
    0x00, 0x00, 0x00, 0xf0, 0x00, 0x00, 0x00, 0x00, 0x00, 0x00, 0xe0, 0x00, 0x00, 0x00, 0x00, 0x00,
    0x00, 0xe0, 0x01, 0x00, 0x00, 0x00, 0x00, 0x00, 0xc0, 0x01, 0x00, 0x00, 0x00, 0x00, 0x00, 0xc0,
    0x61, 0x00, 0x00, 0x00, 0x00, 0x00, 0xc0, 0xf1, 0x00, 0x00, 0x00, 0x00, 0x00, 0xc0, 0xf1, 0x00,
    0x00, 0x00, 0x00, 0x00, 0xc0, 0xf1, 0x00, 0x00, 0x00, 0x00, 0x00, 0xc0, 0x01, 0x00, 0x00, 0x00,
    0x00, 0x00, 0xe0, 0x01, 0x00, 0x00, 0x00, 0x00, 0x00, 0xe0, 0x00, 0x00, 0x00, 0x00, 0x00, 0x00,
    0xf0, 0x00, 0x00, 0x00, 0x00, 0x00, 0x00, 0x7e, 0x00, 0x00, 0x00, 0xe0, 0xff, 0xff, 0x3f, 0x00,
    0x00, 0x00, 0xe0, 0xff, 0xff, 0x1f, 0x00, 0x00, 0x00, 0xe0, 0xff, 0xff, 0x0f, 0x00, 0x00, 0x00,
    0x00, 0x0e, 0x00, 0x00, 0x00, 0x00, 0x00, 0x00, 0x0e, 0x00, 0x00, 0x00, 0x00, 0x00, 0x00, 0x07,
    0x00, 0x00, 0x00, 0x00, 0x00, 0x80, 0x07, 0x00, 0x00, 0x00, 0x00, 0x00, 0xf8, 0x07, 0x00, 0x00,
    0x00, 0x00, 0x00, 0xf8, 0x03, 0x00, 0x00, 0x00, 0x00, 0x00, 0xf8, 0x00, 0x00, 0x00, 0x00, 0x00,
    0x00, 0x08, 0x00, 0x00, 0x00, 0x00, 0x00, 0x00, 0x00, 0x00, 0x00, 0x00, 0x00, 0x00, 0x00, 0x00,
    0x00, 0x00, 0x00, 0x00, 0x00, 0x00, 0x00, 0x00, 0x00, 0x00, 0x00, 0x00, 0x00, 0x00, 0x00, 0x00,
    0x00, 0x00, 0x00, 0x00, 0x00, 0xf0, 0xff, 0x3f, 0x00, 0x00, 0x00, 0x00, 0xf0, 0xff, 0x7f, 0x00,
    0x00, 0x00, 0x00, 0xf0, 0xff, 0xff, 0x00, 0x00, 0x00, 0x00, 0x00, 0x00, 0xf8, 0x00, 0x00, 0x00,
    0x00, 0x00, 0x00, 0xe0, 0x01, 0x00, 0x00, 0x00, 0x00, 0x00, 0xc0, 0x01, 0x00, 0x00, 0x00, 0x00,
    0x00, 0xc0, 0x31, 0x00, 0x00, 0x00, 0x00, 0x00, 0xc0, 0x79, 0x00, 0x00, 0x00, 0x00, 0x00, 0xc0,
    0x79, 0x00, 0x00, 0x00, 0x00, 0x00, 0xc0, 0x79, 0x00, 0x00, 0x00, 0x00, 0x00, 0xe0, 0x00, 0x00,
    0x00, 0x00, 0x00, 0x00, 0xe0, 0x00, 0x00, 0x00, 0x00, 0x00, 0x00, 0x78, 0x00, 0x00, 0x00, 0x00,
    0xf0, 0xff, 0xff, 0x01, 0x00, 0x00, 0x00, 0xf0, 0xff, 0xff, 0x01, 0x00, 0x00, 0x00, 0xf0, 0xff,
    0xff, 0x01, 0x00, 0x00, 0x00, 0xc0, 0x01, 0x00, 0x00, 0x00, 0x00, 0x00, 0xc0, 0x01, 0x00, 0x00,
    0x00, 0x00, 0x00, 0xc0, 0x00, 0x00, 0x00, 0x00, 0x00, 0x00, 0xf8, 0x00, 0x00, 0x00, 0x00, 0x00,
    0x00, 0xfc, 0x00, 0x00, 0x00, 0x00, 0x00, 0x00, 0x3c, 0x00, 0x00, 0x00, 0x00, 0x00, 0x00, 0x00,
    0x00, 0x00, 0x00, 0x00, 0x00, 0x00, 0x00, 0x00, 0x00, 0x00, 0x00, 0x00, 0x60, 0x00, 0x00, 0x00,
    0x00, 0x00, 0x00, 0xe0, 0x01, 0x00, 0x00, 0x00, 0x00, 0x00, 0xe0, 0x07, 0x00, 0x00, 0x00, 0x00,
    0x00, 0xe0, 0x1f, 0x00, 0x00, 0x00, 0x00, 0x00, 0x80, 0x3f, 0x00, 0x00, 0x00, 0x00, 0x00, 0x00,
    0xfe, 0x00, 0x00, 0x00, 0x00, 0x60, 0x00, 0xfc, 0x03, 0x00, 0x00, 0x00, 0xe0, 0x00, 0xf0, 0x0f,
    0x00, 0x00, 0x00, 0xe0, 0x01, 0xc0, 0x1f, 0x00, 0x00, 0x00, 0xe0, 0x03, 0x00, 0xff, 0xff, 0x01,
    0x00, 0x80, 0x07, 0x00, 0xfc, 0xff, 0x01, 0x00, 0x00, 0x07, 0x00, 0xfc, 0xff, 0x01, 0x00, 0x00,
    0x04, 0x00, 0xff, 0xff, 0x01, 0x00, 0x00, 0x00, 0xc0, 0x1f, 0x00, 0x00, 0x00, 0x00, 0x00, 0xf0,
    0x0f, 0x00, 0x00, 0x00, 0x00, 0x00, 0xfc, 0x03, 0x00, 0x00, 0x00, 0x00, 0x00, 0xfe, 0x00, 0x00,
    0x00, 0x00, 0x00, 0x80, 0x3f, 0x00, 0x00, 0x00, 0x00, 0x00, 0xe0, 0x0f, 0x00, 0x00, 0x00, 0x00,
    0x00, 0xe0, 0x07, 0x00, 0x00, 0x00, 0x00, 0x00, 0xe0, 0x01, 0x00, 0x00, 0x00, 0x00, 0x00, 0x60,
    0x00, 0x00, 0x00, 0x00, 0x00, 0x00, 0x00, 0x00, 0x00, 0x00, 0x00, 0x00, 0x00, 0x00, 0x00, 0x00,
    0x00, 0x00, 0x00, 0x00, 0x00, 0x70, 0x00, 0x00, 0x00, 0x00, 0x00, 0x00, 0xf0, 0x03, 0x00, 0xc0,
    0x01, 0x00, 0x00, 0xf0, 0x0f, 0x00, 0xc0, 0x01, 0x00, 0x00, 0xf0, 0x7f, 0x00, 0xc0, 0x01, 0x00,
    0x18, 0x80, 0xff, 0x03, 0xe0, 0x01, 0x00, 0x38, 0x00, 0xfc, 0x0f, 0xf0, 0x00, 0x00, 0x78, 0x00,
    0xe0, 0x7f, 0xfc, 0x00, 0x00, 0xf8, 0x00, 0x00, 0xff, 0x7f, 0x00, 0x00, 0xe0, 0x01, 0x00, 0xf8,
    0x1f, 0x00, 0x00, 0xc0, 0x01, 0x00, 0xfe, 0x03, 0x00, 0x00, 0x00, 0x01, 0xc0, 0xff, 0x00, 0x00,
    0x00, 0x00, 0x00, 0xfc, 0x1f, 0x00, 0x00, 0x00, 0x00, 0x80, 0xff, 0x03, 0x00, 0x00, 0x00, 0x00,
    0xf0, 0x7f, 0x00, 0x00, 0x00, 0x00, 0x00, 0xf0, 0x0f, 0x00, 0x00, 0x00, 0x00, 0x00, 0xf0, 0x01,
    0x00, 0x00, 0x00, 0x00, 0x00, 0x70, 0x00, 0x00, 0x00, 0x00, 0x00, 0x00, 0x00, 0x00, 0x00, 0x00,
    0x00, 0x00, 0x00, 0x00, 0x00, 0x00, 0x00, 0x00, 0x00, 0x60, 0x00, 0x00, 0x00, 0x00, 0x00, 0x00,
    0xe0, 0x01, 0x00, 0x00, 0x00, 0x00, 0x00, 0xe0, 0x07, 0x00, 0x00, 0x00, 0x00, 0x00, 0xe0, 0x1f,
    0x00, 0x00, 0x00, 0x00, 0x00, 0x80, 0x3f, 0x00, 0x00, 0x00, 0x00, 0x00, 0x00, 0xfe, 0x00, 0x00,
    0x00, 0x00, 0x00, 0x00, 0xfc, 0x03, 0x00, 0x00, 0x00, 0x00, 0x00, 0xf0, 0x0f, 0x00, 0x00, 0x00,
    0x00, 0x00, 0xc0, 0x1f, 0x00, 0x00, 0x00, 0x00, 0x00, 0x00, 0xff, 0xff, 0x61, 0x00, 0x00, 0x00,
    0x00, 0xfc, 0xff, 0xf1, 0x00, 0x00, 0x00, 0x00, 0xfc, 0xff, 0xf1, 0x00, 0x00, 0x00, 0x00, 0xff,
    0xff, 0xf1, 0x00, 0x00, 0x00, 0xc0, 0x1f, 0x00, 0x00, 0x00, 0x00, 0x00, 0xf0, 0x0f, 0x00, 0x00,
    0x00, 0x00, 0x00, 0xfc, 0x03, 0x00, 0x00, 0x00, 0x00, 0x00, 0xfe, 0x00, 0x00, 0x00, 0x00, 0x00,
    0x80, 0x3f, 0x00, 0x00, 0x00, 0x00, 0x00, 0xe0, 0x0f, 0x00, 0x00, 0x00, 0x00, 0x00, 0xe0, 0x07,
    0x00, 0x00, 0x00, 0x00, 0x00, 0xe0, 0x01, 0x00, 0x00, 0x00, 0x00, 0x00, 0x60, 0x00, 0x00, 0x00,
    0x00, 0x00, 0x00, 0x00, 0x00, 0x00, 0x00, 0x00, 0x00, 0x00, 0x00, 0x00, 0x00, 0x00, 0x00, 0x00,
    0x00, 0x00, 0x70, 0x00, 0x00, 0x00, 0x00, 0x00, 0x00, 0xf0, 0x03, 0x00, 0xc0, 0x01, 0x00, 0x00,
    0xf0, 0x0f, 0x00, 0xc0, 0x01, 0x00, 0x00, 0xf0, 0x7f, 0x00, 0xc0, 0x01, 0x00, 0x00, 0x80, 0xff,
    0x03, 0xe0, 0x01, 0x00, 0x00, 0x00, 0xfc, 0x0f, 0xf0, 0x00, 0x00, 0x00, 0x00, 0xe0, 0x7f, 0xfc,
    0x00, 0x00, 0x00, 0x00, 0x00, 0xff, 0x7f, 0x00, 0x00, 0x00, 0x00, 0x00, 0xf8, 0x1f, 0x00, 0x00,
    0x00, 0x00, 0x00, 0xfe, 0x03, 0x00, 0x00, 0x00, 0x00, 0xc0, 0xff, 0x00, 0x00, 0x00, 0x00, 0x00,
    0xfc, 0x1f, 0x80, 0x01, 0x00, 0x00, 0x80, 0xff, 0x03, 0xc0, 0x03, 0x00, 0x00, 0xf0, 0x7f, 0x00,
    0xc0, 0x03, 0x00, 0x00, 0xf0, 0x0f, 0x00, 0xc0, 0x03, 0x00, 0x00, 0xf0, 0x01, 0x00, 0x00, 0x00,
    0x00, 0x00, 0x70, 0x00, 0x00, 0x00, 0x00, 0x00, 0x00, 0x00, 0x00, 0x00, 0x00, 0x00, 0x00, 0x00,
    0x00, 0x00, 0x00, 0x00, 0x00, 0x00, 0x60, 0x00, 0x00, 0x00, 0x00, 0x00, 0x00, 0xe0, 0x01, 0x00,
    0x00, 0x00, 0x00, 0x00, 0xe0, 0x07, 0x00, 0x00, 0x00, 0x00, 0x00, 0xe0, 0x1f, 0x00, 0x00, 0x00,
    0x00, 0x00, 0x80, 0x3f, 0x00, 0x00, 0x00, 0x00, 0x00, 0x00, 0xfe, 0x00, 0x00, 0x00, 0x00, 0x00,
    0x00, 0xfc, 0x03, 0x00, 0x00, 0x00, 0x00, 0x00, 0xf0, 0x0f, 0x00, 0x00, 0x00, 0x00, 0x00, 0xc0,
    0x1f, 0x00, 0x00, 0x00, 0x00, 0x00, 0x00, 0xff, 0xff, 0x01, 0x00, 0x18, 0x07, 0x00, 0xfc, 0xff,
    0x01, 0x00, 0x18, 0x07, 0x00, 0xfc, 0xff, 0x01, 0x00, 0x38, 0x07, 0x00, 0xff, 0xff, 0x01, 0x00,
    0xf0, 0x01, 0xc0, 0x1f, 0x00, 0x00, 0x00, 0xf0, 0x01, 0xf0, 0x0f, 0x00, 0x00, 0x00, 0xe0, 0x00,
    0xfc, 0x03, 0x00, 0x00, 0x00, 0x00, 0x00, 0xfe, 0x00, 0x00, 0x00, 0x00, 0x00, 0x80, 0x3f, 0x00,
    0x00, 0x00, 0x00, 0x00, 0xe0, 0x0f, 0x00, 0x00, 0x00, 0x00, 0x00, 0xe0, 0x07, 0x00, 0x00, 0x00,
    0x00, 0x00, 0xe0, 0x01, 0x00, 0x00, 0x00, 0x00, 0x00, 0x60, 0x00, 0x00, 0x00, 0x00, 0x00, 0x00,
    0x00, 0x00, 0x00, 0x00, 0x00, 0x00, 0x00, 0x00, 0x00, 0x00, 0x00, 0x00, 0x00, 0x00, 0x00, 0x70,
    0x00, 0x00, 0x00, 0x00, 0x00, 0x00, 0xf0, 0x03, 0x00, 0xc0, 0x01, 0x00, 0x00, 0xf0, 0x0f, 0x00,
    0xc0, 0x01, 0x00, 0x00, 0xf0, 0x7f, 0x00, 0xc0, 0x01, 0x00, 0x00, 0x80, 0xff, 0x03, 0xe0, 0x01,
    0x00, 0x00, 0x00, 0xfc, 0x0f, 0xf0, 0x00, 0x00, 0x00, 0x00, 0xe0, 0x7f, 0xfc, 0x00, 0x00, 0xc6,
    0x01, 0x00, 0xff, 0x7f, 0x00, 0x00, 0xc6, 0x01, 0x00, 0xf8, 0x1f, 0x00, 0x00, 0xce, 0x01, 0x00,
    0xfe, 0x03, 0x00, 0x00, 0x7c, 0x00, 0xc0, 0xff, 0x00, 0x00, 0x00, 0x7c, 0x00, 0xfc, 0x1f, 0x00,
    0x00, 0x00, 0x38, 0x80, 0xff, 0x03, 0x00, 0x00, 0x00, 0x00, 0xf0, 0x7f, 0x00, 0x00, 0x00, 0x00,
    0x00, 0xf0, 0x0f, 0x00, 0x00, 0x00, 0x00, 0x00, 0xf0, 0x01, 0x00, 0x00, 0x00, 0x00, 0x00, 0x70,
    0x00, 0x00, 0x00, 0x00, 0x00, 0x00, 0x00, 0x00, 0x00, 0x00, 0x00, 0x00, 0x00, 0x00, 0x00, 0x00,
    0x00, 0x00, 0x00, 0x60, 0x00, 0x00, 0x00, 0x00, 0x00, 0x00, 0xe0, 0x01, 0x00, 0x00, 0x00, 0x00,
    0x00, 0xe0, 0x07, 0x00, 0x00, 0x00, 0x00, 0x00, 0xe0, 0x1f, 0x00, 0x00, 0x00, 0x00, 0x00, 0x84,
    0x3f, 0x00, 0x00, 0x00, 0x00, 0x00, 0x07, 0xfe, 0x00, 0x00, 0x00, 0x00, 0x80, 0x07, 0xfc, 0x03,
    0x00, 0x00, 0x00, 0xc0, 0x01, 0xf0, 0x0f, 0x00, 0x00, 0x00, 0xc0, 0x01, 0xc0, 0x1f, 0x00, 0x00,
    0x00, 0xc0, 0x01, 0x00, 0xff, 0xff, 0x01, 0x00, 0x80, 0x01, 0x00, 0xfc, 0xff, 0x01, 0x00, 0x80,
    0x03, 0x00, 0xfc, 0xff, 0x01, 0x00, 0x00, 0x07, 0x00, 0xff, 0xff, 0x01, 0x00, 0x00, 0x07, 0xc0,
    0x1f, 0x00, 0x00, 0x00, 0x00, 0x07, 0xf0, 0x0f, 0x00, 0x00, 0x00, 0x80, 0x07, 0xfc, 0x03, 0x00,
    0x00, 0x00, 0xc0, 0x03, 0xfe, 0x00, 0x00, 0x00, 0x00, 0xc0, 0x81, 0x3f, 0x00, 0x00, 0x00, 0x00,
    0x00, 0xe0, 0x0f, 0x00, 0x00, 0x00, 0x00, 0x00, 0xe0, 0x07, 0x00, 0x00, 0x00, 0x00, 0x00, 0xe0,
    0x01, 0x00, 0x00, 0x00, 0x00, 0x00, 0x60, 0x00, 0x00, 0x00, 0x00, 0x00, 0x00, 0x00, 0x00, 0x00,
    0x00, 0x00, 0x00, 0x00, 0x00, 0x00, 0x00, 0x00, 0x00, 0x00, 0x00, 0x00, 0x70, 0x00, 0x00, 0x00,
    0x00, 0x00, 0x00, 0xf0, 0x03, 0x00, 0xc0, 0x01, 0x00, 0x00, 0xf1, 0x0f, 0x00, 0xc0, 0x01, 0x00,
    0xc0, 0xf1, 0x7f, 0x00, 0xc0, 0x01, 0x00, 0xe0, 0x81, 0xff, 0x03, 0xe0, 0x01, 0x00, 0x70, 0x00,
    0xfc, 0x0f, 0xf0, 0x00, 0x00, 0x70, 0x00, 0xe0, 0x7f, 0xfc, 0x00, 0x00, 0x70, 0x00, 0x00, 0xff,
    0x7f, 0x00, 0x00, 0x60, 0x00, 0x00, 0xf8, 0x1f, 0x00, 0x00, 0xe0, 0x00, 0x00, 0xfe, 0x03, 0x00,
    0x00, 0xc0, 0x01, 0xc0, 0xff, 0x00, 0x00, 0x00, 0xc0, 0x01, 0xfc, 0x1f, 0x00, 0x00, 0x00, 0xc0,
    0x81, 0xff, 0x03, 0x00, 0x00, 0x00, 0xe0, 0xf1, 0x7f, 0x00, 0x00, 0x00, 0x00, 0xf0, 0xf0, 0x0f,
    0x00, 0x00, 0x00, 0x00, 0x70, 0xf0, 0x01, 0x00, 0x00, 0x00, 0x00, 0x00, 0x70, 0x00, 0x00, 0x00,
    0x00,
};

static const uint16_t mf_bwfont_Roboto_Regular40bw_glyph_offsets_19[91] PROGMEM = {
    0x0000, 0x001a, 0x002f, 0x0049, 0x005e, 0x0078, 0x0090, 0x00aa,
    0x00bf, 0x00d9, 0x00f0, 0x010a, 0x011f, 0x0139, 0x014e, 0x0168,
    0x017d, 0x0197, 0x01ac, 0x01c6, 0x01db, 0x01f5, 0x020a, 0x0224,
    0x0239, 0x024f, 0x0264, 0x027a, 0x028f, 0x02a5, 0x02ba, 0x02d3,
    0x02eb, 0x0301, 0x0316, 0x032e, 0x0345, 0x035b, 0x0370, 0x0386,
    0x039b, 0x03a6, 0x03b0, 0x03b8, 0x03c0, 0x03da, 0x03f0, 0x040a,
    0x0420, 0x043a, 0x0452, 0x046c, 0x0482, 0x049c, 0x04b3, 0x04cd,
    0x04e3, 0x04fd, 0x0513, 0x0530, 0x0549, 0x0566, 0x057f, 0x059c,
    0x05b5, 0x05d2, 0x05eb, 0x0608, 0x0621, 0x0639, 0x064d, 0x0665,
    0x0679, 0x0699, 0x06b3, 0x06d3, 0x06ed, 0x070d, 0x0727, 0x0747,
    0x0761, 0x0781, 0x079b, 0x07b3, 0x07c6, 0x07de, 0x07f1, 0x0809,
    0x081c, 0x0834, 0x0847,
};

static const uint8_t mf_bwfont_Roboto_Regular40bw_glyph_widths_19[90] PROGMEM = {
    0x1a, 0x16, 0x1a, 0x16, 0x1a, 0x16, 0x1a, 0x16, 0x1a, 0x16, 0x1a, 0x16, 0x1a, 0x16, 0x1a, 0x16,
    0x1a, 0x16, 0x1a, 0x16, 0x1a, 0x16, 0x1a, 0x16, 0x17, 0x15, 0x17, 0x15, 0x17, 0x15, 0x17, 0x15,
    0x17, 0x15, 0x17, 0x15, 0x17, 0x15, 0x17, 0x15, 0x0b, 0x0a, 0x0b, 0x0a, 0x1c, 0x17, 0x1c, 0x17,
    0x1c, 0x17, 0x1c, 0x17, 0x1c, 0x17, 0x1c, 0x17, 0x1c, 0x17, 0x1b, 0x17, 0x1b, 0x17, 0x1b, 0x17,
    0x1b, 0x17, 0x1b, 0x17, 0x1a, 0x16, 0x1a, 0x16, 0x1c, 0x19, 0x1c, 0x19, 0x1c, 0x19, 0x1c, 0x19,
    0x1c, 0x19, 0x18, 0x13, 0x18, 0x13, 0x18, 0x13, 0x18, 0x13,
};

static const uint8_t mf_bwfont_Roboto_Regular40bw_glyph_data_20[136] PROGMEM = {
    0x0f, 0x00, 0x00, 0x00, 0x1f, 0x00, 0x00, 0x00, 0x3f, 0x00, 0x00, 0x00, 0x7c, 0x00, 0x00, 0x00,
    0x20, 0x00, 0x00, 0x00, 0x00, 0x00, 0x00, 0x00, 0x60, 0x00, 0x00, 0x00, 0x7c, 0x00, 0x00, 0x00,
    0x3f, 0x00, 0x00, 0x00, 0x0f, 0x00, 0x00, 0x00, 0x07, 0x00, 0x00, 0x00, 0x01, 0xfc, 0x03, 0x00,
    0x80, 0xff, 0x1f, 0x00, 0xe0, 0xff, 0x7f, 0x00, 0xf0, 0xff, 0xff, 0x00, 0xf8, 0x01, 0xf8, 0x01,
    0x7c, 0x00, 0xe0, 0x03, 0x1e, 0x00, 0x80, 0x07, 0x1e, 0x00, 0x80, 0x07, 0x0f, 0x00, 0x00, 0x0f,
    0x07, 0x00, 0x00, 0x0f, 0x07, 0x00, 0x00, 0x0e, 0x07, 0x00, 0x00, 0x0e, 0x07, 0x00, 0x00, 0x0e,
    0x07, 0x00, 0x00, 0x0e, 0x0f, 0x00, 0x00, 0x0f, 0x0e, 0x00, 0x00, 0x0f, 0x1e, 0x00, 0x80, 0x07,
    0x3e, 0x00, 0xc0, 0x07, 0xfc, 0x00, 0xf0, 0x03, 0xf8, 0xff, 0xff, 0x01, 0xf0, 0xff, 0xff, 0x00,
    0xc0, 0xff, 0x7f, 0x00, 0x00, 0xff, 0x0f, 0x00,
};

static const uint16_t mf_bwfont_Roboto_Regular40bw_glyph_offsets_20[2] PROGMEM = {
    0x0000, 0x0022,
};

static const uint8_t mf_bwfont_Roboto_Regular40bw_glyph_widths_20[1] PROGMEM = {
    0x1d,
};

static const uint8_t mf_bwfont_Roboto_Regular40bw_glyph_data_21[1940] PROGMEM = {
    0x00, 0x00, 0x00, 0x00, 0x00, 0x00, 0x00, 0x07, 0x00, 0x00, 0x00, 0x00, 0x07, 0x00, 0x00, 0x00,
    0x00, 0x07, 0x00, 0x00, 0x00, 0x00, 0x07, 0x00, 0x00, 0x00, 0x00, 0x07, 0x00, 0x00, 0x00, 0x00,
    0x07, 0x00, 0x00, 0x00, 0x00, 0x07, 0x00, 0x00, 0x00, 0x00, 0x07, 0x00, 0x00, 0x00, 0x00, 0x07,
    0x00, 0x00, 0x00, 0x00, 0x00, 0x00, 0x00, 0x00, 0x00, 0x07, 0x00, 0x00, 0x00, 0x00, 0x07, 0x00,
    0x00, 0x00, 0x00, 0x07, 0x00, 0x00, 0x00, 0x00, 0x07, 0x00, 0x00, 0x00, 0x00, 0x07, 0x00, 0x00,
    0x00, 0x00, 0x07, 0x00, 0x00, 0x00, 0x00, 0x07, 0x00, 0x00, 0x00, 0x00, 0x07, 0x00, 0x00, 0x00,
    0x00, 0x07, 0x00, 0x00, 0x00, 0x00, 0x00, 0x00, 0x00, 0x00, 0x00, 0x00, 0x00, 0x00, 0x00, 0x00,
    0x00, 0x00, 0x00, 0x00, 0xc0, 0x01, 0x00, 0x00, 0x00, 0xc0, 0x01, 0x00, 0x00, 0x00, 0xc0, 0x01,
    0x00, 0x00, 0x00, 0xc0, 0x01, 0x00, 0x00, 0x00, 0xc0, 0x01, 0x00, 0x00, 0x00, 0xc0, 0x01, 0x00,
    0x00, 0x00, 0xc0, 0x01, 0x00, 0x00, 0x00, 0xc0, 0x01, 0x00, 0x00, 0x00, 0xc0, 0x01, 0x00, 0x00,
    0x00, 0xc0, 0x01, 0x00, 0x00, 0x00, 0xc0, 0x01, 0x00, 0x00, 0x00, 0xc0, 0x01, 0x00, 0x00, 0x00,
    0xc0, 0x01, 0x00, 0x00, 0x00, 0xc0, 0x01, 0x00, 0x00, 0x00, 0xc0, 0x01, 0x00, 0x00, 0x00, 0xc0,
    0x01, 0x00, 0x00, 0x00, 0xc0, 0x01, 0x00, 0x00, 0x00, 0xc0, 0x01, 0x00, 0x00, 0x00, 0xc0, 0x01,
    0x00, 0x00, 0x00, 0xc0, 0x01, 0x00, 0x00, 0x00, 0x00, 0x00, 0x00, 0x00, 0x00, 0x00, 0x00, 0x00,
    0x00, 0x00, 0x00, 0x00, 0x00, 0x00, 0x00, 0xc0, 0x01, 0x00, 0x00, 0x00, 0xc0, 0x01, 0x00, 0x00,
    0x00, 0xc0, 0x01, 0x00, 0x00, 0x00, 0xc0, 0x01, 0x00, 0x00, 0x00, 0xc0, 0x01, 0x00, 0x00, 0x00,
    0xc0, 0x01, 0x00, 0x00, 0x00, 0xc0, 0x01, 0x00, 0x00, 0x00, 0xc0, 0x01, 0x00, 0x00, 0x00, 0xc0,
    0x01, 0x00, 0x00, 0x00, 0xc0, 0x01, 0x00, 0x00, 0x00, 0xc0, 0x01, 0x00, 0x00, 0x00, 0xc0, 0x01,
    0x00, 0x00, 0x00, 0xc0, 0x01, 0x00, 0x00, 0x00, 0xc0, 0x01, 0x00, 0x00, 0x00, 0xc0, 0x01, 0x00,
    0x00, 0x00, 0xc0, 0x01, 0x00, 0x00, 0x00, 0xc0, 0x01, 0x00, 0x00, 0x00, 0xc0, 0x01, 0x00, 0x00,
    0x00, 0xc0, 0x01, 0x00, 0x00, 0x00, 0xc0, 0x01, 0x00, 0x00, 0x00, 0xc0, 0x01, 0x00, 0x00, 0x00,
    0xc0, 0x01, 0x00, 0x00, 0x00, 0xc0, 0x01, 0x00, 0x00, 0x00, 0xc0, 0x01, 0x00, 0x00, 0x00, 0xc0,
    0x01, 0x00, 0x00, 0x00, 0xc0, 0x01, 0x00, 0x00, 0x00, 0x00, 0x00, 0x00, 0x00, 0x00, 0x00, 0x00,
    0x00, 0x00, 0x00, 0x00, 0x00, 0x00, 0x00, 0x00, 0xc0, 0x01, 0x00, 0x00, 0x00, 0xc0, 0x01, 0x00,
    0x00, 0x00, 0xc0, 0x01, 0x00, 0x00, 0x00, 0xc0, 0x01, 0x00, 0x00, 0x00, 0xc0, 0x01, 0x00, 0x00,
    0x00, 0xc0, 0x01, 0x00, 0x00, 0x00, 0xc0, 0x01, 0x00, 0x00, 0x00, 0xc0, 0x01, 0x00, 0x00, 0x00,
    0xc0, 0x01, 0x00, 0x00, 0x00, 0xc0, 0x01, 0x00, 0x00, 0x00, 0xc0, 0x01, 0x00, 0x00, 0x00, 0xc0,
    0x01, 0x00, 0x00, 0x00, 0xc0, 0x01, 0x00, 0x00, 0x00, 0xc0, 0x01, 0x00, 0x00, 0x00, 0xc0, 0x01,
    0x00, 0x00, 0x00, 0xc0, 0x01, 0x00, 0x00, 0x00, 0xc0, 0x01, 0x00, 0x00, 0x00, 0xc0, 0x01, 0x00,
    0x00, 0x00, 0xc0, 0x01, 0x00, 0x00, 0x00, 0xc0, 0x01, 0x00, 0x00, 0x00, 0xc0, 0x01, 0x00, 0x00,
    0x00, 0xc0, 0x01, 0x00, 0x00, 0x00, 0xc0, 0x01, 0x00, 0x00, 0x00, 0xc0, 0x01, 0x00, 0x00, 0x00,
    0xc0, 0x01, 0x00, 0x00, 0x00, 0xc0, 0x01, 0x00, 0x00, 0x00, 0x00, 0x00, 0xc0, 0x39, 0x00, 0x00,
    0x00, 0xc0, 0x39, 0x00, 0x00, 0x00, 0xc0, 0x39, 0x00, 0x00, 0x00, 0xc0, 0x39, 0x00, 0x00, 0x00,
    0xc0, 0x39, 0x00, 0x00, 0x00, 0xc0, 0x39, 0x00, 0x00, 0x00, 0xc0, 0x39, 0x00, 0x00, 0x00, 0xc0,
    0x39, 0x00, 0x00, 0x00, 0xc0, 0x39, 0x00, 0x00, 0x00, 0xc0, 0x39, 0x00, 0x00, 0x00, 0xc0, 0x39,
    0x00, 0x00, 0x00, 0xc0, 0x39, 0x00, 0x00, 0x00, 0xc0, 0x39, 0x00, 0x00, 0x00, 0xc0, 0x39, 0x00,
    0x00, 0x00, 0xc0, 0x39, 0x00, 0x00, 0x00, 0xc0, 0x39, 0x00, 0x00, 0x00, 0xc0, 0x39, 0x00, 0x00,
    0x00, 0xc0, 0x39, 0x00, 0x00, 0x00, 0x00, 0x00, 0x00, 0x00, 0x00, 0x00, 0x00, 0xf0, 0x01, 0x00,
    0x00, 0x00, 0xfc, 0x01, 0x00, 0x00, 0x00, 0xfe, 0x01, 0x00, 0x00, 0x00, 0x3f, 0x00, 0x00, 0x00,
    0x00, 0x06, 0x00, 0x00, 0x00, 0x00, 0x00, 0x00, 0x00, 0x00, 0x00, 0x00, 0x01, 0x00, 0x00, 0x00,
    0xe0, 0x03, 0x00, 0x00, 0x00, 0xff, 0x03, 0x00, 0x00, 0x00, 0xff, 0x00, 0x00, 0x00, 0x00, 0x7f,
    0x00, 0x00, 0x00, 0x00, 0x00, 0x00, 0x00, 0x00, 0x00, 0x00, 0x00, 0x00, 0x00, 0x03, 0x00, 0x00,
    0x00, 0xe0, 0x07, 0x00, 0x00, 0x00, 0xfc, 0x03, 0x00, 0x00, 0x00, 0xfc, 0x01, 0x00, 0x00, 0x00,
    0x7c, 0x00, 0x00, 0x00, 0x00, 0x00, 0x00, 0x00, 0x00, 0x00, 0x00, 0x00, 0x7f, 0x00, 0x00, 0x00,
    0x00, 0xff, 0x00, 0x00, 0x00, 0x00, 0xff, 0x03, 0x00, 0x00, 0x00, 0xe0, 0x03, 0x00, 0x00, 0x00,
    0x00, 0x01, 0x00, 0x00, 0x00, 0x00, 0x00, 0x00, 0x00, 0x00, 0x00, 0x00, 0x00, 0x00, 0x00, 0xf0,
    0x01, 0x00, 0x00, 0x00, 0xfc, 0x01, 0x00, 0x00, 0x00, 0xfe, 0x01, 0x00, 0x00, 0x00, 0x3f, 0x00,
    0x00, 0x00, 0x00, 0x06, 0x00, 0x00, 0x00, 0x00, 0x00, 0x00, 0x00, 0x00, 0x00, 0xf0, 0x01, 0x00,
    0x00, 0x00, 0xfc, 0x01, 0x00, 0x00, 0x00, 0xfe, 0x01, 0x00, 0x00, 0x00, 0x3f, 0x00, 0x00, 0x00,
    0x00, 0x06, 0x00, 0x00, 0x00, 0x00, 0x00, 0x00, 0x00, 0x00, 0x00, 0x00, 0x01, 0x00, 0x00, 0x00,
    0xe0, 0x03, 0x00, 0x00, 0x00, 0xff, 0x03, 0x00, 0x00, 0x00, 0xff, 0x00, 0x00, 0x00, 0x00, 0x7f,
    0x00, 0x00, 0x00, 0x00, 0x00, 0x00, 0x00, 0x00, 0x00, 0x00, 0x01, 0x00, 0x00, 0x00, 0xe0, 0x03,
    0x00, 0x00, 0x00, 0xff, 0x03, 0x00, 0x00, 0x00, 0xff, 0x00, 0x00, 0x00, 0x00, 0x7f, 0x00, 0x00,
    0x00, 0x00, 0x00, 0x00, 0x00, 0x00, 0x00, 0x00, 0x00, 0x00, 0x00, 0x06, 0x00, 0x00, 0x00, 0xc0,
    0x0f, 0x00, 0x00, 0x00, 0xfe, 0x07, 0x00, 0x00, 0x00, 0xfe, 0x03, 0x00, 0x00, 0x00, 0xfe, 0x00,
    0x00, 0x00, 0x00, 0x00, 0x04, 0x00, 0x00, 0x00, 0x00, 0x06, 0x00, 0x00, 0x00, 0xfe, 0x0f, 0x00,
    0x00, 0x00, 0xfe, 0x07, 0x00, 0x00, 0x00, 0xfe, 0x03, 0x00, 0x00, 0x00, 0x7e, 0x00, 0x00, 0x00,
    0x00, 0x00, 0x00, 0x00, 0x0e, 0x00, 0x00, 0x00, 0x00, 0x0e, 0x00, 0x00, 0x00, 0x00, 0x0e, 0x00,
    0x00, 0x00, 0x00, 0x0e, 0x00, 0x00, 0x00, 0x00, 0x0e, 0x00, 0x00, 0x00, 0x00, 0x0e, 0x00, 0x00,
    0x00, 0x00, 0x0e, 0x00, 0x00, 0x00, 0x00, 0x0e, 0x00, 0x00, 0x00, 0xfc, 0xff, 0xff, 0x3f, 0x00,
    0xfc, 0xff, 0xff, 0x3f, 0x00, 0xfc, 0xff, 0xff, 0x3f, 0x00, 0xfc, 0xff, 0xff, 0x3f, 0x00, 0x00,
    0x0e, 0x00, 0x00, 0x00, 0x00, 0x0e, 0x00, 0x00, 0x00, 0x00, 0x0e, 0x00, 0x00, 0x00, 0x00, 0x0e,
    0x00, 0x00, 0x00, 0x00, 0x0e, 0x00, 0x00, 0x00, 0x00, 0x0e, 0x00, 0x00, 0x00, 0x00, 0x0e, 0x00,
    0x00, 0x00, 0x00, 0x0e, 0x00, 0x00, 0x00, 0x00, 0x00, 0x00, 0x00, 0x00, 0x00, 0x00, 0x00, 0x00,
    0x00, 0x00, 0x0e, 0x00, 0x38, 0x00, 0x00, 0x0e, 0x00, 0x38, 0x00, 0x00, 0x0e, 0x00, 0x38, 0x00,
    0x00, 0x0e, 0x00, 0x38, 0x00, 0x00, 0x0e, 0x00, 0x38, 0x00, 0x00, 0x0e, 0x00, 0x38, 0x00, 0x00,
    0x0e, 0x00, 0x38, 0x00, 0xfc, 0xff, 0xff, 0xff, 0x3f, 0xfc, 0xff, 0xff, 0xff, 0x3f, 0xfc, 0xff,
    0xff, 0xff, 0x3f, 0xfc, 0xff, 0xff, 0xff, 0x3f, 0x00, 0x0e, 0x00, 0x38, 0x00, 0x00, 0x0e, 0x00,
    0x38, 0x00, 0x00, 0x0e, 0x00, 0x38, 0x00, 0x00, 0x0e, 0x00, 0x38, 0x00, 0x00, 0x0e, 0x00, 0x38,
    0x00, 0x00, 0x0e, 0x00, 0x38, 0x00, 0x00, 0x0e, 0x00, 0x38, 0x00, 0x00, 0x0e, 0x00, 0x38, 0x00,
    0x00, 0x00, 0x00, 0x00, 0x00, 0x00, 0x00, 0x00, 0x00, 0x00, 0x00, 0x00, 0x00, 0x00, 0x00, 0x00,
    0xf0, 0x07, 0x00, 0x00, 0x00, 0xf0, 0x07, 0x00, 0x00, 0x00, 0xf8, 0x0f, 0x00, 0x00, 0x00, 0xf8,
    0x0f, 0x00, 0x00, 0x00, 0xf8, 0x0f, 0x00, 0x00, 0x00, 0xf8, 0x0f, 0x00, 0x00, 0x00, 0xf0, 0x07,
    0x00, 0x00, 0x00, 0xc0, 0x01, 0x00, 0x00, 0x00, 0x00, 0x00, 0x00, 0x00, 0x00, 0x00, 0x00, 0x00,
    0x00, 0x00, 0x00, 0x00, 0x00, 0x00, 0x00, 0x00, 0x00, 0x1c, 0x00, 0x00, 0x00, 0x00, 0x3c, 0x00,
    0x00, 0x00, 0x00, 0x3c, 0x00, 0x00, 0x00, 0x00, 0x3c, 0x00, 0x00, 0x00, 0x00, 0x00, 0x00, 0x00,
    0x00, 0x00, 0x00, 0x00, 0x00, 0x00, 0x00, 0x00, 0x00, 0x00, 0x00, 0x00, 0x00, 0x00, 0x00, 0x00,
    0x00, 0x00, 0x00, 0x00, 0x00, 0x00, 0x1c, 0x00, 0x00, 0x00, 0x00, 0x3c, 0x00, 0x00, 0x00, 0x00,
    0x3c, 0x00, 0x00, 0x00, 0x00, 0x3c, 0x00, 0x00, 0x00, 0x00, 0x00, 0x00, 0x00, 0x00, 0x00, 0x00,
    0x00, 0x00, 0x00, 0x00, 0x00, 0x00, 0x00, 0x00, 0x00, 0x1c, 0x00, 0x00, 0x00, 0x00, 0x3c, 0x00,
    0x00, 0x00, 0x00, 0x3c, 0x00, 0x00, 0x00, 0x00, 0x3c, 0x00, 0x00, 0x00, 0x00, 0x00, 0x00, 0x00,
    0x00, 0x00, 0x00, 0x00, 0x00, 0x00, 0x00, 0x00, 0x00, 0x00, 0x00, 0x00, 0x00, 0x00, 0x00, 0x00,
    0x00, 0x00, 0x00, 0x00, 0x00, 0x00, 0x1c, 0x00, 0x00, 0x00, 0x00, 0x3c, 0x00, 0x00, 0x00, 0x00,
    0x3c, 0x00, 0x00, 0x00, 0x00, 0x3c, 0x00, 0x00, 0x00, 0x00, 0x00, 0x00, 0x00, 0x00, 0x00, 0x00,
    0x00, 0x00, 0x00, 0x00, 0x00, 0x00, 0x00, 0x00, 0x00, 0x00, 0x00, 0x00, 0x00, 0x00, 0x1c, 0x00,
    0x00, 0x00, 0x00, 0x3c, 0x00, 0x00, 0x00, 0x00, 0x3c, 0x00, 0x00, 0x00, 0x00, 0x3c, 0x00, 0x00,
    0x00, 0x00, 0x00, 0x00, 0x00, 0x00, 0x00, 0x00, 0x00, 0x00, 0x00, 0x0f, 0x00, 0x00, 0x00, 0x00,
    0x0f, 0x00, 0x00, 0x00, 0x00, 0x0f, 0x00, 0x00, 0x00, 0x00, 0x06, 0x00, 0x00, 0x00, 0x00, 0x00,
    0x00, 0x00, 0xc0, 0x07, 0x00, 0x00, 0x00, 0xf0, 0x1f, 0x00, 0x00, 0x00, 0xf8, 0x3f, 0x00, 0x00,
    0x00, 0x38, 0x38, 0x00, 0x00, 0x00, 0x1c, 0x70, 0x00, 0x00, 0x00, 0x0c, 0x60, 0x00, 0x04, 0x00,
    0x0c, 0x60, 0x00, 0x06, 0x00, 0x1c, 0x70, 0x80, 0x0f, 0x00, 0x1c, 0x70, 0xe0, 0x03, 0x00, 0xf8,
    0x3f, 0xf0, 0x01, 0x00, 0xf0, 0x1f, 0x7c, 0x00, 0x00, 0xe0, 0x0f, 0x1e, 0x00, 0x00, 0x00, 0x80,
    0x0f, 0x00, 0x00, 0x00, 0xe0, 0x03, 0x00, 0x00, 0x00, 0xf0, 0x00, 0x00, 0x00, 0x00, 0x7c, 0xf0,
    0x07, 0x00, 0x00, 0x1e, 0xf8, 0x0f, 0x00, 0x80, 0x0f, 0xfc, 0x1f, 0x00, 0xe0, 0x03, 0x0e, 0x38,
    0x00, 0xf0, 0x00, 0x0e, 0x38, 0x00, 0x60, 0x00, 0x06, 0x30, 0x00, 0x00, 0x00, 0x06, 0x30, 0x00,
    0x00, 0x00, 0x0e, 0x38, 0x00, 0x00, 0x00, 0x1c, 0x1c, 0x00, 0x00, 0x00, 0xfc, 0x1f, 0x00, 0x00,
    0x00, 0xf8, 0x0f, 0x00, 0x00, 0x00, 0xfc, 0x1f, 0x00, 0x00, 0x00, 0x0e, 0x38, 0x00, 0x00, 0x00,
    0x0e, 0x38, 0x00, 0x00, 0x00, 0x06, 0x30, 0x00, 0x00, 0x00, 0x06, 0x30, 0x00, 0x00, 0x00, 0x0e,
    0x38, 0x00, 0x00, 0x00, 0x1c, 0x3c, 0x00, 0x00, 0x00, 0xfc, 0x1f, 0x00, 0x00, 0x00, 0xf8, 0x0f,
    0x00, 0x00, 0x00, 0xe0, 0x03, 0x00, 0x00, 0x00, 0x00, 0x00, 0x00, 0x00, 0x00, 0x00, 0x00, 0x00,
    0xff, 0x01, 0x00, 0x00, 0x00, 0xff, 0x01, 0x00, 0x00, 0x00, 0xff, 0x01, 0x00, 0x00, 0x00, 0x00,
    0x00, 0x00, 0x00, 0x00, 0x00, 0x00, 0x00, 0x00, 0x00, 0x00, 0x00, 0x00, 0x00, 0x00, 0xff, 0x03,
    0x00, 0x00, 0x00, 0xff, 0x03, 0x00, 0x00, 0x00, 0x00, 0x00, 0x00, 0x00, 0x00, 0x00, 0x00, 0x00,
    0x00, 0x00, 0x00, 0x00, 0x00, 0x00, 0x00, 0xff, 0x03, 0x00, 0x00, 0x00, 0xff, 0x03, 0x00, 0x00,
    0x00, 0x3f, 0x00, 0x00, 0x00, 0x00, 0x00, 0x00, 0x00, 0x00, 0x00, 0x00, 0x00, 0x00, 0x00, 0x00,
    0x00, 0x00, 0x0c, 0x00, 0x00, 0x00, 0x00, 0x1e, 0x00, 0x00, 0x00, 0x00, 0x3f, 0x00, 0x00, 0x00,
    0xc0, 0xff, 0x00, 0x00, 0x00, 0xe0, 0xf3, 0x01, 0x00, 0x00, 0xf8, 0xc0, 0x07, 0x00, 0x00, 0x38,
    0x00, 0x07, 0x00, 0x00, 0x18, 0x00, 0x06, 0x00, 0x00, 0x00, 0x00, 0x00, 0x00, 0x00, 0x00, 0x00,
    0x00, 0x00, 0x00, 0x08, 0x00, 0x04, 0x00, 0x00, 0x38, 0x00, 0x07, 0x00, 0x00, 0x78, 0x80, 0x07,
    0x00, 0x00, 0xf0, 0xe1, 0x03, 0x00, 0x00, 0xc0, 0xfb, 0x00, 0x00, 0x00, 0x80, 0x7f, 0x00, 0x00,
    0x00, 0x00, 0x3f, 0x00, 0x00, 0x00, 0x00, 0x0c, 0x00, 0x00, 0x00, 0x00, 0x00, 0x00, 0x00, 0x00,
    0x00, 0x00, 0x00, 0x00, 0x00, 0x00, 0x00, 0x00, 0x00, 0xfc, 0xff, 0x0f, 0x18, 0x00, 0xfc, 0xff,
    0x3f, 0x3c, 0x00, 0xfc, 0xff, 0x3f, 0x3c, 0x00, 0xfc, 0xff, 0x3f, 0x3c, 0x00, 0x00, 0x00, 0x00,
    0x00, 0x00, 0x00, 0x00, 0x00, 0x00, 0x00, 0x00, 0x00, 0x00, 0x00, 0x00, 0x00, 0x00, 0x00, 0x00,
    0x00, 0x00, 0x00, 0x00, 0x00, 0x00, 0x00, 0x00, 0x00, 0x00, 0x00, 0xfc, 0xff, 0x0f, 0x18, 0x00,
    0xfc, 0xff, 0x3f, 0x3c, 0x00, 0xfc, 0xff, 0x3f, 0x3c, 0x00, 0xfc, 0xff, 0x3f, 0x3c, 0x00, 0x00,
    0x00, 0x00, 0x00, 0x00, 0x00, 0x00, 0x00, 0x02, 0x00, 0x00, 0x00, 0x00, 0x07, 0x00, 0x00, 0x00,
    0xc0, 0x07, 0x00, 0x00, 0x00, 0xf0, 0x01, 0x00, 0x00, 0x00, 0x78, 0x00, 0x00, 0x00, 0x00, 0x3e,
    0x00, 0x00, 0x00, 0x00, 0x0f, 0x00, 0x00, 0x00, 0xc0, 0x07, 0x00, 0x00, 0x00, 0xe0, 0x01, 0x00,
    0x00, 0x00, 0xf8, 0x00, 0x00, 0x00, 0x00, 0x3c, 0x00, 0x00, 0x00, 0x00, 0x0f, 0x00, 0x00, 0x00,
    0xc0, 0x07, 0x00, 0x00, 0x00, 0xe0, 0x01, 0x00, 0x00, 0x00, 0xf0, 0x00, 0x00, 0x00, 0x00, 0x20,
    0x00, 0x00, 0x00, 0x00,
};

static const uint16_t mf_bwfont_Roboto_Regular40bw_glyph_offsets_21[70] PROGMEM = {
    0x0000, 0x0000, 0x0000, 0x0000, 0x0000, 0x0000, 0x0000, 0x0000,
    0x0000, 0x0000, 0x0000, 0x0000, 0x0000, 0x0000, 0x0000, 0x0000,
    0x0000, 0x000a, 0x0014, 0x0014, 0x002b, 0x0048, 0x0065, 0x0065,
    0x0077, 0x007e, 0x0084, 0x008a, 0x0091, 0x009e, 0x00aa, 0x00b6,
    0x00b6, 0x00cb, 0x00e0, 0x00eb, 0x00eb, 0x00eb, 0x00fb, 0x0113,
    0x0119, 0x0119, 0x0119, 0x0119, 0x0119, 0x0119, 0x0119, 0x0119,
    0x0119, 0x013e, 0x013e, 0x0143, 0x014e, 0x014e, 0x014e, 0x014e,
    0x014e, 0x014e, 0x0158, 0x0162, 0x0162, 0x0173, 0x0173, 0x0173,
    0x0173, 0x0173, 0x0173, 0x0173, 0x0173, 0x0184,
};

static const uint8_t mf_bwfont_Roboto_Regular40bw_glyph_widths_21[69] PROGMEM = {
    0x14, 0x29, 0x14, 0x29, 0x0e, 0x0a, 0x07, 0x16, 0x0b, 0x08, 0x04, 0x00, 0x00, 0x00, 0x00, 0x00,
    0x0b, 0x0b, 0x00, 0x1a, 0x1f, 0x1f, 0x00, 0x12, 0x08, 0x08, 0x08, 0x08, 0x0e, 0x0e, 0x0e, 0x00,
    0x16, 0x17, 0x0e, 0x00, 0x00, 0x13, 0x1b, 0x07, 0x00, 0x00, 0x00, 0x00, 0x00, 0x00, 0x00, 0x00,
    0x26, 0x00, 0x07, 0x0d, 0x00, 0x00, 0x00, 0x00, 0x00, 0x0c, 0x0c, 0x00, 0x15, 0x00, 0x00, 0x00,
    0x00, 0x00, 0x00, 0x00, 0x12,
};

static const uint8_t mf_bwfont_Roboto_Regular40bw_glyph_data_22[1926] PROGMEM = {
    0x00, 0x00, 0x00, 0x00, 0x00, 0x00, 0xe0, 0xff, 0x00, 0x00, 0x00, 0x00, 0xf0, 0xff, 0x03, 0x00,
    0x00, 0x00, 0xf0, 0xff, 0x03, 0x00, 0x00, 0x00, 0x38, 0x00, 0x07, 0x00, 0x00, 0x00, 0x38, 0x00,
    0x07, 0x00, 0x00, 0x00, 0x38, 0x00, 0x07, 0x00, 0x00, 0x00, 0x38, 0x00, 0x07, 0x00, 0x00, 0x00,
    0x78, 0x80, 0x07, 0x00, 0x00, 0x00, 0xf0, 0xff, 0x03, 0x00, 0x00, 0x00, 0xe0, 0xff, 0x01, 0x00,
    0x00, 0x00, 0xc0, 0xff, 0x00, 0x00, 0x00, 0x00, 0x00, 0xe0, 0x00, 0x00, 0x00, 0x00, 0x00, 0xf0,
    0x00, 0x00, 0x00, 0x00, 0x00, 0xf8, 0x00, 0x00, 0x00, 0x00, 0x00, 0xfe, 0x00, 0x00, 0x00, 0x00,
    0x00, 0xef, 0x00, 0x00, 0x00, 0x00, 0x80, 0xe7, 0x00, 0x00, 0x00, 0x00, 0xe0, 0xe1, 0x00, 0x00,
    0x00, 0x00, 0xf0, 0xff, 0x07, 0x00, 0x00, 0x00, 0xf0, 0xff, 0x07, 0x00, 0x00, 0x00, 0xf0, 0xff,
    0x07, 0x00, 0x00, 0x00, 0xf0, 0xff, 0x07, 0x00, 0x00, 0x00, 0x00, 0xe0, 0x00, 0x00, 0x00, 0x00,
    0x00, 0xe0, 0x00, 0x00, 0x00, 0x00, 0x00, 0x00, 0x00, 0x00, 0x00, 0x00, 0x00, 0x87, 0x01, 0x00,
    0x00, 0x00, 0xf8, 0x87, 0x03, 0x00, 0x00, 0x00, 0xf8, 0x87, 0x03, 0x00, 0x00, 0x00, 0x78, 0x07,
    0x07, 0x00, 0x00, 0x00, 0x38, 0x03, 0x07, 0x00, 0x00, 0x00, 0x38, 0x03, 0x07, 0x00, 0x00, 0x00,
    0x38, 0x07, 0x07, 0x00, 0x00, 0x00, 0x38, 0x07, 0x07, 0x00, 0x00, 0x00, 0x38, 0xff, 0x03, 0x00,
    0x00, 0x00, 0x38, 0xfe, 0x03, 0x00, 0x00, 0x00, 0x38, 0xfc, 0x00, 0x00, 0x00, 0x00, 0x00, 0x00,
    0x00, 0x00, 0x00, 0x00, 0x80, 0xff, 0x00, 0x00, 0x00, 0x00, 0xc0, 0xff, 0x03, 0x00, 0x00, 0x00,
    0xe0, 0xff, 0x03, 0x00, 0x00, 0x00, 0xf0, 0x0c, 0x07, 0x00, 0x00, 0x00, 0x70, 0x0e, 0x07, 0x00,
    0x00, 0x00, 0x38, 0x0e, 0x07, 0x00, 0x00, 0x00, 0x38, 0x0e, 0x07, 0x00, 0x00, 0x00, 0x38, 0x0e,
    0x07, 0x00, 0x00, 0x00, 0x38, 0xfe, 0x03, 0x00, 0x00, 0x00, 0x00, 0xfc, 0x03, 0x00, 0x00, 0x00,
    0x00, 0xf8, 0x01, 0x00, 0x00, 0x00, 0x70, 0x00, 0x00, 0x00, 0x00, 0x00, 0x70, 0x00, 0x00, 0x00,
    0x00, 0x00, 0x70, 0x00, 0x04, 0x00, 0x00, 0x00, 0x70, 0x00, 0x06, 0x00, 0x00, 0x00, 0x70, 0x80,
    0x07, 0x00, 0x00, 0x00, 0x70, 0xe0, 0x07, 0x00, 0x00, 0x00, 0x70, 0xf8, 0x01, 0x00, 0x00, 0x00,
    0x70, 0x7e, 0x00, 0x00, 0x00, 0x00, 0xf0, 0x1f, 0x00, 0x00, 0x00, 0x00, 0xf0, 0x07, 0x00, 0x00,
    0x00, 0x00, 0xf0, 0x01, 0x00, 0x00, 0x00, 0x00, 0x70, 0x00, 0x00, 0x00, 0x00, 0x00, 0x00, 0x00,
    0x00, 0x00, 0x00, 0x00, 0xe0, 0xf1, 0x01, 0x00, 0x00, 0x00, 0xf0, 0xfb, 0x03, 0x00, 0x00, 0x00,
    0xf0, 0xff, 0x07, 0x00, 0x00, 0x00, 0x38, 0x0e, 0x07, 0x00, 0x00, 0x00, 0x38, 0x0e, 0x07, 0x00,
    0x00, 0x00, 0x38, 0x0e, 0x07, 0x00, 0x00, 0x00, 0x38, 0x0e, 0x07, 0x00, 0x00, 0x00, 0x78, 0x1f,
    0x07, 0x00, 0x00, 0x00, 0xf0, 0xff, 0x03, 0x00, 0x00, 0x00, 0xf0, 0xfb, 0x03, 0x00, 0x00, 0x00,
    0xc0, 0xf1, 0x01, 0x00, 0x00, 0x00, 0x80, 0x01, 0x00, 0x00, 0x00, 0x00, 0xe0, 0x07, 0x00, 0x00,
    0x00, 0x00, 0xf0, 0x0f, 0x00, 0x00, 0x00, 0x00, 0xf8, 0x1f, 0x06, 0x00, 0x00, 0x00, 0x38, 0x1c,
    0x07, 0x00, 0x00, 0x00, 0x38, 0x18, 0x07, 0x00, 0x00, 0x00, 0x38, 0x18, 0x07, 0x00, 0x00, 0x00,
    0x38, 0x9c, 0x03, 0x00, 0x00, 0x00, 0x78, 0xcc, 0x03, 0x00, 0x00, 0x00, 0xf0, 0xff, 0x01, 0x00,
    0x00, 0x00, 0xe0, 0xff, 0x00, 0x00, 0x00, 0x00, 0x80, 0x3f, 0x00, 0x00, 0x00, 0x00, 0x00, 0x00,
    0x00, 0x00, 0x00, 0x00, 0x00, 0x38, 0x00, 0x00, 0x00, 0x00, 0x00, 0x38, 0x00, 0x00, 0x00, 0x00,
    0x00, 0x38, 0x00, 0x00, 0x00, 0x00, 0x00, 0x38, 0x00, 0x00, 0x00, 0x00, 0x00, 0x38, 0x00, 0x00,
    0x00, 0x00, 0xe0, 0xff, 0x0f, 0x00, 0x00, 0x00, 0xe0, 0xff, 0x0f, 0x00, 0x00, 0x00, 0x00, 0x38,
    0x00, 0x00, 0x00, 0x00, 0x00, 0x38, 0x00, 0x00, 0x00, 0x00, 0x00, 0x38, 0x00, 0x00, 0x00, 0x00,
    0x00, 0x38, 0x00, 0x00, 0x00, 0x00, 0x00, 0x38, 0x00, 0x00, 0x00, 0x00, 0x00, 0x38, 0x00, 0x00,
    0x00, 0x00, 0x00, 0x00, 0x00, 0x00, 0x00, 0x00, 0x00, 0x38, 0x00, 0x00, 0x00, 0x00, 0x00, 0x38,
    0x00, 0x00, 0x00, 0x00, 0x00, 0x38, 0x00, 0x00, 0x00, 0x00, 0x00, 0x38, 0x00, 0x00, 0x00, 0x00,
    0x00, 0x38, 0x00, 0x00, 0x00, 0x00, 0x00, 0x38, 0x00, 0x00, 0x00, 0x00, 0x00, 0x38, 0x00, 0x00,
    0x00, 0x00, 0x00, 0x38, 0x00, 0x00, 0x00, 0x00, 0x00, 0x38, 0x00, 0x00, 0x00, 0x00, 0x00, 0x38,
    0x00, 0x00, 0x00, 0x00, 0x00, 0x38, 0x00, 0x00, 0x00, 0x00, 0x00, 0x00, 0x00, 0x00, 0x00, 0x00,
    0x00, 0xe7, 0x00, 0x00, 0x00, 0x00, 0x00, 0xe7, 0x00, 0x00, 0x00, 0x00, 0x00, 0xe7, 0x00, 0x00,
    0x00, 0x00, 0x00, 0xe7, 0x00, 0x00, 0x00, 0x00, 0x00, 0xe7, 0x00, 0x00, 0x00, 0x00, 0x00, 0xe7,
    0x00, 0x00, 0x00, 0x00, 0x00, 0xe7, 0x00, 0x00, 0x00, 0x00, 0x00, 0xe7, 0x00, 0x00, 0x00, 0x00,
    0x00, 0xe7, 0x00, 0x00, 0x00, 0x00, 0x00, 0xe7, 0x00, 0x00, 0x00, 0x00, 0x00, 0xe7, 0x00, 0x00,
    0x00, 0x00, 0x00, 0x00, 0x00, 0x00, 0x00, 0x00, 0xc0, 0xff, 0x03, 0x00, 0x00, 0x00, 0xf0, 0xff,
    0x0f, 0x00, 0x00, 0x00, 0xfc, 0xff, 0x3f, 0x00, 0x00, 0x00, 0x7e, 0x00, 0x7e, 0x00, 0x00, 0x00,
    0x0f, 0x00, 0xf0, 0x00, 0x00, 0x00, 0x06, 0x00, 0x60, 0x00, 0x00, 0x00, 0x00, 0x00, 0x00, 0x00,
    0x00, 0x00, 0x07, 0x00, 0xe0, 0x00, 0x00, 0x00, 0x1e, 0x00, 0x78, 0x00, 0x00, 0x00, 0xfc, 0x00,
    0x3f, 0x00, 0x00, 0x00, 0xf8, 0xff, 0x1f, 0x00, 0x00, 0x00, 0xe0, 0xff, 0x07, 0x00, 0x00, 0x00,
    0x80, 0xff, 0x01, 0x00, 0x00, 0x00, 0x00, 0x00, 0x00, 0x00, 0x00, 0x00, 0xf0, 0xff, 0x07, 0x00,
    0x00, 0x00, 0xf0, 0xff, 0x07, 0x00, 0x00, 0x00, 0xf0, 0xff, 0x07, 0x00, 0x00, 0x00, 0xc0, 0xff,
    0x07, 0x00, 0x00, 0x00, 0xe0, 0x00, 0x00, 0x00, 0x00, 0x00, 0x60, 0x00, 0x00, 0x00, 0x00, 0x00,
    0x70, 0x00, 0x00, 0x00, 0x00, 0x00, 0x70, 0x00, 0x00, 0x00, 0x00, 0x00, 0x70, 0x00, 0x00, 0x00,
    0x00, 0x00, 0xf0, 0x03, 0x00, 0x00, 0x00, 0x00, 0xe0, 0xff, 0x07, 0x00, 0x00, 0x00, 0xe0, 0xff,
    0x07, 0x00, 0x00, 0x00, 0x80, 0xff, 0x07, 0x00, 0x00, 0x00, 0x00, 0x00, 0x00, 0x00, 0x00, 0x00,
    0x00, 0x00, 0x00, 0xfe, 0x0f, 0x00, 0x00, 0x00, 0x00, 0xff, 0x3f, 0x00, 0x00, 0x00, 0x00, 0xff,
    0x3f, 0x00, 0x00, 0x00, 0x80, 0x03, 0x70, 0x00, 0x00, 0x00, 0x80, 0x03, 0x70, 0x00, 0x00, 0x00,
    0x80, 0x03, 0x70, 0x00, 0x00, 0x00, 0x80, 0x03, 0x70, 0x00, 0x00, 0x00, 0x80, 0x07, 0x78, 0x00,
    0x00, 0x00, 0x00, 0xff, 0x3f, 0x00, 0x00, 0x00, 0x00, 0xfe, 0x1f, 0x00, 0x00, 0x00, 0x00, 0xfc,
    0x0f, 0x00, 0x00, 0x00, 0x00, 0x00, 0x00, 0x00, 0x00, 0x00, 0x00, 0x1c, 0x00, 0x00, 0x00, 0x00,
    0x00, 0x0c, 0x00, 0x00, 0x00, 0x00, 0x00, 0x0c, 0x00, 0x00, 0x00, 0x00, 0x00, 0x0e, 0x00, 0x00,
    0x00, 0x00, 0x00, 0x0e, 0x00, 0x00, 0x00, 0x00, 0x00, 0xfe, 0x7f, 0x00, 0x00, 0x00, 0x00, 0xff,
    0x7f, 0x00, 0x00, 0x00, 0x00, 0xff, 0x7f, 0x00, 0x00, 0x00, 0x00, 0x08, 0x00, 0x00, 0x00, 0x00,
    0x00, 0x0e, 0x70, 0x00, 0x00, 0x00, 0x00, 0x0f, 0x78, 0x00, 0x00, 0x00, 0x80, 0x07, 0x7c, 0x00,
    0x00, 0x00, 0x80, 0x03, 0x7e, 0x00, 0x00, 0x00, 0x80, 0x03, 0x7f, 0x00, 0x00, 0x00, 0x80, 0x83,
    0x77, 0x00, 0x00, 0x00, 0x80, 0xc3, 0x73, 0x00, 0x00, 0x00, 0x80, 0xf7, 0x71, 0x00, 0x00, 0x00,
    0x00, 0xff, 0x70, 0x00, 0x00, 0x00, 0x00, 0x7e, 0x70, 0x00, 0x00, 0x00, 0x00, 0x1c, 0x70, 0x00,
    0x00, 0x00, 0x00, 0x00, 0x0c, 0x00, 0x00, 0x00, 0x00, 0x06, 0x3c, 0x00, 0x00, 0x00, 0x00, 0x07,
    0x3c, 0x00, 0x00, 0x00, 0x80, 0x07, 0x78, 0x00, 0x00, 0x00, 0x80, 0xc3, 0x70, 0x00, 0x00, 0x00,
    0x80, 0xc3, 0x70, 0x00, 0x00, 0x00, 0x80, 0xc3, 0x70, 0x00, 0x00, 0x00, 0x80, 0xe3, 0x70, 0x00,
    0x00, 0x00, 0x80, 0xf7, 0x71, 0x00, 0x00, 0x00, 0x00, 0xff, 0x3f, 0x00, 0x00, 0x00, 0x00, 0xbf,
    0x3f, 0x00, 0x00, 0x00, 0x00, 0x1c, 0x1f, 0x00, 0x00, 0x00, 0x00, 0x00, 0x0e, 0x00, 0x00, 0x00,
    0x00, 0x00, 0x0f, 0x00, 0x00, 0x00, 0x00, 0x80, 0x0f, 0x00, 0x00, 0x00, 0x00, 0xe0, 0x0f, 0x00,
    0x00, 0x00, 0x00, 0xf0, 0x0e, 0x00, 0x00, 0x00, 0x00, 0x78, 0x0e, 0x00, 0x00, 0x00, 0x00, 0x1e,
    0x0e, 0x00, 0x00, 0x00, 0x00, 0xff, 0x7f, 0x00, 0x00, 0x00, 0x00, 0xff, 0x7f, 0x00, 0x00, 0x00,
    0x00, 0xff, 0x7f, 0x00, 0x00, 0x00, 0x00, 0xff, 0x7f, 0x00, 0x00, 0x00, 0x00, 0x00, 0x0e, 0x00,
    0x00, 0x00, 0x00, 0x00, 0x0e, 0x00, 0x00, 0x00, 0x00, 0x00, 0x00, 0x00, 0x00, 0x00, 0x00, 0x70,
    0x18, 0x00, 0x00, 0x00, 0x80, 0x7f, 0x38, 0x00, 0x00, 0x00, 0x80, 0x7f, 0x38, 0x00, 0x00, 0x00,
    0x80, 0x77, 0x70, 0x00, 0x00, 0x00, 0x80, 0x33, 0x70, 0x00, 0x00, 0x00, 0x80, 0x33, 0x70, 0x00,
    0x00, 0x00, 0x80, 0x73, 0x70, 0x00, 0x00, 0x00, 0x80, 0x73, 0x70, 0x00, 0x00, 0x00, 0x80, 0xf3,
    0x3f, 0x00, 0x00, 0x00, 0x80, 0xe3, 0x3f, 0x00, 0x00, 0x00, 0x80, 0xc3, 0x0f, 0x00, 0x00, 0x00,
    0x00, 0x00, 0x00, 0x00, 0x00, 0x00, 0x00, 0xf8, 0x0f, 0x00, 0x00, 0x00, 0x00, 0xfc, 0x3f, 0x00,
    0x00, 0x00, 0x00, 0xfe, 0x3f, 0x00, 0x00, 0x00, 0x00, 0xcf, 0x70, 0x00, 0x00, 0x00, 0x00, 0xe7,
    0x70, 0x00, 0x00, 0x00, 0x80, 0xe3, 0x70, 0x00, 0x00, 0x00, 0x80, 0xe3, 0x70, 0x00, 0x00, 0x00,
    0x80, 0xe3, 0x70, 0x00, 0x00, 0x00, 0x80, 0xe3, 0x3f, 0x00, 0x00, 0x00, 0x00, 0xc0, 0x3f, 0x00,
    0x00, 0x00, 0x00, 0x80, 0x1f, 0x00, 0x00, 0x00, 0x00, 0x07, 0x00, 0x00, 0x00, 0x00, 0x00, 0x07,
    0x00, 0x00, 0x00, 0x00, 0x00, 0x07, 0x40, 0x00, 0x00, 0x00, 0x00, 0x07, 0x60, 0x00, 0x00, 0x00,
    0x00, 0x07, 0x78, 0x00, 0x00, 0x00, 0x00, 0x07, 0x7e, 0x00, 0x00, 0x00, 0x00, 0x87, 0x1f, 0x00,
    0x00, 0x00, 0x00, 0xe7, 0x07, 0x00, 0x00, 0x00, 0x00, 0xff, 0x01, 0x00, 0x00, 0x00, 0x00, 0x7f,
    0x00, 0x00, 0x00, 0x00, 0x00, 0x1f, 0x00, 0x00, 0x00, 0x00, 0x00, 0x07, 0x00, 0x00, 0x00, 0x00,
    0x00, 0x00, 0x00, 0x00, 0x00, 0x00, 0x00, 0x1e, 0x1f, 0x00, 0x00, 0x00, 0x00, 0xbf, 0x3f, 0x00,
    0x00, 0x00, 0x00, 0xff, 0x7f, 0x00, 0x00, 0x00, 0x80, 0xe3, 0x70, 0x00, 0x00, 0x00, 0x80, 0xe3,
    0x70, 0x00, 0x00, 0x00, 0x80, 0xe3, 0x70, 0x00, 0x00, 0x00, 0x80, 0xe3, 0x70, 0x00, 0x00, 0x00,
    0x80, 0xf7, 0x71, 0x00, 0x00, 0x00, 0x00, 0xff, 0x3f, 0x00, 0x00, 0x00, 0x00, 0xbf, 0x3f, 0x00,
    0x00, 0x00, 0x00, 0x1c, 0x1f, 0x00, 0x00, 0x00, 0x00, 0x18, 0x00, 0x00, 0x00, 0x00, 0x00, 0x7e,
    0x00, 0x00, 0x00, 0x00, 0x00, 0xff, 0x00, 0x00, 0x00, 0x00, 0x80, 0xff, 0x61, 0x00, 0x00, 0x00,
    0x80, 0xc3, 0x71, 0x00, 0x00, 0x00, 0x80, 0x83, 0x71, 0x00, 0x00, 0x00, 0x80, 0x83, 0x71, 0x00,
    0x00, 0x00, 0x80, 0xc3, 0x39, 0x00, 0x00, 0x00, 0x80, 0xc7, 0x3c, 0x00, 0x00, 0x00, 0x00, 0xff,
    0x1f, 0x00, 0x00, 0x00, 0x00, 0xfe, 0x0f, 0x00, 0x00, 0x00, 0x00, 0xf8, 0x03, 0x00, 0x00, 0x00,
    0x00, 0x00, 0x00, 0x00, 0x00, 0x00, 0x00, 0xc0, 0x01, 0x00, 0x00, 0x00, 0x00, 0xc0, 0x01, 0x00,
    0x00, 0x00, 0x00, 0xc0, 0x01, 0x00, 0x00, 0x00, 0x00, 0xc0, 0x01, 0x00, 0x00, 0x00, 0x00, 0xc0,
    0x01, 0x00, 0x00, 0x00, 0x00, 0xff, 0x7f, 0x00, 0x00, 0x00, 0x00, 0xff, 0x7f, 0x00, 0x00, 0x00,
    0x00, 0xc0, 0x01, 0x00, 0x00, 0x00, 0x00, 0xc0, 0x01, 0x00, 0x00, 0x00, 0x00, 0xc0, 0x01, 0x00,
    0x00, 0x00, 0x00, 0xc0, 0x01, 0x00, 0x00, 0x00, 0x00, 0xc0, 0x01, 0x00, 0x00, 0x00, 0x00, 0xc0,
    0x01, 0x00, 0x00, 0x00, 0x00, 0x00, 0x00, 0x00, 0x00, 0x00, 0x00, 0xc0, 0x01, 0x00, 0x00, 0x00,
    0x00, 0xc0, 0x01, 0x00, 0x00, 0x00, 0x00, 0xc0, 0x01, 0x00, 0x00, 0x00, 0x00, 0xc0, 0x01, 0x00,
    0x00, 0x00, 0x00, 0xc0, 0x01, 0x00, 0x00, 0x00, 0x00, 0xc0, 0x01, 0x00, 0x00, 0x00, 0x00, 0xc0,
    0x01, 0x00, 0x00, 0x00, 0x00, 0xc0, 0x01, 0x00, 0x00, 0x00, 0x00, 0xc0, 0x01, 0x00, 0x00, 0x00,
    0x00, 0xc0, 0x01, 0x00, 0x00, 0x00, 0x00, 0xc0, 0x01, 0x00, 0x00, 0x00, 0x00, 0x00, 0x00, 0x00,
    0x00, 0x00, 0x00, 0x38, 0x07, 0x00, 0x00, 0x00, 0x00, 0x38, 0x07, 0x00, 0x00, 0x00, 0x00, 0x38,
    0x07, 0x00, 0x00, 0x00, 0x00, 0x38, 0x07, 0x00, 0x00, 0x00, 0x00, 0x38, 0x07, 0x00, 0x00, 0x00,
    0x00, 0x38, 0x07, 0x00, 0x00, 0x00, 0x00, 0x38, 0x07, 0x00, 0x00, 0x00, 0x00, 0x38, 0x07, 0x00,
    0x00, 0x00, 0x00, 0x38, 0x07, 0x00, 0x00, 0x00, 0x00, 0x38, 0x07, 0x00, 0x00, 0x00, 0x00, 0x38,
    0x07, 0x00, 0x00, 0x00, 0x00, 0x00, 0x00, 0x00, 0x00, 0x00, 0x00, 0xfc, 0x0f, 0x00, 0x00, 0x00,
    0x00, 0xff, 0x3f, 0x00, 0x00, 0x00, 0xc0, 0xff, 0xff, 0x00, 0x00, 0x00, 0xe0, 0x03, 0xf0, 0x01,
    0x00, 0x00, 0xf0, 0x00, 0xc0, 0x03, 0x00, 0x00, 0x60, 0x00, 0x80, 0x01, 0x00, 0x00, 0x00, 0x00,
    0x00, 0x00, 0x00, 0x00, 0x70, 0x00, 0x80, 0x03, 0x00, 0x00, 0xe0, 0x01, 0xe0, 0x01, 0x00, 0x00,
    0xe0, 0x07, 0xf8, 0x00, 0x00, 0x00, 0x80, 0xff, 0x7f, 0x00, 0x00, 0x00, 0x00, 0xff, 0x3f, 0x00,
    0x00, 0x00, 0x00, 0xf8, 0x07, 0x00,
};

static const uint16_t mf_bwfont_Roboto_Regular40bw_glyph_offsets_22[32] PROGMEM = {
    0x0000, 0x000c, 0x000c, 0x000c, 0x000c, 0x0019, 0x0025, 0x0031,
    0x003d, 0x0049, 0x0055, 0x0063, 0x006f, 0x007b, 0x0082, 0x0089,
    0x0097, 0x00a3, 0x00ac, 0x00b8, 0x00c4, 0x00d1, 0x00dd, 0x00e9,
    0x00f5, 0x0101, 0x010d, 0x011b, 0x0127, 0x0133, 0x013a, 0x0141,
};

static const uint8_t mf_bwfont_Roboto_Regular40bw_glyph_widths_22[31] PROGMEM = {
    0x0f, 0x00, 0x00, 0x00, 0x0f, 0x0f, 0x0f, 0x0f, 0x0f, 0x0f, 0x10, 0x0f, 0x0f, 0x0a, 0x0a, 0x11,
    0x0f, 0x0f, 0x0f, 0x0f, 0x0f, 0x0f, 0x0f, 0x0f, 0x0f, 0x0f, 0x10, 0x0f, 0x0f, 0x0a, 0x0a,
};

static const uint8_t mf_bwfont_Roboto_Regular40bw_glyph_data_23[1755] PROGMEM = {
    0x00, 0x00, 0xe0, 0x00, 0x00, 0x00, 0x00, 0xe0, 0x00, 0x00, 0xfc, 0xff, 0xff, 0x3f, 0x00, 0xfc,
    0xff, 0xff, 0x3f, 0x00, 0xfc, 0xff, 0xff, 0x3f, 0x00, 0xfc, 0xff, 0xff, 0x3f, 0x00, 0x1c, 0x80,
    0xe3, 0x00, 0x00, 0x1c, 0x80, 0xe3, 0x00, 0x00, 0x1c, 0x80, 0xe3, 0x00, 0x00, 0x1c, 0x80, 0xe3,
    0x00, 0x00, 0x1c, 0x80, 0xe3, 0x00, 0x00, 0x1c, 0x80, 0xe3, 0x00, 0x00, 0x1c, 0x80, 0x03, 0x00,
    0x00, 0x1c, 0x80, 0x03, 0x00, 0x00, 0x1c, 0x80, 0x03, 0x00, 0x00, 0x1c, 0x80, 0x03, 0x00, 0x00,
    0x1c, 0x80, 0x03, 0x00, 0x00, 0x1c, 0x80, 0x03, 0x00, 0x00, 0x1c, 0x00, 0x00, 0x00, 0x00, 0x1c,
    0x00, 0x00, 0x00, 0x00, 0x00, 0x00, 0x00, 0x00, 0x00, 0x00, 0xc0, 0x18, 0x38, 0x00, 0x00, 0xc0,
    0x18, 0x38, 0x00, 0x00, 0xc0, 0x18, 0x3c, 0x00, 0x80, 0xff, 0xff, 0x3f, 0x00, 0xe0, 0xff, 0xff,
    0x3f, 0x00, 0xf0, 0xff, 0xff, 0x3f, 0x00, 0xf8, 0xff, 0xff, 0x39, 0x00, 0x78, 0xc0, 0x18, 0x38,
    0x00, 0x3c, 0xc0, 0x18, 0x38, 0x00, 0x1c, 0xc0, 0x18, 0x38, 0x00, 0x1c, 0xc0, 0x18, 0x38, 0x00,
    0x1c, 0xc0, 0x18, 0x38, 0x00, 0x1c, 0xc0, 0x18, 0x38, 0x00, 0x3c, 0x00, 0x00, 0x38, 0x00, 0x3c,
    0x00, 0x00, 0x38, 0x00, 0xf8, 0x00, 0x00, 0x38, 0x00, 0xf8, 0x03, 0x00, 0x38, 0x00, 0xf0, 0x03,
    0x00, 0x38, 0x00, 0xc0, 0x03, 0x00, 0x38, 0x00, 0x00, 0x00, 0x00, 0x38, 0x00, 0x00, 0x70, 0x1c,
    0x00, 0x00, 0x00, 0x70, 0x1c, 0x00, 0x00, 0x00, 0x70, 0x1c, 0x00, 0x00, 0x00, 0x70, 0x1c, 0x00,
    0x00, 0xfc, 0xff, 0xff, 0x3f, 0x00, 0xfc, 0xff, 0xff, 0x3f, 0x00, 0xfc, 0xff, 0xff, 0x3f, 0x00,
    0xfc, 0xff, 0xff, 0x3f, 0x00, 0xf8, 0x73, 0x1c, 0x00, 0x00, 0xe0, 0x77, 0x1c, 0x00, 0x00, 0xc0,
    0x7f, 0x1c, 0x00, 0x00, 0x00, 0x7f, 0x1c, 0x00, 0x00, 0x00, 0xfe, 0x1c, 0x00, 0x00, 0x00, 0xf8,
    0x1d, 0x00, 0x00, 0x00, 0xf0, 0x1f, 0x00, 0x00, 0x00, 0xf0, 0x1f, 0x00, 0x00, 0x00, 0xf0, 0x3f,
    0x00, 0x00, 0x00, 0x70, 0x7e, 0x00, 0x00, 0x00, 0x70, 0xfc, 0x01, 0x00, 0x00, 0x70, 0xfc, 0x03,
    0x00, 0x00, 0x70, 0xdc, 0x0f, 0x00, 0x00, 0x70, 0x9c, 0x1f, 0x00, 0xfc, 0xff, 0xff, 0x3f, 0x00,
    0xfc, 0xff, 0xff, 0x3f, 0x00, 0xfc, 0xff, 0xff, 0x3f, 0x00, 0xfc, 0xff, 0xff, 0x3f, 0x00, 0x00,
    0x70, 0x1c, 0x00, 0x00, 0x00, 0x70, 0x1c, 0x00, 0x00, 0x00, 0x70, 0x1c, 0x00, 0x00, 0x00, 0x70,
    0x1c, 0x00, 0x00, 0x00, 0x00, 0x00, 0x00, 0x00, 0x00, 0x00, 0x00, 0x00, 0x00, 0xfc, 0xff, 0xff,
    0x3f, 0x00, 0xfc, 0xff, 0xff, 0x3f, 0x00, 0xfc, 0xff, 0xff, 0x3f, 0x00, 0xfc, 0xff, 0xff, 0x3f,
    0x00, 0x1c, 0x00, 0x07, 0x00, 0x00, 0x1c, 0x00, 0x07, 0x00, 0x00, 0x1c, 0x00, 0x07, 0x00, 0x00,
    0x1c, 0x00, 0x07, 0x00, 0x00, 0x1c, 0x00, 0x07, 0x00, 0x00, 0x1c, 0x00, 0x07, 0x00, 0x00, 0x1c,
    0x00, 0x07, 0x00, 0x00, 0x38, 0x80, 0x03, 0x00, 0x00, 0xf8, 0xc0, 0x03, 0x00, 0x00, 0xf8, 0xff,
    0x01, 0x00, 0x00, 0xf0, 0xff, 0x01, 0x00, 0x00, 0xc0, 0x7f, 0x00, 0x00, 0x00, 0x00, 0x1f, 0x00,
    0x00, 0x00, 0x00, 0x0e, 0x00, 0x00, 0x00, 0x00, 0x0e, 0x00, 0x00, 0x00, 0xf0, 0xff, 0xff, 0x03,
    0x00, 0xf0, 0xff, 0xff, 0x0f, 0x00, 0xf0, 0xff, 0xff, 0x1f, 0x00, 0xf0, 0xff, 0xff, 0x3f, 0x00,
    0x00, 0x0e, 0x00, 0x3c, 0x00, 0x00, 0x0e, 0x00, 0x38, 0x00, 0x00, 0x0e, 0x00, 0x38, 0x00, 0x00,
    0x0e, 0x00, 0x38, 0x00, 0x00, 0x00, 0x00, 0x00, 0x00, 0x00, 0x00, 0x00, 0x00, 0x00, 0xfc, 0xff,
    0xff, 0x3f, 0x00, 0xfc, 0xff, 0xff, 0x3f, 0x00, 0xfc, 0xff, 0xff, 0x3f, 0x00, 0xfc, 0xff, 0xff,
    0x3f, 0x00, 0x1c, 0x00, 0x07, 0x00, 0x00, 0x1c, 0x00, 0x07, 0x00, 0x00, 0x1c, 0x00, 0x07, 0x00,
    0x00, 0x1c, 0x00, 0x07, 0x00, 0x00, 0x1c, 0x00, 0x07, 0x00, 0x00, 0x1c, 0x00, 0x07, 0x00, 0x00,
    0x1c, 0x00, 0x07, 0x00, 0x00, 0x1c, 0x00, 0x0f, 0x00, 0x00, 0x1c, 0x00, 0x3f, 0x00, 0x00, 0x3c,
    0x80, 0xff, 0x00, 0x00, 0x78, 0xc0, 0xfb, 0x03, 0x00, 0xf8, 0xe0, 0xf3, 0x07, 0x00, 0xf0, 0xff,
    0xc1, 0x1f, 0x00, 0xe0, 0xff, 0x00, 0x3f, 0x00, 0xc0, 0x7f, 0x00, 0x3e, 0x00, 0x00, 0x0e, 0x00,
    0x38, 0x00, 0x00, 0x00, 0x00, 0x20, 0x00, 0x00, 0x00, 0x80, 0x03, 0x00, 0x00, 0xf0, 0x83, 0x07,
    0x00, 0x00, 0xf8, 0x87, 0x0f, 0x00, 0x00, 0xfc, 0x87, 0x1f, 0x00, 0x00, 0x3c, 0x0f, 0x1c, 0x00,
    0x00, 0x1e, 0x0e, 0x3c, 0x00, 0x00, 0x0e, 0x0e, 0x38, 0x00, 0x00, 0x0e, 0x1c, 0x38, 0x00, 0x00,
    0x0e, 0x1c, 0x38, 0x00, 0x00, 0x0e, 0x1c, 0x38, 0x00, 0x00, 0x0e, 0x1c, 0x38, 0x00, 0x00, 0x1e,
    0x38, 0x3c, 0x00, 0x00, 0x3c, 0x78, 0x1c, 0x00, 0x00, 0xfc, 0xf8, 0x1f, 0x00, 0x00, 0xf8, 0xf0,
    0x0f, 0x00, 0x00, 0xf0, 0xe0, 0x07, 0x00, 0x00, 0x00, 0x80, 0x01, 0x00, 0x04, 0x38, 0x1c, 0x00,
    0x00, 0xfc, 0x38, 0x1c, 0x00, 0x00, 0xfc, 0x3f, 0x1c, 0x00, 0x00, 0xfc, 0xff, 0x1d, 0x00, 0x00,
    0xe0, 0xff, 0x3f, 0x00, 0x00, 0x00, 0xfc, 0xff, 0x07, 0x00, 0x00, 0xb8, 0xff, 0x3f, 0x00, 0x00,
    0x38, 0xfc, 0x3f, 0x00, 0x00, 0x38, 0xdc, 0x3f, 0x00, 0x00, 0x38, 0xff, 0x3f, 0x00, 0x00, 0xf8,
    0xff, 0x03, 0x00, 0xe0, 0xff, 0x1f, 0x00, 0x00, 0xfc, 0xff, 0x1c, 0x00, 0x00, 0xfc, 0x3b, 0x1c,
    0x00, 0x00, 0xfc, 0x3f, 0x1c, 0x00, 0x00, 0xfc, 0xff, 0x1f, 0x00, 0x00, 0x80, 0xff, 0x7f, 0x00,
    0x00, 0x00, 0xf8, 0xff, 0x1f, 0x00, 0x00, 0x38, 0xfc, 0x3f, 0x00, 0x00, 0x38, 0x1c, 0x3f, 0x00,
    0x00, 0x38, 0xfc, 0x3f, 0x00, 0x00, 0xf8, 0xff, 0x1f, 0x00, 0x00, 0xff, 0xff, 0x00, 0x00, 0xfc,
    0xff, 0x1f, 0x00, 0x00, 0xfc, 0x7f, 0x1c, 0x00, 0x00, 0xfc, 0x3f, 0x1c, 0x00, 0x00, 0x3c, 0x38,
    0x1c, 0x00, 0x00, 0x00, 0x38, 0x1c, 0x00, 0x00, 0x00, 0x00, 0x00, 0x00, 0x00, 0x00, 0x00, 0x00,
    0x00, 0x00, 0x00, 0xfe, 0xff, 0x3f, 0x00, 0x00, 0xfe, 0xff, 0x3f, 0x00, 0x00, 0xfe, 0xff, 0x3f,
    0x00, 0x00, 0x0e, 0x00, 0x00, 0x00, 0x00, 0x0e, 0x00, 0x00, 0x00, 0x00, 0x0e, 0x00, 0x00, 0x00,
    0x00, 0x0e, 0x00, 0x00, 0x00, 0x00, 0x0e, 0xff, 0x3f, 0x00, 0x00, 0x0e, 0xff, 0x3f, 0x00, 0x00,
    0x0e, 0xff, 0x3f, 0x00, 0x00, 0x0e, 0xff, 0x3f, 0x00, 0x00, 0x0e, 0x00, 0x38, 0x00, 0x00, 0x1e,
    0x00, 0x38, 0x00, 0x00, 0x3e, 0x00, 0x38, 0x00, 0x00, 0xfc, 0x7f, 0x38, 0x00, 0x00, 0xf8, 0x7f,
    0x38, 0x00, 0x00, 0xf0, 0x7f, 0x38, 0x00, 0x00, 0x00, 0x00, 0x38, 0x00, 0x00, 0x00, 0x00, 0x38,
    0x00, 0x00, 0x00, 0x00, 0x38, 0x00, 0x00, 0x00, 0x00, 0x3c, 0x00, 0x00, 0xfe, 0xff, 0x1f, 0x00,
    0x00, 0xfe, 0xff, 0x1f, 0x00, 0x00, 0xfe, 0xff, 0x0f, 0x00, 0x00, 0xfe, 0xff, 0x03, 0x00, 0x00,
    0x00, 0x00, 0x00, 0x00, 0x00, 0x80, 0xff, 0x00, 0x00, 0x00, 0xe0, 0xff, 0x03, 0x0e, 0x00, 0xf8,
    0xff, 0x0f, 0x0e, 0x00, 0xf8, 0xf7, 0x0f, 0x0e, 0x00, 0x7c, 0x00, 0x1f, 0x0e, 0x00, 0x1e, 0x00,
    0x3c, 0x0e, 0x00, 0x1e, 0x00, 0x3c, 0x0e, 0x00, 0x0e, 0x00, 0x38, 0x0e, 0x00, 0x0e, 0x00, 0x38,
    0x0e, 0x38, 0x0e, 0x00, 0x38, 0x0e, 0x38, 0x0e, 0x00, 0x38, 0x0e, 0x38, 0x1c, 0x00, 0x1c, 0x0e,
    0x38, 0x1c, 0x00, 0x1c, 0x0e, 0x38, 0x38, 0x00, 0x0e, 0x0e, 0xff, 0xff, 0xff, 0x3f, 0x0e, 0xff,
    0xff, 0xff, 0x3f, 0x0e, 0xff, 0xff, 0xff, 0x3f, 0x0e, 0xff, 0xff, 0xff, 0x3f, 0x0e, 0x38, 0x00,
    0x00, 0x00, 0x0e, 0x38, 0x00, 0x00, 0x00, 0x00, 0x38, 0x00, 0x00, 0x00, 0x00, 0x00, 0x00, 0x00,
    0x00, 0x00, 0x00, 0x60, 0x0c, 0x00, 0x00, 0x00, 0x60, 0x0c, 0x00, 0x00, 0x00, 0x60, 0x0c, 0x00,
    0x00, 0x00, 0xfc, 0x3f, 0x00, 0x00, 0x80, 0xff, 0xff, 0x01, 0x00, 0xc0, 0xff, 0xff, 0x03, 0x00,
    0xf0, 0xff, 0xff, 0x0f, 0x00, 0xf0, 0x63, 0xcc, 0x0f, 0x00, 0xf8, 0x60, 0x0c, 0x1f, 0x00, 0x38,
    0x60, 0x0c, 0x1c, 0x00, 0x3c, 0x60, 0x0c, 0x3c, 0x00, 0x1c, 0x60, 0x0c, 0x38, 0x00, 0x1c, 0x60,
    0x0c, 0x38, 0x00, 0x1c, 0x60, 0x0c, 0x38, 0x00, 0x1c, 0x60, 0x0c, 0x38, 0x00, 0x1c, 0x00, 0x00,
    0x38, 0x00, 0x1c, 0x00, 0x00, 0x38, 0x00, 0x3c, 0x00, 0x00, 0x3c, 0x00, 0x80, 0x73, 0x00, 0x00,
    0x00, 0x80, 0x73, 0x00, 0x00, 0x00, 0x80, 0x73, 0x00, 0x00, 0x00, 0xfc, 0xff, 0xff, 0x3f, 0x00,
    0xfc, 0xff, 0xff, 0x3f, 0x00, 0xfc, 0xff, 0xff, 0x3f, 0x00, 0xfc, 0xff, 0xff, 0x3f, 0x00, 0x9c,
    0x73, 0x07, 0x00, 0x00, 0x9c, 0x73, 0x07, 0x00, 0x00, 0x9c, 0x73, 0x07, 0x00, 0x00, 0x9c, 0x73,
    0x07, 0x00, 0x00, 0x9c, 0x73, 0x07, 0x00, 0x00, 0x9c, 0x73, 0x07, 0x00, 0x00, 0x9c, 0x73, 0x07,
    0x00, 0x00, 0x9c, 0x73, 0x07, 0x00, 0x00, 0x9c, 0x73, 0x07, 0x00, 0x00, 0x9c, 0x73, 0x07, 0x00,
    0x00, 0xbc, 0xf3, 0x07, 0x00, 0x00, 0xf8, 0xf3, 0x03, 0x00, 0x00, 0xf8, 0xf3, 0x03, 0x00, 0x00,
    0xf0, 0xff, 0x01, 0x00, 0x00, 0xe0, 0xff, 0x01, 0x00, 0x00, 0xc0, 0xff, 0x00, 0x00, 0x00, 0x80,
    0x7f, 0x00, 0x00, 0x00, 0x80, 0x73, 0x00, 0x00, 0x00, 0x80, 0x73, 0x00, 0x00, 0x00, 0x80, 0x73,
    0x00, 0x00, 0x00, 0x80, 0x73, 0x00, 0x00, 0x00, 0x18, 0x0c, 0x03, 0x00, 0x00, 0x1c, 0x0e, 0x0f,
    0x00, 0x00, 0x1c, 0x0e, 0x1f, 0x00, 0x00, 0x1c, 0x0e, 0x3f, 0x00, 0x00, 0x1c, 0x0e, 0x7f, 0x00,
    0x00, 0x1c, 0x0e, 0xff, 0x00, 0x00, 0x1c, 0x0e, 0xf7, 0x01, 0x00, 0x1c, 0x0e, 0xe7, 0x03, 0x00,
    0x3c, 0x8e, 0xc7, 0x07, 0x00, 0x3c, 0x8e, 0x87, 0x1f, 0x00, 0xfc, 0xce, 0x03, 0x3e, 0x00, 0xfc,
    0xff, 0x03, 0x3c, 0x00, 0xfc, 0xff, 0x01, 0x38, 0x00, 0xfc, 0xff, 0x00, 0x30, 0x00, 0x9c, 0x3f,
    0x00, 0x20, 0x00, 0x1c, 0x0e, 0x00, 0x00, 0x00, 0x1c, 0x0e, 0x00, 0x00, 0x00, 0x1c, 0x0e, 0x00,
    0x00, 0x00, 0x04, 0x02, 0x00, 0x00, 0x00, 0x00, 0x3c, 0x0e, 0x00, 0x00, 0x00, 0x1c, 0x0f, 0x00,
    0x00, 0x00, 0x1e, 0x07, 0x00, 0x00, 0x00, 0x8e, 0x07, 0x00, 0x00, 0xfc, 0xff, 0xff, 0x3f, 0x00,
    0xfc, 0xff, 0xff, 0x3f, 0x00, 0xfc, 0xff, 0xff, 0x3f, 0x00, 0xfc, 0xff, 0xff, 0x3f, 0x00, 0xc0,
    0xe3, 0x00, 0x38, 0x00, 0xc0, 0xf1, 0x00, 0x38, 0x00, 0xe0, 0x71, 0x00, 0x3c, 0x00, 0xe0, 0x71,
    0x00, 0x3c, 0x00, 0xe0, 0x78, 0x00, 0x1e, 0x00, 0x00, 0x00, 0x00, 0x1e, 0x00, 0x00, 0x00, 0x80,
    0x0f, 0x00, 0x00, 0x00, 0xf0, 0x07, 0x00, 0x00, 0x80, 0xff, 0x03, 0x00, 0x00, 0x80, 0xff, 0x01,
    0x00, 0x00, 0x80, 0x7f, 0x00, 0x00, 0x00, 0x80, 0x03, 0x00, 0x00, 0x00, 0x00, 0x00, 0x00, 0x00,
    0x00, 0x00, 0xe0, 0x3f, 0x00, 0x00, 0x00, 0xf8, 0x3f, 0x00, 0x00, 0x00, 0xfe, 0x3f, 0x00, 0x00,
    0x00, 0xff, 0x01, 0x00, 0x00, 0x80, 0x1f, 0x00, 0x00, 0x00, 0xc0, 0x07, 0x00, 0x00, 0x00, 0xc0,
    0x03, 0x00, 0x00, 0x00, 0xc0, 0x01, 0x00, 0x00, 0x00, 0xe0, 0x01, 0x00, 0x00, 0x00, 0xfe, 0xff,
    0x3f, 0x00, 0x00, 0xfe, 0xff, 0x3f, 0x00, 0x00, 0xfe, 0xff, 0x3f, 0x00, 0x00, 0xfe, 0xff, 0x3f,
    0x00, 0x00, 0xe0, 0x01, 0x00, 0x00, 0x00, 0xe0, 0x01, 0x00, 0x00, 0x00, 0xc0, 0x01, 0x00, 0x00,
    0x00, 0xc0, 0x03, 0x00, 0x00, 0x00, 0x80, 0x0f, 0x00, 0x00, 0x00, 0x00, 0x3f, 0x00, 0x00, 0x00,
    0x00, 0xfe, 0x3f, 0x00, 0x00, 0x00, 0xfc, 0x3f, 0x00, 0x00, 0x00, 0xf0, 0x3f, 0x00, 0x00, 0x00,
    0x00, 0x3f, 0x00, 0x00, 0x00, 0xc7, 0x01, 0x00, 0x00, 0x00, 0xc7, 0x01, 0x00, 0x00, 0x00, 0xc7,
    0x01, 0x00, 0x00, 0x00, 0xc7, 0x01, 0x00, 0xfc, 0xff, 0xff, 0x3f, 0x00, 0xfc, 0xff, 0xff, 0x3f,
    0x00, 0xfc, 0xff, 0xff, 0x3f, 0x00, 0x1c, 0x00, 0xc7, 0x01, 0x00, 0x1c, 0x00, 0xc7, 0x01, 0x00,
    0x1c, 0x00, 0xc7, 0x01, 0x00, 0x1c, 0x00, 0xc7, 0x01, 0x00, 0x1c, 0x00, 0xc7, 0x01, 0x00, 0x1c,
    0x00, 0xc7, 0x01, 0x00, 0x1c, 0x00, 0xc7, 0x01, 0x00, 0x1c, 0x00, 0x07, 0x00, 0x00, 0x1c, 0x00,
    0x07, 0x00, 0x00, 0x1c, 0x00, 0x07, 0x00, 0x00, 0x3c, 0x80, 0x07, 0x00, 0x00, 0x38, 0x80, 0x03,
    0x00, 0x00, 0xf8, 0xc0, 0x03, 0x00, 0x00, 0xf0, 0xff, 0x01, 0x00, 0x00, 0xf0, 0xff, 0x01, 0x00,
    0x00, 0xe0, 0xff, 0x00, 0x00, 0x00, 0x80, 0x3f, 0x00, 0x00, 0x00,
};

static const uint16_t mf_bwfont_Roboto_Regular40bw_glyph_offsets_23[28] PROGMEM = {
    0x0000, 0x0014, 0x0029, 0x0029, 0x0047, 0x0064, 0x008c, 0x00a8,
    0x00c3, 0x00d9, 0x00ec, 0x00ec, 0x00ec, 0x00ec, 0x00ec, 0x0108,
    0x0108, 0x0108, 0x0108, 0x0108, 0x0108, 0x0108, 0x0108, 0x011b,
    0x012f, 0x012f, 0x0147, 0x015f,
};

static const uint8_t mf_bwfont_Roboto_Regular40bw_glyph_widths_23[27] PROGMEM = {
    0x16, 0x17, 0x00, 0x20, 0x21, 0x2a, 0x1e, 0x1f, 0x17, 0x16, 0x00, 0x00, 0x00, 0x00, 0x1d, 0x00,
    0x00, 0x00, 0x00, 0x00, 0x00, 0x00, 0x15, 0x16, 0x00, 0x1a, 0x1b,
};

static const uint8_t mf_bwfont_Roboto_Regular40bw_glyph_data_24[560] PROGMEM = {
    0x80, 0x07, 0x00, 0x00, 0xf0, 0x1f, 0x00, 0x00, 0xf8, 0x3f, 0x00, 0x00, 0x3c, 0x78, 0x00, 0x00,
    0x1c, 0x70, 0x00, 0x00, 0x0c, 0x60, 0x00, 0x02, 0x0c, 0x60, 0x80, 0x07, 0x1c, 0x70, 0xc0, 0x03,
    0x38, 0x38, 0xf0, 0x00, 0x78, 0x3c, 0x78, 0x00, 0x70, 0x1c, 0x1e, 0x00, 0x00, 0x00, 0x0f, 0x00,
    0x00, 0xc0, 0x03, 0x00, 0x00, 0xe0, 0x01, 0x00, 0x00, 0x78, 0xf0, 0x07, 0x00, 0x3c, 0xf8, 0x0f,
    0x00, 0x0f, 0xfc, 0x1f, 0x80, 0x07, 0x0e, 0x38, 0xe0, 0x01, 0x0e, 0x38, 0xc0, 0x00, 0x06, 0x30,
    0x00, 0x00, 0x06, 0x30, 0x00, 0x00, 0x0e, 0x38, 0x00, 0x00, 0x1c, 0x1c, 0x00, 0x00, 0xfc, 0x1f,
    0x00, 0x00, 0xf8, 0x0f, 0x00, 0x00, 0xc0, 0x01, 0x00, 0x00, 0x38, 0x00, 0x00, 0x00, 0x3c, 0x00,
    0x00, 0x00, 0x3c, 0x00, 0x00, 0x00, 0x3c, 0x00, 0xf0, 0xff, 0xff, 0x01, 0xfc, 0xff, 0xff, 0x07,
    0xfe, 0xff, 0xff, 0x0f, 0xff, 0xff, 0xff, 0x1f, 0x0f, 0x80, 0x07, 0x1e, 0x07, 0xe0, 0x07, 0x3c,
    0x07, 0xf8, 0x03, 0x38, 0xff, 0xff, 0x00, 0x38, 0xfe, 0x7f, 0x00, 0x00, 0xfc, 0x1f, 0x00, 0x00,
    0xf8, 0x07, 0x00, 0x00, 0x00, 0x00, 0x00, 0x00, 0xfc, 0xff, 0xff, 0x3f, 0xfc, 0xff, 0xff, 0x3f,
    0xfc, 0xff, 0xff, 0x3f, 0xfc, 0xff, 0xff, 0x3f, 0xf8, 0x03, 0x00, 0x00, 0xe0, 0x07, 0x00, 0x00,
    0xc0, 0x1f, 0x00, 0x00, 0x00, 0x7f, 0x00, 0x00, 0x00, 0xfc, 0x01, 0x00, 0x00, 0xf0, 0x07, 0x00,
    0x00, 0xc0, 0x1f, 0x00, 0x00, 0x00, 0x7f, 0x00, 0x00, 0x00, 0xfc, 0x01, 0x00, 0x00, 0xf0, 0x03,
    0x00, 0x00, 0xe0, 0x0f, 0x00, 0x00, 0x80, 0x3f, 0xfc, 0xff, 0xff, 0x3f, 0xfc, 0xff, 0xff, 0x3f,
    0xfc, 0xff, 0xff, 0x3f, 0x00, 0x00, 0x00, 0x00, 0x00, 0x00, 0x00, 0x00, 0x00, 0x00, 0x00, 0x00,
    0x00, 0x00, 0x00, 0x00, 0xe0, 0x3f, 0x70, 0x00, 0xf0, 0x7f, 0x70, 0x00, 0xf8, 0xff, 0x70, 0x00,
    0x3c, 0xe0, 0x71, 0x00, 0x1c, 0xc0, 0x71, 0x00, 0x1c, 0xc0, 0x71, 0x00, 0x1c, 0xc0, 0x71, 0x00,
    0x1c, 0xc0, 0x71, 0x00, 0x3c, 0xc0, 0x71, 0x00, 0x78, 0xf0, 0x70, 0x00, 0xf8, 0xff, 0x70, 0x00,
    0xf0, 0x7f, 0x70, 0x00, 0xc0, 0x1f, 0x00, 0x00, 0x0c, 0x00, 0x00, 0x00, 0x0c, 0x00, 0x00, 0x00,
    0x0c, 0x00, 0x00, 0x00, 0xfc, 0x0f, 0x00, 0x00, 0xfc, 0x0f, 0x00, 0x00, 0x0c, 0x00, 0x00, 0x00,
    0x0c, 0x00, 0x00, 0x00, 0x0c, 0x00, 0x00, 0x00, 0x00, 0x00, 0x00, 0x00, 0xfc, 0x0f, 0x00, 0x00,
    0xfc, 0x0f, 0x00, 0x00, 0x38, 0x00, 0x00, 0x00, 0xe0, 0x01, 0x00, 0x00, 0x00, 0x0f, 0x00, 0x00,
    0x00, 0x0f, 0x00, 0x00, 0xc0, 0x03, 0x00, 0x00, 0x78, 0x00, 0x00, 0x00, 0xfc, 0x0f, 0x00, 0x00,
    0xfc, 0x0f, 0x00, 0x00, 0x00, 0xf8, 0x07, 0x38, 0x00, 0xff, 0x3f, 0x38, 0xc0, 0xff, 0xff, 0x38,
    0xe0, 0xff, 0xff, 0x3b, 0xf0, 0x03, 0xe0, 0x3f, 0xf8, 0x00, 0x80, 0x3f, 0x78, 0x00, 0x00, 0x3e,
    0x38, 0x00, 0x00, 0x3c, 0x1c, 0x00, 0x00, 0x3c, 0x1c, 0x00, 0x00, 0x38, 0x1c, 0x00, 0x00, 0x00,
    0x1c, 0x00, 0x00, 0x00, 0x1c, 0x00, 0x00, 0x38, 0x1c, 0x00, 0x00, 0x3c, 0x3c, 0x00, 0x00, 0x3c,
    0x78, 0x00, 0x00, 0x3e, 0xf8, 0x00, 0x00, 0x3f, 0xf0, 0x03, 0xe0, 0x3f, 0xe0, 0xff, 0xff, 0x3b,
    0xc0, 0xff, 0xff, 0x39, 0x00, 0xff, 0x7f, 0x38, 0x00, 0xfc, 0x0f, 0x38, 0x00, 0x00, 0x00, 0x00,
    0x00, 0x00, 0x7f, 0x00, 0x00, 0xc0, 0xff, 0x01, 0x00, 0xe0, 0xff, 0x03, 0x00, 0xf0, 0xff, 0x07,
    0x00, 0xf8, 0xff, 0x0f, 0x00, 0x1c, 0x0c, 0x18, 0x00, 0x0c, 0x0c, 0x18, 0x00, 0x06, 0x0c, 0x30,
    0x00, 0x06, 0x0c, 0x30, 0x00, 0x06, 0x0c, 0x30, 0x00, 0x06, 0x0c, 0x30, 0x00, 0x06, 0x0c, 0x30,
    0x00, 0x06, 0x0c, 0x30, 0x00, 0x0c, 0x0c, 0x30, 0x00, 0x0c, 0x0c, 0x18, 0x00, 0xf8, 0x0f, 0x18,
    0x00, 0xf8, 0x0f, 0x0c, 0x00, 0xf0, 0x0f, 0x00, 0x00, 0xc0, 0x0f, 0x00, 0x00, 0x00, 0x0f, 0x00,
};

static const uint16_t mf_bwfont_Roboto_Regular40bw_glyph_offsets_24[43] PROGMEM = {
    0x0000, 0x001a, 0x001a, 0x001a, 0x001a, 0x001a, 0x001a, 0x001a,
    0x001a, 0x001a, 0x001a, 0x001a, 0x001a, 0x001a, 0x001a, 0x0029,
    0x0029, 0x0029, 0x004e, 0x004e, 0x004e, 0x004e, 0x004e, 0x004e,
    0x004e, 0x004e, 0x004e, 0x004e, 0x004e, 0x004e, 0x0061, 0x0061,
    0x0061, 0x0061, 0x0077, 0x0077, 0x0077, 0x0077, 0x0077, 0x0077,
    0x0077, 0x0077, 0x008c,
};

static const uint8_t mf_bwfont_Roboto_Regular40bw_glyph_widths_24[42] PROGMEM = {
    0x1e, 0x00, 0x00, 0x00, 0x00, 0x00, 0x00, 0x00, 0x00, 0x00, 0x00, 0x00, 0x00, 0x00, 0x13, 0x00,
    0x00, 0x29, 0x00, 0x00, 0x00, 0x00, 0x00, 0x00, 0x00, 0x00, 0x00, 0x00, 0x00, 0x19, 0x00, 0x00,
    0x00, 0x1b, 0x00, 0x00, 0x00, 0x00, 0x00, 0x00, 0x00, 0x19,
};

static const uint8_t mf_bwfont_Roboto_Regular40bw_glyph_data_25[468] PROGMEM = {
    0x38, 0x00, 0x00, 0x00, 0x18, 0x00, 0x00, 0x00, 0x18, 0x00, 0x00, 0x00, 0x1c, 0x00, 0x00, 0x00,
    0x1c, 0x00, 0x00, 0x00, 0xfc, 0xff, 0x00, 0x01, 0xfe, 0xff, 0x80, 0x03, 0xfe, 0xff, 0xe0, 0x03,
    0x00, 0x00, 0xf8, 0x00, 0x00, 0x00, 0x3c, 0x00, 0x00, 0x00, 0x1f, 0x00, 0x00, 0x80, 0x07, 0x00,
    0x00, 0xe0, 0x03, 0x00, 0x00, 0xf0, 0x00, 0x00, 0x00, 0x7c, 0x00, 0x00, 0x00, 0x1e, 0x00, 0x00,
    0x80, 0x87, 0xc7, 0x07, 0xe0, 0xc3, 0xef, 0x0f, 0xf0, 0xc0, 0xff, 0x1f, 0x78, 0xe0, 0x38, 0x1c,
    0x10, 0xe0, 0x38, 0x1c, 0x00, 0xe0, 0x38, 0x1c, 0x00, 0xe0, 0x38, 0x1c, 0x00, 0xe0, 0x7d, 0x1c,
    0x00, 0xc0, 0xff, 0x0f, 0x00, 0xc0, 0xef, 0x0f, 0x00, 0x00, 0xc7, 0x07, 0x00, 0x00, 0x00, 0x00,
    0x00, 0x18, 0x00, 0x00, 0x0c, 0x78, 0x00, 0x00, 0x0e, 0x78, 0x00, 0x00, 0x0f, 0xf0, 0x00, 0x00,
    0x87, 0xe1, 0x00, 0x00, 0x87, 0xe1, 0x00, 0x00, 0x87, 0xe1, 0x00, 0x00, 0xc7, 0xe1, 0x00, 0x01,
    0xef, 0xe3, 0x80, 0x03, 0xfe, 0x7f, 0xe0, 0x03, 0x7e, 0x7f, 0xf8, 0x00, 0x38, 0x3e, 0x3c, 0x00,
    0x00, 0x00, 0x1f, 0x00, 0x00, 0x80, 0x07, 0x00, 0x00, 0xe0, 0x03, 0x00, 0x00, 0xf0, 0x00, 0x00,
    0x00, 0x7c, 0x00, 0x00, 0x00, 0x1e, 0x00, 0x00, 0x80, 0x07, 0x00, 0x00, 0xe0, 0x83, 0xc7, 0x07,
    0xf0, 0xc0, 0xef, 0x0f, 0x78, 0xc0, 0xff, 0x1f, 0x10, 0xe0, 0x38, 0x1c, 0x00, 0xe0, 0x38, 0x1c,
    0x00, 0xe0, 0x38, 0x1c, 0x00, 0xe0, 0x38, 0x1c, 0x00, 0xe0, 0x7d, 0x1c, 0x00, 0xc0, 0xff, 0x0f,
    0x00, 0xc0, 0xef, 0x0f, 0x00, 0x00, 0xc7, 0x07, 0x00, 0x00, 0x00, 0x00, 0xc0, 0x61, 0x00, 0x00,
    0xfe, 0xe1, 0x00, 0x00, 0xfe, 0xe1, 0x00, 0x00, 0xde, 0xc1, 0x01, 0x00, 0xce, 0xc0, 0x01, 0x00,
    0xce, 0xc0, 0x01, 0x00, 0xce, 0xc1, 0x01, 0x00, 0xce, 0xc1, 0x01, 0x01, 0xce, 0xff, 0x80, 0x03,
    0x8e, 0xff, 0xe0, 0x03, 0x0e, 0x3f, 0xf8, 0x00, 0x00, 0x00, 0x3c, 0x00, 0x00, 0x00, 0x1f, 0x00,
    0x00, 0x80, 0x07, 0x00, 0x00, 0xe0, 0x03, 0x00, 0x00, 0xf0, 0x00, 0x00, 0x00, 0x7c, 0x00, 0x00,
    0x00, 0x1e, 0x00, 0x00, 0x80, 0x87, 0xc7, 0x07, 0xe0, 0xc3, 0xef, 0x0f, 0xf0, 0xc0, 0xff, 0x1f,
    0x78, 0xe0, 0x38, 0x1c, 0x10, 0xe0, 0x38, 0x1c, 0x00, 0xe0, 0x38, 0x1c, 0x00, 0xe0, 0x38, 0x1c,
    0x00, 0xe0, 0x7d, 0x1c, 0x00, 0xc0, 0xff, 0x0f, 0x00, 0xc0, 0xef, 0x0f, 0x00, 0x00, 0xc7, 0x07,
    0x00, 0x00, 0x00, 0x00, 0x0e, 0x00, 0x00, 0x00, 0x0e, 0x00, 0x00, 0x00, 0x0e, 0x80, 0x00, 0x00,
    0x0e, 0xc0, 0x00, 0x00, 0x0e, 0xf0, 0x00, 0x00, 0x0e, 0xfc, 0x00, 0x01, 0x0e, 0x3f, 0x80, 0x03,
    0xce, 0x0f, 0xe0, 0x03, 0xfe, 0x03, 0xf8, 0x00, 0xfe, 0x00, 0x3c, 0x00, 0x3e, 0x00, 0x1f, 0x00,
    0x0e, 0x80, 0x07, 0x00, 0x00, 0xe0, 0x03, 0x00, 0x00, 0xf0, 0x00, 0x00, 0x00, 0x7c, 0x00, 0x00,
    0x00, 0x1e, 0x00, 0x00, 0x80, 0x07, 0x00, 0x00, 0xe0, 0x83, 0xc7, 0x07, 0xf0, 0xc0, 0xef, 0x0f,
    0x78, 0xc0, 0xff, 0x1f, 0x10, 0xe0, 0x38, 0x1c, 0x00, 0xe0, 0x38, 0x1c, 0x00, 0xe0, 0x38, 0x1c,
    0x00, 0xe0, 0x38, 0x1c, 0x00, 0xe0, 0x7d, 0x1c, 0x00, 0xc0, 0xff, 0x0f, 0x00, 0xc0, 0xef, 0x0f,
    0x00, 0x00, 0xc7, 0x07,
};

static const uint16_t mf_bwfont_Roboto_Regular40bw_glyph_offsets_25[5] PROGMEM = {
    0x0000, 0x001b, 0x003a, 0x0058, 0x0075,
};

static const uint8_t mf_bwfont_Roboto_Regular40bw_glyph_widths_25[4] PROGMEM = {
    0x1f, 0x22, 0x22, 0x20,
};

static const uint8_t mf_bwfont_Roboto_Regular40bw_glyph_data_26[1035] PROGMEM = {
    0x00, 0x00, 0x00, 0x00, 0x00, 0x00, 0x00, 0x00, 0x00, 0x00, 0x00, 0x00, 0x00, 0x00, 0x00, 0x00,
    0x00, 0x00, 0x00, 0x00, 0x00, 0x00, 0x7f, 0x00, 0x00, 0x00, 0xc0, 0xff, 0x03, 0x00, 0x0e, 0xe0,
    0xff, 0x07, 0x00, 0x0e, 0xf0, 0xff, 0x0f, 0x00, 0x0f, 0xf8, 0x00, 0x1f, 0x00, 0x07, 0x78, 0x00,
    0x1e, 0x00, 0x07, 0x3c, 0x00, 0x3c, 0x00, 0x07, 0x1c, 0x00, 0x38, 0x00, 0x07, 0x1c, 0x00, 0x38,
    0x00, 0x07, 0x1c, 0x00, 0x38, 0x00, 0x0f, 0x1c, 0x00, 0x38, 0x00, 0x0f, 0x1c, 0x00, 0x38, 0x00,
    0x1e, 0x38, 0x00, 0x3c, 0x00, 0x7e, 0x38, 0x00, 0x1e, 0x00, 0xfc, 0x71, 0x80, 0x0f, 0x00, 0xf8,
    0xff, 0xff, 0x0f, 0x00, 0xe0, 0xff, 0xff, 0x03, 0x00, 0x80, 0xff, 0xff, 0x01, 0x00, 0x00, 0xfc,
    0x3f, 0x00, 0x00, 0x00, 0x00, 0x00, 0x00, 0x00, 0x00, 0x00, 0x00, 0x00, 0x00, 0x00, 0x00, 0x00,
    0x00, 0x00, 0x00, 0x00, 0x00, 0x30, 0x00, 0x00, 0x00, 0x00, 0x3c, 0x00, 0x00, 0x00, 0x80, 0x3f,
    0x00, 0x00, 0x00, 0xe0, 0x3f, 0x00, 0x00, 0x00, 0xf8, 0x3f, 0x00, 0x00, 0x00, 0xff, 0x39, 0x00,
    0x00, 0xc0, 0x7f, 0x38, 0x00, 0x00, 0xf0, 0x0f, 0x38, 0x00, 0x00, 0xfe, 0x03, 0x38, 0x00, 0x80,
    0xff, 0x00, 0x38, 0x00, 0xe0, 0x1f, 0x00, 0x38, 0x00, 0xfc, 0x07, 0x00, 0x38, 0x00, 0xfc, 0x00,
    0x00, 0x38, 0x00, 0x7c, 0x00, 0x00, 0x38, 0x00, 0xfc, 0x03, 0x00, 0x38, 0x00, 0xf8, 0x0f, 0x00,
    0x38, 0x00, 0xc0, 0x7f, 0x00, 0x38, 0x00, 0x00, 0xff, 0x01, 0x38, 0x00, 0x00, 0xf8, 0x0f, 0x38,
    0x00, 0x00, 0xe0, 0x7f, 0x38, 0x00, 0x00, 0x00, 0xff, 0x39, 0x00, 0x00, 0x00, 0xfc, 0x3f, 0x00,
    0x00, 0x00, 0xe0, 0x3f, 0x00, 0x00, 0x00, 0x80, 0x3f, 0x00, 0x00, 0x00, 0x00, 0x3c, 0x00, 0x00,
    0x00, 0x00, 0x30, 0x00, 0x00, 0x00, 0x00, 0x00, 0x00, 0x00, 0x00, 0x00, 0x00, 0x00, 0x00, 0x00,
    0x00, 0x00, 0x00, 0x00, 0x00, 0x00, 0x00, 0x00, 0x00, 0x00, 0x00, 0x00, 0x00, 0xfc, 0xff, 0xff,
    0xff, 0x03, 0xfc, 0xff, 0xff, 0xff, 0x03, 0xfc, 0xff, 0xff, 0xff, 0x03, 0xfc, 0xff, 0xff, 0xff,
    0x03, 0x1c, 0x00, 0x00, 0x00, 0x00, 0x1c, 0x00, 0x00, 0x00, 0x00, 0x1c, 0x00, 0x00, 0x00, 0x00,
    0x1c, 0x00, 0x00, 0x00, 0x00, 0x1c, 0x00, 0x00, 0x00, 0x00, 0x1c, 0x00, 0x00, 0x00, 0x00, 0x1c,
    0x00, 0x00, 0x00, 0x00, 0x1c, 0x00, 0x00, 0x00, 0x00, 0x1c, 0x00, 0x00, 0x00, 0x00, 0x1c, 0x00,
    0x00, 0x00, 0x00, 0x1c, 0x00, 0x00, 0x00, 0x00, 0x1c, 0x00, 0x00, 0x00, 0x00, 0x1c, 0x00, 0x00,
    0x00, 0x00, 0x1c, 0x00, 0x00, 0x00, 0x00, 0xfc, 0xff, 0xff, 0xff, 0x03, 0xfc, 0xff, 0xff, 0xff,
    0x03, 0xfc, 0xff, 0xff, 0xff, 0x03, 0xfc, 0xff, 0xff, 0xff, 0x03, 0x00, 0x00, 0x00, 0x00, 0x00,
    0x00, 0x00, 0x00, 0x00, 0x00, 0x00, 0x00, 0x00, 0x00, 0x00, 0x1c, 0x00, 0x00, 0x00, 0x07, 0x3c,
    0x00, 0x00, 0x80, 0x07, 0x7c, 0x00, 0x00, 0xc0, 0x07, 0xfc, 0x00, 0x00, 0xe0, 0x07, 0xfc, 0x03,
    0x00, 0xf8, 0x07, 0xdc, 0x07, 0x00, 0x7c, 0x07, 0x9c, 0x0f, 0x00, 0x3e, 0x07, 0x1c, 0x1f, 0x00,
    0x1f, 0x07, 0x1c, 0x3e, 0x80, 0x0f, 0x07, 0x1c, 0x78, 0xc0, 0x07, 0x07, 0x1c, 0xf0, 0xe1, 0x01,
    0x07, 0x1c, 0xe0, 0xfb, 0x00, 0x07, 0x1c, 0xc0, 0x7f, 0x00, 0x07, 0x1c, 0x80, 0x3f, 0x00, 0x07,
    0x1c, 0x00, 0x1f, 0x00, 0x07, 0x1c, 0x00, 0x0c, 0x00, 0x07, 0x1c, 0x00, 0x00, 0x00, 0x07, 0x1c,
    0x00, 0x00, 0x00, 0x07, 0x1c, 0x00, 0x00, 0x00, 0x07, 0x1c, 0x00, 0x00, 0x00, 0x07, 0x1c, 0x00,
    0x00, 0x00, 0x07, 0x00, 0x00, 0x00, 0x00, 0x07, 0x00, 0x00, 0x00, 0x00, 0x00, 0x00, 0x00, 0x00,
    0x00, 0x00, 0x00, 0x00, 0x00, 0x00, 0x00, 0x00, 0x00, 0x00, 0x00, 0x00, 0x00, 0x00, 0x00, 0x00,
    0x00, 0x00, 0xc0, 0x01, 0x00, 0x00, 0x00, 0xc0, 0x01, 0x00, 0x00, 0x00, 0xc0, 0x01, 0x00, 0x00,
    0x00, 0xc0, 0x01, 0x00, 0x00, 0x00, 0xc0, 0x01, 0x00, 0x00, 0x00, 0xc0, 0x01, 0x00, 0x00, 0x00,
    0xc0, 0x01, 0x00, 0x00, 0x00, 0xc0, 0x01, 0x00, 0x00, 0x00, 0xc0, 0x01, 0x00, 0x00, 0x00, 0xc0,
    0x01, 0x00, 0x00, 0x00, 0xc0, 0x01, 0x00, 0x00, 0x00, 0xc0, 0x01, 0x00, 0x00, 0x00, 0xc0, 0x01,
    0x00, 0x00, 0x00, 0xc0, 0x01, 0x00, 0x00, 0x00, 0xc0, 0x01, 0x00, 0x00, 0x00, 0xc0, 0x01, 0x00,
    0x00, 0x00, 0xc0, 0x01, 0x00, 0x00, 0x00, 0x00, 0x00, 0x00, 0x00, 0x00, 0x00, 0x00, 0x00, 0x00,
    0x00, 0x00, 0x00, 0x00, 0x00, 0x00, 0x80, 0x03, 0x00, 0x00, 0x00, 0x80, 0x03, 0x00, 0x00, 0x00,
    0x80, 0x03, 0x00, 0x00, 0x00, 0x80, 0x03, 0x00, 0x00, 0x00, 0x80, 0x0f, 0x00, 0x00, 0x00, 0x80,
    0x3f, 0x00, 0x00, 0x00, 0x80, 0xff, 0x01, 0x00, 0x00, 0x00, 0xfc, 0x07, 0x00, 0x00, 0x00, 0xe0,
    0x3f, 0x00, 0x00, 0x00, 0x80, 0x3f, 0x00, 0x00, 0x00, 0x80, 0x3f, 0x00, 0x00, 0x00, 0xf0, 0x3f,
    0x00, 0x00, 0x00, 0xfc, 0x07, 0x00, 0x00, 0x80, 0xff, 0x00, 0x00, 0x00, 0xf0, 0x3f, 0x00, 0x00,
    0x00, 0xfe, 0x07, 0x00, 0x00, 0x80, 0xff, 0x01, 0x00, 0x00, 0xf0, 0x3f, 0x00, 0x00, 0x00, 0xfc,
    0x07, 0x00, 0x00, 0x00, 0xfc, 0x01, 0x00, 0x00, 0x00, 0x3c, 0x00, 0x00, 0x00, 0x00, 0x04, 0x00,
    0x00, 0x00, 0x00, 0x00, 0x00, 0x00, 0x00, 0x00, 0x00, 0x00, 0x00, 0x00, 0x00, 0x00, 0x00, 0x00,
    0x00, 0x00, 0x00, 0x00, 0x00, 0x00, 0x00, 0x00, 0x00, 0x7f, 0x00, 0x00, 0x00, 0xe0, 0xff, 0x03,
    0x00, 0x00, 0xf0, 0xff, 0x07, 0x00, 0x00, 0xf8, 0xff, 0x0f, 0x00, 0x00, 0x7c, 0x00, 0x1f, 0x00,
    0x00, 0x3c, 0x00, 0x1e, 0x00, 0x00, 0x1e, 0x00, 0x3c, 0x00, 0x00, 0x0e, 0x00, 0x38, 0x00, 0x00,
    0x0e, 0x00, 0x38, 0x00, 0x00, 0x0e, 0x00, 0x38, 0x00, 0x00, 0x0e, 0x00, 0x38, 0x00, 0x00, 0x0e,
    0x00, 0x38, 0x00, 0x00, 0x1c, 0x00, 0x1c, 0x00, 0x00, 0x3c, 0x00, 0x1e, 0x00, 0x00, 0x78, 0x00,
    0x0f, 0x00, 0x00, 0xf8, 0xc1, 0x07, 0x00, 0x00, 0xe0, 0xf7, 0x03, 0x00, 0x00, 0xc0, 0xff, 0x01,
    0x00, 0x00, 0x00, 0x7f, 0x00, 0x00, 0x00, 0xc0, 0xff, 0x01, 0x00, 0x00, 0xf0, 0xf7, 0x07, 0x00,
    0x00, 0xf8, 0x80, 0x0f, 0x00, 0x00, 0x78, 0x00, 0x0f, 0x00, 0x00, 0x3c, 0x00, 0x1e, 0x00, 0x00,
    0x1e, 0x00, 0x3c, 0x00, 0x00, 0x0e, 0x00, 0x38, 0x00, 0x00, 0x0e, 0x00, 0x38, 0x00, 0x00, 0x0e,
    0x00, 0x38, 0x00, 0x00, 0x0e, 0x00, 0x38, 0x00, 0x00, 0x0e, 0x00, 0x38, 0x00, 0x00, 0x1e, 0x00,
    0x3c, 0x00, 0x00, 0x3c, 0x00, 0x1e, 0x00, 0x00, 0x7c, 0x00, 0x1f, 0x00, 0x00, 0xf8, 0xff, 0x0f,
    0x00, 0x00, 0xf0, 0xff, 0x07, 0x00, 0x00, 0xc0, 0xff, 0x01, 0x00, 0x00, 0x00, 0x7f, 0x00, 0x00,
    0x00, 0x00, 0x00, 0x00, 0x20, 0x00, 0x00, 0x00, 0x00, 0x38, 0x00, 0x00, 0x00, 0x00, 0x38, 0x00,
    0x00, 0x00, 0x00, 0x38, 0x00, 0x00, 0x00, 0x00, 0x3c, 0xe0, 0xff, 0xff, 0xff, 0x3f, 0xf8, 0xff,
    0xff, 0xff, 0x1f, 0xfe, 0xff, 0xff, 0xff, 0x0f, 0xfe, 0xff, 0xff, 0xff, 0x07, 0x1f, 0x00, 0x00,
    0x00, 0x00, 0x07, 0x00, 0x00, 0x00, 0x00, 0x07, 0x00, 0x00, 0x00, 0x00, 0x07, 0x00, 0x00, 0x00,
    0x00, 0x07, 0x00, 0x00, 0x00, 0x00, 0x03, 0x00, 0x00, 0x00, 0x00,
};

static const uint16_t mf_bwfont_Roboto_Regular40bw_glyph_offsets_26[43] PROGMEM = {
    0x0000, 0x0017, 0x0017, 0x0017, 0x0017, 0x0034, 0x0034, 0x0034,
    0x0034, 0x0034, 0x0034, 0x0034, 0x0034, 0x0034, 0x004f, 0x004f,
    0x0068, 0x007e, 0x007e, 0x007e, 0x007e, 0x007e, 0x007e, 0x007e,
    0x007e, 0x0097, 0x0097, 0x0097, 0x0097, 0x00c0, 0x00c0, 0x00c0,
    0x00c0, 0x00c0, 0x00c0, 0x00c0, 0x00c0, 0x00c0, 0x00c0, 0x00c0,
    0x00c0, 0x00c0, 0x00cf,
};

static const uint8_t mf_bwfont_Roboto_Regular40bw_glyph_widths_26[42] PROGMEM = {
    0x17, 0x00, 0x00, 0x00, 0x1c, 0x00, 0x00, 0x00, 0x00, 0x00, 0x00, 0x00, 0x00, 0x1c, 0x00, 0x17,
    0x17, 0x00, 0x00, 0x00, 0x00, 0x00, 0x00, 0x00, 0x18, 0x00, 0x00, 0x00, 0x29, 0x00, 0x00, 0x00,
    0x00, 0x00, 0x00, 0x00, 0x00, 0x00, 0x00, 0x00, 0x00, 0x0a,
};

static const uint8_t mf_bwfont_Roboto_Regular40bw_glyph_data_27[36] PROGMEM = {
    0x1c, 0x1c, 0x0e, 0x0e, 0x0f, 0x0f, 0x0f, 0x07, 0x07, 0x07, 0x07, 0x07, 0x07, 0x07, 0x0f, 0x0f,
    0x0e, 0x0e, 0x1e, 0x1e, 0x1c, 0x1c, 0x3c, 0x3c, 0x38, 0x38, 0x38, 0x38, 0x38, 0x38, 0x3c, 0x3c,
    0x1c, 0x1c, 0x1e, 0x1e,
};

static const uint16_t mf_bwfont_Roboto_Regular40bw_glyph_offsets_27[2] PROGMEM = {
    0x0000, 0x0012,
};

static const uint8_t mf_bwfont_Roboto_Regular40bw_glyph_widths_27[1] PROGMEM = {
    0x17,
};

static const uint8_t mf_bwfont_Roboto_Regular40bw_glyph_data_28[159] PROGMEM = {
    0x00, 0x00, 0x00, 0x00, 0x00, 0x00, 0xe0, 0xe0, 0x00, 0xe0, 0xe0, 0x08, 0xe0, 0xe0, 0x1c, 0xe0,
    0xe0, 0x0f, 0xe0, 0xe0, 0x07, 0xe0, 0xf0, 0x01, 0xe0, 0xf8, 0x00, 0xe0, 0xfe, 0x00, 0xe0, 0xef,
    0x00, 0xe0, 0xe3, 0x00, 0xf0, 0xe0, 0x00, 0xfc, 0xe0, 0x00, 0xff, 0xe0, 0x00, 0xe7, 0xe0, 0x00,
    0xe0, 0xe0, 0x00, 0xe0, 0xe0, 0x00, 0x00, 0x06, 0xe0, 0x00, 0x0f, 0xe0, 0x00, 0x0f, 0xe0, 0x80,
    0x1f, 0xe0, 0x80, 0x1f, 0xe0, 0x80, 0x1b, 0xe0, 0xc0, 0x39, 0xe0, 0xc0, 0x39, 0xe0, 0xe0, 0x70,
    0xe0, 0xe0, 0x70, 0xe0, 0xf0, 0xf0, 0xe0, 0x70, 0xe0, 0xe0, 0x70, 0xe0, 0xe0, 0x78, 0xe0, 0xe1,
    0x38, 0xc0, 0xe1, 0x3c, 0xc0, 0xe3, 0x00, 0x00, 0xe0, 0x00, 0x00, 0x00, 0x00, 0x00, 0x00, 0x3c,
    0xc0, 0xe3, 0x38, 0xc0, 0xe1, 0x38, 0xc0, 0xe1, 0x70, 0xe0, 0xe0, 0x70, 0xe0, 0xe0, 0x70, 0xe0,
    0xe0, 0xe0, 0x70, 0xe0, 0xe0, 0x70, 0xe0, 0xc0, 0x39, 0xe0, 0xc0, 0x39, 0xe0, 0xc0, 0x39, 0xe0,
    0x80, 0x1f, 0xe0, 0x80, 0x1f, 0xe0, 0x00, 0x0f, 0xe0, 0x00, 0x0f, 0xe0, 0x00, 0x0f, 0xe0,
};

static const uint16_t mf_bwfont_Roboto_Regular40bw_glyph_offsets_28[7] PROGMEM = {
    0x0000, 0x0012, 0x0012, 0x0012, 0x0012, 0x0023, 0x0035,
};

static const uint8_t mf_bwfont_Roboto_Regular40bw_glyph_widths_28[6] PROGMEM = {
    0x16, 0x00, 0x00, 0x00, 0x14, 0x15,
};

static const uint8_t mf_bwfont_Roboto_Regular40bw_glyph_data_29[72] PROGMEM = {
    0x00, 0x60, 0x00, 0x00, 0x00, 0xf8, 0x01, 0x00, 0x00, 0xfe, 0x07, 0x00, 0x80, 0xff, 0x0f, 0x00,
    0xc0, 0x0f, 0x3f, 0x00, 0xf0, 0x03, 0xfe, 0x00, 0xfc, 0x01, 0xf8, 0x03, 0x7f, 0x00, 0xe0, 0x0f,
    0x1f, 0x00, 0x80, 0x0f, 0x1f, 0x00, 0x80, 0x0f, 0x7f, 0x00, 0xc0, 0x0f, 0xfc, 0x00, 0xf0, 0x03,
    0xf0, 0x03, 0xfc, 0x00, 0xe0, 0x0f, 0x7f, 0x00, 0x80, 0xff, 0x1f, 0x00, 0x00, 0xfe, 0x07, 0x00,
    0x00, 0xf8, 0x01, 0x00, 0x00, 0x60, 0x00, 0x00,
};

static const uint16_t mf_bwfont_Roboto_Regular40bw_glyph_offsets_29[2] PROGMEM = {
    0x0000, 0x0012,
};

static const uint8_t mf_bwfont_Roboto_Regular40bw_glyph_widths_29[1] PROGMEM = {
    0x14,
};

static const uint8_t mf_bwfont_Roboto_Regular40bw_glyph_data_30[45] PROGMEM = {
    0x00, 0x00, 0x00, 0x00, 0x00, 0x00, 0x07, 0x00, 0x1c, 0x0f, 0x00, 0x3c, 0x0f, 0x00, 0x3c, 0x0f,
    0x00, 0x3c, 0xf0, 0x1f, 0x00, 0xf0, 0x1f, 0x00, 0xf0, 0x1f, 0x00, 0x00, 0x00, 0x00, 0x00, 0x00,
    0x00, 0x00, 0x00, 0x00, 0xf0, 0x1f, 0x00, 0xf0, 0x1f, 0x00, 0xf0, 0x1f, 0x00,
};

static const uint16_t mf_bwfont_Roboto_Regular40bw_glyph_offsets_30[3] PROGMEM = {
    0x0000, 0x0006, 0x000f,
};

static const uint8_t mf_bwfont_Roboto_Regular40bw_glyph_widths_30[2] PROGMEM = {
    0x0b, 0x0d,
};

static const uint8_t mf_bwfont_Roboto_Regular40bw_glyph_data_31[5] PROGMEM = {
    0x60, 0xff, 0x7f, 0x3f, 0x07,
};

static const uint16_t mf_bwfont_Roboto_Regular40bw_glyph_offsets_31[2] PROGMEM = {
    0x0000, 0x0005,
};

static const uint8_t mf_bwfont_Roboto_Regular40bw_glyph_widths_31[1] PROGMEM = {
    0x0a,
};

static const uint8_t mf_bwfont_Roboto_Regular40bw_glyph_data_32[388] PROGMEM = {
    0x00, 0x0e, 0x00, 0x00, 0x00, 0x0e, 0x00, 0x00, 0x00, 0x0e, 0x00, 0x00, 0xf0, 0xff, 0xff, 0x3f,
    0xfc, 0xff, 0xff, 0x3f, 0xfc, 0xff, 0xff, 0x3f, 0xfe, 0xff, 0xff, 0x3f, 0x0f, 0x0e, 0x00, 0x00,
    0x0f, 0x0e, 0x00, 0x00, 0x07, 0x0e, 0x00, 0x00, 0x07, 0x0e, 0x00, 0x00, 0x07, 0x00, 0x00, 0x00,
    0x07, 0x00, 0x00, 0x00, 0x0f, 0x00, 0x00, 0x00, 0x0e, 0xfe, 0xff, 0x3f, 0x0e, 0xfe, 0xff, 0x3f,
    0x00, 0xfe, 0xff, 0x3f, 0x00, 0xfe, 0xff, 0x3f, 0x00, 0x0e, 0x00, 0x00, 0x00, 0x0e, 0x00, 0x00,
    0x00, 0x0e, 0x00, 0x00, 0x00, 0x0e, 0x00, 0x00, 0xf8, 0xff, 0xff, 0x3f, 0xfc, 0xff, 0xff, 0x3f,
    0xfe, 0xff, 0xff, 0x3f, 0x1e, 0x0e, 0x00, 0x00, 0x0f, 0x0e, 0x00, 0x00, 0x07, 0x0e, 0x00, 0x00,
    0x07, 0x0e, 0x00, 0x00, 0x07, 0x0e, 0x00, 0x00, 0x07, 0x00, 0x00, 0x00, 0x07, 0x00, 0x00, 0x00,
    0x07, 0x00, 0x00, 0x00, 0xff, 0xff, 0xff, 0x3f, 0xff, 0xff, 0xff, 0x3f, 0xff, 0xff, 0xff, 0x3f,
    0xff, 0xff, 0xff, 0x3f, 0x00, 0x0e, 0x00, 0x00, 0x00, 0x0e, 0x00, 0x00, 0x00, 0x0e, 0x00, 0x00,
    0x00, 0x0e, 0x00, 0x00, 0xf8, 0xff, 0xff, 0x3f, 0xfc, 0xff, 0xff, 0x3f, 0xfe, 0xff, 0xff, 0x3f,
    0x1f, 0x0e, 0x00, 0x00, 0x0f, 0x0e, 0x00, 0x00, 0x07, 0x0e, 0x00, 0x00, 0x07, 0x0e, 0x00, 0x00,
    0x07, 0x0e, 0x00, 0x00, 0x07, 0x0e, 0x00, 0x00, 0x00, 0x0e, 0x00, 0x00, 0x00, 0x0e, 0x00, 0x00,
    0xf0, 0xff, 0xff, 0x3f, 0xfc, 0xff, 0xff, 0x3f, 0xfe, 0xff, 0xff, 0x3f, 0xfe, 0xff, 0xff, 0x3f,
    0x0f, 0x0e, 0x00, 0x00, 0x0f, 0x0e, 0x00, 0x00, 0x07, 0x0e, 0x00, 0x00, 0x07, 0x0e, 0x00, 0x00,
    0x07, 0x00, 0x00, 0x00, 0x07, 0x00, 0x00, 0x00, 0x0f, 0x00, 0x00, 0x00, 0x0e, 0xfe, 0xff, 0x3f,
    0x0e, 0xfe, 0xff, 0x3f, 0x00, 0xfe, 0xff, 0x3f, 0x00, 0xfe, 0xff, 0x3f, 0x00, 0x0e, 0x00, 0x00,
    0x00, 0x0e, 0x00, 0x00, 0x00, 0x0e, 0x00, 0x00, 0x00, 0x0e, 0x00, 0x00, 0xf8, 0xff, 0xff, 0x3f,
    0xfc, 0xff, 0xff, 0x3f, 0xfe, 0xff, 0xff, 0x3f, 0x1f, 0x0e, 0x00, 0x00, 0x0f, 0x0e, 0x00, 0x00,
    0x07, 0x0e, 0x00, 0x00, 0x07, 0x0e, 0x00, 0x00, 0x07, 0x0e, 0x00, 0x00, 0x07, 0x0e, 0x00, 0x00,
    0x00, 0x0e, 0x00, 0x00, 0x00, 0x0e, 0x00, 0x00, 0xf0, 0xff, 0xff, 0x3f, 0xfc, 0xff, 0xff, 0x3f,
    0xfe, 0xff, 0xff, 0x3f, 0xfe, 0xff, 0xff, 0x3f, 0x0f, 0x0e, 0x00, 0x00, 0x07, 0x0e, 0x00, 0x00,
    0x07, 0x0e, 0x00, 0x00, 0x07, 0x0e, 0x00, 0x00, 0x07, 0x00, 0x00, 0x00, 0x07, 0x00, 0x00, 0x00,
    0x07, 0x00, 0x00, 0x00, 0xff, 0xff, 0xff, 0x3f, 0xff, 0xff, 0xff, 0x3f, 0xff, 0xff, 0xff, 0x3f,
    0xff, 0xff, 0xff, 0x3f,
};

static const uint16_t mf_bwfont_Roboto_Regular40bw_glyph_offsets_32[5] PROGMEM = {
    0x0000, 0x0012, 0x0025, 0x0043, 0x0061,
};

static const uint8_t mf_bwfont_Roboto_Regular40bw_glyph_widths_32[4] PROGMEM = {
    0x16, 0x17, 0x22, 0x22,
};

static const uint8_t mf_bwfont_Roboto_Regular40bw_glyph_data_33[0] PROGMEM = {
    
};

static const uint16_t mf_bwfont_Roboto_Regular40bw_glyph_offsets_33[2] PROGMEM = {
    0x0000, 0x0000,
};

static const uint8_t mf_bwfont_Roboto_Regular40bw_glyph_widths_33[1] PROGMEM = {
    0x00,
};

static const uint8_t mf_bwfont_Roboto_Regular40bw_glyph_data_34[375] PROGMEM = {
    0xf0, 0xf1, 0xf8, 0x7c, 0xfc, 0xf0, 0xf1, 0xf8, 0x7c, 0xfc, 0x30, 0x00, 0x00, 0x00, 0xc0, 0x30,
    0x00, 0x00, 0x00, 0xc0, 0x30, 0x00, 0x00, 0x00, 0xc0, 0x30, 0x00, 0xf8, 0x01, 0xc0, 0x00, 0x00,
    0xfe, 0x03, 0x00, 0x00, 0x00, 0x06, 0x06, 0x00, 0x30, 0x00, 0x03, 0x04, 0xc0, 0x30, 0x00, 0x03,
    0x04, 0xc0, 0x30, 0x00, 0x03, 0x04, 0xc0, 0x30, 0x00, 0x06, 0x06, 0xc0, 0x30, 0x00, 0xfe, 0x03,
    0xc0, 0x30, 0x00, 0xfc, 0x01, 0xc0, 0x00, 0x00, 0x00, 0x00, 0x00, 0x00, 0x00, 0xff, 0x07, 0x00,
    0x30, 0x00, 0xff, 0x07, 0xc0, 0x30, 0x00, 0x23, 0x04, 0xc0, 0x30, 0x00, 0x23, 0x04, 0xc0, 0x30,
    0x00, 0x23, 0x04, 0xc0, 0x30, 0x00, 0x23, 0x04, 0xc0, 0x00, 0x00, 0x7e, 0x06, 0x00, 0x00, 0x00,
    0xde, 0x03, 0x00, 0x00, 0x00, 0x80, 0x01, 0x00, 0x30, 0x00, 0x00, 0x00, 0xc0, 0x30, 0x00, 0x00,
    0x01, 0xc0, 0x30, 0x00, 0x00, 0x03, 0xc0, 0x30, 0x00, 0x00, 0x06, 0xc0, 0x30, 0x00, 0x00, 0x04,
    0xc0, 0x00, 0x00, 0x00, 0x04, 0x00, 0x00, 0x00, 0x00, 0x06, 0x00, 0x00, 0x00, 0xff, 0x03, 0x00,
    0x30, 0x00, 0xff, 0x01, 0xc0, 0x30, 0x00, 0x00, 0x00, 0xc0, 0x30, 0x00, 0x00, 0x00, 0xc0, 0xf0,
    0xf1, 0xf8, 0x7c, 0xfc, 0xf0, 0xf1, 0xf8, 0x7c, 0xfc, 0xf0, 0xf1, 0xf8, 0x7c, 0xfc, 0x00, 0x00,
    0x08, 0x00, 0x00, 0x00, 0x00, 0x1c, 0x00, 0x00, 0x00, 0x00, 0x3e, 0x00, 0x00, 0x00, 0x00, 0x7f,
    0x00, 0x00, 0x00, 0x80, 0xff, 0x00, 0x00, 0x00, 0xc0, 0xff, 0x01, 0x00, 0x00, 0xe0, 0xff, 0x03,
    0x00, 0x00, 0xf0, 0xff, 0x07, 0x00, 0x00, 0xf8, 0xff, 0x0f, 0x00, 0x00, 0xfc, 0xff, 0x1f, 0x00,
    0x00, 0xfe, 0xff, 0x3f, 0x00, 0x80, 0xff, 0xff, 0x7f, 0x00, 0xc0, 0x7f, 0xff, 0xff, 0x00, 0xe0,
    0x1f, 0xff, 0xff, 0x01, 0xf0, 0x0f, 0xff, 0xff, 0x03, 0xf8, 0x0f, 0xff, 0xff, 0x07, 0xfc, 0x07,
    0x3f, 0xe3, 0x0f, 0xfe, 0xc7, 0x1f, 0xe3, 0x3f, 0xff, 0xc7, 0x0f, 0xe3, 0x3f, 0xfe, 0xc7, 0x07,
    0xe3, 0x1f, 0xfc, 0x07, 0xc3, 0xff, 0x0f, 0xf8, 0x0f, 0xe0, 0xff, 0x07, 0xf0, 0x0f, 0xe0, 0xff,
    0x03, 0xe0, 0x1f, 0xf0, 0xff, 0x01, 0x80, 0x7f, 0xfc, 0xff, 0x00, 0x00, 0xff, 0xff, 0x7f, 0x00,
    0x00, 0xfe, 0xff, 0x3f, 0x00, 0x00, 0xfc, 0xff, 0x1f, 0x00, 0x00, 0xf8, 0xff, 0x0f, 0x00, 0x00,
    0xf0, 0xff, 0x07, 0x00, 0x00, 0xe0, 0xff, 0x03, 0x00, 0x00, 0xc0, 0xff, 0x01, 0x00, 0x00, 0x80,
    0xff, 0x00, 0x00, 0x00, 0x00, 0x7f, 0x00, 0x00, 0x00, 0x00, 0x3e, 0x00, 0x00, 0x00, 0x00, 0x1c,
    0x00, 0x00, 0x00, 0x00, 0x08, 0x00, 0x00,
};

static const uint16_t mf_bwfont_Roboto_Regular40bw_glyph_offsets_34[3] PROGMEM = {
    0x0000, 0x0026, 0x004b,
};

static const uint8_t mf_bwfont_Roboto_Regular40bw_glyph_widths_34[2] PROGMEM = {
    0x29, 0x29,
};

static const struct mf_bwfont_char_range_s mf_bwfont_Roboto_Regular40bw_char_ranges[] = {
    {
        0, /* first char */
        14, /* char count */
        0, /* offset x */
        0, /* offset y */
        7, /* height in bytes */
        51, /* height in pixels */
        0, /* width */
        mf_bwfont_Roboto_Regular40bw_glyph_widths_0, /* glyph widths */
        mf_bwfont_Roboto_Regular40bw_glyph_offsets_0, /* glyph offsets */
        mf_bwfont_Roboto_Regular40bw_glyph_data_0, /* glyph data */
    },
    {
        32, /* first char */
        95, /* char count */
        28, /* offset x */
        8, /* offset y */
        6, /* height in bytes */
        42, /* height in pixels */
        0, /* width */
        mf_bwfont_Roboto_Regular40bw_glyph_widths_1, /* glyph widths */
        mf_bwfont_Roboto_Regular40bw_glyph_offsets_1, /* glyph offsets */
        mf_bwfont_Roboto_Regular40bw_glyph_data_1, /* glyph data */
    },
    {
        160, /* first char */
        124, /* char count */
        28, /* offset x */
        4, /* offset y */
        6, /* height in bytes */
        47, /* height in pixels */
        0, /* width */
        mf_bwfont_Roboto_Regular40bw_glyph_widths_2, /* glyph widths */
        mf_bwfont_Roboto_Regular40bw_glyph_offsets_2, /* glyph offsets */
        mf_bwfont_Roboto_Regular40bw_glyph_data_2, /* glyph data */
    },
    {
        284, /* first char */
        100, /* char count */
        27, /* offset x */
        3, /* offset y */
        6, /* height in bytes */
        48, /* height in pixels */
        0, /* width */
        mf_bwfont_Roboto_Regular40bw_glyph_widths_3, /* glyph widths */
        mf_bwfont_Roboto_Regular40bw_glyph_offsets_3, /* glyph offsets */
        mf_bwfont_Roboto_Regular40bw_glyph_data_3, /* glyph data */
    },
    {
        399, /* first char */
        34, /* char count */
        28, /* offset x */
        11, /* offset y */
        5, /* height in bytes */
        38, /* height in pixels */
        0, /* width */
        mf_bwfont_Roboto_Regular40bw_glyph_widths_4, /* glyph widths */
        mf_bwfont_Roboto_Regular40bw_glyph_offsets_4, /* glyph offsets */
        mf_bwfont_Roboto_Regular40bw_glyph_data_4, /* glyph data */
    },
    {
        496, /* first char */
        16, /* char count */
        28, /* offset x */
        4, /* offset y */
        6, /* height in bytes */
        45, /* height in pixels */
        0, /* width */
        mf_bwfont_Roboto_Regular40bw_glyph_widths_5, /* glyph widths */
        mf_bwfont_Roboto_Regular40bw_glyph_offsets_5, /* glyph offsets */
        mf_bwfont_Roboto_Regular40bw_glyph_data_5, /* glyph data */
    },
    {
        536, /* first char */
        4, /* char count */
        29, /* offset x */
        13, /* offset y */
        5, /* height in bytes */
        38, /* height in pixels */
        0, /* width */
        mf_bwfont_Roboto_Regular40bw_glyph_widths_6, /* glyph widths */
        mf_bwfont_Roboto_Regular40bw_glyph_offsets_6, /* glyph offsets */
        mf_bwfont_Roboto_Regular40bw_glyph_data_6, /* glyph data */
    },
    {
        567, /* first char */
        1, /* char count */
        28, /* offset x */
        20, /* offset y */
        4, /* height in bytes */
        29, /* height in pixels */
        0, /* width */
        mf_bwfont_Roboto_Regular40bw_glyph_widths_7, /* glyph widths */
        mf_bwfont_Roboto_Regular40bw_glyph_offsets_7, /* glyph offsets */
        mf_bwfont_Roboto_Regular40bw_glyph_data_7, /* glyph data */
    },
    {
        601, /* first char */
        1, /* char count */
        31, /* offset x */
        20, /* offset y */
        3, /* height in bytes */
        21, /* height in pixels */
        0, /* width */
        mf_bwfont_Roboto_Regular40bw_glyph_widths_8, /* glyph widths */
        mf_bwfont_Roboto_Regular40bw_glyph_offsets_8, /* glyph offsets */
        mf_bwfont_Roboto_Regular40bw_glyph_data_8, /* glyph data */
    },
    {
        700, /* first char */
        34, /* char count */
        30, /* offset x */
        9, /* offset y */
        6, /* height in bytes */
        41, /* height in pixels */
        0, /* width */
        mf_bwfont_Roboto_Regular40bw_glyph_widths_9, /* glyph widths */
        mf_bwfont_Roboto_Regular40bw_glyph_offsets_9, /* glyph offsets */
        mf_bwfont_Roboto_Regular40bw_glyph_data_9, /* glyph data */
    },
    {
        755, /* first char */
        29, /* char count */
        10, /* offset x */
        9, /* offset y */
        5, /* height in bytes */
        39, /* height in pixels */
        0, /* width */
        mf_bwfont_Roboto_Regular40bw_glyph_widths_10, /* glyph widths */
        mf_bwfont_Roboto_Regular40bw_glyph_offsets_10, /* glyph offsets */
        mf_bwfont_Roboto_Regular40bw_glyph_data_10, /* glyph data */
    },
    {
        803, /* first char */
        1, /* char count */
        15, /* offset x */
        44, /* offset y */
        1, /* height in bytes */
        4, /* height in pixels */
        0, /* width */
        mf_bwfont_Roboto_Regular40bw_glyph_widths_11, /* glyph widths */
        mf_bwfont_Roboto_Regular40bw_glyph_offsets_11, /* glyph offsets */
        mf_bwfont_Roboto_Regular40bw_glyph_data_11, /* glyph data */
    },
    {
        900, /* first char */
        83, /* char count */
        27, /* offset x */
        6, /* offset y */
        6, /* height in bytes */
        44, /* height in pixels */
        0, /* width */
        mf_bwfont_Roboto_Regular40bw_glyph_widths_12, /* glyph widths */
        mf_bwfont_Roboto_Regular40bw_glyph_offsets_12, /* glyph offsets */
        mf_bwfont_Roboto_Regular40bw_glyph_data_12, /* glyph data */
    },
    {
        1024, /* first char */
        124, /* char count */
        28, /* offset x */
        3, /* offset y */
        6, /* height in bytes */
        47, /* height in pixels */
        0, /* width */
        mf_bwfont_Roboto_Regular40bw_glyph_widths_13, /* glyph widths */
        mf_bwfont_Roboto_Regular40bw_glyph_offsets_13, /* glyph offsets */
        mf_bwfont_Roboto_Regular40bw_glyph_data_13, /* glyph data */
    },
    {
        1148, /* first char */
        125, /* char count */
        0, /* offset x */
        4, /* offset y */
        6, /* height in bytes */
        46, /* height in pixels */
        0, /* width */
        mf_bwfont_Roboto_Regular40bw_glyph_widths_14, /* glyph widths */
        mf_bwfont_Roboto_Regular40bw_glyph_offsets_14, /* glyph offsets */
        mf_bwfont_Roboto_Regular40bw_glyph_data_14, /* glyph data */
    },
    {
        1273, /* first char */
        27, /* char count */
        30, /* offset x */
        11, /* offset y */
        5, /* height in bytes */
        39, /* height in pixels */
        0, /* width */
        mf_bwfont_Roboto_Regular40bw_glyph_widths_15, /* glyph widths */
        mf_bwfont_Roboto_Regular40bw_glyph_offsets_15, /* glyph offsets */
        mf_bwfont_Roboto_Regular40bw_glyph_data_15, /* glyph data */
    },
    {
        7680, /* first char */
        2, /* char count */
        30, /* offset x */
        13, /* offset y */
        5, /* height in bytes */
        35, /* height in pixels */
        0, /* width */
        mf_bwfont_Roboto_Regular40bw_glyph_widths_16, /* glyph widths */
        mf_bwfont_Roboto_Regular40bw_glyph_offsets_16, /* glyph offsets */
        mf_bwfont_Roboto_Regular40bw_glyph_data_16, /* glyph data */
    },
    {
        7742, /* first char */
        2, /* char count */
        32, /* offset x */
        5, /* offset y */
        5, /* height in bytes */
        36, /* height in pixels */
        0, /* width */
        mf_bwfont_Roboto_Regular40bw_glyph_widths_17, /* glyph widths */
        mf_bwfont_Roboto_Regular40bw_glyph_offsets_17, /* glyph offsets */
        mf_bwfont_Roboto_Regular40bw_glyph_data_17, /* glyph data */
    },
    {
        7808, /* first char */
        6, /* char count */
        30, /* offset x */
        5, /* offset y */
        5, /* height in bytes */
        36, /* height in pixels */
        0, /* width */
        mf_bwfont_Roboto_Regular40bw_glyph_widths_18, /* glyph widths */
        mf_bwfont_Roboto_Regular40bw_glyph_offsets_18, /* glyph offsets */
        mf_bwfont_Roboto_Regular40bw_glyph_data_18, /* glyph data */
    },
    {
        7840, /* first char */
        90, /* char count */
        28, /* offset x */
        0, /* offset y */
        7, /* height in bytes */
        50, /* height in pixels */
        0, /* width */
        mf_bwfont_Roboto_Regular40bw_glyph_widths_19, /* glyph widths */
        mf_bwfont_Roboto_Regular40bw_glyph_offsets_19, /* glyph offsets */
        mf_bwfont_Roboto_Regular40bw_glyph_data_19, /* glyph data */
    },
    {
        8013, /* first char */
        1, /* char count */
        21, /* offset x */
        13, /* offset y */
        4, /* height in bytes */
        28, /* height in pixels */
        0, /* width */
        mf_bwfont_Roboto_Regular40bw_glyph_widths_20, /* glyph widths */
        mf_bwfont_Roboto_Regular40bw_glyph_offsets_20, /* glyph offsets */
        mf_bwfont_Roboto_Regular40bw_glyph_data_20, /* glyph data */
    },
    {
        8192, /* first char */
        69, /* char count */
        29, /* offset x */
        11, /* offset y */
        5, /* height in bytes */
        38, /* height in pixels */
        0, /* width */
        mf_bwfont_Roboto_Regular40bw_glyph_widths_21, /* glyph widths */
        mf_bwfont_Roboto_Regular40bw_glyph_offsets_21, /* glyph offsets */
        mf_bwfont_Roboto_Regular40bw_glyph_data_21, /* glyph data */
    },
    {
        8304, /* first char */
        31, /* char count */
        30, /* offset x */
        9, /* offset y */
        6, /* height in bytes */
        42, /* height in pixels */
        0, /* width */
        mf_bwfont_Roboto_Regular40bw_glyph_widths_22, /* glyph widths */
        mf_bwfont_Roboto_Regular40bw_glyph_offsets_22, /* glyph offsets */
        mf_bwfont_Roboto_Regular40bw_glyph_data_22, /* glyph data */
    },
    {
        8355, /* first char */
        27, /* char count */
        30, /* offset x */
        11, /* offset y */
        5, /* height in bytes */
        36, /* height in pixels */
        0, /* width */
        mf_bwfont_Roboto_Regular40bw_glyph_widths_23, /* glyph widths */
        mf_bwfont_Roboto_Regular40bw_glyph_offsets_23, /* glyph offsets */
        mf_bwfont_Roboto_Regular40bw_glyph_data_23, /* glyph data */
    },
    {
        8453, /* first char */
        42, /* char count */
        31, /* offset x */
        11, /* offset y */
        4, /* height in bytes */
        30, /* height in pixels */
        0, /* width */
        mf_bwfont_Roboto_Regular40bw_glyph_widths_24, /* glyph widths */
        mf_bwfont_Roboto_Regular40bw_glyph_offsets_24, /* glyph offsets */
        mf_bwfont_Roboto_Regular40bw_glyph_data_24, /* glyph data */
    },
    {
        8539, /* first char */
        4, /* char count */
        30, /* offset x */
        12, /* offset y */
        4, /* height in bytes */
        29, /* height in pixels */
        0, /* width */
        mf_bwfont_Roboto_Regular40bw_glyph_widths_25, /* glyph widths */
        mf_bwfont_Roboto_Regular40bw_glyph_offsets_25, /* glyph offsets */
        mf_bwfont_Roboto_Regular40bw_glyph_data_25, /* glyph data */
    },
    {
        8706, /* first char */
        42, /* char count */
        27, /* offset x */
        11, /* offset y */
        5, /* height in bytes */
        38, /* height in pixels */
        0, /* width */
        mf_bwfont_Roboto_Regular40bw_glyph_widths_26, /* glyph widths */
        mf_bwfont_Roboto_Regular40bw_glyph_offsets_26, /* glyph offsets */
        mf_bwfont_Roboto_Regular40bw_glyph_data_26, /* glyph data */
    },
    {
        8776, /* first char */
        1, /* char count */
        31, /* offset x */
        22, /* offset y */
        2, /* height in bytes */
        14, /* height in pixels */
        0, /* width */
        mf_bwfont_Roboto_Regular40bw_glyph_widths_27, /* glyph widths */
        mf_bwfont_Roboto_Regular40bw_glyph_offsets_27, /* glyph offsets */
        mf_bwfont_Roboto_Regular40bw_glyph_data_27, /* glyph data */
    },
    {
        8800, /* first char */
        6, /* char count */
        30, /* offset x */
        17, /* offset y */
        3, /* height in bytes */
        24, /* height in pixels */
        0, /* width */
        mf_bwfont_Roboto_Regular40bw_glyph_widths_28, /* glyph widths */
        mf_bwfont_Roboto_Regular40bw_glyph_offsets_28, /* glyph offsets */
        mf_bwfont_Roboto_Regular40bw_glyph_data_28, /* glyph data */
    },
    {
        9674, /* first char */
        1, /* char count */
        30, /* offset x */
        13, /* offset y */
        4, /* height in bytes */
        28, /* height in pixels */
        0, /* width */
        mf_bwfont_Roboto_Regular40bw_glyph_widths_29, /* glyph widths */
        mf_bwfont_Roboto_Regular40bw_glyph_offsets_29, /* glyph offsets */
        mf_bwfont_Roboto_Regular40bw_glyph_data_29, /* glyph data */
    },
    {
        60929, /* first char */
        2, /* char count */
        31, /* offset x */
        16, /* offset y */
        3, /* height in bytes */
        22, /* height in pixels */
        0, /* width */
        mf_bwfont_Roboto_Regular40bw_glyph_widths_30, /* glyph widths */
        mf_bwfont_Roboto_Regular40bw_glyph_offsets_30, /* glyph offsets */
        mf_bwfont_Roboto_Regular40bw_glyph_data_30, /* glyph data */
    },
    {
        63171, /* first char */
        1, /* char count */
        31, /* offset x */
        36, /* offset y */
        1, /* height in bytes */
        8, /* height in pixels */
        0, /* width */
        mf_bwfont_Roboto_Regular40bw_glyph_widths_31, /* glyph widths */
        mf_bwfont_Roboto_Regular40bw_glyph_offsets_31, /* glyph offsets */
        mf_bwfont_Roboto_Regular40bw_glyph_data_31, /* glyph data */
    },
    {
        64257, /* first char */
        4, /* char count */
        30, /* offset x */
        11, /* offset y */
        4, /* height in bytes */
        30, /* height in pixels */
        0, /* width */
        mf_bwfont_Roboto_Regular40bw_glyph_widths_32, /* glyph widths */
        mf_bwfont_Roboto_Regular40bw_glyph_offsets_32, /* glyph offsets */
        mf_bwfont_Roboto_Regular40bw_glyph_data_32, /* glyph data */
    },
    {
        65279, /* first char */
        1, /* char count */
        0, /* offset x */
        0, /* offset y */
        7, /* height in bytes */
        51, /* height in pixels */
        0, /* width */
        mf_bwfont_Roboto_Regular40bw_glyph_widths_33, /* glyph widths */
        mf_bwfont_Roboto_Regular40bw_glyph_offsets_33, /* glyph offsets */
        mf_bwfont_Roboto_Regular40bw_glyph_data_33, /* glyph data */
    },
    {
        65532, /* first char */
        2, /* char count */
        31, /* offset x */
        9, /* offset y */
        5, /* height in bytes */
        40, /* height in pixels */
        0, /* width */
        mf_bwfont_Roboto_Regular40bw_glyph_widths_34, /* glyph widths */
        mf_bwfont_Roboto_Regular40bw_glyph_offsets_34, /* glyph offsets */
        mf_bwfont_Roboto_Regular40bw_glyph_data_34, /* glyph data */
    },
};

const struct mf_bwfont_s mf_bwfont_Roboto_Regular40bw = {
    {
    "Roboto Regular 40",
    "Roboto_Regular40bw",
    75, /* width */
    51, /* height */
    0, /* min x advance */
    46, /* max x advance */
    29, /* baseline x */
    41, /* baseline y */
    47, /* line height */
    2, /* flags */
    65533, /* fallback character */
    &mf_bwfont_character_width,
    &mf_bwfont_render_character,
    },
    4, /* version */
    35, /* char range count */
    mf_bwfont_Roboto_Regular40bw_char_ranges,
};

#ifdef MF_INCLUDED_FONTS
/* List entry for searching fonts by name. */
static const struct mf_font_list_s mf_bwfont_Roboto_Regular40bw_listentry = {
    MF_INCLUDED_FONTS,
    (struct mf_font_s*)&mf_bwfont_Roboto_Regular40bw
};
#undef MF_INCLUDED_FONTS
#define MF_INCLUDED_FONTS (&mf_bwfont_Roboto_Regular40bw_listentry)
#endif


/* End of automatically generated font definition for Roboto_Regular40bw. */

